{"type":"FeatureCollection","metadata":{"schema_version":1,"contract":"actual-public-geometry-chunk-v1","mode":"ACTUAL","jurisdiction":"MD","tier":"detail","root_entity_id":"osm-r65344","feature_count":24,"geometry_source":"OpenStreetMap","geometry_precision":"master_coordinate_fidelity"},"features":[{"type":"Feature","properties":{"entity_id":"osm-r18966851","jurisdiction":"MD","display_name":"Palanca","display_type":"independent_village","admin_level":9,"tier":"detail","legal_registry":"CUATM","legal_id":"8526","legal_type":"independent_village","parent_catalog_id":"osm-r1706629","osm_relation_id":18966851,"legal_identity_status":"reconciled","geometry_source":"OpenStreetMap","geometry_precision":"master_coordinate_fidelity"},"geometry":{"type":"Polygon","coordinates":[[[30.0747786,46.4146302],[30.0748273,46.4145579],[30.0748431,46.414181],[30.0747979,46.4141584],[30.0748338,46.4139046],[30.0748516,46.4137797],[30.0749221,46.4137507],[30.0752425,46.4137706],[30.075466,46.4138118],[30.0754562,46.4137406],[30.0756175,46.4137189],[30.0756024,46.4136664],[30.0755728,46.413476],[30.0754927,46.4132958],[30.0754332,46.4127211],[30.075428,46.4126232],[30.0754089,46.4124557],[30.07533,46.411527],[30.0754092,46.4110934],[30.0751888,46.4106854],[30.0752419,46.4103742],[30.0753522,46.4094241],[30.0754984,46.4092791],[30.0778174,46.4094113],[30.080092,46.4095329],[30.08186,46.4096235],[30.0831373,46.4086917],[30.0834049,46.4085111],[30.083338,46.4083855],[30.0841248,46.4078414],[30.0844847,46.4075572],[30.0860646,46.4063544],[30.0868322,46.4056891],[30.0872303,46.4053344],[30.0869309,46.4051934],[30.0866378,46.4049818],[30.0865359,46.4048034],[30.0870563,46.4039815],[30.0873696,46.4036642],[30.0875433,46.4034883],[30.0877242,46.403305],[30.0878618,46.4031657],[30.087967,46.4030592],[30.0880185,46.403007],[30.0881343,46.4028897],[30.0882395,46.4027831],[30.0883727,46.4026483],[30.0884405,46.4025795],[30.0885518,46.4024814],[30.088664,46.4023823],[30.0887511,46.4023054],[30.0889662,46.4021154],[30.0890529,46.4020389],[30.089277,46.401841],[30.0894014,46.4017312],[30.0896688,46.4014951],[30.0898657,46.4013213],[30.0900553,46.4011538],[30.0901541,46.4010666],[30.090251,46.400981],[30.0903632,46.400882],[30.0904733,46.4007848],[30.0905755,46.4007182],[30.0907027,46.4006354],[30.0907444,46.4006082],[30.0910402,46.4004156],[30.0911445,46.4003477],[30.0912468,46.4002811],[30.0912927,46.4002379],[30.0913514,46.4002462],[30.0928044,46.4010036],[30.0928193,46.4008643],[30.0928413,46.40066],[30.0928486,46.400596],[30.0928798,46.4003792],[30.0928981,46.4002522],[30.0929066,46.4001933],[30.0929774,46.4000131],[30.0930161,46.3999147],[30.0930844,46.399741],[30.0931625,46.3996572],[30.0933034,46.399506],[30.0933449,46.3994614],[30.0934449,46.399354],[30.0934802,46.3993161],[30.0935458,46.3992457],[30.0935693,46.3992205],[30.0937196,46.3991022],[30.0938564,46.3989945],[30.0939287,46.3989377],[30.0940203,46.3988655],[30.094059,46.3988351],[30.0941039,46.3987998],[30.0946763,46.3984996],[30.0949167,46.3983736],[30.0952343,46.3985203],[30.0955082,46.3984145],[30.0959731,46.3981898],[30.096419,46.397921],[30.0968714,46.3983573],[30.0988913,46.4003139],[30.101007,46.4023762],[30.102511,46.4039141],[30.1047228,46.4060533],[30.1067242,46.4079436],[30.1081456,46.4093008],[30.1087894,46.4098031],[30.1097645,46.4104332],[30.1106441,46.4109266],[30.1120652,46.411539],[30.1134545,46.4119972],[30.1147226,46.4122834],[30.1163284,46.4125697],[30.1178258,46.4127016],[30.1199383,46.4125899],[30.1199384,46.4126751],[30.1200629,46.41268],[30.1200478,46.4127469],[30.1201105,46.4128134],[30.1201833,46.4129686],[30.1203252,46.4130009],[30.1205292,46.4131894],[30.1200309,46.4134636],[30.1194767,46.4135827],[30.1160489,46.4137727],[30.1154881,46.4137023],[30.1110531,46.4132136],[30.1082877,46.4128877],[30.1055873,46.4125855],[30.1056642,46.4126932],[30.105692,46.4128067],[30.1055734,46.4128879],[30.1051468,46.4134652],[30.1046693,46.4143113],[30.1045866,46.4146021],[30.1039812,46.4145228],[30.1035543,46.4145625],[30.1026687,46.4146198],[30.1012096,46.4147123],[30.0988202,46.4148577],[30.0986545,46.4148754],[30.0962715,46.4150119],[30.0950418,46.4150074],[30.0920855,46.4163447],[30.0914481,46.4154148],[30.0909032,46.4147163],[30.0904795,46.4150732],[30.0902299,46.4152042],[30.0898615,46.4154742],[30.0891415,46.4154014],[30.0891288,46.4154961],[30.0887528,46.4154873],[30.0886859,46.4155115],[30.0882494,46.4154982],[30.0881634,46.4154432],[30.087711,46.4154651],[30.0876728,46.4154122],[30.0872299,46.4153615],[30.0871853,46.4153836],[30.0868324,46.4153404],[30.08658,46.4152998],[30.0860399,46.4152698],[30.0857899,46.4152644],[30.085742,46.4151498],[30.0857388,46.4149978],[30.0854249,46.4150144],[30.0849105,46.4150175],[30.0849041,46.4151739],[30.0845874,46.4151589],[30.0840716,46.4151562],[30.0836935,46.4151385],[30.0833473,46.4151079],[30.0828779,46.4148806],[30.0825394,46.4149646],[30.0823426,46.4149973],[30.0821327,46.414991],[30.0817469,46.4149179],[30.0813709,46.4148627],[30.0811106,46.4148904],[30.0802639,46.4148738],[30.079985,46.4148317],[30.079537,46.4147433],[30.0794926,46.4148691],[30.0794243,46.4148964],[30.0791091,46.4148475],[30.0788366,46.4149194],[30.0787535,46.4149481],[30.0785928,46.4149483],[30.0783429,46.4149485],[30.0781619,46.4149391],[30.0778061,46.4149237],[30.0777224,46.4149281],[30.0774202,46.4142763],[30.0768087,46.4142185],[30.0761863,46.4145806],[30.0761005,46.4145644],[30.0759938,46.4145927],[30.0756749,46.4147683],[30.0756026,46.4145895],[30.0755589,46.4146265],[30.075476,46.4146363],[30.0753564,46.4146098],[30.0752177,46.4145748],[30.0751081,46.4146017],[30.0749008,46.4145963],[30.0747786,46.4146302]]]}},{"type":"Feature","properties":{"entity_id":"osm-r18966924","jurisdiction":"MD","display_name":"Crocmaz","display_type":"independent_village","admin_level":9,"tier":"detail","legal_registry":"CUATM","legal_id":"8518","legal_type":"independent_village","parent_catalog_id":"osm-r1706626","osm_relation_id":18966924,"legal_identity_status":"reconciled","geometry_source":"OpenStreetMap","geometry_precision":"master_coordinate_fidelity"},"geometry":{"type":"Polygon","coordinates":[[[29.973723,46.4416228],[29.9764999,46.4433047],[29.9766789,46.4431582],[29.9779417,46.4422165],[29.9782183,46.4419918],[29.9783173,46.4418845],[29.9785369,46.4416153],[29.9786366,46.4416143],[29.979611,46.4420932],[29.9796661,46.4420454],[29.9804042,46.4414147],[29.9805717,46.4415207],[29.9807334,46.4416254],[29.9808969,46.4417301],[29.9810073,46.4418008],[29.9811645,46.4419018],[29.9813094,46.4419934],[29.9814558,46.4420899],[29.9818496,46.4423313],[29.9819367,46.4423702],[29.9822288,46.4418818],[29.9822263,46.4417134],[29.982408,46.441419],[29.9829176,46.4407496],[29.9830819,46.4402426],[29.9831533,46.4401415],[29.983435,46.4398733],[29.9835722,46.4396662],[29.9837321,46.4394372],[29.9839481,46.439116],[29.9840173,46.4387687],[29.9841697,46.4388856],[29.9842968,46.4389644],[29.9845953,46.4387571],[29.9846145,46.4387435],[29.9852921,46.4391878],[29.9870768,46.4402703],[29.9928474,46.4438558],[29.9921848,46.4444489],[29.9920839,46.4444872],[29.9918219,46.4444956],[29.9907513,46.4443004],[29.9902215,46.4446702],[29.9899554,46.4444558],[29.9889949,46.4438212],[29.9884789,46.4436311],[29.9873417,46.4429781],[29.9863465,46.4423456],[29.9861328,46.4421769],[29.9860249,46.4420549],[29.9860129,46.4418819],[29.9860248,46.4417341],[29.9860917,46.4413996],[29.9861778,46.4412076],[29.9856978,46.4410209],[29.9855773,46.4411356],[29.98533,46.4409893],[29.9853992,46.4407867],[29.9855314,46.4406198],[29.9850391,46.4404097],[29.9849924,46.4403217],[29.9844919,46.4404417],[29.9848115,46.4407918],[29.9845831,46.4411464],[29.9851672,46.4414744],[29.9854661,46.442633],[29.985948,46.4437768],[29.9861302,46.4440386],[29.9859929,46.4441841],[29.9864643,46.4447368],[29.9874906,46.4452199],[29.9876722,46.4450798],[29.9886882,46.4463016],[29.9895764,46.4471687],[29.9905766,46.4485738],[29.9908659,46.4488662],[29.9910087,46.4487921],[29.991168,46.4487125],[29.9909585,46.448466],[29.9908911,46.4483261],[29.9909217,46.4483141],[29.9909636,46.4482949],[29.9909678,46.4482996],[29.9909786,46.4482947],[29.9910307,46.4482726],[29.9904514,46.4478525],[29.9904205,46.4475977],[29.9907008,46.4478282],[29.9908885,46.4478198],[29.9911878,46.4480708],[29.9916637,46.448331],[29.9938991,46.4495322],[29.9937803,46.4499226],[29.9943675,46.4500107],[29.9961555,46.4501516],[29.9964029,46.4496913],[29.9957113,46.4491719],[29.9961949,46.4489667],[29.9953804,46.4485138],[29.9949831,46.4481534],[29.9950855,46.4477242],[29.9946954,46.4473874],[29.9950923,46.4472015],[29.9947009,46.4468938],[29.9946956,46.4467128],[29.9947231,46.4465948],[29.9951112,46.4462282],[29.995186,46.4462107],[29.995288,46.4462359],[29.9958411,46.4465119],[29.99591,46.4466217],[29.9959462,46.4469022],[29.9958983,46.4471758],[29.9959017,46.4473561],[29.9961555,46.4476475],[29.996491,46.4480684],[29.996622,46.4483223],[29.9966548,46.4483618],[29.9968535,46.4486051],[29.9969437,46.4487016],[29.9970358,46.4487478],[29.9971109,46.4487904],[29.9973417,46.4489035],[29.997778,46.449088],[29.9979488,46.4491543],[29.9981512,46.449223],[29.9982627,46.4492724],[29.998412,46.449326],[29.9984501,46.4493414],[29.9985279,46.4493841],[29.9986396,46.4494416],[29.9986823,46.4494653],[29.9997604,46.449003],[29.9997174,46.4487439],[29.9992029,46.4478561],[29.9988228,46.4474436],[29.9988354,46.4473823],[29.9990047,46.4472008],[29.9990408,46.4471514],[29.9990829,46.4470774],[29.9990972,46.4469626],[29.9990761,46.4468453],[29.9990759,46.4467628],[29.9992084,46.4465344],[29.9996057,46.4459853],[30.0006497,46.4464642],[30.0009086,46.4464741],[30.0020619,46.4468335],[30.0020294,46.4470035],[30.0038397,46.4478315],[30.0045146,46.4480825],[30.0057105,46.4489122],[30.0056996,46.448945],[30.0056809,46.4489987],[30.0055785,46.4490864],[30.0054339,46.4492203],[30.0059795,46.4494413],[30.0059271,46.4496379],[30.0059019,46.4496992],[30.0057522,46.4499244],[30.0055826,46.4501122],[30.0054448,46.4502645],[30.0053167,46.4504058],[30.0052024,46.4505323],[30.0050903,46.4506562],[30.0050533,46.450697],[30.0049626,46.4507972],[30.0047431,46.4510402],[30.0045712,46.4512301],[30.0044356,46.4513801],[30.0047939,46.4515249],[30.004915,46.4515879],[30.0047705,46.4517445],[30.004383,46.4521841],[30.0055549,46.4527169],[30.005215,46.4533397],[30.0053653,46.453637],[30.0050355,46.453811],[30.0041305,46.4543271],[30.0037007,46.4545094],[30.0020831,46.455408],[30.0009349,46.4561232],[30.0001154,46.4566385],[29.9998981,46.4567949],[29.9979225,46.4581842],[29.9974609,46.4585505],[29.9972198,46.4586978],[29.9968509,46.4588938],[29.9964599,46.4591193],[29.9964052,46.4591602],[29.9960761,46.4594058],[29.99577,46.4591471],[29.995419,46.4593011],[29.9953151,46.4592028],[29.9929602,46.4607836],[29.9921977,46.4605825],[29.9911738,46.4604909],[29.9894828,46.4607614],[29.9885879,46.4609535],[29.9880991,46.4610629],[29.9866286,46.4616534],[29.9862258,46.4618109],[29.9856799,46.4620083],[29.9852347,46.4622016],[29.9847368,46.4624016],[29.9844092,46.462534],[29.9825379,46.4632989],[29.9809572,46.4637709],[29.9784312,46.4644682],[29.9772954,46.4628028],[29.9774122,46.4627661],[29.9778064,46.4626578],[29.97793,46.4626238],[29.9787735,46.4623921],[29.9787965,46.4623858],[29.9779388,46.4605898],[29.9808272,46.4599342],[29.982058,46.4595468],[29.9812539,46.4590794],[29.9796716,46.4578805],[29.9783028,46.4573356],[29.9772253,46.4566171],[29.976724,46.4565598],[29.9757949,46.4559278],[29.9756186,46.4551786],[29.9763837,46.4545752],[29.9772484,46.4546611],[29.9775238,46.4545534],[29.9777008,46.4544042],[29.977424,46.4529344],[29.9764066,46.452762],[29.9759838,46.452667],[29.9757698,46.4526035],[29.9754809,46.4524761],[29.9753699,46.4523821],[29.9748428,46.4508157],[29.9745644,46.4496698],[29.9749412,46.4493223],[29.9744591,46.4482396],[29.9738584,46.448257],[29.9728992,46.4474956],[29.9734223,46.4464738],[29.9731107,46.4459358],[29.9729565,46.4458004],[29.9724312,46.4455204],[29.9721866,46.4453159],[29.9718669,46.4451125],[29.9708011,46.4445596],[29.9705628,46.4445807],[29.9705477,46.4445633],[29.9704502,46.4444641],[29.9703621,46.444372],[29.96999,46.4439585],[29.9702971,46.4438],[29.9704469,46.4437841],[29.9711051,46.4433824],[29.9719425,46.4427598],[29.9727877,46.4421782],[29.973723,46.4416228]]]}},{"type":"Feature","properties":{"entity_id":"osm-r18967031","jurisdiction":"MD","display_name":"Marianca de Jos","display_type":"independent_village","admin_level":9,"tier":"detail","legal_registry":"CUATM","legal_id":"8524","legal_type":"independent_village","parent_catalog_id":"osm-r1706628","osm_relation_id":18967031,"legal_identity_status":"reconciled","geometry_source":"OpenStreetMap","geometry_precision":"master_coordinate_fidelity"},"geometry":{"type":"Polygon","coordinates":[[[29.5981453,46.5198589],[29.5983859,46.5200252],[29.5988903,46.5203411],[29.5996313,46.5199672],[29.6000663,46.5196885],[29.600248,46.5195467],[29.600426,46.5193316],[29.6006216,46.5191444],[29.6005752,46.5191218],[29.6007396,46.5189487],[29.6007619,46.5189616],[29.6010149,46.5188163],[29.6013748,46.5184993],[29.6016517,46.5182825],[29.6016353,46.5182715],[29.6018172,46.5181168],[29.60216,46.5177474],[29.6027949,46.5171304],[29.6032387,46.5166686],[29.6039117,46.5160419],[29.6039767,46.5159691],[29.6042668,46.5156625],[29.6043245,46.5155692],[29.6046022,46.5153382],[29.6048887,46.5152619],[29.6050487,46.5151518],[29.6051682,46.515012],[29.6053983,46.5148483],[29.6054656,46.5148759],[29.6059004,46.5145083],[29.6062288,46.5142804],[29.6063017,46.5143334],[29.6061901,46.5144476],[29.6063623,46.5146887],[29.6066463,46.5147806],[29.6065423,46.515034],[29.6066555,46.5151316],[29.6059702,46.5159505],[29.6061332,46.5159427],[29.606624,46.5160594],[29.6068359,46.5161444],[29.6071187,46.5162766],[29.6075893,46.516544],[29.6077187,46.5167186],[29.6077636,46.5166604],[29.6088188,46.5152473],[29.6089488,46.5150732],[29.6092228,46.5147153],[29.6096676,46.5141345],[29.6100216,46.5136722],[29.6106731,46.5128378],[29.6107574,46.512858],[29.6113992,46.5131138],[29.6115188,46.5131614],[29.6112784,46.5135821],[29.6115256,46.5136655],[29.6113355,46.5140531],[29.6114085,46.5140779],[29.611343,46.5143647],[29.6112137,46.5145629],[29.6110883,46.5145125],[29.6110144,46.5146066],[29.6108271,46.5148904],[29.6105895,46.515186],[29.6103363,46.515442],[29.6104038,46.5154642],[29.6101538,46.5156672],[29.6100178,46.5159791],[29.6098676,46.5161968],[29.6097656,46.5163918],[29.6096449,46.5166884],[29.6094391,46.5170462],[29.6094166,46.517083],[29.609389,46.5171284],[29.6092507,46.5173443],[29.6097876,46.51751],[29.6104566,46.5177543],[29.6102556,46.5180983],[29.6100106,46.5184423],[29.6096366,46.5189729],[29.6088053,46.5201449],[29.6079347,46.5214333],[29.6075021,46.5220503],[29.6069966,46.5227954],[29.6068393,46.5231292],[29.6066821,46.5233698],[29.6062045,46.5240528],[29.6058956,46.5245185],[29.6055023,46.524957],[29.6049347,46.5253878],[29.6044285,46.5257006],[29.6041308,46.5258594],[29.6034713,46.5260651],[29.6023759,46.5260317],[29.6023272,46.5260224],[29.6022758,46.5260126],[29.6022482,46.5260073],[29.6018984,46.5259406],[29.6015458,46.5257805],[29.6008382,46.5254567],[29.6005149,46.5257462],[29.6004014,46.5258607],[29.6000587,46.5262062],[29.5999453,46.5262458],[29.5996876,46.5263357],[29.5993852,46.5262884],[29.5987765,46.5260282],[29.5986576,46.5261909],[29.5984718,46.5264453],[29.5982857,46.5267001],[29.5980992,46.5269554],[29.5979124,46.5272112],[29.5977238,46.5274669],[29.5975299,46.5277209],[29.5973361,46.5279746],[29.5971424,46.5282283],[29.5969488,46.5284817],[29.5967698,46.5287406],[29.5965983,46.5290045],[29.5964254,46.5292705],[29.5962503,46.52954],[29.5961771,46.5295439],[29.5919387,46.5280996],[29.5920106,46.5277592],[29.5922129,46.5275109],[29.5927076,46.5272004],[29.5936744,46.5266805],[29.5943265,46.5263235],[29.5948155,46.5261294],[29.595245,46.5256747],[29.5945823,46.5252168],[29.5943946,46.5250871],[29.5943122,46.5249671],[29.5944157,46.5248639],[29.5945417,46.524753],[29.594662,46.5246472],[29.594767,46.5245548],[29.5948087,46.5245254],[29.595756,46.52386],[29.5961573,46.5236266],[29.5967917,46.52329],[29.596584,46.523057],[29.5964178,46.5229211],[29.5963027,46.522827],[29.5962215,46.5227605],[29.5961113,46.5226838],[29.5960074,46.5226127],[29.5961946,46.5225183],[29.5963089,46.5224417],[29.5963891,46.522308],[29.5965799,46.5221863],[29.5968417,46.5220196],[29.5971659,46.5218261],[29.5974494,46.521602],[29.5976897,46.5214172],[29.5980376,46.5212029],[29.5980723,46.5211975],[29.5984038,46.5210276],[29.5983543,46.5209628],[29.5985143,46.5208402],[29.5985997,46.5207543],[29.5976954,46.5202475],[29.5981453,46.5198589]]]}},{"type":"Feature","properties":{"entity_id":"osm-r18967048","jurisdiction":"MD","display_name":"Antonești","display_type":"independent_village","admin_level":9,"tier":"detail","legal_registry":"CUATM","legal_id":"8512","legal_type":"independent_village","parent_catalog_id":"osm-r1811531","osm_relation_id":18967048,"legal_identity_status":"reconciled","geometry_source":"OpenStreetMap","geometry_precision":"master_coordinate_fidelity"},"geometry":{"type":"Polygon","coordinates":[[[29.8381763,46.4971365],[29.8382751,46.4970075],[29.8383334,46.4969274],[29.8384367,46.4967712],[29.8386105,46.4964979],[29.8386603,46.4964196],[29.8387069,46.4963358],[29.8387505,46.4963478],[29.8392192,46.495558],[29.8393795,46.4953512],[29.8396457,46.4949519],[29.8398355,46.4946736],[29.8400326,46.4943513],[29.8403104,46.4939107],[29.840331,46.49388],[29.8402509,46.4937931],[29.840196,46.4937413],[29.8401921,46.4935077],[29.8402042,46.4933391],[29.8403055,46.4931671],[29.8403212,46.4931359],[29.8403767,46.4930202],[29.8404133,46.4929458],[29.8405113,46.4927745],[29.8405731,46.4926665],[29.8406539,46.4925518],[29.8406884,46.4924582],[29.8407213,46.4923977],[29.8407414,46.4923742],[29.8407662,46.4923608],[29.8407897,46.4923451],[29.8408039,46.4923226],[29.8408929,46.4921496],[29.8409741,46.4919292],[29.84102,46.4918421],[29.8410622,46.491762],[29.8411924,46.4915151],[29.8412363,46.4914355],[29.8413577,46.4912257],[29.8413797,46.4911876],[29.8414655,46.4910393],[29.8416075,46.4907941],[29.8417457,46.4905559],[29.84195,46.4902003],[29.8420738,46.4899748],[29.8421138,46.4899019],[29.8422192,46.4897115],[29.8423673,46.4894469],[29.8424076,46.4893749],[29.8424651,46.4892686],[29.8425281,46.4891483],[29.8426558,46.4889049],[29.8427043,46.4888123],[29.8427399,46.4887352],[29.8429528,46.4887848],[29.8433865,46.4888737],[29.843553,46.4888497],[29.8435228,46.4887664],[29.8435314,46.4885493],[29.8435399,46.4883589],[29.8435528,46.4881091],[29.8435958,46.4878533],[29.8436216,46.487654],[29.843656,46.4874934],[29.8437937,46.4871603],[29.8438282,46.4870919],[29.8443494,46.4871871],[29.8448232,46.4872733],[29.8454262,46.4873685],[29.845694,46.4873983],[29.8460266,46.4874036],[29.8475083,46.4874679],[29.8476661,46.487473],[29.8476607,46.4873599],[29.8476637,46.4871117],[29.8477279,46.486868],[29.8478641,46.4866316],[29.8479478,46.4864846],[29.8480093,46.4863319],[29.8481498,46.4860478],[29.8482793,46.4857722],[29.8483736,46.4856222],[29.8484374,46.4854781],[29.8486212,46.4851108],[29.848723,46.4849008],[29.8487883,46.4847515],[29.8488501,46.4845945],[29.8489369,46.4844288],[29.8489838,46.4843487],[29.8490067,46.484296],[29.8490525,46.4841966],[29.8491892,46.4839274],[29.850349,46.4842793],[29.8504576,46.4843301],[29.8507551,46.4843795],[29.8507882,46.4843543],[29.8508553,46.4843199],[29.8509932,46.4843285],[29.8511389,46.484362],[29.8512098,46.4843874],[29.8512539,46.4844145],[29.8512814,46.4844797],[29.8513751,46.4845859],[29.8515027,46.4846963],[29.8520986,46.4848636],[29.8531589,46.4851255],[29.8532424,46.4851478],[29.8544442,46.4854525],[29.8544911,46.4854567],[29.8550096,46.4849642],[29.8553594,46.4846652],[29.8556185,46.484446],[29.8563078,46.4848113],[29.8563649,46.4848398],[29.8558311,46.485283],[29.8554781,46.4857232],[29.8553371,46.4859014],[29.8548205,46.4864309],[29.8544072,46.4868116],[29.854235,46.4869484],[29.8539336,46.4872459],[29.8537269,46.4874005],[29.8535372,46.487591],[29.8537353,46.4877308],[29.8539448,46.4879111],[29.8546802,46.48864],[29.8552919,46.4892464],[29.8553219,46.4892761],[29.8556713,46.4897436],[29.8559614,46.4901316],[29.856026,46.4902179],[29.8573795,46.4911474],[29.8572776,46.4912192],[29.8571527,46.4913292],[29.8570364,46.4914125],[29.8568125,46.4914631],[29.8566098,46.491509],[29.8566477,46.4915565],[29.8566515,46.4915919],[29.8564643,46.491896],[29.856339,46.4920934],[29.8562292,46.4922669],[29.8561144,46.4924423],[29.8562536,46.4925184],[29.85699,46.4926585],[29.8565284,46.493824],[29.8564218,46.4939961],[29.8550957,46.495527],[29.8547835,46.4959025],[29.8547519,46.4960198],[29.8547148,46.4960818],[29.8546698,46.4961498],[29.8546157,46.4962295],[29.8545135,46.4963661],[29.8543656,46.4965554],[29.8542636,46.4966861],[29.8541456,46.4968298],[29.8540009,46.497031],[29.8538564,46.4972297],[29.8537507,46.4973551],[29.8536368,46.4975135],[29.8535139,46.4976491],[29.8533026,46.4977954],[29.8531819,46.4979607],[29.8530189,46.4981696],[29.852681,46.498612],[29.8523655,46.498558],[29.8525842,46.4988444],[29.8525243,46.4989289],[29.8524303,46.4990617],[29.8523165,46.4992222],[29.8522613,46.4993002],[29.8521031,46.4995235],[29.8520436,46.4996264],[29.8520009,46.4997012],[29.8518049,46.5000446],[29.8517035,46.5002217],[29.8515172,46.5005022],[29.851312,46.5008084],[29.8512682,46.5008713],[29.8511689,46.5009999],[29.8511091,46.5010759],[29.8510864,46.5011047],[29.851035,46.5011936],[29.8509652,46.5013142],[29.850876,46.5014685],[29.850733,46.5017155],[29.8506012,46.5019434],[29.8505577,46.5020185],[29.8505852,46.5021845],[29.850626,46.5024026],[29.8506614,46.5026107],[29.8506997,46.5028231],[29.8507367,46.5030417],[29.8507751,46.5032604],[29.8508127,46.5034791],[29.8508508,46.5036987],[29.8508884,46.5039096],[29.8514698,46.503855],[29.8515882,46.5038439],[29.8516442,46.5038682],[29.8517497,46.5039236],[29.8517414,46.5039638],[29.8517478,46.5039972],[29.8517591,46.5040559],[29.8517865,46.5041979],[29.8518163,46.504352],[29.8518411,46.5044808],[29.8518484,46.5045186],[29.8518551,46.5045535],[29.8518684,46.5046224],[29.8518873,46.5047204],[29.8518959,46.5047646],[29.8519039,46.5048095],[29.8519142,46.5048844],[29.8519247,46.504961],[29.8519354,46.5050392],[29.8519458,46.5051154],[29.8519548,46.5051813],[29.8519634,46.5052444],[29.851974,46.5053214],[29.8519778,46.5053492],[29.851984,46.5053944],[29.8519932,46.5054621],[29.8520068,46.5055583],[29.8520226,46.5056438],[29.852039,46.5057322],[29.8520459,46.5057693],[29.8520538,46.505812],[29.8520609,46.5058504],[29.852072,46.5059101],[29.8520874,46.5059928],[29.8521054,46.5060901],[29.8521446,46.5063014],[29.8521608,46.5063887],[29.8521765,46.5064735],[29.8521971,46.5065845],[29.8522679,46.5069159],[29.8523436,46.5072603],[29.8516516,46.5073096],[29.8516605,46.5073594],[29.851689,46.5075192],[29.8516907,46.5075274],[29.8517688,46.5079655],[29.851785,46.5080556],[29.8518094,46.5081908],[29.8518388,46.5083555],[29.851849,46.5084127],[29.8518873,46.5086253],[29.851928,46.5088517],[29.8519684,46.50908],[29.8519977,46.5092882],[29.8520301,46.5095367],[29.8520929,46.5100689],[29.8519586,46.5101878],[29.8518311,46.5102624],[29.8515117,46.5104157],[29.8512358,46.5102492],[29.8506324,46.5098388],[29.8501669,46.50947],[29.8498911,46.5092261],[29.8495548,46.508893],[29.8494255,46.5086492],[29.8493219,46.5082447],[29.8491752,46.5076261],[29.8490371,46.5070253],[29.8488904,46.5062877],[29.8487264,46.5055679],[29.8485624,46.5048184],[29.8484074,46.5042211],[29.8482049,46.5042579],[29.8481319,46.5042586],[29.848101,46.5042479],[29.848016,46.5040491],[29.8479247,46.5040655],[29.8476783,46.5041167],[29.8475933,46.5040807],[29.8475824,46.5040527],[29.846623,46.5042675],[29.8465151,46.5041244],[29.8464578,46.504135],[29.8463549,46.5039764],[29.8462679,46.5038433],[29.8461822,46.5037183],[29.8460758,46.5035927],[29.8459648,46.5034611],[29.8459039,46.5034771],[29.8456887,46.5036048],[29.8457436,46.5037462],[29.845724,46.5038848],[29.8457946,46.5040348],[29.8458387,46.5041212],[29.8459037,46.5042258],[29.8458956,46.5045838],[29.8457219,46.5046554],[29.8449813,46.5048731],[29.8448069,46.5048947],[29.8446609,46.5049372],[29.8445808,46.504829],[29.8445456,46.5047809],[29.8443008,46.5045408],[29.8442797,46.5045045],[29.8441802,46.5043216],[29.8440237,46.5043242],[29.8438046,46.5042345],[29.8437868,46.5041984],[29.8437523,46.5041944],[29.84316,46.5040375],[29.8428036,46.5040191],[29.8427207,46.5040025],[29.8426583,46.5040175],[29.8425668,46.5040079],[29.842419,46.5039652],[29.8423964,46.5040027],[29.8423881,46.5040006],[29.8423251,46.5041126],[29.8420391,46.5045421],[29.8416974,46.504393],[29.8414319,46.504277],[29.8411697,46.5041642],[29.840909,46.5040503],[29.8406435,46.5039354],[29.8403828,46.5038215],[29.8401238,46.5037097],[29.8397963,46.5035674],[29.8393749,46.5033753],[29.8395895,46.5031036],[29.8398354,46.5028208],[29.8398865,46.5027932],[29.8400022,46.5027786],[29.8402186,46.5027374],[29.8401476,46.5026942],[29.8399707,46.5025028],[29.8399651,46.5023549],[29.8398965,46.5023261],[29.839874,46.5023044],[29.8400666,46.5021317],[29.8399763,46.5021024],[29.8401357,46.5019074],[29.8402536,46.5017634],[29.8403485,46.5017946],[29.8403837,46.501817],[29.8405777,46.5015835],[29.8404577,46.5015403],[29.8407194,46.5012015],[29.8407916,46.5010444],[29.8402623,46.500809],[29.8402446,46.5007932],[29.8402423,46.5007474],[29.8402669,46.5007067],[29.8403988,46.5005616],[29.8405381,46.5004104],[29.840604,46.5003687],[29.8406803,46.5002714],[29.8403645,46.5002317],[29.8405142,46.499864],[29.8403422,46.4998342],[29.8400656,46.4997964],[29.8398202,46.4997275],[29.8396886,46.4996687],[29.8395576,46.4997824],[29.8395592,46.4999832],[29.8397601,46.5001094],[29.8399721,46.5002214],[29.839975,46.5002531],[29.8399428,46.5003155],[29.839807,46.5005072],[29.8397175,46.5006278],[29.839567,46.5005789],[29.8394831,46.5007732],[29.8394046,46.5009552],[29.8392419,46.5011242],[29.8391539,46.5012331],[29.8390823,46.5012203],[29.8389307,46.5014493],[29.8387714,46.5017662],[29.8386874,46.5018913],[29.8384413,46.5018162],[29.8383559,46.5019619],[29.8375871,46.501786],[29.8375918,46.5017801],[29.8375454,46.5017659],[29.8375271,46.5017348],[29.8372459,46.5016337],[29.8371205,46.5017648],[29.8368834,46.50169],[29.8365808,46.5021149],[29.8360155,46.5019001],[29.8358386,46.5018343],[29.8351759,46.5015514],[29.8346798,46.501336],[29.8343325,46.5011261],[29.8342322,46.5010364],[29.8342316,46.5009046],[29.835075,46.4987431],[29.835185,46.4985458],[29.8363835,46.4983013],[29.8376507,46.4981497],[29.8377293,46.498143],[29.8377646,46.49814],[29.8377655,46.4981204],[29.837773,46.4980592],[29.837792,46.4980158],[29.8381536,46.4971884],[29.8381763,46.4971365]]]}},{"type":"Feature","properties":{"entity_id":"osm-r18967124","jurisdiction":"MD","display_name":"Tudora","display_type":"independent_village","admin_level":9,"tier":"detail","legal_registry":"CUATM","legal_id":"8536","legal_type":"independent_village","parent_catalog_id":"osm-r1706632","osm_relation_id":18967124,"legal_identity_status":"reconciled","geometry_source":"OpenStreetMap","geometry_precision":"master_coordinate_fidelity"},"geometry":{"type":"Polygon","coordinates":[[[30.0531616,46.4237636],[30.0537294,46.424089],[30.0542462,46.4243852],[30.0550824,46.4248644],[30.0553296,46.4249465],[30.0557356,46.425738],[30.0557814,46.4258885],[30.0558295,46.426039],[30.0558666,46.4260593],[30.0558496,46.4260773],[30.0559914,46.4260635],[30.0560251,46.4262302],[30.0560662,46.4263659],[30.0561356,46.426595],[30.0555648,46.4265903],[30.0553939,46.4265165],[30.0553258,46.4265082],[30.0553649,46.4267388],[30.055397,46.4268518],[30.0554131,46.4269384],[30.0554955,46.4269481],[30.0554892,46.4269707],[30.0554645,46.4270594],[30.0554566,46.4270879],[30.0553473,46.4270962],[30.055266,46.4272912],[30.0552481,46.427519],[30.0552313,46.4277472],[30.0552226,46.4279796],[30.0553642,46.4279881],[30.0553537,46.4281939],[30.0552753,46.4281944],[30.055241,46.4282543],[30.055416,46.4282991],[30.0553396,46.4284439],[30.0551144,46.4288978],[30.0550943,46.4288845],[30.054723,46.4288056],[30.0545069,46.4289458],[30.0545766,46.4290276],[30.0545746,46.4291623],[30.0545753,46.429396],[30.0546195,46.4294215],[30.0545926,46.429603],[30.0545459,46.4298236],[30.0546354,46.4298327],[30.0546264,46.4299736],[30.0545935,46.4301858],[30.0544247,46.4301631],[30.0544088,46.4303254],[30.0544043,46.4304841],[30.0543864,46.4305102],[30.0543659,46.4306158],[30.0543444,46.4306799],[30.0542993,46.4306826],[30.0543067,46.4307828],[30.0543189,46.4308357],[30.0543183,46.4309114],[30.0542396,46.4310797],[30.0543058,46.4310976],[30.0542287,46.4312947],[30.0542834,46.4313136],[30.0542169,46.4314233],[30.0541929,46.4316175],[30.0542478,46.4316604],[30.0543086,46.4316901],[30.0544047,46.4316893],[30.054432,46.431711],[30.0544532,46.4317639],[30.0544287,46.4318826],[30.0544441,46.4318871],[30.0544232,46.4320413],[30.0544124,46.4321206],[30.0544286,46.4321207],[30.0543968,46.4323319],[30.0543881,46.4324865],[30.0543744,46.4327136],[30.0543673,46.432836],[30.0543673,46.4330228],[30.0543674,46.4332292],[30.054379,46.4334012],[30.0543886,46.4335446],[30.0543977,46.4336642],[30.0543596,46.4337387],[30.0543935,46.4338932],[30.0544646,46.4343268],[30.0545442,46.434712],[30.0545958,46.4350084],[30.0546007,46.4350596],[30.0546261,46.435204],[30.0549648,46.4357361],[30.0550037,46.4359323],[30.0549495,46.4360608],[30.0549115,46.4361508],[30.0549045,46.43617],[30.0548765,46.4362104],[30.0549266,46.4362501],[30.0549526,46.4362804],[30.0554116,46.4364407],[30.0554116,46.43648],[30.0553337,46.4365743],[30.0555452,46.4367695],[30.0534383,46.4382007],[30.0530915,46.438425],[30.0521135,46.4391015],[30.0515364,46.439505],[30.0510943,46.4397875],[30.050511,46.4400806],[30.0486935,46.440979],[30.0476895,46.4414653],[30.0474316,46.4416034],[30.0473596,46.4416853],[30.0471717,46.4417253],[30.0470941,46.4417516],[30.0474001,46.4429813],[30.0455144,46.4429476],[30.0454712,46.4426631],[30.0453263,46.4426581],[30.0451096,46.4426546],[30.0451102,46.4426843],[30.0443899,46.4426342],[30.0435779,46.4427233],[30.04349,46.4427398],[30.0433904,46.4427416],[30.0433768,46.4427202],[30.0432388,46.4427057],[30.0432006,46.4427011],[30.0431911,46.4427],[30.0431774,46.4426983],[30.0430526,46.4426818],[30.0429498,46.4426832],[30.0428772,46.4426795],[30.0427686,46.4426925],[30.042671,46.4426793],[30.0425218,46.4426592],[30.0422945,46.4426335],[30.0419991,46.4426001],[30.042009,46.4425493],[30.041616,46.4425072],[30.0415075,46.4424851],[30.0414263,46.4424986],[30.0412241,46.4424768],[30.0411219,46.4424577],[30.040662,46.442381],[30.0401747,46.4423089],[30.0401568,46.4423066],[30.04,46.4422862],[30.0395726,46.4422244],[30.0392647,46.4421751],[30.0384518,46.4420875],[30.0380727,46.4420506],[30.0380411,46.4420476],[30.037362,46.4419619],[30.0373262,46.4419482],[30.0369138,46.4418672],[30.036486,46.4417832],[30.0362891,46.4417878],[30.0361344,46.4417599],[30.0359647,46.4417625],[30.0357748,46.4417359],[30.0357462,46.4416683],[30.033825,46.4413012],[30.0336199,46.4412976],[30.0335906,46.4412268],[30.0335056,46.4412176],[30.0334988,46.4414482],[30.0331885,46.4414637],[30.0329899,46.4414257],[30.0329994,46.4412709],[30.0325036,46.4412549],[30.032441,46.4412262],[30.0324049,46.4412146],[30.0323486,46.4412114],[30.0323055,46.4412412],[30.032274,46.4412433],[30.0320563,46.441215],[30.0318731,46.4411949],[30.0316204,46.4411448],[30.0316038,46.4411912],[30.0315806,46.4414057],[30.0310683,46.441324],[30.0308781,46.4413536],[30.0307572,46.4413497],[30.0303571,46.4413507],[30.0303402,46.441365],[30.0303402,46.4413656],[30.030074,46.4413586],[30.029927,46.4413475],[30.029843,46.4413412],[30.0294082,46.4413013],[30.0292534,46.4413028],[30.0291624,46.4413044],[30.0289048,46.4413099],[30.028882,46.4413092],[30.0284472,46.4413267],[30.028086,46.4413254],[30.0277313,46.4413226],[30.0272704,46.4413464],[30.0268767,46.4412094],[30.0268243,46.4407764],[30.0264228,46.4406071],[30.0263888,46.4404441],[30.0265858,46.4404332],[30.0265826,46.4402014],[30.0268944,46.4402047],[30.0271945,46.4401577],[30.0271869,46.4401102],[30.0271851,46.4400986],[30.0273612,46.4400793],[30.0273628,46.4400909],[30.0277132,46.4400688],[30.0279371,46.4401678],[30.0281668,46.440199],[30.0282152,46.4398613],[30.0281543,46.4398522],[30.0279398,46.439691],[30.0284342,46.4388681],[30.0284629,46.4388165],[30.0277652,46.4385244],[30.0277304,46.4384865],[30.0277163,46.4384045],[30.0277726,46.4383185],[30.0281501,46.4379317],[30.0282251,46.437878],[30.0282803,46.4378166],[30.02854,46.4374568],[30.0286713,46.437244],[30.0288163,46.4370327],[30.0289649,46.4367857],[30.0291036,46.4365968],[30.0291341,46.436486],[30.029112,46.4363503],[30.0290643,46.4361762],[30.0291331,46.4360584],[30.0292874,46.4357983],[30.0294676,46.4355243],[30.029577,46.4353376],[30.0295388,46.4353245],[30.0296709,46.4350944],[30.0297465,46.434963],[30.029806,46.4348597],[30.0300138,46.4345117],[30.0300368,46.4345141],[30.0301782,46.4342548],[30.0301518,46.4342458],[30.0308192,46.4329998],[30.0307613,46.4327991],[30.0306847,46.4325339],[30.0307108,46.4324818],[30.0308435,46.4323367],[30.0312566,46.4319838],[30.0316917,46.4316288],[30.0322222,46.4312415],[30.032369,46.4311605],[30.0330687,46.4314064],[30.0330576,46.4313495],[30.0333513,46.4310019],[30.0334023,46.4310124],[30.0335471,46.4309519],[30.0337955,46.4307402],[30.0339938,46.4308019],[30.0340227,46.430772],[30.0350303,46.4297153],[30.0351252,46.4296407],[30.0352383,46.4296768],[30.0359605,46.4299765],[30.0362032,46.4300585],[30.0362526,46.4300699],[30.0374435,46.4303454],[30.0374398,46.430355],[30.03792,46.4304209],[30.037951,46.430381],[30.0382744,46.4300875],[30.0385095,46.4298056],[30.0386674,46.4296154],[30.0386896,46.4296226],[30.0394317,46.4298729],[30.0394046,46.4298988],[30.0398298,46.4300152],[30.0400486,46.4300805],[30.0403123,46.4301552],[30.0406664,46.4294719],[30.0408523,46.4291801],[30.0413417,46.4292872],[30.0414182,46.4291542],[30.0415209,46.4289486],[30.041752,46.4289517],[30.0421778,46.4289351],[30.0425574,46.4289027],[30.0428979,46.4288482],[30.0439258,46.4287673],[30.0444991,46.428724],[30.0455733,46.4286452],[30.0462202,46.428626],[30.0462467,46.4286248],[30.0462814,46.4283554],[30.0463889,46.4282805],[30.0463901,46.4281973],[30.0464734,46.4278931],[30.0465135,46.4278186],[30.0464452,46.4277232],[30.0486809,46.4280169],[30.0505594,46.4282701],[30.0505322,46.4281823],[30.0508988,46.4269752],[30.0508928,46.4269159],[30.0510991,46.4262483],[30.0511413,46.4259722],[30.0514561,46.4259831],[30.0514896,46.4259044],[30.0516958,46.4259151],[30.0518831,46.4259425],[30.0521271,46.4259486],[30.0523465,46.4260019],[30.0524273,46.4260084],[30.0524108,46.4257452],[30.0524178,46.4254234],[30.0524264,46.4250392],[30.0524535,46.4247459],[30.0525085,46.4244191],[30.0525336,46.4242123],[30.0528969,46.4242393],[30.0528938,46.424075],[30.0529805,46.4239269],[30.0531176,46.4238097],[30.0531616,46.4237636]]]}},{"type":"Feature","properties":{"entity_id":"osm-r18967147","jurisdiction":"MD","display_name":"Popeasca","display_type":"independent_village","admin_level":9,"tier":"detail","legal_registry":"CUATM","legal_id":"8527","legal_type":"independent_village","parent_catalog_id":"osm-r1706630","osm_relation_id":18967147,"legal_identity_status":"reconciled","geometry_source":"OpenStreetMap","geometry_precision":"master_coordinate_fidelity"},"geometry":{"type":"Polygon","coordinates":[[[29.5238468,46.5928666],[29.5235908,46.5928349],[29.5255763,46.5914678],[29.5273309,46.590462],[29.5276007,46.5910381],[29.5276526,46.5911136],[29.5283656,46.5921519],[29.5288107,46.5922563],[29.5293134,46.5920678],[29.529769,46.591897],[29.5301291,46.5917997],[29.5302782,46.5917595],[29.5312817,46.591432],[29.5318075,46.5912653],[29.5322606,46.5911216],[29.5325364,46.5912107],[29.5332167,46.5913524],[29.5354068,46.5918083],[29.5350566,46.5912865],[29.539604,46.5897496],[29.5433745,46.5885231],[29.5445341,46.5887403],[29.5443541,46.5893224],[29.5448609,46.5901994],[29.5458969,46.5914412],[29.5463586,46.5922095],[29.54637,46.592846],[29.5462463,46.5932806],[29.5466282,46.5946096],[29.5466089,46.5951584],[29.5466454,46.595286],[29.5466587,46.5953325],[29.5467704,46.5957197],[29.5469939,46.5963633],[29.5471533,46.5970651],[29.547299,46.5977067],[29.547415,46.597745],[29.5480241,46.5979459],[29.5486512,46.5981527],[29.5492972,46.5983657],[29.5495879,46.5984616],[29.5499345,46.5985759],[29.5502351,46.5987122],[29.550853,46.5989924],[29.5514697,46.599272],[29.5517943,46.5994193],[29.5520464,46.5995822],[29.551979,46.5998228],[29.5518327,46.6000091],[29.55154,46.6001722],[29.5509208,46.6003585],[29.5501552,46.6005255],[29.5495416,46.6005334],[29.5488829,46.6004636],[29.5481398,46.6004288],[29.5477063,46.6005647],[29.547881,46.6010498],[29.5478529,46.6011041],[29.5475039,46.6012827],[29.547538,46.6013817],[29.547474,46.6022532],[29.547362,46.6023493],[29.5472301,46.6024398],[29.5472054,46.6024685],[29.546819,46.6025618],[29.5468504,46.6026161],[29.5467343,46.6026537],[29.5465398,46.6027253],[29.5461853,46.6028298],[29.5461598,46.602835],[29.5459809,46.6028199],[29.5459071,46.6028051],[29.5458606,46.6027897],[29.5458249,46.6027647],[29.5456657,46.6027917],[29.5455487,46.6030439],[29.5454921,46.6031162],[29.5453749,46.603357],[29.5451226,46.6036747],[29.5450409,46.6037929],[29.5448453,46.6040492],[29.5446443,46.6044039],[29.5441011,46.6050336],[29.543964,46.6049978],[29.5438528,46.6049858],[29.5437852,46.6049722],[29.5436877,46.6049661],[29.5435302,46.6053891],[29.5434233,46.6057927],[29.5432826,46.6059208],[29.5431644,46.6063554],[29.5430125,46.6067086],[29.5428605,46.6068871],[29.5427141,46.6069492],[29.5424439,46.6070424],[29.5421624,46.607023],[29.5419484,46.6069571],[29.5417682,46.606864],[29.5414866,46.6064681],[29.5412783,46.6061965],[29.5408898,46.6065807],[29.5407266,46.6067825],[29.5406478,46.6069029],[29.5404338,46.6069921],[29.540203,46.6071784],[29.5402087,46.6075937],[29.5402425,46.6077567],[29.5403045,46.6078847],[29.540434,46.6079934],[29.5405129,46.6080943],[29.5405805,46.6083116],[29.5406593,46.6084241],[29.5407719,46.6085211],[29.5409859,46.6086647],[29.5410547,46.6088314],[29.5412298,46.6091796],[29.5413494,46.6092563],[29.5413595,46.6092953],[29.5413726,46.6093841],[29.5414478,46.6095262],[29.5413689,46.6095534],[29.5412057,46.6095573],[29.5410592,46.6094409],[29.5406707,46.6092624],[29.5405299,46.6091305],[29.5403047,46.6090606],[29.5400063,46.6090762],[29.5397473,46.6091654],[29.5393644,46.6093129],[29.5389647,46.6095691],[29.5387113,46.6095536],[29.5386606,46.6094294],[29.5386043,46.6090685],[29.5382889,46.6090879],[29.5378554,46.6087814],[29.5377202,46.6085834],[29.5374764,46.6084242],[29.537503,46.6082883],[29.5375234,46.6081349],[29.5375299,46.6080916],[29.5375011,46.6078671],[29.537374,46.6077813],[29.537281,46.6078461],[29.5370839,46.6081643],[29.5369512,46.6083438],[29.5370104,46.6083944],[29.5371011,46.6084552],[29.5371945,46.6084957],[29.5372179,46.6085804],[29.5372348,46.6085905],[29.5372902,46.608767],[29.5372018,46.6092067],[29.5372868,46.6092664],[29.5373697,46.6093695],[29.5374785,46.6097466],[29.5375101,46.6098483],[29.5375793,46.6101037],[29.5378827,46.6100543],[29.5379399,46.610063],[29.5379703,46.6101346],[29.5380306,46.610322],[29.5381134,46.6104936],[29.5381876,46.6105553],[29.5382503,46.6106066],[29.5385243,46.6110182],[29.5385649,46.6110542],[29.5386398,46.6113192],[29.538642,46.611397],[29.5386195,46.6114118],[29.5385996,46.6118181],[29.5385764,46.6119235],[29.5384863,46.6121538],[29.538351,46.612239],[29.5384217,46.612322],[29.5385128,46.6125477],[29.5386564,46.6130071],[29.5383431,46.61303],[29.5384753,46.6136323],[29.5385036,46.6141795],[29.538436,46.6145094],[29.5382841,46.6153671],[29.5375408,46.615697],[29.5375465,46.6158677],[29.5367637,46.6157708],[29.5363864,46.6156194],[29.535705,46.6152935],[29.5351475,46.6150102],[29.5342183,46.6145561],[29.5336552,46.614269],[29.5330189,46.614137],[29.5328612,46.6140982],[29.5326134,46.6139275],[29.5323826,46.6137218],[29.5322474,46.6136714],[29.5320785,46.6134501],[29.5317463,46.6132716],[29.5315661,46.6131009],[29.5312282,46.6126119],[29.5310762,46.6123441],[29.5308678,46.6120841],[29.5307214,46.6119056],[29.5304962,46.6116184],[29.5303217,46.6113623],[29.5302372,46.6110169],[29.5302372,46.6107064],[29.5302992,46.6104192],[29.5304512,46.6098953],[29.5305075,46.6097828],[29.5307159,46.6092356],[29.5307891,46.6089174],[29.5305374,46.6089174],[29.530388,46.6089666],[29.5300008,46.6090179],[29.529681,46.6090725],[29.5295846,46.6090513],[29.5289873,46.6090221],[29.528824,46.6089561],[29.5286374,46.6087166],[29.5286119,46.6087739],[29.5285528,46.6088242],[29.5282443,46.608887],[29.5276149,46.6089917],[29.5275784,46.608964],[29.5275427,46.6087661],[29.5277024,46.6087397],[29.5275507,46.6084255],[29.5273407,46.6084648],[29.5272267,46.608111],[29.5270551,46.6076287],[29.5269853,46.6075069],[29.5269369,46.6074561],[29.5268191,46.6072339],[29.526772,46.6069908],[29.5267661,46.606837],[29.5267134,46.6065706],[29.5266599,46.6062706],[29.5266705,46.6059096],[29.526661,46.6057453],[29.5266322,46.605587],[29.5265537,46.6052334],[29.5265327,46.6045325],[29.5264381,46.6036776],[29.526414,46.6035977],[29.5263432,46.6033743],[29.5262116,46.6031138],[29.526127,46.6028177],[29.5260826,46.6025347],[29.5260653,46.6024698],[29.5260594,46.6022785],[29.5260822,46.6020247],[29.5260869,46.6019399],[29.5261743,46.6018419],[29.5262941,46.6017938],[29.5265042,46.6017471],[29.5265189,46.6016728],[29.5268585,46.6016485],[29.5270571,46.6016391],[29.5274851,46.6016196],[29.5277601,46.6016024],[29.5280141,46.6015824],[29.5280892,46.6015718],[29.5282025,46.6015721],[29.5284761,46.6015725],[29.5285312,46.6015721],[29.5286777,46.6015555],[29.5287767,46.6015442],[29.5288119,46.6015285],[29.5288607,46.6014881],[29.528889,46.6014371],[29.5288932,46.6013001],[29.5290271,46.6009306],[29.5291453,46.6008491],[29.5291284,46.60069],[29.5288977,46.5994598],[29.5289371,46.5994132],[29.5286782,46.5986642],[29.5285375,46.5982606],[29.5284249,46.5979462],[29.5285093,46.5978065],[29.5286951,46.597694],[29.5289504,46.597621],[29.5289152,46.5974064],[29.5291882,46.5973432],[29.5293581,46.5973307],[29.5294615,46.5973122],[29.529377,46.597159],[29.5296362,46.5970771],[29.529821,46.597011],[29.5294157,46.5963978],[29.5291287,46.5959709],[29.5288191,46.5954897],[29.5284983,46.5949929],[29.5281999,46.5945427],[29.5280468,46.5945785],[29.5276951,46.5946767],[29.5274138,46.5947414],[29.5273699,46.5947429],[29.5271976,46.5947222],[29.5270363,46.5946771],[29.526614,46.5945268],[29.5265713,46.5944737],[29.5263567,46.5941062],[29.5262139,46.5939973],[29.5255133,46.594213],[29.5254344,46.5941886],[29.525271,46.5940422],[29.5249222,46.5937106],[29.5247404,46.5935456],[29.5244747,46.593287],[29.5242473,46.5929439],[29.5242027,46.5928864],[29.5238468,46.5928666]]]}},{"type":"Feature","properties":{"entity_id":"osm-r18967279","jurisdiction":"MD","display_name":"Răscăieții Noi","display_type":"component_locality","admin_level":9,"tier":"detail","legal_registry":"CUATM","legal_id":"8531","legal_type":null,"parent_catalog_id":"osm-r1811554","osm_relation_id":18967279,"legal_identity_status":"reconciled","geometry_source":"OpenStreetMap","geometry_precision":"master_coordinate_fidelity"},"geometry":{"type":"MultiPolygon","coordinates":[[[[29.7798194,46.5322913],[29.7801926,46.5329869],[29.7802635,46.5331265],[29.7803549,46.5332412],[29.7804585,46.5334389],[29.780736,46.5340394],[29.7811103,46.534929],[29.7811992,46.5351722],[29.7812747,46.5353074],[29.7813193,46.5353324],[29.7813669,46.5353632],[29.7814266,46.5354832],[29.781426,46.5355732],[29.7814054,46.5356775],[29.7814862,46.5357024],[29.781527,46.5357502],[29.781557,46.5358908],[29.7815641,46.5360258],[29.7815352,46.5362519],[29.7814983,46.536336],[29.7813009,46.5365919],[29.7810188,46.5374429],[29.7806653,46.5385132],[29.7797673,46.5385026],[29.7793811,46.5385246],[29.7788649,46.5385349],[29.7747632,46.5385968],[29.7750116,46.5380528],[29.77562,46.5373107],[29.775495,46.5365842],[29.7754969,46.5355281],[29.7754544,46.5352032],[29.7756263,46.534806],[29.7751027,46.5344924],[29.7755553,46.5341126],[29.7756134,46.5339591],[29.775787,46.5338222],[29.775001,46.533342],[29.7749223,46.5331052],[29.7745097,46.5332447],[29.7743731,46.533355],[29.7742674,46.5336844],[29.774681,46.5337346],[29.774548,46.533989],[29.7734358,46.5348097],[29.7720284,46.5355649],[29.7714868,46.5359745],[29.7713691,46.5361165],[29.7707106,46.5365086],[29.7704653,46.5365467],[29.7699298,46.5365686],[29.7696933,46.5360407],[29.7693638,46.535673],[29.769012,46.5348017],[29.7691129,46.5346249],[29.7691447,46.5345614],[29.7691489,46.5343998],[29.7691173,46.5336355],[29.7690348,46.5335859],[29.7685225,46.5334958],[29.768353,46.5334846],[29.7680514,46.5334999],[29.7674171,46.5335502],[29.7680576,46.5352924],[29.7680408,46.5354918],[29.7679922,46.5356816],[29.7678791,46.535914],[29.7676809,46.536134],[29.7671338,46.5365691],[29.766948,46.5366082],[29.7667904,46.5366109],[29.7662077,46.5364254],[29.7646456,46.5357675],[29.7640724,46.5355136],[29.7643248,46.5351988],[29.7652138,46.5341934],[29.7653519,46.5338502],[29.7655024,46.5322189],[29.7655719,46.5322241],[29.7667059,46.5322394],[29.7670247,46.5322205],[29.7680232,46.5322278],[29.7722953,46.5322104],[29.7755914,46.5322459],[29.7766945,46.532251],[29.7779233,46.5322535],[29.7787912,46.5322693],[29.7792801,46.5322759],[29.7792999,46.5322761],[29.7798194,46.5322913]]],[[[29.7721387,46.5319819],[29.7720662,46.5319699],[29.7720806,46.5302572],[29.7722581,46.5301791],[29.7730502,46.5300485],[29.7743555,46.5299618],[29.775747,46.5299085],[29.7767032,46.5298627],[29.7780109,46.5299332],[29.7786834,46.530025],[29.7795712,46.5298826],[29.7796682,46.5301238],[29.7798602,46.5305328],[29.780301,46.5314902],[29.7805648,46.5320669],[29.7803288,46.5320645],[29.7800502,46.5319927],[29.7797539,46.5319809],[29.7797007,46.5320885],[29.7757145,46.5320373],[29.775641,46.5320259],[29.7754294,46.5320027],[29.7749256,46.5320352],[29.7741375,46.5320154],[29.7721387,46.5319819]]]]}},{"type":"Feature","properties":{"entity_id":"osm-r18967323","jurisdiction":"MD","display_name":"Ștefan Vodă","display_type":"town","admin_level":9,"tier":"detail","legal_registry":"CUATM","legal_id":"8501","legal_type":"town","parent_catalog_id":"osm-r1706633","osm_relation_id":18967323,"legal_identity_status":"reconciled","geometry_source":"OpenStreetMap","geometry_precision":"master_coordinate_fidelity"},"geometry":{"type":"Polygon","coordinates":[[[29.646054,46.5266394],[29.6468758,46.525057],[29.6469867,46.5248973],[29.6474584,46.5241135],[29.6475719,46.5233943],[29.6481059,46.5225751],[29.6478642,46.5225396],[29.6479204,46.5220897],[29.6480608,46.5218351],[29.6484084,46.5219045],[29.6489572,46.5208074],[29.6491399,46.5204422],[29.6492097,46.5203256],[29.6495863,46.5196965],[29.6499764,46.5193675],[29.6501392,46.5189227],[29.6503274,46.5185832],[29.6507141,46.5177274],[29.6507773,46.5175501],[29.6508009,46.5175065],[29.6508895,46.5175292],[29.653136,46.5181299],[29.6533301,46.5176192],[29.6533839,46.5175373],[29.6537082,46.5170332],[29.6538846,46.5167645],[29.654439,46.5169165],[29.6543012,46.5171564],[29.6546308,46.5172584],[29.6548895,46.5167919],[29.6558462,46.51703],[29.6562883,46.5171552],[29.6564405,46.5171972],[29.6571666,46.5174054],[29.6575887,46.5175197],[29.6576417,46.5175361],[29.6581376,46.5165558],[29.6581591,46.5165133],[29.658001,46.5164685],[29.6563295,46.5159601],[29.6569243,46.5148409],[29.6569698,46.5147477],[29.6552669,46.5141898],[29.6532758,46.5135112],[29.6531196,46.513458],[29.6531672,46.5133556],[29.6546263,46.5102129],[29.6545439,46.5101725],[29.6546054,46.5100444],[29.6550307,46.509165],[29.6550508,46.5091233],[29.6550647,46.509095],[29.6554611,46.5082724],[29.6554709,46.5082518],[29.6558588,46.5074471],[29.6558712,46.5074214],[29.6562759,46.5065818],[29.6562882,46.5065562],[29.6567002,46.5057015],[29.6567125,46.5056759],[29.6571236,46.504823],[29.657136,46.5047974],[29.6573218,46.5044083],[29.6573213,46.5042915],[29.6570806,46.5041538],[29.657097,46.5041338],[29.6571213,46.5041041],[29.657185,46.5040789],[29.6574781,46.5035219],[29.6577377,46.5030287],[29.6577514,46.5030026],[29.6577727,46.5029614],[29.6578289,46.5029736],[29.6584573,46.5017656],[29.6584803,46.5017245],[29.658522,46.5016501],[29.6585361,46.5016248],[29.6588245,46.50116],[29.659004,46.5008072],[29.6590879,46.5005711],[29.6593149,46.5002088],[29.6597206,46.4995613],[29.659877,46.4995217],[29.6609965,46.5000462],[29.6623439,46.5006825],[29.6637319,46.5013537],[29.665049,46.5020144],[29.6652008,46.5017732],[29.6705208,46.5041337],[29.6723895,46.5049604],[29.6739103,46.5056159],[29.6742332,46.5057934],[29.6742983,46.5058291],[29.6740514,46.5062315],[29.6734948,46.5072073],[29.6727968,46.5089384],[29.6717346,46.5118026],[29.6715828,46.5122712],[29.6714114,46.513789],[29.6721666,46.5145198],[29.6722682,46.5149254],[29.6718429,46.515492],[29.671767,46.5155934],[29.671919,46.5156669],[29.6726715,46.5160462],[29.6735938,46.5165043],[29.6742779,46.5168452],[29.675071,46.517235],[29.6756918,46.5175427],[29.6755456,46.5177648],[29.6749976,46.5186106],[29.6751938,46.5186711],[29.6750822,46.5188436],[29.674886,46.518783],[29.67317,46.5214323],[29.6713243,46.5242812],[29.6711587,46.5245773],[29.6705851,46.5244128],[29.669954,46.5242318],[29.6693224,46.5240506],[29.6686901,46.5238692],[29.6680572,46.5236877],[29.6678706,46.5236342],[29.6678435,46.523679],[29.6673978,46.5235512],[29.6668819,46.5234031],[29.6661085,46.5231834],[29.6654621,46.5229997],[29.6644989,46.522726],[29.6644977,46.5228164],[29.6644695,46.5229138],[29.6642328,46.5236291],[29.6641346,46.5250514],[29.6640652,46.5254948],[29.6639652,46.5259014],[29.6639553,46.5259419],[29.6635091,46.5277567],[29.6634136,46.5277871],[29.6633762,46.5279255],[29.6630413,46.5297292],[29.6629636,46.5304033],[29.6628878,46.5310813],[29.6629106,46.5312552],[29.6625641,46.532527],[29.6604245,46.5318971],[29.6605157,46.5317782],[29.6607383,46.5306521],[29.6611227,46.5284909],[29.6616133,46.526029],[29.6615413,46.5260223],[29.6612459,46.5260228],[29.6608674,46.5245832],[29.6606085,46.5232488],[29.6599461,46.522949],[29.6589063,46.5226088],[29.6557845,46.5217912],[29.6551269,46.5231401],[29.6547724,46.5239199],[29.6541697,46.5252383],[29.6534961,46.5266895],[29.6531872,46.5273259],[29.65263,46.5284065],[29.6522197,46.5291898],[29.652004,46.5295877],[29.6518046,46.5299471],[29.6453737,46.5281957],[29.6461329,46.5269244],[29.6460763,46.5266964],[29.646054,46.5266394]]]}},{"type":"Feature","properties":{"entity_id":"osm-r18967367","jurisdiction":"MD","display_name":"Feștelița","display_type":"independent_village","admin_level":9,"tier":"detail","legal_registry":"CUATM","legal_id":"8520","legal_type":"independent_village","parent_catalog_id":"osm-r1811553","osm_relation_id":18967367,"legal_identity_status":"reconciled","geometry_source":"OpenStreetMap","geometry_precision":"master_coordinate_fidelity"},"geometry":{"type":"Polygon","coordinates":[[[29.5532788,46.5479388],[29.550619,46.5471377],[29.550635,46.5471131],[29.551747,46.5454004],[29.5518618,46.5453838],[29.5539125,46.5421044],[29.5537775,46.5420478],[29.5534757,46.5419382],[29.5532571,46.5418589],[29.5528604,46.5417472],[29.5527973,46.5417303],[29.552742,46.5417155],[29.5525884,46.541724],[29.5521382,46.5417473],[29.5517558,46.5418434],[29.5516829,46.5418617],[29.5511029,46.5420277],[29.5509657,46.5420406],[29.5508992,46.5420468],[29.5507914,46.5420569],[29.5505539,46.5421289],[29.5504279,46.5421671],[29.5501745,46.5422886],[29.5500319,46.5424219],[29.5495179,46.5423226],[29.5494997,46.5423142],[29.5495883,46.5421081],[29.5492073,46.5419915],[29.5490155,46.5422179],[29.5489983,46.5422176],[29.5489845,46.5423188],[29.5487396,46.5422345],[29.5486568,46.5423151],[29.5486403,46.5423739],[29.5483434,46.5425035],[29.5482796,46.5425314],[29.5480481,46.5424613],[29.5479282,46.5426125],[29.5478008,46.542656],[29.5472691,46.5427455],[29.5469583,46.542685],[29.5472115,46.5421867],[29.5473619,46.5418908],[29.5474163,46.5418109],[29.5474562,46.5417475],[29.5474818,46.5417055],[29.547689,46.5414518],[29.5486227,46.5416927],[29.5486814,46.5415956],[29.5489071,46.5415967],[29.549075,46.5416333],[29.5491129,46.5416724],[29.5493129,46.5413922],[29.5491458,46.5411623],[29.5490035,46.54106],[29.5489976,46.5409843],[29.5491097,46.5408657],[29.5491817,46.5408187],[29.5493253,46.5407659],[29.5494002,46.5407593],[29.5501261,46.5405925],[29.5507051,46.5404425],[29.5508348,46.5403982],[29.5509923,46.5403183],[29.5512211,46.5402056],[29.5513641,46.5400745],[29.5514316,46.5399861],[29.5514899,46.5399097],[29.5515429,46.5398403],[29.5515701,46.5398047],[29.5515917,46.5397593],[29.5517727,46.5395689],[29.551971,46.5394558],[29.5527643,46.5396022],[29.5529214,46.539555],[29.5530438,46.5395361],[29.5536763,46.5394642],[29.5538562,46.5394229],[29.5543254,46.538986],[29.5543952,46.5388289],[29.5544735,46.5386009],[29.5543695,46.5385406],[29.5541657,46.5384847],[29.5547503,46.5378497],[29.5550054,46.5375325],[29.5551205,46.5373505],[29.5551227,46.5373293],[29.5552243,46.5371707],[29.5553566,46.5372439],[29.5555586,46.5373783],[29.5557822,46.5374624],[29.5559494,46.5376344],[29.556083,46.5377343],[29.5562812,46.5379101],[29.5563252,46.5379458],[29.5563703,46.5379134],[29.5565034,46.5378178],[29.5567251,46.537914],[29.5570374,46.5381174],[29.5573297,46.5382311],[29.5575307,46.5384229],[29.5579381,46.5384076],[29.5578634,46.5382045],[29.5576926,46.5381104],[29.5575489,46.5378572],[29.5576176,46.5377244],[29.5576631,46.5376965],[29.5577788,46.5375914],[29.5577891,46.5373683],[29.5580736,46.5369633],[29.5577598,46.5368641],[29.5578231,46.5366135],[29.5582229,46.536722],[29.5584564,46.5363659],[29.5585944,46.5363855],[29.5587524,46.536424],[29.5588326,46.5363107],[29.5591549,46.5362552],[29.5591639,46.5363138],[29.5593594,46.5363183],[29.5598632,46.5367116],[29.5600645,46.5367395],[29.5603493,46.5367666],[29.5605211,46.5368441],[29.5605729,46.5369365],[29.5603653,46.5369685],[29.5604054,46.5370767],[29.560494,46.5370598],[29.5605566,46.5372258],[29.5609179,46.537252],[29.5610594,46.5373471],[29.5611443,46.5375933],[29.5612866,46.5375432],[29.5614003,46.5375561],[29.561542,46.5373503],[29.561765,46.5370031],[29.5619709,46.5366522],[29.5620086,46.5366413],[29.5622593,46.5367294],[29.5627066,46.5368864],[29.5630726,46.5369484],[29.5630747,46.5370442],[29.56374,46.5371506],[29.5636187,46.5375402],[29.5637942,46.5375702],[29.5641599,46.5375185],[29.5643003,46.5375104],[29.5645212,46.5375261],[29.5645981,46.5374505],[29.564665,46.5374371],[29.5648255,46.5374391],[29.5653305,46.5374575],[29.5653928,46.5374905],[29.5654115,46.5374932],[29.5654381,46.5375228],[29.5661322,46.5375081],[29.5661064,46.5373683],[29.566059,46.5372463],[29.5659599,46.537035],[29.5658349,46.5367494],[29.5657057,46.5364578],[29.5656023,46.5361394],[29.5654946,46.5358359],[29.5654473,46.5354372],[29.5654645,46.5352766],[29.5657189,46.5353005],[29.5660422,46.5354076],[29.5664948,46.5355833],[29.5678142,46.5348993],[29.567857,46.534952],[29.5680565,46.5351601],[29.5683962,46.5349738],[29.5690774,46.5346943],[29.569142,46.5346973],[29.5696383,46.5350357],[29.5700688,46.5353788],[29.5703533,46.5355663],[29.5707369,46.5357895],[29.5707886,46.5357564],[29.5709268,46.5356177],[29.5710976,46.535454],[29.5712741,46.5353829],[29.5716106,46.535303],[29.5718491,46.5354635],[29.5718812,46.5354628],[29.5719612,46.5354888],[29.5722408,46.5356494],[29.572543,46.5357357],[29.5728334,46.5358311],[29.572918,46.5357919],[29.5729582,46.5356856],[29.5730575,46.5354484],[29.5730825,46.5354409],[29.573169,46.5353454],[29.5732679,46.5351348],[29.5735483,46.5351392],[29.573563,46.5351905],[29.5741062,46.5351036],[29.5741384,46.534791],[29.5741654,46.5343788],[29.57442,46.5343127],[29.5744593,46.5342731],[29.5746307,46.534187],[29.5747317,46.5341815],[29.5748454,46.5341296],[29.5750895,46.5340701],[29.5754786,46.5340616],[29.5758544,46.5340786],[29.5763561,46.5338466],[29.5765741,46.5338631],[29.576797,46.534052],[29.5770251,46.5342934],[29.5772987,46.5345557],[29.5775673,46.5348076],[29.5777903,46.5350175],[29.5781248,46.5354512],[29.5783376,46.5356681],[29.5782971,46.5359129],[29.5781197,46.5361087],[29.5779372,46.5362521],[29.5775318,46.5365073],[29.577101,46.5367311],[29.5766144,46.5369863],[29.5763581,46.5371669],[29.5771734,46.5374524],[29.5773466,46.5373885],[29.5775008,46.5373128],[29.5777005,46.5374627],[29.5780335,46.5376651],[29.5784997,46.5377665],[29.5789609,46.5378995],[29.5795438,46.538071],[29.5800717,46.5382667],[29.5804405,46.5384504],[29.5807385,46.5386103],[29.5809769,46.5387112],[29.5813218,46.5391965],[29.5809499,46.5395621],[29.5806318,46.5399803],[29.5804766,46.540187],[29.5801378,46.5403724],[29.5798524,46.540648],[29.5797617,46.5407094],[29.5796577,46.5407414],[29.579302,46.5408019],[29.5792691,46.5409389],[29.5792285,46.5410348],[29.5791279,46.5412637],[29.5791664,46.5412758],[29.5790542,46.5415053],[29.5789922,46.5414977],[29.5788975,46.5417319],[29.5788548,46.5418506],[29.5789149,46.5418674],[29.5788348,46.5420163],[29.5788912,46.5420257],[29.5787811,46.542183],[29.578451,46.5426022],[29.5784114,46.5426144],[29.5781751,46.5427989],[29.5780974,46.5428487],[29.5779414,46.542911],[29.5776968,46.5430189],[29.5774606,46.5436141],[29.5781296,46.5437506],[29.5785858,46.5438521],[29.578971,46.5439571],[29.5790724,46.5440445],[29.579042,46.5441774],[29.5788899,46.5444012],[29.5787429,46.5446215],[29.578672,46.5447859],[29.5786415,46.5448803],[29.5785909,46.5449992],[29.5785655,46.5450972],[29.5785807,46.5452231],[29.578378,46.5453455],[29.5782512,46.5454818],[29.5781144,46.5456952],[29.5780485,46.545877],[29.5781042,46.5460309],[29.5781296,46.5461708],[29.577942,46.546545],[29.5778254,46.5467933],[29.5776581,46.5470906],[29.5774807,46.5473179],[29.5773438,46.5474858],[29.5773083,46.5476326],[29.5773236,46.547762],[29.5774503,46.547853],[29.5777493,46.5479475],[29.5776445,46.5480617],[29.5773495,46.5484203],[29.5773648,46.5484277],[29.5771487,46.5486829],[29.5769205,46.5489701],[29.5769324,46.5489932],[29.5767233,46.5492555],[29.5766885,46.5493011],[29.5765362,46.5495004],[29.5765008,46.5494892],[29.5762968,46.5497396],[29.5761506,46.5499212],[29.5758878,46.5501927],[29.5755959,46.5505087],[29.5753351,46.5508147],[29.5750816,46.5511135],[29.5747123,46.5515795],[29.5744284,46.5519317],[29.5741985,46.5522132],[29.5739667,46.5525098],[29.5737137,46.5528309],[29.5734646,46.5531388],[29.5732337,46.5534354],[29.5729972,46.5537317],[29.5727128,46.554095],[29.5724446,46.5544487],[29.5721705,46.5548036],[29.5721333,46.5548255],[29.5720769,46.5548395],[29.5719533,46.5549884],[29.5717419,46.5548097],[29.5716532,46.5547752],[29.5715714,46.5547434],[29.5712802,46.5546301],[29.570851,46.5544632],[29.5708047,46.5544452],[29.5704348,46.5543009],[29.5701038,46.5541674],[29.5699902,46.5541216],[29.5697949,46.5540429],[29.5685755,46.5536068],[29.5678192,46.5533492],[29.5668111,46.5529995],[29.5661191,46.5527772],[29.5658048,46.5527683],[29.5643848,46.5522076],[29.5635992,46.5519032],[29.5625742,46.5514987],[29.5619204,46.5512537],[29.5610081,46.5509247],[29.5601859,46.5506182],[29.5593544,46.5502932],[29.5587916,46.5501045],[29.5576762,46.5498285],[29.5572604,46.5496817],[29.555861,46.5490736],[29.554411,46.5484654],[29.553395,46.5480475],[29.5532788,46.5479388]]]}},{"type":"Feature","properties":{"entity_id":"osm-r18967372","jurisdiction":"MD","display_name":"Căplani","display_type":"independent_village","admin_level":9,"tier":"detail","legal_registry":"CUATM","legal_id":"8515","legal_type":"independent_village","parent_catalog_id":"osm-r1706627","osm_relation_id":18967372,"legal_identity_status":"reconciled","geometry_source":"OpenStreetMap","geometry_precision":"master_coordinate_fidelity"},"geometry":{"type":"Polygon","coordinates":[[[29.8739011,46.3702999],[29.8739521,46.3716795],[29.8739034,46.3733562],[29.874981,46.3732485],[29.8749822,46.3727772],[29.87469,46.3727641],[29.8748195,46.3722815],[29.8766435,46.3724143],[29.8767088,46.3732911],[29.877322,46.3763191],[29.8785026,46.3761668],[29.8785872,46.3765973],[29.8786877,46.3765864],[29.878748,46.3770185],[29.8788889,46.377476],[29.8792491,46.377549],[29.8792539,46.3776344],[29.87928,46.3778798],[29.8792964,46.3781915],[29.8793171,46.3782309],[29.8793204,46.378429],[29.8792846,46.378444],[29.8788022,46.378521],[29.8782454,46.3785917],[29.8781273,46.3786144],[29.8781186,46.3786071],[29.8780791,46.3786107],[29.8780826,46.3786198],[29.8777886,46.3786486],[29.8777675,46.3800672],[29.8780086,46.3798988],[29.8782971,46.3798887],[29.8786334,46.3798675],[29.8792008,46.3798295],[29.8793883,46.3798233],[29.879448,46.3798371],[29.8795338,46.380722],[29.8796151,46.3807194],[29.8800809,46.3806647],[29.8800959,46.3808355],[29.8801058,46.3809512],[29.8801492,46.3810866],[29.8807614,46.3809931],[29.8807998,46.3817415],[29.8807269,46.3817437],[29.880329,46.3817421],[29.8801833,46.3817477],[29.8801128,46.3817615],[29.8801093,46.382063],[29.8801275,46.3821075],[29.8801461,46.3822024],[29.8801416,46.382411],[29.8800877,46.3824556],[29.8800929,46.3824664],[29.8806149,46.382427],[29.8807961,46.3824266],[29.8808221,46.3826673],[29.8809021,46.3826645],[29.8809849,46.3826648],[29.8813654,46.3826474],[29.8817501,46.3826344],[29.8818792,46.3841564],[29.8818744,46.3849973],[29.8815089,46.3850097],[29.8817054,46.3858201],[29.8817379,46.3860671],[29.882031,46.3860627],[29.882062,46.3863599],[29.8817452,46.3864073],[29.8819052,46.3868492],[29.8820816,46.3868457],[29.8823656,46.3876622],[29.8830318,46.3905379],[29.8834987,46.3936163],[29.8810231,46.3937752],[29.8811413,46.3970153],[29.8807559,46.3975883],[29.8788314,46.3976198],[29.8788318,46.3970425],[29.8771067,46.3970694],[29.8770735,46.3964159],[29.8771183,46.3956829],[29.8766541,46.3956702],[29.8766552,46.3954354],[29.8766539,46.395254],[29.8766783,46.3950254],[29.8766872,46.394889],[29.8754644,46.3948434],[29.8755157,46.3998092],[29.8754611,46.4028036],[29.8750964,46.402784],[29.8750396,46.4030297],[29.8747645,46.402979],[29.8746947,46.4029228],[29.8739464,46.4027885],[29.8737241,46.4037019],[29.8733436,46.4046664],[29.872926,46.4046427],[29.8717301,46.4043559],[29.8700662,46.4035722],[29.8650821,46.40149],[29.867041,46.3989464],[29.866248,46.398661],[29.866874,46.3977155],[29.8672069,46.3978153],[29.8675781,46.3977243],[29.8676307,46.3972875],[29.8679058,46.3969077],[29.8683147,46.3965578],[29.8668613,46.3961055],[29.8661023,46.3973018],[29.8650847,46.3968903],[29.863146,46.3963238],[29.8637472,46.3930724],[29.8630778,46.3929396],[29.8629829,46.3932538],[29.8629718,46.3935395],[29.8614563,46.3933495],[29.8621247,46.391468],[29.8629902,46.3916497],[29.8635538,46.3915927],[29.863686,46.3909539],[29.8641447,46.3909369],[29.8642016,46.3900608],[29.864407,46.3890701],[29.8653502,46.3882843],[29.8653263,46.3879049],[29.8645608,46.3872631],[29.8640731,46.3872728],[29.8625263,46.3872233],[29.8620526,46.3872079],[29.862189,46.3869333],[29.8622334,46.3869353],[29.8623825,46.3869404],[29.8623981,46.3869114],[29.8624474,46.3869019],[29.8625632,46.3866011],[29.8626928,46.3861476],[29.8630629,46.3861819],[29.8632831,46.3862062],[29.8630257,46.3854068],[29.8631653,46.3845313],[29.862998,46.3844972],[29.8622688,46.384314],[29.8622565,46.3843461],[29.8622329,46.3843856],[29.8620806,46.384641],[29.8619794,46.3848215],[29.8619229,46.3849221],[29.8612676,46.384766],[29.8612523,46.3847615],[29.8622088,46.3824743],[29.8630718,46.3804285],[29.8644275,46.3805653],[29.8646898,46.3796469],[29.865434,46.3784601],[29.8658292,46.3771476],[29.8660682,46.3767291],[29.8665753,46.3767032],[29.8672249,46.3763815],[29.8674123,46.3747715],[29.8675749,46.3741905],[29.8673666,46.3740829],[29.8670993,46.3740414],[29.8675136,46.3730756],[29.8679014,46.3726866],[29.8687032,46.3727266],[29.8693228,46.3710545],[29.8694564,46.3708885],[29.871814,46.3704523],[29.8739011,46.3702999]]]}},{"type":"Feature","properties":{"entity_id":"osm-r18967375","jurisdiction":"MD","display_name":"Purcari","display_type":"commune","admin_level":9,"tier":"detail","legal_registry":"CUATM","legal_id":"8528","legal_type":"commune","parent_catalog_id":"osm-r1811533","osm_relation_id":18967375,"legal_identity_status":"reconciled","geometry_source":"OpenStreetMap","geometry_precision":"master_coordinate_fidelity"},"geometry":{"type":"MultiPolygon","coordinates":[[[[29.8418586,46.5384428],[29.8490156,46.5353764],[29.8481274,46.5346916],[29.8494814,46.5340303],[29.8495842,46.5339975],[29.8498237,46.5342123],[29.8502269,46.5340389],[29.849997,46.5338601],[29.8504719,46.5335974],[29.8505958,46.5336944],[29.8509612,46.5335447],[29.851116,46.5334816],[29.8514039,46.5333393],[29.8517638,46.5331481],[29.8525287,46.5334057],[29.8526873,46.5332965],[29.852975,46.5332728],[29.8534174,46.5333021],[29.8535675,46.5330475],[29.8532258,46.5326895],[29.8535611,46.5325444],[29.8540889,46.5325032],[29.855665,46.5317265],[29.8560183,46.5318659],[29.8561947,46.5319702],[29.8564897,46.5322376],[29.8567029,46.5324133],[29.857287,46.5326655],[29.8574085,46.5329503],[29.857777,46.532737],[29.8580286,46.5329174],[29.8587609,46.5333007],[29.8591793,46.532971],[29.8595677,46.5333308],[29.8592803,46.533603],[29.8599172,46.5341496],[29.8601246,46.5340388],[29.8607333,46.5340109],[29.8611245,46.5343494],[29.8613815,46.5345218],[29.8614382,46.5350072],[29.8621728,46.5351474],[29.86305,46.5342508],[29.8641316,46.5347481],[29.8657382,46.5337793],[29.867468,46.5333142],[29.8695148,46.5321912],[29.8704869,46.533057],[29.8713471,46.5328081],[29.8713953,46.5327842],[29.872665,46.5324118],[29.8736533,46.5321091],[29.8745267,46.5318624],[29.8755709,46.5316199],[29.8740504,46.5303098],[29.8736774,46.5297694],[29.8736752,46.5297395],[29.8735593,46.5295741],[29.872967,46.5298072],[29.871489,46.5303167],[29.8710368,46.5304678],[29.8709314,46.5304998],[29.8712737,46.5308576],[29.871249,46.5309516],[29.8709308,46.5306037],[29.8704632,46.5300168],[29.8705114,46.5299429],[29.8702671,46.5296156],[29.8724122,46.5277526],[29.8732772,46.5272035],[29.8736388,46.5273968],[29.875033,46.5261941],[29.8758729,46.5270399],[29.8762694,46.5271812],[29.8781366,46.5239081],[29.8786679,46.5234948],[29.8780001,46.5232281],[29.8784013,46.5227457],[29.8795582,46.5216819],[29.8796902,46.5213832],[29.879976,46.5212103],[29.8798632,46.5209762],[29.8811189,46.5202247],[29.8820883,46.5213303],[29.8842919,46.5200576],[29.8850881,46.520995],[29.8848802,46.5213262],[29.8835637,46.5221619],[29.882854,46.5229247],[29.8823379,46.5230873],[29.8818173,46.5232146],[29.8812397,46.5234946],[29.8805471,46.5239525],[29.8799744,46.5245142],[29.8795964,46.524733],[29.8791958,46.5248791],[29.8781538,46.525123],[29.8784301,46.5252496],[29.8782364,46.5255153],[29.8779881,46.5258668],[29.8783144,46.5259557],[29.8785733,46.5260399],[29.8794439,46.5263487],[29.8796936,46.5260146],[29.8799967,46.5261418],[29.8795407,46.5270044],[29.8800817,46.5271576],[29.8800705,46.5271735],[29.8805337,46.5272922],[29.8804167,46.5285063],[29.880376,46.5294739],[29.8815789,46.5296808],[29.8812057,46.5319335],[29.8810908,46.5322638],[29.8818209,46.532607],[29.8823841,46.5318462],[29.8844763,46.5324301],[29.8844595,46.5326654],[29.8840867,46.5332346],[29.88365,46.5335282],[29.8831708,46.5340137],[29.8809204,46.5351378],[29.8803578,46.5351474],[29.8798968,46.5352056],[29.875441,46.5372195],[29.8750819,46.5377012],[29.8733171,46.5400799],[29.8730886,46.540245],[29.8726519,46.5422775],[29.8701407,46.5449569],[29.8690794,46.545916],[29.8673422,46.5468528],[29.8666277,46.5471152],[29.8642073,46.547741],[29.8628361,46.5480169],[29.8623239,46.5475313],[29.861629,46.5477724],[29.8620006,46.5482042],[29.8609887,46.5483532],[29.8605275,46.5484933],[29.8600327,46.5488784],[29.8595142,46.5491816],[29.8578435,46.5497204],[29.8570626,46.5502314],[29.8567477,46.5504325],[29.8549564,46.551213],[29.8543472,46.5513907],[29.8541416,46.5518818],[29.8539742,46.5521114],[29.8526806,46.5535368],[29.8474991,46.5535136],[29.8472717,46.55313],[29.8465945,46.5524923],[29.8468663,46.5523462],[29.8461835,46.5520263],[29.8467028,46.551682],[29.847126,46.5514233],[29.8476974,46.5511698],[29.8478955,46.5509653],[29.8493678,46.5502207],[29.8502531,46.5507914],[29.8510874,46.5503706],[29.852176,46.5500893],[29.8549806,46.5495197],[29.8545847,46.5487099],[29.8548736,46.5486599],[29.8549876,46.5486975],[29.8550698,46.5487893],[29.8568037,46.5483665],[29.8567428,46.5482737],[29.8577373,46.5477598],[29.8581532,46.5476045],[29.8577798,46.5473345],[29.856583,46.5475545],[29.8561042,46.5478231],[29.8557608,46.5481689],[29.8555232,46.5481925],[29.8552346,46.5481088],[29.8549973,46.5478184],[29.8531669,46.5478922],[29.8529146,46.546018],[29.8522486,46.5459032],[29.8521703,46.5456402],[29.8538877,46.5454285],[29.8543339,46.5454699],[29.8555308,46.5453099],[29.8562453,46.5460618],[29.8563597,46.5463415],[29.8565702,46.5469042],[29.8576185,46.5470287],[29.8582546,46.5469874],[29.8594834,46.5468014],[29.8601189,46.5465613],[29.860019,46.5464302],[29.8602454,46.5459602],[29.8606405,46.5460571],[29.8611661,46.5456999],[29.8604988,46.5454865],[29.8606495,46.5451209],[29.8619287,46.5449029],[29.8615452,46.5440232],[29.8621411,46.544027],[29.8633637,46.544341],[29.8638351,46.5435448],[29.8643453,46.5428666],[29.8651128,46.5420526],[29.8671175,46.540886],[29.8678431,46.5414018],[29.8685398,46.5410095],[29.868157,46.5405342],[29.8693493,46.5397811],[29.8696018,46.5390791],[29.8705927,46.5389202],[29.8706589,46.5383448],[29.8695291,46.5382541],[29.8687801,46.5384015],[29.868418,46.5381433],[29.8674416,46.5382601],[29.8667937,46.5380721],[29.8664262,46.5383196],[29.8662474,46.5384702],[29.8667918,46.5387766],[29.8659679,46.5394343],[29.8654066,46.5392123],[29.8651345,46.5393329],[29.8655322,46.5397913],[29.8632929,46.5414272],[29.8608407,46.5403039],[29.8603338,46.5406907],[29.8589798,46.5412058],[29.8594452,46.5416104],[29.8586989,46.5420927],[29.8581357,46.5423088],[29.857423,46.5431895],[29.8581637,46.5440167],[29.8578616,46.5442109],[29.8575584,46.544332],[29.8567958,46.544108],[29.8565061,46.5444539],[29.8560289,46.5441699],[29.857177,46.542103],[29.8553839,46.5426331],[29.8547506,46.5422451],[29.8536787,46.5427184],[29.8530308,46.5429159],[29.854312,46.5432132],[29.8545466,46.5435045],[29.8539742,46.5436373],[29.8551602,46.5440128],[29.8549475,46.5447875],[29.8522697,46.5450486],[29.8516731,46.5448869],[29.8497431,46.542257],[29.8486115,46.5426226],[29.8484969,46.542464],[29.8483659,46.5422829],[29.846775,46.5427693],[29.84639,46.542887],[29.8460137,46.5421674],[29.8457453,46.5406394],[29.8452405,46.539966],[29.844103,46.5401186],[29.8433882,46.539589],[29.8418586,46.5384428]]],[[[29.8367616,46.5566889],[29.8373434,46.5561677],[29.8383347,46.555626],[29.8387391,46.5560956],[29.8393952,46.5558425],[29.8398248,46.556298],[29.8403335,46.5558816],[29.8396859,46.5551151],[29.8401945,46.5549009],[29.8420832,46.5542346],[29.8425444,46.5547664],[29.8439098,46.5542366],[29.8446489,46.554913],[29.8437808,46.5554133],[29.8432273,46.5554334],[29.8424186,46.5559393],[29.8414747,46.5566512],[29.8401875,46.558057],[29.8396744,46.5582261],[29.8389899,46.5576217],[29.8388421,46.5576654],[29.8382084,46.5579176],[29.8377338,46.5575856],[29.8379134,46.557312],[29.8371748,46.5569107],[29.8367616,46.5566889]]],[[[29.8934147,46.5146644],[29.8948007,46.5137253],[29.8958789,46.5132926],[29.8963732,46.5138771],[29.895693,46.5142008],[29.8953559,46.5143602],[29.8949346,46.5138688],[29.8944281,46.5142079],[29.8950401,46.5147783],[29.8949137,46.5148744],[29.8950952,46.5150771],[29.8948051,46.5151888],[29.894056,46.5145214],[29.8937069,46.5147078],[29.89414,46.5150911],[29.8927433,46.5157506],[29.8926715,46.5157151],[29.8924505,46.5153457],[29.8906185,46.5160939],[29.8895187,46.5150989],[29.8911118,46.5143188],[29.8905706,46.5136092],[29.8914393,46.5131561],[29.8934147,46.5146644]]]]}},{"type":"Feature","properties":{"entity_id":"osm-r18967411","jurisdiction":"MD","display_name":"Olănești","display_type":"independent_village","admin_level":9,"tier":"detail","legal_registry":"CUATM","legal_id":"8525","legal_type":"independent_village","parent_catalog_id":"osm-r1811532","osm_relation_id":18967411,"legal_identity_status":"reconciled","geometry_source":"OpenStreetMap","geometry_precision":"master_coordinate_fidelity"},"geometry":{"type":"Polygon","coordinates":[[[29.9032979,46.510655],[29.9032293,46.5105621],[29.9057697,46.5098297],[29.9054572,46.5093319],[29.905305,46.5090376],[29.9057088,46.5089166],[29.9048746,46.5076305],[29.9063764,46.5072054],[29.9086116,46.5065718],[29.9059645,46.5047513],[29.9054275,46.5044616],[29.9043254,46.503664],[29.9074824,46.5013871],[29.9061592,46.5005288],[29.9077727,46.4991823],[29.9060029,46.4979029],[29.9056871,46.4978534],[29.9037698,46.4993365],[29.9026318,46.4986925],[29.9026733,46.4986491],[29.9023972,46.4984932],[29.9023445,46.4985363],[29.9022859,46.4985701],[29.9014384,46.4983223],[29.9011997,46.4982553],[29.9006321,46.4987174],[29.8997458,46.4994611],[29.8996915,46.4994394],[29.8994812,46.4995995],[29.899386,46.4996636],[29.8980636,46.4985941],[29.8991288,46.4971127],[29.8969278,46.4954791],[29.8974971,46.4947536],[29.8978523,46.4936145],[29.8965789,46.4929574],[29.896544,46.4928864],[29.896562,46.4928223],[29.8973423,46.4921787],[29.8986091,46.4924019],[29.8987346,46.49245],[29.8993558,46.492614],[29.9027819,46.4898651],[29.9018171,46.489376],[29.9026635,46.4886972],[29.9042877,46.4888736],[29.9045384,46.4888979],[29.9050214,46.4888654],[29.9054281,46.4885379],[29.9059339,46.4881341],[29.9067659,46.4875229],[29.9097681,46.4856635],[29.9105189,46.4856401],[29.9115667,46.4850543],[29.9113593,46.4848772],[29.9124073,46.484192],[29.9135167,46.4843885],[29.9139725,46.4849334],[29.9139568,46.4856368],[29.9149212,46.4868813],[29.9166403,46.486537],[29.9176384,46.4861725],[29.9192242,46.4853154],[29.9202037,46.4851601],[29.9203326,46.4848037],[29.9224252,46.4850342],[29.9227409,46.4850704],[29.9230549,46.4851081],[29.9250258,46.4850422],[29.9276415,46.484307],[29.9273111,46.4838411],[29.9279369,46.4836044],[29.9282907,46.4840426],[29.9291087,46.4839036],[29.9354825,46.4858894],[29.9361417,46.4849723],[29.9363597,46.4850717],[29.9364901,46.4852149],[29.9370367,46.4855094],[29.9363545,46.4861941],[29.9382897,46.4871197],[29.9389026,46.4882137],[29.9372717,46.4893094],[29.9351935,46.4908841],[29.9334559,46.4923504],[29.9324172,46.4932662],[29.9314442,46.4941067],[29.9292321,46.4966411],[29.9292415,46.4968017],[29.9293272,46.4969174],[29.9302035,46.4978675],[29.9295589,46.4991105],[29.930957,46.4998725],[29.9290279,46.5008843],[29.9290928,46.5011833],[29.9272881,46.5016474],[29.9246731,46.5021744],[29.92344,46.5030886],[29.9226237,46.5043222],[29.9225466,46.5049047],[29.9227612,46.5054445],[29.9195826,46.5071764],[29.9193497,46.5073095],[29.9190657,46.5077329],[29.9188786,46.5082325],[29.9182172,46.509133],[29.9184838,46.5096754],[29.9174122,46.5100173],[29.9176208,46.5102657],[29.9162495,46.5108267],[29.9157265,46.5108065],[29.9148513,46.5100884],[29.914531,46.5101251],[29.9142962,46.5101007],[29.9141141,46.5098995],[29.9121052,46.5101179],[29.911486,46.5102882],[29.9096105,46.5112619],[29.9089218,46.5113091],[29.9077763,46.5115799],[29.9073003,46.5110298],[29.9065232,46.5107501],[29.9055409,46.5110633],[29.9054086,46.5115516],[29.904475,46.5118738],[29.9042429,46.5119544],[29.9040984,46.5117516],[29.9032979,46.510655]]]}},{"type":"Feature","properties":{"entity_id":"osm-r18967431","jurisdiction":"MD","display_name":"Talmaza","display_type":"independent_village","admin_level":9,"tier":"detail","legal_registry":"CUATM","legal_id":"8535","legal_type":"independent_village","parent_catalog_id":"osm-r1811555","osm_relation_id":18967431,"legal_identity_status":"reconciled","geometry_source":"OpenStreetMap","geometry_precision":"master_coordinate_fidelity"},"geometry":{"type":"Polygon","coordinates":[[[29.6223879,46.6412437],[29.6225851,46.6415031],[29.6241453,46.6413016],[29.6243368,46.6422286],[29.6256954,46.6423007],[29.6257647,46.642652],[29.6261337,46.6426426],[29.6270161,46.6441341],[29.627187,46.6447478],[29.6298432,46.6447744],[29.6315747,46.6446328],[29.6316697,46.6450458],[29.6317327,46.6453063],[29.631802,46.6454664],[29.6319956,46.6457502],[29.6320057,46.645818],[29.6317567,46.645921],[29.6311156,46.6460439],[29.630677,46.6461804],[29.6298233,46.6464154],[29.6286265,46.6465609],[29.6286913,46.6468937],[29.6285613,46.6471815],[29.6259615,46.6478868],[29.62655,46.648558],[29.6269218,46.6488028],[29.6273929,46.6489918],[29.6283833,46.6485795],[29.6291257,46.648522],[29.6292645,46.6486609],[29.6305892,46.6483085],[29.6304684,46.6482019],[29.6307032,46.648099],[29.6306192,46.6480168],[29.630935,46.6478688],[29.6320029,46.6474757],[29.6332861,46.6471248],[29.6345144,46.6467029],[29.6346131,46.6468667],[29.6351522,46.6467605],[29.6351423,46.6465562],[29.6359718,46.6465846],[29.6368608,46.6463136],[29.6375964,46.6460252],[29.6381005,46.6459287],[29.639091,46.6456623],[29.6388849,46.6454521],[29.6395078,46.6451174],[29.6393175,46.6448068],[29.6396363,46.6447231],[29.6399693,46.6447137],[29.6405699,46.6447502],[29.6411171,46.6448189],[29.6413354,46.644894],[29.6415375,46.6452562],[29.6434828,46.6446668],[29.6438157,46.6446232],[29.643985,46.6445611],[29.6428341,46.6438331],[29.6433995,46.643649],[29.6441758,46.6434375],[29.6448284,46.6433788],[29.6454402,46.6437221],[29.6461352,46.6443012],[29.6474836,46.6442407],[29.6475327,46.6451072],[29.6476376,46.6458496],[29.6487036,46.6457572],[29.6491462,46.6452734],[29.6493591,46.6449744],[29.6494631,46.6447897],[29.6500284,46.6445158],[29.6505012,46.6448655],[29.6508359,46.644806],[29.6512464,46.6448933],[29.6525565,46.6446808],[29.652568,46.644193],[29.6529908,46.6442002],[29.6529337,46.6450763],[29.6541539,46.6449772],[29.6541211,46.644812],[29.6545824,46.6447171],[29.658662,46.6447481],[29.6589637,46.644268],[29.6599589,46.6443348],[29.6607105,46.6435215],[29.660087,46.6433572],[29.6590267,46.6431939],[29.6588651,46.643117],[29.6587484,46.6430101],[29.6580275,46.6430422],[29.6576394,46.6430092],[29.6569787,46.6428931],[29.6564422,46.6428563],[29.6562779,46.6419456],[29.6583649,46.6417112],[29.6583153,46.6405313],[29.65847,46.6403205],[29.6591057,46.6397459],[29.659071,46.638654],[29.6588792,46.6373425],[29.6586697,46.6358484],[29.6586759,46.6356774],[29.6584362,46.6339086],[29.6582103,46.6317638],[29.6582933,46.6315346],[29.6584259,46.6313366],[29.6601507,46.6291465],[29.6599665,46.6271808],[29.660403,46.6264391],[29.6606298,46.6257296],[29.6607313,46.6250862],[29.6606075,46.6242697],[29.660581,46.6241515],[29.6603976,46.6231266],[29.662084,46.6229742],[29.6626905,46.6229105],[29.6629855,46.6227086],[29.6634137,46.6227078],[29.6637102,46.6226928],[29.6638169,46.6227408],[29.665425,46.6226679],[29.6654928,46.6225157],[29.6663816,46.6223171],[29.667103,46.6220397],[29.6674891,46.6220748],[29.6676997,46.6219239],[29.6681749,46.6219226],[29.6695909,46.6221803],[29.6699439,46.622137],[29.6701929,46.621499],[29.670744,46.6215617],[29.6720896,46.6216542],[29.6742138,46.6217212],[29.6742946,46.6213502],[29.6752463,46.6215029],[29.6788561,46.62141],[29.6791302,46.6212536],[29.6807063,46.6221423],[29.6810116,46.6217968],[29.6811619,46.6218641],[29.6816133,46.621354],[29.6820581,46.6216957],[29.6816807,46.6224831],[29.6819467,46.6224641],[29.682655,46.6222926],[29.6831843,46.622147],[29.6836467,46.6219197],[29.6846542,46.6212443],[29.6848724,46.6209665],[29.6847999,46.6201899],[29.6853077,46.6196564],[29.6855567,46.6196221],[29.6858435,46.6195113],[29.6860912,46.6189364],[29.6864516,46.6178594],[29.6868297,46.6167737],[29.6864748,46.616379],[29.6864339,46.6158968],[29.6859932,46.6155047],[29.6860915,46.6151953],[29.6870773,46.6153191],[29.6872481,46.6145745],[29.6872259,46.6140082],[29.6868813,46.6131545],[29.6870788,46.6118268],[29.6859171,46.6113064],[29.6861628,46.6111204],[29.6863917,46.610891],[29.6866136,46.6105873],[29.6868086,46.6104361],[29.6869823,46.6103882],[29.6874744,46.6104286],[29.6877717,46.610448],[29.6879184,46.6104065],[29.6880385,46.6103472],[29.6882534,46.610253],[29.6885356,46.6101637],[29.6891046,46.6100666],[29.6895379,46.6100324],[29.6906496,46.6100419],[29.6898823,46.6123174],[29.6915619,46.6125473],[29.6913332,46.6133274],[29.6927694,46.6137568],[29.6927641,46.61378],[29.6925143,46.6145251],[29.6935875,46.6150402],[29.69405,46.6151826],[29.6939863,46.6162336],[29.6937907,46.6177902],[29.693315,46.6200523],[29.6932833,46.6201525],[29.6932355,46.6204137],[29.6931174,46.6207812],[29.6930911,46.6208325],[29.6930329,46.6209321],[29.6930039,46.6209829],[29.6929641,46.6210301],[29.6926737,46.621285],[29.6925256,46.6214121],[29.6919878,46.6217437],[29.6910835,46.6222512],[29.6892747,46.6234147],[29.6882755,46.6241115],[29.6864366,46.6253381],[29.6848497,46.6266063],[29.6844293,46.6268909],[29.6836422,46.6279076],[29.6829895,46.6284062],[29.682399,46.6280982],[29.6821964,46.6280858],[29.6810656,46.6293435],[29.6800492,46.6299182],[29.6790908,46.6315932],[29.6789141,46.6318706],[29.6776884,46.6343432],[29.6767037,46.6355501],[29.6765172,46.6359333],[29.6763061,46.6366911],[29.6757854,46.6378686],[29.6755049,46.6380533],[29.6749977,46.6391261],[29.6754954,46.6392343],[29.6746397,46.6414678],[29.6743054,46.6423556],[29.6726795,46.6442606],[29.6704436,46.6467865],[29.6674647,46.6489281],[29.6665866,46.649181],[29.6668307,46.6499086],[29.6661518,46.6501696],[29.6662015,46.6504734],[29.6654604,46.6505495],[29.6654042,46.6508858],[29.6637517,46.6508215],[29.6642446,46.6520229],[29.6610353,46.6515715],[29.6603719,46.6512326],[29.6597877,46.6513139],[29.6590862,46.6512791],[29.6579294,46.6509677],[29.6544076,46.6513015],[29.6543498,46.6511444],[29.6526972,46.6513372],[29.6528386,46.6521572],[29.650663,46.6523938],[29.6502362,46.6524013],[29.6486143,46.6526307],[29.645864,46.6528293],[29.6437386,46.6530468],[29.6435046,46.6529275],[29.6430232,46.6525972],[29.6422439,46.6525981],[29.6350762,46.6534207],[29.6344398,46.6534393],[29.63318,46.6534676],[29.6295305,46.6536328],[29.6286735,46.653759],[29.6272449,46.6538053],[29.6263619,46.6539136],[29.6245302,46.6537993],[29.6240442,46.6532386],[29.6240686,46.652425],[29.6240706,46.6522115],[29.6239548,46.6521976],[29.6235177,46.652145],[29.6233526,46.6521467],[29.6233008,46.6521406],[29.6230285,46.6521508],[29.6229597,46.6517516],[29.6229329,46.6517124],[29.6236043,46.6513283],[29.6242719,46.6510622],[29.6244707,46.6510324],[29.6246959,46.65105],[29.6250394,46.6511563],[29.6252108,46.6511838],[29.6258956,46.6511027],[29.6265937,46.6510734],[29.6269108,46.6510528],[29.6270433,46.6510081],[29.6267367,46.6503573],[29.6264631,46.6491484],[29.6265775,46.6491068],[29.6266312,46.6490535],[29.6266445,46.6490006],[29.6266207,46.6488487],[29.6260102,46.6481836],[29.625803,46.6479034],[29.6256287,46.6478036],[29.6256792,46.6479167],[29.6255982,46.6479401],[29.6256112,46.6480708],[29.6257173,46.6484694],[29.6256963,46.648498],[29.6253727,46.6485333],[29.6253871,46.648611],[29.6253209,46.648618],[29.6254849,46.6490826],[29.6254426,46.6491569],[29.6254403,46.64919],[29.6252813,46.6492244],[29.6245059,46.6492394],[29.6244487,46.6492247],[29.624172,46.6492382],[29.6236381,46.6493337],[29.6234526,46.6493994],[29.6231271,46.649339],[29.6228234,46.6493852],[29.6226309,46.6494511],[29.6223342,46.6495001],[29.6219642,46.6496057],[29.6217852,46.649687],[29.6216738,46.6497008],[29.6215348,46.6496803],[29.6215136,46.6496605],[29.6212258,46.6496114],[29.6211234,46.6495672],[29.6198081,46.6497556],[29.619673,46.6497748],[29.6195055,46.6494225],[29.6190315,46.648444],[29.6190184,46.6484104],[29.6183915,46.6484721],[29.617156,46.6487351],[29.6160522,46.6489611],[29.6159227,46.648632],[29.6159946,46.6482382],[29.6163024,46.6472554],[29.6169827,46.6472859],[29.6174053,46.6462001],[29.6178321,46.645746],[29.6179482,46.645653],[29.61745,46.6453917],[29.6172803,46.6452106],[29.6172516,46.6450152],[29.6186563,46.6440504],[29.6182406,46.6437245],[29.6193145,46.6432273],[29.6191811,46.6428826],[29.6191521,46.6427334],[29.6191881,46.6425277],[29.6194528,46.6421363],[29.6198207,46.6417391],[29.6221187,46.6412052],[29.6223879,46.6412437]]]}},{"type":"Feature","properties":{"entity_id":"osm-r18967534","jurisdiction":"MD","display_name":"Semionovca","display_type":"independent_village","admin_level":9,"tier":"detail","legal_registry":"CUATM","legal_id":"8532","legal_type":"independent_village","parent_catalog_id":"osm-r1303701","osm_relation_id":18967534,"legal_identity_status":"reconciled","geometry_source":"OpenStreetMap","geometry_precision":"master_coordinate_fidelity"},"geometry":{"type":"Polygon","coordinates":[[[29.5020759,46.5283458],[29.502899,46.526931],[29.5029187,46.5268971],[29.5044041,46.5243437],[29.5058974,46.5217763],[29.5059981,46.5216297],[29.5086,46.5211012],[29.5097149,46.5211495],[29.5098145,46.5209969],[29.5085255,46.5204435],[29.5078813,46.5202292],[29.5076399,46.5201342],[29.5069793,46.5198377],[29.5067076,46.5196635],[29.506803,46.5195913],[29.5065186,46.5194219],[29.5063877,46.5193128],[29.5062989,46.5193787],[29.5059285,46.5190361],[29.505753,46.5188349],[29.5057633,46.5188054],[29.5056306,46.5186113],[29.5058494,46.5184309],[29.5057385,46.5183631],[29.5055934,46.5183133],[29.5054246,46.5182405],[29.5053294,46.5180796],[29.5057653,46.5177854],[29.5058293,46.517736],[29.5055902,46.517595],[29.5055829,46.5175258],[29.5058406,46.5173903],[29.5062656,46.5170071],[29.506645,46.5172769],[29.5067674,46.517341],[29.5069184,46.5171446],[29.5070288,46.5170324],[29.5073018,46.5169203],[29.5076301,46.5168174],[29.5076524,46.5166759],[29.5078948,46.5164181],[29.5080292,46.5163684],[29.5081593,46.5162823],[29.5082599,46.5162491],[29.5083679,46.5162312],[29.5085157,46.516167],[29.5091206,46.5154576],[29.5091316,46.5153054],[29.5088123,46.5151965],[29.5088066,46.5151946],[29.5087373,46.5151637],[29.5087512,46.5151485],[29.5087229,46.5151361],[29.5086256,46.5150933],[29.5086798,46.5150462],[29.5082567,46.514824],[29.5084701,46.5145427],[29.5086725,46.5142957],[29.5088442,46.5140941],[29.5090133,46.5138888],[29.5092127,46.5136262],[29.5094882,46.5133019],[29.5098431,46.5127727],[29.5099278,46.5125334],[29.5100298,46.5123299],[29.5101179,46.5121935],[29.5102262,46.5122269],[29.5102962,46.5121089],[29.5104493,46.5118723],[29.5104986,46.511884],[29.5106882,46.5115974],[29.510791,46.5113466],[29.5109253,46.5111345],[29.5110413,46.5108961],[29.5111824,46.5106656],[29.5113192,46.51043],[29.5114483,46.510153],[29.5115166,46.5100382],[29.5116224,46.5098966],[29.5118495,46.5094799],[29.5118891,46.5094863],[29.5120239,46.5092674],[29.5121406,46.5092207],[29.5122989,46.5089642],[29.5123914,46.5088092],[29.5131055,46.5088453],[29.5134886,46.5089095],[29.5136503,46.5088875],[29.513841,46.5089039],[29.514644,46.509046],[29.5152245,46.5090821],[29.5155845,46.5091904],[29.5157178,46.508994],[29.5160371,46.5088899],[29.5165132,46.508902],[29.516879,46.5089021],[29.5168795,46.5083948],[29.5169973,46.5081424],[29.5170242,46.5080848],[29.5171319,46.5078591],[29.5171696,46.5078137],[29.5172013,46.5077756],[29.5172648,46.5077651],[29.5182188,46.5080413],[29.5189226,46.5082451],[29.5186208,46.5089545],[29.5187775,46.5089745],[29.520438,46.5091872],[29.5209721,46.5081052],[29.5216396,46.5067105],[29.5219367,46.5067945],[29.522983,46.5071206],[29.523024,46.507193],[29.5229617,46.5074096],[29.5230058,46.5074452],[29.5229643,46.5075993],[29.5228882,46.5077695],[29.5227679,46.5077603],[29.5225941,46.5080413],[29.5225465,46.5081795],[29.5224536,46.5084494],[29.5222769,46.5087505],[29.5221158,46.5090307],[29.5219906,46.5093403],[29.5220334,46.5094183],[29.5219118,46.5096835],[29.5216667,46.509944],[29.5214804,46.5101876],[29.5217125,46.5102429],[29.5216382,46.5103126],[29.5215701,46.5103911],[29.5213838,46.5103565],[29.5212086,46.510666],[29.5211803,46.5107305],[29.5214241,46.5108146],[29.5220976,46.5110311],[29.5221513,46.5109514],[29.5223214,46.5109938],[29.5223791,46.5108905],[29.5227548,46.5110107],[29.5228177,46.5110599],[29.5229789,46.5111862],[29.5228692,46.511523],[29.5228505,46.5115427],[29.5227155,46.5118602],[29.5226275,46.5118437],[29.5224521,46.512151],[29.5222683,46.5125276],[29.5221828,46.5128087],[29.5219254,46.5132121],[29.5215101,46.5138866],[29.5214256,46.5141801],[29.5213136,46.5145559],[29.5212015,46.5148867],[29.5211363,46.5152329],[29.5210423,46.5155403],[29.5209505,46.515817],[29.5208235,46.5161104],[29.5208258,46.5164133],[29.5207075,46.5167067],[29.5206261,46.5170164],[29.5204739,46.5173698],[29.5203044,46.5176259],[29.5201851,46.5179185],[29.5201278,46.5180248],[29.5200987,46.518602],[29.519936,46.5190468],[29.5196573,46.5194276],[29.5195995,46.5196787],[29.5195501,46.5198284],[29.5194559,46.5201014],[29.5194192,46.5200949],[29.5193821,46.520161],[29.5193248,46.5203354],[29.5191438,46.5204753],[29.5190462,46.5208223],[29.5190641,46.5210511],[29.5189962,46.5212304],[29.5192029,46.5212831],[29.5191426,46.5214696],[29.5189733,46.521641],[29.5188098,46.5218353],[29.518694,46.5220686],[29.5185852,46.5222557],[29.5187106,46.5222801],[29.518636,46.5225429],[29.5187108,46.5225581],[29.518579,46.5228482],[29.5184481,46.5231886],[29.5181031,46.5233703],[29.5180405,46.5233578],[29.5179438,46.5236366],[29.5178786,46.5236827],[29.5177794,46.5239979],[29.5178367,46.5240378],[29.5177897,46.5242626],[29.5176727,46.5243047],[29.5176405,46.5243505],[29.517599,46.524442],[29.5174848,46.5245805],[29.517353,46.5247708],[29.5173748,46.5248288],[29.5171977,46.5251154],[29.5171974,46.5252623],[29.5170226,46.525585],[29.5170518,46.5256688],[29.5169456,46.5258228],[29.5168481,46.5257939],[29.5167503,46.5259065],[29.5165633,46.526185],[29.5163905,46.5264974],[29.5161638,46.526806],[29.5161863,46.526815],[29.5157963,46.5272616],[29.5156334,46.5271721],[29.5151283,46.5268948],[29.515188,46.5268197],[29.5151702,46.5268105],[29.5151423,46.5267961],[29.5149632,46.5267033],[29.5148955,46.5266701],[29.5148502,46.5266479],[29.5146067,46.5266878],[29.5144845,46.5268142],[29.5142378,46.5270691],[29.5137988,46.526902],[29.5132244,46.5266382],[29.5131329,46.5268132],[29.5130536,46.5269851],[29.5129575,46.5271933],[29.5129007,46.5274363],[29.5128769,46.5275377],[29.5129589,46.527569],[29.5127208,46.5279579],[29.5126935,46.5279672],[29.512335,46.5282739],[29.5119671,46.5281369],[29.5117154,46.5283999],[29.5115109,46.5286066],[29.5116232,46.5286767],[29.5114312,46.5288702],[29.5113846,46.528854],[29.5111364,46.5290786],[29.5109563,46.5292155],[29.5107122,46.5295119],[29.5105657,46.5294522],[29.5102459,46.529322],[29.5101518,46.5292927],[29.510022,46.5292178],[29.5098334,46.5291282],[29.5096521,46.5290637],[29.5090468,46.5288433],[29.5084515,46.5287202],[29.5080982,46.5290767],[29.5080674,46.5290836],[29.5077809,46.5290691],[29.5077276,46.5289426],[29.5076919,46.5289316],[29.5066611,46.5286137],[29.5064418,46.5286706],[29.5063749,46.5286739],[29.5062277,46.5286146],[29.5058556,46.5284497],[29.5056407,46.5283269],[29.5055246,46.5281785],[29.5054723,46.5282787],[29.5055591,46.5288118],[29.5038751,46.5282463],[29.5033002,46.5281059],[29.5020759,46.5283458]]]}},{"type":"Feature","properties":{"entity_id":"osm-r18967539","jurisdiction":"MD","display_name":"Copceac","display_type":"independent_village","admin_level":9,"tier":"detail","legal_registry":"CUATM","legal_id":"8517","legal_type":"independent_village","parent_catalog_id":"osm-r1301117","osm_relation_id":18967539,"legal_identity_status":"reconciled","geometry_source":"OpenStreetMap","geometry_precision":"master_coordinate_fidelity"},"geometry":{"type":"Polygon","coordinates":[[[29.5134955,46.4554643],[29.5135573,46.4554078],[29.5135841,46.4553242],[29.5136373,46.4549831],[29.5136893,46.4547181],[29.5137007,46.4546431],[29.5132354,46.4546026],[29.5130211,46.4545886],[29.5127865,46.4545733],[29.5125531,46.4545581],[29.5123198,46.4545428],[29.5120865,46.4545275],[29.5118533,46.4545123],[29.5116201,46.454497],[29.5113869,46.4544818],[29.5111546,46.4544667],[29.5110562,46.4544525],[29.5112304,46.453191],[29.5112352,46.4531506],[29.5114248,46.4518038],[29.5114312,46.4517608],[29.5116184,46.4504268],[29.5116295,46.4503887],[29.5117722,46.4493238],[29.511854,46.4489275],[29.5116182,46.4489197],[29.5116137,46.448814],[29.5115767,46.4484867],[29.5115659,46.4483594],[29.5115363,46.4480104],[29.5115356,46.447768],[29.5115165,46.4474782],[29.5115021,46.4472051],[29.5114875,46.4469333],[29.5114388,46.446648],[29.5113987,46.4464625],[29.5113512,46.4462432],[29.511163,46.4453247],[29.5113766,46.4449883],[29.5113828,46.4448767],[29.5119405,46.4448047],[29.5125878,46.4447004],[29.5132591,46.4446354],[29.5134033,46.4446294],[29.5142003,46.4444479],[29.5143244,46.4444154],[29.5141729,46.4438955],[29.5143842,46.4437722],[29.5192811,46.4421812],[29.5212943,46.4414915],[29.5221419,46.4412045],[29.5240074,46.4405714],[29.52481,46.440296],[29.5255173,46.4402999],[29.5260766,46.4401882],[29.526769,46.4400012],[29.5269767,46.4400827],[29.5272125,46.4403465],[29.5273592,46.440324],[29.5274875,46.4403155],[29.5277158,46.4408944],[29.528167,46.4419878],[29.5286781,46.4431945],[29.5288017,46.4435282],[29.5287512,46.4436989],[29.5286502,46.4438153],[29.5283451,46.4439907],[29.5276939,46.4442196],[29.5273502,46.4443427],[29.5272348,46.4443749],[29.5264247,46.4445498],[29.5266731,46.4447888],[29.5268293,46.4449692],[29.5273284,46.4450685],[29.527393,46.4451112],[29.5273986,46.4452101],[29.5273678,46.4455147],[29.527219,46.4455244],[29.5272668,46.4458367],[29.5272277,46.4459378],[29.5271777,46.4463158],[29.5271653,46.4464667],[29.5271416,46.4465113],[29.5269882,46.446733],[29.5270153,46.4467501],[29.5270638,46.4468133],[29.527114,46.4469228],[29.5271198,46.447006],[29.5271144,46.4470898],[29.5271433,46.447256],[29.5273184,46.447289],[29.5273981,46.4471635],[29.527718,46.4470029],[29.5279946,46.4471394],[29.5280695,46.4471447],[29.528481,46.4470826],[29.5285894,46.4472931],[29.528323,46.4473822],[29.5282355,46.4473927],[29.5282953,46.4475021],[29.5284545,46.4476197],[29.5285598,46.4476095],[29.5286794,46.447552],[29.528967,46.4474398],[29.5291128,46.4474203],[29.5294266,46.4474183],[29.5295499,46.4474096],[29.5295793,46.4474161],[29.5296004,46.4474396],[29.5296216,46.4475164],[29.5296304,46.4475755],[29.5297393,46.4475862],[29.5297948,46.4477152],[29.5298439,46.4478363],[29.5297502,46.4479094],[29.5297017,46.4479794],[29.5296203,46.4480647],[29.5294651,46.4481765],[29.5295024,46.448282],[29.5294857,46.4484598],[29.5297001,46.4485731],[29.5297623,46.4486322],[29.5297682,46.4486555],[29.5297538,46.4487333],[29.529847,46.4488244],[29.52928,46.4490378],[29.5296487,46.4495488],[29.5297462,46.4499419],[29.5300437,46.4498526],[29.5305041,46.4497362],[29.5305479,46.4498185],[29.5306322,46.4499336],[29.5306731,46.4499746],[29.5306858,46.4500006],[29.5304403,46.4503842],[29.5304218,46.4503958],[29.5304208,46.4504391],[29.5303571,46.4505375],[29.53016,46.4506682],[29.5301244,46.4506842],[29.5298708,46.4508791],[29.5298208,46.4508715],[29.5297959,46.4508728],[29.529742,46.4508915],[29.5296827,46.4509586],[29.5296586,46.4509647],[29.5294599,46.4509519],[29.5294013,46.4509606],[29.5293281,46.4509652],[29.5293176,46.4509622],[29.5292083,46.4509732],[29.5290832,46.4510187],[29.5290716,46.45103],[29.52923,46.4511136],[29.5295219,46.4511447],[29.5300722,46.4513348],[29.5303417,46.4514473],[29.5303305,46.4516879],[29.530481,46.4516656],[29.5306325,46.451621],[29.5308966,46.4515326],[29.5315457,46.4513014],[29.531868,46.4517006],[29.5318736,46.4517817],[29.5319352,46.4518641],[29.532522,46.4527187],[29.5328684,46.4532515],[29.5324885,46.4535313],[29.5325392,46.4536302],[29.5323389,46.4537725],[29.5320579,46.4539195],[29.532012,46.4539558],[29.5320372,46.454048],[29.5320845,46.4541154],[29.532124,46.4541958],[29.5323595,46.4548238],[29.5326971,46.4548722],[29.5328315,46.4549196],[29.5330882,46.4549321],[29.5332497,46.4549568],[29.5334929,46.4549289],[29.5336018,46.4549302],[29.5336508,46.454967],[29.5337809,46.4549698],[29.5338583,46.4549959],[29.5340385,46.4550931],[29.5339974,46.4552479],[29.5338293,46.4552492],[29.5337026,46.4551953],[29.5335832,46.455168],[29.5335932,46.4553555],[29.5335406,46.4553821],[29.5336215,46.4555492],[29.5333468,46.4556502],[29.5333792,46.4557346],[29.5334375,46.4558087],[29.533474,46.4559959],[29.5334762,46.4560372],[29.5334646,46.4561537],[29.5332176,46.4562197],[29.5331671,46.4562895],[29.5331728,46.4564331],[29.5334591,46.4564797],[29.5338522,46.4565379],[29.5343182,46.4565495],[29.5351717,46.4565766],[29.535127,46.4572168],[29.5351158,46.4574768],[29.5352935,46.4575552],[29.5363568,46.4576397],[29.5363469,46.4577383],[29.5363224,46.4579889],[29.5363203,46.4580728],[29.536308,46.458576],[29.5362843,46.4590055],[29.5357116,46.4591219],[29.5358465,46.4594633],[29.5358894,46.459534],[29.536232,46.4596309],[29.5363969,46.4598591],[29.5365378,46.4601807],[29.5366598,46.4604559],[29.5367438,46.4606452],[29.5371049,46.4611549],[29.5373526,46.4629164],[29.5375103,46.4641658],[29.5314904,46.4643056],[29.5311192,46.4621872],[29.5308607,46.4611318],[29.5301419,46.4611318],[29.5286932,46.4613103],[29.5282496,46.461368],[29.5271133,46.4615748],[29.5260596,46.4617249],[29.5255411,46.461761],[29.5252005,46.4617912],[29.5248238,46.4615882],[29.5243581,46.4612347],[29.5239699,46.46094],[29.5236466,46.4606945],[29.523109,46.4602864],[29.5229226,46.460149],[29.5226601,46.459916],[29.5225274,46.4597983],[29.5223936,46.4596796],[29.5223564,46.4596465],[29.5220456,46.4594696],[29.5218462,46.4593659],[29.521587,46.4592769],[29.5213006,46.4591785],[29.5207144,46.4589772],[29.5203711,46.4586558],[29.5203972,46.4584432],[29.5207753,46.4569797],[29.5195512,46.456351],[29.5192039,46.4568911],[29.5188887,46.4572589],[29.5187686,46.4572292],[29.5178015,46.4569636],[29.5178778,46.4568123],[29.5178412,46.4567977],[29.5175676,46.4567457],[29.5175391,46.4568107],[29.5173132,46.4567497],[29.5173752,46.4566454],[29.5173197,46.4566273],[29.5172425,46.4566145],[29.5169195,46.4565346],[29.5169019,46.45657],[29.5164742,46.4564626],[29.5163657,46.4564359],[29.5160068,46.4563371],[29.5160323,46.4562929],[29.5156521,46.4561972],[29.5154663,46.4566852],[29.5150035,46.4565969],[29.5150307,46.4565297],[29.5148326,46.4564754],[29.5146344,46.4564672],[29.5145501,46.4565002],[29.5141944,46.4563733],[29.5143209,46.4559129],[29.5133333,46.4558887],[29.5134955,46.4554643]]]}},{"type":"Feature","properties":{"entity_id":"osm-r18967617","jurisdiction":"MD","display_name":"Alava","display_type":"commune","admin_level":9,"tier":"detail","legal_registry":"CUATM","legal_id":"8510","legal_type":"commune","parent_catalog_id":"osm-r1706624","osm_relation_id":18967617,"legal_identity_status":"reconciled","geometry_source":"OpenStreetMap","geometry_precision":"master_coordinate_fidelity"},"geometry":{"type":"Polygon","coordinates":[[[29.5620411,46.5124786],[29.5613531,46.5122644],[29.5615257,46.5114976],[29.5617782,46.5104729],[29.5620371,46.509413],[29.5623087,46.5084544],[29.562663,46.5085779],[29.5627658,46.50836],[29.5628275,46.5082534],[29.56278,46.5082385],[29.5629886,46.5078297],[29.5630102,46.5077872],[29.5634184,46.5078948],[29.5643611,46.508129],[29.5653734,46.503872],[29.5679508,46.5042344],[29.568253,46.5042526],[29.5688521,46.5042498],[29.5691265,46.5043733],[29.5695095,46.5044748],[29.5701273,46.5032843],[29.5704975,46.5033911],[29.5707931,46.5034765],[29.570382,46.5044226],[29.5724326,46.505454],[29.572324,46.5061195],[29.5721898,46.5069877],[29.5721203,46.5071986],[29.5720077,46.5074262],[29.5720557,46.5074374],[29.5718779,46.5078108],[29.5718403,46.5078032],[29.571763,46.5081151],[29.5718127,46.5081264],[29.5717932,46.508357],[29.5717858,46.5085314],[29.5717627,46.5087116],[29.5717209,46.5090483],[29.5716272,46.5093123],[29.5715338,46.5093509],[29.571482,46.5096142],[29.5714058,46.5099411],[29.5713692,46.5100421],[29.5712862,46.5102697],[29.5712561,46.5103508],[29.5712179,46.5105295],[29.5710944,46.510823],[29.5709456,46.5111194],[29.5709888,46.5111286],[29.5707597,46.5114331],[29.5705788,46.5116734],[29.5706617,46.5116998],[29.5704522,46.5119745],[29.5703907,46.5119552],[29.5702273,46.5121797],[29.5699858,46.5125012],[29.5697347,46.5128764],[29.5695906,46.513154],[29.569543,46.5132137],[29.5695499,46.5132377],[29.5694359,46.5133654],[29.5693845,46.5133639],[29.5692686,46.5134576],[29.5691157,46.5136483],[29.5691645,46.5136648],[29.5685618,46.5145718],[29.5684651,46.5145457],[29.5681986,46.514474],[29.5679664,46.514398],[29.5677524,46.514321],[29.5675255,46.5142279],[29.5673562,46.5141806],[29.5672954,46.5141689],[29.5670832,46.5141064],[29.5668668,46.5140496],[29.5668776,46.5140331],[29.5666508,46.5139276],[29.5664967,46.5138552],[29.5664315,46.5138246],[29.5662782,46.5137489],[29.5662288,46.5137252],[29.5659767,46.5136437],[29.5657887,46.5135861],[29.5650737,46.5133669],[29.5643515,46.5131454],[29.5636218,46.5129216],[29.5635267,46.5128924],[29.5633361,46.5128409],[29.5632963,46.5128407],[29.5623828,46.512567],[29.5620411,46.5124786]]]}},{"type":"Feature","properties":{"entity_id":"osm-r18967621","jurisdiction":"MD","display_name":"Ermoclia","display_type":"independent_village","admin_level":9,"tier":"detail","legal_registry":"CUATM","legal_id":"8519","legal_type":"independent_village","parent_catalog_id":"osm-r1706593","osm_relation_id":18967621,"legal_identity_status":"reconciled","geometry_source":"OpenStreetMap","geometry_precision":"master_coordinate_fidelity"},"geometry":{"type":"Polygon","coordinates":[[[29.4963456,46.5861021],[29.4964492,46.5860349],[29.4966981,46.5858735],[29.4969006,46.5857527],[29.4969233,46.5857391],[29.4971111,46.5855881],[29.4972148,46.5855189],[29.49728,46.5854743],[29.4974508,46.5853452],[29.4975966,46.5852432],[29.4977468,46.5851563],[29.4977858,46.5851329],[29.4979263,46.5850389],[29.4980566,46.5849494],[29.4983018,46.584781],[29.4984165,46.5847022],[29.4985067,46.5846402],[29.498597,46.5845782],[29.4989028,46.5843681],[29.4989427,46.5843407],[29.4991379,46.5842023],[29.4995276,46.5839203],[29.4997812,46.5837399],[29.4988788,46.5828696],[29.4988654,46.5828655],[29.4988322,46.582848],[29.4988706,46.5828263],[29.4989205,46.5828073],[29.4989798,46.5827732],[29.499016,46.5827452],[29.4991302,46.5826484],[29.4992949,46.5825047],[29.4994322,46.5823823],[29.4996114,46.5822198],[29.4997564,46.5820902],[29.4999652,46.5819026],[29.5002204,46.5816721],[29.5004041,46.5814961],[29.5005669,46.5813332],[29.5006195,46.5812871],[29.5007419,46.5811854],[29.5009294,46.5810203],[29.5010202,46.580934],[29.5010909,46.5808337],[29.5010892,46.5807526],[29.5010672,46.5807125],[29.5010262,46.5806714],[29.5010493,46.5804718],[29.4995238,46.5792473],[29.5002874,46.5782132],[29.5013144,46.5787119],[29.501199,46.5788459],[29.5010219,46.5790516],[29.5020101,46.5796166],[29.5020738,46.5796592],[29.5021692,46.5795532],[29.5024781,46.5791766],[29.5027828,46.5788048],[29.5031138,46.5783948],[29.5034767,46.577916],[29.5037678,46.5775933],[29.5039067,46.5774693],[29.5039588,46.5774186],[29.5040176,46.5773541],[29.5041202,46.5772431],[29.504191,46.5771636],[29.5043253,46.5770197],[29.5044366,46.5769015],[29.5045137,46.5768175],[29.5046081,46.5767075],[29.504688,46.5766056],[29.5047323,46.5765374],[29.5047925,46.5764488],[29.5048493,46.5763677],[29.5049253,46.5762696],[29.5050063,46.5761678],[29.5050828,46.5760639],[29.5052047,46.575894],[29.5053441,46.5756906],[29.5054879,46.575485],[29.5056082,46.5753057],[29.5058668,46.5749291],[29.5062669,46.574371],[29.5065838,46.5739244],[29.5071961,46.5730168],[29.5074569,46.5726404],[29.507771,46.5722038],[29.5080365,46.5718308],[29.5082114,46.5715851],[29.5084305,46.5712512],[29.5085181,46.5711034],[29.5086011,46.5710047],[29.5086459,46.5709424],[29.5089388,46.5705358],[29.5092686,46.5700768],[29.5093925,46.5698993],[29.5095124,46.5697286],[29.5096561,46.5695483],[29.5097045,46.5694778],[29.5097918,46.5693537],[29.5098367,46.5692852],[29.5099619,46.56929],[29.5100691,46.5695374],[29.5102983,46.5696429],[29.5116824,46.5698724],[29.5120855,46.5699389],[29.5122518,46.5699518],[29.5123376,46.5699537],[29.5132565,46.5699396],[29.5134647,46.5699164],[29.5137053,46.5698689],[29.5140288,46.5697768],[29.5141808,46.5697034],[29.5142757,46.5696418],[29.514348,46.5695775],[29.5144258,46.5694752],[29.5144509,46.5694225],[29.5148065,46.5684868],[29.5149467,46.5680175],[29.5150664,46.5675238],[29.5151396,46.5673264],[29.5151742,46.5672287],[29.5151577,46.5671234],[29.5151712,46.5670606],[29.5152316,46.5667808],[29.5152521,46.5667134],[29.5153051,46.5665642],[29.5153365,46.5664972],[29.5154808,46.5663348],[29.5156627,46.5661984],[29.515756,46.5661427],[29.5160001,46.5660349],[29.5168941,46.5657164],[29.5177627,46.5654317],[29.5182194,46.565312],[29.5184628,46.5652652],[29.518614,46.5652527],[29.5188847,46.5652655],[29.5192249,46.5652829],[29.5194358,46.5653006],[29.5196985,46.5653198],[29.5199366,46.5653374],[29.5202367,46.5653616],[29.5204646,46.5653821],[29.5205978,46.565401],[29.5207187,46.5654309],[29.5208678,46.5654693],[29.5211249,46.5655348],[29.5213354,46.5655846],[29.5215386,46.5656443],[29.5216835,46.5656962],[29.5217847,46.5657401],[29.5219517,46.5658187],[29.5221543,46.5659069],[29.5223325,46.5659798],[29.5226432,46.5661016],[29.5228471,46.5661872],[29.5232578,46.5663557],[29.5234236,46.5664381],[29.5236616,46.566568],[29.5237465,46.5666279],[29.5244722,46.5671999],[29.5251535,46.5677575],[29.5253038,46.5678877],[29.5253715,46.5679658],[29.525368,46.5680757],[29.5253151,46.5681921],[29.5252524,46.5682708],[29.5251229,46.5684742],[29.5249994,46.5686804],[29.5247564,46.5689588],[29.5248547,46.5690163],[29.5248527,46.5690368],[29.5248669,46.5693491],[29.5248317,46.569403],[29.5238007,46.5694863],[29.5237921,46.5698135],[29.5239537,46.5705416],[29.5244412,46.5722742],[29.5242851,46.5738825],[29.5243181,46.5742411],[29.5243273,46.5745947],[29.5242905,46.5746617],[29.522369,46.5746501],[29.5223637,46.5747595],[29.5222865,46.5750336],[29.5222621,46.5754981],[29.5221011,46.5769907],[29.5241513,46.5774391],[29.535596,46.5791154],[29.5324444,46.5830275],[29.5308771,46.5849587],[29.5306479,46.5848976],[29.5304146,46.5848398],[29.5299442,46.5847235],[29.5296372,46.5846475],[29.5292321,46.5845472],[29.5288293,46.5844475],[29.5285775,46.5843852],[29.5281011,46.5842674],[29.5279551,46.5842263],[29.5281935,46.5836348],[29.5279756,46.5835911],[29.5277753,46.5835509],[29.5271701,46.5834293],[29.5268187,46.5833588],[29.5265532,46.5833055],[29.5261968,46.583234],[29.5258944,46.5831733],[29.5257631,46.5831469],[29.5256321,46.5831206],[29.5253065,46.5830553],[29.5249293,46.5829795],[29.5246879,46.5838329],[29.5246727,46.5838648],[29.524502,46.5838321],[29.5239365,46.5837237],[29.523781,46.5841309],[29.5237431,46.5841297],[29.5236967,46.5843665],[29.5236768,46.5846284],[29.5241345,46.5847192],[29.5245734,46.5848072],[29.5248773,46.5848679],[29.5250482,46.5848996],[29.5252929,46.5849453],[29.5256607,46.5850124],[29.5258131,46.5850394],[29.5254932,46.5859116],[29.5256696,46.5859474],[29.526049,46.5860401],[29.5262075,46.5860655],[29.5267561,46.5861949],[29.5269756,46.5862467],[29.5271352,46.5862843],[29.5273367,46.5863279],[29.5272239,46.5866346],[29.5271797,46.5868517],[29.5270463,46.5869922],[29.5266123,46.5875722],[29.5267609,46.5876406],[29.5270884,46.5877376],[29.5274075,46.587841],[29.527898,46.587997],[29.528138,46.5880787],[29.52829,46.5881361],[29.5276993,46.5888804],[29.5273908,46.5892226],[29.5260346,46.5909774],[29.5254967,46.5913457],[29.5252611,46.5912722],[29.524915,46.5911805],[29.52364,46.5907115],[29.5223424,46.590238],[29.5209898,46.5897368],[29.5204082,46.5895395],[29.5180786,46.5887104],[29.5174764,46.5884701],[29.5164614,46.5893656],[29.5158123,46.589909],[29.5157697,46.5900203],[29.5155525,46.5902217],[29.5152074,46.5904859],[29.5150259,46.5904185],[29.5148375,46.5903377],[29.5146421,46.5902539],[29.5145124,46.5901982],[29.5143816,46.5901498],[29.5142188,46.5900894],[29.514056,46.5900291],[29.5138982,46.5899707],[29.5135412,46.5898416],[29.5130904,46.5904952],[29.5129846,46.5906024],[29.5128685,46.5906594],[29.5126152,46.5907177],[29.5122427,46.5907641],[29.5118079,46.590804],[29.5115342,46.5908018],[29.5113807,46.5907759],[29.5111418,46.5906983],[29.5108871,46.5904888],[29.5124753,46.5884722],[29.5118625,46.5885971],[29.5112757,46.5884245],[29.5109046,46.5883055],[29.5102573,46.5880912],[29.5099924,46.5879962],[29.5099332,46.5880619],[29.5099185,46.5881783],[29.5098318,46.5882186],[29.5097478,46.5883984],[29.5097128,46.5885057],[29.5097176,46.5887405],[29.5096712,46.5889409],[29.5096115,46.5891646],[29.5089522,46.5894711],[29.5084039,46.5896046],[29.5083081,46.5896153],[29.5083014,46.5895884],[29.5080943,46.5896121],[29.5079273,46.5897956],[29.5076614,46.5897445],[29.5065021,46.5894666],[29.5053802,46.5890675],[29.5048995,46.5888544],[29.5041353,46.5889491],[29.5032547,46.5896366],[29.5025393,46.5902737],[29.5024634,46.590243],[29.5023543,46.5901877],[29.5017031,46.589775],[29.501787,46.5896219],[29.5017011,46.5895613],[29.5016332,46.5894989],[29.5017305,46.5893919],[29.501757,46.5893631],[29.5019363,46.5892149],[29.5020665,46.5891154],[29.5022375,46.5889783],[29.5022562,46.5889932],[29.5025108,46.5888613],[29.5026877,46.5887701],[29.5028708,46.5887107],[29.5031616,46.5885716],[29.5029546,46.5885417],[29.5019788,46.5878647],[29.5013553,46.5878218],[29.5010865,46.587785],[29.5007949,46.5877292],[29.5000835,46.5875796],[29.4996967,46.587885],[29.4993823,46.5881369],[29.4990325,46.5884204],[29.4989208,46.5884098],[29.4988233,46.5884005],[29.4985624,46.5882288],[29.4984712,46.5881579],[29.4983726,46.5880716],[29.4983836,46.5880632],[29.4983645,46.5880471],[29.498353,46.5880519],[29.498204,46.5879231],[29.497857,46.5876101],[29.4975185,46.5873356],[29.4972135,46.5870625],[29.4971468,46.5869756],[29.4971189,46.5869454],[29.4968446,46.586654],[29.4967864,46.586592],[29.4966502,46.5864334],[29.4964704,46.5862394],[29.4963456,46.5861021]]]}},{"type":"Feature","properties":{"entity_id":"osm-r18967637","jurisdiction":"MD","display_name":"Viișoara","display_type":"component_locality","admin_level":9,"tier":"detail","legal_registry":"CUATM","legal_id":"8529","legal_type":null,"parent_catalog_id":"osm-r1811533","osm_relation_id":18967637,"legal_identity_status":"reconciled","geometry_source":"OpenStreetMap","geometry_precision":"master_coordinate_fidelity"},"geometry":{"type":"Polygon","coordinates":[[[29.828864,46.5471927],[29.8282782,46.5473421],[29.8271101,46.54811],[29.8275795,46.549731],[29.8273938,46.5501419],[29.8265292,46.5502458],[29.8264769,46.5506311],[29.826014,46.5506969],[29.8260113,46.5506835],[29.8258641,46.5507062],[29.825391,46.5507765],[29.824614,46.5490348],[29.823421,46.5491637],[29.8232292,46.5486017],[29.8231624,46.5483822],[29.8228907,46.5481599],[29.8215445,46.548351],[29.8207367,46.5460917],[29.8199176,46.5461456],[29.8197674,46.5459743],[29.8198081,46.5459065],[29.8193846,46.545337],[29.8215462,46.5444939],[29.8213809,46.5437641],[29.8223031,46.5434895],[29.8239336,46.5430601],[29.8260516,46.5424235],[29.8273752,46.544116],[29.8281612,46.5440612],[29.8281779,46.5440995],[29.8284061,46.5446235],[29.8288422,46.5445022],[29.8290263,46.5444577],[29.8292248,46.5448086],[29.8285992,46.5449743],[29.8288317,46.545333],[29.8289732,46.5454777],[29.8289801,46.5460836],[29.828864,46.5471927]]]}},{"type":"Feature","properties":{"entity_id":"osm-r18967647","jurisdiction":"MD","display_name":"Lazo","display_type":"component_locality","admin_level":9,"tier":"detail","legal_registry":"CUATM","legal_id":"8511","legal_type":null,"parent_catalog_id":"osm-r1706624","osm_relation_id":18967647,"legal_identity_status":"reconciled","geometry_source":"OpenStreetMap","geometry_precision":"master_coordinate_fidelity"},"geometry":{"type":"Polygon","coordinates":[[[29.5710891,46.4936404],[29.5709594,46.4935803],[29.5709578,46.493436],[29.5709546,46.4932487],[29.5713282,46.4927065],[29.5717612,46.4921727],[29.5719869,46.4918982],[29.5717906,46.4918087],[29.5714799,46.4916671],[29.5713118,46.4915839],[29.5704143,46.4911387],[29.5706268,46.4909316],[29.5708336,46.490701],[29.5710815,46.4904327],[29.5713031,46.4902141],[29.5713656,46.4901473],[29.5710993,46.4900229],[29.5712055,46.489908],[29.5713382,46.489744],[29.5712951,46.4897184],[29.5714552,46.489533],[29.5718311,46.4896891],[29.5722426,46.4892379],[29.5723543,46.4892806],[29.5725921,46.4890144],[29.5721567,46.4888119],[29.572363,46.4885828],[29.5725064,46.4883872],[29.5726836,46.488216],[29.5727109,46.4881844],[29.572776,46.4881359],[29.57261,46.487952],[29.5710594,46.4873478],[29.5713338,46.4870438],[29.5717613,46.4872069],[29.572074,46.4873348],[29.5723739,46.4874759],[29.5726674,46.4876258],[29.5727718,46.487527],[29.572816,46.4874912],[29.5728989,46.4874244],[29.5730212,46.4872872],[29.5731989,46.4871206],[29.5735213,46.4872808],[29.5736881,46.4871717],[29.5739541,46.4871445],[29.5742615,46.4869396],[29.5747118,46.4865847],[29.5748591,46.486646],[29.5751751,46.486005],[29.5754409,46.4857578],[29.5751674,46.4856453],[29.5750262,46.4855963],[29.5753018,46.4853616],[29.5753538,46.4853703],[29.5756208,46.485136],[29.5752436,46.4849615],[29.575452,46.4847528],[29.5754727,46.4847637],[29.5756826,46.4845739],[29.5759264,46.4842401],[29.5762028,46.483959],[29.5763883,46.4837588],[29.5765358,46.4836076],[29.5771128,46.4839048],[29.5778194,46.4842686],[29.5781323,46.4843986],[29.5783511,46.4844895],[29.5788447,46.4839453],[29.5791735,46.4835778],[29.5795763,46.4831274],[29.5803366,46.4822861],[29.581334,46.4828931],[29.5815619,46.4830212],[29.5808133,46.4837649],[29.5808614,46.4837909],[29.5806544,46.4840137],[29.5806081,46.4839885],[29.58036,46.4841985],[29.5804003,46.4842188],[29.5801744,46.4844371],[29.5802565,46.4844854],[29.5801506,46.4845843],[29.5799198,46.4847642],[29.5797092,46.4849584],[29.5794917,46.4851383],[29.5792963,46.4853642],[29.5790955,46.4856104],[29.5788582,46.4859442],[29.5786415,46.4862109],[29.5784993,46.4861942],[29.5782693,46.486212],[29.578221,46.486381],[29.5781774,46.4864713],[29.5780198,46.4868006],[29.5781041,46.4868352],[29.577907,46.4870627],[29.5779515,46.4871745],[29.577718,46.4874462],[29.5775794,46.4876654],[29.5774058,46.4879151],[29.5774835,46.4879566],[29.5772921,46.4881701],[29.5770997,46.4883945],[29.5770626,46.4884355],[29.5770009,46.4885099],[29.5768752,46.4886463],[29.5768102,46.4887215],[29.5766933,46.4888399],[29.576507,46.4890328],[29.5763932,46.4891112],[29.5762869,46.4892017],[29.5761818,46.4892725],[29.5761466,46.4893023],[29.5761014,46.4893406],[29.576028,46.4894046],[29.5754655,46.4900041],[29.5752543,46.4901769],[29.57516,46.4901276],[29.5750687,46.4902383],[29.5749622,46.4903536],[29.5749902,46.4903728],[29.574786,46.49059],[29.5744773,46.4908724],[29.5745117,46.4909137],[29.5742729,46.4911222],[29.5740556,46.4914869],[29.5738967,46.4916583],[29.5736846,46.4919081],[29.5734642,46.4921326],[29.5732362,46.4923867],[29.5732634,46.4924],[29.5730426,46.492678],[29.5730476,46.4927286],[29.573026,46.4927658],[29.5727997,46.4930105],[29.5726153,46.4932336],[29.5725896,46.4932248],[29.5723988,46.4934898],[29.5722223,46.4937308],[29.5720242,46.4940253],[29.5719534,46.4940131],[29.571272,46.4937319],[29.5711344,46.4936672],[29.5710891,46.4936404]]]}},{"type":"Feature","properties":{"entity_id":"osm-r18968137","jurisdiction":"MD","display_name":"Ștefănești","display_type":"independent_village","admin_level":9,"tier":"detail","legal_registry":"CUATM","legal_id":"8534","legal_type":"independent_village","parent_catalog_id":"osm-r1706595","osm_relation_id":18968137,"legal_identity_status":"reconciled","geometry_source":"OpenStreetMap","geometry_precision":"master_coordinate_fidelity"},"geometry":{"type":"Polygon","coordinates":[[[29.6865588,46.4565393],[29.6869766,46.4555313],[29.6865734,46.4554551],[29.6858991,46.4553254],[29.6852922,46.4551768],[29.6848008,46.4551158],[29.683612,46.4548402],[29.6826293,46.4545968],[29.6824925,46.4544224],[29.6827179,46.4539659],[29.6824018,46.4536458],[29.6828737,46.453024],[29.683163,46.452671],[29.6832783,46.4525496],[29.6835922,46.4521987],[29.6838752,46.4518937],[29.6840534,46.4517178],[29.6842695,46.4514107],[29.6847678,46.4508897],[29.6849309,46.4507624],[29.6850715,46.4506218],[29.6848284,46.4505186],[29.6847592,46.4504915],[29.6845948,46.4503164],[29.6840202,46.450046],[29.6841744,46.4498494],[29.6835368,46.4496068],[29.6837576,46.4492427],[29.6842757,46.4481604],[29.6844359,46.4476856],[29.6844991,46.4474112],[29.6845809,46.447155],[29.68459,46.4471192],[29.685678,46.4448681],[29.6858042,46.444587],[29.6862505,46.4436604],[29.6876182,46.4416434],[29.6886793,46.4401817],[29.6892044,46.4394451],[29.6893483,46.4388452],[29.6884519,46.4386974],[29.6884977,46.4385046],[29.6886068,46.4385185],[29.6886886,46.4381449],[29.6887098,46.4379399],[29.6888323,46.4374853],[29.6889463,46.4374953],[29.689621,46.4375543],[29.6899251,46.4375642],[29.6904882,46.4376322],[29.6905149,46.4376289],[29.6905221,46.4374814],[29.6905371,46.4373213],[29.6905725,46.4371526],[29.6906174,46.4369819],[29.6906332,46.4367847],[29.6907009,46.4364706],[29.6907632,46.4364457],[29.6917068,46.4365724],[29.6918003,46.4369777],[29.6920008,46.4369763],[29.6920751,46.4369412],[29.6921567,46.4369299],[29.6931067,46.437018],[29.6932907,46.4370518],[29.6934741,46.4370924],[29.6935292,46.437609],[29.6936542,46.4378916],[29.6937369,46.4380635],[29.693785,46.4382005],[29.6938654,46.4384049],[29.6939474,46.4385741],[29.6937881,46.4391151],[29.6938497,46.4391488],[29.6937682,46.4393855],[29.6944022,46.4394159],[29.6945606,46.4395179],[29.6946981,46.4398778],[29.695064,46.4398259],[29.6951959,46.440114],[29.6952235,46.4401585],[29.6952496,46.440155],[29.6952672,46.440197],[29.6952812,46.4402466],[29.695364,46.4404203],[29.695429,46.4404156],[29.6956083,46.4406996],[29.6959159,46.4408634],[29.6959303,46.4408505],[29.6959726,46.4410808],[29.6960934,46.4410748],[29.6962272,46.4412572],[29.6962511,46.4414537],[29.696172,46.4414576],[29.696054,46.4414578],[29.6961055,46.4416176],[29.6962168,46.4417871],[29.6962869,46.4419512],[29.6963276,46.4420773],[29.6965646,46.4420808],[29.6966554,46.4422545],[29.6966914,46.4422523],[29.6967471,46.442399],[29.6967651,46.4425502],[29.6967739,46.4427229],[29.6967797,46.4428053],[29.6968444,46.4428103],[29.6968363,46.4429194],[29.6968336,46.4430675],[29.6968133,46.4432076],[29.6966154,46.4433104],[29.696417,46.4434545],[29.6961696,46.4435584],[29.6958952,46.4436093],[29.6958159,46.4436091],[29.6958621,46.4436763],[29.6958688,46.4437782],[29.6958177,46.4438168],[29.6958062,46.4439275],[29.6957648,46.443973],[29.6956265,46.4441133],[29.6954625,46.4440982],[29.6953487,46.4442622],[29.695244,46.4442319],[29.6950857,46.4442229],[29.6949085,46.4444631],[29.6947162,46.4445871],[29.6944064,46.44475],[29.6940437,46.4446551],[29.6939966,46.4446733],[29.6939352,46.444697],[29.6934262,46.4460267],[29.6928954,46.4471523],[29.6924996,46.4479418],[29.6917973,46.4491402],[29.6914406,46.4497655],[29.6912979,46.4498455],[29.6908221,46.4502988],[29.6910352,46.4504235],[29.6911008,46.4505293],[29.6910898,46.4506615],[29.6910747,46.450827],[29.6908821,46.4512974],[29.6907813,46.4515614],[29.690687,46.4517885],[29.6908113,46.4518373],[29.6906228,46.4520926],[29.6904611,46.4522434],[29.6903153,46.4522933],[29.6903892,46.4523462],[29.6907609,46.4524445],[29.6910834,46.4524823],[29.6913294,46.4525504],[29.69163,46.4526449],[29.6915497,46.4527456],[29.6908316,46.4545965],[29.6902412,46.4561186],[29.6897975,46.4572335],[29.6865588,46.4565393]]]}},{"type":"Feature","properties":{"entity_id":"osm-r18968152","jurisdiction":"MD","display_name":"Brezoaia","display_type":"independent_village","admin_level":9,"tier":"detail","legal_registry":"CUATM","legal_id":"8513","legal_type":"independent_village","parent_catalog_id":"osm-r1303141","osm_relation_id":18968152,"legal_identity_status":"reconciled","geometry_source":"OpenStreetMap","geometry_precision":"master_coordinate_fidelity"},"geometry":{"type":"Polygon","coordinates":[[[29.4567712,46.5363615],[29.4568732,46.5329117],[29.4568749,46.531976],[29.4568792,46.5309133],[29.4568368,46.529828],[29.4568289,46.5296521],[29.4552089,46.5295882],[29.4543647,46.5294596],[29.4542427,46.52945],[29.4541302,46.5293569],[29.4538885,46.5291744],[29.453658,46.5290929],[29.4530227,46.5290191],[29.4529215,46.5289531],[29.4527529,46.5288755],[29.452655,46.5288796],[29.4526738,46.5289066],[29.4526221,46.529337],[29.452579,46.5293723],[29.4524974,46.5293665],[29.4524541,46.5294478],[29.4518391,46.529383],[29.4518501,46.529287],[29.4519613,46.5287805],[29.4519055,46.5287629],[29.4517246,46.5287059],[29.4516998,46.5284308],[29.4517002,46.5284143],[29.4516854,46.5284148],[29.4517078,46.5281685],[29.451723,46.5280876],[29.4517667,46.5280891],[29.4517607,46.5278606],[29.4518021,46.52733],[29.4517831,46.5271338],[29.4515769,46.527032],[29.4515505,46.526594],[29.451708,46.5265524],[29.4517444,46.5260713],[29.4517145,46.5258458],[29.4518347,46.5258466],[29.4518199,46.5255701],[29.4516929,46.5253528],[29.4516463,46.5250894],[29.4513179,46.5251003],[29.4512975,46.5248381],[29.4514973,46.52484],[29.451452,46.5244754],[29.451271,46.5244901],[29.451224,46.5240965],[29.4515555,46.52412],[29.4515275,46.5237854],[29.4515025,46.5233202],[29.452191,46.5233819],[29.4520016,46.5223057],[29.4520132,46.5210717],[29.4520921,46.5204198],[29.4522047,46.5197291],[29.4524804,46.5191354],[29.4526097,46.5189414],[29.4527053,46.5189569],[29.4531156,46.5191471],[29.4534106,46.5194208],[29.4537226,46.5196051],[29.4541694,46.519677],[29.4543071,46.5197371],[29.4542876,46.5194151],[29.4541386,46.5192598],[29.4541444,46.5188718],[29.4541447,46.5187951],[29.4541461,46.5187722],[29.4541533,46.5186537],[29.4540674,46.5186366],[29.4541407,46.5183969],[29.4542956,46.5182092],[29.4544041,46.5180621],[29.4544477,46.5179224],[29.4545359,46.5176747],[29.4546324,46.5174513],[29.4547325,46.5172881],[29.454681,46.5172119],[29.4546478,46.5170581],[29.4546163,46.5170506],[29.4543169,46.5169797],[29.4542317,46.5169426],[29.454234,46.5168097],[29.4542642,46.5164636],[29.4542731,46.5160759],[29.4542828,46.5159139],[29.4542957,46.5157],[29.4543257,46.5154285],[29.4543706,46.5151113],[29.4543635,46.5149974],[29.4543569,46.5148923],[29.4543621,46.5146321],[29.4543794,46.5143332],[29.4543665,46.5143227],[29.454365,46.5140834],[29.4543897,46.513908],[29.4544519,46.513637],[29.4545465,46.5133131],[29.454644,46.5130085],[29.4547,46.5128298],[29.4545215,46.5127979],[29.4545048,46.5128153],[29.4544786,46.5128099],[29.4544776,46.5127862],[29.4543025,46.5127504],[29.4542554,46.5127408],[29.4540358,46.512696],[29.4539143,46.5126702],[29.4544113,46.5111294],[29.4546019,46.510715],[29.4549223,46.5103852],[29.4556082,46.5097372],[29.4556747,46.5097704],[29.4558258,46.5098173],[29.4559816,46.5095343],[29.4561459,46.5094675],[29.4564898,46.5095258],[29.4570717,46.5096245],[29.4574479,46.5096931],[29.457546,46.509672],[29.4582244,46.5098125],[29.4582467,46.5098282],[29.4592516,46.5100509],[29.4598515,46.5100986],[29.4605034,46.5101917],[29.4610767,46.5103315],[29.4617624,46.5106187],[29.4622457,46.5108981],[29.4631745,46.5115884],[29.4631602,46.5117346],[29.4631577,46.5118289],[29.4630981,46.512107],[29.463437,46.5121721],[29.4634352,46.5124285],[29.4633164,46.5124063],[29.4633011,46.5126836],[29.4633122,46.5129468],[29.4632568,46.5129687],[29.4631828,46.5129451],[29.4631886,46.5130719],[29.4631005,46.5133338],[29.4629109,46.5135647],[29.4627124,46.5138063],[29.4625953,46.5138544],[29.4625534,46.5141452],[29.46287,46.5144474],[29.4628089,46.5145007],[29.4628515,46.5145389],[29.4627138,46.5147357],[29.4629754,46.5148617],[29.4629478,46.5149519],[29.4630324,46.5149872],[29.4630298,46.5150017],[29.4631788,46.5150787],[29.4631671,46.5151988],[29.4632912,46.5152476],[29.4631827,46.5154143],[29.4630991,46.5153858],[29.4630056,46.5156847],[29.4633203,46.5158235],[29.4631546,46.5161821],[29.4628981,46.5163081],[29.46303,46.5166264],[29.4630911,46.5167518],[29.4630861,46.5169187],[29.4630796,46.5169362],[29.4634132,46.5170047],[29.4633587,46.5172653],[29.463094,46.5172139],[29.4630465,46.517507],[29.4629893,46.5175093],[29.4629308,46.5178248],[29.4629227,46.517871],[29.4628078,46.5181995],[29.4628343,46.5182043],[29.4627447,46.5185213],[29.4629879,46.5185687],[29.4628655,46.5188922],[29.462845,46.5189262],[29.4626903,46.5191958],[29.4626715,46.519251],[29.4636721,46.519529],[29.4636958,46.5195665],[29.4633648,46.5203593],[29.4633401,46.520363],[29.4624656,46.5208414],[29.4623632,46.5210118],[29.4622046,46.5214014],[29.4620226,46.5213654],[29.4619548,46.5213616],[29.4617434,46.5222775],[29.461597,46.522696],[29.4613244,46.5233159],[29.4612771,46.5234476],[29.4621305,46.5240554],[29.4620325,46.5244],[29.4619533,46.5250165],[29.4619231,46.5252692],[29.4618793,46.5256017],[29.4604817,46.5254806],[29.4603829,46.5254693],[29.4604504,46.5252054],[29.460338,46.5251549],[29.4604337,46.5245923],[29.4602843,46.5245842],[29.459761,46.5245742],[29.4592329,46.5245935],[29.4585222,46.5247318],[29.4586345,46.5254924],[29.4586547,46.5259478],[29.4588045,46.5259514],[29.4589318,46.5262452],[29.4587842,46.5262379],[29.4587032,46.5264351],[29.458699,46.5264384],[29.4586506,46.5264767],[29.4586847,46.5268117],[29.458728,46.5268138],[29.4589063,46.5271075],[29.4589302,46.5273976],[29.4589791,46.5277034],[29.4590182,46.527705],[29.4590064,46.5280938],[29.458948,46.5284671],[29.4591124,46.5284764],[29.459117,46.5288012],[29.4591065,46.529167],[29.4590462,46.5291632],[29.4590573,46.5295024],[29.4590136,46.529861],[29.4590029,46.5301266],[29.4589585,46.5302054],[29.4589131,46.5302265],[29.4589059,46.5305143],[29.4589066,46.53086],[29.4589044,46.5310996],[29.4589561,46.5311039],[29.4589463,46.5313871],[29.4589308,46.5314943],[29.4589983,46.5315765],[29.4589861,46.53165],[29.4589491,46.5316516],[29.458941,46.5318829],[29.458887,46.531882],[29.4588448,46.5320918],[29.4588785,46.5323284],[29.4588639,46.5325413],[29.4588587,46.5326165],[29.4588673,46.532755],[29.4588805,46.5329675],[29.4588826,46.5333939],[29.4589244,46.5340076],[29.4590429,46.5363539],[29.4567712,46.5363615]]]}},{"type":"Feature","properties":{"entity_id":"osm-r18968153","jurisdiction":"MD","display_name":"Volintiri","display_type":"independent_village","admin_level":9,"tier":"detail","legal_registry":"CUATM","legal_id":"8537","legal_type":"independent_village","parent_catalog_id":"osm-r1706594","osm_relation_id":18968153,"legal_identity_status":"reconciled","geometry_source":"OpenStreetMap","geometry_precision":"master_coordinate_fidelity"},"geometry":{"type":"Polygon","coordinates":[[[29.5938075,46.4363753],[29.5935049,46.4363398],[29.5936501,46.4359574],[29.593665,46.4359181],[29.5939968,46.4350436],[29.5940132,46.4350001],[29.5943498,46.4341125],[29.5943662,46.434069],[29.5944102,46.4339535],[29.5944352,46.4337743],[29.5936967,46.4336569],[29.5937162,46.433393],[29.5935603,46.4333763],[29.5933177,46.433361],[29.5925608,46.4333132],[29.5925323,46.4328573],[29.5925285,46.4327966],[29.5920558,46.4327093],[29.5913117,46.4325719],[29.5908161,46.4324817],[29.5906182,46.4323778],[29.5906356,46.4323345],[29.5909838,46.4314675],[29.5910012,46.4314243],[29.5913494,46.4305576],[29.5910234,46.4304406],[29.5905899,46.4302848],[29.5901591,46.43013],[29.5907608,46.4292626],[29.5917372,46.4292394],[29.591799,46.4290997],[29.5919974,46.4290942],[29.5921137,46.4290923],[29.592347,46.4290884],[29.5925546,46.429085],[29.5926689,46.4290831],[29.5927825,46.4290812],[29.5928833,46.4290796],[29.5930211,46.429063],[29.5931387,46.4290488],[29.5934204,46.4290148],[29.5936315,46.4289893],[29.5937516,46.4289749],[29.5951181,46.4287965],[29.5951956,46.4284068],[29.595194,46.4278548],[29.5949415,46.4276944],[29.5941531,46.4275677],[29.5939885,46.4275412],[29.5939629,46.4275359],[29.5937244,46.4274869],[29.593855,46.4271382],[29.5938866,46.4269574],[29.593922,46.4267548],[29.5939287,46.426716],[29.5939401,46.426651],[29.5939736,46.4264594],[29.5940097,46.4262524],[29.5940311,46.4261302],[29.5941547,46.4257214],[29.5941121,46.4257002],[29.5935691,46.4256768],[29.5932862,46.4256693],[29.5933358,46.4255417],[29.593344,46.4255206],[29.5934041,46.4253452],[29.5934751,46.4251383],[29.5936337,46.4246763],[29.5936398,46.4245705],[29.593739,46.4242793],[29.5938304,46.4239511],[29.5938511,46.423865],[29.5939749,46.4238612],[29.5941108,46.423857],[29.5942771,46.4238519],[29.5944663,46.4238461],[29.5945885,46.4238423],[29.5947426,46.4238376],[29.59497,46.4238306],[29.59513,46.4238257],[29.5957687,46.4238162],[29.595994,46.4238128],[29.5962038,46.4238097],[29.5962498,46.4237847],[29.5964049,46.4233506],[29.5966601,46.4227303],[29.5967227,46.4222423],[29.5967255,46.4222062],[29.5967455,46.4218126],[29.5967595,46.4212162],[29.5965477,46.4211255],[29.5963111,46.4210241],[29.5962932,46.4209925],[29.5961845,46.4207999],[29.5961082,46.4207795],[29.5958906,46.420743],[29.5957472,46.4207189],[29.5956334,46.4206998],[29.5954573,46.4206702],[29.5951787,46.4206234],[29.5949968,46.4205977],[29.5950196,46.420534],[29.5951148,46.4202506],[29.5950457,46.4200703],[29.5948798,46.4200553],[29.594837,46.4200514],[29.5946671,46.4200545],[29.5943243,46.4200609],[29.5941492,46.4200641],[29.5938778,46.4200857],[29.5935882,46.4201109],[29.5933694,46.42013],[29.5934823,46.420087],[29.5933968,46.4195432],[29.5933545,46.4191931],[29.5932927,46.4189117],[29.5937114,46.4188484],[29.5936921,46.4185734],[29.5943574,46.418567],[29.5943176,46.4184166],[29.5942324,46.4184266],[29.5941147,46.4183212],[29.593976,46.418197],[29.59397,46.4181585],[29.5939327,46.4179194],[29.5939107,46.4177787],[29.593909,46.4175658],[29.5939699,46.4174119],[29.5940789,46.4172731],[29.5942159,46.4171724],[29.5944619,46.4169677],[29.5946248,46.4165577],[29.594621,46.4164827],[29.5946652,46.4163465],[29.5947285,46.4162685],[29.5948018,46.4161387],[29.5949179,46.4160108],[29.5950678,46.4160012],[29.5952958,46.4159048],[29.5954392,46.4158201],[29.5955002,46.4156996],[29.59558,46.4156148],[29.5958345,46.4155849],[29.5958221,46.4153967],[29.5959954,46.4153614],[29.5963087,46.415173],[29.5969524,46.4146828],[29.5974364,46.4142723],[29.5976608,46.4141598],[29.5978795,46.4139891],[29.5977325,46.4138774],[29.5976515,46.4138062],[29.5975263,46.41375],[29.5975355,46.4135783],[29.5978384,46.4127472],[29.5978941,46.4125945],[29.5979122,46.4125437],[29.5979958,46.4123101],[29.5980289,46.4122317],[29.5980917,46.4120857],[29.5981171,46.4120318],[29.5981559,46.4119613],[29.5982378,46.4119699],[29.5982645,46.4118506],[29.5982928,46.4117308],[29.5983138,46.4116793],[29.5983459,46.4116004],[29.5983649,46.4115547],[29.5984163,46.4114315],[29.5984435,46.411366],[29.5986647,46.4112465],[29.5987347,46.4112206],[29.5988984,46.4111599],[29.5992422,46.411032],[29.5995563,46.4107177],[29.5998311,46.4105392],[29.6001172,46.4105392],[29.6012,46.410679],[29.6020023,46.4107683],[29.6022435,46.4108265],[29.6019351,46.4111137],[29.6023054,46.4113194],[29.6023503,46.4114048],[29.6022662,46.4115057],[29.602108,46.4116122],[29.6021679,46.4121339],[29.6021949,46.4123525],[29.6022303,46.412503],[29.6021825,46.4130441],[29.60227,46.4131188],[29.6024279,46.4134196],[29.6026392,46.4133797],[29.6027365,46.4136503],[29.6026446,46.413662],[29.6023819,46.4137157],[29.6025993,46.4143459],[29.6025575,46.414356],[29.6025844,46.4143974],[29.6026856,46.414612],[29.6028172,46.4148463],[29.6030965,46.4147789],[29.6033207,46.4147274],[29.6034356,46.4149119],[29.6034534,46.4149494],[29.6031834,46.4150315],[29.602911,46.4151041],[29.6029654,46.4151986],[29.6030251,46.4153384],[29.6029949,46.4153939],[29.6031821,46.4157811],[29.6033333,46.4160817],[29.6034827,46.4162769],[29.6037299,46.4166576],[29.6040725,46.4165412],[29.6041191,46.4166051],[29.6042145,46.4166089],[29.6043773,46.4167215],[29.6045512,46.4167952],[29.604843,46.4167681],[29.6062318,46.4164117],[29.6070027,46.4176059],[29.6071998,46.4175598],[29.6082096,46.4172027],[29.6103749,46.41638],[29.6105321,46.4164266],[29.6107343,46.417129],[29.6112194,46.4170832],[29.6121952,46.4170333],[29.6124231,46.4170164],[29.6125131,46.4174937],[29.6127155,46.418394],[29.6128224,46.4188675],[29.6129292,46.4193021],[29.6128978,46.4195736],[29.6134288,46.4195154],[29.6138011,46.4194909],[29.613924,46.4198519],[29.6139964,46.4200743],[29.6140835,46.4202619],[29.6142083,46.4205627],[29.6143026,46.4208051],[29.6143443,46.4208968],[29.6143792,46.4209963],[29.6147372,46.4217081],[29.614064,46.4219798],[29.6137105,46.4221467],[29.6137948,46.4223058],[29.6152143,46.4221272],[29.6156015,46.4220767],[29.6160953,46.4220805],[29.6163365,46.4221399],[29.6163914,46.4221232],[29.6169648,46.4220039],[29.6172199,46.4219592],[29.6172661,46.4219766],[29.6174139,46.4222111],[29.6175602,46.4224418],[29.617655,46.4224193],[29.6178233,46.4227229],[29.6175676,46.4228584],[29.6177724,46.4231126],[29.6177346,46.4231213],[29.6173592,46.423232],[29.6171391,46.4232909],[29.6171779,46.4233414],[29.6172775,46.4233122],[29.6174007,46.4232887],[29.6174479,46.4232861],[29.6175223,46.4233014],[29.6175768,46.4233372],[29.6175898,46.4233708],[29.6176197,46.423664],[29.6176811,46.4238727],[29.6176762,46.4239494],[29.6176667,46.4239732],[29.6175409,46.4241012],[29.6173531,46.4242502],[29.6174655,46.4244667],[29.6176562,46.4243076],[29.6179255,46.4240398],[29.6179845,46.4240732],[29.618138,46.4241353],[29.6182081,46.4241743],[29.6183529,46.4242895],[29.6183187,46.4243746],[29.6182361,46.4245246],[29.6182056,46.4245736],[29.6181571,46.4246694],[29.6179969,46.4248344],[29.617887,46.4250159],[29.6178293,46.4251425],[29.617751,46.4251057],[29.617651,46.425248],[29.6175131,46.4253323],[29.6173026,46.4255605],[29.6178607,46.4258116],[29.6177178,46.4260511],[29.6176388,46.4261712],[29.6175105,46.4262957],[29.6174072,46.4263618],[29.6172657,46.4264014],[29.6173575,46.4265313],[29.6173682,46.4265702],[29.6173934,46.4266085],[29.617576,46.4265398],[29.6175964,46.4265648],[29.6178631,46.4264099],[29.618063,46.426368],[29.6183859,46.4262682],[29.6186265,46.4261796],[29.6186988,46.426236],[29.6187605,46.4262193],[29.6190179,46.4261422],[29.6191081,46.4261237],[29.6194136,46.4261396],[29.6199657,46.4261563],[29.6200058,46.4262584],[29.6201073,46.4263053],[29.6205478,46.4268569],[29.6203168,46.4269534],[29.6203628,46.4270152],[29.6200141,46.4271289],[29.6198772,46.4270251],[29.6194965,46.427131],[29.6195574,46.4272154],[29.6196185,46.4273449],[29.6196616,46.4274496],[29.6196987,46.4275881],[29.6201706,46.4274454],[29.620641,46.427273],[29.6210129,46.427134],[29.6213613,46.4270308],[29.6213938,46.4270464],[29.6215046,46.4271985],[29.6216421,46.4274211],[29.6217855,46.4275598],[29.6218261,46.4275485],[29.6219485,46.4277226],[29.6220012,46.4278529],[29.6216844,46.4279735],[29.6217374,46.4280228],[29.6218035,46.428134],[29.6217336,46.4282908],[29.6217379,46.4284561],[29.6212543,46.4286082],[29.6199984,46.4290796],[29.6199451,46.4292115],[29.619692,46.4293108],[29.6194688,46.4293884],[29.6194439,46.4293971],[29.6190571,46.4294571],[29.6190337,46.4296411],[29.6211325,46.4297659],[29.6212728,46.4297466],[29.6222436,46.4298244],[29.6227262,46.4299216],[29.6227166,46.4300141],[29.6228016,46.4303971],[29.6226766,46.4304872],[29.6227094,46.430561],[29.6228022,46.4308342],[29.6229407,46.4309474],[29.6230429,46.4311538],[29.6229131,46.4312859],[29.6229869,46.4314785],[29.6230528,46.4317411],[29.6231414,46.4317494],[29.6232119,46.4320272],[29.6233369,46.4321793],[29.6233985,46.4323073],[29.6233536,46.4323965],[29.6231739,46.4325128],[29.622882,46.4326485],[29.622562,46.4328501],[29.6223664,46.4330429],[29.6224577,46.4332251],[29.6226718,46.4332768],[29.6226111,46.4334845],[29.6228354,46.433453],[29.6228739,46.4336404],[29.6229311,46.4338447],[29.6214876,46.4342537],[29.621213,46.4343339],[29.6211557,46.4343489],[29.6213707,46.4347289],[29.6215093,46.4346927],[29.6220382,46.4345795],[29.6220862,46.4345763],[29.6226423,46.4345346],[29.6229547,46.4341507],[29.6233591,46.4340492],[29.6237111,46.4346549],[29.6230097,46.43509],[29.623164,46.4352059],[29.6233867,46.4351184],[29.6237512,46.4349731],[29.6238546,46.435095],[29.6244644,46.4349369],[29.6248313,46.4347351],[29.6251468,46.4346467],[29.6252608,46.4346336],[29.6257813,46.4344576],[29.6262092,46.4348773],[29.6259384,46.435141],[29.6260126,46.435159],[29.6264336,46.4350854],[29.6267366,46.4350933],[29.6273035,46.4351555],[29.6276346,46.4352409],[29.6278534,46.4353379],[29.6280554,46.4355707],[29.6281002,46.4357996],[29.6280495,46.436203],[29.6279764,46.4366801],[29.62798,46.4369708],[29.6279817,46.437177],[29.627747,46.4371965],[29.6278468,46.4374532],[29.6277712,46.4377004],[29.62774,46.4378525],[29.6277121,46.437952],[29.6276344,46.4381938],[29.6275406,46.4386446],[29.6275017,46.4390303],[29.6273952,46.4391326],[29.6273498,46.4393119],[29.6273318,46.4394517],[29.6273192,46.4394671],[29.6272093,46.4399348],[29.6271076,46.4402939],[29.6270834,46.440669],[29.6268626,46.4414463],[29.626831,46.4415986],[29.6258767,46.441498],[29.6247933,46.4413664],[29.6238783,46.4412774],[29.6231486,46.441169],[29.6226016,46.4411385],[29.6224497,46.4411587],[29.6222758,46.4411818],[29.6220788,46.4412079],[29.6219446,46.4412258],[29.6217246,46.4412748],[29.6213583,46.4413564],[29.6212171,46.4413878],[29.6210617,46.4414734],[29.6209051,46.4415597],[29.6208468,46.4416117],[29.6207363,46.4417103],[29.6206775,46.4417296],[29.6204314,46.4418106],[29.620244,46.4418723],[29.6202582,46.4420465],[29.6200106,46.4420792],[29.6198931,46.4420887],[29.619652,46.4421165],[29.618709,46.4420779],[29.6177603,46.4420548],[29.615588,46.4420785],[29.6151334,46.4421484],[29.6149089,46.442261],[29.6144037,46.4422727],[29.6137526,46.4423698],[29.6131015,46.4424437],[29.612456,46.4425253],[29.6119957,46.4425525],[29.611715,46.4424323],[29.6115072,46.4422383],[29.61135,46.4418581],[29.6111477,46.441408],[29.6110113,46.4409007],[29.6108873,46.440694],[29.6107678,46.4404948],[29.6107313,46.4404339],[29.6106688,46.4404898],[29.6105145,46.4406999],[29.6102802,46.4411897],[29.6102496,46.4412569],[29.60792,46.4406247],[29.6079312,46.4405859],[29.6078132,46.4403881],[29.6076166,46.4397052],[29.6075099,46.4394103],[29.6073976,46.4392164],[29.6071956,46.4393522],[29.6063479,46.4388052],[29.6065499,46.4386927],[29.606084,46.4386268],[29.6051186,46.4384949],[29.6044414,46.438401],[29.6038188,46.4397049],[29.6034811,46.4396445],[29.6036152,46.4393479],[29.603425,46.4393141],[29.6033249,46.4395425],[29.6031784,46.4395182],[29.6033643,46.4391818],[29.603385,46.4391357],[29.6033901,46.4390468],[29.6035161,46.4387153],[29.6032878,46.4386476],[29.6029892,46.4385898],[29.6029749,46.4385809],[29.6026209,46.4385068],[29.6028754,46.437971],[29.602402,46.4378556],[29.6019344,46.4377416],[29.6014726,46.437629],[29.601332,46.4375947],[29.6009966,46.4375468],[29.6006756,46.437501],[29.6002571,46.4374803],[29.597979,46.4380104],[29.597906,46.4380182],[29.5976815,46.4379949],[29.5970416,46.4378436],[29.5966543,46.437735],[29.5961716,46.4376535],[29.5961947,46.4375813],[29.594673,46.4373858],[29.5947047,46.4372778],[29.5947358,46.4372064],[29.5947866,46.4370485],[29.5948688,46.4367926],[29.594954,46.4368008],[29.5950673,46.4365061],[29.5948007,46.4364747],[29.5938075,46.4363753]]]}},{"type":"Feature","properties":{"entity_id":"osm-r18968184","jurisdiction":"MD","display_name":"Răscăieți","display_type":"commune","admin_level":9,"tier":"detail","legal_registry":"CUATM","legal_id":"8530","legal_type":"commune","parent_catalog_id":"osm-r1811554","osm_relation_id":18968184,"legal_identity_status":"reconciled","geometry_source":"OpenStreetMap","geometry_precision":"master_coordinate_fidelity"},"geometry":{"type":"MultiPolygon","coordinates":[[[[29.7701671,46.5835947],[29.7683618,46.5825817],[29.7684757,46.5823954],[29.7684476,46.5822173],[29.7681562,46.5819586],[29.7679341,46.5812647],[29.7679828,46.58109],[29.7681419,46.5805979],[29.7683284,46.5801421],[29.7656322,46.5778913],[29.7660491,46.5776745],[29.7657463,46.577406],[29.7652629,46.5776238],[29.7644053,46.576904],[29.7644244,46.5768056],[29.7599033,46.5764508],[29.7596051,46.5758229],[29.759341,46.5752482],[29.7592084,46.5751234],[29.7586479,46.5736258],[29.7583147,46.5735309],[29.7582282,46.5733308],[29.7582371,46.5729047],[29.7580969,46.5723793],[29.7578669,46.5717371],[29.7578338,46.5715654],[29.7578003,46.5712163],[29.7578982,46.5710763],[29.7587733,46.5716638],[29.7599684,46.5724048],[29.7611743,46.5727397],[29.761788,46.5728361],[29.7630536,46.5729219],[29.7633876,46.5731331],[29.7636251,46.5731786],[29.7644962,46.5731491],[29.7655705,46.5731014],[29.7656027,46.5736686],[29.7638765,46.5737808],[29.7639094,46.5740011],[29.762999,46.5738814],[29.7613659,46.5740065],[29.7613213,46.5743082],[29.7620114,46.5744034],[29.763353,46.5745451],[29.7646328,46.5745677],[29.7655164,46.5745819],[29.7672227,46.5749723],[29.7673803,46.5747553],[29.7675152,46.5747406],[29.7677541,46.5747664],[29.7689505,46.5746127],[29.7694417,46.574634],[29.7696343,46.574643],[29.7696997,46.5747712],[29.771104,46.5748528],[29.7720514,46.5746892],[29.772583,46.5716626],[29.7723704,46.5695167],[29.7725432,46.5671384],[29.7723073,46.5667568],[29.7698567,46.5667032],[29.7700032,46.5664396],[29.7701127,46.5661845],[29.7701667,46.5658957],[29.7706085,46.5606442],[29.7766619,46.5609847],[29.7769855,46.5609176],[29.7774134,46.559928],[29.7776239,46.5592041],[29.7779699,46.5579363],[29.7781981,46.5581256],[29.7784752,46.5582593],[29.7789436,46.5584986],[29.7793761,46.5588045],[29.779774,46.5590906],[29.7795448,46.5596683],[29.7794215,46.5599841],[29.7792462,46.5601993],[29.7789506,46.5603439],[29.7780609,46.560611],[29.7778738,46.5607231],[29.7779157,46.560812],[29.778136,46.5609231],[29.7786846,46.5610576],[29.7788373,46.5610001],[29.7796456,46.5612469],[29.779387,46.5617019],[29.778962,46.5618797],[29.7788018,46.5620777],[29.7782898,46.5621893],[29.7779656,46.562497],[29.7780137,46.56283],[29.7786917,46.5639854],[29.7782547,46.5644537],[29.7779986,46.5645049],[29.7776715,46.5649919],[29.7773206,46.5661925],[29.7772299,46.5665169],[29.7771098,46.5667007],[29.7764698,46.5667252],[29.7759411,46.5667958],[29.7760881,46.5671115],[29.776322,46.5675627],[29.7766559,46.5687011],[29.7767616,46.5690598],[29.7767889,46.5692854],[29.7767441,46.5698217],[29.7766864,46.5702533],[29.7767197,46.5706431],[29.7778483,46.5708366],[29.7781188,46.5712815],[29.7796166,46.5706697],[29.7798482,46.5705474],[29.7801726,46.5705513],[29.780721,46.570697],[29.7810081,46.5706936],[29.7805776,46.5702672],[29.7803039,46.5699253],[29.7803136,46.5697271],[29.7802009,46.5693477],[29.7797087,46.569394],[29.7795399,46.5681004],[29.7793965,46.56732],[29.7792134,46.5669215],[29.7793611,46.5659508],[29.7803727,46.5644341],[29.7807143,46.5645246],[29.7810557,46.5640374],[29.7823419,46.5645049],[29.782234,46.5646141],[29.7838098,46.5652145],[29.7846968,46.5616505],[29.786965,46.5620993],[29.7880518,46.5648575],[29.7875877,46.5650932],[29.7869828,46.5653408],[29.7861418,46.5654855],[29.785869,46.5656434],[29.7858643,46.5658927],[29.7858907,46.5659753],[29.7857007,46.5673048],[29.7866018,46.5673232],[29.7866114,46.5676988],[29.7869435,46.5680197],[29.7867527,46.5691999],[29.78635,46.5697788],[29.7860164,46.5702043],[29.785497,46.5701448],[29.7853214,46.5707714],[29.7850701,46.5708554],[29.7846227,46.5708811],[29.7838201,46.5708535],[29.7840134,46.5698572],[29.7837109,46.5698108],[29.7833693,46.5698064],[29.7830693,46.5698559],[29.7827654,46.5699949],[29.7825837,46.5702613],[29.7826042,46.5705509],[29.7826238,46.5708053],[29.7826656,46.5710449],[29.7828554,46.5714392],[29.7830845,46.5714268],[29.7833393,46.5719962],[29.7832828,46.5725367],[29.7836477,46.5727154],[29.7841915,46.5729845],[29.7862747,46.57238],[29.7863207,46.5722425],[29.7869533,46.5721472],[29.7872983,46.5721951],[29.7877126,46.5723554],[29.7882384,46.5721316],[29.7884747,46.5719449],[29.788645,46.5717704],[29.788842,46.5717083],[29.7889273,46.5718177],[29.7891524,46.5718597],[29.7892191,46.5720573],[29.7892633,46.572231],[29.7898028,46.5724032],[29.78985,46.5727362],[29.7909754,46.5727861],[29.7916264,46.5724872],[29.7919478,46.5727157],[29.7939754,46.5720097],[29.7946407,46.5719869],[29.7956652,46.5724344],[29.7980013,46.5717659],[29.7989131,46.5718655],[29.8000686,46.572444],[29.8020248,46.5721638],[29.8028953,46.5722365],[29.8039884,46.5720936],[29.8038398,46.5714859],[29.8037148,46.5709547],[29.8037344,46.570871],[29.8060718,46.5694652],[29.8070359,46.5688801],[29.8073071,46.5689219],[29.8076869,46.5707637],[29.8082892,46.5707969],[29.8083256,46.5704732],[29.8093603,46.5705384],[29.8097605,46.5716243],[29.8101686,46.5719205],[29.8123365,46.5720165],[29.8130027,46.5722439],[29.813297,46.5723956],[29.8140305,46.5725988],[29.8145065,46.5724424],[29.8136625,46.5713419],[29.8152741,46.5710827],[29.8178633,46.569513],[29.8182136,46.5692233],[29.8186231,46.5689598],[29.8191818,46.5687595],[29.8199994,46.5692438],[29.8207401,46.5689117],[29.8211074,46.5686594],[29.8215445,46.5684352],[29.8218124,46.5682676],[29.8227093,46.56768],[29.8231223,46.567401],[29.8235995,46.5671147],[29.8242197,46.5674961],[29.8234329,46.5682247],[29.8211989,46.5699056],[29.8180071,46.5720592],[29.8177396,46.5724116],[29.817373,46.5728921],[29.8132856,46.5751731],[29.8119578,46.5756992],[29.8108513,46.575957],[29.8092143,46.5765607],[29.79474,46.5759343],[29.7941775,46.5761069],[29.7937843,46.5768129],[29.7924095,46.5792319],[29.7918017,46.5786879],[29.7910916,46.5792486],[29.7910287,46.5793543],[29.7908616,46.5795419],[29.7901164,46.5793621],[29.7898034,46.5792482],[29.7887325,46.5787759],[29.7880716,46.5786428],[29.7858792,46.5787719],[29.784304,46.5789998],[29.7827607,46.5790968],[29.7805563,46.5792023],[29.7800403,46.5785488],[29.7798562,46.5782455],[29.7789893,46.5785684],[29.7782839,46.578869],[29.7782986,46.5788958],[29.7779445,46.5790343],[29.777778,46.5790934],[29.7776557,46.5791369],[29.7761643,46.5796809],[29.7758337,46.580722],[29.7751217,46.581014],[29.773208,46.582154],[29.7720499,46.5828101],[29.7712775,46.5831751],[29.7701671,46.5835947]]],[[[29.7750507,46.5586903],[29.7750741,46.5586768],[29.775628,46.5584733],[29.775602,46.5583993],[29.7765124,46.5580259],[29.7770746,46.5587422],[29.7754486,46.5593366],[29.7752695,46.5590942],[29.7752313,46.5590373],[29.7751107,46.5588108],[29.7750507,46.5586903]]]]}},{"type":"Feature","properties":{"entity_id":"osm-r20701984","jurisdiction":"MD","display_name":"Carahasani","display_type":"independent_village","admin_level":9,"tier":"detail","legal_registry":"CUATM","legal_id":"8514","legal_type":"independent_village","parent_catalog_id":"osm-r1706625","osm_relation_id":20701984,"legal_identity_status":"reconciled","geometry_source":"OpenStreetMap","geometry_precision":"master_coordinate_fidelity"},"geometry":{"type":"Polygon","coordinates":[[[29.8002842,46.4743522],[29.8002667,46.474345],[29.8003003,46.4743069],[29.8003886,46.4741929],[29.8005514,46.4739826],[29.8006092,46.473908],[29.8007458,46.4737315],[29.8007813,46.4736856],[29.8009368,46.473497],[29.8002598,46.473199],[29.8002332,46.4731885],[29.8000196,46.4730995],[29.8000738,46.4730351],[29.8001435,46.472952],[29.8002456,46.4728283],[29.8002814,46.4727858],[29.8002896,46.4727759],[29.800427,46.4726042],[29.8004929,46.4725222],[29.8005729,46.4724228],[29.8006876,46.4722774],[29.800705,46.4722553],[29.8007444,46.4722092],[29.8008483,46.4720873],[29.8008937,46.4720372],[29.8009916,46.4719291],[29.8010702,46.4718393],[29.8011472,46.4717605],[29.8009997,46.4716924],[29.8011726,46.4714995],[29.8012211,46.4714426],[29.8012394,46.4714212],[29.8013142,46.4713334],[29.8014344,46.4711746],[29.8014721,46.4711249],[29.8015521,46.4710276],[29.8016256,46.4709384],[29.801667,46.4708871],[29.8017821,46.4707446],[29.8017899,46.4707351],[29.8018674,46.4706413],[29.801903,46.4705983],[29.8019454,46.4705469],[29.8020172,46.4704462],[29.8021408,46.4702729],[29.8011999,46.4698961],[29.8011411,46.4698734],[29.8012041,46.4698095],[29.8014651,46.4694613],[29.8015474,46.4693515],[29.801634,46.4692361],[29.8019065,46.4688726],[29.8020691,46.4686557],[29.8019203,46.4685931],[29.8019745,46.4685363],[29.8032275,46.4671141],[29.803596,46.4666911],[29.8038633,46.466314],[29.8045469,46.4652407],[29.803527,46.465017],[29.801627,46.4644309],[29.8006717,46.4639108],[29.799745,46.4631117],[29.8001713,46.4628111],[29.800515,46.4625622],[29.8005339,46.462549],[29.800565,46.4625272],[29.8006203,46.4624884],[29.8008044,46.4623562],[29.8010868,46.4621583],[29.8012794,46.4620235],[29.8013029,46.4620144],[29.8016267,46.4617904],[29.8018527,46.461633],[29.8019847,46.4615458],[29.8023858,46.4612659],[29.8027693,46.4610904],[29.8035308,46.4605734],[29.8041486,46.4601539],[29.8045398,46.4598883],[29.8045903,46.459854],[29.8048692,46.4596774],[29.8063634,46.4587311],[29.8065417,46.4586158],[29.8065964,46.4585806],[29.8067431,46.4584767],[29.8069246,46.4583682],[29.8071444,46.4582278],[29.807172,46.4582484],[29.8072738,46.4581833],[29.8072462,46.4581627],[29.8072901,46.4581346],[29.8074575,46.4580358],[29.80757,46.4579675],[29.807625,46.4579352],[29.8076874,46.4578893],[29.8081749,46.4575299],[29.8089312,46.4576708],[29.8125492,46.4575122],[29.8141457,46.4595647],[29.8153851,46.4595779],[29.8161693,46.4594736],[29.8166776,46.4593585],[29.8194009,46.4568922],[29.8205565,46.457474],[29.8272678,46.4611076],[29.8284215,46.4617576],[29.8284561,46.4617823],[29.8294046,46.4623616],[29.8294242,46.462386],[29.8296384,46.4625059],[29.829606,46.4625353],[29.8293864,46.4627476],[29.8293217,46.4628103],[29.8292347,46.4628944],[29.8291647,46.4629621],[29.8291074,46.4630175],[29.8289832,46.4631377],[29.8288484,46.4632681],[29.8287347,46.463378],[29.828666,46.4634445],[29.8285968,46.4635115],[29.8285271,46.4635789],[29.828429,46.4636724],[29.8283301,46.4637536],[29.8282309,46.4638351],[29.8280049,46.4640206],[29.8279256,46.4640857],[29.8278673,46.4641337],[29.8277821,46.4642036],[29.8277128,46.4642605],[29.8276754,46.4642912],[29.8276379,46.464322],[29.8275789,46.4643705],[29.8273608,46.4645212],[29.8272994,46.4645636],[29.8272945,46.464567],[29.8272376,46.4646133],[29.8272042,46.4646405],[29.8271782,46.4646616],[29.8271646,46.4646719],[29.8271061,46.4647157],[29.8270691,46.4647434],[29.8269885,46.4648425],[29.826978,46.4648553],[29.826899,46.4649256],[29.8267573,46.4650517],[29.826592,46.4651987],[29.8265199,46.4652629],[29.8264641,46.4653125],[29.8263791,46.465388],[29.8263738,46.4653919],[29.8262459,46.4654829],[29.8260526,46.4656429],[29.8260329,46.4656592],[29.825947,46.4657374],[29.8259284,46.4657543],[29.8259098,46.4657733],[29.8258892,46.4657944],[29.8258061,46.4658793],[29.8257186,46.4659688],[29.8256974,46.4659905],[29.8255377,46.4661326],[29.8253584,46.4662484],[29.8252853,46.4663445],[29.8252795,46.4663524],[29.8251993,46.4664216],[29.8250811,46.4665237],[29.8249742,46.466616],[29.8249503,46.4666366],[29.8248606,46.4667141],[29.8248006,46.4667659],[29.8247224,46.4668335],[29.8246013,46.466938],[29.8245222,46.4670063],[29.8244784,46.4670442],[29.824411,46.4671008],[29.824386,46.4671218],[29.8243595,46.4671442],[29.8242818,46.467213],[29.8242519,46.4672395],[29.8242285,46.4672628],[29.824131,46.4673596],[29.824112,46.467376],[29.8239905,46.4674809],[29.8238546,46.4675983],[29.8237738,46.4676681],[29.8237495,46.4676901],[29.8236269,46.4678044],[29.8234817,46.4679172],[29.823368,46.4680055],[29.8232498,46.468105],[29.823309,46.4681172],[29.8242814,46.4683516],[29.8241194,46.4685405],[29.8239935,46.4686328],[29.8238284,46.4688825],[29.8237805,46.4688693],[29.8236708,46.4690342],[29.8232865,46.4696297],[29.8224288,46.4699331],[29.8221451,46.4701323],[29.8216605,46.4705652],[29.8215456,46.4706678],[29.8213648,46.4708674],[29.8212317,46.4710198],[29.8211105,46.4711593],[29.8211792,46.4711916],[29.8210438,46.471344],[29.8209065,46.4714888],[29.820766,46.471637],[29.8206101,46.4718015],[29.820476,46.471943],[29.8203402,46.4720859],[29.8201915,46.4722428],[29.8200216,46.472422],[29.8198365,46.4726071],[29.8196754,46.4727642],[29.819514,46.4729216],[29.8192747,46.4731551],[29.8190364,46.4733755],[29.8188194,46.4735722],[29.8185558,46.4738111],[29.8182749,46.4741043],[29.8177301,46.4738469],[29.8177059,46.4738698],[29.817077,46.4744705],[29.8167383,46.4746063],[29.8160747,46.47474],[29.8160106,46.4748917],[29.8159743,46.4749784],[29.8158054,46.4753749],[29.815551,46.4760448],[29.8154538,46.4763932],[29.8153346,46.4772551],[29.8152059,46.4772414],[29.8150652,46.4774748],[29.8148069,46.477745],[29.8145445,46.4780196],[29.8143222,46.4782519],[29.8141691,46.478412],[29.8139953,46.4785841],[29.8135549,46.4790527],[29.8133979,46.4792154],[29.8132752,46.4793476],[29.8130688,46.4795554],[29.8130181,46.4796059],[29.8127285,46.4794896],[29.8123839,46.4793512],[29.8120856,46.4792312],[29.8120499,46.4792163],[29.8120312,46.4791895],[29.8115663,46.4790126],[29.8111135,46.4788403],[29.8110966,46.4788359],[29.8106355,46.4787168],[29.8101963,46.4786032],[29.8095889,46.4784462],[29.8095394,46.4785096],[29.8089426,46.4784026],[29.8089181,46.4782727],[29.8085378,46.4781744],[29.8082866,46.4781095],[29.8080129,46.4777992],[29.8076925,46.4774358],[29.8076098,46.4773977],[29.8070818,46.4771535],[29.8065567,46.4769108],[29.8060345,46.4766694],[29.805574,46.4764564],[29.8053522,46.4764001],[29.8051258,46.4763173],[29.8048987,46.4762317],[29.8048303,46.4762049],[29.8046203,46.4761298],[29.8044672,46.4760721],[29.804139,46.475957],[29.8039891,46.4759048],[29.8038956,46.4758701],[29.8038089,46.4758334],[29.8035849,46.475742],[29.8034611,46.4756936],[29.803235,46.4755954],[29.8030857,46.4755359],[29.8030222,46.4755095],[29.8027516,46.4753972],[29.8026878,46.4753701],[29.8025212,46.4752964],[29.8024104,46.4752497],[29.8023439,46.4752216],[29.8022329,46.4751748],[29.802133,46.4751326],[29.8019996,46.4750763],[29.8017992,46.4749917],[29.8015091,46.4748693],[29.8014309,46.4748362],[29.8011287,46.4747087],[29.8008595,46.474595],[29.8006459,46.4745049],[29.8004202,46.4744096],[29.8002842,46.4743522]]]}}]}