{"type":"FeatureCollection","metadata":{"schema_version":1,"contract":"actual-public-geometry-chunk-v1","mode":"ACTUAL","jurisdiction":"MD","tier":"detail","root_entity_id":"osm-r1699023","feature_count":39,"geometry_source":"OpenStreetMap","geometry_precision":"master_coordinate_fidelity"},"features":[{"type":"Feature","properties":{"entity_id":"osm-r18966828","jurisdiction":"MD","display_name":"Ceadîr","display_type":"independent_village","admin_level":9,"tier":"detail","legal_registry":"CUATM","legal_id":"5720","legal_type":"independent_village","parent_catalog_id":"osm-r19113658","osm_relation_id":18966828,"legal_identity_status":"reconciled","geometry_source":"OpenStreetMap","geometry_precision":"master_coordinate_fidelity"},"geometry":{"type":"MultiPolygon","coordinates":[[[[28.416532,46.660973],[28.4165649,46.6609832],[28.4166116,46.6610187],[28.4166436,46.6610513],[28.4166604,46.6610783],[28.4168177,46.661208],[28.4169251,46.6612772],[28.4168513,46.6613434],[28.4177597,46.661712],[28.4176674,46.6620273],[28.4180157,46.6622593],[28.4184382,46.6624915],[28.4182229,46.6627837],[28.4180368,46.6630351],[28.4178628,46.6632692],[28.4177038,46.6634832],[28.4175582,46.663691],[28.4174047,46.6638914],[28.4176461,46.6639926],[28.4177261,46.6640679],[28.4180768,46.6642591],[28.4179657,46.6644436],[28.4179305,46.6645407],[28.4178944,46.6645937],[28.4178673,46.664626],[28.4178165,46.6647044],[28.4177882,46.6646959],[28.4176063,46.6649212],[28.4176291,46.6649313],[28.4175602,46.6650051],[28.4175497,46.6650002],[28.417382,46.6652443],[28.4174677,46.665279],[28.4174423,46.6653061],[28.4173602,46.6652752],[28.4172451,46.6654296],[28.4172209,46.6654206],[28.4171848,46.6654651],[28.4171493,46.665502],[28.417135,46.6655201],[28.4171547,46.6655299],[28.4170909,46.6655989],[28.4170954,46.6656119],[28.4170295,46.6656936],[28.4164239,46.6658297],[28.4160665,46.6659031],[28.4157949,46.6659749],[28.4155005,46.6660786],[28.4152229,46.6661777],[28.4146274,46.6664426],[28.414323,46.6665648],[28.4139182,46.6667215],[28.4136907,46.6667998],[28.4134264,46.6668574],[28.4130918,46.6668759],[28.4130711,46.6671166],[28.4143795,46.6671525],[28.4141858,46.6674153],[28.4139785,46.667711],[28.4137754,46.6679833],[28.413786,46.668112],[28.4135642,46.6681148],[28.4135526,46.6681511],[28.4134623,46.6685614],[28.4133794,46.6685641],[28.4133201,46.6687406],[28.4133173,46.6687545],[28.4131089,46.6693777],[28.4126645,46.6692725],[28.4125192,46.6694971],[28.4126559,46.6696272],[28.4127384,46.6696529],[28.4127167,46.6696858],[28.4131466,46.6698069],[28.4133889,46.6699703],[28.4140772,46.6700101],[28.4140619,46.6700992],[28.41428,46.670118],[28.4143574,46.6703097],[28.4144121,46.6703129],[28.4143805,46.6704602],[28.4143688,46.6706243],[28.4142023,46.6706131],[28.4141791,46.6707501],[28.4139966,46.6707933],[28.4139563,46.6708854],[28.4139637,46.6710932],[28.4139604,46.6712967],[28.413831,46.6715879],[28.4137527,46.6717642],[28.4136685,46.6719537],[28.4135743,46.672166],[28.4134851,46.6723668],[28.4134011,46.6725558],[28.4133484,46.6727695],[28.4131715,46.672951],[28.4131817,46.673174],[28.4130876,46.6732193],[28.4129533,46.673241],[28.4127949,46.6732297],[28.4119799,46.6731515],[28.4118242,46.6731414],[28.4116054,46.6731325],[28.41138,46.6731158],[28.4112677,46.6732282],[28.4112168,46.6734793],[28.4110827,46.6736956],[28.4106735,46.674233],[28.4105752,46.6742084],[28.4103358,46.674108],[28.4103093,46.674041],[28.4102329,46.6740131],[28.409797,46.6745003],[28.4097863,46.674559],[28.4097562,46.6746187],[28.4097372,46.6746335],[28.4096939,46.6747331],[28.409637,46.6748287],[28.4095279,46.6748165],[28.4093645,46.6748328],[28.4090971,46.6748466],[28.4091694,46.6750354],[28.4093069,46.67533],[28.4088453,46.675297],[28.4088561,46.675271],[28.4087455,46.6752574],[28.4086,46.6752033],[28.4083424,46.6752218],[28.4081475,46.6752359],[28.4070426,46.6752459],[28.4068296,46.6756463],[28.4067911,46.6757274],[28.4067463,46.6757939],[28.4069245,46.6758049],[28.407137,46.6758417],[28.4071484,46.6758178],[28.4072656,46.6758442],[28.4072042,46.6759455],[28.4071101,46.6759873],[28.4070739,46.6760282],[28.4068255,46.6759532],[28.4066961,46.6759406],[28.4065229,46.6761951],[28.4063564,46.6763925],[28.406083,46.6766221],[28.4059564,46.6767333],[28.4058581,46.6767086],[28.4052264,46.6764906],[28.4053568,46.6761163],[28.4049426,46.6760696],[28.4048997,46.6760256],[28.4048817,46.6759258],[28.404691,46.6758896],[28.4043144,46.6758101],[28.4037606,46.6764777],[28.4036642,46.6765596],[28.4035052,46.676563],[28.4032126,46.6765248],[28.4029578,46.6764987],[28.4028494,46.6765544],[28.4027749,46.6766165],[28.402077,46.6771265],[28.4019942,46.6772015],[28.4017605,46.6772483],[28.4016266,46.6772524],[28.4014367,46.6772281],[28.401353,46.6772057],[28.4010933,46.6770732],[28.4007898,46.676919],[28.4006144,46.6767976],[28.4012876,46.6761279],[28.4008718,46.6759426],[28.4004044,46.675755],[28.4004265,46.6757101],[28.4003593,46.6757093],[28.3998866,46.675659],[28.3992883,46.6756294],[28.3992847,46.6756388],[28.3988304,46.6756091],[28.3988256,46.6755962],[28.3986487,46.6755791],[28.3986439,46.6755755],[28.3980777,46.6755119],[28.3980769,46.6755173],[28.3975928,46.6754675],[28.3971442,46.6754261],[28.3969249,46.6754091],[28.3966598,46.6753711],[28.3964188,46.675282],[28.3961171,46.6751483],[28.3960485,46.6751032],[28.3959908,46.6750117],[28.3958981,46.6747326],[28.3956548,46.6745418],[28.3953863,46.6743183],[28.3955248,46.6742169],[28.3955234,46.6742012],[28.3955239,46.6741587],[28.3957151,46.6740428],[28.3959587,46.6739159],[28.3968473,46.6741481],[28.3972381,46.674245],[28.3974949,46.6742809],[28.3976894,46.6742975],[28.397958,46.6741599],[28.3979982,46.6741469],[28.3979016,46.6740033],[28.3977666,46.67378],[28.3976455,46.6734884],[28.3979378,46.6733937],[28.397831,46.6732479],[28.3980077,46.6731719],[28.398329,46.6730275],[28.3985837,46.6729176],[28.3987647,46.6729165],[28.3990624,46.6729078],[28.3991029,46.6730201],[28.3995538,46.6729156],[28.3999033,46.6729149],[28.4002687,46.6725885],[28.4002311,46.672451],[28.4001966,46.6721034],[28.4002115,46.6720337],[28.4002539,46.6720056],[28.4005487,46.6719151],[28.4003123,46.6716992],[28.4006056,46.671533],[28.4005943,46.671521],[28.4006549,46.6714795],[28.400624,46.6714535],[28.4008477,46.6713354],[28.4008729,46.6713434],[28.400977,46.6712838],[28.4010569,46.6711762],[28.4009484,46.6710693],[28.4015696,46.670803],[28.4018061,46.6706926],[28.4019914,46.6705827],[28.402185,46.6704757],[28.4024637,46.6703309],[28.4019133,46.6698998],[28.4028414,46.6694022],[28.4033974,46.6698248],[28.4037317,46.6697347],[28.4038048,46.6697861],[28.4041856,46.6696768],[28.404486,46.6695972],[28.4043705,46.6694989],[28.404624,46.6694217],[28.4047762,46.6693849],[28.4053567,46.6692455],[28.4056274,46.6691983],[28.4059051,46.66914],[28.4059084,46.6688464],[28.4059845,46.6686163],[28.4058363,46.6686011],[28.4058657,46.66855],[28.4059629,46.6684972],[28.406214,46.6683803],[28.4060573,46.6682974],[28.4064582,46.6680093],[28.4067459,46.6678057],[28.4069508,46.6676785],[28.4071627,46.6677681],[28.4073136,46.6675993],[28.4077927,46.6676174],[28.4082498,46.6676479],[28.40851,46.6676973],[28.4086381,46.6675102],[28.4084935,46.6674814],[28.4084092,46.6674513],[28.408313,46.6674058],[28.4081868,46.6673289],[28.4079843,46.667149],[28.4078039,46.6669343],[28.4078196,46.6668877],[28.4078567,46.6666878],[28.407864,46.6666354],[28.4079172,46.6665314],[28.4079358,46.6664461],[28.4080064,46.6663182],[28.4084694,46.6663288],[28.4086577,46.6663576],[28.4088838,46.6663627],[28.4090152,46.6664004],[28.4090316,46.6663822],[28.4091074,46.6661572],[28.4090113,46.6659742],[28.4089159,46.6658605],[28.4088936,46.6657705],[28.4088867,46.6656317],[28.4090296,46.6656459],[28.4091879,46.6656909],[28.4092977,46.6657413],[28.409717,46.6658303],[28.4096578,46.6653194],[28.4097638,46.665064],[28.4098886,46.6648834],[28.4100299,46.6646784],[28.4101547,46.6644508],[28.4103918,46.6639314],[28.4112419,46.6640669],[28.4120637,46.6642927],[28.4132162,46.6639254],[28.4134061,46.663634],[28.4134701,46.6635357],[28.4136865,46.6631957],[28.413875,46.6629115],[28.4141103,46.6625802],[28.4141611,46.6625058],[28.4143292,46.6622805],[28.4145428,46.6620752],[28.4147418,46.6618486],[28.4149365,46.6615739],[28.4150672,46.6616161],[28.4152397,46.6614146],[28.4153795,46.6612555],[28.4154571,46.6611917],[28.4156668,46.6610132],[28.415731,46.6610205],[28.4157987,46.6610578],[28.4158418,46.6610596],[28.4162847,46.6612331],[28.4164423,46.6610764],[28.416532,46.660973]]],[[[28.4039949,46.6790993],[28.4043344,46.6788366],[28.4066648,46.6771289],[28.4073007,46.6767083],[28.407675,46.6768315],[28.4080302,46.6764926],[28.4081367,46.6765258],[28.4084145,46.6766124],[28.4087301,46.6768134],[28.4090483,46.6770159],[28.4086054,46.677086],[28.4082202,46.6771425],[28.408216,46.6771481],[28.4078834,46.6772877],[28.4075453,46.6774384],[28.4076124,46.677784],[28.4079532,46.6780502],[28.406515,46.679175],[28.4060552,46.6795757],[28.4047458,46.6793046],[28.4044333,46.6792218],[28.4041066,46.6791305],[28.4039949,46.6790993]]],[[[28.4022725,46.67861],[28.4030856,46.6789033],[28.4029128,46.6791329],[28.4026858,46.6794196],[28.4025735,46.6795612],[28.4019255,46.6793366],[28.4020429,46.6788351],[28.4022725,46.67861]]]]}},{"type":"Feature","properties":{"entity_id":"osm-r18966866","jurisdiction":"MD","display_name":"Frumușica","display_type":"component_locality","admin_level":9,"tier":"detail","legal_registry":"CUATM","legal_id":"5718","legal_type":null,"parent_catalog_id":"osm-r19113662","osm_relation_id":18966866,"legal_identity_status":"reconciled","geometry_source":"OpenStreetMap","geometry_precision":"master_coordinate_fidelity"},"geometry":{"type":"MultiPolygon","coordinates":[[[[28.4241176,46.5592175],[28.4242755,46.5589621],[28.4244347,46.5587081],[28.4245719,46.5584195],[28.4247691,46.5581553],[28.4249249,46.5578934],[28.4250741,46.5576437],[28.4252289,46.5574023],[28.4254011,46.5571476],[28.4255614,46.55691],[28.4257237,46.5566533],[28.4259158,46.556415],[28.4260905,46.5561609],[28.4262653,46.5559373],[28.426289,46.5559448],[28.4265091,46.5556615],[28.4267594,46.5553626],[28.4269545,46.5551407],[28.4269847,46.5550819],[28.4262804,46.554866],[28.4264273,46.5546431],[28.427115,46.554828],[28.4272636,46.5546669],[28.4274317,46.5543734],[28.4275863,46.5541401],[28.4278174,46.553894],[28.4280184,46.5536708],[28.4280958,46.5535171],[28.4276109,46.5533717],[28.4275318,46.5533451],[28.4274817,46.5532317],[28.4275204,46.553093],[28.4276068,46.5529689],[28.4275898,46.5529624],[28.4277707,46.5527019],[28.4277874,46.5526925],[28.4279523,46.5524425],[28.4286708,46.5526864],[28.4288878,46.5523681],[28.4290543,46.5521113],[28.4291937,46.5518966],[28.4293595,46.5516413],[28.4295055,46.5514163],[28.4296688,46.551166],[28.4298348,46.5509192],[28.4299661,46.5507241],[28.4308522,46.5510059],[28.4309477,46.5510355],[28.4296207,46.553015],[28.4295201,46.5540361],[28.4293908,46.5542972],[28.4283671,46.5555482],[28.4276589,46.5564951],[28.426673,46.5577844],[28.4256726,46.559187],[28.4253695,46.5596025],[28.4252428,46.5595572],[28.4241176,46.5592175]]],[[[28.4316809,46.5535261],[28.4318298,46.5535662],[28.4326804,46.5538736],[28.4325673,46.5540378],[28.43244,46.5542223],[28.4323271,46.5543985],[28.4322065,46.5545989],[28.4321789,46.5546266],[28.4321361,46.5546135],[28.4319771,46.5548401],[28.4318498,46.5550216],[28.4316253,46.5553424],[28.4313843,46.5556138],[28.4312086,46.5557952],[28.4310315,46.5560545],[28.4308635,46.5563084],[28.4306753,46.5565578],[28.4304818,46.5568181],[28.4302884,46.5570927],[28.4301851,46.5572907],[28.4300198,46.5574736],[28.4298153,46.5577327],[28.4295909,46.5579817],[28.4295762,46.5580596],[28.4293866,46.5582258],[28.42911,46.5584835],[28.4289418,46.5584463],[28.4286828,46.5588414],[28.4285258,46.5590812],[28.4283557,46.5593675],[28.4282046,46.559614],[28.4280825,46.5598936],[28.4278475,46.5601491],[28.4278124,46.5601368],[28.4276483,46.5603082],[28.4275886,46.5603243],[28.4266798,46.560036],[28.4266632,46.5600576],[28.4263068,46.5599281],[28.4262128,46.559892],[28.4266304,46.5593643],[28.4273351,46.558503],[28.428078,46.5575448],[28.4290365,46.5563827],[28.4292806,46.5560808],[28.4297166,46.5555817],[28.4299127,46.5553754],[28.4302121,46.5552091],[28.4309239,46.5544316],[28.4316809,46.5535261]]]]}},{"type":"Feature","properties":{"entity_id":"osm-r18966873","jurisdiction":"MD","display_name":"Sărățica Veche","display_type":"component_locality","admin_level":9,"tier":"detail","legal_registry":"CUATM","legal_id":"5743","legal_type":null,"parent_catalog_id":"osm-r19113647","osm_relation_id":18966873,"legal_identity_status":"reconciled","geometry_source":"OpenStreetMap","geometry_precision":"master_coordinate_fidelity"},"geometry":{"type":"MultiPolygon","coordinates":[[[[28.5317649,46.6064527],[28.5302812,46.6055722],[28.5299863,46.6055115],[28.5299077,46.6054688],[28.5299144,46.6054096],[28.5294413,46.6051944],[28.5291601,46.6049164],[28.5285213,46.6045266],[28.5276756,46.604369],[28.5275546,46.6041663],[28.5275095,46.6041681],[28.5272751,46.6041229],[28.5272681,46.6041281],[28.526932,46.6040227],[28.526957,46.6039119],[28.5264299,46.603872],[28.5263926,46.6038718],[28.5263346,46.6038548],[28.526335,46.6038288],[28.5257506,46.6037997],[28.5256433,46.6037971],[28.5256461,46.6029912],[28.5252451,46.6031213],[28.5251805,46.6031373],[28.5250092,46.6026436],[28.5249418,46.6024255],[28.5249057,46.6023047],[28.5244758,46.6023316],[28.5237263,46.6023825],[28.5235988,46.6020995],[28.5235769,46.6020595],[28.5236627,46.6020314],[28.5236625,46.602005],[28.5236301,46.601936],[28.5236088,46.6018959],[28.5233269,46.6019536],[28.5232725,46.6016401],[28.5232312,46.6015918],[28.5230545,46.6014924],[28.5235086,46.6012781],[28.5239406,46.601139],[28.5240659,46.6010987],[28.5242264,46.6010122],[28.5242577,46.6009786],[28.524132,46.6007267],[28.5247471,46.6005359],[28.5247568,46.6005303],[28.5253595,46.6003507],[28.5253876,46.6003472],[28.5254302,46.6003693],[28.5258112,46.6003232],[28.5259015,46.6003294],[28.5258805,46.6002198],[28.5262451,46.6002225],[28.5265491,46.6001522],[28.5268024,46.6001095],[28.5270415,46.6000392],[28.5270111,46.599841],[28.5275677,46.5998342],[28.5276853,46.5998277],[28.5276335,46.6001387],[28.5277403,46.6001077],[28.5282457,46.6001579],[28.5282707,46.6002225],[28.5283061,46.6003139],[28.52848,46.6003053],[28.5285615,46.6004871],[28.5289021,46.6005379],[28.5290369,46.6005537],[28.5293506,46.6005866],[28.5294887,46.6005656],[28.5295462,46.6003195],[28.5297254,46.6002935],[28.5298468,46.6002952],[28.5299413,46.6003361],[28.5300126,46.600346],[28.5300452,46.600329],[28.5301296,46.6003267],[28.5304167,46.6002959],[28.5303095,46.6001495],[28.5301907,46.5999192],[28.530201,46.5997098],[28.5306524,46.5994726],[28.5307041,46.5994665],[28.5309197,46.5993713],[28.5309033,46.5993414],[28.5305072,46.5990424],[28.530462,46.5990375],[28.5298575,46.5987191],[28.529794,46.5986697],[28.5296957,46.5986652],[28.5298026,46.5980195],[28.5299133,46.5976543],[28.5300432,46.5974319],[28.530987,46.5972029],[28.5315167,46.5970336],[28.5320008,46.5971654],[28.532515,46.5980465],[28.5325752,46.59802],[28.5334638,46.5978716],[28.5334639,46.5978494],[28.5336161,46.5978119],[28.5336279,46.5978469],[28.5337268,46.5978442],[28.5340865,46.5981216],[28.5341656,46.5980974],[28.5342433,46.5982521],[28.5343546,46.5984158],[28.5344094,46.5984216],[28.5344535,46.5985399],[28.5345407,46.5985511],[28.5345574,46.5987025],[28.5344876,46.5987318],[28.5345488,46.598875],[28.5346558,46.5988753],[28.5346768,46.5989335],[28.5347228,46.599122],[28.5346778,46.5991338],[28.5346679,46.599169],[28.5346322,46.599194],[28.5347042,46.5994362],[28.5346377,46.5994543],[28.5347014,46.5995264],[28.5347113,46.5996511],[28.5346291,46.5997283],[28.5346598,46.5997469],[28.5346987,46.5998783],[28.5347431,46.5998825],[28.5347746,46.6000465],[28.5347746,46.6002282],[28.5348034,46.6005644],[28.5348061,46.6007762],[28.5348147,46.6010452],[28.5348062,46.6013478],[28.5348014,46.6015886],[28.5347908,46.6016041],[28.5347695,46.60173],[28.5347459,46.6017732],[28.5347177,46.6017978],[28.5346901,46.601906],[28.5347284,46.6020033],[28.5347539,46.6021989],[28.5347248,46.6022348],[28.5347955,46.6022386],[28.5348255,46.6024395],[28.534835,46.6024885],[28.5348882,46.6024917],[28.5349069,46.6025354],[28.5349378,46.6025456],[28.5349441,46.6026653],[28.5349624,46.6026732],[28.5349777,46.6028459],[28.5349859,46.6030399],[28.5349726,46.6032458],[28.534946,46.6032496],[28.5349489,46.6032861],[28.5349863,46.6035377],[28.5345646,46.603553],[28.5340991,46.6035644],[28.5341044,46.6035751],[28.5339321,46.6035851],[28.5336457,46.6036217],[28.5346085,46.6046973],[28.5353805,46.6055741],[28.5335066,46.6060715],[28.5334819,46.6060427],[28.5327573,46.6059982],[28.5326695,46.606188],[28.5326132,46.6062209],[28.5317649,46.6064527]]],[[[28.536844,46.6060598],[28.5364244,46.6055535],[28.5368489,46.6053776],[28.5369177,46.6053495],[28.5369404,46.6053741],[28.5370157,46.6054426],[28.537043,46.6054757],[28.5370144,46.6054871],[28.5370386,46.6055163],[28.5369353,46.605556],[28.5369047,46.6055717],[28.5371917,46.6059427],[28.536844,46.6060598]]],[[[28.5248086,46.5980203],[28.525974,46.5977287],[28.5263097,46.5984844],[28.5267193,46.5984935],[28.5269447,46.5989169],[28.5259597,46.5991633],[28.5257924,46.5987265],[28.5251871,46.5988906],[28.5251396,46.5987754],[28.5248086,46.5980203]]]]}},{"type":"Feature","properties":{"entity_id":"osm-r18966912","jurisdiction":"MD","display_name":"Seliște","display_type":"component_locality","admin_level":9,"tier":"detail","legal_registry":"CUATM","legal_id":"5719","legal_type":null,"parent_catalog_id":"osm-r19113662","osm_relation_id":18966912,"legal_identity_status":"reconciled","geometry_source":"OpenStreetMap","geometry_precision":"master_coordinate_fidelity"},"geometry":{"type":"Polygon","coordinates":[[[28.4282609,46.5251599],[28.4284193,46.5252446],[28.4286035,46.5252656],[28.4286232,46.5252636],[28.4287026,46.5252529],[28.4290205,46.5252584],[28.4290583,46.525274],[28.4292932,46.5254151],[28.4294631,46.5255172],[28.4294926,46.5255349],[28.4300024,46.5248955],[28.4311778,46.5255918],[28.4313655,46.5259633],[28.4314752,46.5260621],[28.4315831,46.5261341],[28.431853,46.5265663],[28.4320925,46.5266935],[28.4323513,46.526785],[28.4320864,46.5271971],[28.4319167,46.5273986],[28.4320588,46.52745],[28.4330977,46.5281726],[28.4341476,46.5292506],[28.4349363,46.5300345],[28.4352491,46.5305539],[28.4354482,46.5309166],[28.4360276,46.5320131],[28.4355009,46.5322149],[28.4348523,46.5324754],[28.4328437,46.5316706],[28.4327368,46.5316163],[28.4316996,46.5331434],[28.4316359,46.5330303],[28.4312757,46.5327326],[28.4305001,46.5319922],[28.430342,46.5316867],[28.4303386,46.5316068],[28.4307201,46.5311375],[28.4305535,46.5310707],[28.4303187,46.5309708],[28.4303776,46.5308806],[28.4302628,46.5308374],[28.4302066,46.5308119],[28.4301834,46.5307775],[28.430338,46.5305072],[28.4299844,46.5303651],[28.4294669,46.5301946],[28.4292293,46.530123],[28.4288993,46.5306503],[28.4287796,46.5306199],[28.4285643,46.5305653],[28.4278723,46.5303338],[28.4274571,46.5302386],[28.4265453,46.5300296],[28.4264745,46.5300248],[28.4263849,46.5300058],[28.42633,46.5299801],[28.4260992,46.5298134],[28.4260582,46.5297887],[28.4260614,46.5297753],[28.4260336,46.5296386],[28.4258365,46.5295564],[28.4254256,46.5292901],[28.4254529,46.5291726],[28.4254777,46.5291204],[28.4255135,46.5290173],[28.4255402,46.528978],[28.4256368,46.5288208],[28.4256479,46.5288132],[28.4256999,46.5287508],[28.4253103,46.528628],[28.4252334,46.5285438],[28.424514,46.5283285],[28.4246371,46.5281203],[28.4244842,46.5280729],[28.4246024,46.5279338],[28.4246787,46.5279543],[28.4247668,46.5277954],[28.424904,46.5276006],[28.4249593,46.5275503],[28.4250969,46.5273594],[28.425217,46.527402],[28.4256757,46.5269234],[28.4256886,46.526914],[28.4255815,46.5268652],[28.4256762,46.526741],[28.4259025,46.5264419],[28.425828,46.5263506],[28.4259513,46.5261848],[28.4263104,46.525807],[28.4265321,46.525549],[28.4265737,46.5255047],[28.4271398,46.5257885],[28.4274984,46.5259303],[28.4275613,46.525811],[28.4277566,46.525592],[28.4275969,46.5255167],[28.4276051,46.5254954],[28.4276996,46.5254238],[28.4278298,46.5253539],[28.4282609,46.5251599]]]}},{"type":"Feature","properties":{"entity_id":"osm-r18967008","jurisdiction":"MD","display_name":"Troița","display_type":"component_locality","admin_level":9,"tier":"detail","legal_registry":"CUATM","legal_id":"5746","legal_type":null,"parent_catalog_id":"osm-r19113644","osm_relation_id":18967008,"legal_identity_status":"reconciled","geometry_source":"OpenStreetMap","geometry_precision":"master_coordinate_fidelity"},"geometry":{"type":"Polygon","coordinates":[[[28.4658347,46.5559116],[28.4670923,46.5563172],[28.467293,46.5564033],[28.467625,46.5562633],[28.4682416,46.5563978],[28.4690061,46.5565655],[28.4686893,46.5571831],[28.4686163,46.5574166],[28.4684318,46.5578006],[28.4684041,46.5580358],[28.4682939,46.5582925],[28.4682644,46.5583615],[28.4682275,46.5584478],[28.4681998,46.55852],[28.468123,46.5587246],[28.4680294,46.5589884],[28.4679025,46.5592139],[28.4678243,46.5593227],[28.4677305,46.559413],[28.4676767,46.5594759],[28.4675609,46.5595778],[28.4676321,46.5595842],[28.4676385,46.5597682],[28.4676316,46.5598884],[28.4675073,46.5598806],[28.4674743,46.5601099],[28.467449,46.5602467],[28.4674074,46.5603379],[28.4673048,46.5605592],[28.467232,46.5607896],[28.4671449,46.561037],[28.4670915,46.5610315],[28.4670008,46.5612337],[28.4669325,46.5614526],[28.4668549,46.5616817],[28.4667143,46.5618816],[28.4666214,46.5621334],[28.466387,46.5637458],[28.4671955,46.56387],[28.4672127,46.5638793],[28.467245,46.5639229],[28.4673066,46.5640156],[28.4673423,46.5641043],[28.4673495,46.564145],[28.4673008,46.564329],[28.467373,46.564346],[28.4673292,46.5645236],[28.4672503,46.5647038],[28.4672148,46.5648358],[28.4671886,46.5648954],[28.4671319,46.565081],[28.4670853,46.5652559],[28.4670774,46.5653132],[28.467026,46.5654243],[28.466975,46.5654149],[28.4668908,46.5656102],[28.4667976,46.5657804],[28.4667654,46.5658112],[28.4665134,46.5663294],[28.4664568,46.5665112],[28.4663985,46.5667313],[28.4663796,46.5667284],[28.4663207,46.5669683],[28.4662644,46.5671863],[28.4662244,46.567377],[28.4661943,46.5674795],[28.4660839,46.5677135],[28.4660297,46.5678071],[28.4659626,46.5679856],[28.4659068,46.5681117],[28.4656198,46.5682997],[28.4656271,46.5683217],[28.4656546,46.568613],[28.4656097,46.5688492],[28.4656344,46.5690759],[28.4655867,46.5690737],[28.4655617,46.569267],[28.4655396,46.5695118],[28.4655254,46.5697671],[28.4655187,46.5700386],[28.4655074,46.5703164],[28.4654819,46.5705222],[28.4654771,46.5707564],[28.4655192,46.570759],[28.4654935,46.5709753],[28.4654678,46.5711921],[28.4654629,46.5714237],[28.4654429,46.571674],[28.4654406,46.5719362],[28.4653891,46.5721802],[28.4653577,46.5721892],[28.4644161,46.5721877],[28.4635955,46.572173],[28.4635162,46.5721707],[28.4630078,46.572122],[28.4628815,46.5720985],[28.4628813,46.571849],[28.4628814,46.5718314],[28.4626647,46.5718306],[28.4626431,46.5715886],[28.4628451,46.571589],[28.4628264,46.5714485],[28.4628157,46.5714476],[28.4628169,46.571344],[28.4628311,46.5710939],[28.4628157,46.5708531],[28.4628029,46.5706274],[28.4627997,46.5704259],[28.4627866,46.5704262],[28.462781,46.5702105],[28.4628071,46.5702113],[28.4628028,46.5699466],[28.462791,46.5699464],[28.4627691,46.569686],[28.4628065,46.5696705],[28.462815,46.5696462],[28.4628062,46.5696409],[28.4627984,46.5694139],[28.4627958,46.569173],[28.4627946,46.5689445],[28.4626006,46.5689313],[28.462597,46.5687134],[28.4626061,46.5684949],[28.4626085,46.5682266],[28.462714,46.5682079],[28.4627843,46.5682049],[28.4634759,46.5682353],[28.4637728,46.5682534],[28.4638135,46.5682591],[28.4638091,46.5682929],[28.4639582,46.5683085],[28.4641824,46.5683325],[28.4650895,46.568396],[28.4650887,46.5683087],[28.4649975,46.5680797],[28.4647852,46.5679333],[28.4648416,46.5677442],[28.46474,46.567547],[28.4648196,46.5673125],[28.4649001,46.5670725],[28.465113,46.5663108],[28.4649246,46.5662706],[28.4646725,46.5662258],[28.4646653,46.5662355],[28.4642506,46.5661541],[28.4642502,46.5661374],[28.4640033,46.5660788],[28.4640515,46.565879],[28.4640088,46.5658655],[28.4640713,46.5656667],[28.464086,46.5656468],[28.4641103,46.5656305],[28.464132,46.5654648],[28.4641537,46.5653879],[28.4639534,46.5650234],[28.4637321,46.5649694],[28.4639957,46.5642864],[28.4640274,46.5641832],[28.4636497,46.5641111],[28.4636499,46.5640514],[28.4632645,46.5639809],[28.4627902,46.5638992],[28.4626199,46.5638574],[28.4626129,46.5638351],[28.4626579,46.5636112],[28.4625651,46.563576],[28.4626051,46.5633932],[28.4626427,46.5631585],[28.4627052,46.5629071],[28.4627778,46.5627488],[28.4628669,46.5625375],[28.4630309,46.5622515],[28.4631153,46.5620108],[28.4632008,46.5617427],[28.4632662,46.561511],[28.4633627,46.5611968],[28.4634325,46.5609552],[28.463449,46.5608795],[28.4635155,46.5607013],[28.4635924,46.5604469],[28.4636722,46.5601953],[28.4637647,46.5599136],[28.4639267,46.5595849],[28.4640504,46.5594173],[28.464376,46.5592721],[28.4643846,46.5592492],[28.4645027,46.5591194],[28.4646416,46.5588493],[28.4646167,46.5588],[28.4646384,46.5587323],[28.464698,46.5587392],[28.4647496,46.5586326],[28.4648607,46.5584064],[28.4644802,46.5582461],[28.4644389,46.5582898],[28.464403,46.5583643],[28.464329,46.5583479],[28.4641769,46.5583142],[28.4638988,46.558856],[28.4626121,46.5586073],[28.4627144,46.5583333],[28.4632832,46.5575162],[28.4634133,46.5573955],[28.4645221,46.5576716],[28.4649453,46.5575381],[28.4650722,46.5572999],[28.465189,46.557072],[28.4653267,46.5568079],[28.4654326,46.5566073],[28.4655349,46.5563933],[28.4655544,46.5563569],[28.4656568,46.5561594],[28.4657186,46.5560405],[28.4657807,46.5559542],[28.4658347,46.5559116]]]}},{"type":"Feature","properties":{"entity_id":"osm-r18967015","jurisdiction":"MD","display_name":"Hîrtop","display_type":"component_locality","admin_level":9,"tier":"detail","legal_registry":"CUATM","legal_id":"5713","legal_type":null,"parent_catalog_id":"osm-r19113656","osm_relation_id":18967015,"legal_identity_status":"reconciled","geometry_source":"OpenStreetMap","geometry_precision":"master_coordinate_fidelity"},"geometry":{"type":"MultiPolygon","coordinates":[[[[28.5025676,46.4905378],[28.5029606,46.490598],[28.5032756,46.4906471],[28.5033796,46.4907027],[28.503419,46.4907828],[28.5034484,46.4909367],[28.5033847,46.4913372],[28.5033263,46.4916795],[28.503237,46.492254],[28.5036323,46.4922706],[28.5042055,46.4923011],[28.5042395,46.4923131],[28.5042577,46.4923273],[28.5042092,46.4925537],[28.504174,46.4927323],[28.5040281,46.4927314],[28.5040281,46.4929424],[28.5039403,46.493084],[28.5038549,46.4931567],[28.5037637,46.4934865],[28.5037534,46.4937031],[28.5041232,46.4938139],[28.5043001,46.493924],[28.5045377,46.493977],[28.5045775,46.4943515],[28.504638,46.4944684],[28.5047873,46.4948122],[28.5048447,46.4948234],[28.5048921,46.494956],[28.5048701,46.4950237],[28.5048365,46.4950253],[28.5047435,46.4949989],[28.5046418,46.4949542],[28.5042204,46.4947146],[28.5041414,46.4947763],[28.5040406,46.4951074],[28.5042036,46.4951505],[28.5043829,46.4952521],[28.5045921,46.495434],[28.5047847,46.4955437],[28.5046919,46.4956699],[28.5046416,46.4956529],[28.5044632,46.4958763],[28.5043481,46.4958457],[28.5042432,46.496019],[28.5040451,46.4959879],[28.5039851,46.4962115],[28.5036179,46.4961604],[28.5034521,46.4961349],[28.503425,46.4961695],[28.5032039,46.496694],[28.5032478,46.4967391],[28.5031047,46.497021],[28.5027823,46.4969962],[28.5028755,46.4967814],[28.5028257,46.4967646],[28.5028368,46.4967374],[28.5027421,46.4967174],[28.5026398,46.4966803],[28.5026303,46.4966318],[28.5026433,46.4966017],[28.5024791,46.4965661],[28.5024348,46.49671],[28.5023815,46.4971833],[28.5023285,46.4974455],[28.5019139,46.4974515],[28.5007306,46.4972509],[28.5007759,46.4967002],[28.500815,46.496224],[28.5008442,46.4960869],[28.5000183,46.495972],[28.5001975,46.4956742],[28.5009919,46.4957605],[28.5010941,46.4954374],[28.5010229,46.4950893],[28.5009842,46.4950931],[28.5009843,46.495002],[28.5009134,46.4949952],[28.5000928,46.4948218],[28.4996378,46.4947121],[28.4997708,46.4944349],[28.4998685,46.4939967],[28.5005943,46.4941082],[28.5008439,46.4941331],[28.5010811,46.4940232],[28.5010778,46.4937909],[28.5011232,46.4937179],[28.5011403,46.4932869],[28.5012853,46.4924122],[28.5013029,46.4923545],[28.5012063,46.4923387],[28.5012492,46.4921866],[28.5012854,46.4921597],[28.5014064,46.4921785],[28.5015473,46.4915914],[28.5020789,46.4916666],[28.5021378,46.491525],[28.5023003,46.4911427],[28.5025676,46.4905378]]],[[[28.5059762,46.4905594],[28.5060867,46.4905522],[28.5069282,46.4905954],[28.5070623,46.4906045],[28.5072176,46.4906082],[28.5073808,46.4906738],[28.5074439,46.490743],[28.5074332,46.4908741],[28.5074222,46.4913147],[28.5074167,46.491464],[28.507655,46.4914968],[28.5079766,46.4914932],[28.508022,46.4922531],[28.5085686,46.4922515],[28.5085539,46.4924114],[28.5085096,46.4926949],[28.5082712,46.4926898],[28.508296,46.4928479],[28.5082622,46.4930879],[28.5082731,46.4931393],[28.5084069,46.4931604],[28.5087771,46.4932746],[28.5089154,46.4933654],[28.5089148,46.4933982],[28.5089122,46.4936105],[28.5088567,46.4936133],[28.5088443,46.4938093],[28.5089052,46.4938118],[28.5088976,46.4942086],[28.5086762,46.494199],[28.5086898,46.4946176],[28.5079492,46.494575],[28.5079289,46.4946916],[28.5076951,46.4946454],[28.5075907,46.4946392],[28.5074366,46.4946196],[28.5074275,46.4946739],[28.5072439,46.4946579],[28.5070215,46.4946659],[28.5067165,46.4946903],[28.5066571,46.4946971],[28.5066692,46.4947616],[28.5064245,46.4947976],[28.5062509,46.4948094],[28.5061586,46.4948041],[28.5060731,46.4947798],[28.5059748,46.4947243],[28.5058897,46.4946556],[28.5058127,46.4945697],[28.5057651,46.4944755],[28.5057583,46.4943787],[28.5053727,46.4943851],[28.5053656,46.4942593],[28.5053653,46.4940652],[28.5054089,46.4940461],[28.5057298,46.4940699],[28.5057601,46.4940475],[28.5058364,46.4936898],[28.5058921,46.4934283],[28.5059847,46.4933219],[28.5059154,46.4931584],[28.505779,46.4931208],[28.5057624,46.4927974],[28.5057876,46.4925697],[28.5058147,46.4925251],[28.5057084,46.4924283],[28.505733,46.492203],[28.5058197,46.4919564],[28.5059245,46.4918241],[28.5059565,46.4916696],[28.5059386,46.4913194],[28.505932,46.4909819],[28.5059762,46.4905594]]]]}},{"type":"Feature","properties":{"entity_id":"osm-r18967153","jurisdiction":"MD","display_name":"Tochile-Răducani","display_type":"component_locality","admin_level":9,"tier":"detail","legal_registry":"CUATM","legal_id":"5740","legal_type":null,"parent_catalog_id":"osm-r19314570","osm_relation_id":18967153,"legal_identity_status":"reconciled","geometry_source":"OpenStreetMap","geometry_precision":"master_coordinate_fidelity"},"geometry":{"type":"MultiPolygon","coordinates":[[[[28.2383966,46.5498374],[28.2394363,46.5497962],[28.2395548,46.549844],[28.2399048,46.5499339],[28.2401427,46.5500399],[28.2402398,46.5501101],[28.2402724,46.5501438],[28.2402708,46.5502043],[28.2402557,46.5502838],[28.2402025,46.5502863],[28.2401877,46.5504935],[28.2401791,46.550798],[28.2401704,46.5512847],[28.2402094,46.551454],[28.2405488,46.5514697],[28.2405169,46.5518876],[28.2407078,46.5519015],[28.2411186,46.5518998],[28.2412583,46.5519067],[28.2412378,46.5523688],[28.24123,46.552534],[28.2412128,46.5528581],[28.2406186,46.5529664],[28.2407711,46.5531858],[28.2413589,46.5538944],[28.2414657,46.5539838],[28.2415771,46.5541009],[28.2416439,46.5542087],[28.2417051,46.5543058],[28.2415682,46.5543843],[28.2417118,46.5545338],[28.242922,46.5557735],[28.2444747,46.5564856],[28.2447241,46.5568553],[28.2450046,46.5569508],[28.2456725,46.5569415],[28.2458857,46.5568907],[28.2459035,46.5568622],[28.246034,46.5567525],[28.2461582,46.5567734],[28.2463504,46.5567975],[28.2467597,46.5567923],[28.2468727,46.5568794],[28.2472059,46.5571962],[28.2475539,46.5573615],[28.2475341,46.5573847],[28.2477373,46.5573739],[28.2479287,46.557431],[28.2477854,46.557643],[28.2480798,46.5580026],[28.2480773,46.5580223],[28.2486845,46.5583034],[28.2489301,46.5583195],[28.2495603,46.5582847],[28.2499392,46.5583845],[28.2514881,46.55875],[28.2516081,46.5590166],[28.2516833,46.5590069],[28.2517596,46.5592438],[28.2520185,46.5596797],[28.2521953,46.5596415],[28.2528624,46.5595322],[28.2528683,46.559639],[28.2529815,46.5597127],[28.2533704,46.5596975],[28.2534196,46.5596939],[28.2538673,46.5596807],[28.2539839,46.5596771],[28.2539729,46.5595152],[28.2539606,46.5593852],[28.2540419,46.5593704],[28.2543012,46.5593758],[28.2544077,46.55939],[28.2544602,46.5594123],[28.254486,46.5594593],[28.2544851,46.5594944],[28.2544815,46.5596396],[28.2546518,46.5595844],[28.2549035,46.5595975],[28.255421,46.5596559],[28.2560775,46.5596701],[28.2562417,46.5596627],[28.2568945,46.5596204],[28.2575422,46.5595789],[28.2582874,46.5595983],[28.2583444,46.5595927],[28.2583424,46.5595799],[28.2589889,46.5595432],[28.2591464,46.5595388],[28.2593316,46.5617643],[28.2595859,46.5657997],[28.2595945,46.5659367],[28.258787,46.5659642],[28.2581405,46.5659682],[28.2583804,46.5663072],[28.2585418,46.5667002],[28.2586576,46.5667619],[28.25871,46.5677338],[28.2587612,46.5686816],[28.2584641,46.568679],[28.2585601,46.569401],[28.2586138,46.5698042],[28.2585514,46.5698496],[28.2566744,46.5699866],[28.2563243,46.5697139],[28.2559049,46.5690985],[28.2558961,46.5690591],[28.2558842,46.5690621],[28.2558731,46.5689872],[28.2555102,46.56895],[28.2551122,46.5691781],[28.2550137,46.5692797],[28.2548348,46.5695643],[28.2548165,46.5695829],[28.2546004,46.5698026],[28.2545255,46.5698581],[28.2537612,46.5704482],[28.2527894,46.5712019],[28.2526631,46.5712626],[28.2522446,46.5715827],[28.2522626,46.5715848],[28.2518327,46.5719036],[28.2515976,46.5720027],[28.2506055,46.5726738],[28.2495225,46.5724974],[28.2495203,46.5720031],[28.2487779,46.5718737],[28.2488606,46.571625],[28.2489808,46.5713478],[28.2490886,46.5711255],[28.2491941,46.5709393],[28.2491621,46.570935],[28.249252,46.5707413],[28.2494946,46.5703253],[28.2495842,46.570216],[28.249859,46.5697723],[28.2501383,46.5694916],[28.2502243,46.569346],[28.2503549,46.5689729],[28.2504024,46.5689881],[28.2504481,46.5689136],[28.2505041,46.5689184],[28.2505532,46.5686487],[28.2505806,46.5684208],[28.2506621,46.5681881],[28.2507505,46.5677066],[28.2516069,46.5677567],[28.2516663,46.5677688],[28.2523223,46.5677828],[28.2524525,46.5677004],[28.2525336,46.5676656],[28.2526704,46.5676322],[28.2531016,46.5675985],[28.2531377,46.5675858],[28.2531248,46.5675418],[28.2531365,46.5675351],[28.2536589,46.567507],[28.2537907,46.567502],[28.253783,46.5672666],[28.2545088,46.5672592],[28.2544503,46.5645285],[28.2526466,46.5648215],[28.2526914,46.5652551],[28.2526473,46.565418],[28.2525423,46.5654331],[28.2524904,46.5654468],[28.2517021,46.5655962],[28.25167,46.5655879],[28.2516512,46.5655704],[28.2516351,46.5655237],[28.251613,46.5652772],[28.2516503,46.5651109],[28.2516444,46.5650801],[28.2516329,46.565053],[28.2515835,46.5650096],[28.2515618,46.5649632],[28.2515349,46.5647723],[28.2514929,46.5647738],[28.2514612,46.5644827],[28.2514978,46.5644784],[28.2514936,46.5644621],[28.2514227,46.5638656],[28.2514032,46.5638655],[28.2513704,46.5634094],[28.2514068,46.5634079],[28.2512947,46.5627119],[28.2511024,46.5627164],[28.2509556,46.5621742],[28.2517367,46.5621849],[28.251662,46.5617594],[28.2512936,46.5617581],[28.2512086,46.5617577],[28.2511724,46.561751],[28.2508928,46.5616911],[28.2508012,46.5616587],[28.2502922,46.5615453],[28.2501458,46.5615536],[28.2498457,46.561516],[28.2494196,46.5614829],[28.2492336,46.5614633],[28.2489014,46.5615074],[28.2486434,46.5616015],[28.2480809,46.5617279],[28.2477528,46.5617918],[28.2477513,46.5618425],[28.2482625,46.5622135],[28.2488722,46.5623405],[28.2488869,46.5621643],[28.2493315,46.5622395],[28.2494121,46.5625086],[28.2493391,46.5626362],[28.2492342,46.5627379],[28.2487148,46.5627615],[28.2486595,46.5628781],[28.2486372,46.5629051],[28.2480675,46.5629339],[28.2480722,46.5627487],[28.2481793,46.5627392],[28.2481536,46.5626033],[28.2481305,46.5626055],[28.2477338,46.5626616],[28.2477744,46.5629893],[28.2476256,46.56307],[28.2478667,46.5630967],[28.2478555,46.5632444],[28.2477889,46.563261],[28.2476146,46.563451],[28.247493,46.5635834],[28.2475225,46.5635739],[28.2475327,46.5636316],[28.2475359,46.5637559],[28.247515,46.5637731],[28.2473972,46.5637707],[28.2474117,46.5639222],[28.2474134,46.563968],[28.2474231,46.5642117],[28.2473709,46.56421],[28.2473697,46.564228],[28.2473488,46.5645263],[28.247387,46.5645325],[28.247538,46.564532],[28.2475286,46.5646852],[28.247898,46.5647481],[28.247893,46.5649439],[28.2473963,46.5648447],[28.2472941,46.565068],[28.2475975,46.5654527],[28.2475739,46.5654836],[28.2480749,46.5656939],[28.2479945,46.5658162],[28.247962,46.5658323],[28.2479387,46.5658287],[28.2478921,46.5658953],[28.2478227,46.5661537],[28.2476491,46.5661571],[28.2475126,46.566173],[28.2474292,46.5661748],[28.2474262,46.5661252],[28.2470949,46.5661285],[28.246252,46.5661625],[28.2462666,46.5663825],[28.2466273,46.5664396],[28.2472685,46.5665834],[28.24722,46.5671176],[28.2467727,46.5672187],[28.2467457,46.5671995],[28.2465503,46.5671103],[28.2464797,46.5669711],[28.2462743,46.5668733],[28.2460782,46.5668614],[28.2460727,46.5668883],[28.2462943,46.5669979],[28.2463198,46.5671471],[28.2463003,46.5671937],[28.2463205,46.567342],[28.2461252,46.567331],[28.2461086,46.5675811],[28.2462799,46.5675745],[28.2461334,46.5680442],[28.2462332,46.5683264],[28.2464808,46.5683772],[28.2465705,46.568488],[28.2465644,46.5685969],[28.246686,46.5689458],[28.2470198,46.5689936],[28.2470599,46.5692886],[28.2469593,46.5694091],[28.2467915,46.5696571],[28.2466185,46.5697854],[28.2465089,46.5698569],[28.2463152,46.5698555],[28.2463168,46.5699],[28.246304,46.5699328],[28.2462919,46.5700942],[28.2465742,46.570151],[28.2462567,46.5707952],[28.2464471,46.5708619],[28.2463305,46.5710206],[28.2463691,46.5710316],[28.2461211,46.5712243],[28.2458973,46.5715341],[28.2458379,46.5719178],[28.2463265,46.5718168],[28.2465915,46.571789],[28.2469944,46.5717642],[28.2471258,46.5719884],[28.2471233,46.5722379],[28.2471917,46.5724253],[28.2470866,46.5728831],[28.247046,46.5732827],[28.2473756,46.5734806],[28.247446,46.5735907],[28.2471878,46.5736936],[28.2471694,46.5737087],[28.2472886,46.5739249],[28.2472576,46.574197],[28.2474317,46.5746973],[28.2474935,46.5747034],[28.247769,46.5747692],[28.2477732,46.574891],[28.2477496,46.575099],[28.2479181,46.5754949],[28.2479526,46.5756417],[28.2480275,46.5759162],[28.2480186,46.5759636],[28.2479836,46.576005],[28.2479328,46.5760424],[28.2478169,46.5760847],[28.2478226,46.5760976],[28.2479353,46.576352],[28.2480096,46.5766427],[28.2480546,46.5767842],[28.2480186,46.5771574],[28.2481133,46.5773749],[28.2481018,46.5775102],[28.2479166,46.5777156],[28.2478156,46.5777928],[28.2476449,46.5778301],[28.2476514,46.5778567],[28.2477939,46.5781255],[28.2481199,46.5780534],[28.2483507,46.5781338],[28.2483613,46.5781648],[28.2484766,46.5782129],[28.248431,46.5783251],[28.2485966,46.5785183],[28.2486198,46.5785722],[28.24864,46.5787231],[28.248688,46.5788724],[28.2486764,46.5788981],[28.2488569,46.5790689],[28.2488685,46.5791381],[28.2488356,46.579239],[28.248275,46.5790614],[28.2485073,46.5793638],[28.2479917,46.57953],[28.2479772,46.5796669],[28.2480278,46.5797069],[28.2479498,46.5799321],[28.2479054,46.5807421],[28.2477431,46.5810267],[28.2477373,46.5812588],[28.2477726,46.5812897],[28.2481167,46.5813369],[28.248284,46.5813851],[28.2486586,46.581457],[28.2488395,46.5815141],[28.2489483,46.5815812],[28.2492052,46.5818146],[28.2492011,46.5818561],[28.249182,46.5819012],[28.2489801,46.5821517],[28.2489058,46.5821983],[28.2488615,46.5822495],[28.2487827,46.582286],[28.2486836,46.5825009],[28.2486576,46.5825818],[28.2486232,46.5827705],[28.2486096,46.5828901],[28.2485981,46.5829325],[28.2483244,46.5829227],[28.2480165,46.5829253],[28.2473692,46.5829308],[28.2472888,46.5829368],[28.2472135,46.5829432],[28.2466256,46.5828329],[28.2463915,46.5827834],[28.2464103,46.5827374],[28.2457444,46.5826176],[28.2457496,46.5825942],[28.2457824,46.5825234],[28.2458689,46.5824034],[28.2459186,46.5823381],[28.2460956,46.5821438],[28.2461552,46.5821355],[28.2464189,46.5821542],[28.2464872,46.5821268],[28.2465414,46.5818628],[28.2462639,46.5817332],[28.2461426,46.5817599],[28.2458998,46.5818013],[28.245572,46.5818292],[28.2454924,46.5817696],[28.2454759,46.5817769],[28.2453676,46.5818256],[28.2451088,46.5818703],[28.2450444,46.581816],[28.244927,46.5817363],[28.2448014,46.5816408],[28.2445788,46.5820989],[28.2445357,46.5821575],[28.2442198,46.5822609],[28.2439307,46.582692],[28.2440902,46.5827151],[28.2441037,46.5831017],[28.2440727,46.5832431],[28.2440389,46.5834201],[28.2442088,46.5834661],[28.244165,46.583654],[28.2439639,46.5836328],[28.2440397,46.5837635],[28.2440172,46.5838935],[28.2441099,46.5839129],[28.2440988,46.5841794],[28.2441246,46.5841826],[28.2440679,46.5843842],[28.2440504,46.584446],[28.2437886,46.5845298],[28.2434881,46.5849149],[28.2433585,46.584857],[28.2433669,46.5847749],[28.243142,46.5847347],[28.2427939,46.584705],[28.242658,46.5850522],[28.2426673,46.585123],[28.2426382,46.5851402],[28.2423755,46.5851731],[28.2421539,46.5844493],[28.2422273,46.5837008],[28.2422384,46.583584],[28.2426579,46.5836397],[28.2427105,46.5816859],[28.2423275,46.5816764],[28.2423322,46.5814445],[28.2423071,46.5813994],[28.2420767,46.5807203],[28.241925,46.5804148],[28.2416986,46.5800458],[28.2415459,46.5797704],[28.2414275,46.579557],[28.2413079,46.5792856],[28.2413048,46.5788634],[28.2414552,46.5786368],[28.2414527,46.5784809],[28.2414611,46.5783839],[28.2413976,46.5783665],[28.24141,46.5782742],[28.2413664,46.5782738],[28.2409241,46.5782536],[28.2408437,46.5782947],[28.2407363,46.5783339],[28.2405814,46.5783558],[28.2402314,46.5783447],[28.2400945,46.5783003],[28.2400234,46.5782616],[28.2399582,46.5782125],[28.2398859,46.5781147],[28.2399559,46.5771909],[28.240008,46.5771583],[28.2400076,46.5771124],[28.2395012,46.5770954],[28.2394379,46.5770484],[28.2394866,46.5758509],[28.2396192,46.5758532],[28.2396169,46.5757615],[28.2396101,46.5754853],[28.2408122,46.5755036],[28.2411627,46.5755025],[28.2412101,46.5755019],[28.241349,46.5755023],[28.2415649,46.5755014],[28.2415978,46.5751561],[28.2416147,46.5750752],[28.2416835,46.5746954],[28.241749,46.5746978],[28.2418361,46.5744419],[28.2413507,46.5744363],[28.2413649,46.574011],[28.2413826,46.5738297],[28.2413958,46.573578],[28.241337,46.573141],[28.241374,46.5731182],[28.2416433,46.5731244],[28.2416481,46.5729756],[28.2416576,46.5727013],[28.2416959,46.5724434],[28.2413939,46.5724765],[28.2413268,46.5724732],[28.2413268,46.572417],[28.2412641,46.5718213],[28.2412787,46.5714914],[28.241293,46.5708502],[28.2412977,46.5700601],[28.2413073,46.5699907],[28.2413648,46.5699907],[28.2423139,46.5700105],[28.2428652,46.5700303],[28.2440157,46.5702549],[28.244193,46.5702781],[28.2442649,46.5701458],[28.2444206,46.569769],[28.244574,46.5694913],[28.2448231,46.5690731],[28.2448471,46.5690219],[28.2449286,46.5690401],[28.2450221,46.5690582],[28.2450628,46.5689855],[28.2451442,46.5688417],[28.2455588,46.5685144],[28.2457457,46.5680847],[28.2458463,46.5680301],[28.2458487,46.5679194],[28.2455994,46.5679244],[28.2455128,46.5679269],[28.2455367,46.5675997],[28.2454408,46.5672939],[28.2455017,46.566829],[28.2456062,46.5659691],[28.2456145,46.5659121],[28.24569,46.5659121],[28.2458111,46.5659112],[28.2458505,46.5656137],[28.2458972,46.5652666],[28.2459091,46.5650964],[28.2455317,46.5651163],[28.2454646,46.5651179],[28.2454562,46.5650576],[28.2454884,46.5646188],[28.2455015,46.5642825],[28.245535,46.5639891],[28.2455003,46.5639056],[28.2455841,46.563775],[28.2459794,46.5633568],[28.2465292,46.5625783],[28.2467436,46.5621891],[28.2464032,46.561604],[28.2461683,46.5613702],[28.2461323,46.5613446],[28.2463167,46.5612075],[28.2460468,46.5609796],[28.2460015,46.560898],[28.245992,46.5609008],[28.2457226,46.5606452],[28.2456274,46.5605163],[28.2456336,46.5604707],[28.2456647,46.5604119],[28.2457472,46.5603259],[28.2458209,46.5602764],[28.2455603,46.5598956],[28.2453182,46.5596576],[28.2452077,46.5595723],[28.2451419,46.5595127],[28.2450811,46.5594418],[28.2449178,46.5594615],[28.2442388,46.5593813],[28.24396,46.5593483],[28.2440843,46.5586995],[28.2444531,46.5587121],[28.2440684,46.5579913],[28.2440756,46.5579301],[28.2436801,46.5573946],[28.242258,46.5561785],[28.242128,46.5561364],[28.2420289,46.5560292],[28.2409545,46.5550335],[28.2406174,46.5546961],[28.2405719,46.5547129],[28.2403335,46.554453],[28.240416,46.5544188],[28.2403402,46.554307],[28.2401118,46.5540845],[28.2398843,46.5538324],[28.2397018,46.5536082],[28.2396962,46.5536105],[28.2394986,46.5533802],[28.2394951,46.5533675],[28.239286,46.5531378],[28.2390306,46.5528315],[28.2387205,46.5524387],[28.2385281,46.5521434],[28.238131,46.5512348],[28.2381039,46.5511582],[28.2380169,46.5504529],[28.237967,46.5504543],[28.2379748,46.5504009],[28.2380233,46.5502792],[28.2383477,46.550283],[28.2383728,46.5502742],[28.2383966,46.5498374]]],[[[28.2507764,46.5926708],[28.2514389,46.5928997],[28.2514233,46.5929398],[28.2513992,46.5929734],[28.2513058,46.5930688],[28.2510243,46.5933743],[28.2508211,46.5932981],[28.2507075,46.5932404],[28.2503758,46.5930283],[28.2504217,46.5929788],[28.2505073,46.5928881],[28.2506244,46.5927862],[28.2507764,46.5926708]]],[[[28.2524971,46.5942838],[28.2525538,46.5942421],[28.2526396,46.5940757],[28.2525846,46.5940483],[28.2526916,46.5939153],[28.2527035,46.593873],[28.2527252,46.5938095],[28.2530534,46.5929901],[28.2528666,46.592927],[28.2528617,46.5929092],[28.2528855,46.5928572],[28.2529298,46.5927992],[28.2532346,46.5925284],[28.2537506,46.5925332],[28.2542755,46.5928851],[28.2544196,46.5927209],[28.2546225,46.5928268],[28.2542036,46.5932666],[28.2542991,46.5932974],[28.2546092,46.5934016],[28.2547034,46.5932686],[28.2547773,46.5932157],[28.2548611,46.593388],[28.2549098,46.5934138],[28.2549477,46.5934579],[28.2550185,46.5935834],[28.2555942,46.5937686],[28.2556532,46.5937858],[28.2561402,46.5939706],[28.2555044,46.5947202],[28.2550423,46.5945946],[28.2549835,46.594709],[28.2549973,46.5947158],[28.2547457,46.5951584],[28.2543564,46.5950749],[28.2538935,46.5949546],[28.2538818,46.5949623],[28.2534107,46.5947985],[28.2533658,46.5947859],[28.2529892,46.594585],[28.2529831,46.5945731],[28.252665,46.5943873],[28.2524971,46.5942838]]],[[[28.2496224,46.5780514],[28.2500572,46.5780589],[28.2501625,46.5780358],[28.2502296,46.5779112],[28.2508168,46.5779264],[28.2508168,46.5778694],[28.251489,46.5777369],[28.2525224,46.5778873],[28.2529349,46.5779487],[28.2527174,46.5786691],[28.2524042,46.5785398],[28.2524113,46.5784923],[28.2519811,46.5784356],[28.2519642,46.578561],[28.2516874,46.5785391],[28.2515452,46.5786986],[28.2513543,46.5790399],[28.2509834,46.5789788],[28.250699,46.5789446],[28.2504284,46.5788741],[28.2504124,46.5788308],[28.2504411,46.5785781],[28.250359,46.5784436],[28.2499959,46.5783672],[28.2495716,46.5782779],[28.2496224,46.5780514]]],[[[28.2435144,46.5601332],[28.2435145,46.5600789],[28.2444239,46.5600596],[28.2445188,46.5600641],[28.244526,46.5601363],[28.2445144,46.5601999],[28.2445038,46.5604106],[28.2443257,46.5604918],[28.2436343,46.5605742],[28.2435984,46.5605544],[28.2435144,46.5601332]]]]}},{"type":"Feature","properties":{"entity_id":"osm-r18967198","jurisdiction":"MD","display_name":"Băiuș","display_type":"commune","admin_level":9,"tier":"detail","legal_registry":"CUATM","legal_id":"5711","legal_type":"commune","parent_catalog_id":"osm-r19113656","osm_relation_id":18967198,"legal_identity_status":"reconciled","geometry_source":"OpenStreetMap","geometry_precision":"master_coordinate_fidelity"},"geometry":{"type":"Polygon","coordinates":[[[28.4732171,46.4450087],[28.4738392,46.4456334],[28.4743824,46.4462253],[28.4747755,46.4466769],[28.4752591,46.4472596],[28.4755109,46.4475892],[28.4758457,46.4479474],[28.4764804,46.4486784],[28.4767205,46.4489924],[28.4769773,46.4492916],[28.4772953,46.4497432],[28.4775825,46.4501826],[28.4777946,46.4505426],[28.4780044,46.4508751],[28.4781856,46.4512016],[28.4784286,46.4516776],[28.4785988,46.452059],[28.4786783,46.4522909],[28.47878,46.452599],[28.4788317,46.4529786],[28.4788465,46.4530872],[28.4788422,46.4533374],[28.4788136,46.453612],[28.4787742,46.4543901],[28.4787655,46.4546677],[28.478748,46.4550217],[28.4787481,46.455397],[28.4788582,46.4560092],[28.4792879,46.4559146],[28.4794392,46.4561934],[28.4805232,46.4559909],[28.4806114,46.4562551],[28.4806613,46.4563821],[28.4806801,46.4564124],[28.4807175,46.4564265],[28.4808073,46.4564362],[28.4809401,46.4564225],[28.4809521,46.4566211],[28.4817727,46.4565816],[28.4819786,46.4565622],[28.4823768,46.4555665],[28.4863206,46.4556543],[28.4876508,46.4557639],[28.4877887,46.4557495],[28.488145,46.455722],[28.4884431,46.4556784],[28.4887389,46.4556433],[28.4891222,46.4556656],[28.4894368,46.4556926],[28.4897613,46.4557148],[28.4901021,46.4557598],[28.4903968,46.4557823],[28.4907923,46.4557954],[28.4911648,46.4558089],[28.4915369,46.4558237],[28.4918264,46.4558544],[28.4921193,46.4558766],[28.4924001,46.4558919],[28.4926765,46.4559209],[28.4930055,46.4559518],[28.4933802,46.4559758],[28.493522,46.4559827],[28.4938706,46.4560086],[28.4940086,46.4560077],[28.4944701,46.4560138],[28.4947607,46.4560166],[28.4950637,46.4560105],[28.4953216,46.4560216],[28.4955727,46.4560258],[28.4958545,46.4560259],[28.4961051,46.4560242],[28.4962569,46.4560329],[28.496511,46.4560341],[28.4967925,46.4560727],[28.4970551,46.4560878],[28.4973461,46.4561165],[28.4973943,46.456214],[28.4974124,46.4564807],[28.4977419,46.4564992],[28.4980542,46.4565121],[28.4983666,46.4564878],[28.4986989,46.4564876],[28.4990181,46.4564775],[28.4992329,46.4564892],[28.4992552,46.4565742],[28.4996767,46.4565649],[28.499767,46.4565724],[28.4997941,46.4565729],[28.5000366,46.4566215],[28.5004571,46.4577652],[28.500459,46.4580325],[28.500438,46.4582776],[28.5004378,46.4584855],[28.5002137,46.4587949],[28.5000246,46.4590898],[28.4996674,46.4595877],[28.4996343,46.4598228],[28.4996339,46.4603843],[28.4996389,46.4627095],[28.4929056,46.4626485],[28.4928244,46.4608932],[28.4925963,46.460893],[28.4924665,46.4608859],[28.4921098,46.4608668],[28.4919655,46.4608637],[28.491931,46.4608486],[28.4919372,46.4608208],[28.4917766,46.4608111],[28.4915203,46.4607987],[28.491286,46.4608055],[28.4909699,46.460811],[28.4906806,46.4608068],[28.4905635,46.4607672],[28.4904919,46.4607562],[28.4903298,46.4607429],[28.4903037,46.462579],[28.4902734,46.4647167],[28.486437,46.4645806],[28.4861132,46.4639761],[28.4859599,46.4639968],[28.4856052,46.4640449],[28.4855306,46.464055],[28.4854864,46.464061],[28.485345,46.4640801],[28.4850841,46.4641154],[28.4849405,46.4641549],[28.4845435,46.464264],[28.4844741,46.4642831],[28.4844052,46.4643021],[28.4844088,46.4643398],[28.4844431,46.4645264],[28.4844829,46.4648605],[28.484562,46.4650976],[28.4845707,46.4651239],[28.484367,46.4651613],[28.4838807,46.4652507],[28.4836876,46.4652862],[28.4832799,46.4653611],[28.4829232,46.4654267],[28.4828758,46.4654354],[28.4826986,46.465468],[28.4825808,46.4654896],[28.4824516,46.4655134],[28.482407,46.4655216],[28.4823006,46.465544],[28.4818692,46.4656351],[28.4814872,46.4656564],[28.4800653,46.4658019],[28.4799211,46.4658108],[28.4784352,46.4659034],[28.4788005,46.4643881],[28.4786215,46.4643903],[28.4785449,46.4643876],[28.4784202,46.4643914],[28.478443,46.4640951],[28.4783846,46.4639353],[28.478395,46.4638245],[28.4783985,46.4635104],[28.4783984,46.4632894],[28.4784154,46.4631067],[28.478411,46.4627379],[28.4783958,46.4624478],[28.4783909,46.462201],[28.4783847,46.4618997],[28.4783774,46.4614727],[28.4783576,46.4612404],[28.4783218,46.4609618],[28.4781991,46.4606769],[28.4780786,46.4603892],[28.4779346,46.4601259],[28.4778446,46.4599688],[28.4777212,46.4598334],[28.4775447,46.459594],[28.4774862,46.4595678],[28.4773652,46.4596372],[28.4771503,46.4595011],[28.4773413,46.4593616],[28.4772863,46.4592823],[28.4767932,46.4589787],[28.4761365,46.4585921],[28.4758474,46.4584222],[28.4755388,46.4582174],[28.4751731,46.4579699],[28.474944,46.4578121],[28.4748014,46.45768],[28.4746977,46.4577282],[28.4746057,46.4577779],[28.4744753,46.4576595],[28.4744244,46.4574877],[28.4743113,46.457266],[28.4741951,46.4570767],[28.4741476,46.4568449],[28.4741262,46.4565332],[28.4741739,46.4562502],[28.4742141,46.4556659],[28.4740242,46.454856],[28.4740885,46.4546248],[28.4738397,46.4541212],[28.4736114,46.4536141],[28.4734158,46.4532805],[28.4733437,46.453055],[28.4732261,46.4527497],[28.4731834,46.45262],[28.4730263,46.4522613],[28.4727044,46.4517106],[28.4724922,46.4511644],[28.4723953,46.4508227],[28.4723235,46.45064],[28.4720983,46.4499036],[28.4718598,46.4493267],[28.4715893,46.4486886],[28.4713749,46.4481198],[28.4712735,46.4479006],[28.4714655,46.4477145],[28.4712058,46.4473375],[28.4710129,46.4470332],[28.4716087,46.4468202],[28.4714771,46.4465927],[28.4712373,46.446155],[28.4709992,46.4462477],[28.4709353,46.4461744],[28.470778,46.4458987],[28.470855,46.4458829],[28.4705667,46.445394],[28.4705254,46.4453447],[28.4706052,46.445325],[28.4705353,46.4452033],[28.4703819,46.4450089],[28.469729,46.4453061],[28.468977,46.4446207],[28.4690813,46.4445618],[28.4690999,46.4445325],[28.4699526,46.4440293],[28.4705307,46.4437217],[28.4714139,46.4433111],[28.4717563,46.4436384],[28.4721749,46.4440298],[28.4727162,46.4445908],[28.4731558,46.445035],[28.4732171,46.4450087]]]}},{"type":"Feature","properties":{"entity_id":"osm-r18967219","jurisdiction":"MD","display_name":"Victoria","display_type":"component_locality","admin_level":9,"tier":"detail","legal_registry":"CUATM","legal_id":"5734","legal_type":null,"parent_catalog_id":"osm-r19113648","osm_relation_id":18967219,"legal_identity_status":"reconciled","geometry_source":"OpenStreetMap","geometry_precision":"master_coordinate_fidelity"},"geometry":{"type":"Polygon","coordinates":[[[28.4162689,46.6137243],[28.4163168,46.6137149],[28.4164115,46.6137444],[28.4173762,46.6140444],[28.4179023,46.6142644],[28.418152,46.6143477],[28.4187365,46.6145139],[28.418825,46.6145299],[28.4189314,46.6143953],[28.4191866,46.6145096],[28.4193412,46.6145522],[28.419711,46.6146362],[28.4198993,46.614692],[28.419962,46.6147163],[28.4200761,46.6147606],[28.4200511,46.6148923],[28.4198069,46.6152462],[28.4196846,46.615463],[28.4198103,46.6155106],[28.4197787,46.6155527],[28.4196907,46.6156784],[28.4197477,46.6158111],[28.4197359,46.6159836],[28.4197838,46.6160456],[28.4194961,46.6165221],[28.4187852,46.6167937],[28.4181998,46.6169674],[28.4177099,46.617097],[28.417265,46.6172006],[28.416705,46.6173599],[28.4163714,46.617437],[28.4153986,46.6176617],[28.4153813,46.6176552],[28.415149,46.6177481],[28.4148132,46.6178761],[28.4147118,46.6178514],[28.4143318,46.618046],[28.414044,46.6181933],[28.4137799,46.6183759],[28.4135676,46.6185083],[28.413352,46.6186292],[28.4132061,46.6186969],[28.4130081,46.6189211],[28.4121024,46.6187086],[28.4120501,46.618722],[28.4117753,46.6186826],[28.4117516,46.6187044],[28.4109645,46.6185379],[28.410915,46.618518],[28.4108367,46.6184937],[28.4108927,46.6184324],[28.4108562,46.6184228],[28.4107562,46.6184039],[28.4107211,46.6184205],[28.4104824,46.6183696],[28.4104897,46.6183353],[28.4096336,46.6180898],[28.410238,46.617557],[28.4107076,46.6171361],[28.40993,46.6169504],[28.4099745,46.6168631],[28.4101609,46.6164823],[28.4103319,46.6161947],[28.4104409,46.6160085],[28.4105381,46.6158824],[28.4112022,46.6160196],[28.4116193,46.6161104],[28.4121599,46.6157298],[28.4123665,46.615535],[28.4126271,46.6152935],[28.4129667,46.6150354],[28.4132111,46.6147988],[28.41328,46.6147216],[28.4134587,46.6145968],[28.4135963,46.6144592],[28.4143155,46.6146437],[28.4145507,46.6147117],[28.4146649,46.6145681],[28.4149241,46.614633],[28.4149805,46.6145087],[28.4152068,46.6142976],[28.4153133,46.6143528],[28.4156164,46.6141273],[28.4159,46.6139292],[28.4162689,46.6137243]]]}},{"type":"Feature","properties":{"entity_id":"osm-r18967233","jurisdiction":"MD","display_name":"Nicolaevca","display_type":"component_locality","admin_level":9,"tier":"detail","legal_registry":"CUATM","legal_id":"5729","legal_type":null,"parent_catalog_id":"osm-r19113664","osm_relation_id":18967233,"legal_identity_status":"reconciled","geometry_source":"OpenStreetMap","geometry_precision":"master_coordinate_fidelity"},"geometry":{"type":"Polygon","coordinates":[[[28.2540922,46.3899667],[28.2544726,46.3895182],[28.254448,46.3894199],[28.2548852,46.3888533],[28.2551162,46.3887962],[28.2554992,46.3886604],[28.2564598,46.3887127],[28.2568526,46.3887775],[28.2573232,46.3889197],[28.2572445,46.3890911],[28.2571155,46.3895319],[28.2565557,46.3896253],[28.255834,46.3896576],[28.2555017,46.3896138],[28.255362,46.3898442],[28.2554763,46.3902887],[28.2555998,46.3907694],[28.2551854,46.3908418],[28.2556595,46.3919753],[28.2556012,46.3920898],[28.2556265,46.3921845],[28.2554399,46.3921964],[28.2551951,46.392217],[28.2549259,46.392267],[28.2546531,46.3923362],[28.2545483,46.3923612],[28.2542586,46.3924306],[28.2537132,46.3925557],[28.253463,46.3926099],[28.2531892,46.3926825],[28.2528542,46.3927769],[28.2524725,46.3928773],[28.2521655,46.3929688],[28.2518618,46.3931052],[28.2515568,46.3932691],[28.2513536,46.3928511],[28.2513004,46.3928929],[28.2509487,46.3929613],[28.2508994,46.3929473],[28.2507895,46.392776],[28.2507886,46.3927663],[28.2507786,46.3926494],[28.2508501,46.3924766],[28.2506754,46.3921453],[28.2505465,46.3918216],[28.2506878,46.3917313],[28.2507909,46.3916883],[28.2511377,46.3915436],[28.2514629,46.3914233],[28.2517686,46.3912972],[28.2520939,46.3911574],[28.2522822,46.3910876],[28.2523641,46.3910537],[28.2526188,46.3909547],[28.252658,46.3909299],[28.2529275,46.3908127],[28.2529326,46.3908349],[28.2532447,46.3907022],[28.2534103,46.3906278],[28.2535173,46.3905802],[28.2536408,46.3905484],[28.2535905,46.390454],[28.2535825,46.3904416],[28.2532336,46.390526],[28.2532298,46.3905186],[28.2528748,46.3906258],[28.2524825,46.3907287],[28.2521865,46.3908181],[28.2520294,46.3908678],[28.2515406,46.3910022],[28.2512962,46.3910659],[28.2509673,46.3911107],[28.25045,46.3911707],[28.2504249,46.3909998],[28.2503079,46.3909983],[28.2502607,46.3907183],[28.2502593,46.3906439],[28.250255,46.3904016],[28.2507721,46.3903632],[28.2508448,46.3905631],[28.2509399,46.3905571],[28.250995,46.39052],[28.2511673,46.3904773],[28.2511688,46.3904326],[28.2516828,46.3902438],[28.2514438,46.389881],[28.2515824,46.3897876],[28.2517005,46.3896948],[28.2518244,46.3896375],[28.251993,46.389594],[28.2522696,46.3895572],[28.2523514,46.389555],[28.2524837,46.3895673],[28.2526254,46.3895855],[28.2529186,46.389598],[28.2530799,46.3897446],[28.25325,46.3900057],[28.2533151,46.3899757],[28.2533308,46.3899429],[28.2533964,46.3899105],[28.2537756,46.3899468],[28.2540922,46.3899667]]]}},{"type":"Feature","properties":{"entity_id":"osm-r18967264","jurisdiction":"MD","display_name":"Tomaiul Nou","display_type":"commune","admin_level":9,"tier":"detail","legal_registry":"CUATM","legal_id":"5742","legal_type":"commune","parent_catalog_id":"osm-r19113647","osm_relation_id":18967264,"legal_identity_status":"reconciled","geometry_source":"OpenStreetMap","geometry_precision":"master_coordinate_fidelity"},"geometry":{"type":"MultiPolygon","coordinates":[[[[28.5541346,46.6409005],[28.5540143,46.6407204],[28.5540716,46.6406639],[28.5540708,46.6406453],[28.5538352,46.640692],[28.5536991,46.6404969],[28.5535627,46.640283],[28.5534629,46.6401169],[28.5533719,46.639908],[28.5532181,46.6397174],[28.553233,46.6396362],[28.5530376,46.6393351],[28.5529633,46.6390514],[28.5528094,46.6387536],[28.5526081,46.6381974],[28.552496,46.6379199],[28.5524345,46.6379059],[28.5523543,46.6376805],[28.5524066,46.6376469],[28.5521311,46.6372871],[28.5520354,46.6371184],[28.5519812,46.6369615],[28.5519249,46.6368902],[28.5519316,46.6368209],[28.5519956,46.6366283],[28.5517806,46.6364271],[28.551522,46.6361922],[28.5514061,46.6358908],[28.5512652,46.6355725],[28.5511803,46.6353126],[28.5511683,46.63502],[28.5511052,46.6348216],[28.5510148,46.6346181],[28.5509266,46.6344415],[28.5507997,46.6341398],[28.5506799,46.6338828],[28.5505941,46.6336192],[28.5505471,46.6333233],[28.5504624,46.6330449],[28.5504028,46.6328757],[28.5503499,46.6327245],[28.5502887,46.6324351],[28.5502402,46.632288],[28.5501334,46.6321481],[28.5501044,46.6320659],[28.5500127,46.6316832],[28.5498211,46.6316414],[28.5498708,46.631334],[28.549754,46.6313001],[28.5481942,46.6310966],[28.5482265,46.6309405],[28.548251,46.6307802],[28.5482659,46.6306426],[28.5482735,46.6305029],[28.5483089,46.6302219],[28.5490525,46.6303055],[28.5504581,46.6304782],[28.5504738,46.6304154],[28.5505757,46.6301144],[28.5509006,46.6301236],[28.5508636,46.6300726],[28.5508497,46.6298344],[28.5508255,46.629609],[28.550464,46.6295942],[28.5504656,46.6293885],[28.550473,46.6291351],[28.5504675,46.6288508],[28.5504631,46.6285655],[28.5504126,46.6283663],[28.5503166,46.6280465],[28.5502662,46.6278451],[28.5501828,46.6275627],[28.5503213,46.6275607],[28.550166,46.6271465],[28.5501497,46.6269513],[28.5501742,46.6268089],[28.5504644,46.626806],[28.5504139,46.6261817],[28.5501044,46.6262029],[28.5498896,46.6261709],[28.549876,46.6261419],[28.5498496,46.6257665],[28.5499103,46.6256538],[28.5498716,46.6253172],[28.5495202,46.6251928],[28.5495393,46.6237777],[28.5490509,46.6234774],[28.5490105,46.623253],[28.5490103,46.6231151],[28.5490043,46.6229859],[28.5492947,46.6229776],[28.5492862,46.6229475],[28.5492672,46.6229221],[28.5492622,46.6228848],[28.5492863,46.6228793],[28.549259,46.6227066],[28.5492515,46.6226275],[28.5491364,46.622654],[28.5487351,46.6227165],[28.548689,46.6225752],[28.5486822,46.6225337],[28.5485892,46.6221564],[28.5485595,46.6220784],[28.5485647,46.6218283],[28.5487404,46.6216097],[28.5491021,46.6212772],[28.5490876,46.6212361],[28.5491934,46.6210968],[28.5494335,46.6207674],[28.5494161,46.6202913],[28.5489002,46.6203313],[28.5488499,46.6200387],[28.5487806,46.6199021],[28.5486496,46.6199105],[28.5483688,46.6198949],[28.5478534,46.6198764],[28.5478265,46.6196778],[28.5478404,46.6195851],[28.5476624,46.6189195],[28.5476328,46.6188846],[28.5475582,46.6186091],[28.5474879,46.618389],[28.5473919,46.6181616],[28.5473049,46.6179458],[28.5472258,46.6177179],[28.547172,46.6177117],[28.5470919,46.6175246],[28.5470906,46.6174589],[28.5473874,46.617204],[28.5472661,46.6171118],[28.547047,46.6171529],[28.5469815,46.6172294],[28.5468301,46.6173203],[28.5465636,46.6174148],[28.5463657,46.6176269],[28.546114,46.6177012],[28.5456932,46.6168411],[28.545452,46.6165943],[28.5453318,46.616466],[28.5451192,46.6162389],[28.5449108,46.6160092],[28.5446992,46.6157818],[28.5444874,46.6155516],[28.5443041,46.6153462],[28.5443179,46.6153398],[28.5440765,46.6150806],[28.5438593,46.6148366],[28.5438708,46.6148261],[28.5437634,46.6147047],[28.5435971,46.6145298],[28.5431617,46.6140589],[28.5426877,46.6135047],[28.5422479,46.6129893],[28.5416052,46.6122636],[28.5411562,46.6117455],[28.5410638,46.6116349],[28.5421447,46.6111428],[28.5422867,46.6110546],[28.54243,46.6111472],[28.5426284,46.6114191],[28.5431857,46.6116954],[28.5434159,46.611858],[28.5435201,46.6120004],[28.5436912,46.6120716],[28.5443156,46.6129336],[28.5447446,46.6132968],[28.5451002,46.6133757],[28.5457996,46.6134338],[28.5462984,46.6139187],[28.5462097,46.6139724],[28.5469171,46.6148559],[28.5469391,46.6148806],[28.5471367,46.615103],[28.5476132,46.6157224],[28.5478046,46.615661],[28.5479141,46.6157477],[28.5483149,46.6163822],[28.5485055,46.6166913],[28.5485271,46.6167564],[28.5486835,46.6167649],[28.5492941,46.6168033],[28.5497958,46.6168128],[28.5496805,46.6162063],[28.5496432,46.61607],[28.5496357,46.6160524],[28.5494245,46.6160755],[28.5493974,46.6160731],[28.5493756,46.6160564],[28.5492737,46.6158347],[28.5492599,46.6157892],[28.5491152,46.6155015],[28.548992,46.6152812],[28.5488367,46.6150647],[28.5487958,46.6150171],[28.548687,46.6149037],[28.5486542,46.6148579],[28.5485988,46.614725],[28.5485856,46.6145777],[28.5485126,46.6143831],[28.5484864,46.6142895],[28.5483981,46.6142923],[28.5483393,46.6142428],[28.548252,46.6141947],[28.5480335,46.6142745],[28.5478502,46.6140974],[28.5479199,46.6140507],[28.5479078,46.6140389],[28.5475658,46.6139178],[28.5471024,46.6137484],[28.5469462,46.6136232],[28.5468605,46.613559],[28.54681,46.6135064],[28.5467418,46.613405],[28.5470412,46.613194],[28.5453122,46.6117787],[28.54528,46.6117578],[28.5452006,46.6116769],[28.5448865,46.6117987],[28.5447035,46.6115761],[28.5444689,46.611656],[28.5443296,46.6116927],[28.5442243,46.6116279],[28.5440152,46.6114418],[28.5438781,46.6112839],[28.5447999,46.6109948],[28.5448484,46.6109852],[28.5448991,46.6109816],[28.5450771,46.6109927],[28.545236,46.611022],[28.5455399,46.6110006],[28.5456461,46.6109689],[28.5426515,46.6085499],[28.5412292,46.607301],[28.5410942,46.6070603],[28.54068,46.6069505],[28.5404755,46.6066752],[28.5410695,46.606615],[28.5412049,46.6065877],[28.5413514,46.606575],[28.5415279,46.6065265],[28.5421745,46.6062603],[28.5422497,46.6062441],[28.5425772,46.6065428],[28.5437642,46.6077226],[28.5438278,46.6077943],[28.5440932,46.6080148],[28.5443457,46.6081577],[28.5445103,46.6080979],[28.5449256,46.6079777],[28.5451932,46.6081753],[28.5452703,46.6082741],[28.5454675,46.6084391],[28.545791,46.6086999],[28.5457954,46.6087985],[28.5459142,46.6088957],[28.5460937,46.6090602],[28.5460941,46.6091493],[28.5462496,46.609205],[28.546404,46.6093438],[28.5466037,46.6095862],[28.5462486,46.6097768],[28.5462156,46.6097945],[28.5463723,46.6098393],[28.546439,46.6100068],[28.5464368,46.6100796],[28.5465333,46.6100542],[28.5467417,46.6101207],[28.5469747,46.610437],[28.5472034,46.610291],[28.5474763,46.6101331],[28.5474905,46.6101432],[28.5475288,46.6101546],[28.5478868,46.6104561],[28.5479285,46.6104778],[28.5480789,46.6106389],[28.5482973,46.6109147],[28.5485187,46.6109595],[28.5485214,46.6109672],[28.5485524,46.6109846],[28.5487548,46.6109505],[28.5488435,46.6110717],[28.5489269,46.6112343],[28.54892,46.61124],[28.5487132,46.6113305],[28.5486845,46.6113274],[28.5483637,46.6114379],[28.5484419,46.6115009],[28.5485591,46.611573],[28.5488249,46.6118007],[28.5488559,46.611813],[28.5488844,46.6118338],[28.5489756,46.6119255],[28.5489294,46.6119533],[28.5489462,46.6119645],[28.5491288,46.6122372],[28.5492045,46.6123845],[28.5493654,46.6124617],[28.5493501,46.612475],[28.549392,46.6125067],[28.5497683,46.6128336],[28.5498632,46.6128056],[28.5501349,46.6130413],[28.5503419,46.6132013],[28.5504525,46.6131551],[28.5507628,46.6130006],[28.5509007,46.6131604],[28.5509193,46.613151],[28.5510291,46.6132697],[28.5515789,46.6130398],[28.5517346,46.6131487],[28.5518964,46.6132488],[28.5518033,46.6132915],[28.5516565,46.6133532],[28.5518648,46.6135647],[28.5517963,46.6136782],[28.5516052,46.6138963],[28.5514539,46.6139961],[28.551505,46.6140069],[28.5519607,46.6140034],[28.5524867,46.6140035],[28.5525068,46.6140912],[28.5525954,46.6142408],[28.5525451,46.6142479],[28.5525509,46.6143342],[28.5524882,46.6143913],[28.5524343,46.6145552],[28.5524549,46.6145731],[28.5530379,46.6145384],[28.553246,46.6149458],[28.5527942,46.6150144],[28.5526861,46.6150266],[28.552656,46.6149964],[28.5525818,46.6148495],[28.5524636,46.6145922],[28.5515768,46.6146069],[28.5511156,46.6145252],[28.5511572,46.6147352],[28.5512245,46.614952],[28.5512733,46.6151787],[28.551257,46.6151966],[28.5513085,46.6154194],[28.551269,46.615429],[28.5513601,46.6156209],[28.5514379,46.6156128],[28.551579,46.6160701],[28.5516741,46.6163063],[28.551795,46.6167219],[28.5518315,46.6169189],[28.5518687,46.6170082],[28.5519058,46.6171371],[28.5519224,46.6172286],[28.5519313,46.6174862],[28.5519181,46.6175272],[28.5520808,46.6181039],[28.5522837,46.6180359],[28.552459,46.61801],[28.5526061,46.6179696],[28.5528329,46.6179443],[28.5530003,46.6179456],[28.5530172,46.617955],[28.5534539,46.6179408],[28.5535367,46.617991],[28.553599,46.6180573],[28.5536251,46.6180918],[28.553653,46.6182473],[28.5536515,46.6183733],[28.5536703,46.6184756],[28.5537668,46.618913],[28.5537318,46.6190675],[28.5537739,46.6193279],[28.5535039,46.6193567],[28.553492,46.619315],[28.5534456,46.6193136],[28.5534408,46.6192727],[28.5531828,46.6192987],[28.5531684,46.6192691],[28.5529779,46.619309],[28.5528165,46.6193265],[28.5526935,46.6193094],[28.5524689,46.6193363],[28.5521681,46.6194115],[28.5523005,46.6195587],[28.5523641,46.619665],[28.5523801,46.6197251],[28.552513,46.6199672],[28.5525847,46.6202015],[28.5526312,46.6203653],[28.5526439,46.620432],[28.5527144,46.6206826],[28.5527754,46.6209041],[28.5527655,46.6211298],[28.5528559,46.6211706],[28.5528875,46.6213026],[28.5528376,46.621344],[28.5528551,46.6216008],[28.5528283,46.622067],[28.5528712,46.6222909],[28.5530645,46.6224907],[28.5531423,46.6226745],[28.5530974,46.6227141],[28.5530178,46.6227591],[28.5532305,46.6229631],[28.5532376,46.6229629],[28.5531971,46.6231526],[28.5532038,46.6231872],[28.5532724,46.623428],[28.5533287,46.6236623],[28.5534088,46.6238717],[28.5534589,46.6241508],[28.5536025,46.6247213],[28.5535596,46.6248249],[28.5536247,46.6249887],[28.5537269,46.6250291],[28.5537309,46.6251247],[28.5537522,46.6253928],[28.5538194,46.6256479],[28.5537921,46.6256466],[28.5537878,46.625866],[28.5537371,46.6259098],[28.5537809,46.6262077],[28.5538143,46.6262448],[28.5538573,46.6265269],[28.5538661,46.6266772],[28.5539439,46.626933],[28.5540048,46.6269473],[28.5544278,46.6268824],[28.5545277,46.6273934],[28.5541019,46.6273953],[28.5540364,46.6277807],[28.5541878,46.6277968],[28.5543759,46.6278869],[28.5543962,46.6279432],[28.5544403,46.6281752],[28.5546036,46.6283916],[28.5546855,46.628488],[28.5547147,46.6288232],[28.5546633,46.6291056],[28.5547122,46.6291165],[28.5546678,46.6293063],[28.5546434,46.6294982],[28.5546039,46.6296873],[28.5545039,46.629948],[28.5545621,46.629952],[28.5545032,46.6302226],[28.5544901,46.63022],[28.5543885,46.6305128],[28.5543631,46.63051],[28.5542515,46.6307821],[28.5541855,46.6310289],[28.5541437,46.6313237],[28.5541044,46.6316023],[28.5540955,46.6318434],[28.5540828,46.6320664],[28.554084,46.6323232],[28.5540625,46.6325943],[28.5540567,46.6328778],[28.5540057,46.6330347],[28.5540088,46.6331754],[28.5540859,46.6331673],[28.554162,46.6334229],[28.5541909,46.6336549],[28.5542556,46.6339503],[28.554287,46.6344182],[28.5543566,46.6346397],[28.5543554,46.6346927],[28.554649,46.6348575],[28.5548426,46.6348878],[28.5549739,46.634926],[28.5550369,46.6349782],[28.5550653,46.6350277],[28.555136,46.6352294],[28.5551448,46.63548],[28.5552133,46.6355693],[28.555169,46.6357566],[28.5552987,46.6358555],[28.5553476,46.6360257],[28.5553359,46.6360468],[28.5554182,46.6363158],[28.5554855,46.6365126],[28.5554999,46.6367842],[28.5554839,46.6368989],[28.5555537,46.637061],[28.5556266,46.6371976],[28.5557195,46.6372032],[28.5557583,46.6373112],[28.5557905,46.6374495],[28.5557842,46.6376944],[28.5558864,46.6379812],[28.5561396,46.6383085],[28.5560832,46.6383373],[28.556188,46.6385953],[28.5561619,46.6388773],[28.556066,46.6388845],[28.5560603,46.6390816],[28.5560079,46.6392709],[28.5559035,46.6399444],[28.5555252,46.639996],[28.5552332,46.6400923],[28.5553751,46.6403092],[28.5554645,46.6404723],[28.5552356,46.6405974],[28.5553486,46.6406132],[28.5552586,46.6407219],[28.5544768,46.6409206],[28.5544264,46.6408751],[28.5544243,46.6408266],[28.5541346,46.6409005]]],[[[28.556659,46.6354671],[28.5565237,46.6350505],[28.5569775,46.6350867],[28.5571155,46.6353591],[28.557013,46.6354353],[28.556659,46.6354671]]]]}},{"type":"Feature","properties":{"entity_id":"osm-r18967272","jurisdiction":"MD","display_name":"Hănăsenii Noi","display_type":"commune","admin_level":9,"tier":"detail","legal_registry":"CUATM","legal_id":"5728","legal_type":"commune","parent_catalog_id":"osm-r19113664","osm_relation_id":18967272,"legal_identity_status":"reconciled","geometry_source":"OpenStreetMap","geometry_precision":"master_coordinate_fidelity"},"geometry":{"type":"Polygon","coordinates":[[[28.245291,46.4042997],[28.2456316,46.4042912],[28.2458163,46.4042765],[28.2459182,46.4042521],[28.2460911,46.4045773],[28.2463172,46.4048359],[28.2465569,46.4050525],[28.2467299,46.4051929],[28.2468076,46.4052558],[28.2472926,46.4056169],[28.2477278,46.4059399],[28.2497474,46.4074064],[28.2500199,46.4076098],[28.2501068,46.4075523],[28.2501301,46.4075296],[28.2502242,46.4074378],[28.2502392,46.4074232],[28.2503408,46.4073241],[28.2503764,46.4072893],[28.2505351,46.4071553],[28.250549,46.4071447],[28.2506548,46.4070795],[28.2508524,46.4069576],[28.2509106,46.4069217],[28.2511,46.406805],[28.251208,46.4067434],[28.2513076,46.4066869],[28.2513343,46.4066718],[28.2514132,46.406627],[28.251554,46.4065472],[28.2547212,46.4090582],[28.2552319,46.409451],[28.255931,46.4099746],[28.2561687,46.4101726],[28.2564028,46.4103616],[28.2566007,46.4105282],[28.2571254,46.410927],[28.2578007,46.4114269],[28.2592467,46.4125284],[28.2595441,46.4127543],[28.2613082,46.4141999],[28.2622972,46.4150208],[28.2618333,46.4155806],[28.2611259,46.4164304],[28.2609066,46.4166886],[28.2604682,46.4160688],[28.2601791,46.4161747],[28.2594942,46.4164406],[28.2592531,46.4162458],[28.2590996,46.4160997],[28.2590309,46.4160157],[28.2589456,46.4159169],[28.2588734,46.4158119],[28.2587802,46.415669],[28.2587676,46.4156286],[28.2586756,46.4154586],[28.2584792,46.4152802],[28.2584726,46.4152527],[28.2584457,46.4152138],[28.2583744,46.4152036],[28.2582344,46.4151553],[28.2579998,46.4152302],[28.2578279,46.4153574],[28.2575414,46.4155052],[28.2572743,46.4155896],[28.2570923,46.4156578],[28.2569134,46.415752],[28.2567941,46.4158326],[28.2567016,46.4158532],[28.2565857,46.4159306],[28.2563847,46.4160407],[28.2563113,46.416155],[28.256375,46.4161929],[28.256269,46.4163046],[28.2559612,46.41687],[28.2561529,46.4168701],[28.2561936,46.4169086],[28.256166,46.4170216],[28.2561969,46.4171597],[28.2561763,46.4173983],[28.2559411,46.4175406],[28.2561083,46.4176008],[28.2561132,46.4177811],[28.2559998,46.4179404],[28.255759,46.4180707],[28.2560297,46.4181949],[28.2560883,46.4182703],[28.2563281,46.4182043],[28.2564651,46.4182218],[28.2566466,46.4182656],[28.2570143,46.418165],[28.257221,46.4180944],[28.2572754,46.4180557],[28.2575665,46.4181621],[28.2582343,46.4186613],[28.2585357,46.4191299],[28.2585559,46.4192669],[28.2587421,46.4194334],[28.25931,46.4196209],[28.2596241,46.4198024],[28.2597962,46.419853],[28.2599898,46.4198827],[28.2600965,46.4198982],[28.2599846,46.4200469],[28.2600276,46.4202076],[28.2600018,46.4202998],[28.2599544,46.4204397],[28.2598907,46.4206266],[28.2599983,46.4206861],[28.2602779,46.4205671],[28.2605404,46.4205136],[28.2606256,46.4204992],[28.2610052,46.4210087],[28.2609337,46.4210367],[28.2608234,46.4210694],[28.2610124,46.4213706],[28.2611173,46.4213307],[28.2613403,46.4215521],[28.261402,46.4215267],[28.2615548,46.4217421],[28.2616934,46.4219876],[28.26186,46.4223971],[28.2619281,46.4226156],[28.262222,46.4224595],[28.2621623,46.4221784],[28.2626173,46.4219032],[28.2626464,46.4219345],[28.2628195,46.4221089],[28.2628351,46.4221253],[28.2632331,46.4224569],[28.2628692,46.4225571],[28.2626218,46.422573],[28.2626895,46.422794],[28.2629261,46.4228341],[28.2629793,46.4231508],[28.2627326,46.4231797],[28.2627473,46.4232142],[28.2628774,46.4234234],[28.2629706,46.4235544],[28.2631043,46.4235205],[28.2631651,46.4236804],[28.2629509,46.4237474],[28.2631358,46.4240071],[28.2631754,46.4240184],[28.2633866,46.4239732],[28.2635281,46.42417],[28.2634797,46.424198],[28.2637115,46.4245999],[28.2635284,46.4246401],[28.2636952,46.4250149],[28.2638075,46.4251246],[28.2639073,46.4251945],[28.2640386,46.4253656],[28.2641113,46.4255558],[28.2642083,46.4257931],[28.264096,46.4258143],[28.2641865,46.4261826],[28.2643393,46.4263632],[28.2645284,46.4265561],[28.2649388,46.426327],[28.2652592,46.4267283],[28.2651535,46.4268266],[28.2652307,46.4268812],[28.2654415,46.4271057],[28.2655423,46.4270567],[28.2657864,46.4272961],[28.2659105,46.4273719],[28.2658771,46.427416],[28.2659167,46.4275798],[28.2660077,46.4276875],[28.2659609,46.4277118],[28.2657944,46.4277716],[28.2657587,46.4278153],[28.265908,46.4280969],[28.2660763,46.4279652],[28.2661577,46.4280175],[28.2662596,46.4280496],[28.2660057,46.4284392],[28.2658538,46.4286356],[28.265812,46.4287558],[28.2656497,46.4288161],[28.2654181,46.4288695],[28.2650982,46.4289983],[28.2646539,46.4291826],[28.2646195,46.4292342],[28.264521,46.4291803],[28.264192,46.4288377],[28.2639114,46.4290036],[28.2631962,46.4293396],[28.2620129,46.4298882],[28.2618496,46.4300358],[28.261672,46.4298362],[28.2612316,46.429257],[28.2614395,46.429158],[28.2613496,46.4290278],[28.2616653,46.4288843],[28.26138,46.4287339],[28.2613364,46.4287098],[28.2612563,46.4286066],[28.2611729,46.4284352],[28.2613682,46.428344],[28.2613448,46.4282634],[28.2614833,46.4282134],[28.2614382,46.4281576],[28.2613237,46.427927],[28.2611105,46.4280702],[28.2608169,46.4282306],[28.2607764,46.428267],[28.2605227,46.4281096],[28.2604754,46.4280292],[28.2605104,46.4279472],[28.2605657,46.4277317],[28.2604573,46.4277227],[28.2600537,46.4276572],[28.2599907,46.427564],[28.2599891,46.4275011],[28.2600363,46.4273813],[28.2600093,46.4267824],[28.2599047,46.4262886],[28.2597972,46.4258096],[28.2595683,46.4255149],[28.2592772,46.4252161],[28.2588907,46.4248041],[28.2587679,46.4246626],[28.2581334,46.4241473],[28.2576765,46.423777],[28.2575069,46.423659],[28.2573555,46.4235673],[28.2571608,46.4234262],[28.256922,46.4231734],[28.2567548,46.423005],[28.2558115,46.4224875],[28.2543913,46.4218312],[28.2526301,46.4213307],[28.2523925,46.4212575],[28.252184,46.4211931],[28.2521492,46.4211824],[28.2520378,46.4211106],[28.2518998,46.4210327],[28.2518151,46.4209849],[28.2517778,46.4209639],[28.2517359,46.4209402],[28.2517036,46.4208852],[28.2515143,46.4205626],[28.2514725,46.4204483],[28.2514077,46.4202713],[28.2513903,46.4200679],[28.2513824,46.4199755],[28.2513502,46.419872],[28.2513116,46.4197481],[28.2515906,46.4196804],[28.2522139,46.4194866],[28.2521007,46.4193099],[28.2515178,46.4194093],[28.2514767,46.4193059],[28.2513857,46.4193195],[28.2513605,46.4187151],[28.2513595,46.4186381],[28.251312,46.4185653],[28.2512654,46.4183016],[28.2512369,46.4178423],[28.2512586,46.4174917],[28.2513361,46.4174551],[28.2512886,46.4172128],[28.2512293,46.417063],[28.2511834,46.4165346],[28.2513198,46.4165188],[28.2511556,46.4161193],[28.2508897,46.4157745],[28.2510189,46.415592],[28.2511379,46.4154317],[28.2509527,46.4152725],[28.2509019,46.4153013],[28.2508299,46.415265],[28.2506759,46.415148],[28.2505037,46.4148979],[28.2503528,46.4148316],[28.2500985,46.4146591],[28.2497142,46.414844],[28.2498429,46.4148801],[28.2497753,46.414925],[28.2496885,46.4149453],[28.249007,46.4149234],[28.2486631,46.4149255],[28.2484856,46.41491],[28.2483031,46.4148941],[28.2482837,46.4148922],[28.2482182,46.4149765],[28.2478042,46.4149373],[28.2478024,46.4149412],[28.2477263,46.4149129],[28.2476519,46.4148526],[28.2476225,46.4147633],[28.2477317,46.4147179],[28.2475937,46.4144912],[28.2474816,46.4144121],[28.2473983,46.4144215],[28.2473449,46.4142905],[28.2473907,46.4142712],[28.2473826,46.4142606],[28.2472816,46.4138789],[28.2472748,46.4138593],[28.2472376,46.413753],[28.2472039,46.4136568],[28.2470266,46.4132701],[28.2466664,46.4127887],[28.2462807,46.4123018],[28.2463648,46.4122487],[28.2460757,46.4120039],[28.2456878,46.4116801],[28.2454754,46.4114656],[28.2454331,46.4113897],[28.2455075,46.4113161],[28.2453882,46.4111663],[28.2452306,46.4110264],[28.2450657,46.4108909],[28.2450187,46.4108644],[28.244931,46.4108411],[28.2447308,46.4106471],[28.2444707,46.4107896],[28.2444154,46.4107349],[28.2438725,46.4103943],[28.2435431,46.4101726],[28.2435528,46.4101015],[28.2432051,46.4098185],[28.2430979,46.4096086],[28.2432596,46.4094769],[28.243421,46.4093814],[28.2434876,46.4094095],[28.2436554,46.4093711],[28.2438468,46.40923],[28.2441774,46.4089415],[28.2445584,46.4086181],[28.2444761,46.4085592],[28.2443665,46.4084394],[28.2444111,46.4084145],[28.24529,46.4077759],[28.2458834,46.4074259],[28.2461738,46.4072118],[28.2465927,46.4070431],[28.2466943,46.4069613],[28.2464981,46.4068182],[28.2462848,46.4066623],[28.2461058,46.406545],[28.2460641,46.4065421],[28.2460303,46.4065274],[28.2458818,46.4064148],[28.2456773,46.4062537],[28.245476,46.4060922],[28.2452881,46.4059251],[28.2450896,46.4057506],[28.2449235,46.4055974],[28.2448906,46.405567],[28.2448965,46.4053418],[28.2448994,46.4052283],[28.2449762,46.4049357],[28.245291,46.4042997]]]}},{"type":"Feature","properties":{"entity_id":"osm-r18967309","jurisdiction":"MD","display_name":"Orac","display_type":"independent_village","admin_level":9,"tier":"detail","legal_registry":"CUATM","legal_id":"5730","legal_type":"independent_village","parent_catalog_id":"osm-r19113643","osm_relation_id":18967309,"legal_identity_status":"reconciled","geometry_source":"OpenStreetMap","geometry_precision":"master_coordinate_fidelity"},"geometry":{"type":"Polygon","coordinates":[[[28.4563582,46.6555017],[28.4569288,46.6554919],[28.4576825,46.655571],[28.4577529,46.6563635],[28.4579598,46.6563349],[28.4580025,46.6563368],[28.4581332,46.6569849],[28.4582178,46.6569711],[28.4582653,46.656973],[28.4582766,46.6570026],[28.4582913,46.6570013],[28.4582904,46.657014],[28.4584026,46.657447],[28.4584162,46.6575169],[28.4585342,46.6580021],[28.4585567,46.6580786],[28.4586142,46.6582846],[28.4587245,46.6587458],[28.4588197,46.6592551],[28.4588771,46.6596024],[28.4588749,46.659642],[28.4588917,46.6604255],[28.458887,46.6611895],[28.4589334,46.6616074],[28.4589624,46.6618897],[28.4589982,46.6621878],[28.4590219,46.6624658],[28.4590579,46.6626424],[28.4590869,46.6628758],[28.4591166,46.663071],[28.4591622,46.663327],[28.4592939,46.6640667],[28.4594564,46.6640564],[28.4598589,46.6640218],[28.4601415,46.6644897],[28.4603337,46.6644545],[28.4604226,46.6646102],[28.4610799,46.6644777],[28.4631743,46.6640426],[28.4634283,46.6642219],[28.4647758,46.6638066],[28.4652785,46.6636287],[28.4653057,46.6635935],[28.4655799,46.6635072],[28.4657471,46.6634545],[28.4658007,46.6634508],[28.4657931,46.6634351],[28.4658168,46.6634133],[28.4661953,46.6633505],[28.4663085,46.6633376],[28.4663489,46.6633422],[28.4663982,46.6633619],[28.4665346,46.6634528],[28.4666221,46.6635238],[28.4667635,46.6636674],[28.4667791,46.6636899],[28.466818,46.6637515],[28.4669569,46.6637963],[28.4670207,46.6638508],[28.467233,46.6639659],[28.4672864,46.6639814],[28.4674749,46.664043],[28.4674974,46.6640264],[28.4675472,46.6640667],[28.4677793,46.6640166],[28.467849,46.6640968],[28.4678184,46.6641246],[28.4679104,46.6642359],[28.4679373,46.6642818],[28.4679509,46.6642776],[28.4680641,46.6644317],[28.468066,46.664469],[28.4680995,46.6646558],[28.4682461,46.6648801],[28.4684516,46.6651907],[28.4685405,46.6652554],[28.4687363,46.6652629],[28.4690044,46.6652106],[28.4690616,46.6652074],[28.4692646,46.6652222],[28.4694039,46.6652699],[28.4694551,46.6652977],[28.4696168,46.6653856],[28.4697843,46.6654959],[28.4698311,46.6655367],[28.4699528,46.665683],[28.4699336,46.6656874],[28.4699563,46.6658224],[28.4699627,46.665949],[28.4699319,46.665984],[28.4698516,46.6659968],[28.4698688,46.666208],[28.4698428,46.6665107],[28.4698458,46.6665209],[28.4698717,46.6665188],[28.4699775,46.6665448],[28.4700362,46.6667694],[28.4699901,46.6670402],[28.469979,46.6670866],[28.4700388,46.6671083],[28.4700204,46.6671674],[28.469915,46.6672462],[28.4697921,46.6673456],[28.4696437,46.6674927],[28.4696384,46.6675021],[28.4694708,46.6677415],[28.4696772,46.6678039],[28.4696381,46.6679903],[28.469637,46.6680371],[28.4694859,46.6682321],[28.4694143,46.6682257],[28.4690378,46.6684163],[28.4688951,46.6683937],[28.4687191,46.6685427],[28.4686164,46.6686789],[28.468597,46.6687661],[28.4682447,46.6688261],[28.4682346,46.668907],[28.468422,46.6689252],[28.4685637,46.6689071],[28.4688276,46.6689069],[28.4688691,46.6689011],[28.4690056,46.6690022],[28.4690335,46.6690622],[28.4690962,46.6691974],[28.4690651,46.6692496],[28.4690034,46.6692877],[28.4689049,46.6693218],[28.4687364,46.6693615],[28.4685583,46.6694217],[28.4681826,46.6696243],[28.4681064,46.670178],[28.4681814,46.6701626],[28.4684025,46.6703678],[28.4686934,46.6706447],[28.4688459,46.6707867],[28.4688519,46.6708073],[28.4690962,46.6710509],[28.4691737,46.6711526],[28.4688886,46.6711627],[28.4684788,46.6711773],[28.4682296,46.6711816],[28.4680741,46.6711972],[28.4679926,46.671203],[28.4665822,46.6712155],[28.4665721,46.6712747],[28.4665788,46.6714787],[28.4665998,46.6721091],[28.4663763,46.6722158],[28.4649663,46.6720821],[28.4634973,46.6718636],[28.4624001,46.6716576],[28.4618781,46.6715601],[28.4611306,46.6714204],[28.4603507,46.6712643],[28.4588908,46.6709583],[28.4570093,46.6705681],[28.4560935,46.6703683],[28.4543447,46.6700068],[28.4532399,46.6697879],[28.4511991,46.6693813],[28.4508309,46.669284],[28.4528719,46.6626482],[28.4529378,46.6624244],[28.4542762,46.6626433],[28.4543392,46.6624479],[28.453855,46.6623108],[28.4538575,46.6622716],[28.4538736,46.6621958],[28.4538989,46.6620003],[28.4539234,46.6617968],[28.4540574,46.6618228],[28.454083,46.66161],[28.4541064,46.6613989],[28.4541284,46.6612147],[28.4541598,46.6609991],[28.4541923,46.6607777],[28.4542149,46.6605418],[28.4542294,46.6603455],[28.4542477,46.6601428],[28.4542576,46.6599448],[28.4542893,46.6597462],[28.4542982,46.6595375],[28.4543329,46.6593354],[28.4542986,46.6593297],[28.454341,46.6591493],[28.4542509,46.6591378],[28.4543161,46.658929],[28.4535261,46.6588391],[28.4536563,46.6586324],[28.4537572,46.6585017],[28.4538844,46.6583177],[28.4539665,46.658167],[28.4540182,46.6581884],[28.4540436,46.6581576],[28.4541449,46.6579946],[28.4542507,46.6578307],[28.45441,46.6576447],[28.4546516,46.6573819],[28.454834,46.6571582],[28.4550587,46.6568921],[28.4551087,46.6568479],[28.4556472,46.6561246],[28.4563582,46.6555017]]]}},{"type":"Feature","properties":{"entity_id":"osm-r18967322","jurisdiction":"MD","display_name":"Cazangic","display_type":"commune","admin_level":9,"tier":"detail","legal_registry":"CUATM","legal_id":"5717","legal_type":"commune","parent_catalog_id":"osm-r19113662","osm_relation_id":18967322,"legal_identity_status":"reconciled","geometry_source":"OpenStreetMap","geometry_precision":"master_coordinate_fidelity"},"geometry":{"type":"Polygon","coordinates":[[[28.4324706,46.5032217],[28.432525,46.5032111],[28.432607,46.5032058],[28.4332,46.5033012],[28.433326,46.5033288],[28.4334243,46.5033882],[28.4336399,46.5034383],[28.4344246,46.5035935],[28.434723,46.5032377],[28.4350115,46.5030801],[28.435143,46.5029082],[28.4352833,46.5027387],[28.4355541,46.5028015],[28.4356602,46.5026981],[28.4357614,46.5023989],[28.4357603,46.5023712],[28.4359837,46.5022866],[28.4360294,46.5022293],[28.4365925,46.5022807],[28.436823,46.5023018],[28.4375586,46.502347],[28.4376355,46.5023628],[28.437669,46.5023406],[28.4382101,46.5024328],[28.4381881,46.5024648],[28.4381723,46.5025891],[28.4381368,46.50272],[28.4380955,46.5028223],[28.4381067,46.5029067],[28.4380834,46.5030876],[28.4380519,46.5033313],[28.4384108,46.5033935],[28.4385827,46.503742],[28.4385718,46.5039484],[28.4385667,46.5039576],[28.4385649,46.5041647],[28.4384468,46.5044313],[28.438389,46.5044234],[28.4381201,46.5047278],[28.438114,46.5047441],[28.4380005,46.5048941],[28.4379603,46.5049252],[28.4378328,46.5051075],[28.4377824,46.5051297],[28.4376887,46.5052867],[28.4380482,46.5053612],[28.4378874,46.5056265],[28.4374918,46.5055224],[28.437448,46.5055492],[28.4373343,46.5057646],[28.4376296,46.5058329],[28.4376859,46.5059092],[28.4376922,46.5059452],[28.4376521,46.5060644],[28.4372113,46.5059982],[28.4371561,46.5062098],[28.4371582,46.5064203],[28.4372198,46.5066166],[28.4372691,46.5067357],[28.437323,46.5068521],[28.4374674,46.5068958],[28.4376957,46.5070615],[28.4377305,46.5071095],[28.4380624,46.5075112],[28.4387817,46.5077446],[28.4387483,46.5082524],[28.4388705,46.5085016],[28.4389251,46.5085659],[28.4392128,46.5085629],[28.4392731,46.5086355],[28.439272,46.5088621],[28.438901,46.508971],[28.4389247,46.5093451],[28.438903,46.5096595],[28.4391061,46.5097642],[28.4396988,46.5096785],[28.4400949,46.5096829],[28.4401351,46.509691],[28.4404526,46.5098437],[28.4404821,46.509902],[28.4405093,46.5099922],[28.4406288,46.5102349],[28.4406527,46.5103224],[28.4421984,46.5110662],[28.4427314,46.5110951],[28.4427441,46.5111088],[28.4427926,46.5113402],[28.4428552,46.5114084],[28.4428637,46.5114273],[28.4428634,46.5116823],[28.4428415,46.5121102],[28.442832,46.512285],[28.4428016,46.5126707],[28.44244,46.5125931],[28.4424011,46.5125702],[28.442089,46.5125035],[28.4418455,46.5124769],[28.4415016,46.5125147],[28.4414677,46.5127546],[28.4414828,46.5129077],[28.4414308,46.5132454],[28.4418188,46.5132603],[28.4418429,46.5134147],[28.4418414,46.5134692],[28.4412661,46.5135888],[28.4407551,46.5135177],[28.4402406,46.5134124],[28.4400974,46.5133471],[28.4399812,46.5136339],[28.4399615,46.5136481],[28.4397795,46.5139971],[28.439778,46.5140593],[28.4397867,46.5141092],[28.4398226,46.5141878],[28.4398226,46.5145377],[28.441646,46.5144962],[28.4415189,46.5149891],[28.4397587,46.5218118],[28.435933,46.5213579],[28.4359973,46.5181735],[28.4356983,46.5181488],[28.4352658,46.5181066],[28.4348912,46.5180512],[28.4347429,46.5180439],[28.4346851,46.5176526],[28.4344787,46.5176487],[28.4344957,46.5174751],[28.4345058,46.5173711],[28.4343822,46.5173717],[28.4343884,46.5171926],[28.4344408,46.5171814],[28.4344096,46.5170381],[28.4344127,46.5169202],[28.4343166,46.5167996],[28.4343693,46.5164315],[28.4341902,46.5164234],[28.4339097,46.5163919],[28.4338365,46.5162031],[28.4337365,46.5159515],[28.4337015,46.5156065],[28.4335682,46.5153588],[28.4335589,46.5153066],[28.4335202,46.5150406],[28.433448,46.5144816],[28.4333797,46.5142083],[28.4333191,46.5139837],[28.4333259,46.5139172],[28.4333081,46.5138705],[28.4332928,46.5137454],[28.4333053,46.5136352],[28.4333323,46.5135055],[28.4333674,46.5132937],[28.4331287,46.513129],[28.4330373,46.5129885],[28.43306,46.512779],[28.4331272,46.5124701],[28.4332521,46.512221],[28.4334204,46.5120017],[28.4337762,46.511799],[28.4336542,46.5117137],[28.4330982,46.5111586],[28.4327619,46.5111593],[28.4325174,46.511125],[28.4324069,46.5111094],[28.4315245,46.5107719],[28.4312769,46.5107162],[28.4311328,46.5106709],[28.4310774,46.5106465],[28.4310503,46.5106345],[28.4309655,46.5105731],[28.4308844,46.5105062],[28.4304442,46.5100893],[28.4303897,46.5100264],[28.4304163,46.5099874],[28.431077,46.5099612],[28.4312014,46.5099712],[28.4312787,46.5099871],[28.4313632,46.5099305],[28.4312367,46.5097569],[28.4310453,46.5095193],[28.4309189,46.5093618],[28.4307681,46.5091815],[28.4306491,46.5090571],[28.4301579,46.5091756],[28.4289935,46.5092991],[28.4287193,46.509295],[28.4277282,46.5091458],[28.4268833,46.5089153],[28.4256146,46.508714],[28.424753,46.5087571],[28.4242838,46.5087275],[28.4238333,46.5086716],[28.4238241,46.5084268],[28.4242498,46.5075574],[28.4247317,46.5072269],[28.425294,46.5070089],[28.4268403,46.5072375],[28.4287167,46.5071587],[28.428691,46.5070895],[28.4287183,46.5069595],[28.4287446,46.5069107],[28.4288489,46.5069238],[28.4291274,46.5062879],[28.4291632,46.5062415],[28.4292436,46.5062638],[28.4295139,46.5063647],[28.4295182,46.5063543],[28.429777,46.5064571],[28.4297985,46.5064869],[28.4298444,46.5066033],[28.4298833,46.5066182],[28.4300261,46.5066457],[28.4300603,46.5066552],[28.4301865,46.5067134],[28.430235,46.5067483],[28.4307845,46.505987],[28.4306078,46.5059454],[28.430567,46.50593],[28.4305487,46.5059171],[28.4305043,46.5058491],[28.4304834,46.5057493],[28.4305052,46.5056254],[28.4305924,46.5053736],[28.4308668,46.5054141],[28.4310028,46.5051472],[28.4311119,46.5049317],[28.4313008,46.504547],[28.4313193,46.5045342],[28.4314915,46.5042046],[28.4317492,46.5038526],[28.4316135,46.5038178],[28.4317992,46.5036337],[28.4318905,46.5035307],[28.4321526,46.5035936],[28.4324706,46.5032217]]]}},{"type":"Feature","properties":{"entity_id":"osm-r18967328","jurisdiction":"MD","display_name":"Sărățica Nouă","display_type":"commune","admin_level":9,"tier":"detail","legal_registry":"CUATM","legal_id":"5735","legal_type":"commune","parent_catalog_id":"osm-r19113660","osm_relation_id":18967328,"legal_identity_status":"reconciled","geometry_source":"OpenStreetMap","geometry_precision":"master_coordinate_fidelity"},"geometry":{"type":"Polygon","coordinates":[[[28.5433491,46.5674322],[28.5436039,46.5674205],[28.5438274,46.5673973],[28.5442151,46.5673599],[28.5442808,46.5673582],[28.5444863,46.5673233],[28.5444934,46.567277],[28.5458179,46.5670175],[28.5457889,46.5668982],[28.5460372,46.5668671],[28.5460669,46.5668002],[28.5463428,46.5667847],[28.5463636,46.5667843],[28.5463986,46.5667479],[28.5467353,46.5667344],[28.546739,46.566775],[28.5467632,46.5667698],[28.5472745,46.5667663],[28.5473599,46.5667651],[28.5473767,46.5667469],[28.5478494,46.5667239],[28.5479962,46.5667988],[28.5480884,46.5668763],[28.5481272,46.566993],[28.5480312,46.5671154],[28.5480401,46.5672677],[28.5482327,46.5674211],[28.5485945,46.5678054],[28.5490534,46.5685593],[28.5493475,46.5683776],[28.5497404,46.568423],[28.5503188,46.5687779],[28.5505518,46.5690894],[28.5506819,46.5693949],[28.5507909,46.56962],[28.5509555,46.5701595],[28.5509423,46.5703493],[28.5511334,46.5706012],[28.5514502,46.5705272],[28.5514894,46.5705131],[28.5517539,46.5704675],[28.5519363,46.5704509],[28.5521067,46.5704293],[28.5521353,46.5704331],[28.5529025,46.5714085],[28.5531349,46.5715227],[28.5533012,46.5715358],[28.5532156,46.5719561],[28.5536084,46.572014],[28.5539833,46.5720412],[28.5540252,46.5719359],[28.5544413,46.5719938],[28.5545243,46.5720219],[28.5547375,46.571982],[28.5550779,46.5720769],[28.555099,46.5721224],[28.5549094,46.5727031],[28.5549304,46.573125],[28.5550827,46.5731632],[28.555155,46.573163],[28.5553136,46.573127],[28.5553812,46.5731234],[28.5554328,46.573132],[28.5553681,46.5732777],[28.55533,46.5733304],[28.5558464,46.5733838],[28.5560507,46.5734034],[28.5563403,46.5734648],[28.5567773,46.5735305],[28.5568543,46.5735554],[28.5569076,46.5735681],[28.5571279,46.5736328],[28.5571335,46.5736828],[28.5570925,46.5738682],[28.5569332,46.5739566],[28.5569615,46.574013],[28.556945,46.5741003],[28.556821,46.5741642],[28.556656,46.5741389],[28.5566321,46.574201],[28.5563452,46.574711],[28.5562501,46.5748157],[28.5559321,46.5749803],[28.5557865,46.574964],[28.5557439,46.574957],[28.555496,46.5749027],[28.5553984,46.5748991],[28.5553675,46.574963],[28.5550761,46.5750949],[28.5549524,46.5754015],[28.5548372,46.5753568],[28.5546866,46.5752637],[28.5539433,46.5757471],[28.5537855,46.5761951],[28.5534919,46.5764095],[28.5531407,46.5765513],[28.5527238,46.5762633],[28.5523099,46.5759468],[28.5519215,46.5755825],[28.5514135,46.575434],[28.551373,46.5754688],[28.5512275,46.575553],[28.5511024,46.5756283],[28.5512009,46.5756987],[28.5513982,46.5758125],[28.5512144,46.5759468],[28.5510962,46.5758696],[28.5510411,46.5759114],[28.5509331,46.5758475],[28.5505784,46.5759496],[28.5497047,46.5764615],[28.549244,46.5766609],[28.5485529,46.576913],[28.5483559,46.5769744],[28.5481772,46.5770048],[28.5480772,46.5770077],[28.5470123,46.5769535],[28.5468834,46.5769904],[28.5465611,46.5769766],[28.5459955,46.576897],[28.5453971,46.5767516],[28.5449548,46.5765773],[28.5445756,46.5763762],[28.5438422,46.5759781],[28.5438232,46.5759621],[28.5437872,46.5759475],[28.54362,46.5758949],[28.5430573,46.5756602],[28.5427798,46.5753691],[28.5426468,46.5750968],[28.5424715,46.5748111],[28.5423548,46.5744215],[28.5422348,46.5736471],[28.5419512,46.5734229],[28.5417143,46.573515],[28.5413587,46.5736476],[28.5412208,46.5734534],[28.5414316,46.5733577],[28.5413941,46.5733203],[28.5413565,46.5733351],[28.5413137,46.5732906],[28.5412315,46.5731218],[28.5409303,46.5731825],[28.5403486,46.5732745],[28.539848,46.5733697],[28.5390721,46.5736375],[28.5390413,46.5735569],[28.5389503,46.5732305],[28.5388856,46.5729433],[28.5388484,46.5727685],[28.5387452,46.5724027],[28.538715,46.5722964],[28.5385452,46.5717853],[28.5384523,46.5714903],[28.5387268,46.5713371],[28.5390388,46.5712339],[28.5388016,46.5709765],[28.5386171,46.5707621],[28.5386152,46.5707112],[28.538855,46.5700224],[28.5383126,46.5699737],[28.5380131,46.5699595],[28.538014,46.5699503],[28.5379231,46.5699417],[28.537919,46.569953],[28.5377508,46.5699382],[28.5377316,46.5699809],[28.5374831,46.569952],[28.5375709,46.5698073],[28.5376876,46.5692312],[28.5384388,46.569302],[28.5389151,46.569292],[28.5389816,46.5691902],[28.5408968,46.5696194],[28.5409284,46.5694798],[28.5409995,46.5694852],[28.5410068,46.5694428],[28.5410926,46.5694497],[28.5411288,46.5694602],[28.5412,46.5694667],[28.541518,46.5694217],[28.5417433,46.5693533],[28.5418147,46.5693457],[28.5418876,46.5693627],[28.5418937,46.5693726],[28.5421935,46.5695048],[28.5422967,46.569543],[28.542249,46.5696057],[28.5426515,46.5696563],[28.5428098,46.5696545],[28.5429607,46.5696694],[28.5434073,46.5697126],[28.5438109,46.5697358],[28.5444327,46.5697252],[28.5445628,46.5696797],[28.545048,46.5696124],[28.5451203,46.5695995],[28.545406,46.5696069],[28.5454367,46.5694346],[28.5455508,46.5693031],[28.5452237,46.5691806],[28.545211,46.5692078],[28.5451358,46.5691821],[28.5451554,46.5691571],[28.5451286,46.5691419],[28.5452533,46.5690094],[28.5453058,46.5689676],[28.5450891,46.5688775],[28.5449058,46.5688293],[28.5445664,46.5687108],[28.5443024,46.5685961],[28.5442676,46.5686433],[28.5442297,46.5686532],[28.544168,46.5686356],[28.5441457,46.5686003],[28.544061,46.5685655],[28.5441083,46.5685084],[28.5427318,46.5679451],[28.5427956,46.5678719],[28.5428613,46.5677787],[28.5429464,46.5677397],[28.5433491,46.5674322]]]}},{"type":"Feature","properties":{"entity_id":"osm-r18967337","jurisdiction":"MD","display_name":"Cupcui","display_type":"independent_village","admin_level":9,"tier":"detail","legal_registry":"CUATM","legal_id":"5725","legal_type":"independent_village","parent_catalog_id":"osm-r19113642","osm_relation_id":18967337,"legal_identity_status":"reconciled","geometry_source":"OpenStreetMap","geometry_precision":"master_coordinate_fidelity"},"geometry":{"type":"Polygon","coordinates":[[[28.351956,46.5283175],[28.3518295,46.528286],[28.3511655,46.5281059],[28.351089,46.5280792],[28.3510545,46.5280376],[28.3510485,46.5279665],[28.3510434,46.5279068],[28.3511102,46.5275568],[28.3511157,46.5275188],[28.351071,46.5275057],[28.3506969,46.5274029],[28.3506819,46.527387],[28.3505933,46.5272989],[28.350298,46.5266468],[28.3503077,46.5265912],[28.3503788,46.5265166],[28.3507704,46.5262649],[28.3509478,46.5261332],[28.3512084,46.525789],[28.3500014,46.5251487],[28.3497969,46.525046],[28.3498075,46.5250265],[28.3497922,46.5250196],[28.3497021,46.524962],[28.3496801,46.5249619],[28.3495511,46.5249046],[28.3493009,46.5247438],[28.3490871,46.5246142],[28.349095,46.5245907],[28.3492167,46.5244093],[28.3493377,46.5242287],[28.3494934,46.5240145],[28.3496217,46.5238073],[28.3497475,46.5236107],[28.3498245,46.5236274],[28.3498652,46.5235584],[28.3499901,46.5233976],[28.3499727,46.5233919],[28.3500704,46.5232386],[28.3501509,46.5231285],[28.3500864,46.5231054],[28.3501674,46.5230199],[28.3502923,46.5229115],[28.3503316,46.5228774],[28.3506069,46.5226846],[28.3509381,46.5225071],[28.3512938,46.522266],[28.3513246,46.5222716],[28.3513496,46.5222869],[28.3513566,46.5223087],[28.351514,46.5220807],[28.3516709,46.5219502],[28.3518336,46.5218497],[28.3519954,46.5218285],[28.3523029,46.5217516],[28.3524763,46.5217082],[28.3525673,46.5217044],[28.3526554,46.5215425],[28.352754,46.5214072],[28.3528608,46.5212051],[28.3530444,46.5209694],[28.3531457,46.5209445],[28.3533727,46.5207393],[28.3535652,46.5205355],[28.3537254,46.5202181],[28.35386,46.5200211],[28.3539925,46.520024],[28.3540729,46.5198519],[28.354096,46.5198199],[28.3541384,46.5197575],[28.3542225,46.5196441],[28.354312,46.5191933],[28.3542343,46.5191465],[28.3542246,46.5190915],[28.3542847,46.5189233],[28.354362,46.5188953],[28.3543684,46.5188658],[28.3543817,46.5188371],[28.354426,46.5187515],[28.3544701,46.5186618],[28.3546148,46.5184592],[28.3546561,46.5184289],[28.3547514,46.518417],[28.3549043,46.5184187],[28.3548888,46.517961],[28.3546847,46.5176111],[28.3546442,46.5175602],[28.3546315,46.5175061],[28.3546473,46.5173842],[28.3547239,46.5171288],[28.3537732,46.516913],[28.3523295,46.5166141],[28.3524913,46.5162214],[28.3526185,46.5159844],[28.3527562,46.5158044],[28.3524911,46.5157057],[28.3524929,46.5157979],[28.3524665,46.5158605],[28.3524122,46.5159208],[28.3523498,46.5159651],[28.352248,46.5160028],[28.3521032,46.5160127],[28.3519283,46.5159976],[28.3518443,46.5159686],[28.3517793,46.5159065],[28.3517453,46.5158611],[28.3517283,46.5157959],[28.3517336,46.5157101],[28.3518566,46.5152722],[28.3518684,46.5151208],[28.3518765,46.5150023],[28.3518936,46.5149072],[28.3519594,46.5147505],[28.3520574,46.5146823],[28.3522258,46.5145067],[28.3523613,46.5143308],[28.3529512,46.5145108],[28.3535761,46.5147187],[28.3537666,46.5147842],[28.3540049,46.5148499],[28.3540948,46.5148747],[28.3542614,46.5149259],[28.3552714,46.5152561],[28.3553573,46.515094],[28.3552306,46.5150688],[28.354956,46.5149967],[28.3547797,46.514942],[28.3544655,46.514837],[28.3541525,46.5147254],[28.3529972,46.5143117],[28.3522633,46.514048],[28.3521416,46.5140045],[28.3515907,46.5138055],[28.3528742,46.5110528],[28.3529753,46.5108362],[28.3530765,46.5106195],[28.3535694,46.5097714],[28.3537721,46.5094699],[28.3543763,46.508571],[28.3546995,46.5081865],[28.3548894,46.5079082],[28.3553122,46.5080026],[28.355666,46.5080816],[28.3556978,46.5080887],[28.355741,46.5079947],[28.3558022,46.5079487],[28.355889,46.5079524],[28.3561726,46.5080065],[28.3567645,46.5081021],[28.3572075,46.5082035],[28.357315,46.5080622],[28.357423,46.5080419],[28.3586797,46.5082791],[28.3594429,46.5084073],[28.3597866,46.5084752],[28.3602329,46.508543],[28.3612031,46.5086906],[28.3614522,46.5087592],[28.3619279,46.5088878],[28.3622762,46.5089578],[28.3628338,46.5090519],[28.3634325,46.50918],[28.3636748,46.5092823],[28.3639561,46.5091729],[28.3645333,46.5093621],[28.3644541,46.5097066],[28.3645264,46.5101264],[28.3645195,46.5104425],[28.364813,46.5106894],[28.3649712,46.5109453],[28.3653738,46.5113074],[28.365246,46.5115865],[28.3653076,46.5120619],[28.3652617,46.5122341],[28.3651425,46.5125017],[28.3650284,46.5126723],[28.3650689,46.5126979],[28.3650762,46.5127242],[28.3650576,46.5128921],[28.3650437,46.5129257],[28.3650284,46.512932],[28.3649911,46.5129698],[28.3649737,46.5129985],[28.3648423,46.5132158],[28.3648296,46.5132751],[28.3647329,46.5134043],[28.3644926,46.5134146],[28.3643834,46.5134078],[28.3642728,46.5133664],[28.3642286,46.513387],[28.3641777,46.513391],[28.3637388,46.5135044],[28.363721,46.5135641],[28.3636687,46.5137054],[28.3636033,46.513811],[28.3635148,46.5139221],[28.3634967,46.5140342],[28.3637301,46.5141059],[28.363768,46.5141645],[28.3635733,46.5143991],[28.363498,46.5145492],[28.3634752,46.5145968],[28.3634072,46.5146515],[28.3632698,46.5147207],[28.3630453,46.5148558],[28.3628702,46.5147172],[28.3627209,46.514667],[28.3625225,46.5148831],[28.3624127,46.5149748],[28.3625285,46.515059],[28.3624541,46.5151916],[28.3626972,46.5152664],[28.3627607,46.5152931],[28.3627851,46.5153394],[28.3627874,46.5153903],[28.3627543,46.5154701],[28.3628448,46.5155042],[28.3629918,46.5155615],[28.3630019,46.5156634],[28.3629972,46.5156846],[28.3629876,46.5157202],[28.3629793,46.5157446],[28.3629697,46.51577],[28.3629153,46.5158627],[28.3628242,46.5160163],[28.3627646,46.5159876],[28.3626429,46.5161418],[28.3624282,46.5160597],[28.3619822,46.5165502],[28.3617642,46.5164846],[28.3617696,46.5165567],[28.3619399,46.5166661],[28.3620928,46.5167598],[28.3620229,46.5167979],[28.3619137,46.5168725],[28.3617379,46.5168269],[28.3617172,46.5170103],[28.361382,46.5169704],[28.3608444,46.5168628],[28.3604848,46.5167747],[28.3604115,46.516863],[28.3605736,46.5169062],[28.3605974,46.5169526],[28.3608622,46.5170073],[28.3614049,46.5172857],[28.3616188,46.51744],[28.3615666,46.517585],[28.3615386,46.5176208],[28.361733,46.5177067],[28.3616932,46.5177937],[28.361663,46.5179569],[28.3615957,46.5180581],[28.3619797,46.5181465],[28.3619034,46.5183993],[28.3618145,46.5185304],[28.3617535,46.5185829],[28.3615438,46.5186359],[28.3612877,46.5186123],[28.360977,46.5185318],[28.3608392,46.5185001],[28.3606847,46.518522],[28.3604924,46.5184631],[28.3603515,46.5184038],[28.3604911,46.5185349],[28.361612,46.5191876],[28.361525,46.519247],[28.3611166,46.5194118],[28.3603459,46.5191742],[28.3603665,46.5191506],[28.3603342,46.5191441],[28.3603034,46.5191323],[28.3602533,46.519096],[28.3602589,46.5190784],[28.3602575,46.5190521],[28.360269,46.5190148],[28.360192,46.518981],[28.3600484,46.518925],[28.3598995,46.5188567],[28.3597139,46.5188123],[28.3596912,46.5187906],[28.3597192,46.5187597],[28.3596806,46.5187423],[28.3594889,46.5186838],[28.3591142,46.5185811],[28.3590246,46.5188009],[28.3594379,46.5189427],[28.3595354,46.5189745],[28.3597174,46.5190183],[28.3592702,46.5197348],[28.3592146,46.5198147],[28.3596325,46.519931],[28.3594388,46.52023],[28.3592052,46.5201717],[28.3589176,46.5205524],[28.3588188,46.5206156],[28.3586483,46.5205618],[28.3582606,46.5203381],[28.3581043,46.5204272],[28.3588593,46.520909],[28.359077,46.5210583],[28.3592246,46.5211476],[28.3592518,46.5211641],[28.3592717,46.5211761],[28.359471,46.5212541],[28.3594578,46.5212854],[28.3594443,46.5212954],[28.3593003,46.5213507],[28.3590917,46.5213821],[28.3589804,46.5213466],[28.3589273,46.5213297],[28.3587226,46.5212384],[28.3585777,46.5212179],[28.3584946,46.5211614],[28.358435,46.5211371],[28.3583261,46.5212083],[28.3582876,46.5212609],[28.3580589,46.5212558],[28.357986,46.521314],[28.3579959,46.5213587],[28.3579905,46.5214119],[28.3579732,46.5214473],[28.3579391,46.5214971],[28.3578288,46.5216176],[28.3578874,46.5216569],[28.3580636,46.5217178],[28.358225,46.5217717],[28.3584424,46.5218112],[28.3584993,46.5218665],[28.3585568,46.5219352],[28.3586958,46.5220289],[28.3590204,46.5222282],[28.3590677,46.5222558],[28.3590572,46.5223664],[28.3590148,46.5225336],[28.3590215,46.5226382],[28.3591551,46.5226766],[28.3590743,46.5227865],[28.3589017,46.5230343],[28.3588777,46.5230272],[28.3588579,46.5230509],[28.358888,46.523064],[28.35865,46.5233816],[28.358572,46.5234005],[28.3585192,46.5235152],[28.3584669,46.5236288],[28.358492,46.523663],[28.3582993,46.5239789],[28.3581714,46.5242044],[28.3580989,46.5241838],[28.3580723,46.524249],[28.3580148,46.5243898],[28.3581309,46.5244221],[28.3580549,46.5245933],[28.3580717,46.5246005],[28.3579786,46.5248175],[28.3578013,46.5247518],[28.3575147,46.5251253],[28.357383,46.5252752],[28.3572985,46.5253583],[28.3572736,46.5253662],[28.3572466,46.5253648],[28.3572187,46.5253614],[28.3570542,46.5253306],[28.3569403,46.525308],[28.3565492,46.5251968],[28.3564967,46.5251235],[28.3564015,46.525105],[28.356405,46.5250973],[28.3563757,46.5250899],[28.3563687,46.5251054],[28.3558951,46.5250088],[28.3558871,46.5249896],[28.3556863,46.52494],[28.3551871,46.5248534],[28.3550858,46.5248383],[28.3548595,46.5247978],[28.3544386,46.524736],[28.353978,46.5246311],[28.3539507,46.5246974],[28.3536735,46.5251453],[28.3534501,46.5255687],[28.3533457,46.5257716],[28.3535469,46.5258268],[28.353577,46.5258524],[28.3535147,46.5260434],[28.3534521,46.5261242],[28.353372,46.5261705],[28.3531875,46.5262352],[28.3531483,46.5262368],[28.3530347,46.5262018],[28.3527324,46.5267637],[28.3524451,46.5273986],[28.3522601,46.5278826],[28.3521199,46.5281872],[28.3519925,46.5283057],[28.351956,46.5283175]]]}},{"type":"Feature","properties":{"entity_id":"osm-r18967340","jurisdiction":"MD","display_name":"Sîrma","display_type":"component_locality","admin_level":9,"tier":"detail","legal_registry":"CUATM","legal_id":"5737","legal_type":null,"parent_catalog_id":"osm-r19314570","osm_relation_id":18967340,"legal_identity_status":"reconciled","geometry_source":"OpenStreetMap","geometry_precision":"master_coordinate_fidelity"},"geometry":{"type":"Polygon","coordinates":[[[28.2366582,46.5221883],[28.2367572,46.5221312],[28.2377081,46.521583],[28.2379869,46.5217669],[28.2381918,46.5218906],[28.2382771,46.5219519],[28.2383495,46.5220063],[28.2386454,46.5221693],[28.2387358,46.5222191],[28.2389885,46.5223403],[28.2390712,46.5223805],[28.2397858,46.5225221],[28.2403191,46.5224069],[28.240497,46.522431],[28.2406027,46.5224556],[28.2407806,46.5218796],[28.2407595,46.5215558],[28.2407404,46.5213016],[28.2411552,46.5213251],[28.2411927,46.5211995],[28.2415125,46.5211794],[28.2415322,46.5211463],[28.2418609,46.5212056],[28.2417031,46.5216762],[28.2415888,46.5219996],[28.241486,46.5222903],[28.2414485,46.5222874],[28.241436,46.5223466],[28.2418884,46.522428],[28.2420485,46.5218642],[28.2422554,46.5219059],[28.242543,46.5219755],[28.2426863,46.5220068],[28.242744,46.5220262],[28.2427718,46.5220355],[28.2428047,46.5220688],[28.2427205,46.5223898],[28.2428501,46.5224141],[28.242966,46.5224611],[28.244466,46.5226302],[28.2445738,46.5226453],[28.2447665,46.522666],[28.2450045,46.5227018],[28.2449986,46.5227689],[28.2456891,46.5231334],[28.2458624,46.5231853],[28.2467891,46.5232701],[28.2470582,46.5232988],[28.2475972,46.5233699],[28.2479503,46.5234072],[28.2484449,46.5234788],[28.2486225,46.5235011],[28.2492434,46.5235404],[28.2496588,46.5235986],[28.2501209,46.5235017],[28.2506845,46.5233908],[28.2509674,46.5233318],[28.251015,46.5233216],[28.2509963,46.5230322],[28.2510996,46.5230106],[28.2512888,46.522999],[28.2512788,46.5225267],[28.2512903,46.5224607],[28.2513254,46.5224139],[28.2515556,46.5223435],[28.2517929,46.5222844],[28.2518117,46.5222765],[28.2520857,46.5222322],[28.2522665,46.5222282],[28.2524658,46.5228282],[28.2527479,46.5227645],[28.2528887,46.5227074],[28.2530358,46.522648],[28.2530994,46.5227628],[28.253346,46.5227552],[28.2532207,46.522449],[28.2533489,46.522413],[28.2533983,46.5224017],[28.2533706,46.522347],[28.2533025,46.5221644],[28.2531978,46.5219181],[28.2532344,46.5218479],[28.253316,46.5217744],[28.2535457,46.5215798],[28.2535885,46.5216068],[28.2536168,46.5216432],[28.2536748,46.521849],[28.2536974,46.5220548],[28.253722,46.5220805],[28.2537537,46.5220949],[28.2537582,46.522022],[28.2539245,46.5219967],[28.2539345,46.5220188],[28.2541737,46.5219962],[28.254168,46.5219673],[28.2542136,46.5219264],[28.2542011,46.5218805],[28.2542632,46.5218396],[28.2543001,46.5217942],[28.2544135,46.5218069],[28.2544392,46.5218362],[28.2546284,46.5218462],[28.2547496,46.5218365],[28.2547638,46.521855],[28.2548216,46.5218487],[28.2548402,46.5218917],[28.2549379,46.521869],[28.255067,46.5218583],[28.2553905,46.5218089],[28.2553846,46.5217936],[28.2556904,46.5217273],[28.2558386,46.5217084],[28.2559271,46.5217076],[28.2559897,46.5217465],[28.2560731,46.5218801],[28.2561669,46.5218682],[28.2562667,46.5221074],[28.2563512,46.5222997],[28.2565282,46.5226945],[28.2564753,46.5227699],[28.256311,46.5228672],[28.2563538,46.5229632],[28.2565148,46.5232963],[28.2566994,46.523729],[28.2567131,46.5237614],[28.2568057,46.5237153],[28.2571464,46.5235498],[28.2573559,46.523963],[28.2572754,46.5245408],[28.2573361,46.5245789],[28.257408,46.524703],[28.2574648,46.5247359],[28.2576353,46.5247306],[28.2576531,46.5247384],[28.2576765,46.5247719],[28.2577846,46.5247601],[28.2578802,46.5247672],[28.2581637,46.5247417],[28.2584951,46.5246634],[28.258515,46.5246969],[28.2585629,46.5249344],[28.2586323,46.5250489],[28.2585209,46.5251642],[28.2584853,46.5252784],[28.2584725,46.5253199],[28.2584959,46.5254116],[28.2585114,46.5254722],[28.258551,46.5256274],[28.2585653,46.5256831],[28.2585767,46.5257278],[28.2586326,46.5259467],[28.2586789,46.526128],[28.2586853,46.5261662],[28.2586969,46.5262366],[28.2587168,46.526408],[28.2587387,46.5265959],[28.2587513,46.5267036],[28.2587526,46.526715],[28.2587842,46.526986],[28.258796,46.5270873],[28.2589276,46.5272501],[28.2580282,46.5273893],[28.2555705,46.5281103],[28.2555554,46.5281148],[28.2555525,46.5285825],[28.2555498,46.5290514],[28.2552111,46.5291447],[28.2549629,46.5291763],[28.254632,46.5292143],[28.2538274,46.5293062],[28.253561,46.5293447],[28.2533097,46.5293733],[28.2529345,46.5294298],[28.2526998,46.5294583],[28.2525807,46.5294798],[28.2524075,46.5295602],[28.2523162,46.5295963],[28.252282,46.5296137],[28.2522028,46.5296541],[28.2521621,46.5296968],[28.2521309,46.5297567],[28.252063,46.5297542],[28.2519012,46.5297579],[28.2518542,46.5296813],[28.2517375,46.5296721],[28.251585,46.5296708],[28.2513911,46.5295759],[28.2512123,46.5295006],[28.2511313,46.5294421],[28.2510052,46.5294135],[28.250589,46.5294076],[28.2503453,46.529014],[28.2502373,46.5285822],[28.2501769,46.5285025],[28.2496402,46.5284261],[28.2495434,46.5289802],[28.2494908,46.5291148],[28.2494298,46.5291925],[28.2491568,46.5292002],[28.2491304,46.5295341],[28.249144,46.5296859],[28.2493265,46.5301225],[28.2494242,46.5304966],[28.2493487,46.5309227],[28.2492055,46.5312085],[28.2489568,46.5315619],[28.2487779,46.5318495],[28.2486147,46.5318447],[28.2480815,46.5318255],[28.2470139,46.5318174],[28.2464904,46.5318018],[28.2452327,46.531786],[28.2437416,46.5317961],[28.2431316,46.5318115],[28.2431512,46.5322938],[28.243178,46.5325842],[28.243023,46.5326471],[28.2425473,46.5326577],[28.2419872,46.5326775],[28.2414248,46.5326957],[28.2408491,46.532714],[28.2407023,46.5327155],[28.2405556,46.5327231],[28.2402667,46.5327307],[28.2401199,46.5327306],[28.2399721,46.5327428],[28.2396994,46.5312091],[28.2396227,46.530816],[28.2395209,46.5308176],[28.2391254,46.530821],[28.2390833,46.5303409],[28.238099,46.5303689],[28.2380114,46.5298828],[28.238335,46.5298603],[28.2383199,46.5297531],[28.2382971,46.5294859],[28.2384477,46.5293467],[28.2384071,46.5293107],[28.2379326,46.5292691],[28.2376313,46.5292431],[28.2376461,46.5290046],[28.2377435,46.5286935],[28.2380975,46.5287143],[28.2381276,46.5286832],[28.23824,46.5283409],[28.2388068,46.5283904],[28.238798,46.5277733],[28.2388035,46.5275682],[28.2393597,46.5275418],[28.2400312,46.5273269],[28.2410358,46.527005],[28.2417801,46.5267537],[28.2418595,46.5267407],[28.2429315,46.5266909],[28.2431467,46.5266857],[28.2431357,46.5266044],[28.2430315,46.5263728],[28.2429155,46.5260929],[28.2426668,46.5257156],[28.2423323,46.5252205],[28.2419978,46.5247165],[28.2417568,46.5244042],[28.2415133,46.5241883],[28.2411967,46.5240176],[28.2407857,46.5238735],[28.2399932,46.5236257],[28.2391628,46.5233692],[28.2387754,46.523235],[28.2383147,46.5230802],[28.2382681,46.5230581],[28.2379663,46.5229151],[28.2375189,46.5226998],[28.2371634,46.5225072],[28.237026,46.5224261],[28.2366582,46.5221883]]]}},{"type":"Feature","properties":{"entity_id":"osm-r18967356","jurisdiction":"MD","display_name":"Cîzlar","display_type":"component_locality","admin_level":9,"tier":"detail","legal_registry":"CUATM","legal_id":"5722","legal_type":null,"parent_catalog_id":"osm-r19113640","osm_relation_id":18967356,"legal_identity_status":"reconciled","geometry_source":"OpenStreetMap","geometry_precision":"master_coordinate_fidelity"},"geometry":{"type":"Polygon","coordinates":[[[28.527288,46.6457212],[28.5277776,46.6460194],[28.5278908,46.6460893],[28.5287496,46.6460762],[28.5290499,46.645975],[28.5295577,46.6459217],[28.5295828,46.6459753],[28.5296783,46.6461218],[28.5298963,46.6460989],[28.5300061,46.6464953],[28.5298385,46.6465246],[28.5299665,46.6468645],[28.5295342,46.6469611],[28.5295093,46.6469667],[28.5295358,46.6471853],[28.5295384,46.6472445],[28.5293047,46.647247],[28.5293117,46.6474393],[28.5289785,46.6478421],[28.5287298,46.6481082],[28.5285618,46.6482583],[28.5284293,46.6486465],[28.5283262,46.648737],[28.5282115,46.6487647],[28.528028,46.64878],[28.5278126,46.6488366],[28.5275152,46.6489524],[28.527265,46.6490932],[28.526842,46.6493835],[28.5266321,46.6495691],[28.5266528,46.6495809],[28.5264412,46.6498066],[28.5259234,46.6502203],[28.5260298,46.6505363],[28.5260195,46.6506748],[28.5260091,46.6508417],[28.5259009,46.651005],[28.5257926,46.6511258],[28.5255244,46.6513672],[28.5252099,46.6516229],[28.5249418,46.6518466],[28.5245876,46.652138],[28.5246845,46.6527069],[28.5246831,46.6529336],[28.5246477,46.6530472],[28.5247144,46.6533473],[28.5247679,46.6535706],[28.524848,46.6539052],[28.5249805,46.6544195],[28.5250232,46.6545853],[28.5249401,46.6546574],[28.5249928,46.6548023],[28.5251568,46.6548963],[28.5252456,46.6549509],[28.5253848,46.6551647],[28.5254988,46.6554672],[28.5255516,46.6556072],[28.5256048,46.6558382],[28.5256706,46.6561239],[28.5252991,46.6561359],[28.5248259,46.6561022],[28.5243741,46.6560206],[28.5237469,46.6558852],[28.5232678,46.6556],[28.523072,46.6551739],[28.5230121,46.6547407],[28.5229381,46.6542346],[28.5228505,46.6540473],[28.5226914,46.6540561],[28.5226812,46.6539821],[28.5225646,46.6539621],[28.5225594,46.6539358],[28.522506,46.6539355],[28.5224856,46.6538861],[28.5220666,46.6539181],[28.5219353,46.6537649],[28.5218239,46.6535881],[28.5218163,46.6534424],[28.5217926,46.653275],[28.5219707,46.6532372],[28.5219057,46.6526781],[28.5216981,46.6527484],[28.5216126,46.6526545],[28.5215456,46.6525708],[28.5214833,46.6524317],[28.5214593,46.6523253],[28.5200127,46.6528283],[28.5195503,46.6530449],[28.5195186,46.6530882],[28.5190575,46.6532839],[28.5188622,46.6533567],[28.5187588,46.6533952],[28.518529,46.6534809],[28.5185297,46.6535928],[28.5180791,46.6536969],[28.518014,46.6537172],[28.5175921,46.6537664],[28.5169519,46.6538053],[28.5166907,46.6537406],[28.5163882,46.6529179],[28.5161944,46.6527579],[28.5157478,46.6528733],[28.5155147,46.6529046],[28.5154716,46.6528961],[28.5154601,46.6529019],[28.5153591,46.6529384],[28.5154202,46.6530489],[28.5150888,46.6531834],[28.5146538,46.653359],[28.5144994,46.6533879],[28.5141901,46.6532247],[28.5140642,46.653032],[28.5143831,46.6528849],[28.5145747,46.6527009],[28.5145065,46.6524807],[28.5146257,46.6523914],[28.5147923,46.6523421],[28.5149349,46.652408],[28.5150182,46.6525633],[28.5151422,46.6525079],[28.5152423,46.6524038],[28.5154366,46.6523322],[28.5153428,46.6520781],[28.5154324,46.6519621],[28.5154774,46.651949],[28.5152435,46.6515431],[28.5152569,46.6515227],[28.515275,46.6514085],[28.5152939,46.6513671],[28.5153793,46.6513393],[28.5153738,46.6513292],[28.5154295,46.6513048],[28.515352,46.6511695],[28.5155858,46.6511024],[28.5156101,46.6511295],[28.5158697,46.6510454],[28.5159235,46.6511432],[28.5160883,46.6510899],[28.5163401,46.6512953],[28.5165777,46.6512211],[28.5164309,46.6509257],[28.5166601,46.6509045],[28.5169981,46.6514141],[28.5173375,46.6514174],[28.5177993,46.651342],[28.5179237,46.6513284],[28.5182763,46.6513252],[28.5187522,46.6518385],[28.518814,46.6520201],[28.5200959,46.6517192],[28.5199892,46.6516086],[28.5198491,46.6514028],[28.5194567,46.6506879],[28.5197515,46.6505983],[28.5199077,46.6509366],[28.5201511,46.6512457],[28.5203407,46.6514255],[28.5206136,46.6513047],[28.5208456,46.6512034],[28.5206919,46.6509648],[28.5210514,46.6507448],[28.5213762,46.6505428],[28.5211727,46.6504044],[28.5212765,46.6503424],[28.5213823,46.6502697],[28.521547,46.6499679],[28.5216828,46.6498484],[28.521925,46.6497071],[28.5221078,46.6498925],[28.522222,46.6500308],[28.5222413,46.6500712],[28.5222349,46.6500951],[28.5223052,46.6500565],[28.5222935,46.6500156],[28.522333,46.6499033],[28.5223925,46.6498256],[28.5225057,46.6497969],[28.5225159,46.6497448],[28.5223635,46.6496318],[28.5225647,46.6494885],[28.5226128,46.6494543],[28.5221969,46.6491838],[28.5216675,46.6488546],[28.5218449,46.6487282],[28.5217645,46.6486719],[28.5218604,46.6485927],[28.5219986,46.6484721],[28.5221288,46.6483436],[28.5224158,46.6481113],[28.5226878,46.6482555],[28.5228786,46.6481095],[28.5231157,46.6482374],[28.5232768,46.6481103],[28.5231715,46.6480464],[28.5228969,46.6478579],[28.5230633,46.6477405],[28.5233321,46.6478998],[28.5236817,46.6475656],[28.5238431,46.6472852],[28.5236374,46.6471303],[28.5238087,46.6470009],[28.523749,46.6469479],[28.523928,46.6467577],[28.5240014,46.646736],[28.5239656,46.6467123],[28.524207,46.6464795],[28.5242445,46.6464943],[28.5245,46.6462375],[28.5245615,46.646208],[28.5245633,46.646192],[28.5247758,46.6460619],[28.5248103,46.6460523],[28.5250577,46.6462017],[28.525138,46.6461411],[28.5251051,46.646102],[28.5250946,46.6461057],[28.5250705,46.6460683],[28.5252437,46.6460069],[28.5251999,46.6459523],[28.5252049,46.6458994],[28.5252598,46.6458562],[28.5254315,46.6457942],[28.525644,46.645871],[28.5256576,46.6458168],[28.5257119,46.6457457],[28.525929,46.6455654],[28.5260127,46.6455386],[28.5263833,46.6454777],[28.5264521,46.6454782],[28.5265351,46.645492],[28.5267148,46.6455785],[28.5268636,46.6456794],[28.5269365,46.6457389],[28.5269644,46.6457815],[28.5271677,46.6456438],[28.527288,46.6457212]]]}},{"type":"Feature","properties":{"entity_id":"osm-r18967410","jurisdiction":"MD","display_name":"Cuporani","display_type":"component_locality","admin_level":9,"tier":"detail","legal_registry":"CUATM","legal_id":"5739","legal_type":null,"parent_catalog_id":"osm-r19113652","osm_relation_id":18967410,"legal_identity_status":"reconciled","geometry_source":"OpenStreetMap","geometry_precision":"master_coordinate_fidelity"},"geometry":{"type":"Polygon","coordinates":[[[28.3527327,46.3701963],[28.3539997,46.370173],[28.3548299,46.3699554],[28.3552663,46.369841],[28.3562615,46.3695801],[28.3576675,46.3692116],[28.3578397,46.3694436],[28.3581787,46.3699407],[28.3584532,46.3701822],[28.3585294,46.3703192],[28.3597706,46.3716941],[28.3599686,46.3718943],[28.3604918,46.3724638],[28.360753,46.3727741],[28.3612479,46.3732376],[28.3614078,46.3733693],[28.3616287,46.3736064],[28.3619409,46.3739066],[28.3622683,46.3741964],[28.3624283,46.3743333],[28.3626948,46.374623],[28.3628024,46.37479],[28.3629268,46.375005],[28.3630361,46.3752786],[28.3630805,46.3755481],[28.3631135,46.3757698],[28.3631929,46.3761912],[28.3632846,46.3766772],[28.3633319,46.3769814],[28.3633881,46.3772917],[28.3634125,46.3776327],[28.3627993,46.3778725],[28.3618082,46.3781526],[28.3616919,46.3781306],[28.3616126,46.3780739],[28.3615014,46.3778635],[28.3613455,46.3779203],[28.3611261,46.377999],[28.36092,46.3780887],[28.360791,46.3778347],[28.3606388,46.3775038],[28.3606166,46.3775042],[28.3604474,46.377206],[28.3602985,46.3769736],[28.3601574,46.3767536],[28.3600298,46.3765711],[28.3598661,46.3763327],[28.3596593,46.376076],[28.359475,46.3758706],[28.3594451,46.3758414],[28.359333,46.3757146],[28.3591875,46.3758488],[28.3591397,46.375889],[28.3590802,46.3759205],[28.359065,46.3759192],[28.3584539,46.3762671],[28.3580987,46.3764352],[28.3580606,46.3764644],[28.3586371,46.377123],[28.3592939,46.3780429],[28.3595099,46.3784401],[28.35911,46.3785556],[28.3584613,46.378808],[28.3583705,46.3786617],[28.3583004,46.3785488],[28.3580738,46.3781844],[28.3578197,46.3777757],[28.3577663,46.3776988],[28.3576258,46.377487],[28.3575466,46.3773822],[28.3574775,46.3773658],[28.3571875,46.3769942],[28.3571893,46.3769546],[28.3570757,46.3768573],[28.3564737,46.3763411],[28.3561345,46.3760503],[28.3556868,46.3757255],[28.3553296,46.3754607],[28.3552948,46.3754376],[28.3550623,46.3752691],[28.3548252,46.3751168],[28.3545017,46.3749108],[28.3541904,46.3747346],[28.3537742,46.3750058],[28.3536316,46.3746996],[28.3533668,46.3742128],[28.3531066,46.3739111],[28.3530558,46.3738734],[28.3528952,46.3737494],[28.3527485,46.3737467],[28.3527698,46.3731651],[28.3520445,46.372527],[28.3518065,46.3718418],[28.3519814,46.370918],[28.3527327,46.3701963]]]}},{"type":"Feature","properties":{"entity_id":"osm-r18967429","jurisdiction":"MD","display_name":"Filipeni","display_type":"independent_village","admin_level":9,"tier":"detail","legal_registry":"CUATM","legal_id":"5726","legal_type":"independent_village","parent_catalog_id":"osm-r19113646","osm_relation_id":18967429,"legal_identity_status":"reconciled","geometry_source":"OpenStreetMap","geometry_precision":"master_coordinate_fidelity"},"geometry":{"type":"Polygon","coordinates":[[[28.3142613,46.42183],[28.3149107,46.4222888],[28.3157991,46.4229991],[28.3174515,46.4243318],[28.319195,46.4256557],[28.3194889,46.4257467],[28.3199172,46.4257339],[28.3206605,46.42571],[28.3209429,46.4257048],[28.3215496,46.4258369],[28.321996,46.4261642],[28.3222479,46.4263331],[28.3223966,46.4265442],[28.3226369,46.4270457],[28.3227055,46.4273571],[28.3227494,46.4274854],[28.3229382,46.4277635],[28.3234495,46.4284128],[28.3237662,46.4287875],[28.3243194,46.4294764],[28.3246399,46.4298142],[28.325012,46.4302493],[28.325818,46.4313027],[28.3268215,46.4325643],[28.328035,46.4341451],[28.328896,46.4352387],[28.3300328,46.4367169],[28.3300729,46.4367526],[28.330237,46.4367434],[28.3314565,46.4366287],[28.3327957,46.4365796],[28.333873,46.4365332],[28.3341894,46.4365237],[28.3345106,46.4365012],[28.3346419,46.4365061],[28.3347122,46.4365299],[28.3348181,46.436583],[28.3353938,46.4370382],[28.3358726,46.4374218],[28.3368478,46.4381737],[28.3378186,46.4389398],[28.3384787,46.4394671],[28.3388823,46.4398005],[28.339327,46.4401316],[28.3396146,46.4404167],[28.340467,46.4410925],[28.3406261,46.4412344],[28.3407732,46.4413935],[28.3408297,46.4414772],[28.3408584,46.4415375],[28.3408971,46.4416956],[28.3409756,46.4419321],[28.3407886,46.4420166],[28.3405748,46.4421327],[28.3401626,46.4423385],[28.3397312,46.4425707],[28.3395823,46.4426472],[28.3394335,46.4427528],[28.3392655,46.4428768],[28.3391586,46.442956],[28.3390059,46.4430668],[28.3388761,46.443138],[28.3388795,46.4432362],[28.3388735,46.4432638],[28.3388303,46.4433887],[28.3388151,46.4434441],[28.3387998,46.4435122],[28.3387471,46.4438453],[28.3387528,46.4438719],[28.3387804,46.443952],[28.3388541,46.4440746],[28.338872,46.4440977],[28.3389627,46.4442554],[28.3391207,46.4445481],[28.3391742,46.4445895],[28.3392864,46.4445608],[28.3394469,46.4448391],[28.3394682,46.444899],[28.339536,46.445063],[28.3395667,46.4451622],[28.3395981,46.4452281],[28.3396222,46.4453186],[28.3396472,46.445446],[28.3396585,46.4455636],[28.3396537,46.4456168],[28.3396289,46.4456257],[28.339668,46.4456447],[28.3396543,46.4457631],[28.3396278,46.4458472],[28.3395723,46.4458565],[28.3395616,46.4459805],[28.3395157,46.446065],[28.3393328,46.4462848],[28.3392419,46.4463992],[28.3391895,46.4465161],[28.3391597,46.4465711],[28.3391562,46.4465966],[28.3391459,46.4466058],[28.3391398,46.4466178],[28.3390853,46.4467341],[28.3390787,46.4467599],[28.3391059,46.4467884],[28.3390973,46.446874],[28.3390992,46.4469916],[28.3391115,46.4471532],[28.3393035,46.4476362],[28.3394318,46.4477132],[28.3394721,46.4477671],[28.3394778,46.4477863],[28.339725,46.4481667],[28.3398131,46.4483329],[28.3398329,46.4483879],[28.3398707,46.4485754],[28.3398645,46.4486807],[28.3398457,46.4487242],[28.3398253,46.4487324],[28.3397883,46.4487546],[28.3398052,46.4487996],[28.339832,46.4488028],[28.339855,46.448825],[28.3398538,46.4488717],[28.3398306,46.4489469],[28.3398101,46.4489926],[28.3397653,46.4490685],[28.3397178,46.4491326],[28.3395672,46.4494215],[28.3391454,46.4495123],[28.3386966,46.4495772],[28.3383666,46.4496342],[28.3381571,46.4496554],[28.3381066,46.449611],[28.3380895,46.4495987],[28.3372433,46.4496111],[28.3369264,46.4496533],[28.3363117,46.4497562],[28.3357352,46.4498564],[28.3354107,46.4499012],[28.335006,46.4499619],[28.3348418,46.4499883],[28.3347005,46.4500054],[28.334397,46.4500437],[28.3337823,46.4501307],[28.3337031,46.4501518],[28.3336017,46.4501992],[28.3335618,46.4502412],[28.333493,46.4502559],[28.3333382,46.4502733],[28.3333223,46.4502614],[28.3330559,46.4503058],[28.3330026,46.4503094],[28.3327361,46.4504351],[28.3323223,46.4505772],[28.3322964,46.4505546],[28.3320968,46.4503241],[28.3319805,46.4501751],[28.331801,46.4502228],[28.3309658,46.4503923],[28.3295212,46.4506863],[28.3289836,46.4508039],[28.3289394,46.450817],[28.3288761,46.4508421],[28.3288239,46.4508748],[28.3286846,46.4510015],[28.3285865,46.4511085],[28.328444,46.4512941],[28.3283743,46.4514033],[28.3282697,46.4515918],[28.3281472,46.4517881],[28.3280827,46.4519166],[28.3279032,46.4517223],[28.3278909,46.4516825],[28.3267127,46.4486073],[28.3266944,46.4485626],[28.326579,46.4485772],[28.3253534,46.4487039],[28.3200832,46.4418129],[28.3198544,46.4416707],[28.3145527,46.4347964],[28.3153175,46.4343978],[28.3155144,46.4340808],[28.3156783,46.433901],[28.3157666,46.4338375],[28.3163225,46.4334938],[28.3129309,46.4287836],[28.31371,46.42852],[28.3136464,46.4284313],[28.3136348,46.4284152],[28.3135518,46.4283099],[28.3133977,46.4281814],[28.3132635,46.4280437],[28.313223,46.4280021],[28.3131504,46.4279272],[28.3131241,46.4278825],[28.3130115,46.4276899],[28.3129493,46.4275824],[28.3129036,46.4274972],[28.3128132,46.4272925],[28.312784,46.4272262],[28.3127305,46.4271052],[28.3127024,46.4270669],[28.3125554,46.4268667],[28.3124446,46.4267158],[28.3123036,46.4265378],[28.3122822,46.4265115],[28.3122055,46.4263896],[28.3120694,46.4261732],[28.311992,46.4260372],[28.311937,46.4259392],[28.3118808,46.425839],[28.311827,46.4257622],[28.3117967,46.4257189],[28.3116452,46.4255014],[28.3115057,46.425314],[28.3113381,46.4250889],[28.3113107,46.4250525],[28.3111966,46.4249345],[28.3110978,46.4248324],[28.3110565,46.4247776],[28.3112755,46.4245865],[28.3112911,46.4245708],[28.3113034,46.4245697],[28.311337,46.4245362],[28.3113341,46.4245282],[28.3114466,46.4244165],[28.3115589,46.4243115],[28.3116029,46.424336],[28.3116843,46.4242584],[28.3117416,46.424193],[28.312074,46.4238583],[28.3122946,46.4236194],[28.3121407,46.4235018],[28.3120894,46.4233782],[28.3121648,46.4229546],[28.3127737,46.4224342],[28.3128483,46.422352],[28.3131929,46.4220342],[28.3134253,46.4218307],[28.3142613,46.42183]]]}},{"type":"Feature","properties":{"entity_id":"osm-r18967434","jurisdiction":"MD","display_name":"Tigheci","display_type":"commune","admin_level":9,"tier":"detail","legal_registry":"CUATM","legal_id":"5738","legal_type":"commune","parent_catalog_id":"osm-r19113652","osm_relation_id":18967434,"legal_identity_status":"reconciled","geometry_source":"OpenStreetMap","geometry_precision":"master_coordinate_fidelity"},"geometry":{"type":"Polygon","coordinates":[[[28.3616099,46.3803753],[28.3618924,46.3803456],[28.362427,46.3809681],[28.3631961,46.380969],[28.3632214,46.3809405],[28.3635039,46.3806959],[28.3637802,46.3804478],[28.3638817,46.3803755],[28.3639424,46.3803509],[28.364058,46.3803761],[28.3642084,46.3804243],[28.3642767,46.3804518],[28.3643391,46.380477],[28.3644782,46.3805388],[28.3647148,46.380684],[28.3646892,46.380718],[28.3649821,46.3808308],[28.365413,46.3808788],[28.3656663,46.3808819],[28.3661041,46.38091],[28.3662128,46.3808925],[28.3663519,46.3808915],[28.3665601,46.3809035],[28.3666242,46.3809114],[28.3666423,46.3809085],[28.3670428,46.3809222],[28.3670439,46.3809157],[28.3671088,46.380898],[28.3672328,46.3808817],[28.3673381,46.3808887],[28.3675635,46.3808881],[28.3684322,46.3807305],[28.3695068,46.380622],[28.3697434,46.3805832],[28.3697907,46.3805725],[28.3703274,46.3805155],[28.3704202,46.3805174],[28.3704897,46.3805442],[28.3705441,46.3805312],[28.3707465,46.3805125],[28.3708915,46.3804884],[28.3709511,46.3804864],[28.3710316,46.38049],[28.3710883,46.3805077],[28.3712116,46.3805367],[28.3712266,46.3805473],[28.3715715,46.3805614],[28.3716235,46.3805458],[28.3718403,46.380503],[28.3719425,46.3804895],[28.3720631,46.3804685],[28.3722588,46.3804374],[28.3724519,46.3803956],[28.3724169,46.3803437],[28.3725383,46.3803319],[28.3727288,46.3803225],[28.3730605,46.3802885],[28.3731166,46.3802756],[28.373121,46.3802644],[28.3731509,46.3802445],[28.3731648,46.3802412],[28.3732558,46.3802567],[28.3735632,46.3803575],[28.3737959,46.3802646],[28.3739391,46.3802118],[28.3741088,46.380146],[28.3740699,46.3800031],[28.3740205,46.3797554],[28.373905,46.3795131],[28.3738724,46.3794602],[28.3737603,46.3790096],[28.3735741,46.378861],[28.3734623,46.3789446],[28.3733771,46.3789906],[28.3732308,46.3790452],[28.3731895,46.3790487],[28.3731023,46.3790666],[28.3727142,46.3790762],[28.3726993,46.3790363],[28.3724887,46.3790774],[28.3724044,46.3792912],[28.3720932,46.3793287],[28.3718596,46.3793684],[28.3715259,46.3794036],[28.3715446,46.3794588],[28.3708965,46.3794499],[28.3708805,46.3793925],[28.3708422,46.3790696],[28.3704197,46.3790991],[28.3698994,46.3790557],[28.3690875,46.3790087],[28.3683818,46.3789674],[28.3677241,46.3788874],[28.3673957,46.3788024],[28.3674096,46.3786127],[28.3674393,46.3784376],[28.3674673,46.3781878],[28.3674881,46.3780292],[28.3674857,46.3777475],[28.367607,46.3776882],[28.3678345,46.3776128],[28.3684412,46.3774298],[28.3691058,46.3772135],[28.3697727,46.3770547],[28.3698196,46.3771936],[28.3699054,46.3773727],[28.3710971,46.3767697],[28.3713949,46.3778333],[28.37152,46.3776948],[28.3715607,46.3776628],[28.3716551,46.3776022],[28.3718114,46.3775042],[28.3718887,46.3774793],[28.3719126,46.377464],[28.372078,46.3773171],[28.372151,46.3772478],[28.3722286,46.3772704],[28.3723745,46.3772055],[28.3727121,46.3770623],[28.3730227,46.3769367],[28.3730865,46.3769196],[28.3732539,46.3768652],[28.373671,46.3768699],[28.3739414,46.3769321],[28.3739959,46.3769593],[28.3742016,46.3769526],[28.3743639,46.3769345],[28.3743923,46.3768841],[28.3745183,46.3768707],[28.3746166,46.3768676],[28.3746414,46.3768691],[28.3747939,46.3768669],[28.3748796,46.376874],[28.3753529,46.3768642],[28.3753975,46.376875],[28.3754204,46.3768747],[28.3760444,46.3770214],[28.377066,46.3771337],[28.3778889,46.3771867],[28.3781749,46.3771604],[28.3782272,46.3771732],[28.3782519,46.3771957],[28.3782577,46.3772264],[28.3782464,46.3772692],[28.3784551,46.3773048],[28.378654,46.377362],[28.378726,46.3773889],[28.3790718,46.3773211],[28.3791337,46.3772152],[28.3794092,46.376792],[28.3797345,46.3763051],[28.3799059,46.3761144],[28.379952,46.3760853],[28.3800304,46.3761258],[28.3801552,46.3761691],[28.3802234,46.3762041],[28.3801683,46.3762999],[28.3801267,46.3763406],[28.3801024,46.3763434],[28.3800838,46.3763591],[28.379914,46.376595],[28.3797546,46.3768367],[28.3798098,46.3768505],[28.3800573,46.3769445],[28.3802078,46.3769968],[28.3802722,46.3770311],[28.3807499,46.3771777],[28.3809783,46.3776752],[28.381125,46.3776742],[28.3812261,46.3776817],[28.3813718,46.377743],[28.3814115,46.3777169],[28.3814721,46.3777674],[28.3815547,46.3778801],[28.3816143,46.3781699],[28.3817551,46.3781468],[28.3819988,46.3781157],[28.3820725,46.3781782],[28.3822518,46.3782207],[28.3824834,46.3790032],[28.3821692,46.3790138],[28.3819504,46.3790422],[28.3818775,46.3790672],[28.3814968,46.3790877],[28.3815212,46.3792065],[28.3804506,46.3792944],[28.3802143,46.3793311],[28.3798543,46.3794142],[28.3795574,46.379606],[28.3794243,46.3797218],[28.3793244,46.379704],[28.3791743,46.3799135],[28.3791353,46.3799788],[28.3791022,46.3800469],[28.3790486,46.3801815],[28.3790083,46.3803139],[28.3790008,46.3803672],[28.3791528,46.3807755],[28.3791999,46.3808616],[28.3796968,46.3808276],[28.379715,46.3808623],[28.3797658,46.380926],[28.3797862,46.380942],[28.3798817,46.3813297],[28.3798962,46.3813405],[28.3800655,46.3816325],[28.3800673,46.3816489],[28.3801338,46.3819713],[28.3801337,46.3819802],[28.3801083,46.3819846],[28.3801137,46.3820306],[28.3801563,46.382257],[28.3802103,46.3824675],[28.3802137,46.3825275],[28.3801623,46.382529],[28.3801858,46.3825967],[28.3801847,46.3826614],[28.3801737,46.3827852],[28.3801759,46.3827909],[28.3801663,46.3828068],[28.3801391,46.3828368],[28.3801152,46.382884],[28.3801079,46.3829328],[28.3801365,46.3830453],[28.3801474,46.3831231],[28.3801828,46.3832078],[28.3801778,46.3832179],[28.3803115,46.3833595],[28.3803225,46.3833796],[28.3803364,46.3834304],[28.3803455,46.3836262],[28.380312,46.3838824],[28.3802839,46.3839265],[28.3802532,46.3839495],[28.3803914,46.3843522],[28.3806143,46.3843604],[28.3806998,46.3843802],[28.3807271,46.3843982],[28.380769,46.3843913],[28.3808823,46.3845417],[28.380937,46.3846451],[28.3809603,46.3846753],[28.3809385,46.3846867],[28.3811729,46.3849512],[28.3812081,46.3849249],[28.3814117,46.3850731],[28.3814559,46.3850557],[28.3815059,46.3850559],[28.3815884,46.3851147],[28.3818746,46.3852652],[28.382013,46.3853428],[28.3822895,46.3854426],[28.3825102,46.3855671],[28.3823808,46.3857613],[28.3823308,46.3858257],[28.382205,46.3860434],[28.3820054,46.3863856],[28.3819384,46.3864097],[28.3811543,46.3870462],[28.3812613,46.3870959],[28.3813955,46.3871629],[28.3814948,46.3872177],[28.3817592,46.3873665],[28.3819063,46.387437],[28.3819597,46.3874763],[28.3820007,46.3874832],[28.3821507,46.3875776],[28.3821296,46.3875973],[28.3821256,46.3876161],[28.3824758,46.3877874],[28.3825176,46.3878121],[28.3825858,46.3878327],[28.3828238,46.3879281],[28.3830586,46.387936],[28.383108,46.3879376],[28.3832326,46.3879486],[28.3833937,46.3879673],[28.3834543,46.3879708],[28.3835365,46.3879857],[28.3836667,46.3880192],[28.3837212,46.3880506],[28.3837855,46.3880561],[28.3838509,46.3880678],[28.3839066,46.3880658],[28.3840716,46.388111],[28.3841024,46.3881244],[28.3842074,46.3881449],[28.3843801,46.3881117],[28.3844773,46.3881033],[28.3846007,46.3881003],[28.3846599,46.3881009],[28.3847876,46.3880602],[28.3849257,46.3880228],[28.3851887,46.387983],[28.3852567,46.3879272],[28.3853037,46.3879116],[28.3853279,46.3879071],[28.3854753,46.3879099],[28.385508,46.3879344],[28.3855064,46.3880076],[28.3854069,46.3881419],[28.3854964,46.3882374],[28.385632,46.3882298],[28.3856621,46.3882363],[28.3857346,46.3882698],[28.3859019,46.3883591],[28.3859105,46.3883796],[28.3859,46.3884018],[28.385876,46.3884241],[28.3858618,46.3884553],[28.385865,46.3884824],[28.3858895,46.3885667],[28.3858947,46.3886212],[28.3858177,46.3886946],[28.3853837,46.3890509],[28.3852628,46.3891601],[28.3854318,46.3891767],[28.3855139,46.3891998],[28.3854993,46.3895984],[28.3855109,46.3899697],[28.3855783,46.3899641],[28.3855923,46.3900377],[28.3855964,46.3901901],[28.3855927,46.3902077],[28.38633,46.3902475],[28.3864489,46.3905305],[28.3864004,46.3905464],[28.3866489,46.3910914],[28.386703,46.3912248],[28.3867794,46.3913531],[28.3868604,46.3915234],[28.3868627,46.391545],[28.3869618,46.3916547],[28.3870139,46.3917702],[28.3870432,46.3918605],[28.3870583,46.3919436],[28.3870621,46.3920322],[28.3870546,46.3921163],[28.3870231,46.3921827],[28.3869948,46.3922315],[28.3870233,46.3923718],[28.3870738,46.3924821],[28.3871604,46.3924721],[28.3872023,46.3924706],[28.3872826,46.3925516],[28.3873322,46.3927213],[28.3875027,46.3929089],[28.3876627,46.3930546],[28.3876751,46.3930693],[28.3876466,46.3930974],[28.3876185,46.3931087],[28.3875719,46.3931996],[28.3878808,46.3933973],[28.3878379,46.3934227],[28.3876943,46.3934877],[28.3878559,46.3935656],[28.3881683,46.3937953],[28.3882009,46.3938483],[28.3882812,46.3938921],[28.3882917,46.3938902],[28.3883273,46.3938934],[28.3885033,46.3940055],[28.3887378,46.3941731],[28.3888173,46.3942404],[28.3888538,46.3942874],[28.3888652,46.3943126],[28.3888773,46.3943778],[28.3888784,46.3944295],[28.3888583,46.3945223],[28.3888332,46.3945727],[28.3887974,46.394622],[28.3887826,46.3946368],[28.3887158,46.3946868],[28.3887683,46.3948919],[28.3887823,46.3948972],[28.388988,46.3948759],[28.3892137,46.3948786],[28.3892276,46.3948951],[28.3892833,46.3949084],[28.3893096,46.3948944],[28.3895298,46.3949262],[28.3899625,46.3950666],[28.3900074,46.3950176],[28.3904018,46.3951525],[28.3904812,46.3951937],[28.3905812,46.395246],[28.3906142,46.3952589],[28.3907142,46.3951856],[28.3907729,46.3951519],[28.3908287,46.3951261],[28.3910881,46.3951853],[28.3912356,46.3952229],[28.3912643,46.3952366],[28.3913273,46.3952511],[28.391349,46.3952515],[28.3914152,46.39527],[28.391539,46.3953177],[28.3917037,46.3953899],[28.3916792,46.3954176],[28.3916687,46.3954447],[28.3916035,46.3955217],[28.3915539,46.3955741],[28.3917398,46.3956328],[28.3916512,46.395936],[28.3915253,46.3962101],[28.3916053,46.3962451],[28.3915341,46.3963931],[28.3913434,46.3966104],[28.391096,46.3968104],[28.3910391,46.3968261],[28.3909995,46.3968638],[28.3909786,46.3969052],[28.3910136,46.3969841],[28.3909539,46.397068],[28.3908952,46.3971214],[28.390786,46.3972314],[28.3907438,46.3972649],[28.3906628,46.3972324],[28.3905271,46.3971585],[28.3904071,46.3972763],[28.3902503,46.397451],[28.3901904,46.3974942],[28.3905801,46.3980011],[28.3906615,46.3983651],[28.390743,46.3986265],[28.3907651,46.398929],[28.3907798,46.3992109],[28.3908094,46.3994775],[28.3909723,46.3997851],[28.3912834,46.4002234],[28.3915871,46.4005028],[28.3917062,46.4005722],[28.3920978,46.4008253],[28.392258,46.4014052],[28.3923141,46.4015209],[28.3923727,46.401683],[28.3923865,46.4017446],[28.3923818,46.401779],[28.3924168,46.4018806],[28.3924565,46.402026],[28.3921714,46.4020949],[28.3921627,46.4024576],[28.3921558,46.4024777],[28.392151,46.4026903],[28.3921432,46.4027961],[28.3921216,46.4029123],[28.3921038,46.4029187],[28.3921056,46.4029292],[28.3923802,46.4029105],[28.3925603,46.4028813],[28.3926221,46.4029994],[28.3926626,46.4030785],[28.392704,46.4031421],[28.3927217,46.4031609],[28.3927673,46.4032194],[28.3928011,46.4032103],[28.3929861,46.4033121],[28.3930193,46.4032971],[28.393081,46.4033499],[28.393273,46.4035399],[28.39341,46.4036564],[28.3930689,46.4038463],[28.3928941,46.4040937],[28.392503,46.4046634],[28.3920786,46.4052733],[28.3918623,46.4053596],[28.3916765,46.4052829],[28.3916197,46.4052357],[28.3915801,46.4051645],[28.3914577,46.4049156],[28.3914329,46.4046689],[28.3913381,46.4043912],[28.3912665,46.404078],[28.3911445,46.403498],[28.3910066,46.4031247],[28.390783,46.4021222],[28.3907047,46.4018112],[28.3906156,46.4014476],[28.390564,46.4013613],[28.3903736,46.4013026],[28.3903038,46.4011364],[28.390272,46.4010384],[28.3903818,46.4009643],[28.390262,46.4006921],[28.3902053,46.4004996],[28.3900938,46.4004571],[28.389923,46.4002952],[28.3898394,46.4001262],[28.3897121,46.3998901],[28.3896559,46.3997641],[28.3895014,46.3994885],[28.3894364,46.3993854],[28.3893845,46.3993093],[28.3893394,46.3992315],[28.3892376,46.399021],[28.38911,46.3988351],[28.3889621,46.3986399],[28.3888166,46.3984587],[28.3886499,46.3982451],[28.3885258,46.3981036],[28.3884128,46.3980102],[28.3881893,46.3978019],[28.387972,46.3974811],[28.3878674,46.3973454],[28.3876717,46.3971545],[28.3875256,46.3970197],[28.3874889,46.396991],[28.387338,46.3968478],[28.3871779,46.3966948],[28.387073,46.3965985],[28.3869223,46.3964499],[28.3867424,46.3962556],[28.386676,46.3962246],[28.3859386,46.3963452],[28.384853,46.3980559],[28.3826775,46.3967706],[28.3823202,46.39713],[28.3819159,46.3975367],[28.3818223,46.3976347],[28.3817537,46.3975887],[28.3789976,46.3956822],[28.3786963,46.3959647],[28.3786223,46.396016],[28.3785487,46.3959651],[28.3770739,46.3949455],[28.3781068,46.3939724],[28.3787019,46.3933686],[28.3788394,46.3932291],[28.3774548,46.392273],[28.3773179,46.3924125],[28.3767243,46.3930173],[28.3766215,46.3929413],[28.376397,46.3932344],[28.3760013,46.3937337],[28.3757381,46.394022],[28.3754459,46.3943187],[28.3751542,46.394615],[28.3745713,46.395207],[28.37428,46.3955028],[28.3742057,46.3955791],[28.3741563,46.3955537],[28.3737175,46.3953284],[28.373272,46.3950993],[28.3728191,46.3948664],[28.3723585,46.3946296],[28.3718899,46.3943887],[28.3716023,46.3942407],[28.3711293,46.3939975],[28.3706475,46.3937498],[28.3701561,46.393497],[28.3696547,46.3932392],[28.3691425,46.3929758],[28.368619,46.3927065],[28.3680831,46.3924308],[28.3675339,46.3921484],[28.3669707,46.3918587],[28.3663921,46.3915611],[28.3657968,46.3912549],[28.3657719,46.3907123],[28.3659051,46.3903381],[28.3664455,46.3896255],[28.3653613,46.3891731],[28.3665215,46.3877091],[28.3677069,46.3863134],[28.3677818,46.3862212],[28.3681005,46.3857066],[28.3678724,46.3857127],[28.3674474,46.3857032],[28.366626,46.3857028],[28.3660347,46.3856735],[28.3653667,46.3855607],[28.3647644,46.3854134],[28.3640885,46.3851863],[28.3635686,46.3850065],[28.3631468,46.3847669],[28.3630415,46.3846565],[28.3630282,46.3845889],[28.3630813,46.3845493],[28.3630597,46.3844659],[28.3628143,46.3842486],[28.3623642,46.3838423],[28.3620781,46.3834476],[28.3617742,46.3828082],[28.3615834,46.3822127],[28.361509,46.3816161],[28.3614789,46.3810356],[28.3614619,46.3804312],[28.3616099,46.3803753]]]}},{"type":"Feature","properties":{"entity_id":"osm-r18967441","jurisdiction":"MD","display_name":"Vozneseni","display_type":"commune","admin_level":9,"tier":"detail","legal_registry":"CUATM","legal_id":"5744","legal_type":"commune","parent_catalog_id":"osm-r19113644","osm_relation_id":18967441,"legal_identity_status":"reconciled","geometry_source":"OpenStreetMap","geometry_precision":"master_coordinate_fidelity"},"geometry":{"type":"Polygon","coordinates":[[[28.4788436,46.5820805],[28.4786091,46.5819111],[28.4783892,46.5817523],[28.4781799,46.5816012],[28.4779905,46.5814645],[28.4778659,46.5813746],[28.4776183,46.581066],[28.4773032,46.5810854],[28.4771153,46.5811123],[28.4768925,46.5811255],[28.476624,46.5811434],[28.4764466,46.5811511],[28.4764433,46.5810732],[28.47616,46.581084],[28.4758954,46.5810775],[28.4759098,46.5811628],[28.4756135,46.5811673],[28.4752844,46.5811723],[28.4752801,46.5811173],[28.4749516,46.5811261],[28.47466,46.5811467],[28.4743149,46.5811609],[28.4740473,46.5812161],[28.474051,46.581243],[28.4737251,46.5812825],[28.4737219,46.5812691],[28.4733985,46.5812725],[28.4732859,46.5812604],[28.4732824,46.5814203],[28.4732674,46.5816829],[28.4728507,46.5816549],[28.4724537,46.5820465],[28.4721807,46.5825885],[28.4719099,46.5829736],[28.471773,46.5831957],[28.4716901,46.5833828],[28.4717676,46.5833997],[28.4717261,46.5834952],[28.4715666,46.5837137],[28.471483,46.5838638],[28.4713928,46.5838504],[28.4711458,46.5841981],[28.4710976,46.5841841],[28.4709181,46.5844907],[28.4707603,46.584709],[28.470623,46.584945],[28.4706004,46.5849503],[28.4705106,46.5851067],[28.4705965,46.5851283],[28.4704984,46.5853564],[28.4705046,46.5853578],[28.4704672,46.58543],[28.4703246,46.5855521],[28.4702921,46.5855454],[28.4702798,46.585571],[28.4702429,46.5855633],[28.4701383,46.5857791],[28.4700324,46.5859666],[28.4699562,46.586145],[28.4698801,46.5861294],[28.4697831,46.5863629],[28.4700435,46.5864608],[28.4700872,46.5865625],[28.4701042,46.5866434],[28.4701419,46.5866562],[28.47015,46.5867942],[28.470217,46.5868941],[28.4702137,46.5870082],[28.4701982,46.5872224],[28.4701884,46.5873812],[28.4701904,46.5874628],[28.4702021,46.5874913],[28.4702216,46.5876928],[28.4702125,46.5877721],[28.4701848,46.5877708],[28.470181,46.5878835],[28.4701014,46.5878842],[28.4700996,46.5878695],[28.4700783,46.5878707],[28.4700971,46.5879553],[28.4701017,46.5880489],[28.4701277,46.588095],[28.4701101,46.5882169],[28.4700897,46.588395],[28.4700361,46.5886091],[28.4700415,46.5887801],[28.4693085,46.5888248],[28.4693178,46.5893553],[28.4691282,46.5894558],[28.4691195,46.5897517],[28.469437,46.5897572],[28.4694716,46.5899821],[28.4697829,46.5899692],[28.4697791,46.5900912],[28.4699673,46.5900917],[28.4700356,46.5901818],[28.4700439,46.5902067],[28.4700581,46.5903267],[28.4700564,46.5905058],[28.4700218,46.5905063],[28.470041,46.5907239],[28.4701289,46.5907215],[28.4702072,46.5907196],[28.4702703,46.5907183],[28.4703208,46.5907173],[28.4704358,46.5907149],[28.4705261,46.5907053],[28.4705912,46.5906984],[28.4706796,46.5906891],[28.4708076,46.5906796],[28.4708761,46.5906722],[28.4709567,46.5906635],[28.4710459,46.5906539],[28.4711374,46.5906404],[28.4712965,46.590617],[28.4714414,46.5905957],[28.4716247,46.5905687],[28.471833,46.5905382],[28.4719347,46.5905275],[28.4721928,46.5905038],[28.4722557,46.5904966],[28.4723279,46.590535],[28.4723194,46.5915584],[28.4722053,46.5916069],[28.472183,46.5925703],[28.4722302,46.5926132],[28.4722191,46.5935486],[28.4720462,46.5935491],[28.4718699,46.5935584],[28.4716622,46.5935709],[28.4715062,46.5935816],[28.4714024,46.5935888],[28.4712984,46.5935959],[28.4711486,46.5936063],[28.471009,46.593612],[28.4709437,46.5936159],[28.4708783,46.5936198],[28.4707515,46.5936274],[28.4706253,46.5936348],[28.4704991,46.5936424],[28.4696805,46.593691],[28.4695553,46.5936959],[28.4694252,46.5937027],[28.4692972,46.5937071],[28.4691637,46.5937166],[28.4690271,46.5937264],[28.4689602,46.5937312],[28.4688688,46.5937377],[28.4686453,46.5937447],[28.4685653,46.5937483],[28.4680434,46.5937877],[28.4680723,46.5928428],[28.4680719,46.5925681],[28.4680628,46.5922938],[28.4680726,46.5922476],[28.4681045,46.5922463],[28.4681207,46.5921485],[28.4681446,46.5919454],[28.4681688,46.5917629],[28.4681966,46.5915813],[28.4682249,46.591403],[28.4682688,46.5912072],[28.4682965,46.5910287],[28.4681954,46.5910216],[28.4679334,46.5910241],[28.4677762,46.5910251],[28.467763,46.5902753],[28.4677501,46.5900275],[28.4668299,46.590054],[28.4670506,46.5885646],[28.4670534,46.5883437],[28.4669389,46.5883363],[28.4669373,46.5882857],[28.4669482,46.5881973],[28.4669566,46.588177],[28.466956,46.5880854],[28.4669583,46.5879713],[28.4670893,46.5878112],[28.4672588,46.5878169],[28.4672843,46.5875603],[28.4666203,46.5875097],[28.4666422,46.5873034],[28.4666083,46.5872973],[28.4666347,46.5871036],[28.4666732,46.5871053],[28.4667228,46.5869177],[28.4667666,46.586716],[28.4667978,46.5865445],[28.4668544,46.5863345],[28.4669035,46.5861288],[28.4666384,46.5860281],[28.4657226,46.5870687],[28.4655221,46.5872787],[28.4653277,46.5871846],[28.4652157,46.5871485],[28.4645075,46.5866935],[28.4644177,46.5866341],[28.4642723,46.5865316],[28.4640908,46.586551],[28.4630728,46.5862925],[28.4630443,46.5862882],[28.4630209,46.5862508],[28.4630002,46.586186],[28.4629751,46.5860363],[28.4629743,46.5859523],[28.4629742,46.5858294],[28.4630143,46.5857547],[28.4630449,46.5857131],[28.4631856,46.5855971],[28.4632036,46.5855877],[28.4632238,46.585595],[28.4634359,46.5854163],[28.4634365,46.5853902],[28.4634665,46.5853537],[28.4635039,46.5853288],[28.4636631,46.5852563],[28.4638979,46.5850782],[28.4639085,46.5850514],[28.4640869,46.5848756],[28.4643168,46.5846975],[28.4642916,46.5846829],[28.4643467,46.5846446],[28.4642498,46.5845341],[28.4642073,46.5845131],[28.4640563,46.584423],[28.4640411,46.5844342],[28.4640047,46.5844258],[28.4638993,46.5843831],[28.4637625,46.5842895],[28.4637579,46.584271],[28.4639586,46.5840684],[28.4639869,46.5840516],[28.4641603,46.5838646],[28.464137,46.5838496],[28.4643171,46.5836234],[28.4644501,46.5835487],[28.4645407,46.5835153],[28.4645585,46.5835208],[28.4648549,46.5833574],[28.4652934,46.5830032],[28.4652113,46.5829556],[28.4651883,46.5829328],[28.4654183,46.5827532],[28.4654318,46.5827624],[28.4656032,46.582653],[28.4655628,46.5826249],[28.4657313,46.5824931],[28.4658388,46.5824144],[28.4658952,46.5824386],[28.4660023,46.5823579],[28.4661924,46.5821615],[28.4661351,46.5821309],[28.4662425,46.582025],[28.4662862,46.5820073],[28.4664268,46.5819701],[28.4664511,46.5819753],[28.4666106,46.5819702],[28.4667988,46.5817702],[28.4667143,46.5817299],[28.4667148,46.5817165],[28.4670327,46.5814027],[28.4670046,46.5813822],[28.4673521,46.5810719],[28.4673647,46.5810803],[28.4675567,46.5809092],[28.4677371,46.5807966],[28.4678343,46.5806818],[28.4679861,46.5805111],[28.4681221,46.5803888],[28.4682841,46.5802492],[28.4684071,46.5801473],[28.4685029,46.580068],[28.4685244,46.5800741],[28.4687676,46.5798562],[28.468762,46.5798516],[28.4690035,46.5796767],[28.4691366,46.5795845],[28.469203,46.5795428],[28.4692091,46.5795382],[28.4692197,46.5795433],[28.4694722,46.5794086],[28.4698908,46.5792],[28.470113,46.5791046],[28.4702028,46.5790515],[28.4702633,46.5790332],[28.47039,46.5790246],[28.4706955,46.5790179],[28.470757,46.579027],[28.4707731,46.5790515],[28.4710285,46.5790098],[28.4712724,46.5789897],[28.4717226,46.5790047],[28.4717903,46.5790181],[28.4719156,46.5790256],[28.4719322,46.5790237],[28.4719041,46.5788854],[28.4718781,46.5786478],[28.4722121,46.5783354],[28.4722783,46.5782991],[28.472346,46.5782358],[28.4726346,46.5780062],[28.4726695,46.5780076],[28.4730238,46.5779615],[28.4731753,46.5779534],[28.4734441,46.577954],[28.47377,46.5779508],[28.4740591,46.5779517],[28.4744842,46.5779699],[28.4747327,46.5779559],[28.475085,46.5779338],[28.4754985,46.5778864],[28.4758183,46.577858],[28.4761308,46.5778621],[28.4761384,46.578412],[28.4761417,46.5786504],[28.476349,46.5789245],[28.4766853,46.5789241],[28.4766839,46.5790373],[28.4768033,46.5790443],[28.4767433,46.5795134],[28.4763279,46.5795304],[28.4762987,46.5801362],[28.4767706,46.5801088],[28.4770901,46.5801123],[28.4773005,46.5801295],[28.4779651,46.5801979],[28.4782328,46.5802996],[28.4786213,46.5805871],[28.4791647,46.5809472],[28.4794812,46.581239],[28.4797948,46.5814656],[28.4800621,46.5816562],[28.4804347,46.5819745],[28.4803708,46.5819835],[28.4788436,46.5820805]]]}},{"type":"Feature","properties":{"entity_id":"osm-r18967444","jurisdiction":"MD","display_name":"Leova","display_type":"town","admin_level":9,"tier":"detail","legal_registry":"CUATM","legal_id":"5701","legal_type":"town","parent_catalog_id":"osm-r19314570","osm_relation_id":18967444,"legal_identity_status":"reconciled","geometry_source":"OpenStreetMap","geometry_precision":"master_coordinate_fidelity"},"geometry":{"type":"Polygon","coordinates":[[[28.2622471,46.4531161],[28.2622819,46.4530441],[28.2623808,46.4530605],[28.262539,46.4530797],[28.2628278,46.4531235],[28.263164,46.4531755],[28.2635636,46.4532275],[28.2640225,46.4532959],[28.2645803,46.4533753],[28.2646755,46.4536532],[28.2648141,46.4539403],[28.2648834,46.4541535],[28.2647614,46.4541609],[28.2648338,46.4543035],[28.2654308,46.4558376],[28.265401,46.4561121],[28.2653413,46.4561913],[28.2654639,46.4568581],[28.2656688,46.4568554],[28.2657971,46.456948],[28.2657497,46.4570655],[28.2656557,46.4571786],[28.2656044,46.4572599],[28.2653638,46.4575556],[28.265311,46.4575661],[28.2652848,46.4575729],[28.2651707,46.4578861],[28.2650564,46.4582679],[28.264877,46.4594172],[28.2647307,46.4606966],[28.2644329,46.4632429],[28.2662027,46.4636984],[28.2654514,46.4648744],[28.2660364,46.4650425],[28.2668301,46.4652337],[28.2671386,46.4653134],[28.267238,46.4653731],[28.2676756,46.4654919],[28.2669679,46.4662169],[28.2669306,46.4662545],[28.2666109,46.4667437],[28.266363,46.4673368],[28.2662767,46.467661],[28.2662001,46.467893],[28.2661578,46.468047],[28.2661351,46.4681037],[28.2659403,46.4689247],[28.2657566,46.4698129],[28.2658936,46.4699095],[28.2663336,46.4699327],[28.2680111,46.4699809],[28.2681115,46.469972],[28.2682926,46.4699844],[28.2701819,46.4699293],[28.2714472,46.4699015],[28.2716027,46.4698757],[28.2716174,46.4702786],[28.2717833,46.4712685],[28.2716137,46.4712822],[28.2704947,46.471373],[28.2695483,46.4714057],[28.2694547,46.4715945],[28.2692521,46.4719743],[28.2691634,46.4721983],[28.2689502,46.4728499],[28.2688767,46.4730395],[28.2690722,46.4730888],[28.2691636,46.4731252],[28.2695378,46.4733826],[28.2695547,46.473423],[28.2702883,46.4735285],[28.2710964,46.4736308],[28.2717187,46.4737069],[28.2717299,46.4745445],[28.2717923,46.4754673],[28.2717562,46.4761883],[28.2717826,46.4767939],[28.2717902,46.4769538],[28.2717711,46.4774637],[28.2716397,46.4780556],[28.2716267,46.4784402],[28.2716197,46.4786493],[28.2716244,46.4794328],[28.2720477,46.4794248],[28.2730988,46.4792969],[28.2736975,46.4791944],[28.2741138,46.4791132],[28.2750463,46.4789767],[28.2751855,46.4796532],[28.274994,46.4800647],[28.2749,46.4806204],[28.274694,46.4806916],[28.2742465,46.4807873],[28.2736596,46.4809074],[28.2725117,46.4811374],[28.2718582,46.481203],[28.2717592,46.4812386],[28.2716983,46.4813604],[28.2721152,46.4813701],[28.272167,46.4813859],[28.2721882,46.4814091],[28.2721961,46.4816049],[28.2724549,46.4816151],[28.2727148,46.4816521],[28.2727583,46.4816635],[28.2727478,46.4818096],[28.2728153,46.4819631],[28.2728555,46.4820148],[28.2738367,46.4814087],[28.273835,46.4813862],[28.2738488,46.4813628],[28.2744023,46.481029],[28.2744391,46.4810232],[28.2744688,46.481035],[28.2750131,46.4807017],[28.2759779,46.4811755],[28.2768469,46.4815964],[28.2770158,46.4814048],[28.2773501,46.481535],[28.2774473,46.4815623],[28.275819,46.4831006],[28.2751039,46.4837969],[28.2738051,46.4851775],[28.2759752,46.4859798],[28.275793,46.4860864],[28.2719894,46.4881363],[28.2713715,46.4884693],[28.2711115,46.4885387],[28.2685375,46.4949966],[28.2632526,46.4972258],[28.2630381,46.4972022],[28.2628944,46.4971865],[28.2626725,46.4971621],[28.2624114,46.4971335],[28.2621896,46.4971092],[28.2619939,46.4970877],[28.2617722,46.4970634],[28.2615766,46.4970419],[28.2613549,46.4970176],[28.2611985,46.4970004],[28.2609379,46.4969718],[28.2607164,46.4969475],[28.2604949,46.4969232],[28.2603777,46.4969104],[28.2602149,46.4968925],[28.2599546,46.496864],[28.259688,46.4968347],[28.2593427,46.4967993],[28.2523996,46.4960366],[28.2522362,46.4962972],[28.2517917,46.4962332],[28.2507546,46.49605],[28.2499216,46.4958974],[28.2493299,46.4957886],[28.2479647,46.4955617],[28.246097,46.4953031],[28.2448873,46.4950823],[28.24445,46.4950024],[28.2438155,46.4948921],[28.2431423,46.4947627],[28.2414871,46.4945039],[28.2393601,46.4941919],[28.2392244,46.4928676],[28.2391199,46.4921171],[28.2390201,46.4917311],[28.2385813,46.49095],[28.2383977,46.4906454],[28.2382635,46.490431],[28.2382246,46.4902117],[28.2382453,46.4891615],[28.238224,46.489064],[28.2379352,46.4888916],[28.2376286,46.4887488],[28.2370946,46.4879482],[28.2369075,46.4876777],[28.2367628,46.4874511],[28.2366563,46.4873604],[28.2364547,46.4873273],[28.236126,46.4872688],[28.2356762,46.4871995],[28.2356463,46.4871528],[28.2355321,46.4868267],[28.2355786,46.4864577],[28.2355799,46.486275],[28.2355816,46.4860214],[28.2357187,46.4857407],[28.2358101,46.4855673],[28.2360089,46.4852282],[28.2361579,46.4848086],[28.2361727,46.4847536],[28.236401,46.4847833],[28.23646,46.4842105],[28.2365341,46.4836487],[28.236762,46.4829028],[28.2370333,46.4829414],[28.2372789,46.482989],[28.2373606,46.4826796],[28.2377366,46.4824907],[28.2381026,46.482272],[28.2383553,46.4821289],[28.2385095,46.4820473],[28.238642,46.4821157],[28.2388411,46.4819237],[28.2402235,46.4818094],[28.2402454,46.4817566],[28.2402711,46.4817175],[28.2403834,46.4815865],[28.2404393,46.4815114],[28.2404681,46.481437],[28.240543,46.4813354],[28.2406375,46.4812195],[28.2406781,46.481163],[28.2406911,46.4811133],[28.24071,46.4810811],[28.2407527,46.4810304],[28.2407689,46.4809175],[28.2409432,46.4804452],[28.2409359,46.4804386],[28.2409226,46.4803523],[28.241267,46.4801261],[28.2418575,46.479879],[28.2426153,46.4794445],[28.2431923,46.4792361],[28.2438211,46.4790574],[28.2446134,46.478837],[28.2453971,46.4784501],[28.2464547,46.477926],[28.2467345,46.4777831],[28.2468809,46.4777176],[28.2471264,46.4776044],[28.2472088,46.4775267],[28.2473604,46.4774681],[28.2474238,46.4773633],[28.2476175,46.4769734],[28.2477529,46.4766307],[28.2478218,46.4765201],[28.247938,46.4762253],[28.2480754,46.4759669],[28.2481705,46.4758158],[28.2481846,46.4757159],[28.2481422,46.4756453],[28.2479975,46.4755551],[28.2478335,46.475487],[28.2477273,46.4753231],[28.2474749,46.4749381],[28.2470286,46.4743736],[28.2468399,46.4741798],[28.246695,46.4739959],[28.2466368,46.4739302],[28.2465897,46.473811],[28.2465056,46.4737303],[28.2464049,46.4736112],[28.2463355,46.4735403],[28.2463185,46.4734599],[28.2462955,46.4732442],[28.2462358,46.4730072],[28.2461848,46.4728413],[28.2461319,46.4727075],[28.2460959,46.4725832],[28.2460417,46.4723405],[28.2460285,46.472207],[28.2460302,46.4720352],[28.2460492,46.4719456],[28.2460842,46.4715167],[28.2461194,46.4713534],[28.2461579,46.4709977],[28.2461825,46.4707954],[28.246207,46.4705542],[28.2462281,46.4703933],[28.2465454,46.4702081],[28.2467695,46.4701672],[28.2469227,46.470169],[28.2474088,46.4693404],[28.2475305,46.4691989],[28.2482993,46.4692186],[28.2494419,46.4692482],[28.2518752,46.4693609],[28.2523901,46.4692343],[28.2530411,46.4689975],[28.2533836,46.4688746],[28.2534339,46.468796],[28.2533677,46.4687245],[28.2535491,46.4685617],[28.2536793,46.4683978],[28.253813,46.4680321],[28.2538644,46.4679047],[28.25395,46.4676923],[28.2540374,46.4674757],[28.2541244,46.4672613],[28.2542479,46.4669758],[28.2544164,46.4666922],[28.2547463,46.4665702],[28.2547564,46.4665429],[28.2548311,46.4664635],[28.2549147,46.4664009],[28.2549783,46.4663842],[28.2550793,46.46634],[28.2552405,46.4662194],[28.2552417,46.4662156],[28.25515,46.4661702],[28.2551413,46.4661792],[28.2550483,46.4661425],[28.2552565,46.4659688],[28.2553408,46.465921],[28.2556993,46.4656164],[28.2575951,46.4640941],[28.2578465,46.4638931],[28.2583616,46.4635021],[28.2586485,46.4632713],[28.2594865,46.4616537],[28.2597511,46.4607415],[28.2598313,46.4604519],[28.2598501,46.4603505],[28.2598711,46.4600837],[28.2599614,46.4593961],[28.2599999,46.4591206],[28.2600331,46.4587872],[28.2600516,46.4586674],[28.2601726,46.458409],[28.2602337,46.458238],[28.2603221,46.4580641],[28.2603901,46.4578843],[28.2604025,46.4578512],[28.2605084,46.4576377],[28.260616,46.457373],[28.2606994,46.4571411],[28.2608256,46.456878],[28.2608684,46.4567713],[28.2609447,46.456599],[28.2610716,46.4563304],[28.2617349,46.456372],[28.2618241,46.456251],[28.2618668,46.4562161],[28.2619835,46.4559309],[28.2612196,46.4559344],[28.2612947,46.4557697],[28.2613784,46.455556],[28.2614693,46.4552786],[28.2616859,46.4546572],[28.2617805,46.4546646],[28.2618758,46.4543827],[28.2617762,46.4543618],[28.2619113,46.4539513],[28.2620175,46.4536504],[28.2621047,46.4534049],[28.2621386,46.4532701],[28.2622471,46.4531161]]]}},{"type":"Feature","properties":{"entity_id":"osm-r18967466","jurisdiction":"MD","display_name":"Cneazevca","display_type":"commune","admin_level":9,"tier":"detail","legal_registry":"CUATM","legal_id":"5721","legal_type":"commune","parent_catalog_id":"osm-r19113640","osm_relation_id":18967466,"legal_identity_status":"reconciled","geometry_source":"OpenStreetMap","geometry_precision":"master_coordinate_fidelity"},"geometry":{"type":"MultiPolygon","coordinates":[[[[28.4778063,46.6226258],[28.4781993,46.6226294],[28.4784664,46.6226287],[28.4787848,46.6226211],[28.4787841,46.6225545],[28.4788821,46.6225505],[28.4788809,46.6225362],[28.479028,46.6225324],[28.4790289,46.6231108],[28.479454,46.6230408],[28.4797672,46.6237931],[28.4799513,46.6239841],[28.4800118,46.623947],[28.4800846,46.6240333],[28.4802942,46.6242419],[28.4807746,46.6247434],[28.481555,46.6254977],[28.4817134,46.6257559],[28.4818591,46.6259127],[28.4820573,46.6261268],[28.4820797,46.6261461],[28.4822833,46.626341],[28.482522,46.6265643],[28.4825339,46.6265774],[28.482781,46.6268003],[28.4830993,46.6270783],[28.4831557,46.6271458],[28.4835102,46.6273613],[28.4836644,46.6270987],[28.4838966,46.6269173],[28.4840225,46.626798],[28.4841451,46.6267078],[28.4842595,46.6267815],[28.4843768,46.6268603],[28.4843131,46.6269174],[28.4843818,46.6269619],[28.4842973,46.627027],[28.4845672,46.6272167],[28.4846512,46.6271582],[28.4847012,46.6272097],[28.4850404,46.6274708],[28.4855325,46.6271161],[28.4857253,46.6269704],[28.4862249,46.6266729],[28.4864582,46.6268034],[28.4866962,46.6269583],[28.4868742,46.6271742],[28.4870329,46.6272863],[28.4872962,46.6274683],[28.487492,46.6276225],[28.4872577,46.6277384],[28.4873178,46.6277934],[28.4874596,46.6279234],[28.4870441,46.6282545],[28.4872313,46.6283697],[28.4878609,46.628488],[28.4880941,46.6287527],[28.488241,46.6286922],[28.4882964,46.6287422],[28.4885321,46.6289868],[28.4887241,46.6291948],[28.4888472,46.6291595],[28.4890506,46.6294533],[28.4892312,46.6296784],[28.4895421,46.6296073],[28.4896244,46.6297571],[28.4896938,46.6299101],[28.489265,46.6300343],[28.4894136,46.6302175],[28.4894943,46.6304154],[28.4898369,46.6303316],[28.489934,46.6305343],[28.4900047,46.6306667],[28.4901067,46.6308861],[28.490054,46.6308973],[28.4901076,46.6310373],[28.4901636,46.6311742],[28.490247,46.6313296],[28.490334,46.6315177],[28.4904102,46.6317273],[28.4904561,46.6318364],[28.490501,46.6319604],[28.4902387,46.6320002],[28.4903454,46.632191],[28.4904726,46.6323932],[28.4905177,46.6325241],[28.4902539,46.6325147],[28.4902918,46.6326397],[28.4903269,46.6328897],[28.490351,46.6330967],[28.4903751,46.6332919],[28.4904083,46.6335496],[28.490381,46.6336327],[28.490343,46.6336638],[28.4902758,46.633689],[28.4901344,46.6336883],[28.4900009,46.6336911],[28.4898138,46.6337172],[28.4892927,46.6336743],[28.4889652,46.6336173],[28.4887055,46.633731],[28.4887088,46.6349729],[28.488677,46.635245],[28.4886229,46.6358375],[28.4885943,46.6360657],[28.4885847,46.6361052],[28.4881418,46.6361054],[28.4876846,46.6362099],[28.4872474,46.6364596],[28.4867837,46.6366885],[28.4866514,46.6367539],[28.4864586,46.6368263],[28.4861813,46.6369071],[28.4859976,46.6369439],[28.4855638,46.6370127],[28.4850433,46.6370266],[28.484984,46.6368093],[28.4849307,46.6366309],[28.4848752,46.6364451],[28.4848136,46.6362388],[28.4847621,46.6360678],[28.4847058,46.6358777],[28.4846394,46.6356712],[28.4845834,46.6354962],[28.4845268,46.6353197],[28.4844732,46.6351522],[28.4844129,46.6349643],[28.4843961,46.6349117],[28.4843395,46.6347351],[28.4842848,46.6345642],[28.4842287,46.6343892],[28.4841719,46.6341839],[28.4841114,46.6340229],[28.4840531,46.6338411],[28.4839942,46.6336571],[28.4839364,46.6334767],[28.4838454,46.6332942],[28.4826086,46.6311474],[28.4824714,46.6306162],[28.4823815,46.6306487],[28.4818745,46.6299845],[28.4816829,46.6297857],[28.4814558,46.629565],[28.4813352,46.6294272],[28.4810205,46.6291037],[28.4811159,46.6290668],[28.4808679,46.6287709],[28.480859,46.6287443],[28.4805933,46.6285513],[28.4803612,46.62837],[28.4801143,46.6282195],[28.4800626,46.6282463],[28.4798994,46.6281458],[28.4799015,46.6281038],[28.4798585,46.6280724],[28.4798564,46.6280624],[28.4796499,46.6278849],[28.4794305,46.6276635],[28.4792398,46.6274501],[28.4792719,46.6274183],[28.4791662,46.6273025],[28.4791178,46.6272354],[28.4791883,46.6272049],[28.4791017,46.6270923],[28.4790705,46.6270487],[28.4790009,46.6268199],[28.4790777,46.6267949],[28.4790412,46.6266548],[28.4789725,46.6266719],[28.4789399,46.6265412],[28.4789443,46.6265303],[28.4789225,46.6265083],[28.4789855,46.6261242],[28.4789081,46.6261257],[28.4787749,46.6261695],[28.4785695,46.626165],[28.4774217,46.6261095],[28.4774632,46.6259378],[28.4774256,46.6256605],[28.4774376,46.6254383],[28.4775646,46.6251208],[28.4774444,46.6251238],[28.4775884,46.6248695],[28.4776021,46.6245861],[28.4776287,46.6244065],[28.4777658,46.6243849],[28.4777615,46.6243793],[28.47776,46.6243127],[28.4777651,46.6242375],[28.4777545,46.6242207],[28.4778032,46.6239852],[28.4777936,46.6239453],[28.4777298,46.6236796],[28.4778543,46.6233536],[28.4777857,46.6230396],[28.4777557,46.6227869],[28.4777569,46.6227528],[28.4778063,46.6226258]]],[[[28.4895628,46.6351296],[28.4899116,46.6355744],[28.4899712,46.6357219],[28.4899399,46.6357932],[28.4899198,46.6357985],[28.4899601,46.6359713],[28.489744,46.6359659],[28.4895924,46.6357681],[28.4890926,46.6358439],[28.4889146,46.6356266],[28.4888515,46.6355068],[28.4889168,46.6355078],[28.4889231,46.6354488],[28.4889526,46.6353242],[28.4889819,46.6352796],[28.4890438,46.6352395],[28.4895628,46.6351296]]],[[[28.5053899,46.6294344],[28.5057253,46.6294282],[28.5057979,46.6291089],[28.5055771,46.6288212],[28.5060329,46.6286333],[28.5064433,46.6285931],[28.5069872,46.6285543],[28.5069985,46.6286477],[28.5070372,46.628966],[28.506964,46.6289659],[28.5068968,46.6290332],[28.5068859,46.6290291],[28.506785,46.6291359],[28.5061748,46.6296906],[28.5061013,46.6297569],[28.5058573,46.6300091],[28.5058557,46.6300239],[28.5057646,46.6301217],[28.5059974,46.6302166],[28.507134,46.6306866],[28.5069522,46.6309283],[28.5068844,46.6309866],[28.5066846,46.631338],[28.5065313,46.6315203],[28.5063848,46.6316852],[28.506213,46.6318482],[28.5060418,46.6320659],[28.5058034,46.6323359],[28.5056268,46.63252],[28.5054918,46.6326819],[28.505337,46.6328642],[28.5051662,46.6330672],[28.5049518,46.6332514],[28.504654,46.633471],[28.5044921,46.6337184],[28.5042673,46.6339447],[28.5040572,46.6341544],[28.5038311,46.6344209],[28.5034791,46.6347302],[28.50339,46.634889],[28.503187,46.6351278],[28.5031561,46.6351127],[28.5029343,46.635356],[28.502991,46.6353821],[28.5027404,46.6355933],[28.5025697,46.6357491],[28.502631,46.6357678],[28.5023983,46.6359708],[28.5022088,46.6361669],[28.5020462,46.6363682],[28.5018597,46.6365902],[28.5016858,46.6367975],[28.5007289,46.6363891],[28.5004511,46.6362856],[28.5003043,46.6362127],[28.5002375,46.6361848],[28.5010388,46.6353634],[28.500742,46.6351529],[28.5005305,46.6349486],[28.5006094,46.6347224],[28.5003315,46.634588],[28.5004906,46.6340485],[28.5010332,46.6338097],[28.5017032,46.6331988],[28.5020155,46.6328583],[28.5022448,46.6326134],[28.5022041,46.6325794],[28.5023395,46.6323266],[28.502306,46.6322842],[28.5024186,46.6320139],[28.5024716,46.6319035],[28.5027785,46.6320483],[28.502663,46.6319521],[28.5028416,46.6318056],[28.5029136,46.6318325],[28.5032173,46.6315937],[28.5035016,46.6313443],[28.5037729,46.6311092],[28.504078,46.6307682],[28.5042165,46.6306138],[28.5046405,46.6302622],[28.5050528,46.6298512],[28.5053899,46.6294344]]]]}},{"type":"Feature","properties":{"entity_id":"osm-r18967481","jurisdiction":"MD","display_name":"Borogani","display_type":"independent_village","admin_level":9,"tier":"detail","legal_registry":"CUATM","legal_id":"5716","legal_type":"independent_village","parent_catalog_id":"osm-r19113655","osm_relation_id":18967481,"legal_identity_status":"reconciled","geometry_source":"OpenStreetMap","geometry_precision":"master_coordinate_fidelity"},"geometry":{"type":"Polygon","coordinates":[[[28.5148543,46.3820702],[28.5147944,46.3820431],[28.5149734,46.3814364],[28.5149895,46.3814243],[28.5149127,46.3813046],[28.5146647,46.3812406],[28.5143769,46.3811926],[28.5141519,46.38114],[28.513798,46.3810441],[28.5134771,46.380955],[28.51311,46.3808179],[28.5127462,46.3806968],[28.5125477,46.3805848],[28.5122392,46.3804358],[28.5120396,46.3803229],[28.5118168,46.3802125],[28.5115495,46.3801271],[28.5112016,46.3800205],[28.5115651,46.379853],[28.5116609,46.3796891],[28.5116611,46.3796695],[28.5116613,46.3796499],[28.5116624,46.3795301],[28.511662,46.3794932],[28.5116614,46.3793934],[28.511661,46.3793171],[28.5116608,46.3792617],[28.5116604,46.3792064],[28.51166,46.3791337],[28.5116596,46.3790724],[28.5116588,46.3789412],[28.5116585,46.3788796],[28.5116581,46.378821],[28.5116574,46.3786944],[28.5116574,46.3786821],[28.5116568,46.3785861],[28.5116562,46.3784871],[28.511656,46.3784467],[28.511656,46.3784311],[28.5116556,46.3783659],[28.5116552,46.3783006],[28.511655,46.3782632],[28.5116546,46.3782041],[28.5116542,46.3781356],[28.5116538,46.3780732],[28.5116538,46.3780612],[28.5117183,46.3769458],[28.5116754,46.3769796],[28.511639,46.376999],[28.5116012,46.3770113],[28.5115508,46.3770183],[28.5112048,46.3769815],[28.5105875,46.3768933],[28.510534,46.3768574],[28.5104226,46.3766749],[28.5103453,46.3764955],[28.5102502,46.376322],[28.5101217,46.3761525],[28.5101104,46.3761555],[28.5097193,46.376066],[28.5093573,46.3760604],[28.5093343,46.3764395],[28.5092436,46.3765111],[28.5090427,46.3764884],[28.5087582,46.3764475],[28.5084724,46.3764035],[28.5082088,46.3763573],[28.5079447,46.3763149],[28.507956,46.3755837],[28.5079664,46.3749768],[28.5079876,46.3748588],[28.5079863,46.3743262],[28.5079905,46.3737992],[28.5079946,46.3736405],[28.5080031,46.3732095],[28.5080248,46.3727683],[28.5080355,46.3726269],[28.5080444,46.3721854],[28.5080558,46.3717504],[28.5080531,46.3715525],[28.5080546,46.3713315],[28.5080691,46.3709542],[28.5080898,46.3703031],[28.5080888,46.3701939],[28.5080922,46.3696405],[28.5080965,46.369235],[28.5081047,46.3691137],[28.5080285,46.3689966],[28.5079777,46.3689821],[28.5079346,46.3687308],[28.5079062,46.3687018],[28.5078253,46.368397],[28.507758,46.3683133],[28.5076877,46.3680937],[28.5073122,46.3666208],[28.507195,46.3662339],[28.5071567,46.3659861],[28.5071067,46.3657403],[28.5070101,46.3654642],[28.5068399,46.3647792],[28.5068017,46.3645898],[28.5063729,46.3628454],[28.5083952,46.3627792],[28.5098003,46.3627094],[28.5100069,46.3626874],[28.5100131,46.362602],[28.510337,46.3625834],[28.5105707,46.362571],[28.5106648,46.3622838],[28.5107177,46.3620986],[28.5107631,46.3619399],[28.5107997,46.3617852],[28.5108375,46.3616254],[28.5108969,46.3614624],[28.5109564,46.3612996],[28.5110079,46.361156],[28.511044,46.3610182],[28.5110903,46.3608419],[28.5111378,46.360661],[28.5111766,46.3605132],[28.5112181,46.3603513],[28.5112318,46.3601975],[28.5112809,46.3600406],[28.5113143,46.3598953],[28.5113372,46.3597293],[28.5113577,46.3595701],[28.5113739,46.3593946],[28.5113875,46.3592234],[28.5116551,46.3590472],[28.5116943,46.3590387],[28.5123738,46.359048],[28.5127566,46.3590258],[28.5128873,46.3579963],[28.5146523,46.3578879],[28.5147288,46.3588153],[28.5148013,46.3589172],[28.5150024,46.3588945],[28.5155292,46.358779],[28.5155771,46.3587753],[28.5156659,46.3587618],[28.5162979,46.3586577],[28.5163765,46.3588242],[28.5164651,46.3588096],[28.5165045,46.359014],[28.5164889,46.3590568],[28.5164539,46.3591037],[28.5164548,46.3591389],[28.5165727,46.3591312],[28.5166159,46.3592676],[28.5164517,46.3593103],[28.5163306,46.3593233],[28.5164278,46.3597041],[28.5167038,46.3597254],[28.516708,46.3599712],[28.5168468,46.3599664],[28.5173826,46.3599479],[28.518338,46.359915],[28.518669,46.3598707],[28.5187323,46.3598609],[28.5188527,46.3598494],[28.5189725,46.3598287],[28.5193785,46.3597741],[28.5196705,46.3599816],[28.5198584,46.3601422],[28.5199312,46.3602454],[28.5202691,46.3605264],[28.5203872,46.3606522],[28.5204882,46.3607294],[28.5206197,46.3609938],[28.5207533,46.3609667],[28.5211329,46.3613384],[28.5214637,46.3615203],[28.5224085,46.3613284],[28.5224967,46.3615902],[28.522552,46.3615812],[28.5226003,46.3617178],[28.5225769,46.361725],[28.5225789,46.3617292],[28.5226442,46.3618702],[28.5227015,46.3620068],[28.5226662,46.3620121],[28.522715,46.3621351],[28.5227525,46.3621299],[28.5227574,46.3621413],[28.5228131,46.3622832],[28.5227456,46.3622976],[28.5228027,46.3624058],[28.5227769,46.3624226],[28.5227046,46.3624399],[28.5227046,46.3624476],[28.5223971,46.3625062],[28.5224103,46.362541],[28.5224492,46.3628644],[28.5225227,46.3630131],[28.5226035,46.3631736],[28.5225048,46.3632903],[28.522391,46.363318],[28.5217063,46.3634374],[28.5216354,46.3635146],[28.5216882,46.3636335],[28.5217384,46.3637547],[28.5217645,46.3638325],[28.5217946,46.3639973],[28.52198,46.3641418],[28.5221989,46.3643075],[28.5223538,46.3644223],[28.5225209,46.3645306],[28.5226669,46.36464],[28.5227992,46.3647466],[28.5229244,46.3648474],[28.5232086,46.3650849],[28.5232551,46.3650688],[28.5233201,46.3651222],[28.5235354,46.3653614],[28.5235135,46.365371],[28.5236105,46.3654764],[28.5237799,46.3656681],[28.5236888,46.3657149],[28.523818,46.3658897],[28.5237135,46.3659458],[28.5239315,46.3660959],[28.5240053,46.3660673],[28.5242289,46.366305],[28.5243842,46.3664552],[28.5244704,46.3665264],[28.5247134,46.3668587],[28.5246905,46.3670529],[28.524676,46.3670906],[28.5251618,46.3669298],[28.5251883,46.366738],[28.5253868,46.3663544],[28.5255026,46.366094],[28.5256184,46.3658839],[28.5257839,46.3656441],[28.5260022,46.3652993],[28.5262338,46.3650983],[28.5263119,46.3650162],[28.5258434,46.3647899],[28.5256282,46.3646859],[28.5260261,46.3642807],[28.526141,46.3643109],[28.526614,46.3638921],[28.5266529,46.3639256],[28.5268086,46.3637943],[28.5271887,46.3635206],[28.5283718,46.3624482],[28.5284188,46.3624693],[28.5296265,46.3630123],[28.5306941,46.3630723],[28.5313297,46.3633279],[28.5312052,46.3634736],[28.5316138,46.3636873],[28.5313178,46.3638904],[28.5314129,46.3639348],[28.5313967,46.3639738],[28.5318103,46.364183],[28.531591,46.3644049],[28.5315814,46.3644206],[28.5314271,46.3645539],[28.5316091,46.3646521],[28.5316069,46.3646652],[28.5316237,46.364681],[28.5318002,46.3647723],[28.5318184,46.3647877],[28.5320527,46.3646913],[28.5321132,46.3647466],[28.5321929,46.3648165],[28.53244,46.3650615],[28.5327903,46.3653511],[28.5331688,46.365655],[28.5331889,46.3656766],[28.5333996,46.3658461],[28.5334567,46.3658875],[28.5330847,46.3660186],[28.5332028,46.3661141],[28.5332437,46.3660969],[28.5336129,46.3663891],[28.5335768,46.3664205],[28.5333757,46.3665381],[28.5334071,46.3665857],[28.5332476,46.3666758],[28.5330445,46.3666377],[28.5328823,46.3665667],[28.5324701,46.3668605],[28.5321976,46.3671599],[28.5322032,46.3671629],[28.5321174,46.3672959],[28.5321236,46.3673167],[28.5320472,46.3674693],[28.5319195,46.3676104],[28.5318226,46.3677175],[28.5317848,46.3679616],[28.5323073,46.367988],[28.5322771,46.3681928],[28.5322748,46.368269],[28.5322731,46.3683782],[28.5322958,46.3685647],[28.5322707,46.3685861],[28.5321566,46.3686102],[28.5322527,46.3688165],[28.5323769,46.3687941],[28.5324734,46.3689368],[28.5325987,46.3690999],[28.5326454,46.3691712],[28.5325891,46.3692028],[28.5328662,46.3694818],[28.5323409,46.3697063],[28.5322409,46.3697551],[28.532689,46.369843],[28.532894,46.3698156],[28.5330594,46.3698064],[28.5331719,46.3697562],[28.5337276,46.3694913],[28.5343422,46.3691845],[28.5343054,46.3690611],[28.5349058,46.368741],[28.5351354,46.3690449],[28.5350418,46.3692457],[28.5349201,46.3695907],[28.5347734,46.3696664],[28.5346388,46.3697795],[28.5346542,46.3698166],[28.5346864,46.3699786],[28.5345445,46.3700811],[28.5344305,46.3701638],[28.5343936,46.3701759],[28.5342276,46.3700875],[28.5340666,46.3700195],[28.5338822,46.3701866],[28.5337095,46.370392],[28.5335375,46.3702694],[28.5333697,46.3703948],[28.5333504,46.3703991],[28.5335148,46.3706164],[28.5335111,46.3706355],[28.5333149,46.3707723],[28.533132,46.3708856],[28.5330632,46.3709341],[28.533289,46.3712567],[28.5333372,46.3713035],[28.5334384,46.3713692],[28.5338539,46.3715063],[28.5341379,46.3715341],[28.5343123,46.3714482],[28.5345614,46.3715491],[28.5345817,46.3715654],[28.5345885,46.3716252],[28.5345601,46.3716596],[28.5342149,46.3719162],[28.5341525,46.3719663],[28.534105,46.3719911],[28.5342403,46.3721677],[28.5345685,46.3722292],[28.5352926,46.3724244],[28.5342247,46.3727282],[28.5338691,46.3728172],[28.533562,46.3729122],[28.5332409,46.3729918],[28.5329225,46.3730648],[28.5326039,46.3731344],[28.5322841,46.3732213],[28.531977,46.3733136],[28.5316747,46.3734041],[28.5313462,46.3734764],[28.5310374,46.3735682],[28.5307172,46.373648],[28.5303976,46.3737279],[28.5300857,46.3738256],[28.5298078,46.3738897],[28.5296851,46.3737162],[28.5295941,46.3737468],[28.5290777,46.3739094],[28.5288416,46.3739869],[28.5285909,46.3740666],[28.5283582,46.3741409],[28.5281037,46.374227],[28.527885,46.3743011],[28.5276404,46.3743788],[28.5273926,46.3744579],[28.5271651,46.3745248],[28.5269386,46.3745961],[28.5267195,46.3746719],[28.5264686,46.3747567],[28.5262477,46.3748342],[28.5258621,46.3749764],[28.5256924,46.3747297],[28.525467,46.3746526],[28.525424,46.3746644],[28.5254006,46.3746665],[28.5253674,46.3746517],[28.52515,46.3743407],[28.5250527,46.3743502],[28.5245879,46.3743766],[28.5244652,46.3741951],[28.5243422,46.3739969],[28.5242201,46.3737468],[28.5241505,46.3737659],[28.5240328,46.3734458],[28.5240267,46.3734319],[28.5239703,46.373302],[28.5238746,46.3731076],[28.5238631,46.3730929],[28.5238092,46.3731078],[28.5235407,46.373198],[28.5233879,46.3729537],[28.5233662,46.3729598],[28.5232437,46.3727526],[28.5230941,46.3724116],[28.5230683,46.3724158],[28.5230517,46.3723968],[28.5230212,46.3721075],[28.5229211,46.372017],[28.5228707,46.3719032],[28.5226794,46.3719141],[28.5225521,46.3719188],[28.5223733,46.3719619],[28.5221233,46.371885],[28.522246,46.3722735],[28.5223332,46.3722639],[28.5226283,46.3722705],[28.5227449,46.3724923],[28.5227299,46.3727504],[28.5227716,46.3731201],[28.5227895,46.3732783],[28.5228079,46.3734619],[28.522819,46.3735075],[28.522941,46.373725],[28.5231113,46.3737015],[28.5232531,46.3738353],[28.523266,46.3738576],[28.5233493,46.3740537],[28.5233495,46.3742685],[28.5227771,46.3743971],[28.5227547,46.3744214],[28.5228518,46.3746815],[28.5230391,46.374635],[28.5231149,46.3746163],[28.5232016,46.3746157],[28.5235528,46.3747242],[28.5235897,46.3748455],[28.5235724,46.3749149],[28.5234757,46.3751543],[28.5234555,46.3752044],[28.5233829,46.3752895],[28.5233678,46.3753964],[28.5232927,46.3754782],[28.5232183,46.3755401],[28.5230621,46.3756103],[28.5230801,46.3756631],[28.5230997,46.3756699],[28.5231788,46.3757498],[28.5232378,46.3758575],[28.5232492,46.3758965],[28.5232282,46.3759754],[28.5232048,46.3760244],[28.5231631,46.3761121],[28.523018,46.3762948],[28.5231491,46.3763812],[28.523227,46.3763773],[28.5232982,46.376387],[28.5233647,46.3764098],[28.5237155,46.3766107],[28.5238925,46.3767201],[28.5239017,46.3767718],[28.5239357,46.3767938],[28.5239949,46.3768924],[28.524023,46.3770079],[28.5240457,46.3771499],[28.5240663,46.3771663],[28.5240767,46.3772494],[28.5240543,46.3772685],[28.5239878,46.3772994],[28.5238308,46.3773498],[28.5234923,46.3774315],[28.523476,46.3778658],[28.5234501,46.3781546],[28.5235732,46.378262],[28.5236453,46.3782785],[28.5240327,46.3781994],[28.5240984,46.3783791],[28.5241377,46.378492],[28.5241807,46.3786152],[28.524309,46.3790654],[28.5244237,46.3793272],[28.5245692,46.3796794],[28.5246523,46.379837],[28.524889,46.3797708],[28.5251081,46.3797095],[28.5253279,46.3795978],[28.5255234,46.379535],[28.5256121,46.3797346],[28.5256503,46.3798206],[28.5256768,46.3799477],[28.5255009,46.380036],[28.5256698,46.3803523],[28.5257519,46.3806115],[28.5258694,46.3808973],[28.5259365,46.3811556],[28.5259328,46.3811671],[28.5259631,46.3812792],[28.5259647,46.3814339],[28.5259242,46.3817706],[28.5259135,46.381902],[28.5258742,46.3820017],[28.5258453,46.3820396],[28.5257992,46.3820834],[28.525317,46.3820931],[28.5254027,46.3825551],[28.5254227,46.3826849],[28.5253392,46.3827548],[28.5246743,46.3828438],[28.5233322,46.3827241],[28.5228139,46.3826779],[28.5225156,46.3826513],[28.5220335,46.382545],[28.5218703,46.3825484],[28.5218598,46.3831931],[28.5218301,46.3832898],[28.5217878,46.3833632],[28.5217211,46.38346],[28.5216434,46.3835378],[28.5215536,46.3836184],[28.5214701,46.3836501],[28.5210047,46.3838662],[28.5207872,46.3839434],[28.5206791,46.3839672],[28.5205183,46.3839929],[28.5203885,46.3839902],[28.5201621,46.3839329],[28.5200534,46.3846775],[28.5200196,46.3846852],[28.5199842,46.3846783],[28.5194528,46.3844549],[28.5194779,46.3844043],[28.5193863,46.3843628],[28.5191665,46.3842614],[28.5189171,46.3841446],[28.5187007,46.3840448],[28.5185718,46.3841754],[28.5182947,46.3841334],[28.5181406,46.3840624],[28.5180857,46.38401],[28.5179158,46.3838577],[28.5177583,46.3837098],[28.517516,46.3835471],[28.5175855,46.3834763],[28.5173035,46.3833364],[28.5170823,46.3832223],[28.5168779,46.3831171],[28.5166775,46.3830127],[28.5164711,46.3829071],[28.5162683,46.382802],[28.5160619,46.3826965],[28.5158585,46.3825895],[28.5156538,46.3824828],[28.5154487,46.3823804],[28.5152461,46.3822711],[28.5150424,46.3821665],[28.5148543,46.3820702]]]}},{"type":"Feature","properties":{"entity_id":"osm-r18967496","jurisdiction":"MD","display_name":"Colibabovca","display_type":"independent_village","admin_level":9,"tier":"detail","legal_registry":"CUATM","legal_id":"5723","legal_type":"independent_village","parent_catalog_id":"osm-r19113657","osm_relation_id":18967496,"legal_identity_status":"reconciled","geometry_source":"OpenStreetMap","geometry_precision":"master_coordinate_fidelity"},"geometry":{"type":"MultiPolygon","coordinates":[[[[28.4400833,46.6342565],[28.4401233,46.6341911],[28.4408098,46.6343782],[28.4410101,46.6344465],[28.4406459,46.6349161],[28.4406184,46.6350743],[28.4417174,46.6350745],[28.4417673,46.635154],[28.4416953,46.6354738],[28.4413354,46.6361],[28.4409199,46.6365565],[28.4403927,46.6370782],[28.4397525,46.6375301],[28.4392545,46.6381251],[28.4390996,46.6383906],[28.438497,46.6387206],[28.4380574,46.6392795],[28.4380263,46.6393191],[28.4372484,46.6403076],[28.437784,46.6404998],[28.438082,46.6405685],[28.4380615,46.6406127],[28.4370755,46.6421254],[28.4370488,46.6421664],[28.4358878,46.643947],[28.4358612,46.643988],[28.4348071,46.6456046],[28.4357094,46.6458748],[28.4359501,46.6459469],[28.4349965,46.647667],[28.4358679,46.6484176],[28.4348333,46.6500509],[28.4346969,46.6502927],[28.4345386,46.6505708],[28.4343966,46.6508218],[28.4342527,46.6510624],[28.4340662,46.651278],[28.4337736,46.6510302],[28.4336114,46.6508617],[28.4333457,46.6514159],[28.4324909,46.6531444],[28.4324699,46.6531869],[28.432053,46.6540299],[28.4320319,46.6540724],[28.4319106,46.6543177],[28.4315581,46.6550339],[28.4315314,46.6550849],[28.4314653,46.6552215],[28.426815,46.6540869],[28.426574,46.6543517],[28.4264713,46.6544768],[28.4264407,46.6545942],[28.4263811,46.6546741],[28.4262858,46.6548016],[28.426304,46.6548098],[28.4262826,46.6548329],[28.4262633,46.6548258],[28.4261473,46.6549657],[28.4261745,46.6549753],[28.4260914,46.6550834],[28.4260662,46.6550976],[28.4260185,46.6551354],[28.42602,46.6551433],[28.4259566,46.6552012],[28.4259081,46.6552353],[28.4258445,46.6552997],[28.4257966,46.65528],[28.4257389,46.6553441],[28.4257264,46.6553386],[28.4256087,46.6554463],[28.4254922,46.6555688],[28.425449,46.6555976],[28.4253128,46.6556598],[28.4251509,46.6558449],[28.4249889,46.6559949],[28.424945,46.6560463],[28.42502,46.6560821],[28.4249811,46.65612],[28.4248963,46.6560874],[28.4248198,46.6562164],[28.4246531,46.6564014],[28.4247276,46.656441],[28.4245208,46.656606],[28.424158,46.6569879],[28.4240791,46.6571341],[28.4239804,46.6572318],[28.423971,46.6572616],[28.4239316,46.6573133],[28.4238893,46.6573623],[28.4237346,46.6575528],[28.4236015,46.6577214],[28.4235857,46.6577399],[28.4234813,46.6578624],[28.4235404,46.6578874],[28.4234871,46.6579541],[28.4233762,46.6579203],[28.4232691,46.6580432],[28.4231617,46.6581727],[28.4230456,46.6583004],[28.4229188,46.6584355],[28.4228333,46.6585424],[28.4228134,46.6585522],[28.4226987,46.6586887],[28.4226683,46.6587422],[28.4227466,46.6587842],[28.422666,46.6588743],[28.4227368,46.6589138],[28.422604,46.6589919],[28.4226191,46.6589992],[28.4225181,46.6590507],[28.4223217,46.6592287],[28.4221465,46.6593368],[28.4221354,46.6593512],[28.4220925,46.6593873],[28.4217642,46.6595855],[28.4215272,46.6597239],[28.4214912,46.6597024],[28.421244,46.6598328],[28.4208091,46.6596454],[28.4208188,46.6596338],[28.4206936,46.6595842],[28.4199162,46.6596304],[28.4195504,46.6599771],[28.4195788,46.6600589],[28.4195147,46.6602019],[28.4186219,46.6605113],[28.4183103,46.660707],[28.4180938,46.6607749],[28.4176119,46.6607556],[28.4172444,46.6606401],[28.4169893,46.6605538],[28.4168826,46.6605133],[28.4169108,46.6604782],[28.4168716,46.660461],[28.417126,46.6601859],[28.4186777,46.6585603],[28.4184856,46.6584998],[28.4182494,46.6584301],[28.4181232,46.6583883],[28.4181132,46.6583801],[28.4181102,46.6583493],[28.4182318,46.6581584],[28.4184106,46.6579398],[28.4183899,46.6579337],[28.4185016,46.6578127],[28.4186332,46.65767],[28.4186575,46.6576747],[28.4186981,46.6575316],[28.4188173,46.6574507],[28.4188744,46.6574872],[28.4189058,46.657502],[28.4189278,46.6575062],[28.4189664,46.6574824],[28.4190425,46.6574124],[28.4190654,46.6573907],[28.4190898,46.6573362],[28.4192484,46.6571364],[28.4193779,46.6569221],[28.4194122,46.6568767],[28.4196793,46.656903],[28.4197917,46.6567769],[28.4198446,46.6567154],[28.4198578,46.656716],[28.419974,46.6565668],[28.4201232,46.6564253],[28.4201634,46.6563725],[28.420152,46.656369],[28.4201729,46.65634],[28.4201872,46.6563442],[28.4202064,46.6563147],[28.4202545,46.6562767],[28.4202875,46.6562133],[28.4203205,46.6562185],[28.4203328,46.6561896],[28.4203777,46.6561225],[28.4204013,46.6561299],[28.4204717,46.6560311],[28.4206089,46.6558262],[28.4205619,46.6558173],[28.4205881,46.6557707],[28.4205959,46.6557577],[28.4205622,46.6557484],[28.4205532,46.6557182],[28.4206525,46.6555669],[28.4206983,46.6555241],[28.4208684,46.6552879],[28.4208788,46.6552271],[28.4209137,46.6551447],[28.4209805,46.6550261],[28.4210111,46.6550175],[28.4210375,46.6550189],[28.421158,46.6548474],[28.421207,46.6547903],[28.4212332,46.6547628],[28.4212465,46.6547297],[28.4213779,46.6545654],[28.4215245,46.6544002],[28.4214953,46.6543853],[28.421519,46.6543535],[28.4215028,46.6543479],[28.4215519,46.6542782],[28.4215733,46.654289],[28.4216162,46.6542384],[28.4216386,46.654221],[28.4217876,46.6540615],[28.4217964,46.6540416],[28.4218749,46.6539509],[28.4218884,46.6539551],[28.421906,46.6539345],[28.4219084,46.6539115],[28.4219989,46.6537881],[28.4220088,46.6537541],[28.4220452,46.6536847],[28.4221503,46.653582],[28.4222573,46.6534431],[28.4223203,46.6533765],[28.4224255,46.6532392],[28.4223727,46.6532141],[28.4223554,46.6531941],[28.4223705,46.6531722],[28.4223903,46.6531547],[28.4224321,46.6531368],[28.4225117,46.653043],[28.4226491,46.6529074],[28.422664,46.6528803],[28.4226358,46.6528577],[28.4226713,46.6528179],[28.4227071,46.6528066],[28.4228115,46.652813],[28.4228263,46.6528049],[28.4228495,46.6527881],[28.4229871,46.6526644],[28.4230175,46.6526733],[28.4232293,46.6524076],[28.4232386,46.6523965],[28.4232022,46.6523804],[28.423215,46.6523646],[28.4232301,46.6523694],[28.4232455,46.6523535],[28.4232709,46.6523601],[28.4232855,46.6523449],[28.4232731,46.6523413],[28.4232574,46.6523253],[28.4232767,46.6522995],[28.423304,46.6522733],[28.4233095,46.6522518],[28.4233666,46.6521883],[28.4234145,46.6521766],[28.4234714,46.6521028],[28.4235101,46.6520594],[28.4237585,46.6518201],[28.423942,46.6516394],[28.424121,46.6513164],[28.4239674,46.651249],[28.4240471,46.6511493],[28.424083,46.6510872],[28.4242019,46.6509477],[28.4243465,46.6508763],[28.4244538,46.6507258],[28.424455,46.6507025],[28.4245592,46.6505431],[28.4246145,46.6504569],[28.424636,46.6504467],[28.4247149,46.6503564],[28.4248617,46.6504044],[28.4249794,46.6502527],[28.4249652,46.650245],[28.4249717,46.6502383],[28.4249114,46.6502139],[28.4249636,46.6501604],[28.4249611,46.6501589],[28.4249862,46.6501282],[28.4250473,46.6500652],[28.4251066,46.6500829],[28.4250937,46.6500722],[28.425175,46.6499723],[28.4252814,46.6498264],[28.4254294,46.6496435],[28.4254852,46.6495575],[28.4255139,46.6495056],[28.4255056,46.6495035],[28.4255377,46.6494519],[28.4255921,46.6493402],[28.425674,46.6492734],[28.4256408,46.64926],[28.4256613,46.6492254],[28.4257002,46.6491303],[28.4257407,46.6490769],[28.4257208,46.649069],[28.4258208,46.648933],[28.4258579,46.6489177],[28.4259014,46.6488588],[28.4259524,46.6488001],[28.4258811,46.6487726],[28.4258687,46.6487381],[28.425881,46.648717],[28.4259188,46.6486886],[28.4260169,46.6487237],[28.4260606,46.6486803],[28.4261007,46.6486872],[28.4261343,46.6486169],[28.426138,46.6485739],[28.4261739,46.6485311],[28.4262177,46.6485164],[28.4262553,46.6484996],[28.4263801,46.6483866],[28.4264166,46.6483417],[28.4265901,46.6481488],[28.4266414,46.648163],[28.4266465,46.6481425],[28.4267606,46.6480493],[28.4267478,46.6480347],[28.426785,46.6480058],[28.4268081,46.6479959],[28.4269628,46.6478424],[28.4270856,46.6476922],[28.427126,46.6476644],[28.4271537,46.6476591],[28.4272683,46.6474946],[28.4272876,46.647462],[28.4274656,46.6472216],[28.427491,46.6472022],[28.4274667,46.64719],[28.4275418,46.6471001],[28.4276078,46.6470175],[28.427665,46.6469754],[28.4275794,46.6469552],[28.4274713,46.6469112],[28.4275598,46.6468081],[28.427536,46.6467985],[28.4275506,46.6467814],[28.4275745,46.646791],[28.4275959,46.6467661],[28.4277044,46.6468097],[28.4278045,46.6468065],[28.4278591,46.6467136],[28.4279536,46.6466134],[28.4282,46.6462279],[28.4282398,46.6461084],[28.4282891,46.646019],[28.4282129,46.6459983],[28.4282363,46.6459559],[28.4283388,46.6459758],[28.4284402,46.645823],[28.4284982,46.645691],[28.4285322,46.6456136],[28.4284643,46.6455957],[28.4284844,46.6455551],[28.4285081,46.6455614],[28.4285471,46.6454933],[28.4285683,46.6454982],[28.4286145,46.6454311],[28.4285615,46.6453878],[28.4286613,46.6452256],[28.4287168,46.6450121],[28.4288235,46.6448501],[28.4288489,46.6448439],[28.4288554,46.6448006],[28.4288994,46.6447389],[28.4289832,46.6446992],[28.4290252,46.6447117],[28.4292142,46.6445283],[28.4292433,46.6445399],[28.4293293,46.6445634],[28.4295091,46.6443792],[28.4295529,46.6443655],[28.4296021,46.6443302],[28.4296613,46.6443081],[28.4296325,46.6442911],[28.4297989,46.6441808],[28.4299869,46.6440495],[28.4300461,46.6440673],[28.4302248,46.6439642],[28.4307582,46.6437992],[28.4311208,46.6439136],[28.431168,46.6439247],[28.431164,46.6439337],[28.4312649,46.6439637],[28.4315374,46.6437778],[28.4317688,46.6434477],[28.4321399,46.6428728],[28.4324538,46.6423975],[28.4327092,46.6420591],[28.4334203,46.6411454],[28.4335404,46.640991],[28.4338524,46.6405621],[28.4343879,46.6399874],[28.4346396,46.6397509],[28.4359741,46.6386676],[28.4365578,46.6382536],[28.436825,46.6380848],[28.4369049,46.637983],[28.4369464,46.6379208],[28.4368134,46.6378396],[28.4371071,46.637323],[28.4373576,46.6373863],[28.4377664,46.6369763],[28.4376283,46.6368166],[28.4377716,46.6366543],[28.4378598,46.6366774],[28.4378649,46.6366577],[28.4378813,46.6366334],[28.4380214,46.6364455],[28.4381063,46.6364714],[28.4381447,46.6364266],[28.43822,46.6364416],[28.4384867,46.6361147],[28.4384995,46.6361052],[28.4385414,46.6360358],[28.438729,46.6357553],[28.4388704,46.6357722],[28.4388752,46.6357636],[28.4388919,46.635734],[28.4388926,46.6356878],[28.439027,46.6355091],[28.4394349,46.6352742],[28.4394519,46.635246],[28.4394676,46.6352053],[28.4397237,46.6347468],[28.439885,46.6345191],[28.4400833,46.6342565]]],[[[28.4264494,46.6459729],[28.4270656,46.6462586],[28.4272209,46.6464023],[28.4264651,46.647079],[28.4262503,46.6471817],[28.4261553,46.6471952],[28.4254331,46.6468616],[28.4258432,46.6464852],[28.4257802,46.6464514],[28.4258468,46.6463922],[28.4259099,46.6464259],[28.4264494,46.6459729]]]]}},{"type":"Feature","properties":{"entity_id":"osm-r18967500","jurisdiction":"MD","display_name":"Meșeni","display_type":"component_locality","admin_level":9,"tier":"detail","legal_registry":"CUATM","legal_id":"5710","legal_type":null,"parent_catalog_id":"osm-r19113650","osm_relation_id":18967500,"legal_identity_status":"reconciled","geometry_source":"OpenStreetMap","geometry_precision":"master_coordinate_fidelity"},"geometry":{"type":"MultiPolygon","coordinates":[[[[28.4611876,46.4157613],[28.4617421,46.415671],[28.4622571,46.4156408],[28.4627187,46.4156368],[28.4630371,46.4156592],[28.4632306,46.4157217],[28.4634565,46.4158139],[28.4637068,46.4159645],[28.46387,46.4160173],[28.4641096,46.4162103],[28.4644913,46.4166236],[28.4647782,46.417026],[28.4648097,46.4171079],[28.4649414,46.4172827],[28.4650993,46.4174502],[28.4656047,46.4179054],[28.4657811,46.4180893],[28.4660206,46.4183333],[28.4661867,46.4185355],[28.466121,46.4185646],[28.4660612,46.4186139],[28.4665173,46.4189204],[28.4667476,46.4191107],[28.4672943,46.4195356],[28.4673151,46.41964],[28.4671277,46.4197372],[28.4669218,46.4198137],[28.4665654,46.419946],[28.4662021,46.4201071],[28.4658677,46.4202701],[28.4656809,46.4203797],[28.4652702,46.42062],[28.4647989,46.420884],[28.4647298,46.4208974],[28.464632,46.4208437],[28.464419,46.4205893],[28.4642519,46.4204431],[28.4642415,46.4204489],[28.4640684,46.4203124],[28.4638946,46.420169],[28.4637295,46.4200328],[28.4636095,46.4200954],[28.4634519,46.4199472],[28.4632785,46.4198248],[28.4627109,46.4191832],[28.4624878,46.4189374],[28.4621242,46.4185316],[28.4616573,46.4177599],[28.461426,46.417234],[28.4618145,46.4166795],[28.4623384,46.416316],[28.4622774,46.4162566],[28.4619514,46.4161966],[28.4614703,46.4160647],[28.4611704,46.4159588],[28.4608769,46.4158551],[28.4611876,46.4157613]]],[[[28.4683558,46.4137179],[28.4685296,46.4142613],[28.4685496,46.4144217],[28.4685362,46.4148103],[28.4685401,46.4149957],[28.4675806,46.4150779],[28.4675753,46.4150415],[28.4673989,46.4150615],[28.467162,46.4150743],[28.4671093,46.4153965],[28.4658931,46.4155677],[28.4656667,46.4155931],[28.4656194,46.415371],[28.4655457,46.4151562],[28.4654667,46.4150032],[28.4654351,46.4147156],[28.4654509,46.4145444],[28.4655563,46.414417],[28.4657247,46.4141948],[28.465809,46.4141876],[28.4659418,46.4141142],[28.4662546,46.4140083],[28.4662815,46.4139357],[28.4671635,46.41378],[28.4672232,46.4137937],[28.4673266,46.4137723],[28.4675586,46.4137595],[28.4683558,46.4137179]]]]}},{"type":"Feature","properties":{"entity_id":"osm-r18967525","jurisdiction":"MD","display_name":"Covurlui","display_type":"independent_village","admin_level":9,"tier":"detail","legal_registry":"CUATM","legal_id":"5724","legal_type":"independent_village","parent_catalog_id":"osm-r19113645","osm_relation_id":18967525,"legal_identity_status":"reconciled","geometry_source":"OpenStreetMap","geometry_precision":"master_coordinate_fidelity"},"geometry":{"type":"Polygon","coordinates":[[[28.4081826,46.5872578],[28.4081455,46.5877267],[28.408059,46.5878391],[28.4079492,46.5880175],[28.4071577,46.5883087],[28.4070089,46.5884439],[28.4070011,46.5886373],[28.4070157,46.588978],[28.4069278,46.5891687],[28.4065529,46.5893156],[28.4063834,46.5893243],[28.4062046,46.5897187],[28.4060276,46.5899987],[28.4059015,46.5904497],[28.4056465,46.5905689],[28.4054492,46.5906765],[28.4052362,46.5908021],[28.4049873,46.5912553],[28.4049172,46.591315],[28.4049107,46.5914923],[28.4050211,46.5915159],[28.4052053,46.5915938],[28.4053177,46.5916626],[28.4063644,46.5926292],[28.4065822,46.5927793],[28.4071336,46.5928704],[28.4076663,46.592907],[28.4082084,46.5929543],[28.408561,46.5929589],[28.4074031,46.5944998],[28.4078665,46.5946655],[28.4079523,46.594691],[28.4060609,46.5972174],[28.4050973,46.5984768],[28.4049271,46.5985862],[28.4047964,46.5986477],[28.4044351,46.5985134],[28.4033667,46.5981281],[28.40334,46.5981373],[28.4026779,46.597879],[28.4025704,46.5980506],[28.4025468,46.5980663],[28.4025243,46.5980554],[28.4024552,46.5982181],[28.4024548,46.5984031],[28.4024804,46.5988824],[28.4017979,46.5990674],[28.4017897,46.5990678],[28.4012792,46.5992503],[28.4012727,46.5992561],[28.4004043,46.6011828],[28.3987164,46.6051217],[28.398508,46.6055],[28.3983816,46.6063453],[28.3982934,46.6065575],[28.3982123,46.606728],[28.3980906,46.6068847],[28.3980078,46.6070725],[28.3979482,46.6071899],[28.3978902,46.6073286],[28.3978091,46.607481],[28.3975746,46.6077529],[28.3975454,46.6078337],[28.3974028,46.607996],[28.3973044,46.6081347],[28.3971523,46.6083813],[28.3970538,46.6085509],[28.396942,46.6086988],[28.3966825,46.6089701],[28.3964947,46.6091797],[28.3963962,46.6093277],[28.3963202,46.6094849],[28.396101,46.6099134],[28.3956804,46.6106193],[28.3954478,46.6109291],[28.3946111,46.6122431],[28.3936029,46.6141252],[28.3907671,46.6134276],[28.3907192,46.6133772],[28.3907834,46.6132506],[28.3908857,46.6130945],[28.3909703,46.612961],[28.3909915,46.6129276],[28.3910917,46.6127694],[28.3911368,46.6126861],[28.3911843,46.6125981],[28.3912062,46.6125576],[28.3913534,46.6122892],[28.3914384,46.6121347],[28.3915732,46.6118918],[28.3916169,46.6118132],[28.3916567,46.6117413],[28.3917007,46.6116621],[28.392076,46.6117573],[28.392187,46.6115924],[28.3920795,46.6115678],[28.3921098,46.6115083],[28.3921829,46.6113644],[28.3922225,46.6112866],[28.3922594,46.611214],[28.3923662,46.6109943],[28.3924711,46.6107646],[28.3925201,46.6106574],[28.3926359,46.610403],[28.392688,46.6102886],[28.3924058,46.6102346],[28.3924239,46.6101912],[28.3925431,46.6099062],[28.3925747,46.6098307],[28.3926086,46.6096827],[28.392637,46.6095584],[28.3926468,46.6095156],[28.392575,46.6092227],[28.3925783,46.608754],[28.3927451,46.6082834],[28.3929564,46.6078342],[28.3931505,46.6075119],[28.3926501,46.6073732],[28.3927724,46.6071686],[28.392901,46.6069541],[28.3928064,46.6069269],[28.3929162,46.6067433],[28.3930389,46.6065273],[28.3931796,46.6062921],[28.3932974,46.6060845],[28.3933911,46.6059177],[28.3934967,46.6057097],[28.3928426,46.6055962],[28.3927344,46.6057871],[28.3924416,46.6062995],[28.3923089,46.6066108],[28.3922071,46.6065385],[28.3912632,46.6059614],[28.3899583,46.6054805],[28.3890145,46.6050279],[28.38818,46.6048256],[28.389365,46.6040261],[28.3894883,46.603945],[28.3897448,46.6037765],[28.3901822,46.6034891],[28.3904579,46.6032487],[28.3906602,46.6030192],[28.3908287,46.6028349],[28.3909844,46.6026709],[28.391164,46.6025004],[28.3913365,46.6023058],[28.3915457,46.6020988],[28.3921317,46.6011416],[28.3922374,46.6009872],[28.3923761,46.6006574],[28.39264,46.6001734],[28.3930247,46.5994675],[28.3920453,46.599267],[28.3909854,46.5990419],[28.3907063,46.5989639],[28.3911989,46.5976798],[28.3911907,46.5975271],[28.3911547,46.5972354],[28.3912121,46.5969918],[28.3912835,46.5968076],[28.3913934,46.5966246],[28.3915434,46.5963115],[28.3916483,46.5960564],[28.3917237,46.5958995],[28.3918399,46.5956638],[28.3919413,46.5954725],[28.3920312,46.5953033],[28.3921281,46.5951504],[28.3922113,46.5950019],[28.3922679,46.5948543],[28.3923166,46.5947014],[28.3924059,46.5944376],[28.3924767,46.5942696],[28.3924497,46.5938238],[28.3923592,46.5935496],[28.3923245,46.5931368],[28.3926484,46.5931405],[28.3930029,46.5931305],[28.3933221,46.593051],[28.3934961,46.5926729],[28.3937426,46.5925398],[28.3938667,46.5924191],[28.3939105,46.59239],[28.3939194,46.5923423],[28.3939754,46.5922581],[28.3941703,46.5919204],[28.3942158,46.5918302],[28.394356,46.5916131],[28.3944678,46.591542],[28.3946244,46.5914731],[28.3949006,46.5913525],[28.3949001,46.5913312],[28.3949124,46.5913143],[28.3950654,46.591241],[28.3945558,46.5907307],[28.3951218,46.5906147],[28.395621,46.5905077],[28.3956099,46.590466],[28.3961113,46.5903469],[28.3963074,46.5903072],[28.3965216,46.5902633],[28.3966904,46.5902241],[28.397058,46.5901928],[28.3974159,46.5901107],[28.3976036,46.5900714],[28.3980583,46.5899519],[28.3983583,46.5898683],[28.3993748,46.5895563],[28.3998999,46.589442],[28.400001,46.5894116],[28.3999551,46.5889849],[28.3999092,46.5889472],[28.3996212,46.588586],[28.3995228,46.5884635],[28.3994343,46.5882524],[28.3994271,46.5882047],[28.3994111,46.5882045],[28.3992571,46.5882234],[28.3989254,46.5882429],[28.3986588,46.5882518],[28.3985171,46.588245],[28.3984662,46.5882317],[28.3984392,46.588237],[28.3980394,46.5882428],[28.3980043,46.5882366],[28.3979612,46.5881971],[28.3979268,46.5881359],[28.3977587,46.5880399],[28.3974904,46.5880731],[28.3974088,46.5880776],[28.3968973,46.5880668],[28.396216,46.588077],[28.3959298,46.5881048],[28.3958971,46.5880122],[28.3962384,46.5873541],[28.3963897,46.5871127],[28.3966234,46.5868309],[28.3979236,46.5853704],[28.3984169,46.5847215],[28.3985194,46.5849519],[28.3985873,46.5852401],[28.3986856,46.5857626],[28.3987101,46.5858212],[28.3988814,46.5862284],[28.3991459,46.5863541],[28.399613,46.5863609],[28.3996885,46.5862937],[28.3997819,46.5862105],[28.400203,46.5862667],[28.4003838,46.5862768],[28.4004948,46.5862961],[28.4006545,46.5863354],[28.400719,46.5863585],[28.4008378,46.5864368],[28.4011385,46.5861092],[28.4014627,46.5856727],[28.4015448,46.5855465],[28.401758,46.5851427],[28.4020085,46.5847791],[28.4019886,46.5847689],[28.402046,46.5846903],[28.4020946,46.5846515],[28.4024659,46.5844434],[28.4025503,46.5843075],[28.4028078,46.584305],[28.4029841,46.5843154],[28.4030183,46.584278],[28.4031132,46.5841367],[28.4031502,46.5840494],[28.4031745,46.583978],[28.4028494,46.5837066],[28.4028241,46.5836593],[28.4028372,46.5833225],[28.4028392,46.5832102],[28.4028807,46.5830035],[28.4029404,46.5826412],[28.4030588,46.5824757],[28.4032121,46.5822829],[28.4032727,46.5821688],[28.4033949,46.5814857],[28.4035314,46.5813517],[28.4036521,46.5812432],[28.4037763,46.5810948],[28.4038788,46.5809594],[28.40497,46.5809483],[28.4054342,46.5809674],[28.4054539,46.5809278],[28.4055544,46.5807419],[28.4055913,46.5806145],[28.4058751,46.579824],[28.405993,46.5796177],[28.4060259,46.5795591],[28.4061426,46.5794097],[28.4063539,46.5791502],[28.4064777,46.5791989],[28.4065593,46.5792129],[28.4066182,46.5792471],[28.4067509,46.5791971],[28.4068549,46.5792019],[28.4069384,46.5792162],[28.407436,46.5794669],[28.4074553,46.5794667],[28.4077964,46.5796358],[28.4077587,46.579699],[28.4077438,46.5797197],[28.407738,46.5797289],[28.4076067,46.579939],[28.4075564,46.5800265],[28.4075087,46.5801431],[28.4076038,46.5801801],[28.4082389,46.5803991],[28.4091516,46.5806096],[28.4091768,46.5805354],[28.4092575,46.5804341],[28.409358,46.5804737],[28.4094727,46.5803034],[28.4095638,46.5800939],[28.4096151,46.5799058],[28.4096794,46.5797356],[28.4100908,46.5799019],[28.4104357,46.5800476],[28.4115615,46.5790725],[28.4118208,46.5787946],[28.412108,46.5784783],[28.4127041,46.5787353],[28.413007,46.5788284],[28.4134011,46.5788942],[28.4137533,46.5790663],[28.4133064,46.5795514],[28.4129694,46.5799429],[28.4124779,46.5804874],[28.4121232,46.5808556],[28.4121343,46.5811549],[28.412639,46.5813849],[28.412534,46.5814981],[28.412438,46.581566],[28.4121173,46.5824993],[28.4120679,46.5827619],[28.4119823,46.582905],[28.4118849,46.5830676],[28.41178,46.583258],[28.4116712,46.5834184],[28.4115915,46.5835314],[28.4114952,46.5836867],[28.4113999,46.5838139],[28.4112299,46.5840147],[28.4107419,46.5840243],[28.4104046,46.5840134],[28.4102554,46.5840905],[28.4101745,46.5842324],[28.4101438,46.5842585],[28.4099022,46.5844637],[28.40974,46.5846498],[28.4096456,46.584799],[28.4095867,46.5848871],[28.4094688,46.5850775],[28.4092934,46.5853289],[28.409147,46.5859175],[28.408942,46.5860897],[28.408851,46.5861672],[28.4087383,46.5862433],[28.4085032,46.5867609],[28.4082811,46.5871363],[28.4081826,46.5872578]]]}},{"type":"Feature","properties":{"entity_id":"osm-r18967528","jurisdiction":"MD","display_name":"Tomai","display_type":"independent_village","admin_level":9,"tier":"detail","legal_registry":"CUATM","legal_id":"5741","legal_type":"independent_village","parent_catalog_id":"osm-r19113651","osm_relation_id":18967528,"legal_identity_status":"reconciled","geometry_source":"OpenStreetMap","geometry_precision":"master_coordinate_fidelity"},"geometry":{"type":"Polygon","coordinates":[[[28.3151027,46.5576831],[28.3152697,46.5576993],[28.3161064,46.5584778],[28.3159572,46.5586254],[28.3157846,46.5587961],[28.3157436,46.558779],[28.3156013,46.5589689],[28.3157621,46.5592227],[28.3158243,46.5591571],[28.3160514,46.5590455],[28.3168637,46.5585406],[28.3168771,46.558612],[28.3169698,46.5586776],[28.3167308,46.5588389],[28.316643,46.5590652],[28.3165293,46.559168],[28.3164011,46.5593034],[28.3163559,46.5593754],[28.3162958,46.559466],[28.31627,46.5594928],[28.3174551,46.5589724],[28.3174263,46.5591912],[28.3175168,46.5591924],[28.3180211,46.5590484],[28.3181242,46.5590872],[28.3181391,46.559124],[28.3184129,46.5592742],[28.3184854,46.5592747],[28.3186131,46.5593701],[28.3187298,46.5593797],[28.3189385,46.5597502],[28.319143,46.5601437],[28.3193043,46.5604305],[28.3193862,46.5605779],[28.3196077,46.5608643],[28.3197751,46.5610938],[28.319843,46.5613389],[28.3199046,46.561561],[28.3199865,46.5618564],[28.320005,46.5619056],[28.320026,46.5619013],[28.3200364,46.561921],[28.3200946,46.5620429],[28.3203486,46.5623986],[28.3203985,46.562499],[28.3204558,46.5626413],[28.320442,46.5627523],[28.3205132,46.562757],[28.320548,46.5627709],[28.3205891,46.5628538],[28.3205902,46.5628721],[28.3206598,46.5629511],[28.3206896,46.5629403],[28.3208889,46.5632134],[28.3210687,46.5634942],[28.3212483,46.563777],[28.3212566,46.5637894],[28.3213059,46.5638233],[28.3213523,46.5639085],[28.3214199,46.5640134],[28.3214612,46.5640513],[28.3215071,46.5641242],[28.321527,46.5641424],[28.3215727,46.5642371],[28.321594,46.5642944],[28.3215509,46.5643032],[28.3215456,46.5643188],[28.3215123,46.5643408],[28.3215472,46.5644205],[28.3216247,46.5646037],[28.3217091,46.5648771],[28.3219045,46.5648662],[28.3219687,46.5650397],[28.3220408,46.5652131],[28.322119,46.5653966],[28.3221089,46.5654026],[28.3221634,46.5654401],[28.3222949,46.565569],[28.3226175,46.5657808],[28.3225774,46.5658031],[28.3229552,46.5660069],[28.3232907,46.5662043],[28.3233205,46.5661829],[28.3234884,46.5662666],[28.323586,46.5663464],[28.3236157,46.5663585],[28.323829,46.5665027],[28.3239447,46.5665747],[28.3239783,46.5666011],[28.3241615,46.5667783],[28.3241786,46.5667945],[28.3243422,46.566912],[28.324333,46.5669202],[28.3244574,46.5669968],[28.3246478,46.5671077],[28.3251557,46.5674227],[28.3251731,46.5674183],[28.3252875,46.5675326],[28.3253643,46.5676344],[28.3254175,46.5676179],[28.3257205,46.56793],[28.3258049,46.5679987],[28.3258182,46.568019],[28.3258033,46.5680376],[28.325709,46.5680925],[28.3257297,46.5681039],[28.3258791,46.5681534],[28.3258712,46.5681941],[28.3259382,46.5682336],[28.3263226,46.5684112],[28.3263397,46.5684306],[28.3264508,46.5685382],[28.3264817,46.5685607],[28.3269725,46.5682079],[28.3273312,46.5684013],[28.3271881,46.56854],[28.3272471,46.5685741],[28.3273392,46.568574],[28.3273781,46.5685834],[28.3274367,46.5686167],[28.3276271,46.5687615],[28.3276597,46.5687804],[28.3280238,46.5690472],[28.3280483,46.5690838],[28.3282883,46.5692808],[28.3283593,46.5693863],[28.3283791,46.5694125],[28.3285064,46.5693565],[28.3286727,46.5694759],[28.3289043,46.5696818],[28.3291469,46.5699365],[28.3290209,46.5699856],[28.3289902,46.5699913],[28.3286126,46.5699445],[28.3283582,46.5699375],[28.3282037,46.5700097],[28.328593,46.5706197],[28.3287372,46.5708368],[28.3287602,46.5708794],[28.3287778,46.5711464],[28.3287661,46.5712285],[28.3286673,46.5713672],[28.3286547,46.5713738],[28.3288414,46.571552],[28.3290024,46.5716104],[28.3291979,46.5716906],[28.3292505,46.5717294],[28.3293188,46.5718482],[28.3293562,46.5719455],[28.3295516,46.5719461],[28.3296542,46.5719042],[28.3297258,46.5718908],[28.3298313,46.5718924],[28.3299353,46.5719037],[28.3300308,46.5718282],[28.3300907,46.5718007],[28.3302676,46.5717694],[28.3303788,46.5717568],[28.3306064,46.5718003],[28.3307653,46.5717935],[28.3309458,46.571797],[28.3310529,46.5718239],[28.3311867,46.5718213],[28.3313064,46.5718965],[28.3314536,46.572015],[28.3315674,46.5720913],[28.3316323,46.5721672],[28.3316746,46.5722859],[28.3317022,46.5723022],[28.3317684,46.5723362],[28.3318511,46.5723788],[28.3319217,46.572371],[28.3320445,46.572397],[28.3321813,46.5724635],[28.3322228,46.5724067],[28.3322652,46.5723397],[28.3329033,46.5724868],[28.3326355,46.5726757],[28.332589,46.5727026],[28.3325518,46.5727163],[28.3324717,46.5727222],[28.3323849,46.5727384],[28.3320617,46.5727868],[28.3320649,46.5728216],[28.3321313,46.5728476],[28.3321196,46.5730392],[28.3321276,46.5731191],[28.33213,46.5732943],[28.332121,46.5733144],[28.3320497,46.5733556],[28.3320225,46.5733991],[28.331959,46.5734259],[28.3318568,46.5734254],[28.3318149,46.5734227],[28.3318078,46.5736855],[28.3317998,46.5737411],[28.3317336,46.5737516],[28.3317356,46.5738588],[28.3317146,46.5739688],[28.3316735,46.5740701],[28.3315992,46.5741445],[28.3315067,46.5742573],[28.3313672,46.5744483],[28.331328,46.5744772],[28.331308,46.5744858],[28.3312428,46.5744886],[28.3311897,46.5744611],[28.3311163,46.5744432],[28.3311834,46.5746093],[28.331203,46.5746725],[28.3313723,46.5747445],[28.3314133,46.5748513],[28.3314814,46.5748246],[28.3315254,46.5748791],[28.3316997,46.5750195],[28.3318859,46.5751688],[28.3320108,46.5752928],[28.331818,46.5753695],[28.3316067,46.5754425],[28.33126,46.5755349],[28.3314476,46.57587],[28.3314671,46.5759359],[28.3314835,46.5759722],[28.3315122,46.5760733],[28.3315597,46.5761889],[28.3315868,46.5762013],[28.3316183,46.5764227],[28.331652,46.5764907],[28.3317212,46.5766036],[28.3318097,46.5767141],[28.3319535,46.5768675],[28.3321487,46.5770588],[28.3327339,46.5774598],[28.3324749,46.5775936],[28.3324879,46.5777282],[28.3324747,46.5777638],[28.332526,46.5777873],[28.3325519,46.577797],[28.3327526,46.5779545],[28.3327929,46.5780007],[28.3328539,46.5779788],[28.3329546,46.5779425],[28.3335173,46.5777454],[28.3335405,46.5777605],[28.3336787,46.5777186],[28.3336985,46.57774],[28.3337723,46.577769],[28.3338257,46.5777746],[28.3336999,46.5775012],[28.333579,46.5775457],[28.3334454,46.5771671],[28.3342182,46.5769192],[28.3342486,46.576924],[28.3343718,46.5770294],[28.3343956,46.5770543],[28.3349224,46.5770102],[28.3350132,46.5769939],[28.3353016,46.5769315],[28.3353985,46.5769259],[28.3354646,46.576913],[28.3355687,46.576901],[28.3357092,46.5769012],[28.335728,46.5770069],[28.3357305,46.5771924],[28.3364504,46.5771985],[28.336532,46.5771351],[28.3365692,46.5771064],[28.3367032,46.5770562],[28.3376467,46.5768932],[28.3378383,46.5768659],[28.3379451,46.5769068],[28.3380091,46.5770514],[28.3380745,46.5771796],[28.3381341,46.5773705],[28.3380407,46.5775719],[28.3380309,46.5776536],[28.338135,46.5777446],[28.3382716,46.5778754],[28.3383606,46.5779881],[28.3382486,46.578029],[28.3383498,46.5782911],[28.338363,46.5784774],[28.3383918,46.5785402],[28.3389595,46.5783718],[28.3389842,46.578426],[28.3391933,46.5787374],[28.3388349,46.5788316],[28.3382971,46.5789854],[28.3377739,46.5791375],[28.3377966,46.5792023],[28.3378475,46.5793275],[28.3380021,46.5795436],[28.338071,46.5796378],[28.3383165,46.5799315],[28.3384199,46.5800634],[28.3385481,46.5802377],[28.3387105,46.5804563],[28.3389469,46.5807602],[28.3392604,46.5810593],[28.3391082,46.5810903],[28.3380589,46.581264],[28.3377078,46.5813278],[28.3372061,46.5814458],[28.3373721,46.5815937],[28.3374018,46.5816248],[28.3376352,46.5817864],[28.3376982,46.5817603],[28.3379165,46.5815875],[28.3381675,46.5815101],[28.3383681,46.581678],[28.3384677,46.5817804],[28.3385622,46.5818237],[28.3386206,46.5818652],[28.338725,46.5818848],[28.338916,46.5819208],[28.3391119,46.5819578],[28.3390466,46.5821029],[28.3389562,46.5822649],[28.3390175,46.5823341],[28.3390556,46.5823222],[28.3391168,46.582619],[28.338915,46.5827003],[28.3387801,46.5827615],[28.337983,46.583256],[28.3379373,46.5832834],[28.3373631,46.583581],[28.3371913,46.5836605],[28.3371423,46.5836734],[28.3372118,46.5838583],[28.3373618,46.5843219],[28.3376263,46.5851336],[28.3378733,46.5858025],[28.3376619,46.5858307],[28.336097,46.586036],[28.3349597,46.5860334],[28.3347289,46.5860328],[28.3343529,46.5860319],[28.3327836,46.58576],[28.331416,46.5856599],[28.3307793,46.5856168],[28.3304993,46.5855983],[28.3303477,46.5855875],[28.330277,46.5855834],[28.3301805,46.585576],[28.3293881,46.5855218],[28.3261955,46.585654],[28.3232811,46.5859458],[28.3232305,46.5854963],[28.3231175,46.5850135],[28.3231559,46.5849974],[28.3231222,46.5849267],[28.3230039,46.5845077],[28.3229358,46.5845087],[28.3228354,46.5840302],[28.3228271,46.5839514],[28.3227594,46.583391],[28.3227493,46.5833308],[28.3224751,46.5833372],[28.3222964,46.5833436],[28.3220778,46.5834073],[28.3216498,46.5835304],[28.3210094,46.5836833],[28.3206119,46.5837836],[28.3157901,46.5813539],[28.3153557,46.5813666],[28.3153363,46.5810142],[28.3153386,46.5806189],[28.315318,46.5800381],[28.3152075,46.5787797],[28.3152043,46.5787437],[28.3148243,46.5784784],[28.3145993,46.5783214],[28.3145083,46.5782748],[28.3142154,46.5781233],[28.3136715,46.5778419],[28.3134169,46.5777104],[28.3129356,46.5774616],[28.312706,46.577343],[28.3122624,46.5771138],[28.3120493,46.5770014],[28.3118373,46.5768941],[28.3116261,46.576785],[28.3114054,46.5766709],[28.3111573,46.5765427],[28.3109184,46.5764193],[28.3106898,46.5763011],[28.3104686,46.5761867],[28.3104064,46.5761546],[28.3102539,46.5760766],[28.310154,46.5759436],[28.3100426,46.5757525],[28.3100053,46.5755954],[28.3100109,46.5753533],[28.3100291,46.5752387],[28.3100473,46.575124],[28.3101082,46.5748225],[28.3101502,46.5743554],[28.3102285,46.5736251],[28.3102528,46.5734934],[28.3103013,46.5731792],[28.3103374,46.5728098],[28.3103673,46.5724361],[28.3103602,46.5720454],[28.3103342,46.5714977],[28.3105901,46.5714987],[28.3109847,46.5715379],[28.3117103,46.571523],[28.3128388,46.571485],[28.3129306,46.5714535],[28.3131592,46.5709408],[28.3131646,46.5709058],[28.3132143,46.5705857],[28.3132213,46.5703791],[28.3132389,46.5698623],[28.3132526,46.569457],[28.3132497,46.5693504],[28.313238,46.5689184],[28.313201,46.5688961],[28.3135116,46.5688895],[28.3135299,46.5687253],[28.3135048,46.5683176],[28.3134252,46.5677631],[28.3134492,46.5673104],[28.3134047,46.5669458],[28.3133379,46.5663933],[28.313209,46.5661543],[28.3133325,46.5661458],[28.3133242,46.5660987],[28.313319,46.5660348],[28.3133135,46.5659684],[28.3132766,46.5655191],[28.3132665,46.5651878],[28.3132061,46.5644426],[28.3131646,46.5638545],[28.3131456,46.5636209],[28.3131358,46.563566],[28.3130821,46.5635661],[28.3128678,46.5635601],[28.3127313,46.5635826],[28.312573,46.5633825],[28.3124735,46.562223],[28.3124926,46.562187],[28.3125598,46.5621149],[28.3126016,46.5620415],[28.312574,46.5617785],[28.3125134,46.561085],[28.3124988,46.5608019],[28.3125046,46.5607852],[28.3125871,46.560653],[28.312944,46.5602492],[28.3131928,46.560294],[28.3133721,46.5606663],[28.3134305,46.5607489],[28.3139789,46.5612618],[28.3141516,46.5613879],[28.314285,46.5614753],[28.3143886,46.56157],[28.3144173,46.561593],[28.3147341,46.5619297],[28.3147457,46.5620677],[28.3149287,46.5622816],[28.3153199,46.5622375],[28.3153435,46.5622463],[28.3156863,46.562304],[28.3157675,46.5622824],[28.3160805,46.5622681],[28.316316,46.5622738],[28.3164047,46.5622958],[28.3165103,46.5621945],[28.3165191,46.5621833],[28.316511,46.5621348],[28.3163936,46.5619271],[28.3161952,46.5615761],[28.3160956,46.5613997],[28.3160086,46.5612457],[28.3159846,46.5612033],[28.3159429,46.5611293],[28.3158894,46.5610346],[28.3158361,46.5609402],[28.3157773,46.5608361],[28.315748,46.5607843],[28.3156251,46.5605665],[28.3155645,46.5604593],[28.3153873,46.5601457],[28.3153024,46.5595899],[28.3148064,46.5591663],[28.3145949,46.5589736],[28.3145438,46.5589269],[28.3143226,46.5587249],[28.314196,46.5586092],[28.3141485,46.5585658],[28.3141805,46.55851],[28.3141608,46.5584731],[28.3140824,46.5583272],[28.3139839,46.5581442],[28.3140761,46.5581155],[28.3146793,46.5579238],[28.3149611,46.5577636],[28.3151027,46.5576831]]]}},{"type":"Feature","properties":{"entity_id":"osm-r18967555","jurisdiction":"MD","display_name":"Bulgărica","display_type":"component_locality","admin_level":9,"tier":"detail","legal_registry":"CUATM","legal_id":"5747","legal_type":null,"parent_catalog_id":"osm-r19113661","osm_relation_id":18967555,"legal_identity_status":"reconciled","geometry_source":"OpenStreetMap","geometry_precision":"master_coordinate_fidelity"},"geometry":{"type":"Polygon","coordinates":[[[28.3985841,46.4820341],[28.3998301,46.4819661],[28.4014529,46.4822224],[28.4014168,46.484593],[28.4015336,46.4851271],[28.4017822,46.4855752],[28.4018378,46.4868969],[28.4032507,46.4873425],[28.404173,46.4877959],[28.4045343,46.4881558],[28.4050327,46.4886951],[28.4053204,46.4884839],[28.409407,46.4924088],[28.4084324,46.4933332],[28.4082898,46.4939805],[28.4072402,46.4945746],[28.4065971,46.4944084],[28.4064107,46.4943733],[28.4057458,46.4941549],[28.405445,46.4939996],[28.4052196,46.4937926],[28.4051348,46.4937031],[28.4050978,46.4935191],[28.4050972,46.4929671],[28.4050122,46.4928098],[28.4048761,46.4926306],[28.4045998,46.4922155],[28.4045107,46.4919816],[28.4043003,46.4917109],[28.4034433,46.491],[28.4013168,46.4890816],[28.3996313,46.4879328],[28.3989248,46.4867725],[28.3985841,46.4820341]]]}},{"type":"Feature","properties":{"entity_id":"osm-r18967567","jurisdiction":"MD","display_name":"Romanovca","display_type":"independent_village","admin_level":9,"tier":"detail","legal_registry":"CUATM","legal_id":"5727","legal_type":"independent_village","parent_catalog_id":"osm-r19113659","osm_relation_id":18967567,"legal_identity_status":"reconciled","geometry_source":"OpenStreetMap","geometry_precision":"master_coordinate_fidelity"},"geometry":{"type":"Polygon","coordinates":[[[28.3451746,46.4560686],[28.3454007,46.4562263],[28.3453477,46.4562689],[28.3457136,46.4564596],[28.3460458,46.4566454],[28.3461603,46.4564956],[28.3461994,46.4564852],[28.3464663,46.4565718],[28.3465271,46.4565886],[28.3465795,46.4565522],[28.3467517,46.4564368],[28.3468316,46.4561965],[28.3468983,46.456204],[28.3473376,46.4561757],[28.3476484,46.4562071],[28.3478483,46.4562783],[28.3479263,46.4563371],[28.3481369,46.4563843],[28.3481727,46.4563771],[28.3482522,46.4563962],[28.348322,46.4563919],[28.3488329,46.4562522],[28.3492046,46.4561441],[28.3494179,46.4561007],[28.3496536,46.4561041],[28.3500473,46.456165],[28.3504401,46.4562216],[28.3505897,46.4562429],[28.3507722,46.456229],[28.3512283,46.4561135],[28.3515054,46.4561741],[28.3517492,46.4562601],[28.3520322,46.4563366],[28.35237,46.4564107],[28.3526359,46.4564884],[28.3527225,46.4564937],[28.3528266,46.4564952],[28.3530695,46.4565543],[28.3533802,46.4565924],[28.3536111,46.4566452],[28.3539106,46.4567859],[28.354211,46.4569059],[28.35451,46.4570383],[28.3548897,46.457229],[28.3551279,46.4573134],[28.3554957,46.4574604],[28.3557896,46.4576017],[28.3560409,46.4577146],[28.3563632,46.4578328],[28.3565854,46.4579222],[28.3568911,46.4580336],[28.357155,46.4581475],[28.3574948,46.4582895],[28.3578938,46.458473],[28.3581264,46.4586541],[28.3582136,46.458846],[28.3582243,46.4589242],[28.3581929,46.4589441],[28.3575722,46.4592157],[28.3574757,46.4592388],[28.3573851,46.4592363],[28.3573308,46.4592176],[28.3572947,46.4592479],[28.3572628,46.4592915],[28.3571797,46.4593876],[28.3571523,46.4594723],[28.3572298,46.4595407],[28.3572858,46.4596032],[28.357343,46.4596476],[28.3576494,46.4597756],[28.3579334,46.4598986],[28.358197,46.4600272],[28.3584648,46.4602028],[28.3584386,46.4602407],[28.3583712,46.4603042],[28.3584291,46.4603352],[28.3584435,46.4603783],[28.3583575,46.4605134],[28.3583191,46.4605846],[28.3583517,46.4606251],[28.3582865,46.4607114],[28.3583058,46.4607714],[28.3587819,46.4609947],[28.3587005,46.4610829],[28.3592126,46.4612376],[28.3592585,46.4612794],[28.359273,46.4613288],[28.3591471,46.4615315],[28.3589107,46.4618722],[28.358901,46.4619017],[28.3597896,46.4623164],[28.3596769,46.4624832],[28.3595451,46.4627397],[28.3594519,46.4629232],[28.3593965,46.4630328],[28.3593252,46.4631737],[28.3592955,46.4632325],[28.359246,46.4633304],[28.3592162,46.4633892],[28.3591707,46.4634793],[28.3590595,46.4636944],[28.359011,46.4637838],[28.3589436,46.4639081],[28.3588847,46.4640168],[28.3588216,46.464133],[28.3587125,46.4643343],[28.3586916,46.4643729],[28.3586643,46.4644232],[28.3586434,46.4644618],[28.3585913,46.46456],[28.35697,46.4642002],[28.3545844,46.4637005],[28.3535035,46.4634805],[28.3529803,46.4633526],[28.3530149,46.4631109],[28.3533026,46.4624155],[28.353389,46.4621081],[28.353591,46.4617871],[28.3539106,46.4612625],[28.3539717,46.461263],[28.3540733,46.4612007],[28.3543385,46.4607948],[28.353913,46.4606506],[28.3535926,46.4608849],[28.3529993,46.4606927],[28.353331,46.4601814],[28.3534028,46.4601009],[28.3533926,46.4600002],[28.3531879,46.4599304],[28.3519972,46.4595148],[28.35179,46.4594333],[28.3517504,46.4594147],[28.3515437,46.4597403],[28.3513378,46.4599906],[28.3512023,46.4601899],[28.3510903,46.4603595],[28.3509268,46.4606184],[28.3507765,46.4608918],[28.3506999,46.4608738],[28.3502372,46.460756],[28.3500882,46.4609669],[28.3499241,46.4611379],[28.3498385,46.4615671],[28.3497303,46.4624304],[28.3496872,46.462484],[28.3495624,46.4625732],[28.349459,46.4625971],[28.3493342,46.462603],[28.3490371,46.4626001],[28.348839,46.4625941],[28.3486883,46.4625941],[28.3486711,46.4626953],[28.3477367,46.4626388],[28.347022,46.4626418],[28.3465742,46.4626715],[28.3466515,46.4625186],[28.3465725,46.4625148],[28.3464579,46.4624554],[28.3465892,46.4621181],[28.3468884,46.4613219],[28.3467832,46.4613061],[28.3471975,46.4608902],[28.3463595,46.4601662],[28.3462702,46.4600949],[28.3452326,46.4601604],[28.344238,46.4602377],[28.3441369,46.4601187],[28.3440467,46.4600204],[28.3440062,46.4599743],[28.3435613,46.4594894],[28.3427625,46.4585669],[28.3425188,46.4583282],[28.3421229,46.4579064],[28.3421002,46.4578696],[28.3421358,46.4578594],[28.3421714,46.4578492],[28.3422604,46.4578238],[28.3423315,46.4578035],[28.3424383,46.457773],[28.3426992,46.4576984],[28.3427882,46.457673],[28.3429957,46.4576137],[28.343055,46.4575967],[28.3432329,46.4575459],[28.34331,46.4575239],[28.3434761,46.4574764],[28.3436184,46.4574357],[28.343706,46.4574107],[28.3437507,46.457374],[28.3438589,46.4572851],[28.3439492,46.4572005],[28.3440483,46.4571075],[28.3441275,46.4570332],[28.3442339,46.4569335],[28.3443554,46.4568195],[28.3445849,46.4566042],[28.3447292,46.4564711],[28.344932,46.4562995],[28.3451357,46.4561011],[28.3451746,46.4560686]]]}},{"type":"Feature","properties":{"entity_id":"osm-r18967671","jurisdiction":"MD","display_name":"Cîmpul Drept","display_type":"component_locality","admin_level":9,"tier":"detail","legal_registry":"CUATM","legal_id":"5736","legal_type":null,"parent_catalog_id":"osm-r19113660","osm_relation_id":18967671,"legal_identity_status":"reconciled","geometry_source":"OpenStreetMap","geometry_precision":"master_coordinate_fidelity"},"geometry":{"type":"Polygon","coordinates":[[[28.510601,46.5612999],[28.5108235,46.5611059],[28.5110513,46.5612464],[28.5113297,46.561401],[28.5113672,46.5613817],[28.5113924,46.5614087],[28.5114112,46.5614176],[28.5115677,46.5613139],[28.5118251,46.5614983],[28.5120212,46.5613837],[28.5122261,46.5615525],[28.5124646,46.5614153],[28.5126165,46.5613148],[28.5127283,46.5613918],[28.5128318,46.5614718],[28.5129325,46.5615497],[28.5131843,46.5617335],[28.5134008,46.5618847],[28.5136259,46.5620413],[28.5137772,46.5621466],[28.514034,46.5623203],[28.5142504,46.5624404],[28.5142815,46.5624628],[28.5145182,46.5626327],[28.5145416,46.5626534],[28.5145573,46.5626506],[28.5146995,46.5625811],[28.5146718,46.5625571],[28.5147316,46.5625243],[28.5147903,46.5625664],[28.5148894,46.5626478],[28.5148182,46.5626946],[28.515049,46.5628623],[28.5149733,46.5629282],[28.5149468,46.5629413],[28.5150931,46.5630904],[28.5152872,46.5633217],[28.5156597,46.5636519],[28.5163352,46.5642308],[28.5163555,46.5643214],[28.5164822,46.5644458],[28.516589,46.5646587],[28.5167412,46.5648548],[28.5168349,46.5649507],[28.5169438,46.5650522],[28.5169368,46.5650538],[28.5170848,46.5651669],[28.51717,46.5652139],[28.5171476,46.5652276],[28.5173648,46.565408],[28.5175814,46.5655277],[28.5179093,46.5656769],[28.5179802,46.5657283],[28.5180714,46.5657754],[28.5181731,46.565822],[28.5184925,46.5659071],[28.5186235,46.5659714],[28.5186661,46.565998],[28.5187814,46.5660384],[28.5188916,46.5660847],[28.5190022,46.5661529],[28.5191089,46.5662226],[28.5192322,46.5663109],[28.5192807,46.5663529],[28.5193695,46.5664246],[28.519473,46.5665305],[28.5199017,46.566328],[28.5200162,46.5664745],[28.5198108,46.5665525],[28.5198727,46.566609],[28.5197342,46.5666742],[28.5197728,46.5667074],[28.5199654,46.5669084],[28.5198823,46.5669483],[28.5196946,46.5670421],[28.519486,46.5671545],[28.5194591,46.5671641],[28.5191943,46.5673107],[28.5192851,46.5672947],[28.5193466,46.567316],[28.5194576,46.5674229],[28.5195737,46.5675544],[28.5196033,46.5676157],[28.5197274,46.5675793],[28.5199217,46.5677553],[28.5202083,46.568115],[28.5197395,46.5683136],[28.5195222,46.5683835],[28.5193787,46.5684221],[28.518924,46.5685997],[28.5184805,46.5683735],[28.5179542,46.5679533],[28.5176561,46.5676994],[28.5173448,46.5674455],[28.5172548,46.5674915],[28.5172358,46.5674999],[28.5172867,46.56754],[28.5171446,46.567643],[28.5170837,46.5676946],[28.5169913,46.5676303],[28.5169088,46.5676824],[28.5168686,46.5677019],[28.5163821,46.5679918],[28.5159859,46.5682824],[28.5159538,46.5683192],[28.5156929,46.5684739],[28.515505,46.5685672],[28.5154407,46.5685896],[28.5153919,46.5685947],[28.5153526,46.5685863],[28.5151973,46.5684452],[28.5150165,46.5682687],[28.5143691,46.5681529],[28.5141313,46.5680698],[28.5141852,46.568031],[28.5139613,46.5679501],[28.5136198,46.5678258],[28.5135866,46.5678031],[28.5135183,46.5677761],[28.5134603,46.5677322],[28.5133971,46.5676587],[28.5133203,46.5675692],[28.5132812,46.5674966],[28.5132575,46.5674321],[28.5132451,46.5673234],[28.5132528,46.5672766],[28.5131657,46.5672654],[28.5129389,46.5672943],[28.5128579,46.5672982],[28.5126853,46.5673056],[28.5127354,46.5676366],[28.5122567,46.5676282],[28.512179,46.5670469],[28.5116107,46.5669641],[28.5114243,46.5670359],[28.5111622,46.5668338],[28.510909,46.5666394],[28.5108118,46.5666994],[28.5106105,46.5664686],[28.5104044,46.5662515],[28.5101827,46.566092],[28.510054,46.5659995],[28.5098095,46.5658332],[28.509538,46.5656489],[28.509249,46.5654546],[28.508944,46.5652524],[28.5084089,46.5649122],[28.5083713,46.5648851],[28.508142,46.564723],[28.5080107,46.5646005],[28.5079258,46.5644891],[28.5082116,46.5644283],[28.5085408,46.5643781],[28.5086802,46.5643683],[28.5084168,46.5641936],[28.5084808,46.5638563],[28.5085015,46.5636953],[28.5085116,46.5636685],[28.5085268,46.5634108],[28.5084997,46.5633412],[28.5084638,46.5631919],[28.5084616,46.5630508],[28.5085424,46.5629942],[28.5084192,46.5628122],[28.5085872,46.5625044],[28.5085858,46.5624912],[28.5086038,46.5624495],[28.508625,46.5624278],[28.5088635,46.5622896],[28.5096108,46.5618491],[28.5099813,46.5616112],[28.5103844,46.561504],[28.510601,46.5612999]]]}},{"type":"Feature","properties":{"entity_id":"osm-r18967783","jurisdiction":"MD","display_name":"Beștemac","display_type":"commune","admin_level":9,"tier":"detail","legal_registry":"CUATM","legal_id":"5714","legal_type":"commune","parent_catalog_id":"osm-r19113649","osm_relation_id":18967783,"legal_identity_status":"reconciled","geometry_source":"OpenStreetMap","geometry_precision":"master_coordinate_fidelity"},"geometry":{"type":"Polygon","coordinates":[[[28.51809,46.5313454],[28.5179578,46.5313934],[28.5178542,46.5312671],[28.5178032,46.5311255],[28.5179244,46.5298986],[28.5181265,46.5284443],[28.518387,46.5275641],[28.5177043,46.5273411],[28.5179071,46.5269297],[28.5183136,46.527013],[28.5186359,46.5256575],[28.5190159,46.5257935],[28.5193585,46.5257612],[28.5194474,46.5255208],[28.5195959,46.5253948],[28.5196848,46.5253165],[28.5197062,46.5252976],[28.5197977,46.5251664],[28.5199184,46.5250329],[28.5199499,46.5248411],[28.5200695,46.5246277],[28.5202249,46.5244474],[28.5202783,46.5243599],[28.5206381,46.523755],[28.5212002,46.523911],[28.5212648,46.5238087],[28.5213462,46.5237117],[28.521608,46.5238062],[28.5216389,46.5237811],[28.5217184,46.5236261],[28.5217828,46.5234643],[28.5218045,46.5234216],[28.5218348,46.5233522],[28.5219292,46.5232217],[28.5219757,46.5231675],[28.522144,46.522942],[28.5224683,46.5223452],[28.5225598,46.5221819],[28.5225943,46.5221159],[28.5226253,46.5220518],[28.5226392,46.5220275],[28.5226703,46.5219793],[28.5226914,46.5219321],[28.522709,46.521877],[28.5228057,46.5216046],[28.5228138,46.5215878],[28.5228294,46.5215749],[28.5229655,46.5210249],[28.5231477,46.5209466],[28.5232293,46.5208029],[28.5232334,46.5207959],[28.5233094,46.5206638],[28.5237429,46.5208584],[28.5240565,46.5205712],[28.524348,46.5203863],[28.5245766,46.5202811],[28.5249753,46.5201984],[28.5258901,46.5195172],[28.5260612,46.5194293],[28.5262697,46.5193633],[28.5270264,46.5192786],[28.5270841,46.5192753],[28.527211,46.5193143],[28.5276255,46.5194904],[28.5276452,46.5195038],[28.5278384,46.5196476],[28.5280431,46.519738],[28.5284884,46.519812],[28.5290766,46.5197912],[28.5297132,46.5196854],[28.5301228,46.5198128],[28.5302543,46.5198794],[28.5303272,46.5199357],[28.5305352,46.5201944],[28.5306438,46.5203541],[28.5307851,46.5204989],[28.5306507,46.5205971],[28.5306022,46.5206562],[28.5305441,46.5206458],[28.5305392,46.5206559],[28.5307982,46.5207575],[28.530971,46.5208396],[28.5310198,46.5208948],[28.531045,46.5209522],[28.531042,46.5210009],[28.5310641,46.5210298],[28.5311844,46.5210605],[28.5313387,46.5211233],[28.5314695,46.5211495],[28.5315588,46.5211748],[28.5315653,46.5211802],[28.5317037,46.5212135],[28.5318443,46.5212459],[28.5320418,46.5212862],[28.5315265,46.5224105],[28.5312866,46.5229744],[28.5311432,46.5233674],[28.5311578,46.5234825],[28.5315737,46.5234766],[28.5315914,46.5236348],[28.5315919,46.5236923],[28.5321222,46.5235505],[28.5321625,46.5235485],[28.5322646,46.5238492],[28.5322972,46.5239648],[28.5323133,46.5240029],[28.5324183,46.5241918],[28.532529,46.5245369],[28.533352,46.5244018],[28.5333717,46.5243662],[28.5333775,46.5243565],[28.533484,46.5243326],[28.5336385,46.5242894],[28.533707,46.5242378],[28.5337542,46.5241968],[28.5338443,46.5241119],[28.5340296,46.5240852],[28.534055,46.5241502],[28.5346502,46.5239771],[28.5350436,46.5238752],[28.535156,46.5238461],[28.535485,46.5241789],[28.5355906,46.5242278],[28.537378,46.5236309],[28.5375146,46.5235758],[28.5402713,46.5226484],[28.5409338,46.5225047],[28.5418444,46.5223629],[28.5419962,46.5224269],[28.5422383,46.5226425],[28.5422995,46.5227051],[28.5424518,46.5228473],[28.5423528,46.5229609],[28.5403451,46.5243137],[28.5397921,46.5247034],[28.5399513,46.5248403],[28.5400817,46.5249721],[28.5401428,46.525071],[28.5403078,46.5252745],[28.5397607,46.5255908],[28.5393659,46.5258715],[28.5395804,46.526125],[28.5396819,46.5262904],[28.539782,46.5263851],[28.5398671,46.5264657],[28.540043,46.5263966],[28.540356,46.5267067],[28.5397793,46.5269384],[28.5397451,46.5269835],[28.5395533,46.5270789],[28.5396087,46.5271959],[28.5397522,46.5273713],[28.5396969,46.5274292],[28.5395697,46.527538],[28.5394008,46.5276611],[28.5391756,46.5278116],[28.5387978,46.5280086],[28.538906,46.528091],[28.5387519,46.5282451],[28.5385683,46.5284683],[28.538519,46.5285405],[28.5378268,46.5290262],[28.5378331,46.5290304],[28.5374128,46.5293181],[28.5373376,46.5293452],[28.5372763,46.5293344],[28.5370573,46.5292062],[28.5366615,46.529445],[28.5366155,46.5294876],[28.5366605,46.5295175],[28.5363133,46.5298289],[28.5362748,46.5298549],[28.5362268,46.5298674],[28.5361792,46.5298709],[28.536109,46.5298619],[28.5353939,46.5305185],[28.5353947,46.5306128],[28.535335,46.5306775],[28.5353007,46.5307336],[28.5352981,46.5308134],[28.5352821,46.5308416],[28.5353045,46.5308902],[28.5351824,46.5310275],[28.5350812,46.5311008],[28.534777,46.5312333],[28.5345485,46.5311277],[28.5345202,46.5312524],[28.5342759,46.5314487],[28.534237,46.5315069],[28.5341422,46.5317374],[28.5340217,46.5319401],[28.5339907,46.5320625],[28.5339317,46.532126],[28.5338395,46.5321759],[28.5338068,46.5322129],[28.5337632,46.5322018],[28.5337258,46.5323284],[28.5336457,46.5324889],[28.5335808,46.5326992],[28.5335697,46.5327169],[28.533497,46.5328003],[28.5334276,46.5329478],[28.5333959,46.5330281],[28.5333712,46.5330551],[28.5333588,46.5330755],[28.5333519,46.5331086],[28.5333557,46.533144],[28.5333293,46.5332099],[28.5332965,46.5332182],[28.5332579,46.5332143],[28.533194,46.533303],[28.5332562,46.5333884],[28.533296,46.5334717],[28.5333338,46.5335924],[28.5333455,46.533666],[28.5333565,46.533748],[28.5333398,46.5338646],[28.5333082,46.534039],[28.5332626,46.5341269],[28.5332673,46.5341403],[28.5332397,46.5344417],[28.5332477,46.5348406],[28.5332331,46.5349973],[28.533281,46.5350861],[28.533306,46.5351637],[28.533312,46.5352988],[28.5332791,46.5354595],[28.5331831,46.535653],[28.5329898,46.5360293],[28.5328935,46.5360285],[28.5320482,46.5358278],[28.5315881,46.5357862],[28.5315379,46.5360408],[28.5314558,46.5360054],[28.5313667,46.535946],[28.5312663,46.5358667],[28.5312452,46.5358317],[28.5311214,46.5358039],[28.5312339,46.5353336],[28.5312078,46.5353338],[28.5307948,46.5353367],[28.5308103,46.5354908],[28.5291562,46.5355005],[28.529132,46.53548],[28.529145,46.53498],[28.5293671,46.5350163],[28.5293838,46.5349732],[28.529105,46.5349241],[28.5290991,46.534603],[28.5291011,46.5345007],[28.5290819,46.5341633],[28.529064,46.53376],[28.5290504,46.5333658],[28.5290555,46.5333622],[28.5290467,46.5332733],[28.5290088,46.5328976],[28.529001,46.5323834],[28.5290102,46.5323771],[28.529016,46.5322692],[28.529007,46.5322381],[28.5289966,46.5320989],[28.5289609,46.5316927],[28.5289495,46.5315382],[28.5289534,46.53129],[28.5284988,46.5313272],[28.5279446,46.5313274],[28.5278246,46.5310319],[28.5277881,46.5309273],[28.5277564,46.5308078],[28.5277606,46.5307817],[28.5279226,46.5306687],[28.5277288,46.5304724],[28.5272678,46.5304771],[28.5270205,46.5304679],[28.5270159,46.5303708],[28.5263618,46.5303946],[28.5262534,46.5299829],[28.5262225,46.5297384],[28.5261628,46.5297904],[28.5261542,46.5298169],[28.5261169,46.529885],[28.5259837,46.5301815],[28.5259695,46.5302473],[28.5259669,46.5302597],[28.5259548,46.5303401],[28.5257922,46.530735],[28.5257906,46.5307502],[28.5257497,46.5310122],[28.5257385,46.5310228],[28.5256659,46.5310369],[28.525603,46.5310531],[28.525568,46.5310561],[28.5255464,46.5310489],[28.5254796,46.5310139],[28.5253826,46.5309177],[28.5249907,46.5307157],[28.5247795,46.5305359],[28.5246252,46.529215],[28.5244371,46.5287623],[28.5232598,46.5290555],[28.5220698,46.5295142],[28.5220507,46.5295323],[28.5215949,46.5297527],[28.5212627,46.5299021],[28.5203555,46.5303147],[28.5192677,46.5308437],[28.5187293,46.5310841],[28.5183851,46.5312258],[28.51809,46.5313454]]]}},{"type":"Feature","properties":{"entity_id":"osm-r18967806","jurisdiction":"MD","display_name":"Troian","display_type":"component_locality","admin_level":9,"tier":"detail","legal_registry":"CUATM","legal_id":"5745","legal_type":null,"parent_catalog_id":"osm-r19113644","osm_relation_id":18967806,"legal_identity_status":"reconciled","geometry_source":"OpenStreetMap","geometry_precision":"master_coordinate_fidelity"},"geometry":{"type":"MultiPolygon","coordinates":[[[[28.4611955,46.5397557],[28.4619831,46.5398459],[28.4620271,46.5398344],[28.4621021,46.5398008],[28.4622549,46.5398188],[28.4624247,46.539842],[28.462466,46.5398322],[28.4634293,46.5400633],[28.4635119,46.5400859],[28.4637044,46.5401351],[28.4635914,46.5403799],[28.4636294,46.5403718],[28.4636616,46.5403782],[28.4637854,46.5404158],[28.4638923,46.5404236],[28.4640229,46.5404472],[28.4641326,46.5404931],[28.4642305,46.5405495],[28.4643657,46.5406656],[28.4644758,46.5408663],[28.4645113,46.5410096],[28.4645142,46.541104],[28.4644506,46.5412443],[28.4644293,46.5413799],[28.4643262,46.5416348],[28.4643565,46.5416517],[28.4643262,46.5417399],[28.4642576,46.5418397],[28.4642409,46.5418558],[28.4637764,46.5428184],[28.4636742,46.54306],[28.463564,46.5432922],[28.4635107,46.5434004],[28.4633902,46.5433892],[28.4633584,46.543398],[28.4633113,46.5434835],[28.4634721,46.5435472],[28.4634081,46.5437016],[28.4633398,46.5437059],[28.4633233,46.5437672],[28.4632279,46.5440033],[28.4632475,46.544129],[28.4632155,46.5442151],[28.4631887,46.5442796],[28.4630291,46.544565],[28.463008,46.5446017],[28.4628913,46.5448309],[28.4628009,46.5449887],[28.4626842,46.5452112],[28.4626361,46.5452235],[28.4624408,46.5451727],[28.4622842,46.5451535],[28.4621633,46.5451436],[28.4616511,46.5449954],[28.460796,46.5448494],[28.4607484,46.5448436],[28.4597996,46.5446407],[28.4593229,46.5445401],[28.459241,46.5442491],[28.4591406,46.5439258],[28.4589018,46.543306],[28.4588002,46.5431831],[28.4580849,46.5428112],[28.4576903,46.5426619],[28.4576057,46.5426282],[28.4572297,46.5424875],[28.4593246,46.540302],[28.4595026,46.5404732],[28.4595796,46.540554],[28.4596284,46.5405729],[28.459838,46.5406911],[28.4598902,46.5405814],[28.4601019,46.5402844],[28.4601318,46.5402361],[28.4602757,46.5402785],[28.4603518,46.5403237],[28.4604787,46.5401201],[28.4605398,46.540136],[28.4605922,46.5400208],[28.4610516,46.5401332],[28.4610674,46.5401107],[28.4611143,46.5400211],[28.4610589,46.5399864],[28.4611217,46.5398803],[28.4611955,46.5397557]]],[[[28.4806873,46.5362328],[28.4813725,46.5364643],[28.4814264,46.5365023],[28.4814217,46.5365364],[28.481384,46.5365951],[28.4809043,46.536986],[28.4806745,46.5371901],[28.4804336,46.5373664],[28.4801336,46.5375319],[28.4799047,46.5377355],[28.4797037,46.5379143],[28.4795109,46.5381044],[28.4793057,46.538283],[28.479104,46.5384622],[28.4790463,46.5384412],[28.4787766,46.538613],[28.4786613,46.5387838],[28.4782786,46.539253],[28.47823,46.5392998],[28.4779991,46.5401577],[28.4764944,46.5398456],[28.4761593,46.5409352],[28.4756586,46.5407931],[28.4754609,46.5407237],[28.4755246,46.5405211],[28.4754205,46.5405203],[28.4751276,46.5405181],[28.47484,46.5404888],[28.4745793,46.5404614],[28.4745943,46.5403893],[28.4742783,46.5403233],[28.4742659,46.5403674],[28.4738726,46.5402903],[28.4741011,46.5395713],[28.4741575,46.5395567],[28.4741761,46.5395118],[28.4741985,46.5394934],[28.4742307,46.5394019],[28.474035,46.5392],[28.473998,46.5391622],[28.4739912,46.5391429],[28.473998,46.539121],[28.4742349,46.5390484],[28.4743639,46.5389941],[28.4746021,46.5389255],[28.4746939,46.5389083],[28.4747774,46.5387985],[28.4751387,46.5385075],[28.4751226,46.538483],[28.4753322,46.5382894],[28.4753947,46.5382042],[28.4754231,46.5381623],[28.4755817,46.5379956],[28.4758466,46.5377957],[28.4760724,46.537885],[28.4765571,46.5375654],[28.4765704,46.5375637],[28.4772286,46.5378402],[28.4773523,46.5376959],[28.477752,46.5378724],[28.4800586,46.5362771],[28.4804898,46.536161],[28.4806873,46.5362328]]]]}},{"type":"Feature","properties":{"entity_id":"osm-r18967821","jurisdiction":"MD","display_name":"Sărata Nouă","display_type":"commune","admin_level":9,"tier":"detail","legal_registry":"CUATM","legal_id":"5731","legal_type":"commune","parent_catalog_id":"osm-r19113661","osm_relation_id":18967821,"legal_identity_status":"reconciled","geometry_source":"OpenStreetMap","geometry_precision":"master_coordinate_fidelity"},"geometry":{"type":"Polygon","coordinates":[[[28.3813852,46.4849359],[28.381118,46.4846792],[28.3814815,46.4844832],[28.3813991,46.4843059],[28.3817603,46.484083],[28.3810939,46.4836228],[28.3834124,46.4823888],[28.3845016,46.4829395],[28.3847803,46.4831661],[28.3848832,46.4831125],[28.3851345,46.4833695],[28.3853754,46.4835629],[28.3857866,46.4836149],[28.3859355,46.4837578],[28.3858456,46.4839006],[28.3862442,46.4840881],[28.3863277,46.4841791],[28.386503,46.4842601],[28.3864683,46.4845504],[28.3868,46.4849369],[28.3871216,46.4851151],[28.3872877,46.4851795],[28.3876654,46.485421],[28.3880843,46.4857522],[28.3883143,46.4859625],[28.3885787,46.4861336],[28.3888391,46.4862875],[28.3889661,46.4863686],[28.3891014,46.4865351],[28.3892618,46.4868269],[28.3894614,46.4871311],[28.3893392,46.4871991],[28.3897086,46.4875765],[28.3898784,46.4877564],[28.3899737,46.4878523],[28.3899918,46.4878394],[28.390189,46.4879706],[28.3905716,46.4882969],[28.3904799,46.4883746],[28.3907548,46.4886454],[28.3909896,46.4889248],[28.3912703,46.4891442],[28.3912195,46.4891793],[28.3914333,46.4894091],[28.3914762,46.4893836],[28.3915396,46.4894869],[28.3916785,46.4896436],[28.3918813,46.4899375],[28.3921228,46.4900843],[28.3926353,46.4903142],[28.3928137,46.4904551],[28.3930503,46.490539],[28.393056,46.4905638],[28.3932363,46.4907185],[28.3932038,46.4907399],[28.3933692,46.4908764],[28.3935431,46.4909927],[28.3937778,46.4911603],[28.3940726,46.4913132],[28.3943617,46.4915184],[28.3946719,46.4917193],[28.3950186,46.4919311],[28.395258,46.492079],[28.3955165,46.492195],[28.3957253,46.4922931],[28.3957425,46.4923054],[28.3957879,46.4922673],[28.396035,46.4923499],[28.396174,46.4924362],[28.3962315,46.4924071],[28.3963934,46.4924962],[28.3966205,46.492612],[28.3967268,46.4925373],[28.3969209,46.4926885],[28.3970459,46.4926031],[28.3972426,46.4926987],[28.3973743,46.4928157],[28.3975188,46.4929251],[28.3975772,46.4929907],[28.3976373,46.4931353],[28.3976322,46.4931469],[28.3976951,46.4932435],[28.3977018,46.4933406],[28.3976923,46.4933573],[28.3975933,46.4934629],[28.3974849,46.4935265],[28.3971835,46.4936731],[28.3969723,46.493886],[28.3970314,46.4939676],[28.3967754,46.494198],[28.3969051,46.4942783],[28.3970659,46.4944689],[28.3970667,46.494588],[28.3971087,46.4947167],[28.3966893,46.4949451],[28.3963349,46.4950967],[28.3965198,46.4952743],[28.3966454,46.4955053],[28.3966088,46.4955366],[28.3967997,46.4956692],[28.396509,46.4959779],[28.3960622,46.4963765],[28.3957607,46.4966523],[28.3960037,46.4967678],[28.3958129,46.4969625],[28.395247,46.4967856],[28.3947045,46.4964044],[28.3946675,46.4963494],[28.3946197,46.4971045],[28.3944035,46.4974003],[28.3943523,46.4974818],[28.3929159,46.4973544],[28.3923706,46.4971606],[28.3922247,46.4971122],[28.3919367,46.496991],[28.3917388,46.4968913],[28.3914426,46.4967478],[28.3912748,46.496666],[28.3903378,46.4962489],[28.3897771,46.4959467],[28.3896713,46.4959231],[28.389121,46.4963145],[28.3886053,46.4960344],[28.3882421,46.4957949],[28.3880891,46.4956952],[28.3873644,46.4952313],[28.3869833,46.4950337],[28.3864462,46.4958251],[28.3833493,46.4937865],[28.38324,46.4937966],[28.3802152,46.4917716],[28.3807005,46.4910224],[28.3791335,46.490447],[28.3792542,46.490187],[28.3789459,46.4899345],[28.3788292,46.4895657],[28.3791188,46.4887896],[28.379644,46.4879336],[28.379989,46.487657],[28.3803101,46.4873081],[28.3805407,46.4869831],[28.380883,46.4862762],[28.3819931,46.4853235],[28.3813852,46.4849359]]]}},{"type":"Feature","properties":{"entity_id":"osm-r18967882","jurisdiction":"MD","display_name":"Cociulia Nouă","display_type":"component_locality","admin_level":9,"tier":"detail","legal_registry":"CUATM","legal_id":"5712","legal_type":null,"parent_catalog_id":"osm-r19113656","osm_relation_id":18967882,"legal_identity_status":"reconciled","geometry_source":"OpenStreetMap","geometry_precision":"master_coordinate_fidelity"},"geometry":{"type":"Polygon","coordinates":[[[28.468977,46.4446207],[28.4689891,46.4445238],[28.4675187,46.443071],[28.467029,46.4422843],[28.4663468,46.4411084],[28.4656805,46.4405126],[28.4659057,46.4405949],[28.4659739,46.4406127],[28.4667871,46.4407987],[28.4675331,46.4409977],[28.4682877,46.4405536],[28.4687051,46.4408784],[28.4690321,46.4411927],[28.4694042,46.4415178],[28.4698912,46.4413393],[28.469957,46.4413285],[28.4699824,46.4413175],[28.4702466,46.4412396],[28.4700852,46.4408529],[28.4703928,46.440751],[28.470274,46.4405129],[28.470277,46.4404519],[28.4707625,46.4401947],[28.4709515,46.4401144],[28.475419,46.4382176],[28.4756997,46.4379831],[28.4759543,46.4379513],[28.4760515,46.4379463],[28.4761497,46.4379503],[28.4763395,46.4379602],[28.476862,46.4377465],[28.4769469,46.4375383],[28.477582,46.4375583],[28.4775923,46.4375751],[28.4776159,46.4377979],[28.4775806,46.4381564],[28.4775541,46.4384521],[28.4780096,46.4385036],[28.4780381,46.4386738],[28.4780568,46.4387],[28.4785868,46.4387909],[28.4790625,46.4389118],[28.4794834,46.4390198],[28.4797433,46.4390709],[28.4800429,46.4391041],[28.4804539,46.4391204],[28.4804981,46.4390849],[28.4805168,46.4389551],[28.4809895,46.4389815],[28.4815837,46.438985],[28.4815725,46.4390956],[28.4820339,46.4390136],[28.4822934,46.4389345],[28.4830674,46.4389455],[28.4834379,46.4395124],[28.4834786,46.4398772],[28.4837011,46.4399947],[28.483366,46.440029],[28.482922,46.4401639],[28.4819695,46.4403815],[28.4817541,46.4404184],[28.4814693,46.440479],[28.4817778,46.4412166],[28.4818498,46.441389],[28.4807304,46.4416461],[28.4797425,46.4418731],[28.4790317,46.4421244],[28.4761767,46.4429686],[28.4741764,46.4434759],[28.4738471,46.4436383],[28.4730058,46.444063],[28.4732782,46.4445823],[28.4733657,46.4447309],[28.4735147,46.4447945],[28.4734612,46.4448499],[28.473265,46.4449877],[28.4732171,46.4450087],[28.4731558,46.445035],[28.4727162,46.4445908],[28.4721749,46.4440298],[28.4717563,46.4436384],[28.4714139,46.4433111],[28.4705307,46.4437217],[28.4699526,46.4440293],[28.4690999,46.4445325],[28.4690813,46.4445618],[28.468977,46.4446207]]]}},{"type":"Feature","properties":{"entity_id":"osm-r18967897","jurisdiction":"MD","display_name":"Pitești","display_type":"component_locality","admin_level":9,"tier":"detail","legal_registry":"CUATM","legal_id":"5715","legal_type":null,"parent_catalog_id":"osm-r19113649","osm_relation_id":18967897,"legal_identity_status":"reconciled","geometry_source":"OpenStreetMap","geometry_precision":"master_coordinate_fidelity"},"geometry":{"type":"Polygon","coordinates":[[[28.5408801,46.5040332],[28.5412164,46.5036049],[28.541239,46.5035847],[28.5414827,46.5033317],[28.5417467,46.5030498],[28.5419741,46.5028071],[28.5422185,46.5025462],[28.542374,46.5023802],[28.5425796,46.50217],[28.5427694,46.5022453],[28.5429779,46.5018742],[28.5431477,46.501787],[28.5435008,46.5016717],[28.5437554,46.501625],[28.5443645,46.5017448],[28.5444118,46.5017075],[28.544615,46.5017498],[28.5448743,46.5018038],[28.545332,46.5019273],[28.5454474,46.5016801],[28.5456261,46.5013833],[28.5457758,46.5010741],[28.5460664,46.5002402],[28.5461733,46.500262],[28.5464439,46.5003146],[28.5472493,46.5005191],[28.5472641,46.5005225],[28.5470987,46.5008633],[28.5469714,46.501161],[28.5468771,46.5014501],[28.5467828,46.5017393],[28.5466386,46.5020279],[28.5473467,46.502161],[28.5475311,46.5021861],[28.548462,46.5023894],[28.548386,46.5025674],[28.5483377,46.5026419],[28.5481538,46.5028906],[28.5481029,46.502902],[28.5480406,46.5029696],[28.5474088,46.5028001],[28.5472584,46.5028422],[28.5466172,46.5037519],[28.546397,46.5039989],[28.5466033,46.5040777],[28.5468863,46.5041816],[28.5467342,46.5043694],[28.5466,46.5045508],[28.5464434,46.5047415],[28.546391,46.5048108],[28.546461,46.5048401],[28.5467689,46.5049569],[28.5469368,46.505074],[28.5469737,46.5051469],[28.546864,46.5053214],[28.546768,46.5054641],[28.5464589,46.5057419],[28.5453579,46.5051901],[28.5450747,46.5050522],[28.5461671,46.5040059],[28.5455685,46.5037738],[28.5452025,46.5040306],[28.5450696,46.5041394],[28.5450038,46.5041929],[28.5446101,46.5045495],[28.5446441,46.504613],[28.5444675,46.5047747],[28.5442267,46.5048555],[28.543928,46.5050353],[28.5437207,46.505284],[28.5436656,46.5053387],[28.5432162,46.5055509],[28.5428414,46.5054158],[28.5427119,46.5052945],[28.5417703,46.5050187],[28.5416749,46.5050229],[28.5415924,46.5050067],[28.5414156,46.5048913],[28.541286,46.5048122],[28.5415128,46.5046021],[28.5412573,46.5044158],[28.5412565,46.5042937],[28.5408801,46.5040332]]]}},{"type":"Feature","properties":{"entity_id":"osm-r18967930","jurisdiction":"MD","display_name":"Sărăteni","display_type":"commune","admin_level":9,"tier":"detail","legal_registry":"CUATM","legal_id":"5733","legal_type":"commune","parent_catalog_id":"osm-r19113648","osm_relation_id":18967930,"legal_identity_status":"reconciled","geometry_source":"OpenStreetMap","geometry_precision":"master_coordinate_fidelity"},"geometry":{"type":"Polygon","coordinates":[[[28.4691439,46.6050206],[28.4695776,46.6050046],[28.4697025,46.6050408],[28.4700846,46.6052938],[28.4702195,46.6054195],[28.4707873,46.6061259],[28.4707972,46.6062671],[28.4707163,46.6069258],[28.4707013,46.6071393],[28.4710786,46.6071824],[28.4717404,46.6071112],[28.4722058,46.6075607],[28.4723562,46.6076578],[28.4723946,46.6076945],[28.4725104,46.6078075],[28.4725491,46.6078569],[28.4725127,46.6078768],[28.4726722,46.6080586],[28.472683,46.6080813],[28.4731633,46.6079032],[28.4734314,46.608199],[28.4735106,46.6083537],[28.4735403,46.6085038],[28.4735502,46.6087722],[28.4735271,46.6089041],[28.4734347,46.609284],[28.4733554,46.6095547],[28.4737784,46.6095892],[28.4737072,46.6097217],[28.4734183,46.6103758],[28.4732163,46.6109163],[28.4723981,46.6123037],[28.4710818,46.6119903],[28.4710389,46.6122105],[28.4709547,46.6127729],[28.4708728,46.6133723],[28.4708012,46.6138323],[28.4707498,46.6141525],[28.4707486,46.6142743],[28.4707053,46.6144872],[28.4702626,46.6148003],[28.470055,46.615047],[28.4699699,46.6152018],[28.4696971,46.6155129],[28.4693241,46.615799],[28.4674446,46.6155937],[28.467096,46.61556],[28.466699,46.6155179],[28.4663004,46.6154835],[28.465915,46.6154404],[28.4655298,46.6154018],[28.4651555,46.6153659],[28.4647646,46.6153223],[28.464717,46.615317],[28.4644057,46.6148485],[28.4642244,46.6147324],[28.4623156,46.614487],[28.4610712,46.614178],[28.4611188,46.6140141],[28.461291,46.6135783],[28.461516,46.613113],[28.4612213,46.6130444],[28.4610766,46.6130107],[28.460787,46.6129409],[28.4604207,46.6128464],[28.4604773,46.6127054],[28.4605784,46.6127278],[28.4606882,46.6124978],[28.460708,46.6124619],[28.4608344,46.6121797],[28.4607785,46.6121657],[28.460805,46.6120957],[28.4607644,46.6120845],[28.4608107,46.6119952],[28.4608375,46.6119901],[28.4604513,46.6118846],[28.4600239,46.6117735],[28.4600495,46.6116248],[28.4600516,46.6114814],[28.4600608,46.6112235],[28.4600001,46.6110367],[28.4598489,46.6110541],[28.4598349,46.6108039],[28.4598271,46.6107206],[28.4598477,46.6106263],[28.4598768,46.6104775],[28.4599033,46.6103006],[28.4599808,46.61004],[28.4600317,46.6098815],[28.4600803,46.6097747],[28.4601848,46.6095598],[28.4602404,46.6094747],[28.4604427,46.6092276],[28.4604676,46.6092273],[28.4609159,46.6093066],[28.4609948,46.6090486],[28.4611897,46.6087629],[28.4613871,46.6084703],[28.4616045,46.6081467],[28.461815,46.6078085],[28.4620797,46.6073907],[28.4621605,46.6072482],[28.4623704,46.6068833],[28.4627551,46.606305],[28.4628451,46.6061329],[28.463015,46.6059367],[28.4630287,46.6058334],[28.4630038,46.6056509],[28.4630513,46.6054891],[28.4631962,46.6053962],[28.4635809,46.6052258],[28.4638681,46.6051535],[28.4644501,46.6049953],[28.4647532,46.604989],[28.4653292,46.6050419],[28.4658287,46.6051125],[28.4663582,46.6052228],[28.4670475,46.605352],[28.4675305,46.6052786],[28.46808,46.6051651],[28.4687243,46.6050653],[28.4691439,46.6050206]]]}},{"type":"Feature","properties":{"entity_id":"osm-r18968035","jurisdiction":"MD","display_name":"Iargara","display_type":"town","admin_level":9,"tier":"detail","legal_registry":"CUATM","legal_id":"5702","legal_type":"town","parent_catalog_id":"osm-r19113650","osm_relation_id":18968035,"legal_identity_status":"reconciled","geometry_source":"OpenStreetMap","geometry_precision":"master_coordinate_fidelity"},"geometry":{"type":"Polygon","coordinates":[[[28.4656805,46.4405126],[28.4656301,46.4404942],[28.4651511,46.4404151],[28.4643852,46.4401734],[28.4627899,46.4397206],[28.4624659,46.4396004],[28.462699,46.4393136],[28.4623769,46.4391333],[28.4621241,46.4392426],[28.4617032,46.4390377],[28.4604427,46.4382264],[28.4600813,46.4379348],[28.4598149,46.437768],[28.4592322,46.4374169],[28.4585746,46.4370429],[28.4582999,46.436899],[28.4581168,46.4370399],[28.4576495,46.4367644],[28.457068,46.4364184],[28.4559543,46.435733],[28.4547054,46.4350179],[28.4543662,46.4348477],[28.4539133,46.4346545],[28.4536458,46.4345509],[28.4531009,46.4344608],[28.4528287,46.4344209],[28.4524755,46.4344078],[28.4519906,46.4343924],[28.451512,46.4344067],[28.4504757,46.4346454],[28.4497474,46.4348466],[28.4472233,46.4357381],[28.4468945,46.4357725],[28.4466614,46.4357696],[28.4463118,46.4358012],[28.4461537,46.4357868],[28.4459123,46.4357608],[28.445621,46.4357119],[28.4452777,46.4356428],[28.4446124,46.4353427],[28.4445353,46.4353469],[28.4444497,46.4353514],[28.4434574,46.4361032],[28.4432735,46.4362035],[28.4432297,46.4362149],[28.4431772,46.4362044],[28.4411271,46.4397287],[28.4406939,46.4394788],[28.4405966,46.4394227],[28.4403767,46.4392958],[28.4399199,46.4390322],[28.439496,46.4387876],[28.4391011,46.4385597],[28.4387313,46.4383463],[28.4383786,46.4381427],[28.4380395,46.437947],[28.4377124,46.4377582],[28.437397,46.4375762],[28.4370915,46.4373998],[28.4367953,46.4372289],[28.4362853,46.4369345],[28.4358139,46.4366625],[28.4353738,46.4364085],[28.4349591,46.4361691],[28.434566,46.4359422],[28.4341918,46.4357262],[28.4341457,46.4359008],[28.4338308,46.4357786],[28.4312636,46.4343155],[28.4312409,46.4343046],[28.4282497,46.4328664],[28.4281963,46.4328407],[28.4272774,46.4323989],[28.4252258,46.4313822],[28.4222646,46.4299147],[28.421957,46.4302286],[28.4218194,46.430369],[28.4218062,46.4303631],[28.4185068,46.4287056],[28.4140085,46.4265055],[28.4112325,46.4250948],[28.4104335,46.4247379],[28.4098328,46.4244504],[28.4094885,46.4241578],[28.4053011,46.422296],[28.4073708,46.4202782],[28.410627,46.4170056],[28.4114477,46.4170454],[28.4124527,46.4159615],[28.4131214,46.4163072],[28.4133964,46.4161663],[28.4153042,46.4170836],[28.4167297,46.4159599],[28.4185554,46.414536],[28.4188938,46.4145314],[28.4190773,46.414566],[28.4191583,46.4145943],[28.4192571,46.4146765],[28.4193481,46.4147704],[28.419509,46.4149603],[28.4195223,46.4149574],[28.4195355,46.4149069],[28.4196286,46.4148825],[28.4197563,46.4148991],[28.4199454,46.4149614],[28.4199192,46.4150287],[28.4201226,46.4151092],[28.4203167,46.415185],[28.4203644,46.4152344],[28.4205343,46.4152919],[28.4205432,46.4152522],[28.420782,46.4152786],[28.420774,46.4153148],[28.4208705,46.4153106],[28.4209104,46.4153125],[28.4209551,46.4153156],[28.4210025,46.4153206],[28.4212089,46.4153979],[28.4215978,46.4157166],[28.4216285,46.4157762],[28.4218373,46.4160907],[28.4218532,46.4160877],[28.4220306,46.4162051],[28.4221968,46.4162772],[28.4225358,46.4163478],[28.4228006,46.4164029],[28.4227835,46.4164372],[28.4231712,46.416489],[28.4232023,46.4164949],[28.4232441,46.4165056],[28.423325,46.4165317],[28.4233612,46.4165449],[28.4233735,46.4165475],[28.4234569,46.4164438],[28.4236721,46.4165271],[28.4237909,46.4166315],[28.4238057,46.4166284],[28.4238937,46.4167004],[28.42405,46.4168283],[28.4241314,46.4168579],[28.4242021,46.4168978],[28.4242474,46.4169705],[28.4244387,46.4172777],[28.4243971,46.4173251],[28.4242905,46.4173539],[28.4240825,46.4173917],[28.424045,46.4174241],[28.4241916,46.4175152],[28.4244126,46.4176352],[28.4247608,46.4178537],[28.4249573,46.4178891],[28.4255104,46.4178961],[28.4262355,46.4179364],[28.4273621,46.4180843],[28.4282608,46.4182223],[28.4289098,46.4183142],[28.4292567,46.4183641],[28.4293162,46.4180195],[28.4295957,46.4180428],[28.429751,46.4181225],[28.4297753,46.4181321],[28.4301388,46.4182754],[28.4301554,46.4182917],[28.4304795,46.4179918],[28.4305459,46.417936],[28.4308456,46.4179539],[28.4308494,46.4178096],[28.4307693,46.4178028],[28.4309478,46.4174732],[28.4310271,46.4174622],[28.4312139,46.417436],[28.4312858,46.41745],[28.4313149,46.4174546],[28.4315487,46.4173932],[28.4317422,46.417289],[28.432237,46.4173067],[28.4324519,46.4173222],[28.4329381,46.4174441],[28.4333297,46.4176136],[28.4337859,46.4178159],[28.434285,46.4179972],[28.4345133,46.4181244],[28.4351115,46.4184367],[28.4356105,46.4186604],[28.4361701,46.4188976],[28.4361205,46.4189513],[28.4357949,46.4192873],[28.4356821,46.4192772],[28.4356688,46.4192848],[28.4356992,46.419303],[28.4354715,46.4194633],[28.435659,46.4197125],[28.4359354,46.4195497],[28.4362039,46.4197626],[28.4363802,46.4199218],[28.4363409,46.419941],[28.4365506,46.4200963],[28.4367189,46.4201992],[28.4367496,46.4202811],[28.4369214,46.4204587],[28.4366399,46.4205895],[28.4367871,46.4207967],[28.4368867,46.4207502],[28.4370522,46.420915],[28.4372447,46.4211073],[28.4373657,46.4210554],[28.437457,46.4210985],[28.437524,46.4211475],[28.4373675,46.4212553],[28.4374602,46.4213432],[28.437454,46.4214201],[28.4375355,46.4215909],[28.4375972,46.4217197],[28.4376261,46.4217094],[28.4376525,46.4217425],[28.4377862,46.421751],[28.4379326,46.4216698],[28.4380755,46.4215874],[28.4381125,46.4215968],[28.4381553,46.4216131],[28.4381932,46.4216295],[28.4382209,46.4216499],[28.4382397,46.4216681],[28.4382544,46.4216842],[28.4382906,46.421719],[28.4382496,46.4218062],[28.4382942,46.4218569],[28.4381453,46.4219348],[28.4382927,46.4221026],[28.4384878,46.4219823],[28.4386081,46.4220591],[28.4386431,46.4220937],[28.4387059,46.4221441],[28.4387414,46.4221444],[28.4392785,46.4213278],[28.4395966,46.4207556],[28.4398646,46.4208754],[28.439879,46.4208284],[28.4398901,46.4207924],[28.4399001,46.4207599],[28.4399093,46.4207301],[28.4399178,46.4207025],[28.439926,46.4206761],[28.4399341,46.4206497],[28.4399423,46.4206233],[28.4399505,46.4205969],[28.4399587,46.4205705],[28.4399669,46.4205441],[28.4399751,46.4205177],[28.4399833,46.4204914],[28.4399914,46.420465],[28.4399995,46.4204386],[28.4400077,46.4204123],[28.4400159,46.4203859],[28.4400241,46.4203595],[28.4400321,46.4203331],[28.4400375,46.4203156],[28.4400457,46.4202892],[28.4400539,46.4202627],[28.4400621,46.4202363],[28.4400702,46.4202099],[28.4400783,46.4201834],[28.4400864,46.4201571],[28.4400946,46.4201307],[28.4401026,46.4201043],[28.4401108,46.4200779],[28.4401189,46.4200516],[28.4401271,46.4200251],[28.4401353,46.4199986],[28.4401435,46.4199723],[28.4401705,46.4198843],[28.4401976,46.4197963],[28.4402057,46.4197699],[28.4402138,46.4197434],[28.440222,46.4197171],[28.4402301,46.4196907],[28.4402383,46.4196642],[28.4402463,46.4196379],[28.4402544,46.4196115],[28.4402624,46.4195851],[28.4402706,46.4195588],[28.4402787,46.4195324],[28.4402869,46.419506],[28.4402951,46.4194795],[28.4403031,46.4194532],[28.4403112,46.4194268],[28.4403194,46.4194004],[28.4403275,46.419374],[28.4403356,46.4193476],[28.4403437,46.4193212],[28.4403518,46.4192948],[28.4403599,46.4192685],[28.4403681,46.419242],[28.4403761,46.4192156],[28.4403843,46.4191892],[28.4403924,46.4191628],[28.4404004,46.4191364],[28.4404086,46.4191101],[28.440416,46.4190847],[28.44144,46.4195472],[28.4408896,46.4212538],[28.4409233,46.4214233],[28.440904,46.4214871],[28.4406846,46.4214989],[28.4403964,46.422364],[28.4402889,46.4226036],[28.4400437,46.4230009],[28.4396217,46.4232266],[28.439762,46.4233022],[28.4398885,46.4234593],[28.439521,46.4236782],[28.439461,46.423705],[28.4393555,46.4237963],[28.4393209,46.4237773],[28.4392641,46.4238265],[28.4391992,46.4238827],[28.4392003,46.4238919],[28.4390955,46.4240192],[28.4388099,46.4240146],[28.4386631,46.4239342],[28.438701,46.4238645],[28.4381367,46.4236323],[28.4381335,46.4236452],[28.4380177,46.4238018],[28.4379835,46.4238481],[28.437963,46.4238734],[28.4379358,46.4238887],[28.4378009,46.4239409],[28.4376685,46.4239927],[28.4373649,46.4239989],[28.4372988,46.4246548],[28.4373528,46.4246822],[28.4378079,46.4248415],[28.4379719,46.424899],[28.438033,46.4249248],[28.4382782,46.4250354],[28.4383914,46.4250864],[28.4386703,46.4252155],[28.4389982,46.4254124],[28.4391515,46.4254971],[28.4392374,46.4255514],[28.4392335,46.4255538],[28.4394799,46.4257537],[28.4394745,46.425784],[28.4395593,46.4259124],[28.4395935,46.4259234],[28.4398733,46.4261886],[28.4398631,46.4262114],[28.441828,46.4256871],[28.4423012,46.4258472],[28.4426366,46.4259606],[28.4428106,46.4259722],[28.4428125,46.4259412],[28.4428381,46.4259038],[28.4430213,46.4257564],[28.4431441,46.4256611],[28.4431666,46.4256436],[28.4434227,46.4254448],[28.4434769,46.4254014],[28.4437854,46.4256675],[28.4439232,46.4257853],[28.4441113,46.425962],[28.4444066,46.4262461],[28.4445204,46.4263427],[28.4445944,46.4264114],[28.4444802,46.4264931],[28.4443263,46.4265885],[28.4444132,46.4267725],[28.4446253,46.4269919],[28.4448348,46.4269378],[28.4450413,46.4271594],[28.4449058,46.4272516],[28.4449643,46.4273811],[28.4451051,46.4276557],[28.4451288,46.4278582],[28.4451724,46.4279851],[28.4452403,46.4280973],[28.4454608,46.428203],[28.4456176,46.4284333],[28.4457701,46.428564],[28.4460629,46.4287916],[28.4467266,46.4290906],[28.4462234,46.4293505],[28.4464203,46.4295438],[28.4464773,46.4297523],[28.4468453,46.4301814],[28.4469993,46.4303581],[28.4472297,46.4306255],[28.447282,46.4308498],[28.4472863,46.430983],[28.4472527,46.431162],[28.4471358,46.4314454],[28.4470026,46.4317299],[28.4473636,46.4319692],[28.4473996,46.4319432],[28.4474963,46.4319851],[28.4473353,46.4321027],[28.4473497,46.432112],[28.4476264,46.4322885],[28.4474581,46.4323918],[28.4475384,46.4324544],[28.4472534,46.4326293],[28.4473214,46.4326824],[28.4472955,46.4327636],[28.4473646,46.4328317],[28.4474009,46.4328451],[28.4475567,46.4329126],[28.448452,46.4326601],[28.4486936,46.4324837],[28.4489561,46.4322815],[28.449126,46.4321268],[28.4492479,46.4320669],[28.4494345,46.4320337],[28.4497382,46.4319505],[28.4499337,46.4318827],[28.4500026,46.4318851],[28.4500604,46.4320485],[28.4502605,46.4320259],[28.4506124,46.4319904],[28.4506187,46.4319912],[28.4508856,46.4319505],[28.4512118,46.4319091],[28.4511998,46.431864],[28.4514677,46.4318319],[28.4514565,46.4318041],[28.4516891,46.4317736],[28.4518067,46.4317627],[28.4522079,46.4317039],[28.4523382,46.4316551],[28.4523655,46.4316548],[28.4524308,46.4316632],[28.4525746,46.4316881],[28.4527816,46.4317155],[28.4527856,46.431686],[28.4531758,46.4316917],[28.4531919,46.4316687],[28.4532635,46.4316596],[28.4535093,46.4316651],[28.453553,46.4317077],[28.4539682,46.4317256],[28.4539853,46.4316684],[28.4540943,46.4316845],[28.4541044,46.4317377],[28.4543759,46.4317582],[28.4543889,46.4317657],[28.4544346,46.43203],[28.4544345,46.4320475],[28.4544336,46.4321109],[28.4545693,46.4321507],[28.454591,46.4321116],[28.4547306,46.4321925],[28.454804,46.4321238],[28.4548974,46.4321533],[28.4548468,46.4322535],[28.4549971,46.4323031],[28.4555228,46.4324642],[28.455889,46.4325464],[28.4562498,46.4319964],[28.4562651,46.4319934],[28.4564204,46.4320311],[28.4566324,46.4320925],[28.4567118,46.4320966],[28.4569055,46.4321323],[28.4570021,46.4320089],[28.4571495,46.4320564],[28.4570725,46.432176],[28.4572023,46.4322066],[28.4573887,46.432261],[28.4575235,46.4323014],[28.4575758,46.4323934],[28.4577671,46.4324423],[28.4578439,46.4323966],[28.4580537,46.4324779],[28.458246,46.4325446],[28.45845,46.4326203],[28.4584645,46.4326054],[28.4586057,46.4326865],[28.4586418,46.4327452],[28.4588023,46.4328204],[28.459133,46.4329831],[28.4595184,46.4331755],[28.4597418,46.4333038],[28.4596797,46.4334322],[28.4596507,46.4334458],[28.4598785,46.433585],[28.4601067,46.4334625],[28.4602524,46.4334302],[28.4602843,46.4334456],[28.4603224,46.4334702],[28.4603954,46.4335262],[28.460506,46.4336039],[28.460238,46.4340703],[28.460295,46.4341515],[28.4605025,46.4341409],[28.4605158,46.4341466],[28.4605723,46.4340985],[28.4606486,46.4341312],[28.4605921,46.4341793],[28.4607844,46.4342619],[28.4610569,46.4343778],[28.4613244,46.4344943],[28.4613688,46.4344694],[28.4615423,46.4345721],[28.4616159,46.434637],[28.461708,46.4345899],[28.4619048,46.4347274],[28.4621043,46.4348667],[28.4622819,46.4349907],[28.4624383,46.4350998],[28.4625919,46.4352033],[28.4627226,46.4352931],[28.4626563,46.4353814],[28.4628274,46.4354619],[28.4630135,46.4355494],[28.4630031,46.435639],[28.463176,46.4359726],[28.4636083,46.4361087],[28.4636809,46.4361015],[28.4638734,46.4361889],[28.4641563,46.4363171],[28.4644337,46.4364429],[28.4644255,46.4364643],[28.464474,46.4364627],[28.4647264,46.4365326],[28.4649843,46.4366025],[28.4652211,46.4366689],[28.4654581,46.4367328],[28.4654756,46.4366802],[28.4657989,46.4367659],[28.4655521,46.4370072],[28.4657575,46.437129],[28.4659352,46.4370434],[28.4659616,46.4370364],[28.466019,46.4370404],[28.466104,46.4372141],[28.4661009,46.4372191],[28.4664188,46.4373461],[28.4664439,46.4373574],[28.4666602,46.4374791],[28.4667587,46.4374612],[28.4670116,46.4375741],[28.4669535,46.4376305],[28.4671257,46.4378275],[28.4671345,46.4378375],[28.4672154,46.4379186],[28.4672486,46.4379573],[28.4676924,46.4382815],[28.4677259,46.4382875],[28.46807,46.4385752],[28.4680598,46.4385808],[28.4680962,46.438621],[28.4681055,46.4386148],[28.4681729,46.438677],[28.468284,46.4387685],[28.4684538,46.4389316],[28.4685645,46.4389378],[28.4686882,46.4390299],[28.4687539,46.4390872],[28.4689253,46.4389815],[28.4691948,46.4391534],[28.4691094,46.439195],[28.4691179,46.4392122],[28.4693929,46.4393913],[28.4692901,46.4394331],[28.4695616,46.4396104],[28.4695992,46.4396694],[28.4696181,46.4396733],[28.4697093,46.4397309],[28.4697624,46.4397972],[28.4697397,46.4398519],[28.4697285,46.4398678],[28.4697753,46.4398679],[28.4699305,46.4401155],[28.4700992,46.4403234],[28.4702148,46.4403845],[28.4702762,46.440393],[28.470277,46.4404517],[28.470274,46.4405129],[28.4703928,46.440751],[28.4700852,46.4408529],[28.4702466,46.4412396],[28.4699824,46.4413175],[28.469957,46.4413285],[28.4698912,46.4413393],[28.4694042,46.4415178],[28.4690321,46.4411927],[28.4687051,46.4408784],[28.4682877,46.4405536],[28.4675331,46.4409977],[28.4667871,46.4407987],[28.4659739,46.4406127],[28.4659057,46.4405949],[28.4656805,46.4405126]]]}}]}