{"type":"FeatureCollection","metadata":{"schema_version":1,"contract":"actual-public-geometry-chunk-v1","mode":"ACTUAL","jurisdiction":"MD","tier":"detail","root_entity_id":"osm-r1693908","feature_count":55,"geometry_source":"OpenStreetMap","geometry_precision":"master_coordinate_fidelity"},"features":[{"type":"Feature","properties":{"entity_id":"osm-r18966775","jurisdiction":"MD","display_name":"Lupăria","display_type":"component_locality","admin_level":9,"tier":"detail","legal_registry":"CUATM","legal_id":"7133","legal_type":null,"parent_catalog_id":"osm-r19045235","osm_relation_id":18966775,"legal_identity_status":"reconciled","geometry_source":"OpenStreetMap","canonical_geometry_role":null,"geometry_scope":null,"geometry_precision":"master_coordinate_fidelity"},"geometry":{"type":"Polygon","coordinates":[[[27.5478322,47.8736749],[27.5479018,47.8736474],[27.5479937,47.8736111],[27.5481684,47.8735421],[27.5482052,47.8735276],[27.548325,47.8734803],[27.5483895,47.8734549],[27.5484263,47.8734403],[27.5485824,47.8733768],[27.5486914,47.8733299],[27.548764,47.8732987],[27.5488002,47.8732831],[27.5488274,47.8732714],[27.5488636,47.8732559],[27.5488906,47.8732443],[27.5489176,47.8732326],[27.5489446,47.873221],[27.5490789,47.8731633],[27.5492122,47.873106],[27.5494372,47.8730092],[27.5494523,47.8729905],[27.5497683,47.8728774],[27.5498232,47.872848],[27.5501302,47.8727212],[27.550362,47.8726271],[27.5504316,47.8726009],[27.5504751,47.8725845],[27.5505885,47.8725417],[27.5507197,47.8724922],[27.5507898,47.8724658],[27.5508259,47.8724522],[27.5509757,47.8723957],[27.5510208,47.8723787],[27.5510325,47.8723742],[27.5510815,47.8723558],[27.551378,47.8722442],[27.5518996,47.8720481],[27.5519968,47.872207],[27.5515941,47.8726785],[27.5515895,47.8726839],[27.5514785,47.8731538],[27.5514586,47.8732307],[27.5514538,47.8732491],[27.5514354,47.8733199],[27.5513745,47.8735551],[27.5513598,47.8736116],[27.551357,47.8736225],[27.5513769,47.8736469],[27.5528438,47.8731397],[27.5528854,47.8731816],[27.5530287,47.8733193],[27.5529261,47.8733703],[27.5532207,47.8736261],[27.5534708,47.8738563],[27.5542375,47.8733619],[27.5554035,47.8725458],[27.5560881,47.8720461],[27.5561761,47.8720441],[27.5564097,47.8720977],[27.5565989,47.872147],[27.55671,47.8721608],[27.5564492,47.8728794],[27.5562897,47.8733753],[27.556285,47.8736376],[27.556343,47.87371],[27.5568204,47.873759],[27.5577284,47.8734733],[27.5578146,47.8734494],[27.5582401,47.8734992],[27.5585033,47.8735247],[27.5585777,47.8734209],[27.5591187,47.8733842],[27.5593081,47.8734672],[27.5595855,47.8735135],[27.5596674,47.8734316],[27.5597793,47.8734607],[27.5599025,47.8739585],[27.5599178,47.8739853],[27.5599851,47.8739854],[27.5600584,47.8739854],[27.5601115,47.8743121],[27.5600447,47.8743224],[27.5600442,47.8745988],[27.5602761,47.8746777],[27.5603041,47.8749601],[27.5603184,47.8750782],[27.5603038,47.8753875],[27.5603515,47.8756058],[27.560264,47.8757091],[27.560107,47.8756652],[27.5600512,47.8757526],[27.5600466,47.8758294],[27.5596481,47.8762713],[27.5598924,47.8764546],[27.5602156,47.8766486],[27.5598061,47.8770854],[27.5599732,47.8771518],[27.5601373,47.8772453],[27.5604315,47.8773865],[27.5607219,47.877526],[27.5606939,47.8775531],[27.5604559,47.8779264],[27.5602099,47.8783049],[27.5601752,47.8783575],[27.5599438,47.8786868],[27.5599113,47.8786776],[27.5597778,47.8788582],[27.5595891,47.8791061],[27.5595211,47.8793077],[27.5594814,47.8795571],[27.559398,47.8798997],[27.5592531,47.8800346],[27.5590879,47.8801883],[27.5590143,47.8802568],[27.5589561,47.8803111],[27.5589214,47.8803433],[27.5586773,47.8804757],[27.5585674,47.8805353],[27.5584938,47.8805677],[27.5580541,47.8808764],[27.5578144,47.881046],[27.5577151,47.8811237],[27.5575615,47.8812439],[27.5574858,47.8813032],[27.5573604,47.8813412],[27.5567798,47.8816908],[27.5565137,47.8818716],[27.5562459,47.8817123],[27.5561728,47.8817646],[27.5559472,47.8819651],[27.5556739,47.8822592],[27.5552494,47.8819548],[27.555185,47.8819221],[27.555065,47.8820871],[27.5548315,47.8823364],[27.5545401,47.8826719],[27.5543433,47.8828821],[27.554162,47.8831276],[27.5537324,47.8829685],[27.553432,47.8829428],[27.5531735,47.8829209],[27.5530297,47.882907],[27.552562,47.8828487],[27.5525607,47.882874],[27.5525954,47.8828838],[27.5525227,47.8829548],[27.5527132,47.8831362],[27.5527808,47.8831943],[27.5527287,47.8833441],[27.5526695,47.8835448],[27.5521966,47.8836823],[27.5517202,47.883378],[27.5516912,47.8833732],[27.5516554,47.8834697],[27.5515118,47.8834176],[27.5515152,47.8836531],[27.5513762,47.8837744],[27.5510571,47.8840082],[27.550702,47.8843477],[27.5504846,47.8844087],[27.5486559,47.885119],[27.5457987,47.8828354],[27.5476519,47.8800756],[27.5482713,47.8791449],[27.5485915,47.8785484],[27.5487136,47.8780921],[27.548681,47.8774939],[27.5486271,47.8772106],[27.5486153,47.8771569],[27.548485,47.8765868],[27.5483874,47.8760875],[27.5482522,47.8755486],[27.5481705,47.8750134],[27.5481913,47.8747475],[27.5480624,47.8742973],[27.5478191,47.8736855],[27.5478322,47.8736749]]]}},{"type":"Feature","properties":{"entity_id":"osm-r18966781","jurisdiction":"MD","display_name":"Braniște","display_type":"commune","admin_level":9,"tier":"detail","legal_registry":"CUATM","legal_id":"7117","legal_type":"commune","parent_catalog_id":"osm-r19045248","osm_relation_id":18966781,"legal_identity_status":"reconciled","geometry_source":"OpenStreetMap","canonical_geometry_role":null,"geometry_scope":null,"geometry_precision":"master_coordinate_fidelity"},"geometry":{"type":"Polygon","coordinates":[[[27.2598055,47.7902089],[27.2597732,47.7904594],[27.2597078,47.7906526],[27.2596278,47.7908679],[27.2595034,47.7908783],[27.2594293,47.79088],[27.2594177,47.7911143],[27.2594046,47.7912461],[27.2594843,47.7913294],[27.2596901,47.7914178],[27.2596443,47.7915829],[27.2596507,47.7916174],[27.2596028,47.7916951],[27.2597506,47.7917027],[27.2597799,47.7919017],[27.259749,47.7921514],[27.2598974,47.7921892],[27.2599839,47.7922183],[27.2600165,47.7923326],[27.2600242,47.7923923],[27.26001,47.7924219],[27.259919,47.7925689],[27.2598584,47.7926525],[27.2598806,47.7927005],[27.2598602,47.7928826],[27.2600869,47.7929517],[27.2600111,47.7930861],[27.2597544,47.7932932],[27.2596439,47.7934828],[27.2592345,47.793684],[27.2588869,47.7938395],[27.2588232,47.7938437],[27.2587007,47.7938166],[27.2584968,47.7937604],[27.258469,47.7939002],[27.2584113,47.7940599],[27.2584064,47.794073],[27.2582713,47.794434],[27.2583801,47.7944645],[27.2582915,47.7946768],[27.2581983,47.7947088],[27.2580774,47.7948364],[27.2584698,47.7949121],[27.2584756,47.7949633],[27.2584405,47.7954757],[27.2584279,47.7956612],[27.2585612,47.7956617],[27.2587518,47.7960912],[27.2588611,47.7962723],[27.2588737,47.7963191],[27.2588921,47.7964523],[27.2588731,47.7966249],[27.2588083,47.7969687],[27.2587812,47.7970475],[27.2586982,47.7970565],[27.2585663,47.7970446],[27.2582164,47.7970824],[27.2579365,47.7971341],[27.2579122,47.7971319],[27.2576605,47.7967725],[27.257658,47.7967548],[27.2575689,47.7966697],[27.2570659,47.7968193],[27.2567618,47.7968805],[27.2567954,47.7969443],[27.256802,47.7970167],[27.2567769,47.7970572],[27.2566424,47.7970325],[27.2563886,47.7972924],[27.256378,47.7973087],[27.2563859,47.7973142],[27.2562729,47.7974539],[27.2561741,47.7975728],[27.2561321,47.7976561],[27.2560141,47.7979223],[27.2559242,47.7980291],[27.2558019,47.7982143],[27.2556883,47.7983694],[27.2556535,47.7983637],[27.2554532,47.798632],[27.2552622,47.7988954],[27.255099,47.7991079],[27.2562875,47.7999012],[27.2569254,47.8003627],[27.256987,47.8002474],[27.2570933,47.8001055],[27.2571201,47.8000341],[27.2575628,47.8001304],[27.2579237,47.8002187],[27.2583712,47.8005163],[27.2588316,47.8005917],[27.2588368,47.8007105],[27.2587745,47.8009021],[27.25877,47.8010136],[27.2586884,47.8012047],[27.2586505,47.8012672],[27.2585539,47.8013963],[27.2580881,47.8015947],[27.2579342,47.8017129],[27.2577225,47.8016219],[27.2574254,47.8015114],[27.2572449,47.8014387],[27.2570703,47.8013938],[27.2566222,47.8012612],[27.2563732,47.8011811],[27.2561107,47.8010912],[27.2561304,47.8010535],[27.2558467,47.8009738],[27.2554718,47.8008747],[27.2553691,47.8009018],[27.2548965,47.8007376],[27.2545775,47.8006025],[27.254011,47.8005554],[27.253957,47.800553],[27.2535048,47.8005328],[27.2532086,47.8005101],[27.2532161,47.8004632],[27.2529105,47.8004762],[27.2523251,47.8005462],[27.2523281,47.8005774],[27.2519717,47.8006238],[27.251693,47.8006901],[27.2512819,47.8007819],[27.2512624,47.8006523],[27.2512288,47.8006758],[27.2507681,47.8007893],[27.2503598,47.8008938],[27.2502459,47.8000892],[27.2500959,47.8000143],[27.2495739,47.8002552],[27.2492921,47.799889],[27.2494488,47.799746],[27.2495633,47.7996273],[27.2491084,47.7991585],[27.2485463,47.7995096],[27.2484694,47.7993012],[27.2484998,47.7992708],[27.2484777,47.7992456],[27.2483859,47.7990392],[27.2482643,47.7988207],[27.2480464,47.798616],[27.2477615,47.7983988],[27.2477662,47.7983874],[27.2474199,47.7981923],[27.2473974,47.7981812],[27.2471618,47.7980952],[27.2466275,47.7978876],[27.2468297,47.7976851],[27.2471359,47.7974294],[27.2472514,47.7973167],[27.2472808,47.7972972],[27.2473087,47.7972685],[27.2473914,47.7972289],[27.2475107,47.7970962],[27.2478741,47.7967835],[27.2481402,47.7964975],[27.2498523,47.7953205],[27.2509418,47.7947734],[27.2510163,47.7940392],[27.2510433,47.7937798],[27.2510566,47.7937596],[27.2511142,47.7936588],[27.2511378,47.7933327],[27.2512011,47.7930266],[27.2512634,47.7928029],[27.2513166,47.7925593],[27.2513456,47.7924447],[27.2514287,47.7921666],[27.2512881,47.7920449],[27.2512569,47.7918307],[27.2510898,47.7918306],[27.2510646,47.791805],[27.2510438,47.7917075],[27.2509313,47.7914344],[27.250882,47.791268],[27.2507936,47.7909175],[27.2509005,47.790823],[27.2511287,47.7906986],[27.2514958,47.7905073],[27.2516672,47.7903102],[27.251693,47.7901791],[27.2518374,47.7899732],[27.2517666,47.7899469],[27.2517766,47.7899094],[27.251843,47.7897903],[27.2519039,47.7896944],[27.2520532,47.7894677],[27.2522301,47.7893443],[27.2524076,47.7891922],[27.2524891,47.7890444],[27.2525345,47.7889746],[27.2526655,47.7888189],[27.2527821,47.7886422],[27.2528367,47.7885794],[27.2529532,47.7886188],[27.2534496,47.7887591],[27.2538578,47.7888671],[27.2540439,47.7889339],[27.2540686,47.7889381],[27.2540932,47.7889419],[27.2541814,47.7889814],[27.2545051,47.7890391],[27.2545459,47.7890531],[27.2549299,47.789161],[27.255001,47.7891831],[27.2550853,47.7892102],[27.2551613,47.7892395],[27.2551868,47.7892448],[27.2553173,47.7892696],[27.2557716,47.7893688],[27.2558025,47.7893693],[27.2559108,47.7893916],[27.2559897,47.789401],[27.2563408,47.7894625],[27.2564771,47.7894878],[27.256867,47.789558],[27.2571671,47.7896318],[27.2575333,47.7897009],[27.2575498,47.7897009],[27.2576996,47.7897284],[27.2580376,47.7898136],[27.2585806,47.7899439],[27.258937,47.7900185],[27.2589753,47.7900065],[27.2596179,47.7901414],[27.2596453,47.7901797],[27.2596884,47.7901937],[27.2598055,47.7902089]]]}},{"type":"Feature","properties":{"entity_id":"osm-r18966798","jurisdiction":"MD","display_name":"Văratic","display_type":"independent_village","admin_level":9,"tier":"detail","legal_registry":"CUATM","legal_id":"7160","legal_type":"independent_village","parent_catalog_id":"osm-r19045254","osm_relation_id":18966798,"legal_identity_status":"reconciled","geometry_source":"OpenStreetMap","canonical_geometry_role":null,"geometry_scope":null,"geometry_precision":"master_coordinate_fidelity"},"geometry":{"type":"Polygon","coordinates":[[[27.2475432,47.9244719],[27.2474733,47.9244474],[27.247732,47.9240817],[27.2480763,47.9236368],[27.248143,47.9233464],[27.2486054,47.9227432],[27.2489114,47.922359],[27.249257,47.9218965],[27.2490015,47.9218005],[27.2492743,47.9214506],[27.2496301,47.9210209],[27.249823,47.9208086],[27.2499993,47.9205607],[27.2503751,47.9200536],[27.2505506,47.9197751],[27.2507277,47.9195398],[27.2509937,47.9192963],[27.2511325,47.919126],[27.2513762,47.9188473],[27.2513368,47.91879],[27.2513198,47.9187423],[27.2514328,47.9185814],[27.2515526,47.9184474],[27.2519184,47.9179537],[27.2525482,47.9172493],[27.2527932,47.9169339],[27.2531608,47.9164561],[27.2535827,47.9159532],[27.2537208,47.915693],[27.2535747,47.9156461],[27.2537802,47.9153771],[27.2540275,47.9150279],[27.2541889,47.9146005],[27.2540325,47.9140877],[27.2544096,47.9140152],[27.2543665,47.9138878],[27.2542868,47.9138051],[27.254247,47.9136465],[27.2542777,47.9134545],[27.2544343,47.9131299],[27.2545772,47.912883],[27.2550192,47.9128739],[27.2555799,47.9128715],[27.2558692,47.9123487],[27.2550339,47.9120756],[27.2543785,47.9118738],[27.2545863,47.9115808],[27.2548793,47.9114912],[27.2547029,47.9109515],[27.2544872,47.9103638],[27.2542621,47.9103778],[27.254003,47.9102544],[27.2536456,47.9102917],[27.2532817,47.9103499],[27.252096,47.9104977],[27.251207,47.9103847],[27.2510597,47.9101594],[27.2507464,47.9096984],[27.250535,47.9093975],[27.2506779,47.9086201],[27.2518647,47.9084292],[27.2534188,47.9081346],[27.2547235,47.907881],[27.254883,47.9078858],[27.2550633,47.9078382],[27.2552637,47.9077893],[27.2556033,47.9077116],[27.2554761,47.9074905],[27.2550741,47.9066139],[27.2550408,47.9065353],[27.2549521,47.906344],[27.2548712,47.9061724],[27.254786,47.9059965],[27.2547105,47.9058258],[27.2546272,47.9056422],[27.2545417,47.90547],[27.2544638,47.9052933],[27.2543309,47.9049911],[27.2548658,47.9047848],[27.2549654,47.9047434],[27.255101,47.9046933],[27.255173,47.9046427],[27.2553088,47.9045608],[27.2554755,47.9044749],[27.2557111,47.9043327],[27.255849,47.9042616],[27.2559393,47.904219],[27.2560265,47.9041706],[27.2561058,47.9041466],[27.2562132,47.9040899],[27.2568617,47.903732],[27.2578919,47.9047769],[27.258011,47.9049033],[27.2581024,47.904983],[27.2582875,47.9051706],[27.2576671,47.9054604],[27.2576664,47.905489],[27.2576172,47.9055221],[27.2568761,47.9058315],[27.2563191,47.9060741],[27.2567729,47.9066658],[27.2567055,47.9066906],[27.2569833,47.9070953],[27.2571911,47.9073787],[27.2573202,47.9075833],[27.2572143,47.907721],[27.2570354,47.9078537],[27.2568073,47.9079544],[27.2565366,47.9080649],[27.2570527,47.9083889],[27.2572472,47.9085058],[27.2574109,47.908393],[27.2573902,47.9083713],[27.2574798,47.9082677],[27.2575658,47.9082046],[27.2576638,47.9081365],[27.2577674,47.9080126],[27.2578942,47.9078844],[27.2581231,47.9078154],[27.258254,47.907703],[27.2584211,47.9076017],[27.2585714,47.9075051],[27.25876,47.9074122],[27.25889,47.9073152],[27.2590018,47.9072383],[27.2590904,47.9073612],[27.2591847,47.907303],[27.2592027,47.9072842],[27.2592893,47.9072383],[27.2594707,47.9071529],[27.2597307,47.9070177],[27.2599863,47.9068552],[27.260126,47.9067625],[27.2605628,47.9065099],[27.2608611,47.9066765],[27.2611427,47.9068184],[27.2612098,47.9068967],[27.2613451,47.9069288],[27.2614684,47.9067718],[27.2616368,47.906867],[27.2617145,47.9068694],[27.2616446,47.9069453],[27.2615962,47.9070164],[27.261581,47.9070203],[27.2615135,47.9071105],[27.2617939,47.9071515],[27.2619074,47.907185],[27.2620269,47.9072156],[27.2621343,47.907246],[27.2622641,47.9072873],[27.2623035,47.9072174],[27.2624209,47.9072449],[27.2625659,47.9072973],[27.2626918,47.9073411],[27.2628247,47.9073636],[27.2629762,47.9074202],[27.2632903,47.9075135],[27.2634933,47.9073268],[27.2637431,47.9070354],[27.263855,47.9068901],[27.2638963,47.9069068],[27.2640727,47.9069974],[27.264327,47.9071429],[27.2644588,47.9072249],[27.2646027,47.907295],[27.2647366,47.9073455],[27.2647465,47.9073636],[27.264832,47.9073733],[27.265209,47.9075593],[27.2654066,47.9076524],[27.2654607,47.9076975],[27.265488,47.9077614],[27.265552,47.9078407],[27.265623,47.9079451],[27.2656287,47.9079945],[27.265612,47.9080363],[27.2656648,47.9080812],[27.2657391,47.9081743],[27.2657842,47.9082846],[27.2658166,47.9083848],[27.2659015,47.9084257],[27.2659301,47.908562],[27.2659279,47.9086841],[27.2658703,47.9087121],[27.2658022,47.9088162],[27.2657997,47.9089417],[27.2658178,47.9090903],[27.2658383,47.9091711],[27.2659122,47.9092119],[27.2659319,47.9092418],[27.2660179,47.9095616],[27.2660568,47.9096791],[27.2660474,47.9097836],[27.2666528,47.9100093],[27.266697,47.9099601],[27.2668375,47.9097922],[27.2669313,47.9097711],[27.2669754,47.9097858],[27.2669983,47.9097628],[27.2672689,47.909882],[27.2672731,47.9099111],[27.2673705,47.9099576],[27.2673273,47.9100405],[27.2672767,47.910121],[27.2671904,47.9102923],[27.2670557,47.9102621],[27.2669967,47.9103535],[27.2669113,47.9104545],[27.2668069,47.9105606],[27.2664445,47.9104743],[27.2662862,47.9105854],[27.2661157,47.9105529],[27.2660061,47.9105403],[27.265864,47.9105099],[27.2658318,47.9104721],[27.2657234,47.9104178],[27.2651712,47.9107104],[27.265004,47.9108226],[27.2648959,47.9108879],[27.2647301,47.9108903],[27.2644411,47.9112215],[27.264356,47.9113558],[27.2644152,47.9114514],[27.2644326,47.9115525],[27.264439,47.9116917],[27.2643163,47.9117417],[27.2640492,47.9117612],[27.2640804,47.9118307],[27.2640899,47.9119445],[27.264089,47.912053],[27.2641051,47.9124532],[27.2641077,47.912542],[27.264158,47.9126119],[27.264318,47.9126175],[27.26445,47.9126812],[27.2645254,47.9126844],[27.2645472,47.9127394],[27.2645644,47.9128917],[27.2645505,47.9130201],[27.2645099,47.9130511],[27.2643444,47.9130799],[27.264386,47.9131881],[27.2644009,47.9132931],[27.2643634,47.9133736],[27.2644547,47.9133846],[27.2645028,47.9133949],[27.2644962,47.913456],[27.2644499,47.9136879],[27.2644675,47.9137465],[27.264498,47.9138304],[27.2645185,47.9139233],[27.2644421,47.9139577],[27.2643559,47.9139831],[27.264267,47.9139942],[27.2639335,47.9141089],[27.2637884,47.914154],[27.2636454,47.914174],[27.2634225,47.9142183],[27.2633257,47.914221],[27.2631291,47.9142157],[27.263019,47.914222],[27.2628962,47.9142203],[27.2629123,47.9142957],[27.2628765,47.9143116],[27.2625354,47.9144205],[27.2624164,47.9144655],[27.2623112,47.9145152],[27.2622971,47.9146289],[27.262332,47.9146962],[27.2623898,47.9147784],[27.2624482,47.9148953],[27.2624954,47.914892],[27.2625644,47.91498],[27.2626517,47.9151066],[27.262714,47.9152145],[27.26279,47.9153054],[27.262844,47.9153852],[27.2628934,47.9154473],[27.263064,47.9154595],[27.2633542,47.9153531],[27.2636625,47.9152535],[27.2637797,47.9152216],[27.2640796,47.9150821],[27.2645802,47.9148918],[27.2646524,47.9148769],[27.2647478,47.9148638],[27.264892,47.9148284],[27.2649185,47.9148336],[27.2652407,47.9152098],[27.2653633,47.9153427],[27.2654354,47.9152797],[27.2655009,47.9152351],[27.2656733,47.9153836],[27.2657506,47.9154392],[27.2658268,47.915515],[27.2658128,47.915539],[27.266058,47.9157827],[27.2661124,47.9158446],[27.266199,47.915967],[27.2662599,47.9160661],[27.2663046,47.9161549],[27.2662203,47.9162328],[27.2661889,47.9162676],[27.2662133,47.9164189],[27.266308,47.9166236],[27.2663898,47.9167382],[27.266418,47.916795],[27.2664729,47.9170272],[27.2664855,47.9171234],[27.2666799,47.9175193],[27.2670251,47.9175158],[27.2671839,47.9175379],[27.2669658,47.918176],[27.2671446,47.9181735],[27.2672286,47.918184],[27.2673909,47.918179],[27.2676229,47.9181767],[27.2677136,47.9182106],[27.2677498,47.9183204],[27.2677894,47.9183359],[27.2678191,47.9184038],[27.2678028,47.9184298],[27.2678097,47.9184683],[27.2678684,47.9185535],[27.267833,47.9186245],[27.2679396,47.9187456],[27.2680137,47.9187807],[27.2680415,47.9188605],[27.2681239,47.9189142],[27.26814,47.9190691],[27.2681282,47.919175],[27.2681211,47.9193169],[27.2681072,47.919781],[27.2680927,47.9202161],[27.2680971,47.9203918],[27.2680454,47.9206154],[27.2679694,47.9209025],[27.2679432,47.9210294],[27.2678826,47.9210744],[27.2677667,47.9212335],[27.267724,47.9213225],[27.2676453,47.9213697],[27.2675255,47.9215071],[27.2674998,47.9215971],[27.2674678,47.9216556],[27.2674154,47.9219346],[27.2673983,47.9220179],[27.2672721,47.9222967],[27.2671838,47.9223644],[27.2671272,47.9223956],[27.2670856,47.9224286],[27.2669834,47.9224202],[27.2668096,47.9224231],[27.2667905,47.9225035],[27.2668218,47.9225934],[27.2668348,47.9226878],[27.2666581,47.9227026],[27.2665604,47.9227263],[27.2664328,47.9227644],[27.2663433,47.9227858],[27.2659235,47.9229477],[27.2655443,47.9230669],[27.2654459,47.9230809],[27.2653081,47.9230941],[27.2651514,47.9230501],[27.2650626,47.9229094],[27.2649587,47.9228111],[27.2648616,47.9227278],[27.2647959,47.9226874],[27.2646228,47.9228915],[27.2645067,47.9229238],[27.2642378,47.9230101],[27.26401,47.9231269],[27.2640581,47.9232016],[27.2640606,47.9232355],[27.2641345,47.923344],[27.2641418,47.9233672],[27.2641493,47.9234557],[27.2641442,47.9234731],[27.2640716,47.923551],[27.2640006,47.9235852],[27.2638656,47.9236373],[27.2636083,47.9237234],[27.2634905,47.9237722],[27.2633439,47.9238217],[27.2631123,47.9239101],[27.2629401,47.9239738],[27.2627453,47.9237083],[27.2625709,47.9235118],[27.2624464,47.9235597],[27.2624673,47.9239496],[27.2618583,47.9242141],[27.2619302,47.9242671],[27.2620998,47.9244057],[27.2622137,47.9245233],[27.2622653,47.9247954],[27.2622749,47.9249324],[27.262265,47.925129],[27.2621133,47.9252499],[27.2618769,47.9254295],[27.2625948,47.9258666],[27.262382,47.9260149],[27.2624812,47.9260903],[27.2625671,47.9262156],[27.2627362,47.9263692],[27.2625932,47.9265544],[27.2625838,47.9266232],[27.2626576,47.9266879],[27.2628008,47.9267792],[27.2626373,47.9268829],[27.2624589,47.9269688],[27.2623009,47.9270802],[27.2616646,47.9275769],[27.2612331,47.9279332],[27.2611774,47.9279888],[27.2609781,47.9279111],[27.2608194,47.9278263],[27.2607761,47.927798],[27.2606779,47.9278968],[27.2605433,47.9280509],[27.2603841,47.9282076],[27.2601088,47.9280234],[27.2599771,47.9279218],[27.2598524,47.9278791],[27.2596778,47.9277652],[27.2595433,47.9276372],[27.2594411,47.927518],[27.2595036,47.9273607],[27.2595791,47.9272036],[27.2596686,47.9270462],[27.2597665,47.9269055],[27.2597258,47.9265353],[27.2594364,47.9264942],[27.259335,47.9264738],[27.2592323,47.9264429],[27.2588334,47.926302],[27.2584485,47.9264604],[27.2581761,47.9263811],[27.2580681,47.9263521],[27.2579054,47.9263089],[27.2577663,47.9262896],[27.2577288,47.9263553],[27.2574234,47.9263076],[27.2570914,47.9262547],[27.2570372,47.9262488],[27.2567997,47.9262073],[27.2566204,47.9261811],[27.2564047,47.926141],[27.2563418,47.926135],[27.2563746,47.9260717],[27.2561667,47.9260048],[27.2560579,47.9259639],[27.2558753,47.9259083],[27.2556546,47.9258533],[27.255995,47.9254673],[27.2557517,47.9253522],[27.2553898,47.9257471],[27.2551486,47.9260088],[27.2551114,47.926049],[27.2547805,47.9264062],[27.254519,47.9266488],[27.2543411,47.9265842],[27.2537605,47.9263934],[27.2534113,47.9262796],[27.2531235,47.9262083],[27.252896,47.9261475],[27.252813,47.9261183],[27.2523558,47.9259568],[27.2518327,47.9257923],[27.2517833,47.9257777],[27.2512915,47.9256191],[27.2507332,47.9254453],[27.2506299,47.9254446],[27.2501553,47.9252984],[27.2496975,47.9251179],[27.2496307,47.9251186],[27.2491334,47.9249819],[27.2486398,47.9248198],[27.2486037,47.9248081],[27.248073,47.924639],[27.2475432,47.9244719]]]}},{"type":"Feature","properties":{"entity_id":"osm-r18966802","jurisdiction":"MD","display_name":"Borosenii Noi","display_type":"independent_village","admin_level":9,"tier":"detail","legal_registry":"CUATM","legal_id":"7116","legal_type":"independent_village","parent_catalog_id":"osm-r19045241","osm_relation_id":18966802,"legal_identity_status":"reconciled","geometry_source":"OpenStreetMap","canonical_geometry_role":null,"geometry_scope":null,"geometry_precision":"master_coordinate_fidelity"},"geometry":{"type":"MultiPolygon","coordinates":[[[[27.474016,47.9854733],[27.4744112,47.9854633],[27.4742993,47.9859988],[27.47409,47.9864778],[27.4738208,47.9869025],[27.4735248,47.9872581],[27.4730299,47.9871276],[27.4726526,47.9878829],[27.4731244,47.9879992],[27.4731109,47.9882796],[27.4730794,47.9885152],[27.4730474,47.9887618],[27.4730006,47.9890324],[27.4730795,47.9892551],[27.4731356,47.9893302],[27.4733722,47.9896625],[27.4731921,47.9899114],[27.4733265,47.9901811],[27.4736427,47.9902953],[27.4738927,47.9908099],[27.4739069,47.9911016],[27.4734872,47.9919369],[27.4735775,47.992441],[27.4734292,47.9924738],[27.4733888,47.9924757],[27.4734152,47.9929076],[27.4734054,47.9930447],[27.4733651,47.993269],[27.4736791,47.9932634],[27.4737489,47.993467],[27.4733278,47.9936542],[27.4732464,47.9936522],[27.4731712,47.9936231],[27.4731348,47.9936915],[27.4730162,47.9939197],[27.4727582,47.9943035],[27.4724475,47.9942172],[27.47196,47.9952591],[27.4718614,47.9955519],[27.4714952,47.9954982],[27.471255,47.9958032],[27.4708305,47.9957302],[27.4705416,47.9959386],[27.4702828,47.9958477],[27.469948,47.9958032],[27.4695155,47.9957457],[27.4691652,47.9956432],[27.4691225,47.9957014],[27.4688757,47.9960392],[27.4693275,47.9961765],[27.4698016,47.996323],[27.4697765,47.9963871],[27.4691679,47.9964926],[27.4691158,47.9965265],[27.4681892,47.9962925],[27.4679629,47.9965853],[27.4669139,47.9966496],[27.4660705,47.9967002],[27.4656826,47.9965758],[27.465595,47.9966986],[27.4652252,47.9965909],[27.4638763,47.9961105],[27.464872,47.9949027],[27.464534,47.9947839],[27.4645367,47.9947789],[27.4642947,47.9946906],[27.4640416,47.9946038],[27.4638127,47.9945154],[27.4636615,47.9944621],[27.4635741,47.9944313],[27.4635613,47.9944248],[27.4634505,47.9943837],[27.4632787,47.9945876],[27.4630511,47.9948624],[27.4630266,47.9949236],[27.463033,47.9949492],[27.4625375,47.9955317],[27.4622367,47.9954293],[27.4617205,47.9952448],[27.4615946,47.9952019],[27.4613042,47.9955288],[27.4612749,47.9955615],[27.4610358,47.9958309],[27.4607724,47.9961273],[27.4599146,47.99579],[27.459867,47.9957615],[27.460017,47.9954549],[27.4601265,47.9950355],[27.4607655,47.9942156],[27.4608059,47.9940934],[27.4609343,47.9938052],[27.4609977,47.9937031],[27.461121,47.9935787],[27.4614033,47.9933359],[27.4617872,47.9929505],[27.4623609,47.9931704],[27.4627955,47.9933062],[27.4630596,47.9929704],[27.4630687,47.9929345],[27.463094,47.992707],[27.4627939,47.9924561],[27.4625961,47.9923482],[27.4625187,47.9923106],[27.4622156,47.9921941],[27.4615023,47.9920357],[27.4611699,47.991882],[27.4610116,47.9917667],[27.4609188,47.9916178],[27.4609338,47.9914939],[27.4609557,47.9914196],[27.4613055,47.991249],[27.4617015,47.991067],[27.4621284,47.990938],[27.4626438,47.9906979],[27.4620734,47.9904835],[27.4620458,47.9904567],[27.462017,47.9903875],[27.4620237,47.9903399],[27.4622633,47.9899832],[27.4621857,47.9899237],[27.462546,47.9893994],[27.4625487,47.9893266],[27.4619653,47.9891411],[27.4616409,47.9891309],[27.4613019,47.9892002],[27.4612701,47.9891038],[27.4612185,47.9889658],[27.4611936,47.9887905],[27.4611961,47.9886966],[27.4612753,47.9885466],[27.4613275,47.9885205],[27.4613852,47.9885118],[27.4616804,47.9885508],[27.4618815,47.9882025],[27.4628163,47.9874876],[27.4631461,47.9872459],[27.4639283,47.9867319],[27.46446,47.9864113],[27.4644771,47.986373],[27.4650095,47.985958],[27.4652272,47.9857746],[27.4653687,47.98567],[27.4661789,47.9850996],[27.466526,47.9849016],[27.4670781,47.9844473],[27.4674151,47.9841048],[27.4676444,47.983931],[27.4678241,47.9838977],[27.4679396,47.9838955],[27.4680752,47.9839146],[27.4683483,47.9840193],[27.4687495,47.9842059],[27.4689547,47.9838901],[27.4690589,47.9837599],[27.4694537,47.9834054],[27.4697374,47.9832082],[27.4699049,47.9830998],[27.4701603,47.9828226],[27.4703764,47.9824881],[27.4705179,47.982294],[27.4709622,47.9817817],[27.471108,47.9814623],[27.4712473,47.9811499],[27.4713133,47.9810208],[27.4717837,47.9802309],[27.4719829,47.9800131],[27.4720884,47.979927],[27.4725084,47.9795884],[27.4734755,47.9805723],[27.4742454,47.9814321],[27.4744152,47.982165],[27.4744761,47.9824014],[27.4745352,47.9827234],[27.4744119,47.9828092],[27.4741756,47.98317],[27.4740428,47.983461],[27.4741157,47.9838914],[27.4741662,47.9843353],[27.4741776,47.9844601],[27.4741081,47.9850224],[27.474016,47.9854733]]],[[[27.4680641,47.9777688],[27.4681941,47.9770445],[27.4682635,47.9768748],[27.4683378,47.9767718],[27.4686266,47.976408],[27.4687191,47.9763304],[27.4688293,47.9762716],[27.4689248,47.9762435],[27.4691318,47.9762148],[27.4691787,47.9762114],[27.4692907,47.9762044],[27.4694173,47.9762066],[27.4695494,47.9762129],[27.469639,47.976222],[27.4698554,47.9762449],[27.4706298,47.975593],[27.4710027,47.975756],[27.4714747,47.9759591],[27.4715127,47.9759699],[27.4715491,47.9759161],[27.4715767,47.9758863],[27.4716073,47.9758472],[27.4722445,47.9760107],[27.4730307,47.9762525],[27.4729238,47.9767732],[27.4729205,47.9771921],[27.4728133,47.9774905],[27.4727129,47.977727],[27.4725019,47.9777034],[27.4724917,47.9777133],[27.4724757,47.9777259],[27.472434,47.9777285],[27.4718634,47.9776228],[27.4717483,47.9775865],[27.4715915,47.9775957],[27.4713517,47.9776012],[27.4709283,47.9776011],[27.470775,47.977606],[27.4701877,47.9776429],[27.4695137,47.9777151],[27.4694412,47.9777082],[27.4687424,47.9777491],[27.4685388,47.9777514],[27.4680641,47.9777688]]],[[[27.4777783,47.9835811],[27.4778027,47.9835682],[27.4780277,47.9835006],[27.4781472,47.9834762],[27.4781937,47.9834489],[27.4782372,47.983382],[27.4782615,47.9833372],[27.4783053,47.9833032],[27.4781311,47.9831873],[27.4779705,47.9829858],[27.4785863,47.9828076],[27.4795502,47.9827012],[27.4796886,47.9830233],[27.4810085,47.9828002],[27.4829374,47.9827045],[27.4842994,47.9827381],[27.4839778,47.9857992],[27.4836212,47.9886776],[27.4813539,47.9885272],[27.4812788,47.988521],[27.4813294,47.988639],[27.4814613,47.9887616],[27.4811946,47.9889623],[27.4811829,47.9889773],[27.4812314,47.9889842],[27.4817842,47.9895138],[27.481747,47.9895543],[27.4814376,47.9898667],[27.4812871,47.9900198],[27.4811568,47.9901704],[27.4809883,47.9903491],[27.4800236,47.9913457],[27.4795144,47.9911327],[27.4794059,47.9914055],[27.4787187,47.9910897],[27.4783065,47.9924625],[27.4781254,47.9928572],[27.4779318,47.9932376],[27.4777501,47.9935482],[27.4771469,47.9932998],[27.4773701,47.9930482],[27.4776055,47.9927619],[27.4771087,47.9926367],[27.4770071,47.9928154],[27.4769416,47.9928959],[27.4766624,47.9932193],[27.4764139,47.9935133],[27.4756144,47.993313],[27.4757745,47.9928972],[27.475431,47.9927668],[27.4754263,47.9927502],[27.4753663,47.9927373],[27.4751809,47.9927578],[27.475144,47.9927497],[27.4751065,47.9927009],[27.4750897,47.9926468],[27.4750483,47.9925733],[27.4750019,47.9924633],[27.4749995,47.9924326],[27.4752757,47.9920606],[27.4756339,47.9916544],[27.47611,47.9911374],[27.4763564,47.9909611],[27.4770604,47.991153],[27.4771475,47.9911523],[27.4773043,47.9908072],[27.4772055,47.9906383],[27.4772414,47.9906045],[27.4768125,47.9903824],[27.4767922,47.9903169],[27.4768396,47.9902303],[27.476871,47.9901982],[27.4767297,47.9901241],[27.4766916,47.9900842],[27.4766907,47.9898556],[27.4767358,47.9894268],[27.4759521,47.9894883],[27.4754316,47.9895305],[27.4752295,47.9896709],[27.47514,47.9897371],[27.4748471,47.9899439],[27.4745939,47.9900935],[27.4744028,47.9899426],[27.4743176,47.9898385],[27.4742832,47.9896674],[27.4742907,47.9895242],[27.4743146,47.9893618],[27.4743859,47.9892241],[27.4745232,47.9891202],[27.4752202,47.9887345],[27.475583,47.9885373],[27.4755361,47.9884615],[27.4757792,47.9880616],[27.4753401,47.9880375],[27.474685,47.9879605],[27.4755643,47.9870767],[27.4756893,47.9868399],[27.475802,47.9867392],[27.4769247,47.9869369],[27.4772296,47.9864841],[27.476863,47.9863126],[27.4768382,47.9862787],[27.4767731,47.9860626],[27.4767679,47.9859281],[27.4759028,47.9859787],[27.4757291,47.9862854],[27.4748989,47.9860063],[27.4749657,47.9854737],[27.475002,47.9853375],[27.4750691,47.9851916],[27.4756256,47.9853686],[27.4760862,47.9854178],[27.4761841,47.9853036],[27.4764741,47.9849896],[27.4769902,47.9847218],[27.4764426,47.9843271],[27.4764325,47.9842985],[27.4764513,47.9842347],[27.4765061,47.984165],[27.4765903,47.9841067],[27.4770334,47.9838668],[27.4769642,47.9836949],[27.4766136,47.9837505],[27.4763483,47.9837656],[27.476171,47.983773],[27.475663,47.983765],[27.475631,47.983753],[27.475624,47.9837054],[27.4755731,47.9834233],[27.4755732,47.983398],[27.4755742,47.9833751],[27.4755774,47.9833477],[27.4756088,47.9833226],[27.4756736,47.9832799],[27.4757164,47.9832502],[27.4757424,47.9832375],[27.4757804,47.9832204],[27.4758279,47.9831988],[27.4759461,47.9831493],[27.4759612,47.983145],[27.4771851,47.9830132],[27.4772125,47.9830874],[27.4775256,47.9831119],[27.4775618,47.9831218],[27.4776057,47.9831536],[27.4776493,47.9832294],[27.4777,47.9833642],[27.4777008,47.9833718],[27.4777337,47.98358],[27.4777783,47.9835811]]]]}},{"type":"Feature","properties":{"entity_id":"osm-r18966810","jurisdiction":"MD","display_name":"Dămășcani","display_type":"component_locality","admin_level":9,"tier":"detail","legal_registry":"CUATM","legal_id":"7124","legal_type":null,"parent_catalog_id":"osm-r19045245","osm_relation_id":18966810,"legal_identity_status":"reconciled","geometry_source":"OpenStreetMap","canonical_geometry_role":null,"geometry_scope":null,"geometry_precision":"master_coordinate_fidelity"},"geometry":{"type":"Polygon","coordinates":[[[27.2961752,47.8659406],[27.2970619,47.8663754],[27.2972923,47.8664742],[27.2975371,47.86658],[27.2977867,47.8666839],[27.2979879,47.8667648],[27.2982251,47.8668541],[27.29846,47.8669551],[27.2985976,47.8670166],[27.2985943,47.8670327],[27.2986805,47.8670696],[27.2987866,47.8671146],[27.2990859,47.8668442],[27.2993089,47.8666138],[27.2996134,47.8667564],[27.299741,47.8666386],[27.2999772,47.866452],[27.300125,47.8663352],[27.3002795,47.8662054],[27.3005096,47.8660797],[27.3004312,47.8660652],[27.3002069,47.8659514],[27.3002246,47.8659111],[27.3004297,47.8657779],[27.3005064,47.8657204],[27.3005351,47.8657097],[27.3008308,47.8655114],[27.3010042,47.8656132],[27.301277,47.8653979],[27.30161,47.8651085],[27.3018181,47.8649448],[27.3020409,47.8647867],[27.3021557,47.8648684],[27.3023676,47.8647815],[27.3024409,47.864816],[27.3025084,47.8647623],[27.3026007,47.8647065],[27.3027775,47.8645995],[27.3030732,47.8647443],[27.3034291,47.8645648],[27.3034828,47.8644508],[27.3035249,47.8643583],[27.3036587,47.8643136],[27.3040489,47.8643795],[27.3044402,47.8645161],[27.3046776,47.8643876],[27.305057,47.8641941],[27.3051548,47.8643681],[27.3055915,47.8642791],[27.3059041,47.8641993],[27.3059968,47.8642274],[27.3060927,47.8640592],[27.3063572,47.8639147],[27.3065096,47.8641189],[27.3066892,47.8640849],[27.3068205,47.8642102],[27.3071419,47.8640982],[27.3073399,47.8639163],[27.307815,47.8641687],[27.3079278,47.8641784],[27.3079849,47.8642048],[27.3081797,47.8643442],[27.3082609,47.864406],[27.3085784,47.864671],[27.3086221,47.8646436],[27.3089417,47.8648376],[27.3092426,47.8649677],[27.3093609,47.8650636],[27.3099579,47.865392],[27.3103896,47.8656349],[27.3101998,47.8659187],[27.3098684,47.8665894],[27.3097463,47.8671882],[27.3097593,47.8674998],[27.3097742,47.8676962],[27.3098549,47.867986],[27.3099106,47.8682677],[27.3099856,47.868549],[27.3103776,47.8692359],[27.3106521,47.8697193],[27.310905,47.8700432],[27.3132751,47.8716749],[27.3137445,47.8724251],[27.3108685,47.8760408],[27.3098585,47.8765487],[27.309534,47.8764248],[27.309275,47.8763218],[27.3085085,47.876017],[27.3072514,47.8755306],[27.3065817,47.8752756],[27.3056453,47.8749238],[27.3057739,47.8747509],[27.3062029,47.8741744],[27.3066808,47.8735598],[27.3065077,47.873506],[27.3046286,47.872957],[27.3045694,47.8729392],[27.3033079,47.8725602],[27.3020155,47.8721719],[27.3021655,47.8719739],[27.3022988,47.871798],[27.3023156,47.8717758],[27.3023783,47.8717382],[27.3027445,47.8718475],[27.3028894,47.8716508],[27.3029067,47.8716273],[27.3029692,47.8715349],[27.3032183,47.871167],[27.3033931,47.8709086],[27.3034675,47.8707988],[27.3043421,47.8710344],[27.3043878,47.8709796],[27.3044634,47.870889],[27.304659,47.8706545],[27.3047149,47.8705876],[27.3047867,47.8704879],[27.3048066,47.8704604],[27.3048797,47.8703589],[27.304942,47.8702725],[27.3050518,47.8701202],[27.305261,47.8698299],[27.3053347,47.8697278],[27.3053711,47.869627],[27.3046752,47.8694129],[27.3046244,47.8694327],[27.3045289,47.8694224],[27.3041218,47.8693175],[27.3039814,47.8692537],[27.3037021,47.8691453],[27.3031251,47.8692404],[27.3023609,47.8688008],[27.3022365,47.8690111],[27.302262,47.8690437],[27.3021619,47.8691379],[27.3018704,47.8693743],[27.3017715,47.8694363],[27.3016475,47.8695676],[27.3016321,47.8695922],[27.3015241,47.8696767],[27.3014063,47.8697469],[27.3012533,47.8697771],[27.3011032,47.8698702],[27.3010046,47.8700895],[27.300637,47.8699796],[27.3005982,47.8699478],[27.3002657,47.8697737],[27.3002029,47.8697492],[27.2999976,47.8700054],[27.2991201,47.8696469],[27.2987794,47.8695265],[27.2981426,47.8692663],[27.2979305,47.8691799],[27.2974213,47.8689774],[27.2968826,47.8687633],[27.2962754,47.8685221],[27.2958554,47.8683551],[27.2954214,47.8681827],[27.2950231,47.8680317],[27.294604,47.867858],[27.2948123,47.8676038],[27.2951004,47.8672523],[27.2953754,47.8669167],[27.2956461,47.8665864],[27.2959132,47.8662603],[27.2961752,47.8659406]]]}},{"type":"Feature","properties":{"entity_id":"osm-r18966986","jurisdiction":"MD","display_name":"Păscăuți","display_type":"component_locality","admin_level":9,"tier":"detail","legal_registry":"CUATM","legal_id":"7137","legal_type":null,"parent_catalog_id":"osm-r19045245","osm_relation_id":18966986,"legal_identity_status":"reconciled","geometry_source":"OpenStreetMap","canonical_geometry_role":null,"geometry_scope":null,"geometry_precision":"master_coordinate_fidelity"},"geometry":{"type":"Polygon","coordinates":[[[27.263471,47.8339708],[27.2633313,47.8338662],[27.2631229,47.8339012],[27.262654,47.8336087],[27.2620375,47.8332168],[27.2617684,47.8330764],[27.2624804,47.8328485],[27.2635833,47.8325153],[27.265485,47.8319542],[27.2659799,47.8316414],[27.2668873,47.8309749],[27.2677035,47.8315101],[27.2678625,47.8313944],[27.2681526,47.8311813],[27.2681656,47.8311651],[27.2681252,47.8311362],[27.2687396,47.8307118],[27.2688434,47.8306415],[27.2689945,47.8305405],[27.2690515,47.8305042],[27.2693828,47.8306891],[27.2704752,47.8313522],[27.2709523,47.8316455],[27.2713783,47.8319516],[27.2715033,47.8320498],[27.2718194,47.8322908],[27.2727914,47.8328983],[27.2731736,47.8325797],[27.2734198,47.8323626],[27.2755212,47.8320181],[27.2759032,47.832238],[27.2759192,47.8322269],[27.2763279,47.8324539],[27.2764694,47.8325319],[27.2765125,47.8325315],[27.2774433,47.8318306],[27.2774495,47.8317512],[27.2775779,47.8316547],[27.2779267,47.8314517],[27.2783324,47.8311577],[27.2787694,47.8308193],[27.2791978,47.8305002],[27.2795819,47.8302054],[27.2798243,47.8299589],[27.2801542,47.8297503],[27.2807548,47.8293601],[27.2808805,47.829402],[27.2809789,47.8294172],[27.281207,47.8294922],[27.281826,47.8297161],[27.2821259,47.8297889],[27.2825705,47.8298416],[27.2826481,47.8298563],[27.282687,47.8298785],[27.2828894,47.8298957],[27.2829408,47.829896],[27.2829998,47.8299031],[27.2833227,47.8299883],[27.2833846,47.8300315],[27.2838315,47.8301493],[27.2839532,47.8301761],[27.284395,47.8303164],[27.2851029,47.8305663],[27.2853175,47.8306212],[27.2858245,47.8307796],[27.2861155,47.8308936],[27.2860682,47.8309591],[27.2860209,47.8310247],[27.2859944,47.8310518],[27.2858915,47.831157],[27.2857716,47.8312687],[27.2856798,47.8313423],[27.2856178,47.8314227],[27.2855902,47.8314587],[27.2855469,47.8314967],[27.285438,47.8315924],[27.2853723,47.8316626],[27.2853189,47.831708],[27.2851847,47.8318253],[27.2851584,47.8318495],[27.2850855,47.8319171],[27.2849474,47.8320589],[27.2847156,47.8322872],[27.2845009,47.8324774],[27.2842867,47.8326671],[27.2841722,47.8327502],[27.2838822,47.8329494],[27.2838782,47.8329535],[27.2837566,47.833045],[27.2837,47.8330918],[27.2834995,47.8332482],[27.2834358,47.8332728],[27.2832781,47.8334067],[27.2831257,47.8335091],[27.2829694,47.833635],[27.28289,47.833699],[27.2828808,47.8337052],[27.2827879,47.8337689],[27.2827339,47.8338326],[27.2826682,47.8338775],[27.2826395,47.8338968],[27.282541,47.8339704],[27.2824116,47.8340876],[27.2822739,47.8341852],[27.2821876,47.8342341],[27.2821736,47.8342739],[27.2819841,47.8344546],[27.2819714,47.8344746],[27.2818766,47.834598],[27.2817715,47.8347021],[27.281757,47.8347221],[27.2816436,47.8348205],[27.2816246,47.8348524],[27.2814758,47.8350026],[27.2814222,47.8350429],[27.2813786,47.8350799],[27.2812858,47.8351395],[27.2812228,47.8351879],[27.2811036,47.8352841],[27.281041,47.8353475],[27.2810332,47.8353593],[27.2809092,47.8354583],[27.2806136,47.8357171],[27.2809368,47.8357402],[27.2813109,47.8357399],[27.2814933,47.8357238],[27.2818255,47.8358937],[27.2820842,47.8360223],[27.282481,47.8361573],[27.2824333,47.836204],[27.2823639,47.8362399],[27.2824233,47.8363369],[27.2824079,47.8363891],[27.2824036,47.8364432],[27.2824533,47.8366291],[27.2825055,47.8366773],[27.2825432,47.8367598],[27.2825869,47.8370022],[27.2826244,47.837224],[27.2826522,47.8373556],[27.2827066,47.837533],[27.2827479,47.8376868],[27.2828087,47.8377716],[27.2828204,47.8377702],[27.2830243,47.8380343],[27.2830579,47.8380531],[27.2832332,47.838186],[27.2834004,47.8383134],[27.2834806,47.8383745],[27.2835784,47.8384547],[27.2836107,47.8384957],[27.2836465,47.8385182],[27.2837077,47.8385487],[27.2837161,47.8385455],[27.2838876,47.8386919],[27.2840475,47.8388351],[27.2840517,47.8388316],[27.2842526,47.8391519],[27.284227,47.8391621],[27.284232,47.8392034],[27.2843732,47.8394867],[27.2844602,47.8396889],[27.2842638,47.8398255],[27.2842722,47.8399862],[27.2846651,47.840145],[27.2848732,47.8402639],[27.2844275,47.8406621],[27.284101,47.8410653],[27.2837273,47.8414496],[27.2837929,47.8414786],[27.2837288,47.8415398],[27.2836663,47.8415182],[27.283436,47.8417747],[27.2836459,47.8418919],[27.2835508,47.8420644],[27.2837105,47.8421062],[27.2841198,47.8422028],[27.2840068,47.8423961],[27.283858,47.8426521],[27.2838059,47.842752],[27.2836752,47.8429916],[27.2835675,47.843206],[27.2835174,47.8433121],[27.2834814,47.8433809],[27.2834521,47.8434369],[27.2833647,47.843419],[27.2833259,47.8434937],[27.283196,47.8434934],[27.282881,47.8434133],[27.282397,47.8432902],[27.2821187,47.8432252],[27.2821003,47.8432414],[27.2819603,47.8433807],[27.2819568,47.8435782],[27.2813628,47.8435958],[27.2813,47.843558],[27.2809898,47.8427768],[27.2808289,47.8427224],[27.2804617,47.8424169],[27.2798228,47.8419948],[27.2797601,47.8419718],[27.2797453,47.8419716],[27.2792695,47.8417245],[27.2788662,47.8414869],[27.2787778,47.8414099],[27.278209,47.841135],[27.277934,47.8409073],[27.2774813,47.8404939],[27.2774632,47.840461],[27.2773409,47.8403399],[27.2771635,47.8401642],[27.2770411,47.840035],[27.2770104,47.8400448],[27.2729932,47.8421109],[27.2680664,47.8374241],[27.2679238,47.8373339],[27.2677365,47.8371964],[27.2675744,47.8370807],[27.2674049,47.8369597],[27.2673095,47.8368915],[27.267169,47.8367701],[27.2670158,47.8366375],[27.2668329,47.8365037],[27.2667032,47.8364023],[27.2665781,47.8363119],[27.2664553,47.8362233],[27.2663504,47.8361367],[27.2662552,47.8360581],[27.2662029,47.8360157],[27.2661672,47.8359868],[27.2661055,47.8359383],[27.266011,47.8358641],[27.2659541,47.8358194],[27.2658017,47.8356998],[27.2656775,47.8356022],[27.2654884,47.8354556],[27.265344,47.8353457],[27.2652133,47.8352427],[27.2650342,47.8351016],[27.264808,47.8349434],[27.2644812,47.8346937],[27.263471,47.8339708]]]}},{"type":"Feature","properties":{"entity_id":"osm-r18966991","jurisdiction":"MD","display_name":"Reteni","display_type":"component_locality","admin_level":9,"tier":"detail","legal_registry":"CUATM","legal_id":"7119","legal_type":null,"parent_catalog_id":"osm-r19045248","osm_relation_id":18966991,"legal_identity_status":"reconciled","geometry_source":"OpenStreetMap","canonical_geometry_role":null,"geometry_scope":null,"geometry_precision":"master_coordinate_fidelity"},"geometry":{"type":"Polygon","coordinates":[[[27.25871,47.8106621],[27.2587414,47.8107593],[27.2587415,47.8109152],[27.2587198,47.8110227],[27.2588019,47.8110393],[27.2589323,47.8113164],[27.2587232,47.8112916],[27.2586784,47.8114272],[27.2586125,47.8115575],[27.2586349,47.8116036],[27.2586294,47.8116208],[27.2585826,47.8116391],[27.2584593,47.8116653],[27.2584379,47.8116601],[27.2584335,47.8116704],[27.2584109,47.8116963],[27.2583068,47.8117713],[27.2581101,47.8119035],[27.2580362,47.8119858],[27.2580317,47.8119955],[27.2580502,47.8122064],[27.2580352,47.8122803],[27.2579903,47.8123725],[27.2579691,47.8124856],[27.2579369,47.8125743],[27.257517,47.8125],[27.2574612,47.812482],[27.257224,47.8128147],[27.2574539,47.8128852],[27.2574158,47.8129702],[27.2573627,47.8131137],[27.257242,47.8130961],[27.2570442,47.8134842],[27.2562922,47.8132863],[27.255811,47.8131557],[27.2557889,47.8131415],[27.2556034,47.8130725],[27.2548158,47.8128508],[27.2546369,47.8127973],[27.2544529,47.8127462],[27.2543936,47.8128303],[27.253553,47.8138536],[27.2534942,47.8138994],[27.2533602,47.8139403],[27.2530837,47.8139586],[27.2529612,47.8139392],[27.2526469,47.8138778],[27.2523615,47.8137738],[27.2522004,47.8137315],[27.2521175,47.8137127],[27.2520807,47.8136491],[27.2520747,47.8136315],[27.2518718,47.8135945],[27.2515346,47.8135087],[27.2514253,47.8134825],[27.2512135,47.8134305],[27.2512408,47.8133715],[27.2512441,47.8133498],[27.2512839,47.8132541],[27.2513303,47.8131591],[27.2512574,47.8131625],[27.251174,47.8131408],[27.2511098,47.813131],[27.251055,47.8131239],[27.2509613,47.8131168],[27.2505561,47.8129541],[27.2502634,47.8127849],[27.2501643,47.8129248],[27.2498512,47.8134078],[27.2495532,47.8133984],[27.2493369,47.813368],[27.2492124,47.8133505],[27.2490316,47.8133162],[27.2488481,47.8132813],[27.2486343,47.8132407],[27.2484311,47.8132021],[27.2482405,47.8131587],[27.2480457,47.813113],[27.2479112,47.8130814],[27.2477662,47.8130527],[27.2475822,47.8130184],[27.2473665,47.8129829],[27.247293,47.8129683],[27.2470263,47.8129138],[27.2468882,47.8128806],[27.2465058,47.8127833],[27.2461119,47.8126974],[27.2460229,47.8126914],[27.2457489,47.8126438],[27.2455593,47.8125545],[27.2455848,47.8124667],[27.2458556,47.8121405],[27.246059,47.8118858],[27.2460963,47.8118448],[27.2461565,47.8117598],[27.2461728,47.8117491],[27.2461971,47.8117161],[27.246204,47.8116896],[27.2465366,47.8112155],[27.2465627,47.8111904],[27.2469296,47.8113093],[27.2470634,47.8112397],[27.2471246,47.8111106],[27.247266,47.8110117],[27.2471069,47.81087],[27.2471124,47.8107984],[27.2472534,47.8105671],[27.2475072,47.8103796],[27.2476764,47.8104042],[27.2481887,47.8099569],[27.2481093,47.8099073],[27.2483038,47.8097068],[27.2482903,47.8096975],[27.2484156,47.809493],[27.2484548,47.8095019],[27.2485762,47.8092181],[27.2485478,47.8092107],[27.2486425,47.8089062],[27.2487517,47.8086646],[27.2488119,47.8085222],[27.2493833,47.8086593],[27.2498486,47.808796],[27.2501845,47.8088688],[27.2505806,47.8089576],[27.2510172,47.809053],[27.2510934,47.8090613],[27.2514987,47.8091422],[27.2518416,47.8092106],[27.2522559,47.8092938],[27.2526752,47.8093644],[27.2530694,47.8094816],[27.2535204,47.809609],[27.2540325,47.8097213],[27.2540638,47.8097306],[27.2547764,47.8098714],[27.2549995,47.8099326],[27.2550231,47.809946],[27.2553784,47.8100369],[27.2560473,47.8101931],[27.2564626,47.8102966],[27.2569912,47.8103927],[27.2571294,47.8104007],[27.2571659,47.8104119],[27.2574614,47.8104665],[27.2575563,47.8104752],[27.2578019,47.8105171],[27.2583084,47.8105922],[27.2585375,47.8106319],[27.2585546,47.8106496],[27.258631,47.8106642],[27.25871,47.8106621]]]}},{"type":"Feature","properties":{"entity_id":"osm-r18966993","jurisdiction":"MD","display_name":"Cepăria","display_type":"component_locality","admin_level":9,"tier":"detail","legal_registry":"CUATM","legal_id":"7153","legal_type":null,"parent_catalog_id":"osm-r19045250","osm_relation_id":18966993,"legal_identity_status":"reconciled","geometry_source":"OpenStreetMap","canonical_geometry_role":null,"geometry_scope":null,"geometry_precision":"master_coordinate_fidelity"},"geometry":{"type":"Polygon","coordinates":[[[27.7026822,47.924052],[27.7028884,47.9240038],[27.7032325,47.9239373],[27.7036423,47.9238476],[27.7038742,47.9237904],[27.7038956,47.923781],[27.7042688,47.92368],[27.7043306,47.9236805],[27.7046167,47.9236004],[27.704771,47.9235096],[27.7049433,47.9233427],[27.7049568,47.9233212],[27.7051352,47.9231822],[27.7051372,47.9231806],[27.7075706,47.9281703],[27.7087316,47.9305507],[27.7087526,47.9305828],[27.7089271,47.9305871],[27.7092469,47.9305815],[27.7097575,47.9305767],[27.7102788,47.9305556],[27.7106112,47.9305248],[27.7108784,47.9305185],[27.7112907,47.9305366],[27.7117775,47.9305607],[27.7121842,47.9305951],[27.7126324,47.9306195],[27.7131829,47.9306722],[27.713375,47.9306688],[27.7135384,47.9306698],[27.713888,47.9306942],[27.714225,47.9306924],[27.7147413,47.9306841],[27.7152681,47.9306407],[27.7155292,47.9306133],[27.7158178,47.9305752],[27.7158742,47.9305407],[27.7159263,47.930486],[27.7165389,47.9303139],[27.7171011,47.9300594],[27.7172567,47.9299971],[27.7176168,47.9298506],[27.7175712,47.9296996],[27.7173043,47.9290958],[27.7174214,47.9290664],[27.716836,47.9281979],[27.7177849,47.9279298],[27.7181856,47.928905],[27.7181974,47.9289303],[27.7183165,47.9289043],[27.7186073,47.9295239],[27.7186257,47.9295697],[27.7186097,47.9296055],[27.7187199,47.9298263],[27.7188921,47.929841],[27.7193354,47.9297274],[27.7194205,47.9296985],[27.7196801,47.9296199],[27.7200524,47.9302126],[27.7201018,47.9302733],[27.7205064,47.9301271],[27.7208221,47.930021],[27.72085,47.9300151],[27.7212901,47.9298826],[27.7217298,47.9297539],[27.7221191,47.9296284],[27.7225311,47.9294866],[27.7230441,47.9301053],[27.7230471,47.9302136],[27.7229402,47.9302437],[27.7225856,47.9303631],[27.7221928,47.9304941],[27.7217667,47.9306238],[27.7213627,47.9307518],[27.7211866,47.9308085],[27.721248,47.9308777],[27.7213077,47.9309573],[27.7213984,47.9310897],[27.7214264,47.9316417],[27.7214799,47.9317173],[27.7218247,47.9317173],[27.7221636,47.9316974],[27.7223419,47.9317929],[27.7228705,47.9325412],[27.7211292,47.9328515],[27.7207428,47.9329828],[27.7203207,47.9331977],[27.7201903,47.9333571],[27.7200176,47.9335209],[27.7197945,47.9336607],[27.7192906,47.9338389],[27.7186212,47.9340461],[27.7184298,47.9340815],[27.71707,47.9341635],[27.7167148,47.9341513],[27.7161261,47.9342107],[27.7161457,47.9342504],[27.716384,47.9349007],[27.7162755,47.9349855],[27.7158997,47.9350244],[27.7156442,47.9350531],[27.7152278,47.9350954],[27.7147246,47.9351826],[27.7142797,47.9352531],[27.7137138,47.9353372],[27.713429,47.9353466],[27.7128535,47.9354232],[27.7124948,47.9354498],[27.7120692,47.9354996],[27.7119814,47.9355194],[27.7115515,47.9355781],[27.711238,47.9356147],[27.7107017,47.9357027],[27.7099804,47.9358028],[27.7097041,47.9358282],[27.7095105,47.9358334],[27.7094277,47.9358096],[27.7093941,47.9357675],[27.7094306,47.9356739],[27.7096324,47.9355251],[27.7096957,47.9354675],[27.7094974,47.9353659],[27.7091946,47.9352378],[27.7088921,47.9351259],[27.7088077,47.9351334],[27.7083951,47.9349736],[27.707957,47.9348399],[27.7081167,47.9346221],[27.7081043,47.9345466],[27.7080439,47.9345225],[27.7080228,47.9344986],[27.7079764,47.9343097],[27.7079341,47.9341115],[27.7078911,47.933806],[27.7079486,47.9338112],[27.7085011,47.9339139],[27.7085755,47.9339224],[27.7087728,47.9339335],[27.7090454,47.9339294],[27.7092306,47.9339492],[27.7095576,47.9339899],[27.7098099,47.9340399],[27.7100061,47.9340712],[27.7103518,47.9340462],[27.7104636,47.9340276],[27.7104445,47.933955],[27.7102118,47.9329564],[27.7096232,47.9330064],[27.7092121,47.9331252],[27.7088009,47.9331877],[27.7084179,47.9332064],[27.7078479,47.9332251],[27.7075863,47.9331501],[27.7071939,47.9330562],[27.7069338,47.9329808],[27.7068182,47.9329541],[27.7067244,47.9328933],[27.706637,47.9324422],[27.7066944,47.9324171],[27.7067201,47.9324111],[27.7067066,47.9322809],[27.7064414,47.9315778],[27.7064049,47.9315043],[27.7061496,47.9307703],[27.7059883,47.9307869],[27.7051477,47.9290237],[27.7026822,47.924052]]]}},{"type":"Feature","properties":{"entity_id":"osm-r18967050","jurisdiction":"MD","display_name":"Recea","display_type":"commune","admin_level":9,"tier":"detail","legal_registry":"CUATM","legal_id":"7145","legal_type":"commune","parent_catalog_id":"osm-r19045239","osm_relation_id":18967050,"legal_identity_status":"reconciled","geometry_source":"OpenStreetMap","canonical_geometry_role":null,"geometry_scope":null,"geometry_precision":"master_coordinate_fidelity"},"geometry":{"type":"Polygon","coordinates":[[[27.6611774,47.8977871],[27.6606137,47.8975354],[27.6615953,47.8970389],[27.6636338,47.8962808],[27.6639093,47.8962008],[27.6642109,47.8961131],[27.6642836,47.896092],[27.6647039,47.8959698],[27.6647243,47.8959639],[27.6650188,47.8959063],[27.6651203,47.8958865],[27.6651489,47.8958809],[27.665366,47.895828],[27.6654975,47.895796],[27.6649238,47.8953248],[27.6645549,47.8950511],[27.6642837,47.8948352],[27.6650088,47.8944228],[27.665255,47.894241],[27.6654393,47.8940671],[27.6655761,47.893929],[27.6657449,47.8937894],[27.6659577,47.893589],[27.6662117,47.8934116],[27.6663439,47.8932954],[27.6665026,47.8931473],[27.6666132,47.8929864],[27.6667182,47.8928122],[27.6667708,47.8927559],[27.666877,47.8926639],[27.6670846,47.8925299],[27.6671559,47.892565],[27.6672732,47.8924692],[27.6674175,47.8924423],[27.667479,47.8924518],[27.6675056,47.8924125],[27.6671094,47.8922648],[27.6667934,47.8921159],[27.6667979,47.8920342],[27.6669464,47.8918747],[27.6672174,47.8916317],[27.6674167,47.8914578],[27.6675824,47.891308],[27.6676741,47.8911369],[27.6677924,47.8909592],[27.6678769,47.8908015],[27.6678354,47.8906922],[27.6678787,47.8905763],[27.6680788,47.8903917],[27.6682518,47.8902477],[27.6685478,47.8900414],[27.6688021,47.889847],[27.669032,47.8896137],[27.6692369,47.8894163],[27.6697487,47.889568],[27.6697576,47.8894929],[27.6697948,47.8892277],[27.6698079,47.8890466],[27.6697999,47.8887782],[27.6697739,47.8885816],[27.6699431,47.8883984],[27.6700965,47.8882461],[27.6701246,47.8882058],[27.6701864,47.8881494],[27.6699556,47.8879832],[27.6689014,47.8875183],[27.6684527,47.8871617],[27.6679151,47.8870044],[27.6661093,47.8870079],[27.6660778,47.8875254],[27.6660568,47.8877876],[27.6659784,47.8881442],[27.6659313,47.888333],[27.665806,47.8885253],[27.6655762,47.8888155],[27.6653778,47.8889624],[27.6651742,47.8890288],[27.6647775,47.8891896],[27.664506,47.8893015],[27.6642816,47.889326],[27.6640833,47.889305],[27.6638275,47.8892841],[27.663483,47.889291],[27.6631019,47.8893959],[27.6626461,47.8894901],[27.6623915,47.8895831],[27.6622968,47.8895068],[27.6621011,47.8893224],[27.6618831,47.8891016],[27.6616029,47.8893385],[27.6614837,47.8894269],[27.6612952,47.8895441],[27.6610524,47.8894001],[27.660878,47.8892692],[27.6608493,47.8892513],[27.6613152,47.8889402],[27.6617322,47.8886601],[27.6617678,47.8886324],[27.6623382,47.8883059],[27.6627566,47.8880989],[27.6632841,47.8877835],[27.663297,47.8877557],[27.6632062,47.8876893],[27.6631405,47.8876414],[27.6628915,47.8874596],[27.6627387,47.887348],[27.6625777,47.8872304],[27.6624945,47.8871655],[27.6624182,47.8871048],[27.6621583,47.8868977],[27.6620703,47.8868277],[27.6620357,47.8868001],[27.6616818,47.8865182],[27.6616,47.886453],[27.6615242,47.8863926],[27.661466,47.8863463],[27.6613961,47.8862906],[27.6613497,47.8862536],[27.6613122,47.8862238],[27.6611616,47.8861032],[27.6610325,47.8859999],[27.6606483,47.8856924],[27.660563,47.885624],[27.6603893,47.8854829],[27.6602132,47.8853399],[27.6601551,47.8852927],[27.6601265,47.8852694],[27.6599975,47.8851647],[27.6598094,47.8850118],[27.6597902,47.8849962],[27.6596564,47.8848878],[27.6595447,47.8847974],[27.6592729,47.8845771],[27.6591432,47.884472],[27.6590853,47.8844242],[27.6589511,47.8843135],[27.6587699,47.884164],[27.6586651,47.8840775],[27.6586014,47.8840249],[27.6585671,47.8839966],[27.6584859,47.8839295],[27.6583546,47.8838212],[27.6583129,47.8837876],[27.6584112,47.8837278],[27.6590392,47.8833568],[27.6596371,47.8829933],[27.6597974,47.8828873],[27.6603543,47.8825475],[27.6611212,47.8820722],[27.6613252,47.8819451],[27.6612811,47.8819055],[27.6609272,47.8816128],[27.661344,47.8813477],[27.6616853,47.8811435],[27.6620791,47.8809052],[27.6624289,47.8806491],[27.6627848,47.8804514],[27.6631715,47.880221],[27.6634235,47.8800621],[27.664001,47.8796936],[27.6642133,47.8795709],[27.6644111,47.8794378],[27.6646151,47.8793009],[27.6648113,47.8791662],[27.6650061,47.8790334],[27.6652054,47.8788993],[27.6653991,47.8787679],[27.6655913,47.8786359],[27.6656334,47.8786027],[27.6657819,47.8785019],[27.6659846,47.8783674],[27.6661492,47.878215],[27.6663582,47.878077],[27.6665674,47.877939],[27.6669259,47.8776513],[27.6671436,47.8774604],[27.6674211,47.877275],[27.6677146,47.877051],[27.6685327,47.8764054],[27.6694993,47.8770534],[27.6689981,47.8773717],[27.6691005,47.8774337],[27.6703429,47.8781481],[27.670762,47.8784437],[27.6707726,47.8787261],[27.6706978,47.8791336],[27.670591,47.8793194],[27.6703989,47.8795268],[27.6707753,47.8798215],[27.6705989,47.8801361],[27.6703824,47.8804074],[27.6700016,47.8805524],[27.6695445,47.8807539],[27.6692719,47.8808559],[27.6690394,47.8808291],[27.6687188,47.8805955],[27.6684854,47.8803976],[27.6678103,47.880754],[27.6677991,47.8807921],[27.6678648,47.8808538],[27.6677035,47.8809428],[27.6677578,47.881],[27.6676948,47.8810572],[27.6675223,47.8811616],[27.6673049,47.8810107],[27.6672771,47.8810157],[27.6672277,47.8810635],[27.6671042,47.8811976],[27.6673054,47.8813515],[27.667459,47.8814506],[27.667531,47.8815028],[27.6676599,47.881615],[27.6673428,47.8818767],[27.6669988,47.882226],[27.6668908,47.8823666],[27.6666621,47.8824997],[27.6665786,47.8825446],[27.6666387,47.8825962],[27.6667858,47.8826537],[27.666684,47.8829043],[27.6665848,47.8831318],[27.6665414,47.8831972],[27.6665327,47.8833846],[27.6665385,47.8834811],[27.6665263,47.8835239],[27.666491,47.8835873],[27.6664361,47.8836606],[27.6662732,47.8837864],[27.6662209,47.8837938],[27.6661826,47.8838232],[27.6663326,47.8839418],[27.6663481,47.8839904],[27.6663213,47.8841304],[27.6663158,47.8841486],[27.6662833,47.8841625],[27.6663092,47.8841934],[27.6663197,47.8841878],[27.6663427,47.8842072],[27.6661755,47.88432],[27.6662202,47.8843682],[27.666404,47.8844635],[27.6663423,47.8846147],[27.666264,47.8847674],[27.6661874,47.8849542],[27.6661395,47.8851775],[27.6661216,47.8852017],[27.6660621,47.8851937],[27.665952,47.8852736],[27.6656876,47.8854491],[27.6661927,47.8858392],[27.6672383,47.8864943],[27.6674583,47.886296],[27.6674271,47.8862639],[27.6673649,47.8862346],[27.6675155,47.886074],[27.6675055,47.8860683],[27.6676736,47.885901],[27.6678757,47.8857224],[27.6678628,47.8857129],[27.6680256,47.8855897],[27.6681847,47.8854796],[27.668357,47.8855785],[27.6686324,47.8854112],[27.6689434,47.8852683],[27.6693476,47.8853798],[27.6694977,47.8854383],[27.6696659,47.8854116],[27.6698079,47.8854293],[27.6700416,47.8854677],[27.670181,47.8854961],[27.6703184,47.8855431],[27.6703837,47.8855824],[27.6704379,47.8856816],[27.6704866,47.8859727],[27.6705663,47.8862509],[27.6705861,47.8863054],[27.6706981,47.8863659],[27.6707791,47.8864034],[27.6709295,47.8863152],[27.6711747,47.8864087],[27.6712429,47.8864244],[27.6713724,47.8864751],[27.6719312,47.8866809],[27.6722126,47.8863879],[27.6721404,47.8863606],[27.6722684,47.8862215],[27.672084,47.8860331],[27.6722067,47.8857772],[27.6723077,47.8856573],[27.6723495,47.885619],[27.6726374,47.8857423],[27.6730795,47.8855679],[27.6733812,47.885719],[27.6733641,47.8857356],[27.673619,47.885886],[27.6737758,47.8860447],[27.6738313,47.8861449],[27.6738296,47.8861781],[27.6738533,47.8863251],[27.6738917,47.8863481],[27.6739369,47.8864718],[27.6740168,47.886653],[27.6740837,47.8868214],[27.6743175,47.8872535],[27.6741473,47.8873291],[27.6743221,47.887607],[27.674319,47.887645],[27.6743111,47.8876554],[27.6743852,47.8876871],[27.6743421,47.8879388],[27.674211,47.8883414],[27.6741922,47.8883897],[27.6743506,47.8883978],[27.6745686,47.8891721],[27.675173,47.8899322],[27.6752971,47.8903063],[27.6751856,47.8907262],[27.6751621,47.8908417],[27.6751378,47.8914614],[27.6750503,47.8917343],[27.6751277,47.8919612],[27.6752813,47.8919569],[27.6757512,47.8918915],[27.6758156,47.8920093],[27.6758391,47.892084],[27.6758717,47.8921486],[27.6758776,47.8921476],[27.6759206,47.8922587],[27.6759478,47.8923058],[27.6759879,47.8923038],[27.6760678,47.8924619],[27.6760135,47.89261],[27.6757462,47.8931713],[27.6754089,47.89369],[27.6756577,47.8937434],[27.6767257,47.8938998],[27.6766289,47.8941876],[27.6774996,47.8944579],[27.6776253,47.8942767],[27.6778385,47.8943426],[27.6778776,47.8943498],[27.6778887,47.8943328],[27.677915,47.8943365],[27.6779746,47.8943568],[27.6778888,47.8944776],[27.6778164,47.894567],[27.6807554,47.895603],[27.6800661,47.8962148],[27.6801181,47.8962334],[27.6801993,47.8962707],[27.6802902,47.8962958],[27.6803073,47.8962683],[27.6803536,47.8962477],[27.6803964,47.8962483],[27.680405,47.8962649],[27.6805749,47.8962703],[27.6808973,47.8963763],[27.6808871,47.8963893],[27.680926,47.8964054],[27.681048,47.8964383],[27.6811781,47.8964335],[27.6812337,47.8964442],[27.6813178,47.8964198],[27.6814491,47.8964574],[27.6815726,47.8965798],[27.681753,47.8967693],[27.6817329,47.8967846],[27.6817946,47.8968523],[27.6818201,47.8969224],[27.6817552,47.8969769],[27.6817054,47.8969763],[27.6816824,47.8969971],[27.6820595,47.8972029],[27.6822033,47.8970848],[27.6822665,47.897102],[27.6824185,47.8971833],[27.6825886,47.8972056],[27.682687,47.8973625],[27.6828136,47.897515],[27.6829864,47.8976296],[27.6830099,47.8977739],[27.6833837,47.8980816],[27.6833566,47.8982659],[27.6835232,47.8983279],[27.684121,47.8984069],[27.6844876,47.8984711],[27.685333,47.8987083],[27.6854728,47.8987348],[27.6856705,47.8987807],[27.6856654,47.8990649],[27.6856571,47.8992081],[27.6859557,47.8993114],[27.6859797,47.899374],[27.6857218,47.8995372],[27.6853716,47.8998268],[27.6851978,47.9000179],[27.6851135,47.9001826],[27.6851232,47.9002409],[27.6851516,47.9004118],[27.685157,47.9004446],[27.6851025,47.9005964],[27.6846785,47.9009466],[27.6848248,47.9010357],[27.6849338,47.9011021],[27.685024,47.901157],[27.6848753,47.9012528],[27.6848197,47.9013002],[27.6845647,47.9013723],[27.6844472,47.9013603],[27.6842826,47.9012546],[27.6841383,47.9010975],[27.6839569,47.9010011],[27.6840076,47.9009409],[27.6836692,47.9007712],[27.6835735,47.9009672],[27.6833451,47.9008915],[27.6830745,47.9008198],[27.6829888,47.9008061],[27.6829398,47.9009053],[27.682925,47.9009016],[27.6829029,47.9009438],[27.682738,47.9009156],[27.6826004,47.90088],[27.6825843,47.9008734],[27.6826019,47.9007209],[27.6825171,47.9007174],[27.6825173,47.9007008],[27.6824681,47.9005525],[27.6822911,47.9004299],[27.6818505,47.900568],[27.6818097,47.900567],[27.6818097,47.9005849],[27.6817585,47.900585],[27.6817549,47.9005744],[27.6816885,47.9005801],[27.6813503,47.9006304],[27.6810929,47.9006654],[27.6810902,47.9007635],[27.6812558,47.9009373],[27.6814109,47.9011108],[27.6814304,47.9012821],[27.6813679,47.9016112],[27.6808516,47.9019616],[27.6807719,47.9022477],[27.6806236,47.9025708],[27.6801832,47.9024305],[27.6798646,47.9028535],[27.6797107,47.9030616],[27.6795342,47.9033075],[27.6788765,47.9030684],[27.6787376,47.903032],[27.678345,47.9029101],[27.6780061,47.9028073],[27.6779297,47.9028277],[27.6775777,47.9027747],[27.6770189,47.9026847],[27.6769152,47.9026711],[27.6764679,47.9026141],[27.6764811,47.9025661],[27.6764684,47.9025407],[27.6764347,47.9024982],[27.6765326,47.9021378],[27.6765982,47.9018119],[27.6766283,47.901626],[27.6765225,47.901602],[27.6760158,47.9015445],[27.6756236,47.9014986],[27.6752439,47.9015099],[27.6752498,47.9015334],[27.6752655,47.9015769],[27.6751234,47.9016981],[27.6751083,47.9017556],[27.6750161,47.9017649],[27.6750179,47.9017898],[27.67486,47.902171],[27.6747644,47.9023463],[27.6746363,47.9025654],[27.6738905,47.9024368],[27.6733626,47.9022559],[27.6733676,47.9025216],[27.6731663,47.9028525],[27.6729617,47.9032117],[27.6727026,47.9031513],[27.6721486,47.9030288],[27.672006,47.9030153],[27.6716773,47.9029376],[27.6714909,47.9031803],[27.6713364,47.9034457],[27.6717118,47.9035121],[27.6716944,47.9035844],[27.671755,47.9035913],[27.6718165,47.9036369],[27.6718301,47.9036924],[27.6718278,47.9037739],[27.6718519,47.9039261],[27.6717836,47.9039787],[27.6717141,47.9040323],[27.6716239,47.9041693],[27.6715293,47.904429],[27.6715848,47.904447],[27.6715055,47.9047039],[27.6714847,47.9047466],[27.6714458,47.9047513],[27.6714345,47.9047868],[27.6713879,47.9048956],[27.671376,47.9049251],[27.6713337,47.9049945],[27.6711784,47.9051323],[27.6710521,47.905258],[27.6710382,47.9053524],[27.6710447,47.9054838],[27.6710012,47.9056921],[27.6710165,47.9059168],[27.671013,47.9061493],[27.6709267,47.9063309],[27.6708669,47.9064942],[27.6707779,47.9065811],[27.6707432,47.9066126],[27.6706011,47.906806],[27.6701279,47.9066025],[27.6699349,47.9068654],[27.6699009,47.9069123],[27.6696878,47.9071881],[27.669535,47.9073902],[27.6694995,47.9074153],[27.669344,47.9076133],[27.669148,47.907869],[27.6690258,47.9078225],[27.6689721,47.9078797],[27.6687152,47.9081247],[27.6687333,47.9081326],[27.6685929,47.9083311],[27.6684434,47.9086076],[27.668459,47.9086148],[27.6683691,47.908797],[27.668314,47.9088695],[27.6682995,47.9088636],[27.6681209,47.9091025],[27.6679082,47.9093486],[27.6676649,47.9096107],[27.6674076,47.9098752],[27.6671795,47.9101258],[27.6669625,47.91036],[27.6668015,47.9104682],[27.6665608,47.9106548],[27.6644089,47.9089703],[27.6617683,47.9069861],[27.6622143,47.9066001],[27.6625039,47.9063214],[27.6627486,47.9060912],[27.6628064,47.9060347],[27.6630705,47.9057879],[27.663082,47.9057756],[27.6634079,47.9054672],[27.6634682,47.9054118],[27.6635145,47.9053684],[27.6635239,47.9053584],[27.6637447,47.905148],[27.6639693,47.9049339],[27.664043,47.9048684],[27.6642387,47.9046836],[27.6644105,47.9045208],[27.6644661,47.9044689],[27.6647043,47.9042424],[27.6649233,47.9040377],[27.6649482,47.9040224],[27.6650195,47.9039462],[27.6651986,47.9037755],[27.6653862,47.9036033],[27.6656841,47.9033246],[27.6659224,47.9031032],[27.6660837,47.9029516],[27.66618,47.9028613],[27.6664367,47.9026201],[27.6665272,47.9025338],[27.6667879,47.9022871],[27.6664602,47.9020962],[27.6663903,47.9020546],[27.666088,47.901917],[27.6654803,47.9016675],[27.665113,47.90149],[27.6649657,47.9015118],[27.6648543,47.9015283],[27.6647061,47.9015292],[27.664642,47.9015193],[27.6643829,47.901508],[27.6641497,47.9014306],[27.6640172,47.9013282],[27.6639557,47.901243],[27.6638737,47.9011109],[27.6638091,47.9009177],[27.663752,47.9007467],[27.6636518,47.9003088],[27.6636081,47.9002587],[27.6636309,47.9002386],[27.6636479,47.9001947],[27.6636853,47.9000987],[27.6636885,47.9000904],[27.6637059,47.9000293],[27.663742,47.899902],[27.6637495,47.8998758],[27.6638807,47.8998079],[27.6639102,47.8997927],[27.6639458,47.8997601],[27.6640869,47.8996309],[27.6642429,47.899488],[27.6643284,47.8994097],[27.6643691,47.8993725],[27.6643474,47.8993355],[27.6637989,47.8991078],[27.6637897,47.8991166],[27.6637467,47.8990964],[27.6633967,47.8989539],[27.6624944,47.8985655],[27.6624522,47.8985464],[27.6626134,47.8984109],[27.6621919,47.8982285],[27.661745,47.8980425],[27.6611774,47.8977871]]]}},{"type":"Feature","properties":{"entity_id":"osm-r18967115","jurisdiction":"MD","display_name":"Alexăndrești","display_type":"commune","admin_level":9,"tier":"detail","legal_registry":"CUATM","legal_id":"7111","legal_type":"commune","parent_catalog_id":"osm-r19045244","osm_relation_id":18967115,"legal_identity_status":"reconciled","geometry_source":"OpenStreetMap","canonical_geometry_role":null,"geometry_scope":null,"geometry_precision":"master_coordinate_fidelity"},"geometry":{"type":"MultiPolygon","coordinates":[[[[27.428855,47.8927126],[27.4291703,47.8924471],[27.4292074,47.8924158],[27.4294238,47.8922935],[27.4295656,47.8922411],[27.429639,47.8922267],[27.4297429,47.8922181],[27.4298557,47.8922185],[27.429964,47.8922391],[27.4300209,47.8922612],[27.4301835,47.8922429],[27.4304442,47.8921567],[27.4305811,47.8920772],[27.4306605,47.8919641],[27.4306572,47.8916258],[27.4307168,47.8915874],[27.4319539,47.8921164],[27.4322776,47.8920776],[27.4327962,47.892348],[27.4331257,47.8920602],[27.4335303,47.8922221],[27.4336346,47.8921568],[27.4342548,47.8924293],[27.4335918,47.8928002],[27.4338767,47.8928193],[27.43531,47.8936296],[27.4357255,47.8933408],[27.4375445,47.8944665],[27.43795,47.8947758],[27.4357572,47.8954296],[27.4354852,47.8955156],[27.4357972,47.8958334],[27.4356724,47.8959257],[27.4355297,47.896028],[27.4354114,47.8962711],[27.4356973,47.896475],[27.4367785,47.8963594],[27.436953,47.8967536],[27.4362829,47.897067],[27.4355805,47.8973418],[27.4347898,47.8976128],[27.4343948,47.8977085],[27.4339345,47.8977213],[27.4339147,47.897636],[27.433207,47.8975623],[27.4328069,47.8970255],[27.432593,47.8971806],[27.4324684,47.8971499],[27.4311906,47.8977894],[27.4305067,47.898465],[27.4299688,47.8982666],[27.4296223,47.8980462],[27.4304265,47.897377],[27.4307322,47.8972001],[27.4311089,47.8970273],[27.4310194,47.8968268],[27.4301588,47.8963873],[27.4306058,47.89607],[27.4304776,47.8959804],[27.4304082,47.8959196],[27.4301389,47.8955602],[27.4304426,47.895277],[27.4278952,47.8939051],[27.4279571,47.8938224],[27.4285062,47.8933513],[27.4289441,47.8929575],[27.4289685,47.8928953],[27.428904,47.8928297],[27.4289293,47.8927627],[27.428855,47.8927126]]],[[[27.4270986,47.8945499],[27.4271774,47.894597],[27.4272841,47.8945943],[27.4278023,47.8951369],[27.4279148,47.8952611],[27.4279626,47.8953112],[27.4279904,47.895347],[27.4281609,47.8955437],[27.4279068,47.8957661],[27.4281061,47.8958586],[27.4284211,47.8959956],[27.4278777,47.8965587],[27.4277121,47.8968694],[27.4278123,47.8970694],[27.4278556,47.8972222],[27.427438,47.8978567],[27.4272589,47.8984664],[27.4277359,47.8988245],[27.4284478,47.8994366],[27.4286518,47.8995964],[27.4289552,47.8998651],[27.4290455,47.8999449],[27.4290587,47.900039],[27.4290398,47.9001359],[27.4289798,47.9002429],[27.4290018,47.9004522],[27.4292336,47.9006061],[27.4294385,47.9007712],[27.4292657,47.9008704],[27.4292852,47.9008877],[27.4296649,47.9011886],[27.4300548,47.9015471],[27.4297382,47.9017683],[27.42995,47.9019112],[27.4293748,47.9022806],[27.4292485,47.9023637],[27.429148,47.9022663],[27.4283473,47.9028918],[27.4279225,47.9026649],[27.42753,47.9024558],[27.427351,47.9025903],[27.4272326,47.9026794],[27.4268343,47.9029732],[27.4265687,47.9028223],[27.4262707,47.9026529],[27.4261056,47.902541],[27.4260126,47.9024495],[27.4255272,47.9021566],[27.4250847,47.9018897],[27.4247015,47.9016585],[27.424682,47.9016467],[27.424425,47.9014445],[27.4244719,47.9014233],[27.4241502,47.9011554],[27.4238259,47.9007956],[27.4234619,47.900397],[27.4239973,47.9000324],[27.4244526,47.8997773],[27.4243418,47.8995824],[27.4233034,47.898612],[27.4231961,47.8985156],[27.4227678,47.8981816],[27.4228089,47.8980894],[27.4228862,47.8980174],[27.4233202,47.8976174],[27.4233842,47.8975762],[27.4241649,47.8969356],[27.4243719,47.8967581],[27.4245463,47.896634],[27.4247729,47.8964744],[27.4248907,47.8963651],[27.425264,47.8960506],[27.4254925,47.8958757],[27.4258765,47.8955635],[27.4259959,47.8954656],[27.4261651,47.8953298],[27.4262411,47.8952631],[27.4268419,47.8947547],[27.4270986,47.8945499]]]]}},{"type":"Feature","properties":{"entity_id":"osm-r18967165","jurisdiction":"MD","display_name":"Balanul Nou","display_type":"component_locality","admin_level":9,"tier":"detail","legal_registry":"CUATM","legal_id":"7110","legal_type":null,"parent_catalog_id":"osm-r19045242","osm_relation_id":18967165,"legal_identity_status":"reconciled","geometry_source":"OpenStreetMap","canonical_geometry_role":null,"geometry_scope":null,"geometry_precision":"master_coordinate_fidelity"},"geometry":{"type":"Polygon","coordinates":[[[27.5037054,47.9582725],[27.5039296,47.958382],[27.5043109,47.9585464],[27.5044513,47.9585604],[27.5046978,47.9586551],[27.5048272,47.9587896],[27.5053815,47.9585687],[27.5059537,47.9584543],[27.5060606,47.9584329],[27.5064068,47.9583545],[27.5065067,47.9583071],[27.5066058,47.9579197],[27.506692,47.9576712],[27.506869,47.957489],[27.506913,47.9574565],[27.5070835,47.9573304],[27.5071139,47.957315],[27.5073133,47.9572145],[27.5074207,47.9571603],[27.5075913,47.9570743],[27.5076856,47.9570267],[27.508602,47.9567922],[27.5089653,47.9567203],[27.5090306,47.9567073],[27.5093363,47.9566441],[27.509439,47.9567714],[27.5095616,47.957006],[27.5096492,47.9573693],[27.5094808,47.9576507],[27.5088775,47.9580894],[27.5088337,47.9581219],[27.5080457,47.9586921],[27.5079874,47.9587142],[27.5077807,47.9588533],[27.5073571,47.9591382],[27.5072915,47.9591824],[27.5068776,47.9594416],[27.5068154,47.9594806],[27.5064499,47.9596658],[27.5063168,47.9597333],[27.5062255,47.9597798],[27.5055407,47.9600805],[27.50525,47.9602128],[27.504926,47.9603383],[27.5058283,47.9612087],[27.5068109,47.9621195],[27.5070355,47.962343],[27.5071989,47.9624951],[27.5078248,47.9631053],[27.5078311,47.9631191],[27.5082776,47.9635577],[27.5082349,47.9635811],[27.5076264,47.9639177],[27.5073133,47.9640908],[27.5071843,47.9641815],[27.5065301,47.9645487],[27.5079207,47.9656396],[27.5012352,47.9693951],[27.5001372,47.9682235],[27.5000593,47.9681256],[27.4996257,47.9676285],[27.4995762,47.9675682],[27.4990636,47.9669611],[27.498716,47.9665471],[27.4985536,47.9663111],[27.4986051,47.9662839],[27.4986853,47.9662415],[27.4987662,47.9661987],[27.4988479,47.9661556],[27.4989303,47.966112],[27.4990131,47.9660683],[27.4990481,47.9660498],[27.4991749,47.9659759],[27.4994787,47.9657989],[27.4994946,47.9657896],[27.4999061,47.9655917],[27.5001904,47.9654179],[27.501072,47.9650105],[27.5006913,47.9646419],[27.500504,47.9644481],[27.5004451,47.9643873],[27.5003882,47.9643284],[27.5003523,47.9642913],[27.5001357,47.9640457],[27.5000967,47.9640015],[27.5000706,47.9639738],[27.4999871,47.9638911],[27.4999175,47.9638221],[27.4997297,47.963636],[27.4996281,47.9635353],[27.4993941,47.9633275],[27.4992584,47.9631736],[27.4992426,47.9631568],[27.4990132,47.9629138],[27.4988011,47.9626891],[27.4980098,47.9619858],[27.4975238,47.9614848],[27.49729,47.9612539],[27.4971784,47.9611469],[27.4968073,47.9607911],[27.4965263,47.9605072],[27.496389,47.9603686],[27.4962889,47.9602675],[27.4962765,47.9602541],[27.4961703,47.9601397],[27.4958792,47.959826],[27.4956451,47.9596121],[27.4957014,47.9595673],[27.4959356,47.9593738],[27.495979,47.9593317],[27.4961756,47.9591859],[27.4963649,47.9590709],[27.4965027,47.959088],[27.496543,47.959108],[27.4966823,47.9590793],[27.4966792,47.9590228],[27.4967245,47.9590134],[27.4970321,47.9590052],[27.4972285,47.95902],[27.4973412,47.9590444],[27.4974581,47.9591809],[27.4975296,47.9592869],[27.4975608,47.9593218],[27.4976017,47.9593914],[27.4978947,47.9592507],[27.4980012,47.9592069],[27.498171,47.9591465],[27.4985746,47.9590173],[27.4993121,47.9588125],[27.4994019,47.9587784],[27.4994983,47.9591865],[27.4998958,47.9589913],[27.5003166,47.9588023],[27.5004179,47.9587555],[27.5005563,47.9586896],[27.5005616,47.9586903],[27.5006307,47.9586646],[27.5006444,47.9586604],[27.5008385,47.9585681],[27.501219,47.9583974],[27.5012665,47.9583878],[27.5013609,47.9583466],[27.5015125,47.9584488],[27.5015543,47.958433],[27.5018156,47.9583614],[27.5019696,47.958351],[27.5021661,47.9583566],[27.5025186,47.9583824],[27.5025827,47.9583959],[27.5026568,47.9584244],[27.5031991,47.9582931],[27.5037054,47.9582725]]]}},{"type":"Feature","properties":{"entity_id":"osm-r18967190","jurisdiction":"MD","display_name":"Costești","display_type":"town","admin_level":9,"tier":"detail","legal_registry":"CUATM","legal_id":"7122","legal_type":"town","parent_catalog_id":"osm-r19045245","osm_relation_id":18967190,"legal_identity_status":"reconciled","geometry_source":"OpenStreetMap","canonical_geometry_role":null,"geometry_scope":null,"geometry_precision":"master_coordinate_fidelity"},"geometry":{"type":"Polygon","coordinates":[[[27.2533142,47.8570012],[27.2531613,47.8568342],[27.2489163,47.856102],[27.2488109,47.856136],[27.2486852,47.8561553],[27.2484936,47.8561154],[27.2477815,47.8559177],[27.2477203,47.8558902],[27.2473837,47.8557856],[27.2471025,47.8556852],[27.2466461,47.8554133],[27.2465791,47.8552433],[27.2463587,47.8552825],[27.2462463,47.8551548],[27.2462039,47.8551622],[27.246179,47.8551745],[27.2460567,47.8551146],[27.2458696,47.8550068],[27.2453336,47.85468],[27.2446648,47.8542924],[27.2447397,47.8542583],[27.2445873,47.8540329],[27.244475,47.8538297],[27.2442317,47.8534244],[27.2441092,47.8531795],[27.2438386,47.8525551],[27.2437444,47.8523378],[27.2437506,47.8523197],[27.2439782,47.8516526],[27.2440867,47.8516429],[27.2441538,47.8516387],[27.2441483,47.8515951],[27.2442978,47.8515825],[27.2443699,47.8515246],[27.2444081,47.8514197],[27.2444799,47.8511738],[27.2445342,47.8509966],[27.2446773,47.8507108],[27.2448394,47.8503872],[27.244927,47.8502123],[27.2450112,47.8500405],[27.2450694,47.8499213],[27.2452433,47.8495657],[27.2452898,47.8494119],[27.2456627,47.8489069],[27.2457088,47.8488479],[27.24576,47.8487783],[27.2456508,47.8487294],[27.2455903,47.8487306],[27.2455318,47.8486946],[27.2454909,47.8486433],[27.2455051,47.8485933],[27.2467706,47.8468893],[27.2468751,47.8467448],[27.2477234,47.8455978],[27.2478943,47.8453699],[27.2482354,47.8449213],[27.2486073,47.8445031],[27.2488971,47.8442579],[27.2494513,47.8438211],[27.250305,47.843119],[27.2506768,47.8433409],[27.2510558,47.8435669],[27.2511452,47.8436202],[27.2514304,47.8437998],[27.2517565,47.8440051],[27.2520827,47.8442105],[27.2524559,47.8444455],[27.2528295,47.8446807],[27.2531702,47.8448954],[27.2535798,47.8451533],[27.254082,47.8454695],[27.2546115,47.845803],[27.2551446,47.8461386],[27.2551934,47.8461694],[27.2552802,47.8462239],[27.2556202,47.84644],[27.2560623,47.8467208],[27.2565762,47.8470474],[27.2570463,47.8473462],[27.2574465,47.8476007],[27.2577844,47.8478155],[27.258463,47.8482467],[27.2586369,47.8483572],[27.2589847,47.8485783],[27.2593226,47.848793],[27.2596606,47.8490077],[27.2599988,47.8492225],[27.2601312,47.8493261],[27.2604933,47.8495532],[27.2612906,47.8500534],[27.2616871,47.8503022],[27.2620848,47.8505517],[27.2625017,47.8508131],[27.2632668,47.8512931],[27.2636505,47.8515337],[27.2640381,47.851777],[27.2644299,47.8520227],[27.2648647,47.8522954],[27.2652959,47.8525659],[27.2663606,47.8517533],[27.2664842,47.8518348],[27.2668601,47.8520684],[27.2670473,47.8521849],[27.267422,47.8524178],[27.2677966,47.8526508],[27.2681713,47.8528838],[27.2685461,47.8531168],[27.2689219,47.8533504],[27.2693064,47.8535894],[27.2695021,47.8537111],[27.2698158,47.8539061],[27.2700159,47.8540267],[27.2699243,47.8541203],[27.2697976,47.8542498],[27.2696714,47.8543788],[27.2696443,47.8544065],[27.2695178,47.8545161],[27.2694111,47.8546086],[27.2692742,47.8547273],[27.2691003,47.854878],[27.2689987,47.8549906],[27.2689687,47.8550216],[27.2687506,47.8552476],[27.2686665,47.8553348],[27.2685267,47.8554795],[27.2684233,47.8555848],[27.2683062,47.8557006],[27.2682474,47.8557588],[27.2681438,47.8558613],[27.2680472,47.8559521],[27.2678428,47.8561441],[27.2677435,47.8562374],[27.2676305,47.8563512],[27.2675338,47.8564486],[27.267445,47.8565381],[27.2673233,47.8566607],[27.2672243,47.8567605],[27.267096,47.8568897],[27.266977,47.8570096],[27.2668167,47.8571712],[27.266714,47.8572747],[27.2666762,47.8573127],[27.2666078,47.8573668],[27.2664362,47.8575024],[27.2663528,47.8575683],[27.2663199,47.8575943],[27.2662825,47.857632],[27.2661937,47.8577214],[27.2660935,47.8578224],[27.2659175,47.8579998],[27.2658634,47.8580589],[27.2656829,47.8582562],[27.265596,47.8583511],[27.2655777,47.8583711],[27.2650705,47.8587738],[27.2649984,47.8588314],[27.2648547,47.8589461],[27.2647826,47.8590038],[27.2647076,47.8590703],[27.2646006,47.8591651],[27.2644395,47.859308],[27.2643896,47.8593522],[27.2643612,47.8593774],[27.2642538,47.8594841],[27.264209,47.8595329],[27.264111,47.8596396],[27.2640093,47.8597503],[27.2639079,47.859865],[27.2638114,47.8599867],[27.2637179,47.8601045],[27.2636088,47.8602421],[27.263602,47.8602554],[27.2635483,47.86036],[27.2633834,47.8605626],[27.2632793,47.860672],[27.2634207,47.8607838],[27.2634468,47.8608308],[27.2634681,47.8609496],[27.2634656,47.8610125],[27.2634493,47.8611059],[27.2634344,47.8611732],[27.2634162,47.8612398],[27.2633846,47.8613053],[27.2633559,47.8613719],[27.2633381,47.8614353],[27.263301,47.8614983],[27.2632694,47.8615445],[27.2632405,47.8616053],[27.2632285,47.8616656],[27.2632226,47.8617309],[27.2631871,47.8618974],[27.2631737,47.8619677],[27.2631632,47.8620749],[27.263162,47.8621905],[27.2632196,47.862488],[27.263217,47.8626214],[27.2631948,47.8631275],[27.2631318,47.8632994],[27.2630065,47.8635538],[27.2627288,47.8640418],[27.2627427,47.864072],[27.2622168,47.863934],[27.2620617,47.8638867],[27.2619502,47.8638481],[27.2616967,47.8637625],[27.2615849,47.8637187],[27.2613859,47.8636429],[27.2611264,47.86396],[27.2608216,47.8643376],[27.2608209,47.864461],[27.2605114,47.8647329],[27.260017,47.8643667],[27.2599113,47.864286],[27.2599558,47.8642353],[27.2598078,47.8641663],[27.259595,47.8639078],[27.2595693,47.8637358],[27.2593811,47.8634123],[27.259184,47.8630573],[27.2590541,47.8628192],[27.2589123,47.8625718],[27.2588739,47.86254],[27.2588849,47.8625256],[27.2588788,47.8625114],[27.2587868,47.8623373],[27.2585643,47.861932],[27.258349,47.8616228],[27.2583262,47.8615807],[27.2582683,47.861499],[27.25808,47.8612627],[27.2579675,47.8611311],[27.2578644,47.8610055],[27.2577084,47.8608155],[27.2575801,47.8606579],[27.2575641,47.8606362],[27.257546,47.8606167],[27.2572806,47.86032],[27.257336,47.8602856],[27.2571941,47.8602102],[27.2571864,47.8601821],[27.2571064,47.8600862],[27.2570589,47.8600434],[27.2570371,47.8600242],[27.2568449,47.8598377],[27.2565511,47.8595598],[27.2562856,47.8593048],[27.256164,47.8592053],[27.2560094,47.8590973],[27.2557857,47.8589533],[27.2556447,47.8588642],[27.2554416,47.8587315],[27.2551711,47.8585592],[27.2549345,47.8584076],[27.2547652,47.8583011],[27.2543916,47.8580567],[27.2542028,47.857938],[27.2539322,47.8576609],[27.2538374,47.8575641],[27.2537916,47.8575127],[27.2536603,47.8573735],[27.2535289,47.8572362],[27.2533864,47.8570801],[27.2533142,47.8570012]]]}},{"type":"Feature","properties":{"entity_id":"osm-r18967221","jurisdiction":"MD","display_name":"Malinovscoe","display_type":"commune","admin_level":9,"tier":"detail","legal_registry":"CUATM","legal_id":"7132","legal_type":"commune","parent_catalog_id":"osm-r19045235","osm_relation_id":18967221,"legal_identity_status":"reconciled","geometry_source":"OpenStreetMap","canonical_geometry_role":null,"geometry_scope":null,"geometry_precision":"master_coordinate_fidelity"},"geometry":{"type":"MultiPolygon","coordinates":[[[[27.4918413,47.8797024],[27.4920743,47.8796421],[27.4922258,47.8796029],[27.4923307,47.8795758],[27.4923997,47.8795579],[27.4924849,47.8795359],[27.4926264,47.8794993],[27.492748,47.8794683],[27.4928974,47.8794291],[27.4929703,47.8794103],[27.4930098,47.8794001],[27.4931581,47.8793617],[27.4932445,47.8793393],[27.4933474,47.8793179],[27.4934951,47.8792871],[27.493567,47.879272],[27.4936553,47.8792537],[27.4936958,47.8792452],[27.4937701,47.8792297],[27.493804,47.8792226],[27.493893,47.8792041],[27.494124,47.8791559],[27.4942019,47.8791396],[27.4943241,47.8791142],[27.4943591,47.8791068],[27.4944334,47.8790914],[27.4946515,47.8790512],[27.4948185,47.8790226],[27.4949083,47.8790072],[27.4949875,47.8789936],[27.4951079,47.878973],[27.4952332,47.8789515],[27.4953557,47.8789305],[27.4954495,47.8789148],[27.4956211,47.8788878],[27.4958208,47.8788564],[27.4959427,47.8788372],[27.4960036,47.8788276],[27.4960239,47.8788244],[27.4960888,47.8788142],[27.4961131,47.8788104],[27.496263,47.8787868],[27.4963846,47.8787677],[27.4964008,47.8787652],[27.4964413,47.8787588],[27.4965021,47.8787492],[27.4965452,47.8787425],[27.4962341,47.8780441],[27.4963093,47.8780309],[27.4963845,47.8780177],[27.4964061,47.878014],[27.4964222,47.8780111],[27.496476,47.8780017],[27.4966375,47.8779734],[27.4966591,47.8779696],[27.4967562,47.8779526],[27.4968109,47.877943],[27.4965202,47.8773258],[27.49664,47.8772958],[27.4967761,47.8772616],[27.4968751,47.8772368],[27.4969057,47.8772291],[27.4969824,47.8772098],[27.4971138,47.8771769],[27.4972463,47.8771436],[27.4973721,47.877112],[27.4974348,47.8770949],[27.497474,47.8770837],[27.4976641,47.8770294],[27.4978251,47.8769835],[27.4984387,47.8768084],[27.4981509,47.8762556],[27.4978228,47.8756419],[27.4977493,47.8754941],[27.4978127,47.8754831],[27.4978477,47.875477],[27.4979177,47.8754649],[27.49798,47.875454],[27.4980384,47.8754439],[27.4980774,47.8754371],[27.4981241,47.875429],[27.498167,47.8754215],[27.4982411,47.8754087],[27.4982881,47.8754017],[27.4984141,47.8753886],[27.4984849,47.8753812],[27.4985242,47.8753771],[27.498642,47.8753648],[27.4987008,47.8753586],[27.498873,47.8753406],[27.4989316,47.8753345],[27.4989937,47.8753291],[27.4990994,47.875317],[27.4992573,47.8753005],[27.499444,47.8752656],[27.4995142,47.8752525],[27.4995981,47.8752368],[27.4998064,47.8751979],[27.4999857,47.8751644],[27.5001244,47.8751385],[27.5002642,47.8751124],[27.5003069,47.8751088],[27.5004344,47.8750994],[27.5005046,47.8750942],[27.5006442,47.8750838],[27.5007915,47.8750729],[27.5010093,47.8750567],[27.5010356,47.8750532],[27.5011213,47.8750481],[27.5014401,47.8749989],[27.5015773,47.8749805],[27.501708,47.874963],[27.5017543,47.8749567],[27.5017993,47.8749507],[27.5018214,47.8749477],[27.5018718,47.874941],[27.5018999,47.8749372],[27.501955,47.8749298],[27.5019727,47.8749274],[27.5019918,47.8749249],[27.5020109,47.8749223],[27.5020453,47.8749177],[27.5022056,47.8748961],[27.5022662,47.874888],[27.5022818,47.8748856],[27.5024333,47.8748626],[27.5024902,47.8748539],[27.5025735,47.8748412],[27.502687,47.874824],[27.5028122,47.8748049],[27.5029187,47.8747887],[27.5029836,47.8747788],[27.50306,47.8747672],[27.5031443,47.8747544],[27.5031558,47.8747526],[27.5032211,47.8747427],[27.5032827,47.8747333],[27.5033097,47.8747292],[27.5033791,47.8747186],[27.5034979,47.8746962],[27.5036133,47.8746742],[27.5036712,47.8746632],[27.5037254,47.8746528],[27.5037758,47.8746432],[27.5038522,47.8746287],[27.5038911,47.8746158],[27.5039478,47.8745971],[27.5039862,47.8745843],[27.5040748,47.874555],[27.5041001,47.87453],[27.5041976,47.8744335],[27.504217,47.8742453],[27.5046379,47.8741095],[27.5046519,47.874105],[27.5047109,47.874086],[27.5047594,47.8740789],[27.504796,47.8740735],[27.5049523,47.8740506],[27.5050815,47.8740316],[27.5051456,47.8740222],[27.5051847,47.8740164],[27.5052112,47.8740125],[27.5052231,47.874009],[27.505321,47.8739798],[27.5053447,47.8739727],[27.5054053,47.8739546],[27.5054289,47.8739476],[27.5054761,47.8739335],[27.5055366,47.8739154],[27.5055836,47.8739014],[27.5056306,47.8738874],[27.5056809,47.8738724],[27.5057311,47.8738574],[27.5057512,47.8738514],[27.5057847,47.8738414],[27.5059049,47.8738055],[27.5059782,47.8737836],[27.5060518,47.8737628],[27.506106,47.8737505],[27.5061633,47.8737375],[27.5059832,47.8732869],[27.5059732,47.8732459],[27.5060357,47.8732323],[27.5061586,47.8732055],[27.5062335,47.8731892],[27.5063081,47.8731729],[27.5064058,47.8731516],[27.5065147,47.8731279],[27.5065611,47.8731178],[27.5066344,47.8731018],[27.5067075,47.8730859],[27.5068222,47.8730608],[27.5068869,47.8730467],[27.5069401,47.8730351],[27.5070044,47.8730211],[27.5071088,47.8729983],[27.5070687,47.87276],[27.5071415,47.8727265],[27.5072174,47.8726917],[27.5073491,47.8726313],[27.5071657,47.8723215],[27.5071708,47.8723192],[27.5072308,47.8722918],[27.507257,47.8722799],[27.5073485,47.8722382],[27.5074228,47.8722043],[27.5074972,47.8721704],[27.5075454,47.8721485],[27.5076024,47.8721225],[27.5076376,47.8721065],[27.5078946,47.8719894],[27.5079108,47.8720023],[27.5079633,47.8720412],[27.5081014,47.8721592],[27.5084767,47.8719692],[27.5085348,47.8719448],[27.5084676,47.8718158],[27.5091434,47.8716469],[27.5091518,47.8716349],[27.5098668,47.8714882],[27.5099961,47.8715745],[27.5102652,47.8718849],[27.5102552,47.8718893],[27.5103591,47.8720687],[27.51048,47.8722775],[27.5104937,47.8722805],[27.510645,47.8726722],[27.5107029,47.8726618],[27.510812,47.8728673],[27.5108974,47.8730411],[27.510949,47.8730612],[27.5111154,47.8733401],[27.5112775,47.873498],[27.5114137,47.8734679],[27.5115019,47.8736141],[27.5116066,47.8738072],[27.5116291,47.8738061],[27.5116696,47.8738306],[27.5118107,47.8741309],[27.5117052,47.8741531],[27.5115579,47.8741699],[27.511527,47.8742149],[27.5115438,47.8743377],[27.5115303,47.8743464],[27.5116088,47.8745064],[27.5118486,47.8744911],[27.5119515,47.8747156],[27.5119742,47.874902],[27.5118622,47.8752236],[27.5118457,47.8752415],[27.5115259,47.8752568],[27.5115237,47.8754716],[27.5115392,47.8757063],[27.5116598,47.8757198],[27.5122653,47.8756811],[27.5126156,47.8754686],[27.5126145,47.8748128],[27.5127887,47.8742812],[27.5128868,47.8742075],[27.5128937,47.8741764],[27.5130997,47.8740422],[27.5134703,47.8738964],[27.5135314,47.8738499],[27.5141538,47.8735728],[27.5146202,47.873355],[27.5146565,47.8733978],[27.5147765,47.8735036],[27.5149248,47.8734161],[27.5149437,47.873355],[27.5150158,47.8731219],[27.5149652,47.8729736],[27.5149201,47.8728415],[27.5147976,47.872687],[27.5146889,47.8725499],[27.5145967,47.8724414],[27.5143818,47.8721886],[27.5146957,47.8720798],[27.5150654,47.8720297],[27.517282,47.8710574],[27.5191309,47.8729652],[27.5191599,47.872981],[27.5192283,47.8730183],[27.5194346,47.8732151],[27.5192638,47.8732867],[27.5192275,47.8732745],[27.5190372,47.8733587],[27.5186998,47.8735085],[27.51829,47.8736905],[27.5178038,47.8739066],[27.51767,47.8739662],[27.5175212,47.8740326],[27.5168696,47.8743232],[27.5173878,47.8748074],[27.5173046,47.8748401],[27.5173835,47.8749215],[27.5176072,47.8751837],[27.5172025,47.875369],[27.51656,47.8756512],[27.5161747,47.8758064],[27.5151144,47.8762717],[27.5147824,47.8764098],[27.5146262,47.8761568],[27.5143382,47.8763012],[27.5138387,47.8765376],[27.5132403,47.8767186],[27.5125759,47.8767546],[27.5119048,47.87723],[27.5116688,47.8775688],[27.5116496,47.8776717],[27.5117261,47.8777661],[27.5119556,47.8778991],[27.5121596,47.8780707],[27.5123622,47.8781674],[27.5133067,47.878431],[27.5132529,47.8782523],[27.5130676,47.8780133],[27.5132809,47.877919],[27.5137311,47.8777202],[27.5141397,47.8775632],[27.514255,47.8777955],[27.514391,47.8779643],[27.51452,47.8781494],[27.5149273,47.8779259],[27.5152703,47.8778394],[27.5159134,47.8778539],[27.5162052,47.8779634],[27.5166485,47.8781348],[27.5167902,47.878176],[27.516987,47.8782334],[27.5174509,47.8783821],[27.5176294,47.8784393],[27.5178127,47.8784953],[27.5180437,47.8785347],[27.5182628,47.8785591],[27.5186899,47.8786067],[27.5189358,47.878634],[27.5190813,47.8787151],[27.5184513,47.8789888],[27.5180906,47.8791373],[27.51651,47.879844],[27.5163642,47.8799604],[27.5159585,47.8799498],[27.5158748,47.8798188],[27.5158407,47.8797654],[27.5157675,47.8796507],[27.5157529,47.879628],[27.5155477,47.8791967],[27.5153396,47.8787731],[27.5151529,47.8788235],[27.5145798,47.8790165],[27.5145517,47.879293],[27.5145757,47.8795616],[27.5146226,47.8798567],[27.514531,47.8798771],[27.514547,47.8799471],[27.5145356,47.8802126],[27.5146297,47.8804612],[27.5146467,47.8807054],[27.5144296,47.880815],[27.5138929,47.8809718],[27.5137836,47.8809712],[27.5136761,47.8809873],[27.513663,47.881],[27.5136705,47.8810316],[27.5134954,47.8810523],[27.5134313,47.881051],[27.5134317,47.8813843],[27.5133849,47.8819019],[27.513417,47.8823132],[27.5135177,47.8827422],[27.5135918,47.8829478],[27.5137591,47.8831741],[27.5137644,47.8833904],[27.5137664,47.8835114],[27.513759,47.8836013],[27.5135547,47.8836486],[27.5134462,47.8836646],[27.5133691,47.8836506],[27.5130289,47.8837093],[27.5128453,47.8837482],[27.5128445,47.8835666],[27.5128512,47.8834578],[27.5128562,47.883452],[27.5128301,47.8832697],[27.5128405,47.8832685],[27.5128097,47.8830611],[27.5127662,47.8829072],[27.5127103,47.8827512],[27.5125594,47.8824986],[27.5125207,47.882423],[27.5124588,47.8823183],[27.5122784,47.8821472],[27.5122519,47.8820336],[27.5122833,47.8818244],[27.5124095,47.8816223],[27.5124146,47.881484],[27.5123141,47.881204],[27.512393,47.8809605],[27.5125163,47.8808019],[27.5127146,47.8805964],[27.5128111,47.8804666],[27.5129452,47.8801566],[27.5123387,47.8797822],[27.5118008,47.8795343],[27.5113579,47.8793927],[27.5112474,47.8794884],[27.5109578,47.8797686],[27.5107842,47.8799744],[27.5107053,47.8801552],[27.5105791,47.8803432],[27.5101842,47.880666],[27.509842,47.8810029],[27.5097421,47.8811767],[27.5097422,47.8812937],[27.5098056,47.8814071],[27.5099322,47.881517],[27.5100378,47.8816304],[27.5100959,47.8817757],[27.5101378,47.8819407],[27.5103259,47.8820826],[27.5106376,47.8822863],[27.510817,47.8825144],[27.5107621,47.8825347],[27.510853,47.8827195],[27.5108846,47.8828451],[27.5109912,47.8830717],[27.5110629,47.8830654],[27.5112661,47.8834552],[27.5111626,47.8834843],[27.5112589,47.8837017],[27.5113831,47.8839927],[27.5114316,47.8842077],[27.5114643,47.8844378],[27.5113328,47.8847002],[27.5111486,47.8849095],[27.511002,47.8852451],[27.5107969,47.8856644],[27.5104224,47.8861303],[27.5101385,47.8865231],[27.510007,47.8867572],[27.5100177,47.8868812],[27.5101075,47.8870017],[27.5101446,47.88714],[27.5101341,47.8872251],[27.5100711,47.887413],[27.5101081,47.88753],[27.5102084,47.8876647],[27.5102876,47.8877391],[27.5104881,47.8879092],[27.5106232,47.8880791],[27.5107338,47.8882158],[27.510905,47.8883203],[27.5111001,47.8883451],[27.5112477,47.8883308],[27.5113952,47.8882917],[27.5115796,47.8882314],[27.5117218,47.8881462],[27.5120214,47.8881872],[27.5122113,47.8880951],[27.5124639,47.8880255],[27.5124817,47.8880278],[27.5125523,47.8880054],[27.512576,47.88803],[27.5127016,47.8879777],[27.512592,47.8877868],[27.5124733,47.8876623],[27.5123277,47.8875281],[27.5122492,47.8873724],[27.5120873,47.8870904],[27.511931,47.8865249],[27.5122113,47.8863945],[27.512298,47.8862497],[27.5124882,47.8860474],[27.5126768,47.8858613],[27.5127461,47.8858882],[27.5132256,47.8862989],[27.5131682,47.8863695],[27.5129327,47.886482],[27.5127337,47.8865708],[27.5126739,47.8866017],[27.5130779,47.8869338],[27.5134004,47.8872319],[27.5140813,47.8878566],[27.5145146,47.8882423],[27.5146742,47.8884933],[27.5147915,47.888844],[27.5146648,47.8889375],[27.5144736,47.8894137],[27.5139743,47.8906569],[27.5139696,47.8906687],[27.5140271,47.8911993],[27.5135704,47.8913242],[27.5137291,47.8914781],[27.5139562,47.8917935],[27.5142462,47.8920511],[27.5143627,47.8921909],[27.5143697,47.8921979],[27.5144174,47.8922558],[27.5145995,47.8924538],[27.5146179,47.8924469],[27.51482,47.8926874],[27.5149345,47.8928273],[27.515272,47.8931798],[27.5152609,47.8933129],[27.5148762,47.8933897],[27.513922,47.8935411],[27.512765,47.8936457],[27.5120783,47.8937151],[27.511799,47.8936419],[27.5104172,47.893725],[27.5104009,47.8936505],[27.5103759,47.8933231],[27.510433,47.8928502],[27.5105282,47.8922367],[27.5104618,47.8917382],[27.510519,47.8912845],[27.5105952,47.890639],[27.5108803,47.890409],[27.5104434,47.8896612],[27.5101202,47.8899807],[27.5096735,47.8904919],[27.5096293,47.8909031],[27.5096358,47.8910258],[27.5096096,47.8914444],[27.5095639,47.8917381],[27.5096714,47.89208],[27.5097169,47.8922992],[27.5091922,47.8924405],[27.509114,47.8925413],[27.5090748,47.8926641],[27.5090487,47.8928087],[27.5088857,47.8930015],[27.5087423,47.8931155],[27.5087097,47.8931462],[27.5081296,47.8933138],[27.5080449,47.8932425],[27.5078689,47.8932863],[27.5068977,47.8935974],[27.5069156,47.8936862],[27.5070055,47.8939557],[27.5073173,47.8946292],[27.507661,47.895487],[27.5079357,47.8959691],[27.5079807,47.8960455],[27.5054246,47.8975403],[27.5047557,47.897932],[27.5041371,47.8982941],[27.5038329,47.8984723],[27.5016075,47.896754],[27.5010165,47.8962977],[27.5008847,47.896196],[27.4990969,47.8948155],[27.4990619,47.8947884],[27.4965208,47.8928261],[27.4985072,47.8916559],[27.498427,47.8915318],[27.4983493,47.8914472],[27.4982717,47.8913627],[27.4980245,47.8910935],[27.497963,47.8910265],[27.4978305,47.8908823],[27.4977383,47.8907745],[27.4975249,47.890525],[27.4973152,47.8902798],[27.4972322,47.8901827],[27.4971497,47.8900863],[27.4970817,47.8900069],[27.4968187,47.8896727],[27.4965263,47.8893014],[27.4963949,47.8891346],[27.4963336,47.8890161],[27.4963271,47.8888821],[27.4960402,47.8886587],[27.4957924,47.8885798],[27.4955983,47.8885391],[27.4955777,47.888463],[27.4955591,47.8883936],[27.4954252,47.8880005],[27.4954068,47.8879796],[27.494968,47.8874795],[27.4947566,47.8872301],[27.4944646,47.8868857],[27.4942098,47.8865851],[27.4941719,47.8865677],[27.4939046,47.8864445],[27.4934045,47.8864423],[27.4933606,47.8864422],[27.4927405,47.8862349],[27.4923708,47.8858873],[27.492062,47.8855967],[27.4920101,47.8855438],[27.4919339,47.885466],[27.4917305,47.8851757],[27.4914748,47.8848108],[27.4912218,47.8844496],[27.4910795,47.8842545],[27.4910023,47.8840793],[27.4909669,47.8839988],[27.4908796,47.8836827],[27.4908331,47.8835146],[27.4908196,47.8833015],[27.4908219,47.8832789],[27.4908552,47.8829572],[27.4908716,47.8828578],[27.4909116,47.882614],[27.490957,47.8824492],[27.491065,47.8820568],[27.4913166,47.8817817],[27.4910085,47.8809144],[27.4909018,47.8806139],[27.4907175,47.8801992],[27.490607,47.8799505],[27.4912679,47.8798179],[27.4918413,47.8797024]]],[[[27.5182695,47.8971613],[27.5185709,47.8968537],[27.518805,47.8966242],[27.5189657,47.8963949],[27.5188434,47.8963513],[27.5187861,47.8963234],[27.5187243,47.8962935],[27.5185653,47.8962177],[27.5180311,47.8959411],[27.5179411,47.8958707],[27.5179792,47.895832],[27.5181114,47.8957074],[27.5182421,47.8955185],[27.5183753,47.8952879],[27.518495,47.8950217],[27.5186557,47.894739],[27.5188011,47.8945728],[27.5188852,47.8946213],[27.5192514,47.8948572],[27.5193392,47.8947623],[27.5197026,47.8949342],[27.519379,47.8953196],[27.519278,47.8952687],[27.5190421,47.8956133],[27.5189179,47.895774],[27.5191446,47.8958455],[27.5195034,47.8959818],[27.5198753,47.8961424],[27.5196628,47.8964271],[27.5195688,47.8964232],[27.5194094,47.8966316],[27.5192992,47.8968797],[27.5187858,47.897393],[27.5184485,47.8973016],[27.5182534,47.897235],[27.5182695,47.8971613]]]]}},{"type":"Feature","properties":{"entity_id":"osm-r18967227","jurisdiction":"MD","display_name":"Bulhac","display_type":"component_locality","admin_level":9,"tier":"detail","legal_registry":"CUATM","legal_id":"7152","legal_type":null,"parent_catalog_id":"osm-r19045250","osm_relation_id":18967227,"legal_identity_status":"reconciled","geometry_source":"OpenStreetMap","canonical_geometry_role":null,"geometry_scope":null,"geometry_precision":"master_coordinate_fidelity"},"geometry":{"type":"Polygon","coordinates":[[[27.664392,47.9221451],[27.6650579,47.9213181],[27.6654855,47.920795],[27.6655155,47.9207369],[27.6655041,47.9206523],[27.6656757,47.9204701],[27.6659909,47.9201479],[27.6661045,47.9200192],[27.6662426,47.9198928],[27.6662663,47.9198537],[27.6662688,47.9198192],[27.6662673,47.9197963],[27.6663692,47.9196928],[27.6664086,47.9196032],[27.6664066,47.9195578],[27.6664131,47.9195375],[27.6665996,47.9192883],[27.6669169,47.918883],[27.6670621,47.9187629],[27.6672121,47.9184484],[27.6672402,47.9183829],[27.6672407,47.9183722],[27.6672284,47.9182433],[27.6672038,47.9180388],[27.6671897,47.9179702],[27.6671829,47.9179453],[27.667146,47.9176521],[27.6671174,47.9174249],[27.6671305,47.9172584],[27.6671874,47.9172367],[27.6672446,47.9172473],[27.6675247,47.9173178],[27.667684,47.9173748],[27.6681385,47.9175855],[27.6684599,47.9177541],[27.6688841,47.9179773],[27.6692079,47.9181506],[27.6692406,47.9181752],[27.6694349,47.918278],[27.6695583,47.9183542],[27.6696402,47.9182727],[27.6702737,47.9177942],[27.6717238,47.9182452],[27.6720046,47.9183605],[27.6721992,47.9184877],[27.6723802,47.9185653],[27.6725042,47.9187434],[27.6726954,47.9189699],[27.6728774,47.9192267],[27.6730863,47.9194386],[27.6726771,47.9197826],[27.6733665,47.9203631],[27.6738189,47.9205759],[27.674282,47.9206644],[27.6745026,47.9206496],[27.6745351,47.9205558],[27.6746149,47.9204803],[27.6747618,47.920437],[27.6748644,47.9204294],[27.6749131,47.9204367],[27.67533,47.9205617],[27.6754865,47.9206047],[27.675987,47.920742],[27.6767126,47.9209278],[27.6776383,47.9211576],[27.6782205,47.9213265],[27.6778397,47.921715],[27.6776308,47.9219809],[27.67694,47.9226357],[27.6764664,47.9229897],[27.6765227,47.9230277],[27.6768683,47.9232236],[27.676853,47.9233594],[27.677059,47.9234809],[27.6772559,47.9236633],[27.6769395,47.9238201],[27.6769251,47.9237848],[27.6767456,47.9238894],[27.6771429,47.924321],[27.6775262,47.9241634],[27.6775815,47.9242346],[27.6777321,47.9244217],[27.6778429,47.924559],[27.6779279,47.9247426],[27.6778392,47.9247526],[27.6778555,47.9247861],[27.677876,47.9247945],[27.6779235,47.9249525],[27.6779512,47.9249996],[27.6779664,47.9250871],[27.6779607,47.9251243],[27.6779358,47.9251256],[27.6780736,47.9253073],[27.6781705,47.9254424],[27.6781708,47.925453],[27.6784754,47.9253621],[27.6785969,47.925515],[27.6788147,47.9258016],[27.6788717,47.9258472],[27.6789378,47.9260425],[27.679012,47.9262417],[27.6788186,47.9262989],[27.6788671,47.9263901],[27.6790321,47.9265385],[27.6795286,47.9267175],[27.679593,47.9267651],[27.6796083,47.9267992],[27.6796831,47.9268111],[27.6798746,47.9265847],[27.6802254,47.9266121],[27.6805122,47.9265731],[27.6806068,47.926573],[27.6806581,47.9263783],[27.6806674,47.9263035],[27.6807018,47.9261813],[27.6811518,47.9263806],[27.6817817,47.9266748],[27.6818689,47.9267356],[27.6811367,47.9273012],[27.6810017,47.927421],[27.6812411,47.9275764],[27.6810608,47.9277755],[27.6808845,47.9279633],[27.6809686,47.9280057],[27.6808863,47.9280803],[27.6806258,47.9283459],[27.6805209,47.928427],[27.6803249,47.9285192],[27.6801491,47.9282876],[27.6799221,47.9282236],[27.6790041,47.9282439],[27.6784888,47.9282684],[27.6781728,47.928211],[27.67787,47.9280031],[27.6776725,47.9276891],[27.6776593,47.9275078],[27.6771722,47.9273818],[27.6774616,47.926966],[27.6772579,47.9269576],[27.6769828,47.9268551],[27.6769801,47.9266846],[27.6769393,47.9265673],[27.6768227,47.9263889],[27.6767582,47.9264301],[27.6766296,47.9265033],[27.6764586,47.926444],[27.6762889,47.9263792],[27.6761564,47.9263497],[27.6760434,47.9263158],[27.6754524,47.9261036],[27.675425,47.9260833],[27.6750176,47.9259206],[27.6749573,47.9259768],[27.6746476,47.925869],[27.6743562,47.9257598],[27.6741541,47.9256977],[27.6739134,47.9256105],[27.6736678,47.9255285],[27.6733628,47.925432],[27.6733382,47.925433],[27.6733232,47.9254188],[27.6732552,47.9253968],[27.6731619,47.9253553],[27.6730093,47.9255245],[27.6725788,47.925344],[27.6719694,47.9250627],[27.671512,47.9248584],[27.6714337,47.924947],[27.6713843,47.9250009],[27.6713325,47.9250573],[27.6712805,47.9251141],[27.6712281,47.9251712],[27.6711753,47.9252288],[27.6711089,47.9253011],[27.6710554,47.9253595],[27.6710015,47.9254182],[27.6709473,47.9254774],[27.6708927,47.9255368],[27.6707894,47.9256495],[27.6703915,47.9254641],[27.6688661,47.924852],[27.6691497,47.9244382],[27.664392,47.9221451]]]}},{"type":"Feature","properties":{"entity_id":"osm-r18967280","jurisdiction":"MD","display_name":"Armanca","display_type":"component_locality","admin_level":9,"tier":"detail","legal_registry":"CUATM","legal_id":"7155","legal_type":null,"parent_catalog_id":"osm-r19045246","osm_relation_id":18967280,"legal_identity_status":"reconciled","geometry_source":"OpenStreetMap","canonical_geometry_role":null,"geometry_scope":null,"geometry_precision":"master_coordinate_fidelity"},"geometry":{"type":"Polygon","coordinates":[[[27.5259295,47.98614],[27.5256599,47.9863239],[27.525661,47.9863895],[27.5255969,47.9864261],[27.5254028,47.9865625],[27.524964,47.9868626],[27.5241889,47.9873672],[27.5233703,47.9865911],[27.5241498,47.9860852],[27.5243994,47.985896],[27.5244413,47.9858753],[27.5244131,47.9858547],[27.5245883,47.985758],[27.5246788,47.9857038],[27.5247504,47.985661],[27.5249744,47.9855434],[27.5254913,47.9858987],[27.5259295,47.98614]]]}},{"type":"Feature","properties":{"entity_id":"osm-r18967320","jurisdiction":"MD","display_name":"Aluniș","display_type":"independent_village","admin_level":9,"tier":"detail","legal_registry":"CUATM","legal_id":"7115","legal_type":"independent_village","parent_catalog_id":"osm-r19045233","osm_relation_id":18967320,"legal_identity_status":"reconciled","geometry_source":"OpenStreetMap","canonical_geometry_role":null,"geometry_scope":null,"geometry_precision":"master_coordinate_fidelity"},"geometry":{"type":"Polygon","coordinates":[[[27.6509963,47.8559809],[27.6509159,47.8560582],[27.6505333,47.856151],[27.6493855,47.8564864],[27.6489922,47.8566826],[27.6483597,47.8570252],[27.6479044,47.8572689],[27.6476448,47.8574179],[27.6475716,47.8574599],[27.6475021,47.8574989],[27.6472946,47.8576154],[27.6468274,47.8578776],[27.6467821,47.8578464],[27.6467246,47.8577937],[27.6466626,47.8577371],[27.6464731,47.8575684],[27.6442778,47.8587371],[27.6397939,47.8546887],[27.6381827,47.8532229],[27.6392671,47.8527223],[27.6393109,47.8527016],[27.639408,47.8526557],[27.6395818,47.8525734],[27.6396053,47.8525623],[27.6397675,47.8524856],[27.6400348,47.8523591],[27.6402476,47.8522584],[27.6402946,47.8522361],[27.6405289,47.8521087],[27.6405423,47.8520787],[27.6404188,47.8519549],[27.639942,47.8515703],[27.6397689,47.8514421],[27.6398239,47.8514193],[27.6398475,47.8514149],[27.6398849,47.8514001],[27.6399348,47.8513731],[27.639945,47.8513543],[27.6399451,47.8513254],[27.6399579,47.8513213],[27.6400008,47.8513218],[27.6400396,47.8513106],[27.6401947,47.8512311],[27.6403221,47.8511704],[27.6403989,47.8511136],[27.6404321,47.8510884],[27.6404404,47.8510758],[27.6404591,47.8510671],[27.640489,47.8510446],[27.6406294,47.850954],[27.6407583,47.850863],[27.6408394,47.8507932],[27.6408689,47.8507845],[27.6410861,47.8506369],[27.64113,47.8506223],[27.6411497,47.8506124],[27.6412859,47.850527],[27.6413108,47.8505033],[27.6413554,47.8504691],[27.6413861,47.8504588],[27.6414194,47.8504385],[27.6414317,47.8504244],[27.6414501,47.8504174],[27.6414618,47.8503944],[27.6415912,47.850316],[27.6417978,47.8501978],[27.6419645,47.8501355],[27.6420847,47.8500942],[27.6421345,47.8500893],[27.6421465,47.8500781],[27.642176,47.8500716],[27.642223,47.8500427],[27.6423171,47.8499582],[27.6423314,47.8499363],[27.6424409,47.8498478],[27.6424662,47.8498083],[27.6425199,47.8497912],[27.6426041,47.8497359],[27.6426179,47.8497144],[27.6420495,47.8491599],[27.6418019,47.8488666],[27.6417633,47.8488046],[27.6416252,47.8486656],[27.6414828,47.8485225],[27.6414698,47.8485094],[27.6413779,47.8484169],[27.6413514,47.8483903],[27.6409585,47.8479951],[27.6409446,47.8479811],[27.6407775,47.8478131],[27.6406529,47.8476799],[27.6404154,47.8474262],[27.6400246,47.8470085],[27.6399202,47.846897],[27.6398072,47.8467763],[27.6394894,47.8463955],[27.6393963,47.8462849],[27.6393767,47.8462605],[27.6388905,47.8456739],[27.6389604,47.8456341],[27.6391746,47.8455122],[27.6392264,47.8454826],[27.6393298,47.8454238],[27.6394495,47.8453657],[27.639972,47.8451123],[27.6400812,47.8450594],[27.6402522,47.8449764],[27.6402659,47.8449697],[27.6403205,47.8449428],[27.6405146,47.844847],[27.6407623,47.8447249],[27.6408706,47.8446715],[27.6412147,47.8445018],[27.6412515,47.8444837],[27.6414732,47.8443747],[27.6416672,47.8442794],[27.6417003,47.8442631],[27.6417978,47.8442152],[27.6418416,47.8441936],[27.6419819,47.8441247],[27.6422292,47.8440031],[27.6423983,47.84392],[27.6424118,47.8439129],[27.6428206,47.8436959],[27.6429164,47.843645],[27.6429491,47.8436277],[27.6432689,47.8434579],[27.6433733,47.8434125],[27.6433916,47.8434046],[27.6434098,47.8433967],[27.6435137,47.8433519],[27.6435489,47.8433367],[27.6436859,47.8432776],[27.6439891,47.8431468],[27.644013,47.8431365],[27.6441263,47.8430922],[27.6443191,47.8430168],[27.6444962,47.8429475],[27.6446652,47.8428776],[27.6447727,47.8428678],[27.6448173,47.8428575],[27.6455707,47.8426818],[27.6457798,47.8426331],[27.6457915,47.8426308],[27.6460308,47.8425855],[27.6464273,47.8425103],[27.646559,47.8424853],[27.6466381,47.8424703],[27.6468076,47.8424381],[27.6470548,47.8423874],[27.6474956,47.842297],[27.6475776,47.8422801],[27.6477926,47.8422329],[27.6478096,47.8422298],[27.6479807,47.8421988],[27.6480073,47.842194],[27.648139,47.8421701],[27.6481726,47.8421638],[27.6484492,47.8421033],[27.6486661,47.8420559],[27.6487441,47.8420388],[27.6488474,47.8419898],[27.6489229,47.8419738],[27.6489856,47.8419605],[27.6491984,47.8419152],[27.6494732,47.8418568],[27.6495182,47.8418472],[27.6496452,47.8418202],[27.649853,47.8417731],[27.6499006,47.8417623],[27.650107,47.8417154],[27.6504242,47.8416435],[27.650524,47.8416209],[27.6506234,47.8416],[27.6508574,47.8415509],[27.6510949,47.841501],[27.6518076,47.8413466],[27.6528579,47.8411052],[27.6537574,47.8408833],[27.6544716,47.8407147],[27.6545576,47.8407166],[27.6548783,47.8406296],[27.6549653,47.840606],[27.6550514,47.8405826],[27.6553225,47.8405091],[27.6554077,47.840486],[27.6554764,47.8404656],[27.6555998,47.8404289],[27.6560094,47.8403071],[27.6560346,47.8403001],[27.6562912,47.8402396],[27.6564178,47.8402098],[27.6565349,47.8401822],[27.6567254,47.8401373],[27.6567911,47.8401218],[27.6568336,47.8401118],[27.6569039,47.8400923],[27.6571188,47.8400327],[27.6571584,47.8400217],[27.6572059,47.8400085],[27.6572849,47.8399866],[27.6573717,47.8399625],[27.6574426,47.8399428],[27.6574977,47.8399275],[27.6575212,47.839921],[27.6575369,47.8399167],[27.6575841,47.8399036],[27.6578514,47.8398294],[27.6579141,47.839812],[27.6580377,47.8397777],[27.6582329,47.8397235],[27.6582503,47.8397187],[27.658494,47.8396416],[27.6586167,47.8396028],[27.6586918,47.839579],[27.6588421,47.8395315],[27.6589907,47.8394892],[27.6593671,47.8393819],[27.6594521,47.8393577],[27.6596581,47.8392994],[27.6601213,47.8391684],[27.6601763,47.8391068],[27.6596015,47.8387748],[27.6592996,47.8386116],[27.6593333,47.838552],[27.6594304,47.8383642],[27.6600938,47.8384775],[27.6602862,47.8385234],[27.660356,47.838528],[27.6607346,47.8385726],[27.6609409,47.8386206],[27.6610477,47.8385722],[27.6613727,47.8384711],[27.6616717,47.8386621],[27.6619022,47.8388468],[27.6620695,47.8389949],[27.6621113,47.8390475],[27.6622383,47.8392687],[27.6624024,47.8391426],[27.6627941,47.83953],[27.6629817,47.8397158],[27.6627097,47.8399071],[27.6627353,47.8399033],[27.6628845,47.8400537],[27.6629526,47.8401378],[27.6629727,47.8401871],[27.6629879,47.8403295],[27.6629787,47.8403532],[27.6625436,47.8406978],[27.6623958,47.8405141],[27.6622856,47.8405605],[27.662247,47.8406358],[27.6621421,47.8407281],[27.6619489,47.8407803],[27.6616162,47.8408456],[27.6615486,47.8409887],[27.6618228,47.8411076],[27.6620404,47.8413449],[27.6626938,47.8412118],[27.663268,47.8410877],[27.6636837,47.8409945],[27.6639017,47.8406974],[27.664113,47.8404402],[27.6643638,47.8402151],[27.6644825,47.8403603],[27.6645947,47.8404801],[27.6653412,47.8402008],[27.6657903,47.8410487],[27.6657927,47.8410887],[27.665908,47.8412726],[27.666007,47.8413584],[27.6660349,47.8414307],[27.6660824,47.8415049],[27.6662503,47.8413763],[27.6667114,47.8419999],[27.6666644,47.8420734],[27.6665155,47.8421522],[27.6662557,47.8422651],[27.6649472,47.8428685],[27.6648511,47.8427644],[27.6646952,47.8425831],[27.664537,47.8423906],[27.6641454,47.8425706],[27.6639225,47.8423278],[27.6632702,47.8425922],[27.6629624,47.842271],[27.6626332,47.8420782],[27.6624889,47.8423834],[27.6623931,47.8426566],[27.6614922,47.8430476],[27.6614444,47.8431172],[27.6616355,47.8434226],[27.6606469,47.8437921],[27.6597701,47.8440064],[27.6608847,47.8455809],[27.6596704,47.8459859],[27.659707,47.8460642],[27.6598438,47.8463893],[27.6599855,47.8465061],[27.659923,47.846566],[27.6599422,47.8466416],[27.6599867,47.8467442],[27.6600595,47.8469222],[27.6600747,47.8470409],[27.6602564,47.8474467],[27.6604286,47.8478732],[27.6608935,47.8489666],[27.6609986,47.849007],[27.6612121,47.8490196],[27.6614318,47.8493016],[27.6619741,47.8500894],[27.6619046,47.8501244],[27.6617847,47.8501564],[27.6614891,47.8502833],[27.6613776,47.8503312],[27.661199,47.8504079],[27.6609084,47.8505327],[27.6605469,47.8506879],[27.6603808,47.8507583],[27.6601892,47.8508396],[27.6600088,47.8509161],[27.6598509,47.8509831],[27.6595913,47.8510933],[27.6594558,47.8511508],[27.6592863,47.8512227],[27.6589924,47.8513473],[27.6586417,47.8514962],[27.6584945,47.8515586],[27.6581546,47.8517028],[27.6580412,47.8517509],[27.6579619,47.8517846],[27.6576896,47.8519001],[27.6576262,47.851927],[27.657576,47.8519481],[27.6571203,47.8521403],[27.6570754,47.852159],[27.6569613,47.8522065],[27.6569043,47.8522302],[27.6565055,47.8523963],[27.6561706,47.8525357],[27.6561193,47.8525472],[27.6560447,47.8526036],[27.6559504,47.8527485],[27.6559119,47.8528075],[27.6558299,47.8529333],[27.6558088,47.8529576],[27.6557186,47.8530612],[27.6556492,47.8531408],[27.6555757,47.853242],[27.655535,47.853298],[27.6554722,47.8533845],[27.6554114,47.8534681],[27.6553937,47.8534926],[27.6553004,47.8536209],[27.6552169,47.8537419],[27.6550533,47.853979],[27.6550196,47.8540179],[27.6549386,47.8541113],[27.6548237,47.8542136],[27.6545015,47.8545005],[27.6544161,47.8545685],[27.6540889,47.8548288],[27.6537659,47.8550282],[27.6537041,47.8550603],[27.6536723,47.8550768],[27.6534732,47.85518],[27.6534265,47.8552043],[27.6532474,47.8552972],[27.6531852,47.8553242],[27.652896,47.8554498],[27.6525883,47.8555835],[27.652311,47.855704],[27.6521781,47.8557341],[27.6518491,47.8558088],[27.651712,47.8558399],[27.651624,47.8558598],[27.6513994,47.8559031],[27.6512138,47.8559389],[27.6511096,47.855959],[27.6509963,47.8559809]]]}},{"type":"Feature","properties":{"entity_id":"osm-r18967335","jurisdiction":"MD","display_name":"Mălăiești","display_type":"component_locality","admin_level":9,"tier":"detail","legal_registry":"CUATM","legal_id":"7127","legal_type":null,"parent_catalog_id":"osm-r19045234","osm_relation_id":18967335,"legal_identity_status":"reconciled","geometry_source":"OpenStreetMap","canonical_geometry_role":null,"geometry_scope":null,"geometry_precision":"master_coordinate_fidelity"},"geometry":{"type":"Polygon","coordinates":[[[27.3476249,47.888109],[27.3478872,47.8886701],[27.3473944,47.888783],[27.347055,47.8888234],[27.3470942,47.8888942],[27.3467202,47.8889975],[27.3460066,47.889118],[27.3457542,47.8891559],[27.3457665,47.8893441],[27.3457731,47.8894734],[27.3456004,47.8894738],[27.3452766,47.8894851],[27.3446634,47.8895005],[27.3444369,47.8895076],[27.3443434,47.8895089],[27.3443725,47.8893173],[27.3444164,47.8887862],[27.3443788,47.8883852],[27.3442728,47.8883831],[27.3436578,47.8884301],[27.3429468,47.8884773],[27.3424671,47.888508],[27.3420098,47.8885113],[27.3413228,47.8884651],[27.3406666,47.8884884],[27.3384021,47.888716],[27.336399,47.8891171],[27.3361521,47.8887522],[27.335921,47.8883816],[27.3373958,47.8879723],[27.3373864,47.8879276],[27.3373526,47.8878447],[27.3372783,47.8876629],[27.3372174,47.8875408],[27.3371716,47.8874458],[27.3371717,47.8873827],[27.337127,47.8872054],[27.3370888,47.887143],[27.337062,47.8870913],[27.3370425,47.8870537],[27.3370055,47.8869748],[27.336976,47.8869129],[27.3367399,47.8868218],[27.3365548,47.8865197],[27.3364694,47.8865431],[27.3363187,47.8863454],[27.3357598,47.8863123],[27.3353756,47.8864172],[27.3350647,47.8864917],[27.3349018,47.8864419],[27.3348115,47.886178],[27.3347189,47.8859981],[27.3343905,47.8860429],[27.3341694,47.8860327],[27.3339753,47.886119],[27.3334468,47.8862876],[27.333054,47.8863875],[27.3325969,47.8860233],[27.3316763,47.8860565],[27.3310254,47.8860932],[27.3310871,47.8858242],[27.3311124,47.8854466],[27.3318406,47.8853523],[27.3320902,47.8852253],[27.3324744,47.884559],[27.3328209,47.8844421],[27.3330423,47.8843581],[27.3329373,47.88412],[27.3336566,47.883857],[27.3332726,47.8835861],[27.3329012,47.8833104],[27.3333764,47.8830665],[27.3338605,47.8828502],[27.3342138,47.8826993],[27.3346217,47.8824452],[27.3353655,47.8824558],[27.3355884,47.8823674],[27.3358205,47.8825505],[27.3361081,47.8824643],[27.3363066,47.8825513],[27.3365271,47.8823788],[27.3368698,47.8822435],[27.3371719,47.8820187],[27.3374949,47.8821738],[27.3376839,47.8823206],[27.3373379,47.8825839],[27.3378326,47.8828719],[27.3380593,47.8830473],[27.3385355,47.8830471],[27.3388782,47.8828561],[27.339345,47.8827003],[27.3393578,47.8827277],[27.339553,47.882689],[27.3401033,47.8826233],[27.3401567,47.8825868],[27.3404412,47.8826885],[27.3404471,47.8827288],[27.3405567,47.882731],[27.3406122,47.8827399],[27.3409298,47.8827029],[27.3412569,47.8826545],[27.3417215,47.8825944],[27.3428898,47.8824687],[27.3427567,47.8822167],[27.3427507,47.8821014],[27.342682,47.882107],[27.3425863,47.8820051],[27.3423325,47.8817811],[27.341995,47.8815321],[27.3418175,47.881395],[27.3421415,47.8812302],[27.3423554,47.8811827],[27.3425397,47.881298],[27.3428066,47.8814932],[27.3433013,47.881438],[27.343801,47.8814656],[27.3441781,47.8813222],[27.3442055,47.8813533],[27.3443424,47.8813161],[27.3447081,47.8811955],[27.3447196,47.8811917],[27.3447342,47.8809205],[27.3445487,47.880858],[27.3440959,47.8806936],[27.3440379,47.8806725],[27.3438717,47.8804876],[27.3439085,47.8801583],[27.3437584,47.8800579],[27.3438515,47.879914],[27.3439123,47.8798199],[27.344,47.8796666],[27.3441132,47.8794688],[27.3445772,47.8792559],[27.3448846,47.8793216],[27.345239,47.8793477],[27.345489,47.8792576],[27.345645,47.8792015],[27.3457114,47.8791747],[27.3460938,47.8790205],[27.3471384,47.8786635],[27.3478768,47.8784399],[27.3484352,47.8782239],[27.3486321,47.878154],[27.3490323,47.878035],[27.3492639,47.8779859],[27.3502967,47.8778763],[27.3501641,47.8778046],[27.3499374,47.8775922],[27.349783,47.8774475],[27.3498543,47.8774008],[27.3529145,47.876101],[27.3529672,47.8760787],[27.3558018,47.8748746],[27.3558782,47.8748438],[27.3563409,47.8749914],[27.3563894,47.8749244],[27.3565125,47.8748292],[27.3567951,47.8746707],[27.3572017,47.8744833],[27.3576438,47.8742665],[27.358205,47.8739925],[27.3586164,47.8737703],[27.3587966,47.8736642],[27.3591333,47.8733876],[27.3595235,47.8729933],[27.3607335,47.8725863],[27.3609433,47.8726329],[27.3610702,47.8726379],[27.3612406,47.8723685],[27.3613823,47.8721977],[27.3616417,47.8718902],[27.3608768,47.8712039],[27.3613771,47.8704661],[27.3633355,47.8722256],[27.3635609,47.8724524],[27.3639511,47.8728284],[27.3639734,47.8729365],[27.3644232,47.8727177],[27.3651855,47.8721049],[27.3656753,47.8716826],[27.3655077,47.8714838],[27.36622,47.8710782],[27.3667823,47.8707776],[27.3669998,47.8709628],[27.3673791,47.8708779],[27.3677488,47.8706113],[27.3683026,47.870307],[27.3687087,47.870101],[27.3689808,47.870016],[27.3690731,47.8702131],[27.3683456,47.8705641],[27.3679437,47.8707936],[27.3684153,47.870968],[27.3686616,47.8711129],[27.3684243,47.8712199],[27.3679828,47.8715707],[27.3673522,47.8719645],[27.366988,47.8721464],[27.3663584,47.8721701],[27.365805,47.8725025],[27.3653189,47.8726421],[27.3649326,47.8726399],[27.3652537,47.8727722],[27.3656778,47.8729002],[27.3657054,47.8730558],[27.3658737,47.8733448],[27.3658637,47.8735886],[27.3660016,47.8738316],[27.3661289,47.8740346],[27.3659938,47.8742081],[27.3657095,47.8744822],[27.3655681,47.8745593],[27.3654679,47.8745745],[27.3652757,47.8746875],[27.3649538,47.8748866],[27.3650618,47.8749904],[27.3652731,47.8750796],[27.365388,47.875163],[27.3654148,47.8751944],[27.365412,47.8752365],[27.365467,47.8753761],[27.3657534,47.8756535],[27.3660659,47.8757964],[27.3675864,47.8752771],[27.3682366,47.8750684],[27.3689149,47.8748528],[27.3689706,47.8749149],[27.3691458,47.875173],[27.3693119,47.8754177],[27.3694755,47.8756586],[27.3696377,47.8758975],[27.3697041,47.8759952],[27.3674226,47.8769015],[27.3677264,47.8772741],[27.3680744,47.877701],[27.3684124,47.8781155],[27.3681277,47.8782236],[27.3678219,47.8782784],[27.3676413,47.8783383],[27.3674752,47.8783935],[27.3673354,47.8784526],[27.3670118,47.8785935],[27.3664646,47.8788774],[27.3659962,47.8789611],[27.3658038,47.8789477],[27.3652349,47.8791308],[27.364176,47.8795065],[27.3633987,47.8797724],[27.3629956,47.8799236],[27.3616887,47.8793232],[27.3604917,47.8798176],[27.3603182,47.8796716],[27.3602196,47.8795595],[27.3601676,47.8794831],[27.3599578,47.8796377],[27.3597708,47.8798015],[27.3592919,47.8800025],[27.35917,47.8800311],[27.3585171,47.8803211],[27.3588385,47.8807316],[27.3592004,47.8810478],[27.3593991,47.8812359],[27.3590008,47.8814033],[27.3588078,47.8814707],[27.3586954,47.8814927],[27.3586184,47.8815314],[27.3584291,47.8815935],[27.3581336,47.8816904],[27.3577427,47.8818258],[27.3576078,47.8818662],[27.357558,47.8818976],[27.3571832,47.8820534],[27.3571659,47.8820498],[27.357088,47.8820663],[27.3569429,47.8820803],[27.3567832,47.8820683],[27.3560078,47.8823862],[27.3558074,47.8827176],[27.3555543,47.8832479],[27.3556199,47.8833207],[27.3552765,47.8835674],[27.3549991,47.8837134],[27.3552967,47.8842095],[27.3554716,47.8847141],[27.3554761,47.8848615],[27.3551386,47.8859946],[27.3548658,47.8861955],[27.3546838,47.8863299],[27.3546367,47.8863646],[27.3544932,47.886528],[27.3543921,47.886716],[27.3542322,47.8869367],[27.3541271,47.8870423],[27.3540385,47.8871572],[27.3538153,47.8872804],[27.3535357,47.8874347],[27.3534902,47.8875492],[27.3534633,47.8875794],[27.3518629,47.8877672],[27.3517451,47.8877859],[27.3514798,47.8878253],[27.3514137,47.8878348],[27.3512751,47.8878483],[27.3511665,47.8878588],[27.3510945,47.8878609],[27.3508718,47.8878674],[27.3506605,47.8878739],[27.3503975,47.8878917],[27.3501952,47.8879058],[27.3500417,47.8879176],[27.3498771,47.8879333],[27.3497008,47.8879512],[27.3495074,47.8879677],[27.3491924,47.8879946],[27.3476249,47.888109]]]}},{"type":"Feature","properties":{"entity_id":"osm-r18967350","jurisdiction":"MD","display_name":"Proscureni","display_type":"component_locality","admin_level":9,"tier":"detail","legal_registry":"CUATM","legal_id":"7125","legal_type":null,"parent_catalog_id":"osm-r19045245","osm_relation_id":18967350,"legal_identity_status":"reconciled","geometry_source":"OpenStreetMap","canonical_geometry_role":null,"geometry_scope":null,"geometry_precision":"master_coordinate_fidelity"},"geometry":{"type":"Polygon","coordinates":[[[27.2533142,47.8570012],[27.2533864,47.8570801],[27.2535289,47.8572362],[27.2536603,47.8573735],[27.2537916,47.8575127],[27.2538374,47.8575641],[27.2539322,47.8576609],[27.2542028,47.857938],[27.2543916,47.8580567],[27.2547652,47.8583011],[27.2549345,47.8584076],[27.2551711,47.8585592],[27.2554416,47.8587315],[27.2556447,47.8588642],[27.2557857,47.8589533],[27.2560094,47.8590973],[27.256164,47.8592053],[27.2562856,47.8593048],[27.2565511,47.8595598],[27.2568449,47.8598377],[27.2570371,47.8600242],[27.2570589,47.8600434],[27.2571064,47.8600862],[27.2571864,47.8601821],[27.2571941,47.8602102],[27.257336,47.8602856],[27.2572806,47.86032],[27.257546,47.8606167],[27.2575641,47.8606362],[27.2575801,47.8606579],[27.2577084,47.8608155],[27.2578644,47.8610055],[27.2579675,47.8611311],[27.25808,47.8612627],[27.2582683,47.861499],[27.2583262,47.8615807],[27.258349,47.8616228],[27.2585643,47.861932],[27.2587868,47.8623373],[27.2588788,47.8625114],[27.2588849,47.8625256],[27.2588739,47.86254],[27.2589123,47.8625718],[27.2590541,47.8628192],[27.259184,47.8630573],[27.2593811,47.8634123],[27.2595693,47.8637358],[27.259595,47.8639078],[27.2598078,47.8641663],[27.2599558,47.8642353],[27.2599113,47.864286],[27.260017,47.8643667],[27.2605114,47.8647329],[27.2608209,47.864461],[27.2608216,47.8643376],[27.2611264,47.86396],[27.2613859,47.8636429],[27.2615849,47.8637187],[27.2616967,47.8637625],[27.2619502,47.8638481],[27.2620617,47.8638867],[27.2622168,47.863934],[27.2627427,47.864072],[27.2627952,47.8643544],[27.262929,47.8649334],[27.2629392,47.8651767],[27.26294,47.8652374],[27.2633268,47.8652589],[27.2636283,47.865315],[27.2637611,47.8654219],[27.2638532,47.8655363],[27.2638787,47.8656313],[27.2639156,47.8657356],[27.2639304,47.8657926],[27.2639352,47.8659767],[27.2638545,47.866061],[27.2637838,47.8661612],[27.2636968,47.8662917],[27.2636054,47.8662717],[27.2635506,47.8663283],[27.2635326,47.8664816],[27.2635121,47.8665851],[27.2635585,47.8666001],[27.2634548,47.8667782],[27.2634159,47.8668273],[27.2633686,47.8668782],[27.2632376,47.8670075],[27.2630532,47.8671756],[27.2628781,47.8673514],[27.2627685,47.867458],[27.262658,47.86743],[27.2625989,47.8675231],[27.2624567,47.8676823],[27.2624477,47.867682],[27.2622381,47.8678894],[27.2621325,47.8681421],[27.2620751,47.8683001],[27.2622745,47.868415],[27.2621661,47.8685304],[27.2620072,47.8686924],[27.2619213,47.8686671],[27.2618907,47.868724],[27.2617734,47.8688267],[27.2617388,47.8688537],[27.2616151,47.868872],[27.2615736,47.868869],[27.2614238,47.8687865],[27.2612897,47.8689328],[27.2612767,47.868964],[27.2611096,47.8690144],[27.2610616,47.8690276],[27.2609275,47.8690564],[27.2608251,47.8690505],[27.2607646,47.8690795],[27.2602138,47.8692918],[27.2601115,47.8693426],[27.2604464,47.869585],[27.2605733,47.8696808],[27.2602256,47.8698676],[27.260216,47.8698624],[27.2601371,47.8699596],[27.2599531,47.8700524],[27.2598249,47.8701223],[27.2597569,47.870121],[27.2595406,47.8699444],[27.2593402,47.870237],[27.2591621,47.8703181],[27.2585171,47.8708469],[27.2583357,47.8707529],[27.2582938,47.8708114],[27.2582707,47.8708768],[27.2582236,47.8709659],[27.2582053,47.871012],[27.2581507,47.8712211],[27.258119,47.87131],[27.2581209,47.8713747],[27.2580542,47.8715538],[27.2573842,47.8721534],[27.2569797,47.8725312],[27.2568467,47.8726876],[27.2567038,47.872643],[27.2562911,47.8724961],[27.2563729,47.8723806],[27.2563831,47.8723843],[27.2565491,47.8721527],[27.2570922,47.8718354],[27.2574002,47.8715095],[27.257512,47.8713679],[27.2574978,47.8710759],[27.2575939,47.8707155],[27.2577814,47.8702648],[27.2581278,47.8693766],[27.2581627,47.8692651],[27.2581388,47.8692151],[27.2580236,47.8691572],[27.2579215,47.8690603],[27.2578711,47.8689816],[27.2578412,47.8689181],[27.2578274,47.868767],[27.2578748,47.8686632],[27.2579462,47.8684346],[27.2580457,47.8681663],[27.2581233,47.8678622],[27.2581745,47.8676122],[27.2581992,47.8673534],[27.2582302,47.867076],[27.2582561,47.8667945],[27.2582281,47.8666233],[27.2581943,47.866518],[27.2580959,47.866329],[27.2579212,47.866145],[27.2576672,47.8659768],[27.2573472,47.865778],[27.2572327,47.8656226],[27.2569216,47.8651907],[27.25665,47.8647561],[27.2564715,47.8644629],[27.2560648,47.8639961],[27.2557425,47.8636669],[27.2553934,47.8632953],[27.2550941,47.8629379],[27.2549348,47.862646],[27.2547774,47.8623412],[27.2545739,47.8618757],[27.2544549,47.8615646],[27.2543205,47.8612199],[27.2541803,47.860847],[27.2540746,47.8604536],[27.2540305,47.8602992],[27.254015,47.8601321],[27.254011,47.8598325],[27.2540474,47.8596987],[27.2541929,47.8594672],[27.2543347,47.8592306],[27.2544591,47.8589619],[27.2544675,47.8588041],[27.2544463,47.8587228],[27.2543854,47.8587307],[27.2542164,47.8587711],[27.2541787,47.8587998],[27.2537914,47.8589376],[27.2536662,47.8589664],[27.2535871,47.8588142],[27.2534718,47.8586509],[27.2534906,47.8586081],[27.2537121,47.8584883],[27.2536312,47.8584146],[27.253655,47.8583596],[27.2536201,47.8582363],[27.253655,47.8582074],[27.2533884,47.8580129],[27.2529123,47.8582026],[27.2527253,47.8581698],[27.2524069,47.8582123],[27.2523715,47.8581688],[27.2523822,47.8581227],[27.2523877,47.8580719],[27.2525349,47.8578891],[27.2524879,47.8577631],[27.2522855,47.8575616],[27.2525349,47.8573779],[27.253187,47.8570607],[27.2533142,47.8570012]]]}},{"type":"Feature","properties":{"entity_id":"osm-r18967389","jurisdiction":"MD","display_name":"Ciubara","display_type":"component_locality","admin_level":9,"tier":"detail","legal_registry":"CUATM","legal_id":"7156","legal_type":null,"parent_catalog_id":"osm-r19045246","osm_relation_id":18967389,"legal_identity_status":"reconciled","geometry_source":"OpenStreetMap","canonical_geometry_role":null,"geometry_scope":null,"geometry_precision":"master_coordinate_fidelity"},"geometry":{"type":"MultiPolygon","coordinates":[[[[27.5283737,48.082051],[27.5283164,48.0819717],[27.5282374,48.0818026],[27.5281923,48.0815499],[27.528159,48.081376],[27.5281185,48.0811947],[27.5280925,48.0810222],[27.5280755,48.080914],[27.5280601,48.0808284],[27.5280465,48.0807525],[27.5280353,48.0806268],[27.5280238,48.0804969],[27.5280198,48.0804628],[27.528001,48.0802987],[27.5279572,48.0801196],[27.5279232,48.0799387],[27.5279052,48.0797587],[27.5278929,48.0795046],[27.5278617,48.079263],[27.5278237,48.079038],[27.5277987,48.0788004],[27.5277608,48.0785621],[27.5277563,48.0783295],[27.5277094,48.0780591],[27.5276629,48.0778567],[27.5275656,48.0774968],[27.5286101,48.0774381],[27.5286173,48.0774529],[27.5291835,48.0774204],[27.5294113,48.0773161],[27.5299639,48.0772984],[27.5300933,48.0772921],[27.530079,48.077163],[27.5300274,48.0767282],[27.5305636,48.0767079],[27.5306872,48.0767021],[27.5309936,48.0766816],[27.530968,48.076349],[27.5317416,48.0762637],[27.5317444,48.076264],[27.5319306,48.0762451],[27.5319027,48.0759137],[27.5319336,48.0758835],[27.5321956,48.0758542],[27.5326642,48.0758148],[27.5333883,48.0757601],[27.5339831,48.0757152],[27.5344518,48.0756752],[27.5346268,48.0756496],[27.534583,48.0755894],[27.5345654,48.0755906],[27.5345336,48.0755495],[27.5344489,48.0754428],[27.5344691,48.0753939],[27.534508,48.07538],[27.5348802,48.0752896],[27.5356724,48.0751804],[27.5356959,48.0752618],[27.5358902,48.0752406],[27.5359124,48.0752821],[27.5362024,48.0752239],[27.5365514,48.0751717],[27.536586,48.0752072],[27.5369881,48.0751151],[27.5373147,48.075039],[27.5375306,48.0749665],[27.5380412,48.0748324],[27.5380573,48.0748248],[27.5386113,48.0746762],[27.5386163,48.0746805],[27.539321,48.0744642],[27.5400278,48.0742585],[27.5400907,48.0742509],[27.5400157,48.074187],[27.5398212,48.07391],[27.5398336,48.0738556],[27.5403658,48.0737582],[27.5409362,48.0736351],[27.5417329,48.0734835],[27.5421428,48.0733576],[27.5423035,48.0732673],[27.5425389,48.0732133],[27.5426747,48.0731913],[27.5427565,48.073166],[27.5428425,48.0730948],[27.5431199,48.0729947],[27.5431873,48.0729973],[27.5432496,48.0729742],[27.5433799,48.0729402],[27.543532,48.0729258],[27.5436347,48.0729374],[27.5440465,48.0727782],[27.5443841,48.0726602],[27.5445525,48.0726238],[27.54476,48.072546],[27.5449174,48.0726822],[27.5450688,48.0728385],[27.5452978,48.0728062],[27.5455897,48.0727487],[27.5459062,48.0726588],[27.5461704,48.0725277],[27.5462567,48.0724465],[27.5463814,48.072263],[27.5466656,48.0718905],[27.5467831,48.0717904],[27.5471798,48.0714459],[27.5473905,48.0712576],[27.5474997,48.0711882],[27.5477028,48.0710985],[27.5479428,48.0710129],[27.5481258,48.0709668],[27.5483595,48.0709224],[27.5487361,48.0708576],[27.5492268,48.0707817],[27.549826,48.070625],[27.5499743,48.0705902],[27.5500809,48.0706842],[27.5502402,48.0708406],[27.5506718,48.0711738],[27.5507218,48.0712504],[27.5507344,48.0713139],[27.5507185,48.0713692],[27.5506805,48.0714262],[27.5504461,48.071583],[27.5499356,48.0718326],[27.5495353,48.072016],[27.5490055,48.0722159],[27.5485596,48.0724228],[27.5479715,48.0727495],[27.5476793,48.0729261],[27.5473351,48.0730892],[27.546859,48.0734079],[27.5464234,48.0736749],[27.5463542,48.0737398],[27.546203,48.0739143],[27.5460279,48.0740187],[27.5458798,48.0740929],[27.5457325,48.0741947],[27.5454022,48.0744251],[27.5449876,48.074682],[27.5445863,48.0749051],[27.5442619,48.0750955],[27.5436181,48.0754849],[27.5430888,48.0757784],[27.5425681,48.0760804],[27.5416461,48.0765988],[27.5406316,48.0771556],[27.5402663,48.0773633],[27.5418295,48.0786195],[27.5419332,48.0787089],[27.5418481,48.0787529],[27.5414235,48.0789786],[27.5400528,48.0778201],[27.540088,48.0779096],[27.5400946,48.0779768],[27.5400508,48.0780893],[27.5399669,48.0781767],[27.5397725,48.0783266],[27.5394651,48.0785477],[27.539185,48.0787042],[27.5386357,48.0789668],[27.5382363,48.0791758],[27.5379006,48.0793593],[27.5374658,48.079609],[27.5369014,48.0799152],[27.5363968,48.080189],[27.5359087,48.0804562],[27.5355359,48.0806544],[27.535009,48.0809199],[27.5347385,48.0810645],[27.5346092,48.081148],[27.5345276,48.0812704],[27.5344953,48.0813728],[27.5345052,48.081511],[27.5344958,48.081643],[27.5344469,48.081702],[27.5343703,48.0817626],[27.5333081,48.0823047],[27.5331658,48.0823669],[27.5329925,48.0824291],[27.5329037,48.0824453],[27.5328201,48.0824392],[27.5327633,48.0824182],[27.5327022,48.0823774],[27.5326703,48.0823106],[27.5326603,48.0821057],[27.5326167,48.0820118],[27.5325194,48.0819529],[27.5323691,48.0819345],[27.5312411,48.0819654],[27.5296858,48.0820269],[27.5286146,48.0820872],[27.528479,48.0820917],[27.5284208,48.0820851],[27.5283737,48.082051]]],[[[27.5431714,48.0724697],[27.5435342,48.0722617],[27.5441861,48.0718697],[27.5448015,48.0714876],[27.545183,48.0713013],[27.5452534,48.0712669],[27.5454217,48.0711775],[27.5457897,48.0709821],[27.5463544,48.0706845],[27.5463662,48.0714353],[27.5459618,48.0716867],[27.5457453,48.0718213],[27.5452114,48.0719513],[27.5451191,48.0718995],[27.5450933,48.0718268],[27.5450412,48.0718379],[27.544979,48.0718173],[27.5448694,48.0719061],[27.5444443,48.0720965],[27.5438496,48.0722121],[27.5435683,48.0723409],[27.5431919,48.0724861],[27.5431714,48.0724697]]]]}},{"type":"Feature","properties":{"entity_id":"osm-r18967408","jurisdiction":"MD","display_name":"Petrușeni","display_type":"independent_village","admin_level":9,"tier":"detail","legal_registry":"CUATM","legal_id":"7136","legal_type":"independent_village","parent_catalog_id":"osm-r19045237","osm_relation_id":18967408,"legal_identity_status":"reconciled","geometry_source":"OpenStreetMap","canonical_geometry_role":null,"geometry_scope":null,"geometry_precision":"master_coordinate_fidelity"},"geometry":{"type":"Polygon","coordinates":[[[27.3113844,47.8552872],[27.3103556,47.8547334],[27.3097486,47.8544397],[27.3094399,47.8543436],[27.309083,47.8542649],[27.3086783,47.8542079],[27.3082136,47.8541755],[27.3077828,47.8541472],[27.3077192,47.8541446],[27.3072249,47.8540982],[27.3068499,47.8540407],[27.3065008,47.8539849],[27.3063381,47.8539497],[27.3061085,47.8538846],[27.305909,47.8538096],[27.3058945,47.8538027],[27.3055963,47.8536598],[27.3048869,47.8532795],[27.3036412,47.8526948],[27.3035466,47.8528161],[27.3032239,47.8532095],[27.3029254,47.8535639],[27.3028021,47.8535136],[27.3023586,47.853955],[27.3019655,47.8544086],[27.3017697,47.8546115],[27.301738,47.8545992],[27.3016893,47.8546551],[27.3010921,47.8552575],[27.3007138,47.8556783],[27.3002843,47.8555123],[27.300082,47.8554351],[27.3007826,47.8547156],[27.3014517,47.8539558],[27.3014067,47.8539353],[27.3009121,47.853749],[27.3009613,47.8536832],[27.3005449,47.853493],[27.300772,47.8532643],[27.3006233,47.8532006],[27.30058,47.8531851],[27.3010613,47.852629],[27.3006729,47.852448],[27.3011947,47.8518947],[27.301282,47.8518733],[27.3014935,47.8516238],[27.3016267,47.8516608],[27.3017434,47.8515993],[27.3019336,47.8513383],[27.3019984,47.8511888],[27.3029302,47.8495919],[27.30374,47.8482813],[27.3037988,47.8482993],[27.3046173,47.848562],[27.3048036,47.8483466],[27.3045292,47.8482094],[27.3044736,47.8481171],[27.3043299,47.8474632],[27.3043311,47.8471691],[27.304298,47.8470742],[27.3044229,47.8467011],[27.3044222,47.8464568],[27.3043256,47.8460199],[27.3042774,47.84557],[27.3045513,47.8453491],[27.3050733,47.8449499],[27.3043907,47.8446094],[27.3055131,47.8435955],[27.3055516,47.8435018],[27.3055225,47.8433386],[27.3054398,47.8431979],[27.3078566,47.8417475],[27.3103619,47.8404884],[27.3110484,47.840968],[27.3136628,47.8399404],[27.3145392,47.8407171],[27.3160921,47.8401114],[27.317178,47.8396879],[27.318433,47.840767],[27.3169058,47.8416854],[27.3169748,47.8417501],[27.316443,47.842003],[27.3161375,47.8420967],[27.316103,47.8422217],[27.3165959,47.8422494],[27.316744,47.842337],[27.3168798,47.8422189],[27.3169761,47.8421494],[27.3172963,47.8419379],[27.3175787,47.841786],[27.3176014,47.841782],[27.3176779,47.8417905],[27.3179834,47.8416911],[27.318117,47.8416531],[27.318246,47.841752],[27.3187859,47.8414403],[27.3188957,47.8414268],[27.3190465,47.8414167],[27.3193697,47.8415241],[27.319488,47.8414828],[27.3195539,47.8414846],[27.319871,47.8417311],[27.3202786,47.8421013],[27.3201665,47.8422006],[27.322772,47.8443561],[27.3220546,47.845122],[27.3219531,47.8452895],[27.3219134,47.8454398],[27.3219057,47.845534],[27.3218903,47.8456432],[27.3218503,47.8457354],[27.3217468,47.8458566],[27.318927,47.8482139],[27.3193665,47.8485],[27.3165098,47.8509269],[27.3167564,47.8511184],[27.3175983,47.8515913],[27.3177576,47.8517498],[27.3178381,47.8519025],[27.3170214,47.8523299],[27.317078,47.8523902],[27.3169898,47.8524356],[27.3166926,47.8526601],[27.3166511,47.8526291],[27.3165102,47.852729],[27.316294,47.852886],[27.3161212,47.8527807],[27.3159575,47.8526678],[27.315517,47.8524322],[27.3154121,47.8524901],[27.3155094,47.8525335],[27.3155704,47.8525678],[27.3154073,47.8526832],[27.3152279,47.8528095],[27.3151969,47.8528396],[27.3150352,47.852904],[27.3147581,47.8530104],[27.3143008,47.8532929],[27.314019,47.8535002],[27.3137259,47.8536726],[27.3113844,47.8552872]]]}},{"type":"Feature","properties":{"entity_id":"osm-r18967412","jurisdiction":"MD","display_name":"Ciobanovca","display_type":"component_locality","admin_level":9,"tier":"detail","legal_registry":"CUATM","legal_id":"7129","legal_type":null,"parent_catalog_id":"osm-r19045257","osm_relation_id":18967412,"legal_identity_status":"reconciled","geometry_source":"OpenStreetMap","canonical_geometry_role":null,"geometry_scope":null,"geometry_precision":"master_coordinate_fidelity"},"geometry":{"type":"Polygon","coordinates":[[[27.7538634,47.8913637],[27.7543339,47.8907905],[27.7544554,47.8906119],[27.7545726,47.8904154],[27.7547155,47.8901983],[27.7548311,47.8900244],[27.7549002,47.8899299],[27.7550171,47.8897689],[27.7551473,47.8895904],[27.7552623,47.889435],[27.7554609,47.8891734],[27.7556146,47.8889648],[27.7557684,47.88875],[27.7558833,47.8885804],[27.7559374,47.8885117],[27.7553976,47.8883383],[27.7558654,47.8881631],[27.7561117,47.8880973],[27.7563495,47.8880795],[27.7566916,47.8882163],[27.7566303,47.8882543],[27.7569754,47.8884956],[27.7572416,47.8885768],[27.7573044,47.8886019],[27.7575289,47.8886625],[27.7575822,47.8885914],[27.7576665,47.8885873],[27.7577127,47.8885796],[27.757899,47.8885841],[27.7583013,47.8886301],[27.7583923,47.8886477],[27.7584558,47.8886741],[27.7589087,47.8887807],[27.7594004,47.8889085],[27.7596503,47.8889691],[27.760252,47.8892061],[27.7604967,47.8892846],[27.7605738,47.8893097],[27.7607287,47.8893767],[27.7605946,47.8895284],[27.7604769,47.8897086],[27.7601859,47.8901014],[27.7598845,47.8904847],[27.7596079,47.8908491],[27.7594357,47.8910667],[27.7591951,47.8913766],[27.7589221,47.8917458],[27.7585806,47.8922239],[27.7582277,47.8927589],[27.7577937,47.8927137],[27.7571893,47.8924513],[27.757051,47.892405],[27.7570042,47.8924725],[27.7569167,47.8925415],[27.7565207,47.8923851],[27.7560563,47.8922067],[27.7557094,47.892075],[27.7553751,47.8919392],[27.7552605,47.8918946],[27.7552012,47.8919089],[27.7548825,47.8918965],[27.7548063,47.891847],[27.7549191,47.8917313],[27.7544563,47.8915685],[27.7538634,47.8913637]]]}},{"type":"Feature","properties":{"entity_id":"osm-r18967443","jurisdiction":"MD","display_name":"Răcăria","display_type":"commune","admin_level":9,"tier":"detail","legal_registry":"CUATM","legal_id":"7142","legal_type":"commune","parent_catalog_id":"osm-r19045249","osm_relation_id":18967443,"legal_identity_status":"reconciled","geometry_source":"OpenStreetMap","canonical_geometry_role":null,"geometry_scope":null,"geometry_precision":"master_coordinate_fidelity"},"geometry":{"type":"MultiPolygon","coordinates":[[[[27.6062697,47.9100217],[27.6061766,47.9099394],[27.605923,47.9097154],[27.6056705,47.9094924],[27.6054098,47.9092621],[27.6053783,47.9092343],[27.6051677,47.9090373],[27.6048949,47.9087822],[27.6047518,47.9086484],[27.6047376,47.9086359],[27.604459,47.9083917],[27.6041181,47.9080928],[27.6040919,47.9080701],[27.603813,47.9078284],[27.6036239,47.9076646],[27.6034343,47.9075003],[27.6030506,47.907177],[27.604715,47.9061453],[27.6057274,47.9055469],[27.6067475,47.9049175],[27.6082047,47.9040251],[27.6088195,47.9036632],[27.6092058,47.9034221],[27.6097023,47.9031122],[27.610145,47.9028746],[27.6054227,47.8991506],[27.6036942,47.897621],[27.6021335,47.8963561],[27.6021459,47.8959119],[27.6032791,47.8952551],[27.6042787,47.8951353],[27.6052002,47.89516],[27.606171,47.8956309],[27.6066709,47.8956244],[27.60711,47.8959916],[27.6073606,47.8962012],[27.6075721,47.8963778],[27.6077884,47.8965588],[27.6080107,47.8967447],[27.6080669,47.8967917],[27.608297,47.8969841],[27.6085343,47.8971824],[27.6087794,47.8973874],[27.6092966,47.8978199],[27.6094322,47.8979333],[27.6095707,47.8980492],[27.6098576,47.8982889],[27.6101585,47.8985406],[27.6104761,47.898806],[27.6108133,47.8990879],[27.6111705,47.8993866],[27.6118752,47.8989729],[27.6121892,47.8987433],[27.6122273,47.8987681],[27.6124929,47.8989698],[27.6128064,47.8992079],[27.6131192,47.8994456],[27.6134317,47.899683],[27.6137437,47.8999199],[27.6140552,47.9001566],[27.6143663,47.9003929],[27.6146769,47.9006287],[27.6152965,47.9010994],[27.6156057,47.9013342],[27.615916,47.9015676],[27.6165539,47.9018358],[27.6180218,47.902924],[27.6165408,47.9038482],[27.6164819,47.9039361],[27.6170731,47.9043065],[27.6172417,47.9044201],[27.6171944,47.9044539],[27.6169975,47.9045799],[27.6171158,47.9046939],[27.6174528,47.9049165],[27.6177929,47.9051437],[27.6181161,47.9053605],[27.6184858,47.9056103],[27.6184783,47.9056306],[27.618117,47.9058453],[27.6180923,47.9058497],[27.6180975,47.9059257],[27.6184035,47.9061281],[27.618779,47.9064041],[27.6194316,47.9068766],[27.6195911,47.9069932],[27.6202635,47.9074701],[27.6217021,47.9084493],[27.6219344,47.9086067],[27.6223666,47.9089076],[27.6221313,47.9090668],[27.6222115,47.9091205],[27.622314,47.9092024],[27.6225693,47.9092905],[27.6225168,47.9095749],[27.6224797,47.9098057],[27.6224361,47.9098236],[27.6223274,47.9097807],[27.6222099,47.909899],[27.6222959,47.9099649],[27.6221005,47.910127],[27.6217765,47.9103277],[27.6216831,47.9102632],[27.6216715,47.9102742],[27.6213778,47.9104609],[27.6213885,47.9104689],[27.6210829,47.9106548],[27.620931,47.9107037],[27.6206654,47.9108604],[27.6203709,47.9110409],[27.6202459,47.9111119],[27.6203181,47.9111654],[27.6201525,47.9112767],[27.6199882,47.9113681],[27.6196875,47.9115691],[27.6196796,47.9115894],[27.6196622,47.9116163],[27.6194864,47.9117216],[27.6196592,47.9118091],[27.6197071,47.9118064],[27.6200099,47.9119614],[27.6196807,47.9122332],[27.6189903,47.9127998],[27.6182342,47.9134114],[27.6177565,47.9138483],[27.6174745,47.9140795],[27.6168819,47.9144582],[27.6174894,47.9149296],[27.6176111,47.9150119],[27.6174324,47.9151313],[27.6172468,47.9152289],[27.6165039,47.9146862],[27.6163323,47.9147798],[27.6154183,47.9153727],[27.6143923,47.9159833],[27.614269,47.9159683],[27.6140914,47.9158337],[27.6137314,47.9159178],[27.6135822,47.9157967],[27.613481,47.9158816],[27.6133111,47.9159971],[27.6132664,47.9160286],[27.6129836,47.9161069],[27.6128568,47.9160977],[27.6124812,47.9162457],[27.6124786,47.9162435],[27.6121005,47.9163041],[27.6120656,47.9162899],[27.6120303,47.9162483],[27.611651,47.9163391],[27.6112335,47.9166577],[27.6109349,47.9164419],[27.6106856,47.9162536],[27.610696,47.9161462],[27.609666,47.9153062],[27.6095825,47.9152673],[27.6094305,47.9151272],[27.6093106,47.9151009],[27.6092252,47.915038],[27.6088277,47.9147724],[27.6088021,47.9147927],[27.608784,47.914822],[27.6085233,47.9149792],[27.6085115,47.9149915],[27.6078843,47.9145516],[27.6076637,47.9144],[27.6076155,47.9143585],[27.6065845,47.9136356],[27.6065053,47.91358],[27.6060061,47.9132219],[27.6057087,47.913013],[27.6056974,47.9130065],[27.6056576,47.9129796],[27.6055572,47.9129008],[27.605766,47.9127223],[27.6050311,47.9121704],[27.6049675,47.91212],[27.6041178,47.9114478],[27.604088,47.9114121],[27.6041369,47.911381],[27.6041491,47.9113732],[27.6042274,47.9113119],[27.6043184,47.9112406],[27.6043094,47.911224],[27.605417,47.9105486],[27.6055128,47.9104902],[27.6062697,47.9100217]]],[[[27.6010376,47.922402],[27.601381,47.9224856],[27.6017309,47.92255],[27.6016803,47.9228071],[27.6013623,47.9230351],[27.6013411,47.9230499],[27.6012699,47.9230159],[27.6010552,47.9229137],[27.6010079,47.9228912],[27.6006512,47.9227213],[27.6006588,47.9226995],[27.6006478,47.9226718],[27.6006743,47.9226395],[27.6010091,47.9224179],[27.6010376,47.922402]]],[[[27.6027848,47.9206693],[27.602931,47.9208298],[27.6029555,47.9209032],[27.6028206,47.9209973],[27.603211,47.9213457],[27.6033833,47.9215459],[27.6037641,47.9215064],[27.603876,47.9215065],[27.604291,47.9215251],[27.6044045,47.9215546],[27.6046107,47.9215409],[27.6046271,47.9215806],[27.6047834,47.9215656],[27.6052115,47.9215404],[27.6053078,47.921898],[27.6048845,47.9219957],[27.6048796,47.9220277],[27.6053168,47.9226767],[27.604922,47.922633],[27.6044403,47.9224004],[27.6042053,47.9221504],[27.6041887,47.9221062],[27.6040825,47.9221325],[27.6036029,47.9222143],[27.6031177,47.9222667],[27.602873,47.9217124],[27.6027301,47.9214999],[27.6025183,47.9212598],[27.602431,47.921175],[27.6021564,47.92089],[27.6021264,47.9208232],[27.6024952,47.9206951],[27.6027848,47.9206693]]],[[[27.6172937,47.9181431],[27.6178082,47.9180671],[27.618016,47.9183116],[27.6181122,47.9182997],[27.6182522,47.9185235],[27.6184027,47.9184655],[27.6185385,47.9183924],[27.6188992,47.9182316],[27.618902,47.9182146],[27.618862,47.9181806],[27.6188212,47.9181393],[27.6186973,47.9179954],[27.61906,47.9177435],[27.6193586,47.917536],[27.6195617,47.917376],[27.6197243,47.9172431],[27.619978,47.9171039],[27.6195378,47.9167693],[27.6195981,47.9166915],[27.6197366,47.9165586],[27.6198285,47.9164939],[27.6203879,47.9162734],[27.6206566,47.9161561],[27.6209917,47.9160265],[27.6210248,47.9159968],[27.6213574,47.9158443],[27.6215876,47.9157361],[27.6217396,47.9156758],[27.622095,47.9155234],[27.6229064,47.9152473],[27.6229594,47.9152834],[27.6230783,47.915468],[27.6233284,47.9154934],[27.6234058,47.9155188],[27.6234306,47.9155002],[27.6243158,47.9157167],[27.624212,47.9158474],[27.6239574,47.9160596],[27.623835,47.9162918],[27.6241881,47.9164272],[27.6247634,47.9168242],[27.6250067,47.9170505],[27.6251955,47.917335],[27.6238533,47.9193735],[27.6236773,47.9193445],[27.6232818,47.919323],[27.623064,47.9193162],[27.6227784,47.9193383],[27.6227138,47.9193394],[27.6228424,47.9199558],[27.6229039,47.9201725],[27.6228657,47.9203893],[27.6227966,47.9205286],[27.6226586,47.9206267],[27.6225512,47.9207919],[27.6225359,47.9209261],[27.6225682,47.9211007],[27.6227173,47.9212065],[27.6227587,47.9213234],[27.6226966,47.9214181],[27.6225932,47.9215016],[27.6223613,47.9215574],[27.6222496,47.9216131],[27.6221751,47.9216716],[27.6220964,47.9217357],[27.6220882,47.9218387],[27.6221048,47.9219473],[27.622167,47.922067],[27.6219103,47.9221311],[27.62196,47.9222118],[27.6221588,47.9223733],[27.6223244,47.9224623],[27.6224287,47.9225302],[27.6228375,47.922612],[27.6228018,47.9227835],[27.6226115,47.9230523],[27.6223246,47.9234236],[27.6222491,47.923495],[27.6221462,47.9237681],[27.6219832,47.9240302],[27.6218543,47.924239],[27.6218587,47.9245391],[27.6220879,47.9246062],[27.6220989,47.9247329],[27.6219307,47.9250451],[27.6215011,47.9251177],[27.6205894,47.9248248],[27.6206209,47.924774],[27.6204819,47.9247354],[27.6204718,47.9247333],[27.6203498,47.9247078],[27.620177,47.9246716],[27.6198877,47.9246111],[27.6197315,47.9245785],[27.619507,47.9245315],[27.6194324,47.9245159],[27.6188846,47.9244014],[27.6187355,47.9243702],[27.6185492,47.9243312],[27.6185279,47.9243268],[27.6183757,47.9242938],[27.6179661,47.9242052],[27.6177922,47.9241676],[27.6175808,47.9241219],[27.6173942,47.9240815],[27.617357,47.9240734],[27.6167945,47.9239517],[27.6167458,47.9239414],[27.6165834,47.9239071],[27.6163584,47.9238595],[27.6162711,47.9238411],[27.6160587,47.9237962],[27.6158698,47.9237562],[27.6158186,47.9237191],[27.6156408,47.9236827],[27.6155345,47.923661],[27.6151626,47.9235849],[27.6149541,47.9235423],[27.614854,47.9235218],[27.6144894,47.9234472],[27.6144239,47.9234338],[27.6143868,47.9234262],[27.6142211,47.9233922],[27.6141164,47.9233707],[27.613819,47.9233095],[27.6134706,47.9232379],[27.6133597,47.9232151],[27.6131902,47.9231803],[27.6129468,47.9231303],[27.6128148,47.9230878],[27.6124672,47.9229999],[27.6123048,47.9229588],[27.6115912,47.9228734],[27.6109843,47.9228063],[27.6107145,47.9227764],[27.6106778,47.9227724],[27.6104364,47.9227462],[27.6103521,47.922737],[27.6099969,47.9226985],[27.6093801,47.9226404],[27.6085322,47.9225117],[27.6083293,47.9224759],[27.6083125,47.9224456],[27.6078016,47.9223554],[27.6077895,47.9223337],[27.6076382,47.9221597],[27.6066188,47.9221903],[27.6065009,47.9219425],[27.6073293,47.9218921],[27.6073775,47.921894],[27.6077472,47.9217953],[27.6081047,47.9216787],[27.6085066,47.9214496],[27.6090121,47.9212156],[27.6098396,47.9210005],[27.6099815,47.9211572],[27.6100691,47.9213014],[27.6106161,47.9211086],[27.611705,47.9210699],[27.6116788,47.9209716],[27.6115929,47.9207758],[27.611547,47.9206221],[27.6119265,47.9203769],[27.6121558,47.9203401],[27.6121354,47.9202826],[27.6120371,47.9201337],[27.6119963,47.9197665],[27.6121325,47.9197537],[27.6120791,47.9195321],[27.6120596,47.9194817],[27.6119744,47.9191848],[27.6122566,47.9191079],[27.612031,47.9186635],[27.6123965,47.9184185],[27.612646,47.9182233],[27.612735,47.9181745],[27.6131372,47.9180367],[27.6131715,47.9180622],[27.6131331,47.9179486],[27.6137088,47.917826],[27.6137864,47.9178178],[27.613839,47.9177717],[27.6138954,47.9177594],[27.6141308,47.9177343],[27.614563,47.9177424],[27.6145311,47.9179456],[27.615213,47.9180311],[27.6152748,47.9182491],[27.6155445,47.9181738],[27.6156104,47.918503],[27.6157002,47.9185571],[27.6157468,47.9185484],[27.61627,47.918349],[27.6164861,47.9183014],[27.6165633,47.9182864],[27.6172937,47.9181431]]]]}},{"type":"Feature","properties":{"entity_id":"osm-r18967448","jurisdiction":"MD","display_name":"Slobozia-Recea","display_type":"component_locality","admin_level":9,"tier":"detail","legal_registry":"CUATM","legal_id":"7146","legal_type":null,"parent_catalog_id":"osm-r19045239","osm_relation_id":18967448,"legal_identity_status":"reconciled","geometry_source":"OpenStreetMap","canonical_geometry_role":null,"geometry_scope":null,"geometry_precision":"master_coordinate_fidelity"},"geometry":{"type":"Polygon","coordinates":[[[27.6943174,47.8568265],[27.6944641,47.8565801],[27.6943518,47.8565567],[27.6943829,47.8563385],[27.694378,47.8563064],[27.6943905,47.856275],[27.6944174,47.8560607],[27.6944827,47.8558806],[27.6945258,47.8558368],[27.6944753,47.8558038],[27.6946665,47.8554919],[27.694853,47.8551989],[27.6948945,47.8551372],[27.6948802,47.8551282],[27.6951274,47.8547231],[27.6951767,47.8546731],[27.6952587,47.8543223],[27.6953731,47.8540356],[27.6954936,47.8537522],[27.6957291,47.8533686],[27.6957387,47.8533418],[27.6959104,47.8531436],[27.6959358,47.8531222],[27.6963586,47.8527295],[27.6964202,47.8526543],[27.6964146,47.8526309],[27.6964284,47.8526041],[27.6967013,47.8522773],[27.6967351,47.8522444],[27.69675,47.8522431],[27.6967787,47.852212],[27.6967744,47.8522032],[27.6969553,47.8520018],[27.6969632,47.8520023],[27.6971431,47.851834],[27.6972059,47.8518041],[27.6972477,47.8517388],[27.6976222,47.8514059],[27.6976515,47.8513866],[27.6976357,47.8513754],[27.6976596,47.85135],[27.697674,47.8513317],[27.6979692,47.8509788],[27.6981205,47.8507384],[27.69835,47.8504115],[27.6983885,47.8502675],[27.6984287,47.8501899],[27.6985608,47.8500717],[27.6986686,47.8500019],[27.6988252,47.8499095],[27.6988843,47.8498273],[27.6988861,47.8497954],[27.6990371,47.8495965],[27.6994854,47.8492078],[27.6997646,47.8490566],[27.7001338,47.849362],[27.7006045,47.8497244],[27.7010371,47.8501828],[27.7003444,47.8506334],[27.7009317,47.8508569],[27.701117,47.8509754],[27.7012594,47.8511363],[27.7015937,47.8513197],[27.7016348,47.8512819],[27.701818,47.8507415],[27.7018349,47.8506028],[27.7019431,47.8505351],[27.7021233,47.8505496],[27.7024327,47.8506579],[27.7025104,47.8506655],[27.7028729,47.8509626],[27.70293,47.850933],[27.7031972,47.8512033],[27.7033291,47.8511465],[27.703562,47.8513676],[27.7034805,47.8514168],[27.70391,47.8517691],[27.7039514,47.851825],[27.7039828,47.8518227],[27.70403,47.8518334],[27.7040771,47.8518539],[27.7041175,47.851893],[27.7045165,47.8524927],[27.704608,47.8525964],[27.7028658,47.8538291],[27.7013457,47.8548972],[27.7010591,47.8550992],[27.7016363,47.8555015],[27.7012113,47.855865],[27.7010403,47.8557304],[27.7006426,47.8560274],[27.7002036,47.8563383],[27.699372,47.8569042],[27.6972439,47.8583999],[27.6972078,47.8584248],[27.6964897,47.8589199],[27.6963802,47.8588642],[27.6958551,47.8585315],[27.6961029,47.858314],[27.6959914,47.8580978],[27.6962415,47.8578118],[27.6960657,47.8577169],[27.6962053,47.8576114],[27.6963237,47.8573659],[27.6964699,47.8571148],[27.6964941,47.8570079],[27.6966907,47.8568286],[27.6967891,47.8567741],[27.6968135,47.8567594],[27.6957636,47.8563507],[27.695464,47.8566995],[27.6957154,47.8567983],[27.6959964,47.8569216],[27.6957635,47.8571459],[27.6954435,47.8571321],[27.6948739,47.8569821],[27.6943174,47.8568265]]]}},{"type":"Feature","properties":{"entity_id":"osm-r18967471","jurisdiction":"MD","display_name":"Reteni-Vasileuți","display_type":"component_locality","admin_level":9,"tier":"detail","legal_registry":"CUATM","legal_id":"7120","legal_type":null,"parent_catalog_id":"osm-r19045248","osm_relation_id":18967471,"legal_identity_status":"reconciled","geometry_source":"OpenStreetMap","canonical_geometry_role":null,"geometry_scope":null,"geometry_precision":"master_coordinate_fidelity"},"geometry":{"type":"Polygon","coordinates":[[[27.25871,47.8106621],[27.258631,47.8106642],[27.2585546,47.8106496],[27.2585375,47.8106319],[27.2583084,47.8105922],[27.2578019,47.8105171],[27.2575563,47.8104752],[27.2574614,47.8104665],[27.2571659,47.8104119],[27.2571294,47.8104007],[27.2569912,47.8103927],[27.2564626,47.8102966],[27.2560473,47.8101931],[27.2553784,47.8100369],[27.2550231,47.809946],[27.2549995,47.8099326],[27.2547764,47.8098714],[27.2540638,47.8097306],[27.2540325,47.8097213],[27.2535204,47.809609],[27.2530694,47.8094816],[27.2526752,47.8093644],[27.2522559,47.8092938],[27.2518416,47.8092106],[27.2514987,47.8091422],[27.2510934,47.8090613],[27.2510172,47.809053],[27.2505806,47.8089576],[27.2501845,47.8088688],[27.2498486,47.808796],[27.2493833,47.8086593],[27.249444,47.8085756],[27.2492227,47.8085145],[27.2492499,47.8083106],[27.2493291,47.8078997],[27.2493891,47.8077214],[27.2499685,47.806882],[27.2501281,47.8067771],[27.2501653,47.8067648],[27.2503291,47.8066838],[27.2504786,47.8066869],[27.2508656,47.8067197],[27.2511287,47.8067486],[27.2515362,47.8068623],[27.2515717,47.8068438],[27.2519391,47.8069762],[27.252285,47.8071403],[27.2523989,47.8071561],[27.2527602,47.8072949],[27.2531017,47.807415],[27.2534438,47.8075353],[27.2538282,47.8076823],[27.2538171,47.8076997],[27.2541416,47.8078291],[27.2543967,47.8079288],[27.2547108,47.8080149],[27.2553604,47.8081343],[27.2557828,47.8081575],[27.255902,47.8081413],[27.2560993,47.8081202],[27.256237,47.8081016],[27.2565091,47.8080109],[27.2565768,47.8079831],[27.2567315,47.8079061],[27.2570783,47.807726],[27.2572716,47.8075176],[27.2576273,47.8070953],[27.2575552,47.8070476],[27.2577665,47.8065392],[27.2579755,47.8062871],[27.2580292,47.8061825],[27.2581736,47.8059662],[27.2583358,47.8056267],[27.2585152,47.8056464],[27.2589847,47.8056417],[27.2589876,47.8055714],[27.2590073,47.8053366],[27.2590468,47.8051267],[27.2590822,47.8050193],[27.2592383,47.8046564],[27.2592839,47.8045132],[27.2593382,47.8043606],[27.259367,47.8043051],[27.2593873,47.8042179],[27.259447,47.803937],[27.259447,47.8038846],[27.2594251,47.803607],[27.2593846,47.8033556],[27.2593482,47.8030383],[27.2593348,47.8029103],[27.2593213,47.802835],[27.2592889,47.8026503],[27.2592774,47.8025995],[27.2592347,47.8023906],[27.2591877,47.8021366],[27.2591607,47.8019462],[27.2591625,47.8018956],[27.2594975,47.8019542],[27.2595028,47.8019405],[27.2595751,47.8019437],[27.2598488,47.801983],[27.2602853,47.8020397],[27.2602926,47.8020086],[27.2610274,47.8020692],[27.2610524,47.8023656],[27.2610317,47.8024764],[27.2610484,47.8025735],[27.2610489,47.8027078],[27.2610409,47.8027269],[27.2610399,47.8028893],[27.2610478,47.802958],[27.2610949,47.8029776],[27.261109,47.8030205],[27.2611189,47.8030713],[27.2611131,47.803176],[27.2610516,47.8031764],[27.2610318,47.8033681],[27.2612002,47.8033924],[27.2611691,47.8036552],[27.2609435,47.8036194],[27.2609178,47.8037804],[27.2609905,47.8041115],[27.2610742,47.8041406],[27.2610687,47.8045859],[27.2610948,47.8046095],[27.2611061,47.8048658],[27.2611015,47.8052183],[27.2612033,47.8052235],[27.2611672,47.8055368],[27.2610997,47.8057706],[27.2610089,47.8060132],[27.2609243,47.8064349],[27.2608671,47.806916],[27.2607569,47.807333],[27.2607592,47.8073526],[27.2610718,47.8073855],[27.2611883,47.8073951],[27.2613613,47.807102],[27.2614596,47.8068984],[27.261633,47.8065841],[27.2617844,47.806434],[27.2618736,47.8059049],[27.2622699,47.8059304],[27.2623044,47.805221],[27.2623698,47.80523],[27.2629765,47.8052934],[27.2630261,47.8054622],[27.2630438,47.8056616],[27.263028,47.8060841],[27.263096,47.8060917],[27.2630723,47.8063529],[27.2630332,47.8064765],[27.2629975,47.8065363],[27.2629286,47.8068254],[27.2628765,47.8071074],[27.2628337,47.8071034],[27.2627374,47.8074255],[27.2626386,47.8075176],[27.2625731,47.8077008],[27.2631308,47.8076979],[27.2630821,47.8079038],[27.2628678,47.8080229],[27.2627779,47.80818],[27.2627751,47.8082355],[27.2626957,47.8085925],[27.2625436,47.8088767],[27.2625333,47.8092391],[27.2625156,47.809277],[27.2624641,47.8093055],[27.2623974,47.8093109],[27.2618657,47.8092987],[27.2617321,47.8092684],[27.2614502,47.8091659],[27.2613866,47.8090035],[27.2613253,47.8088275],[27.2611247,47.8088209],[27.2610755,47.8089266],[27.2610327,47.8089954],[27.2610672,47.8090151],[27.2610038,47.8091448],[27.2609534,47.8092305],[27.2608316,47.8093368],[27.2606913,47.8094769],[27.2606592,47.8094695],[27.260517,47.809647],[27.2602837,47.8098824],[27.2601855,47.8099725],[27.2602711,47.8099929],[27.2602743,47.8100005],[27.2599027,47.8102897],[27.2590988,47.810162],[27.2590728,47.8102281],[27.2590391,47.8102889],[27.2590148,47.8103243],[27.2589724,47.8104038],[27.258959,47.8104222],[27.2589388,47.8104751],[27.2588488,47.8105833],[27.2587917,47.8106254],[27.25871,47.8106621]]]}},{"type":"Feature","properties":{"entity_id":"osm-r18967476","jurisdiction":"MD","display_name":"Grinăuți","display_type":"commune","admin_level":9,"tier":"detail","legal_registry":"CUATM","legal_id":"7128","legal_type":"commune","parent_catalog_id":"osm-r19045257","osm_relation_id":18967476,"legal_identity_status":"reconciled","geometry_source":"OpenStreetMap","canonical_geometry_role":null,"geometry_scope":null,"geometry_precision":"master_coordinate_fidelity"},"geometry":{"type":"Polygon","coordinates":[[[27.7692906,47.8821477],[27.7695964,47.8819836],[27.7695324,47.8819501],[27.7695236,47.8819427],[27.7697755,47.8818062],[27.7698834,47.8817403],[27.7699615,47.8816782],[27.770017,47.8816465],[27.7700648,47.881602],[27.7701618,47.8815476],[27.7702176,47.8815026],[27.7702813,47.8814513],[27.7698214,47.8812331],[27.7699737,47.8811434],[27.7703747,47.8809491],[27.7705526,47.8808587],[27.7706396,47.8808158],[27.7721472,47.8806882],[27.7722624,47.8806641],[27.7719884,47.8804166],[27.7717766,47.880209],[27.7716637,47.880116],[27.771346,47.8798244],[27.7710962,47.8797972],[27.7707391,47.879704],[27.7705182,47.8795312],[27.7704599,47.8793144],[27.7711259,47.8792085],[27.7713938,47.8791587],[27.771416,47.8791546],[27.7719132,47.8790621],[27.7722119,47.8790066],[27.7723914,47.8789732],[27.7724042,47.8789708],[27.772486,47.8789556],[27.772601,47.8789342],[27.7727208,47.8789119],[27.772902,47.8788782],[27.7729702,47.8788655],[27.7731678,47.8788288],[27.7732443,47.8788145],[27.7735851,47.8787512],[27.7738475,47.8787023],[27.7741136,47.8786529],[27.7741667,47.878643],[27.774207,47.8786355],[27.774457,47.878589],[27.7746813,47.8785472],[27.7749656,47.8784943],[27.7751245,47.8784648],[27.7752558,47.8784403],[27.7753066,47.8784309],[27.775478,47.878399],[27.7755538,47.8783849],[27.7758081,47.8783377],[27.7759796,47.8783057],[27.7760627,47.8782903],[27.776232,47.8782588],[27.7763341,47.8782398],[27.776517,47.8782058],[27.7765927,47.878193],[27.776783,47.8781608],[27.7768184,47.878154],[27.776915,47.8781354],[27.7773424,47.8780535],[27.7774216,47.8780383],[27.7776592,47.8779927],[27.7777709,47.8779712],[27.7778458,47.8779568],[27.7781008,47.8779078],[27.7782315,47.8778827],[27.7783363,47.8778626],[27.7785882,47.8778142],[27.7790011,47.877735],[27.7790421,47.8777271],[27.7793267,47.8776725],[27.7795076,47.8781435],[27.7795787,47.8781299],[27.7796689,47.8780877],[27.7797356,47.8782552],[27.7798851,47.8786319],[27.7799477,47.8787839],[27.7800774,47.8791036],[27.7801208,47.8791933],[27.7807054,47.87908],[27.78087,47.879047],[27.7811107,47.8789962],[27.7816287,47.8788913],[27.7820417,47.8788064],[27.7829005,47.878616],[27.7827818,47.8784976],[27.7819329,47.8779258],[27.7825991,47.8777711],[27.7828267,47.8777275],[27.78282,47.8777057],[27.7830804,47.8776546],[27.7830669,47.8776198],[27.7831408,47.8775989],[27.7833645,47.8775579],[27.7833994,47.8776142],[27.7836614,47.8775602],[27.7839954,47.8774761],[27.7842954,47.8774192],[27.784649,47.8773371],[27.7846444,47.8773205],[27.7845924,47.8771233],[27.7842062,47.8763542],[27.783906,47.8763241],[27.7837038,47.8757049],[27.7840863,47.8756288],[27.7859888,47.8752663],[27.7846532,47.8713325],[27.785443,47.8711939],[27.7890802,47.8705603],[27.7891282,47.8705519],[27.7927691,47.8699175],[27.7929604,47.8698875],[27.7930771,47.870277],[27.7937784,47.8731156],[27.7941886,47.8737825],[27.794216,47.8737994],[27.7944934,47.8739707],[27.794683,47.8740879],[27.7947743,47.8741139],[27.7949413,47.8741615],[27.7949772,47.8741718],[27.7950896,47.8742038],[27.7954587,47.8743091],[27.7957911,47.8744038],[27.7959227,47.8744414],[27.7959815,47.8744582],[27.7960457,47.8744765],[27.7961343,47.8745018],[27.7961838,47.8745159],[27.7962331,47.87453],[27.7963096,47.8745518],[27.79638,47.8745719],[27.7964765,47.874598],[27.7965561,47.8746197],[27.7966934,47.874657],[27.7967325,47.8746676],[27.7968806,47.8747078],[27.7970287,47.8747481],[27.7972244,47.8748013],[27.7973183,47.8748268],[27.7974435,47.8748608],[27.797621,47.874909],[27.7976512,47.8749172],[27.7977187,47.8749355],[27.7978055,47.8749591],[27.7978225,47.8749638],[27.7978445,47.8749856],[27.7979463,47.8750862],[27.7979593,47.8750991],[27.7979697,47.8751094],[27.7947972,47.8763772],[27.7936923,47.8768226],[27.7935835,47.8768577],[27.793288,47.8769778],[27.7932382,47.8769967],[27.7930935,47.8770547],[27.7928954,47.8771344],[27.7928189,47.8771654],[27.7927756,47.8771805],[27.792653,47.8772325],[27.7925101,47.8772901],[27.7922969,47.8773739],[27.7920149,47.877486],[27.7921227,47.8776539],[27.7922304,47.8777439],[27.7922732,47.877785],[27.7923137,47.8778193],[27.7928288,47.8782354],[27.7930154,47.8781283],[27.7933543,47.8783828],[27.7929743,47.8786345],[27.7927632,47.8787743],[27.792606,47.8788783],[27.792409,47.8790081],[27.7922063,47.8791446],[27.7920572,47.8792444],[27.7921011,47.8792776],[27.7919124,47.8794305],[27.7917791,47.879536],[27.7915253,47.8797406],[27.7912911,47.8799323],[27.7910399,47.8801341],[27.7906894,47.8804146],[27.7905857,47.8804992],[27.7901736,47.8807303],[27.7901476,47.8807439],[27.79005,47.8808129],[27.7899525,47.8808789],[27.7898741,47.8809316],[27.7897332,47.8810501],[27.7895869,47.881185],[27.7893463,47.8813429],[27.7893104,47.881346],[27.7889854,47.8815204],[27.7886547,47.8817248],[27.7883938,47.8819092],[27.7881623,47.8820771],[27.7880824,47.8821262],[27.7878509,47.8822865],[27.7874858,47.882556],[27.7872921,47.8826539],[27.7871258,47.882723],[27.7869118,47.882831],[27.7867092,47.8829342],[27.7865253,47.8830398],[27.7864481,47.8830826],[27.7861562,47.8832444],[27.7858222,47.8834424],[27.7855434,47.8835993],[27.7853221,47.8837716],[27.7850443,47.8839178],[27.7847629,47.8840686],[27.7844527,47.8842283],[27.7843193,47.8843081],[27.7842008,47.8843717],[27.7839666,47.8844624],[27.7837586,47.8845741],[27.7836017,47.8846667],[27.783344,47.8848066],[27.7833307,47.8847968],[27.783263,47.8848368],[27.7827515,47.8851396],[27.7828101,47.8851814],[27.7823791,47.8854527],[27.781896,47.8856789],[27.7814515,47.8859029],[27.7815242,47.8859765],[27.7811574,47.8861401],[27.7809865,47.8862075],[27.7803401,47.8865032],[27.7797973,47.8866929],[27.7795687,47.8867771],[27.7793342,47.8868415],[27.77859,47.8869183],[27.7784783,47.8869065],[27.7784624,47.8869169],[27.778361,47.8869167],[27.778196,47.8869049],[27.777966,47.8868852],[27.7777309,47.8868513],[27.7774236,47.8867751],[27.7773156,47.8867558],[27.7771139,47.8867404],[27.7770473,47.8867306],[27.7769829,47.8867145],[27.7769476,47.8866902],[27.7769022,47.8866291],[27.7768826,47.8865677],[27.7767242,47.8865649],[27.7760373,47.8866014],[27.7756645,47.8865613],[27.7749368,47.8866596],[27.7749587,47.8867879],[27.7747495,47.8869119],[27.7746609,47.8867811],[27.7742886,47.8869093],[27.7740977,47.8866769],[27.7737206,47.8868008],[27.7739462,47.8870978],[27.7739598,47.8871234],[27.7739227,47.8871312],[27.7736418,47.8871581],[27.7734543,47.8871711],[27.7733916,47.887079],[27.7728787,47.8870944],[27.7724315,47.8870874],[27.7722338,47.8870717],[27.7721564,47.8870617],[27.7720006,47.8870474],[27.7716483,47.887005],[27.7715665,47.8869922],[27.7715471,47.8869669],[27.7714456,47.8867227],[27.7707473,47.8867819],[27.7682892,47.8869236],[27.7679955,47.8868236],[27.7676799,47.8866382],[27.7674652,47.8863556],[27.7671055,47.8864528],[27.7662241,47.886722],[27.7661495,47.886615],[27.7658888,47.8862731],[27.7660976,47.886063],[27.7663399,47.8859887],[27.7669068,47.8858106],[27.7674067,47.8856825],[27.7675449,47.8856359],[27.7679044,47.8855281],[27.7683063,47.8854197],[27.768329,47.8854086],[27.7683309,47.8853981],[27.768757,47.885229],[27.7691102,47.8850808],[27.7691714,47.8850609],[27.7695426,47.8848911],[27.7695933,47.8848724],[27.7695421,47.8848286],[27.7691077,47.8844968],[27.769618,47.8842098],[27.7696333,47.8841926],[27.769616,47.8841772],[27.7695507,47.8841375],[27.7693542,47.8840401],[27.7691822,47.8841418],[27.7685661,47.8837084],[27.7684646,47.8836278],[27.7684156,47.8835866],[27.7683886,47.8835987],[27.7679538,47.8838078],[27.7672376,47.8831908],[27.7676457,47.8829865],[27.7677197,47.8830329],[27.7678099,47.882983],[27.7681585,47.8827874],[27.7683123,47.8827003],[27.7684993,47.8825905],[27.7687652,47.8824424],[27.7689547,47.8823397],[27.7692906,47.8821477]]]}},{"type":"Feature","properties":{"entity_id":"osm-r18967516","jurisdiction":"MD","display_name":"Șumna","display_type":"commune","admin_level":9,"tier":"detail","legal_registry":"CUATM","legal_id":"7151","legal_type":"commune","parent_catalog_id":"osm-r19045250","osm_relation_id":18967516,"legal_identity_status":"reconciled","geometry_source":"OpenStreetMap","canonical_geometry_role":null,"geometry_scope":null,"geometry_precision":"master_coordinate_fidelity"},"geometry":{"type":"Polygon","coordinates":[[[27.7026822,47.924052],[27.7024941,47.9240865],[27.7049634,47.9290633],[27.7061546,47.9315391],[27.7034029,47.9320545],[27.7023501,47.9297223],[27.7023116,47.929637],[27.7021619,47.9293053],[27.7020139,47.9289776],[27.7019405,47.9288152],[27.7017947,47.9284922],[27.7016492,47.9281696],[27.7015037,47.927847],[27.701358,47.9275243],[27.7012123,47.9272016],[27.7010666,47.926879],[27.700921,47.9265563],[27.7007753,47.9262337],[27.7006296,47.925911],[27.700553,47.9257412],[27.7004991,47.9254152],[27.7004411,47.9252134],[27.7005061,47.9251758],[27.7008974,47.925122],[27.7007393,47.9247096],[27.7005871,47.9243386],[27.700944,47.9242601],[27.7007244,47.923948],[27.7010848,47.9238171],[27.7011043,47.9238042],[27.7009473,47.9236871],[27.700796,47.9235964],[27.6994046,47.9226384],[27.6989417,47.9223157],[27.6985372,47.9220563],[27.6980023,47.9221206],[27.6956247,47.9224226],[27.6955695,47.9223096],[27.6954091,47.9217403],[27.6961481,47.9216666],[27.6973844,47.9215952],[27.6978646,47.92147],[27.6977296,47.9212017],[27.6980611,47.9211227],[27.6988088,47.9210706],[27.6993067,47.9210356],[27.6996649,47.9210055],[27.7001547,47.9209786],[27.7003512,47.9209612],[27.7005106,47.9207531],[27.70043,47.9204796],[27.7002674,47.9204133],[27.6999358,47.920432],[27.6995761,47.9204945],[27.6993564,47.9204071],[27.698953,47.9200474],[27.6991867,47.9199141],[27.6992343,47.9198939],[27.6994658,47.9197958],[27.6995557,47.9197449],[27.699692,47.9196904],[27.6998197,47.9196351],[27.7003861,47.9194165],[27.7004889,47.9193667],[27.7006183,47.9192671],[27.7009534,47.9190041],[27.701218,47.918834],[27.7013557,47.9187242],[27.7015984,47.9185712],[27.7019903,47.9183025],[27.7020919,47.9183485],[27.7023168,47.9183983],[27.7024058,47.9184153],[27.702479,47.9184238],[27.7025264,47.9186983],[27.7025918,47.9188496],[27.7027937,47.9192117],[27.7029423,47.9193112],[27.7035053,47.9195355],[27.7037167,47.9197219],[27.7038113,47.9197634],[27.7039909,47.9198421],[27.7043498,47.9199995],[27.7044004,47.9200217],[27.7048814,47.9199708],[27.7060257,47.91985],[27.7061255,47.9198267],[27.7062937,47.9197873],[27.7064932,47.9197406],[27.7066921,47.9197199],[27.7070828,47.9196793],[27.7072846,47.9196583],[27.7073525,47.9196512],[27.7078696,47.9195681],[27.708423,47.9194792],[27.709047,47.9193797],[27.7097509,47.919286],[27.7100018,47.9192525],[27.7107366,47.9190602],[27.7109117,47.9190144],[27.7122954,47.9186784],[27.7129505,47.9185299],[27.7129647,47.9184097],[27.7130078,47.9182019],[27.713211,47.9177805],[27.7133092,47.9176441],[27.7134316,47.9175032],[27.713594,47.9173841],[27.7138821,47.9171876],[27.7140298,47.9170197],[27.7145472,47.9171458],[27.714609,47.9172997],[27.7147852,47.917301],[27.7148695,47.9171065],[27.7150713,47.9171244],[27.7151433,47.9171316],[27.7151641,47.9172548],[27.7153441,47.9175519],[27.7153608,47.9176996],[27.7152554,47.9178911],[27.7145642,47.9183164],[27.7138712,47.9188034],[27.7130511,47.9192404],[27.7129339,47.9194365],[27.7128453,47.9195797],[27.7124247,47.9198522],[27.7124865,47.9199021],[27.7124809,47.9199067],[27.7126673,47.9201276],[27.7128639,47.92037],[27.7125871,47.9205317],[27.7124112,47.9206264],[27.7124018,47.9206184],[27.7122934,47.9206697],[27.7121464,47.9207182],[27.7120067,47.9207986],[27.7119125,47.920844],[27.7118019,47.9209206],[27.7117287,47.9209536],[27.7113132,47.9212432],[27.7109395,47.921631],[27.7107526,47.9217561],[27.7093701,47.9219186],[27.7081383,47.9221845],[27.706749,47.9225317],[27.7050249,47.9229434],[27.7050812,47.9230657],[27.7051372,47.9231806],[27.7051352,47.9231822],[27.7049568,47.9233212],[27.7049433,47.9233427],[27.704771,47.9235096],[27.7046167,47.9236004],[27.7043306,47.9236805],[27.7042688,47.92368],[27.7038956,47.923781],[27.7038742,47.9237904],[27.7036423,47.9238476],[27.7032325,47.9239373],[27.7028884,47.9240038],[27.7026822,47.924052]]]}},{"type":"Feature","properties":{"entity_id":"osm-r18967535","jurisdiction":"MD","display_name":"Dumeni","display_type":"component_locality","admin_level":9,"tier":"detail","legal_registry":"CUATM","legal_id":"7161","legal_type":null,"parent_catalog_id":"osm-r19045259","osm_relation_id":18967535,"legal_identity_status":"reconciled","geometry_source":"OpenStreetMap","canonical_geometry_role":null,"geometry_scope":null,"geometry_precision":"master_coordinate_fidelity"},"geometry":{"type":"Polygon","coordinates":[[[27.197618,47.9127752],[27.1982205,47.9121578],[27.1981481,47.9120887],[27.1985255,47.911818],[27.1984324,47.911746],[27.1996522,47.9107506],[27.1999811,47.9105258],[27.2004167,47.9102063],[27.2011146,47.9096459],[27.2017293,47.9090101],[27.203556,47.9081958],[27.2054623,47.9076899],[27.2059365,47.9082641],[27.206273,47.9085675],[27.2092209,47.9097221],[27.2063877,47.9119907],[27.204532,47.9132904],[27.2043519,47.9133947],[27.2037149,47.9137145],[27.2026785,47.9144004],[27.2024679,47.9140333],[27.2024353,47.9140463],[27.2022693,47.9137511],[27.2022051,47.9136178],[27.2018034,47.9137206],[27.2016947,47.9135549],[27.2016409,47.9134729],[27.2014975,47.91323],[27.2014692,47.9131936],[27.2008151,47.913569],[27.199835,47.914049],[27.1994747,47.9141734],[27.1986975,47.9135535],[27.1985265,47.9136795],[27.1977278,47.9129807],[27.197618,47.9127752]]]}},{"type":"Feature","properties":{"entity_id":"osm-r18967540","jurisdiction":"MD","display_name":"Rămăzan","display_type":"component_locality","admin_level":9,"tier":"detail","legal_registry":"CUATM","legal_id":"7144","legal_type":null,"parent_catalog_id":"osm-r19045242","osm_relation_id":18967540,"legal_identity_status":"reconciled","geometry_source":"OpenStreetMap","canonical_geometry_role":null,"geometry_scope":null,"geometry_precision":"master_coordinate_fidelity"},"geometry":{"type":"Polygon","coordinates":[[[27.6240474,47.9823501],[27.6239982,47.9823681],[27.6236676,47.9823868],[27.6233638,47.9823977],[27.6233563,47.9824175],[27.6229794,47.982343],[27.6229376,47.9823535],[27.6225933,47.9822183],[27.6223573,47.9821068],[27.6222853,47.9820741],[27.6221297,47.9820762],[27.6218503,47.9820514],[27.621585,47.9820121],[27.6215578,47.9820418],[27.6213584,47.9820998],[27.6211824,47.9822691],[27.6210294,47.9822001],[27.620963,47.9821868],[27.6209105,47.9822576],[27.6208745,47.9823625],[27.6208494,47.9823877],[27.62077,47.9824333],[27.6207125,47.982487],[27.6211019,47.9828101],[27.621324,47.9831604],[27.6214148,47.9833098],[27.6214318,47.9833303],[27.6214762,47.983372],[27.6216216,47.9834572],[27.6217781,47.9835884],[27.6221018,47.9838938],[27.6222069,47.9839149],[27.622421,47.9836999],[27.622431,47.9836839],[27.6225892,47.983526],[27.622662,47.9834962],[27.6227435,47.983498],[27.623022,47.983597],[27.6230496,47.9835883],[27.6234565,47.9835539],[27.6236704,47.9835359],[27.623729,47.9835623],[27.6237332,47.9835581],[27.6237795,47.9835781],[27.6238185,47.9835994],[27.6238835,47.9836211],[27.6239411,47.9836429],[27.6243421,47.9838311],[27.6246049,47.9836152],[27.6249889,47.9836231],[27.6252107,47.9836682],[27.6252218,47.9836959],[27.6252738,47.9837217],[27.6243422,47.9846344],[27.6238011,47.985105],[27.6227756,47.9860867],[27.621868,47.9869413],[27.6210843,47.9876538],[27.6202662,47.9873802],[27.6202383,47.9874122],[27.6200556,47.987721],[27.6203267,47.987843],[27.6200909,47.9880448],[27.6198475,47.9882262],[27.6195966,47.9883885],[27.6192716,47.9886059],[27.6189089,47.9887728],[27.6188574,47.9887431],[27.6188406,47.9885237],[27.6187786,47.9883519],[27.6184553,47.9882186],[27.6182987,47.9881592],[27.6178296,47.9887426],[27.6173599,47.9893013],[27.6174114,47.9893188],[27.6182497,47.9896063],[27.618873,47.9898283],[27.6156786,47.9926496],[27.6145708,47.9936259],[27.6123886,47.9926554],[27.6122797,47.9926082],[27.612233,47.992588],[27.6122096,47.9925778],[27.612046,47.992507],[27.6119054,47.9924461],[27.6118703,47.9924309],[27.6118116,47.9924055],[27.611223,47.9921505],[27.6111757,47.9921301],[27.6109153,47.9920173],[27.610856,47.9919916],[27.6107016,47.9919247],[27.6104874,47.991832],[27.610213,47.9917131],[27.6100335,47.9916354],[27.6099136,47.9915834],[27.6096974,47.9914898],[27.609553,47.9914273],[27.6094687,47.9913907],[27.6092513,47.9912966],[27.6090819,47.9912232],[27.608985,47.9911812],[27.6087421,47.991076],[27.6086883,47.9910527],[27.6087115,47.9910341],[27.6087042,47.9910292],[27.6083194,47.9907707],[27.6082825,47.990746],[27.6082642,47.9907337],[27.6082277,47.9907092],[27.6080492,47.9905893],[27.6080055,47.9905599],[27.6079535,47.990525],[27.6079191,47.9905019],[27.6078698,47.9904688],[27.607845,47.990397],[27.6078116,47.9903004],[27.6077759,47.9902297],[27.6077571,47.9901924],[27.6077339,47.9901767],[27.6076701,47.9901334],[27.6075097,47.9900247],[27.6075034,47.9900205],[27.6073733,47.9899733],[27.6073125,47.9899513],[27.6072166,47.9899165],[27.6071735,47.9899009],[27.6070771,47.9898972],[27.6069413,47.989892],[27.6067982,47.9898864],[27.6067589,47.9898739],[27.6066652,47.9898441],[27.6064961,47.9897379],[27.6064241,47.9896928],[27.6063369,47.9896381],[27.6062584,47.9895888],[27.6061498,47.9895207],[27.6061138,47.9894981],[27.6060131,47.9894751],[27.6059584,47.9894387],[27.6061502,47.9893034],[27.606104,47.9892922],[27.6057325,47.9890717],[27.6056665,47.9890329],[27.6055372,47.98896],[27.6054999,47.9889361],[27.6054933,47.9889182],[27.605372,47.9888916],[27.6053347,47.9889111],[27.605265,47.9889161],[27.6051326,47.9889069],[27.6050641,47.9889086],[27.6049353,47.9889485],[27.6048041,47.9888623],[27.6046654,47.98895],[27.6045174,47.9890555],[27.6042492,47.9892407],[27.6040304,47.9891389],[27.6037001,47.9889847],[27.6036129,47.9889298],[27.603816,47.988703],[27.6037595,47.9886123],[27.6036749,47.9884724],[27.6037932,47.9882267],[27.6039004,47.9880982],[27.6042275,47.9878411],[27.6044643,47.9876482],[27.6047971,47.9874403],[27.6050629,47.9873787],[27.6061778,47.9868118],[27.60605,47.9866895],[27.6060398,47.986646],[27.6060515,47.9865998],[27.6060872,47.9865606],[27.6062696,47.986484],[27.6064429,47.9864269],[27.6064799,47.9864547],[27.6065974,47.9865997],[27.6066046,47.9866147],[27.6066643,47.9866629],[27.6068508,47.9866325],[27.607751,47.9862862],[27.6068271,47.985257],[27.6067143,47.9853175],[27.6064323,47.9855141],[27.6063026,47.9856426],[27.6061616,47.9857372],[27.6059529,47.9858015],[27.6057104,47.9858998],[27.6056464,47.9858537],[27.605467,47.9857588],[27.6048929,47.9854692],[27.604651,47.9853426],[27.6045705,47.9852928],[27.6047666,47.9851117],[27.6050105,47.9849114],[27.6054427,47.9845226],[27.6056984,47.9845177],[27.6061602,47.9841682],[27.6064426,47.9839684],[27.6067027,47.9837844],[27.60694,47.983639],[27.6068821,47.9835937],[27.6071831,47.9834489],[27.6074386,47.983252],[27.6080116,47.9835603],[27.6083882,47.9837409],[27.6086373,47.983847],[27.6082645,47.9841477],[27.6081509,47.9844728],[27.6081904,47.9845472],[27.6083765,47.9845382],[27.6085159,47.9846576],[27.6085984,47.9845933],[27.6087776,47.9844966],[27.609116,47.9843612],[27.609212,47.9843668],[27.6092786,47.9843518],[27.6093235,47.984329],[27.6093554,47.9843105],[27.6096394,47.9842363],[27.6099219,47.984127],[27.6100537,47.9840788],[27.6101867,47.984041],[27.6105037,47.9839122],[27.6107924,47.9838244],[27.6109453,47.9837883],[27.6109789,47.9837752],[27.6110941,47.9837177],[27.6116303,47.9835113],[27.6118655,47.983438],[27.6118954,47.9834274],[27.6121991,47.98331],[27.6136212,47.982955],[27.6137362,47.9828058],[27.6137872,47.9828145],[27.6139465,47.9827541],[27.6141101,47.9826995],[27.6141988,47.9827032],[27.6148836,47.9826265],[27.6153005,47.9826063],[27.6155596,47.9825732],[27.6155895,47.9825713],[27.6156759,47.9825511],[27.6160129,47.9825352],[27.6163356,47.9825254],[27.616497,47.9825058],[27.6166769,47.9824839],[27.6167273,47.9825876],[27.6167801,47.9826493],[27.6176075,47.9823424],[27.6178394,47.9822786],[27.6181346,47.9813977],[27.618239,47.9809542],[27.6183067,47.9808978],[27.6191205,47.9809727],[27.619128,47.9809493],[27.6191223,47.9809238],[27.6191574,47.9807121],[27.6192083,47.9805169],[27.6186081,47.9805354],[27.618486,47.9804989],[27.6183351,47.9804933],[27.6179427,47.9804685],[27.6179301,47.9803252],[27.6179373,47.9801227],[27.6179217,47.9800153],[27.6179565,47.9800008],[27.6181087,47.9799899],[27.6184501,47.979977],[27.6186602,47.9799599],[27.6197956,47.9798165],[27.6200406,47.979843],[27.620249,47.9798596],[27.6204905,47.9798619],[27.6207451,47.9798826],[27.6210161,47.9799135],[27.6211676,47.9799396],[27.621314,47.9799776],[27.6215455,47.9800672],[27.6215739,47.980084],[27.6217204,47.9801563],[27.6220735,47.9802566],[27.6221104,47.9801739],[27.6222163,47.9802033],[27.6221816,47.9803119],[27.6224514,47.9803894],[27.6226495,47.9804463],[27.6226805,47.9804237],[27.6228806,47.9804833],[27.6228719,47.9805582],[27.6229098,47.9805691],[27.6231075,47.9806067],[27.6232741,47.9806541],[27.6235723,47.980806],[27.623672,47.9808553],[27.6238179,47.9809114],[27.6238888,47.9809177],[27.624105,47.9809626],[27.6241091,47.9809493],[27.6243071,47.9809845],[27.6243063,47.9810126],[27.6244189,47.9810315],[27.6245893,47.9810578],[27.6246287,47.981245],[27.6246505,47.9813841],[27.6255682,47.9814024],[27.6256773,47.9814327],[27.625722,47.9815677],[27.6257397,47.981584],[27.6258371,47.9817789],[27.6258701,47.9818136],[27.62573,47.9820021],[27.625607,47.9821446],[27.6255403,47.9821448],[27.6254569,47.9820963],[27.6254094,47.9819856],[27.6253663,47.9819925],[27.6252157,47.982029],[27.6252114,47.9821731],[27.6248724,47.9821695],[27.6248419,47.9819983],[27.6247637,47.982001],[27.6247002,47.9820205],[27.6244092,47.9819934],[27.6242134,47.9819615],[27.6240873,47.9819532],[27.6240735,47.9820358],[27.6240474,47.9823501]]]}},{"type":"Feature","properties":{"entity_id":"osm-r18967572","jurisdiction":"MD","display_name":"Moșeni","display_type":"component_locality","admin_level":9,"tier":"detail","legal_registry":"CUATM","legal_id":"7158","legal_type":null,"parent_catalog_id":"osm-r19045246","osm_relation_id":18967572,"legal_identity_status":"reconciled","geometry_source":"OpenStreetMap","canonical_geometry_role":null,"geometry_scope":null,"geometry_precision":"master_coordinate_fidelity"},"geometry":{"type":"Polygon","coordinates":[[[27.4427134,48.0276577],[27.4427239,48.0276161],[27.4427905,48.0275573],[27.4431984,48.027232],[27.4432921,48.0271503],[27.4433073,48.0271145],[27.4423928,48.0266749],[27.442608,48.0265002],[27.4428942,48.026268],[27.4433743,48.0258783],[27.4430643,48.0257171],[27.4423284,48.0253091],[27.4422767,48.0252805],[27.4425013,48.0250299],[27.4427325,48.0248342],[27.4429365,48.0246612],[27.4431835,48.0244872],[27.4434657,48.0242936],[27.4435623,48.0242314],[27.4431818,48.0240452],[27.4425224,48.0237949],[27.4423122,48.0237004],[27.4419499,48.023532],[27.4423358,48.0231719],[27.4429202,48.0234661],[27.443288,48.0236513],[27.4434904,48.0237406],[27.4439777,48.0239949],[27.4441453,48.0240757],[27.4443602,48.0238107],[27.4446363,48.0235123],[27.4448876,48.0232815],[27.4449571,48.0232152],[27.4451085,48.0232231],[27.4453066,48.0232427],[27.4454768,48.023266],[27.4457392,48.0233242],[27.4459904,48.0233843],[27.4461537,48.0233938],[27.446538,48.0233689],[27.4470605,48.0233165],[27.4471968,48.0232892],[27.4478259,48.0232071],[27.448161,48.0231671],[27.4490443,48.0230613],[27.4503723,48.0229198],[27.450495,48.0229039],[27.4506502,48.0228838],[27.45074,48.0228802],[27.4508776,48.0228718],[27.451193,48.0228613],[27.4513184,48.0228548],[27.4516521,48.0228496],[27.4519132,48.0228443],[27.4523607,48.0228438],[27.4525425,48.022842],[27.4527359,48.0228425],[27.4529064,48.0228465],[27.4531415,48.0228432],[27.4537013,48.0228532],[27.4543608,48.0228413],[27.4557366,48.0228093],[27.4564335,48.0227855],[27.4565893,48.0227606],[27.457139,48.0227379],[27.4575523,48.022707],[27.4580036,48.0227085],[27.4581522,48.0226898],[27.458338,48.0226206],[27.4584371,48.0226038],[27.4586115,48.0226185],[27.4587491,48.0226616],[27.4593717,48.023002],[27.4599821,48.0233436],[27.4606548,48.0236762],[27.4610688,48.0238762],[27.4621118,48.0232344],[27.4631717,48.0226413],[27.463243,48.0225893],[27.4633774,48.0225882],[27.4637409,48.0228219],[27.4635969,48.0229162],[27.4634974,48.023181],[27.4627891,48.0236389],[27.4626798,48.0237985],[27.4627281,48.0238313],[27.4628763,48.0239559],[27.4629292,48.0240127],[27.4629269,48.024014],[27.462539,48.0242437],[27.4622659,48.0243807],[27.4622219,48.0245654],[27.462177,48.0248902],[27.4621928,48.0249282],[27.4621527,48.0249771],[27.4619305,48.0252126],[27.4617354,48.0254384],[27.4616226,48.0255674],[27.461467,48.0256971],[27.4612303,48.0258897],[27.4607978,48.0262488],[27.4608539,48.0263169],[27.4610067,48.0264287],[27.4612731,48.0265447],[27.4617236,48.0267127],[27.461942,48.0267753],[27.462822,48.0263104],[27.4629907,48.0264438],[27.4630666,48.0265097],[27.4625976,48.0267825],[27.4624998,48.0268409],[27.4622695,48.0269621],[27.4625848,48.0272423],[27.4628204,48.0274283],[27.4629719,48.0275319],[27.4632358,48.0276639],[27.4634141,48.0278256],[27.463692,48.028002],[27.4637177,48.0280172],[27.4639745,48.0281701],[27.4641117,48.0282694],[27.4641171,48.0282889],[27.4650973,48.0288133],[27.4651789,48.0288485],[27.4651423,48.0288742],[27.4647692,48.0290297],[27.4643587,48.0291497],[27.4643054,48.0291225],[27.4631639,48.0291905],[27.4631303,48.0292893],[27.4634261,48.0294988],[27.4629281,48.0296768],[27.4628027,48.0296091],[27.4624208,48.0297736],[27.4622729,48.0296961],[27.4619141,48.0299037],[27.461886,48.0299503],[27.4618906,48.029965],[27.4617514,48.03009],[27.4617986,48.0301219],[27.4617508,48.0301537],[27.4617035,48.0301218],[27.4616562,48.030139],[27.4613926,48.0303216],[27.4613136,48.0303794],[27.4608518,48.0307177],[27.460734,48.0308039],[27.4611748,48.0310476],[27.4610617,48.0311412],[27.4608386,48.0313213],[27.4605371,48.0315672],[27.4605043,48.0315878],[27.4604682,48.0316178],[27.4602583,48.0317698],[27.4597213,48.0314871],[27.4597038,48.0314884],[27.4593229,48.0317383],[27.4589207,48.0319974],[27.4587306,48.0321283],[27.4583206,48.0324231],[27.457952,48.0326517],[27.4577375,48.0327969],[27.4574311,48.033],[27.4571064,48.033211],[27.456771,48.033431],[27.4567173,48.0334607],[27.4564977,48.0336321],[27.4562681,48.0338014],[27.4561981,48.0338681],[27.4565156,48.0340507],[27.4562745,48.0343507],[27.4562255,48.0343969],[27.4555485,48.0340757],[27.4551864,48.0339162],[27.4551554,48.0339405],[27.4549314,48.034141],[27.4547806,48.0342349],[27.4542635,48.0347304],[27.4538434,48.0345339],[27.4532851,48.0342776],[27.4527645,48.0339771],[27.4527115,48.0339491],[27.4526776,48.033909],[27.4525684,48.033853],[27.4522209,48.0336982],[27.4519641,48.0335837],[27.4513748,48.0333352],[27.4512272,48.0332729],[27.4506784,48.0329891],[27.4501909,48.0327259],[27.4498578,48.0325478],[27.4495372,48.0323772],[27.4494845,48.0323494],[27.4499175,48.0319007],[27.4501873,48.031618],[27.4501936,48.0315588],[27.4501891,48.0315203],[27.450164,48.0314678],[27.4490268,48.0309011],[27.4481426,48.030437],[27.4475356,48.0301228],[27.4472317,48.0299887],[27.4470627,48.0299222],[27.4458134,48.0293005],[27.4448784,48.0288501],[27.4427364,48.0277002],[27.4427134,48.0276577]]]}},{"type":"Feature","properties":{"entity_id":"osm-r18967573","jurisdiction":"MD","display_name":"Mihăilenii Noi","display_type":"component_locality","admin_level":9,"tier":"detail","legal_registry":"CUATM","legal_id":"7157","legal_type":null,"parent_catalog_id":"osm-r19045246","osm_relation_id":18967573,"legal_identity_status":"reconciled","geometry_source":"OpenStreetMap","canonical_geometry_role":null,"geometry_scope":null,"geometry_precision":"master_coordinate_fidelity"},"geometry":{"type":"MultiPolygon","coordinates":[[[[27.5300313,48.0383914],[27.5304315,48.0374867],[27.530496,48.0373427],[27.530501,48.0373292],[27.530565,48.0371796],[27.5306746,48.0369341],[27.5307102,48.0368582],[27.5308928,48.0364352],[27.5309846,48.0362242],[27.5310325,48.0361094],[27.5311184,48.0359169],[27.5311262,48.0358915],[27.5311355,48.0358719],[27.5312892,48.0355198],[27.5313897,48.0352955],[27.5313905,48.0352812],[27.5313955,48.0352696],[27.5314011,48.0352628],[27.5315,48.0350457],[27.5317179,48.0345529],[27.5317794,48.0344128],[27.5317948,48.0343772],[27.5318727,48.0341989],[27.5320186,48.0338746],[27.532132,48.0336191],[27.5321714,48.0335196],[27.5321792,48.0335111],[27.5321829,48.033496],[27.5323119,48.03321],[27.5324523,48.0328975],[27.5324856,48.0328252],[27.5325375,48.0326987],[27.5325487,48.0326801],[27.5325612,48.0326509],[27.532701,48.0323468],[27.5328266,48.0320723],[27.5330263,48.0316425],[27.5330937,48.0314958],[27.533201,48.0312714],[27.5332373,48.03119],[27.5333602,48.030909],[27.5334762,48.0306509],[27.5334873,48.030626],[27.5335565,48.0304753],[27.533649,48.0302688],[27.5337296,48.030099],[27.5337268,48.0300914],[27.5338247,48.0298798],[27.5338811,48.0297523],[27.5338912,48.0297286],[27.5341069,48.0293338],[27.5342703,48.0290366],[27.5342787,48.0290225],[27.5344427,48.0287618],[27.5344556,48.0287479],[27.5346005,48.0286363],[27.5348604,48.0284939],[27.5350158,48.0284313],[27.5350487,48.0284569],[27.5351855,48.028381],[27.5354266,48.0283012],[27.5354557,48.0287854],[27.5354763,48.0289627],[27.5355245,48.0289737],[27.5354273,48.0290596],[27.5353929,48.0290916],[27.535486,48.0291482],[27.5356835,48.0292596],[27.5357308,48.0293004],[27.5357378,48.0293385],[27.5357277,48.0293726],[27.535695,48.0294128],[27.5356462,48.0294731],[27.5356739,48.0294585],[27.5357111,48.0294546],[27.5357597,48.0294478],[27.5358575,48.0294839],[27.5357538,48.0297738],[27.5357905,48.0299691],[27.5358,48.0302385],[27.5357528,48.0303891],[27.536047,48.03097],[27.5362936,48.0311123],[27.5364322,48.0312303],[27.5365451,48.0313497],[27.5367087,48.0316134],[27.5367082,48.0319642],[27.5365429,48.0322562],[27.5364237,48.0325195],[27.5364939,48.0325312],[27.5368588,48.0325871],[27.5369705,48.0325722],[27.5370606,48.0327204],[27.537119,48.032833],[27.5371643,48.032992],[27.5371818,48.0330537],[27.5372056,48.0332474],[27.5371002,48.0335889],[27.5369872,48.033768],[27.5368679,48.0341444],[27.5367425,48.0344859],[27.5365963,48.0347253],[27.5365748,48.0347792],[27.536477,48.0350239],[27.5364386,48.0353163],[27.5359557,48.0351419],[27.5359152,48.0352252],[27.5358691,48.0353159],[27.5357269,48.0355792],[27.5356199,48.0357624],[27.5354807,48.0359826],[27.5354289,48.0361109],[27.5349228,48.0359132],[27.5348751,48.0360097],[27.5348355,48.0360776],[27.5347611,48.0362056],[27.5347536,48.0362184],[27.5347193,48.0362856],[27.5346774,48.0363674],[27.5346347,48.0364506],[27.5345795,48.0365583],[27.5345058,48.0367221],[27.5344467,48.0368537],[27.534331,48.0370213],[27.5342608,48.0371232],[27.5342006,48.0372104],[27.5341928,48.0372192],[27.5339705,48.0374733],[27.5339472,48.0374997],[27.5339091,48.037475],[27.5335768,48.0373251],[27.5335317,48.0373976],[27.5334686,48.0374988],[27.5333937,48.0376189],[27.533383,48.0376287],[27.5333035,48.0377013],[27.5332438,48.0377557],[27.5330778,48.0379072],[27.5330303,48.0379565],[27.5328482,48.0381455],[27.5328265,48.0381718],[27.5327075,48.0381385],[27.5318373,48.039102],[27.5318178,48.0390934],[27.5317484,48.0390608],[27.5314716,48.0389304],[27.5314497,48.0389419],[27.5314187,48.0389432],[27.5313896,48.0389319],[27.5307231,48.038664],[27.5300313,48.0383914]]],[[[27.5335171,48.0298439],[27.5334767,48.0298506],[27.5328662,48.0295634],[27.5327816,48.0295207],[27.5327977,48.029436],[27.5327389,48.0294206],[27.5321345,48.0291622],[27.5323072,48.0289341],[27.5324833,48.0287015],[27.5326609,48.0284669],[27.5328409,48.0282292],[27.5329771,48.0280492],[27.5330422,48.027999],[27.533329,48.0277778],[27.5333928,48.0277286],[27.5336486,48.0275314],[27.5339213,48.0273213],[27.5340968,48.027186],[27.5343345,48.0273295],[27.5344467,48.027223],[27.5347742,48.0269118],[27.534893,48.0273218],[27.5349082,48.0273742],[27.5350857,48.0278527],[27.5346531,48.0281462],[27.534543,48.0282412],[27.5341953,48.0285293],[27.534025,48.0287744],[27.5339726,48.0288653],[27.5339632,48.0288805],[27.5338842,48.0290248],[27.5337561,48.029308],[27.5335171,48.0298439]]],[[[27.5329624,48.0310154],[27.5325118,48.0308517],[27.5326424,48.0305431],[27.5327182,48.0302924],[27.5329651,48.0298055],[27.5329845,48.0298009],[27.5334433,48.0300042],[27.5332303,48.0304517],[27.5331136,48.0307007],[27.5329624,48.0310154]]],[[[27.530945,48.0355219],[27.5306909,48.0354342],[27.5303712,48.0352906],[27.5304931,48.0351118],[27.5307094,48.0347775],[27.5310849,48.0349021],[27.5312107,48.0349478],[27.5311078,48.0351884],[27.5310721,48.0352735],[27.530945,48.0355219]]]]}},{"type":"Feature","properties":{"entity_id":"osm-r18967593","jurisdiction":"MD","display_name":"Știubeieni","display_type":"component_locality","admin_level":9,"tier":"detail","legal_registry":"CUATM","legal_id":"7159","legal_type":null,"parent_catalog_id":"osm-r19045246","osm_relation_id":18967593,"legal_identity_status":"reconciled","geometry_source":"OpenStreetMap","canonical_geometry_role":null,"geometry_scope":null,"geometry_precision":"master_coordinate_fidelity"},"geometry":{"type":"Polygon","coordinates":[[[27.5056635,48.0324095],[27.5057949,48.0323182],[27.506104,48.0320441],[27.5061629,48.0319585],[27.5058245,48.031744],[27.5056933,48.0316525],[27.5062117,48.0314425],[27.5065713,48.031355],[27.5066054,48.031345],[27.5067502,48.0315419],[27.5068466,48.0314534],[27.5070217,48.0312654],[27.5072578,48.0311025],[27.5075474,48.030966],[27.5080374,48.0307422],[27.5087584,48.0303723],[27.5091623,48.0302121],[27.5094791,48.0301311],[27.5096944,48.030051],[27.5101156,48.0298278],[27.5106625,48.029526],[27.5113295,48.029199],[27.5118398,48.0289562],[27.512663,48.028545],[27.5134588,48.0281614],[27.5143197,48.0277111],[27.5147781,48.0274676],[27.5155454,48.0271029],[27.5161083,48.0268662],[27.5163372,48.0267467],[27.516805,48.0264076],[27.5169108,48.0263676],[27.51703,48.0263509],[27.5171476,48.0263741],[27.5172019,48.0264281],[27.5185874,48.0258047],[27.5188641,48.0257053],[27.5191117,48.0256997],[27.5194365,48.0257171],[27.5198709,48.025761],[27.5199813,48.0258075],[27.5201227,48.0258993],[27.5200701,48.0262346],[27.5201042,48.0264313],[27.5205571,48.0265571],[27.5204224,48.0269647],[27.5203571,48.0271622],[27.520222,48.027418],[27.5199616,48.0281623],[27.5198378,48.0283485],[27.5196478,48.0285937],[27.5195347,48.0287944],[27.5195575,48.0288147],[27.5192847,48.029215],[27.5188638,48.0295846],[27.518647,48.0298942],[27.5183694,48.0302427],[27.5180701,48.0305266],[27.5188931,48.0307591],[27.5184444,48.0312566],[27.5184395,48.0312574],[27.5183434,48.0313606],[27.5179887,48.0314108],[27.5178802,48.0318142],[27.5179064,48.0320193],[27.5180024,48.0324123],[27.5180437,48.0324288],[27.5181838,48.0327797],[27.5181619,48.0328087],[27.5181869,48.0328928],[27.5181768,48.0329308],[27.5180752,48.0331953],[27.5180678,48.0332257],[27.5180661,48.0332385],[27.5180318,48.0334928],[27.5181236,48.0336799],[27.5181476,48.0337194],[27.5181776,48.0337557],[27.5183893,48.0339706],[27.5183851,48.0340038],[27.5184327,48.0340387],[27.5185492,48.0340343],[27.5189451,48.0342361],[27.5189601,48.0342526],[27.5190058,48.0342699],[27.519811,48.0346872],[27.5193896,48.0349904],[27.5191875,48.0351358],[27.5189077,48.0353371],[27.5189762,48.0353634],[27.5197405,48.0357144],[27.5192271,48.0363971],[27.5182597,48.0360038],[27.5182232,48.0359429],[27.5175573,48.0356477],[27.5174837,48.0356477],[27.5173198,48.0355927],[27.5171996,48.0355372],[27.5171455,48.0354979],[27.5169371,48.0353779],[27.5169135,48.0353589],[27.5168094,48.0353133],[27.5166894,48.0352613],[27.5155919,48.0347613],[27.5155323,48.0348571],[27.5153979,48.0348952],[27.5145358,48.03483],[27.5138533,48.0353334],[27.5138852,48.0354937],[27.5137912,48.0356966],[27.5136285,48.0358713],[27.5133414,48.0356454],[27.5130002,48.0356805],[27.512873,48.0357914],[27.5125546,48.0357657],[27.51174,48.0353467],[27.5116499,48.0352975],[27.5114492,48.0351769],[27.5109935,48.034951],[27.5108829,48.0348922],[27.5108268,48.0348631],[27.5107568,48.0348257],[27.5105488,48.034879],[27.5105227,48.0349761],[27.5104301,48.0350799],[27.5102839,48.0352307],[27.5099173,48.0350069],[27.5096075,48.0348177],[27.5093003,48.0346302],[27.5090969,48.034506],[27.5089956,48.0344441],[27.5086933,48.0342596],[27.5083933,48.0340764],[27.5080929,48.0338929],[27.5056635,48.0324095]]]}},{"type":"Feature","properties":{"entity_id":"osm-r18967610","jurisdiction":"MD","display_name":"Pociumbeni","display_type":"commune","admin_level":9,"tier":"detail","legal_registry":"CUATM","legal_id":"7139","legal_type":"commune","parent_catalog_id":"osm-r19045238","osm_relation_id":18967610,"legal_identity_status":"reconciled","geometry_source":"OpenStreetMap","canonical_geometry_role":null,"geometry_scope":null,"geometry_precision":"master_coordinate_fidelity"},"geometry":{"type":"Polygon","coordinates":[[[27.3038177,47.9708964],[27.3045862,47.9705701],[27.3050114,47.9705712],[27.3057337,47.9702558],[27.3061073,47.9702567],[27.3067899,47.9697515],[27.3074217,47.9696204],[27.3084171,47.9694139],[27.3087142,47.9693522],[27.3102111,47.9704685],[27.3117886,47.9712053],[27.312286,47.9715742],[27.3121604,47.9720808],[27.3130416,47.9724531],[27.3148481,47.9737047],[27.3149001,47.9737303],[27.3150859,47.973833],[27.3155296,47.9741646],[27.315915,47.9743953],[27.3158607,47.9744362],[27.3161273,47.9745221],[27.3164106,47.9746728],[27.3160744,47.9752144],[27.3158969,47.9754684],[27.315454,47.9759858],[27.3151151,47.9761955],[27.3149433,47.9762699],[27.3154672,47.976701],[27.3157388,47.9765857],[27.3162621,47.9770515],[27.3173425,47.9769411],[27.3171464,47.9771738],[27.3165663,47.9776794],[27.3163779,47.9778436],[27.3161962,47.978002],[27.3159738,47.9781958],[27.3157123,47.9784237],[27.3153121,47.9787725],[27.3151418,47.978921],[27.3147911,47.9792266],[27.3144808,47.979497],[27.3142283,47.9797171],[27.3138274,47.9800664],[27.3133992,47.9804396],[27.3129414,47.9808385],[27.3125642,47.9811673],[27.3121467,47.9815311],[27.3117291,47.981895],[27.3114043,47.982178],[27.3107741,47.9827271],[27.3100903,47.983323],[27.3093694,47.9850495],[27.3094696,47.9850961],[27.309994,47.9853452],[27.310605,47.985669],[27.3108299,47.9857684],[27.3108976,47.9861339],[27.3109346,47.9863852],[27.3105188,47.986547],[27.3099925,47.9867562],[27.3097982,47.9868778],[27.3094582,47.9871278],[27.3093043,47.9872661],[27.3088556,47.9876356],[27.308753,47.987735],[27.3080579,47.9878934],[27.3080244,47.987885],[27.3080709,47.9876322],[27.3080847,47.9874914],[27.3080963,47.9872771],[27.3080998,47.9869186],[27.3080761,47.9863482],[27.3078146,47.9863343],[27.3077349,47.9863834],[27.3076062,47.9864457],[27.3070408,47.986866],[27.3064766,47.9872851],[27.3058255,47.9877513],[27.3052914,47.9881739],[27.3047532,47.9885838],[27.3044976,47.988771],[27.3039785,47.9891755],[27.3031601,47.9898058],[27.3030071,47.9899216],[27.3028997,47.9900055],[27.3025492,47.9898319],[27.302157,47.9896377],[27.3017629,47.9894425],[27.3013725,47.9892491],[27.3009837,47.9890566],[27.3005934,47.9888633],[27.30034,47.9887377],[27.3004987,47.9884681],[27.3006557,47.988379],[27.300809,47.9882676],[27.3014081,47.9878143],[27.3019667,47.9873904],[27.30226,47.9873336],[27.3027287,47.987593],[27.302889,47.987585],[27.3033707,47.9871807],[27.3036228,47.9869312],[27.3031669,47.9866176],[27.3029009,47.986381],[27.302974,47.9863055],[27.3030674,47.9861506],[27.3033897,47.9859192],[27.3038112,47.9856102],[27.3033822,47.9850304],[27.3030229,47.984839],[27.3026096,47.9846603],[27.3029282,47.9843815],[27.3025537,47.9841762],[27.302353,47.9840648],[27.3019823,47.9843265],[27.3014232,47.9847242],[27.3010326,47.9851105],[27.3009559,47.9850741],[27.3008245,47.9849994],[27.3006572,47.9848959],[27.3004625,47.9847707],[27.3000754,47.9845263],[27.2999153,47.9844281],[27.2997819,47.9843534],[27.2995841,47.9842301],[27.2994524,47.9841539],[27.2991455,47.9839733],[27.299002,47.9838917],[27.2982361,47.9834067],[27.2977411,47.983111],[27.2974023,47.9828944],[27.2966056,47.9823899],[27.296544,47.9823491],[27.2962079,47.9821415],[27.2957178,47.9818209],[27.295337,47.9815976],[27.2952057,47.9815149],[27.2947912,47.9812554],[27.2946976,47.9811979],[27.2944927,47.9811395],[27.2914993,47.9799195],[27.2912746,47.9799154],[27.2907937,47.9802906],[27.2903154,47.9806907],[27.2901483,47.9808082],[27.2899502,47.9809614],[27.289609,47.9812564],[27.2892162,47.9816484],[27.2886797,47.9820786],[27.2881038,47.9825787],[27.2876743,47.9829357],[27.2875973,47.9830013],[27.2872461,47.9832841],[27.287102,47.9834091],[27.2868851,47.9835873],[27.2866608,47.9837654],[27.2860416,47.98426],[27.2856587,47.9845841],[27.2852461,47.9849267],[27.2851871,47.9849769],[27.2848789,47.985218],[27.2847705,47.9853103],[27.2845262,47.9855075],[27.2843792,47.9855936],[27.2835611,47.9852739],[27.2831835,47.9851261],[27.2827162,47.9849554],[27.281863,47.9846602],[27.282159,47.98429],[27.2822696,47.9841911],[27.2826505,47.9839239],[27.282776,47.9838705],[27.2832571,47.9841225],[27.2833833,47.9840706],[27.2835712,47.9841165],[27.2839185,47.9838404],[27.2842981,47.9835196],[27.2848173,47.9832416],[27.2851667,47.9829674],[27.2853798,47.9827938],[27.2856063,47.9825998],[27.2857455,47.982468],[27.286059,47.9821834],[27.2861496,47.9821151],[27.2863098,47.9820073],[27.2867219,47.9817354],[27.2868744,47.9815582],[27.2868844,47.9813362],[27.2870403,47.9809222],[27.2873973,47.9805396],[27.2878176,47.9801932],[27.2882633,47.9798171],[27.2884147,47.9796845],[27.288565,47.9791431],[27.2888188,47.9787882],[27.2890329,47.9782638],[27.289492,47.9778441],[27.2897252,47.9777008],[27.2901634,47.9775475],[27.2904817,47.977264],[27.2898882,47.9768318],[27.2898253,47.9768495],[27.2895851,47.9766471],[27.2895726,47.9766012],[27.2895882,47.9765801],[27.2896614,47.976466],[27.2894363,47.9764035],[27.28913,47.9762061],[27.2887583,47.9759352],[27.2887832,47.9757945],[27.2887815,47.9756909],[27.2887986,47.9754318],[27.2887859,47.9750837],[27.288806,47.9749229],[27.288817,47.9747162],[27.2888269,47.9746272],[27.2887405,47.9739179],[27.288688,47.9738624],[27.2886652,47.9737594],[27.2890671,47.9725866],[27.2892301,47.9718796],[27.2893906,47.9717286],[27.2894133,47.9717457],[27.2898306,47.9719331],[27.2901087,47.9720615],[27.2906857,47.9720828],[27.2910112,47.9721855],[27.291702,47.9727214],[27.2919707,47.9729284],[27.2924794,47.9735882],[27.2927568,47.9737533],[27.2928987,47.9740481],[27.292867,47.9744356],[27.2930894,47.9746211],[27.2938385,47.9749846],[27.2943423,47.9751467],[27.294819,47.9751146],[27.2955873,47.9749438],[27.2959487,47.974832],[27.2963468,47.9748254],[27.2966918,47.9747448],[27.2972421,47.9745563],[27.2990469,47.974081],[27.2996248,47.9740604],[27.3002542,47.9741869],[27.3006834,47.9741858],[27.3011005,47.9740169],[27.3016721,47.973556],[27.302226,47.9728277],[27.3027947,47.972131],[27.3034593,47.9717025],[27.3040495,47.9710951],[27.3038177,47.9708964]]]}},{"type":"Feature","properties":{"entity_id":"osm-r18967636","jurisdiction":"MD","display_name":"Duruitoarea Nouă","display_type":"commune","admin_level":9,"tier":"detail","legal_registry":"CUATM","legal_id":"7162","legal_type":"commune","parent_catalog_id":"osm-r19045259","osm_relation_id":18967636,"legal_identity_status":"reconciled","geometry_source":"OpenStreetMap","canonical_geometry_role":null,"geometry_scope":null,"geometry_precision":"master_coordinate_fidelity"},"geometry":{"type":"Polygon","coordinates":[[[27.2475318,47.8876431],[27.2466733,47.8883803],[27.2458713,47.8890992],[27.2466409,47.8898385],[27.2466323,47.8899093],[27.24613,47.8904046],[27.2494198,47.8936522],[27.2495329,47.8935809],[27.249765,47.8934665],[27.2498344,47.8934425],[27.2498771,47.8934487],[27.2504718,47.8938347],[27.2508968,47.8940789],[27.2509637,47.8939792],[27.251131,47.8940272],[27.2513325,47.8938448],[27.25183,47.8941538],[27.252064,47.8944349],[27.2505532,47.8963541],[27.2507907,47.8964037],[27.2509786,47.8964764],[27.2522517,47.8976338],[27.252367,47.8975748],[27.2527055,47.8977422],[27.2533758,47.8981418],[27.2539636,47.898543],[27.2541243,47.8984963],[27.2544384,47.8987295],[27.2547507,47.8988931],[27.2551749,47.8990803],[27.2554352,47.8992929],[27.2556341,47.8995769],[27.2552685,47.8996901],[27.2554782,47.9000451],[27.2556584,47.8999828],[27.255833,47.900204],[27.2553385,47.9003972],[27.2548501,47.9005875],[27.2547829,47.9006163],[27.2545598,47.9003327],[27.2542734,47.9004019],[27.2534033,47.90061],[27.2525046,47.9007808],[27.2524292,47.9007961],[27.2523427,47.900588],[27.252212,47.9006219],[27.2519488,47.9000765],[27.251517,47.8994638],[27.2514593,47.8994986],[27.2511531,47.8997133],[27.2506102,47.9000937],[27.2504256,47.9002247],[27.2500074,47.8999201],[27.2486508,47.9008551],[27.2477253,47.9004401],[27.24802,47.9001191],[27.246783,47.8992836],[27.2453167,47.8982605],[27.2452688,47.8982911],[27.2450681,47.8984667],[27.2449403,47.8985814],[27.2448142,47.8986944],[27.2447101,47.8987878],[27.2444688,47.8990247],[27.2443336,47.8991546],[27.2441951,47.8992876],[27.2441803,47.8992807],[27.2440309,47.8992112],[27.243893,47.899147],[27.2437761,47.8990926],[27.2436123,47.8990164],[27.2434519,47.8989457],[27.242482,47.8997849],[27.2366398,47.8975454],[27.2371962,47.8967574],[27.2375628,47.8962219],[27.2378863,47.8957267],[27.2381143,47.8954208],[27.2381345,47.895394],[27.2381562,47.8953657],[27.238182,47.8953322],[27.238293,47.8951863],[27.2383696,47.8950853],[27.2387969,47.8945189],[27.2390531,47.8941799],[27.239523,47.8935323],[27.2397388,47.8932256],[27.2403415,47.8924616],[27.240441,47.8923316],[27.2405109,47.8922429],[27.2408461,47.891794],[27.2410602,47.8915304],[27.24141,47.8911533],[27.2417205,47.8908106],[27.2420932,47.8904159],[27.2424466,47.8900237],[27.2431615,47.8893189],[27.2439599,47.8884609],[27.2448975,47.8874234],[27.2454728,47.8867548],[27.2456714,47.8865401],[27.2459281,47.8862763],[27.2475318,47.8876431]]]}},{"type":"Feature","properties":{"entity_id":"osm-r18967660","jurisdiction":"MD","display_name":"Gălășeni","display_type":"commune","admin_level":9,"tier":"detail","legal_registry":"CUATM","legal_id":"7126","legal_type":"commune","parent_catalog_id":"osm-r19045234","osm_relation_id":18967660,"legal_identity_status":"reconciled","geometry_source":"OpenStreetMap","canonical_geometry_role":null,"geometry_scope":null,"geometry_precision":"master_coordinate_fidelity"},"geometry":{"type":"Polygon","coordinates":[[[27.3332294,47.8773461],[27.3329442,47.8771319],[27.3327491,47.8769795],[27.332529,47.8768127],[27.3324298,47.8767643],[27.331838,47.8763542],[27.3314729,47.8761072],[27.3314331,47.8760496],[27.3311878,47.8758449],[27.3311492,47.8758066],[27.3309087,47.8756393],[27.3306918,47.8754763],[27.3303436,47.8752193],[27.3302338,47.8751374],[27.3300023,47.8749645],[27.3294809,47.8745822],[27.3293855,47.8744234],[27.3291668,47.8742684],[27.3284169,47.8737194],[27.328333,47.8737237],[27.3275995,47.8732058],[27.3275544,47.8731739],[27.3268679,47.8726662],[27.3267965,47.8726072],[27.3261961,47.8721179],[27.3255341,47.8715368],[27.3248815,47.8709482],[27.324598,47.8706839],[27.3244167,47.8705148],[27.324659,47.8703884],[27.3247758,47.8703294],[27.3247812,47.8703267],[27.3248666,47.8702808],[27.3249246,47.8702497],[27.3249318,47.8702458],[27.3249838,47.8702192],[27.3250624,47.8701783],[27.3250984,47.8701595],[27.3251202,47.8701477],[27.3252296,47.8700881],[27.3253438,47.8700259],[27.3254122,47.8699886],[27.3254281,47.8699803],[27.3255304,47.8699265],[27.3255556,47.8699133],[27.3255747,47.8699038],[27.3256095,47.8698867],[27.3256639,47.8698602],[27.3256874,47.8698491],[27.3257423,47.8698227],[27.3257993,47.8697942],[27.3258611,47.8697617],[27.3259291,47.869726],[27.3260655,47.8696563],[27.3260883,47.8696471],[27.3261238,47.8696265],[27.3261822,47.8695967],[27.3262252,47.8695747],[27.3262721,47.8695508],[27.3263034,47.8695348],[27.3263858,47.8694927],[27.3265433,47.8694123],[27.3266059,47.8693801],[27.3266693,47.8693474],[27.326681,47.8693414],[27.3267349,47.8693135],[27.3267702,47.8692935],[27.3267967,47.8692785],[27.3268611,47.869242],[27.3268735,47.8692349],[27.3269064,47.869216],[27.3269553,47.8691878],[27.3271216,47.8690916],[27.3271875,47.8690535],[27.3272599,47.8690186],[27.3273952,47.8689537],[27.3274295,47.8689373],[27.3275185,47.8688966],[27.327591,47.8688634],[27.3276811,47.8688221],[27.3277399,47.8687952],[27.3282966,47.8684999],[27.3283444,47.8684688],[27.3284247,47.8684166],[27.3284708,47.8683866],[27.3285446,47.8683508],[27.3285969,47.8683248],[27.3286207,47.868313],[27.3286574,47.8682947],[27.3287256,47.8682589],[27.3287726,47.8682343],[27.3289405,47.8681463],[27.3291099,47.8680575],[27.3291208,47.8680517],[27.3291823,47.8680227],[27.3292555,47.8679881],[27.329398,47.8679206],[27.32942,47.8679102],[27.3295118,47.8678375],[27.3295268,47.8678257],[27.3296232,47.8677845],[27.3296444,47.8677755],[27.3296807,47.867756],[27.3297201,47.8677349],[27.3297462,47.8677215],[27.329765,47.8677119],[27.3297872,47.8677005],[27.3298506,47.867669],[27.3298823,47.8676532],[27.3299219,47.8676333],[27.3299394,47.8676244],[27.3299815,47.8676032],[27.3299904,47.8675986],[27.3301304,47.8675274],[27.3302241,47.8674797],[27.3302511,47.8674689],[27.3303316,47.8674369],[27.3303923,47.8674128],[27.330428,47.8673928],[27.3304903,47.8673579],[27.3305304,47.8673355],[27.3305705,47.867313],[27.3306602,47.8672628],[27.3307999,47.8671846],[27.3308451,47.8671593],[27.3309403,47.867106],[27.3309493,47.867101],[27.3309892,47.8670787],[27.3311821,47.8669707],[27.3312507,47.8669322],[27.3314194,47.8668438],[27.3314927,47.8668054],[27.3315829,47.8667581],[27.3316258,47.8667356],[27.3316544,47.8667206],[27.3317311,47.8666805],[27.3318674,47.866609],[27.3319338,47.8665807],[27.3320256,47.8665415],[27.3320931,47.8665072],[27.3321128,47.8664971],[27.3322075,47.866449],[27.3323128,47.8663955],[27.3324186,47.8663417],[27.332576,47.8662618],[27.3327811,47.8661575],[27.332905,47.8660946],[27.3329338,47.8660813],[27.3329543,47.8660718],[27.3329966,47.8660522],[27.3330849,47.8660132],[27.3331071,47.8660034],[27.3331403,47.8659823],[27.3332876,47.8658888],[27.3333635,47.8658407],[27.3333756,47.8658329],[27.3333938,47.8658241],[27.3334553,47.8657938],[27.3334999,47.8657717],[27.3336215,47.8657106],[27.333727,47.8656554],[27.3338932,47.8655683],[27.3339086,47.86556],[27.3339967,47.8655127],[27.3340225,47.8654989],[27.3340898,47.8654637],[27.3341226,47.8654467],[27.3341804,47.8654165],[27.3342769,47.865365],[27.3343455,47.865332],[27.3343838,47.8653135],[27.3344056,47.865303],[27.3344684,47.8652728],[27.334477,47.8652686],[27.334559,47.8652284],[27.3346368,47.8651902],[27.3346552,47.8651815],[27.3347295,47.8651452],[27.334768,47.8651265],[27.3348067,47.8651078],[27.3348676,47.8650782],[27.3349901,47.8650187],[27.3351975,47.8649181],[27.3352988,47.8648689],[27.3353495,47.8648443],[27.3353663,47.8648362],[27.3353831,47.864828],[27.3353949,47.8648217],[27.3354101,47.8648135],[27.3354257,47.8648045],[27.3355152,47.8647527],[27.3356021,47.8647137],[27.3357148,47.8646631],[27.335833,47.86461],[27.3359041,47.864578],[27.3359277,47.8645674],[27.3359871,47.8645407],[27.3360826,47.8644979],[27.3361723,47.8644575],[27.3363346,47.8643846],[27.3363751,47.8643664],[27.3364278,47.8643433],[27.3366036,47.8642662],[27.3367751,47.8641911],[27.3367943,47.8641817],[27.3368658,47.8641471],[27.3369644,47.8640992],[27.3369779,47.8640908],[27.3370274,47.8640596],[27.3370444,47.864045],[27.3371033,47.8639946],[27.3371066,47.8639918],[27.3372374,47.863912],[27.3372671,47.8638939],[27.3373195,47.8638619],[27.3373645,47.8638338],[27.3374435,47.8637847],[27.3375049,47.8637461],[27.3376405,47.8636607],[27.3376932,47.8636276],[27.3378496,47.8635292],[27.3378567,47.8635247],[27.3390768,47.8629062],[27.3391015,47.8628887],[27.3391583,47.8628552],[27.3391895,47.8628368],[27.3392024,47.8628306],[27.3392584,47.862804],[27.3392927,47.8627877],[27.3394136,47.8627301],[27.3395254,47.8626769],[27.3395773,47.8626472],[27.3395987,47.862635],[27.3397436,47.862552],[27.3397811,47.8625305],[27.3398615,47.8624845],[27.3399527,47.8624323],[27.3400272,47.8623896],[27.3400809,47.862358],[27.3401443,47.8623207],[27.3401692,47.862306],[27.3403802,47.8621997],[27.3404206,47.8621803],[27.3404574,47.8621626],[27.3404624,47.8621571],[27.3405697,47.8621],[27.3406363,47.8620646],[27.3406933,47.8620347],[27.3407257,47.8620177],[27.3408341,47.8619625],[27.3408716,47.8619434],[27.3415727,47.8616582],[27.3417258,47.8615362],[27.3425721,47.861094],[27.3430111,47.8608522],[27.3438548,47.8603651],[27.3440898,47.8602276],[27.3447557,47.8598429],[27.3454492,47.8603419],[27.345819,47.860592],[27.3465631,47.8610596],[27.3472944,47.8615484],[27.347922,47.861951],[27.349568,47.8630233],[27.3498081,47.8630914],[27.3501318,47.8634025],[27.3500963,47.8635221],[27.3496467,47.8639032],[27.3496863,47.8639308],[27.3492243,47.8642531],[27.3492513,47.8642932],[27.3490768,47.8644094],[27.3489224,47.8645182],[27.3485811,47.864729],[27.3485263,47.8646902],[27.3480859,47.8649517],[27.3479695,47.8650455],[27.3479168,47.8650825],[27.3476891,47.8652328],[27.3473937,47.865428],[27.3470515,47.8656571],[27.3469816,47.8656667],[27.3466104,47.8660128],[27.3482842,47.867179],[27.3505006,47.8659841],[27.3507978,47.8656486],[27.3510733,47.8653525],[27.3511396,47.8652654],[27.3513327,47.8651428],[27.351594,47.86507],[27.3517458,47.8649162],[27.3522912,47.8645948],[27.3529783,47.8642005],[27.353319,47.8644773],[27.3534658,47.8645966],[27.3536273,47.8647278],[27.3538271,47.8648903],[27.3538515,47.8649101],[27.3539637,47.8650012],[27.3539976,47.8650288],[27.3541618,47.8651622],[27.3541878,47.8651833],[27.3543,47.8652744],[27.3544121,47.8653655],[27.3544777,47.8654188],[27.3546363,47.8655477],[27.3547927,47.8656747],[27.3548605,47.8657299],[27.3550625,47.8658939],[27.3551073,47.8659303],[27.3552188,47.8660208],[27.355375,47.8661478],[27.3554219,47.8661859],[27.3555312,47.8662747],[27.3555845,47.8663181],[27.3556874,47.8664017],[27.3557656,47.8664652],[27.3559031,47.8665769],[27.3559219,47.8665922],[27.356078,47.8667191],[27.3562245,47.8668381],[27.3562344,47.8668461],[27.3563909,47.8669732],[27.3534947,47.8684322],[27.3532898,47.8685396],[27.3527002,47.8688517],[27.3524107,47.869],[27.3523762,47.8690292],[27.3520359,47.869197],[27.3518944,47.8692644],[27.351835,47.8693091],[27.351723,47.8693684],[27.3516954,47.8693945],[27.3516419,47.8694111],[27.3513868,47.8695375],[27.351394,47.8695465],[27.3512388,47.8696317],[27.3511777,47.8696642],[27.3510296,47.8697443],[27.3510327,47.8698563],[27.3510576,47.8698772],[27.3517544,47.8704627],[27.351722,47.8704811],[27.3515512,47.8705786],[27.3515239,47.8705942],[27.3512064,47.8707755],[27.35108,47.8708476],[27.3508571,47.8709749],[27.35069,47.8710702],[27.3501982,47.8707794],[27.3498985,47.870582],[27.3498475,47.8705385],[27.349853,47.8705134],[27.3497662,47.8704139],[27.3495778,47.8705378],[27.3494625,47.8706051],[27.3493782,47.870656],[27.3491389,47.8707876],[27.3491411,47.8708077],[27.3490724,47.8708518],[27.3489502,47.8709225],[27.3488899,47.870957],[27.3487559,47.8710278],[27.3487634,47.8710349],[27.3486831,47.8710824],[27.3486647,47.8710965],[27.3484133,47.8712432],[27.348328,47.8712904],[27.3482001,47.8713581],[27.3481598,47.8713797],[27.3479315,47.8715081],[27.3477135,47.8716263],[27.3476383,47.8716634],[27.3473951,47.8717896],[27.3473538,47.8718129],[27.3473608,47.8718196],[27.3471561,47.871937],[27.3470995,47.871962],[27.3467776,47.87213],[27.3466916,47.872179],[27.3466674,47.8721907],[27.3464857,47.8722893],[27.3464052,47.8723265],[27.3459918,47.8725257],[27.345772,47.8726298],[27.3454846,47.8727419],[27.3454107,47.872794],[27.345111,47.8729645],[27.3451057,47.8729783],[27.3447561,47.873172],[27.3447475,47.8731823],[27.3444313,47.8733421],[27.3443909,47.8733741],[27.3441992,47.8734714],[27.344245,47.8736708],[27.3447432,47.8739974],[27.3451205,47.8742379],[27.3451343,47.874249],[27.3452178,47.8743156],[27.3454924,47.8745113],[27.3458543,47.8747693],[27.3460276,47.8748928],[27.3460648,47.8749172],[27.3453675,47.8751564],[27.3443529,47.8755304],[27.3437497,47.8758543],[27.3431144,47.8762331],[27.3427281,47.8763704],[27.3420812,47.8764354],[27.3417882,47.8765984],[27.3416715,47.8766683],[27.3416834,47.8766799],[27.3412624,47.8769186],[27.3411338,47.8769889],[27.3439813,47.8788641],[27.3438668,47.8789491],[27.3436661,47.8792418],[27.3434528,47.8793999],[27.3426487,47.8798342],[27.3419297,47.8801785],[27.3417098,47.8802485],[27.3411055,47.8803551],[27.3408281,47.8804869],[27.3407046,47.8805146],[27.3401432,47.8805861],[27.3400529,47.8806171],[27.3397675,47.8806686],[27.3393833,47.8807703],[27.3389077,47.8808397],[27.3382653,47.8809395],[27.3381105,47.880916],[27.3379189,47.8808497],[27.3377307,47.880763],[27.3370158,47.8810862],[27.3370021,47.8810696],[27.3366437,47.8808079],[27.3362253,47.8804949],[27.3357683,47.8801566],[27.3356616,47.8800786],[27.334824,47.8804939],[27.3338786,47.8809666],[27.3337209,47.8810202],[27.3336906,47.8810123],[27.3336498,47.8810017],[27.3334475,47.880949],[27.3333268,47.8808795],[27.3332898,47.8808583],[27.3331986,47.8808057],[27.3331191,47.88076],[27.3330824,47.8807389],[27.3329994,47.8806911],[27.3329513,47.8806634],[27.3328519,47.8806119],[27.3327805,47.8805756],[27.332754,47.8805622],[27.3327276,47.8805489],[27.3326647,47.880517],[27.3326376,47.8805033],[27.332541,47.8804329],[27.3324801,47.8803757],[27.332437,47.8803352],[27.3323738,47.8802757],[27.3322785,47.880186],[27.332168,47.8800821],[27.3321467,47.8800621],[27.3318212,47.8798173],[27.3328817,47.8792077],[27.3330714,47.8790912],[27.3331568,47.8790261],[27.3334186,47.8787693],[27.3335392,47.8786284],[27.3336675,47.8783379],[27.3332294,47.8773461]]]}},{"type":"Feature","properties":{"entity_id":"osm-r18967675","jurisdiction":"MD","display_name":"Duruitoarea","display_type":"component_locality","admin_level":9,"tier":"detail","legal_registry":"CUATM","legal_id":"7123","legal_type":null,"parent_catalog_id":"osm-r19045245","osm_relation_id":18967675,"legal_identity_status":"reconciled","geometry_source":"OpenStreetMap","canonical_geometry_role":null,"geometry_scope":null,"geometry_precision":"master_coordinate_fidelity"},"geometry":{"type":"MultiPolygon","coordinates":[[[[27.253848,47.8796948],[27.2540755,47.8794242],[27.2548434,47.8791396],[27.2549494,47.8789775],[27.2551125,47.8787066],[27.2551791,47.878644],[27.2554305,47.8784077],[27.2553979,47.8783966],[27.2555907,47.878223],[27.2557603,47.8780703],[27.2559757,47.8781366],[27.2559879,47.8781236],[27.2561631,47.8779675],[27.2563235,47.8777802],[27.2564338,47.8774262],[27.2565185,47.8772684],[27.2566821,47.877109],[27.2568859,47.8769366],[27.257069,47.8767047],[27.2571878,47.8763782],[27.2571539,47.8763542],[27.2569493,47.8762439],[27.2567532,47.8762141],[27.2565825,47.8761603],[27.2564449,47.8760845],[27.2563415,47.8759982],[27.2564011,47.8758997],[27.2565338,47.8757745],[27.2566119,47.8755583],[27.2566573,47.8753998],[27.2567796,47.8753019],[27.2572755,47.8750532],[27.2573753,47.8745466],[27.2575098,47.8744028],[27.2576984,47.8741984],[27.2577102,47.8741652],[27.2577054,47.8740835],[27.2581667,47.8738255],[27.258362,47.8737093],[27.2582373,47.8735773],[27.2581496,47.87344],[27.2584057,47.8732639],[27.2587274,47.8732457],[27.2588354,47.8733439],[27.259015,47.8733328],[27.2591888,47.8733164],[27.2593259,47.8733048],[27.2595144,47.8732786],[27.2595683,47.8732457],[27.2596392,47.8731538],[27.2596391,47.8730356],[27.259629,47.8729674],[27.2602253,47.8726666],[27.2600411,47.8724449],[27.2600257,47.8724024],[27.2601652,47.8722845],[27.2601439,47.8722113],[27.2604892,47.8721287],[27.2605698,47.8722012],[27.260885,47.871971],[27.2612587,47.8719381],[27.2616291,47.8716639],[27.2618044,47.8715827],[27.2620203,47.8715285],[27.262056,47.8715133],[27.2622126,47.8714365],[27.262393,47.8712994],[27.2624098,47.8712998],[27.2625182,47.8712292],[27.2626682,47.8709584],[27.2628327,47.8707769],[27.2628955,47.8707139],[27.263029,47.8706452],[27.2632862,47.8705954],[27.2635208,47.8705924],[27.2637381,47.8706527],[27.2642802,47.8708653],[27.2642815,47.8709464],[27.2644536,47.8710326],[27.2646217,47.8711366],[27.2647556,47.8712052],[27.2646743,47.8714095],[27.2646306,47.8719216],[27.2650296,47.8719088],[27.265049,47.8721932],[27.2647758,47.8721809],[27.2647908,47.8723414],[27.2647274,47.872754],[27.2645745,47.8727387],[27.2645279,47.8729296],[27.264522,47.873004],[27.2645915,47.8730061],[27.2645884,47.87305],[27.2645536,47.8730682],[27.2644775,47.8734029],[27.2644527,47.8736745],[27.2641561,47.8736582],[27.2640443,47.8739767],[27.2644934,47.8740356],[27.2645613,47.8742848],[27.2645466,47.8744188],[27.2643915,47.8744215],[27.2643371,47.8746794],[27.2643075,47.8748201],[27.2643227,47.8749527],[27.264563,47.8750198],[27.2645503,47.8754856],[27.264645,47.8754998],[27.2646356,47.8755643],[27.2646683,47.8757661],[27.2646438,47.8757899],[27.2644577,47.876198],[27.2644902,47.8762425],[27.2644778,47.8763242],[27.264393,47.876518],[27.2642784,47.8766608],[27.2643418,47.8768216],[27.2643143,47.8769605],[27.2641724,47.8771886],[27.2643325,47.8772194],[27.2644515,47.8772762],[27.2645531,47.8773893],[27.2646749,47.8774099],[27.2648579,47.8774969],[27.2652516,47.877636],[27.2652577,47.8776291],[27.2653922,47.8776754],[27.2655374,47.8776883],[27.2656786,47.8776716],[27.2662801,47.8776042],[27.2670135,47.8777845],[27.2668607,47.8779975],[27.2667703,47.8782957],[27.2668541,47.8783226],[27.2672666,47.878383],[27.2672771,47.8783851],[27.2666018,47.8795351],[27.2662382,47.8799183],[27.2660014,47.8798041],[27.2656217,47.8796137],[27.2654868,47.8794782],[27.2654043,47.8794405],[27.2652259,47.8793119],[27.2652068,47.8793132],[27.265079,47.879211],[27.2648414,47.879011],[27.2651361,47.8786768],[27.265155,47.8786554],[27.26535,47.8785558],[27.2656955,47.8787036],[27.266102,47.8781881],[27.2662318,47.8779957],[27.2656296,47.8779939],[27.2651428,47.8779862],[27.2648194,47.8779873],[27.2647384,47.8779887],[27.2644756,47.8779765],[27.2639635,47.8778691],[27.2638287,47.8778165],[27.2636799,47.8780049],[27.2635192,47.8781906],[27.2633702,47.8783968],[27.2629898,47.8786923],[27.2623834,47.8792376],[27.2617361,47.8798092],[27.2623113,47.8800042],[27.2622825,47.8800484],[27.2621339,47.8802412],[27.2617807,47.8806359],[27.2614223,47.8809523],[27.261367,47.8809274],[27.2606757,47.8805898],[27.2607202,47.8805367],[27.2601122,47.8802704],[27.2599659,47.8804002],[27.2597248,47.8806007],[27.2595462,47.8807439],[27.2594634,47.8807153],[27.2593496,47.8806469],[27.2592723,47.8806356],[27.2592643,47.8806552],[27.259018,47.8809882],[27.2589378,47.8809409],[27.2588949,47.8809781],[27.2587322,47.8812144],[27.2585015,47.8814154],[27.258257,47.8812133],[27.2582972,47.8811337],[27.2581772,47.8809164],[27.2578923,47.8807992],[27.2577124,47.8808258],[27.2575788,47.8807365],[27.2573648,47.8805511],[27.2568075,47.8804289],[27.2562889,47.8803417],[27.2558047,47.8802443],[27.2554005,47.880149],[27.2553326,47.8801969],[27.2545552,47.8799807],[27.254287,47.8799033],[27.254201,47.8800117],[27.2541663,47.8800035],[27.2539902,47.8798985],[27.253848,47.8796948]]],[[[27.2697826,47.8788406],[27.270724,47.87805],[27.2700071,47.8777144],[27.2691878,47.8773599],[27.2687039,47.8771323],[27.2689718,47.8768169],[27.2692199,47.8764685],[27.2693603,47.8764688],[27.2695773,47.8765102],[27.2699313,47.876521],[27.270281,47.8765318],[27.2704457,47.8765369],[27.2706291,47.8765396],[27.2709774,47.8765449],[27.271326,47.8765502],[27.2716747,47.8765554],[27.2720236,47.8765606],[27.2723726,47.8765659],[27.2727216,47.8765712],[27.2730708,47.8765765],[27.27319,47.8765752],[27.2733043,47.8765856],[27.2733993,47.8765736],[27.2736198,47.8765456],[27.2736382,47.8765433],[27.2741994,47.8784711],[27.2758007,47.8782644],[27.2751917,47.8788973],[27.2749564,47.8791191],[27.2746705,47.8793131],[27.2744143,47.879439],[27.2741521,47.879521],[27.2738153,47.8795651],[27.2733623,47.8795632],[27.2726916,47.8795313],[27.2722475,47.8794455],[27.2717586,47.8793537],[27.2710163,47.8792239],[27.2702442,47.8790502],[27.2697826,47.8788406]]]]}},{"type":"Feature","properties":{"entity_id":"osm-r18967682","jurisdiction":"MD","display_name":"Hiliuți","display_type":"independent_village","admin_level":9,"tier":"detail","legal_registry":"CUATM","legal_id":"7130","legal_type":"independent_village","parent_catalog_id":"osm-r19045255","osm_relation_id":18967682,"legal_identity_status":"reconciled","geometry_source":"OpenStreetMap","canonical_geometry_role":null,"geometry_scope":null,"geometry_precision":"master_coordinate_fidelity"},"geometry":{"type":"Polygon","coordinates":[[[27.3736962,47.9340437],[27.3735295,47.9336883],[27.3732823,47.9331664],[27.3731356,47.9328782],[27.3723434,47.9328078],[27.3720223,47.9327209],[27.3713803,47.9325929],[27.3715427,47.9324072],[27.3719901,47.9321233],[27.3722963,47.9319152],[27.3726956,47.9317908],[27.3733529,47.9315935],[27.3734495,47.9314745],[27.3735744,47.9313799],[27.3739855,47.9311393],[27.3744047,47.9309122],[27.3745779,47.9307716],[27.3747109,47.9306851],[27.3749949,47.9303104],[27.3752237,47.9298805],[27.3754064,47.9294225],[27.3754665,47.9292251],[27.375615,47.9288331],[27.3761209,47.9276434],[27.3764382,47.926954],[27.3766952,47.9264105],[27.3758569,47.9263016],[27.3746359,47.926117],[27.373574,47.9259352],[27.3736128,47.925888],[27.3739046,47.9255745],[27.3738045,47.9255365],[27.3736354,47.9254749],[27.3740309,47.9250748],[27.3740991,47.9250627],[27.3744221,47.9251875],[27.3748579,47.9253185],[27.3749979,47.9251236],[27.3751824,47.924944],[27.3753111,47.9247312],[27.3755096,47.924516],[27.3755622,47.9245353],[27.375805,47.9243935],[27.3759569,47.924146],[27.3762571,47.923846],[27.3764356,47.9237251],[27.3765672,47.9235144],[27.3765297,47.9233869],[27.376636,47.9231788],[27.3765928,47.9231395],[27.3767232,47.9229884],[27.3768452,47.9228519],[27.3769022,47.9227947],[27.3768179,47.9227331],[27.3769555,47.9224386],[27.3768609,47.9224101],[27.3769535,47.9222314],[27.3770786,47.9220392],[27.377273,47.9218615],[27.3774703,47.9214788],[27.3775198,47.9214221],[27.3777171,47.9215227],[27.3778454,47.9213942],[27.3780671,47.9211694],[27.3779734,47.9210186],[27.3783774,47.9207225],[27.3783639,47.9207083],[27.3785323,47.9206045],[27.3789851,47.9204258],[27.3794646,47.9202061],[27.3797591,47.9200634],[27.3799205,47.9201265],[27.3802421,47.9202182],[27.3805593,47.9198976],[27.3804401,47.9198043],[27.3807289,47.9196144],[27.3808982,47.9197341],[27.3812374,47.9199595],[27.3814655,47.9198584],[27.3817955,47.9200124],[27.3821973,47.9201807],[27.3822336,47.9202073],[27.3824794,47.9200932],[27.3826493,47.9201818],[27.3827165,47.9201243],[27.3830686,47.9199376],[27.3827665,47.9198278],[27.3829754,47.9197402],[27.3828242,47.919661],[27.3826316,47.919542],[27.3828597,47.9193223],[27.3835201,47.9195678],[27.3836942,47.9196231],[27.3835568,47.919323],[27.3834465,47.9189475],[27.3833557,47.9186456],[27.3833407,47.9185956],[27.3832531,47.9183734],[27.3834134,47.9182379],[27.3835665,47.9182734],[27.3838601,47.9183511],[27.3839003,47.9183618],[27.3840155,47.9183832],[27.3840283,47.9183855],[27.3841847,47.9184175],[27.3841906,47.9184191],[27.3843666,47.9184664],[27.3844632,47.9184924],[27.3845345,47.9185115],[27.3845424,47.9185137],[27.3847138,47.9185616],[27.3847761,47.9185751],[27.3849725,47.9186175],[27.3852127,47.9185973],[27.3855188,47.9187377],[27.385562,47.91876],[27.3859114,47.9189405],[27.3860929,47.9190342],[27.3862221,47.9191009],[27.3862433,47.9191132],[27.3863992,47.9192035],[27.3864968,47.91926],[27.3866653,47.9193577],[27.3867409,47.9194015],[27.3868279,47.9194519],[27.3869126,47.9195011],[27.3870094,47.9195662],[27.3870612,47.9196012],[27.3870829,47.9196158],[27.3871348,47.9196509],[27.3872229,47.9197104],[27.3872799,47.9197489],[27.3873501,47.9197963],[27.3874154,47.9198405],[27.3875195,47.9199108],[27.3875216,47.9199123],[27.3876099,47.9199735],[27.3876329,47.9199881],[27.3877572,47.920067],[27.3877823,47.9200829],[27.3878074,47.9200988],[27.3878587,47.9201313],[27.3879448,47.9201859],[27.3879587,47.9201939],[27.3881184,47.9202857],[27.3882718,47.9203738],[27.3883003,47.9203863],[27.388373,47.9204183],[27.3883787,47.9204208],[27.3883969,47.9204278],[27.3884467,47.9204471],[27.3885481,47.9204864],[27.3886628,47.9205308],[27.3888299,47.9205955],[27.3888452,47.9206014],[27.3889284,47.920633],[27.3890053,47.9206622],[27.3890196,47.9206676],[27.3891414,47.9207231],[27.3892184,47.9207582],[27.3893586,47.920822],[27.3894058,47.9208315],[27.3894825,47.920847],[27.3896772,47.9207011],[27.3902093,47.9200292],[27.3902569,47.920042],[27.3903101,47.9200413],[27.3905298,47.920102],[27.3907568,47.9201758],[27.3908349,47.9203434],[27.3908038,47.9204472],[27.3906931,47.9204203],[27.3906474,47.9204318],[27.3906802,47.9204648],[27.3907596,47.9206912],[27.3907441,47.9207648],[27.3909316,47.920827],[27.3909516,47.9208662],[27.3911921,47.9209269],[27.3913489,47.9209753],[27.391557,47.92079],[27.3919671,47.9209464],[27.3922197,47.9210019],[27.3923299,47.9210429],[27.3925822,47.9211492],[27.3929219,47.921217],[27.3929683,47.9212295],[27.3931208,47.921252],[27.3932089,47.9212813],[27.3932689,47.9213281],[27.3933224,47.9213552],[27.3929625,47.9216823],[27.3927505,47.9218807],[27.3929533,47.922136],[27.3930553,47.9222757],[27.3930645,47.9223059],[27.3931034,47.9223635],[27.3930786,47.9224305],[27.3930464,47.9228125],[27.3932167,47.9229365],[27.393129,47.9229994],[27.3932724,47.9230969],[27.3933757,47.9230313],[27.3935575,47.9231608],[27.393663,47.9232468],[27.3937422,47.9231906],[27.3945812,47.9237343],[27.3947865,47.9235786],[27.3952076,47.923227],[27.3959928,47.9225942],[27.396348,47.9223998],[27.3965855,47.9223942],[27.3969886,47.9224666],[27.3974525,47.9225872],[27.3979924,47.9227633],[27.3985984,47.9230734],[27.3991725,47.9232887],[27.3992928,47.9233891],[27.3995786,47.9236675],[27.3997212,47.9238936],[27.399843,47.9240455],[27.399863,47.9240755],[27.3997665,47.9241396],[27.3999524,47.9243496],[27.4001963,47.9245849],[27.4000311,47.9246998],[27.400077,47.9248167],[27.4003865,47.9249733],[27.4006684,47.9251246],[27.4009527,47.9249266],[27.401526,47.9252486],[27.401297,47.9253837],[27.4011427,47.9254876],[27.4010206,47.9256055],[27.401127,47.9256752],[27.4012218,47.9257303],[27.4013057,47.9257473],[27.4013852,47.9257793],[27.4016031,47.9259737],[27.4016603,47.9260246],[27.4018611,47.9262922],[27.4019342,47.9263696],[27.4021228,47.9264744],[27.4021322,47.92648],[27.4022361,47.9264173],[27.402432,47.9265731],[27.4025278,47.9266493],[27.4026414,47.9267331],[27.4027949,47.9268462],[27.4029505,47.9269611],[27.4036213,47.9274557],[27.4035697,47.927506],[27.4032299,47.9277416],[27.4027445,47.9281644],[27.4026783,47.9282235],[27.4025856,47.9282973],[27.4023906,47.9284524],[27.4023639,47.9284836],[27.402225,47.9286463],[27.4021519,47.9287319],[27.4020287,47.9288429],[27.4025053,47.9291353],[27.4027877,47.9292904],[27.4031734,47.929531],[27.4034374,47.9297163],[27.4032369,47.9298863],[27.4030984,47.9299979],[27.4030041,47.9300716],[27.4029171,47.9301368],[27.4027391,47.9302742],[27.4026608,47.9303415],[27.4025907,47.9303973],[27.4024776,47.9304859],[27.4023725,47.9305755],[27.4023243,47.9306133],[27.4022712,47.930655],[27.4022224,47.9306932],[27.4021867,47.9307211],[27.4021224,47.9307716],[27.4020997,47.9307893],[27.4020494,47.9308288],[27.4019899,47.9308754],[27.4019456,47.9309101],[27.4019078,47.9309397],[27.4018483,47.9309864],[27.4017888,47.931033],[27.4017444,47.9310677],[27.4016924,47.9311084],[27.4016015,47.9311793],[27.4015331,47.9312337],[27.40149,47.931268],[27.4014109,47.9313308],[27.401364,47.9313681],[27.4013373,47.9313893],[27.4012815,47.9314335],[27.4006043,47.9319055],[27.4005522,47.9319483],[27.4004842,47.9320043],[27.4004442,47.9320364],[27.4004044,47.9320684],[27.4003478,47.9321139],[27.400285,47.9321643],[27.4002463,47.9321969],[27.4002029,47.9322354],[27.4001634,47.9322704],[27.4001259,47.9323037],[27.4000686,47.9323544],[27.400031,47.9323877],[27.3999895,47.9324245],[27.3999518,47.9324579],[27.39993,47.9324773],[27.3998923,47.9325107],[27.3998529,47.9325433],[27.3998119,47.932575],[27.3997709,47.9326067],[27.3997299,47.9326384],[27.3996654,47.9326883],[27.3996159,47.9327267],[27.3995472,47.9327799],[27.3995127,47.9328065],[27.3994633,47.9328448],[27.3994097,47.9328863],[27.3993694,47.9329182],[27.3993081,47.9329667],[27.3992469,47.9330151],[27.3991856,47.9330635],[27.3991455,47.9330952],[27.3991135,47.9331205],[27.3990691,47.9331556],[27.3988847,47.9332736],[27.3989931,47.9333274],[27.3998559,47.9337517],[27.4005991,47.9341326],[27.4014265,47.9345279],[27.4017795,47.9347857],[27.4018301,47.9348227],[27.4021209,47.934994],[27.4027565,47.9353094],[27.4032806,47.9355593],[27.4030355,47.9356926],[27.4025562,47.9360496],[27.4021375,47.9364066],[27.4017831,47.9366959],[27.4004617,47.9360527],[27.4003194,47.9361764],[27.3997771,47.9366665],[27.3995,47.9365126],[27.3992991,47.9363831],[27.3990794,47.9365967],[27.3988946,47.9367829],[27.398793,47.936875],[27.3976661,47.936502],[27.396099,47.9360129],[27.3950086,47.9356832],[27.3943947,47.9354832],[27.3932355,47.9351048],[27.3930564,47.935435],[27.3929682,47.935637],[27.3927959,47.9360383],[27.3927227,47.9361831],[27.3926495,47.9363279],[27.3925742,47.9364721],[27.3924129,47.9368108],[27.3921556,47.9367167],[27.3922354,47.9365988],[27.3920259,47.9365181],[27.3916368,47.9363731],[27.3916027,47.9363613],[27.3914683,47.9365323],[27.391404,47.9366442],[27.3912619,47.9366271],[27.391244,47.9366918],[27.3911794,47.9368823],[27.3912818,47.9368965],[27.3912479,47.9370308],[27.3907062,47.9370004],[27.3904006,47.936976],[27.390325,47.9371624],[27.3901556,47.9371483],[27.3900541,47.9373107],[27.3899718,47.937458],[27.3899265,47.9375486],[27.389722,47.937524],[27.3894983,47.9374907],[27.3894437,47.9377049],[27.3892305,47.9379975],[27.3891877,47.9380895],[27.3892012,47.9381001],[27.3892991,47.9381171],[27.3895239,47.9381],[27.3897067,47.9381336],[27.3898282,47.9381773],[27.3898973,47.9382304],[27.389928,47.9382453],[27.3899929,47.9382826],[27.3903394,47.9386345],[27.3904615,47.938829],[27.3903338,47.9390195],[27.3902745,47.9389839],[27.3901193,47.9390127],[27.3900673,47.9389789],[27.389766,47.9387836],[27.3895901,47.9389288],[27.3895624,47.9389156],[27.3894807,47.9389685],[27.3893836,47.9390497],[27.3893584,47.9390707],[27.3892888,47.939034],[27.3892463,47.9390702],[27.3891995,47.9391072],[27.3890889,47.939173],[27.3890964,47.9391768],[27.3890918,47.9391835],[27.3890941,47.9391874],[27.3889214,47.9393049],[27.3892891,47.9395273],[27.3890018,47.9397767],[27.3890386,47.9398243],[27.3888125,47.9399918],[27.3887923,47.9400067],[27.3883905,47.940168],[27.3882709,47.9404181],[27.3882399,47.940483],[27.3881244,47.940648],[27.3880831,47.9406863],[27.3879492,47.9408954],[27.3879951,47.9409097],[27.3884185,47.9410412],[27.3887226,47.9411357],[27.3887985,47.9411509],[27.3886985,47.941293],[27.3884215,47.9414853],[27.3879751,47.9416082],[27.3877194,47.9416298],[27.3875938,47.9416404],[27.3870661,47.9415143],[27.3857747,47.9412327],[27.3858437,47.9409781],[27.3859517,47.9405536],[27.3862226,47.9402506],[27.3862137,47.9399698],[27.3864072,47.9397362],[27.3866102,47.9398152],[27.3868739,47.9395649],[27.3870769,47.9393772],[27.3862589,47.9389989],[27.3860709,47.9389863],[27.3859544,47.9389476],[27.3859065,47.9388876],[27.385903,47.9388336],[27.3856513,47.938687],[27.3843914,47.9394803],[27.3834966,47.9400427],[27.3830448,47.9398524],[27.382973,47.9398285],[27.3829213,47.9398129],[27.3829096,47.9398091],[27.3826781,47.9397328],[27.3826584,47.9397609],[27.3826174,47.939807],[27.3824813,47.9398171],[27.382369,47.9398141],[27.3822813,47.9397976],[27.3820313,47.9397105],[27.3818456,47.9396842],[27.3814955,47.9396243],[27.3815196,47.9395595],[27.3816112,47.9394297],[27.3817366,47.9393026],[27.3814209,47.9391409],[27.3805413,47.9389093],[27.38044,47.9388867],[27.3803068,47.938857],[27.3801714,47.9388204],[27.3800112,47.9387769],[27.379717,47.9386972],[27.3796987,47.9386928],[27.3793929,47.9386191],[27.3793713,47.9386139],[27.3791342,47.9385503],[27.3789708,47.9385714],[27.3788465,47.9385428],[27.3786348,47.938494],[27.3785886,47.9384833],[27.3783711,47.9384428],[27.3779132,47.9383576],[27.3775809,47.9382809],[27.3773399,47.9382605],[27.3770698,47.9382376],[27.37692,47.9382111],[27.3766915,47.9381706],[27.3765186,47.93814],[27.3764201,47.9381112],[27.3761771,47.9380402],[27.3759694,47.9379674],[27.3758912,47.9379069],[27.3757733,47.9376368],[27.3757437,47.9375688],[27.375601,47.9373068],[27.3755708,47.9372514],[27.3754132,47.9371289],[27.3752894,47.9370327],[27.3751771,47.9369656],[27.3749282,47.936817],[27.3748267,47.9367278],[27.3746772,47.9365965],[27.3746092,47.9364192],[27.374561,47.9362938],[27.3745486,47.9362614],[27.3744365,47.9359904],[27.3744213,47.9359537],[27.3742609,47.9357232],[27.3742008,47.9354898],[27.3743978,47.9352678],[27.3744578,47.9352406],[27.3744439,47.9351664],[27.374245,47.9346667],[27.3743307,47.9345503],[27.3743014,47.9344368],[27.3742815,47.9343254],[27.3743261,47.9340643],[27.3738991,47.9342351],[27.373769,47.9343958],[27.3737187,47.9345591],[27.3735875,47.9347688],[27.3733888,47.9350985],[27.3732736,47.9355456],[27.3732924,47.9357971],[27.3732388,47.935797],[27.3730951,47.9358893],[27.3730137,47.9359443],[27.3729122,47.9359849],[27.3726529,47.9359769],[27.3725055,47.935974],[27.3725239,47.936176],[27.3722816,47.9362107],[27.3722592,47.9362133],[27.3722557,47.9361977],[27.3722091,47.9360188],[27.3722041,47.9358161],[27.3722408,47.9356429],[27.3723534,47.935441],[27.3724342,47.935333],[27.3724585,47.9352879],[27.3725532,47.9349957],[27.3726874,47.9347503],[27.3727819,47.9346066],[27.3730168,47.9344372],[27.3733311,47.934316],[27.3735861,47.934171],[27.3736962,47.9340437]]]}},{"type":"Feature","properties":{"entity_id":"osm-r18967688","jurisdiction":"MD","display_name":"Avrămeni","display_type":"component_locality","admin_level":9,"tier":"detail","legal_registry":"CUATM","legal_id":"7118","legal_type":null,"parent_catalog_id":"osm-r19045248","osm_relation_id":18967688,"legal_identity_status":"reconciled","geometry_source":"OpenStreetMap","canonical_geometry_role":null,"geometry_scope":null,"geometry_precision":"master_coordinate_fidelity"},"geometry":{"type":"Polygon","coordinates":[[[27.2528367,47.7885794],[27.252971,47.7883923],[27.2530473,47.7882196],[27.2531195,47.7880726],[27.2532551,47.7877538],[27.2531639,47.7877309],[27.252978,47.7876717],[27.2535955,47.7869706],[27.2540124,47.7864704],[27.254159,47.786215],[27.2542684,47.786063],[27.2544434,47.78574],[27.2546979,47.7852982],[27.2547927,47.7851099],[27.2549004,47.7849073],[27.2549925,47.7847188],[27.255055,47.7844922],[27.2551644,47.7843228],[27.2551663,47.7843007],[27.2552417,47.7841021],[27.2552798,47.7840046],[27.2553442,47.7839352],[27.2554459,47.7837798],[27.2555801,47.7836786],[27.2558782,47.7837664],[27.256395,47.7838853],[27.2566211,47.7839596],[27.256696,47.7839786],[27.25652,47.7842062],[27.2564344,47.7843714],[27.2563104,47.7845402],[27.2567215,47.7848826],[27.2565039,47.7850829],[27.2565032,47.7851139],[27.2565949,47.7852359],[27.2566852,47.7853717],[27.2567398,47.7854121],[27.2568145,47.7854835],[27.2568601,47.7855459],[27.2569408,47.7856265],[27.2569846,47.7856652],[27.2571006,47.7857309],[27.2571207,47.7857525],[27.2571541,47.7857753],[27.257454,47.7859301],[27.257592,47.7860115],[27.2576301,47.7859199],[27.2576499,47.7858922],[27.257867,47.7859642],[27.2578112,47.786063],[27.2580998,47.7861541],[27.2585257,47.7862467],[27.2586646,47.7863074],[27.2588406,47.7865224],[27.2594531,47.7866186],[27.2595219,47.786527],[27.2596299,47.7863282],[27.2597004,47.7862016],[27.2597944,47.7860442],[27.2599661,47.7861004],[27.2602553,47.7862064],[27.2603758,47.7859766],[27.2604399,47.7858487],[27.2604589,47.785833],[27.260553,47.785481],[27.260599,47.7853963],[27.2603536,47.7854032],[27.2601015,47.7853746],[27.2598791,47.7852939],[27.2600133,47.7851796],[27.2600235,47.7851709],[27.2600486,47.7851356],[27.2601295,47.7850134],[27.2601544,47.7849746],[27.2601912,47.7849173],[27.2602643,47.7848054],[27.2603368,47.7846952],[27.2603771,47.7846331],[27.260403,47.7845931],[27.2604207,47.7845658],[27.2604356,47.7845098],[27.2604497,47.7844631],[27.260487,47.7843402],[27.2605002,47.7842277],[27.2604956,47.7840382],[27.2605302,47.7839647],[27.2606634,47.7837969],[27.260727,47.7837429],[27.2608049,47.783683],[27.260882,47.7836237],[27.2609254,47.7835903],[27.2609931,47.7835328],[27.2610557,47.7834797],[27.2611326,47.7834144],[27.2611528,47.7834026],[27.2611838,47.7833846],[27.2612269,47.7833596],[27.2612483,47.7833472],[27.2613215,47.7833047],[27.261382,47.7832695],[27.2614211,47.7832468],[27.2614653,47.7832251],[27.2615631,47.7831837],[27.2615725,47.7831768],[27.2616138,47.7831464],[27.2616752,47.7830911],[27.2616946,47.7830729],[27.2617475,47.7830383],[27.2618517,47.7829701],[27.2619073,47.7829337],[27.2619251,47.7829273],[27.262044,47.7828848],[27.2621196,47.782844],[27.2621516,47.7828267],[27.2622665,47.7827647],[27.2623766,47.7827028],[27.2623887,47.7826949],[27.2624346,47.7826647],[27.2624706,47.782641],[27.2625054,47.7826171],[27.2625668,47.7825736],[27.2625744,47.7825683],[27.2626672,47.7825021],[27.2628444,47.7823591],[27.2629795,47.78225],[27.26368,47.7819782],[27.2637038,47.7818823],[27.263572,47.7817772],[27.2638651,47.7816677],[27.2643776,47.7814984],[27.2648208,47.7813676],[27.2648766,47.7813922],[27.2654769,47.7817085],[27.2655216,47.781673],[27.2656898,47.781773],[27.2664342,47.7820819],[27.266637,47.7821351],[27.266901,47.7822088],[27.2672481,47.7822969],[27.2674427,47.7823416],[27.2674903,47.7823576],[27.267413,47.7825363],[27.2673571,47.7826501],[27.267334,47.7826982],[27.2679154,47.7826924],[27.268668,47.7827196],[27.2689111,47.7822029],[27.2689437,47.7822089],[27.2691179,47.7818643],[27.2693068,47.781724],[27.2695412,47.781362],[27.2696806,47.7811152],[27.269278,47.7810283],[27.2686414,47.7808541],[27.2689245,47.7805838],[27.2689456,47.7805588],[27.2690777,47.7804026],[27.2692164,47.7802456],[27.2692432,47.7801976],[27.2693298,47.7800462],[27.2693883,47.7799499],[27.2693989,47.7799183],[27.2694435,47.7797868],[27.2695044,47.7796067],[27.2695087,47.7795755],[27.2695308,47.7794143],[27.2694974,47.7793005],[27.2695366,47.7790683],[27.2695955,47.7789747],[27.2696292,47.7789212],[27.2696616,47.7788064],[27.2696746,47.7787603],[27.2701388,47.7788113],[27.2709201,47.778906],[27.2709486,47.7788667],[27.2710549,47.7786988],[27.2711126,47.7786029],[27.2711219,47.7785755],[27.2711546,47.778479],[27.2712429,47.7783513],[27.2715075,47.7782396],[27.2715454,47.7782142],[27.2716941,47.7781148],[27.2719821,47.7780321],[27.2727245,47.7778923],[27.2729557,47.77787],[27.2735989,47.7777275],[27.2739466,47.7778197],[27.2743303,47.7779213],[27.2748479,47.778076],[27.2745819,47.7783832],[27.2745458,47.7784365],[27.2744242,47.7786164],[27.2743398,47.7787878],[27.2742787,47.7789256],[27.2741807,47.7791471],[27.2741609,47.779211],[27.274118,47.7793492],[27.2741066,47.7793687],[27.2740355,47.77949],[27.2740002,47.7795336],[27.2738841,47.7796774],[27.2738543,47.7797045],[27.2736879,47.7798566],[27.2735242,47.7800099],[27.2734395,47.7801274],[27.2734011,47.7801808],[27.2733082,47.7803287],[27.273195,47.7804846],[27.2728062,47.7809346],[27.2726877,47.7811562],[27.2726137,47.781132],[27.2726074,47.7811435],[27.2725781,47.7812142],[27.2725638,47.7812489],[27.2725419,47.7813017],[27.2724855,47.7813654],[27.2724526,47.7814025],[27.2724376,47.7814306],[27.2724005,47.781498],[27.2723145,47.7816492],[27.2721963,47.7818262],[27.2721822,47.7818392],[27.2720234,47.7820255],[27.271963,47.7820973],[27.2719055,47.7821656],[27.2718479,47.7822342],[27.2717887,47.7823046],[27.2716678,47.7824498],[27.2716366,47.7824739],[27.2714701,47.7824433],[27.2712106,47.7823746],[27.2710915,47.7826052],[27.2706095,47.7824815],[27.270367,47.7827903],[27.270391,47.7828006],[27.270278,47.7829907],[27.270104,47.7829722],[27.2700075,47.7829824],[27.2698795,47.7829647],[27.269798,47.7829451],[27.2695845,47.7832201],[27.2694202,47.7835643],[27.2691225,47.7838251],[27.2691958,47.783874],[27.2690428,47.7840363],[27.2688574,47.7842531],[27.2687615,47.784379],[27.2686903,47.7845185],[27.2687387,47.7846132],[27.26882,47.7847357],[27.268762,47.7847918],[27.2686481,47.7850663],[27.2686455,47.7850949],[27.2685838,47.7852517],[27.2685316,47.7853976],[27.2686598,47.7854606],[27.2690258,47.7855413],[27.2690493,47.7854815],[27.2693186,47.785532],[27.2697261,47.7856161],[27.2697477,47.7856684],[27.2696545,47.7858504],[27.2694784,47.7861441],[27.2694015,47.7863577],[27.2694419,47.7863676],[27.2693756,47.7865844],[27.2693367,47.7865787],[27.2692816,47.786867],[27.2693484,47.786879],[27.2694124,47.7872273],[27.269449,47.7873363],[27.2696751,47.7874103],[27.2695207,47.7875891],[27.269344,47.7877945],[27.2691688,47.7880262],[27.2689759,47.7882076],[27.2686343,47.7881035],[27.2684852,47.788305],[27.2683934,47.7882834],[27.2682934,47.788498],[27.2683232,47.7885093],[27.2684492,47.788535],[27.2688064,47.7886259],[27.2687602,47.7888398],[27.268641,47.7892621],[27.2686331,47.7893372],[27.2688504,47.789366],[27.2687965,47.7896953],[27.2687428,47.7899689],[27.2683006,47.7899216],[27.2681996,47.790158],[27.2680575,47.7901311],[27.2679243,47.7903371],[27.2678114,47.7903533],[27.2676058,47.7904389],[27.2673009,47.7906065],[27.2671052,47.7906862],[27.266894,47.7908672],[27.2669124,47.7909195],[27.2671071,47.7910462],[27.2675224,47.7914181],[27.2674698,47.7916761],[27.2674137,47.7918137],[27.2671703,47.7917802],[27.2668693,47.7917342],[27.2661443,47.7915879],[27.2658584,47.7915724],[27.2653172,47.7914737],[27.2652699,47.7914516],[27.2643091,47.7913539],[27.2642387,47.7914838],[27.2641341,47.7915513],[27.2638188,47.7916472],[27.2636948,47.7917234],[27.2635439,47.7918078],[27.2633639,47.7917236],[27.2632681,47.7916438],[27.2632077,47.7915674],[27.263421,47.7912454],[27.2635868,47.7911542],[27.2637048,47.7910628],[27.2637025,47.7905715],[27.263438,47.7904384],[27.2632031,47.7903718],[27.2631787,47.7903697],[27.263164,47.7903979],[27.2631124,47.7904824],[27.2630386,47.790603],[27.262846,47.7905655],[27.2626412,47.7905502],[27.2625352,47.7907183],[27.2625186,47.7907384],[27.2622949,47.7906943],[27.2623031,47.7907213],[27.2622611,47.7908437],[27.2620975,47.7912643],[27.2621126,47.7912741],[27.2620433,47.7913467],[27.2620054,47.7913943],[27.2619257,47.7914658],[27.2617234,47.7915931],[27.2615933,47.791686],[27.2615384,47.7917253],[27.2613674,47.7916597],[27.2613048,47.7915879],[27.2612606,47.7914851],[27.2611612,47.7912078],[27.2612019,47.7909991],[27.2613236,47.7904847],[27.2614578,47.790035],[27.2613633,47.7900234],[27.2610191,47.7899557],[27.2608177,47.7899401],[27.2606787,47.7899458],[27.2605849,47.7899556],[27.2605801,47.7899733],[27.2605457,47.7901013],[27.260335,47.7901372],[27.2600446,47.7901289],[27.2598446,47.7901171],[27.2598055,47.7902089],[27.2596884,47.7901937],[27.2596453,47.7901797],[27.2596179,47.7901414],[27.2589753,47.7900065],[27.258937,47.7900185],[27.2585806,47.7899439],[27.2580376,47.7898136],[27.2576996,47.7897284],[27.2575498,47.7897009],[27.2575333,47.7897009],[27.2571671,47.7896318],[27.256867,47.789558],[27.2564771,47.7894878],[27.2563408,47.7894625],[27.2559897,47.789401],[27.2559108,47.7893916],[27.2558025,47.7893693],[27.2557716,47.7893688],[27.2553173,47.7892696],[27.2551868,47.7892448],[27.2551613,47.7892395],[27.2550853,47.7892102],[27.255001,47.7891831],[27.2549299,47.789161],[27.2545459,47.7890531],[27.2545051,47.7890391],[27.2541814,47.7889814],[27.2540932,47.7889419],[27.2540686,47.7889381],[27.2540439,47.7889339],[27.2538578,47.7888671],[27.2534496,47.7887591],[27.2529532,47.7886188],[27.2528367,47.7885794]]]}},{"type":"Feature","properties":{"entity_id":"osm-r18967691","jurisdiction":"MD","display_name":"Vasileuți","display_type":"commune","admin_level":9,"tier":"detail","legal_registry":"CUATM","legal_id":"7154","legal_type":"commune","parent_catalog_id":"osm-r19045246","osm_relation_id":18967691,"legal_identity_status":"reconciled","geometry_source":"OpenStreetMap","canonical_geometry_role":null,"geometry_scope":null,"geometry_precision":"master_coordinate_fidelity"},"geometry":{"type":"Polygon","coordinates":[[[27.4947148,48.0101423],[27.4947438,48.0101204],[27.4947852,48.0100891],[27.4948474,48.0100419],[27.4950139,48.0099158],[27.4950419,48.0098946],[27.4951116,48.0098418],[27.4951886,48.0097835],[27.495243,48.0097424],[27.4953336,48.0096618],[27.495378,48.0096224],[27.4954098,48.0095942],[27.4954604,48.0095492],[27.4955109,48.0095042],[27.4956431,48.0093868],[27.4959542,48.0091105],[27.4959727,48.0090941],[27.4961372,48.008948],[27.4962804,48.0088208],[27.4963397,48.008775],[27.4965049,48.0086475],[27.4969257,48.0083229],[27.4969858,48.0082754],[27.4971964,48.0080631],[27.4974388,48.0078388],[27.4978356,48.0074232],[27.497985,48.0072958],[27.4980515,48.0072475],[27.4982377,48.0070911],[27.4984357,48.0069202],[27.4985444,48.0068273],[27.4985674,48.0068104],[27.4986239,48.0067598],[27.4986618,48.0067272],[27.4987517,48.0066534],[27.4990338,48.0064217],[27.4993038,48.0061913],[27.4995116,48.0060111],[27.4995437,48.0059832],[27.499548,48.0059793],[27.4995684,48.0059613],[27.4995836,48.0059483],[27.4998626,48.0057051],[27.5001363,48.0054615],[27.500222,48.0053909],[27.5004549,48.0051908],[27.5007119,48.0049787],[27.5009966,48.0047376],[27.5012138,48.0045518],[27.5012359,48.0045315],[27.5012483,48.0045199],[27.5016005,48.0042099],[27.5018428,48.0040062],[27.5021608,48.0037458],[27.50249,48.0034786],[27.5026491,48.0033451],[27.5028451,48.0031838],[27.5028761,48.0031553],[27.5028857,48.003148],[27.5029221,48.0031294],[27.5031066,48.0029686],[27.5033697,48.0027393],[27.5033753,48.0027428],[27.5036652,48.0025014],[27.5038609,48.0023421],[27.5038915,48.0023193],[27.5040673,48.0021762],[27.5043352,48.0019288],[27.5045905,48.0017165],[27.5048249,48.0015262],[27.5048286,48.001527],[27.5050637,48.0013357],[27.5051387,48.0012711],[27.505367,48.0010782],[27.5055117,48.0009537],[27.5055434,48.0009253],[27.5056165,48.000861],[27.5058544,48.0006569],[27.5062011,48.0003597],[27.5060922,48.0003072],[27.5072485,47.9993017],[27.5084462,47.9999021],[27.5080267,48.0002629],[27.5079256,48.0003948],[27.5080864,48.0004787],[27.5082346,48.0005559],[27.5087056,48.0007905],[27.5087457,48.0007986],[27.5092006,48.0010126],[27.5097288,48.0012924],[27.5102751,48.001546],[27.5103632,48.0015869],[27.510759,48.0017651],[27.5108813,48.001831],[27.5106685,48.0020694],[27.5105589,48.0020639],[27.5105176,48.0020517],[27.5103556,48.0019709],[27.5102348,48.0019159],[27.5100823,48.0018649],[27.5100231,48.001844],[27.5097782,48.0017582],[27.5092769,48.0017085],[27.5090238,48.0016581],[27.5089574,48.0017247],[27.5086927,48.0019731],[27.5085381,48.0022327],[27.5082981,48.002403],[27.5083357,48.0024274],[27.5082026,48.002493],[27.5077656,48.0025652],[27.507647,48.0024803],[27.5075197,48.0023385],[27.50709,48.0022368],[27.5070626,48.0022086],[27.5069874,48.0022616],[27.5070401,48.0023346],[27.5071638,48.0024745],[27.507354,48.0026724],[27.5075437,48.0028975],[27.5076835,48.0030202],[27.5077942,48.0030855],[27.5079222,48.0031422],[27.5081257,48.0031919],[27.5081981,48.0030884],[27.5084837,48.002912],[27.508812,48.0027515],[27.5090092,48.0026403],[27.5093086,48.0025429],[27.5094467,48.0025313],[27.5096101,48.0025535],[27.5097685,48.0025844],[27.5098222,48.0025474],[27.5101987,48.002592],[27.5104585,48.0026269],[27.5104798,48.0025867],[27.5108073,48.002672],[27.5108946,48.0027069],[27.511032,48.002799],[27.5110595,48.0028397],[27.5111586,48.0028923],[27.5112183,48.0028873],[27.5113649,48.0029101],[27.5116025,48.0029509],[27.5118921,48.0030049],[27.5123122,48.0030693],[27.5126572,48.0030529],[27.5127506,48.0030419],[27.5129519,48.0030464],[27.5132275,48.0030861],[27.5132799,48.0031073],[27.5134176,48.0031766],[27.5134548,48.0031447],[27.5135057,48.0031101],[27.5135316,48.0030955],[27.5139332,48.003081],[27.5141877,48.0031429],[27.5146585,48.0032151],[27.5147602,48.003246],[27.5148201,48.0031747],[27.5152488,48.0032107],[27.5156334,48.0032013],[27.516029,48.0032814],[27.5164664,48.0034355],[27.5169239,48.0034931],[27.5173153,48.0035487],[27.5175699,48.0036691],[27.517705,48.0036768],[27.5181212,48.003744],[27.5183794,48.0038186],[27.5184606,48.0038508],[27.5185463,48.0038984],[27.5187455,48.0040311],[27.5188205,48.0040797],[27.5190372,48.0042159],[27.5197492,48.0046453],[27.5198246,48.0046849],[27.5207643,48.0052614],[27.5208809,48.0053407],[27.521519,48.0056765],[27.5218963,48.0058718],[27.5220153,48.0059363],[27.5222299,48.0060512],[27.5222628,48.0060685],[27.5223267,48.006102],[27.5223793,48.0061303],[27.5231079,48.0064904],[27.5232733,48.0065588],[27.5241409,48.0069925],[27.5256823,48.0077875],[27.5256195,48.0078548],[27.523573,48.0101814],[27.5211573,48.0129273],[27.5211301,48.0129583],[27.5202737,48.0139316],[27.5182277,48.0129545],[27.5179993,48.0128802],[27.5177972,48.012798],[27.517681,48.0127345],[27.5176245,48.0126779],[27.517595,48.0126194],[27.5176016,48.0125544],[27.5174194,48.0125248],[27.5169191,48.0124278],[27.5160525,48.0122911],[27.5157199,48.012216],[27.5156598,48.012189],[27.5155248,48.0121688],[27.5145973,48.0119744],[27.5138712,48.0118152],[27.5136756,48.011772],[27.5136417,48.0119399],[27.5135907,48.0120848],[27.5133503,48.0124456],[27.5131188,48.012714],[27.5129861,48.0128684],[27.5128215,48.0129898],[27.5125907,48.0131762],[27.5123844,48.0133597],[27.5122121,48.0134309],[27.5120355,48.0134464],[27.5112293,48.0132194],[27.5109642,48.0131459],[27.5106493,48.0130582],[27.5105122,48.0130236],[27.5103764,48.0129913],[27.5097728,48.0128912],[27.5094019,48.0128267],[27.5091763,48.0128249],[27.5089946,48.0127925],[27.5088364,48.0127409],[27.5087126,48.0126917],[27.5081646,48.0125824],[27.5078209,48.0125235],[27.5077882,48.0125179],[27.5075967,48.0124431],[27.5070076,48.0123166],[27.5065224,48.012199],[27.506459,48.0121785],[27.5064106,48.0121627],[27.5064065,48.0121614],[27.5058555,48.0120364],[27.5051984,48.0119171],[27.5051972,48.0119167],[27.5051514,48.0119026],[27.5051481,48.0119019],[27.5048578,48.0118361],[27.5032562,48.0113419],[27.5032831,48.0113108],[27.5036077,48.0108519],[27.5038464,48.010512],[27.503873,48.0105072],[27.5039508,48.0104929],[27.5039217,48.0104484],[27.5038204,48.0104006],[27.5034521,48.0102626],[27.5032077,48.0102176],[27.5027417,48.0100426],[27.5021196,48.0098201],[27.5015151,48.009625],[27.5013287,48.0095195],[27.50126,48.0094406],[27.5012183,48.0093447],[27.5009689,48.0091826],[27.5007554,48.0090329],[27.5006588,48.0089365],[27.5005984,48.0088851],[27.5005245,48.0088438],[27.5003897,48.0088246],[27.5002729,48.0088121],[27.5001327,48.0088188],[27.5000323,48.0088411],[27.4998252,48.0090592],[27.4996282,48.0092862],[27.4995893,48.0093908],[27.4997125,48.0096133],[27.4997501,48.0097073],[27.4996818,48.0099768],[27.499716,48.010071],[27.4997462,48.0101114],[27.4998239,48.0102154],[27.4998251,48.010285],[27.4998268,48.0103787],[27.4998271,48.0103886],[27.4998085,48.010529],[27.4998051,48.0105553],[27.4997672,48.0105858],[27.4997327,48.0106135],[27.499685,48.0106519],[27.4996003,48.01072],[27.4995724,48.0107424],[27.4994797,48.0108168],[27.4994335,48.0108545],[27.4993874,48.010892],[27.4993553,48.0109182],[27.4993474,48.0109772],[27.4993374,48.0110521],[27.4993235,48.011156],[27.4993125,48.0111757],[27.4992927,48.0112113],[27.4992754,48.0112422],[27.4992557,48.0112773],[27.4992433,48.0112994],[27.4992171,48.0113413],[27.4991968,48.0113736],[27.4991514,48.0114173],[27.4990925,48.011474],[27.4990009,48.0115621],[27.4989644,48.0115973],[27.4989352,48.0116253],[27.4988121,48.0117437],[27.4987832,48.0117714],[27.4987509,48.0118026],[27.4985907,48.0119566],[27.4985795,48.0119672],[27.4985013,48.0120419],[27.4984483,48.0120925],[27.4983672,48.0121698],[27.4983426,48.0121933],[27.4983134,48.0122211],[27.4979311,48.0120087],[27.4972468,48.0116167],[27.496588,48.0112472],[27.4960651,48.0109286],[27.4960027,48.0108841],[27.4957419,48.010719],[27.4953154,48.0104754],[27.4947148,48.0101423]]]}},{"type":"Feature","properties":{"entity_id":"osm-r18967745","jurisdiction":"MD","display_name":"Pîrjota","display_type":"independent_village","admin_level":9,"tier":"detail","legal_registry":"CUATM","legal_id":"7138","legal_type":"independent_village","parent_catalog_id":"osm-r19045258","osm_relation_id":18967745,"legal_identity_status":"reconciled","geometry_source":"OpenStreetMap","canonical_geometry_role":null,"geometry_scope":null,"geometry_precision":"master_coordinate_fidelity"},"geometry":{"type":"Polygon","coordinates":[[[27.4420677,47.9467607],[27.4424672,47.9469089],[27.4423968,47.9470855],[27.4423309,47.9472679],[27.4423572,47.9473386],[27.4425067,47.9474034],[27.4427836,47.9474654],[27.4433199,47.9476099],[27.4436013,47.9476748],[27.4442255,47.9478605],[27.4448805,47.9480551],[27.4453245,47.9482643],[27.4455135,47.9484439],[27.4456234,47.9487207],[27.445764,47.9490386],[27.4459441,47.949701],[27.4461595,47.9503369],[27.4463089,47.9507226],[27.4466166,47.9510671],[27.4468484,47.9512178],[27.4468012,47.9516196],[27.446692,47.9517665],[27.4465708,47.9520498],[27.4464366,47.9524488],[27.446431,47.952475],[27.4465005,47.9527329],[27.4464962,47.9529295],[27.4465033,47.95298],[27.4465934,47.9531583],[27.4468581,47.9534689],[27.4470162,47.9537548],[27.4471437,47.9539639],[27.4475174,47.9544733],[27.447746,47.9546883],[27.4481197,47.9549592],[27.4488153,47.9553963],[27.4490254,47.955566],[27.4499838,47.9561227],[27.4502964,47.9562984],[27.4503751,47.956432],[27.4503619,47.9565262],[27.450274,47.9566085],[27.4497771,47.9570352],[27.4493813,47.9574294],[27.4489995,47.9577158],[27.4486117,47.9579442],[27.4480445,47.9582472],[27.4474376,47.9585796],[27.4467868,47.9589237],[27.4465552,47.9590876],[27.4466726,47.9593834],[27.4469814,47.9598076],[27.4468946,47.9598299],[27.4462282,47.9600537],[27.4461136,47.9598735],[27.4461372,47.9598669],[27.4461144,47.9598322],[27.4459544,47.9595904],[27.4457884,47.9593504],[27.4458541,47.9593071],[27.4458185,47.9592891],[27.4453424,47.9588783],[27.4454968,47.9587982],[27.4455825,47.9587478],[27.4456503,47.9586845],[27.4457754,47.9585678],[27.44561,47.9584506],[27.4454569,47.9583123],[27.4453992,47.9582035],[27.4453995,47.9581786],[27.4453242,47.9581502],[27.4452374,47.9580951],[27.4449932,47.9578258],[27.4451293,47.9575983],[27.4453755,47.9574424],[27.4457801,47.9572689],[27.4459721,47.9571482],[27.4456761,47.9568099],[27.4449225,47.9568454],[27.4440257,47.956962],[27.4437096,47.9569668],[27.4435335,47.9569872],[27.4433091,47.95709],[27.4432489,47.9571205],[27.4428579,47.9572871],[27.4425369,47.9569239],[27.4420601,47.9566538],[27.4416449,47.9570047],[27.4414686,47.9571984],[27.4412251,47.9574222],[27.4411705,47.9575218],[27.4410584,47.9577825],[27.4409525,47.9579302],[27.4408278,47.9580576],[27.4408172,47.9580548],[27.4407127,47.9582832],[27.4407032,47.9582921],[27.4407024,47.9583092],[27.4407589,47.9583369],[27.4405896,47.9586548],[27.4404909,47.958753],[27.4403827,47.9587264],[27.4401433,47.9590024],[27.439724,47.9592278],[27.4396855,47.9592342],[27.4394033,47.9591357],[27.4386651,47.9588874],[27.4381657,47.9594793],[27.4380281,47.9594301],[27.4377129,47.9592591],[27.4376758,47.9592333],[27.4375606,47.9591757],[27.4363763,47.9587678],[27.4361988,47.9589402],[27.436189,47.9589504],[27.4361831,47.9589728],[27.43596,47.9591846],[27.4359363,47.9592026],[27.4359258,47.9591999],[27.4357139,47.9593804],[27.4356975,47.9593953],[27.435719,47.9594074],[27.4354158,47.9595889],[27.4352829,47.959529],[27.4350779,47.9597621],[27.4350134,47.9598246],[27.434977,47.9598695],[27.4349138,47.9599346],[27.4348782,47.9599805],[27.4348462,47.9600076],[27.4347575,47.9600698],[27.4346851,47.9601052],[27.4342325,47.9604347],[27.4331999,47.9600423],[27.4328183,47.959952],[27.4327255,47.9599043],[27.4322736,47.9602613],[27.4320468,47.9604545],[27.4318082,47.9606372],[27.4313246,47.9609442],[27.4314634,47.9615055],[27.4315729,47.9615658],[27.431479,47.9616534],[27.4314567,47.9616807],[27.4316882,47.9617746],[27.4317347,47.9618857],[27.43193,47.9619856],[27.432634,47.9624202],[27.4323892,47.9626905],[27.4322349,47.9628586],[27.432117,47.9629385],[27.432104,47.9629375],[27.4318846,47.9630827],[27.4317332,47.9631888],[27.4315534,47.9633148],[27.431089,47.9637639],[27.4310445,47.9638061],[27.430944,47.9639058],[27.430815,47.9640041],[27.4307092,47.9640835],[27.4305913,47.964156],[27.4305748,47.9641662],[27.4304171,47.964207],[27.4300349,47.9641989],[27.4297572,47.9642157],[27.4296367,47.9641841],[27.4292262,47.9642823],[27.4291599,47.9643602],[27.4290646,47.9644113],[27.4288696,47.9644395],[27.4285058,47.9644033],[27.4282344,47.9643735],[27.4278495,47.9641261],[27.4274054,47.9638911],[27.4270887,47.9641323],[27.4266463,47.9644611],[27.4265475,47.9643935],[27.4265151,47.9643898],[27.4262273,47.964204],[27.4260545,47.9641082],[27.4254946,47.9637769],[27.4254148,47.9637428],[27.4252774,47.9636644],[27.4249502,47.9635389],[27.4247856,47.9634868],[27.4246619,47.9634277],[27.4245488,47.9633737],[27.4245116,47.9633545],[27.4244383,47.9633142],[27.4243177,47.9632479],[27.4242322,47.9632008],[27.4241442,47.9631524],[27.4240786,47.9631163],[27.4239862,47.9630654],[27.4238555,47.9629936],[27.4237377,47.9629287],[27.4236911,47.9629033],[27.4236695,47.9628945],[27.423474,47.9628149],[27.4233815,47.962792],[27.4231502,47.9627769],[27.4228939,47.9628113],[27.4226503,47.9628692],[27.4220385,47.9629993],[27.4219332,47.9630098],[27.4205782,47.9634021],[27.4204824,47.9634291],[27.4204508,47.963438],[27.4203413,47.9634689],[27.4200756,47.9635439],[27.4197835,47.9636262],[27.4197107,47.9636462],[27.4196374,47.9636657],[27.4195271,47.9636951],[27.4194535,47.9637146],[27.4193649,47.9637382],[27.4192464,47.9637697],[27.4190584,47.9638197],[27.4189808,47.9638404],[27.418936,47.9638523],[27.4188306,47.9638731],[27.4188011,47.963879],[27.4187471,47.9638962],[27.4186171,47.9639316],[27.4185909,47.9638932],[27.4183941,47.9636929],[27.4182296,47.9635142],[27.4180529,47.9632984],[27.417567,47.9626754],[27.4172744,47.9624509],[27.4167154,47.9617635],[27.4165224,47.9615341],[27.4162463,47.9612737],[27.4165464,47.9610699],[27.4167546,47.9607753],[27.4169104,47.960619],[27.4170725,47.9603886],[27.4171567,47.9602052],[27.4172507,47.9601193],[27.4172754,47.9599454],[27.4173825,47.9598036],[27.4173815,47.9595474],[27.4173174,47.9593605],[27.4175326,47.9592632],[27.4176016,47.9592389],[27.4173955,47.9591072],[27.4172241,47.9589245],[27.4170704,47.958739],[27.4169035,47.9584769],[27.4167453,47.958362],[27.4166093,47.9582348],[27.4164392,47.9579982],[27.4162528,47.9576012],[27.4161797,47.9571442],[27.4161918,47.9568369],[27.4162888,47.956418],[27.4162766,47.9562521],[27.4161549,47.9556129],[27.4160819,47.9551505],[27.4161183,47.9550472],[27.4160443,47.954891],[27.4158599,47.9545465],[27.4158908,47.9544552],[27.4159832,47.9543493],[27.4162779,47.9541818],[27.4166476,47.9537405],[27.4170612,47.9532992],[27.4176244,47.9527727],[27.4180731,47.9524257],[27.4185393,47.9521729],[27.4189088,47.9519847],[27.419239,47.9518941],[27.4198423,47.9517987],[27.4202998,47.9517524],[27.4208584,47.9514313],[27.4213671,47.9511092],[27.4217218,47.9508049],[27.4223396,47.9502101],[27.4233549,47.9491882],[27.4239421,47.9485321],[27.4243672,47.9480632],[27.4244339,47.94806],[27.4246242,47.9480507],[27.426346,47.9479273],[27.4272766,47.9478504],[27.4280976,47.9478035],[27.4289099,47.9477396],[27.4299236,47.9476789],[27.4306335,47.9476434],[27.4309337,47.9475775],[27.4311362,47.9475364],[27.431364,47.947464],[27.4314351,47.947437],[27.4316389,47.9473617],[27.4317775,47.9473049],[27.4319141,47.9472515],[27.4320755,47.9471969],[27.4323522,47.9470859],[27.4324644,47.9470409],[27.4325495,47.9470067],[27.4326945,47.9469485],[27.4328515,47.9468841],[27.432956,47.946839],[27.4331862,47.9467354],[27.4334181,47.9466307],[27.4338692,47.9464323],[27.433953,47.9463935],[27.4343536,47.9462084],[27.4346373,47.9460661],[27.4346742,47.946051],[27.4350546,47.9458955],[27.4359218,47.9455604],[27.4365856,47.94539],[27.4374385,47.9453227],[27.4382957,47.9453968],[27.4386687,47.9455755],[27.4393306,47.9458365],[27.4400094,47.9460361],[27.4408318,47.9463191],[27.44142,47.9465555],[27.4414441,47.9465271],[27.441694,47.9466174],[27.4419481,47.9467091],[27.4420677,47.9467607]]]}},{"type":"Feature","properties":{"entity_id":"osm-r18967768","jurisdiction":"MD","display_name":"Horodiște","display_type":"independent_village","admin_level":9,"tier":"detail","legal_registry":"CUATM","legal_id":"7131","legal_type":"independent_village","parent_catalog_id":"osm-r19045253","osm_relation_id":18967768,"legal_identity_status":"reconciled","geometry_source":"OpenStreetMap","canonical_geometry_role":null,"geometry_scope":null,"geometry_precision":"master_coordinate_fidelity"},"geometry":{"type":"Polygon","coordinates":[[[27.2582703,47.9470375],[27.2586053,47.9467497],[27.2586959,47.9467577],[27.2587998,47.9467989],[27.2597532,47.9470639],[27.2621846,47.9471711],[27.2622545,47.9468099],[27.2623513,47.9468062],[27.2633157,47.946708],[27.2633369,47.9466246],[27.2634144,47.9465267],[27.263839,47.9465205],[27.264194,47.946517],[27.2641919,47.9464723],[27.2648409,47.94648],[27.2648767,47.9469371],[27.2648185,47.9472093],[27.2648104,47.9472789],[27.2648574,47.947668],[27.2648956,47.9478638],[27.265073,47.9481961],[27.2650684,47.9482561],[27.2650977,47.9483173],[27.2651132,47.9483767],[27.2651385,47.9484309],[27.2652152,47.9484269],[27.2654805,47.9488438],[27.2656708,47.9491014],[27.265965,47.9494004],[27.2661938,47.9496256],[27.2667983,47.950153],[27.2666626,47.9502612],[27.2668138,47.950392],[27.267156,47.9507236],[27.26716,47.9507349],[27.2672707,47.9508478],[27.2673132,47.9508822],[27.2675568,47.9511605],[27.2677964,47.9513803],[27.2678189,47.9514016],[27.267975,47.9515476],[27.2682728,47.9518562],[27.2684469,47.9520932],[27.2683576,47.9521368],[27.2683034,47.9521503],[27.268154,47.9521677],[27.2681914,47.9523327],[27.2682977,47.9524548],[27.2684743,47.9527205],[27.2685154,47.9528953],[27.268541,47.9529578],[27.2685811,47.9531514],[27.2686149,47.9533203],[27.268613,47.9533689],[27.268441,47.9539846],[27.2684473,47.9540941],[27.2683794,47.9544813],[27.2682747,47.9548967],[27.2682825,47.9550703],[27.2682583,47.955083],[27.2685427,47.9551407],[27.2685567,47.9552159],[27.2683332,47.9554793],[27.2681222,47.955786],[27.2680916,47.955823],[27.2681964,47.9558649],[27.2681506,47.9561806],[27.2681022,47.9563827],[27.268085,47.9564291],[27.2680738,47.9564672],[27.2680675,47.9564998],[27.2679453,47.9568219],[27.2679357,47.9568359],[27.2676851,47.9571855],[27.2676178,47.9572904],[27.2675781,47.9573338],[27.2674652,47.9574203],[27.2673664,47.9574768],[27.2671814,47.957498],[27.2672088,47.957533],[27.2669236,47.9577729],[27.266901,47.9578291],[27.2666591,47.9580188],[27.2664919,47.958134],[27.2664668,47.9581328],[27.2661188,47.9579266],[27.2659238,47.9578302],[27.265719,47.957732],[27.2656194,47.9576605],[27.2649054,47.9581097],[27.2649158,47.9581347],[27.264908,47.9582605],[27.2648776,47.9583241],[27.2644201,47.9584564],[27.2639999,47.9586257],[27.2638911,47.9586669],[27.263847,47.9586725],[27.2637936,47.958669],[27.2634024,47.9588535],[27.2634703,47.9591711],[27.263286,47.9592217],[27.2630948,47.9591854],[27.2629294,47.9590892],[27.2627075,47.9589235],[27.2624162,47.9588538],[27.2621571,47.9587466],[27.26163,47.9586989],[27.2613349,47.958708],[27.2612992,47.9586214],[27.2612504,47.9584098],[27.2609487,47.9584705],[27.260664,47.9575466],[27.2599993,47.9578342],[27.2599218,47.957873],[27.2593309,47.9581278],[27.258937,47.9582976],[27.258543,47.9584674],[27.258149,47.9586373],[27.2577551,47.9588071],[27.2574752,47.9584693],[27.2571456,47.9580781],[27.2566939,47.9575928],[27.2569597,47.9574779],[27.2572233,47.9573612],[27.2574855,47.9572451],[27.2577446,47.9571318],[27.2580059,47.9570174],[27.2582713,47.9569013],[27.2581961,47.9568302],[27.2574175,47.9563228],[27.2571269,47.9561375],[27.2562795,47.9566851],[27.2562553,47.9566684],[27.2559082,47.9564779],[27.2558394,47.9564416],[27.256279,47.9561922],[27.2560253,47.9560027],[27.2561776,47.9559067],[27.2557425,47.9557027],[27.2559482,47.9554603],[27.2560869,47.9550762],[27.253263,47.9536636],[27.2533235,47.9536067],[27.2536626,47.9532637],[27.2533508,47.9531212],[27.2536672,47.9527994],[27.2539632,47.9524817],[27.2540054,47.9525006],[27.2542433,47.9522423],[27.2543635,47.9522974],[27.254668,47.9519965],[27.2549751,47.9516884],[27.2553022,47.9513729],[27.2553695,47.9514021],[27.2557375,47.9510308],[27.255625,47.9509787],[27.2556602,47.9509401],[27.2559793,47.9506008],[27.2558053,47.9505262],[27.256098,47.9502284],[27.255934,47.9501507],[27.2561794,47.9498772],[27.2563308,47.9499481],[27.2566409,47.9496353],[27.256582,47.9496062],[27.2568799,47.9493275],[27.2571978,47.9490437],[27.2574538,47.948803],[27.256621,47.9483747],[27.2566673,47.9482214],[27.2568624,47.9480184],[27.2573632,47.9477117],[27.2579562,47.9479251],[27.257955,47.9478351],[27.2579695,47.9478136],[27.2581517,47.9476393],[27.258358,47.9474285],[27.2582488,47.9473704],[27.258458,47.9471365],[27.2582703,47.9470375]]]}},{"type":"Feature","properties":{"entity_id":"osm-r18967794","jurisdiction":"MD","display_name":"Ivănești","display_type":"component_locality","admin_level":9,"tier":"detail","legal_registry":"CUATM","legal_id":"7114","legal_type":null,"parent_catalog_id":"osm-r19045244","osm_relation_id":18967794,"legal_identity_status":"reconciled","geometry_source":"OpenStreetMap","canonical_geometry_role":null,"geometry_scope":null,"geometry_precision":"master_coordinate_fidelity"},"geometry":{"type":"MultiPolygon","coordinates":[[[[27.4182253,47.8825284],[27.4188476,47.8819342],[27.4196246,47.8813627],[27.4209127,47.8820574],[27.4218351,47.8823461],[27.4220772,47.882459],[27.422319,47.8827201],[27.4224185,47.8829126],[27.4225307,47.8832174],[27.4213308,47.8840642],[27.4207765,47.8837422],[27.4197731,47.8832743],[27.4182253,47.8825284]]],[[[27.4201805,47.8884938],[27.4195107,47.8891202],[27.4189432,47.8896438],[27.41883,47.889742],[27.4187446,47.8898255],[27.4186487,47.8899042],[27.4186073,47.8899543],[27.4186711,47.8904372],[27.4186758,47.8904491],[27.418677,47.8904834],[27.4187203,47.8906026],[27.4186222,47.8906851],[27.418589,47.8907118],[27.4185197,47.8907694],[27.4183967,47.8908753],[27.4180125,47.8911938],[27.4176644,47.8910134],[27.4172598,47.8907927],[27.4166288,47.8904743],[27.416477,47.8903928],[27.4164291,47.890381],[27.4163468,47.8903382],[27.4160486,47.8901641],[27.4156975,47.8899638],[27.4161079,47.8897139],[27.4163233,47.8896072],[27.4163518,47.8892241],[27.4155692,47.8887967],[27.4155355,47.8887519],[27.4159437,47.8884227],[27.4142463,47.8875568],[27.4128845,47.8868729],[27.4130928,47.8866361],[27.413392,47.8863875],[27.4139115,47.885923],[27.4146286,47.8854008],[27.4151125,47.8849937],[27.4153464,47.884847],[27.4149026,47.884452],[27.4146643,47.8842813],[27.4143767,47.8840475],[27.4144691,47.8839741],[27.4147875,47.8837597],[27.4148767,47.8837694],[27.4153902,47.8840528],[27.4160384,47.8841874],[27.4161902,47.8841527],[27.4168501,47.8843897],[27.4173914,47.8846829],[27.4178408,47.8850434],[27.4182025,47.8854801],[27.4188883,47.886491],[27.4189187,47.8865387],[27.4189904,47.886756],[27.4190975,47.886958],[27.4192414,47.8872141],[27.4193567,47.8874303],[27.4197764,47.8879057],[27.4200908,47.8883389],[27.4201805,47.8884938]]]]}},{"type":"Feature","properties":{"entity_id":"osm-r18967870","jurisdiction":"MD","display_name":"Sverdiac","display_type":"component_locality","admin_level":9,"tier":"detail","legal_registry":"CUATM","legal_id":"7147","legal_type":null,"parent_catalog_id":"osm-r19045239","osm_relation_id":18967870,"legal_identity_status":"reconciled","geometry_source":"OpenStreetMap","canonical_geometry_role":null,"geometry_scope":null,"geometry_precision":"master_coordinate_fidelity"},"geometry":{"type":"Polygon","coordinates":[[[27.7356665,47.8936043],[27.7355144,47.893741],[27.7354203,47.8939109],[27.7352584,47.8941517],[27.735113,47.8943352],[27.7349627,47.8945201],[27.7347907,47.8947075],[27.7347149,47.8947995],[27.7347556,47.8948175],[27.7357144,47.8951338],[27.7357551,47.8952433],[27.735649,47.8954656],[27.735453,47.895647],[27.7352467,47.8958895],[27.7350192,47.8961585],[27.7347992,47.8964574],[27.7345878,47.896725],[27.7343511,47.8970262],[27.7341794,47.8972449],[27.7338468,47.8975955],[27.7335773,47.897896],[27.7333589,47.8982309],[27.7332839,47.8983212],[27.7330772,47.8986346],[27.7328243,47.8989668],[27.732414,47.8994745],[27.7324479,47.8995126],[27.7322064,47.8998411],[27.7319876,47.9001405],[27.7319202,47.9002632],[27.7317984,47.9004606],[27.7315721,47.9007504],[27.7313574,47.9010305],[27.7312593,47.9009941],[27.7312519,47.9010038],[27.731158,47.9011271],[27.7311204,47.9011765],[27.7311078,47.901193],[27.7310953,47.9012095],[27.7310827,47.901226],[27.7310365,47.9012867],[27.7308533,47.901575],[27.730652,47.9018258],[27.730445,47.9020736],[27.7301648,47.9023996],[27.7302103,47.9024188],[27.7299945,47.9026638],[27.7299277,47.9026724],[27.7295464,47.9025336],[27.7294492,47.9026458],[27.7290877,47.9028898],[27.7287943,47.9026419],[27.7291441,47.9025013],[27.7285182,47.9023488],[27.7278307,47.9023269],[27.7273658,47.9024457],[27.7270892,47.9025775],[27.726636,47.9023932],[27.7266419,47.9023833],[27.7262139,47.9022179],[27.7261838,47.902253],[27.7257604,47.9021203],[27.7253756,47.9019668],[27.7249392,47.9018166],[27.724523,47.9016663],[27.7241508,47.9015273],[27.7238881,47.9014241],[27.7235276,47.9012962],[27.7229754,47.9010858],[27.7225794,47.9009241],[27.7221668,47.9007632],[27.7216871,47.9005825],[27.7214972,47.9005052],[27.7209224,47.9002839],[27.7200273,47.8999458],[27.7199376,47.8999165],[27.7194145,47.8997264],[27.7191725,47.8996435],[27.7187698,47.8995],[27.718334,47.8993398],[27.7178118,47.8991477],[27.71776,47.8990534],[27.7178139,47.8989145],[27.7180388,47.898438],[27.7180993,47.8983651],[27.7182714,47.8981361],[27.7184012,47.8979462],[27.7185803,47.8975977],[27.7187231,47.8972619],[27.7188211,47.8969133],[27.7188505,47.8964751],[27.7186826,47.8959478],[27.7185907,47.8957345],[27.7182818,47.8953815],[27.7183471,47.8953207],[27.7184207,47.8952396],[27.718809,47.8948454],[27.7189289,47.8948371],[27.719824,47.8951661],[27.7202671,47.8953323],[27.720293,47.8953416],[27.7203176,47.8953156],[27.7206187,47.8954154],[27.72067,47.8953596],[27.7210115,47.8950165],[27.721218,47.8948199],[27.7214169,47.8946364],[27.7215987,47.8944666],[27.7218608,47.8942218],[27.7219096,47.8941763],[27.72216,47.8939424],[27.7222322,47.893875],[27.7223041,47.8938078],[27.7224236,47.8936963],[27.7224474,47.893674],[27.722487,47.893637],[27.7226054,47.8935264],[27.7227482,47.8933908],[27.7227781,47.8933651],[27.7229509,47.8932037],[27.723027,47.8931327],[27.7232128,47.8929488],[27.7234115,47.8927521],[27.7235033,47.8926611],[27.7237338,47.892433],[27.7239343,47.8922345],[27.7241899,47.8919814],[27.7243611,47.891812],[27.7245329,47.8916419],[27.7246269,47.8915488],[27.7247367,47.8914401],[27.7248074,47.8913702],[27.7249409,47.8912379],[27.725051,47.8911289],[27.7250679,47.8911122],[27.7251302,47.8910512],[27.7255361,47.8906539],[27.725568,47.8906226],[27.725584,47.890607],[27.7261706,47.8900327],[27.7268297,47.8902538],[27.7268823,47.8895404],[27.7270524,47.8892323],[27.7275958,47.8893203],[27.7279297,47.8893951],[27.7281981,47.8895403],[27.7283554,47.8897648],[27.7284995,47.8899716],[27.7285715,47.8900508],[27.728696,47.8901345],[27.7289513,47.8902401],[27.7292133,47.8904337],[27.7294359,47.8906186],[27.7296455,47.890711],[27.7299467,47.8908386],[27.7302676,47.8910498],[27.7303854,47.8910982],[27.730536,47.891107],[27.7308437,47.891107],[27.7310467,47.8911246],[27.7313086,47.891195],[27.7321074,47.891371],[27.7329127,47.8914897],[27.7334626,47.8915205],[27.7336263,47.8915204],[27.7336917,47.8914808],[27.7342743,47.8913927],[27.7347784,47.8912782],[27.7350729,47.8911725],[27.735387,47.891014],[27.7355638,47.8909656],[27.7359173,47.8909083],[27.736035,47.8910798],[27.7361626,47.8912565],[27.7364904,47.8916287],[27.7365443,47.8917887],[27.7364969,47.8919919],[27.7362581,47.8924248],[27.7361387,47.892675],[27.7360739,47.8929013],[27.735902,47.8932224],[27.7356665,47.8936043]]]}},{"type":"Feature","properties":{"entity_id":"osm-r18967896","jurisdiction":"MD","display_name":"Zăicani","display_type":"independent_village","admin_level":9,"tier":"detail","legal_registry":"CUATM","legal_id":"7163","legal_type":"independent_village","parent_catalog_id":"osm-r19045261","osm_relation_id":18967896,"legal_identity_status":"reconciled","geometry_source":"OpenStreetMap","canonical_geometry_role":null,"geometry_scope":null,"geometry_precision":"master_coordinate_fidelity"},"geometry":{"type":"Polygon","coordinates":[[[27.372249,47.9888813],[27.3719481,47.9889881],[27.3717536,47.9890951],[27.3714976,47.9892334],[27.3713019,47.9893368],[27.3709632,47.9894912],[27.3705665,47.9896323],[27.3703567,47.9897092],[27.370305,47.9897203],[27.3702473,47.9897266],[27.3701472,47.9897199],[27.3697374,47.9894935],[27.3693406,47.9892431],[27.3692833,47.9892018],[27.3691217,47.9893114],[27.3667995,47.9878306],[27.3667252,47.9877736],[27.3658558,47.9871763],[27.3652753,47.9867772],[27.364345,47.986118],[27.364064,47.9859189],[27.3639062,47.9857918],[27.3638075,47.9856405],[27.3632142,47.9851799],[27.3629867,47.9850055],[27.3626448,47.9846673],[27.362439,47.984569],[27.3626383,47.9844421],[27.3623167,47.9841834],[27.3622255,47.9841095],[27.3617541,47.9837142],[27.3611342,47.9832279],[27.360845,47.9830347],[27.3604838,47.9827249],[27.3604683,47.9827066],[27.3599512,47.9822774],[27.3594341,47.9819002],[27.359323,47.9818565],[27.3588754,47.9815437],[27.3584661,47.9812403],[27.3579059,47.9808311],[27.3578477,47.9807916],[27.3578303,47.9807555],[27.3575764,47.9805957],[27.3574515,47.9805082],[27.3572002,47.9803451],[27.3570681,47.9802508],[27.3570068,47.9801874],[27.3568039,47.9800252],[27.3563868,47.9797402],[27.356112,47.9795502],[27.3553609,47.9790313],[27.3550265,47.9787998],[27.3549804,47.9787647],[27.3546185,47.9785042],[27.3542535,47.9782404],[27.3539851,47.9780531],[27.3537611,47.9778893],[27.353693,47.9778374],[27.3532165,47.9774902],[27.3529811,47.9773209],[27.3527526,47.9771548],[27.352523,47.9769857],[27.3525388,47.9769748],[27.35231,47.9768146],[27.3521904,47.9767491],[27.3520997,47.9766525],[27.3517851,47.9763314],[27.3513714,47.9759732],[27.3512909,47.9759129],[27.3506216,47.9754124],[27.3501927,47.9751171],[27.3504682,47.9749468],[27.3511571,47.9745258],[27.3512544,47.9744656],[27.3516256,47.9742283],[27.3517686,47.9741378],[27.3544098,47.9725175],[27.3551783,47.9720432],[27.35529,47.9719195],[27.3564017,47.9712603],[27.3573745,47.9707905],[27.3581867,47.9705255],[27.358229,47.9704489],[27.3594683,47.9699197],[27.3598039,47.9698961],[27.3599822,47.9698357],[27.3597791,47.9696552],[27.3595817,47.9697016],[27.3596569,47.9693757],[27.3595903,47.9691865],[27.3590477,47.9692775],[27.3589224,47.9687263],[27.3591917,47.9687681],[27.3592261,47.9684938],[27.3592061,47.9683018],[27.3592067,47.9681959],[27.3595704,47.9682358],[27.3596332,47.9680095],[27.3595244,47.967932],[27.3594654,47.9678634],[27.3594722,47.9677456],[27.3595581,47.9676353],[27.3596671,47.9675457],[27.3597176,47.9675129],[27.3597976,47.9674663],[27.3599584,47.9671237],[27.3601134,47.9669728],[27.3602779,47.9667819],[27.3603166,47.9666687],[27.360676,47.9665206],[27.3607565,47.9665017],[27.3607656,47.9664455],[27.3607673,47.9664088],[27.3612847,47.9662022],[27.3615611,47.9660487],[27.3616172,47.9660226],[27.3619852,47.9659643],[27.3622217,47.965945],[27.3622652,47.9659416],[27.3627124,47.9658972],[27.363303,47.9656132],[27.3635936,47.965414],[27.3641111,47.9649625],[27.3648741,47.9643472],[27.3651652,47.9642765],[27.3661967,47.9637487],[27.3673086,47.9630986],[27.3683555,47.9626176],[27.3684426,47.9626129],[27.3685105,47.962659],[27.3688448,47.9630229],[27.3689237,47.9630173],[27.3697237,47.9625438],[27.3700666,47.9623128],[27.3703454,47.9621483],[27.371042,47.9618027],[27.3704857,47.9613424],[27.370866,47.9611308],[27.3708963,47.9611546],[27.3715369,47.9607615],[27.371452,47.9606779],[27.3719383,47.9604361],[27.3725594,47.9610286],[27.3727552,47.9610085],[27.3730267,47.9609647],[27.3733283,47.9618055],[27.3737998,47.9630763],[27.3741351,47.9641455],[27.3742882,47.9646685],[27.3744869,47.9649967],[27.374552,47.965059],[27.375213,47.9654989],[27.37584,47.9659403],[27.3773366,47.9670043],[27.3773448,47.9670714],[27.3776082,47.967163],[27.3774168,47.9673682],[27.3783232,47.9677117],[27.3785582,47.9677932],[27.3785323,47.967818],[27.3782,47.968134],[27.3781525,47.9682909],[27.3784602,47.9685749],[27.3786674,47.96884],[27.3788732,47.9690035],[27.3794563,47.9695216],[27.3794902,47.9696062],[27.3794711,47.9696856],[27.3793673,47.9697715],[27.3783389,47.9702899],[27.377439,47.9706825],[27.3776766,47.9709488],[27.3771598,47.9711561],[27.3766831,47.9713738],[27.3766978,47.9713831],[27.3773993,47.9720782],[27.3776557,47.9723954],[27.3781322,47.9728514],[27.3784521,47.9731167],[27.3785489,47.9731771],[27.3789892,47.9734569],[27.3793813,47.9737939],[27.380409,47.9746157],[27.3809125,47.9749562],[27.381486,47.9753202],[27.3817516,47.9754082],[27.3821791,47.9754548],[27.3827009,47.9754748],[27.3835845,47.9756924],[27.3837782,47.9758155],[27.3838074,47.9759347],[27.3837841,47.9759919],[27.3835121,47.9761309],[27.3833798,47.9763714],[27.3830725,47.9765757],[27.3831396,47.9766691],[27.377621,47.9783459],[27.377272,47.9784757],[27.3768925,47.9786709],[27.3757053,47.9793551],[27.3756182,47.9795607],[27.3751114,47.9799711],[27.374788,47.9803575],[27.3743382,47.9813665],[27.3741361,47.9816674],[27.3738707,47.9819724],[27.3733719,47.9823805],[27.3729706,47.9831962],[27.3729487,47.9833873],[27.3728462,47.9835193],[27.3725304,47.9837803],[27.3723047,47.9839395],[27.3716908,47.9842699],[27.3715207,47.9843982],[27.3711409,47.9850032],[27.3710506,47.9852066],[27.3709317,47.9853704],[27.3706807,47.9855999],[27.3705675,47.9856667],[27.3695387,47.9859508],[27.3694296,47.9859694],[27.3695031,47.9860155],[27.3696059,47.9860945],[27.3697289,47.9862118],[27.3698517,47.9863391],[27.370288,47.9867557],[27.3720966,47.988697],[27.372249,47.9888813]]]}},{"type":"Feature","properties":{"entity_id":"osm-r18967914","jurisdiction":"MD","display_name":"Druța","display_type":"component_locality","admin_level":9,"tier":"detail","legal_registry":"CUATM","legal_id":"7140","legal_type":null,"parent_catalog_id":"osm-r19045238","osm_relation_id":18967914,"legal_identity_status":"reconciled","geometry_source":"OpenStreetMap","canonical_geometry_role":null,"geometry_scope":null,"geometry_precision":"master_coordinate_fidelity"},"geometry":{"type":"Polygon","coordinates":[[[27.2893906,47.9717286],[27.2897473,47.9713928],[27.2899361,47.9710529],[27.2900952,47.970736],[27.2901942,47.9705875],[27.2903278,47.9703872],[27.2906131,47.9699722],[27.2907788,47.9697547],[27.2909933,47.969383],[27.2913474,47.9688379],[27.2914396,47.9687321],[27.2920889,47.9683234],[27.2922882,47.9679331],[27.2923801,47.9678923],[27.2924889,47.9677349],[27.2925307,47.9676134],[27.2925543,47.9674944],[27.2926256,47.9673317],[27.29281,47.9672081],[27.2928516,47.9668623],[27.2926705,47.9668298],[27.2923752,47.9667212],[27.2926135,47.9664901],[27.2928705,47.9662858],[27.293055,47.9661473],[27.2930297,47.9661284],[27.2934335,47.9657742],[27.2934515,47.9657773],[27.2937356,47.9653063],[27.2937326,47.9652512],[27.2937814,47.9651586],[27.293955,47.9649685],[27.2941217,47.9650457],[27.2944205,47.9647755],[27.2948757,47.9645508],[27.2949222,47.9645027],[27.2951594,47.9643497],[27.2953876,47.9642123],[27.2956086,47.9640896],[27.2958348,47.9642576],[27.2959678,47.9641881],[27.2962062,47.9640303],[27.2964442,47.9638623],[27.2962408,47.9634617],[27.2961158,47.9633718],[27.2959052,47.9631639],[27.2956049,47.9629857],[27.2954509,47.9628433],[27.2954284,47.962793],[27.2951074,47.9628984],[27.2944021,47.9623847],[27.2944267,47.9622875],[27.2945935,47.9620521],[27.2946813,47.9619361],[27.294731,47.9618867],[27.2953044,47.9613785],[27.2953472,47.9613187],[27.2957184,47.9609888],[27.2960436,47.9609],[27.2963139,47.9607959],[27.296629,47.9606523],[27.2967894,47.9604442],[27.2969304,47.960278],[27.297069,47.9600291],[27.2973745,47.9597265],[27.2976077,47.9595222],[27.2975741,47.9595055],[27.297888,47.9591861],[27.2981575,47.9589256],[27.2983654,47.9587153],[27.2986682,47.958409],[27.2988532,47.9582333],[27.2989807,47.9581713],[27.2991103,47.9581403],[27.2993337,47.958147],[27.2996118,47.9581992],[27.2997041,47.9582481],[27.3000456,47.9583436],[27.3001521,47.9584019],[27.3007146,47.9577723],[27.3006961,47.9575941],[27.3005499,47.9572809],[27.30109,47.956248],[27.3012226,47.9559809],[27.3016607,47.9554894],[27.3016675,47.9554817],[27.3017054,47.9554966],[27.3017836,47.9554069],[27.3021468,47.9550065],[27.3023898,47.9551009],[27.302756,47.9552424],[27.3027934,47.9552564],[27.302862,47.9553186],[27.3037409,47.953664],[27.3039559,47.9533532],[27.3042621,47.9530512],[27.3045746,47.9530111],[27.3047232,47.9530582],[27.3051062,47.9531933],[27.3055431,47.9533383],[27.3055481,47.9533405],[27.3055599,47.9533261],[27.3059182,47.9534448],[27.3063034,47.9535821],[27.3066443,47.9537044],[27.3069944,47.9538259],[27.3073512,47.9539487],[27.3073551,47.9539663],[27.306473,47.9551029],[27.3064548,47.9550951],[27.3061687,47.9554708],[27.305247,47.9566892],[27.3048857,47.957129],[27.3046066,47.9574787],[27.3040714,47.9581583],[27.3036988,47.95865],[27.3036338,47.9587131],[27.3034055,47.959004],[27.3026573,47.9598175],[27.3017963,47.960614],[27.3019988,47.9607095],[27.3026798,47.9610566],[27.3027923,47.961021],[27.3030721,47.9611078],[27.3032956,47.961218],[27.3041254,47.961635],[27.3048464,47.9619947],[27.3055487,47.9623437],[27.3070753,47.9631139],[27.3070587,47.9631292],[27.3066564,47.9635345],[27.3065023,47.9636898],[27.3061944,47.9640001],[27.3060406,47.9641551],[27.3058866,47.9643101],[27.3057329,47.9644651],[27.3055789,47.9646203],[27.3054155,47.964785],[27.3052365,47.9649652],[27.3050554,47.9651477],[27.3048744,47.9653302],[27.3046933,47.9655126],[27.3045122,47.9656952],[27.3041499,47.9660602],[27.3039688,47.9662426],[27.3036066,47.9666076],[27.3034255,47.96679],[27.3032444,47.9669726],[27.3030634,47.9671549],[27.3027011,47.9675198],[27.30252,47.9677022],[27.302339,47.9678845],[27.3021548,47.9680702],[27.302125,47.9681002],[27.3009964,47.9692371],[27.3018238,47.9695389],[27.3022431,47.9696919],[27.3018323,47.9702263],[27.3019929,47.9703291],[27.3030568,47.9710111],[27.3038177,47.9708964],[27.3040495,47.9710951],[27.3034593,47.9717025],[27.3027947,47.972131],[27.302226,47.9728277],[27.3016721,47.973556],[27.3011005,47.9740169],[27.3006834,47.9741858],[27.3002542,47.9741869],[27.2996248,47.9740604],[27.2990469,47.974081],[27.2972421,47.9745563],[27.2966918,47.9747448],[27.2963468,47.9748254],[27.2959487,47.974832],[27.2955873,47.9749438],[27.294819,47.9751146],[27.2943423,47.9751467],[27.2938385,47.9749846],[27.2930894,47.9746211],[27.292867,47.9744356],[27.2928987,47.9740481],[27.2927568,47.9737533],[27.2924794,47.9735882],[27.2919707,47.9729284],[27.291702,47.9727214],[27.2910112,47.9721855],[27.2906857,47.9720828],[27.2901087,47.9720615],[27.2898306,47.9719331],[27.2894133,47.9717457],[27.2893906,47.9717286]]]}},{"type":"Feature","properties":{"entity_id":"osm-r18967970","jurisdiction":"MD","display_name":"Cucuieții Vechi","display_type":"component_locality","admin_level":9,"tier":"detail","legal_registry":"CUATM","legal_id":"7113","legal_type":null,"parent_catalog_id":"osm-r19045244","osm_relation_id":18967970,"legal_identity_status":"reconciled","geometry_source":"OpenStreetMap","canonical_geometry_role":null,"geometry_scope":null,"geometry_precision":"master_coordinate_fidelity"},"geometry":{"type":"Polygon","coordinates":[[[27.4400355,47.9042865],[27.4397407,47.904731],[27.4387289,47.9055838],[27.4397711,47.9060606],[27.4401938,47.9056843],[27.4411312,47.9061645],[27.4407212,47.9065705],[27.4408548,47.9067699],[27.4412734,47.9069848],[27.4424195,47.906096],[27.4423514,47.9055471],[27.4424703,47.9050161],[27.4420242,47.9046411],[27.4414497,47.9051101],[27.4419785,47.905812],[27.4417151,47.9059725],[27.4404861,47.9052245],[27.4406703,47.9048428],[27.4411094,47.9045452],[27.4414666,47.9040211],[27.4426756,47.9050015],[27.4445525,47.9060526],[27.4431443,47.9072697],[27.4426777,47.9070452],[27.4420775,47.9074676],[27.4416496,47.9081935],[27.4415848,47.9082458],[27.4414351,47.9083767],[27.4416729,47.9085174],[27.4421734,47.9080129],[27.4422375,47.9080235],[27.4426261,47.9087764],[27.4429947,47.909047],[27.4435199,47.9085328],[27.4457615,47.9097042],[27.4451223,47.9103508],[27.4444537,47.9110253],[27.4443102,47.9111718],[27.444136,47.9113487],[27.4430905,47.9123962],[27.4426757,47.9128105],[27.4431997,47.9133238],[27.4412804,47.9140605],[27.4397015,47.9132349],[27.4413539,47.9115554],[27.4409961,47.9111958],[27.4386087,47.913461],[27.437918,47.9132429],[27.4376026,47.913995],[27.4361598,47.9133654],[27.4372635,47.9121176],[27.4356907,47.9115608],[27.4343673,47.9127011],[27.4335796,47.9123844],[27.433233,47.9122414],[27.4328313,47.9126492],[27.4326328,47.9125567],[27.4315675,47.9120822],[27.431857,47.911736],[27.4304727,47.9110241],[27.4298813,47.9116368],[27.4294286,47.9114219],[27.4299178,47.9109339],[27.429125,47.9105542],[27.4300458,47.9096643],[27.4285462,47.9090248],[27.4284039,47.9089527],[27.4282711,47.9088748],[27.4279197,47.908673],[27.4287569,47.9077886],[27.4277062,47.9071898],[27.427882,47.9067197],[27.4275693,47.9063605],[27.4273416,47.905939],[27.4272283,47.9056871],[27.42724,47.9053214],[27.428775,47.9059833],[27.4299111,47.9049335],[27.4312567,47.9040294],[27.4320647,47.9046835],[27.4316814,47.9048195],[27.4326174,47.9061892],[27.4341067,47.9067053],[27.4344942,47.9064732],[27.43528,47.9072952],[27.4354883,47.9070526],[27.4357989,47.9068833],[27.4358204,47.9064593],[27.4358706,47.9061578],[27.4381724,47.9065518],[27.4384729,47.9061691],[27.4380993,47.9061457],[27.4372403,47.9057229],[27.4372468,47.9056502],[27.4373931,47.9054466],[27.4368805,47.9052574],[27.4362388,47.9054304],[27.4358338,47.9052849],[27.435559,47.9050019],[27.4351388,47.9048926],[27.4351846,47.9048039],[27.4354494,47.9045684],[27.4352197,47.9043209],[27.4355021,47.9041296],[27.4357095,47.9040922],[27.4362386,47.9037582],[27.4362947,47.9036529],[27.4364976,47.9034466],[27.4366161,47.9032676],[27.4364619,47.9031192],[27.4367101,47.9026953],[27.4369675,47.9023656],[27.4371413,47.9023202],[27.4382403,47.902595],[27.438867,47.9028873],[27.4399811,47.9035154],[27.4400865,47.9036327],[27.440154,47.9039292],[27.4400355,47.9042865]]]}},{"type":"Feature","properties":{"entity_id":"osm-r18967973","jurisdiction":"MD","display_name":"Mihăileni","display_type":"independent_village","admin_level":9,"tier":"detail","legal_registry":"CUATM","legal_id":"7134","legal_type":"independent_village","parent_catalog_id":"osm-r19045260","osm_relation_id":18967973,"legal_identity_status":"reconciled","geometry_source":"OpenStreetMap","canonical_geometry_role":null,"geometry_scope":null,"geometry_precision":"master_coordinate_fidelity"},"geometry":{"type":"Polygon","coordinates":[[[27.6152927,48.030086],[27.6156002,48.0299935],[27.6159146,48.029899],[27.6162323,48.0298075],[27.6165553,48.0297155],[27.6168576,48.029625],[27.6171953,48.0295315],[27.6175447,48.0294333],[27.6180419,48.029289],[27.6183081,48.0292014],[27.6183487,48.0291872],[27.6185781,48.0291239],[27.6186334,48.0291054],[27.6186619,48.029104],[27.6188556,48.0290418],[27.6188481,48.0290332],[27.6191499,48.0289424],[27.6193786,48.0288741],[27.6197325,48.0287647],[27.6200671,48.0286703],[27.6201298,48.0286523],[27.620287,48.0286073],[27.6203685,48.028584],[27.6205289,48.0285364],[27.6207405,48.0284626],[27.6211248,48.0283508],[27.6215831,48.0282068],[27.6220321,48.0280731],[27.622467,48.0279377],[27.6229393,48.0277988],[27.6234302,48.0276591],[27.6235447,48.0276309],[27.6239608,48.0275109],[27.6241185,48.0274646],[27.6241451,48.0274602],[27.6243498,48.0273937],[27.6251886,48.0270877],[27.6263825,48.0267302],[27.6276395,48.0263682],[27.628668,48.026099],[27.6289855,48.0261281],[27.6286468,48.0264641],[27.628219,48.0268883],[27.6281815,48.0269255],[27.6276256,48.0274767],[27.627588,48.0275139],[27.6270322,48.0280651],[27.6269946,48.0281023],[27.6264387,48.0286535],[27.6264087,48.0286832],[27.6258102,48.0292768],[27.6257802,48.0293066],[27.6252519,48.0298304],[27.6253895,48.0299049],[27.6255252,48.0299782],[27.6256587,48.0300505],[27.6257842,48.0301183],[27.6258313,48.0301917],[27.6257644,48.030277],[27.626549,48.0306609],[27.6267853,48.0308238],[27.6268682,48.0310306],[27.627159,48.0312373],[27.6277712,48.0315415],[27.6279741,48.0316495],[27.6280685,48.0317024],[27.6283498,48.03186],[27.6290313,48.0323425],[27.629422,48.0325757],[27.6298067,48.0328747],[27.6301515,48.0331616],[27.6306487,48.033553],[27.6309862,48.0338253],[27.6315471,48.0342704],[27.6321626,48.0340347],[27.6328419,48.0338794],[27.6332063,48.034418],[27.6334859,48.0347608],[27.6338274,48.0352738],[27.633871,48.0354368],[27.6341144,48.0357456],[27.6344085,48.0360641],[27.6346772,48.0363728],[27.6348298,48.0366282],[27.6356093,48.0364382],[27.6368188,48.0361456],[27.6367819,48.0362462],[27.6368812,48.0364138],[27.6370985,48.0368649],[27.6371097,48.0368882],[27.6372587,48.0371975],[27.6373303,48.0373462],[27.6374172,48.0375267],[27.6373906,48.0376744],[27.6371685,48.0377868],[27.6366534,48.0382531],[27.6370761,48.0384871],[27.6371309,48.0385339],[27.6371526,48.0385525],[27.6372757,48.0386576],[27.6373566,48.0387268],[27.6374711,48.038882],[27.6374034,48.0389541],[27.6373591,48.0390014],[27.6373371,48.0390316],[27.6373301,48.0390411],[27.6373053,48.039075],[27.6372881,48.0390987],[27.6372842,48.0391039],[27.6372771,48.0391136],[27.6372638,48.0391319],[27.6372255,48.0391846],[27.6371397,48.0393024],[27.6371012,48.0393396],[27.6370824,48.039357],[27.6370772,48.0393618],[27.6369776,48.0394547],[27.6369563,48.0394745],[27.6369368,48.0394873],[27.6369107,48.0395044],[27.6368192,48.0395643],[27.6368101,48.0395703],[27.6367695,48.0395969],[27.6366652,48.039665],[27.6366226,48.0396983],[27.6366108,48.0397075],[27.6365783,48.0397329],[27.6365522,48.0397534],[27.6365101,48.0397863],[27.6365005,48.0397938],[27.6364668,48.0398201],[27.6364599,48.0398256],[27.6364347,48.0398453],[27.6363873,48.0398824],[27.636369,48.0398967],[27.6363307,48.0399267],[27.6362949,48.0399547],[27.6362644,48.0399786],[27.6362515,48.0399887],[27.6362184,48.0400145],[27.6361813,48.0400435],[27.6361568,48.0400627],[27.6361328,48.0400815],[27.6360934,48.0401124],[27.6359907,48.0402654],[27.6359433,48.0403067],[27.6359056,48.0403395],[27.6358204,48.0404138],[27.6357463,48.0404784],[27.6356634,48.0405506],[27.6356259,48.0405832],[27.6354389,48.0407461],[27.6352797,48.0408847],[27.6351429,48.0410038],[27.6350582,48.0410776],[27.6348878,48.0412277],[27.6348453,48.0412661],[27.6346261,48.0414642],[27.6345345,48.0415471],[27.6343659,48.0416994],[27.6342832,48.0417742],[27.634185,48.0418629],[27.6341145,48.0419266],[27.6340928,48.0419462],[27.6340578,48.0419779],[27.634044,48.0419904],[27.6340266,48.0420062],[27.6339774,48.0420506],[27.6338499,48.0421652],[27.6336304,48.0423541],[27.633623,48.0423604],[27.6334244,48.0425313],[27.6334032,48.0425495],[27.6333205,48.0426207],[27.6331818,48.0427401],[27.6329883,48.0429066],[27.6328857,48.0430036],[27.6328255,48.0430605],[27.6326901,48.0431884],[27.6326635,48.0432135],[27.6324776,48.0433892],[27.6324039,48.0434589],[27.6324009,48.0434748],[27.6323709,48.0436299],[27.6323096,48.0437804],[27.6325874,48.0439427],[27.6333727,48.0445378],[27.6338591,48.0448903],[27.6342113,48.0451383],[27.6344544,48.0452768],[27.6346883,48.045407],[27.6325844,48.0468431],[27.6325561,48.0468624],[27.6301063,48.0485344],[27.630078,48.0485537],[27.6280432,48.0499424],[27.6276795,48.050179],[27.6246162,48.0515335],[27.6245825,48.0515483],[27.6207964,48.0532223],[27.6207128,48.0532508],[27.620081,48.0525189],[27.6187084,48.0509188],[27.6185003,48.0509996],[27.6181033,48.0511578],[27.6176968,48.0513199],[27.6173042,48.0514764],[27.6171359,48.0515435],[27.6169452,48.0516195],[27.6167029,48.0517161],[27.616633,48.051744],[27.616575,48.051767],[27.6164935,48.0517986],[27.6162543,48.0518861],[27.6160381,48.0519653],[27.6150605,48.0523231],[27.6150567,48.0522972],[27.6150277,48.0521618],[27.6150123,48.0519782],[27.6149728,48.0518551],[27.6146272,48.0513314],[27.6143283,48.0509852],[27.6138716,48.0511924],[27.6128775,48.0510643],[27.6127554,48.0508654],[27.6126872,48.0507545],[27.6126309,48.0506629],[27.6125614,48.0505499],[27.6125007,48.050451],[27.6124385,48.0503499],[27.6123627,48.0502265],[27.6123067,48.0501354],[27.612261,48.050061],[27.612254,48.0500494],[27.6121166,48.0501092],[27.6118746,48.049873],[27.6116584,48.0496183],[27.6114953,48.0493869],[27.6114319,48.0491336],[27.6105112,48.0496202],[27.6101045,48.0496409],[27.6095104,48.0495699],[27.6091987,48.0495649],[27.6084509,48.0495187],[27.6077044,48.0494342],[27.6065441,48.0493526],[27.6050165,48.0492517],[27.6042624,48.0492044],[27.6042233,48.0494159],[27.6043988,48.0496246],[27.6050917,48.0504299],[27.6046071,48.0505983],[27.6036423,48.0509444],[27.6026225,48.0513369],[27.6006429,48.0490783],[27.5996099,48.047904],[27.5986939,48.0468419],[27.5986089,48.0467423],[27.5986986,48.046697],[27.5987345,48.0466788],[27.5987479,48.046672],[27.5987705,48.0466606],[27.598829,48.046631],[27.5988381,48.0466264],[27.5989129,48.0465887],[27.5989581,48.0465658],[27.5989854,48.0465519],[27.5990676,48.0465104],[27.5990928,48.0464977],[27.599102,48.0464931],[27.5991616,48.046463],[27.5992585,48.0464141],[27.5992679,48.0464094],[27.5993522,48.0463668],[27.5993805,48.0463525],[27.5994569,48.0463139],[27.5994981,48.046293],[27.5996625,48.04621],[27.5996441,48.0461769],[27.5994922,48.0459032],[27.5992323,48.0454318],[27.5991571,48.0452914],[27.5990883,48.045163],[27.5990553,48.0451014],[27.5990137,48.0450237],[27.5990054,48.0450081],[27.5989244,48.044857],[27.598854,48.0447255],[27.5987935,48.0446124],[27.5987142,48.0444641],[27.5986612,48.0443652],[27.5986107,48.0442708],[27.5985572,48.0441711],[27.5985354,48.0441303],[27.5987246,48.0440875],[27.5988437,48.0440605],[27.5989325,48.0440405],[27.5990656,48.0440103],[27.5991803,48.0440037],[27.5994171,48.0439903],[27.5996186,48.0439787],[27.5996413,48.0436476],[27.5997652,48.0434815],[27.5999603,48.0433146],[27.6000488,48.0418324],[27.5999639,48.0418538],[27.5998911,48.0418636],[27.5995246,48.0418858],[27.5995013,48.0418405],[27.5995247,48.041813],[27.5993983,48.0417687],[27.5993324,48.0417324],[27.5990512,48.0415927],[27.5988992,48.041504],[27.59868,48.0414226],[27.5985918,48.0413956],[27.5985349,48.0413561],[27.5984644,48.0411105],[27.5978958,48.0411553],[27.5976755,48.0408124],[27.597668,48.040781],[27.597564,48.0403433],[27.5975556,48.0403079],[27.5975415,48.0402485],[27.5975026,48.0399981],[27.5974936,48.0399403],[27.5974643,48.039752],[27.5974512,48.0396673],[27.597433,48.0395512],[27.5974209,48.0394734],[27.5974077,48.0393889],[27.5973947,48.0393051],[27.5973774,48.0391935],[27.5973685,48.039136],[27.5973646,48.0391111],[27.5973476,48.0390026],[27.5973352,48.0389224],[27.5960829,48.0390455],[27.5960093,48.0390091],[27.5959186,48.0388948],[27.5957625,48.0386589],[27.5956101,48.0383428],[27.5955738,48.0381117],[27.595639,48.037888],[27.5957803,48.0375158],[27.5959072,48.0372556],[27.5961392,48.0369151],[27.5964727,48.0364482],[27.5968498,48.0360736],[27.5972326,48.0357279],[27.5964652,48.0348436],[27.5967274,48.0347524],[27.598438,48.0344288],[27.5984588,48.0344248],[27.5984662,48.0344235],[27.5985008,48.034417],[27.5985169,48.0344139],[27.5985421,48.0344091],[27.5985932,48.0343995],[27.5987446,48.0343709],[27.5987773,48.0343647],[27.5988136,48.0343579],[27.5988451,48.034352],[27.5992145,48.0342822],[27.5993544,48.0342557],[27.5995543,48.0342179],[27.5996225,48.034205],[27.5998142,48.0341687],[27.5998589,48.0341603],[27.5998703,48.0341581],[27.5999186,48.034149],[27.5999752,48.0341383],[27.6001057,48.0341137],[27.6001138,48.0341121],[27.6001838,48.0340989],[27.6002557,48.0340852],[27.6003029,48.0340763],[27.6005835,48.0340283],[27.6008334,48.0339779],[27.6009026,48.033964],[27.6009709,48.0339503],[27.6009831,48.0339478],[27.6010808,48.0339282],[27.6011433,48.0339156],[27.6012425,48.0338956],[27.6013138,48.0338812],[27.6013692,48.0338701],[27.6014308,48.0338578],[27.6014924,48.0338454],[27.6015944,48.0338249],[27.6016557,48.0338126],[27.6017117,48.0338013],[27.6018217,48.0337791],[27.601882,48.0337669],[27.6019128,48.0337607],[27.6019696,48.0337494],[27.6020809,48.0337269],[27.6020968,48.0337237],[27.6022266,48.0336975],[27.6023572,48.0336712],[27.6024541,48.0336517],[27.6025805,48.0336262],[27.6026251,48.0336173],[27.6026918,48.0336039],[27.6027325,48.0335957],[27.6028408,48.0335739],[27.6028962,48.0335628],[27.6029861,48.0335447],[27.6030922,48.0335233],[27.6031801,48.0335057],[27.6033014,48.0334812],[27.6033817,48.0334651],[27.6045553,48.0332592],[27.6058587,48.0329057],[27.6060783,48.0328472],[27.6065077,48.0327328],[27.6065656,48.0327095],[27.606884,48.032611],[27.6072007,48.0325114],[27.6075087,48.0324184],[27.6078476,48.0323209],[27.608165,48.0322292],[27.6082015,48.0322178],[27.6086057,48.0320997],[27.6090379,48.0319715],[27.6090795,48.031963],[27.6091074,48.0319515],[27.6093304,48.0318867],[27.6096233,48.0317987],[27.6099165,48.0317107],[27.6101719,48.0316321],[27.6102001,48.0316206],[27.6104436,48.0315495],[27.6107046,48.0314704],[27.6109699,48.0313852],[27.6109754,48.0313877],[27.6112413,48.0313092],[27.6115196,48.031232],[27.6115396,48.0312257],[27.6117862,48.0311516],[27.6120547,48.0310692],[27.6123143,48.0309897],[27.6123336,48.0309818],[27.6126964,48.0308767],[27.6126946,48.0308702],[27.613003,48.0307757],[27.6130591,48.0307643],[27.61332,48.0306895],[27.613319,48.0306859],[27.6135555,48.0306158],[27.6135588,48.030621],[27.6138182,48.0305447],[27.6140748,48.0304673],[27.6141293,48.0304488],[27.6141378,48.0304453],[27.6143364,48.0303849],[27.6145997,48.0303061],[27.6148407,48.0302346],[27.6148617,48.0302282],[27.6151085,48.0301547],[27.6152927,48.030086]]]}},{"type":"Feature","properties":{"entity_id":"osm-r18967979","jurisdiction":"MD","display_name":"Pociumbăuți","display_type":"independent_village","admin_level":9,"tier":"detail","legal_registry":"CUATM","legal_id":"7141","legal_type":"independent_village","parent_catalog_id":"osm-r19045243","osm_relation_id":18967979,"legal_identity_status":"reconciled","geometry_source":"OpenStreetMap","canonical_geometry_role":null,"geometry_scope":null,"geometry_precision":"master_coordinate_fidelity"},"geometry":{"type":"Polygon","coordinates":[[[27.3165992,47.9929368],[27.3169974,47.9931403],[27.3176691,47.9924681],[27.3175774,47.992418],[27.3174091,47.9923101],[27.3172857,47.9922316],[27.3173842,47.992136],[27.3177795,47.9918714],[27.3179344,47.9917517],[27.317981,47.9916894],[27.3177801,47.991561],[27.3182309,47.9912067],[27.3183385,47.9911363],[27.3185815,47.9913936],[27.3186458,47.9914497],[27.3188224,47.991327],[27.3194593,47.9910442],[27.3196737,47.991024],[27.3205771,47.9904781],[27.3205096,47.990438],[27.320999,47.9899732],[27.3204746,47.9898095],[27.3201901,47.9897058],[27.3200666,47.9896492],[27.3199993,47.9896159],[27.3202703,47.9893576],[27.3201996,47.9893275],[27.3207783,47.9888525],[27.320822,47.9888345],[27.3208703,47.9888459],[27.3210793,47.9889605],[27.3211285,47.9889205],[27.3208257,47.988751],[27.3209029,47.9886508],[27.3207289,47.9885887],[27.3208785,47.9884412],[27.3209422,47.9884535],[27.321269,47.9881833],[27.3216094,47.9883514],[27.3217593,47.9884323],[27.3219645,47.9882576],[27.3220264,47.9882321],[27.3222503,47.9881905],[27.3224598,47.9882311],[27.3225382,47.9883193],[27.3225109,47.9884267],[27.3224475,47.9885825],[27.3223202,47.9886297],[27.3221294,47.988896],[27.3221298,47.9889819],[27.3220939,47.9891607],[27.3220082,47.9893095],[27.3221013,47.9898183],[27.3222144,47.9903229],[27.3224517,47.9907931],[27.3224829,47.9908811],[27.3231453,47.9905003],[27.3248414,47.9908383],[27.3249891,47.9908747],[27.3256455,47.9910356],[27.3260294,47.9911632],[27.3267661,47.9915153],[27.3270845,47.9917011],[27.3271221,47.9917363],[27.3271831,47.9917935],[27.3273324,47.99207],[27.3273338,47.9935974],[27.3273184,47.993797],[27.3273125,47.9939077],[27.3272668,47.9944569],[27.3274548,47.9949626],[27.3275692,47.9951182],[27.3276778,47.9953213],[27.3278015,47.99532],[27.3278727,47.9954932],[27.3278944,47.9955712],[27.3278525,47.9958291],[27.3277107,47.996212],[27.3275363,47.996864],[27.3272795,47.9977024],[27.3272682,47.9977396],[27.3269804,47.9984263],[27.3268023,47.9986546],[27.3265505,47.9990578],[27.3264947,47.9992554],[27.3264185,47.999543],[27.3263232,47.999814],[27.3261583,48.0001141],[27.3258978,48.000586],[27.32603,48.0006139],[27.3258973,48.0009553],[27.3258848,48.0009717],[27.3256986,48.0013121],[27.3254885,48.0016863],[27.3244934,48.0029228],[27.324258,48.0028554],[27.323178,48.0025814],[27.322668,48.0024028],[27.3227068,48.0023611],[27.3217655,48.0019205],[27.3200707,48.0040333],[27.3172563,48.0031241],[27.3192629,48.0012919],[27.3167195,47.9996715],[27.3143639,47.9981505],[27.3131361,47.9971482],[27.3121976,47.9964549],[27.3123637,47.9963355],[27.3123703,47.9963302],[27.3125558,47.9961787],[27.3127974,47.9959811],[27.3131169,47.9957097],[27.3134274,47.9954457],[27.3136662,47.995276],[27.3138601,47.9951163],[27.3141082,47.994912],[27.3165992,47.9929368]]]}},{"type":"Feature","properties":{"entity_id":"osm-r18967981","jurisdiction":"MD","display_name":"Sturzeni","display_type":"independent_village","admin_level":9,"tier":"detail","legal_registry":"CUATM","legal_id":"7149","legal_type":"independent_village","parent_catalog_id":"osm-r19045247","osm_relation_id":18967981,"legal_identity_status":"reconciled","geometry_source":"OpenStreetMap","canonical_geometry_role":null,"geometry_scope":null,"geometry_precision":"master_coordinate_fidelity"},"geometry":{"type":"Polygon","coordinates":[[[27.4573795,47.9263194],[27.4560871,47.9255555],[27.4539394,47.9242401],[27.4539039,47.9241838],[27.4533302,47.9237826],[27.4530407,47.9235923],[27.4527545,47.9234075],[27.4524745,47.9232143],[27.452202,47.9230189],[27.451946,47.9228225],[27.4517188,47.9226295],[27.4516714,47.9225958],[27.4516919,47.9225866],[27.4514163,47.9223805],[27.4511604,47.9221756],[27.4508815,47.9219815],[27.4505963,47.9217955],[27.450352,47.9216023],[27.4500732,47.9213931],[27.4492244,47.9207561],[27.4489538,47.9205531],[27.4486905,47.9203547],[27.4484456,47.9201552],[27.4482066,47.9199605],[27.4479785,47.9197665],[27.4479407,47.9197366],[27.4479962,47.9197051],[27.4477628,47.9194882],[27.4475199,47.9192803],[27.4472687,47.9190588],[27.4470145,47.9188423],[27.4467883,47.9186238],[27.4465455,47.9183364],[27.446352,47.9180848],[27.4461405,47.9178229],[27.4459001,47.9179239],[27.4456608,47.9176934],[27.4455208,47.9175681],[27.4460773,47.9171786],[27.4461591,47.9171256],[27.4457072,47.9168782],[27.4456424,47.9168426],[27.4457052,47.9167704],[27.4458163,47.9167169],[27.4458987,47.9167037],[27.4462043,47.9167109],[27.4463927,47.9165963],[27.4459114,47.9163279],[27.4464864,47.9157369],[27.4463205,47.9156277],[27.4465924,47.9151857],[27.4466018,47.9150952],[27.4464913,47.915049],[27.446116,47.9150285],[27.4458695,47.9149115],[27.4455281,47.9151261],[27.4458335,47.9152592],[27.4454911,47.9157156],[27.4456038,47.915759],[27.4453941,47.9159822],[27.4448936,47.9157448],[27.4446547,47.9159871],[27.444373,47.9162563],[27.444162,47.9164941],[27.4431176,47.9157907],[27.4443895,47.9145746],[27.4450723,47.9150294],[27.4455427,47.9147884],[27.4460565,47.9145132],[27.4458026,47.9142727],[27.4460908,47.9139964],[27.44564,47.9135537],[27.4456986,47.9133009],[27.4461572,47.9129891],[27.4455045,47.9124459],[27.4473011,47.9112958],[27.4476544,47.9115199],[27.4479741,47.9117455],[27.4480868,47.9116733],[27.4482626,47.9116939],[27.4484291,47.9115819],[27.4486175,47.9114301],[27.4483161,47.9112361],[27.4487705,47.9109551],[27.4485908,47.9108364],[27.4484677,47.9107487],[27.4482012,47.9106079],[27.4480215,47.9106988],[27.4478204,47.9107618],[27.4477565,47.9107792],[27.4475338,47.9108026],[27.4473921,47.9107931],[27.4472213,47.9107602],[27.4469632,47.9106903],[27.4471173,47.910522],[27.4474916,47.9101414],[27.4478108,47.9101262],[27.4479596,47.9100648],[27.4481333,47.9101986],[27.4480446,47.9103702],[27.4482432,47.9105617],[27.4486444,47.9107325],[27.4491041,47.9104708],[27.4491621,47.9101922],[27.4493003,47.9100561],[27.4494593,47.910043],[27.4494628,47.9099436],[27.4493724,47.9098727],[27.4492223,47.9090655],[27.4492219,47.9089243],[27.449264,47.9087787],[27.4494862,47.9086708],[27.4496578,47.9086882],[27.4498297,47.9088829],[27.4499952,47.9091727],[27.4503382,47.9094563],[27.4509714,47.9099617],[27.450784,47.910147],[27.4512697,47.9104273],[27.4515176,47.9101429],[27.4518726,47.9101865],[27.4523148,47.9099309],[27.4523291,47.9095877],[27.4524044,47.9092218],[27.4524088,47.9089815],[27.4522963,47.9089013],[27.4511506,47.9086628],[27.4509034,47.9085833],[27.4506015,47.9086614],[27.4504999,47.9086054],[27.4501435,47.9087085],[27.4496268,47.9082918],[27.4496304,47.9082589],[27.4500544,47.9079449],[27.4501175,47.907972],[27.4505764,47.9081944],[27.4510357,47.90855],[27.4511899,47.9086243],[27.4520239,47.9087813],[27.4523177,47.908851],[27.4526593,47.9069279],[27.4546069,47.907119],[27.456573,47.9078512],[27.4580603,47.9083169],[27.4578953,47.9088551],[27.4576124,47.9094884],[27.4581978,47.9097048],[27.4593753,47.9107165],[27.4601273,47.9111747],[27.4611115,47.9102859],[27.4617139,47.9099415],[27.4630309,47.9109495],[27.4638129,47.9113834],[27.463045,47.9119523],[27.4632884,47.9122003],[27.4631734,47.9126836],[27.4637961,47.9124962],[27.4639526,47.9126859],[27.4642694,47.9124663],[27.4655118,47.9126431],[27.4665169,47.9128854],[27.4670244,47.9132229],[27.4676318,47.9129302],[27.4680282,47.9125484],[27.469116,47.9119135],[27.4699762,47.9122257],[27.470135,47.9120592],[27.4707161,47.912261],[27.4705913,47.912867],[27.4707184,47.9129502],[27.4705968,47.9130465],[27.4708311,47.9132037],[27.4705066,47.9134446],[27.4710679,47.9136946],[27.4709813,47.9137707],[27.4711993,47.9139876],[27.4717384,47.9143797],[27.4720492,47.9141117],[27.4724064,47.9138681],[27.4732516,47.9143772],[27.4735093,47.9146935],[27.4730004,47.9149434],[27.4726252,47.9150456],[27.4719065,47.9151027],[27.4719025,47.9151783],[27.4717192,47.9151638],[27.4716769,47.9151244],[27.4710975,47.9150891],[27.4711886,47.9149638],[27.4700676,47.9146326],[27.4700192,47.9147332],[27.4704096,47.9149209],[27.4702202,47.9150796],[27.4707536,47.9153817],[27.4708775,47.9152576],[27.471212,47.9153304],[27.4712337,47.9153351],[27.4726842,47.9152756],[27.4736545,47.9151291],[27.4747503,47.9150452],[27.4750425,47.9151622],[27.4752418,47.9153394],[27.4756432,47.9158013],[27.4752888,47.9160225],[27.475325,47.916054],[27.4755188,47.9160075],[27.4758612,47.9160142],[27.4759223,47.9160971],[27.4757065,47.9161981],[27.4751778,47.9169929],[27.4748691,47.9169238],[27.4745577,47.9167513],[27.4742708,47.9168409],[27.4737475,47.9166939],[27.4734729,47.9168549],[27.4731841,47.9170733],[27.4726745,47.9172764],[27.4724341,47.9174358],[27.4720206,47.9177376],[27.4718416,47.9178365],[27.4715875,47.917912],[27.4713661,47.9180481],[27.4712016,47.9182072],[27.4710952,47.9181793],[27.4710541,47.9182274],[27.4702242,47.9179774],[27.4703561,47.9178135],[27.4700812,47.9176997],[27.4695503,47.9175929],[27.469084,47.9174974],[27.4689726,47.9176388],[27.4689534,47.9177863],[27.4689567,47.9179735],[27.4688961,47.9180603],[27.4682549,47.9179321],[27.4682166,47.9179816],[27.4674999,47.9188663],[27.4667783,47.919598],[27.4667447,47.9196253],[27.4661121,47.9201448],[27.4660509,47.9202133],[27.4657561,47.9202315],[27.4656663,47.9202882],[27.4656119,47.9203328],[27.465653,47.9204226],[27.4650847,47.9209609],[27.4653453,47.9210441],[27.4656659,47.9210873],[27.4660893,47.921141],[27.4661718,47.9211531],[27.4663519,47.9212063],[27.4668376,47.9212729],[27.4668729,47.9214242],[27.4667509,47.9216415],[27.4669206,47.9217262],[27.466789,47.9221537],[27.4665505,47.9222828],[27.4660553,47.922239],[27.4659103,47.9224244],[27.4654805,47.9226828],[27.4644759,47.9231048],[27.4637994,47.9230566],[27.463306,47.9229176],[27.4628409,47.9228424],[27.4624619,47.9227401],[27.4615356,47.9222166],[27.4613176,47.9223537],[27.4609302,47.9222275],[27.4604251,47.922404],[27.4599339,47.9226301],[27.4594912,47.9225027],[27.4587446,47.9220005],[27.4584915,47.9219842],[27.4584024,47.922077],[27.4577007,47.9224934],[27.4569712,47.9220784],[27.4564564,47.9217384],[27.4559197,47.9212254],[27.4559055,47.9210236],[27.4556137,47.9208244],[27.4554329,47.920654],[27.4553473,47.9205157],[27.4552707,47.9203131],[27.4552245,47.9199111],[27.455152,47.9196814],[27.4549275,47.9197628],[27.4546538,47.9199022],[27.454811,47.9202327],[27.4549133,47.9204477],[27.4550643,47.9206911],[27.4552239,47.9208909],[27.4555226,47.921132],[27.4555544,47.921235],[27.4554977,47.9213599],[27.4553575,47.9215224],[27.4551565,47.9217437],[27.4551995,47.921805],[27.4554749,47.9220441],[27.4556348,47.9222266],[27.4555961,47.9223621],[27.4554619,47.9225554],[27.4554529,47.9226573],[27.4554764,47.9229333],[27.4555629,47.9229844],[27.4556282,47.9231241],[27.4560932,47.923357],[27.4560454,47.9234346],[27.4566523,47.9236243],[27.4564635,47.9238199],[27.457095,47.9241041],[27.4574734,47.9243939],[27.4575439,47.9244424],[27.4576926,47.9246104],[27.4576322,47.924689],[27.4575758,47.9247497],[27.4581356,47.9252239],[27.4582271,47.925293],[27.4583674,47.9254273],[27.4584212,47.9255897],[27.4582326,47.9258459],[27.4580716,47.9260065],[27.4579206,47.9260488],[27.4578073,47.9259535],[27.4573795,47.9263194]]]}},{"type":"Feature","properties":{"entity_id":"osm-r18967989","jurisdiction":"MD","display_name":"Singureni","display_type":"independent_village","admin_level":9,"tier":"detail","legal_registry":"CUATM","legal_id":"7148","legal_type":"independent_village","parent_catalog_id":"osm-r19045256","osm_relation_id":18967989,"legal_identity_status":"reconciled","geometry_source":"OpenStreetMap","canonical_geometry_role":null,"geometry_scope":null,"geometry_precision":"master_coordinate_fidelity"},"geometry":{"type":"Polygon","coordinates":[[[27.8561603,47.8158991],[27.8561781,47.8158855],[27.8567493,47.8162321],[27.8571586,47.8164238],[27.8573002,47.8164979],[27.8573363,47.816515],[27.8576757,47.8166997],[27.8581269,47.8169451],[27.8593821,47.8175852],[27.859635,47.817661],[27.8601264,47.8175298],[27.8607971,47.8175504],[27.8611872,47.8176092],[27.8616318,47.8177451],[27.8621388,47.8179491],[27.8632699,47.8184617],[27.8644635,47.8190214],[27.8652514,47.8194032],[27.8647559,47.819685],[27.8647142,47.8197079],[27.864567,47.819789],[27.8644855,47.8198339],[27.8644631,47.8198685],[27.8644434,47.819899],[27.8643984,47.8199688],[27.8643977,47.8199733],[27.8643855,47.8200499],[27.8643695,47.82015],[27.8643471,47.8202915],[27.8643227,47.8203785],[27.8642634,47.8205898],[27.8642183,47.8207506],[27.8641974,47.8208253],[27.8641717,47.8209169],[27.8641555,47.8209749],[27.8641476,47.821003],[27.8640868,47.8212167],[27.8640853,47.8212222],[27.8640753,47.8212446],[27.8640577,47.8213076],[27.8639856,47.8215656],[27.8639528,47.8216824],[27.8639157,47.8218155],[27.863885,47.8219254],[27.8638742,47.8219641],[27.863867,47.8219901],[27.8638605,47.8220175],[27.8638508,47.8220573],[27.8638295,47.8221455],[27.863808,47.8222348],[27.8637872,47.8223209],[27.8637649,47.8224134],[27.863741,47.8225124],[27.8637304,47.8225564],[27.8637168,47.8226132],[27.8636413,47.8227983],[27.8635828,47.8230024],[27.8635771,47.823022],[27.8635293,47.823189],[27.8634988,47.8232955],[27.8634909,47.8233232],[27.8634584,47.8234368],[27.8634454,47.8234822],[27.8634396,47.8235025],[27.8634171,47.8235809],[27.8634027,47.8236313],[27.8633789,47.8237144],[27.8633767,47.823722],[27.8633566,47.8237923],[27.8633422,47.8238425],[27.8633314,47.8238802],[27.863312,47.8239478],[27.8633005,47.8239879],[27.8632252,47.8239818],[27.8632033,47.8239737],[27.8616979,47.8234458],[27.8616266,47.8235327],[27.8616184,47.8235436],[27.8615736,47.8236053],[27.8615488,47.8236441],[27.8614849,47.8237037],[27.861452,47.8237358],[27.8614155,47.823772],[27.8614038,47.8237866],[27.8613605,47.8238402],[27.8613505,47.8238507],[27.8613355,47.8238673],[27.8612889,47.8239303],[27.8611895,47.8239975],[27.8611,47.8239671],[27.8610824,47.8240095],[27.8609996,47.8240706],[27.8609448,47.8241382],[27.8608868,47.8241821],[27.8608715,47.8241979],[27.8608452,47.8242288],[27.8608049,47.8242741],[27.8606907,47.8243767],[27.8608669,47.8244374],[27.8607382,47.824604],[27.8609678,47.8246927],[27.860834,47.8248545],[27.8606974,47.8248021],[27.8606514,47.8248615],[27.8606439,47.8248713],[27.8605966,47.82493],[27.8605434,47.8249958],[27.8600242,47.8248088],[27.8599186,47.8249711],[27.8598804,47.8250191],[27.8598321,47.8250697],[27.8597503,47.8251606],[27.8597191,47.8252024],[27.8595965,47.8253654],[27.8594807,47.8255242],[27.859446,47.8255786],[27.8593697,47.8256984],[27.8599846,47.8259167],[27.8601348,47.8259788],[27.8599693,47.8261966],[27.8604054,47.8263431],[27.8604248,47.8263495],[27.8610144,47.826561],[27.8610311,47.826566],[27.8613876,47.8266982],[27.8613439,47.8267679],[27.8612499,47.8269139],[27.8611468,47.8270741],[27.8611051,47.8271389],[27.8609109,47.8274408],[27.8608487,47.8275374],[27.8607385,47.8277112],[27.860697,47.8277767],[27.8606817,47.8278009],[27.8606162,47.8279042],[27.8606016,47.8279274],[27.860812,47.8280468],[27.8607822,47.8280907],[27.8607369,47.8281572],[27.8605573,47.8284205],[27.8605416,47.8284436],[27.8604461,47.8285825],[27.8603399,47.8287371],[27.8601356,47.8290344],[27.8607048,47.829232],[27.8607419,47.8292449],[27.8607251,47.8292694],[27.8606174,47.8294257],[27.8602945,47.8298945],[27.8601201,47.8301477],[27.8600321,47.8302756],[27.8599753,47.830358],[27.8598562,47.8305311],[27.8601028,47.8306141],[27.8602528,47.8306728],[27.8605033,47.8307899],[27.8607397,47.8308948],[27.8607367,47.8309024],[27.8606899,47.8310173],[27.8606502,47.8311149],[27.860643,47.8311323],[27.8606181,47.8311927],[27.8606044,47.8312259],[27.8605733,47.8313015],[27.8605508,47.8313559],[27.860531,47.8314042],[27.8604986,47.8314827],[27.8604886,47.8315069],[27.8604612,47.8315732],[27.8604152,47.8316847],[27.8604015,47.8317178],[27.8604005,47.8317203],[27.8603819,47.8317626],[27.8603545,47.8318252],[27.8603298,47.8318818],[27.8603064,47.8319354],[27.860276,47.8320047],[27.8602534,47.8320506],[27.8601929,47.832173],[27.8601757,47.8322078],[27.86016,47.8322397],[27.8601434,47.8322714],[27.8600983,47.8323575],[27.860037,47.8324746],[27.860028,47.8324917],[27.8600011,47.8325428],[27.8599863,47.8325713],[27.8599818,47.8325798],[27.8599566,47.832628],[27.8599521,47.8326365],[27.8598414,47.8328478],[27.8598341,47.8328619],[27.859815,47.8328983],[27.8597887,47.8329486],[27.8597449,47.8330322],[27.8597332,47.8330544],[27.8597085,47.8331016],[27.8596839,47.8331487],[27.8596506,47.8332122],[27.8596304,47.8332507],[27.8596045,47.8333003],[27.859583,47.8333414],[27.8595635,47.8333787],[27.8595329,47.8334307],[27.8594856,47.8335109],[27.8594542,47.8335641],[27.8593668,47.8337123],[27.8593367,47.8337633],[27.859314,47.8337922],[27.8592574,47.8338642],[27.8591994,47.833938],[27.8591802,47.8339625],[27.8591687,47.8339772],[27.8590926,47.834074],[27.8590671,47.8341035],[27.8590506,47.8341226],[27.8590441,47.8341302],[27.859021,47.834157],[27.8589907,47.8341922],[27.8589735,47.8342121],[27.8588932,47.8342945],[27.8588431,47.8343459],[27.8588388,47.8343504],[27.8587956,47.8343948],[27.8586673,47.8345265],[27.8585725,47.8346238],[27.85851,47.8346881],[27.8584913,47.8347072],[27.8584068,47.834794],[27.8583699,47.8348319],[27.8583598,47.8348423],[27.8582807,47.8349236],[27.8582405,47.834965],[27.8582284,47.8349774],[27.8582214,47.8349846],[27.8581615,47.8350461],[27.8581218,47.8350869],[27.8580922,47.8351173],[27.8580842,47.8351254],[27.8580587,47.8351517],[27.8580097,47.835202],[27.857957,47.835256],[27.8578971,47.8353176],[27.8578586,47.8353571],[27.8578528,47.835363],[27.8578088,47.8354082],[27.8577688,47.8354492],[27.8577593,47.835459],[27.8577304,47.8354887],[27.8576301,47.8355797],[27.8575403,47.8355274],[27.8555748,47.8345853],[27.8560377,47.831956],[27.8540635,47.8311204],[27.854081,47.8310327],[27.8540877,47.8309613],[27.8540925,47.8309188],[27.8541047,47.8308639],[27.8541078,47.8308036],[27.854131,47.8306798],[27.8541534,47.8305956],[27.8541847,47.8305332],[27.8542105,47.8304379],[27.8542366,47.8303316],[27.8542571,47.8302639],[27.8542958,47.8301135],[27.8543248,47.8300451],[27.8543578,47.8299557],[27.854398,47.8298471],[27.8530386,47.8293335],[27.852942,47.8294525],[27.8528867,47.8295429],[27.8528387,47.8296022],[27.8527534,47.8297326],[27.8527051,47.8297893],[27.8526537,47.8298532],[27.8526246,47.8298905],[27.8524192,47.8298128],[27.8523667,47.8298511],[27.8522706,47.8299693],[27.8521572,47.8300982],[27.8521121,47.8301456],[27.8520687,47.830187],[27.8520193,47.830217],[27.8519405,47.8302728],[27.851851,47.8303882],[27.8518028,47.8304623],[27.8517842,47.830489],[27.8515279,47.8304064],[27.851028,47.8302342],[27.8508234,47.83032],[27.8507545,47.8304291],[27.8507211,47.8304037],[27.8502972,47.8302468],[27.8501331,47.8304306],[27.8502045,47.8305679],[27.8503453,47.8306161],[27.8502477,47.8307208],[27.8501668,47.8307959],[27.8501297,47.8308414],[27.8500458,47.8309267],[27.8501095,47.8309484],[27.8500026,47.8310866],[27.849978,47.831144],[27.8499522,47.8312036],[27.849923,47.8312898],[27.8498476,47.8313694],[27.8497458,47.8314624],[27.8497013,47.831525],[27.8496518,47.8315945],[27.8495998,47.831672],[27.8495634,47.831721],[27.8494677,47.8318471],[27.8490522,47.8317103],[27.8485435,47.8315378],[27.8484581,47.831711],[27.8482887,47.8316414],[27.8482498,47.8316368],[27.848205,47.831626],[27.8479968,47.831503],[27.8475269,47.8311983],[27.8475401,47.8311701],[27.8472917,47.8310843],[27.8470462,47.830984],[27.8470295,47.8309766],[27.8468128,47.8308895],[27.8467909,47.8308396],[27.8468575,47.8304593],[27.8469154,47.8301587],[27.8469818,47.8300656],[27.8469881,47.8298213],[27.84705,47.8290054],[27.8472274,47.8289386],[27.8472965,47.828297],[27.8469689,47.8282381],[27.8469587,47.828071],[27.8469591,47.8279075],[27.8469572,47.8278637],[27.8472111,47.8278805],[27.8472535,47.8278833],[27.8476779,47.8279112],[27.8478053,47.8279197],[27.8481656,47.8279364],[27.8482348,47.8275798],[27.8482327,47.8273869],[27.8482421,47.8272048],[27.8482469,47.8270569],[27.848245,47.8265894],[27.8482383,47.8263761],[27.8481667,47.8259666],[27.8481785,47.8257918],[27.8482337,47.8257301],[27.8482664,47.8255867],[27.8483617,47.8250932],[27.8485289,47.8244357],[27.8485433,47.8243792],[27.8487116,47.8238357],[27.8487991,47.8234279],[27.8488094,47.8233857],[27.8488245,47.823324],[27.8488336,47.8232871],[27.8489388,47.8228575],[27.8490363,47.8223485],[27.8491172,47.8221028],[27.8491207,47.8220911],[27.8492335,47.8217144],[27.8492913,47.8214989],[27.8493198,47.821199],[27.8493621,47.8209687],[27.8493689,47.8209319],[27.849375,47.8208988],[27.8494597,47.8207186],[27.8495606,47.820503],[27.8496786,47.8202238],[27.8498532,47.8199023],[27.8499043,47.8198084],[27.8499186,47.8197821],[27.8499541,47.8197528],[27.8499945,47.8197699],[27.8501578,47.8198185],[27.8501678,47.8198193],[27.850234,47.8198246],[27.8505965,47.8198534],[27.8506614,47.8198552],[27.8509821,47.8198643],[27.8512223,47.8198562],[27.8512584,47.8198508],[27.8514278,47.8198252],[27.851618,47.8197904],[27.8517881,47.8197594],[27.8519586,47.8197525],[27.8521359,47.8197938],[27.8521727,47.8198103],[27.8523491,47.8198887],[27.8527031,47.8200587],[27.8528874,47.82013],[27.8528936,47.8201324],[27.8530671,47.8201384],[27.8531041,47.8201397],[27.8532605,47.8201341],[27.8535296,47.8200696],[27.8536699,47.820036],[27.8537313,47.8200212],[27.8537555,47.8200154],[27.8538649,47.8199891],[27.853954,47.8199686],[27.8540544,47.8199455],[27.8541239,47.8199296],[27.8542993,47.8198758],[27.8543959,47.8198032],[27.8544385,47.8197803],[27.8546556,47.8196086],[27.8547504,47.8195482],[27.8548031,47.8195145],[27.8549809,47.8194299],[27.8550955,47.8193057],[27.8551148,47.8192847],[27.8551422,47.819255],[27.8552668,47.819093],[27.8552983,47.8190273],[27.8553408,47.8189625],[27.8553716,47.8189035],[27.8554894,47.8186777],[27.8556395,47.8183757],[27.8556483,47.8183605],[27.8555953,47.8183301],[27.8544928,47.8176718],[27.8546615,47.817458],[27.8548261,47.8172482],[27.8550028,47.8170469],[27.8552133,47.816842],[27.8554088,47.8166441],[27.8555486,47.8164878],[27.8557536,47.816294],[27.8559552,47.816094],[27.8561603,47.8158991]]]}},{"type":"Feature","properties":{"entity_id":"osm-r18967990","jurisdiction":"MD","display_name":"Cucuieții Noi","display_type":"component_locality","admin_level":9,"tier":"detail","legal_registry":"CUATM","legal_id":"7112","legal_type":null,"parent_catalog_id":"osm-r19045244","osm_relation_id":18967990,"legal_identity_status":"reconciled","geometry_source":"OpenStreetMap","canonical_geometry_role":null,"geometry_scope":null,"geometry_precision":"master_coordinate_fidelity"},"geometry":{"type":"MultiPolygon","coordinates":[[[[27.4217509,47.8875532],[27.4225648,47.887157],[27.422317,47.8870056],[27.4226659,47.8867344],[27.4224047,47.8865208],[27.4233615,47.885776],[27.4251559,47.8869702],[27.4243949,47.887479],[27.4239588,47.8876934],[27.4237668,47.8877282],[27.4235603,47.8877059],[27.4235927,47.8878355],[27.4235961,47.8879313],[27.4235429,47.8879702],[27.4233335,47.8881282],[27.4229471,47.8883712],[27.4217509,47.8875532]]],[[[27.4201805,47.8884938],[27.4202569,47.8886255],[27.420575,47.8888497],[27.4206879,47.8891791],[27.4207107,47.8892519],[27.4206987,47.8892973],[27.420623,47.8897652],[27.4206041,47.8899788],[27.4205512,47.8907213],[27.4206566,47.8918654],[27.4208133,47.8922762],[27.4207812,47.8924179],[27.4208072,47.8925001],[27.4209021,47.892901],[27.4209155,47.8929702],[27.4209119,47.8930351],[27.4208919,47.8933122],[27.4209342,47.8935576],[27.4210386,47.8936618],[27.4211088,47.8937676],[27.4212131,47.8938971],[27.4213315,47.8938798],[27.4214828,47.8938886],[27.42165,47.89393],[27.4218812,47.8939788],[27.4221621,47.8939571],[27.4221771,47.8939653],[27.4223317,47.8940662],[27.4225689,47.8942539],[27.4227552,47.8947814],[27.422725,47.8949579],[27.4225078,47.895136],[27.4223283,47.8950373],[27.4213743,47.8960502],[27.4214057,47.8962272],[27.4212348,47.8963968],[27.4206128,47.8969215],[27.4205108,47.8970037],[27.4194919,47.8979612],[27.4194337,47.8979366],[27.4193154,47.8980374],[27.4189795,47.8979004],[27.4186994,47.8977696],[27.4183819,47.8980625],[27.4181302,47.8979813],[27.4178878,47.8978968],[27.417421,47.8976192],[27.4173113,47.8975151],[27.4173123,47.8974801],[27.4177897,47.8970704],[27.4181058,47.8968591],[27.418166,47.896838],[27.4188925,47.8962083],[27.4192164,47.8959469],[27.4160766,47.8944354],[27.4173747,47.8932589],[27.4163841,47.8927513],[27.4163165,47.8926979],[27.416312,47.8926386],[27.4165496,47.8923974],[27.4167506,47.8922248],[27.4170187,47.8919945],[27.416516,47.8917095],[27.4163995,47.8916434],[27.4164224,47.8916247],[27.4164827,47.8915773],[27.4167304,47.8913828],[27.4167926,47.8913282],[27.4161872,47.8909747],[27.416112,47.8909318],[27.4162608,47.8908176],[27.4157077,47.8904773],[27.4159999,47.8902514],[27.4156912,47.8901044],[27.4155617,47.890057],[27.4156975,47.8899638],[27.4160486,47.8901641],[27.4163468,47.8903382],[27.4164291,47.890381],[27.416477,47.8903928],[27.4166288,47.8904743],[27.4172598,47.8907927],[27.4176644,47.8910134],[27.4180125,47.8911938],[27.4183967,47.8908753],[27.4185197,47.8907694],[27.418589,47.8907118],[27.4186222,47.8906851],[27.4187203,47.8906026],[27.418677,47.8904834],[27.4186758,47.8904491],[27.4186711,47.8904372],[27.4186073,47.8899543],[27.4186487,47.8899042],[27.4187446,47.8898255],[27.41883,47.889742],[27.4189432,47.8896438],[27.4195107,47.8891202],[27.4201805,47.8884938]]],[[[27.4228862,47.8980174],[27.4222055,47.897775],[27.4234848,47.8958606],[27.4236963,47.895806],[27.4238005,47.8956467],[27.4241702,47.8952997],[27.4238258,47.8950905],[27.423841,47.8950709],[27.4239249,47.8949817],[27.424051,47.8948667],[27.4242973,47.8946867],[27.4244003,47.8947129],[27.42457,47.8945413],[27.4249212,47.8946398],[27.425105,47.8945759],[27.4254388,47.894702],[27.4255006,47.894737],[27.4260257,47.8946913],[27.4265613,47.8945967],[27.4270986,47.8945499],[27.4268419,47.8947547],[27.4262411,47.8952631],[27.4261651,47.8953298],[27.4259959,47.8954656],[27.4258765,47.8955635],[27.4254925,47.8958757],[27.425264,47.8960506],[27.4248907,47.8963651],[27.4247729,47.8964744],[27.4245463,47.896634],[27.4243719,47.8967581],[27.4241649,47.8969356],[27.4233842,47.8975762],[27.4233202,47.8976174],[27.4228862,47.8980174]]],[[[27.4278952,47.8939051],[27.4274317,47.8936554],[27.4270645,47.8936585],[27.4258184,47.8936341],[27.4251064,47.8935598],[27.4248227,47.8935111],[27.4246081,47.8935381],[27.4238769,47.8934397],[27.4236368,47.8933647],[27.4234303,47.8932332],[27.4234287,47.8931302],[27.4229815,47.892939],[27.422878,47.8928624],[27.4227666,47.8927431],[27.4224369,47.8924136],[27.4223447,47.8920359],[27.4225498,47.8915175],[27.4226368,47.8915064],[27.4226959,47.8913906],[27.4228244,47.8910999],[27.4229992,47.8909181],[27.4229078,47.8908418],[27.4228328,47.8908059],[27.4226023,47.8906601],[27.4226013,47.8906288],[27.4226179,47.8905918],[27.4228645,47.890313],[27.423412,47.8899526],[27.4234919,47.8899102],[27.4238589,47.890341],[27.4240565,47.8901943],[27.4240685,47.8901822],[27.4243727,47.8899433],[27.4244495,47.8898941],[27.4244993,47.8898667],[27.4259961,47.8909628],[27.4271585,47.8900762],[27.4271994,47.8900985],[27.4276703,47.8903804],[27.4277337,47.8904248],[27.4267223,47.8911952],[27.426727,47.8912237],[27.4268728,47.8912215],[27.4276206,47.8911472],[27.4269626,47.8917951],[27.4270477,47.8918072],[27.4282536,47.8917736],[27.4284102,47.8918113],[27.4285892,47.8919582],[27.4285061,47.8921986],[27.4287167,47.8922399],[27.4287438,47.8923591],[27.4287252,47.8925604],[27.4288214,47.8926736],[27.428855,47.8927126],[27.4289293,47.8927627],[27.428904,47.8928297],[27.4289685,47.8928953],[27.4289441,47.8929575],[27.4285062,47.8933513],[27.4279571,47.8938224],[27.4278952,47.8939051]]]]}},{"type":"Feature","properties":{"entity_id":"osm-r18968005","jurisdiction":"MD","display_name":"Șaptebani","display_type":"independent_village","admin_level":9,"tier":"detail","legal_registry":"CUATM","legal_id":"7150","legal_type":"independent_village","parent_catalog_id":"osm-r19045251","osm_relation_id":18968005,"legal_identity_status":"reconciled","geometry_source":"OpenStreetMap","canonical_geometry_role":null,"geometry_scope":null,"geometry_precision":"master_coordinate_fidelity"},"geometry":{"type":"Polygon","coordinates":[[[27.3476249,47.888109],[27.3477731,47.8881258],[27.3478246,47.8881317],[27.3479186,47.8881332],[27.3480635,47.8881355],[27.3482313,47.8881221],[27.3483749,47.888103],[27.3485183,47.888084],[27.34869,47.8880612],[27.3487376,47.8880549],[27.3489279,47.8880297],[27.3489754,47.8880234],[27.3491271,47.8880033],[27.3491924,47.8879946],[27.3495074,47.8879677],[27.3497008,47.8879512],[27.3498771,47.8879333],[27.3500417,47.8879176],[27.3501952,47.8879058],[27.3503975,47.8878917],[27.3506605,47.8878739],[27.3508718,47.8878674],[27.3510945,47.8878609],[27.3511665,47.8878588],[27.3512751,47.8878483],[27.3514137,47.8878348],[27.3514798,47.8878253],[27.3517451,47.8877859],[27.3518629,47.8877672],[27.3534633,47.8875794],[27.3548157,47.8874207],[27.3555318,47.8872525],[27.3556107,47.8872749],[27.3562479,47.8872744],[27.3565517,47.8872594],[27.3569744,47.8872216],[27.3576007,47.8871782],[27.3583103,47.887247],[27.3590449,47.8877186],[27.3592111,47.8878024],[27.3595031,47.887928],[27.3595696,47.8879439],[27.3596388,47.8880126],[27.3595168,47.8880883],[27.3594825,47.8881063],[27.3593118,47.8881934],[27.3590528,47.888324],[27.3590043,47.8883484],[27.3589614,47.8884103],[27.3590112,47.8884765],[27.3592583,47.8886906],[27.3595499,47.888921],[27.3596588,47.8890021],[27.3598554,47.8891486],[27.3600328,47.889279],[27.3601203,47.8893326],[27.3603287,47.8894849],[27.3611031,47.890084],[27.3611541,47.8901234],[27.3611557,47.890185],[27.361625,47.8905323],[27.3617953,47.8906933],[27.3622863,47.8913162],[27.3622882,47.8913554],[27.3624074,47.891683],[27.3624096,47.8919959],[27.3624358,47.8921175],[27.362448,47.8923072],[27.3619766,47.8923364],[27.3616239,47.8923826],[27.3610556,47.8923126],[27.3609239,47.8922745],[27.3607023,47.8921723],[27.3605618,47.8921724],[27.3604752,47.8922045],[27.3603563,47.8923158],[27.3603027,47.8924771],[27.3600969,47.8926556],[27.3601335,47.8928861],[27.3601038,47.8929362],[27.3598263,47.8931247],[27.359728,47.893231],[27.3592116,47.8935137],[27.3582115,47.893991],[27.3573487,47.8944162],[27.3567485,47.8946629],[27.3562019,47.8948534],[27.3567322,47.8951921],[27.3566134,47.8954647],[27.356471,47.8958015],[27.3563789,47.89601],[27.3561159,47.8960501],[27.3557276,47.8961685],[27.3554075,47.8962754],[27.3561146,47.8965197],[27.3555483,47.8973646],[27.3546995,47.89717],[27.3544386,47.8973442],[27.3543999,47.8974878],[27.3542959,47.8976337],[27.3543057,47.8977279],[27.3542942,47.8978368],[27.3542784,47.8979194],[27.354275,47.8979372],[27.3543996,47.8979133],[27.3544341,47.8979822],[27.3544782,47.8981088],[27.3545787,47.8980893],[27.3546494,47.8983391],[27.3547359,47.8986486],[27.3547606,47.8987691],[27.3547617,47.8988005],[27.3547076,47.898995],[27.3546511,47.8990872],[27.3543857,47.8993398],[27.354162,47.8995142],[27.3538814,47.8996847],[27.3537591,47.8997639],[27.3544612,47.9005364],[27.3549376,47.900853],[27.3552675,47.9011536],[27.3555165,47.9014161],[27.3555799,47.9016246],[27.3555653,47.9017308],[27.3554997,47.901809],[27.3553565,47.9019073],[27.3546125,47.9021199],[27.3537552,47.9024288],[27.3530652,47.9026975],[27.352008,47.9031527],[27.35133,47.9034495],[27.3507417,47.9037282],[27.3503778,47.904033],[27.3502113,47.904277],[27.35018,47.9046066],[27.350274,47.9050254],[27.3499658,47.9052244],[27.3496488,47.9054499],[27.3493662,47.9056857],[27.3491102,47.905995],[27.3489942,47.9061271],[27.3488242,47.9063513],[27.3487417,47.9064966],[27.3487237,47.9065283],[27.3487304,47.9065756],[27.3488823,47.9069896],[27.3489011,47.9070416],[27.3476417,47.9071884],[27.3468511,47.9066595],[27.3467495,47.90669],[27.3467071,47.9067582],[27.3465485,47.9068065],[27.3461604,47.9069838],[27.3460763,47.9070538],[27.3460044,47.9071137],[27.3459734,47.9071395],[27.345911,47.9071914],[27.345711,47.9073579],[27.3456067,47.9074447],[27.3454054,47.907894],[27.3452557,47.9080618],[27.3448989,47.9081597],[27.3447659,47.9082985],[27.3445498,47.9084769],[27.3440351,47.9091674],[27.3437737,47.9094544],[27.3434366,47.9096851],[27.3435637,47.9097787],[27.3433937,47.9099551],[27.3427849,47.9104162],[27.3422741,47.9106586],[27.3420902,47.9107501],[27.3420626,47.9107203],[27.3417798,47.9108608],[27.3414147,47.9110406],[27.3410648,47.9112073],[27.3410822,47.9112369],[27.3408598,47.9113625],[27.3407348,47.9114269],[27.3407164,47.9114331],[27.3407625,47.9115192],[27.3405775,47.9116575],[27.3403733,47.9117955],[27.3402195,47.9115242],[27.3397863,47.9116608],[27.3397962,47.9117805],[27.3397147,47.9118033],[27.3396931,47.9117684],[27.3396543,47.9117059],[27.3394297,47.9117826],[27.339421,47.9117727],[27.3393348,47.9118051],[27.3393094,47.9118255],[27.3391864,47.9118725],[27.3388994,47.9119738],[27.3395021,47.9130063],[27.3401083,47.9137318],[27.338692,47.9142732],[27.3373414,47.9147764],[27.3363553,47.9151372],[27.3353871,47.9155001],[27.3345057,47.9158709],[27.334007,47.9161776],[27.3337751,47.9158421],[27.3337279,47.9157836],[27.3335387,47.9155931],[27.333222,47.915288],[27.3330155,47.9150802],[27.3329584,47.9150338],[27.332751,47.914843],[27.3326825,47.9147577],[27.3325635,47.9146841],[27.3324376,47.9145929],[27.3320068,47.9142467],[27.3315988,47.9139508],[27.3315443,47.9139134],[27.331738,47.9136769],[27.3318807,47.9135235],[27.3318896,47.9135092],[27.3319299,47.9134442],[27.3320246,47.9132914],[27.3320639,47.913228],[27.332152,47.9130938],[27.3322169,47.9129957],[27.3322482,47.9129485],[27.3323104,47.9128506],[27.3323533,47.9127345],[27.3323787,47.9126656],[27.3324037,47.9125981],[27.3324303,47.912526],[27.3324592,47.9124131],[27.3325259,47.9122449],[27.3325738,47.9120845],[27.332609,47.9119668],[27.3326298,47.9118971],[27.3326385,47.9118678],[27.3326472,47.9118386],[27.3326687,47.9117669],[27.3326715,47.9117574],[27.3326855,47.9117106],[27.3327061,47.9116414],[27.33272,47.911579],[27.3328002,47.9114129],[27.3328254,47.9113469],[27.3328585,47.9112604],[27.3328799,47.9112043],[27.3328919,47.911173],[27.3329729,47.9109609],[27.3330112,47.9108369],[27.3330461,47.9104936],[27.3332693,47.910002],[27.3333777,47.9098883],[27.3335634,47.909777],[27.3338119,47.9097184],[27.3346349,47.9098032],[27.3350306,47.909867],[27.3361464,47.9100131],[27.3363899,47.910045],[27.3366209,47.9100752],[27.3366983,47.910087],[27.337061,47.9101158],[27.3370693,47.9101142],[27.3372297,47.9100841],[27.3373871,47.9100545],[27.3375417,47.9100254],[27.3376929,47.9099958],[27.3378225,47.9099394],[27.3379517,47.9098832],[27.3380805,47.9098272],[27.3382088,47.9097713],[27.3383368,47.9097157],[27.3384643,47.9096602],[27.3385914,47.9096049],[27.3387184,47.9095496],[27.3388454,47.9094944],[27.3389725,47.9094393],[27.3390997,47.9093842],[27.3392268,47.9093291],[27.339354,47.9092741],[27.3394808,47.9092191],[27.3396071,47.9091644],[27.3398582,47.9090556],[27.3403652,47.9088319],[27.340492,47.908649],[27.3405997,47.9084843],[27.3405769,47.9084661],[27.3406767,47.9083103],[27.340798,47.9081093],[27.3408293,47.9080527],[27.340858,47.9080171],[27.3409776,47.9078991],[27.3411952,47.9076973],[27.3411794,47.907628],[27.3409693,47.9074283],[27.3408901,47.9072646],[27.3407606,47.9069812],[27.3406142,47.9066385],[27.3406189,47.9066158],[27.3405739,47.9064842],[27.340158,47.9056827],[27.3399407,47.9053151],[27.3399225,47.9053253],[27.3397865,47.9051336],[27.3395879,47.9052207],[27.3392713,47.9053542],[27.3387711,47.905554],[27.3385506,47.9053144],[27.3383442,47.9050842],[27.3383123,47.9050974],[27.3382274,47.9050094],[27.3379166,47.9046836],[27.3381088,47.9045953],[27.3384771,47.9044471],[27.3384565,47.904424],[27.338518,47.9043994],[27.3385356,47.9044178],[27.3385898,47.9043975],[27.338571,47.9043704],[27.3385467,47.9043346],[27.338874,47.9042326],[27.3390275,47.9040078],[27.3389253,47.9038827],[27.3388159,47.903686],[27.338699,47.9034212],[27.3386618,47.9033183],[27.3386472,47.9032666],[27.3386327,47.9032189],[27.3386174,47.9031782],[27.3386066,47.9031692],[27.3386125,47.9031569],[27.3385828,47.9030612],[27.3385545,47.9029401],[27.3385034,47.9027064],[27.338467,47.9025501],[27.3384383,47.9023945],[27.3384086,47.9022747],[27.338369,47.9020902],[27.3383566,47.9020204],[27.3383209,47.9018325],[27.3383164,47.9017214],[27.3383137,47.9016766],[27.3383119,47.9015196],[27.338368,47.9011755],[27.3383718,47.9011136],[27.3384385,47.9008656],[27.3385067,47.9006214],[27.3385627,47.9005152],[27.3386308,47.9002923],[27.3386898,47.9000267],[27.3387136,47.8998852],[27.3386591,47.8997879],[27.3386327,47.8996205],[27.3386233,47.8995604],[27.3386049,47.8994513],[27.3386026,47.8994377],[27.3385456,47.8992678],[27.338497,47.8991229],[27.3384877,47.8990952],[27.3384632,47.8990633],[27.3384515,47.8990481],[27.3384147,47.8990002],[27.3383438,47.8989079],[27.3382135,47.8987384],[27.33797,47.8984926],[27.3378787,47.8983919],[27.337419,47.8979753],[27.3372748,47.8978908],[27.3373726,47.8978278],[27.3374021,47.8978088],[27.3374259,47.8977934],[27.3374859,47.8977547],[27.337593,47.8976857],[27.3377191,47.8976044],[27.3377772,47.897567],[27.337838,47.8975304],[27.3378999,47.8974932],[27.3379207,47.8974807],[27.3380086,47.8974278],[27.3380443,47.8974063],[27.3381167,47.8973628],[27.3381644,47.897334],[27.3382656,47.8972732],[27.3383814,47.8972035],[27.3384406,47.8971679],[27.3385009,47.8971316],[27.3385995,47.8970723],[27.3386318,47.8970403],[27.3387009,47.8969707],[27.3387623,47.8969089],[27.3388044,47.8968665],[27.3388771,47.8967933],[27.3389846,47.896685],[27.339109,47.8965597],[27.3392408,47.896427],[27.3392649,47.8964027],[27.3393718,47.896295],[27.3393987,47.8962678],[27.3395015,47.8961639],[27.3395699,47.8960947],[27.3398795,47.8957816],[27.3400348,47.8956246],[27.3401276,47.8955306],[27.3407326,47.8952108],[27.3404674,47.8951725],[27.3400728,47.8952031],[27.3400665,47.8950637],[27.3400702,47.8950028],[27.340073,47.8949573],[27.3400467,47.8949182],[27.3399934,47.8948389],[27.3399141,47.8947449],[27.3396876,47.8944764],[27.3395594,47.8943246],[27.339532,47.8942546],[27.3395087,47.8941951],[27.3395882,47.8940754],[27.339609,47.8940441],[27.3397136,47.8938866],[27.3397564,47.8938223],[27.3397993,47.8937577],[27.3398535,47.8936761],[27.3398719,47.8936484],[27.3399133,47.8935861],[27.3399646,47.8935088],[27.3400214,47.8934234],[27.3400791,47.8933366],[27.340154,47.893225],[27.3402322,47.8931121],[27.3402952,47.8930213],[27.3403589,47.8929294],[27.3405343,47.8926765],[27.3405974,47.8926187],[27.3406665,47.8925554],[27.3407998,47.8924335],[27.3408538,47.892384],[27.3410552,47.8921997],[27.3413119,47.8919648],[27.3413299,47.8919483],[27.3413892,47.891894],[27.3414598,47.8918294],[27.3415174,47.8917767],[27.3416878,47.8916207],[27.341751,47.8915629],[27.3418587,47.8914643],[27.3419404,47.8913896],[27.3420612,47.891279],[27.342094,47.891249],[27.3422464,47.8911095],[27.3423476,47.8910169],[27.3424133,47.8909568],[27.3424256,47.8907903],[27.3424387,47.8906018],[27.3424582,47.8903922],[27.3424845,47.8901217],[27.3425076,47.8897462],[27.3425594,47.8889026],[27.3425664,47.8887909],[27.3429468,47.8884773],[27.3430689,47.8884821],[27.343357,47.8884634],[27.3435725,47.8884503],[27.3436578,47.8884301],[27.3442728,47.8883831],[27.3443788,47.8883852],[27.3444164,47.8887862],[27.3443725,47.8893173],[27.3443434,47.8895089],[27.3444369,47.8895076],[27.3446634,47.8895005],[27.3452766,47.8894851],[27.3456004,47.8894738],[27.3457731,47.8894734],[27.3457665,47.8893441],[27.3457542,47.8891559],[27.3460066,47.889118],[27.3467202,47.8889975],[27.3470942,47.8888942],[27.347055,47.8888234],[27.3473944,47.888783],[27.3478872,47.8886701],[27.3476249,47.888109]]]}},{"type":"Feature","properties":{"entity_id":"osm-r18968014","jurisdiction":"MD","display_name":"Ușurei","display_type":"component_locality","admin_level":9,"tier":"detail","legal_registry":"CUATM","legal_id":"7143","legal_type":null,"parent_catalog_id":"osm-r19045249","osm_relation_id":18968014,"legal_identity_status":"reconciled","geometry_source":"OpenStreetMap","canonical_geometry_role":null,"geometry_scope":null,"geometry_precision":"master_coordinate_fidelity"},"geometry":{"type":"Polygon","coordinates":[[[27.5905337,47.8890689],[27.5911343,47.8894486],[27.5914185,47.8892788],[27.591789,47.8894327],[27.5918153,47.8894574],[27.5918953,47.8895085],[27.5920562,47.8893981],[27.592436,47.889143],[27.5928596,47.8891012],[27.593032,47.8890845],[27.5935971,47.8889908],[27.5938552,47.8889736],[27.5939812,47.8889897],[27.594113,47.8889856],[27.5942288,47.88892],[27.5944648,47.8891154],[27.5949356,47.8889131],[27.5950692,47.8890094],[27.5953819,47.8888364],[27.5956583,47.8887427],[27.5960601,47.8885292],[27.5966588,47.8883167],[27.5968431,47.8884686],[27.597529,47.888039],[27.5980205,47.8878973],[27.5985714,47.8878754],[27.59882,47.8881352],[27.5991441,47.8884912],[27.5992306,47.8888109],[27.5994121,47.8890224],[27.5997404,47.8888377],[27.5998144,47.8888263],[27.6001899,47.8889488],[27.6004491,47.8890494],[27.6003932,47.8891287],[27.6009481,47.8892915],[27.600995,47.8892725],[27.6013916,47.889309],[27.6017946,47.8893652],[27.6018136,47.8893519],[27.6019171,47.8892972],[27.6022276,47.889358],[27.6027429,47.8897994],[27.6028424,47.8898859],[27.6028701,47.8900216],[27.6029822,47.8901509],[27.6030513,47.890205],[27.6032933,47.8903792],[27.6033699,47.8905802],[27.6031016,47.8910228],[27.6033475,47.8915425],[27.6037688,47.8914698],[27.6038768,47.8913826],[27.604244,47.8909975],[27.6045033,47.8907722],[27.6045897,47.8908308],[27.6047849,47.8909812],[27.6049311,47.8910931],[27.6048278,47.8912004],[27.6053388,47.89148],[27.605196,47.8915625],[27.6049148,47.8917165],[27.6048719,47.8917377],[27.6041917,47.8920636],[27.6039999,47.8921667],[27.6039098,47.8922619],[27.6037471,47.8923678],[27.6032929,47.892619],[27.603091,47.8926158],[27.6029207,47.8925146],[27.6029245,47.8924057],[27.6030452,47.8920003],[27.6031422,47.8913972],[27.602926,47.891063],[27.602591,47.8908087],[27.6019643,47.8905617],[27.601499,47.8904665],[27.6011473,47.8906508],[27.6007123,47.89083],[27.6003726,47.891159],[27.6004173,47.8911924],[27.6002784,47.8913941],[27.6002237,47.8916626],[27.6000355,47.8918177],[27.5998086,47.8919116],[27.5995639,47.8919917],[27.5995366,47.8919899],[27.5995106,47.8919747],[27.5990721,47.89219],[27.5988083,47.8923905],[27.5986763,47.892469],[27.5982607,47.8928375],[27.597873,47.8930458],[27.5977963,47.8930053],[27.5973661,47.8932004],[27.5968061,47.893518],[27.5967562,47.8935926],[27.5966651,47.893657],[27.5965525,47.8936978],[27.5963789,47.8937351],[27.5962019,47.8938245],[27.5960479,47.8939364],[27.5958398,47.8940305],[27.5957957,47.894043],[27.5955836,47.8942007],[27.5953593,47.8943652],[27.595197,47.8944608],[27.5949082,47.8946234],[27.5945214,47.8948515],[27.5945258,47.8948549],[27.5941628,47.8950216],[27.5938846,47.8947902],[27.5936848,47.894627],[27.593617,47.8945731],[27.593555,47.8945144],[27.5934793,47.8944511],[27.5932745,47.8945765],[27.5931542,47.8946505],[27.5927807,47.8948783],[27.5925356,47.8950249],[27.5924486,47.895018],[27.5918878,47.8953568],[27.5918283,47.8954652],[27.5914673,47.8956984],[27.591374,47.8957482],[27.5912761,47.8957843],[27.5911757,47.8958477],[27.5907977,47.8960333],[27.5906402,47.895925],[27.5904847,47.8959566],[27.5901707,47.8960407],[27.5901467,47.8960757],[27.5897847,47.8962646],[27.5897446,47.8962615],[27.5896297,47.8961677],[27.5895511,47.896203],[27.5892233,47.8963629],[27.5888288,47.8965813],[27.5888231,47.8965559],[27.5885743,47.8966905],[27.5883517,47.8968183],[27.58812,47.896941],[27.5879003,47.8970573],[27.5876248,47.8971669],[27.5869984,47.8973417],[27.5865956,47.897412],[27.5864811,47.8972882],[27.5862875,47.8973601],[27.5860914,47.897412],[27.5857395,47.8975513],[27.585558,47.8976702],[27.585421,47.8977592],[27.5851699,47.8978826],[27.5850859,47.8978838],[27.5847209,47.8980271],[27.5846413,47.8980515],[27.5846189,47.8980376],[27.5841575,47.8977417],[27.5836429,47.8974725],[27.5827294,47.8969013],[27.5828128,47.8968558],[27.5837827,47.8963912],[27.5848196,47.8959382],[27.5856179,47.8956139],[27.5856798,47.8956004],[27.5859611,47.8954834],[27.5862114,47.8953907],[27.5862442,47.8954199],[27.5865358,47.8952923],[27.5865097,47.8952716],[27.5867525,47.8951571],[27.5868287,47.8950918],[27.5866209,47.8949435],[27.586432,47.8948054],[27.58638,47.8947596],[27.5861142,47.8945735],[27.585728,47.8942916],[27.5856267,47.894216],[27.5853979,47.8940542],[27.585007,47.8938093],[27.5846723,47.8935719],[27.584911,47.8933714],[27.5851054,47.8931923],[27.5853048,47.8930273],[27.585526,47.8928552],[27.5857418,47.892693],[27.5859544,47.8925359],[27.5861769,47.8923751],[27.5863855,47.8922128],[27.5865784,47.8920601],[27.5867895,47.8918967],[27.5870155,47.8917309],[27.5872437,47.8915734],[27.5874615,47.8914153],[27.5876795,47.8912559],[27.5878797,47.8910941],[27.5881084,47.8909143],[27.5882633,47.8907913],[27.5883231,47.8907401],[27.5884589,47.8906217],[27.5885133,47.8905775],[27.588739,47.8903938],[27.5889495,47.8902141],[27.589128,47.8900435],[27.5893192,47.8898879],[27.5893895,47.8898374],[27.5896266,47.8896553],[27.5899082,47.8894333],[27.5901352,47.8892705],[27.5904115,47.8891205],[27.5905337,47.8890689]]]}},{"type":"Feature","properties":{"entity_id":"osm-r18968118","jurisdiction":"MD","display_name":"Rîșcani","display_type":"town","admin_level":9,"tier":"detail","legal_registry":"CUATM","legal_id":"7101","legal_type":"town","parent_catalog_id":"osm-r19045242","osm_relation_id":18968118,"legal_identity_status":"reconciled","geometry_source":"OpenStreetMap","canonical_geometry_role":null,"geometry_scope":null,"geometry_precision":"master_coordinate_fidelity"},"geometry":{"type":"Polygon","coordinates":[[[27.5539458,47.9386572],[27.5546072,47.9392816],[27.5567874,47.9413833],[27.5569283,47.9414872],[27.5571177,47.9416665],[27.5573647,47.9418909],[27.5574453,47.94197],[27.5576881,47.942222],[27.5579791,47.9425097],[27.5580628,47.9425831],[27.5583328,47.9428599],[27.5585789,47.9431045],[27.5589633,47.9434985],[27.5591772,47.9437323],[27.5595954,47.9441237],[27.5597085,47.944224],[27.5599233,47.9444229],[27.5602025,47.9446772],[27.5602205,47.9447024],[27.5602612,47.9447533],[27.5603825,47.9448643],[27.5605787,47.9450517],[27.560637,47.9450975],[27.5607442,47.9452506],[27.5608001,47.9452544],[27.5610063,47.9454371],[27.5612042,47.9456194],[27.5613874,47.9457915],[27.5614877,47.9458806],[27.5615087,47.9459002],[27.561504,47.9459108],[27.5615431,47.9459474],[27.5615628,47.9459505],[27.5616668,47.9460425],[27.561745,47.9461068],[27.5618835,47.9461748],[27.5622887,47.9464172],[27.562767,47.946355],[27.5634202,47.9465966],[27.5635535,47.945395],[27.5634652,47.9452036],[27.5635038,47.9447774],[27.5636828,47.9445151],[27.563802,47.9439167],[27.566193,47.9440445],[27.5675813,47.944795],[27.5678228,47.9450867],[27.5680597,47.9452795],[27.5691547,47.9456245],[27.5698335,47.9458382],[27.5705991,47.9460794],[27.570844,47.9461602],[27.5710002,47.9462182],[27.5710199,47.946304],[27.5710895,47.9463181],[27.5711937,47.9463342],[27.5712349,47.9463354],[27.5712623,47.9463148],[27.5712671,47.9462998],[27.5712934,47.9463072],[27.5713976,47.9463162],[27.5714509,47.9463046],[27.5715089,47.9463038],[27.5718049,47.9462387],[27.5721201,47.9461753],[27.5721538,47.9460353],[27.5721799,47.9458997],[27.5722904,47.9458946],[27.5737195,47.9459215],[27.5738525,47.9457512],[27.5742073,47.9453005],[27.5749377,47.9454988],[27.5744498,47.9461198],[27.5749727,47.9468605],[27.5757331,47.9473935],[27.5763478,47.9475553],[27.5781801,47.9478312],[27.5789252,47.9479795],[27.5794032,47.9482983],[27.5797806,47.9483929],[27.5797574,47.9485714],[27.5788912,47.9490262],[27.5786827,47.9491567],[27.5777558,47.9498231],[27.5765701,47.9507645],[27.5755229,47.9516024],[27.5748143,47.9525956],[27.5745831,47.9531749],[27.5744441,47.9539509],[27.5741266,47.9573358],[27.5738954,47.9583215],[27.5737951,47.9593744],[27.5736949,47.9597408],[27.5734947,47.9601331],[27.5733869,47.9602414],[27.5730095,47.9607885],[27.5716929,47.961578],[27.5710692,47.9618979],[27.5713414,47.9623712],[27.5715966,47.9632704],[27.5719054,47.9638773],[27.5719827,47.9642116],[27.5719701,47.9644533],[27.5718446,47.9647896],[27.5716688,47.9652436],[27.5712046,47.9659246],[27.5708784,47.9662525],[27.5706479,47.9664511],[27.5700144,47.9666023],[27.5686849,47.9667955],[27.567926,47.9669804],[27.5671106,47.9671105],[27.5664207,47.9673585],[27.5658914,47.9676034],[27.5655438,47.9676896],[27.5648902,47.9678612],[27.5642834,47.9679505],[27.5639891,47.9680298],[27.5649257,47.970268],[27.5638313,47.9706418],[27.5630866,47.9708962],[27.5623419,47.9711505],[27.5615972,47.9714048],[27.5613738,47.9714812],[27.5606929,47.9717138],[27.5600122,47.9719462],[27.5593315,47.9721787],[27.5586507,47.9724112],[27.55797,47.9726437],[27.5572893,47.9728761],[27.5569666,47.9729863],[27.5568662,47.9728524],[27.5555616,47.9711134],[27.5559036,47.9708165],[27.5558538,47.9706994],[27.555643,47.9707078],[27.5551321,47.9709343],[27.5545358,47.9710293],[27.554252,47.9708769],[27.5543029,47.9704326],[27.5540538,47.9700205],[27.5537702,47.9695447],[27.5521444,47.9704189],[27.5507468,47.9710555],[27.5470005,47.9717657],[27.5455453,47.9720707],[27.543263,47.972441],[27.5422118,47.9724101],[27.5417189,47.9723012],[27.5411951,47.9720885],[27.5406559,47.9717772],[27.5403862,47.9715697],[27.5401396,47.9713102],[27.5399084,47.9710456],[27.5397848,47.9706304],[27.5394218,47.9692345],[27.5390201,47.9676414],[27.5389351,47.9672989],[27.5384929,47.9668623],[27.5376692,47.9663601],[27.5345529,47.9653475],[27.5321608,47.9646241],[27.533069,47.9643705],[27.5342324,47.9638251],[27.5353534,47.9633897],[27.5368147,47.9626959],[27.5372972,47.9626001],[27.53773,47.9624614],[27.538496,47.9620451],[27.5383639,47.9618958],[27.5380022,47.9616368],[27.5360825,47.9598032],[27.5357517,47.959498],[27.5354295,47.9591998],[27.5349988,47.9588066],[27.5347593,47.9585953],[27.534652,47.9584837],[27.5344237,47.9583037],[27.5341499,47.9580879],[27.5340415,47.9579769],[27.533698,47.9581194],[27.5313489,47.9594226],[27.5296583,47.9579321],[27.5300709,47.9577465],[27.5305421,47.9575662],[27.5317957,47.9573296],[27.5325949,47.9572056],[27.5334868,47.9569971],[27.5342019,47.9568674],[27.5344795,47.9567886],[27.5347656,47.9566703],[27.5352031,47.9564393],[27.5354219,47.956428],[27.5361453,47.956518],[27.5367005,47.9565123],[27.5369698,47.956332],[27.5349512,47.9555777],[27.5363484,47.9538317],[27.537392,47.952525],[27.5375004,47.9523743],[27.5370032,47.9523089],[27.5360487,47.9521885],[27.5294009,47.9515297],[27.5293074,47.9514618],[27.5292931,47.9513179],[27.5300958,47.9502699],[27.5300203,47.9500125],[27.5292762,47.9499688],[27.5290152,47.9497766],[27.5290154,47.9494095],[27.5290547,47.9491997],[27.5291855,47.9487714],[27.5303032,47.9488204],[27.5312275,47.9494714],[27.5329379,47.9494874],[27.5350014,47.9469449],[27.535468,47.9472058],[27.5359977,47.9474614],[27.5373708,47.9478282],[27.5399267,47.944496],[27.5400358,47.9456832],[27.5401595,47.9454267],[27.5405429,47.9450759],[27.5411217,47.9442779],[27.541186,47.944191],[27.5412919,47.9440953],[27.5416247,47.9439954],[27.5419017,47.9440523],[27.542224,47.9443524],[27.5427664,47.9449496],[27.5430471,47.9454318],[27.5431324,47.9457401],[27.5434968,47.9457385],[27.5442768,47.9448773],[27.5482193,47.9461327],[27.5494528,47.9445216],[27.5512198,47.9422272],[27.553302,47.9394568],[27.5539458,47.9386572]]]}},{"type":"Feature","properties":{"entity_id":"osm-r18968119","jurisdiction":"MD","display_name":"Nihoreni","display_type":"independent_village","admin_level":9,"tier":"detail","legal_registry":"CUATM","legal_id":"7164","legal_type":"independent_village","parent_catalog_id":"osm-r19045236","osm_relation_id":18968119,"legal_identity_status":"reconciled","geometry_source":"OpenStreetMap","canonical_geometry_role":null,"geometry_scope":null,"geometry_precision":"master_coordinate_fidelity"},"geometry":{"type":"Polygon","coordinates":[[[27.5539458,47.9386572],[27.5538398,47.9383271],[27.5538905,47.9382913],[27.5538663,47.9382741],[27.5539081,47.9382473],[27.5538924,47.9382363],[27.5542811,47.9379119],[27.5554691,47.9369022],[27.55551,47.936868],[27.555558,47.936822],[27.5555668,47.9367661],[27.5547307,47.9361151],[27.5546721,47.9360777],[27.5546673,47.9360789],[27.5545607,47.9359988],[27.5532465,47.9350347],[27.5528915,47.9347359],[27.5526808,47.9345657],[27.5525005,47.9344261],[27.5522001,47.9345849],[27.5521782,47.9346061],[27.552166,47.934604],[27.5507951,47.935334],[27.5502585,47.935654],[27.5502098,47.9356909],[27.5497436,47.9359782],[27.5486812,47.9365557],[27.548106,47.936869],[27.5482325,47.9369736],[27.5484297,47.937106],[27.5490039,47.9375771],[27.5484963,47.9378138],[27.5482372,47.9375816],[27.54806,47.9374521],[27.5479401,47.9375224],[27.5478486,47.9375896],[27.5475914,47.9377178],[27.5474787,47.9377578],[27.5473943,47.9377639],[27.5472952,47.93774],[27.5471711,47.9376728],[27.5469497,47.9375336],[27.5469359,47.9374594],[27.5468003,47.9373482],[27.5467627,47.9373247],[27.5466064,47.9372033],[27.5465749,47.9371754],[27.5465705,47.9371662],[27.5464117,47.9370327],[27.5463535,47.9369885],[27.5461409,47.9368122],[27.5460792,47.9368002],[27.5458782,47.9366538],[27.5459776,47.9366007],[27.5459252,47.9365555],[27.5454185,47.9360626],[27.5456935,47.9359603],[27.5457571,47.9359081],[27.5458401,47.9358631],[27.5461853,47.9358256],[27.5463202,47.9358443],[27.5466991,47.9361084],[27.5471942,47.9364585],[27.5473038,47.93649],[27.5476003,47.9363089],[27.5476445,47.9362864],[27.5477342,47.9363706],[27.5477915,47.9363364],[27.5480789,47.9361787],[27.5483941,47.9359971],[27.5489963,47.9356553],[27.5493077,47.9354823],[27.5493978,47.9355026],[27.5495329,47.9354366],[27.5495347,47.9353794],[27.5494983,47.935367],[27.5492167,47.9351778],[27.5484099,47.9346066],[27.5482386,47.9344835],[27.5484057,47.9343883],[27.5489987,47.934039],[27.5495448,47.9336977],[27.5496369,47.9336361],[27.5498205,47.9335182],[27.5500574,47.933373],[27.550173,47.933324],[27.5503526,47.933216],[27.5503599,47.9332064],[27.5503733,47.9331973],[27.5503918,47.9331936],[27.5504439,47.9331626],[27.5507527,47.932979],[27.5508215,47.9329186],[27.5512734,47.9326134],[27.5513391,47.9325906],[27.551515,47.9324733],[27.5517388,47.9323339],[27.5519586,47.9322152],[27.5519943,47.9322012],[27.5521725,47.932099],[27.5519422,47.931925],[27.5516638,47.9316922],[27.551861,47.9315574],[27.5520627,47.9314338],[27.5523958,47.9311892],[27.5526486,47.9310108],[27.5527525,47.9309503],[27.552878,47.931078],[27.5529582,47.9311905],[27.5530472,47.9316099],[27.5530117,47.9318035],[27.5529889,47.9319551],[27.5527346,47.9320431],[27.552652,47.932092],[27.5525944,47.9320892],[27.552332,47.9321751],[27.5528825,47.9325988],[27.5532574,47.9328791],[27.5542237,47.9336032],[27.5548626,47.9340905],[27.5548669,47.9340885],[27.5549173,47.9341268],[27.5549143,47.9341288],[27.5549654,47.9341708],[27.5558186,47.9348162],[27.5562505,47.9351437],[27.557255,47.9344844],[27.5577745,47.934114],[27.5577755,47.9340997],[27.5578277,47.9340595],[27.5578522,47.9340585],[27.5579696,47.9339718],[27.5591247,47.9331021],[27.5591446,47.9330662],[27.5591387,47.9330253],[27.5591212,47.9329892],[27.5588588,47.9327823],[27.5587881,47.9327239],[27.5574617,47.9316468],[27.5570566,47.9319265],[27.5569796,47.9318726],[27.5565559,47.9315572],[27.5561637,47.9312665],[27.5561305,47.9311948],[27.5560271,47.9308505],[27.5554034,47.9304444],[27.555154,47.9302829],[27.5545952,47.9299336],[27.5546282,47.9299047],[27.5549953,47.9298719],[27.5554345,47.9298474],[27.5557223,47.9297936],[27.5558411,47.929914],[27.5559604,47.929887],[27.5559972,47.9298656],[27.5560017,47.9298612],[27.5562376,47.9297851],[27.5563571,47.929752],[27.5564595,47.9297319],[27.556522,47.9297252],[27.5569303,47.9296099],[27.5570061,47.929599],[27.5570792,47.9296403],[27.5571364,47.9296875],[27.5572571,47.9296213],[27.5574952,47.9294954],[27.5576659,47.929401],[27.5575978,47.9293076],[27.5577174,47.9292563],[27.5577886,47.9292359],[27.5583221,47.9291089],[27.5582653,47.9290418],[27.5584889,47.9289659],[27.5585303,47.9289703],[27.5585683,47.928983],[27.5586876,47.9291006],[27.5587563,47.9290801],[27.558788,47.9290682],[27.5593452,47.9289075],[27.5593844,47.9289477],[27.5595118,47.9289041],[27.5597501,47.9288336],[27.5598463,47.9288098],[27.5602565,47.9287112],[27.5603537,47.9286944],[27.5603491,47.9286131],[27.5604103,47.9285924],[27.5608344,47.9284792],[27.5608992,47.9284655],[27.5609723,47.9284909],[27.5610262,47.9285328],[27.5611878,47.9286882],[27.5613035,47.9287762],[27.5616923,47.9285284],[27.5620358,47.9284093],[27.5620862,47.9283947],[27.5621171,47.9283947],[27.562167,47.9283627],[27.562939,47.9278599],[27.5629801,47.9278021],[27.5631907,47.9276383],[27.5632598,47.9275938],[27.5633031,47.9276169],[27.5633973,47.9276928],[27.5635305,47.927604],[27.5638018,47.9274101],[27.5638955,47.9274789],[27.5642203,47.9272509],[27.5642986,47.9272107],[27.5646296,47.9269996],[27.5646952,47.926963],[27.5647284,47.9268332],[27.564991,47.9266383],[27.5650558,47.926602],[27.565437,47.9263457],[27.5654943,47.926339],[27.5655244,47.9263466],[27.5656611,47.9264442],[27.5658718,47.9266153],[27.56597,47.9267072],[27.5662619,47.9264972],[27.5663252,47.9264859],[27.5664001,47.9264388],[27.5665116,47.9263785],[27.5667899,47.9262442],[27.5671525,47.9260014],[27.5672201,47.9259634],[27.5680029,47.9265457],[27.5681694,47.9266052],[27.5681975,47.9265982],[27.5683291,47.9265365],[27.5687352,47.9263567],[27.5689166,47.926268],[27.5693191,47.9265586],[27.5696559,47.9267139],[27.569701,47.9267312],[27.5698788,47.9266073],[27.5699043,47.9265977],[27.5699191,47.9265877],[27.5699241,47.9265764],[27.5702149,47.9263969],[27.570213,47.9263815],[27.5704782,47.9262776],[27.5707822,47.9261751],[27.5710725,47.926046],[27.5715003,47.9259079],[27.5719106,47.9257861],[27.571976,47.9257666],[27.5726522,47.9261954],[27.5731951,47.9266373],[27.5734552,47.9269107],[27.5734211,47.926948],[27.5733928,47.9269901],[27.573275,47.9271146],[27.5731678,47.9272041],[27.5730954,47.9272697],[27.5730558,47.9272993],[27.5730453,47.927313],[27.5727773,47.9274506],[27.5727333,47.927474],[27.5726906,47.9275047],[27.572448,47.9276157],[27.5722635,47.92769],[27.5722277,47.9277039],[27.5721058,47.9277544],[27.5718928,47.9278616],[27.571786,47.9279235],[27.5715768,47.9281562],[27.571479,47.9283063],[27.5714537,47.9283447],[27.5714282,47.9283834],[27.5714388,47.9283971],[27.5714117,47.9284476],[27.5713379,47.9285432],[27.5712952,47.9285844],[27.5713693,47.9287352],[27.5713165,47.9288561],[27.5712636,47.92895],[27.5712292,47.9289864],[27.5711727,47.9291295],[27.571099,47.9292354],[27.570974,47.9295236],[27.5709685,47.9295635],[27.5709878,47.9295942],[27.5708189,47.9298314],[27.5708506,47.9298846],[27.5708435,47.9299094],[27.5707521,47.9300993],[27.5706579,47.9302107],[27.5706259,47.9302199],[27.5705772,47.9302764],[27.5705524,47.9303132],[27.5704612,47.9305505],[27.570403,47.9306289],[27.5703675,47.9306644],[27.570342,47.9306713],[27.5703074,47.9306611],[27.5702913,47.9306728],[27.5701229,47.9308628],[27.5699729,47.9310156],[27.5699482,47.9311081],[27.5697954,47.9312946],[27.5695922,47.9315042],[27.569389,47.9317155],[27.5691939,47.9318488],[27.5691164,47.9318294],[27.5690339,47.9319198],[27.5687792,47.9321521],[27.5687582,47.9321772],[27.5690061,47.9322494],[27.5689742,47.9323685],[27.5688468,47.9326705],[27.5688676,47.9327719],[27.5690202,47.9328619],[27.569164,47.9329853],[27.5692226,47.9330489],[27.5692237,47.9330672],[27.5724344,47.9319678],[27.5723155,47.9318729],[27.5721817,47.9317843],[27.5722878,47.9316847],[27.5722207,47.9316082],[27.5722549,47.9315438],[27.5724297,47.9312496],[27.5724979,47.9311084],[27.5725486,47.9311292],[27.5726529,47.930983],[27.5727995,47.9308467],[27.5730787,47.9306404],[27.5731416,47.9306021],[27.5732105,47.9305389],[27.5733552,47.9304171],[27.5733989,47.9303649],[27.5735428,47.930184],[27.5735466,47.9301703],[27.5736165,47.9300984],[27.5736648,47.9300304],[27.573794,47.9298849],[27.5738338,47.9298338],[27.5738619,47.9297837],[27.5740406,47.9295221],[27.5741046,47.929433],[27.5742243,47.9292973],[27.5742651,47.9292576],[27.5743675,47.9291852],[27.5744794,47.9291354],[27.5744633,47.9291058],[27.5753138,47.9289335],[27.5759983,47.9287339],[27.5762327,47.9288634],[27.5763485,47.9289159],[27.5764279,47.9288839],[27.5764808,47.9288339],[27.57656,47.9287813],[27.5766475,47.9288702],[27.5771825,47.9287745],[27.5774551,47.9287751],[27.5775239,47.9288731],[27.577634,47.9291041],[27.5776595,47.9291766],[27.5776794,47.9292452],[27.5778502,47.9293623],[27.5778834,47.9294112],[27.5780102,47.9293968],[27.5780386,47.929354],[27.5781008,47.9292305],[27.5781519,47.9291901],[27.5785052,47.9292301],[27.578616,47.9292581],[27.5787129,47.9292294],[27.5788453,47.9292345],[27.5790226,47.929434],[27.5795074,47.9291154],[27.5797514,47.9289073],[27.5800234,47.9286141],[27.5802895,47.9283534],[27.5801116,47.9282563],[27.5800977,47.9282527],[27.5791481,47.9277116],[27.5790447,47.9276924],[27.5788468,47.9275869],[27.5785097,47.9274021],[27.5785517,47.9272434],[27.5784615,47.9271713],[27.5782273,47.9270057],[27.578092,47.9268978],[27.5780311,47.92688],[27.5778881,47.9269841],[27.5777595,47.9271129],[27.5775732,47.9272379],[27.5775179,47.9272394],[27.5771176,47.9275556],[27.5775273,47.9278046],[27.5773525,47.9279573],[27.5770787,47.9281885],[27.5769747,47.9281508],[27.5769396,47.9281309],[27.5769024,47.9280936],[27.5768773,47.9280404],[27.576872,47.927918],[27.576889,47.9278799],[27.576903,47.9277947],[27.576901,47.9277118],[27.5768183,47.9275123],[27.5767358,47.9271313],[27.5766752,47.9269651],[27.5766614,47.9268241],[27.5766943,47.9266804],[27.5767429,47.9264076],[27.5767954,47.9263665],[27.5768222,47.9262973],[27.5768322,47.9262053],[27.5770531,47.9259673],[27.5769275,47.9258877],[27.576929,47.9258391],[27.5772507,47.9257112],[27.5776327,47.9255829],[27.5779306,47.9257623],[27.5779786,47.9257324],[27.5781415,47.9256456],[27.5782507,47.9255945],[27.5783118,47.9256024],[27.5789754,47.9259622],[27.5792875,47.9261252],[27.5790665,47.9262882],[27.5790359,47.9262982],[27.5790014,47.9263254],[27.5790647,47.9263503],[27.5792215,47.9264199],[27.5793259,47.9264716],[27.5794585,47.9265538],[27.5794758,47.9265512],[27.5795405,47.9265862],[27.5795466,47.9265838],[27.5797721,47.9267326],[27.57986,47.9267998],[27.5798862,47.9268412],[27.5800235,47.9269047],[27.5803954,47.926736],[27.5807031,47.9269084],[27.5811046,47.9266504],[27.5813563,47.9264736],[27.5816326,47.9262906],[27.5817429,47.9263434],[27.581897,47.9262261],[27.5820584,47.9261133],[27.5819618,47.9260481],[27.5822291,47.925897],[27.5823047,47.9258891],[27.5825017,47.9257296],[27.5828239,47.9254886],[27.5828108,47.9254754],[27.5827297,47.9254309],[27.5829264,47.9252875],[27.5830852,47.9251772],[27.5831422,47.9251445],[27.5833236,47.924998],[27.5833918,47.9249581],[27.5837233,47.9247348],[27.5837473,47.9246837],[27.5839696,47.9245313],[27.5839852,47.9245261],[27.5835953,47.924265],[27.5836952,47.9242157],[27.5838748,47.9242004],[27.5844993,47.9245393],[27.5849315,47.9247805],[27.5850455,47.9248502],[27.5849567,47.9249193],[27.5848323,47.9250128],[27.584604,47.9251844],[27.5843758,47.925356],[27.5839199,47.9256988],[27.5836921,47.92587],[27.5836637,47.9258914],[27.5834634,47.9260408],[27.5832003,47.926237],[27.5829218,47.9264448],[27.5826382,47.9266564],[27.5825829,47.926699],[27.5826877,47.9267523],[27.5828303,47.9268336],[27.5829026,47.9267969],[27.5831934,47.9269429],[27.5836018,47.9271564],[27.5833524,47.9274008],[27.5831778,47.9275713],[27.5829915,47.927758],[27.5827724,47.9279714],[27.5825379,47.9281917],[27.5821334,47.9285181],[27.5821227,47.9285125],[27.5819083,47.9287012],[27.5817904,47.92879],[27.5815701,47.9286764],[27.5814562,47.9287525],[27.5813588,47.9288428],[27.5813045,47.9288681],[27.5809339,47.9291226],[27.5807634,47.9290494],[27.5807382,47.9290755],[27.5805106,47.9292316],[27.5804531,47.9292661],[27.5803638,47.9293276],[27.5801158,47.929478],[27.580075,47.9295146],[27.5799215,47.9296104],[27.579793,47.9297175],[27.579558,47.9298675],[27.5795279,47.9298753],[27.5790329,47.9301512],[27.5790145,47.9301374],[27.5788211,47.9302685],[27.5784806,47.9304858],[27.5783799,47.9305443],[27.5783724,47.9306862],[27.5779799,47.9309783],[27.5777642,47.9311954],[27.5773703,47.931551],[27.576959,47.9319104],[27.5765773,47.9317514],[27.5765164,47.931718],[27.5763489,47.9316584],[27.576253,47.9316304],[27.5761444,47.931736],[27.5760091,47.9318956],[27.5758716,47.932049],[27.5758467,47.932062],[27.5758338,47.9320622],[27.5757973,47.9321036],[27.5757959,47.9321315],[27.5756734,47.9322696],[27.5755823,47.9323837],[27.5754199,47.9325123],[27.5754707,47.9325437],[27.5751127,47.9328378],[27.5749942,47.9329444],[27.5747184,47.9331906],[27.5746896,47.9331739],[27.5746242,47.93323],[27.5745778,47.9332367],[27.5744799,47.933325],[27.5748847,47.9335117],[27.5751038,47.9336378],[27.5749661,47.9337624],[27.5748395,47.9338313],[27.5746426,47.9337582],[27.5742304,47.9335481],[27.5741184,47.9336432],[27.5740444,47.9337212],[27.5739783,47.9338183],[27.5740735,47.9338777],[27.5738982,47.9341147],[27.5738721,47.9341374],[27.5742818,47.9343243],[27.5743907,47.9343824],[27.5741911,47.9345961],[27.5737913,47.9350079],[27.5735743,47.9349011],[27.5731988,47.9351895],[27.5733726,47.9352792],[27.5731158,47.9355412],[27.5727104,47.9358321],[27.5726415,47.9358755],[27.572193,47.9355674],[27.5718221,47.9353284],[27.5718089,47.9353709],[27.5717981,47.9353883],[27.5716947,47.9354525],[27.5716113,47.9354991],[27.5715004,47.9355508],[27.5714703,47.9355509],[27.571433,47.9355569],[27.5712233,47.9356435],[27.5710934,47.9357098],[27.5710644,47.9357576],[27.5710364,47.9357727],[27.5712599,47.9358963],[27.5713843,47.9359801],[27.5715208,47.9360571],[27.5713596,47.9361817],[27.5712425,47.9362382],[27.5711901,47.9362898],[27.5712731,47.936332],[27.5713108,47.9363431],[27.5713237,47.9363593],[27.5712813,47.9364094],[27.5713599,47.9364441],[27.5716484,47.9365741],[27.5715881,47.9366242],[27.5716541,47.936657],[27.5716675,47.9366543],[27.5717531,47.9367017],[27.5717722,47.9367191],[27.5719355,47.9368047],[27.5715845,47.937225],[27.5721709,47.9374167],[27.5729384,47.9376591],[27.5738064,47.9379426],[27.5745953,47.9371292],[27.5751688,47.9365496],[27.5755572,47.9362648],[27.5761582,47.9364352],[27.5763677,47.9364839],[27.576568,47.9365143],[27.5767531,47.9365183],[27.5769747,47.9364917],[27.5774876,47.9363858],[27.5779671,47.9362941],[27.578301,47.9362288],[27.5785043,47.9361738],[27.5786196,47.9360681],[27.5790261,47.9356593],[27.579369,47.9353014],[27.5795237,47.9351753],[27.5797725,47.9350166],[27.5801572,47.9348371],[27.5808773,47.9351217],[27.5815968,47.935416],[27.5826556,47.9346023],[27.5831896,47.9342036],[27.5839121,47.9344829],[27.585861,47.9352469],[27.5874571,47.935827],[27.5778285,47.9430286],[27.5779551,47.943095],[27.5784827,47.9433717],[27.578285,47.9435419],[27.5780874,47.943712],[27.5778897,47.9438822],[27.577692,47.9440523],[27.5774943,47.9442224],[27.5772966,47.9443926],[27.5771767,47.9444666],[27.5768684,47.944653],[27.5765643,47.9448645],[27.5762557,47.9450803],[27.5760995,47.9451204],[27.5758503,47.94528],[27.5755843,47.9454707],[27.5754538,47.9455359],[27.5752898,47.9455725],[27.5751792,47.9455831],[27.5750753,47.9455746],[27.5750045,47.9455462],[27.5749377,47.9454988],[27.5742073,47.9453005],[27.5738525,47.9457512],[27.5737195,47.9459215],[27.5722904,47.9458946],[27.5721799,47.9458997],[27.5721538,47.9460353],[27.5721201,47.9461753],[27.5718049,47.9462387],[27.5715089,47.9463038],[27.5714509,47.9463046],[27.5713976,47.9463162],[27.5712934,47.9463072],[27.5712671,47.9462998],[27.5712623,47.9463148],[27.5712349,47.9463354],[27.5711937,47.9463342],[27.5710895,47.9463181],[27.5710199,47.946304],[27.5710002,47.9462182],[27.570844,47.9461602],[27.5705991,47.9460794],[27.5698335,47.9458382],[27.5691547,47.9456245],[27.5680597,47.9452795],[27.5678228,47.9450867],[27.5675813,47.944795],[27.566193,47.9440445],[27.563802,47.9439167],[27.5636828,47.9445151],[27.5635038,47.9447774],[27.5634652,47.9452036],[27.5635535,47.945395],[27.5634202,47.9465966],[27.562767,47.946355],[27.5622887,47.9464172],[27.5618835,47.9461748],[27.561745,47.9461068],[27.5616668,47.9460425],[27.5615628,47.9459505],[27.5615431,47.9459474],[27.561504,47.9459108],[27.5615087,47.9459002],[27.5614877,47.9458806],[27.5613874,47.9457915],[27.5612042,47.9456194],[27.5610063,47.9454371],[27.5608001,47.9452544],[27.5607442,47.9452506],[27.560637,47.9450975],[27.5605787,47.9450517],[27.5603825,47.9448643],[27.5602612,47.9447533],[27.5602205,47.9447024],[27.5602025,47.9446772],[27.5599233,47.9444229],[27.5597085,47.944224],[27.5595954,47.9441237],[27.5591772,47.9437323],[27.5589633,47.9434985],[27.5585789,47.9431045],[27.5583328,47.9428599],[27.5580628,47.9425831],[27.5579791,47.9425097],[27.5576881,47.942222],[27.5574453,47.94197],[27.5573647,47.9418909],[27.5571177,47.9416665],[27.5569283,47.9414872],[27.5567874,47.9413833],[27.5546072,47.9392816],[27.5539458,47.9386572]]]}},{"type":"Feature","properties":{"entity_id":"osm-r18968177","jurisdiction":"MD","display_name":"Corlăteni","display_type":"independent_village","admin_level":9,"tier":"detail","legal_registry":"CUATM","legal_id":"7121","legal_type":"independent_village","parent_catalog_id":"osm-r19045252","osm_relation_id":18968177,"legal_identity_status":"reconciled","geometry_source":"OpenStreetMap","canonical_geometry_role":null,"geometry_scope":null,"geometry_precision":"master_coordinate_fidelity"},"geometry":{"type":"Polygon","coordinates":[[[27.8177248,47.8270205],[27.8179515,47.8268404],[27.8181608,47.8266755],[27.8183874,47.8264959],[27.8185967,47.8263298],[27.8188325,47.8261435],[27.8190518,47.8259701],[27.8192546,47.82581],[27.8194492,47.825656],[27.819675,47.8254777],[27.8198374,47.8254053],[27.8200582,47.8252099],[27.8202575,47.8250398],[27.820227,47.8250222],[27.8204419,47.82486],[27.8206464,47.8247054],[27.8208458,47.8245551],[27.8210406,47.8244049],[27.8212395,47.8242557],[27.8214417,47.8240999],[27.8216504,47.8239398],[27.8218559,47.8237819],[27.8220776,47.8236175],[27.8221688,47.8235454],[27.8222822,47.8234582],[27.822403,47.8233745],[27.8226156,47.8232062],[27.8228303,47.8230344],[27.8230353,47.8228699],[27.8232522,47.8226926],[27.8234587,47.8225219],[27.8236795,47.8223573],[27.8239131,47.822178],[27.8241306,47.8220105],[27.8243447,47.8218453],[27.8245726,47.8216828],[27.8247746,47.8215086],[27.8250038,47.8213398],[27.8252238,47.8211722],[27.825421,47.8209963],[27.8253982,47.8209839],[27.8256279,47.8208088],[27.8256483,47.8208207],[27.8258551,47.8206559],[27.8260809,47.8204685],[27.826268,47.8203108],[27.8264401,47.8201538],[27.8265531,47.8200371],[27.8267892,47.8197914],[27.8269771,47.8196063],[27.8271738,47.8194197],[27.8273615,47.8192316],[27.8275494,47.8190453],[27.8277379,47.8188567],[27.8279114,47.8186546],[27.8281241,47.8184707],[27.8283062,47.8182767],[27.8285015,47.8180919],[27.8286877,47.8179051],[27.828821,47.8177772],[27.8288809,47.8177195],[27.8292242,47.8173763],[27.8292173,47.8173727],[27.8294073,47.8172015],[27.8293973,47.8171952],[27.829609,47.8169775],[27.8297879,47.8167936],[27.8299675,47.8165994],[27.8301574,47.8164162],[27.8303403,47.8162215],[27.8305354,47.8160292],[27.8307179,47.8158368],[27.8309015,47.8156517],[27.8310863,47.8154676],[27.8312579,47.8152949],[27.83141,47.8151353],[27.831597,47.8149407],[27.8317861,47.8147539],[27.8319748,47.8145682],[27.8321596,47.8143795],[27.8323438,47.8141979],[27.832533,47.81401],[27.8326483,47.813892],[27.8328491,47.8136864],[27.8329323,47.8136119],[27.8331265,47.8134818],[27.8332708,47.8133893],[27.8337226,47.8129445],[27.8338249,47.8128167],[27.8340109,47.8126403],[27.8342102,47.8124513],[27.8344014,47.8122678],[27.8346283,47.8120531],[27.8346486,47.8120306],[27.8348287,47.8118496],[27.8350212,47.8116545],[27.8352014,47.8114712],[27.8353917,47.8112776],[27.8355718,47.8110935],[27.8357573,47.8109071],[27.8359557,47.8107052],[27.8359781,47.8106638],[27.8362015,47.8104332],[27.8363848,47.8102467],[27.836566,47.8100523],[27.8367579,47.8098657],[27.8369336,47.8096851],[27.837122,47.8094916],[27.8373338,47.8092773],[27.8373589,47.8092523],[27.8375607,47.8090486],[27.8377438,47.8088634],[27.8379198,47.8086877],[27.8380978,47.8085086],[27.8382636,47.8083403],[27.8384569,47.8081497],[27.8386261,47.8079779],[27.8388133,47.8077914],[27.839082,47.8075231],[27.8391168,47.8074887],[27.8393195,47.8072897],[27.8395215,47.8070886],[27.8397007,47.8069111],[27.8398913,47.8067224],[27.8400964,47.8065218],[27.840287,47.8063364],[27.8402883,47.8063116],[27.8407031,47.8059034],[27.8410919,47.8059396],[27.8413986,47.8059295],[27.8415967,47.805914],[27.8419183,47.8059008],[27.8421049,47.8059269],[27.8423161,47.806031],[27.8423892,47.8061535],[27.8423705,47.8063711],[27.8422524,47.8065458],[27.8419863,47.806802],[27.8416823,47.8070579],[27.8410799,47.8075514],[27.8409062,47.8076439],[27.8406645,47.8078463],[27.8406427,47.8078664],[27.8407315,47.8079104],[27.8404901,47.8081761],[27.8405416,47.8082019],[27.8406571,47.8083832],[27.8404785,47.8085528],[27.8406829,47.8086547],[27.8405962,47.8087641],[27.8403621,47.8089872],[27.8403993,47.809008],[27.8405768,47.8090941],[27.8407433,47.8094533],[27.840702,47.8097561],[27.8407528,47.8097856],[27.8407492,47.8109726],[27.8407492,47.8112794],[27.8406671,47.8114132],[27.8406202,47.811775],[27.8407958,47.8122234],[27.8410153,47.8126247],[27.8410949,47.8128003],[27.8411547,47.8129419],[27.8412681,47.8130762],[27.8428828,47.8138821],[27.8428031,47.8143617],[27.8429145,47.8143928],[27.8429928,47.8144177],[27.843476,47.8146062],[27.8433678,47.8148027],[27.8436862,47.8149362],[27.8435597,47.8150798],[27.8435203,47.8151117],[27.8434312,47.8151995],[27.8443859,47.8155487],[27.8445054,47.8155945],[27.8446489,47.8154487],[27.8449998,47.8155707],[27.8460824,47.815932],[27.8462664,47.8159893],[27.846274,47.8160462],[27.8462715,47.8160668],[27.8462364,47.8163599],[27.8468095,47.8165556],[27.8472268,47.816704],[27.8475383,47.8168165],[27.8475297,47.8168381],[27.8471704,47.8171028],[27.8468449,47.8173399],[27.8468701,47.8173547],[27.8468772,47.8173649],[27.8468104,47.8174807],[27.8467218,47.8176082],[27.8466169,47.8177394],[27.8464605,47.8179054],[27.8463559,47.8180248],[27.8462939,47.8180884],[27.8461273,47.8182375],[27.8459758,47.8183988],[27.8459582,47.8184212],[27.8458709,47.8185343],[27.8458449,47.8185766],[27.8458176,47.8186383],[27.8457927,47.8187257],[27.8457881,47.8188556],[27.8457907,47.8189162],[27.8457628,47.8189457],[27.845632,47.8190646],[27.8456578,47.8190766],[27.8456325,47.8192446],[27.8456267,47.8192771],[27.8456129,47.8193748],[27.8456884,47.8193921],[27.8457439,47.8195916],[27.8458327,47.8198519],[27.8458344,47.8198714],[27.8458567,47.8198905],[27.8458396,47.8200687],[27.8458063,47.8202474],[27.845784,47.8203681],[27.8457714,47.8204315],[27.8457482,47.8207064],[27.8457353,47.8208915],[27.8457053,47.8211241],[27.8456766,47.8214255],[27.8456423,47.8216939],[27.8455991,47.8219134],[27.8456206,47.8219162],[27.8455899,47.8223087],[27.8455825,47.8224],[27.8457041,47.8228132],[27.8457705,47.8230738],[27.8458062,47.8232355],[27.8458303,47.8234086],[27.8458607,47.8235798],[27.8458726,47.8237135],[27.8459109,47.8239156],[27.8459209,47.8240141],[27.8458804,47.82422],[27.8459735,47.8243439],[27.8460424,47.8246143],[27.8460413,47.8248073],[27.8460449,47.8249375],[27.84605,47.825126],[27.8460915,47.8251455],[27.8461604,47.8255375],[27.8461919,47.8257168],[27.8461437,47.8259469],[27.846153,47.8260617],[27.846123,47.8267331],[27.8461148,47.8270705],[27.8461277,47.8271619],[27.8461675,47.8274428],[27.8462076,47.8278424],[27.8462263,47.8284324],[27.8462126,47.8289081],[27.8461635,47.829212],[27.8462311,47.8292606],[27.846257,47.8294662],[27.8462375,47.8297642],[27.8459248,47.8300144],[27.845635,47.8312372],[27.8457687,47.8316389],[27.8457596,47.8327664],[27.845096,47.8335433],[27.8446708,47.8337844],[27.8441677,47.8338706],[27.8437617,47.8338896],[27.8437098,47.8338917],[27.8427196,47.8339351],[27.8421882,47.8339611],[27.8418793,47.8339762],[27.8416548,47.8339865],[27.841455,47.8339956],[27.8409081,47.8340206],[27.8408561,47.8340229],[27.8408123,47.8340249],[27.839861,47.8340675],[27.8394799,47.8340838],[27.838828,47.8341117],[27.8379726,47.8341473],[27.8379308,47.8342104],[27.8379289,47.8342132],[27.8379239,47.8342207],[27.8378924,47.8343143],[27.837891,47.8343184],[27.8378097,47.83456],[27.8378072,47.8345675],[27.8377976,47.834596],[27.837795,47.8346039],[27.8377635,47.8346975],[27.8377604,47.8347068],[27.837752,47.8347643],[27.8377505,47.8347745],[27.8377494,47.8347816],[27.8377479,47.834792],[27.8377293,47.8349189],[27.8377268,47.834924],[27.8377205,47.8349368],[27.837668,47.8350434],[27.8376609,47.8350579],[27.837605,47.8351715],[27.8375979,47.8351859],[27.837589,47.835204],[27.8375654,47.8352521],[27.837547,47.8352775],[27.8375309,47.8352997],[27.8375221,47.8353117],[27.8375156,47.8353208],[27.83748,47.8353698],[27.8374746,47.8353773],[27.8374305,47.8354382],[27.8374264,47.8354437],[27.8373875,47.8354975],[27.837376,47.8355132],[27.8373517,47.8355468],[27.8373354,47.8355692],[27.8373199,47.8355906],[27.8373003,47.8356176],[27.837292,47.8356291],[27.8372703,47.8356591],[27.8372644,47.8356672],[27.8372522,47.8356843],[27.8372292,47.8357166],[27.8372197,47.8357299],[27.8371958,47.8357634],[27.8371434,47.835837],[27.8371172,47.8358738],[27.8371059,47.8358896],[27.8370784,47.8359282],[27.8370367,47.8359867],[27.8370067,47.8360288],[27.8369589,47.8360959],[27.8369579,47.836097],[27.8369202,47.8361405],[27.8369174,47.8361438],[27.8368813,47.8361855],[27.8368782,47.8361891],[27.8368375,47.8362361],[27.836825,47.8362505],[27.8367901,47.8363095],[27.8367563,47.8363667],[27.8367131,47.8364398],[27.8366693,47.8364414],[27.8360397,47.836328],[27.8357473,47.8362849],[27.835708,47.8362791],[27.8354107,47.8362353],[27.8353712,47.8362294],[27.8352568,47.8362126],[27.83431,47.8360469],[27.8342839,47.8360896],[27.8342314,47.8361768],[27.8342204,47.836195],[27.8342124,47.8362082],[27.8341984,47.8362313],[27.8341647,47.836287],[27.8341573,47.8362992],[27.8341428,47.8363224],[27.8341168,47.8363641],[27.8340874,47.8364114],[27.8340213,47.8365174],[27.8339976,47.8365556],[27.8339851,47.8365755],[27.8339774,47.8365879],[27.8339519,47.8366288],[27.8339501,47.8366317],[27.8339358,47.8366546],[27.8338978,47.8367157],[27.8338615,47.836774],[27.8337881,47.8369018],[27.8337399,47.8369859],[27.8337272,47.8370079],[27.8337148,47.8370295],[27.833662,47.8371214],[27.8336449,47.8371511],[27.8336314,47.8371746],[27.8335906,47.8372419],[27.8335672,47.8372804],[27.8335169,47.8373627],[27.833484,47.8374173],[27.8334545,47.8374659],[27.8334111,47.837538],[27.8333913,47.8375699],[27.833372,47.8376017],[27.8333294,47.8376718],[27.8333067,47.8377092],[27.8333053,47.8377115],[27.8332839,47.83775],[27.8332614,47.8377902],[27.8332513,47.8378084],[27.8332411,47.8378266],[27.8331917,47.8379161],[27.8331736,47.8379479],[27.8331479,47.8379941],[27.8331102,47.8380617],[27.8330889,47.8380816],[27.8330086,47.8382422],[27.8329915,47.8382707],[27.8328689,47.8384496],[27.8327586,47.8386104],[27.8322139,47.8385058],[27.8318659,47.8384401],[27.8317684,47.8385959],[27.8316779,47.8387407],[27.8315278,47.8389807],[27.83138,47.839312],[27.8312002,47.8394937],[27.8310395,47.8394587],[27.8307597,47.839381],[27.8305997,47.8393365],[27.8305548,47.839324],[27.8304537,47.839296],[27.830124,47.8392044],[27.8300911,47.8391877],[27.8290043,47.8388827],[27.828962,47.8388704],[27.8289829,47.8388336],[27.829132,47.8385703],[27.8291941,47.8384638],[27.8292309,47.8384008],[27.8293744,47.8381552],[27.8294326,47.8380557],[27.8294556,47.8380163],[27.8294785,47.8379771],[27.8295345,47.8378801],[27.8295871,47.8377837],[27.829608,47.8377453],[27.8296288,47.8377071],[27.8296703,47.837631],[27.8297502,47.8374845],[27.8293447,47.8374014],[27.8291768,47.8373724],[27.8287563,47.8372997],[27.8286591,47.8373317],[27.8285858,47.8373121],[27.8284892,47.8372926],[27.828346,47.8372635],[27.8283178,47.8372578],[27.8282591,47.8372459],[27.8282112,47.8372362],[27.8281952,47.837233],[27.8281777,47.8372294],[27.8281143,47.8372166],[27.8280552,47.8372046],[27.8280367,47.8372008],[27.8279702,47.8371874],[27.8279157,47.8371763],[27.8278648,47.837166],[27.827807,47.8371543],[27.8277609,47.8371449],[27.8277405,47.8371408],[27.8277203,47.8371367],[27.827685,47.8371296],[27.8276467,47.8371218],[27.8270071,47.8369921],[27.8263672,47.8368624],[27.8262393,47.8371173],[27.8262223,47.8371512],[27.8261799,47.8372358],[27.826146,47.8373033],[27.8261136,47.8373711],[27.8260742,47.8374562],[27.8260425,47.8375245],[27.8260108,47.8375929],[27.825971,47.8376786],[27.8259391,47.8377473],[27.8259072,47.8378161],[27.8258832,47.8378679],[27.8258592,47.8379197],[27.8258184,47.8380061],[27.8257759,47.8380922],[27.8257504,47.8381438],[27.825708,47.8382297],[27.8256233,47.8384013],[27.825564,47.8385212],[27.8255218,47.8386068],[27.825488,47.8386751],[27.8254529,47.8387432],[27.8250035,47.8394735],[27.8249604,47.8394535],[27.8244397,47.8393231],[27.8239144,47.8391916],[27.823762,47.8394791],[27.8237087,47.8394683],[27.8232204,47.839346],[27.8227541,47.8392292],[27.8226117,47.839195],[27.822908,47.8385436],[27.8229257,47.8385],[27.8229705,47.8383887],[27.8230402,47.8382183],[27.8231958,47.8379436],[27.8229831,47.8379137],[27.8228167,47.8379188],[27.8225693,47.8379263],[27.8224646,47.8379295],[27.8223581,47.8379277],[27.8221959,47.837925],[27.8220907,47.8379232],[27.8219919,47.8379215],[27.8219433,47.8379207],[27.8219352,47.8379206],[27.8217101,47.8379399],[27.8215408,47.8378786],[27.8205819,47.8374165],[27.8206179,47.8373838],[27.8207815,47.8372259],[27.8208885,47.8370066],[27.8211287,47.8366308],[27.8211197,47.8366252],[27.8212996,47.8364044],[27.8214602,47.8362087],[27.8216094,47.8359891],[27.8216219,47.8359839],[27.8209319,47.8355751],[27.8204873,47.8353125],[27.8211547,47.8350739],[27.821199,47.8350473],[27.8212239,47.8350359],[27.8209343,47.8348799],[27.8204895,47.8346358],[27.8204751,47.83461],[27.8202983,47.8344399],[27.8200264,47.8343103],[27.8200899,47.8342393],[27.818438,47.8332831],[27.8185507,47.8331768],[27.8187857,47.8329974],[27.8188877,47.8329093],[27.8189555,47.8328528],[27.8189497,47.83285],[27.819084,47.8327448],[27.8184838,47.8324086],[27.8185839,47.8323654],[27.8186823,47.8323219],[27.8188684,47.8322331],[27.8190787,47.8321536],[27.8192451,47.8320376],[27.8192853,47.8320619],[27.8195812,47.8319232],[27.8196613,47.8319577],[27.819938,47.8318918],[27.8201641,47.8318659],[27.820388,47.8318394],[27.8203073,47.8314711],[27.8199364,47.831265],[27.8191057,47.8307953],[27.8187298,47.8305919],[27.8186927,47.8305686],[27.8187253,47.8305364],[27.8187991,47.8304666],[27.8188502,47.830403],[27.8189456,47.8303175],[27.8190201,47.8302532],[27.8190893,47.8301935],[27.8191567,47.8301353],[27.8192143,47.8300746],[27.8193053,47.8299589],[27.819425,47.82984],[27.8195518,47.829685],[27.8195639,47.8296756],[27.8195867,47.8296539],[27.819635,47.8296168],[27.8196759,47.8295763],[27.8196921,47.8295507],[27.8197179,47.8294969],[27.8197341,47.8294665],[27.8197816,47.8294069],[27.8193791,47.8291922],[27.8190892,47.8290374],[27.8192769,47.8288108],[27.8187922,47.8286103],[27.8184293,47.8284628],[27.8184058,47.8284536],[27.8184195,47.8284422],[27.8184892,47.8283727],[27.8184458,47.8283551],[27.8185286,47.8282723],[27.818573,47.8282924],[27.818778,47.8280871],[27.8175117,47.8279114],[27.8173988,47.8279193],[27.8167634,47.8278155],[27.8169455,47.8276233],[27.8177248,47.8270205]]]}}]}