{"type":"FeatureCollection","metadata":{"schema_version":1,"contract":"actual-public-geometry-v1","mode":"ACTUAL","jurisdiction":"MD","tier":"overview","feature_count":37,"geometry_source":"OpenStreetMap","geometry_precision":"simplified_for_web"},"features":[{"type":"Feature","properties":{"entity_id":"osm-r58983","jurisdiction":"MD","display_name":"Bălți","display_type":"level_2_municipality","admin_level":4,"tier":"overview","legal_registry":"CUATM","legal_id":"0300","legal_type":null,"parent_catalog_id":"MD","osm_relation_id":58983,"legal_identity_status":"reconciled","geometry_source":"OpenStreetMap","geometry_precision":"simplified_for_web"},"geometry":{"type":"Polygon","coordinates":[[[27.9003598,47.7982079],[27.8866719,47.7882415],[27.8887787,47.7830288],[27.8828495,47.7785948],[27.8945373,47.7683321],[27.8747371,47.7554174],[27.8528697,47.7594621],[27.8469511,47.7644882],[27.8513316,47.7676459],[27.8378251,47.7757363],[27.8386364,47.7794246],[27.8280542,47.7791855],[27.7977124,47.7908422],[27.8014628,47.7971447],[27.7949134,47.7946557],[27.7949466,47.7885875],[27.7834843,47.7774306],[27.7926619,47.7683819],[27.8233785,47.7633923],[27.8715841,47.7424243],[27.8447891,47.733555],[27.8509074,47.7293753],[27.8680078,47.7348346],[27.8647304,47.7318135],[27.877975,47.728628],[27.8917376,47.7359332],[27.8999303,47.7300461],[27.9042751,47.7350431],[27.9565049,47.7422566],[27.9602983,47.7538564],[27.973984,47.7546442],[27.9713942,47.7676656],[27.9612555,47.7813065],[27.9785622,47.7855316],[27.9862789,47.7749712],[28.0088137,47.7645323],[28.0425671,47.7813431],[28.0504565,47.7907744],[28.0269953,47.7991088],[28.0350955,47.8038916],[28.0030356,47.8249237],[27.9819507,47.8147825],[27.9797271,47.8092413],[27.9725292,47.8152571],[27.9667456,47.8094358],[27.9622441,47.8027437],[27.9821517,47.7884577],[27.9703422,47.7845639],[27.9098873,47.8006286],[27.9003598,47.7982079]]]}},{"type":"Feature","properties":{"entity_id":"osm-r58984","jurisdiction":"MD","display_name":"Fălești","display_type":"district","admin_level":4,"tier":"overview","legal_registry":"CUATM","legal_id":"4300","legal_type":null,"parent_catalog_id":"MD","osm_relation_id":58984,"legal_identity_status":"reconciled","geometry_source":"OpenStreetMap","geometry_precision":"simplified_for_web"},"geometry":{"type":"Polygon","coordinates":[[[27.7726453,47.4273489],[27.7842101,47.4411254],[27.8020142,47.4277364],[27.8237954,47.4342506],[27.8221618,47.4391421],[27.829264,47.4458391],[27.836166,47.439716],[27.828455,47.4390854],[27.8435792,47.4294766],[27.867049,47.4433046],[27.8706682,47.4372663],[27.8838965,47.4404786],[27.8758941,47.4544074],[27.8761152,47.4788085],[27.8841245,47.4908766],[27.9275538,47.4803122],[27.9446538,47.4820959],[27.951307,47.490668],[27.9665791,47.4974785],[27.9693167,47.5236939],[27.9339407,47.5258493],[27.931496,47.5329276],[27.9191511,47.5341276],[27.9228889,47.5258908],[27.8984047,47.5342286],[27.8863009,47.5600573],[27.9035801,47.5701957],[27.9082547,47.5647888],[27.9273703,47.5726737],[27.9428749,47.5725575],[27.9508602,47.5855051],[27.9536209,47.6140656],[27.9996358,47.6184],[27.9980787,47.6290789],[28.0034468,47.6302579],[27.9664732,47.6467509],[27.9665534,47.6588915],[27.9570552,47.6752989],[27.946065,47.6778222],[27.932238,47.6674915],[27.9150396,47.6869692],[27.9181465,47.6914526],[27.9097821,47.6967098],[27.9144437,47.7000591],[27.9094461,47.7030654],[27.9414851,47.7222393],[27.9235378,47.7381159],[27.9042751,47.7350431],[27.8999303,47.7300461],[27.8917376,47.7359332],[27.877975,47.728628],[27.8647304,47.7318135],[27.8680078,47.7348346],[27.8509074,47.7293753],[27.8447891,47.733555],[27.8715841,47.7424243],[27.8233785,47.7633923],[27.7926619,47.7683819],[27.7834843,47.7774306],[27.7650211,47.7602849],[27.7615332,47.743981],[27.7494627,47.7236208],[27.7294132,47.7120781],[27.7049644,47.7096891],[27.6927285,47.715278],[27.6957474,47.7176238],[27.6799879,47.7331332],[27.6505333,47.7054877],[27.6227632,47.668727],[27.6260186,47.6621499],[27.6222649,47.6595546],[27.6362499,47.6497092],[27.6092905,47.6319361],[27.6020457,47.6369513],[27.5943814,47.6321772],[27.5900577,47.6374232],[27.5566287,47.642893],[27.5438399,47.6498047],[27.5415226,47.6437749],[27.5354868,47.6449194],[27.531711,47.636134],[27.5178581,47.638811],[27.4009171,47.5845705],[27.4286705,47.5821632],[27.4165236,47.5714005],[27.4185349,47.5649922],[27.4328852,47.5622792],[27.4239808,47.5539299],[27.4401796,47.5488088],[27.4308321,47.5441071],[27.4462161,47.5347525],[27.4565865,47.5365373],[27.4440837,47.5309734],[27.4509989,47.5222039],[27.4677467,47.5264177],[27.4561374,47.5187162],[27.4543449,47.507438],[27.4673624,47.499802],[27.474917,47.4851887],[27.4934646,47.4887213],[27.4920734,47.4810787],[27.5067522,47.4782225],[27.5077023,47.4858044],[27.5163531,47.4908044],[27.512083,47.4765462],[27.516315,47.4737069],[27.5217293,47.4823705],[27.5370651,47.4787216],[27.5314486,47.4849283],[27.5382054,47.4890226],[27.5443518,47.4756587],[27.5561575,47.4702603],[27.5594437,47.4634218],[27.5723156,47.4642636],[27.5702359,47.4499561],[27.5577265,47.4472615],[27.5607483,47.4378035],[27.5525409,47.4333359],[27.5565896,47.4253905],[27.5706926,47.4248131],[27.5758934,47.4083647],[27.5845338,47.4083184],[27.5815416,47.3982515],[27.5689968,47.393845],[27.5700907,47.3722873],[27.5814056,47.3791234],[27.5838473,47.3763157],[27.6645246,47.3962723],[27.663234,47.4150751],[27.7188316,47.4197529],[27.7197574,47.4293306],[27.736889,47.4363363],[27.7726453,47.4273489]]]}},{"type":"Feature","properties":{"entity_id":"osm-r58985","jurisdiction":"MD","display_name":"Ungheni","display_type":"district","admin_level":4,"tier":"overview","legal_registry":"CUATM","legal_id":"9200","legal_type":null,"parent_catalog_id":"MD","osm_relation_id":58985,"legal_identity_status":"reconciled","geometry_source":"OpenStreetMap","geometry_precision":"simplified_for_web"},"geometry":{"type":"Polygon","coordinates":[[[28.0721219,47.2673195],[28.0776174,47.2701948],[28.0715621,47.2777322],[28.0819733,47.2871947],[28.1115399,47.2822518],[28.1171257,47.2862262],[28.131675,47.2851767],[28.1422985,47.2989453],[28.1166285,47.3034037],[28.1267604,47.2991759],[28.1162825,47.2984754],[28.1178123,47.289775],[28.1138232,47.2897416],[28.1129471,47.2961845],[28.096665,47.2930261],[28.0981805,47.3027909],[28.0847643,47.3104623],[28.1018813,47.3118397],[28.090889,47.3238909],[28.0770429,47.3223338],[28.0772528,47.3316693],[28.0903705,47.3312325],[28.100834,47.3378968],[28.1107148,47.3285904],[28.1196254,47.3275631],[28.1233894,47.3402756],[28.140769,47.3318727],[28.1409595,47.3443434],[28.1474022,47.3482736],[28.1390407,47.3520311],[28.1510035,47.3557048],[28.1594829,47.3702737],[28.1803905,47.3684109],[28.1813775,47.3646647],[28.1861785,47.3690116],[28.1951091,47.3976627],[28.1944317,47.4189922],[28.1769231,47.4484456],[28.1462926,47.4588832],[28.0977739,47.4572197],[28.0898647,47.4720736],[28.0854127,47.4720286],[28.0632888,47.4680539],[28.0597508,47.4620757],[28.0618006,47.4357677],[28.0497337,47.4343566],[28.0288686,47.4738743],[28.0051552,47.4741145],[27.9854302,47.4803053],[27.9709659,47.4770554],[27.9732034,47.4728409],[27.9361049,47.4646664],[27.9324003,47.4771513],[27.9461831,47.4781845],[27.9441601,47.4823917],[27.9220939,47.4800653],[27.8841245,47.4908766],[27.8761152,47.4788085],[27.8758941,47.4544074],[27.8838965,47.4404786],[27.8706682,47.4372663],[27.867049,47.4433046],[27.8435792,47.4294766],[27.828455,47.4390854],[27.836166,47.439716],[27.829264,47.4458391],[27.8221618,47.4391421],[27.8237954,47.4342506],[27.8020142,47.4277364],[27.7842505,47.4411248],[27.7726453,47.4273489],[27.7376021,47.4365027],[27.7197574,47.4293306],[27.7188316,47.4197529],[27.663234,47.4150751],[27.6645246,47.3962723],[27.5977938,47.3808447],[27.5730094,47.3695747],[27.5892915,47.3647853],[27.5966917,47.3724996],[27.6012632,47.3661819],[27.5949997,47.3473099],[27.6056808,47.3497184],[27.6051083,47.3392312],[27.6151254,47.340925],[27.6001356,47.3287769],[27.5940207,47.3323931],[27.5810775,47.3300106],[27.5957283,47.3268639],[27.5923415,47.3213818],[27.5955611,47.3182139],[27.6017531,47.3180386],[27.599518,47.3231436],[27.6041377,47.3286273],[27.6107955,47.3256198],[27.6060243,47.3169689],[27.6173832,47.3198512],[27.621991,47.326008],[27.6281998,47.3098457],[27.6384339,47.3113504],[27.6340754,47.3022542],[27.6477762,47.2993849],[27.6464765,47.3069671],[27.6597365,47.3040464],[27.6630101,47.3082826],[27.6737193,47.2992838],[27.6745157,47.3095113],[27.6780831,47.3098211],[27.6856333,47.2843777],[27.6909365,47.2919555],[27.7062652,47.2895543],[27.7029241,47.2986963],[27.7096776,47.2998682],[27.7188931,47.2934682],[27.7322679,47.2926583],[27.7381411,47.2846493],[27.737767,47.2756548],[27.7479227,47.2768808],[27.7447046,47.2646441],[27.7587102,47.2569635],[27.7423631,47.256928],[27.7448349,47.2512104],[27.7515511,47.2549965],[27.7568453,47.2505141],[27.7543138,47.2459621],[27.7486837,47.2492535],[27.745141,47.2429352],[27.7527563,47.2375542],[27.7593311,47.2399077],[27.7553484,47.2302188],[27.7746586,47.2309515],[27.7699789,47.2211642],[27.7865174,47.2178357],[27.7769442,47.2045877],[27.7901104,47.2077478],[27.7867419,47.1901875],[27.8037654,47.1883103],[27.7963023,47.1706984],[27.8113153,47.1654823],[27.8008989,47.1516732],[27.7890654,47.1537492],[27.7842268,47.1496911],[27.795115,47.1495379],[27.7999274,47.1419415],[27.7846195,47.1447454],[27.7821661,47.141616],[27.8223519,47.1351],[27.8305407,47.1386881],[27.8325316,47.1329695],[27.8425869,47.1356355],[27.8511013,47.1289847],[27.8496569,47.1238189],[27.8442498,47.1229248],[27.8393059,47.1302072],[27.8261042,47.1213618],[27.8345798,47.1150839],[27.8566422,47.1126178],[27.8543937,47.1075591],[27.8604954,47.1033562],[27.8648274,47.108235],[27.8748453,47.1079062],[27.8668907,47.1027199],[27.8836954,47.0989419],[27.8797502,47.091834],[27.8932122,47.0870789],[27.8975666,47.0733843],[27.9057479,47.0768137],[27.9161754,47.0670163],[27.9321589,47.0619931],[27.941119,47.0662013],[27.9447859,47.0604889],[27.9602079,47.0563554],[27.9441042,47.0511752],[27.9519622,47.0467786],[27.964162,47.0492376],[27.9581689,47.0461727],[27.9594977,47.0411891],[27.9730516,47.044481],[27.9813893,47.0351807],[27.9913268,47.038057],[27.9961149,47.0348959],[27.9947599,47.029147],[28.0163405,47.0232068],[28.023515,47.0236802],[28.0286553,47.0304415],[28.045431,47.0273245],[28.042184,47.0367128],[28.0544555,47.0370342],[28.0500155,47.0494791],[28.0443708,47.0581146],[28.0040104,47.0587516],[28.0016045,47.0665788],[28.0073828,47.0800867],[27.9984725,47.0942015],[27.9879292,47.0959768],[27.9899559,47.112227],[27.9460986,47.1264838],[27.9446272,47.1337345],[27.9571316,47.1504552],[27.9505195,47.1551342],[27.9522839,47.1790028],[27.9912878,47.1771119],[27.9880153,47.1868112],[27.9921279,47.1962112],[27.9779666,47.1992584],[27.9704071,47.2178057],[27.9773548,47.2415569],[28.0236505,47.2569008],[28.0467944,47.259656],[28.0573637,47.2734182],[28.0721219,47.2673195]],[[28.132012,47.3486049],[28.1332062,47.3524026],[28.1372236,47.3500752],[28.132012,47.3486049]],[[28.1181058,47.3400465],[28.1115317,47.336062],[28.1080166,47.339614],[28.1181058,47.3400465]]]}},{"type":"Feature","properties":{"entity_id":"osm-r58988","jurisdiction":"MD","display_name":"Călărași","display_type":"district","admin_level":4,"tier":"overview","legal_registry":"CUATM","legal_id":"2500","legal_type":null,"parent_catalog_id":"MD","osm_relation_id":58988,"legal_identity_status":"reconciled","geometry_source":"OpenStreetMap","geometry_precision":"simplified_for_web"},"geometry":{"type":"MultiPolygon","coordinates":[[[[28.132012,47.3486049],[28.1372236,47.3500752],[28.1332062,47.3524026],[28.132012,47.3486049]]],[[[28.1181058,47.3400465],[28.1080166,47.339614],[28.1115317,47.336062],[28.1181058,47.3400465]]],[[[28.1045853,47.2229314],[28.1200193,47.2212162],[28.1247497,47.2045092],[28.1547989,47.2008761],[28.1697163,47.1854794],[28.1811577,47.1836064],[28.1901177,47.1894586],[28.2346162,47.1815082],[28.2478337,47.1737244],[28.2739351,47.1678495],[28.2753779,47.1590286],[28.3175309,47.1599589],[28.3305243,47.1765633],[28.3505081,47.1624679],[28.354338,47.1646353],[28.3501037,47.1696195],[28.3608902,47.1741329],[28.3896461,47.1670992],[28.4071692,47.187789],[28.4175773,47.1814846],[28.4226297,47.1835669],[28.4130751,47.1923389],[28.422857,47.1998172],[28.4094829,47.2081878],[28.4225194,47.2195217],[28.4643724,47.1911866],[28.4663366,47.1962447],[28.4784254,47.198982],[28.4642889,47.2191896],[28.4759671,47.2314534],[28.4820967,47.2270463],[28.4871697,47.2297486],[28.4706945,47.242302],[28.4636735,47.251578],[28.4678799,47.2533623],[28.4537153,47.2652774],[28.4610392,47.2688342],[28.448776,47.2714243],[28.4426437,47.2677981],[28.4302109,47.2798709],[28.4380961,47.2818219],[28.4395047,47.2770101],[28.4429183,47.2830724],[28.4522892,47.2845281],[28.4529611,47.2795344],[28.4591451,47.2801781],[28.459511,47.2841944],[28.4654468,47.2797755],[28.4615464,47.2864546],[28.4696101,47.2838376],[28.4723102,47.2932554],[28.4916989,47.2900802],[28.4921968,47.2980184],[28.4681929,47.3102686],[28.4751319,47.3171271],[28.4937501,47.3034329],[28.505419,47.3090621],[28.5142489,47.3033752],[28.5161938,47.3086008],[28.5071657,47.3159858],[28.5110449,47.317389],[28.5320083,47.3082275],[28.5541095,47.3074011],[28.5480401,47.3176827],[28.5345899,47.3282527],[28.5262054,47.3283647],[28.5276282,47.3347773],[28.5218573,47.3349157],[28.5307296,47.3378592],[28.5474415,47.3295949],[28.5410645,47.3387995],[28.5489977,47.3408788],[28.5565706,47.3309105],[28.5555915,47.337482],[28.5644806,47.3380478],[28.5515887,47.3503312],[28.5455596,47.3694279],[28.5423621,47.3675369],[28.5471348,47.3499399],[28.5416025,47.3478489],[28.5294391,47.3519674],[28.519291,47.3663699],[28.5113421,47.3651956],[28.5012477,47.409718],[28.5044201,47.4140316],[28.4968592,47.4210247],[28.4970809,47.4306343],[28.467275,47.4286467],[28.4601179,47.4330958],[28.4569743,47.423773],[28.4478137,47.4235061],[28.4456412,47.416263],[28.4610204,47.405976],[28.4570284,47.3948887],[28.4359051,47.4080526],[28.4287643,47.4054213],[28.4121819,47.4147902],[28.4044887,47.4141157],[28.4030056,47.4193382],[28.3781798,47.4254386],[28.3654076,47.4273579],[28.3583604,47.4097409],[28.3376724,47.4193187],[28.331278,47.4114814],[28.3235366,47.4179456],[28.2815704,47.4242697],[28.2429149,47.4395868],[28.2412614,47.4342711],[28.2106843,47.436141],[28.2034143,47.446533],[28.1912684,47.4459139],[28.1919784,47.4402681],[28.1852872,47.4391908],[28.1944317,47.4189922],[28.1959518,47.4028866],[28.1844479,47.3665341],[28.1594829,47.3702737],[28.1510035,47.3557048],[28.1390407,47.3520311],[28.1474022,47.3482736],[28.1409595,47.3443434],[28.140769,47.3318727],[28.1233894,47.3402756],[28.1196254,47.3275631],[28.1107148,47.3285904],[28.100834,47.3378968],[28.0761212,47.3294887],[28.0774232,47.3220458],[28.090889,47.3238909],[28.1018813,47.3118397],[28.0847643,47.3104623],[28.0981805,47.3027909],[28.096665,47.2930261],[28.1129471,47.2961845],[28.1138232,47.2897416],[28.1178123,47.289775],[28.1162825,47.2984754],[28.1267604,47.2991759],[28.1166285,47.3034037],[28.1421712,47.2992353],[28.131675,47.2851767],[28.1171257,47.2862262],[28.1115399,47.2822518],[28.0819733,47.2871947],[28.0715621,47.2777322],[28.0765061,47.2684568],[28.0573637,47.2734182],[28.0467944,47.259656],[28.0628831,47.25016],[28.0563896,47.2472458],[28.082726,47.2409851],[28.0858774,47.2273889],[28.1045853,47.2229314]]],[[[28.4867529,47.1812254],[28.4844327,47.1917963],[28.47817,47.1896527],[28.4818569,47.1874461],[28.4774093,47.1828264],[28.4867529,47.1812254]]]]}},{"type":"Feature","properties":{"entity_id":"osm-r58990","jurisdiction":"MD","display_name":"Nisporeni","display_type":"district","admin_level":4,"tier":"overview","legal_registry":"CUATM","legal_id":"6000","legal_type":null,"parent_catalog_id":"MD","osm_relation_id":58990,"legal_identity_status":"reconciled","geometry_source":"OpenStreetMap","geometry_precision":"simplified_for_web"},"geometry":{"type":"Polygon","coordinates":[[[28.1045853,47.2229314],[28.0858774,47.2273889],[28.082726,47.2409851],[28.0563896,47.2472458],[28.0628831,47.25016],[28.0467944,47.259656],[28.0236505,47.2569008],[27.9773548,47.2415569],[27.9704071,47.2178057],[27.9779666,47.1992584],[27.9921279,47.1962112],[27.9880153,47.1868112],[27.9913878,47.1773728],[27.9522839,47.1790028],[27.9505195,47.1551342],[27.9571316,47.1504552],[27.9446272,47.1337345],[27.9460986,47.1264838],[27.9899559,47.112227],[27.9879292,47.0959768],[27.9984725,47.0942015],[28.0073828,47.0800867],[28.0016045,47.0665788],[28.0040104,47.0587516],[28.0443708,47.0581146],[28.0476565,47.0538116],[28.0544555,47.0370342],[28.042184,47.0367128],[28.045431,47.0273245],[28.0369154,47.0292079],[28.0421596,47.0201054],[28.0485592,47.0247348],[28.0538238,47.0139651],[28.0424756,47.0192696],[28.0320277,47.0115115],[28.0398502,47.0118112],[28.0434283,47.0078444],[28.0396632,47.0067899],[28.050555,47.0013841],[28.0538493,47.0057843],[28.0546252,46.999567],[28.0804128,46.9908861],[28.0781124,46.9850791],[28.096242,46.9784822],[28.0847542,46.9721124],[28.0854299,46.9648772],[28.078327,46.9628091],[28.0851416,46.9564461],[28.0937614,46.9563754],[28.0902309,46.9470359],[28.098476,46.9484068],[28.0957869,46.9401625],[28.087317,46.94159],[28.0885224,46.9349971],[28.0812294,46.9381131],[28.084072,46.934012],[28.1027699,46.932672],[28.1060821,46.9283239],[28.0960219,46.928422],[28.1113181,46.9231618],[28.128131,46.9301995],[28.1360623,46.9206012],[28.150375,46.9229889],[28.1609417,46.9097318],[28.1755248,46.9141209],[28.1586762,46.9250685],[28.1616729,46.93726],[28.1754498,46.9380756],[28.1824047,46.9315199],[28.2018145,46.9299997],[28.2062323,46.9189753],[28.2166743,46.9120704],[28.2222442,46.9135053],[28.2262045,46.9057438],[28.2365051,46.9085169],[28.241882,46.9194595],[28.2391025,46.9511321],[28.2455849,46.9516212],[28.2431192,46.9801123],[28.2478206,46.999988],[28.2862741,47.0003671],[28.2908912,47.0058482],[28.3033452,47.0029865],[28.3127728,46.9930567],[28.3283273,47.0055859],[28.3047785,47.028627],[28.3010842,47.0445238],[28.3004172,47.055484],[28.3220133,47.083292],[28.3160318,47.0903441],[28.3153426,47.1015964],[28.3014884,47.1062356],[28.2709881,47.0957738],[28.2433689,47.1133021],[28.2483496,47.1165029],[28.2342166,47.1216551],[28.2369483,47.145555],[28.2532887,47.1358267],[28.265029,47.1356366],[28.270652,47.1503375],[28.2803227,47.1509984],[28.2742973,47.1538688],[28.2739351,47.1678495],[28.2132958,47.1866289],[28.1981301,47.1851905],[28.1901177,47.1894586],[28.1881117,47.1852508],[28.1734804,47.184253],[28.1547989,47.2008761],[28.1247497,47.2045092],[28.1200193,47.2212162],[28.1045853,47.2229314]]]}},{"type":"Feature","properties":{"entity_id":"osm-r58991","jurisdiction":"MD","display_name":"Hîncești","display_type":"district","admin_level":4,"tier":"overview","legal_registry":"CUATM","legal_id":"5300","legal_type":null,"parent_catalog_id":"MD","osm_relation_id":58991,"legal_identity_status":"reconciled","geometry_source":"OpenStreetMap","geometry_precision":"simplified_for_web"},"geometry":{"type":"Polygon","coordinates":[[[28.304499,47.0325248],[28.3287717,47.0071683],[28.3127728,46.9930567],[28.3033452,47.0029865],[28.2908912,47.0058482],[28.2862741,47.0003671],[28.2478206,46.999988],[28.2431192,46.9801123],[28.2455849,46.9516212],[28.2391025,46.9511321],[28.241882,46.9194595],[28.2367684,46.9086347],[28.2262045,46.9057438],[28.2222442,46.9135053],[28.2166743,46.9120704],[28.2062323,46.9189753],[28.2018145,46.9299997],[28.1824047,46.9315199],[28.1749764,46.938124],[28.1616729,46.93726],[28.1620714,46.9283401],[28.1580631,46.9273512],[28.1755248,46.9141209],[28.1694708,46.911143],[28.1609417,46.9097318],[28.150375,46.9229889],[28.1360623,46.9206012],[28.128131,46.9301995],[28.1113181,46.9231618],[28.1029051,46.9093745],[28.0941804,46.9100447],[28.0959054,46.904741],[28.0866306,46.9076512],[28.0829309,46.9030072],[28.0892657,46.8994836],[28.0859485,46.8949344],[28.0927993,46.896558],[28.0968161,46.8918911],[28.1038484,46.8958931],[28.1078818,46.8890534],[28.1099123,46.895612],[28.1134222,46.893054],[28.1124014,46.8819705],[28.1188287,46.8777298],[28.0982644,46.8704963],[28.1118428,46.869693],[28.1074646,46.86587],[28.1234614,46.8566302],[28.1175698,46.8534183],[28.1273964,46.8527204],[28.1233636,46.8471302],[28.116458,46.8484632],[28.1124237,46.840598],[28.1075412,46.8424757],[28.1156682,46.8359835],[28.1143591,46.8219849],[28.1192981,46.8187247],[28.1254486,46.8231241],[28.1234942,46.8139928],[28.131166,46.8127714],[28.1285564,46.8066637],[28.1528939,46.7991714],[28.1489861,46.7935493],[28.1611449,46.7841777],[28.1611858,46.7913723],[28.1651381,46.7912821],[28.1655292,46.7836747],[28.1765802,46.7779301],[28.1605287,46.7775628],[28.1727266,46.7757828],[28.1671326,46.7702696],[28.177874,46.770803],[28.1777967,46.7583319],[28.1854445,46.7596073],[28.1730504,46.7506403],[28.1829351,46.7469003],[28.1839326,46.7430713],[28.1778345,46.7428244],[28.1830831,46.734341],[28.194354,46.734724],[28.1951741,46.7298356],[28.1862831,46.7243126],[28.194684,46.7215829],[28.1888807,46.7188157],[28.1964446,46.7151673],[28.1952,46.7191173],[28.2019205,46.7215516],[28.2014814,46.7157511],[28.2094975,46.7118119],[28.2096075,46.7036645],[28.2020318,46.7003872],[28.2147256,46.6935874],[28.2074515,46.686421],[28.2146816,46.6829925],[28.2208932,46.6904642],[28.2236768,46.675989],[28.2281941,46.6736955],[28.2317004,46.6747993],[28.2301328,46.6818603],[28.2362527,46.6791664],[28.2397844,46.6684564],[28.2348026,46.6667431],[28.2373782,46.6511791],[28.2461997,46.6451845],[28.2381641,46.6432198],[28.2446868,46.6371785],[28.2639025,46.6399225],[28.3022769,46.6363606],[28.3029059,46.6234128],[28.2960037,46.6179194],[28.2946038,46.6052651],[28.3655074,46.608714],[28.3960708,46.6193229],[28.3798614,46.6326937],[28.3843701,46.6489572],[28.367133,46.6790394],[28.3845707,46.6876181],[28.4112967,46.6919974],[28.3998809,46.6953085],[28.3980045,46.7039675],[28.4040219,46.7064225],[28.4230274,46.7049615],[28.4296185,46.6969042],[28.4488425,46.703835],[28.4482352,46.6953628],[28.4671985,46.6911217],[28.4699396,46.6826025],[28.4826441,46.6780979],[28.4871907,46.668124],[28.5097393,46.6610959],[28.5296096,46.6694975],[28.5626698,46.6688329],[28.5608807,46.659794],[28.6169338,46.6621274],[28.6159656,46.6751115],[28.6040236,46.6840064],[28.6109678,46.7119905],[28.6077068,46.722718],[28.6008315,46.7265467],[28.6046966,46.733337],[28.6202769,46.7378502],[28.633047,46.726593],[28.6453272,46.7304517],[28.6512393,46.722116],[28.6713362,46.729566],[28.6639085,46.740165],[28.6769833,46.7418829],[28.6691698,46.7491078],[28.7296294,46.7744825],[28.7042386,46.7986816],[28.7309405,46.8023618],[28.7268609,46.8041541],[28.7298224,46.8066762],[28.7234733,46.8193521],[28.742799,46.8240015],[28.715917,46.8509762],[28.7138946,46.8592408],[28.703439,46.867788],[28.704819,46.873032],[28.6922435,46.8745475],[28.6863032,46.8804191],[28.681401,46.87632],[28.6663273,46.8805486],[28.6578365,46.8714708],[28.6646622,46.8722286],[28.6712854,46.86207],[28.660651,46.85784],[28.6422405,46.8687526],[28.6492232,46.8774071],[28.6400469,46.8846394],[28.6449297,46.8873782],[28.6401113,46.8934623],[28.6482071,46.8979594],[28.635472,46.903529],[28.628258,46.90001],[28.6253085,46.9090495],[28.599992,46.918716],[28.5883716,46.927755],[28.5913968,46.9396719],[28.5781337,46.9387262],[28.5711963,46.9280814],[28.5688827,46.9364081],[28.5540845,46.9509797],[28.5630786,46.9653144],[28.5356355,46.9813262],[28.5493511,46.9894421],[28.5137883,47.001082],[28.5267502,47.0198854],[28.4773315,47.043092],[28.4772391,47.0479594],[28.4641266,47.0540739],[28.4762957,47.0634258],[28.4522045,47.0722434],[28.4307598,47.0537634],[28.3927166,47.0896637],[28.3830427,47.083044],[28.3942442,47.0868254],[28.4047634,47.0666971],[28.4009072,47.0629577],[28.3860778,47.0804997],[28.3803612,47.0767477],[28.3684212,47.0799055],[28.3834617,47.0701739],[28.3770356,47.0684145],[28.3798893,47.0631566],[28.3763052,47.0626054],[28.368329,47.0748189],[28.3602648,47.0701116],[28.3561952,47.081348],[28.3490533,47.0758777],[28.35076,47.0697343],[28.3474777,47.0747068],[28.3316957,47.0698293],[28.3240463,47.0757193],[28.3284508,47.0812021],[28.3221235,47.0839079],[28.30019,47.0549807],[28.304499,47.0325248]]]}},{"type":"Feature","properties":{"entity_id":"osm-r58993","jurisdiction":"MD","display_name":"Telenești","display_type":"district","admin_level":4,"tier":"overview","legal_registry":"CUATM","legal_id":"8900","legal_type":null,"parent_catalog_id":"MD","osm_relation_id":58993,"legal_identity_status":"reconciled","geometry_source":"OpenStreetMap","geometry_precision":"simplified_for_web"},"geometry":{"type":"Polygon","coordinates":[[[28.5570155,47.7284535],[28.5386528,47.7379599],[28.5272414,47.72675],[28.5051112,47.7376515],[28.4669436,47.7072106],[28.4710809,47.70191],[28.4442163,47.6979216],[28.4293997,47.7027865],[28.3925186,47.699329],[28.4059362,47.6539888],[28.3908891,47.6517395],[28.4066906,47.6077116],[28.3913104,47.6116584],[28.3875162,47.6177385],[28.3718278,47.6187774],[28.3699157,47.5939769],[28.357545,47.5581586],[28.2927771,47.5695727],[28.2184477,47.5721839],[28.2105655,47.5483712],[28.1768886,47.5578402],[28.1518973,47.570707],[28.1417711,47.5340158],[28.1507849,47.5317514],[28.1532735,47.4564537],[28.1769231,47.4484456],[28.1852872,47.4391908],[28.1919784,47.4402681],[28.1912684,47.4459139],[28.2034143,47.446533],[28.2106843,47.436141],[28.2412614,47.4342711],[28.2429149,47.4395868],[28.2815704,47.4242697],[28.3235366,47.4179456],[28.331278,47.4114814],[28.3376724,47.4193187],[28.3583604,47.4097409],[28.3654076,47.4273579],[28.3781798,47.4254386],[28.4030056,47.4193382],[28.4044887,47.4141157],[28.4121819,47.4147902],[28.4287643,47.4054213],[28.4359051,47.4080526],[28.4570284,47.3948887],[28.4610204,47.405976],[28.4456412,47.416263],[28.4478137,47.4235061],[28.4570806,47.4238819],[28.4601179,47.4330958],[28.4691872,47.4285966],[28.5448224,47.4350053],[28.5569374,47.4452847],[28.541517,47.4570644],[28.5493624,47.4795075],[28.558299,47.4825205],[28.5535315,47.4943437],[28.6012582,47.5172307],[28.5957321,47.5218849],[28.6065113,47.5281083],[28.6128819,47.5229852],[28.705027,47.5569934],[28.6881634,47.5648453],[28.6977027,47.6278619],[28.6876108,47.6302575],[28.7039814,47.6512954],[28.6685789,47.6548317],[28.6642272,47.654407],[28.6656391,47.648467],[28.6521746,47.6557832],[28.646794,47.6512838],[28.5951444,47.665478],[28.6187118,47.7032757],[28.5570155,47.7284535]]]}},{"type":"Feature","properties":{"entity_id":"osm-r58996","jurisdiction":"MD","display_name":"Sîngerei","display_type":"district","admin_level":4,"tier":"overview","legal_registry":"CUATM","legal_id":"7400","legal_type":null,"parent_catalog_id":"MD","osm_relation_id":58996,"legal_identity_status":"reconciled","geometry_source":"OpenStreetMap","geometry_precision":"simplified_for_web"},"geometry":{"type":"Polygon","coordinates":[[[28.3804928,47.6932052],[28.3762307,47.7027567],[28.3633149,47.6987871],[28.3490293,47.7122982],[28.340783,47.7105991],[28.3049547,47.7287326],[28.2828985,47.7354666],[28.2687548,47.7299467],[28.2486459,47.7487243],[28.2441525,47.7459629],[28.2326685,47.7538906],[28.2200569,47.7458211],[28.2135394,47.747345],[28.2420263,47.7694138],[28.2491496,47.7647743],[28.2653777,47.7749709],[28.1769275,47.779044],[28.1752854,47.8045566],[28.1571051,47.8372733],[28.1461696,47.8357565],[28.1315913,47.8269696],[28.1307307,47.821688],[28.0703977,47.8510701],[28.0832322,47.8696237],[28.0749359,47.8758235],[28.0685551,47.8717604],[28.0594743,47.8774048],[28.0667478,47.8730205],[28.0616452,47.8701385],[28.0518236,47.8781022],[28.050926,47.8828363],[28.0597597,47.8892233],[28.0509104,47.894882],[28.0443445,47.9101159],[28.0300973,47.9009977],[28.0232858,47.9057305],[28.0120207,47.8977894],[28.0211509,47.8912517],[28.0161827,47.8809827],[27.9924303,47.8670685],[27.9563106,47.850893],[27.9431294,47.8642324],[27.9166789,47.8518245],[27.9058984,47.8236274],[27.9167177,47.8230231],[27.9198826,47.7975147],[27.9538589,47.7913743],[27.9645694,47.7837962],[27.9821517,47.7884577],[27.9622441,47.8027437],[27.9667456,47.8094358],[27.9725292,47.8152571],[27.9797271,47.8092413],[27.9819507,47.8147825],[28.0030356,47.8249237],[28.0350955,47.8038916],[28.0269953,47.7991088],[28.0504565,47.7907744],[28.0425671,47.7813431],[28.0088137,47.7645323],[27.9862789,47.7749712],[27.9785622,47.7855316],[27.9612555,47.7813065],[27.9713942,47.7676656],[27.973984,47.7546442],[27.9602983,47.7538564],[27.9565049,47.7422566],[27.945344,47.7378997],[27.9235378,47.7381159],[27.9414851,47.7222393],[27.9094461,47.7030654],[27.9144437,47.7000591],[27.9097821,47.6967098],[27.9181465,47.6914526],[27.9150396,47.6869692],[27.932238,47.6674915],[27.946065,47.6778222],[27.9570552,47.6752989],[27.9665534,47.6588915],[27.9664732,47.6467509],[27.9988592,47.6352972],[28.0034468,47.6302579],[27.9980787,47.6290789],[28.000079,47.6189115],[27.9728338,47.6130802],[27.9673824,47.6183533],[27.9538505,47.6141989],[27.9508602,47.5855051],[27.9428749,47.5725575],[27.9273703,47.5726737],[27.9082547,47.5647888],[27.9035801,47.5701957],[27.8863009,47.5600573],[27.8984047,47.5342286],[27.9228889,47.5258908],[27.9191511,47.5341276],[27.931496,47.5329276],[27.9339407,47.5258493],[27.9693167,47.5236939],[27.9665791,47.4974785],[27.951307,47.490668],[27.9461831,47.4781845],[27.9324003,47.4771513],[27.9361049,47.4646664],[27.9732034,47.4728409],[27.9709659,47.4770554],[27.9854302,47.4803053],[28.0051552,47.4741145],[28.0246115,47.4750399],[28.0288686,47.4738743],[28.0497337,47.4343566],[28.0618006,47.4357677],[28.0597508,47.4620757],[28.0632888,47.4680539],[28.0898647,47.4720736],[28.0977739,47.4572197],[28.1532735,47.4564537],[28.1507849,47.5317514],[28.1417711,47.5340158],[28.1518973,47.570707],[28.1768886,47.5578402],[28.2105655,47.5483712],[28.2184477,47.5721839],[28.2927771,47.5695727],[28.357545,47.5581586],[28.3699157,47.5939769],[28.3718278,47.6187774],[28.3875162,47.6177385],[28.3913104,47.6116584],[28.4066906,47.6077116],[28.3908891,47.6517395],[28.4059362,47.6539888],[28.3960107,47.6909304],[28.3804928,47.6932052]]]}},{"type":"Feature","properties":{"entity_id":"osm-r59000","jurisdiction":"MD","display_name":"Edineț","display_type":"district","admin_level":4,"tier":"overview","legal_registry":"CUATM","legal_id":"4100","legal_type":null,"parent_catalog_id":"MD","osm_relation_id":59000,"legal_identity_status":"reconciled","geometry_source":"OpenStreetMap","geometry_precision":"simplified_for_web"},"geometry":{"type":"Polygon","coordinates":[[[27.5194182,48.1101697],[27.5195304,48.1253149],[27.5071392,48.1585305],[27.5171868,48.1695394],[27.5417634,48.1625569],[27.5326544,48.171968],[27.5412379,48.1822232],[27.5297556,48.1913842],[27.525336,48.189276],[27.5058801,48.1999363],[27.4968471,48.1966694],[27.4868667,48.2064364],[27.4913063,48.2148974],[27.427465,48.2206305],[27.3633499,48.2492109],[27.3633625,48.2576565],[27.3584091,48.2580162],[27.358933,48.2834141],[27.3655476,48.2833964],[27.3662091,48.2944218],[27.3526323,48.2932842],[27.3545184,48.2984217],[27.3461325,48.3008611],[27.3505989,48.3084262],[27.3599142,48.3055839],[27.3607734,48.3009201],[27.3722419,48.3017003],[27.3748442,48.3227029],[27.3696985,48.3281339],[27.3759568,48.3315507],[27.3689982,48.3357463],[27.3661161,48.3313711],[27.3624845,48.3365816],[27.3234212,48.3491286],[27.2697418,48.3219022],[27.2780768,48.2922711],[27.258217,48.289066],[27.2570813,48.2746449],[27.2685663,48.2653901],[27.2605488,48.2613419],[27.2760966,48.2385175],[27.2640887,48.2334733],[27.2354437,48.2275856],[27.2211991,48.2418244],[27.2059161,48.2267566],[27.2092679,48.2211707],[27.1735966,48.2230329],[27.1511339,48.2322481],[27.1551026,48.23803],[27.1535163,48.2437646],[27.1474971,48.2435319],[27.1504129,48.2572453],[27.1414227,48.2629652],[27.1004351,48.2674206],[27.0727608,48.2375188],[27.0879656,48.2227841],[27.090797,48.1831527],[27.0852425,48.1829416],[27.0743864,48.1693665],[27.0354954,48.1572958],[27.0397815,48.1553173],[27.0301001,48.1419878],[27.0346688,48.1402461],[27.0226478,48.126274],[27.0273632,48.1233668],[27.0399065,48.1290105],[27.0337142,48.11703],[27.0405822,48.103406],[27.0263481,48.0879828],[27.0424643,48.0811375],[27.0476741,48.0672374],[27.0824297,48.0499421],[27.0839445,48.034522],[27.1083921,48.0304099],[27.0921421,48.0221838],[27.0892408,48.0088635],[27.0985292,48.0053415],[27.1141886,48.0136911],[27.1262177,48.0134505],[27.1172805,47.9993395],[27.1233361,47.9929632],[27.1632003,47.9958446],[27.1532264,47.9717178],[27.1439867,47.9646058],[27.1724787,47.9524782],[27.1771734,47.9439033],[27.1918646,47.940238],[27.2359732,47.9634927],[27.2232149,47.9747834],[27.2296081,47.9780224],[27.2243417,47.9822623],[27.2503869,47.9974824],[27.2434405,48.0072342],[27.2548904,48.013183],[27.2638007,48.0119148],[27.3004604,48.0345516],[27.3288877,48.0174962],[27.3357175,48.0219926],[27.3632963,48.0006139],[27.3940733,48.0275817],[27.4134879,48.0130323],[27.450164,48.0314678],[27.4469128,48.0348266],[27.4518022,48.0373502],[27.52405,48.0588188],[27.5194182,48.1101697]]]}},{"type":"Feature","properties":{"entity_id":"osm-r59002","jurisdiction":"MD","display_name":"Briceni","display_type":"district","admin_level":4,"tier":"overview","legal_registry":"CUATM","legal_id":"1400","legal_type":null,"parent_catalog_id":"MD","osm_relation_id":59002,"legal_identity_status":"reconciled","geometry_source":"OpenStreetMap","geometry_precision":"simplified_for_web"},"geometry":{"type":"Polygon","coordinates":[[[26.9310092,48.3722157],[26.9317618,48.3633256],[26.8946036,48.383582],[26.9013109,48.3969812],[26.8899534,48.4095449],[26.8705953,48.4201932],[26.8515028,48.4131842],[26.7752709,48.4184228],[26.7682575,48.407197],[26.7536604,48.3989351],[26.7203297,48.4104595],[26.7092074,48.4053958],[26.7649204,48.3536858],[26.7959907,48.342964],[26.8078551,48.3516862],[26.8241215,48.3444234],[26.8270105,48.3247055],[26.8227298,48.324363],[26.823269,48.3195063],[26.831069,48.3139476],[26.8224949,48.3116646],[26.8257178,48.3040343],[26.8173641,48.2952386],[26.7945721,48.2911997],[26.7669404,48.3023602],[26.7577333,48.323687],[26.7367701,48.312917],[26.6945327,48.3599461],[26.6826272,48.355569],[26.695942,48.3272072],[26.6756376,48.3248599],[26.6758011,48.3171577],[26.6483195,48.3048884],[26.649585,48.2981343],[26.6416394,48.2899307],[26.6164083,48.2740912],[26.630225,48.2596252],[26.6377767,48.2613779],[26.6460154,48.2525181],[26.6627493,48.263854],[26.6668611,48.2605633],[26.6623195,48.2517872],[26.6662323,48.2463898],[26.6855741,48.2503966],[26.7004188,48.2654738],[26.7083955,48.2530264],[26.7211962,48.2463512],[26.7312498,48.2485853],[26.7274948,48.257951],[26.7430063,48.2541663],[26.7358311,48.2444431],[26.7656152,48.2484179],[26.7832871,48.2430712],[26.7864081,48.2498713],[26.8102798,48.2540581],[26.816612,48.2454112],[26.8265217,48.2443647],[26.8317409,48.2265453],[26.8517383,48.2341735],[26.8601713,48.2187277],[26.8855006,48.2016189],[26.9087534,48.2012652],[26.9032772,48.1946665],[26.8927,48.1927661],[26.903351,48.1807235],[26.9209112,48.1827116],[26.9145717,48.1988639],[26.9434549,48.1956967],[26.950186,48.1858569],[26.9322701,48.1700885],[26.9349106,48.1643655],[26.9775408,48.1603179],[26.9916791,48.1504456],[26.9787155,48.1438048],[26.9548401,48.152084],[26.9509663,48.1485658],[26.9550514,48.136323],[27.0008218,48.1218289],[27.0178572,48.1376129],[27.0294856,48.1361287],[27.0346688,48.1402461],[27.0301001,48.1419878],[27.0397815,48.1553173],[27.0354954,48.1572958],[27.0743864,48.1693665],[27.0852425,48.1829416],[27.090797,48.1831527],[27.0879656,48.2227841],[27.0727608,48.2375188],[27.1004351,48.2674206],[27.1414227,48.2629652],[27.1504129,48.2572453],[27.1474971,48.2435319],[27.1535163,48.2437646],[27.1551026,48.23803],[27.1511339,48.2322481],[27.1735966,48.2230329],[27.2092679,48.2211707],[27.2059161,48.2267566],[27.2211991,48.2418244],[27.2354437,48.2275856],[27.2760966,48.2385175],[27.2605488,48.2613419],[27.2685663,48.2653901],[27.2570813,48.2746449],[27.258217,48.289066],[27.2780768,48.2922711],[27.2697418,48.3219022],[27.2168377,48.3477692],[27.2298553,48.3533328],[27.2356588,48.3729901],[27.2131473,48.3911],[27.2002865,48.3890761],[27.1923268,48.3948664],[27.1685246,48.3809615],[27.1391399,48.3744874],[27.1241493,48.3790862],[27.0874478,48.4129101],[27.0847731,48.4346715],[27.0691701,48.4324399],[27.0622567,48.4213209],[27.0301473,48.4271285],[27.0121214,48.4230382],[27.0400388,48.4108484],[27.0368774,48.4068179],[27.0448363,48.4023441],[27.0499267,48.387646],[27.0458317,48.3742817],[27.0280993,48.3826655],[27.0048539,48.3803362],[27.0009966,48.37766],[27.0020621,48.3642085],[26.9952994,48.3594554],[26.9310092,48.3722157]]]}},{"type":"Feature","properties":{"entity_id":"osm-r59005","jurisdiction":"MD","display_name":"Ocnița","display_type":"district","admin_level":4,"tier":"overview","legal_registry":"CUATM","legal_id":"6200","legal_type":null,"parent_catalog_id":"MD","osm_relation_id":59005,"legal_identity_status":"reconciled","geometry_source":"OpenStreetMap","geometry_precision":"simplified_for_web"},"geometry":{"type":"Polygon","coordinates":[[[27.5045105,48.263499],[27.5092611,48.2661391],[27.4974625,48.271159],[27.4910726,48.2918722],[27.5087808,48.2911866],[27.5156242,48.3178454],[27.5093109,48.3202591],[27.5314407,48.3267911],[27.543062,48.3255243],[27.5340717,48.3309571],[27.5249105,48.3289055],[27.5272121,48.3323857],[27.521295,48.3334979],[27.5313844,48.34101],[27.5339723,48.3528313],[27.564708,48.3532181],[27.5918461,48.3419266],[27.5961829,48.3470067],[27.6154237,48.338035],[27.6317929,48.3368259],[27.6548146,48.3564248],[27.658889,48.3529102],[27.6662423,48.3634818],[27.6775213,48.3611829],[27.6914881,48.3671164],[27.6865669,48.3746402],[27.7809733,48.333449],[27.790989,48.3393281],[27.7777004,48.351259],[27.791208,48.3510067],[27.8406856,48.3857223],[27.8785459,48.3847323],[27.8807236,48.3933492],[27.8689885,48.4070127],[27.8200308,48.4193988],[27.8092863,48.4323599],[27.7618144,48.456321],[27.7364504,48.4569039],[27.6789623,48.4401336],[27.6385022,48.4432302],[27.5912612,48.4611745],[27.5890987,48.4656452],[27.6046881,48.4862705],[27.5865192,48.4919859],[27.5050049,48.4554971],[27.4915491,48.4583332],[27.4668905,48.4488062],[27.4467703,48.4090508],[27.4172459,48.4136646],[27.3838606,48.4106012],[27.3783676,48.4153153],[27.3735195,48.4417261],[27.353253,48.4491006],[27.3497328,48.4466996],[27.3535163,48.4404983],[27.3387103,48.4478858],[27.3374949,48.440993],[27.3197236,48.443607],[27.3115443,48.4286802],[27.314065,48.4228181],[27.2975081,48.4098422],[27.2867255,48.3717275],[27.2637695,48.3803636],[27.240154,48.3747113],[27.2356588,48.3729901],[27.2298553,48.3533328],[27.2167207,48.3479574],[27.2697418,48.3219022],[27.3234212,48.3491286],[27.3624845,48.3365816],[27.3661161,48.3313711],[27.3689982,48.3357463],[27.3759568,48.3315507],[27.3696985,48.3281339],[27.3748442,48.3227029],[27.3722419,48.3017003],[27.3607734,48.3009201],[27.3599142,48.3055839],[27.3505989,48.3084262],[27.3461325,48.3008611],[27.3545184,48.2984217],[27.3526323,48.2932842],[27.3662091,48.2944218],[27.3655476,48.2833964],[27.358933,48.2834141],[27.3584091,48.2580162],[27.3633625,48.2576565],[27.3633499,48.2492109],[27.427465,48.2206305],[27.4898332,48.2151263],[27.4935363,48.2394417],[27.5045105,48.263499]]]}},{"type":"Feature","properties":{"entity_id":"osm-r59007","jurisdiction":"MD","display_name":"Dondușeni","display_type":"district","admin_level":4,"tier":"overview","legal_registry":"CUATM","legal_id":"3400","legal_type":null,"parent_catalog_id":"MD","osm_relation_id":59007,"legal_identity_status":"reconciled","geometry_source":"OpenStreetMap","geometry_precision":"simplified_for_web"},"geometry":{"type":"Polygon","coordinates":[[[27.8716353,48.3440519],[27.9058733,48.354303],[27.8821059,48.3730136],[27.8785459,48.3847323],[27.8607893,48.3864886],[27.8578672,48.3823315],[27.8406856,48.3857223],[27.791208,48.3510067],[27.7777004,48.351259],[27.790989,48.3393281],[27.7809733,48.333449],[27.6865669,48.3746402],[27.6914881,48.3671164],[27.6775213,48.3611829],[27.6662423,48.3634818],[27.658889,48.3529102],[27.6548146,48.3564248],[27.6317929,48.3368259],[27.6154237,48.338035],[27.5961829,48.3470067],[27.5918461,48.3419266],[27.564708,48.3532181],[27.5339723,48.3528313],[27.5313844,48.34101],[27.521295,48.3334979],[27.5272121,48.3323857],[27.5249105,48.3289055],[27.5340717,48.3309571],[27.543062,48.3255243],[27.5314407,48.3267911],[27.5093109,48.3202591],[27.5156242,48.3178454],[27.5087808,48.2911866],[27.4910726,48.2918722],[27.4974625,48.271159],[27.5092611,48.2661391],[27.4935363,48.2394417],[27.4868667,48.2064364],[27.4968471,48.1966694],[27.5058801,48.1999363],[27.525336,48.189276],[27.5297556,48.1913842],[27.5412379,48.1822232],[27.5326544,48.171968],[27.5417634,48.1625569],[27.5171868,48.1695394],[27.5071392,48.1585305],[27.5195304,48.1253149],[27.5216094,48.0930188],[27.5480532,48.0836586],[27.5444734,48.080839],[27.5769727,48.0620338],[27.6058046,48.0604487],[27.6346783,48.0714026],[27.670461,48.0548055],[27.6988162,48.0480798],[27.6962035,48.0595425],[27.6878328,48.0637181],[27.6920042,48.0690273],[27.6427303,48.0961082],[27.6642301,48.1230646],[27.6988976,48.1443174],[27.708841,48.1399917],[27.7207882,48.1605087],[27.7201433,48.1736339],[27.733383,48.1722619],[27.7289424,48.1834294],[27.7412859,48.1998461],[27.7299316,48.205147],[27.7189595,48.203477],[27.7097474,48.2146386],[27.7196942,48.2170283],[27.7532863,48.2052975],[27.7664009,48.2216596],[27.805466,48.2353695],[27.8547397,48.2406919],[27.8713349,48.2514623],[27.8808978,48.2464883],[27.8809683,48.2499678],[27.9056976,48.2603264],[27.9355863,48.2617435],[27.9345248,48.2693183],[27.9541832,48.2629454],[27.9538856,48.2701528],[27.9432515,48.2752465],[27.9232032,48.2764693],[27.9115436,48.2975621],[27.9012147,48.2925945],[27.8994909,48.298013],[27.8742937,48.2948924],[27.8637643,48.3062276],[27.8513304,48.302183],[27.8208245,48.3040196],[27.8173414,48.3085501],[27.8299604,48.3178133],[27.846209,48.3160309],[27.8504353,48.3216364],[27.8558644,48.3185612],[27.8629842,48.3220001],[27.8733296,48.3305057],[27.8671067,48.3331325],[27.8792476,48.3377582],[27.8716353,48.3440519]]]}},{"type":"Feature","properties":{"entity_id":"osm-r65343","jurisdiction":"MD","display_name":"Căușeni","display_type":"district","admin_level":4,"tier":"overview","legal_registry":"CUATM","legal_id":"2700","legal_type":null,"parent_catalog_id":"MD","osm_relation_id":65343,"legal_identity_status":"reconciled","geometry_source":"OpenStreetMap","geometry_precision":"simplified_for_web"},"geometry":{"type":"Polygon","coordinates":[[[29.4822356,46.7843637],[29.476668,46.7813272],[29.4765614,46.7995412],[29.4606965,46.800289],[29.4670136,46.8071216],[29.4501222,46.8147655],[29.412402,46.8085861],[29.3986674,46.8179703],[29.3958339,46.7997654],[29.343473,46.8060803],[29.3315833,46.8022988],[29.3126996,46.8071882],[29.3183689,46.797813],[29.3141703,46.7959612],[29.291739,46.7995561],[29.295146,46.7912603],[29.2713348,46.7956303],[29.269771,46.7852969],[29.2872401,46.7848708],[29.2927861,46.7726541],[29.222163,46.7541676],[29.2247437,46.747654],[29.216014,46.7447778],[29.2263288,46.7190946],[29.2221577,46.7136663],[29.1739404,46.7077524],[29.169398,46.7182657],[29.1648446,46.7175175],[29.1528097,46.7505973],[29.139888,46.7504624],[29.1214861,46.7426825],[29.1167228,46.7510324],[29.0835993,46.7374317],[29.080931,46.7401845],[29.0675612,46.7316881],[29.0734974,46.7240448],[29.0295164,46.6962736],[29.0220918,46.703748],[29.0018988,46.6804749],[28.9963184,46.687432],[28.9930667,46.6839446],[28.9735019,46.6870961],[28.9648158,46.6796621],[28.955892,46.6858351],[28.9490641,46.676522],[28.9318744,46.6885582],[28.9284044,46.6811405],[28.9347322,46.6741856],[28.923245,46.6667045],[28.9275153,46.6621325],[28.9376833,46.6693378],[28.9435804,46.6613635],[28.9432996,46.6492533],[28.9671317,46.6282639],[28.9651747,46.6022391],[29.0324531,46.6092609],[29.0572349,46.607562],[29.0570744,46.5966952],[29.0490106,46.5930184],[29.0532816,46.5918748],[29.0530867,46.5788081],[29.0587598,46.5786494],[29.0619352,46.5278511],[29.0584776,46.5242554],[29.0629106,46.5125886],[29.1634854,46.5154171],[29.1618564,46.544472],[29.2358278,46.5582865],[29.2409242,46.4990443],[29.2493964,46.5002148],[29.2552119,46.4854353],[29.2196698,46.4636089],[29.2295402,46.4582936],[29.2318026,46.4334459],[29.2275784,46.4318808],[29.2468043,46.4166113],[29.206756,46.3863219],[29.2407054,46.3761769],[29.2677792,46.3936914],[29.2626282,46.399352],[29.2677621,46.4018951],[29.2650817,46.4065279],[29.2962511,46.4172393],[29.3027565,46.408262],[29.324102,46.4148169],[29.306011,46.4442989],[29.3185762,46.4476584],[29.3078009,46.4648752],[29.3365096,46.4739927],[29.3324757,46.4788633],[29.3383046,46.482461],[29.3315594,46.4959063],[29.3512806,46.5042009],[29.3961789,46.4252091],[29.3991887,46.4260559],[29.3867233,46.4466237],[29.4420032,46.4931927],[29.3963027,46.5326772],[29.4283747,46.5509839],[29.4064666,46.5783484],[29.4298838,46.5928854],[29.4279676,46.5957843],[29.4526969,46.5953358],[29.4770159,46.6132136],[29.4849375,46.6116574],[29.4949243,46.5980438],[29.5427157,46.6291163],[29.5378358,46.6349327],[29.5511918,46.639429],[29.5596414,46.6362435],[29.5611705,46.629675],[29.5678108,46.6304408],[29.5650796,46.636879],[29.5778757,46.6374093],[29.5847462,46.6289538],[29.5948262,46.6280879],[29.6001535,46.6223084],[29.6040324,46.637897],[29.6124125,46.6414646],[29.6101731,46.650599],[29.6184561,46.648775],[29.6200743,46.65464],[29.6251714,46.6545121],[29.626138,46.664884],[29.6332832,46.6644189],[29.6454803,46.6767804],[29.665217,46.6775446],[29.6709839,46.690303],[29.6930763,46.7046002],[29.6892228,46.7339762],[29.682262,46.7404933],[29.6744743,46.7345028],[29.6666148,46.755185],[29.6735092,46.777475],[29.6511698,46.7913652],[29.6661599,46.7994332],[29.6675785,46.8059371],[29.6461626,46.8172492],[29.6476274,46.8044675],[29.6344485,46.8064173],[29.6309836,46.8093609],[29.6358823,46.816577],[29.6321616,46.8206775],[29.603403,46.8151599],[29.5996256,46.8201088],[29.6145341,46.8292927],[29.6119738,46.833811],[29.5815566,46.8243798],[29.5877486,46.801117],[29.5611123,46.7973024],[29.5590469,46.7762223],[29.54077,46.796623],[29.5446395,46.7860255],[29.5407133,46.7778002],[29.5155044,46.7838954],[29.5103679,46.792833],[29.5029232,46.7944231],[29.4943696,46.7933645],[29.4943279,46.7838048],[29.4822356,46.7843637]]]}},{"type":"Feature","properties":{"entity_id":"osm-r65344","jurisdiction":"MD","display_name":"Ștefan Vodă","display_type":"district","admin_level":4,"tier":"overview","legal_registry":"CUATM","legal_id":"8500","legal_type":null,"parent_catalog_id":"MD","osm_relation_id":65344,"legal_identity_status":"reconciled","geometry_source":"OpenStreetMap","geometry_precision":"simplified_for_web"},"geometry":{"type":"Polygon","coordinates":[[[29.3963027,46.5326772],[29.4420032,46.4931927],[29.4484591,46.4986546],[29.5024603,46.4612869],[29.4843136,46.4474115],[29.494678,46.4281002],[29.5661326,46.4164774],[29.5803143,46.3609011],[29.6005381,46.3628537],[29.6033516,46.3536731],[29.6787608,46.3613508],[29.6602999,46.4359837],[29.6788227,46.4416721],[29.6858338,46.4259968],[29.7346389,46.4350027],[29.7311589,46.4399893],[29.7422191,46.443621],[29.7267899,46.4668279],[29.7412898,46.472979],[29.7677824,46.4530821],[29.7763856,46.4545767],[29.7896779,46.4220879],[29.7868229,46.419933],[29.8231401,46.3957558],[29.8052325,46.3856381],[29.8911359,46.3523887],[29.8869747,46.3716846],[29.9391763,46.4004698],[29.9878742,46.3840853],[29.9972458,46.3897509],[30.0211556,46.3830755],[30.0577759,46.3985623],[30.0705442,46.396985],[30.0972367,46.375181],[30.1068734,46.3913428],[30.1637143,46.4135329],[30.1569979,46.4290698],[30.1499088,46.4278977],[30.1459593,46.4144234],[30.1342788,46.4110181],[30.1298616,46.4131625],[30.135236,46.4173699],[30.1244385,46.4256587],[30.1123799,46.4314814],[30.1053948,46.4276716],[30.095724,46.4400692],[30.0897991,46.4386282],[30.0975201,46.4266959],[30.0924207,46.4257435],[30.0824843,46.4349136],[30.0783978,46.4239025],[30.0569858,46.4272695],[30.0551891,46.4350116],[30.0641721,46.4429057],[30.0225685,46.4420884],[30.0250741,46.4536949],[30.0082198,46.453515],[29.99411,46.461987],[30.0232968,46.4687771],[29.995019,46.4734071],[29.9898887,46.4863922],[30.0010931,46.49581],[29.9876895,46.4938549],[29.9924479,46.5009685],[29.9867551,46.5101853],[29.982816,46.499182],[29.9716085,46.5018694],[29.9647875,46.4926044],[29.9550606,46.4897983],[29.964698,46.5050041],[29.9626474,46.5096638],[29.9579677,46.5093882],[29.9517702,46.4976049],[29.9383491,46.4935968],[29.9350767,46.4959235],[29.9437634,46.5017639],[29.9238925,46.5034654],[29.9279206,46.5129076],[29.9054424,46.5149971],[29.9135179,46.5215879],[29.8958812,46.5273045],[29.9022183,46.5330999],[29.8877485,46.547431],[29.8787659,46.542114],[29.8710419,46.5544124],[29.8803404,46.5594113],[29.8795107,46.5540667],[29.8942923,46.5503242],[29.8950434,46.55602],[29.8845058,46.5635408],[29.871661,46.5620263],[29.859062,46.5681351],[29.8734364,46.5690965],[29.8608525,46.573206],[29.8775885,46.5797839],[29.8740395,46.5871614],[29.8701731,46.5870648],[29.8681615,46.5788231],[29.8546122,46.5805975],[29.84959,46.5891332],[29.8299399,46.5802963],[29.8267121,46.583662],[29.8369513,46.5893044],[29.8392446,46.5960162],[29.8328099,46.5954206],[29.8240693,46.6028742],[29.8224608,46.5918775],[29.8143823,46.5854684],[29.8124278,46.592478],[29.8170434,46.6004895],[29.8030275,46.6053944],[29.7985442,46.6019263],[29.8052103,46.6021217],[29.8095357,46.5878391],[29.7968546,46.5949641],[29.7971697,46.5823548],[29.7881934,46.5792821],[29.7675379,46.5850435],[29.7659597,46.5895435],[29.7234883,46.5991166],[29.7231814,46.6027085],[29.7318957,46.6011194],[29.7354197,46.6086118],[29.7455907,46.607204],[29.7509156,46.6108664],[29.7475944,46.6139835],[29.7556249,46.6159837],[29.7416085,46.6250968],[29.7632364,46.620227],[29.7520823,46.6307014],[29.7592797,46.6346533],[29.7788816,46.6338196],[29.7759559,46.6403316],[29.768545,46.6372127],[29.758053,46.6465877],[29.7742103,46.6495143],[29.7740497,46.6559019],[29.7554612,46.6478232],[29.7646094,46.6652795],[29.7616841,46.6691954],[29.7421316,46.6650819],[29.7259846,46.6719844],[29.7222712,46.6680183],[29.726902,46.6620482],[29.717852,46.6574746],[29.6987554,46.6662129],[29.7014822,46.6749463],[29.6980419,46.6788868],[29.6866068,46.6717956],[29.6763052,46.6767807],[29.6454803,46.6767804],[29.6332832,46.6644189],[29.626138,46.664884],[29.6251714,46.6545121],[29.6200743,46.65464],[29.6184561,46.648775],[29.6101731,46.650599],[29.6124125,46.6414646],[29.6040324,46.637897],[29.6001535,46.6223084],[29.5948262,46.6280879],[29.5847462,46.6289538],[29.5778757,46.6374093],[29.5650796,46.636879],[29.5678108,46.6304408],[29.5611705,46.629675],[29.5596414,46.6362435],[29.5511918,46.639429],[29.5378358,46.6349327],[29.5427157,46.6291163],[29.4949243,46.5980438],[29.4849375,46.6116574],[29.4770159,46.6132136],[29.4526969,46.5953358],[29.4279676,46.5957843],[29.4298838,46.5928854],[29.4064666,46.5783484],[29.4283747,46.5509839],[29.3963027,46.5326772]]]}},{"type":"Feature","properties":{"entity_id":"osm-r85827","jurisdiction":"MD","display_name":"Strășeni","display_type":"district","admin_level":4,"tier":"overview","legal_registry":"CUATM","legal_id":"8000","legal_type":null,"parent_catalog_id":"MD","osm_relation_id":85827,"legal_identity_status":"reconciled","geometry_source":"OpenStreetMap","geometry_precision":"simplified_for_web"},"geometry":{"type":"Polygon","coordinates":[[[28.6660176,47.0248914],[28.6710817,47.0282734],[28.6679914,47.044039],[28.6550998,47.0398465],[28.6437684,47.0604894],[28.6311073,47.0662703],[28.6395107,47.0706755],[28.6474903,47.0685491],[28.6605362,47.0829675],[28.7159114,47.082813],[28.7068893,47.09035],[28.7100321,47.0932423],[28.7055784,47.0997262],[28.6714236,47.1226723],[28.6621483,47.1353062],[28.6661387,47.1383824],[28.6731444,47.1347811],[28.7173227,47.1102098],[28.7364929,47.094176],[28.7449672,47.1128787],[28.7663092,47.1256887],[28.7472869,47.1439727],[28.7722053,47.1693017],[28.7654607,47.1765607],[28.7676288,47.1801664],[28.7851587,47.1860905],[28.7787679,47.1949507],[28.7728124,47.1926593],[28.7636802,47.2131518],[28.7436375,47.2066796],[28.7332072,47.2124071],[28.7276268,47.2230876],[28.7328951,47.2271368],[28.7337312,47.2360036],[28.7168795,47.2371408],[28.7075193,47.2428725],[28.6889126,47.2355788],[28.686072,47.2273241],[28.6723122,47.2401625],[28.6756787,47.2438823],[28.6682077,47.2469163],[28.6713614,47.251924],[28.654396,47.2612553],[28.6592665,47.2665008],[28.6492309,47.2735449],[28.6627699,47.2758319],[28.6461768,47.2908938],[28.6220787,47.2919405],[28.6152538,47.296528],[28.611484,47.303061],[28.6164891,47.3028764],[28.6131004,47.3353047],[28.5896661,47.3273851],[28.5795981,47.3283735],[28.581571,47.3228315],[28.5718502,47.3226906],[28.5706645,47.3267922],[28.558077,47.3218484],[28.5555723,47.3296649],[28.5450976,47.3242797],[28.5289954,47.3312369],[28.5262054,47.3283647],[28.5358311,47.3276238],[28.5494821,47.3158822],[28.5541095,47.3074011],[28.5477922,47.3055698],[28.5110449,47.317389],[28.5071657,47.3159858],[28.5161938,47.3086008],[28.5142489,47.3033752],[28.505419,47.3090621],[28.4937501,47.3034329],[28.4751319,47.3171271],[28.4681929,47.3102686],[28.4921968,47.2980184],[28.4916989,47.2900802],[28.4723102,47.2932554],[28.4696101,47.2838376],[28.4615464,47.2864546],[28.4654468,47.2797755],[28.459511,47.2841944],[28.4591451,47.2801781],[28.4529611,47.2795344],[28.4522892,47.2845281],[28.4429183,47.2830724],[28.4395047,47.2770101],[28.4380961,47.2818219],[28.4302109,47.2798709],[28.4426437,47.2677981],[28.448776,47.2714243],[28.4610392,47.2688342],[28.4537153,47.2652774],[28.4678799,47.2533623],[28.4636735,47.251578],[28.4706945,47.242302],[28.4871697,47.2297486],[28.4820967,47.2270463],[28.4759671,47.2314534],[28.4642889,47.2191896],[28.4784254,47.198982],[28.4663366,47.1962447],[28.4643724,47.1911866],[28.4225194,47.2195217],[28.4094829,47.2081878],[28.422857,47.1998172],[28.4130751,47.1923389],[28.4226297,47.1835669],[28.4175773,47.1814846],[28.4071692,47.187789],[28.3896461,47.1670992],[28.3608902,47.1741329],[28.3501037,47.1696195],[28.354338,47.1646353],[28.3505081,47.1624679],[28.3305243,47.1765633],[28.3175309,47.1599589],[28.2753779,47.1590286],[28.2742973,47.1538688],[28.2803227,47.1509984],[28.270652,47.1503375],[28.265029,47.1356366],[28.2532887,47.1358267],[28.2369483,47.145555],[28.2325444,47.1263993],[28.2386032,47.1170124],[28.2483496,47.1165029],[28.2433689,47.1133021],[28.2709881,47.0957738],[28.3014884,47.1062356],[28.3137591,47.1027051],[28.3162438,47.0899005],[28.3284508,47.0812021],[28.3240463,47.0757193],[28.3316957,47.0698293],[28.3474777,47.0747068],[28.35076,47.0697343],[28.3490533,47.0758777],[28.3561952,47.081348],[28.3602648,47.0701116],[28.368329,47.0748189],[28.374522,47.0638704],[28.3798893,47.0631566],[28.3770356,47.0684145],[28.3834617,47.0701739],[28.3684212,47.0799055],[28.3803612,47.0767477],[28.3860778,47.0804997],[28.4009072,47.0629577],[28.4047634,47.0666971],[28.3942442,47.0868254],[28.3830427,47.083044],[28.3927166,47.0896637],[28.4307598,47.0537634],[28.4522045,47.0722434],[28.4783531,47.0623795],[28.5042949,47.0434506],[28.5064423,47.0482699],[28.4924278,47.0584957],[28.5158347,47.0757832],[28.5279184,47.0616355],[28.5239926,47.0554234],[28.5271081,47.0495218],[28.6145742,46.988368],[28.633622,46.9968715],[28.6184536,47.011056],[28.6030237,47.0164739],[28.621988,47.021124],[28.6075284,47.0276202],[28.6177033,47.0342546],[28.601709,47.0442422],[28.5965474,47.0421423],[28.5956315,47.0492606],[28.5755449,47.0535893],[28.5679964,47.046022],[28.5692571,47.0495896],[28.5580464,47.0563814],[28.5778747,47.0588296],[28.6177618,47.0343772],[28.6422059,47.0407492],[28.64895,47.0298496],[28.6645083,47.0349133],[28.6660176,47.0248914]],[[28.4867529,47.1812254],[28.4774093,47.1828264],[28.4818569,47.1874461],[28.47817,47.1896527],[28.4844327,47.1917963],[28.4867529,47.1812254]]]}},{"type":"Feature","properties":{"entity_id":"osm-r1104136","jurisdiction":"MD","display_name":"Basarabeasca","display_type":"district","admin_level":4,"tier":"overview","legal_registry":"CUATM","legal_id":"1200","legal_type":null,"parent_catalog_id":"MD","osm_relation_id":1104136,"legal_identity_status":"reconciled","geometry_source":"OpenStreetMap","geometry_precision":"simplified_for_web"},"geometry":{"type":"Polygon","coordinates":[[[28.9667871,46.4592427],[29.0254762,46.462288],[29.0233177,46.4801617],[28.9840608,46.4778941],[28.9777629,46.4812677],[28.9872941,46.5068348],[28.9635591,46.5353761],[28.9376662,46.536925],[28.9430229,46.5249193],[28.9286472,46.5221087],[28.9139804,46.5152149],[28.9169131,46.5109497],[28.8776395,46.495838],[28.8869118,46.484356],[28.794937,46.4454829],[28.8479535,46.3987506],[28.8721581,46.3387394],[28.7637019,46.3210302],[28.7615224,46.3244244],[28.7624976,46.3214197],[28.7277389,46.3151394],[28.7363082,46.3064509],[28.7329794,46.2695838],[28.8977274,46.2954515],[28.9204792,46.2745836],[28.952275,46.2594504],[28.9853443,46.3183124],[29.0035545,46.3162659],[28.9971461,46.3204685],[28.9906021,46.3456511],[28.9867201,46.3430588],[28.9673043,46.3747832],[28.9415012,46.430917],[28.9372963,46.4518455],[28.9308607,46.4577381],[28.9667871,46.4592427]]]}},{"type":"Feature","properties":{"entity_id":"osm-r1211126","jurisdiction":"MD","display_name":"Cimișlia","display_type":"district","admin_level":4,"tier":"overview","legal_registry":"CUATM","legal_id":"2900","legal_type":null,"parent_catalog_id":"MD","osm_relation_id":1211126,"legal_identity_status":"reconciled","geometry_source":"OpenStreetMap","geometry_precision":"simplified_for_web"},"geometry":{"type":"Polygon","coordinates":[[[28.797134,46.7127477],[28.7908591,46.714163],[28.8009787,46.717277],[28.7936502,46.7324333],[28.785926,46.7365808],[28.7745112,46.7313305],[28.7450504,46.7540214],[28.7513061,46.7576505],[28.7477113,46.7599014],[28.727674,46.7469142],[28.7198356,46.7554242],[28.7326632,46.7642667],[28.7235794,46.7718833],[28.6691698,46.7491078],[28.6769833,46.7418829],[28.6639085,46.740165],[28.6713362,46.729566],[28.6512393,46.722116],[28.6453272,46.7304517],[28.633047,46.726593],[28.6202769,46.7378502],[28.6046966,46.733337],[28.6008315,46.7265467],[28.6077068,46.722718],[28.6109678,46.7119905],[28.6040236,46.6840064],[28.6159656,46.6751115],[28.6195033,46.6656806],[28.6169338,46.6621274],[28.5756325,46.6622331],[28.5738513,46.6365757],[28.5798267,46.6378814],[28.5797487,46.6033376],[28.5739762,46.5980043],[28.5669811,46.558987],[28.5798461,46.5584277],[28.5731295,46.5462229],[28.5767511,46.5156454],[28.5619965,46.4945923],[28.5495781,46.4903356],[28.5514211,46.4670966],[28.6022888,46.4714966],[28.7568402,46.4126833],[28.8228026,46.4217183],[28.794937,46.4454829],[28.8869118,46.484356],[28.8776395,46.495838],[28.9169131,46.5109497],[28.9139804,46.5152149],[28.9286472,46.5221087],[28.9430229,46.5249193],[28.9376662,46.536925],[28.9637107,46.5352308],[28.9872941,46.5068348],[28.981347,46.489047],[29.03348,46.4907461],[29.0390018,46.4937955],[29.0387011,46.5058814],[29.0632369,46.5070067],[29.0584776,46.5242554],[29.0619352,46.5278511],[29.0587598,46.5786494],[29.0530867,46.5788081],[29.0532816,46.5918748],[29.0490106,46.5930184],[29.0570744,46.5966952],[29.0572349,46.607562],[29.0324531,46.6092609],[28.9651747,46.6022391],[28.9671317,46.6282639],[28.9432996,46.6492533],[28.9435804,46.6613635],[28.9376833,46.6693378],[28.919064,46.6563463],[28.9129717,46.6589806],[28.8954942,46.6910229],[28.8977627,46.6977721],[28.9045663,46.6980054],[28.8848191,46.70047],[28.8626673,46.7132293],[28.8551106,46.7080577],[28.8509203,46.696222],[28.8410287,46.7035885],[28.8290336,46.7040144],[28.8380469,46.7011798],[28.8255712,46.6983214],[28.8233244,46.7068058],[28.8115616,46.713833],[28.797134,46.7127477]]]}},{"type":"Feature","properties":{"entity_id":"osm-r1435790","jurisdiction":"MD","display_name":"Rezina","display_type":"district","admin_level":4,"tier":"overview","legal_registry":"CUATM","legal_id":"6700","legal_type":null,"parent_catalog_id":"MD","osm_relation_id":1435790,"legal_identity_status":"reconciled","geometry_source":"OpenStreetMap","geometry_precision":"simplified_for_web"},"geometry":{"type":"Polygon","coordinates":[[[28.8534424,47.8171439],[28.8485222,47.8066564],[28.8412594,47.8060852],[28.8184278,47.7799824],[28.8083213,47.7864099],[28.7936266,47.7789213],[28.7688553,47.7795819],[28.7691831,47.7846172],[28.7573118,47.7819177],[28.7509329,47.7629605],[28.7588243,47.7633442],[28.7577316,47.7523975],[28.7746114,47.7254147],[28.737503,47.7217223],[28.7554253,47.7103565],[28.7337235,47.7112025],[28.7261236,47.7250588],[28.6666299,47.7504652],[28.6408176,47.7125394],[28.6143952,47.6998399],[28.5951444,47.665478],[28.646794,47.6512838],[28.6521746,47.6557832],[28.6656391,47.648467],[28.6642272,47.654407],[28.6685789,47.6548317],[28.7039814,47.6512954],[28.6876108,47.6302575],[28.6976328,47.628256],[28.6964437,47.6217358],[28.7588736,47.5867522],[28.7554086,47.5750952],[28.7915261,47.5714417],[28.7931322,47.5675613],[28.8090197,47.5648471],[28.8153068,47.5564188],[28.8283837,47.5603512],[28.8177848,47.5760042],[28.8251049,47.580589],[28.8346036,47.5694511],[28.8413172,47.5731488],[28.8656733,47.5681998],[28.8602792,47.57512],[28.8777695,47.5779936],[28.8788273,47.5855396],[28.8936694,47.5974947],[28.8992167,47.5932629],[28.893701,47.5864651],[28.9186394,47.5869088],[28.9284841,47.5738057],[28.9465275,47.5797481],[28.9594489,47.5573906],[28.9656435,47.5590314],[28.9742756,47.5508869],[28.9647632,47.5454627],[28.9738739,47.5293278],[28.983428,47.5319652],[28.9909755,47.524849],[29.0176744,47.5310692],[29.0282649,47.567935],[29.0206202,47.5811589],[28.9838331,47.6133035],[28.9832021,47.6233282],[28.996703,47.6485324],[28.9658674,47.7188818],[28.9799918,47.7442632],[28.9929425,47.7996425],[29.02016,47.836233],[29.0237225,47.8493075],[29.0152605,47.8600381],[28.9961551,47.8714849],[28.9265277,47.8845136],[28.9274142,47.8763019],[28.9496935,47.8683556],[28.9758247,47.8471918],[28.9693734,47.8456498],[28.9515692,47.8595208],[28.9379643,47.8504637],[28.9272927,47.8569161],[28.910711,47.8441268],[28.903193,47.8464871],[28.9021592,47.8083054],[28.8786885,47.8156953],[28.8534424,47.8171439]]]}},{"type":"Feature","properties":{"entity_id":"osm-r1691800","jurisdiction":"MD","display_name":"Ialoveni","display_type":"district","admin_level":4,"tier":"overview","legal_registry":"CUATM","legal_id":"5500","legal_type":null,"parent_catalog_id":"MD","osm_relation_id":1691800,"legal_identity_status":"reconciled","geometry_source":"OpenStreetMap","geometry_precision":"simplified_for_web"},"geometry":{"type":"Polygon","coordinates":[[[28.7664055,46.9734403],[28.7565141,46.9646199],[28.7153213,47.0082807],[28.7079389,47.0064184],[28.695513,47.0203953],[28.6884909,47.0172967],[28.6751727,47.0315799],[28.6660176,47.0248914],[28.6645083,47.0349133],[28.64895,47.0298496],[28.6422059,47.0407492],[28.6306297,47.0367747],[28.6266575,47.0396388],[28.6075284,47.0276202],[28.621988,47.021124],[28.603105,47.016302],[28.6184536,47.011056],[28.633622,46.9968715],[28.6145742,46.988368],[28.5271081,47.0495218],[28.5239926,47.0554234],[28.5279184,47.0616355],[28.5158347,47.0757832],[28.4924278,47.0584957],[28.5064423,47.0482699],[28.5042949,47.0434506],[28.4762957,47.0634258],[28.4641266,47.0540739],[28.4772391,47.0479594],[28.4773315,47.043092],[28.5267502,47.0198854],[28.5137883,47.001082],[28.5493511,46.9894421],[28.5356355,46.9813262],[28.5630786,46.9653144],[28.5540845,46.9509797],[28.5688827,46.9364081],[28.5711963,46.9280814],[28.5781337,46.9387262],[28.5913968,46.9396719],[28.5883716,46.927755],[28.599992,46.918716],[28.6253085,46.9090495],[28.628258,46.90001],[28.635472,46.903529],[28.6482071,46.8979594],[28.6401113,46.8934623],[28.6449297,46.8873782],[28.6400469,46.8846394],[28.6492232,46.8774071],[28.6417082,46.8696552],[28.6448708,46.8667093],[28.660651,46.85784],[28.6712854,46.86207],[28.6646622,46.8722286],[28.6575035,46.872967],[28.6709985,46.8813061],[28.704819,46.873032],[28.703439,46.867788],[28.7138946,46.8592408],[28.715917,46.8509762],[28.742799,46.8240015],[28.7234733,46.8193521],[28.7298224,46.8066762],[28.7268609,46.8041541],[28.7309405,46.8023618],[28.7042386,46.7986816],[28.7296294,46.7744825],[28.7235794,46.7718833],[28.7323053,46.7609466],[28.7198356,46.7554242],[28.727674,46.7469142],[28.7477113,46.7599014],[28.7513061,46.7576505],[28.7450504,46.7540214],[28.7745112,46.7313305],[28.785926,46.7365808],[28.7947495,46.7313564],[28.8009787,46.717277],[28.7908591,46.714163],[28.8115616,46.713833],[28.8233244,46.7068058],[28.8255712,46.6983214],[28.8380469,46.7011798],[28.8290336,46.7040144],[28.8410287,46.7035885],[28.8509203,46.696222],[28.8551106,46.7080577],[28.8626673,46.7132293],[28.8848191,46.70047],[28.9045663,46.6980054],[28.8977627,46.6977721],[28.8954942,46.6910229],[28.9129717,46.6589806],[28.919064,46.6563463],[28.9275153,46.6621325],[28.9232674,46.6669177],[28.9347322,46.6741856],[28.9284044,46.6811405],[28.9314205,46.6884359],[28.946318,46.682058],[28.9490641,46.676522],[28.955892,46.6858351],[28.9648158,46.6796621],[28.9735019,46.6870961],[28.9930667,46.6839446],[28.9963184,46.687432],[29.0018988,46.6804749],[29.0220918,46.703748],[29.0295164,46.6962736],[29.0744486,46.7248008],[29.0675612,46.7316881],[29.080931,46.7401845],[29.0747055,46.7469274],[29.0908971,46.7541206],[29.0836692,46.7655895],[29.088519,46.7677213],[29.0843058,46.7733676],[29.1031121,46.77949],[29.0840417,46.7989397],[29.0946651,46.8213042],[29.0768752,46.8279508],[29.0642545,46.8400721],[29.0766356,46.8462705],[29.0707187,46.8515608],[29.0556926,46.8495012],[29.0584507,46.8563902],[29.0642374,46.8531137],[29.0724683,46.8563255],[29.0689898,46.8603855],[29.0726156,46.8660589],[29.0601817,46.8680326],[29.0564413,46.8612264],[29.0529771,46.8679143],[29.0404439,46.8642344],[29.0403059,46.8565351],[29.0257969,46.8575498],[29.0113006,46.8525025],[29.0107653,46.8599669],[28.9673719,46.8604489],[28.9597195,46.8646479],[28.929424,46.8593082],[28.9091892,46.8746151],[28.901867,46.8753905],[28.8971227,46.8704182],[28.8480914,46.8796305],[28.8493567,46.8994063],[28.8277893,46.9001858],[28.8339842,46.9353184],[28.8195369,46.9427053],[28.8247594,46.9496986],[28.7945812,46.9648688],[28.7859358,46.954483],[28.786085,46.960486],[28.7779383,46.9585803],[28.776833,46.9625695],[28.7852969,46.9667648],[28.7790572,46.9703608],[28.7741998,46.9671284],[28.7664055,46.9734403]]]}},{"type":"Feature","properties":{"entity_id":"osm-r1691801","jurisdiction":"MD","display_name":"Chișinău","display_type":"level_2_municipality","admin_level":4,"tier":"overview","legal_registry":"CUATM","legal_id":"0100","legal_type":null,"parent_catalog_id":"MD","osm_relation_id":1691801,"legal_identity_status":"reconciled","geometry_source":"OpenStreetMap","geometry_precision":"simplified_for_web"},"geometry":{"type":"MultiPolygon","coordinates":[[[[28.6177033,47.0342546],[28.5778747,47.0588296],[28.565933,47.0602479],[28.5572654,47.055677],[28.5691621,47.0496756],[28.5679964,47.046022],[28.5755449,47.0535893],[28.5956315,47.0492606],[28.5965474,47.0421423],[28.601709,47.0442422],[28.6177033,47.0342546]]],[[[28.8462271,47.1432379],[28.8462105,47.1380859],[28.839036,47.1387795],[28.84477,47.1309265],[28.8341016,47.1273478],[28.8320967,47.114159],[28.79921,47.1330715],[28.7966261,47.1301],[28.784377,47.1375022],[28.7783371,47.1306472],[28.7642838,47.1386886],[28.7598168,47.1334214],[28.7663092,47.1256887],[28.7449672,47.1128787],[28.7356883,47.0938965],[28.7173227,47.1102098],[28.6661387,47.1383824],[28.6619656,47.1322361],[28.6655354,47.127778],[28.7033541,47.1018629],[28.7099384,47.0938043],[28.7068893,47.09035],[28.7159114,47.082813],[28.6605362,47.0829675],[28.6474903,47.0685491],[28.6395107,47.0706755],[28.6311073,47.0662703],[28.6437684,47.0604894],[28.6550998,47.0398465],[28.6679914,47.044039],[28.6710817,47.0282734],[28.6751727,47.0315799],[28.6884909,47.0172967],[28.695513,47.0203953],[28.7079389,47.0064184],[28.7153213,47.0082807],[28.7565141,46.9646199],[28.7659278,46.973796],[28.7741998,46.9671284],[28.7790572,46.9703608],[28.7852969,46.9667648],[28.776833,46.9625695],[28.7779383,46.9585803],[28.786085,46.960486],[28.7859358,46.954483],[28.7945812,46.9648688],[28.8247594,46.9496986],[28.8195369,46.9427053],[28.8339842,46.9353184],[28.8277893,46.9001858],[28.8493567,46.8994063],[28.8480914,46.8796305],[28.8971227,46.8704182],[28.901867,46.8753905],[28.9091892,46.8746151],[28.929424,46.8593082],[28.9597195,46.8646479],[28.9673719,46.8604489],[29.010991,46.8597609],[29.0188788,46.8667713],[29.0303808,46.8665138],[29.0315478,46.8581006],[29.0349753,46.8649751],[29.0201853,46.8753026],[29.0288152,46.8783788],[29.0268655,46.9264571],[28.9963381,46.9278673],[28.9499498,46.9422018],[28.9561751,46.9474072],[28.9744184,46.9491584],[28.9710745,46.9659396],[28.9939951,46.9668944],[28.9908512,46.9799139],[28.9978432,46.992778],[28.9850071,46.995617],[28.983539,47.0006907],[28.9665106,47.0100661],[28.9792702,47.0135391],[28.9663469,47.0273114],[28.9745386,47.0344936],[28.9769102,47.0507312],[28.9708563,47.0534421],[28.9905082,47.0524771],[28.9889425,47.0471764],[28.9944189,47.0451099],[29.0173967,47.0433557],[29.0206465,47.0558926],[29.029197,47.0593788],[29.0313151,47.0662605],[29.0333876,47.0630539],[29.0348476,47.0708086],[29.0480009,47.0693609],[29.0463346,47.0616296],[29.0680702,47.0641696],[29.1065033,47.0582823],[29.1019997,47.0689948],[29.1177019,47.0658043],[29.1236328,47.0735126],[29.1116267,47.0787226],[29.1154804,47.0868187],[29.0879574,47.0902297],[29.0559201,47.1161498],[29.0396504,47.1090179],[29.0290443,47.1096341],[29.0111869,47.0922059],[28.9839292,47.0974008],[28.9860951,47.1013866],[28.9811652,47.1046177],[28.975952,47.0988854],[28.9703881,47.1000677],[28.9730658,47.1063419],[28.9566566,47.1092778],[28.9658403,47.1009181],[28.9408628,47.1042187],[28.9353656,47.0906536],[28.9086793,47.0900558],[28.9132477,47.099421],[28.9001215,47.1001399],[28.900627,47.1056418],[28.9231209,47.1137118],[28.9098458,47.1229185],[28.916981,47.1287033],[28.9113875,47.1308738],[28.9116585,47.1380957],[28.9014383,47.1385542],[28.9000134,47.1496897],[28.8965058,47.1509616],[28.8999177,47.1457763],[28.8920129,47.1486457],[28.8890181,47.1443566],[28.8405231,47.1558733],[28.8462271,47.1432379]]]]}},{"type":"Feature","properties":{"entity_id":"osm-r1692078","jurisdiction":"MD","display_name":"Anenii Noi","display_type":"district","admin_level":4,"tier":"overview","legal_registry":"CUATM","legal_id":"1000","legal_type":null,"parent_catalog_id":"MD","osm_relation_id":1692078,"legal_identity_status":"reconciled","geometry_source":"OpenStreetMap","geometry_precision":"simplified_for_web"},"geometry":{"type":"Polygon","coordinates":[[[29.2238445,46.7146916],[29.2263288,46.7190946],[29.216014,46.7447778],[29.2247437,46.747654],[29.222163,46.7541676],[29.2927861,46.7726541],[29.2872401,46.7848708],[29.269771,46.7852969],[29.2713348,46.7956303],[29.295146,46.7912603],[29.291739,46.7995561],[29.3141703,46.7959612],[29.3183689,46.797813],[29.3154698,46.8076306],[29.3315833,46.8022988],[29.343473,46.8060803],[29.3958339,46.7997654],[29.3975936,46.8176537],[29.4058041,46.8155643],[29.407071,46.8241698],[29.394994,46.8346824],[29.3966151,46.8485237],[29.4368679,46.8492286],[29.433475,46.8617869],[29.4467519,46.852874],[29.4691251,46.8560851],[29.4743598,46.8475786],[29.4794938,46.8531148],[29.4900839,46.8538001],[29.483586,46.8676492],[29.4813483,46.8917101],[29.4684945,46.8959685],[29.4643533,46.9030175],[29.4760355,46.9352293],[29.4712712,46.94954],[29.456224,46.9533804],[29.4443204,46.9628972],[29.4250944,46.9639443],[29.3893459,46.9365458],[29.3609086,46.9341396],[29.3229604,46.9522543],[29.292839,46.9819178],[29.2924674,46.996232],[29.3021687,46.9999179],[29.3059382,46.9972867],[29.2988791,46.9860646],[29.303819,46.9830205],[29.3117348,46.9959313],[29.3756917,46.994515],[29.3771586,47.0000163],[29.354851,47.0389511],[29.360622,47.0395763],[29.3634745,47.0290715],[29.3843219,47.0268027],[29.388411,47.0328424],[29.3790089,47.041663],[29.3794752,47.0507739],[29.3916724,47.0589571],[29.3687392,47.0672643],[29.3584161,47.0797688],[29.3545415,47.0954681],[29.3448351,47.1052052],[29.3124772,47.1030262],[29.2946597,47.1100721],[29.2910564,47.1152484],[29.2960091,47.1323743],[29.2874603,47.1392146],[29.2735812,47.1231251],[29.2947642,47.1086453],[29.2730464,47.1183693],[29.2434576,47.0660291],[29.250885,47.041746],[29.2445205,47.0396869],[29.2567959,47.0378431],[29.248206,47.031567],[29.2390313,47.0338324],[29.2385662,47.0262304],[29.2318679,47.0306411],[29.2346844,47.0249709],[29.2244438,47.028657],[29.219227,47.0234549],[29.2012554,47.0298882],[29.1713909,47.0247719],[29.1752209,47.0137965],[29.1436551,46.9946058],[29.1495365,46.986761],[29.1361234,46.9807938],[29.1310262,46.9866625],[29.123494,46.9819882],[29.1286669,46.9764167],[29.1101085,46.9750965],[29.1077415,46.9694965],[29.1013153,46.9707801],[29.1097765,46.9873389],[29.1017547,46.9914243],[29.0971534,47.0052708],[29.0860171,47.0170644],[29.0376446,47.013639],[29.0273429,47.0158383],[29.0113645,47.0288933],[29.010358,47.0168376],[28.9987121,47.0124261],[29.0116839,46.9899411],[28.9978432,46.992778],[28.9908512,46.9799139],[28.9939951,46.9668944],[28.9710745,46.9659396],[28.9744184,46.9491584],[28.9561751,46.9474072],[28.9499498,46.9422018],[28.9963381,46.9278673],[29.0268655,46.9264571],[29.0288152,46.8783788],[29.0201853,46.8753026],[29.0349753,46.8649751],[29.0315478,46.8581006],[29.0303808,46.8665138],[29.015494,46.8654888],[29.0113006,46.8525025],[29.0257969,46.8575498],[29.0403059,46.8565351],[29.0404439,46.8642344],[29.0529771,46.8679143],[29.0564413,46.8612264],[29.0601817,46.8680326],[29.0726613,46.8660115],[29.0689898,46.8603855],[29.0724683,46.8563255],[29.0642374,46.8531137],[29.0584507,46.8563902],[29.0556926,46.8495012],[29.0707187,46.8515608],[29.0766356,46.8462705],[29.0642545,46.8400721],[29.0768752,46.8279508],[29.0946651,46.8213042],[29.0840417,46.7989397],[29.1031121,46.77949],[29.0843058,46.7733676],[29.088519,46.7677213],[29.0836692,46.7655895],[29.0908971,46.7541206],[29.0746387,46.7467329],[29.0835993,46.7374317],[29.1149958,46.7507103],[29.1214861,46.7426825],[29.139888,46.7504624],[29.1528097,46.7505973],[29.1648446,46.7175175],[29.169398,46.7182657],[29.1739404,46.7077524],[29.2238445,46.7146916]]]}},{"type":"Feature","properties":{"entity_id":"osm-r1692123","jurisdiction":"MD","display_name":"Dubăsari","display_type":"district","admin_level":4,"tier":"overview","legal_registry":"CUATM","legal_id":"3800","legal_type":null,"parent_catalog_id":"MD","osm_relation_id":1692123,"legal_identity_status":"reconciled","geometry_source":"OpenStreetMap","geometry_precision":"simplified_for_web"},"geometry":{"type":"MultiPolygon","coordinates":[[[[29.2390373,47.3261706],[29.2587365,47.3420953],[29.2686295,47.3364452],[29.2766872,47.3428329],[29.3376696,47.3625774],[29.3359262,47.3772343],[29.3097456,47.3709596],[29.3018167,47.3764183],[29.262085,47.3473698],[29.2582577,47.3495929],[29.2640884,47.3542957],[29.2483757,47.3657407],[29.2462276,47.3604621],[29.2369262,47.3600187],[29.2393967,47.3540118],[29.2185101,47.3443536],[29.2033649,47.3450477],[29.1738295,47.3361409],[29.1604818,47.3382981],[29.1641343,47.346227],[29.161216,47.3552985],[29.1468394,47.3715042],[29.0757128,47.4147361],[29.0682277,47.4126353],[29.0727021,47.4079646],[29.0458035,47.4047007],[29.0585082,47.3883033],[29.064805,47.3864271],[29.0492729,47.3871779],[29.0291929,47.3728757],[29.0330863,47.382671],[29.0199112,47.3909267],[29.0253268,47.3955931],[29.0363262,47.3949619],[29.0301022,47.3974906],[29.0253018,47.408858],[29.0192136,47.408255],[29.0174154,47.3780298],[28.9907952,47.3766779],[28.9976136,47.3621994],[29.0176852,47.3670047],[29.016992,47.3320234],[29.0236371,47.3270046],[29.0270163,47.3113403],[29.038611,47.3123643],[29.0401974,47.3050905],[29.0598883,47.303186],[29.0798397,47.2900166],[29.0825124,47.2585443],[29.0755735,47.2584324],[29.0630219,47.2434825],[29.0793213,47.2404187],[29.0827201,47.2188458],[29.1085909,47.2209173],[29.1057486,47.2256769],[29.1301273,47.2296014],[29.1260747,47.2405579],[29.1230476,47.234899],[29.1071231,47.2303033],[29.1016003,47.233638],[29.1158686,47.2390951],[29.131416,47.253165],[29.1488297,47.2448533],[29.1446715,47.257429],[29.1356538,47.2662376],[29.142418,47.2732821],[29.1410281,47.2776731],[29.1592286,47.2846806],[29.1684832,47.2785884],[29.1726759,47.2811493],[29.1692631,47.2844359],[29.2035756,47.2975378],[29.2070306,47.3085089],[29.2249452,47.3234697],[29.2297285,47.318768],[29.2390373,47.3261706]]],[[[29.0696267,47.1148561],[29.0652856,47.1076005],[29.0720699,47.1001843],[29.0920905,47.0886186],[29.1143844,47.0877355],[29.1116267,47.0787226],[29.1247011,47.0752909],[29.1358822,47.0960401],[29.1532177,47.1021332],[29.1539586,47.1137699],[29.1614866,47.1253893],[29.172194,47.1245664],[29.1754587,47.1048312],[29.1866164,47.1149791],[29.1892817,47.1205597],[29.1798246,47.1516295],[29.1822052,47.1595129],[29.2010322,47.1634474],[29.2141293,47.1607203],[29.2231698,47.1542438],[29.2255088,47.1451697],[29.2304226,47.1448447],[29.2415883,47.1591206],[29.2285516,47.1691933],[29.2531265,47.1645707],[29.2432268,47.1730464],[29.2500487,47.180659],[29.2418276,47.1891411],[29.2676441,47.1839551],[29.2821241,47.1906965],[29.294836,47.202194],[29.292132,47.2088266],[29.2996121,47.2294824],[29.3130083,47.2254143],[29.3378919,47.2487982],[29.3442269,47.2460424],[29.3633916,47.26977],[29.3395362,47.2793442],[29.3220006,47.2584961],[29.3172608,47.2602571],[29.3100297,47.2518206],[29.3041953,47.2551836],[29.293686,47.2468159],[29.2734907,47.2579288],[29.2579962,47.2455558],[29.2423954,47.2504788],[29.1994769,47.2129116],[29.1897013,47.2089069],[29.1852123,47.2164886],[29.1695203,47.1894852],[29.1431958,47.1620955],[29.1282458,47.1524383],[29.1030237,47.1481802],[29.0904167,47.1293459],[29.0696267,47.1148561]]]]}},{"type":"Feature","properties":{"entity_id":"osm-r1692126","jurisdiction":"MD","display_name":"Criuleni","display_type":"district","admin_level":4,"tier":"overview","legal_registry":"CUATM","legal_id":"3100","legal_type":null,"parent_catalog_id":"MD","osm_relation_id":1692126,"legal_identity_status":"reconciled","geometry_source":"OpenStreetMap","geometry_precision":"simplified_for_web"},"geometry":{"type":"MultiPolygon","coordinates":[[[[29.0630703,47.2428142],[29.0755735,47.2584324],[29.0825124,47.2585443],[29.0801589,47.2893739],[29.0598883,47.303186],[29.0401974,47.3050905],[29.038611,47.3123643],[29.0270163,47.3113403],[29.023505,47.3271266],[29.0154217,47.3256685],[29.0111688,47.3141867],[28.9997829,47.3169684],[28.9964343,47.3061335],[29.0024091,47.2972579],[28.9502789,47.3033774],[28.9458897,47.2918755],[28.9389661,47.287899],[28.9353727,47.2926798],[28.9226599,47.2910532],[28.9242047,47.2860319],[28.9116738,47.2860658],[28.9083692,47.2822092],[28.9113421,47.2790944],[28.9018044,47.273763],[28.895109,47.2767226],[28.886246,47.2726317],[28.8809231,47.256567],[28.8553306,47.2536261],[28.8550613,47.2576651],[28.8423588,47.2545543],[28.8219855,47.260521],[28.8187429,47.252397],[28.8141754,47.2579815],[28.7951819,47.2600244],[28.78817,47.2423425],[28.7829689,47.2424266],[28.7878016,47.2388202],[28.785894,47.2098295],[28.8042252,47.1949144],[28.7884137,47.1788176],[28.774518,47.1856131],[28.7676288,47.1801664],[28.7654607,47.1765607],[28.7722053,47.1693017],[28.7472869,47.1439727],[28.7598168,47.1334214],[28.7642838,47.1386886],[28.7783371,47.1306472],[28.784377,47.1375022],[28.7966261,47.1301],[28.79921,47.1330715],[28.8320967,47.114159],[28.8341016,47.1273478],[28.84477,47.1309265],[28.839036,47.1387795],[28.8469962,47.1390817],[28.8396594,47.1554285],[28.8890181,47.1443566],[28.8920129,47.1486457],[28.9009129,47.14635],[28.8973822,47.1509058],[28.9025262,47.145359],[28.9014383,47.1385542],[28.9116585,47.1380957],[28.9113875,47.1308738],[28.916981,47.1287033],[28.9098458,47.1229185],[28.9231209,47.1137118],[28.900627,47.1056418],[28.9001215,47.1001399],[28.9132477,47.099421],[28.9086793,47.0900558],[28.9353656,47.0906536],[28.9408628,47.1042187],[28.9658403,47.1009181],[28.9566566,47.1092778],[28.9730658,47.1063419],[28.9703881,47.1000677],[28.975952,47.0988854],[28.9811652,47.1046177],[28.9860951,47.1013866],[28.9839292,47.0974008],[29.0111869,47.0922059],[29.0290443,47.1096341],[29.0396504,47.1090179],[29.0559201,47.1161498],[29.0625741,47.1079761],[29.0904167,47.1293459],[29.1007229,47.1466903],[29.1282458,47.1524383],[29.1431958,47.1620955],[29.1695203,47.1894852],[29.180311,47.2123085],[29.1688697,47.2167447],[29.1588757,47.2362422],[29.1359191,47.2524317],[29.1016003,47.233638],[29.1071231,47.2303033],[29.1230476,47.234899],[29.1260747,47.2405579],[29.1301273,47.2296014],[29.1057486,47.2256769],[29.1085909,47.2209173],[29.0827201,47.2188458],[29.0793213,47.2404187],[29.0630703,47.2428142]],[[28.8400455,47.1908991],[28.8271359,47.1997829],[28.8583715,47.1844145],[28.8532377,47.180999],[28.8400455,47.1908991]],[[28.8473056,47.1939699],[28.8614464,47.2031665],[28.8560362,47.1886024],[28.8473056,47.1939699]]],[[[29.1808864,47.1086188],[29.1749865,47.1053049],[29.1716472,47.1251211],[29.1614866,47.1253893],[29.1539586,47.1137699],[29.1532177,47.1021332],[29.1358822,47.0960401],[29.1218853,47.0695],[29.1174393,47.0657935],[29.1019997,47.0689948],[29.1065033,47.0582823],[29.0680702,47.0641696],[29.0463346,47.0616296],[29.0480009,47.0693609],[29.0348476,47.0708086],[29.0333876,47.0630539],[29.0313151,47.0662605],[29.029197,47.0593788],[29.0206465,47.0558926],[29.0173967,47.0433557],[28.9944189,47.0451099],[28.9889425,47.0471764],[28.9905082,47.0524771],[28.9708563,47.0534421],[28.9769102,47.0507312],[28.9745386,47.0344936],[28.9663469,47.0273114],[28.9792702,47.0135391],[28.9665106,47.0100661],[28.983539,47.0006907],[28.9850071,46.995617],[29.0116839,46.9899411],[28.9987121,47.0124261],[29.010358,47.0168376],[29.0113645,47.0288933],[29.0273429,47.0158383],[29.0376446,47.013639],[29.0860171,47.0170644],[29.0971534,47.0052708],[29.1017547,46.9914243],[29.1097765,46.9873389],[29.1013153,46.9707801],[29.1286669,46.9764167],[29.123494,46.9819882],[29.1310262,46.9866625],[29.1361234,46.9807938],[29.1427324,46.9824923],[29.1501302,46.9882151],[29.1436551,46.9946058],[29.1752209,47.0137965],[29.1713909,47.0247719],[29.2012554,47.0298882],[29.219227,47.0234549],[29.2244438,47.028657],[29.2346844,47.0249709],[29.2318679,47.0306411],[29.2385662,47.0262304],[29.2387834,47.0336991],[29.248206,47.031567],[29.2567959,47.0378431],[29.2445205,47.0396869],[29.250885,47.041746],[29.2439702,47.0674077],[29.2730464,47.1183693],[29.2947642,47.1086453],[29.2735812,47.1231251],[29.2874603,47.1392146],[29.2937261,47.1324386],[29.2964248,47.1347561],[29.2893102,47.14266],[29.2355802,47.1688078],[29.2276499,47.1667952],[29.2415669,47.1580409],[29.2288028,47.1442551],[29.2180921,47.1589018],[29.1920167,47.1625152],[29.1800506,47.1566348],[29.1892817,47.1205597],[29.1808864,47.1086188]]]]}},{"type":"Feature","properties":{"entity_id":"osm-r1692172","jurisdiction":"MD","display_name":"Orhei","display_type":"district","admin_level":4,"tier":"overview","legal_registry":"CUATM","legal_id":"6400","legal_type":null,"parent_catalog_id":"MD","osm_relation_id":1692172,"legal_identity_status":"reconciled","geometry_source":"OpenStreetMap","geometry_precision":"simplified_for_web"},"geometry":{"type":"MultiPolygon","coordinates":[[[[28.8473056,47.1939699],[28.8560362,47.1886024],[28.8614464,47.2031665],[28.8473056,47.1939699]]],[[[28.8400455,47.1908991],[28.8532377,47.180999],[28.8583715,47.1844145],[28.8271359,47.1997829],[28.8400455,47.1908991]]],[[[29.04225,47.3838061],[29.064805,47.3864271],[29.0585082,47.3883033],[29.0458035,47.4047007],[29.0727021,47.4079646],[29.0682277,47.4126353],[29.0757128,47.4147361],[29.080219,47.426273],[29.1173091,47.4542318],[29.1186864,47.4634857],[29.1058886,47.4775119],[29.0274918,47.516465],[29.0176744,47.5310692],[28.9909755,47.524849],[28.983428,47.5319652],[28.9738739,47.5293278],[28.9647632,47.5454627],[28.9742756,47.5508869],[28.9656435,47.5590314],[28.9594489,47.5573906],[28.9465275,47.5797481],[28.9284841,47.5738057],[28.9186394,47.5869088],[28.893701,47.5864651],[28.8992167,47.5932629],[28.8936694,47.5974947],[28.8788273,47.5855396],[28.8777695,47.5779936],[28.8602792,47.57512],[28.8656733,47.5681998],[28.8413172,47.5731488],[28.8346036,47.5694511],[28.8251049,47.580589],[28.8177848,47.5760042],[28.8283837,47.5603512],[28.8153068,47.5564188],[28.8090197,47.5648471],[28.7931322,47.5675613],[28.7915261,47.5714417],[28.7554086,47.5750952],[28.7588736,47.5867522],[28.6964437,47.6217358],[28.6881701,47.564708],[28.705027,47.5569934],[28.6128819,47.5229852],[28.6065113,47.5281083],[28.5957321,47.5218849],[28.6012582,47.5172307],[28.5535315,47.4943437],[28.558299,47.4825205],[28.5493624,47.4795075],[28.541517,47.4570644],[28.5569374,47.4452847],[28.5432256,47.4344866],[28.4970349,47.4305655],[28.4968592,47.4210247],[28.5044201,47.4140316],[28.5012477,47.409718],[28.5113421,47.3651956],[28.519291,47.3663699],[28.5294391,47.3519674],[28.5416025,47.3478489],[28.5471348,47.3499399],[28.5423621,47.3675369],[28.5455596,47.3694279],[28.5515887,47.3503312],[28.5644806,47.3380478],[28.5555915,47.337482],[28.5565706,47.3309105],[28.5489977,47.3408788],[28.5410645,47.3387995],[28.5474415,47.3295949],[28.5307296,47.3378592],[28.5220389,47.3346067],[28.5450976,47.3242797],[28.5555723,47.3296649],[28.558077,47.3218484],[28.5706645,47.3267922],[28.5718502,47.3226906],[28.581571,47.3228315],[28.5795981,47.3283735],[28.6134499,47.3351797],[28.6164891,47.3028764],[28.611484,47.303061],[28.6152538,47.296528],[28.6220787,47.2919405],[28.6461768,47.2908938],[28.6627699,47.2758319],[28.6492309,47.2735449],[28.6592665,47.2665008],[28.654396,47.2612553],[28.6713614,47.251924],[28.6682077,47.2469163],[28.6756787,47.2438823],[28.6723122,47.2401625],[28.686072,47.2273241],[28.6889126,47.2355788],[28.7075193,47.2428725],[28.7168795,47.2371408],[28.7337312,47.2360036],[28.7328951,47.2271368],[28.7276268,47.2230876],[28.7332072,47.2124071],[28.7436375,47.2066796],[28.7636802,47.2131518],[28.7706095,47.1958597],[28.7787679,47.1949507],[28.7851587,47.1860905],[28.780463,47.1823055],[28.7871698,47.1788597],[28.8042252,47.1949144],[28.785894,47.2098295],[28.7878016,47.2388202],[28.7829689,47.2424266],[28.78817,47.2423425],[28.7951819,47.2600244],[28.8141754,47.2579815],[28.8187429,47.252397],[28.8219855,47.260521],[28.8691819,47.2532682],[28.8823801,47.2571852],[28.886246,47.2726317],[28.895109,47.2767226],[28.9018044,47.273763],[28.9113421,47.2790944],[28.9083692,47.2822092],[28.9116738,47.2860658],[28.9242047,47.2860319],[28.9226599,47.2910532],[28.9353727,47.2926798],[28.9389661,47.287899],[28.9458897,47.2918755],[28.9502789,47.3033774],[29.0024091,47.2972579],[28.9964343,47.3061335],[28.9997829,47.3169684],[29.0111688,47.3141867],[29.0154217,47.3256685],[29.023505,47.3271266],[29.016992,47.3320234],[29.0176852,47.3670047],[28.9976136,47.3621994],[28.9907952,47.3766779],[29.0174154,47.3780298],[29.0192136,47.408255],[29.0253018,47.408858],[29.0301022,47.3974906],[29.0363262,47.3949619],[29.0253268,47.3955931],[29.0199112,47.3909267],[29.0330863,47.382671],[29.029104,47.3729459],[29.04225,47.3838061]]]]}},{"type":"Feature","properties":{"entity_id":"osm-r1693523","jurisdiction":"MD","display_name":"Soroca","display_type":"district","admin_level":4,"tier":"overview","legal_registry":"CUATM","legal_id":"7800","legal_type":null,"parent_catalog_id":"MD","osm_relation_id":1693523,"legal_identity_status":"reconciled","geometry_source":"OpenStreetMap","geometry_precision":"simplified_for_web"},"geometry":{"type":"Polygon","coordinates":[[[27.884188,48.2030615],[27.9109226,48.1855868],[27.9367178,48.2015925],[27.9790845,48.1729299],[27.9915669,48.1851974],[28.0071946,48.165176],[28.0398873,48.1566565],[28.0615271,48.1174835],[28.0815607,48.1161249],[28.0805863,48.0823925],[28.0905645,48.060646],[28.0207385,48.0487265],[28.0263342,48.0373448],[27.9896621,48.0302607],[27.9964701,48.0162699],[28.0070932,48.0169255],[28.0154506,48.0031983],[28.0112089,47.9921019],[28.0779409,47.9940469],[28.1219821,47.9923997],[28.1215658,47.9874015],[28.2259343,47.9852898],[28.2522516,47.9949937],[28.2510405,47.9992525],[28.281858,48.0144368],[28.2894722,48.0010373],[28.2940085,48.0032309],[28.3029221,47.9917742],[28.3132479,47.9969603],[28.3356473,47.9966689],[28.337665,47.9862907],[28.3536585,47.9876745],[28.3524665,47.9947794],[28.3862719,47.9987653],[28.3851157,47.990369],[28.4068716,47.9916861],[28.4243328,47.9752045],[28.4354947,47.9778937],[28.435258,47.9903329],[28.4420413,47.9904156],[28.4432618,48.0031123],[28.4331823,48.004235],[28.4273403,48.0158443],[28.4346679,48.012023],[28.4580144,48.0160075],[28.5185159,48.0395858],[28.5285494,48.0567783],[28.5459215,48.0708868],[28.5576732,48.0602945],[28.5738781,48.0680445],[28.5933998,48.0646133],[28.6031291,48.0772938],[28.6139608,48.0650455],[28.6239495,48.0648912],[28.6355532,48.0764657],[28.6324276,48.0863231],[28.6180753,48.0942284],[28.5896631,48.0995915],[28.5476744,48.1177266],[28.5179253,48.1214022],[28.5037148,48.1191298],[28.4960783,48.1115444],[28.4973206,48.0884406],[28.4915196,48.0762673],[28.5002062,48.0664134],[28.4614623,48.0747527],[28.4392149,48.0946854],[28.4341735,48.1116906],[28.4213852,48.1224128],[28.423361,48.1312669],[28.4398783,48.1444836],[28.4352187,48.1651309],[28.4283707,48.172392],[28.4115348,48.177553],[28.3831572,48.1751043],[28.3716098,48.1650494],[28.3606385,48.1436205],[28.3492554,48.1356886],[28.3221244,48.1327638],[28.3058667,48.1403055],[28.3074183,48.1605764],[28.3489227,48.1790578],[28.3618252,48.191125],[28.3699888,48.2214403],[28.3547454,48.2455696],[28.3419084,48.246454],[28.3217035,48.2330417],[28.3031682,48.2414274],[28.2316522,48.2099415],[28.2030429,48.2054795],[28.1861193,48.216156],[28.182012,48.2399958],[28.1868279,48.2512302],[28.1777119,48.2570226],[28.1444924,48.2626245],[28.1364676,48.2460094],[28.1103685,48.2326299],[28.1002385,48.2312006],[28.0826626,48.2377958],[28.0797468,48.2506061],[28.0934334,48.2936801],[28.0854722,48.3072649],[28.0705484,48.3192639],[28.0417818,48.3260284],[27.9641611,48.3249858],[27.9058733,48.354303],[27.8697185,48.3434638],[27.8792476,48.3377582],[27.8671067,48.3331325],[27.8733296,48.3305057],[27.8595301,48.3200311],[27.8299604,48.3178133],[27.8173484,48.3088077],[27.8208245,48.3040196],[27.8513304,48.302183],[27.8637643,48.3062276],[27.8742937,48.2948924],[27.8994909,48.298013],[27.9012147,48.2925945],[27.9115436,48.2975621],[27.9260654,48.2743561],[27.940727,48.2761217],[27.9538856,48.2701528],[27.9541832,48.2629454],[27.9345248,48.2693183],[27.9355863,48.2617435],[27.9056976,48.2603264],[27.8809683,48.2499678],[27.8808978,48.2464883],[27.8674907,48.2506564],[27.8653316,48.244687],[27.8547397,48.2406919],[27.884188,48.2030615]]]}},{"type":"Feature","properties":{"entity_id":"osm-r1693560","jurisdiction":"MD","display_name":"Florești","display_type":"district","admin_level":4,"tier":"overview","legal_registry":"CUATM","legal_id":"4500","legal_type":null,"parent_catalog_id":"MD","osm_relation_id":1693560,"legal_identity_status":"reconciled","geometry_source":"OpenStreetMap","geometry_precision":"simplified_for_web"},"geometry":{"type":"Polygon","coordinates":[[[28.7479349,47.9612452],[28.7579884,47.9669991],[28.7532376,47.9759444],[28.7241252,47.985345],[28.70173,48.0044852],[28.7037659,48.0214435],[28.6857921,48.0267285],[28.648378,48.0249626],[28.5936454,48.0346947],[28.5883251,48.0204019],[28.5685248,47.9956129],[28.5570227,47.9935211],[28.5371465,47.999584],[28.5291978,48.0115216],[28.5447254,48.0367799],[28.5841956,48.0462517],[28.5933998,48.0646133],[28.5738781,48.0680445],[28.5576732,48.0602945],[28.5459215,48.0708868],[28.5285494,48.0567783],[28.5185159,48.0395858],[28.4580144,48.0160075],[28.4346679,48.012023],[28.4273403,48.0158443],[28.4331823,48.004235],[28.4432618,48.0031123],[28.4420413,47.9904156],[28.435258,47.9903329],[28.4354947,47.9778937],[28.4243328,47.9752045],[28.4068716,47.9916861],[28.3851157,47.990369],[28.3862719,47.9987653],[28.3524665,47.9947794],[28.3536585,47.9876745],[28.337665,47.9862907],[28.3356473,47.9966689],[28.3132479,47.9969603],[28.3029221,47.9917742],[28.2940085,48.0032309],[28.2894722,48.0010373],[28.281858,48.0144368],[28.2510405,47.9992525],[28.2522516,47.9949937],[28.2259343,47.9852898],[28.1215658,47.9874015],[28.1219821,47.9923997],[28.0779409,47.9940469],[28.0234813,47.992529],[28.0265434,47.9599059],[28.0589087,47.9264553],[28.0232858,47.9057305],[28.0300973,47.9009977],[28.0443445,47.9101159],[28.0509104,47.894882],[28.0597597,47.8892233],[28.050926,47.8828363],[28.0518236,47.8781022],[28.0616452,47.8701385],[28.0667478,47.8730205],[28.0594743,47.8774048],[28.0685551,47.8717604],[28.0749359,47.8758235],[28.0832322,47.8696237],[28.0703977,47.8510701],[28.1307307,47.821688],[28.1315913,47.8269696],[28.1461696,47.8357565],[28.1571051,47.8372733],[28.1752854,47.8045566],[28.1769275,47.779044],[28.2653777,47.7749709],[28.2491496,47.7647743],[28.2420263,47.7694138],[28.2135394,47.747345],[28.2200569,47.7458211],[28.2326685,47.7538906],[28.2441525,47.7459629],[28.2486459,47.7487243],[28.2687548,47.7299467],[28.2828985,47.7354666],[28.3049547,47.7287326],[28.340783,47.7105991],[28.3490293,47.7122982],[28.3633149,47.6987871],[28.3762307,47.7027567],[28.3815338,47.6908839],[28.3953523,47.6928674],[28.3925186,47.699329],[28.3962641,47.7001196],[28.4293997,47.7027865],[28.4442163,47.6979216],[28.4710809,47.70191],[28.4669436,47.7072106],[28.5051112,47.7376515],[28.512958,47.7336588],[28.5253538,47.7457358],[28.519347,47.7493712],[28.5176598,47.7620255],[28.5031438,47.7783444],[28.4806344,47.8208343],[28.4606611,47.8135161],[28.4504127,47.8197195],[28.4296783,47.8130275],[28.4215516,47.8207069],[28.4113219,47.8161669],[28.4171053,47.8090827],[28.4163095,47.8020611],[28.4065341,47.8017513],[28.4028647,47.8134718],[28.4072956,47.8286214],[28.4129581,47.8317989],[28.4098261,47.8341576],[28.4261094,47.8395512],[28.4322069,47.8474442],[28.4457603,47.8498156],[28.4496613,47.8680532],[28.4847192,47.8748998],[28.5034996,47.8952358],[28.5139356,47.8878029],[28.5430782,47.8975262],[28.5632467,47.8870673],[28.5701888,47.894527],[28.5821763,47.8776058],[28.5923672,47.8764532],[28.605931,47.8605832],[28.6213304,47.8722121],[28.6209638,47.8815596],[28.6724338,47.8925865],[28.6706505,47.9297492],[28.6782332,47.9416208],[28.6974929,47.9408756],[28.702535,47.9519469],[28.7055176,47.9476436],[28.714345,47.958245],[28.7358992,47.9555524],[28.7479349,47.9612452]]]}},{"type":"Feature","properties":{"entity_id":"osm-r1693561","jurisdiction":"MD","display_name":"Șoldănești","display_type":"district","admin_level":4,"tier":"overview","legal_registry":"CUATM","legal_id":"8300","legal_type":null,"parent_catalog_id":"MD","osm_relation_id":1693561,"legal_identity_status":"reconciled","geometry_source":"OpenStreetMap","geometry_precision":"simplified_for_web"},"geometry":{"type":"Polygon","coordinates":[[[28.5570155,47.7284535],[28.6187118,47.7032757],[28.6408176,47.7125394],[28.6666299,47.7504652],[28.7261236,47.7250588],[28.7337235,47.7112025],[28.7554253,47.7103565],[28.737503,47.7217223],[28.7746114,47.7254147],[28.7577316,47.7523975],[28.7588243,47.7633442],[28.7509329,47.7629605],[28.7576947,47.7821987],[28.7691831,47.7846172],[28.7688553,47.7795819],[28.7936266,47.7789213],[28.8083213,47.7864099],[28.8184278,47.7799824],[28.8563964,47.8182038],[28.9021592,47.8083054],[28.903193,47.8464871],[28.910711,47.8441268],[28.9269933,47.8568349],[28.9379643,47.8504637],[28.9515692,47.8595208],[28.9693734,47.8456498],[28.9758247,47.8471918],[28.9496935,47.8683556],[28.9274142,47.8763019],[28.9265277,47.8845136],[28.8262093,47.9013072],[28.8192318,47.9130864],[28.8351267,47.9405682],[28.8034525,47.9575096],[28.7887002,47.9854293],[28.776326,47.9853038],[28.7532376,47.9759444],[28.7575689,47.9660879],[28.7358992,47.9555524],[28.714345,47.958245],[28.7055176,47.9476436],[28.702535,47.9519469],[28.6974929,47.9408756],[28.6782332,47.9416208],[28.6706505,47.9297492],[28.6724338,47.8925865],[28.6209638,47.8815596],[28.6213304,47.8722121],[28.605931,47.8605832],[28.5923672,47.8764532],[28.5821763,47.8776058],[28.5701888,47.894527],[28.5632467,47.8870673],[28.5430782,47.8975262],[28.5139356,47.8878029],[28.5034996,47.8952358],[28.4847192,47.8748998],[28.4496613,47.8680532],[28.4457603,47.8498156],[28.4322069,47.8474442],[28.4261094,47.8395512],[28.4098261,47.8341576],[28.4129581,47.8317989],[28.4072956,47.8286214],[28.4028647,47.8134718],[28.4100214,47.800103],[28.4174201,47.8043851],[28.4113219,47.8161669],[28.4215516,47.8207069],[28.4296783,47.8130275],[28.4504127,47.8197195],[28.4606611,47.8135161],[28.4806344,47.8208343],[28.5031438,47.7783444],[28.5176598,47.7620255],[28.519347,47.7493712],[28.5253538,47.7457358],[28.512958,47.7336588],[28.5272414,47.72675],[28.5386528,47.7379599],[28.5570155,47.7284535]]]}},{"type":"Feature","properties":{"entity_id":"osm-r1693874","jurisdiction":"MD","display_name":"Glodeni","display_type":"district","admin_level":4,"tier":"overview","legal_registry":"CUATM","legal_id":"4800","legal_type":null,"parent_catalog_id":"MD","osm_relation_id":1693874,"legal_identity_status":"reconciled","geometry_source":"OpenStreetMap","geometry_precision":"simplified_for_web"},"geometry":{"type":"Polygon","coordinates":[[[27.4566324,47.6100575],[27.5178581,47.638811],[27.531711,47.636134],[27.5354868,47.6449194],[27.5415226,47.6437749],[27.5438399,47.6498047],[27.5566287,47.642893],[27.5900577,47.6374232],[27.5943814,47.6321772],[27.6020457,47.6369513],[27.6092905,47.6319361],[27.6362499,47.6497092],[27.6222649,47.6595546],[27.6260186,47.6621499],[27.6227632,47.668727],[27.6505333,47.7054877],[27.6799879,47.7331332],[27.6957474,47.7176238],[27.6927285,47.715278],[27.7061975,47.7093029],[27.7294132,47.7120781],[27.739368,47.7205618],[27.7458751,47.7198888],[27.7615332,47.743981],[27.7650211,47.7602849],[27.7949466,47.7885875],[27.7949134,47.7946557],[27.8045857,47.7972999],[27.7782077,47.8032042],[27.779644,47.8076016],[27.7606563,47.8247773],[27.7537565,47.8244164],[27.7499775,47.842313],[27.741269,47.8477311],[27.7356488,47.8442268],[27.719294,47.8567623],[27.6592736,47.8236143],[27.6542131,47.8263421],[27.6431487,47.820252],[27.5976241,47.8533459],[27.5652591,47.8387307],[27.5557213,47.8451022],[27.5572457,47.8479797],[27.5495327,47.8489853],[27.5484349,47.8550181],[27.5096216,47.8609111],[27.5072831,47.8543325],[27.4837677,47.8578806],[27.4614033,47.8700666],[27.425909,47.8211488],[27.3947872,47.8428597],[27.3874731,47.8439796],[27.3780026,47.8382217],[27.3615018,47.848707],[27.3356535,47.8054346],[27.3189173,47.8097501],[27.3105775,47.7947213],[27.3226585,47.7914462],[27.3227478,47.7784953],[27.296515,47.7808693],[27.3013254,47.7696975],[27.2784404,47.751484],[27.2841692,47.7483522],[27.2976244,47.7517293],[27.297909,47.7474609],[27.2856027,47.7445197],[27.2806674,47.7367078],[27.2948831,47.7282288],[27.2945186,47.7243746],[27.2837832,47.7239647],[27.2767322,47.7289913],[27.2674222,47.7265144],[27.264882,47.7331082],[27.2509962,47.7195968],[27.2675675,47.7120464],[27.2702703,47.7000855],[27.2823465,47.7008775],[27.2733289,47.6895996],[27.2824913,47.6819274],[27.2960545,47.6805795],[27.2955044,47.6615166],[27.3082696,47.6610518],[27.3145834,47.6431718],[27.3332679,47.6276613],[27.3618123,47.6187065],[27.3737407,47.5967213],[27.4009171,47.5845705],[27.4566324,47.6100575]]]}},{"type":"Feature","properties":{"entity_id":"osm-r1693907","jurisdiction":"MD","display_name":"Drochia","display_type":"district","admin_level":4,"tier":"overview","legal_registry":"CUATM","legal_id":"3600","legal_type":null,"parent_catalog_id":"MD","osm_relation_id":1693907,"legal_identity_status":"reconciled","geometry_source":"OpenStreetMap","geometry_precision":"simplified_for_web"},"geometry":{"type":"Polygon","coordinates":[[[27.8802555,47.8597631],[27.8811715,47.8551979],[27.8871298,47.8556673],[27.8881144,47.8404011],[27.8997533,47.8415278],[27.90093,47.8201542],[27.9060885,47.820627],[27.9166789,47.8518245],[27.9431294,47.8642324],[27.9563106,47.850893],[27.9924303,47.8670685],[28.0161827,47.8809827],[28.0211509,47.8912517],[28.0120207,47.8977894],[28.0589087,47.9264553],[28.0265434,47.9599059],[28.0234813,47.992529],[28.0112089,47.9921019],[28.0154506,48.0031983],[28.0070932,48.0169255],[27.9964701,48.0162699],[27.9896621,48.0302607],[28.0263342,48.0373448],[28.0207385,48.0487265],[28.0905645,48.060646],[28.0805863,48.0823925],[28.0815607,48.1161249],[28.0615271,48.1174835],[28.0398873,48.1566565],[28.0071946,48.165176],[27.9915669,48.1851974],[27.9790845,48.1729299],[27.9367178,48.2015925],[27.9109226,48.1855868],[27.9034966,48.1880274],[27.8842256,48.2013878],[27.8547397,48.2406919],[27.805466,48.2353695],[27.7664009,48.2216596],[27.7532863,48.2052975],[27.7130335,48.2165041],[27.7101754,48.211836],[27.7150407,48.2053368],[27.7412859,48.1998461],[27.7289424,48.1834294],[27.733383,48.1722619],[27.7201433,48.1736339],[27.7207882,48.1605087],[27.708841,48.1399917],[27.6988976,48.1443174],[27.6642301,48.1230646],[27.6427303,48.0961082],[27.6920042,48.0690273],[27.6878328,48.0637181],[27.6962035,48.0595425],[27.6988162,48.0480798],[27.6762213,48.0536952],[27.6508187,48.0400883],[27.6493242,48.0243165],[27.6403864,48.019616],[27.6453822,48.0136216],[27.6238597,48.0002128],[27.6511605,47.9724667],[27.6239121,47.9623829],[27.6428541,47.9423502],[27.649885,47.9466768],[27.6573514,47.938149],[27.6800479,47.941068],[27.7513061,47.9291029],[27.7461961,47.926278],[27.7488735,47.9231709],[27.7406799,47.9232109],[27.7396073,47.90958],[27.7561143,47.9033896],[27.7520478,47.8943104],[27.7803577,47.8872072],[27.7995425,47.8754931],[27.7986932,47.8648213],[27.8109527,47.8558524],[27.8177532,47.8412435],[27.8306633,47.8402564],[27.8802555,47.8597631]]]}},{"type":"Feature","properties":{"entity_id":"osm-r1693908","jurisdiction":"MD","display_name":"Rîșcani","display_type":"district","admin_level":4,"tier":"overview","legal_registry":"CUATM","legal_id":"7100","legal_type":null,"parent_catalog_id":"MD","osm_relation_id":1693908,"legal_identity_status":"reconciled","geometry_source":"OpenStreetMap","geometry_precision":"simplified_for_web"},"geometry":{"type":"Polygon","coordinates":[[[27.2028288,47.9453844],[27.1918646,47.940238],[27.1771734,47.9439033],[27.1539644,47.9223798],[27.1418101,47.9170963],[27.1685145,47.9152187],[27.1996505,47.9010117],[27.2067032,47.8911701],[27.197096,47.8727456],[27.2139258,47.8501286],[27.1949573,47.8481562],[27.2064375,47.839135],[27.2244354,47.8415612],[27.24765,47.8350635],[27.2473388,47.8303172],[27.2343355,47.8250014],[27.223303,47.8317214],[27.2143697,47.8202537],[27.2231572,47.8139688],[27.2417789,47.8157255],[27.230684,47.80615],[27.2315353,47.7981536],[27.2496271,47.7940367],[27.2524938,47.7783493],[27.2662836,47.7798101],[27.2668833,47.7590291],[27.2784526,47.7642723],[27.2853935,47.7574772],[27.2911002,47.7597142],[27.3013254,47.7696975],[27.296515,47.7808693],[27.3227478,47.7784953],[27.3226585,47.7914462],[27.3105775,47.7947213],[27.3189173,47.8097501],[27.3356535,47.8054346],[27.3615018,47.848707],[27.3780026,47.8382217],[27.3874731,47.8439796],[27.3947872,47.8428597],[27.425909,47.8211488],[27.4614033,47.8700666],[27.4837677,47.8578806],[27.5072831,47.8543325],[27.5096216,47.8609111],[27.5484349,47.8550181],[27.5495327,47.8489853],[27.5572457,47.8479797],[27.5557213,47.8451022],[27.5652591,47.8387307],[27.5976241,47.8533459],[27.6431487,47.820252],[27.6542131,47.8263421],[27.6592736,47.8236143],[27.719294,47.8567623],[27.7356488,47.8442268],[27.741269,47.8477311],[27.7499775,47.842313],[27.7537565,47.8244164],[27.7606563,47.8247773],[27.779644,47.8076016],[27.7782077,47.8032042],[27.8045857,47.7972999],[27.7977124,47.7908422],[27.8280542,47.7791855],[27.8386364,47.7794246],[27.8378251,47.7757363],[27.8513316,47.7676459],[27.8475448,47.7635622],[27.8629709,47.755016],[27.8790326,47.7570834],[27.8945373,47.7683321],[27.8828495,47.7785948],[27.8887787,47.7830288],[27.8866719,47.7882415],[27.9010819,47.7984606],[27.9198826,47.7975147],[27.9167177,47.8230231],[27.90093,47.8201542],[27.8997533,47.8415278],[27.8881144,47.8404011],[27.8871298,47.8556673],[27.8811715,47.8551979],[27.8802555,47.8597631],[27.8306633,47.8402564],[27.8156136,47.8425974],[27.8109527,47.8558524],[27.7986932,47.8648213],[27.7995425,47.8754931],[27.7803577,47.8872072],[27.7520478,47.8943104],[27.7561143,47.9033896],[27.7396073,47.90958],[27.7406799,47.9232109],[27.7488735,47.9231709],[27.7483531,47.9308582],[27.6800479,47.941068],[27.6573514,47.938149],[27.649885,47.9466768],[27.6428541,47.9423502],[27.6239121,47.9623829],[27.6511605,47.9724667],[27.6238597,48.0002128],[27.6453822,48.0136216],[27.6403864,48.019616],[27.6493242,48.0243165],[27.6508187,48.0400883],[27.6762213,48.0536952],[27.6346783,48.0714026],[27.6058046,48.0604487],[27.5769727,48.0620338],[27.5444734,48.080839],[27.5480532,48.0836586],[27.5216094,48.0930188],[27.52405,48.0588188],[27.4518022,48.0373502],[27.4469128,48.0348266],[27.450164,48.0314678],[27.4134879,48.0130323],[27.3940733,48.0275817],[27.3632963,48.0006139],[27.3357175,48.0219926],[27.3288877,48.0174962],[27.3004604,48.0345516],[27.2638007,48.0119148],[27.2548904,48.013183],[27.2434405,48.0072342],[27.2503869,47.9974824],[27.2243417,47.9822623],[27.2296081,47.9780224],[27.2232149,47.9747834],[27.2359732,47.9634927],[27.2028288,47.9453844]]]}},{"type":"Feature","properties":{"entity_id":"osm-r1699022","jurisdiction":"MD","display_name":"Cantemir","display_type":"district","admin_level":4,"tier":"overview","legal_registry":"CUATM","legal_id":"2100","legal_type":null,"parent_catalog_id":"MD","osm_relation_id":1699022,"legal_identity_status":"reconciled","geometry_source":"OpenStreetMap","geometry_precision":"simplified_for_web"},"geometry":{"type":"Polygon","coordinates":[[[28.2598058,46.133347],[28.2827825,46.1324122],[28.2814352,46.1390052],[28.2912777,46.1383493],[28.3044451,46.153757],[28.3087003,46.1405207],[28.3172466,46.1418352],[28.3216912,46.1287797],[28.338402,46.1219351],[28.3410377,46.1136847],[28.3565426,46.1135618],[28.3592856,46.118544],[28.3726958,46.0936591],[28.3989921,46.0990194],[28.4083989,46.0791288],[28.4321972,46.0791413],[28.4413296,46.1255492],[28.4975566,46.1169323],[28.5066945,46.1068386],[28.5034322,46.1327772],[28.4735984,46.1791914],[28.4992776,46.1936575],[28.5546524,46.1982093],[28.5502953,46.2478099],[28.5564331,46.2906699],[28.5085092,46.2925114],[28.5043267,46.3189119],[28.5151216,46.3466404],[28.4876536,46.3526809],[28.457013,46.3731318],[28.4918299,46.3905245],[28.4759143,46.4085683],[28.4481027,46.4206483],[28.4262908,46.4122691],[28.416092,46.4146145],[28.4218487,46.4068127],[28.4117328,46.3974352],[28.4173099,46.388826],[28.3821896,46.3712568],[28.3842207,46.3688075],[28.3527327,46.3701963],[28.3373026,46.4085448],[28.3148991,46.3963381],[28.3101704,46.4001764],[28.3053621,46.396372],[28.2951992,46.4032844],[28.281072,46.3893256],[28.2378766,46.3861661],[28.2178913,46.3962418],[28.2160812,46.3918188],[28.2235915,46.3889015],[28.2174879,46.3833236],[28.2202422,46.3811348],[28.2129597,46.3807778],[28.2086445,46.3725967],[28.199069,46.3734774],[28.1977051,46.3694285],[28.2078394,46.3689026],[28.203854,46.3666972],[28.2062941,46.3644843],[28.1988131,46.3650148],[28.2005479,46.3593343],[28.2089103,46.3593486],[28.1926086,46.3595637],[28.196425,46.3497087],[28.1825966,46.3524189],[28.1889239,46.3442427],[28.1946127,46.3423231],[28.1948963,46.3472772],[28.1999413,46.3426386],[28.1951325,46.3383768],[28.1973217,46.3340524],[28.1880662,46.3374833],[28.1841267,46.3326293],[28.1926489,46.329822],[28.186404,46.3266434],[28.193398,46.3226331],[28.1980287,46.328139],[28.2014378,46.3203691],[28.2093096,46.3197642],[28.1948239,46.3027259],[28.1783975,46.300047],[28.186981,46.2941611],[28.1790127,46.2904735],[28.1804119,46.285286],[28.172516,46.2906669],[28.1772468,46.2949358],[28.1718503,46.2980795],[28.1692979,46.2824723],[28.1625988,46.2817528],[28.1652558,46.2860741],[28.1564265,46.2861931],[28.1522166,46.2927857],[28.1488115,46.290661],[28.1524421,46.2787271],[28.1439932,46.2786648],[28.1473455,46.2861983],[28.1389318,46.2841558],[28.1360534,46.2644876],[28.1262038,46.262092],[28.1310454,46.2559615],[28.1414645,46.2574465],[28.1463976,46.2514574],[28.1383731,46.2480358],[28.1334341,46.2512295],[28.1223378,46.2413708],[28.1183426,46.242835],[28.1191743,46.238615],[28.1141667,46.2461162],[28.1098546,46.2427076],[28.112023,46.2325825],[28.1062151,46.2213003],[28.1119984,46.2200721],[28.1075052,46.214787],[28.1148537,46.2108292],[28.1095786,46.2045764],[28.1153925,46.2022988],[28.1163731,46.2110141],[28.1229123,46.2112862],[28.1258181,46.2040918],[28.118026,46.1921683],[28.1346645,46.1955613],[28.1415358,46.1920303],[28.1414122,46.1848061],[28.1316089,46.1860739],[28.1317709,46.1823642],[28.1443498,46.1791341],[28.1284528,46.1783914],[28.1429647,46.1643735],[28.124945,46.1527625],[28.1236369,46.1475055],[28.1292438,46.1439587],[28.1250081,46.1374279],[28.1344485,46.1304549],[28.1244841,46.1259948],[28.1244267,46.1119285],[28.1155117,46.1085371],[28.192577,46.1005004],[28.2245046,46.1024583],[28.2393202,46.105191],[28.2444564,46.1176166],[28.2598058,46.133347]]]}},{"type":"Feature","properties":{"entity_id":"osm-r1699023","jurisdiction":"MD","display_name":"Leova","display_type":"district","admin_level":4,"tier":"overview","legal_registry":"CUATM","legal_id":"5700","legal_type":null,"parent_catalog_id":"MD","osm_relation_id":1699023,"legal_identity_status":"reconciled","geometry_source":"OpenStreetMap","geometry_precision":"simplified_for_web"},"geometry":{"type":"Polygon","coordinates":[[[28.5320478,46.4519309],[28.5330208,46.4645205],[28.5501494,46.4624002],[28.5495781,46.4903356],[28.5619965,46.4945923],[28.5767511,46.5156454],[28.5731295,46.5462229],[28.5798461,46.5584277],[28.5669811,46.558987],[28.5739762,46.5980043],[28.5797487,46.6033376],[28.5798267,46.6378814],[28.5738513,46.6365757],[28.5754288,46.6592473],[28.5608807,46.659794],[28.5626698,46.6688329],[28.5296096,46.6694975],[28.5143284,46.6606658],[28.4923918,46.6651448],[28.4826441,46.6780979],[28.4699396,46.6826025],[28.4671985,46.6911217],[28.4482352,46.6953628],[28.4488425,46.703835],[28.4296185,46.6969042],[28.4230274,46.7049615],[28.4040219,46.7064225],[28.3980045,46.7039675],[28.3998809,46.6953085],[28.4112967,46.6919974],[28.3845707,46.6876181],[28.367133,46.6790394],[28.3843701,46.6489572],[28.3798614,46.6326937],[28.3960708,46.6193229],[28.3655074,46.608714],[28.2964799,46.6050837],[28.3022769,46.6363606],[28.2619429,46.6398733],[28.2446868,46.6371785],[28.239242,46.6313614],[28.2515997,46.6211795],[28.2523938,46.6120247],[28.2442323,46.6069753],[28.2506591,46.6039098],[28.2409723,46.6008615],[28.2409457,46.591356],[28.2309097,46.5849588],[28.241501,46.5811206],[28.2228646,46.5798067],[28.2277873,46.5678748],[28.2253696,46.5636664],[28.2330615,46.5634214],[28.2359018,46.5516156],[28.2266871,46.5537585],[28.2155978,46.5378697],[28.2235409,46.5332731],[28.2268433,46.5363259],[28.2254713,46.5295537],[28.2305224,46.5290269],[28.2246141,46.5203404],[28.2141221,46.5221072],[28.2230328,46.5112622],[28.2152133,46.5124688],[28.2092938,46.5056327],[28.2153139,46.5026602],[28.2113438,46.4987286],[28.221374,46.5031234],[28.2234137,46.4951469],[28.2309489,46.4949103],[28.2283695,46.4885253],[28.2320108,46.4837956],[28.2248087,46.4795077],[28.2359008,46.4757734],[28.2414161,46.4796818],[28.2464722,46.4756666],[28.2449942,46.4691667],[28.250962,46.4668601],[28.245621,46.463368],[28.2584309,46.4621621],[28.2399386,46.4521372],[28.2425764,46.4472574],[28.257359,46.4470449],[28.2611236,46.437388],[28.2547545,46.4326558],[28.2577619,46.4250542],[28.2494405,46.4155072],[28.2306377,46.4158928],[28.2312087,46.4073837],[28.2388451,46.4067513],[28.2245951,46.4012803],[28.2384405,46.4007717],[28.243047,46.3959991],[28.2350086,46.3901772],[28.2378766,46.3861661],[28.2811698,46.3893483],[28.2988884,46.404129],[28.3053621,46.396372],[28.3101704,46.4001764],[28.3148991,46.3963381],[28.3373026,46.4085448],[28.3527327,46.3701963],[28.3842207,46.3688075],[28.3821896,46.3712568],[28.4173099,46.388826],[28.4117328,46.3974352],[28.4218487,46.4068127],[28.415066,46.4141355],[28.4347173,46.4138738],[28.4481027,46.4206483],[28.4759143,46.4085683],[28.4918299,46.3905245],[28.457013,46.3731318],[28.4609719,46.3693985],[28.4876536,46.3526809],[28.546968,46.336653],[28.5690888,46.3721571],[28.5741863,46.3920003],[28.5474508,46.4291409],[28.5220785,46.4288464],[28.5320478,46.4519309]]]}},{"type":"Feature","properties":{"entity_id":"osm-r1699032","jurisdiction":"MD","display_name":"Unitatea Teritorială Autonomă Găgăuzia","display_type":"special_territorial_unit","admin_level":4,"tier":"overview","legal_registry":"CUATM","legal_id":"9600","legal_type":null,"parent_catalog_id":"MD","osm_relation_id":1699032,"legal_identity_status":"reconciled","geometry_source":"OpenStreetMap","geometry_precision":"simplified_for_web"},"geometry":{"type":"MultiPolygon","coordinates":[[[[28.7859644,45.8323044],[28.7687346,45.8845968],[28.6004219,45.8587366],[28.5930692,45.8537552],[28.5930724,45.8469056],[28.5814697,45.8450224],[28.5819767,45.8346372],[28.577737,45.8343537],[28.577516,45.8574072],[28.5340403,45.8488673],[28.5443014,45.8183099],[28.5770588,45.8239275],[28.575659,45.8042363],[28.6056132,45.8034989],[28.7859644,45.8323044]]],[[[28.2922893,45.5960101],[28.3048003,45.5469078],[28.4207771,45.5126647],[28.4205776,45.4853455],[28.5151856,45.4998842],[28.491297,45.5711304],[28.5442136,45.5800309],[28.5392734,45.59568],[28.4627618,45.5831173],[28.4502017,45.5640223],[28.4357452,45.5669094],[28.4379949,45.5734826],[28.4308769,45.5797151],[28.4370464,45.6093376],[28.4435652,45.6126229],[28.4374171,45.6520475],[28.4864165,45.6604153],[28.4808577,45.6781565],[28.5047411,45.6998947],[28.5128647,45.7193411],[28.4202185,45.7157206],[28.4140955,45.7268301],[28.4049815,45.7253094],[28.405099,45.7150983],[28.3841221,45.7155591],[28.3826325,45.724869],[28.3426123,45.7214231],[28.3320162,45.7491429],[28.3022307,45.7439634],[28.3181982,45.682931],[28.3051159,45.6809989],[28.3291858,45.6040811],[28.2922893,45.5960101]]],[[[28.4909198,45.8929225],[28.4841717,45.8913145],[28.479985,45.8989276],[28.4657907,45.8958289],[28.410892,45.8828283],[28.418669,45.8772374],[28.4142965,45.8755307],[28.4072516,45.8816998],[28.3932094,45.878767],[28.3946507,45.8703185],[28.3812694,45.8685498],[28.3862489,45.8545121],[28.4194422,45.8627594],[28.4292336,45.853966],[28.4396553,45.856612],[28.4380095,45.8607458],[28.4463018,45.8649783],[28.4542831,45.8596768],[28.4964265,45.8742416],[28.4909198,45.8929225]]],[[[28.4970307,46.1438107],[28.5045584,46.1270533],[28.5066945,46.1068386],[28.5023248,46.1045043],[28.5109277,46.0970839],[28.5001728,46.1020797],[28.5109101,46.0958939],[28.4846419,46.0907091],[28.5131242,46.0723892],[28.5525367,46.078039],[28.5521947,46.0601344],[28.5639322,46.0505841],[28.5327376,46.0403906],[28.5354043,46.0326569],[28.5166752,46.029475],[28.5137317,46.0353068],[28.4996558,46.0325877],[28.516014,46.0012353],[28.5695155,46.0043105],[28.5702095,45.9973667],[28.5603063,45.9963988],[28.5617126,45.9838023],[28.5573996,45.9843472],[28.5571342,45.9784872],[28.5725593,45.9769864],[28.572444,45.9706377],[28.5181174,45.9707942],[28.5322959,45.9518821],[28.5707244,45.9545052],[28.5710343,45.9627946],[28.5947507,45.9634818],[28.6065619,45.9431045],[28.7329871,45.9637257],[28.7039102,46.0475359],[28.7746288,46.058715],[28.8032475,45.9750063],[28.900775,45.9904911],[28.8682737,46.0891623],[28.9456651,46.101598],[28.9157822,46.1519924],[29.0017823,46.2320448],[28.9204792,46.2745836],[28.8977274,46.2954515],[28.7329794,46.2695838],[28.7363082,46.3064509],[28.7277389,46.3151394],[28.7624976,46.3214197],[28.7615224,46.3244244],[28.7637019,46.3210302],[28.8721581,46.3387394],[28.850944,46.3939861],[28.8228026,46.4217183],[28.7551692,46.412653],[28.6022888,46.4714966],[28.5515189,46.4671751],[28.5501494,46.4624002],[28.5330208,46.4645205],[28.5220785,46.4288464],[28.5474508,46.4291409],[28.5741863,46.3920003],[28.5690888,46.3721571],[28.546968,46.336653],[28.5147077,46.3472824],[28.5042996,46.3186867],[28.5085092,46.2925114],[28.5564331,46.2906699],[28.5502953,46.2478099],[28.5547144,46.1985101],[28.4949239,46.1926309],[28.4735984,46.1791914],[28.4970307,46.1438107]],[[28.5724415,46.0114646],[28.5728938,46.0030078],[28.5692339,46.0100371],[28.5724415,46.0114646]]]]}},{"type":"Feature","properties":{"entity_id":"osm-r1699033","jurisdiction":"MD","display_name":"Taraclia","display_type":"district","admin_level":4,"tier":"overview","legal_registry":"CUATM","legal_id":"8700","legal_type":null,"parent_catalog_id":"MD","osm_relation_id":1699033,"legal_identity_status":"reconciled","geometry_source":"OpenStreetMap","geometry_precision":"simplified_for_web"},"geometry":{"type":"MultiPolygon","coordinates":[[[[28.5724415,46.0114646],[28.5692339,46.0100371],[28.5728938,46.0030078],[28.5724415,46.0114646]]],[[[28.9789995,46.0034735],[29.0055542,46.0493499],[28.9504641,46.093734],[29.0671142,46.1955029],[29.0017823,46.2320448],[28.9157822,46.1519924],[28.9456651,46.101598],[28.8682737,46.0891623],[28.900775,45.9904911],[28.9789995,46.0034735]]],[[[28.7567233,45.9571642],[28.7795635,45.9604311],[28.7763564,45.9705896],[28.8032475,45.9750063],[28.7746288,46.058715],[28.7039102,46.0475359],[28.7329871,45.9637257],[28.6065619,45.9431045],[28.5947507,45.9634818],[28.5710343,45.9627946],[28.5707244,45.9545052],[28.5322959,45.9518821],[28.5181174,45.9707942],[28.572444,45.9706377],[28.5725593,45.9769864],[28.5571342,45.9784872],[28.5573996,45.9843472],[28.5617126,45.9838023],[28.5603063,45.9963988],[28.5702095,45.9973667],[28.5695155,46.0043105],[28.516014,46.0012353],[28.4767563,46.0667221],[28.4500348,46.069057],[28.434422,46.0021969],[28.4393388,45.9904686],[28.4393007,45.9531943],[28.4457674,45.92883],[28.4410485,45.9277691],[28.44734,45.9116455],[28.4617285,45.9124917],[28.4656766,45.8957283],[28.479985,45.8989276],[28.4841717,45.8913145],[28.4909198,45.8929225],[28.4964265,45.8742416],[28.4542831,45.8596768],[28.4463018,45.8649783],[28.4380095,45.8607458],[28.4396553,45.856612],[28.4292336,45.853966],[28.4194422,45.8627594],[28.3862852,45.8543529],[28.389599,45.8442059],[28.4060477,45.8482021],[28.405155,45.8147],[28.4503708,45.827835],[28.451961,45.8238286],[28.4597486,45.8265331],[28.4637074,45.8223412],[28.4663469,45.7959151],[28.5254427,45.7989314],[28.5308527,45.778616],[28.5248061,45.7771093],[28.5267942,45.7683694],[28.534144,45.76824],[28.542881,45.7604825],[28.5627994,45.7255193],[28.5890917,45.7291894],[28.5945283,45.741227],[28.5811117,45.7707461],[28.6247911,45.7663878],[28.7093574,45.779905],[28.6970129,45.817872],[28.6047983,45.8033981],[28.575659,45.8042363],[28.5770588,45.8239275],[28.5443014,45.8183099],[28.5340403,45.8488673],[28.577516,45.8574072],[28.577737,45.8343537],[28.5819767,45.8346372],[28.5814697,45.8450224],[28.5930724,45.8469056],[28.5930692,45.8537552],[28.6004219,45.8587366],[28.7687346,45.8845968],[28.7543809,45.928739],[28.761505,45.9291888],[28.7635263,45.9345392],[28.7567233,45.9571642]]],[[[28.4103924,45.8825431],[28.4090245,45.8783611],[28.418669,45.8772374],[28.4103924,45.8825431]]]]}},{"type":"Feature","properties":{"entity_id":"osm-r1699034","jurisdiction":"MD","display_name":"Cahul","display_type":"district","admin_level":4,"tier":"overview","legal_registry":"CUATM","legal_id":"1700","legal_type":null,"parent_catalog_id":"MD","osm_relation_id":1699034,"legal_identity_status":"reconciled","geometry_source":"OpenStreetMap","geometry_precision":"simplified_for_web"},"geometry":{"type":"MultiPolygon","coordinates":[[[[28.4864165,45.6604153],[28.4374171,45.6520475],[28.4435652,45.6126229],[28.4370464,45.6093376],[28.4308769,45.5797151],[28.4410319,45.5632835],[28.4561127,45.5676783],[28.4627618,45.5831173],[28.5392734,45.59568],[28.5158379,45.665324],[28.4864165,45.6604153]]],[[[28.5003865,46.0798116],[28.4846419,46.0907091],[28.5109101,46.0958939],[28.5001728,46.1020797],[28.5109277,46.0970839],[28.5026026,46.1037495],[28.50531,46.1090016],[28.4975566,46.1169323],[28.4412459,46.12552],[28.4321972,46.0791413],[28.4083989,46.0791288],[28.3989921,46.0990194],[28.3726958,46.0936591],[28.3592856,46.118544],[28.3565426,46.1135618],[28.3410377,46.1136847],[28.338402,46.1219351],[28.3216912,46.1287797],[28.3172466,46.1418352],[28.3087003,46.1405207],[28.3043653,46.1537652],[28.2912777,46.1383493],[28.2814352,46.1390052],[28.2827825,46.1324122],[28.258394,46.1330684],[28.2393202,46.105191],[28.1960506,46.1004329],[28.1247354,46.1056399],[28.1022485,46.0984781],[28.1073008,46.0952316],[28.1053806,46.0897518],[28.1115946,46.0870825],[28.1070669,46.0832067],[28.1090765,46.0784983],[28.0926643,46.0791847],[28.089035,46.0689846],[28.1006815,46.0638793],[28.0887086,46.0588964],[28.0931129,46.0530356],[28.1049535,46.0532928],[28.1003728,46.047438],[28.1038644,46.0433477],[28.0971373,46.0434054],[28.0907624,46.0358671],[28.087652,46.0201724],[28.0957234,46.0149193],[28.0853488,46.0082441],[28.0992922,45.9906765],[28.1051171,45.9893716],[28.0981656,45.9783732],[28.1070878,45.9782956],[28.1014641,45.9726888],[28.1083209,45.9684454],[28.1046348,45.9635947],[28.1185188,45.9444581],[28.1142093,45.9356874],[28.1254756,45.9229078],[28.1160339,45.909234],[28.120041,45.9012533],[28.1121493,45.899308],[28.1182733,45.8874908],[28.1125276,45.8843027],[28.1270614,45.8852402],[28.1305366,45.882142],[28.1279439,45.877747],[28.1328477,45.8766996],[28.1274135,45.8630027],[28.1054585,45.8594128],[28.1139725,45.8491535],[28.1051862,45.8430263],[28.1127621,45.8344884],[28.1087516,45.8305939],[28.113106,45.8208303],[28.1074403,45.8165257],[28.1186169,45.8148725],[28.1211436,45.806891],[28.1227456,45.7982203],[28.1130008,45.7961091],[28.1142242,45.7902508],[28.120904,45.7909352],[28.1350363,45.778362],[28.151752,45.7836003],[28.1557223,45.7781248],[28.1434891,45.760231],[28.1519751,45.7539736],[28.1511488,45.7442688],[28.1668736,45.736241],[28.1608063,45.7250508],[28.1671333,45.7240013],[28.1641395,45.716913],[28.170711,45.7088679],[28.1598858,45.7037903],[28.1664758,45.6824884],[28.171385,45.6796073],[28.162177,45.6606516],[28.1659373,45.6534534],[28.1578913,45.6507302],[28.1742738,45.6456296],[28.171473,45.6404717],[28.1567158,45.6365404],[28.144675,45.6214696],[28.1372644,45.6256984],[28.1298713,45.6236038],[28.1303281,45.6186903],[28.1207536,45.6270897],[28.1121572,45.6262972],[28.0905971,45.6109609],[28.0885616,45.6045982],[28.1210712,45.5791449],[28.1172531,45.5755059],[28.121618,45.5718667],[28.1313133,45.5755685],[28.1342308,45.570952],[28.1347961,45.5770043],[28.138839,45.5774316],[28.1456197,45.5658588],[28.1567226,45.5753617],[28.1545095,45.5650956],[28.1480911,45.5621735],[28.158927,45.5609813],[28.1552744,45.5546155],[28.1654895,45.5453967],[28.1620631,45.5332528],[28.1664272,45.5278251],[28.1647045,45.5239131],[28.1567285,45.524104],[28.1663296,45.5197622],[28.1616701,45.5113781],[28.1539793,45.5099275],[28.1641788,45.507924],[28.1624787,45.4999844],[28.1721914,45.5009184],[28.1865666,45.4738713],[28.2139355,45.4671885],[28.2554819,45.5155428],[28.3048444,45.5469798],[28.2922893,45.5960101],[28.3291858,45.6040811],[28.3051159,45.6809989],[28.3181982,45.682931],[28.3022307,45.7439634],[28.3320162,45.7491429],[28.3426123,45.7214231],[28.3826325,45.724869],[28.3841221,45.7155591],[28.3919266,45.7152205],[28.405099,45.7150983],[28.4049815,45.7253094],[28.4140955,45.7268301],[28.4202185,45.7157206],[28.5101522,45.7187372],[28.520708,45.7375183],[28.534313,45.7330297],[28.5567471,45.7367288],[28.542881,45.7604825],[28.534144,45.76824],[28.5267942,45.7683694],[28.5248061,45.7771093],[28.5308527,45.778616],[28.5254427,45.7989314],[28.4663469,45.7959151],[28.4637074,45.8223412],[28.4597486,45.8265331],[28.451961,45.8238286],[28.4503708,45.827835],[28.405155,45.8147],[28.4060477,45.8482021],[28.389599,45.8442059],[28.3812694,45.8685498],[28.3946507,45.8703185],[28.3932094,45.878767],[28.4656766,45.8957283],[28.4617285,45.9124917],[28.44734,45.9116455],[28.4410485,45.9277691],[28.4457674,45.92883],[28.4393007,45.9531943],[28.4393388,45.9904686],[28.4344269,46.0008958],[28.4500348,46.069057],[28.4767563,46.0667221],[28.4996558,46.0325877],[28.5137317,46.0353068],[28.5166752,46.029475],[28.5354043,46.0326569],[28.5327376,46.0403906],[28.5639322,46.0505841],[28.5521947,46.0601344],[28.5525367,46.078039],[28.5131242,46.0723892],[28.5003865,46.0798116]]]]}},{"type":"Feature","properties":{"entity_id":"osm-r2607033","jurisdiction":"MD","display_name":"Unitățile administrativ-teritoriale din stînga Nistrului","display_type":"special_territorial_unit","admin_level":4,"tier":"overview","legal_registry":"CUATM","legal_id":"9800","legal_type":null,"parent_catalog_id":"MD","osm_relation_id":2607033,"legal_identity_status":"reconciled","geometry_source":"OpenStreetMap","geometry_precision":"simplified_for_web"},"geometry":{"type":"MultiPolygon","coordinates":[[[[29.7435444,46.8793073],[29.7310438,46.9192957],[29.7212065,46.9183347],[29.7180636,46.932117],[29.7088939,46.9283437],[29.7098501,46.9246727],[29.6479227,46.9194283],[29.6396538,46.9551812],[29.5720914,46.9402462],[29.557411,46.9580908],[29.5957857,46.9635699],[29.6024826,47.0416336],[29.6286758,47.044726],[29.6123989,47.0995959],[29.5476253,47.0936589],[29.5497337,47.0758996],[29.5302017,47.0754494],[29.5156335,47.1125576],[29.4992725,47.1091837],[29.49512,47.1319561],[29.5054805,47.128402],[29.5799248,47.1357635],[29.5521097,47.2513875],[29.5986932,47.2573916],[29.5740647,47.3704656],[29.5175601,47.3645903],[29.4876534,47.3558608],[29.4864303,47.350046],[29.4907487,47.3479536],[29.4873316,47.3398175],[29.4934363,47.3377164],[29.4913173,47.3329477],[29.4831419,47.3323514],[29.4857162,47.3058776],[29.4450536,47.2997892],[29.4462148,47.2945883],[29.4270454,47.2921482],[29.4236972,47.3047822],[29.3983616,47.300472],[29.3837407,47.3451482],[29.3980062,47.3536396],[29.3907218,47.3797607],[29.3613207,47.3756004],[29.3368971,47.3702365],[29.3376696,47.3625774],[29.2766872,47.3428329],[29.2686295,47.3364452],[29.2587365,47.3420953],[29.2297285,47.318768],[29.2249452,47.3234697],[29.209378,47.3109875],[29.2035756,47.2975378],[29.1692631,47.2844359],[29.1726759,47.2811493],[29.1684832,47.2785884],[29.1592286,47.2846806],[29.1410281,47.2776731],[29.142418,47.2732821],[29.1356538,47.2662376],[29.1671575,47.2186686],[29.1803082,47.2115946],[29.1868466,47.2164745],[29.1897013,47.2089069],[29.2025165,47.2149465],[29.2423954,47.2504788],[29.2579962,47.2455558],[29.2734907,47.2579288],[29.293686,47.2468159],[29.3041953,47.2551836],[29.3100297,47.2518206],[29.3172608,47.2602571],[29.3220006,47.2584961],[29.3395362,47.2793442],[29.3633916,47.26977],[29.3442269,47.2460424],[29.3378919,47.2487982],[29.3130083,47.2254143],[29.2996121,47.2294824],[29.292132,47.2088266],[29.294836,47.202194],[29.2821241,47.1906965],[29.2676441,47.1839551],[29.2418276,47.1891411],[29.2500487,47.180659],[29.2432268,47.1730464],[29.2531317,47.1646473],[29.2490089,47.1633301],[29.2950072,47.1385003],[29.2921048,47.112251],[29.3087632,47.1034597],[29.3448351,47.1052052],[29.3545415,47.0954681],[29.3584161,47.0797688],[29.3687392,47.0672643],[29.3916179,47.0592071],[29.3794752,47.0507739],[29.3790089,47.041663],[29.388411,47.0328424],[29.3843219,47.0268027],[29.3634745,47.0290715],[29.360622,47.0395763],[29.354851,47.0389511],[29.3771586,47.0000163],[29.3756917,46.994515],[29.3117348,46.9959313],[29.303819,46.9830205],[29.2988791,46.9860646],[29.3059382,46.9972867],[29.3021687,46.9999179],[29.2924674,46.996232],[29.292839,46.9819178],[29.3229604,46.9522543],[29.3609086,46.9341396],[29.3893459,46.9365458],[29.4250944,46.9639443],[29.4443204,46.9628972],[29.456224,46.9533804],[29.4712712,46.94954],[29.4760355,46.9352293],[29.4643533,46.9030175],[29.4684945,46.8959685],[29.4813483,46.8917101],[29.483586,46.8676492],[29.4988573,46.8381216],[29.4908409,46.834064],[29.496567,46.8088022],[29.494517,46.7981125],[29.5086727,46.794588],[29.5155044,46.7838954],[29.5431085,46.7786659],[29.54077,46.796623],[29.5590469,46.7762223],[29.5611123,46.7973024],[29.5877486,46.801117],[29.5883156,46.8104459],[29.5812351,46.8240224],[29.6064216,46.8339578],[29.6150798,46.8303906],[29.6010416,46.8227001],[29.603403,46.8151599],[29.6130772,46.8140077],[29.6308186,46.820858],[29.6358823,46.816577],[29.6309836,46.8093609],[29.6344485,46.8064173],[29.6476274,46.8044675],[29.6461626,46.8172492],[29.6666166,46.8071937],[29.6661599,46.7994332],[29.6511698,46.7913652],[29.6735092,46.777475],[29.6666148,46.755185],[29.6744743,46.7345028],[29.682262,46.7404933],[29.6888849,46.7345259],[29.6874799,46.7249586],[29.6947612,46.7112378],[29.6878923,46.6981184],[29.6709839,46.690303],[29.6655396,46.676017],[29.6889333,46.6719399],[29.6980419,46.6788868],[29.7014822,46.6749463],[29.6987554,46.6662129],[29.717852,46.6574746],[29.726902,46.6620482],[29.7222712,46.6680183],[29.7259846,46.6719844],[29.7421316,46.6650819],[29.7616841,46.6691954],[29.7646094,46.6652795],[29.7554612,46.6478232],[29.7731132,46.6558821],[29.7755885,46.6526398],[29.758053,46.6465877],[29.768545,46.6372127],[29.7759559,46.6403316],[29.7781077,46.6330036],[29.7592797,46.6346533],[29.7520823,46.6307014],[29.7632364,46.620227],[29.7416085,46.6250968],[29.7556249,46.6159837],[29.7475944,46.6139835],[29.7509156,46.6108664],[29.7455907,46.607204],[29.7354197,46.6086118],[29.7318957,46.6011194],[29.7231814,46.6027085],[29.7234883,46.5991166],[29.7659597,46.5895435],[29.7675379,46.5850435],[29.7881934,46.5792821],[29.7971697,46.5823548],[29.7968546,46.5949641],[29.8095357,46.5878391],[29.8052103,46.6021217],[29.7998679,46.6042372],[29.8170434,46.6004895],[29.8124278,46.592478],[29.8150176,46.5853943],[29.8265613,46.6030061],[29.8328099,46.5954206],[29.8392446,46.5960162],[29.827901,46.5809564],[29.84959,46.5891332],[29.8603208,46.5782433],[29.871445,46.579906],[29.8709425,46.5875466],[29.8773735,46.5843878],[29.8765308,46.5789957],[29.8608525,46.573206],[29.8734364,46.5690965],[29.8597428,46.5669406],[29.871661,46.5620263],[29.8845058,46.5635408],[29.8959446,46.5534009],[29.8942923,46.5503242],[29.8802139,46.5536974],[29.8807787,46.559068],[29.8750167,46.5595146],[29.8710419,46.5544124],[29.8759653,46.5467104],[29.9451926,46.5552545],[29.9485321,46.5611539],[29.9398452,46.5592762],[29.9485625,46.5687809],[29.9389902,46.5683534],[29.9361724,46.589094],[29.9632777,46.5837565],[29.9682979,46.5984221],[29.9546588,46.6196342],[29.9541291,46.6343612],[29.9458703,46.6481907],[29.9554817,46.6614724],[29.9585727,46.6786363],[29.9706778,46.6885129],[29.9666278,46.7113139],[29.9752263,46.7539125],[29.9662909,46.7560772],[29.9658944,46.7717287],[29.9351748,46.805779],[29.9615774,46.8175717],[29.978814,46.816202],[29.9799301,46.8197147],[29.9507877,46.8422427],[29.9255517,46.834762],[29.9300284,46.8284027],[29.9051288,46.8202793],[29.8844581,46.849365],[29.8922235,46.8536173],[29.8840737,46.8861272],[29.8467854,46.8820365],[29.8488493,46.8754478],[29.7495288,46.8610701],[29.7435444,46.8793073]]],[[[29.1738295,47.3361409],[29.2033649,47.3450477],[29.2185101,47.3443536],[29.2393967,47.3540118],[29.2369262,47.3600187],[29.2462276,47.3604621],[29.2483757,47.3657407],[29.2640884,47.3542957],[29.2582577,47.3495929],[29.262085,47.3473698],[29.3018167,47.3764183],[29.3097456,47.3709596],[29.3359262,47.3772343],[29.3174901,47.4492004],[29.2891873,47.4368693],[29.2725714,47.4346603],[29.2533562,47.4226159],[29.2512871,47.4160881],[29.2437545,47.4153066],[29.2423457,47.4619687],[29.1894976,47.4260702],[29.1821886,47.4490708],[29.1930219,47.4595378],[29.1893752,47.4672112],[29.1622123,47.452674],[29.1575637,47.4592329],[29.1876782,47.4753459],[29.1836303,47.4790733],[29.1922926,47.4873751],[29.1823852,47.4959176],[29.1848592,47.5113332],[29.1896722,47.5139663],[29.1850496,47.5188122],[29.1515404,47.5065536],[29.1169452,47.5544243],[29.1666644,47.5712499],[29.1710009,47.5675673],[29.1846596,47.5719641],[29.1885782,47.5815083],[29.185966,47.5857538],[29.2035485,47.5979845],[29.2007093,47.6024291],[29.2176647,47.6122875],[29.209605,47.628576],[29.2191967,47.6269847],[29.2339567,47.6425893],[29.2093865,47.6422973],[29.2098184,47.6579888],[29.2196066,47.6580692],[29.2195489,47.6820405],[29.2311065,47.6837634],[29.2043638,47.7190685],[29.2152313,47.7387023],[29.2486064,47.7513391],[29.2761347,47.8037076],[29.2470933,47.8109431],[29.2326968,47.7974054],[29.2193075,47.7984346],[29.1984213,47.8198447],[29.2073227,47.8368438],[29.2273364,47.8564365],[29.2431293,47.8673376],[29.2670632,47.8752027],[29.2812682,47.8884345],[29.2158497,47.8859576],[29.2235462,47.8910929],[29.2162098,47.8960737],[29.2131984,47.8857689],[29.2006376,47.8843692],[29.1853013,47.9644947],[29.180474,47.9642178],[29.1753154,47.9937782],[29.1248714,47.993668],[29.1240059,47.9884008],[29.130998,47.9823591],[29.0928891,47.9830705],[29.0840737,47.9773335],[29.0965122,47.9733086],[29.0981213,47.9601256],[29.0910406,47.9683347],[29.0794659,47.9714324],[29.0867456,47.9466677],[29.0737632,47.9438964],[29.0522247,47.9427372],[29.0368412,47.9478756],[29.0326337,47.9426417],[28.961602,47.97919],[28.9258472,47.9601399],[28.8776631,48.0008078],[28.8901139,48.0118267],[28.9018878,48.0125575],[28.8830749,48.0103474],[28.8641603,48.0210914],[28.8567981,48.0197716],[28.8558563,48.0270464],[28.8394493,48.0349462],[28.8520313,48.060855],[28.8438136,48.0656643],[28.8496999,48.0705007],[28.8425723,48.0750246],[28.8334151,48.0728476],[28.847724,48.0787348],[28.8575486,48.1028625],[28.8411185,48.1255436],[28.837278,48.1238536],[28.8334871,48.1288117],[28.8139344,48.1243021],[28.8064751,48.1345472],[28.7946632,48.1262574],[28.7718651,48.1248244],[28.7546413,48.1361071],[28.7218191,48.1261291],[28.7065268,48.1295818],[28.6877883,48.1246255],[28.6776416,48.1427855],[28.682087,48.1467916],[28.6475004,48.1432913],[28.6491322,48.1519992],[28.6113827,48.1570835],[28.5919225,48.1732898],[28.5793649,48.1666307],[28.5705503,48.1741022],[28.5760927,48.1745158],[28.5773463,48.1824491],[28.5704992,48.1762485],[28.5449628,48.1693734],[28.5297215,48.1532651],[28.50294,48.150789],[28.5211366,48.1382553],[28.4994258,48.1275792],[28.5002051,48.1211924],[28.4914719,48.1193138],[28.4981212,48.114693],[28.5135707,48.1212296],[28.5476744,48.1177266],[28.5896631,48.0995915],[28.6270562,48.0907514],[28.6352329,48.0789084],[28.6323132,48.070313],[28.620828,48.0643323],[28.6139608,48.0650455],[28.6083584,48.0751426],[28.6017283,48.0769908],[28.5857634,48.0472174],[28.5668975,48.0397035],[28.5467208,48.0385152],[28.5291978,48.0115216],[28.5371465,47.999584],[28.5570227,47.9935211],[28.5685248,47.9956129],[28.5883251,48.0204019],[28.5936454,48.0346947],[28.6445185,48.025346],[28.6974454,48.0241262],[28.7055297,48.0182913],[28.70173,48.0044852],[28.731286,47.9803925],[28.7482402,47.9754992],[28.778609,47.9859118],[28.789435,47.9848647],[28.8034525,47.9575096],[28.8351267,47.9405682],[28.8192318,47.9130864],[28.8262093,47.9013072],[28.9780746,47.8771846],[29.0004764,47.8695208],[29.0183852,47.85665],[29.0240312,47.8430808],[28.9929425,47.7996425],[28.9799918,47.7442632],[28.9660005,47.7214092],[28.996703,47.6485324],[28.9830194,47.6155617],[29.0275206,47.5701691],[29.0176744,47.5310692],[29.0208042,47.5225334],[29.0521559,47.5023755],[29.1058886,47.4775119],[29.1186864,47.4634857],[29.1157376,47.4524378],[29.0788105,47.4247004],[29.07756,47.411617],[29.1354668,47.3805279],[29.161216,47.3552985],[29.1641343,47.346227],[29.1604818,47.3382981],[29.1738295,47.3361409]]]]}},{"type":"Feature","properties":{"entity_id":"osm-r9581354","jurisdiction":"MD","display_name":"Bender","display_type":"level_2_municipality","admin_level":4,"tier":"overview","legal_registry":"CUATM","legal_id":"0500","legal_type":null,"parent_catalog_id":"MD","osm_relation_id":9581354,"legal_identity_status":"reconciled","geometry_source":"OpenStreetMap","geometry_precision":"simplified_for_web"},"geometry":{"type":"Polygon","coordinates":[[[29.4561941,46.8547168],[29.4467519,46.852874],[29.433475,46.8617869],[29.4370728,46.8493123],[29.3966151,46.8485237],[29.394994,46.8346824],[29.407071,46.8241698],[29.4057941,46.8150035],[29.412402,46.8085861],[29.4501222,46.8147655],[29.4670136,46.8071216],[29.4606965,46.800289],[29.4765614,46.7995412],[29.476668,46.7813272],[29.4943279,46.7838048],[29.4950148,46.7937762],[29.5103679,46.792833],[29.494517,46.7981125],[29.496567,46.8088022],[29.4908409,46.834064],[29.4991604,46.8368084],[29.4900839,46.8538001],[29.4794938,46.8531148],[29.4743598,46.8475786],[29.4691251,46.8560851],[29.4561941,46.8547168]]]}}]}