{"type":"FeatureCollection","metadata":{"schema_version":1,"contract":"actual-public-geometry-chunk-v1","mode":"ACTUAL","jurisdiction":"RO","tier":"local","root_entity_id":"osm-r2366978","feature_count":112,"geometry_source":"OpenStreetMap","geometry_precision":"master_coordinate_fidelity"},"features":[{"type":"Feature","properties":{"entity_id":"osm-r9742478","jurisdiction":"RO","display_name":"DRĂGHICENI","display_type":"commune","admin_level":8,"tier":"local","legal_registry":"SIRUTA","legal_id":"125490","legal_type":"commune","parent_catalog_id":"osm-r2366978","osm_relation_id":9742478,"legal_identity_status":"reconciled","geometry_source":"OpenStreetMap","geometry_precision":"master_coordinate_fidelity"},"geometry":{"type":"Polygon","coordinates":[[[24.2701355,44.1084952],[24.2710751,44.108569],[24.2733508,44.1081861],[24.2754231,44.108243],[24.275876,44.1083198],[24.2772622,44.1086795],[24.2778938,44.1086653],[24.278914,44.1084788],[24.2796246,44.1084055],[24.2807597,44.1090996],[24.2829139,44.1095189],[24.2835443,44.1094211],[24.2853032,44.1094935],[24.2869342,44.1096751],[24.288278,44.1098936],[24.2889037,44.1098629],[24.2889857,44.1099301],[24.2889709,44.1099849],[24.2881262,44.1105915],[24.2882165,44.110679],[24.2894563,44.1109494],[24.2898252,44.1110902],[24.2899211,44.1112414],[24.2886059,44.1127286],[24.2884831,44.1129396],[24.288522,44.1130685],[24.2887766,44.113194],[24.2898746,44.1134822],[24.2902241,44.1137403],[24.2934267,44.1146897],[24.294192,44.1148661],[24.2939742,44.1156341],[24.2938631,44.1164091],[24.2931,44.1170667],[24.2930176,44.1171949],[24.2930278,44.1173156],[24.2933538,44.117681],[24.2928405,44.1182526],[24.2927739,44.1184644],[24.2928208,44.1185645],[24.2942409,44.1196274],[24.2943395,44.1203202],[24.2967022,44.1201764],[24.2971631,44.1203976],[24.2974442,44.1206374],[24.2987157,44.1259174],[24.2990245,44.1275517],[24.3014647,44.1372248],[24.2894976,44.1387312],[24.2890979,44.1386808],[24.2884077,44.1388391],[24.2721867,44.1408391],[24.2735667,44.1477749],[24.2743615,44.1517688],[24.2681292,44.1485521],[24.2675567,44.1547388],[24.2680206,44.1567539],[24.2463208,44.1590153],[24.2474397,44.165399],[24.2339435,44.1675525],[24.229352,44.1694894],[24.2292935,44.1695372],[24.2270841,44.1622213],[24.2234044,44.1481151],[24.2222777,44.1430206],[24.2217025,44.1400251],[24.2209733,44.1368135],[24.2203358,44.1345266],[24.2171166,44.1346703],[24.216614,44.1303755],[24.2164135,44.1274215],[24.2162686,44.1262106],[24.216085,44.1250805],[24.2153718,44.1219329],[24.2183185,44.1217402],[24.2175289,44.1199356],[24.219474,44.1199575],[24.2197509,44.1207658],[24.223695,44.1204383],[24.2237345,44.1197297],[24.2231402,44.1175425],[24.2211668,44.1176006],[24.2208302,44.1099802],[24.2273223,44.1096942],[24.2272916,44.1094042],[24.2367749,44.1090599],[24.245854,44.1087953],[24.25077,44.1087123],[24.2565477,44.1084707],[24.2570103,44.1084308],[24.2578119,44.1082655],[24.2597254,44.1083635],[24.2613897,44.1081174],[24.2634496,44.1076864],[24.2653246,44.1081919],[24.2667844,44.1078706],[24.2677099,44.1079805],[24.2688855,44.1082142],[24.2697236,44.1084441],[24.2701355,44.1084952]]]}},{"type":"Feature","properties":{"entity_id":"osm-r9742479","jurisdiction":"RO","display_name":"CEZIENI","display_type":"commune","admin_level":8,"tier":"local","legal_registry":"SIRUTA","legal_id":"126102","legal_type":"commune","parent_catalog_id":"osm-r2366978","osm_relation_id":9742479,"legal_identity_status":"reconciled","geometry_source":"OpenStreetMap","geometry_precision":"master_coordinate_fidelity"},"geometry":{"type":"Polygon","coordinates":[[[24.2188249,44.1710269],[24.2198854,44.1709206],[24.2293771,44.1699694],[24.2292935,44.1695372],[24.229352,44.1694894],[24.2339435,44.1675525],[24.2474397,44.165399],[24.2463208,44.1590153],[24.2680206,44.1567539],[24.2675567,44.1547388],[24.2681292,44.1485521],[24.2743615,44.1517688],[24.2808096,44.1550067],[24.2835547,44.1559103],[24.2866294,44.1563639],[24.289883,44.1566544],[24.2920078,44.156543],[24.2933641,44.1563505],[24.2943262,44.1562139],[24.2998992,44.1554094],[24.3014225,44.1583438],[24.3021819,44.1596729],[24.3017362,44.1597737],[24.3037926,44.1639745],[24.3096586,44.1638423],[24.3140589,44.1780499],[24.3137253,44.1781898],[24.3144888,44.1817674],[24.3150429,44.1818159],[24.3155946,44.1820694],[24.3164666,44.1840281],[24.3119676,44.184684],[24.3147866,44.1924143],[24.3155151,44.1944286],[24.3116523,44.195301],[24.3107853,44.1954967],[24.3115954,44.1974426],[24.2967977,44.2006663],[24.2875764,44.2026032],[24.2842376,44.2031946],[24.2784629,44.2043397],[24.2737246,44.2054526],[24.2425001,44.2122323],[24.2443436,44.2175714],[24.2379036,44.2190351],[24.2352021,44.2122548],[24.2291075,44.2135465],[24.2282482,44.211377],[24.2232421,44.1998037],[24.2210081,44.1943442],[24.2201315,44.1919191],[24.2204,44.1918421],[24.2199008,44.1905105],[24.218462,44.1860865],[24.2164104,44.1802078],[24.2206776,44.179519],[24.2200717,44.1759032],[24.2188249,44.1710269]]]}},{"type":"Feature","properties":{"entity_id":"osm-r9742480","jurisdiction":"RO","display_name":"DOBROSLOVENI","display_type":"commune","admin_level":8,"tier":"local","legal_registry":"SIRUTA","legal_id":"126718","legal_type":"commune","parent_catalog_id":"osm-r2366978","osm_relation_id":9742480,"legal_identity_status":"reconciled","geometry_source":"OpenStreetMap","geometry_precision":"master_coordinate_fidelity"},"geometry":{"type":"Polygon","coordinates":[[[24.3155151,44.1944286],[24.3147866,44.1924143],[24.3119676,44.184684],[24.3164666,44.1840281],[24.3155946,44.1820694],[24.3150429,44.1818159],[24.3144888,44.1817674],[24.3137253,44.1781898],[24.3140589,44.1780499],[24.3096586,44.1638423],[24.3037926,44.1639745],[24.3017362,44.1597737],[24.3021819,44.1596729],[24.3014225,44.1583438],[24.2998992,44.1554094],[24.2943262,44.1562139],[24.2944913,44.1560972],[24.3009617,44.1512892],[24.3062305,44.147498],[24.3098786,44.1447983],[24.3197255,44.1377491],[24.3258039,44.1336196],[24.3275413,44.1327479],[24.3288743,44.1321508],[24.328918,44.1322843],[24.3289676,44.1353298],[24.3290871,44.1353969],[24.3347398,44.1350943],[24.3403918,44.1348495],[24.341604,44.1339274],[24.3423814,44.133518],[24.3432514,44.13318],[24.344628,44.1328553],[24.3458593,44.1326907],[24.3525063,44.1323285],[24.3542914,44.1321804],[24.3552519,44.1320468],[24.3564086,44.1317353],[24.3575153,44.1312459],[24.3585024,44.1306799],[24.3591951,44.1301159],[24.3600151,44.129114],[24.36028,44.1291947],[24.3614351,44.1269224],[24.3676226,44.1353683],[24.3717377,44.1370596],[24.3747686,44.1400646],[24.3779453,44.1388316],[24.3852679,44.1361386],[24.3856222,44.1364433],[24.3895379,44.1395796],[24.3896684,44.1396314],[24.3903857,44.1402758],[24.3921914,44.1416471],[24.3975904,44.1454034],[24.4034186,44.1498672],[24.3894067,44.1542516],[24.3888585,44.1545331],[24.3895597,44.1552663],[24.3899313,44.1558296],[24.3902633,44.155998],[24.3911809,44.1569699],[24.3918637,44.1575938],[24.3926616,44.1584382],[24.3928874,44.1588002],[24.3932013,44.1589712],[24.3937243,44.1595202],[24.3938326,44.159781],[24.3940899,44.1599775],[24.3949519,44.1608491],[24.395239,44.16102],[24.3966191,44.1624944],[24.397657,44.1634695],[24.400175,44.1660297],[24.4030845,44.1688853],[24.4036597,44.1696351],[24.4040034,44.1707858],[24.4040898,44.1708505],[24.4040897,44.171066],[24.40457,44.1707949],[24.4048636,44.1705493],[24.4054044,44.1695789],[24.4055567,44.1693962],[24.4059834,44.1692478],[24.4064781,44.1691704],[24.4071855,44.1692221],[24.407459,44.1692017],[24.4078177,44.1690792],[24.4081117,44.1688874],[24.4086454,44.1681495],[24.4085615,44.1679767],[24.4081761,44.1676987],[24.4079488,44.1674228],[24.4078982,44.1669466],[24.4083721,44.1671102],[24.4089114,44.1674085],[24.409233,44.1676178],[24.415861,44.1730384],[24.4358401,44.1895739],[24.4349927,44.1899328],[24.4342767,44.1901244],[24.4341576,44.1902285],[24.4339443,44.1903125],[24.4335121,44.190425],[24.4333351,44.1904199],[24.4331292,44.1903339],[24.4323863,44.1908316],[24.4311008,44.1918748],[24.4306853,44.1919483],[24.4299468,44.1924166],[24.4287506,44.1934232],[24.4280478,44.1928289],[24.4272156,44.1933121],[24.426573,44.193812],[24.4259672,44.1941682],[24.425543,44.1943582],[24.425146,44.1946808],[24.4244767,44.1941159],[24.4241871,44.1937873],[24.4225091,44.1941683],[24.4219318,44.1943631],[24.4194963,44.1949358],[24.4192534,44.1949346],[24.4174242,44.1946562],[24.4154728,44.1945463],[24.4149506,44.1945959],[24.4135899,44.1949235],[24.4121818,44.1953932],[24.4092935,44.1960109],[24.4071996,44.1966463],[24.4066823,44.1968472],[24.4059198,44.1972259],[24.4050956,44.197531],[24.404155,44.1977972],[24.4038474,44.1983616],[24.4038935,44.198531],[24.4029659,44.1991477],[24.402385,44.1993231],[24.4018291,44.1995853],[24.4012932,44.2001222],[24.4010361,44.2003027],[24.4008941,44.2003155],[24.4006454,44.2002564],[24.4004229,44.2000513],[24.4000697,44.1999134],[24.3992389,44.1996922],[24.398876,44.1996517],[24.3985817,44.2007447],[24.3979509,44.2026311],[24.3977309,44.203583],[24.3972401,44.2052205],[24.3946932,44.204787],[24.3936645,44.2045667],[24.3928298,44.2044874],[24.3913353,44.2042044],[24.3911124,44.2042038],[24.3907142,44.2002304],[24.3898739,44.2004725],[24.389546,44.2006229],[24.3892687,44.2006478],[24.3891701,44.2006949],[24.3885817,44.2006812],[24.3885065,44.2005996],[24.3888303,44.1994558],[24.3892521,44.1974675],[24.3884787,44.1973522],[24.3881254,44.1972319],[24.3879463,44.1972595],[24.3877387,44.1974178],[24.3873655,44.1974412],[24.3871699,44.1973671],[24.386914,44.1971467],[24.3867553,44.1971204],[24.3866051,44.1971323],[24.3864278,44.1972107],[24.3857825,44.1971698],[24.3851049,44.1972603],[24.3847524,44.1972012],[24.3843603,44.1969261],[24.3840071,44.196466],[24.3837417,44.1963059],[24.3835723,44.1962637],[24.3833383,44.1960545],[24.3833055,44.1958178],[24.3830602,44.1955662],[24.3828672,44.1954445],[24.3828218,44.1955712],[24.3826983,44.1955563],[24.3824432,44.1952628],[24.3825042,44.1951298],[24.382464,44.1949725],[24.3819399,44.1944206],[24.3820147,44.1942561],[24.3821819,44.1941623],[24.3819297,44.1938621],[24.3807278,44.1947184],[24.3792227,44.1959302],[24.3784023,44.1955106],[24.3753001,44.1941318],[24.3748633,44.1938998],[24.3743856,44.1939155],[24.3741954,44.1940283],[24.3737993,44.1944341],[24.3732535,44.1947801],[24.3730408,44.1950742],[24.3722714,44.1956968],[24.3712956,44.1968065],[24.3703269,44.1974724],[24.3696815,44.1978378],[24.3686161,44.1982839],[24.368704,44.1984627],[24.3658582,44.2004246],[24.3630506,44.2026149],[24.3604496,44.2044796],[24.359673,44.2051482],[24.3579423,44.2064192],[24.3565683,44.2080172],[24.3557829,44.2090955],[24.3544761,44.2084612],[24.3541643,44.2082504],[24.3525479,44.2066987],[24.348849,44.2055785],[24.350043,44.1988858],[24.3397518,44.2007551],[24.3353015,44.2016088],[24.3286236,44.2027988],[24.3242036,44.2036667],[24.3203817,44.1933852],[24.3155151,44.1944286]]]}},{"type":"Feature","properties":{"entity_id":"osm-r9742481","jurisdiction":"RO","display_name":"FĂRCAȘELE","display_type":"commune","admin_level":8,"tier":"local","legal_registry":"SIRUTA","legal_id":"127019","legal_type":"commune","parent_catalog_id":"osm-r2366978","osm_relation_id":9742481,"legal_identity_status":"reconciled","geometry_source":"OpenStreetMap","geometry_precision":"master_coordinate_fidelity"},"geometry":{"type":"Polygon","coordinates":[[[24.4404672,44.1960415],[24.4405636,44.195926],[24.4407015,44.1957119],[24.4411299,44.1946607],[24.4412079,44.193574],[24.4413348,44.193138],[24.4411925,44.1916199],[24.4408634,44.1905967],[24.4406008,44.1900754],[24.4400772,44.1895237],[24.4394484,44.1890691],[24.4390279,44.1888447],[24.4379912,44.1885666],[24.4372309,44.1884952],[24.436676,44.1886164],[24.4360656,44.1891874],[24.4358401,44.1895739],[24.415861,44.1730384],[24.409233,44.1676178],[24.4089114,44.1674085],[24.4083721,44.1671102],[24.4078982,44.1669466],[24.4079488,44.1674228],[24.4081761,44.1676987],[24.4085615,44.1679767],[24.4086454,44.1681495],[24.4081117,44.1688874],[24.4078177,44.1690792],[24.407459,44.1692017],[24.4071855,44.1692221],[24.4064781,44.1691704],[24.4059834,44.1692478],[24.4055567,44.1693962],[24.4054044,44.1695789],[24.4048636,44.1705493],[24.40457,44.1707949],[24.4040897,44.171066],[24.4040898,44.1708505],[24.4040034,44.1707858],[24.4036597,44.1696351],[24.4030845,44.1688853],[24.400175,44.1660297],[24.397657,44.1634695],[24.3966191,44.1624944],[24.395239,44.16102],[24.3949519,44.1608491],[24.3940899,44.1599775],[24.3938326,44.159781],[24.3937243,44.1595202],[24.3932013,44.1589712],[24.3928874,44.1588002],[24.3926616,44.1584382],[24.3918637,44.1575938],[24.3911809,44.1569699],[24.3902633,44.155998],[24.3899313,44.1558296],[24.3895597,44.1552663],[24.3888585,44.1545331],[24.3894067,44.1542516],[24.4034186,44.1498672],[24.3975904,44.1454034],[24.3921914,44.1416471],[24.3903857,44.1402758],[24.3896684,44.1396314],[24.3895379,44.1395796],[24.3856222,44.1364433],[24.3852679,44.1361386],[24.3856284,44.1360136],[24.3933107,44.1330803],[24.3949294,44.1325211],[24.3986859,44.1310444],[24.4017359,44.1288273],[24.4035181,44.1293084],[24.4064987,44.1282749],[24.411701,44.127331],[24.4127195,44.1266649],[24.4159464,44.124137],[24.4189366,44.1216265],[24.42023,44.1209028],[24.4204522,44.120726],[24.4340242,44.1211089],[24.4305741,44.1186075],[24.4309095,44.1186183],[24.4309777,44.1157165],[24.431084,44.1151306],[24.430993,44.1149915],[24.4310877,44.1140397],[24.4315148,44.1031917],[24.4316417,44.1031851],[24.4317678,44.1031803],[24.4330839,44.1033069],[24.4335732,44.1034037],[24.434174,44.1034324],[24.434515,44.1034064],[24.4353759,44.1030207],[24.435979,44.102883],[24.4373985,44.1016482],[24.4378531,44.101319],[24.4380305,44.1012081],[24.4388142,44.1010004],[24.4403257,44.1009826],[24.4417102,44.1008091],[24.4431449,44.1005112],[24.4443746,44.1001997],[24.4448868,44.1001509],[24.4462403,44.0997841],[24.4470273,44.0997582],[24.4477995,44.0996451],[24.4495273,44.0997178],[24.4502401,44.0996776],[24.4509072,44.0997646],[24.4515229,44.0996218],[24.4513486,44.1106174],[24.4512583,44.115107],[24.4512809,44.11839],[24.4513275,44.1190772],[24.4549298,44.1191381],[24.4621962,44.1191631],[24.4622231,44.1208385],[24.4621752,44.1219285],[24.4580561,44.1217612],[24.4587165,44.1219397],[24.4611735,44.1227808],[24.4647382,44.1241072],[24.4656321,44.1243834],[24.4661767,44.1246386],[24.467646,44.1251268],[24.4713805,44.1264912],[24.4712632,44.1265454],[24.4722892,44.1268823],[24.474552,44.1277668],[24.4749351,44.1279669],[24.4755644,44.1284335],[24.4762191,44.1291103],[24.4766724,44.1298689],[24.4769016,44.1306179],[24.4769342,44.1311437],[24.4776453,44.131159],[24.4780836,44.1311085],[24.4790018,44.130749],[24.4795928,44.1305779],[24.4800703,44.1305438],[24.4803506,44.1305895],[24.4810586,44.1305038],[24.4813806,44.1305377],[24.4820245,44.1307225],[24.4822257,44.1308286],[24.4826296,44.1311642],[24.4828141,44.1312499],[24.4830323,44.1313236],[24.4837895,44.1314079],[24.4842479,44.1316243],[24.4847429,44.1321439],[24.4854249,44.133113],[24.4858267,44.1333856],[24.4864348,44.1336],[24.4877645,44.1336909],[24.4889241,44.1339872],[24.4896101,44.1343],[24.4902562,44.1347042],[24.4906398,44.1348676],[24.4906192,44.1349224],[24.4936893,44.1362767],[24.4934568,44.1363985],[24.487888,44.1393136],[24.4777529,44.1404532],[24.4769412,44.1421892],[24.47948,44.1497301],[24.4785409,44.1519195],[24.4837351,44.1578631],[24.4837265,44.1623204],[24.4830043,44.1638336],[24.4789861,44.1716084],[24.4771049,44.1745938],[24.4735129,44.1791314],[24.4727832,44.1821356],[24.4715032,44.1848674],[24.4693907,44.1877126],[24.4665582,44.1903744],[24.4603017,44.1871493],[24.4602849,44.1870447],[24.460165,44.1869228],[24.4597075,44.186597],[24.4590411,44.1858752],[24.4577998,44.185406],[24.4573841,44.1851543],[24.4570252,44.1848875],[24.4565906,44.1843911],[24.4504498,44.183538],[24.4498847,44.1833652],[24.4496387,44.1833324],[24.4493185,44.1833527],[24.4485152,44.1837218],[24.4481057,44.1840704],[24.4474901,44.184409],[24.4472139,44.1849993],[24.4471248,44.185493],[24.4475861,44.1876814],[24.4463404,44.1881013],[24.4457505,44.1882466],[24.4451046,44.1885757],[24.4431427,44.1900168],[24.4430887,44.1903697],[24.4437543,44.1916197],[24.4446871,44.1925815],[24.4465123,44.1941359],[24.4469798,44.1948225],[24.4474745,44.1959161],[24.4479648,44.1965705],[24.4481635,44.1971076],[24.4479745,44.1970021],[24.4475757,44.1968951],[24.4471056,44.1968242],[24.4449888,44.1968933],[24.4411673,44.1964226],[24.4409097,44.196363],[24.4407385,44.1962675],[24.4404672,44.1960415]]]}},{"type":"Feature","properties":{"entity_id":"osm-r9742482","jurisdiction":"RO","display_name":"STOICĂNEȘTI","display_type":"commune","admin_level":8,"tier":"local","legal_registry":"SIRUTA","legal_id":"129111","legal_type":"commune","parent_catalog_id":"osm-r2366978","osm_relation_id":9742482,"legal_identity_status":"reconciled","geometry_source":"OpenStreetMap","geometry_precision":"master_coordinate_fidelity"},"geometry":{"type":"Polygon","coordinates":[[[24.705541,44.1908819],[24.7038903,44.1942249],[24.6997148,44.2019147],[24.6993123,44.2027594],[24.6955159,44.2013675],[24.6954021,44.2015327],[24.6953919,44.2063572],[24.6953155,44.207985],[24.6951072,44.2190472],[24.6951467,44.2192167],[24.7035497,44.2214229],[24.7063324,44.2222018],[24.7074515,44.2226108],[24.7075281,44.22267],[24.7070646,44.2231973],[24.7068863,44.2236159],[24.706885,44.2238846],[24.7082976,44.2250207],[24.7086302,44.2256214],[24.7091699,44.2268976],[24.7091485,44.2271375],[24.7089742,44.2273681],[24.7217929,44.2320633],[24.7222263,44.232222],[24.7114739,44.2406663],[24.7065056,44.2444445],[24.7046288,44.245927],[24.6952176,44.2529391],[24.6913516,44.2559682],[24.6910575,44.2562275],[24.6908498,44.2563738],[24.6903154,44.2568342],[24.6888713,44.2578516],[24.6876259,44.2588486],[24.687182,44.2591001],[24.6855772,44.2603206],[24.6843094,44.2612131],[24.6791132,44.2652231],[24.676513,44.2673198],[24.6739848,44.2691082],[24.6735688,44.2694493],[24.6728091,44.2699358],[24.6703403,44.2717627],[24.6693645,44.2725547],[24.6671416,44.274137],[24.6666361,44.2744488],[24.6651121,44.2756587],[24.6599836,44.2794028],[24.6545064,44.283493],[24.6540345,44.2844971],[24.6514755,44.2916661],[24.6510313,44.2927761],[24.650241,44.2951391],[24.6498027,44.2950414],[24.6481004,44.2945648],[24.6469248,44.2941748],[24.6438662,44.2930201],[24.6422382,44.2925017],[24.6335979,44.2894817],[24.6277043,44.2875184],[24.6259592,44.2868381],[24.6251157,44.2864435],[24.6233345,44.2857972],[24.6192648,44.2846185],[24.6175588,44.284168],[24.6118399,44.2827692],[24.6164834,44.2728679],[24.6212583,44.2633622],[24.6089083,44.2589951],[24.6061586,44.2580785],[24.6022227,44.256964],[24.6026474,44.2563842],[24.6026172,44.2549016],[24.6026743,44.2548292],[24.6072958,44.2502878],[24.6109919,44.2465412],[24.6091719,44.2457068],[24.6101008,44.2447198],[24.6104065,44.2440162],[24.6105989,44.2438163],[24.6107061,44.2436062],[24.6105738,44.2435249],[24.6102199,44.24369],[24.6089183,44.2428839],[24.6030171,44.2396282],[24.6016161,44.2387148],[24.6001905,44.2379528],[24.5996702,44.2376041],[24.5962889,44.2357275],[24.5954074,44.2351737],[24.5922775,44.2335176],[24.5912877,44.2330684],[24.5900779,44.2323791],[24.5891734,44.2317573],[24.5873805,44.2306945],[24.5871041,44.2306183],[24.5868253,44.2306186],[24.5863862,44.2306898],[24.5857012,44.2305687],[24.585063,44.2305257],[24.5837658,44.2305748],[24.5834333,44.23042],[24.5832067,44.2303964],[24.5839059,44.2298326],[24.5850961,44.2288108],[24.5893363,44.2253232],[24.5900132,44.2247839],[24.6033795,44.2141894],[24.615325,44.2047194],[24.6139239,44.2042524],[24.6114288,44.2035876],[24.6048542,44.2020015],[24.6016099,44.2011616],[24.5995331,44.2007227],[24.5951918,44.2003234],[24.59781,44.1971333],[24.5940193,44.1962118],[24.5939082,44.1960784],[24.591053,44.1818195],[24.5905038,44.181759],[24.5914938,44.1781973],[24.5960642,44.1627878],[24.5976455,44.1634461],[24.59834,44.163628],[24.5990702,44.1636999],[24.599494,44.1637959],[24.6000539,44.1640104],[24.6013951,44.1639711],[24.6048819,44.1642057],[24.6060132,44.1642446],[24.6101366,44.1641781],[24.6113153,44.1639888],[24.6119334,44.1639909],[24.6168571,44.1647443],[24.6186483,44.1649183],[24.6226305,44.1654302],[24.6243111,44.1655278],[24.6276495,44.165854],[24.6283103,44.1659841],[24.6304857,44.1654226],[24.6351801,44.1640961],[24.6376654,44.1630203],[24.6384133,44.1626405],[24.638451,44.162611],[24.6397841,44.1625216],[24.6449368,44.1620803],[24.6486463,44.1616875],[24.6497479,44.1615012],[24.6498857,44.1615259],[24.6486698,44.1632786],[24.647653,44.1645363],[24.651502,44.1658943],[24.6516755,44.165931],[24.6518153,44.1657714],[24.652031,44.1657093],[24.6526266,44.1653206],[24.6530007,44.1652271],[24.6536811,44.165176],[24.654744,44.1651839],[24.6556548,44.1651268],[24.6563228,44.1650374],[24.6568974,44.1650694],[24.6595797,44.1653895],[24.6598115,44.1653649],[24.6602023,44.1652437],[24.6607128,44.1651904],[24.661249,44.1652764],[24.6615042,44.1652624],[24.6640904,44.1658911],[24.6662393,44.1665012],[24.6740108,44.1683379],[24.6748815,44.1686478],[24.6787566,44.1696411],[24.6900727,44.1724011],[24.6900373,44.1724674],[24.6900934,44.1724907],[24.6903696,44.1724189],[24.6919417,44.1727474],[24.7015017,44.1751664],[24.7064323,44.1776311],[24.7135336,44.181284],[24.7055969,44.1907583],[24.705541,44.1908819]]]}},{"type":"Feature","properties":{"entity_id":"osm-r9742483","jurisdiction":"RO","display_name":"VĂLENI","display_type":"commune","admin_level":8,"tier":"local","legal_registry":"SIRUTA","legal_id":"129763","legal_type":"commune","parent_catalog_id":"osm-r2366978","osm_relation_id":9742483,"legal_identity_status":"reconciled","geometry_source":"OpenStreetMap","geometry_precision":"master_coordinate_fidelity"},"geometry":{"type":"Polygon","coordinates":[[[24.8260503,44.21755],[24.8370221,44.2263872],[24.8349357,44.2274328],[24.8175656,44.2330803],[24.8280588,44.2368316],[24.8277819,44.2371246],[24.8268934,44.2377054],[24.8264462,44.2376704],[24.8250997,44.2387273],[24.8215078,44.2405204],[24.8209798,44.2409909],[24.8202161,44.2420675],[24.822219,44.2429125],[24.8244907,44.2441034],[24.827136,44.258676],[24.8275351,44.2587858],[24.8274701,44.2648867],[24.8276309,44.265867],[24.8286219,44.2699167],[24.829244,44.2725726],[24.8285061,44.2756094],[24.824639,44.2801321],[24.8139364,44.2739276],[24.8116938,44.272644],[24.8098868,44.2716786],[24.8094967,44.2713756],[24.8061755,44.2694469],[24.8073784,44.2688879],[24.8047026,44.2678881],[24.8043547,44.2677203],[24.8036053,44.2674972],[24.8000977,44.2662169],[24.7994911,44.2660142],[24.79889,44.2668447],[24.7940664,44.2654593],[24.7939812,44.2654903],[24.7937743,44.2662857],[24.7937133,44.2663649],[24.7936374,44.2663727],[24.7873405,44.2643739],[24.7876089,44.2629034],[24.7843935,44.2619868],[24.7836663,44.2629184],[24.7806644,44.264527],[24.7797277,44.2643766],[24.7785298,44.2640391],[24.7780239,44.2637985],[24.7777993,44.2637519],[24.7785579,44.2627258],[24.7769867,44.2620274],[24.7766574,44.261931],[24.7741742,44.2609323],[24.7700177,44.2591846],[24.7706255,44.2583228],[24.7682861,44.2573514],[24.7687146,44.2569443],[24.7709492,44.2578823],[24.7710786,44.2577198],[24.7688574,44.2567976],[24.769,44.2566681],[24.7680562,44.2562387],[24.7695769,44.254288],[24.7726041,44.2510188],[24.7345811,44.2368986],[24.7251091,44.2333134],[24.7222263,44.232222],[24.7217929,44.2320633],[24.7089742,44.2273681],[24.7091485,44.2271375],[24.7091699,44.2268976],[24.7086302,44.2256214],[24.7082976,44.2250207],[24.706885,44.2238846],[24.7068863,44.2236159],[24.7070646,44.2231973],[24.7075281,44.22267],[24.7074515,44.2226108],[24.7063324,44.2222018],[24.7035497,44.2214229],[24.6951467,44.2192167],[24.6951072,44.2190472],[24.6953155,44.207985],[24.6953919,44.2063572],[24.6954021,44.2015327],[24.6955159,44.2013675],[24.6993123,44.2027594],[24.6997148,44.2019147],[24.7038903,44.1942249],[24.705541,44.1908819],[24.7073134,44.1912452],[24.7125609,44.1920824],[24.7172438,44.1928975],[24.7237145,44.1939156],[24.7237551,44.1932738],[24.7239426,44.192982],[24.7243759,44.1926265],[24.724936,44.1922988],[24.725301,44.1922245],[24.7257753,44.1922545],[24.7267142,44.1921122],[24.7285334,44.192194],[24.728665,44.1921403],[24.729247,44.1920781],[24.7300028,44.191863],[24.7303742,44.1915434],[24.7317433,44.1911073],[24.7320924,44.1909106],[24.7326469,44.190473],[24.7336622,44.1900995],[24.7346633,44.1895575],[24.7354116,44.1892279],[24.7354827,44.189149],[24.7356538,44.1891178],[24.7366114,44.1884685],[24.7374411,44.1880962],[24.7379738,44.1879676],[24.7387429,44.1878821],[24.7403595,44.1880139],[24.7414222,44.1876895],[24.7417809,44.1875203],[24.7420041,44.1873092],[24.7422346,44.1865621],[24.7425617,44.1861447],[24.7427462,44.1857975],[24.7428079,44.1856285],[24.7427869,44.1854437],[24.7425523,44.1850339],[24.74237,44.1849051],[24.7421051,44.1847322],[24.741149,44.1843103],[24.7406714,44.1840023],[24.7401533,44.1835852],[24.7393962,44.1824904],[24.739372,44.1820675],[24.7394442,44.1815642],[24.7396758,44.1813705],[24.7400988,44.1812243],[24.7403702,44.180918],[24.7407852,44.180612],[24.7411867,44.1804156],[24.7419585,44.1798231],[24.7437555,44.179135],[24.7446404,44.1789303],[24.7455926,44.1788911],[24.7466158,44.1789216],[24.7474827,44.1788234],[24.7476964,44.1787361],[24.7479983,44.1783954],[24.7481738,44.1781045],[24.7482147,44.1778743],[24.7480725,44.1775232],[24.7478993,44.1773161],[24.7471481,44.1768258],[24.7466918,44.1766181],[24.7462385,44.1763393],[24.7458088,44.1760283],[24.7456358,44.1757616],[24.7456972,44.1756553],[24.752307,44.1776417],[24.7554387,44.178643],[24.7578221,44.1794652],[24.7660668,44.1821612],[24.7716791,44.1840717],[24.78017,44.1868114],[24.781204,44.1871886],[24.7928842,44.190939],[24.7932985,44.1912037],[24.7935807,44.1912536],[24.7966521,44.1942338],[24.8020903,44.2009101],[24.8085291,44.2056832],[24.8260503,44.21755]]]}},{"type":"Feature","properties":{"entity_id":"osm-r9742484","jurisdiction":"RO","display_name":"SEACA","display_type":"commune","admin_level":8,"tier":"local","legal_registry":"SIRUTA","legal_id":"128864","legal_type":"commune","parent_catalog_id":"osm-r2366978","osm_relation_id":9742484,"legal_identity_status":"reconciled","geometry_source":"OpenStreetMap","geometry_precision":"master_coordinate_fidelity"},"geometry":{"type":"Polygon","coordinates":[[[24.7935807,44.1912536],[24.7932985,44.1912037],[24.7928842,44.190939],[24.781204,44.1871886],[24.78017,44.1868114],[24.7716791,44.1840717],[24.7660668,44.1821612],[24.7578221,44.1794652],[24.7554387,44.178643],[24.752307,44.1776417],[24.7456972,44.1756553],[24.7456358,44.1757616],[24.7458088,44.1760283],[24.7462385,44.1763393],[24.7466918,44.1766181],[24.7471481,44.1768258],[24.7478993,44.1773161],[24.7480725,44.1775232],[24.7482147,44.1778743],[24.7481738,44.1781045],[24.7479983,44.1783954],[24.7476964,44.1787361],[24.7474827,44.1788234],[24.7466158,44.1789216],[24.7455926,44.1788911],[24.7446404,44.1789303],[24.7437555,44.179135],[24.7419585,44.1798231],[24.7411867,44.1804156],[24.7407852,44.180612],[24.7403702,44.180918],[24.7400988,44.1812243],[24.7396758,44.1813705],[24.7394442,44.1815642],[24.739372,44.1820675],[24.7393962,44.1824904],[24.7401533,44.1835852],[24.7406714,44.1840023],[24.741149,44.1843103],[24.7421051,44.1847322],[24.74237,44.1849051],[24.7425523,44.1850339],[24.7427869,44.1854437],[24.7428079,44.1856285],[24.7427462,44.1857975],[24.7425617,44.1861447],[24.7422346,44.1865621],[24.7420041,44.1873092],[24.7417809,44.1875203],[24.7414222,44.1876895],[24.7403595,44.1880139],[24.7387429,44.1878821],[24.7379738,44.1879676],[24.7374411,44.1880962],[24.7366114,44.1884685],[24.7356538,44.1891178],[24.7354827,44.189149],[24.7354116,44.1892279],[24.7346633,44.1895575],[24.7336622,44.1900995],[24.7326469,44.190473],[24.7320924,44.1909106],[24.7317433,44.1911073],[24.7303742,44.1915434],[24.7300028,44.191863],[24.729247,44.1920781],[24.728665,44.1921403],[24.7285334,44.192194],[24.7267142,44.1921122],[24.7257753,44.1922545],[24.725301,44.1922245],[24.724936,44.1922988],[24.7243759,44.1926265],[24.7239426,44.192982],[24.7237551,44.1932738],[24.7237145,44.1939156],[24.7172438,44.1928975],[24.7125609,44.1920824],[24.7073134,44.1912452],[24.705541,44.1908819],[24.7055969,44.1907583],[24.7135336,44.181284],[24.7064323,44.1776311],[24.7015017,44.1751664],[24.6919417,44.1727474],[24.6903696,44.1724189],[24.6900934,44.1724907],[24.6900373,44.1724674],[24.6900727,44.1724011],[24.6929393,44.1685051],[24.694576,44.1664004],[24.6946298,44.1664324],[24.6950649,44.1657518],[24.6965638,44.1637024],[24.7030405,44.1553458],[24.7046027,44.1532102],[24.7141403,44.155975],[24.7280896,44.1391985],[24.7355178,44.1305366],[24.7363244,44.1308291],[24.7399376,44.1314353],[24.7445791,44.1321346],[24.7464039,44.1325677],[24.7512834,44.1338685],[24.7522315,44.1341609],[24.7525234,44.1343767],[24.7535442,44.1343903],[24.7539593,44.134458],[24.759922,44.1356911],[24.7607928,44.1359261],[24.7629457,44.1366945],[24.7641865,44.1372305],[24.7673164,44.1387759],[24.7707179,44.1402846],[24.7745825,44.1419114],[24.7765421,44.1428137],[24.7798985,44.1441846],[24.7855001,44.146582],[24.7894459,44.1481918],[24.7935758,44.1500368],[24.8057187,44.1551281],[24.8068508,44.155639],[24.8080784,44.156212],[24.8043973,44.1595108],[24.8065903,44.1611055],[24.8058364,44.1694256],[24.804415,44.174007],[24.8004199,44.1812628],[24.7935807,44.1912536]]]}},{"type":"Feature","properties":{"entity_id":"osm-r9742485","jurisdiction":"RO","display_name":"STOENEȘTI","display_type":"commune","admin_level":8,"tier":"local","legal_registry":"SIRUTA","legal_id":"129095","legal_type":"commune","parent_catalog_id":"osm-r2366978","osm_relation_id":9742485,"legal_identity_status":"reconciled","geometry_source":"OpenStreetMap","geometry_precision":"master_coordinate_fidelity"},"geometry":{"type":"Polygon","coordinates":[[[24.5214142,44.0984802],[24.5212715,44.0987541],[24.5198101,44.1015594],[24.5271789,44.103499],[24.5282127,44.1039294],[24.529501,44.1043946],[24.5317585,44.1050219],[24.5319537,44.1051167],[24.5334975,44.1055568],[24.5344413,44.1058916],[24.534766,44.1060867],[24.5348339,44.1060814],[24.5348805,44.1059968],[24.5370389,44.1068982],[24.5310624,44.1138819],[24.526101,44.1117196],[24.5258953,44.1116365],[24.5255709,44.1116083],[24.5247327,44.11252],[24.5221841,44.1156241],[24.5199139,44.1186975],[24.5197712,44.1189445],[24.5197807,44.1192082],[24.5192386,44.1217229],[24.5191117,44.1225712],[24.5165542,44.1225187],[24.5159751,44.1227905],[24.514708,44.1232806],[24.5143176,44.1235524],[24.5144988,44.1242858],[24.5137936,44.1238646],[24.5129026,44.1235047],[24.5110688,44.1230734],[24.5105088,44.1229865],[24.505049,44.1229259],[24.5037653,44.1247985],[24.5020049,44.1276123],[24.5003898,44.1294198],[24.4983491,44.1316428],[24.4961793,44.1336224],[24.4944578,44.1354575],[24.4936893,44.1362767],[24.4906192,44.1349224],[24.4906398,44.1348676],[24.4902562,44.1347042],[24.4896101,44.1343],[24.4889241,44.1339872],[24.4877645,44.1336909],[24.4864348,44.1336],[24.4858267,44.1333856],[24.4854249,44.133113],[24.4847429,44.1321439],[24.4842479,44.1316243],[24.4837895,44.1314079],[24.4830323,44.1313236],[24.4828141,44.1312499],[24.4826296,44.1311642],[24.4822257,44.1308286],[24.4820245,44.1307225],[24.4813806,44.1305377],[24.4810586,44.1305038],[24.4803506,44.1305895],[24.4800703,44.1305438],[24.4795928,44.1305779],[24.4790018,44.130749],[24.4780836,44.1311085],[24.4776453,44.131159],[24.4769342,44.1311437],[24.4769016,44.1306179],[24.4766724,44.1298689],[24.4762191,44.1291103],[24.4755644,44.1284335],[24.4749351,44.1279669],[24.474552,44.1277668],[24.4722892,44.1268823],[24.4712632,44.1265454],[24.4713805,44.1264912],[24.467646,44.1251268],[24.4661767,44.1246386],[24.4656321,44.1243834],[24.4647382,44.1241072],[24.4611735,44.1227808],[24.4587165,44.1219397],[24.4580561,44.1217612],[24.4621752,44.1219285],[24.4622231,44.1208385],[24.4621962,44.1191631],[24.4549298,44.1191381],[24.4513275,44.1190772],[24.4512809,44.11839],[24.4512583,44.115107],[24.4513486,44.1106174],[24.4515229,44.0996218],[24.4509072,44.0997646],[24.4502401,44.0996776],[24.4495273,44.0997178],[24.4477995,44.0996451],[24.4470273,44.0997582],[24.4462403,44.0997841],[24.4448868,44.1001509],[24.4443746,44.1001997],[24.4431449,44.1005112],[24.4417102,44.1008091],[24.4403257,44.1009826],[24.4388142,44.1010004],[24.4380305,44.1012081],[24.4378531,44.101319],[24.4373985,44.1016482],[24.435979,44.102883],[24.4353759,44.1030207],[24.434515,44.1034064],[24.434174,44.1034324],[24.4335732,44.1034037],[24.4330839,44.1033069],[24.4317678,44.1031803],[24.4316417,44.1031851],[24.4318764,44.0963278],[24.4278425,44.0965378],[24.4264934,44.0891197],[24.4251328,44.080968],[24.425635,44.0808771],[24.4309743,44.0799108],[24.4354423,44.0794731],[24.4355921,44.0755447],[24.4411007,44.0747049],[24.4496167,44.0731131],[24.4494421,44.0702919],[24.4431035,44.071201],[24.4407938,44.071595],[24.4406198,44.0676522],[24.4420113,44.0674667],[24.4418345,44.0640112],[24.4476011,44.0649051],[24.4491934,44.0650758],[24.4519504,44.0655956],[24.4575453,44.0675153],[24.4669301,44.0708665],[24.4678649,44.071185],[24.4683393,44.0712541],[24.4683949,44.0713632],[24.470454,44.0720581],[24.4777491,44.0746646],[24.4876255,44.0768556],[24.4883152,44.0772614],[24.4936233,44.0797569],[24.5014343,44.0837618],[24.5012471,44.0841983],[24.4966656,44.0888775],[24.4928889,44.0928499],[24.5132639,44.0968662],[24.5135369,44.0970031],[24.5141776,44.0971066],[24.5144449,44.0972676],[24.5145642,44.0972681],[24.5146472,44.0971637],[24.5209784,44.0983994],[24.5214142,44.0984802]]]}},{"type":"Feature","properties":{"entity_id":"osm-r9742486","jurisdiction":"RO","display_name":"DĂNEASA","display_type":"commune","admin_level":8,"tier":"local","legal_registry":"SIRUTA","legal_id":"126585","legal_type":"commune","parent_catalog_id":"osm-r2366978","osm_relation_id":9742486,"legal_identity_status":"reconciled","geometry_source":"OpenStreetMap","geometry_precision":"master_coordinate_fidelity"},"geometry":{"type":"Polygon","coordinates":[[[24.5214142,44.0984802],[24.5221222,44.0970928],[24.5228302,44.0957054],[24.5230936,44.0952953],[24.523981,44.0942623],[24.5349671,44.0848714],[24.5384834,44.087008],[24.5484918,44.0789885],[24.5564932,44.0804976],[24.5604169,44.0811443],[24.5688206,44.0822759],[24.5696642,44.0825608],[24.5703423,44.0826183],[24.5720221,44.0832242],[24.5724297,44.0833302],[24.5753674,44.0836121],[24.5772384,44.0839377],[24.5787227,44.0840744],[24.5792787,44.0840102],[24.579265,44.0838505],[24.5793967,44.0837045],[24.579653,44.0837229],[24.5800086,44.0836814],[24.5801559,44.0836918],[24.5807039,44.0836814],[24.58146,44.083585],[24.5815928,44.0834615],[24.5821719,44.0831911],[24.5858325,44.0798726],[24.5860864,44.0797259],[24.5870586,44.0802059],[24.5873937,44.0816677],[24.5874199,44.0819632],[24.5872726,44.0822609],[24.5886866,44.0826861],[24.5879497,44.0853162],[24.5854766,44.0873695],[24.5998555,44.0905619],[24.6042855,44.0856524],[24.6059977,44.0862053],[24.6079812,44.0866532],[24.6111961,44.0816519],[24.6192845,44.0840147],[24.6196633,44.0841743],[24.6193568,44.0844255],[24.6203976,44.0846937],[24.6199496,44.0859525],[24.619604,44.0862578],[24.6180359,44.0872308],[24.6176131,44.0875477],[24.6161454,44.089553],[24.6160317,44.089715],[24.6159646,44.090016],[24.6159759,44.0901626],[24.6160835,44.0901568],[24.6161059,44.090713],[24.6162387,44.0907749],[24.6165328,44.0911223],[24.6171556,44.0916147],[24.617514,44.0918449],[24.6180647,44.0921062],[24.6196111,44.0923363],[24.6222113,44.0924256],[24.6231815,44.0927592],[24.6236245,44.0926926],[24.6231236,44.0944009],[24.6226543,44.0963414],[24.6222298,44.0984756],[24.6398549,44.1028334],[24.6411477,44.1030119],[24.6413457,44.1031147],[24.641357,44.1031901],[24.6392729,44.1037013],[24.6380169,44.1043482],[24.6374952,44.1046787],[24.6371588,44.1051658],[24.6371089,44.1054484],[24.6370231,44.1055575],[24.6365644,44.1059018],[24.6357171,44.1063526],[24.63545,44.1065592],[24.6343184,44.1063095],[24.6328038,44.1058951],[24.6315386,44.1056998],[24.6312266,44.1057089],[24.6303176,44.1058937],[24.6295541,44.1061511],[24.6283941,44.1069889],[24.6280284,44.1073901],[24.6279058,44.1076278],[24.627862,44.1079922],[24.6277484,44.1082936],[24.6277399,44.1088938],[24.6278581,44.1093368],[24.6278282,44.1096552],[24.6277182,44.1099628],[24.6275211,44.1102069],[24.6268936,44.1107581],[24.6258697,44.1114153],[24.6255187,44.1116924],[24.6253276,44.1119795],[24.6248409,44.1123669],[24.6241331,44.1127752],[24.6236146,44.1129866],[24.6232159,44.1133906],[24.6226111,44.1137907],[24.6215517,44.1142881],[24.6204975,44.114645],[24.6196275,44.1150375],[24.618378,44.1154181],[24.6180585,44.1156278],[24.6178579,44.1158165],[24.6177008,44.1161848],[24.6177158,44.1164872],[24.6177913,44.1166096],[24.6182518,44.1168983],[24.6188528,44.117105],[24.6191571,44.1172709],[24.6195749,44.1176022],[24.6196349,44.1177206],[24.6194672,44.1180743],[24.619053,44.1184975],[24.6189542,44.1186835],[24.6190395,44.1192641],[24.6190304,44.119708],[24.6187212,44.1199422],[24.6186859,44.120344],[24.6170776,44.1212988],[24.6165736,44.1217362],[24.6159382,44.1221701],[24.6156082,44.122478],[24.6154529,44.1227348],[24.6154859,44.1231451],[24.6153628,44.1232539],[24.6151025,44.1235868],[24.6146064,44.1239751],[24.6134076,44.1246265],[24.6127927,44.1252837],[24.6127673,44.1254906],[24.612818,44.1255943],[24.6132731,44.1261306],[24.6137479,44.1268485],[24.6139549,44.1271203],[24.6146374,44.1277642],[24.6146849,44.1278893],[24.6146312,44.1280347],[24.6146024,44.1280694],[24.6141447,44.1279375],[24.6137016,44.1278973],[24.6071892,44.1267591],[24.6005827,44.1332938],[24.6001978,44.1341042],[24.6002302,44.1344258],[24.6003435,44.1346991],[24.6011029,44.1353788],[24.6019033,44.1358544],[24.6025602,44.1364003],[24.6027111,44.1367748],[24.6026741,44.1370695],[24.6025347,44.1374291],[24.602512,44.1377831],[24.6022436,44.1381503],[24.6012602,44.1389386],[24.6007598,44.1391381],[24.6003327,44.1394547],[24.5996392,44.1398204],[24.5993642,44.1401302],[24.5992404,44.140525],[24.5993097,44.1407867],[24.5997314,44.1409883],[24.6172105,44.1453804],[24.6153008,44.1491677],[24.6155601,44.149257],[24.6212862,44.1504246],[24.6238827,44.151117],[24.627338,44.1518263],[24.62734,44.1518972],[24.6326343,44.1529477],[24.6363094,44.1536049],[24.6420706,44.1547661],[24.6411677,44.158314],[24.6396309,44.1580287],[24.638483,44.1624784],[24.638451,44.162611],[24.6384133,44.1626405],[24.6376654,44.1630203],[24.6351801,44.1640961],[24.6304857,44.1654226],[24.6283103,44.1659841],[24.6276495,44.165854],[24.6243111,44.1655278],[24.6226305,44.1654302],[24.6186483,44.1649183],[24.6168571,44.1647443],[24.6119334,44.1639909],[24.6113153,44.1639888],[24.6101366,44.1641781],[24.6060132,44.1642446],[24.6048819,44.1642057],[24.6013951,44.1639711],[24.6000539,44.1640104],[24.599494,44.1637959],[24.5990702,44.1636999],[24.59834,44.163628],[24.5976455,44.1634461],[24.5960642,44.1627878],[24.5948863,44.162424],[24.5939407,44.1622007],[24.5919346,44.161866],[24.5917965,44.1622213],[24.5914877,44.1625728],[24.5914086,44.1632462],[24.5911653,44.1636518],[24.5908543,44.1638453],[24.5905425,44.1641553],[24.5899147,44.1641911],[24.5896826,44.1642685],[24.5889022,44.1646618],[24.5884033,44.1650011],[24.5881078,44.1649425],[24.5867618,44.164885],[24.5842973,44.1649561],[24.5832791,44.1651915],[24.5826499,44.1652509],[24.5800957,44.16568],[24.579899,44.165663],[24.5786674,44.16532],[24.5770389,44.1649569],[24.5727939,44.163819],[24.5672914,44.162428],[24.5646593,44.1616292],[24.5642624,44.1615535],[24.5661552,44.1556526],[24.566179,44.1553913],[24.5663061,44.1551992],[24.5663562,44.1549741],[24.5662588,44.1548459],[24.5628133,44.1532307],[24.5615422,44.1525429],[24.5598891,44.1517766],[24.5582611,44.1509571],[24.5570031,44.1502721],[24.5554104,44.1516164],[24.5531572,44.1504272],[24.5513069,44.1497458],[24.5510674,44.1496919],[24.5506519,44.1503686],[24.5476248,44.1489161],[24.5490172,44.1478954],[24.5470201,44.1464762],[24.5470148,44.1461344],[24.5472232,44.1457732],[24.5467809,44.1454363],[24.5460363,44.1453383],[24.5472704,44.1442819],[24.5474866,44.1439102],[24.5492416,44.1432648],[24.5509361,44.1424219],[24.5518965,44.1420589],[24.5522438,44.1418515],[24.5555675,44.1408999],[24.5561291,44.1406687],[24.5569655,44.140148],[24.5576364,44.1393466],[24.5577544,44.1389856],[24.5578471,44.1386268],[24.5573464,44.1383445],[24.5514119,44.1339597],[24.5605082,44.1275955],[24.5605364,44.1275283],[24.5544943,44.1229546],[24.5474408,44.1278399],[24.5465892,44.1271814],[24.5444179,44.1287329],[24.5396544,44.1251037],[24.5373847,44.1267312],[24.5367579,44.1262716],[24.5355435,44.1270495],[24.5352787,44.127271],[24.5350283,44.127557],[24.5347904,44.1280023],[24.5344963,44.128372],[24.5340637,44.1287888],[24.5340171,44.128848],[24.533773,44.1290702],[24.5335429,44.12932],[24.5330191,44.130027],[24.5320793,44.1316975],[24.531889,44.1327439],[24.5317301,44.1341919],[24.5297051,44.1326943],[24.5296272,44.1326856],[24.5244801,44.1288012],[24.5207112,44.1314623],[24.5203078,44.1316078],[24.5186631,44.1277061],[24.5172429,44.1240778],[24.5165469,44.1241808],[24.5167032,44.1246249],[24.5167586,44.1252921],[24.5166933,44.1277297],[24.5157675,44.1268427],[24.5154097,44.1266851],[24.5154455,44.1259594],[24.5152915,44.1252865],[24.5145792,44.1243533],[24.5144988,44.1242858],[24.5143176,44.1235524],[24.514708,44.1232806],[24.5159751,44.1227905],[24.5165542,44.1225187],[24.5191117,44.1225712],[24.5192386,44.1217229],[24.5197807,44.1192082],[24.5197712,44.1189445],[24.5199139,44.1186975],[24.5221841,44.1156241],[24.5247327,44.11252],[24.5255709,44.1116083],[24.5258953,44.1116365],[24.526101,44.1117196],[24.5310624,44.1138819],[24.5370389,44.1068982],[24.5348805,44.1059968],[24.5348339,44.1060814],[24.534766,44.1060867],[24.5344413,44.1058916],[24.5334975,44.1055568],[24.5319537,44.1051167],[24.5317585,44.1050219],[24.529501,44.1043946],[24.5282127,44.1039294],[24.5271789,44.103499],[24.5198101,44.1015594],[24.5212715,44.0987541],[24.5214142,44.0984802]]]}},{"type":"Feature","properties":{"entity_id":"osm-r9742487","jurisdiction":"RO","display_name":"SPRÂNCENATA","display_type":"commune","admin_level":8,"tier":"local","legal_registry":"SIRUTA","legal_id":"129040","legal_type":"commune","parent_catalog_id":"osm-r2366978","osm_relation_id":9742487,"legal_identity_status":"reconciled","geometry_source":"OpenStreetMap","geometry_precision":"master_coordinate_fidelity"},"geometry":{"type":"Polygon","coordinates":[[[24.5800086,44.0836814],[24.5796983,44.0833375],[24.5766298,44.0817726],[24.5778191,44.0802357],[24.5788605,44.0791895],[24.5799464,44.0784821],[24.581313,44.0779452],[24.581593,44.0782172],[24.5833221,44.0772664],[24.5743929,44.0693982],[24.5697756,44.0662134],[24.5673722,44.065525],[24.5624117,44.0642867],[24.5689013,44.0507579],[24.5716248,44.0449749],[24.5773999,44.0450091],[24.5813933,44.0452409],[24.5828277,44.0454209],[24.5827861,44.0442598],[24.5826306,44.0431928],[24.5805658,44.0416214],[24.5794452,44.0409269],[24.5807117,44.0392132],[24.5810252,44.0387083],[24.5820944,44.0387643],[24.5821307,44.0386173],[24.5822782,44.0384658],[24.5824092,44.0384266],[24.5830377,44.0384144],[24.583222,44.0381251],[24.5836583,44.0367357],[24.5838751,44.0363301],[24.5840262,44.0361936],[24.5843968,44.0359979],[24.5849058,44.0358124],[24.5857787,44.0355555],[24.5862534,44.0355961],[24.58676,44.0357368],[24.5873368,44.03575],[24.5878889,44.0358197],[24.5881064,44.0357948],[24.5884794,44.0355172],[24.5893316,44.0351398],[24.5898225,44.0347675],[24.589945,44.0345806],[24.5901431,44.0340918],[24.5901259,44.0334984],[24.5899283,44.0333169],[24.5897114,44.032555],[24.5895394,44.0322118],[24.5889705,44.0313995],[24.5888035,44.0310444],[24.588624,44.0308591],[24.5883354,44.0308622],[24.586423,44.0313115],[24.5853134,44.0315256],[24.5851023,44.0315663],[24.5840698,44.031833],[24.5819742,44.0321768],[24.5814941,44.0322058],[24.5808061,44.032037],[24.5832935,44.0270956],[24.5859377,44.0271573],[24.5906582,44.0270652],[24.5923669,44.0269788],[24.5927239,44.026739],[24.5929307,44.0255259],[24.5934517,44.0254085],[24.5943362,44.0253228],[24.5971384,44.0248964],[24.5972687,44.0249896],[24.5969514,44.0253132],[24.5958208,44.026266],[24.5963799,44.0268368],[24.5970935,44.0277672],[24.597553,44.0290389],[24.6006441,44.0302782],[24.6028322,44.0286951],[24.6013925,44.0276756],[24.5984228,44.0252595],[24.5966671,44.0239283],[24.5975364,44.0218782],[24.5975964,44.0218958],[24.5990572,44.0195553],[24.5981508,44.0193226],[24.5971839,44.0178824],[24.5969577,44.0177625],[24.5953444,44.0172198],[24.5960628,44.0157741],[24.5989703,44.0099225],[24.5990621,44.0093955],[24.5990543,44.0087783],[24.5988257,44.0072954],[24.5988081,44.0071883],[24.600509,44.0076455],[24.6033067,44.0084929],[24.6060551,44.0093858],[24.6111344,44.0119682],[24.6121936,44.0121086],[24.6124542,44.0120655],[24.6140488,44.0124798],[24.613106,44.014152],[24.6258467,44.0206957],[24.6265326,44.0207235],[24.6284017,44.0216958],[24.6288038,44.0216558],[24.6298773,44.0213556],[24.6311639,44.0206421],[24.6320081,44.020286],[24.6328124,44.0201782],[24.6372784,44.0215388],[24.6373142,44.0213422],[24.6400976,44.0221881],[24.6399458,44.0223655],[24.6519562,44.025931],[24.6534895,44.0263615],[24.6575294,44.0271861],[24.6589088,44.0277563],[24.6585959,44.0278945],[24.6585842,44.0279579],[24.6596234,44.028313],[24.6604396,44.0283789],[24.6614601,44.0283554],[24.6630163,44.0288386],[24.6634434,44.028846],[24.6646903,44.0289961],[24.6647432,44.0291654],[24.6681704,44.0296633],[24.6685414,44.0296676],[24.719324,44.0379307],[24.720194,44.038072],[24.7194399,44.0425941],[24.7195468,44.0429866],[24.7192655,44.0432829],[24.7176217,44.0436362],[24.7166366,44.0439186],[24.7162089,44.0442749],[24.7150391,44.0441731],[24.711708,44.0444224],[24.7117072,44.0445851],[24.7121771,44.0446677],[24.7127341,44.044707],[24.7111303,44.0452225],[24.7103952,44.04562],[24.7102817,44.0457584],[24.7101909,44.046026],[24.7101112,44.0463243],[24.710091,44.0467361],[24.7099902,44.0468247],[24.7097733,44.0468654],[24.7095483,44.0467435],[24.7094153,44.0467598],[24.7093623,44.0470192],[24.7090994,44.0471056],[24.7083122,44.0470186],[24.7079462,44.0470207],[24.7075269,44.0470852],[24.7071552,44.0470356],[24.7066987,44.047084],[24.7059361,44.0473168],[24.705612,44.0472278],[24.7052029,44.0473117],[24.7048278,44.0474487],[24.7044967,44.047707],[24.7038502,44.0478557],[24.7035075,44.0480546],[24.7030059,44.0482475],[24.7028343,44.0482422],[24.7026422,44.0482951],[24.7024128,44.0483952],[24.7020984,44.0486604],[24.7010563,44.0490501],[24.7006453,44.0492476],[24.7002853,44.0494914],[24.6995765,44.0503022],[24.6994023,44.0505511],[24.6992131,44.0512248],[24.6990644,44.0514784],[24.6986406,44.0520208],[24.6982364,44.0523806],[24.6978987,44.052507],[24.6972405,44.0526302],[24.6953975,44.0527077],[24.6947961,44.0526951],[24.6938527,44.0527954],[24.6928016,44.0530166],[24.6922495,44.0533237],[24.6916466,44.0540768],[24.6913995,44.0545275],[24.6913352,44.0548244],[24.6917125,44.0549927],[24.6915474,44.0554161],[24.6902943,44.0550645],[24.69051,44.0555816],[24.6905312,44.0557815],[24.6905014,44.0561652],[24.69031,44.0566963],[24.6866171,44.0633452],[24.6775232,44.060331],[24.6672631,44.0766003],[24.6599385,44.0892503],[24.6509682,44.0865285],[24.6416369,44.0836207],[24.6349401,44.0947667],[24.6236245,44.0926926],[24.6231815,44.0927592],[24.6222113,44.0924256],[24.6196111,44.0923363],[24.6180647,44.0921062],[24.617514,44.0918449],[24.6171556,44.0916147],[24.6165328,44.0911223],[24.6162387,44.0907749],[24.6161059,44.090713],[24.6160835,44.0901568],[24.6159759,44.0901626],[24.6159646,44.090016],[24.6160317,44.089715],[24.6161454,44.089553],[24.6176131,44.0875477],[24.6180359,44.0872308],[24.619604,44.0862578],[24.6199496,44.0859525],[24.6203976,44.0846937],[24.6193568,44.0844255],[24.6196633,44.0841743],[24.6192845,44.0840147],[24.6111961,44.0816519],[24.6079812,44.0866532],[24.6059977,44.0862053],[24.6042855,44.0856524],[24.5998555,44.0905619],[24.5854766,44.0873695],[24.5879497,44.0853162],[24.5886866,44.0826861],[24.5872726,44.0822609],[24.5874199,44.0819632],[24.5873937,44.0816677],[24.5870586,44.0802059],[24.5860864,44.0797259],[24.5858325,44.0798726],[24.5821719,44.0831911],[24.5815928,44.0834615],[24.58146,44.083585],[24.5807039,44.0836814],[24.5801559,44.0836918],[24.5800086,44.0836814]]]}},{"type":"Feature","properties":{"entity_id":"osm-r9742488","jurisdiction":"RO","display_name":"RADOMIREȘTI","display_type":"commune","admin_level":8,"tier":"local","legal_registry":"SIRUTA","legal_id":"128472","legal_type":"commune","parent_catalog_id":"osm-r2366978","osm_relation_id":9742488,"legal_identity_status":"reconciled","geometry_source":"OpenStreetMap","geometry_precision":"master_coordinate_fidelity"},"geometry":{"type":"Polygon","coordinates":[[[24.76549,44.074483],[24.7571183,44.1022048],[24.7485064,44.1011208],[24.747372,44.1071629],[24.7467916,44.1095001],[24.7450291,44.1196107],[24.7388208,44.1267671],[24.7355178,44.1305366],[24.7280896,44.1391985],[24.7141403,44.155975],[24.7046027,44.1532102],[24.7030405,44.1553458],[24.6965638,44.1637024],[24.6950649,44.1657518],[24.6946298,44.1664324],[24.694576,44.1664004],[24.6929393,44.1685051],[24.6900727,44.1724011],[24.6787566,44.1696411],[24.6748815,44.1686478],[24.6740108,44.1683379],[24.6662393,44.1665012],[24.6640904,44.1658911],[24.6615042,44.1652624],[24.661249,44.1652764],[24.6607128,44.1651904],[24.6602023,44.1652437],[24.6598115,44.1653649],[24.6595797,44.1653895],[24.6568974,44.1650694],[24.6563228,44.1650374],[24.6556548,44.1651268],[24.654744,44.1651839],[24.6536811,44.165176],[24.6530007,44.1652271],[24.6526266,44.1653206],[24.652031,44.1657093],[24.6518153,44.1657714],[24.6516755,44.165931],[24.651502,44.1658943],[24.647653,44.1645363],[24.6486698,44.1632786],[24.6498857,44.1615259],[24.6497479,44.1615012],[24.6486463,44.1616875],[24.6449368,44.1620803],[24.6397841,44.1625216],[24.638451,44.162611],[24.638483,44.1624784],[24.6396309,44.1580287],[24.6411677,44.158314],[24.6420706,44.1547661],[24.6363094,44.1536049],[24.6326343,44.1529477],[24.62734,44.1518972],[24.627338,44.1518263],[24.6238827,44.151117],[24.6212862,44.1504246],[24.6155601,44.149257],[24.6153008,44.1491677],[24.6172105,44.1453804],[24.5997314,44.1409883],[24.5993097,44.1407867],[24.5992404,44.140525],[24.5993642,44.1401302],[24.5996392,44.1398204],[24.6003327,44.1394547],[24.6007598,44.1391381],[24.6012602,44.1389386],[24.6022436,44.1381503],[24.602512,44.1377831],[24.6025347,44.1374291],[24.6026741,44.1370695],[24.6027111,44.1367748],[24.6025602,44.1364003],[24.6019033,44.1358544],[24.6011029,44.1353788],[24.6003435,44.1346991],[24.6002302,44.1344258],[24.6001978,44.1341042],[24.6005827,44.1332938],[24.6071892,44.1267591],[24.6137016,44.1278973],[24.6141447,44.1279375],[24.6146024,44.1280694],[24.6146312,44.1280347],[24.6146849,44.1278893],[24.6146374,44.1277642],[24.6139549,44.1271203],[24.6137479,44.1268485],[24.6132731,44.1261306],[24.612818,44.1255943],[24.6127673,44.1254906],[24.6127927,44.1252837],[24.6134076,44.1246265],[24.6146064,44.1239751],[24.6151025,44.1235868],[24.6153628,44.1232539],[24.6154859,44.1231451],[24.6154529,44.1227348],[24.6156082,44.122478],[24.6159382,44.1221701],[24.6165736,44.1217362],[24.6170776,44.1212988],[24.6186859,44.120344],[24.6187212,44.1199422],[24.6190304,44.119708],[24.6190395,44.1192641],[24.6189542,44.1186835],[24.619053,44.1184975],[24.6194672,44.1180743],[24.6196349,44.1177206],[24.6195749,44.1176022],[24.6191571,44.1172709],[24.6188528,44.117105],[24.6182518,44.1168983],[24.6177913,44.1166096],[24.6177158,44.1164872],[24.6177008,44.1161848],[24.6178579,44.1158165],[24.6180585,44.1156278],[24.618378,44.1154181],[24.6196275,44.1150375],[24.6204975,44.114645],[24.6215517,44.1142881],[24.6226111,44.1137907],[24.6232159,44.1133906],[24.6236146,44.1129866],[24.6241331,44.1127752],[24.6248409,44.1123669],[24.6253276,44.1119795],[24.6255187,44.1116924],[24.6258697,44.1114153],[24.6268936,44.1107581],[24.6275211,44.1102069],[24.6277182,44.1099628],[24.6278282,44.1096552],[24.6278581,44.1093368],[24.6277399,44.1088938],[24.6277484,44.1082936],[24.627862,44.1079922],[24.6279058,44.1076278],[24.6280284,44.1073901],[24.6283941,44.1069889],[24.6295541,44.1061511],[24.6303176,44.1058937],[24.6312266,44.1057089],[24.6315386,44.1056998],[24.6328038,44.1058951],[24.6343184,44.1063095],[24.63545,44.1065592],[24.6357171,44.1063526],[24.6365644,44.1059018],[24.6370231,44.1055575],[24.6371089,44.1054484],[24.6371588,44.1051658],[24.6374952,44.1046787],[24.6380169,44.1043482],[24.6392729,44.1037013],[24.641357,44.1031901],[24.6413457,44.1031147],[24.6411477,44.1030119],[24.6398549,44.1028334],[24.6222298,44.0984756],[24.6226543,44.0963414],[24.6231236,44.0944009],[24.6236245,44.0926926],[24.6349401,44.0947667],[24.6416369,44.0836207],[24.6509682,44.0865285],[24.6599385,44.0892503],[24.6672631,44.0766003],[24.6775232,44.060331],[24.6866171,44.0633452],[24.69031,44.0566963],[24.6905014,44.0561652],[24.6905312,44.0557815],[24.69051,44.0555816],[24.6902943,44.0550645],[24.6915474,44.0554161],[24.6917125,44.0549927],[24.6913352,44.0548244],[24.6913995,44.0545275],[24.6916466,44.0540768],[24.6922495,44.0533237],[24.6928016,44.0530166],[24.6938527,44.0527954],[24.6947961,44.0526951],[24.6953975,44.0527077],[24.6972405,44.0526302],[24.6978987,44.052507],[24.6982364,44.0523806],[24.6986406,44.0520208],[24.6990644,44.0514784],[24.6992131,44.0512248],[24.6994023,44.0505511],[24.6995765,44.0503022],[24.7002853,44.0494914],[24.7006453,44.0492476],[24.7010563,44.0490501],[24.7020984,44.0486604],[24.7024128,44.0483952],[24.7026422,44.0482951],[24.7028343,44.0482422],[24.7030059,44.0482475],[24.7035075,44.0480546],[24.7038502,44.0478557],[24.7044967,44.047707],[24.7048278,44.0474487],[24.7052029,44.0473117],[24.705612,44.0472278],[24.7059361,44.0473168],[24.7066987,44.047084],[24.7071552,44.0470356],[24.7075269,44.0470852],[24.7079462,44.0470207],[24.7083122,44.0470186],[24.7090994,44.0471056],[24.7093623,44.0470192],[24.7094153,44.0467598],[24.7095483,44.0467435],[24.7097733,44.0468654],[24.7099902,44.0468247],[24.710091,44.0467361],[24.7101112,44.0463243],[24.7101909,44.046026],[24.7102817,44.0457584],[24.7103952,44.04562],[24.7111303,44.0452225],[24.7127341,44.044707],[24.7135323,44.0447772],[24.7148529,44.0447044],[24.7153341,44.0447289],[24.7158713,44.0448498],[24.7164457,44.0448309],[24.7167403,44.0448781],[24.7171459,44.0451505],[24.7172571,44.0452791],[24.7170736,44.0453776],[24.7220901,44.0474191],[24.7210097,44.0486066],[24.7193389,44.0486232],[24.7189784,44.0486767],[24.7186003,44.0488992],[24.7178233,44.0498221],[24.7146655,44.0541822],[24.7109154,44.0591216],[24.716902,44.0603359],[24.7223399,44.0613518],[24.7604906,44.0688019],[24.7588599,44.0735888],[24.76549,44.074483]]]}},{"type":"Feature","properties":{"entity_id":"osm-r9742489","jurisdiction":"RO","display_name":"MIHĂEȘTI","display_type":"commune","admin_level":8,"tier":"local","legal_registry":"SIRUTA","legal_id":"127536","legal_type":"commune","parent_catalog_id":"osm-r2366978","osm_relation_id":9742489,"legal_identity_status":"reconciled","geometry_source":"OpenStreetMap","geometry_precision":"master_coordinate_fidelity"},"geometry":{"type":"Polygon","coordinates":[[[24.76549,44.074483],[24.775761,44.0759148],[24.8029187,44.0785207],[24.8005036,44.0844695],[24.8168505,44.0860444],[24.8228773,44.0867093],[24.8309683,44.0876156],[24.8357568,44.0882189],[24.8424426,44.0897182],[24.8438998,44.0860852],[24.855514,44.0918706],[24.8593354,44.0937883],[24.8545407,44.0949493],[24.8510045,44.1021695],[24.8519786,44.1028375],[24.8534716,44.1049733],[24.8538626,44.1067234],[24.8540085,44.1081879],[24.8530432,44.1110447],[24.8517969,44.1137818],[24.8499552,44.1171465],[24.8471356,44.1213226],[24.8449935,44.1243084],[24.8444255,44.1251833],[24.8441451,44.1331644],[24.8390858,44.1362559],[24.8305328,44.1413725],[24.8263743,44.14367],[24.8152443,44.1498563],[24.8080784,44.156212],[24.8068508,44.155639],[24.8057187,44.1551281],[24.7935758,44.1500368],[24.7894459,44.1481918],[24.7855001,44.146582],[24.7798985,44.1441846],[24.7765421,44.1428137],[24.7745825,44.1419114],[24.7707179,44.1402846],[24.7673164,44.1387759],[24.7641865,44.1372305],[24.7629457,44.1366945],[24.7607928,44.1359261],[24.759922,44.1356911],[24.7539593,44.134458],[24.7535442,44.1343903],[24.7525234,44.1343767],[24.7522315,44.1341609],[24.7512834,44.1338685],[24.7464039,44.1325677],[24.7445791,44.1321346],[24.7399376,44.1314353],[24.7363244,44.1308291],[24.7355178,44.1305366],[24.7388208,44.1267671],[24.7450291,44.1196107],[24.7467916,44.1095001],[24.747372,44.1071629],[24.7485064,44.1011208],[24.7571183,44.1022048],[24.76549,44.074483]]]}},{"type":"Feature","properties":{"entity_id":"osm-r9742490","jurisdiction":"RO","display_name":"BĂBICIU","display_type":"commune","admin_level":8,"tier":"local","legal_registry":"SIRUTA","legal_id":"125659","legal_type":"commune","parent_catalog_id":"osm-r2366978","osm_relation_id":9742490,"legal_identity_status":"reconciled","geometry_source":"OpenStreetMap","geometry_precision":"master_coordinate_fidelity"},"geometry":{"type":"Polygon","coordinates":[[[24.5025332,43.9988197],[24.5075277,43.9973542],[24.5076444,43.9973603],[24.5077571,43.9974287],[24.5085318,43.9986456],[24.5087445,43.9987232],[24.5231843,43.9949931],[24.5329012,43.9923936],[24.5386526,43.9911626],[24.5387777,43.9912017],[24.5400581,43.9938437],[24.5402346,43.9939011],[24.5471005,43.9924121],[24.5489622,43.9969637],[24.550351,43.9969561],[24.5503907,43.9971627],[24.5509726,43.9971456],[24.5512111,43.9971843],[24.5512507,43.9972851],[24.5512184,43.9975472],[24.5509288,43.9981033],[24.5483701,44.0006918],[24.5478115,44.0014362],[24.5474737,44.0020681],[24.5470255,44.0034998],[24.5632282,44.0080477],[24.5637636,44.0081866],[24.5640713,44.0081154],[24.564012,44.0082234],[24.5660352,44.0088233],[24.5668742,44.0091205],[24.5671218,44.0091236],[24.5706738,44.0101192],[24.5716454,44.0078661],[24.5712178,44.0077628],[24.5718674,44.0066021],[24.5714915,44.0064914],[24.5718518,44.0059025],[24.5713344,44.0057592],[24.5717064,44.0051121],[24.5735064,44.0056043],[24.5738421,44.0035115],[24.5704249,44.002526],[24.5714781,43.9998844],[24.5730501,44.0003034],[24.5731328,44.0001015],[24.5735011,44.0001941],[24.5736246,43.9999354],[24.5758617,44.0005602],[24.5776174,44.0011132],[24.5772149,44.0013127],[24.576748,44.0017043],[24.5756585,44.0027622],[24.5739648,44.0036032],[24.5736379,44.0061182],[24.5758449,44.0067307],[24.5755721,44.0073438],[24.5756894,44.0073733],[24.5752555,44.0083146],[24.5733476,44.0078046],[24.572981,44.0104839],[24.5739335,44.0107312],[24.5737932,44.0110027],[24.5762412,44.0116248],[24.5765948,44.0116751],[24.5767129,44.0115679],[24.5769029,44.0111982],[24.5771902,44.0110168],[24.5776507,44.0108588],[24.5781001,44.0105061],[24.5789302,44.0100624],[24.5793889,44.0097514],[24.5801977,44.0090359],[24.5802527,44.0089091],[24.5802383,44.008717],[24.5798894,44.0082671],[24.5790906,44.0069985],[24.5786653,44.006447],[24.57851,44.0060868],[24.5784027,44.0053139],[24.5784992,44.0047972],[24.5786979,44.0044562],[24.5787628,44.0042156],[24.5798794,44.0045517],[24.5820365,44.0049577],[24.5858741,44.0037056],[24.592532,44.0055827],[24.5986823,44.0071595],[24.5988081,44.0071883],[24.5988257,44.0072954],[24.5990543,44.0087783],[24.5990621,44.0093955],[24.5989703,44.0099225],[24.5960628,44.0157741],[24.5953444,44.0172198],[24.5969577,44.0177625],[24.5971839,44.0178824],[24.5981508,44.0193226],[24.5990572,44.0195553],[24.5975964,44.0218958],[24.5975364,44.0218782],[24.5966671,44.0239283],[24.5984228,44.0252595],[24.6013925,44.0276756],[24.6028322,44.0286951],[24.6006441,44.0302782],[24.597553,44.0290389],[24.5970935,44.0277672],[24.5963799,44.0268368],[24.5958208,44.026266],[24.5969514,44.0253132],[24.5972687,44.0249896],[24.5971384,44.0248964],[24.5943362,44.0253228],[24.5934517,44.0254085],[24.5929307,44.0255259],[24.5927239,44.026739],[24.5923669,44.0269788],[24.5906582,44.0270652],[24.5859377,44.0271573],[24.5832935,44.0270956],[24.5808061,44.032037],[24.5814941,44.0322058],[24.5819742,44.0321768],[24.5840698,44.031833],[24.5851023,44.0315663],[24.5853134,44.0315256],[24.586423,44.0313115],[24.5883354,44.0308622],[24.588624,44.0308591],[24.5888035,44.0310444],[24.5889705,44.0313995],[24.5895394,44.0322118],[24.5897114,44.032555],[24.5899283,44.0333169],[24.5901259,44.0334984],[24.5901431,44.0340918],[24.589945,44.0345806],[24.5898225,44.0347675],[24.5893316,44.0351398],[24.5884794,44.0355172],[24.5881064,44.0357948],[24.5878889,44.0358197],[24.5873368,44.03575],[24.58676,44.0357368],[24.5862534,44.0355961],[24.5857787,44.0355555],[24.5849058,44.0358124],[24.5843968,44.0359979],[24.5840262,44.0361936],[24.5838751,44.0363301],[24.5836583,44.0367357],[24.583222,44.0381251],[24.5830377,44.0384144],[24.5824092,44.0384266],[24.5822782,44.0384658],[24.5821307,44.0386173],[24.5820944,44.0387643],[24.5810252,44.0387083],[24.5807117,44.0392132],[24.5794452,44.0409269],[24.5805658,44.0416214],[24.5826306,44.0431928],[24.5827861,44.0442598],[24.5828277,44.0454209],[24.5813933,44.0452409],[24.5773999,44.0450091],[24.5716248,44.0449749],[24.5689013,44.0507579],[24.5657342,44.050328],[24.5625672,44.0498981],[24.5610134,44.0508756],[24.5587046,44.0502243],[24.5574851,44.0499339],[24.5564787,44.049593],[24.5527111,44.0480367],[24.5527877,44.0479444],[24.5277881,44.0371762],[24.5233342,44.0355366],[24.5186375,44.0342929],[24.5041215,44.0307428],[24.4770286,44.0238374],[24.4770531,44.023737],[24.4784703,44.0218498],[24.4785703,44.0218075],[24.4785611,44.0216953],[24.4796568,44.0200505],[24.4801083,44.0195985],[24.4801088,44.0195472],[24.4780483,44.0197289],[24.4770336,44.0201225],[24.471679,44.0055138],[24.4724681,44.0055398],[24.4726988,44.0054819],[24.4741228,44.005084],[24.4761766,44.0043722],[24.4775635,44.0045128],[24.4818497,44.0037791],[24.4859131,44.0029889],[24.4891882,44.0024289],[24.491126,44.0019698],[24.4955432,44.0018455],[24.4985334,44.0016583],[24.5007455,44.0014674],[24.5030808,44.0013721],[24.5032462,44.0012976],[24.5037743,44.0012053],[24.5025332,43.9988197]]]}},{"type":"Feature","properties":{"entity_id":"osm-r9742491","jurisdiction":"RO","display_name":"SCĂRIȘOARA","display_type":"commune","admin_level":8,"tier":"local","legal_registry":"SIRUTA","legal_id":"128613","legal_type":"commune","parent_catalog_id":"osm-r2366978","osm_relation_id":9742491,"legal_identity_status":"reconciled","geometry_source":"OpenStreetMap","geometry_precision":"master_coordinate_fidelity"},"geometry":{"type":"Polygon","coordinates":[[[24.6022824,43.9621082],[24.6022275,43.9631742],[24.6018699,43.970122],[24.606948,43.970411],[24.6073706,43.9706032],[24.6077017,43.9714939],[24.6085532,43.9727892],[24.6095107,43.9738918],[24.6096442,43.9747902],[24.6091477,43.976022],[24.6090912,43.9778621],[24.5993338,43.9765764],[24.5960413,43.9799038],[24.6042644,43.9822179],[24.6047405,43.9826086],[24.6044699,43.9831571],[24.604356,43.9837895],[24.6045857,43.9838876],[24.6051869,43.9838856],[24.6071997,43.9836859],[24.6071997,43.9850053],[24.607072,43.9912516],[24.6057696,43.9928541],[24.6055343,43.9918296],[24.6048486,43.9909033],[24.601404,43.988669],[24.5992332,43.9873879],[24.5980588,43.987109],[24.5937176,43.9895154],[24.5940579,43.9903406],[24.5968955,43.9902509],[24.5989323,43.9909074],[24.6020686,43.9926913],[24.6056775,43.9931068],[24.6062867,43.9934908],[24.607907,43.9942486],[24.6085361,43.9947369],[24.6091643,43.9953641],[24.6095042,43.9959457],[24.6097138,43.9964673],[24.6096136,43.9970523],[24.610282,43.997299],[24.6108098,43.9977707],[24.6112265,43.9985902],[24.6113827,43.9991194],[24.6115006,43.9999312],[24.6113633,44.0007983],[24.6113577,44.0016388],[24.6127798,44.0025249],[24.6134709,44.0031441],[24.6137786,44.0034976],[24.6139811,44.0041287],[24.614297,44.0046517],[24.6149186,44.0061703],[24.6152126,44.0071813],[24.615836,44.0093896],[24.615714,44.009846],[24.6157748,44.0100145],[24.6151188,44.0113241],[24.6141518,44.0122962],[24.6140488,44.0124798],[24.6124542,44.0120655],[24.6121936,44.0121086],[24.6111344,44.0119682],[24.6060551,44.0093858],[24.6033067,44.0084929],[24.600509,44.0076455],[24.5988081,44.0071883],[24.5986823,44.0071595],[24.592532,44.0055827],[24.5858741,44.0037056],[24.5820365,44.0049577],[24.5798794,44.0045517],[24.5787628,44.0042156],[24.5786979,44.0044562],[24.5784992,44.0047972],[24.5784027,44.0053139],[24.57851,44.0060868],[24.5786653,44.006447],[24.5790906,44.0069985],[24.5798894,44.0082671],[24.5802383,44.008717],[24.5802527,44.0089091],[24.5801977,44.0090359],[24.5793889,44.0097514],[24.5789302,44.0100624],[24.5781001,44.0105061],[24.5776507,44.0108588],[24.5771902,44.0110168],[24.5769029,44.0111982],[24.5767129,44.0115679],[24.5765948,44.0116751],[24.5762412,44.0116248],[24.5737932,44.0110027],[24.5739335,44.0107312],[24.572981,44.0104839],[24.5733476,44.0078046],[24.5752555,44.0083146],[24.5756894,44.0073733],[24.5755721,44.0073438],[24.5758449,44.0067307],[24.5736379,44.0061182],[24.5739648,44.0036032],[24.5756585,44.0027622],[24.576748,44.0017043],[24.5772149,44.0013127],[24.5776174,44.0011132],[24.5758617,44.0005602],[24.5736246,43.9999354],[24.5735011,44.0001941],[24.5731328,44.0001015],[24.5730501,44.0003034],[24.5714781,43.9998844],[24.5704249,44.002526],[24.5738421,44.0035115],[24.5735064,44.0056043],[24.5717064,44.0051121],[24.5713344,44.0057592],[24.5718518,44.0059025],[24.5714915,44.0064914],[24.5718674,44.0066021],[24.5712178,44.0077628],[24.5716454,44.0078661],[24.5706738,44.0101192],[24.5671218,44.0091236],[24.5668742,44.0091205],[24.5660352,44.0088233],[24.564012,44.0082234],[24.5640713,44.0081154],[24.5637636,44.0081866],[24.5632282,44.0080477],[24.5470255,44.0034998],[24.5474737,44.0020681],[24.5478115,44.0014362],[24.5483701,44.0006918],[24.5509288,43.9981033],[24.5512184,43.9975472],[24.5512507,43.9972851],[24.5512111,43.9971843],[24.5509726,43.9971456],[24.5503907,43.9971627],[24.550351,43.9969561],[24.5489622,43.9969637],[24.5471005,43.9924121],[24.5402346,43.9939011],[24.5400581,43.9938437],[24.5387777,43.9912017],[24.5386526,43.9911626],[24.5329012,43.9923936],[24.5231843,43.9949931],[24.5087445,43.9987232],[24.5085318,43.9986456],[24.5077571,43.9974287],[24.5076444,43.9973603],[24.5075277,43.9973542],[24.5025332,43.9988197],[24.5017046,43.9971663],[24.495082,43.9839487],[24.4945123,43.9829802],[24.4936195,43.9825448],[24.4836002,43.9782518],[24.4801053,43.9758668],[24.4790413,43.9752252],[24.4767579,43.9738056],[24.4771578,43.9706188],[24.4751344,43.9707189],[24.4751502,43.9699419],[24.47543,43.9671026],[24.4756133,43.9641722],[24.4832098,43.9631527],[24.5043625,43.9605829],[24.5043558,43.9582076],[24.5046652,43.9537379],[24.5090075,43.953655],[24.5088816,43.9541341],[24.5125857,43.9540952],[24.5141748,43.9542295],[24.5635418,43.9589247],[24.5637132,43.9588977],[24.5737172,43.9598464],[24.5861496,43.9610781],[24.5862071,43.9609961],[24.588594,43.9613618],[24.6022824,43.9621082]]]}},{"type":"Feature","properties":{"entity_id":"osm-r9742492","jurisdiction":"RO","display_name":"RUSĂNEȘTI","display_type":"commune","admin_level":8,"tier":"local","legal_registry":"SIRUTA","legal_id":"128588","legal_type":"commune","parent_catalog_id":"osm-r2366978","osm_relation_id":9742492,"legal_identity_status":"reconciled","geometry_source":"OpenStreetMap","geometry_precision":"master_coordinate_fidelity"},"geometry":{"type":"Polygon","coordinates":[[[24.6482504,43.9407796],[24.6478657,43.9416304],[24.6471362,43.9432498],[24.6454283,43.9434477],[24.6343294,43.9444969],[24.633988,43.9467366],[24.6322205,43.96162],[24.6267962,43.9611892],[24.6196045,43.9604774],[24.6179956,43.9637889],[24.6134517,43.9625753],[24.608494,43.9614076],[24.6068426,43.9617631],[24.6054859,43.9623871],[24.6040768,43.9625293],[24.6022824,43.9621082],[24.588594,43.9613618],[24.5862071,43.9609961],[24.5861496,43.9610781],[24.5737172,43.9598464],[24.5637132,43.9588977],[24.5635418,43.9589247],[24.5141748,43.9542295],[24.5125857,43.9540952],[24.5088816,43.9541341],[24.5090075,43.953655],[24.5046652,43.9537379],[24.504661,43.9535938],[24.5046471,43.9531069],[24.5048333,43.9521903],[24.5049731,43.9507207],[24.5049342,43.9501488],[24.5050316,43.9495531],[24.5052554,43.9457171],[24.5053534,43.9453251],[24.5057838,43.9382491],[24.5057697,43.9373133],[24.4950696,43.9386253],[24.4948858,43.9354385],[24.494831,43.931867],[24.494517,43.9269365],[24.4942229,43.9185177],[24.4963591,43.9181565],[24.4960932,43.9153599],[24.4956092,43.9088779],[24.4955972,43.9082439],[24.4956422,43.908117],[24.4952261,43.9019569],[24.4952163,43.9007961],[24.4950328,43.8962326],[24.4948888,43.8934322],[24.5100554,43.8914337],[24.5118162,43.8912015],[24.5121735,43.891343],[24.5158273,43.89253],[24.5708885,43.9108858],[24.5797185,43.9135803],[24.5994823,43.9186013],[24.6237861,43.9246765],[24.6267744,43.9253787],[24.6291151,43.9248949],[24.6309979,43.9251593],[24.627586,43.9358678],[24.6420107,43.9396643],[24.6468398,43.9405257],[24.6482504,43.9407796]]]}},{"type":"Feature","properties":{"entity_id":"osm-r9742493","jurisdiction":"RO","display_name":"CILIENI","display_type":"commune","admin_level":8,"tier":"local","legal_registry":"SIRUTA","legal_id":"126148","legal_type":"commune","parent_catalog_id":"osm-r2366978","osm_relation_id":9742493,"legal_identity_status":"reconciled","geometry_source":"OpenStreetMap","geometry_precision":"master_coordinate_fidelity"},"geometry":{"type":"Polygon","coordinates":[[[24.5118162,43.8912015],[24.5117503,43.8909329],[24.5107161,43.886716],[24.5074792,43.8783842],[24.5070075,43.8760912],[24.5068268,43.8748068],[24.5062185,43.8687603],[24.5062342,43.8686824],[24.5065782,43.8685115],[24.5077897,43.8674977],[24.5123201,43.8632596],[24.5122123,43.863164],[24.5157788,43.8540946],[24.5156444,43.8540126],[24.515988,43.8531139],[24.5218989,43.8376522],[24.5240903,43.8321231],[24.5363816,43.8345207],[24.5521368,43.837687],[24.5505237,43.8415351],[24.5456121,43.8533739],[24.5457694,43.8536195],[24.5457974,43.8541202],[24.5457286,43.8542312],[24.5455429,43.8543119],[24.5452021,43.8543343],[24.5451602,43.8544381],[24.58999,43.8698702],[24.5880459,43.8728881],[24.5878136,43.8733504],[24.5876283,43.8740453],[24.587644,43.8742715],[24.5874806,43.8753454],[24.5876041,43.8754477],[24.6178887,43.8855802],[24.6190168,43.8859576],[24.6204836,43.8864483],[24.6219228,43.8869298],[24.6221673,43.8870128],[24.6260814,43.888321],[24.6274435,43.8893765],[24.6363737,43.8962963],[24.634912,43.8939902],[24.6349802,43.8929492],[24.6363113,43.8921429],[24.6374642,43.8919012],[24.6388783,43.8920471],[24.6396001,43.89228],[24.6405502,43.8932498],[24.640762,43.8939198],[24.6412823,43.8945611],[24.6424849,43.8953209],[24.6437661,43.8958376],[24.643887,43.8962396],[24.6437001,43.8965513],[24.6434313,43.8967885],[24.6434919,43.8969746],[24.6440584,43.8967979],[24.6443075,43.8964119],[24.6441278,43.8956385],[24.6445203,43.8953348],[24.6447179,43.8949562],[24.6450171,43.8947935],[24.6453975,43.8947873],[24.6575627,43.8985982],[24.6612744,43.8938737],[24.6628859,43.8914968],[24.6633583,43.8907088],[24.6764564,43.8922224],[24.675514,43.8980567],[24.661751,43.897909],[24.6577379,43.8998245],[24.6568255,43.9003848],[24.6534786,43.9053808],[24.649511,43.9100236],[24.6481021,43.9119984],[24.6478397,43.9149418],[24.6466055,43.9168376],[24.6449836,43.9182379],[24.6441464,43.9186125],[24.6430338,43.9194385],[24.6415868,43.9213006],[24.6414076,43.9214195],[24.6405171,43.9224811],[24.6402745,43.9230022],[24.6399421,43.9243036],[24.6396278,43.9249061],[24.6392639,43.9254201],[24.6385973,43.9260241],[24.6379319,43.9264402],[24.6371932,43.926637],[24.6362949,43.9267466],[24.6352934,43.9267648],[24.6340401,43.9267232],[24.6337069,43.9266257],[24.6331985,43.9260774],[24.6326522,43.9256577],[24.6321862,43.9254471],[24.6309979,43.9251593],[24.6291151,43.9248949],[24.6267744,43.9253787],[24.6237861,43.9246765],[24.5994823,43.9186013],[24.5797185,43.9135803],[24.5708885,43.9108858],[24.5158273,43.89253],[24.5121735,43.891343],[24.5118162,43.8912015]]]}},{"type":"Feature","properties":{"entity_id":"osm-r9742494","jurisdiction":"RO","display_name":"TIA MARE","display_type":"commune","admin_level":8,"tier":"local","legal_registry":"SIRUTA","legal_id":"129460","legal_type":"commune","parent_catalog_id":"osm-r2366978","osm_relation_id":9742494,"legal_identity_status":"reconciled","geometry_source":"OpenStreetMap","geometry_precision":"master_coordinate_fidelity"},"geometry":{"type":"Polygon","coordinates":[[[24.6764564,43.8922224],[24.6633583,43.8907088],[24.6628859,43.8914968],[24.6612744,43.8938737],[24.6575627,43.8985982],[24.6453975,43.8947873],[24.6450171,43.8947935],[24.6447179,43.8949562],[24.6445203,43.8953348],[24.6441278,43.8956385],[24.6443075,43.8964119],[24.6440584,43.8967979],[24.6434919,43.8969746],[24.6434313,43.8967885],[24.6437001,43.8965513],[24.643887,43.8962396],[24.6437661,43.8958376],[24.6424849,43.8953209],[24.6412823,43.8945611],[24.640762,43.8939198],[24.6405502,43.8932498],[24.6396001,43.89228],[24.6388783,43.8920471],[24.6374642,43.8919012],[24.6363113,43.8921429],[24.6349802,43.8929492],[24.634912,43.8939902],[24.6363737,43.8962963],[24.6274435,43.8893765],[24.6260814,43.888321],[24.6221673,43.8870128],[24.6219228,43.8869298],[24.6204836,43.8864483],[24.6190168,43.8859576],[24.6178887,43.8855802],[24.5876041,43.8754477],[24.5874806,43.8753454],[24.587644,43.8742715],[24.5876283,43.8740453],[24.5878136,43.8733504],[24.5880459,43.8728881],[24.58999,43.8698702],[24.5451602,43.8544381],[24.5452021,43.8543343],[24.5455429,43.8543119],[24.5457286,43.8542312],[24.5457974,43.8541202],[24.5457694,43.8536195],[24.5456121,43.8533739],[24.5505237,43.8415351],[24.5521368,43.837687],[24.5556539,43.8288558],[24.5609139,43.815643],[24.56114,43.8155598],[24.5611963,43.8154457],[24.5701371,43.8170374],[24.5706779,43.8171627],[24.5708917,43.8172606],[24.5712746,43.8175618],[24.5713621,43.8179183],[24.5713075,43.8181689],[24.5707214,43.8196341],[24.5706879,43.8200822],[24.5708581,43.8203854],[24.5710454,43.8205618],[24.5713661,43.8207257],[24.6016417,43.8271021],[24.6315019,43.8334316],[24.6348381,43.8341828],[24.6710379,43.8468242],[24.6783619,43.8481097],[24.6771616,43.8508732],[24.6834274,43.8519592],[24.6899513,43.8529809],[24.6907221,43.8502735],[24.6939422,43.850771],[24.6943125,43.8497049],[24.702516,43.8511076],[24.7025875,43.8511895],[24.7020408,43.8526126],[24.7027337,43.8548329],[24.7013457,43.8586211],[24.7004636,43.8605589],[24.6929861,43.8597206],[24.6938486,43.8607173],[24.6943018,43.8620863],[24.6952996,43.862258],[24.6954678,43.8624812],[24.6951696,43.8637315],[24.695375,43.8643863],[24.6954932,43.8650724],[24.695367,43.865915],[24.6957235,43.8659601],[24.6963187,43.8673273],[24.6951422,43.8674653],[24.6935477,43.8707333],[24.6881851,43.8694223],[24.6841156,43.8690914],[24.6750132,43.8674806],[24.6748138,43.8678676],[24.6683448,43.8666755],[24.6661676,43.8693782],[24.6678932,43.8698896],[24.662442,43.8830774],[24.6778466,43.885267],[24.6764564,43.8922224]]]}},{"type":"Feature","properties":{"entity_id":"osm-r9742495","jurisdiction":"RO","display_name":"GOSTAVĂȚU","display_type":"commune","admin_level":8,"tier":"local","legal_registry":"SIRUTA","legal_id":"127144","legal_type":"commune","parent_catalog_id":"osm-r2366978","osm_relation_id":9742495,"legal_identity_status":"reconciled","geometry_source":"OpenStreetMap","geometry_precision":"master_coordinate_fidelity"},"geometry":{"type":"Polygon","coordinates":[[[24.5214142,44.0984802],[24.5209784,44.0983994],[24.5146472,44.0971637],[24.5145642,44.0972681],[24.5144449,44.0972676],[24.5141776,44.0971066],[24.5135369,44.0970031],[24.5132639,44.0968662],[24.4928889,44.0928499],[24.4966656,44.0888775],[24.5012471,44.0841983],[24.5014343,44.0837618],[24.4936233,44.0797569],[24.4883152,44.0772614],[24.4876255,44.0768556],[24.4777491,44.0746646],[24.470454,44.0720581],[24.4683949,44.0713632],[24.4683393,44.0712541],[24.4678649,44.071185],[24.4669301,44.0708665],[24.4575453,44.0675153],[24.4519504,44.0655956],[24.4535429,44.0630122],[24.4540374,44.0621239],[24.4541538,44.0617011],[24.4592511,44.0534239],[24.4626223,44.0476131],[24.4649502,44.0434184],[24.4658091,44.0430356],[24.4658544,44.0428082],[24.4686386,44.0368596],[24.4686755,44.0367529],[24.4685384,44.0358742],[24.469005,44.0348824],[24.4694134,44.0342824],[24.4695457,44.0341787],[24.4695812,44.0341947],[24.4748947,44.0266627],[24.4770286,44.0238374],[24.5041215,44.0307428],[24.5186375,44.0342929],[24.5233342,44.0355366],[24.5277881,44.0371762],[24.5527877,44.0479444],[24.5527111,44.0480367],[24.5564787,44.049593],[24.5574851,44.0499339],[24.5587046,44.0502243],[24.5610134,44.0508756],[24.5625672,44.0498981],[24.5657342,44.050328],[24.5689013,44.0507579],[24.5624117,44.0642867],[24.5673722,44.065525],[24.5697756,44.0662134],[24.5743929,44.0693982],[24.5833221,44.0772664],[24.581593,44.0782172],[24.581313,44.0779452],[24.5799464,44.0784821],[24.5788605,44.0791895],[24.5778191,44.0802357],[24.5766298,44.0817726],[24.5796983,44.0833375],[24.5800086,44.0836814],[24.579653,44.0837229],[24.5793967,44.0837045],[24.579265,44.0838505],[24.5792787,44.0840102],[24.5787227,44.0840744],[24.5772384,44.0839377],[24.5753674,44.0836121],[24.5724297,44.0833302],[24.5720221,44.0832242],[24.5703423,44.0826183],[24.5696642,44.0825608],[24.5688206,44.0822759],[24.5604169,44.0811443],[24.5564932,44.0804976],[24.5484918,44.0789885],[24.5384834,44.087008],[24.5349671,44.0848714],[24.523981,44.0942623],[24.5230936,44.0952953],[24.5228302,44.0957054],[24.5221222,44.0970928],[24.5214142,44.0984802]]]}},{"type":"Feature","properties":{"entity_id":"osm-r9742496","jurisdiction":"RO","display_name":"REDEA","display_type":"commune","admin_level":8,"tier":"local","legal_registry":"SIRUTA","legal_id":"128524","legal_type":"commune","parent_catalog_id":"osm-r2366978","osm_relation_id":9742496,"legal_identity_status":"reconciled","geometry_source":"OpenStreetMap","geometry_precision":"master_coordinate_fidelity"},"geometry":{"type":"Polygon","coordinates":[[[24.3427854,44.0008978],[24.342879,44.0010747],[24.3433586,44.0071509],[24.3434574,44.0072843],[24.3435886,44.0073523],[24.3438057,44.0073817],[24.3448733,44.0072594],[24.3457063,44.0105827],[24.3463115,44.0114567],[24.3494257,44.0234654],[24.353572,44.0229539],[24.354454,44.0227736],[24.3593539,44.0221477],[24.3622167,44.0343946],[24.3641587,44.0423227],[24.3643021,44.0424441],[24.3646937,44.0424663],[24.3649357,44.0437323],[24.3545516,44.0446728],[24.3551238,44.0462689],[24.3558024,44.048653],[24.3559653,44.0495945],[24.3561363,44.0501097],[24.3576961,44.0569542],[24.3571806,44.0571322],[24.3475306,44.0576507],[24.3499909,44.0671447],[24.3417113,44.0682561],[24.3352887,44.0689746],[24.3082349,44.0726064],[24.3105933,44.0753937],[24.313759,44.079496],[24.3142243,44.0800143],[24.314826,44.0803091],[24.3152054,44.080411],[24.3157034,44.0804407],[24.3165494,44.0803951],[24.3171274,44.0804142],[24.3173022,44.0804444],[24.3175285,44.0806668],[24.3174739,44.0807566],[24.3174475,44.0807336],[24.3173101,44.08071],[24.3148152,44.0812382],[24.3111626,44.0813316],[24.3084956,44.0811854],[24.3075831,44.0810636],[24.3066122,44.0811778],[24.3048291,44.081243],[24.3041059,44.0810315],[24.3025066,44.081153],[24.3023221,44.0811029],[24.3019351,44.0806384],[24.3015739,44.0803472],[24.3009768,44.0801375],[24.2999838,44.079942],[24.2984837,44.0798915],[24.2962141,44.0796648],[24.2943154,44.0795946],[24.2926557,44.0797259],[24.2907084,44.0797825],[24.2894882,44.0799366],[24.2877388,44.0803514],[24.2863774,44.0804988],[24.2851489,44.0809812],[24.2849965,44.0810066],[24.284737,44.0809869],[24.2834247,44.0806617],[24.2830964,44.0806041],[24.2828749,44.0806166],[24.2823316,44.0808282],[24.281209,44.0814679],[24.2810545,44.0815113],[24.279991,44.0814516],[24.2781591,44.0814398],[24.2772666,44.0813548],[24.2769912,44.081353],[24.2767465,44.0814081],[24.2680287,44.0781472],[24.267766,44.0783009],[24.2673766,44.0783118],[24.2672567,44.0783569],[24.2672165,44.0787591],[24.2663,44.0788712],[24.266197,44.0789863],[24.2660652,44.0800997],[24.266127,44.0823727],[24.2659806,44.0825368],[24.2661181,44.0877601],[24.266095,44.0879182],[24.2651889,44.0879574],[24.2656515,44.0922381],[24.2661266,44.1022636],[24.2662993,44.1036066],[24.2663734,44.104913],[24.2663755,44.1063405],[24.2692171,44.1071285],[24.2696711,44.1076026],[24.2701355,44.1084952],[24.2697236,44.1084441],[24.2688855,44.1082142],[24.2677099,44.1079805],[24.2667844,44.1078706],[24.2653246,44.1081919],[24.2634496,44.1076864],[24.2613897,44.1081174],[24.2597254,44.1083635],[24.2578119,44.1082655],[24.2570103,44.1084308],[24.2565477,44.1084707],[24.25077,44.1087123],[24.245854,44.1087953],[24.2367749,44.1090599],[24.2272916,44.1094042],[24.2269683,44.1023012],[24.2265818,44.0920796],[24.2260836,44.0847818],[24.2259885,44.0839939],[24.2235187,44.0843252],[24.2233675,44.0842193],[24.222835,44.0742979],[24.2226315,44.0692777],[24.2101295,44.0703733],[24.207224,44.0708123],[24.2046689,44.0712504],[24.2039767,44.0713281],[24.1981614,44.0698912],[24.1934616,44.0688208],[24.1871762,44.0691387],[24.1863071,44.069104],[24.1812549,44.0686094],[24.1796133,44.0684727],[24.1775844,44.0636119],[24.1772282,44.0600806],[24.1760086,44.0553389],[24.1746173,44.0502384],[24.1844885,44.0490028],[24.182549,44.0415034],[24.1821162,44.0395928],[24.1814868,44.0373996],[24.1812549,44.0362568],[24.1808441,44.0349548],[24.1806692,44.0339489],[24.18002,44.0316262],[24.1798122,44.0305137],[24.1796492,44.0301028],[24.1794009,44.029145],[24.1782994,44.0241227],[24.176378,44.0171684],[24.1753923,44.0127627],[24.1742612,44.0090138],[24.1735631,44.0063057],[24.1786356,44.0056884],[24.1882073,44.0046254],[24.1899817,44.0043377],[24.2031491,44.0028076],[24.206162,44.002403],[24.2115697,44.0045243],[24.2119315,44.0040438],[24.2122732,44.0040313],[24.2128373,44.0041572],[24.2130022,44.0041514],[24.2273171,44.0028379],[24.2333718,44.002221],[24.2444478,44.0013231],[24.2580999,44.0000055],[24.2597253,43.9997941],[24.2597923,43.999742],[24.2598398,43.9992402],[24.2600703,43.9991099],[24.2639004,43.9987193],[24.2637868,43.9982395],[24.2692467,43.9968974],[24.2743943,43.9955303],[24.2751676,43.9952729],[24.2769324,43.9948752],[24.2798511,43.9940636],[24.2803911,43.9939901],[24.2815442,43.9936168],[24.2822463,43.9934599],[24.2831061,43.9931872],[24.2838147,43.9930671],[24.2842072,43.9929261],[24.2849893,43.9927348],[24.2853802,43.9926989],[24.2864228,43.9968576],[24.2829654,43.9971771],[24.2832035,43.9989088],[24.2835242,44.0005566],[24.2840726,44.0043265],[24.2841187,44.0050372],[24.2842055,44.0050973],[24.2874721,44.0046154],[24.2936071,44.0035111],[24.2959526,44.0029248],[24.3028496,44.0008841],[24.3037271,44.006142],[24.3288969,44.0027641],[24.3337132,44.0005519],[24.342609,44.0008494],[24.342696,44.0008974],[24.3427854,44.0008978]]]}},{"type":"Feature","properties":{"entity_id":"osm-r9742497","jurisdiction":"RO","display_name":"DEVESELU","display_type":"commune","admin_level":8,"tier":"local","legal_registry":"SIRUTA","legal_id":"126647","legal_type":"commune","parent_catalog_id":"osm-r2366978","osm_relation_id":9742497,"legal_identity_status":"reconciled","geometry_source":"OpenStreetMap","geometry_precision":"master_coordinate_fidelity"},"geometry":{"type":"Polygon","coordinates":[[[24.4251328,44.080968],[24.4202956,44.0818432],[24.4193419,44.0821798],[24.413837,44.0825758],[24.4140658,44.0842703],[24.4126293,44.0843938],[24.4124547,44.0837993],[24.4105379,44.0839642],[24.409382,44.084111],[24.4082203,44.0840687],[24.4023296,44.0850545],[24.4018154,44.0848759],[24.401363,44.0856094],[24.4012343,44.0856102],[24.4013269,44.0847046],[24.3990289,44.0829634],[24.3961649,44.0832],[24.3944561,44.0831698],[24.3916453,44.0835962],[24.3917896,44.0884017],[24.3799235,44.0881362],[24.3778359,44.0925854],[24.3669131,44.0877469],[24.3680977,44.0863373],[24.3653475,44.0864448],[24.3646663,44.0851628],[24.3643948,44.084103],[24.3594941,44.0843463],[24.3589523,44.0844315],[24.3591161,44.0845393],[24.359467,44.085095],[24.3597962,44.0861827],[24.3598424,44.0866994],[24.3533697,44.0870281],[24.3517046,44.0871958],[24.3505436,44.0871017],[24.3500934,44.0870044],[24.3493947,44.0866911],[24.3485576,44.0864798],[24.3476612,44.0863283],[24.3457157,44.0860925],[24.3447157,44.0861241],[24.3445705,44.0853431],[24.3439358,44.0831871],[24.3436809,44.081816],[24.3416318,44.0820252],[24.3415161,44.0815319],[24.3419714,44.0814644],[24.3419603,44.0804361],[24.3417394,44.0791695],[24.3417032,44.0779089],[24.3342813,44.078488],[24.3317173,44.0786315],[24.3318312,44.0797147],[24.3288168,44.0790764],[24.3279814,44.0789469],[24.3271215,44.0789179],[24.3271016,44.0788026],[24.3231824,44.0792267],[24.3221516,44.0794054],[24.3194658,44.0806413],[24.3176069,44.0806796],[24.3175754,44.0807487],[24.3174739,44.0807566],[24.3175285,44.0806668],[24.3173022,44.0804444],[24.3171274,44.0804142],[24.3165494,44.0803951],[24.3157034,44.0804407],[24.3152054,44.080411],[24.314826,44.0803091],[24.3142243,44.0800143],[24.313759,44.079496],[24.3105933,44.0753937],[24.3082349,44.0726064],[24.3352887,44.0689746],[24.3417113,44.0682561],[24.3499909,44.0671447],[24.3475306,44.0576507],[24.3571806,44.0571322],[24.3576961,44.0569542],[24.3561363,44.0501097],[24.3559653,44.0495945],[24.3558024,44.048653],[24.3551238,44.0462689],[24.3545516,44.0446728],[24.3649357,44.0437323],[24.3646937,44.0424663],[24.3643021,44.0424441],[24.3641587,44.0423227],[24.3622167,44.0343946],[24.3593539,44.0221477],[24.3636125,44.0216051],[24.3886637,44.0184093],[24.3900767,44.0237167],[24.3910287,44.0240739],[24.3918583,44.0240955],[24.392742,44.0238557],[24.3961125,44.0227503],[24.3978284,44.0227344],[24.3985406,44.0226891],[24.4001684,44.0225053],[24.4033554,44.0219951],[24.4044677,44.0219707],[24.4056891,44.0218838],[24.411597,44.0218526],[24.4085878,44.0280153],[24.4188573,44.0289882],[24.4240573,44.0293715],[24.4341448,44.0302217],[24.4463523,44.0313195],[24.4648406,44.0334881],[24.4666275,44.0337282],[24.469118,44.0341379],[24.4695457,44.0341787],[24.4694134,44.0342824],[24.469005,44.0348824],[24.4685384,44.0358742],[24.4686755,44.0367529],[24.4686386,44.0368596],[24.4658544,44.0428082],[24.4658091,44.0430356],[24.4649502,44.0434184],[24.4626223,44.0476131],[24.4592511,44.0534239],[24.4541538,44.0617011],[24.4540374,44.0621239],[24.4535429,44.0630122],[24.4519504,44.0655956],[24.4491934,44.0650758],[24.4476011,44.0649051],[24.4418345,44.0640112],[24.4420113,44.0674667],[24.4406198,44.0676522],[24.4407938,44.071595],[24.4431035,44.071201],[24.4494421,44.0702919],[24.4496167,44.0731131],[24.4411007,44.0747049],[24.4355921,44.0755447],[24.4354423,44.0794731],[24.4309743,44.0799108],[24.425635,44.0808771],[24.4251328,44.080968]]]}},{"type":"Feature","properties":{"entity_id":"osm-r9742498","jurisdiction":"RO","display_name":"TRAIAN","display_type":"commune","admin_level":8,"tier":"local","legal_registry":"SIRUTA","legal_id":"129567","legal_type":"commune","parent_catalog_id":"osm-r2366978","osm_relation_id":9742498,"legal_identity_status":"reconciled","geometry_source":"OpenStreetMap","geometry_precision":"master_coordinate_fidelity"},"geometry":{"type":"Polygon","coordinates":[[[24.425216,43.9934712],[24.4284774,43.9927354],[24.4555615,43.9866209],[24.4557456,43.9865484],[24.4684483,43.9835499],[24.4665025,43.9788498],[24.4801053,43.9758668],[24.4836002,43.9782518],[24.4936195,43.9825448],[24.4945123,43.9829802],[24.495082,43.9839487],[24.5017046,43.9971663],[24.5025332,43.9988197],[24.5037743,44.0012053],[24.5032462,44.0012976],[24.5030808,44.0013721],[24.5007455,44.0014674],[24.4985334,44.0016583],[24.4955432,44.0018455],[24.491126,44.0019698],[24.4891882,44.0024289],[24.4859131,44.0029889],[24.4818497,44.0037791],[24.4775635,44.0045128],[24.4761766,44.0043722],[24.4741228,44.005084],[24.4726988,44.0054819],[24.4724681,44.0055398],[24.471679,44.0055138],[24.4770336,44.0201225],[24.4780483,44.0197289],[24.4801088,44.0195472],[24.4801083,44.0195985],[24.4796568,44.0200505],[24.4785611,44.0216953],[24.4785703,44.0218075],[24.4784703,44.0218498],[24.4770531,44.023737],[24.4770286,44.0238374],[24.4748947,44.0266627],[24.4695812,44.0341947],[24.4695457,44.0341787],[24.469118,44.0341379],[24.4666275,44.0337282],[24.4648406,44.0334881],[24.4463523,44.0313195],[24.4341448,44.0302217],[24.4240573,44.0293715],[24.4188573,44.0289882],[24.4085878,44.0280153],[24.411597,44.0218526],[24.4117101,44.0216183],[24.4223192,43.9996132],[24.4222764,43.9995998],[24.425216,43.9934712]]]}},{"type":"Feature","properties":{"entity_id":"osm-r9742499","jurisdiction":"RO","display_name":"VLĂDILA","display_type":"commune","admin_level":8,"tier":"local","legal_registry":"SIRUTA","legal_id":"130026","legal_type":"commune","parent_catalog_id":"osm-r2366978","osm_relation_id":9742499,"legal_identity_status":"reconciled","geometry_source":"OpenStreetMap","geometry_precision":"master_coordinate_fidelity"},"geometry":{"type":"Polygon","coordinates":[[[24.4192761,43.9859839],[24.4222021,43.9860622],[24.4236111,43.9861999],[24.4236968,43.9861043],[24.4286525,43.9862256],[24.425216,43.9934712],[24.4222764,43.9995998],[24.4223192,43.9996132],[24.4117101,44.0216183],[24.411597,44.0218526],[24.4056891,44.0218838],[24.4044677,44.0219707],[24.4033554,44.0219951],[24.4001684,44.0225053],[24.3985406,44.0226891],[24.3978284,44.0227344],[24.3961125,44.0227503],[24.392742,44.0238557],[24.3918583,44.0240955],[24.3910287,44.0240739],[24.3900767,44.0237167],[24.3886637,44.0184093],[24.3636125,44.0216051],[24.3593539,44.0221477],[24.354454,44.0227736],[24.353572,44.0229539],[24.3494257,44.0234654],[24.3463115,44.0114567],[24.3457063,44.0105827],[24.3448733,44.0072594],[24.3438057,44.0073817],[24.3435886,44.0073523],[24.3434574,44.0072843],[24.3433586,44.0071509],[24.342879,44.0010747],[24.3427854,44.0008978],[24.3444949,44.0007248],[24.3404752,43.9886511],[24.3426425,43.9895455],[24.3507267,43.9880001],[24.3506784,43.9878787],[24.3838965,43.9816099],[24.3839228,43.9816049],[24.3849199,43.981415],[24.3905563,43.9802748],[24.3937593,43.9796738],[24.3949638,43.9829263],[24.3960686,43.9857003],[24.398719,43.9853497],[24.4019707,43.9839672],[24.4041462,43.9835848],[24.4112895,43.9835509],[24.4119887,43.9834192],[24.4138365,43.9828333],[24.4156123,43.9821516],[24.4157872,43.9821388],[24.4157977,43.9822137],[24.4190479,43.9819937],[24.4195894,43.9819753],[24.420134,43.982018],[24.4203592,43.9825362],[24.4203816,43.9829121],[24.4201994,43.98347],[24.419159,43.9859808],[24.4192761,43.9859839]]]}},{"type":"Feature","properties":{"entity_id":"osm-r9742500","jurisdiction":"RO","display_name":"STUDINA","display_type":"commune","admin_level":8,"tier":"local","legal_registry":"SIRUTA","legal_id":"129184","legal_type":"commune","parent_catalog_id":"osm-r2366978","osm_relation_id":9742500,"legal_identity_status":"reconciled","geometry_source":"OpenStreetMap","geometry_precision":"master_coordinate_fidelity"},"geometry":{"type":"Polygon","coordinates":[[[24.4192761,43.9859839],[24.419159,43.9859808],[24.4201994,43.98347],[24.4203816,43.9829121],[24.4203592,43.9825362],[24.420134,43.982018],[24.4195894,43.9819753],[24.4190479,43.9819937],[24.4157977,43.9822137],[24.4157872,43.9821388],[24.4156123,43.9821516],[24.4138365,43.9828333],[24.4119887,43.9834192],[24.4112895,43.9835509],[24.4041462,43.9835848],[24.4019707,43.9839672],[24.398719,43.9853497],[24.3960686,43.9857003],[24.3949638,43.9829263],[24.3937593,43.9796738],[24.3905563,43.9802748],[24.3849199,43.981415],[24.3839228,43.9816049],[24.383836,43.9813879],[24.3823027,43.9773936],[24.3889667,43.9765252],[24.3877151,43.9718891],[24.3869105,43.9691874],[24.3864378,43.9682789],[24.3855936,43.9683758],[24.3851922,43.9683591],[24.3844437,43.9684166],[24.383537,43.9687198],[24.3829855,43.9686551],[24.3825938,43.9686819],[24.3821475,43.968636],[24.3795708,43.9687994],[24.3782412,43.9687237],[24.3770858,43.9687414],[24.3764312,43.968899],[24.3761056,43.9690705],[24.375482,43.9696155],[24.375011,43.9699092],[24.3740005,43.9702243],[24.3726446,43.9705055],[24.3718525,43.9708254],[24.3701489,43.9713499],[24.3694003,43.9716937],[24.3688487,43.971776],[24.368425,43.9717877],[24.367079,43.9715656],[24.3657507,43.9715014],[24.3641682,43.9672169],[24.3625817,43.9632042],[24.3623536,43.9624177],[24.3614681,43.9600192],[24.3712773,43.9580843],[24.3709821,43.9573342],[24.3805733,43.9554031],[24.380924,43.9558382],[24.3815236,43.9572479],[24.3818841,43.9582709],[24.3822157,43.9582222],[24.3869576,43.957292],[24.3885076,43.9568971],[24.3923072,43.9560658],[24.3972194,43.9548987],[24.3997656,43.9542737],[24.4021624,43.9536048],[24.4051088,43.9526361],[24.4079869,43.9519595],[24.4097664,43.951489],[24.4202112,43.9493198],[24.4226383,43.9490119],[24.4233866,43.9488765],[24.4242191,43.9488936],[24.4251444,43.9487301],[24.4267534,43.9485461],[24.4281456,43.9482824],[24.4300087,43.9479993],[24.4353358,43.9473313],[24.4389217,43.946796],[24.4423136,43.9463614],[24.4437128,43.9461072],[24.4443196,43.9460681],[24.4456662,43.945869],[24.4462772,43.9457171],[24.447295,43.9456203],[24.4485438,43.9453962],[24.4501717,43.9452022],[24.4545937,43.9445415],[24.4625728,43.943433],[24.4643766,43.9431462],[24.4647161,43.9430394],[24.4654465,43.9429283],[24.465462,43.9429268],[24.4654853,43.9429631],[24.4656808,43.94294],[24.4684986,43.9425565],[24.4765604,43.9412671],[24.4950696,43.9386253],[24.5057697,43.9373133],[24.5057838,43.9382491],[24.5053534,43.9453251],[24.5052554,43.9457171],[24.5050316,43.9495531],[24.5049342,43.9501488],[24.5049731,43.9507207],[24.5048333,43.9521903],[24.5046471,43.9531069],[24.504661,43.9535938],[24.5046652,43.9537379],[24.5043558,43.9582076],[24.5043625,43.9605829],[24.4832098,43.9631527],[24.4756133,43.9641722],[24.47543,43.9671026],[24.4751502,43.9699419],[24.4751344,43.9707189],[24.4771578,43.9706188],[24.4767579,43.9738056],[24.4790413,43.9752252],[24.4801053,43.9758668],[24.4665025,43.9788498],[24.4684483,43.9835499],[24.4557456,43.9865484],[24.4555615,43.9866209],[24.4284774,43.9927354],[24.425216,43.9934712],[24.4286525,43.9862256],[24.4236968,43.9861043],[24.4236111,43.9861999],[24.4222021,43.9860622],[24.4192761,43.9859839]]]}},{"type":"Feature","properties":{"entity_id":"osm-r9742501","jurisdiction":"RO","display_name":"GRĂDINILE","display_type":"commune","admin_level":8,"tier":"local","legal_registry":"SIRUTA","legal_id":"130320","legal_type":"commune","parent_catalog_id":"osm-r2366978","osm_relation_id":9742501,"legal_identity_status":"reconciled","geometry_source":"OpenStreetMap","geometry_precision":"master_coordinate_fidelity"},"geometry":{"type":"Polygon","coordinates":[[[24.3839228,43.9816049],[24.3838965,43.9816099],[24.3506784,43.9878787],[24.3505929,43.98765],[24.3460594,43.9756645],[24.3446284,43.9721939],[24.344384,43.9719857],[24.3431421,43.968329],[24.3447739,43.9680178],[24.3438901,43.9654303],[24.3413267,43.965917],[24.3407866,43.9644449],[24.3400799,43.9628337],[24.3398248,43.9628658],[24.3393046,43.9628437],[24.3387017,43.9627456],[24.3382489,43.9627211],[24.3373611,43.9628904],[24.336555,43.962951],[24.3351043,43.9629497],[24.3338921,43.9632202],[24.3335329,43.9632144],[24.3313247,43.9634278],[24.3253718,43.9469258],[24.3253072,43.9466896],[24.324345,43.9435155],[24.3239854,43.9424965],[24.3238304,43.9418411],[24.3190383,43.9415594],[24.3181251,43.9366561],[24.3214586,43.9361187],[24.32208,43.936045],[24.3227821,43.9360253],[24.3236882,43.9360507],[24.3244223,43.936135],[24.3253621,43.9361127],[24.3263531,43.9359629],[24.3271409,43.9357],[24.3278059,43.9355483],[24.3298329,43.935173],[24.3302117,43.9359727],[24.3313117,43.9351064],[24.3323151,43.9341731],[24.3326553,43.9339643],[24.3331833,43.9338824],[24.3336745,43.933889],[24.33571,43.9339935],[24.3361403,43.9339628],[24.3363133,43.9340489],[24.3364999,43.9340343],[24.3381145,43.9333267],[24.3386875,43.9331226],[24.3391789,43.9330624],[24.340717,43.9330137],[24.3415303,43.9327715],[24.342805,43.9322274],[24.3434251,43.9320392],[24.3480446,43.9314574],[24.3485727,43.9313104],[24.3494383,43.9308118],[24.3502266,43.9305966],[24.3510553,43.930523],[24.3529981,43.9364849],[24.3551129,43.9433261],[24.3601997,43.9424276],[24.3680758,43.940922],[24.3713608,43.9403501],[24.3720423,43.9402091],[24.3724871,43.9400212],[24.37264,43.9400182],[24.3725361,43.9398805],[24.3724514,43.9394191],[24.3720101,43.9382968],[24.3719203,43.937824],[24.3730531,43.9377466],[24.3763599,43.9373951],[24.3793759,43.9369639],[24.3803977,43.9367732],[24.3806453,43.9366749],[24.3822809,43.9364251],[24.3863685,43.9356199],[24.4068115,43.9318302],[24.4067903,43.9327706],[24.4069077,43.9365098],[24.4078576,43.9390171],[24.4084716,43.9389384],[24.4238435,43.9361875],[24.4247201,43.9404662],[24.4253761,43.9404173],[24.4358771,43.9385423],[24.4362559,43.9383354],[24.4364592,43.9381275],[24.4366556,43.938095],[24.4369321,43.9383313],[24.4502218,43.9359307],[24.461946,43.933881],[24.462362,43.9339934],[24.4624842,43.9341641],[24.46341,43.9369189],[24.4640655,43.938661],[24.4654247,43.9428656],[24.4654465,43.9429283],[24.4647161,43.9430394],[24.4643766,43.9431462],[24.4625728,43.943433],[24.4545937,43.9445415],[24.4501717,43.9452022],[24.4485438,43.9453962],[24.447295,43.9456203],[24.4462772,43.9457171],[24.4456662,43.945869],[24.4443196,43.9460681],[24.4437128,43.9461072],[24.4423136,43.9463614],[24.4389217,43.946796],[24.4353358,43.9473313],[24.4300087,43.9479993],[24.4281456,43.9482824],[24.4267534,43.9485461],[24.4251444,43.9487301],[24.4242191,43.9488936],[24.4233866,43.9488765],[24.4226383,43.9490119],[24.4202112,43.9493198],[24.4097664,43.951489],[24.4079869,43.9519595],[24.4051088,43.9526361],[24.4021624,43.9536048],[24.3997656,43.9542737],[24.3972194,43.9548987],[24.3923072,43.9560658],[24.3885076,43.9568971],[24.3869576,43.957292],[24.3822157,43.9582222],[24.3818841,43.9582709],[24.3815236,43.9572479],[24.380924,43.9558382],[24.3805733,43.9554031],[24.3709821,43.9573342],[24.3712773,43.9580843],[24.3614681,43.9600192],[24.3623536,43.9624177],[24.3625817,43.9632042],[24.3641682,43.9672169],[24.3657507,43.9715014],[24.367079,43.9715656],[24.368425,43.9717877],[24.3688487,43.971776],[24.3694003,43.9716937],[24.3701489,43.9713499],[24.3718525,43.9708254],[24.3726446,43.9705055],[24.3740005,43.9702243],[24.375011,43.9699092],[24.375482,43.9696155],[24.3761056,43.9690705],[24.3764312,43.968899],[24.3770858,43.9687414],[24.3782412,43.9687237],[24.3795708,43.9687994],[24.3821475,43.968636],[24.3825938,43.9686819],[24.3829855,43.9686551],[24.383537,43.9687198],[24.3844437,43.9684166],[24.3851922,43.9683591],[24.3855936,43.9683758],[24.3864378,43.9682789],[24.3869105,43.9691874],[24.3877151,43.9718891],[24.3889667,43.9765252],[24.3823027,43.9773936],[24.383836,43.9813879],[24.3839228,43.9816049]]]}},{"type":"Feature","properties":{"entity_id":"osm-r9742502","jurisdiction":"RO","display_name":"ROTUNDA","display_type":"commune","admin_level":8,"tier":"local","legal_registry":"SIRUTA","legal_id":"128560","legal_type":"commune","parent_catalog_id":"osm-r2366978","osm_relation_id":9742502,"legal_identity_status":"reconciled","geometry_source":"OpenStreetMap","geometry_precision":"master_coordinate_fidelity"},"geometry":{"type":"Polygon","coordinates":[[[24.3253718,43.9469258],[24.3313247,43.9634278],[24.3335329,43.9632144],[24.3338921,43.9632202],[24.3351043,43.9629497],[24.336555,43.962951],[24.3373611,43.9628904],[24.3382489,43.9627211],[24.3387017,43.9627456],[24.3393046,43.9628437],[24.3398248,43.9628658],[24.3400799,43.9628337],[24.3407866,43.9644449],[24.3413267,43.965917],[24.3438901,43.9654303],[24.3447739,43.9680178],[24.3431421,43.968329],[24.344384,43.9719857],[24.3446284,43.9721939],[24.3460594,43.9756645],[24.3505929,43.98765],[24.3506784,43.9878787],[24.3507267,43.9880001],[24.3426425,43.9895455],[24.3404752,43.9886511],[24.3444949,44.0007248],[24.3427854,44.0008978],[24.342696,44.0008974],[24.342609,44.0008494],[24.3337132,44.0005519],[24.3288969,44.0027641],[24.3037271,44.006142],[24.3028496,44.0008841],[24.2959526,44.0029248],[24.2936071,44.0035111],[24.2874721,44.0046154],[24.2842055,44.0050973],[24.2841187,44.0050372],[24.2840726,44.0043265],[24.2835242,44.0005566],[24.2832035,43.9989088],[24.2829654,43.9971771],[24.2864228,43.9968576],[24.2853802,43.9926989],[24.2849893,43.9927348],[24.2842072,43.9929261],[24.2838147,43.9930671],[24.2831061,43.9931872],[24.2822463,43.9934599],[24.2815442,43.9936168],[24.2803911,43.9939901],[24.2798511,43.9940636],[24.2769324,43.9948752],[24.2751676,43.9952729],[24.2743943,43.9955303],[24.2692467,43.9968974],[24.2637868,43.9982395],[24.2615166,43.9933966],[24.2591313,43.9881491],[24.2625238,43.9873284],[24.2573398,43.9750222],[24.260333,43.9742344],[24.2586276,43.9707546],[24.2563406,43.9663603],[24.2588917,43.9657794],[24.2575067,43.9609255],[24.2609153,43.9600302],[24.2634164,43.9595543],[24.2670224,43.9587708],[24.2921245,43.9527871],[24.2923678,43.9536495],[24.2971008,43.9526908],[24.3014083,43.9518859],[24.3066539,43.9507964],[24.315239,43.9490921],[24.3253718,43.9469258]]]}},{"type":"Feature","properties":{"entity_id":"osm-r9742503","jurisdiction":"RO","display_name":"BRASTAVĂȚU","display_type":"commune","admin_level":8,"tier":"local","legal_registry":"SIRUTA","legal_id":"125962","legal_type":"commune","parent_catalog_id":"osm-r2366978","osm_relation_id":9742503,"legal_identity_status":"reconciled","geometry_source":"OpenStreetMap","geometry_precision":"master_coordinate_fidelity"},"geometry":{"type":"Polygon","coordinates":[[[24.3486409,43.8994849],[24.3554653,43.9067056],[24.393473,43.8897743],[24.408969,43.8826158],[24.4102405,43.8818975],[24.4133087,43.8853375],[24.4138772,43.885162],[24.4192993,43.8841719],[24.4237242,43.8814531],[24.4243398,43.8812903],[24.4252268,43.881176],[24.4287031,43.8805299],[24.4301593,43.8803376],[24.4329139,43.8798171],[24.4337907,43.8796514],[24.4376075,43.8791245],[24.451454,43.8778637],[24.4635985,43.8764449],[24.463884,43.8766244],[24.4699338,43.8971694],[24.472865,43.8967364],[24.472907,43.8968455],[24.4761944,43.8963751],[24.4769179,43.8990107],[24.4847518,43.8977032],[24.4950328,43.8962326],[24.4952163,43.9007961],[24.4952261,43.9019569],[24.4956422,43.908117],[24.4955972,43.9082439],[24.4956092,43.9088779],[24.4960932,43.9153599],[24.4963591,43.9181565],[24.4942229,43.9185177],[24.494517,43.9269365],[24.494831,43.931867],[24.4948858,43.9354385],[24.4950696,43.9386253],[24.4765604,43.9412671],[24.4684986,43.9425565],[24.4656808,43.94294],[24.4654853,43.9429631],[24.465462,43.9429268],[24.4654465,43.9429283],[24.4654247,43.9428656],[24.4640655,43.938661],[24.46341,43.9369189],[24.4624842,43.9341641],[24.462362,43.9339934],[24.461946,43.933881],[24.4502218,43.9359307],[24.4369321,43.9383313],[24.4366556,43.938095],[24.4364592,43.9381275],[24.4362559,43.9383354],[24.4358771,43.9385423],[24.4253761,43.9404173],[24.4247201,43.9404662],[24.4238435,43.9361875],[24.4084716,43.9389384],[24.4078576,43.9390171],[24.4069077,43.9365098],[24.4067903,43.9327706],[24.4068115,43.9318302],[24.3863685,43.9356199],[24.3822809,43.9364251],[24.3806453,43.9366749],[24.3803977,43.9367732],[24.3793759,43.9369639],[24.3763599,43.9373951],[24.3730531,43.9377466],[24.3719203,43.937824],[24.3720101,43.9382968],[24.3724514,43.9394191],[24.3725361,43.9398805],[24.37264,43.9400182],[24.3724871,43.9400212],[24.3720423,43.9402091],[24.3713608,43.9403501],[24.3680758,43.940922],[24.3601997,43.9424276],[24.3551129,43.9433261],[24.3529981,43.9364849],[24.3510553,43.930523],[24.3502266,43.9305966],[24.3494383,43.9308118],[24.3485727,43.9313104],[24.3480446,43.9314574],[24.3434251,43.9320392],[24.342805,43.9322274],[24.3415303,43.9327715],[24.340717,43.9330137],[24.3391789,43.9330624],[24.3386875,43.9331226],[24.3381145,43.9333267],[24.3364999,43.9340343],[24.3363133,43.9340489],[24.3361403,43.9339628],[24.33571,43.9339935],[24.3336745,43.933889],[24.3331833,43.9338824],[24.3326553,43.9339643],[24.3323151,43.9341731],[24.3313117,43.9351064],[24.3302117,43.9359727],[24.3298329,43.935173],[24.3278059,43.9355483],[24.3271409,43.9357],[24.3263531,43.9359629],[24.3253621,43.9361127],[24.3244223,43.936135],[24.3236882,43.9360507],[24.3227821,43.9360253],[24.32208,43.936045],[24.3214586,43.9361187],[24.3214847,43.9352092],[24.3214975,43.9347636],[24.3176586,43.9345681],[24.3165209,43.931867],[24.3137527,43.925667],[24.3170753,43.9237384],[24.3169804,43.9235513],[24.3174969,43.9232713],[24.3169484,43.921239],[24.3187751,43.9208047],[24.3191945,43.9205935],[24.3195214,43.9203827],[24.3198956,43.920057],[24.3209108,43.9190265],[24.3213855,43.9186205],[24.3200672,43.9172989],[24.3200777,43.9172562],[24.321362,43.9161468],[24.3222297,43.9152634],[24.322115,43.9150485],[24.319547,43.9125439],[24.3421518,43.9023328],[24.3475509,43.8999634],[24.3486409,43.8994849]]]}},{"type":"Feature","properties":{"entity_id":"osm-r9742504","jurisdiction":"RO","display_name":"VIȘINA","display_type":"commune","admin_level":8,"tier":"local","legal_registry":"SIRUTA","legal_id":"129898","legal_type":"commune","parent_catalog_id":"osm-r2366978","osm_relation_id":9742504,"legal_identity_status":"reconciled","geometry_source":"OpenStreetMap","geometry_precision":"master_coordinate_fidelity"},"geometry":{"type":"Polygon","coordinates":[[[24.4283329,43.8375384],[24.4282966,43.8366991],[24.4279224,43.828044],[24.4282681,43.8275306],[24.4278027,43.8275582],[24.4273879,43.8171962],[24.4386458,43.8170198],[24.4386282,43.8210399],[24.453951,43.821095],[24.4640136,43.821128],[24.4523968,43.8415225],[24.4608007,43.843232],[24.5152822,43.8538644],[24.5156444,43.8540126],[24.5157788,43.8540946],[24.5122123,43.863164],[24.5123201,43.8632596],[24.5077897,43.8674977],[24.5065782,43.8685115],[24.5062342,43.8686824],[24.5062185,43.8687603],[24.5068268,43.8748068],[24.5070075,43.8760912],[24.5074792,43.8783842],[24.5107161,43.886716],[24.5117503,43.8909329],[24.5118162,43.8912015],[24.5100554,43.8914337],[24.4948888,43.8934322],[24.4950328,43.8962326],[24.4847518,43.8977032],[24.4769179,43.8990107],[24.4761944,43.8963751],[24.472907,43.8968455],[24.472865,43.8967364],[24.4699338,43.8971694],[24.463884,43.8766244],[24.4635985,43.8764449],[24.451454,43.8778637],[24.4376075,43.8791245],[24.4337907,43.8796514],[24.4329139,43.8798171],[24.4327852,43.8755057],[24.4327635,43.8679692],[24.4328221,43.8677889],[24.4328077,43.8640359],[24.4328966,43.8625367],[24.4327061,43.8625117],[24.4330019,43.8537573],[24.4289959,43.8539111],[24.428566,43.8456913],[24.4284656,43.8452851],[24.4283491,43.8381305],[24.4283329,43.8375384]]]}},{"type":"Feature","properties":{"entity_id":"osm-r9742505","jurisdiction":"RO","display_name":"VIȘINA NOUĂ","display_type":"commune","admin_level":8,"tier":"local","legal_registry":"SIRUTA","legal_id":"130375","legal_type":"commune","parent_catalog_id":"osm-r2366978","osm_relation_id":9742505,"legal_identity_status":"reconciled","geometry_source":"OpenStreetMap","geometry_precision":"master_coordinate_fidelity"},"geometry":{"type":"Polygon","coordinates":[[[24.3486409,43.8994849],[24.3484832,43.8994484],[24.3417773,43.8920746],[24.3576582,43.8850479],[24.3611881,43.8835293],[24.3703394,43.8794672],[24.3760063,43.8768387],[24.3782725,43.8757234],[24.378807,43.8755299],[24.3802924,43.8748323],[24.3810097,43.8745463],[24.3917519,43.8694766],[24.3981497,43.8664159],[24.3996477,43.8656368],[24.401719,43.86579],[24.4021527,43.8614568],[24.4022924,43.8614622],[24.4023146,43.8612451],[24.4023555,43.8589755],[24.4022189,43.8508007],[24.4021376,43.8490155],[24.4019364,43.8468984],[24.4164082,43.846222],[24.4164263,43.8451797],[24.4163519,43.8448795],[24.4162598,43.8436238],[24.4162997,43.8435035],[24.4161184,43.8396774],[24.4160965,43.8377768],[24.4185844,43.8377133],[24.4191912,43.8376557],[24.4197483,43.8377017],[24.4280379,43.8375495],[24.4283329,43.8375384],[24.4283491,43.8381305],[24.4284656,43.8452851],[24.428566,43.8456913],[24.4289959,43.8539111],[24.4330019,43.8537573],[24.4327061,43.8625117],[24.4328966,43.8625367],[24.4328077,43.8640359],[24.4328221,43.8677889],[24.4327635,43.8679692],[24.4327852,43.8755057],[24.4329139,43.8798171],[24.4301593,43.8803376],[24.4287031,43.8805299],[24.4252268,43.881176],[24.4243398,43.8812903],[24.4237242,43.8814531],[24.4192993,43.8841719],[24.4138772,43.885162],[24.4133087,43.8853375],[24.4102405,43.8818975],[24.408969,43.8826158],[24.393473,43.8897743],[24.3554653,43.9067056],[24.3486409,43.8994849]]]}},{"type":"Feature","properties":{"entity_id":"osm-r9742506","jurisdiction":"RO","display_name":"VĂDASTRA","display_type":"commune","admin_level":8,"tier":"local","legal_registry":"SIRUTA","legal_id":"129718","legal_type":"commune","parent_catalog_id":"osm-r2366978","osm_relation_id":9742506,"legal_identity_status":"reconciled","geometry_source":"OpenStreetMap","geometry_precision":"master_coordinate_fidelity"},"geometry":{"type":"Polygon","coordinates":[[[24.3443732,43.8667414],[24.3475337,43.8652022],[24.3599097,43.8591587],[24.3602914,43.859477],[24.3604025,43.8592526],[24.3610206,43.8588904],[24.366276,43.8586512],[24.3660643,43.856279],[24.3719009,43.8561173],[24.3710226,43.8481462],[24.3864525,43.8475837],[24.3861169,43.8416353],[24.3858138,43.8415992],[24.3855985,43.8414948],[24.3855813,43.841245],[24.385664,43.8406772],[24.3858157,43.8402936],[24.3845284,43.8181801],[24.3849251,43.8181668],[24.3877799,43.8179575],[24.392932,43.8175798],[24.3958088,43.8174184],[24.4273879,43.8171962],[24.4278027,43.8275582],[24.4282681,43.8275306],[24.4279224,43.828044],[24.4282966,43.8366991],[24.4283329,43.8375384],[24.4280379,43.8375495],[24.4197483,43.8377017],[24.4191912,43.8376557],[24.4185844,43.8377133],[24.4160965,43.8377768],[24.4161184,43.8396774],[24.4162997,43.8435035],[24.4162598,43.8436238],[24.4163519,43.8448795],[24.4164263,43.8451797],[24.4164082,43.846222],[24.4019364,43.8468984],[24.4021376,43.8490155],[24.4022189,43.8508007],[24.4023555,43.8589755],[24.4023146,43.8612451],[24.4022924,43.8614622],[24.4021527,43.8614568],[24.401719,43.86579],[24.3996477,43.8656368],[24.3981497,43.8664159],[24.3917519,43.8694766],[24.3810097,43.8745463],[24.3802924,43.8748323],[24.378807,43.8755299],[24.3782725,43.8757234],[24.3760063,43.8768387],[24.3703394,43.8794672],[24.3611881,43.8835293],[24.3576582,43.8850479],[24.3575265,43.8849009],[24.3504254,43.8770479],[24.3480603,43.874196],[24.3479282,43.8739388],[24.3479454,43.8738089],[24.3443732,43.8667414]]]}},{"type":"Feature","properties":{"entity_id":"osm-r9742507","jurisdiction":"RO","display_name":"BUCINIȘU","display_type":"commune","admin_level":8,"tier":"local","legal_registry":"SIRUTA","legal_id":"126077","legal_type":"commune","parent_catalog_id":"osm-r2366978","osm_relation_id":9742507,"legal_identity_status":"reconciled","geometry_source":"OpenStreetMap","geometry_precision":"master_coordinate_fidelity"},"geometry":{"type":"Polygon","coordinates":[[[24.2563406,43.9663603],[24.2556448,43.9650338],[24.2541795,43.9620609],[24.2539422,43.9617008],[24.2527593,43.9593345],[24.2526875,43.9592787],[24.2518837,43.9576078],[24.2516534,43.9572571],[24.2515851,43.957217],[24.2511833,43.9571974],[24.2399965,43.959828],[24.2390898,43.9601415],[24.238929,43.9601073],[24.2324439,43.9613925],[24.2299636,43.9561587],[24.2267824,43.9488366],[24.2266202,43.9487712],[24.2233188,43.9412623],[24.2291379,43.9400226],[24.2400691,43.9372541],[24.2418694,43.9367472],[24.2419695,43.9366946],[24.2419812,43.9365538],[24.2400434,43.9317766],[24.2421606,43.9313447],[24.242782,43.9313115],[24.2437266,43.9311025],[24.2482777,43.9302731],[24.2461067,43.9250979],[24.2463248,43.9250125],[24.2467399,43.9248821],[24.2467885,43.9247339],[24.2466543,43.9243896],[24.2469907,43.9242579],[24.2584684,43.9216316],[24.2620548,43.9207472],[24.2674461,43.9193246],[24.2710185,43.9183174],[24.2715171,43.9182346],[24.2736073,43.9176054],[24.2815724,43.9154455],[24.2828954,43.9182595],[24.2840164,43.9203228],[24.2874281,43.9193547],[24.3067916,43.9141359],[24.3078801,43.9162901],[24.3127351,43.9227217],[24.3140416,43.922008],[24.3147931,43.9217793],[24.3169484,43.921239],[24.3174969,43.9232713],[24.3169804,43.9235513],[24.3170753,43.9237384],[24.3137527,43.925667],[24.3165209,43.931867],[24.3176586,43.9345681],[24.3214975,43.9347636],[24.3214847,43.9352092],[24.3214586,43.9361187],[24.3181251,43.9366561],[24.3190383,43.9415594],[24.3238304,43.9418411],[24.3239854,43.9424965],[24.324345,43.9435155],[24.3253072,43.9466896],[24.3253718,43.9469258],[24.315239,43.9490921],[24.3066539,43.9507964],[24.3014083,43.9518859],[24.2971008,43.9526908],[24.2923678,43.9536495],[24.2921245,43.9527871],[24.2670224,43.9587708],[24.2634164,43.9595543],[24.2609153,43.9600302],[24.2575067,43.9609255],[24.2588917,43.9657794],[24.2563406,43.9663603]]]}},{"type":"Feature","properties":{"entity_id":"osm-r9742508","jurisdiction":"RO","display_name":"OBÂRȘIA","display_type":"commune","admin_level":8,"tier":"local","legal_registry":"SIRUTA","legal_id":"127750","legal_type":"commune","parent_catalog_id":"osm-r2366978","osm_relation_id":9742508,"legal_identity_status":"reconciled","geometry_source":"OpenStreetMap","geometry_precision":"master_coordinate_fidelity"},"geometry":{"type":"Polygon","coordinates":[[[24.3486409,43.8994849],[24.3475509,43.8999634],[24.3421518,43.9023328],[24.319547,43.9125439],[24.322115,43.9150485],[24.3222297,43.9152634],[24.321362,43.9161468],[24.3200777,43.9172562],[24.3200672,43.9172989],[24.3213855,43.9186205],[24.3209108,43.9190265],[24.3198956,43.920057],[24.3195214,43.9203827],[24.3191945,43.9205935],[24.3187751,43.9208047],[24.3169484,43.921239],[24.3147931,43.9217793],[24.3140416,43.922008],[24.3127351,43.9227217],[24.3078801,43.9162901],[24.3067916,43.9141359],[24.2874281,43.9193547],[24.2840164,43.9203228],[24.2828954,43.9182595],[24.2815724,43.9154455],[24.2736073,43.9176054],[24.2715171,43.9182346],[24.2710185,43.9183174],[24.2674461,43.9193246],[24.2620548,43.9207472],[24.2584684,43.9216316],[24.2469907,43.9242579],[24.2466543,43.9243896],[24.2467885,43.9247339],[24.2467399,43.9248821],[24.2463248,43.9250125],[24.2461067,43.9250979],[24.2318726,43.8949964],[24.2324281,43.8948618],[24.2267482,43.8851524],[24.2342824,43.8832582],[24.2344631,43.883214],[24.2408435,43.8816543],[24.2410161,43.881662],[24.2410296,43.8816087],[24.2683287,43.8748785],[24.268409,43.8748999],[24.2686938,43.8747884],[24.270909,43.8798035],[24.2778878,43.8780251],[24.2802186,43.8832953],[24.300705,43.878009],[24.2984377,43.8729703],[24.3011192,43.872386],[24.3189309,43.8679927],[24.3194801,43.869207],[24.3195802,43.8695765],[24.3198191,43.8698545],[24.3201233,43.8699409],[24.3207542,43.8699096],[24.3213103,43.869994],[24.3249316,43.8695864],[24.3257247,43.8694243],[24.3331178,43.8686128],[24.3332746,43.8686414],[24.3429001,43.8674252],[24.3428848,43.8673934],[24.3434959,43.8672246],[24.3438104,43.8670705],[24.3443732,43.8667414],[24.3479454,43.8738089],[24.3479282,43.8739388],[24.3480603,43.874196],[24.3504254,43.8770479],[24.3575265,43.8849009],[24.3576582,43.8850479],[24.3417773,43.8920746],[24.3484832,43.8994484],[24.3486409,43.8994849]]]}},{"type":"Feature","properties":{"entity_id":"osm-r9742509","jurisdiction":"RO","display_name":"URZICA","display_type":"commune","admin_level":8,"tier":"local","legal_registry":"SIRUTA","legal_id":"129629","legal_type":"commune","parent_catalog_id":"osm-r2366978","osm_relation_id":9742509,"legal_identity_status":"reconciled","geometry_source":"OpenStreetMap","geometry_precision":"master_coordinate_fidelity"},"geometry":{"type":"Polygon","coordinates":[[[24.2748619,43.8398892],[24.2754451,43.839734],[24.2886211,43.8364612],[24.2933764,43.8464975],[24.3071452,43.8430645],[24.3123797,43.8538335],[24.3158728,43.8606556],[24.316849,43.8629991],[24.3165944,43.8630499],[24.3189309,43.8679927],[24.3011192,43.872386],[24.2984377,43.8729703],[24.300705,43.878009],[24.2802186,43.8832953],[24.2778878,43.8780251],[24.270909,43.8798035],[24.2686938,43.8747884],[24.268409,43.8748999],[24.2683287,43.8748785],[24.2410296,43.8816087],[24.2410161,43.881662],[24.2408435,43.8816543],[24.2344631,43.883214],[24.2342824,43.8832582],[24.2294954,43.8733162],[24.2248976,43.8634566],[24.2317199,43.8617625],[24.2268258,43.8517259],[24.1990505,43.8583574],[24.1941261,43.8486104],[24.2015075,43.8467844],[24.2151384,43.8435071],[24.2152126,43.8435626],[24.2160114,43.8435143],[24.2160606,43.8434583],[24.21602,43.8433673],[24.2226854,43.8417123],[24.223494,43.8434578],[24.2237892,43.8443014],[24.225484,43.8475311],[24.2258255,43.8483141],[24.2269179,43.8500837],[24.2274875,43.8515288],[24.2288137,43.8512606],[24.232442,43.8504068],[24.247377,43.8466341],[24.2610738,43.8432503],[24.2728531,43.8403791],[24.2748619,43.8398892]]]}},{"type":"Feature","properties":{"entity_id":"osm-r9742510","jurisdiction":"RO","display_name":"VĂDĂSTRIȚA","display_type":"commune","admin_level":8,"tier":"local","legal_registry":"SIRUTA","legal_id":"129745","legal_type":"commune","parent_catalog_id":"osm-r2366978","osm_relation_id":9742510,"legal_identity_status":"reconciled","geometry_source":"OpenStreetMap","geometry_precision":"master_coordinate_fidelity"},"geometry":{"type":"MultiPolygon","coordinates":[[[[24.2610738,43.8432503],[24.247377,43.8466341],[24.232442,43.8504068],[24.2288137,43.8512606],[24.2274875,43.8515288],[24.2269179,43.8500837],[24.2258255,43.8483141],[24.225484,43.8475311],[24.2237892,43.8443014],[24.223494,43.8434578],[24.2226854,43.8417123],[24.2425928,43.8368107],[24.2427006,43.8368375],[24.2428325,43.8368045],[24.2428709,43.8367422],[24.2565587,43.8333694],[24.2596217,43.8400281],[24.2610738,43.8432503]]],[[[24.3251615,43.8162878],[24.3267675,43.815886],[24.3450407,43.8113031],[24.3472009,43.8107894],[24.3470813,43.8097606],[24.3832396,43.8070018],[24.3843914,43.8069149],[24.3848557,43.8167023],[24.3849251,43.8181668],[24.3845284,43.8181801],[24.3858157,43.8402936],[24.385664,43.8406772],[24.3855813,43.841245],[24.3855985,43.8414948],[24.3858138,43.8415992],[24.3861169,43.8416353],[24.3864525,43.8475837],[24.3710226,43.8481462],[24.3719009,43.8561173],[24.3660643,43.856279],[24.366276,43.8586512],[24.3610206,43.8588904],[24.3604025,43.8592526],[24.3602914,43.859477],[24.3599097,43.8591587],[24.3475337,43.8652022],[24.3443732,43.8667414],[24.3438104,43.8670705],[24.3434959,43.8672246],[24.3428848,43.8673934],[24.3429001,43.8674252],[24.3332746,43.8686414],[24.3331178,43.8686128],[24.3257247,43.8694243],[24.3249316,43.8695864],[24.3213103,43.869994],[24.3207542,43.8699096],[24.3201233,43.8699409],[24.3198191,43.8698545],[24.3195802,43.8695765],[24.3194801,43.869207],[24.3189309,43.8679927],[24.3165944,43.8630499],[24.316849,43.8629991],[24.3158728,43.8606556],[24.3123797,43.8538335],[24.3071452,43.8430645],[24.2933764,43.8464975],[24.2886211,43.8364612],[24.2754451,43.839734],[24.2748619,43.8398892],[24.2743594,43.8388258],[24.2703319,43.8301758],[24.2702387,43.829873],[24.2838614,43.8264964],[24.2840723,43.8264422],[24.3052454,43.8211268],[24.3251615,43.8162878]]]]}},{"type":"Feature","properties":{"entity_id":"osm-r9742511","jurisdiction":"RO","display_name":"IZBICENI","display_type":"commune","admin_level":8,"tier":"local","legal_registry":"SIRUTA","legal_id":"127368","legal_type":"commune","parent_catalog_id":"osm-r2366978","osm_relation_id":9742511,"legal_identity_status":"reconciled","geometry_source":"OpenStreetMap","geometry_precision":"master_coordinate_fidelity"},"geometry":{"type":"Polygon","coordinates":[[[24.573654,43.785446],[24.574269,43.7851854],[24.574883,43.7850738],[24.575573,43.7850413],[24.5765323,43.7851799],[24.5853459,43.7867698],[24.5995531,43.7894784],[24.6104994,43.7913958],[24.6498056,43.7986058],[24.6536513,43.7996861],[24.6549091,43.8000364],[24.6572848,43.8006726],[24.6597959,43.8014086],[24.6647627,43.8027139],[24.6723762,43.8049133],[24.6789436,43.8069404],[24.6788262,43.8070372],[24.6850745,43.808897],[24.6901989,43.8105082],[24.6908416,43.810895],[24.691253,43.8110692],[24.6915611,43.8111381],[24.6920089,43.8111451],[24.6941,43.8108958],[24.6951496,43.8109809],[24.6959294,43.8111394],[24.6960796,43.8112184],[24.6961622,43.8113278],[24.696822,43.812971],[24.7038593,43.8147909],[24.7172427,43.8176844],[24.7438219,43.8220877],[24.7410124,43.821899],[24.738453,43.8219811],[24.735919,43.8224961],[24.7293517,43.8202635],[24.7293817,43.8214478],[24.7304415,43.8226408],[24.7311746,43.8241306],[24.7305953,43.8249626],[24.728701,43.8256726],[24.7262324,43.8260836],[24.721714,43.8252993],[24.715383,43.8248716],[24.7152916,43.8248646],[24.715029,43.8248355],[24.7146184,43.8248687],[24.710335,43.825771],[24.7090812,43.8259105],[24.7082718,43.8258664],[24.7069777,43.8256892],[24.7051783,43.8251705],[24.703902,43.8246637],[24.7029358,43.8245498],[24.7017572,43.824583],[24.7001856,43.8248764],[24.6990383,43.8249251],[24.6976044,43.8251546],[24.6968579,43.8251338],[24.695914,43.8249247],[24.6948694,43.8244079],[24.693597,43.8234567],[24.6920636,43.8221812],[24.6913306,43.8217526],[24.6898278,43.8211045],[24.6894635,43.821018],[24.6892426,43.8210201],[24.6890703,43.8211161],[24.6887862,43.8214951],[24.687587,43.8227825],[24.6873219,43.8232914],[24.6872414,43.8237712],[24.6872788,43.8242824],[24.6870717,43.8251463],[24.6870202,43.8256225],[24.6879147,43.8252346],[24.6882776,43.8252335],[24.6889783,43.8255266],[24.6906733,43.8265345],[24.6911435,43.8269441],[24.6913241,43.8271952],[24.6913303,43.8274926],[24.6911814,43.8281538],[24.6940698,43.82914],[24.6938593,43.8295823],[24.696127,43.830715],[24.6958549,43.8313018],[24.6961695,43.8313853],[24.6966209,43.8314497],[24.6968847,43.8314021],[24.6982604,43.8315763],[24.699489,43.8313681],[24.700073,43.831361],[24.7010405,43.8314774],[24.7011952,43.8303056],[24.7013475,43.8301371],[24.7025985,43.82946],[24.7037542,43.829196],[24.7051124,43.8287408],[24.7056929,43.8287023],[24.7057641,43.8282288],[24.7139096,43.8287181],[24.7143469,43.8287472],[24.7159413,43.8288532],[24.7158504,43.8296706],[24.7167099,43.8297361],[24.7166192,43.8302884],[24.7199239,43.8306708],[24.720766,43.8310376],[24.7216589,43.8315903],[24.7228313,43.8321968],[24.7235347,43.8323962],[24.7236637,43.8324964],[24.7236032,43.8330121],[24.7236922,43.8338965],[24.7234394,43.8343687],[24.7233446,43.8348373],[24.7234661,43.8352417],[24.7235288,43.8357831],[24.7233996,43.8360814],[24.7226591,43.8364576],[24.7222492,43.8366085],[24.721802,43.8367105],[24.721187,43.8369643],[24.7207315,43.8374535],[24.7205285,43.8377641],[24.7203889,43.8383093],[24.7202448,43.838502],[24.7199183,43.8386715],[24.7193642,43.8387114],[24.718354,43.8389837],[24.7173037,43.8395636],[24.7156232,43.8410652],[24.7153261,43.8414205],[24.7151848,43.8419878],[24.7148577,43.8421934],[24.7143215,43.8423053],[24.713111,43.8434794],[24.7129672,43.8441529],[24.7128007,43.8445243],[24.7120914,43.8448979],[24.711973,43.8450379],[24.7118666,43.8454246],[24.7115535,43.8457566],[24.7107685,43.8463175],[24.7104622,43.8466024],[24.7095143,43.8467248],[24.7093199,43.8468173],[24.7090084,43.8474687],[24.7086179,43.848041],[24.7069244,43.8491382],[24.7059359,43.8495284],[24.7030931,43.8508079],[24.7025875,43.8511895],[24.702516,43.8511076],[24.6943125,43.8497049],[24.6939422,43.850771],[24.6907221,43.8502735],[24.6899513,43.8529809],[24.6834274,43.8519592],[24.6771616,43.8508732],[24.6783619,43.8481097],[24.6710379,43.8468242],[24.6348381,43.8341828],[24.6315019,43.8334316],[24.6016417,43.8271021],[24.5713661,43.8207257],[24.5710454,43.8205618],[24.5708581,43.8203854],[24.5706879,43.8200822],[24.5707214,43.8196341],[24.5713075,43.8181689],[24.5713621,43.8179183],[24.5712746,43.8175618],[24.5708917,43.8172606],[24.5706779,43.8171627],[24.5701371,43.8170374],[24.5611963,43.8154457],[24.5678754,43.7981982],[24.5680529,43.7982397],[24.5712155,43.7900084],[24.5726527,43.7864202],[24.5728993,43.7860302],[24.5733302,43.7856475],[24.573654,43.785446]]]}},{"type":"Feature","properties":{"entity_id":"osm-r9742512","jurisdiction":"RO","display_name":"GIUVĂRĂȘTI","display_type":"commune","admin_level":8,"tier":"local","legal_registry":"SIRUTA","legal_id":"127126","legal_type":"commune","parent_catalog_id":"osm-r2366978","osm_relation_id":9742512,"legal_identity_status":"reconciled","geometry_source":"OpenStreetMap","geometry_precision":"master_coordinate_fidelity"},"geometry":{"type":"Polygon","coordinates":[[[24.7438219,43.8220877],[24.7172427,43.8176844],[24.7038593,43.8147909],[24.696822,43.812971],[24.6961622,43.8113278],[24.6960796,43.8112184],[24.6959294,43.8111394],[24.6951496,43.8109809],[24.6941,43.8108958],[24.6920089,43.8111451],[24.6915611,43.8111381],[24.691253,43.8110692],[24.6908416,43.810895],[24.6901989,43.8105082],[24.6850745,43.808897],[24.6788262,43.8070372],[24.6789436,43.8069404],[24.6723762,43.8049133],[24.6647627,43.8027139],[24.6597959,43.8014086],[24.6572848,43.8006726],[24.6549091,43.8000364],[24.6569246,43.7942314],[24.6586833,43.7894486],[24.6573591,43.78917],[24.6539961,43.7883264],[24.6495651,43.787285],[24.6489683,43.7864928],[24.6487183,43.7859567],[24.6485339,43.7853649],[24.6484085,43.7851601],[24.6483381,43.7843408],[24.6481673,43.7839849],[24.6478533,43.7836391],[24.6472973,43.7833994],[24.6465313,43.7832525],[24.6461168,43.7831067],[24.6456287,43.7827974],[24.6451854,43.7821253],[24.6451826,43.7817475],[24.6456497,43.7810982],[24.6467781,43.7801295],[24.6475938,43.7795486],[24.6482273,43.779298],[24.6493048,43.779002],[24.6500937,43.7788796],[24.6509034,43.7788435],[24.6515952,43.7789227],[24.6519148,43.7789006],[24.6521718,43.7786701],[24.6523012,43.7784084],[24.6523127,43.7782543],[24.6519441,43.7775516],[24.6518921,43.7773432],[24.6527496,43.7764208],[24.6534443,43.7760066],[24.6541808,43.7757236],[24.655652,43.7754737],[24.6562572,43.7753128],[24.6567735,43.7750707],[24.6569431,43.7748419],[24.6566911,43.7739095],[24.6567036,43.7734723],[24.6570328,43.7730505],[24.6585429,43.7721377],[24.6597336,43.7716611],[24.660606,43.7714559],[24.6611319,43.7712425],[24.6612126,43.7709919],[24.6611547,43.7707337],[24.660821,43.770231],[24.6600318,43.7697485],[24.659115,43.7690792],[24.6580708,43.7682017],[24.657538,43.7678991],[24.6569062,43.7675962],[24.6558198,43.7671772],[24.6535964,43.766511],[24.6531623,43.766266],[24.6529954,43.7660434],[24.6529976,43.7656635],[24.6532946,43.7639731],[24.653278,43.7634355],[24.6531215,43.7631125],[24.6528165,43.7628106],[24.6522047,43.7624934],[24.6516909,43.762327],[24.6496838,43.7619624],[24.6492294,43.7617962],[24.648746,43.7615295],[24.6484901,43.761285],[24.6484758,43.760382],[24.6487294,43.7593436],[24.6487133,43.7587343],[24.6485965,43.7583971],[24.6483605,43.7581384],[24.6478277,43.7578716],[24.6474425,43.7577342],[24.6464537,43.7575663],[24.6456918,43.7575495],[24.6441959,43.7577813],[24.642728,43.7582855],[24.6411133,43.7585169],[24.6401432,43.7585281],[24.6387683,43.7583876],[24.6378283,43.7583487],[24.6362225,43.7587377],[24.6342363,43.7598135],[24.6337109,43.7599408],[24.6330974,43.7599244],[24.6327322,43.7597584],[24.6323782,43.7593846],[24.6320454,43.7587886],[24.6319899,43.758165],[24.6317463,43.7575621],[24.6302703,43.7564851],[24.633862,43.7538826],[24.6342551,43.7531341],[24.635237,43.7528184],[24.6355762,43.7526645],[24.6359438,43.7526164],[24.6367334,43.7523704],[24.6378364,43.751612],[24.6381878,43.7514268],[24.6387926,43.7512352],[24.6391206,43.7510069],[24.6401427,43.7505587],[24.6413619,43.7502401],[24.6470848,43.747966],[24.6494163,43.7470978],[24.6500292,43.7469277],[24.6506465,43.746756],[24.6528024,43.7496711],[24.6540477,43.7512563],[24.6564495,43.7546937],[24.6746375,43.7515118],[24.6747905,43.7523278],[24.6754385,43.754805],[24.6762066,43.7583748],[24.6867273,43.759724],[24.6844549,43.7696782],[24.6839519,43.7722819],[24.6963234,43.7740271],[24.6943765,43.7818625],[24.7006187,43.7829248],[24.7148981,43.7853548],[24.7291033,43.7882621],[24.7435282,43.7912956],[24.7438193,43.7913688],[24.7467264,43.792016],[24.746912,43.7923791],[24.7438677,43.7933037],[24.7427879,43.797997],[24.7423396,43.7985068],[24.7395645,43.8008635],[24.7389338,43.8024673],[24.7381918,43.8032674],[24.7370505,43.804278],[24.7374213,43.8052419],[24.7368966,43.8073476],[24.7365844,43.808091],[24.7371615,43.8090462],[24.7394923,43.8090556],[24.7387598,43.8099944],[24.7388397,43.814496],[24.7549714,43.8143445],[24.7550624,43.8164693],[24.7551105,43.8175922],[24.7548185,43.8176227],[24.7533689,43.8176054],[24.7485213,43.8189243],[24.7450077,43.8194599],[24.7440326,43.8201805],[24.7432211,43.8204542],[24.7438878,43.8220441],[24.7438219,43.8220877]]]}},{"type":"Feature","properties":{"entity_id":"osm-r9742513","jurisdiction":"RO","display_name":"GÂRCOV","display_type":"commune","admin_level":8,"tier":"local","legal_registry":"SIRUTA","legal_id":"125588","legal_type":"commune","parent_catalog_id":"osm-r2366978","osm_relation_id":9742513,"legal_identity_status":"reconciled","geometry_source":"OpenStreetMap","geometry_precision":"master_coordinate_fidelity"},"geometry":{"type":"Polygon","coordinates":[[[24.573654,43.785446],[24.5732832,43.7853198],[24.5737549,43.7845236],[24.5740522,43.7837232],[24.5741639,43.7835611],[24.5769047,43.7764138],[24.5768535,43.7763945],[24.5771893,43.7756385],[24.5787949,43.7709701],[24.5793259,43.7700032],[24.5803131,43.7671832],[24.5788977,43.7674617],[24.5780491,43.7646695],[24.5765142,43.765225],[24.5751915,43.7656205],[24.5740617,43.7660282],[24.5730499,43.7663134],[24.571422,43.7581855],[24.5707923,43.7561586],[24.5888378,43.7525622],[24.597466,43.7498467],[24.5983266,43.749233],[24.6040722,43.7451358],[24.6114644,43.7429208],[24.6253951,43.7385684],[24.6399406,43.7317102],[24.6540948,43.7223598],[24.6617731,43.7344526],[24.6646394,43.7413511],[24.6652251,43.7425854],[24.6652099,43.742661],[24.6643446,43.743193],[24.6632328,43.7431802],[24.6616733,43.7433747],[24.660712,43.7436686],[24.6602218,43.7437648],[24.6583061,43.7443704],[24.6569564,43.7449233],[24.6562936,43.7451349],[24.6545429,43.7456553],[24.6522513,43.7461366],[24.6506465,43.746756],[24.6500292,43.7469277],[24.6494163,43.7470978],[24.6470848,43.747966],[24.6413619,43.7502401],[24.6401427,43.7505587],[24.6391206,43.7510069],[24.6387926,43.7512352],[24.6381878,43.7514268],[24.6378364,43.751612],[24.6367334,43.7523704],[24.6359438,43.7526164],[24.6355762,43.7526645],[24.635237,43.7528184],[24.6342551,43.7531341],[24.633862,43.7538826],[24.6302703,43.7564851],[24.6317463,43.7575621],[24.6319899,43.758165],[24.6320454,43.7587886],[24.6323782,43.7593846],[24.6327322,43.7597584],[24.6330974,43.7599244],[24.6337109,43.7599408],[24.6342363,43.7598135],[24.6362225,43.7587377],[24.6378283,43.7583487],[24.6387683,43.7583876],[24.6401432,43.7585281],[24.6411133,43.7585169],[24.642728,43.7582855],[24.6441959,43.7577813],[24.6456918,43.7575495],[24.6464537,43.7575663],[24.6474425,43.7577342],[24.6478277,43.7578716],[24.6483605,43.7581384],[24.6485965,43.7583971],[24.6487133,43.7587343],[24.6487294,43.7593436],[24.6484758,43.760382],[24.6484901,43.761285],[24.648746,43.7615295],[24.6492294,43.7617962],[24.6496838,43.7619624],[24.6516909,43.762327],[24.6522047,43.7624934],[24.6528165,43.7628106],[24.6531215,43.7631125],[24.653278,43.7634355],[24.6532946,43.7639731],[24.6529976,43.7656635],[24.6529954,43.7660434],[24.6531623,43.766266],[24.6535964,43.766511],[24.6558198,43.7671772],[24.6569062,43.7675962],[24.657538,43.7678991],[24.6580708,43.7682017],[24.659115,43.7690792],[24.6600318,43.7697485],[24.660821,43.770231],[24.6611547,43.7707337],[24.6612126,43.7709919],[24.6611319,43.7712425],[24.660606,43.7714559],[24.6597336,43.7716611],[24.6585429,43.7721377],[24.6570328,43.7730505],[24.6567036,43.7734723],[24.6566911,43.7739095],[24.6569431,43.7748419],[24.6567735,43.7750707],[24.6562572,43.7753128],[24.655652,43.7754737],[24.6541808,43.7757236],[24.6534443,43.7760066],[24.6527496,43.7764208],[24.6518921,43.7773432],[24.6519441,43.7775516],[24.6523127,43.7782543],[24.6523012,43.7784084],[24.6521718,43.7786701],[24.6519148,43.7789006],[24.6515952,43.7789227],[24.6509034,43.7788435],[24.6500937,43.7788796],[24.6493048,43.779002],[24.6482273,43.779298],[24.6475938,43.7795486],[24.6467781,43.7801295],[24.6456497,43.7810982],[24.6451826,43.7817475],[24.6451854,43.7821253],[24.6456287,43.7827974],[24.6461168,43.7831067],[24.6465313,43.7832525],[24.6472973,43.7833994],[24.6478533,43.7836391],[24.6481673,43.7839849],[24.6483381,43.7843408],[24.6484085,43.7851601],[24.6485339,43.7853649],[24.6487183,43.7859567],[24.6489683,43.7864928],[24.6495651,43.787285],[24.6539961,43.7883264],[24.6573591,43.78917],[24.6586833,43.7894486],[24.6569246,43.7942314],[24.6549091,43.8000364],[24.6536513,43.7996861],[24.6498056,43.7986058],[24.6104994,43.7913958],[24.5995531,43.7894784],[24.5853459,43.7867698],[24.5765323,43.7851799],[24.575573,43.7850413],[24.574883,43.7850738],[24.574269,43.7851854],[24.573654,43.785446]]]}},{"type":"Feature","properties":{"entity_id":"osm-r9742514","jurisdiction":"RO","display_name":"ORLEA","display_type":"commune","admin_level":8,"tier":"local","legal_registry":"SIRUTA","legal_id":"127938","legal_type":"commune","parent_catalog_id":"osm-r2366978","osm_relation_id":9742514,"legal_identity_status":"reconciled","geometry_source":"OpenStreetMap","geometry_precision":"master_coordinate_fidelity"},"geometry":{"type":"Polygon","coordinates":[[[24.3421856,43.6966851],[24.3456173,43.6971846],[24.3475699,43.6977198],[24.3490085,43.6980955],[24.3556613,43.7007911],[24.368341,43.7062285],[24.376666,43.7094705],[24.380038,43.7107136],[24.379332,43.715354],[24.382193,43.717376],[24.382065,43.718061],[24.382826,43.719264],[24.38316,43.719967],[24.386923,43.72196],[24.390395,43.723491],[24.393819,43.724853],[24.395005,43.725653],[24.395523,43.726287],[24.395319,43.727003],[24.395969,43.728152],[24.40302,43.733704],[24.404203,43.734841],[24.4059675,43.7356744],[24.4044073,43.7388046],[24.4043527,43.7413633],[24.4048303,43.7452562],[24.4054107,43.7462002],[24.4068044,43.7533918],[24.4077408,43.7532877],[24.4088576,43.7532355],[24.4096265,43.7530096],[24.4099763,43.7529847],[24.4103465,43.7530386],[24.4107527,43.7532189],[24.4113016,43.7535415],[24.4109528,43.7552534],[24.4105786,43.7564601],[24.410645,43.7565571],[24.4109354,43.7566506],[24.4116317,43.7567773],[24.4119578,43.7567572],[24.4124349,43.7568492],[24.412529,43.7569337],[24.41256,43.7571008],[24.4124013,43.7574583],[24.4122683,43.7575225],[24.4120852,43.7575303],[24.4109853,43.757356],[24.4107579,43.7573937],[24.410607,43.7574877],[24.4103039,43.7583243],[24.4096293,43.7610603],[24.3989942,43.7594971],[24.3998175,43.7803898],[24.3962,43.780639],[24.3968763,43.7916813],[24.3857856,43.7922469],[24.3852856,43.7923137],[24.3847231,43.792455],[24.3840165,43.7928656],[24.3836192,43.793328],[24.3835128,43.7937973],[24.3843914,43.8069149],[24.3832396,43.8070018],[24.3470813,43.8097606],[24.3472009,43.8107894],[24.3450407,43.8113031],[24.344346,43.8025128],[24.3442469,43.8015456],[24.3435385,43.7970958],[24.3433169,43.7946917],[24.3433341,43.7942598],[24.3431043,43.7925936],[24.3431196,43.7923327],[24.3420206,43.7817341],[24.3418046,43.7788351],[24.3417108,43.7783396],[24.341765,43.7779349],[24.3416903,43.7768456],[24.3413039,43.7736396],[24.3413538,43.7713991],[24.3411892,43.7705702],[24.3409493,43.7697625],[24.3406678,43.7679596],[24.339549,43.7573767],[24.3393308,43.7532448],[24.3394742,43.7528406],[24.339989,43.7524607],[24.3401578,43.7520963],[24.3401966,43.7516808],[24.3395429,43.7503686],[24.3392195,43.7502118],[24.3389422,43.7499829],[24.3385651,43.7499105],[24.3378113,43.7464292],[24.3323396,43.7473664],[24.3268617,43.748247],[24.3198128,43.7495039],[24.3190859,43.7495736],[24.3146091,43.7493481],[24.3125823,43.7494044],[24.3125543,43.7424426],[24.3228498,43.7410499],[24.3313597,43.739802],[24.3321954,43.7400818],[24.3376131,43.7394739],[24.3425356,43.7389888],[24.3490107,43.738232],[24.3506897,43.7379262],[24.3524162,43.7378117],[24.3524199,43.7340899],[24.3525618,43.7256945],[24.3525578,43.7249289],[24.3524292,43.7246944],[24.3358683,43.724741],[24.3359166,43.7238693],[24.3358107,43.7222578],[24.3357572,43.7192968],[24.3355309,43.7162627],[24.3354953,43.7139227],[24.3353835,43.7128332],[24.3353048,43.7066244],[24.3375172,43.7065284],[24.3382493,43.7063629],[24.3384588,43.7061487],[24.3384794,43.7058729],[24.3382042,43.703618],[24.3418333,43.7031847],[24.3421856,43.6966851]]]}},{"type":"Feature","properties":{"entity_id":"osm-r9742515","jurisdiction":"RO","display_name":"GURA PADINII","display_type":"commune","admin_level":8,"tier":"local","legal_registry":"SIRUTA","legal_id":"130339","legal_type":"commune","parent_catalog_id":"osm-r2366978","osm_relation_id":9742515,"legal_identity_status":"reconciled","geometry_source":"OpenStreetMap","geometry_precision":"master_coordinate_fidelity"},"geometry":{"type":"Polygon","coordinates":[[[24.3251615,43.8162878],[24.31825,43.8013829],[24.3108756,43.7862866],[24.2993961,43.7616267],[24.2988426,43.7600299],[24.298345,43.7593469],[24.2978523,43.7576739],[24.2990919,43.7576814],[24.2991272,43.7565974],[24.299205,43.7565836],[24.2991826,43.7563031],[24.2990918,43.7562942],[24.2991242,43.7553278],[24.2973072,43.7552592],[24.2947672,43.7550806],[24.2940145,43.7549452],[24.2944092,43.749546],[24.2952147,43.7495786],[24.2953506,43.7454293],[24.2909895,43.7453673],[24.2776087,43.7448916],[24.2775774,43.7488204],[24.2600885,43.7481657],[24.2606138,43.7387285],[24.260951,43.7296774],[24.2621043,43.7194823],[24.2620163,43.7192774],[24.2633587,43.7071214],[24.2599712,43.7067274],[24.2578138,43.7066696],[24.2550433,43.7052365],[24.25634,43.6997788],[24.2583025,43.699992],[24.2599753,43.6926307],[24.2677872,43.6936862],[24.27654,43.6949344],[24.2957787,43.6977932],[24.3027103,43.6986085],[24.3062157,43.6987043],[24.3101503,43.6985261],[24.3235415,43.6976189],[24.3267009,43.6974362],[24.3376458,43.6966261],[24.3400276,43.696564],[24.3421856,43.6966851],[24.3418333,43.7031847],[24.3382042,43.703618],[24.3384794,43.7058729],[24.3384588,43.7061487],[24.3382493,43.7063629],[24.3375172,43.7065284],[24.3353048,43.7066244],[24.3353835,43.7128332],[24.3354953,43.7139227],[24.3355309,43.7162627],[24.3357572,43.7192968],[24.3358107,43.7222578],[24.3359166,43.7238693],[24.3358683,43.724741],[24.3524292,43.7246944],[24.3525578,43.7249289],[24.3525618,43.7256945],[24.3524199,43.7340899],[24.3524162,43.7378117],[24.3506897,43.7379262],[24.3490107,43.738232],[24.3425356,43.7389888],[24.3376131,43.7394739],[24.3321954,43.7400818],[24.3313597,43.739802],[24.3228498,43.7410499],[24.3125543,43.7424426],[24.3125823,43.7494044],[24.3146091,43.7493481],[24.3190859,43.7495736],[24.3198128,43.7495039],[24.3268617,43.748247],[24.3323396,43.7473664],[24.3378113,43.7464292],[24.3385651,43.7499105],[24.3389422,43.7499829],[24.3392195,43.7502118],[24.3395429,43.7503686],[24.3401966,43.7516808],[24.3401578,43.7520963],[24.339989,43.7524607],[24.3394742,43.7528406],[24.3393308,43.7532448],[24.339549,43.7573767],[24.3406678,43.7679596],[24.3409493,43.7697625],[24.3411892,43.7705702],[24.3413538,43.7713991],[24.3413039,43.7736396],[24.3416903,43.7768456],[24.341765,43.7779349],[24.3417108,43.7783396],[24.3418046,43.7788351],[24.3420206,43.7817341],[24.3431196,43.7923327],[24.3431043,43.7925936],[24.3433341,43.7942598],[24.3433169,43.7946917],[24.3435385,43.7970958],[24.3442469,43.8015456],[24.344346,43.8025128],[24.3450407,43.8113031],[24.3267675,43.815886],[24.3251615,43.8162878]]]}},{"type":"Feature","properties":{"entity_id":"osm-r9742516","jurisdiction":"RO","display_name":"GROJDIBODU","display_type":"commune","admin_level":8,"tier":"local","legal_registry":"SIRUTA","legal_id":"127224","legal_type":"commune","parent_catalog_id":"osm-r2366978","osm_relation_id":9742516,"legal_identity_status":"reconciled","geometry_source":"OpenStreetMap","geometry_precision":"master_coordinate_fidelity"},"geometry":{"type":"Polygon","coordinates":[[[24.2599753,43.6926307],[24.2583025,43.699992],[24.25634,43.6997788],[24.2550433,43.7052365],[24.2578138,43.7066696],[24.2599712,43.7067274],[24.2633587,43.7071214],[24.2620163,43.7192774],[24.2621043,43.7194823],[24.260951,43.7296774],[24.2606138,43.7387285],[24.2600885,43.7481657],[24.2775774,43.7488204],[24.2776087,43.7448916],[24.2909895,43.7453673],[24.2953506,43.7454293],[24.2952147,43.7495786],[24.2944092,43.749546],[24.2940145,43.7549452],[24.2947672,43.7550806],[24.2973072,43.7552592],[24.2991242,43.7553278],[24.2990918,43.7562942],[24.2991826,43.7563031],[24.299205,43.7565836],[24.2991272,43.7565974],[24.2990919,43.7576814],[24.2978523,43.7576739],[24.298345,43.7593469],[24.2988426,43.7600299],[24.2993961,43.7616267],[24.3108756,43.7862866],[24.31825,43.8013829],[24.3251615,43.8162878],[24.3052454,43.8211268],[24.2840723,43.8264422],[24.2838614,43.8264964],[24.2788509,43.8158238],[24.2769007,43.8116686],[24.2767886,43.8114367],[24.2769345,43.8113994],[24.2710111,43.7991879],[24.2699085,43.7967395],[24.2626269,43.7817918],[24.258163,43.7721992],[24.2549607,43.7728373],[24.2511533,43.7737349],[24.2494856,43.7701183],[24.2428483,43.7717325],[24.2427981,43.7717485],[24.2428241,43.7718905],[24.2426872,43.7720016],[24.2421394,43.7722112],[24.2360441,43.7737002],[24.2364001,43.7745001],[24.235323,43.774784],[24.2350943,43.7748828],[24.2337194,43.7752152],[24.2325528,43.7727507],[24.2418823,43.7703742],[24.2420521,43.7704149],[24.242186,43.7703835],[24.2386321,43.7627601],[24.2374868,43.760303],[24.2238395,43.7636531],[24.2228059,43.7614962],[24.222519,43.7605577],[24.2224313,43.7599394],[24.2222442,43.7596166],[24.222138,43.7592349],[24.2217017,43.7593051],[24.2197583,43.7552293],[24.2198135,43.7551586],[24.2201673,43.7550439],[24.2255525,43.7538236],[24.225787,43.7537499],[24.2258465,43.7536797],[24.2258263,43.7535228],[24.2256314,43.7529985],[24.2256278,43.7527412],[24.2254579,43.7521139],[24.2247965,43.7505199],[24.2212878,43.751452],[24.2209597,43.750753],[24.2223345,43.7502845],[24.2260047,43.7492806],[24.227361,43.7489641],[24.2297147,43.7485813],[24.2301196,43.7484816],[24.2302251,43.7483853],[24.2302887,43.7482887],[24.2304876,43.7467391],[24.2319543,43.7427776],[24.2326199,43.7408009],[24.2326511,43.7403862],[24.2325275,43.7392508],[24.2317597,43.7378448],[24.2284316,43.7394093],[24.2250127,43.7409511],[24.2226565,43.7421818],[24.2197863,43.7435565],[24.2171978,43.7442607],[24.2137372,43.7453072],[24.212039,43.7401882],[24.212643,43.7400682],[24.2123483,43.7363038],[24.2120771,43.7337016],[24.2119438,43.7315426],[24.2114282,43.7261982],[24.2112835,43.7261209],[24.2020487,43.7265211],[24.2019831,43.7264019],[24.2014547,43.7210508],[24.2016823,43.7207282],[24.2021926,43.7202482],[24.2027999,43.7201506],[24.2030969,43.7199184],[24.2031596,43.7187467],[24.2031272,43.7178283],[24.2032082,43.7174335],[24.2031915,43.7101426],[24.2033324,43.709712],[24.203271,43.7069812],[24.2033031,43.7042441],[24.1975523,43.7055311],[24.1969877,43.7043686],[24.1952398,43.6944595],[24.1951791,43.688693],[24.1963294,43.6835711],[24.2024403,43.6843959],[24.2110133,43.6855092],[24.2205785,43.6869029],[24.2403571,43.6899734],[24.24815,43.691013],[24.2543578,43.691832],[24.2599753,43.6926307]]]}},{"type":"Feature","properties":{"entity_id":"osm-r9742517","jurisdiction":"RO","display_name":"ȘTEFAN CEL MARE","display_type":"commune","admin_level":8,"tier":"local","legal_registry":"SIRUTA","legal_id":"129282","legal_type":"commune","parent_catalog_id":"osm-r2366978","osm_relation_id":9742517,"legal_identity_status":"reconciled","geometry_source":"OpenStreetMap","geometry_precision":"master_coordinate_fidelity"},"geometry":{"type":"Polygon","coordinates":[[[24.2610738,43.8432503],[24.2596217,43.8400281],[24.2565587,43.8333694],[24.2428709,43.8367422],[24.2428325,43.8368045],[24.2427006,43.8368375],[24.2425928,43.8368107],[24.2226854,43.8417123],[24.21602,43.8433673],[24.2160606,43.8434583],[24.2160114,43.8435143],[24.2152126,43.8435626],[24.2151384,43.8435071],[24.2015075,43.8467844],[24.1993869,43.8424065],[24.1922489,43.8269207],[24.1994311,43.8256184],[24.1920873,43.8104415],[24.1918975,43.8100383],[24.1897015,43.8055261],[24.1962879,43.8038415],[24.1963923,43.8039003],[24.1965898,43.8038809],[24.1967254,43.8037336],[24.1969365,43.8036752],[24.2033843,43.8020501],[24.2224003,43.7973666],[24.2234724,43.7971113],[24.2237433,43.7971351],[24.2378806,43.7936007],[24.2471134,43.8131993],[24.2608427,43.8097137],[24.2630023,43.8140982],[24.2633691,43.8149831],[24.2769007,43.8116686],[24.2788509,43.8158238],[24.2838614,43.8264964],[24.2702387,43.829873],[24.2703319,43.8301758],[24.2743594,43.8388258],[24.2748619,43.8398892],[24.2728531,43.8403791],[24.2610738,43.8432503]]]}},{"type":"Feature","properties":{"entity_id":"osm-r9742518","jurisdiction":"RO","display_name":"IANCA","display_type":"commune","admin_level":8,"tier":"local","legal_registry":"SIRUTA","legal_id":"127251","legal_type":"commune","parent_catalog_id":"osm-r2366978","osm_relation_id":9742518,"legal_identity_status":"reconciled","geometry_source":"OpenStreetMap","geometry_precision":"master_coordinate_fidelity"},"geometry":{"type":"Polygon","coordinates":[[[24.1129185,43.6999408],[24.1184664,43.6991703],[24.1238308,43.6981697],[24.1293454,43.6969209],[24.143883,43.6934844],[24.1516321,43.6913085],[24.1662525,43.6855485],[24.1684413,43.6850127],[24.1702505,43.6848125],[24.182378,43.683554],[24.1935682,43.6833756],[24.1963294,43.6835711],[24.1951791,43.688693],[24.1952398,43.6944595],[24.1969877,43.7043686],[24.1975523,43.7055311],[24.2033031,43.7042441],[24.203271,43.7069812],[24.2033324,43.709712],[24.2031915,43.7101426],[24.2032082,43.7174335],[24.2031272,43.7178283],[24.2031596,43.7187467],[24.2030969,43.7199184],[24.2027999,43.7201506],[24.2021926,43.7202482],[24.2016823,43.7207282],[24.2014547,43.7210508],[24.2019831,43.7264019],[24.2020487,43.7265211],[24.2112835,43.7261209],[24.2114282,43.7261982],[24.2119438,43.7315426],[24.2120771,43.7337016],[24.2123483,43.7363038],[24.212643,43.7400682],[24.212039,43.7401882],[24.2137372,43.7453072],[24.2171978,43.7442607],[24.2197863,43.7435565],[24.2226565,43.7421818],[24.2250127,43.7409511],[24.2284316,43.7394093],[24.2317597,43.7378448],[24.2325275,43.7392508],[24.2326511,43.7403862],[24.2326199,43.7408009],[24.2319543,43.7427776],[24.2304876,43.7467391],[24.2302887,43.7482887],[24.2302251,43.7483853],[24.2301196,43.7484816],[24.2297147,43.7485813],[24.227361,43.7489641],[24.2260047,43.7492806],[24.2223345,43.7502845],[24.2209597,43.750753],[24.2212878,43.751452],[24.2247965,43.7505199],[24.2254579,43.7521139],[24.2256278,43.7527412],[24.2256314,43.7529985],[24.2258263,43.7535228],[24.2258465,43.7536797],[24.225787,43.7537499],[24.2255525,43.7538236],[24.2201673,43.7550439],[24.2198135,43.7551586],[24.2197583,43.7552293],[24.2217017,43.7593051],[24.222138,43.7592349],[24.2222442,43.7596166],[24.2224313,43.7599394],[24.222519,43.7605577],[24.2228059,43.7614962],[24.2238395,43.7636531],[24.2374868,43.760303],[24.2386321,43.7627601],[24.242186,43.7703835],[24.2420521,43.7704149],[24.2418823,43.7703742],[24.2325528,43.7727507],[24.2337194,43.7752152],[24.2350943,43.7748828],[24.235323,43.774784],[24.2364001,43.7745001],[24.2360441,43.7737002],[24.2421394,43.7722112],[24.2426872,43.7720016],[24.2428241,43.7718905],[24.2427981,43.7717485],[24.2428483,43.7717325],[24.2494856,43.7701183],[24.2511533,43.7737349],[24.2549607,43.7728373],[24.258163,43.7721992],[24.2626269,43.7817918],[24.2699085,43.7967395],[24.2710111,43.7991879],[24.2769345,43.8113994],[24.2767886,43.8114367],[24.2769007,43.8116686],[24.2633691,43.8149831],[24.2630023,43.8140982],[24.2608427,43.8097137],[24.2471134,43.8131993],[24.2378806,43.7936007],[24.2237433,43.7971351],[24.2234724,43.7971113],[24.2224003,43.7973666],[24.2033843,43.8020501],[24.1969365,43.8036752],[24.1967254,43.8037336],[24.1965898,43.8038809],[24.1963923,43.8039003],[24.1962879,43.8038415],[24.1897015,43.8055261],[24.1918975,43.8100383],[24.1920873,43.8104415],[24.190571,43.8108175],[24.1899302,43.8109707],[24.1892947,43.8111291],[24.1880454,43.8114331],[24.1874171,43.8115812],[24.1871454,43.8116416],[24.187046,43.8116915],[24.1867236,43.8117833],[24.1863203,43.8118837],[24.1861404,43.81192],[24.1850712,43.8121686],[24.1842351,43.8123728],[24.1837028,43.8124926],[24.1830274,43.8126653],[24.1826732,43.8127502],[24.1824346,43.8128365],[24.1822345,43.8129225],[24.1820807,43.8129834],[24.1820162,43.8130024],[24.181697,43.8130709],[24.1815343,43.8131101],[24.1808991,43.8132412],[24.1802928,43.8133824],[24.1797712,43.8134866],[24.1793197,43.8136068],[24.1790648,43.8136697],[24.1786517,43.8137527],[24.1775967,43.8116351],[24.1768937,43.809869],[24.1762348,43.8086142],[24.1701066,43.8101174],[24.1562908,43.8135359],[24.155545,43.8137056],[24.1552002,43.8130837],[24.1542355,43.8113044],[24.1534597,43.8099805],[24.1528808,43.8088103],[24.1517083,43.8063353],[24.1491061,43.8005753],[24.1482332,43.7987989],[24.1463943,43.7946096],[24.1461132,43.7940881],[24.1457258,43.7931416],[24.1451834,43.7919673],[24.1442625,43.7896018],[24.1433026,43.7874876],[24.1422252,43.7850315],[24.1414792,43.7832205],[24.1399937,43.7800623],[24.1388334,43.7772357],[24.1381747,43.7755115],[24.1381648,43.7754342],[24.1368143,43.7758271],[24.1359732,43.7760335],[24.1365423,43.7747543],[24.1347357,43.7744972],[24.1337301,43.7744513],[24.1309573,43.7745948],[24.1293692,43.7746901],[24.1293369,43.7746216],[24.1288761,43.7725052],[24.1274504,43.7654363],[24.1266777,43.7613671],[24.1264182,43.7594214],[24.1261466,43.7574698],[24.1251628,43.7520269],[24.1231336,43.7419219],[24.1223833,43.7384232],[24.1216953,43.7365995],[24.1198902,43.7316329],[24.1176151,43.7254253],[24.1173767,43.7245629],[24.117027,43.7236157],[24.1169416,43.7232951],[24.1166117,43.7221973],[24.1164867,43.7217404],[24.1162801,43.7210384],[24.1158212,43.7194302],[24.11532,43.717762],[24.1152136,43.7176039],[24.1151048,43.7174802],[24.1150097,43.7173751],[24.1148024,43.7171771],[24.1145241,43.7168714],[24.1146612,43.7166709],[24.1148008,43.7164363],[24.1148811,43.7163258],[24.1149433,43.7162532],[24.1149903,43.7162153],[24.1151637,43.7161161],[24.115213,43.7160819],[24.1153073,43.7160317],[24.1153795,43.7160065],[24.1154459,43.7159943],[24.1156137,43.7159786],[24.1157735,43.7159493],[24.1159882,43.7158819],[24.1161158,43.7157793],[24.1161998,43.7156862],[24.1162655,43.7155902],[24.1162909,43.7155153],[24.1162818,43.7153647],[24.1162948,43.7152664],[24.1162738,43.7152474],[24.1162704,43.7151383],[24.1161515,43.7150531],[24.116336,43.7149181],[24.1164073,43.7148317],[24.1164555,43.7146179],[24.1164405,43.7144326],[24.1163831,43.7143249],[24.1162835,43.7142466],[24.1161928,43.71419],[24.1161258,43.7139613],[24.1159621,43.7136962],[24.1159483,43.7136514],[24.1159278,43.7135412],[24.1159276,43.7134917],[24.115963,43.7133347],[24.1160455,43.7131344],[24.1160388,43.7129914],[24.1160464,43.7128984],[24.1161111,43.7127403],[24.1161108,43.7126231],[24.1160784,43.7125304],[24.1159695,43.7124518],[24.1157082,43.7123776],[24.1156461,43.7122393],[24.1155959,43.7120881],[24.1154423,43.7117298],[24.1153821,43.7115502],[24.1153819,43.7115205],[24.1153717,43.7114888],[24.1147864,43.7079674],[24.114746,43.7078583],[24.1145309,43.7070182],[24.1142246,43.7057365],[24.1140754,43.7050886],[24.1132118,43.7015814],[24.1129185,43.6999408]]]}},{"type":"Feature","properties":{"entity_id":"osm-r9742519","jurisdiction":"RO","display_name":"DRĂGĂNEȘTI-OLT","display_type":"town","admin_level":8,"tier":"local","legal_registry":"SIRUTA","legal_id":"125622","legal_type":"town","parent_catalog_id":"osm-r2366978","osm_relation_id":9742519,"legal_identity_status":"reconciled","geometry_source":"OpenStreetMap","geometry_precision":"master_coordinate_fidelity"},"geometry":{"type":"Polygon","coordinates":[[[24.4936893,44.1362767],[24.4944578,44.1354575],[24.4961793,44.1336224],[24.4983491,44.1316428],[24.5003898,44.1294198],[24.5020049,44.1276123],[24.5037653,44.1247985],[24.505049,44.1229259],[24.5105088,44.1229865],[24.5110688,44.1230734],[24.5129026,44.1235047],[24.5137936,44.1238646],[24.5144988,44.1242858],[24.5145792,44.1243533],[24.5152915,44.1252865],[24.5154455,44.1259594],[24.5154097,44.1266851],[24.5157675,44.1268427],[24.5166933,44.1277297],[24.5167586,44.1252921],[24.5167032,44.1246249],[24.5165469,44.1241808],[24.5172429,44.1240778],[24.5186631,44.1277061],[24.5203078,44.1316078],[24.5207112,44.1314623],[24.5244801,44.1288012],[24.5296272,44.1326856],[24.5297051,44.1326943],[24.5317301,44.1341919],[24.531889,44.1327439],[24.5320793,44.1316975],[24.5330191,44.130027],[24.5335429,44.12932],[24.533773,44.1290702],[24.5340171,44.128848],[24.5340637,44.1287888],[24.5344963,44.128372],[24.5347904,44.1280023],[24.5350283,44.127557],[24.5352787,44.127271],[24.5355435,44.1270495],[24.5367579,44.1262716],[24.5373847,44.1267312],[24.5396544,44.1251037],[24.5444179,44.1287329],[24.5465892,44.1271814],[24.5474408,44.1278399],[24.5544943,44.1229546],[24.5605364,44.1275283],[24.5605082,44.1275955],[24.5514119,44.1339597],[24.5573464,44.1383445],[24.5578471,44.1386268],[24.5577544,44.1389856],[24.5576364,44.1393466],[24.5569655,44.140148],[24.5561291,44.1406687],[24.5555675,44.1408999],[24.5522438,44.1418515],[24.5518965,44.1420589],[24.5509361,44.1424219],[24.5492416,44.1432648],[24.5474866,44.1439102],[24.5472704,44.1442819],[24.5460363,44.1453383],[24.5467809,44.1454363],[24.5472232,44.1457732],[24.5470148,44.1461344],[24.5470201,44.1464762],[24.5490172,44.1478954],[24.5476248,44.1489161],[24.5506519,44.1503686],[24.5510674,44.1496919],[24.5513069,44.1497458],[24.5531572,44.1504272],[24.5554104,44.1516164],[24.5570031,44.1502721],[24.5582611,44.1509571],[24.5598891,44.1517766],[24.5615422,44.1525429],[24.5628133,44.1532307],[24.5662588,44.1548459],[24.5663562,44.1549741],[24.5663061,44.1551992],[24.566179,44.1553913],[24.5661552,44.1556526],[24.5642624,44.1615535],[24.5646593,44.1616292],[24.5672914,44.162428],[24.5727939,44.163819],[24.5770389,44.1649569],[24.5786674,44.16532],[24.579899,44.165663],[24.5800957,44.16568],[24.5826499,44.1652509],[24.5832791,44.1651915],[24.5842973,44.1649561],[24.5867618,44.164885],[24.5881078,44.1649425],[24.5884033,44.1650011],[24.5889022,44.1646618],[24.5896826,44.1642685],[24.5899147,44.1641911],[24.5905425,44.1641553],[24.5908543,44.1638453],[24.5911653,44.1636518],[24.5914086,44.1632462],[24.5914877,44.1625728],[24.5917965,44.1622213],[24.5919346,44.161866],[24.5939407,44.1622007],[24.5948863,44.162424],[24.5960642,44.1627878],[24.5914938,44.1781973],[24.5905038,44.181759],[24.591053,44.1818195],[24.5939082,44.1960784],[24.5940193,44.1962118],[24.59781,44.1971333],[24.5951918,44.2003234],[24.5995331,44.2007227],[24.6016099,44.2011616],[24.6048542,44.2020015],[24.6114288,44.2035876],[24.6139239,44.2042524],[24.615325,44.2047194],[24.6033795,44.2141894],[24.5900132,44.2247839],[24.5893363,44.2253232],[24.5874853,44.2249047],[24.5782848,44.2224821],[24.577666,44.2223644],[24.5770779,44.2225041],[24.5766683,44.2224344],[24.5765209,44.2223777],[24.5761611,44.2220634],[24.575727,44.2219314],[24.573589,44.2215314],[24.566279,44.2203704],[24.5534266,44.2185307],[24.5518781,44.2184996],[24.5502452,44.2183671],[24.5499378,44.2184205],[24.5480865,44.2184131],[24.5467737,44.2185093],[24.5406974,44.218719],[24.5392732,44.2188045],[24.5382198,44.2187337],[24.537492,44.2185757],[24.5369254,44.2188653],[24.536801,44.2188893],[24.536439,44.2186663],[24.5362174,44.2186185],[24.5351549,44.2187849],[24.5344549,44.218781],[24.5336547,44.2188438],[24.533264,44.2188234],[24.5323975,44.218699],[24.5309826,44.2183808],[24.5281809,44.2180081],[24.5266216,44.2177474],[24.5256182,44.2175386],[24.5239312,44.2170262],[24.521351,44.2163209],[24.5207059,44.21619],[24.5179471,44.2157909],[24.5174516,44.2157888],[24.5162736,44.2153947],[24.5152565,44.2154081],[24.5139844,44.2155404],[24.5137321,44.2154382],[24.5131841,44.2154243],[24.5117143,44.2152403],[24.5115403,44.2152655],[24.5098086,44.214908],[24.5080138,44.2147261],[24.5068046,44.2144636],[24.5064286,44.2142556],[24.5061008,44.2138037],[24.5053037,44.2118838],[24.5052012,44.211392],[24.5045406,44.2106096],[24.5038209,44.2100847],[24.502866,44.2105531],[24.5023689,44.2108526],[24.5022267,44.2110666],[24.5022909,44.2112544],[24.5022146,44.2116221],[24.5019314,44.2117913],[24.5007855,44.212096],[24.4995167,44.2120334],[24.4988903,44.2119161],[24.4987041,44.2118419],[24.4975025,44.2111177],[24.4969006,44.2106769],[24.4959078,44.2100498],[24.495816,44.2098304],[24.4958921,44.2095787],[24.4956829,44.2093876],[24.4944065,44.2086844],[24.4941502,44.2084482],[24.4938756,44.2080075],[24.4931842,44.2076504],[24.4929937,44.207335],[24.4922573,44.2063972],[24.49228,44.2063158],[24.4925079,44.206302],[24.4925632,44.2061512],[24.4925728,44.20591],[24.4924707,44.2055878],[24.4915196,44.2043138],[24.4907392,44.2033888],[24.4902189,44.2034684],[24.4888573,44.2035572],[24.4876982,44.2039124],[24.4876141,44.2039271],[24.4874748,44.2038636],[24.4867191,44.2033309],[24.4850153,44.2018509],[24.4829954,44.200601],[24.4829558,44.200651],[24.4828224,44.2005945],[24.4817501,44.1998889],[24.4792347,44.198164],[24.4770836,44.1965893],[24.4745903,44.1948959],[24.4728154,44.1935991],[24.4704677,44.1923893],[24.4665582,44.1903744],[24.4693907,44.1877126],[24.4715032,44.1848674],[24.4727832,44.1821356],[24.4735129,44.1791314],[24.4771049,44.1745938],[24.4789861,44.1716084],[24.4830043,44.1638336],[24.4837265,44.1623204],[24.4837351,44.1578631],[24.4785409,44.1519195],[24.47948,44.1497301],[24.4769412,44.1421892],[24.4777529,44.1404532],[24.487888,44.1393136],[24.4934568,44.1363985],[24.4936893,44.1362767]]]}},{"type":"Feature","properties":{"entity_id":"osm-r9742520","jurisdiction":"RO","display_name":"CARACAL","display_type":"municipality","admin_level":8,"tier":"local","legal_registry":"SIRUTA","legal_id":"125472","legal_type":"municipality","parent_catalog_id":"osm-r2366978","osm_relation_id":9742520,"legal_identity_status":"reconciled","geometry_source":"OpenStreetMap","geometry_precision":"master_coordinate_fidelity"},"geometry":{"type":"Polygon","coordinates":[[[24.3174739,44.0807566],[24.3175754,44.0807487],[24.3176069,44.0806796],[24.3194658,44.0806413],[24.3221516,44.0794054],[24.3231824,44.0792267],[24.3271016,44.0788026],[24.3271215,44.0789179],[24.3279814,44.0789469],[24.3288168,44.0790764],[24.3318312,44.0797147],[24.3317173,44.0786315],[24.3342813,44.078488],[24.3417032,44.0779089],[24.3417394,44.0791695],[24.3419603,44.0804361],[24.3419714,44.0814644],[24.3415161,44.0815319],[24.3416318,44.0820252],[24.3436809,44.081816],[24.3439358,44.0831871],[24.3445705,44.0853431],[24.3447157,44.0861241],[24.3457157,44.0860925],[24.3476612,44.0863283],[24.3485576,44.0864798],[24.3493947,44.0866911],[24.3500934,44.0870044],[24.3505436,44.0871017],[24.3517046,44.0871958],[24.3533697,44.0870281],[24.3598424,44.0866994],[24.3597962,44.0861827],[24.359467,44.085095],[24.3591161,44.0845393],[24.3589523,44.0844315],[24.3594941,44.0843463],[24.3643948,44.084103],[24.3646663,44.0851628],[24.3653475,44.0864448],[24.3680977,44.0863373],[24.3669131,44.0877469],[24.3778359,44.0925854],[24.3799235,44.0881362],[24.3917896,44.0884017],[24.3916453,44.0835962],[24.3944561,44.0831698],[24.3961649,44.0832],[24.3990289,44.0829634],[24.4013269,44.0847046],[24.4012343,44.0856102],[24.401363,44.0856094],[24.4018154,44.0848759],[24.4023296,44.0850545],[24.4082203,44.0840687],[24.409382,44.084111],[24.4105379,44.0839642],[24.4124547,44.0837993],[24.4126293,44.0843938],[24.4140658,44.0842703],[24.413837,44.0825758],[24.4193419,44.0821798],[24.4202956,44.0818432],[24.4251328,44.080968],[24.4264934,44.0891197],[24.4278425,44.0965378],[24.4318764,44.0963278],[24.4316417,44.1031851],[24.4315148,44.1031917],[24.4310877,44.1140397],[24.430993,44.1149915],[24.431084,44.1151306],[24.4309777,44.1157165],[24.4309095,44.1186183],[24.4305741,44.1186075],[24.4340242,44.1211089],[24.4204522,44.120726],[24.42023,44.1209028],[24.4189366,44.1216265],[24.4159464,44.124137],[24.4127195,44.1266649],[24.411701,44.127331],[24.4064987,44.1282749],[24.4035181,44.1293084],[24.4017359,44.1288273],[24.3986859,44.1310444],[24.3949294,44.1325211],[24.3933107,44.1330803],[24.3856284,44.1360136],[24.3852679,44.1361386],[24.3779453,44.1388316],[24.3747686,44.1400646],[24.3717377,44.1370596],[24.3676226,44.1353683],[24.3614351,44.1269224],[24.36028,44.1291947],[24.3600151,44.129114],[24.3591951,44.1301159],[24.3585024,44.1306799],[24.3575153,44.1312459],[24.3564086,44.1317353],[24.3552519,44.1320468],[24.3542914,44.1321804],[24.3525063,44.1323285],[24.3458593,44.1326907],[24.344628,44.1328553],[24.3432514,44.13318],[24.3423814,44.133518],[24.341604,44.1339274],[24.3403918,44.1348495],[24.3347398,44.1350943],[24.3290871,44.1353969],[24.3289676,44.1353298],[24.328918,44.1322843],[24.3288743,44.1321508],[24.3275413,44.1327479],[24.3258039,44.1336196],[24.3197255,44.1377491],[24.3098786,44.1447983],[24.3062305,44.147498],[24.3009617,44.1512892],[24.2944913,44.1560972],[24.2943262,44.1562139],[24.2933641,44.1563505],[24.2920078,44.156543],[24.289883,44.1566544],[24.2866294,44.1563639],[24.2835547,44.1559103],[24.2808096,44.1550067],[24.2743615,44.1517688],[24.2735667,44.1477749],[24.2721867,44.1408391],[24.2884077,44.1388391],[24.2890979,44.1386808],[24.2894976,44.1387312],[24.3014647,44.1372248],[24.2990245,44.1275517],[24.2987157,44.1259174],[24.2974442,44.1206374],[24.2971631,44.1203976],[24.2967022,44.1201764],[24.2943395,44.1203202],[24.2942409,44.1196274],[24.2928208,44.1185645],[24.2927739,44.1184644],[24.2928405,44.1182526],[24.2933538,44.117681],[24.2930278,44.1173156],[24.2930176,44.1171949],[24.2931,44.1170667],[24.2938631,44.1164091],[24.2939742,44.1156341],[24.294192,44.1148661],[24.2934267,44.1146897],[24.2902241,44.1137403],[24.2898746,44.1134822],[24.2887766,44.113194],[24.288522,44.1130685],[24.2884831,44.1129396],[24.2886059,44.1127286],[24.2899211,44.1112414],[24.2898252,44.1110902],[24.2894563,44.1109494],[24.2882165,44.110679],[24.2881262,44.1105915],[24.2889709,44.1099849],[24.2889857,44.1099301],[24.2889037,44.1098629],[24.288278,44.1098936],[24.2869342,44.1096751],[24.2853032,44.1094935],[24.2835443,44.1094211],[24.2829139,44.1095189],[24.2807597,44.1090996],[24.2796246,44.1084055],[24.278914,44.1084788],[24.2778938,44.1086653],[24.2772622,44.1086795],[24.275876,44.1083198],[24.2754231,44.108243],[24.2733508,44.1081861],[24.2710751,44.108569],[24.2701355,44.1084952],[24.2696711,44.1076026],[24.2692171,44.1071285],[24.2663755,44.1063405],[24.2663734,44.104913],[24.2662993,44.1036066],[24.2661266,44.1022636],[24.2656515,44.0922381],[24.2651889,44.0879574],[24.266095,44.0879182],[24.2661181,44.0877601],[24.2659806,44.0825368],[24.266127,44.0823727],[24.2660652,44.0800997],[24.266197,44.0789863],[24.2663,44.0788712],[24.2672165,44.0787591],[24.2672567,44.0783569],[24.2673766,44.0783118],[24.267766,44.0783009],[24.2680287,44.0781472],[24.2767465,44.0814081],[24.2769912,44.081353],[24.2772666,44.0813548],[24.2781591,44.0814398],[24.279991,44.0814516],[24.2810545,44.0815113],[24.281209,44.0814679],[24.2823316,44.0808282],[24.2828749,44.0806166],[24.2830964,44.0806041],[24.2834247,44.0806617],[24.284737,44.0809869],[24.2849965,44.0810066],[24.2851489,44.0809812],[24.2863774,44.0804988],[24.2877388,44.0803514],[24.2894882,44.0799366],[24.2907084,44.0797825],[24.2926557,44.0797259],[24.2943154,44.0795946],[24.2962141,44.0796648],[24.2984837,44.0798915],[24.2999838,44.079942],[24.3009768,44.0801375],[24.3015739,44.0803472],[24.3019351,44.0806384],[24.3023221,44.0811029],[24.3025066,44.081153],[24.3041059,44.0810315],[24.3048291,44.081243],[24.3066122,44.0811778],[24.3075831,44.0810636],[24.3084956,44.0811854],[24.3111626,44.0813316],[24.3148152,44.0812382],[24.3173101,44.08071],[24.3174475,44.0807336],[24.3174739,44.0807566]]]}},{"type":"Feature","properties":{"entity_id":"osm-r9742521","jurisdiction":"RO","display_name":"CORABIA","display_type":"town","admin_level":8,"tier":"local","legal_registry":"SIRUTA","legal_id":"125542","legal_type":"town","parent_catalog_id":"osm-r2366978","osm_relation_id":9742521,"legal_identity_status":"reconciled","geometry_source":"OpenStreetMap","geometry_precision":"master_coordinate_fidelity"},"geometry":{"type":"Polygon","coordinates":[[[24.4059675,43.7356744],[24.406951,43.736316],[24.410266,43.737558],[24.413575,43.738222],[24.417808,43.738856],[24.420245,43.73939],[24.430016,43.741604],[24.433961,43.742704],[24.441817,43.744095],[24.4483079,43.7431103],[24.4508564,43.7448942],[24.452176,43.7457506],[24.4533509,43.7464055],[24.4542253,43.7468318],[24.4629801,43.7500873],[24.4696389,43.753228],[24.4772344,43.7569067],[24.4847488,43.7594561],[24.4893622,43.760386],[24.4939797,43.760758],[24.4982779,43.7612693],[24.5005037,43.7613497],[24.5024667,43.7614207],[24.5074834,43.7609062],[24.5134838,43.7602519],[24.5213326,43.7594874],[24.5264286,43.7588099],[24.5298099,43.7583403],[24.535226,43.7573663],[24.5401689,43.7568241],[24.5466269,43.7567659],[24.5511095,43.7568821],[24.5595303,43.7573676],[24.5628977,43.7574569],[24.5649576,43.7573019],[24.5707923,43.7561586],[24.571422,43.7581855],[24.5730499,43.7663134],[24.5740617,43.7660282],[24.5751915,43.7656205],[24.5765142,43.765225],[24.5780491,43.7646695],[24.5788977,43.7674617],[24.5803131,43.7671832],[24.5793259,43.7700032],[24.5787949,43.7709701],[24.5771893,43.7756385],[24.5768535,43.7763945],[24.5769047,43.7764138],[24.5741639,43.7835611],[24.5740522,43.7837232],[24.5737549,43.7845236],[24.5732832,43.7853198],[24.573654,43.785446],[24.5733302,43.7856475],[24.5728993,43.7860302],[24.5726527,43.7864202],[24.5712155,43.7900084],[24.5680529,43.7982397],[24.5678754,43.7981982],[24.5611963,43.8154457],[24.56114,43.8155598],[24.5609139,43.815643],[24.5556539,43.8288558],[24.5521368,43.837687],[24.5363816,43.8345207],[24.5240903,43.8321231],[24.5218989,43.8376522],[24.515988,43.8531139],[24.5156444,43.8540126],[24.5152822,43.8538644],[24.4608007,43.843232],[24.4523968,43.8415225],[24.4640136,43.821128],[24.453951,43.821095],[24.4386282,43.8210399],[24.4386458,43.8170198],[24.4273879,43.8171962],[24.3958088,43.8174184],[24.392932,43.8175798],[24.3877799,43.8179575],[24.3849251,43.8181668],[24.3848557,43.8167023],[24.3843914,43.8069149],[24.3835128,43.7937973],[24.3836192,43.793328],[24.3840165,43.7928656],[24.3847231,43.792455],[24.3852856,43.7923137],[24.3857856,43.7922469],[24.3968763,43.7916813],[24.3962,43.780639],[24.3998175,43.7803898],[24.3989942,43.7594971],[24.4096293,43.7610603],[24.4103039,43.7583243],[24.410607,43.7574877],[24.4107579,43.7573937],[24.4109853,43.757356],[24.4120852,43.7575303],[24.4122683,43.7575225],[24.4124013,43.7574583],[24.41256,43.7571008],[24.412529,43.7569337],[24.4124349,43.7568492],[24.4119578,43.7567572],[24.4116317,43.7567773],[24.4109354,43.7566506],[24.410645,43.7565571],[24.4105786,43.7564601],[24.4109528,43.7552534],[24.4113016,43.7535415],[24.4107527,43.7532189],[24.4103465,43.7530386],[24.4099763,43.7529847],[24.4096265,43.7530096],[24.4088576,43.7532355],[24.4077408,43.7532877],[24.4068044,43.7533918],[24.4054107,43.7462002],[24.4048303,43.7452562],[24.4043527,43.7413633],[24.4044073,43.7388046],[24.4059675,43.7356744]]]}},{"type":"Feature","properties":{"entity_id":"osm-r9744185","jurisdiction":"RO","display_name":"ICOANA","display_type":"commune","admin_level":8,"tier":"local","legal_registry":"SIRUTA","legal_id":"127322","legal_type":"commune","parent_catalog_id":"osm-r2366978","osm_relation_id":9744185,"legal_identity_status":"reconciled","geometry_source":"OpenStreetMap","geometry_precision":"master_coordinate_fidelity"},"geometry":{"type":"Polygon","coordinates":[[[24.68293,44.4596462],[24.682794,44.4595506],[24.6816252,44.4584969],[24.6795604,44.4567839],[24.6784415,44.4561259],[24.6740257,44.4537404],[24.673737,44.4536144],[24.6730631,44.4535937],[24.6728182,44.4535],[24.6723756,44.4529593],[24.6720041,44.4522698],[24.6716845,44.4519146],[24.6712952,44.4516932],[24.6709914,44.4518934],[24.6699526,44.4523524],[24.6687662,44.4529826],[24.6671776,44.4536952],[24.6666413,44.4538402],[24.6655663,44.4542854],[24.6652317,44.4543038],[24.6623468,44.4507997],[24.6617309,44.4499627],[24.6596474,44.4475904],[24.658311,44.44522],[24.6577614,44.4444785],[24.657529,44.4442325],[24.6561778,44.4430521],[24.6552321,44.4423067],[24.6544984,44.4416276],[24.6536177,44.4405416],[24.6531119,44.4398341],[24.652608,44.4389595],[24.6524533,44.4385946],[24.6523846,44.4378542],[24.6518167,44.4370802],[24.6501336,44.4353303],[24.6490587,44.4344597],[24.6478048,44.4333218],[24.6471625,44.4322766],[24.6467209,44.4318054],[24.6462316,44.431173],[24.6456602,44.4299152],[24.645112,44.4290617],[24.6446927,44.4280358],[24.6441005,44.4262677],[24.6425621,44.4249897],[24.6417503,44.4241253],[24.6415796,44.4238054],[24.6415633,44.4237473],[24.6407203,44.4229244],[24.6417419,44.4219798],[24.6453431,44.4184001],[24.6527511,44.4115884],[24.6550517,44.4093789],[24.6558213,44.4087273],[24.6586177,44.4061506],[24.6613401,44.403495],[24.6629827,44.4020549],[24.6650887,44.4000405],[24.6671205,44.3982476],[24.669421,44.3960915],[24.673541,44.3920432],[24.6741164,44.3915653],[24.6765561,44.3893032],[24.6773537,44.3886787],[24.6774801,44.3884301],[24.6787773,44.3871616],[24.6844938,44.381945],[24.6864286,44.3801097],[24.6867114,44.3798149],[24.6867209,44.3797258],[24.6880059,44.3787093],[24.6883354,44.3783389],[24.6885263,44.3779927],[24.688884,44.377601],[24.6891257,44.3774188],[24.6904242,44.3769304],[24.6905879,44.3768751],[24.6910578,44.3768299],[24.6912394,44.3762765],[24.6912425,44.3761928],[24.6911357,44.3760745],[24.6914555,44.3757343],[24.6915325,44.3753617],[24.6916907,44.3750199],[24.6921011,44.3747902],[24.6924202,44.3744313],[24.6928761,44.373743],[24.6939875,44.3722823],[24.6948415,44.3709846],[24.6965992,44.3685668],[24.6971892,44.3675951],[24.6992529,44.364741],[24.7010073,44.3620968],[24.7037267,44.3582287],[24.7047153,44.3569441],[24.7073585,44.3531273],[24.7073979,44.3530936],[24.7088621,44.3538274],[24.7105336,44.3544794],[24.7109541,44.3546343],[24.711204,44.3547196],[24.7130697,44.3554353],[24.715719,44.3562857],[24.7172459,44.3569404],[24.7178928,44.3572871],[24.7182426,44.3574047],[24.7187848,44.3574997],[24.7190497,44.3576167],[24.7200963,44.3581251],[24.7230275,44.3598541],[24.7246943,44.3607286],[24.7258476,44.3614691],[24.7262245,44.3616234],[24.7266681,44.3619043],[24.7268331,44.3618748],[24.727958,44.3629509],[24.7285673,44.3634124],[24.7387657,44.3706306],[24.7401499,44.3704209],[24.7405788,44.3702797],[24.7425532,44.370012],[24.7440733,44.3696269],[24.7442341,44.3696617],[24.7443641,44.3696356],[24.7446464,44.369548],[24.745974,44.3687716],[24.7466468,44.368595],[24.7471071,44.3685657],[24.7474254,44.3686311],[24.7476682,44.3686296],[24.7486122,44.3688795],[24.7487633,44.3688458],[24.7494279,44.368914],[24.7507192,44.3685481],[24.7511389,44.3685604],[24.752267,44.3681112],[24.7523063,44.3680176],[24.7526137,44.3678934],[24.7535658,44.3678129],[24.7538807,44.3676924],[24.7541164,44.367662],[24.7549815,44.3675973],[24.7555126,44.3676593],[24.7557802,44.3677388],[24.7559154,44.3677193],[24.7565811,44.3679016],[24.7570858,44.3677658],[24.7572192,44.3676248],[24.7575717,44.3675352],[24.7578022,44.3674238],[24.7588499,44.3672699],[24.7599421,44.3670304],[24.7602875,44.3675286],[24.7604844,44.3680688],[24.760536,44.3700665],[24.7606,44.3704152],[24.7610259,44.3714417],[24.7610381,44.3728067],[24.7613302,44.37453],[24.7611313,44.3751597],[24.7604905,44.3763631],[24.7601139,44.3769991],[24.759409,44.3778489],[24.7580868,44.3787711],[24.7571775,44.3793053],[24.7557407,44.3797829],[24.753134,44.3814799],[24.751775,44.3821874],[24.7513524,44.3826155],[24.7510859,44.3829754],[24.7506883,44.3841141],[24.7507246,44.3843689],[24.7508639,44.3845837],[24.7515066,44.3851817],[24.7523338,44.38637],[24.7531178,44.387161],[24.7539551,44.3881884],[24.7545391,44.3894298],[24.7547964,44.3904961],[24.7549272,44.3914309],[24.7545655,44.3913592],[24.7544956,44.3915793],[24.7545058,44.3918843],[24.7545801,44.3919911],[24.7549544,44.3922071],[24.7551455,44.3923885],[24.7554078,44.393197],[24.7552218,44.3933969],[24.754733,44.3936896],[24.7543825,44.39379],[24.7533949,44.3938132],[24.7512592,44.3940356],[24.7508339,44.3941907],[24.7501799,44.3945838],[24.7496431,44.3947206],[24.7493111,44.3946972],[24.7483866,44.3945195],[24.7473889,44.3941929],[24.7465905,44.394138],[24.7461009,44.3942017],[24.7456757,44.3943593],[24.745304,44.3945993],[24.7447685,44.3951254],[24.7445355,44.3954837],[24.744456,44.3957491],[24.7444899,44.3960237],[24.744409,44.3962685],[24.7447672,44.3966971],[24.7450481,44.3972884],[24.745175,44.3974133],[24.7455428,44.3974582],[24.7459818,44.3978057],[24.7462011,44.3980482],[24.7465641,44.3983084],[24.746756,44.3988294],[24.7467533,44.3989896],[24.7466879,44.3992189],[24.7464673,44.3994306],[24.7479066,44.3998978],[24.7484187,44.3999886],[24.7488417,44.400166],[24.7507485,44.4007723],[24.7522595,44.4011462],[24.7527796,44.4014391],[24.7528497,44.4016125],[24.7526717,44.4021389],[24.7526987,44.4021999],[24.7528454,44.4022931],[24.7532723,44.4023972],[24.7520905,44.4039525],[24.7534746,44.4043055],[24.7529096,44.4051885],[24.7519388,44.4071245],[24.7513791,44.408531],[24.7510379,44.4091051],[24.7498596,44.4114936],[24.7474439,44.4160867],[24.7440716,44.4228658],[24.7440361,44.4229375],[24.7435364,44.4227615],[24.7420481,44.4223998],[24.7402789,44.4220334],[24.7401234,44.4219477],[24.7385966,44.4216019],[24.7380807,44.4215474],[24.7360944,44.4210657],[24.7359049,44.420959],[24.7355483,44.420862],[24.7346347,44.4207443],[24.7333035,44.4204167],[24.7305052,44.4198365],[24.7296475,44.4195864],[24.7263378,44.4187973],[24.7273329,44.4184926],[24.7274502,44.4182938],[24.7274591,44.4181075],[24.7273198,44.4178771],[24.7274291,44.4176703],[24.7276401,44.4175362],[24.7280664,44.4174114],[24.7285227,44.4171059],[24.728737,44.41685],[24.7288333,44.4165354],[24.7287915,44.4161426],[24.7284464,44.4157123],[24.7270658,44.414687],[24.7268644,44.4146421],[24.726497,44.4147809],[24.7264451,44.4146033],[24.7259252,44.4144362],[24.7255173,44.4145526],[24.7248865,44.4145982],[24.724594,44.4148404],[24.7245077,44.4148225],[24.724615,44.4146905],[24.723321,44.4147424],[24.723296,44.4148488],[24.7221182,44.4148144],[24.7218377,44.4152356],[24.7217023,44.4150876],[24.7214348,44.4149547],[24.7210294,44.4149027],[24.7205366,44.4149113],[24.7203641,44.4150336],[24.720279,44.4152752],[24.7194776,44.4153648],[24.7181665,44.4154163],[24.7180267,44.415682],[24.7178402,44.4158529],[24.7174954,44.4159118],[24.7171543,44.4158661],[24.7163014,44.4163206],[24.7158363,44.4166655],[24.7153291,44.417513],[24.7149764,44.4179009],[24.7150223,44.4180006],[24.7154292,44.4181571],[24.7156004,44.418407],[24.7156198,44.4185838],[24.7154896,44.4189273],[24.715147,44.4191759],[24.713746,44.4194968],[24.7123925,44.4199508],[24.7109884,44.4212112],[24.7109456,44.421358],[24.7111708,44.4215431],[24.7112333,44.4216638],[24.7111196,44.4223151],[24.7113336,44.422632],[24.7112905,44.4228428],[24.7106158,44.42318],[24.7102055,44.423209],[24.7097336,44.4234292],[24.7088673,44.4236426],[24.7085811,44.4238352],[24.7084498,44.4239757],[24.7084117,44.4242505],[24.7082254,44.4244818],[24.7082186,44.4247062],[24.707928,44.4252451],[24.707299,44.425201],[24.7071806,44.4251684],[24.7070629,44.4250084],[24.7064476,44.4250331],[24.7059485,44.4253116],[24.7055675,44.4253349],[24.7054769,44.4253832],[24.7053804,44.4255042],[24.7049556,44.4257921],[24.7047992,44.4260322],[24.7066419,44.4298716],[24.7055112,44.4302478],[24.7065956,44.4334736],[24.7068009,44.4339291],[24.7072521,44.4354578],[24.7074177,44.4365382],[24.70759,44.4369131],[24.7078804,44.437325],[24.7082557,44.4383941],[24.7083751,44.4393234],[24.7081193,44.4400064],[24.7078524,44.440348],[24.7054537,44.4418306],[24.7044378,44.4423133],[24.7039933,44.4424554],[24.7049669,44.4436088],[24.7053551,44.4439819],[24.697868,44.4496645],[24.6939335,44.4517824],[24.6831195,44.4594928],[24.68293,44.4596462]]]}},{"type":"Feature","properties":{"entity_id":"osm-r9744186","jurisdiction":"RO","display_name":"CORBU","display_type":"commune","admin_level":8,"tier":"local","legal_registry":"SIRUTA","legal_id":"126326","legal_type":"commune","parent_catalog_id":"osm-r2366978","osm_relation_id":9744186,"legal_identity_status":"reconciled","geometry_source":"OpenStreetMap","geometry_precision":"master_coordinate_fidelity"},"geometry":{"type":"Polygon","coordinates":[[[24.6295985,44.510746],[24.6296176,44.5106939],[24.6297333,44.5105058],[24.6300713,44.5102992],[24.6322384,44.5094323],[24.6339022,44.5087036],[24.6341912,44.5086542],[24.6347507,44.5087788],[24.6357884,44.5087779],[24.6361441,44.5085816],[24.6366938,44.5084338],[24.6376621,44.5077645],[24.6379454,44.5074979],[24.6379029,44.5074193],[24.6366589,44.506741],[24.6456554,44.5016476],[24.6458532,44.5015321],[24.6458152,44.5014988],[24.6462455,44.5012462],[24.6478836,44.5003204],[24.6483625,44.5001001],[24.647308,44.5001125],[24.6477482,44.4998141],[24.6478889,44.4997915],[24.6482738,44.4998367],[24.6484791,44.4997797],[24.6514523,44.4984258],[24.6515539,44.4983568],[24.6515506,44.4982505],[24.651949,44.4984994],[24.6526643,44.4991529],[24.6529823,44.4995831],[24.6529511,44.4996951],[24.6527704,44.4997704],[24.6528079,44.4998349],[24.6535159,44.5005694],[24.6539075,44.5008953],[24.6544817,44.5015483],[24.6550715,44.502132],[24.6551589,44.5021892],[24.6553619,44.5021933],[24.6563369,44.5030771],[24.6580048,44.5047704],[24.6581121,44.5049551],[24.6578192,44.5053522],[24.6577938,44.5054941],[24.6580444,44.5059994],[24.6582537,44.50624],[24.6584579,44.5063925],[24.6598158,44.5068371],[24.6604823,44.5071573],[24.6605785,44.5071473],[24.6608906,44.5069566],[24.6612713,44.5069124],[24.6618066,44.5066872],[24.6619965,44.5066826],[24.6626803,44.5069583],[24.6634359,44.5073509],[24.6636935,44.5073839],[24.6641383,44.5072316],[24.6645577,44.5072431],[24.6653694,44.5075106],[24.6661209,44.5079664],[24.6662681,44.5079829],[24.6663884,44.507698],[24.6664989,44.5070054],[24.6664984,44.5063091],[24.6667837,44.5042225],[24.6672108,44.5042171],[24.6672933,44.5039462],[24.6680091,44.5036185],[24.668635,44.5036072],[24.669515,44.5035241],[24.6695488,44.503619],[24.6693955,44.5041907],[24.6697384,44.5042281],[24.6710702,44.5040756],[24.6716906,44.5041159],[24.6724548,44.50382],[24.6732274,44.5039487],[24.6747396,44.5037979],[24.675625,44.5038726],[24.6766102,44.5038702],[24.6768318,44.5038506],[24.6769765,44.5037259],[24.6772155,44.5036156],[24.6772349,44.503042],[24.6773405,44.5029979],[24.6775606,44.5030247],[24.6777564,44.5028611],[24.6777537,44.502573],[24.677843,44.5024618],[24.6778788,44.5022205],[24.6778163,44.5021755],[24.6774376,44.502131],[24.6774121,44.5020395],[24.6776468,44.5018822],[24.6776429,44.5018079],[24.677334,44.5016753],[24.6773042,44.5015916],[24.6774123,44.5013794],[24.6770701,44.5013307],[24.6770443,44.5012131],[24.6768162,44.5009192],[24.67732,44.5007778],[24.6776754,44.500854],[24.6779668,44.5007759],[24.6780953,44.5006747],[24.6781721,44.5004254],[24.6781487,44.5002134],[24.6782083,44.5001055],[24.6781704,44.5000424],[24.6778858,44.499933],[24.6777525,44.4994682],[24.6775076,44.4994297],[24.6773116,44.499239],[24.6770738,44.4991499],[24.676997,44.4989562],[24.677143,44.4986473],[24.6771794,44.4982868],[24.6771546,44.4982064],[24.6768966,44.4980516],[24.6768586,44.4978843],[24.6769496,44.4976707],[24.6771105,44.497568],[24.6770505,44.4973958],[24.6771506,44.4972768],[24.6770359,44.4971388],[24.6770212,44.4969003],[24.6770824,44.49685],[24.6772715,44.4968712],[24.6772911,44.4968047],[24.6771832,44.4966049],[24.6767544,44.4964522],[24.67683,44.4961466],[24.6766516,44.4958776],[24.6767758,44.495729],[24.6769662,44.4956964],[24.6772359,44.4957377],[24.677303,44.4957029],[24.6773244,44.495543],[24.6771993,44.4950224],[24.6773719,44.4947604],[24.677374,44.4945991],[24.6772532,44.4945389],[24.6769385,44.4945957],[24.6768609,44.4945315],[24.676955,44.4942078],[24.6772052,44.4938392],[24.6771795,44.4937834],[24.6770471,44.4937376],[24.6765793,44.493827],[24.6764179,44.4938121],[24.6762223,44.4937084],[24.6761098,44.4935267],[24.6762392,44.4930937],[24.6761821,44.4929759],[24.6761015,44.4929488],[24.6758906,44.4930122],[24.675635,44.4928175],[24.6753811,44.4928312],[24.6753817,44.492728],[24.6755588,44.4925263],[24.6755438,44.4921578],[24.6757551,44.4920284],[24.6761447,44.4920006],[24.6763327,44.4919021],[24.6765946,44.4914798],[24.6767337,44.491375],[24.6772113,44.4912757],[24.677494,44.4907483],[24.6779623,44.4905639],[24.6781569,44.490323],[24.6783935,44.4903134],[24.678606,44.4904708],[24.6787183,44.4905062],[24.6789087,44.4904923],[24.6792641,44.490049],[24.6789993,44.4899554],[24.6789534,44.4899016],[24.6789974,44.48978],[24.6791331,44.4896877],[24.6797513,44.4895587],[24.6798587,44.4893753],[24.6800538,44.4892352],[24.6799223,44.4891736],[24.6799205,44.4890727],[24.6802835,44.4888511],[24.6802193,44.4887418],[24.679826,44.4887787],[24.6798776,44.4886432],[24.680045,44.4884715],[24.6805082,44.4883587],[24.680718,44.4889004],[24.680787,44.4889651],[24.6809977,44.4889194],[24.6812266,44.4885047],[24.6811213,44.4883091],[24.681148,44.4881245],[24.6812638,44.4880951],[24.681372,44.4881765],[24.6814993,44.4881603],[24.6814583,44.4880526],[24.6810973,44.487671],[24.6811156,44.4873738],[24.6814354,44.4868336],[24.6814219,44.4867525],[24.6811876,44.4865286],[24.6811994,44.4864757],[24.6814293,44.4863109],[24.681845,44.4863997],[24.6819603,44.4864729],[24.682173,44.4864834],[24.6820191,44.486291],[24.682075,44.4862068],[24.6822256,44.4861543],[24.682586,44.4862215],[24.6826951,44.4861539],[24.6827165,44.4860481],[24.6826544,44.4859817],[24.6822799,44.4859542],[24.6821763,44.4858728],[24.6821698,44.4858017],[24.6822441,44.485739],[24.682774,44.4856892],[24.6828809,44.4855853],[24.6828398,44.4852942],[24.6825974,44.4852158],[24.6825956,44.4851231],[24.6833135,44.4849249],[24.6841275,44.4849305],[24.6854875,44.4846295],[24.6866834,44.4844519],[24.6873516,44.4844031],[24.6876249,44.483906],[24.687835,44.4836801],[24.6882921,44.4833193],[24.6888596,44.4829644],[24.6900202,44.4820472],[24.6898871,44.482071],[24.6897451,44.4820384],[24.6894319,44.4818032],[24.6891902,44.4818454],[24.6889081,44.4817307],[24.6887935,44.4817793],[24.688879,44.4810473],[24.689783,44.4790283],[24.6910721,44.4764014],[24.6925612,44.4730222],[24.6930674,44.472204],[24.6932864,44.471392],[24.694427,44.4688443],[24.6948028,44.4681505],[24.6936489,44.4675047],[24.6919752,44.4664309],[24.6879462,44.4635415],[24.6857972,44.46208],[24.6848305,44.4615181],[24.6840795,44.460857],[24.68293,44.4596462],[24.6831195,44.4594928],[24.6939335,44.4517824],[24.697868,44.4496645],[24.7053551,44.4439819],[24.7049669,44.4436088],[24.7039933,44.4424554],[24.7044378,44.4423133],[24.7054537,44.4418306],[24.7078524,44.440348],[24.7081193,44.4400064],[24.7083751,44.4393234],[24.7082557,44.4383941],[24.7078804,44.437325],[24.70759,44.4369131],[24.7074177,44.4365382],[24.7072521,44.4354578],[24.7068009,44.4339291],[24.7065956,44.4334736],[24.7055112,44.4302478],[24.7066419,44.4298716],[24.7047992,44.4260322],[24.7049556,44.4257921],[24.7053804,44.4255042],[24.7054769,44.4253832],[24.7055675,44.4253349],[24.7059485,44.4253116],[24.7064476,44.4250331],[24.7070629,44.4250084],[24.7071806,44.4251684],[24.707299,44.425201],[24.707928,44.4252451],[24.7082186,44.4247062],[24.7082254,44.4244818],[24.7084117,44.4242505],[24.7084498,44.4239757],[24.7085811,44.4238352],[24.7088673,44.4236426],[24.7097336,44.4234292],[24.7102055,44.423209],[24.7106158,44.42318],[24.7112905,44.4228428],[24.7113336,44.422632],[24.7111196,44.4223151],[24.7112333,44.4216638],[24.7111708,44.4215431],[24.7109456,44.421358],[24.7109884,44.4212112],[24.7123925,44.4199508],[24.713746,44.4194968],[24.715147,44.4191759],[24.7154896,44.4189273],[24.7156198,44.4185838],[24.7156004,44.418407],[24.7154292,44.4181571],[24.7150223,44.4180006],[24.7149764,44.4179009],[24.7153291,44.417513],[24.7158363,44.4166655],[24.7163014,44.4163206],[24.7171543,44.4158661],[24.7174954,44.4159118],[24.7178402,44.4158529],[24.7180267,44.415682],[24.7181665,44.4154163],[24.7194776,44.4153648],[24.720279,44.4152752],[24.7203641,44.4150336],[24.7205366,44.4149113],[24.7210294,44.4149027],[24.7214348,44.4149547],[24.7217023,44.4150876],[24.7218377,44.4152356],[24.7221182,44.4148144],[24.723296,44.4148488],[24.723321,44.4147424],[24.724615,44.4146905],[24.7245077,44.4148225],[24.724594,44.4148404],[24.7248865,44.4145982],[24.7255173,44.4145526],[24.7259252,44.4144362],[24.7264451,44.4146033],[24.726497,44.4147809],[24.7268644,44.4146421],[24.7270658,44.414687],[24.7284464,44.4157123],[24.7287915,44.4161426],[24.7288333,44.4165354],[24.728737,44.41685],[24.7285227,44.4171059],[24.7280664,44.4174114],[24.7276401,44.4175362],[24.7274291,44.4176703],[24.7273198,44.4178771],[24.7274591,44.4181075],[24.7274502,44.4182938],[24.7273329,44.4184926],[24.7263378,44.4187973],[24.7296475,44.4195864],[24.7305052,44.4198365],[24.7333035,44.4204167],[24.7346347,44.4207443],[24.7355483,44.420862],[24.7359049,44.420959],[24.7360944,44.4210657],[24.7380807,44.4215474],[24.7385966,44.4216019],[24.7401234,44.4219477],[24.7402789,44.4220334],[24.7420481,44.4223998],[24.7435364,44.4227615],[24.7440361,44.4229375],[24.7440217,44.4229664],[24.7477327,44.4238138],[24.7520028,44.4247074],[24.7519908,44.4249294],[24.7518533,44.4250776],[24.7518995,44.4253213],[24.7518053,44.4256361],[24.7519498,44.4256226],[24.7519595,44.4256792],[24.7519176,44.4258109],[24.7517928,44.4258038],[24.7517375,44.4258822],[24.7517443,44.426225],[24.7517981,44.4263829],[24.7519497,44.426449],[24.7518787,44.426594],[24.7519401,44.4266852],[24.7521409,44.4267242],[24.7521108,44.426875],[24.7523167,44.4270805],[24.7523834,44.4271071],[24.752477,44.427041],[24.7526357,44.4271335],[24.7526549,44.427206],[24.7525098,44.4271803],[24.752537,44.427249],[24.7526983,44.4273756],[24.7528637,44.4273902],[24.7529365,44.4275768],[24.753373,44.4276655],[24.7535864,44.4277831],[24.7543083,44.4280273],[24.7543431,44.4280787],[24.7543651,44.4282159],[24.7542756,44.4283916],[24.7543104,44.4284664],[24.7541725,44.4284871],[24.754019,44.4286477],[24.7536978,44.4292357],[24.7532516,44.429862],[24.7530098,44.4304267],[24.7530385,44.4308498],[24.7532659,44.4316079],[24.7534413,44.4335714],[24.7532009,44.4340353],[24.7541686,44.4346548],[24.7544885,44.434978],[24.7544877,44.4351669],[24.7543794,44.4353383],[24.7535236,44.4363455],[24.7530892,44.4372476],[24.7529716,44.4377081],[24.7526514,44.4382003],[24.7523855,44.438748],[24.7523668,44.4393654],[24.7526378,44.4398682],[24.7529048,44.4405576],[24.7533357,44.4412289],[24.7532485,44.4413324],[24.7521506,44.4418033],[24.7506509,44.4423587],[24.7501129,44.4426777],[24.7499944,44.4428136],[24.7498705,44.4433695],[24.74994,44.4436369],[24.7503373,44.4442511],[24.750552,44.444364],[24.7505629,44.4445601],[24.7506418,44.4446719],[24.7510666,44.444951],[24.7519461,44.4453718],[24.7524578,44.4457664],[24.7526776,44.4462068],[24.7528074,44.4468686],[24.7526953,44.4470236],[24.7522764,44.4473177],[24.7522339,44.4476645],[24.7523704,44.4477208],[24.7532341,44.4477855],[24.7533731,44.4478226],[24.7535481,44.4479471],[24.7540934,44.4486157],[24.7542362,44.448908],[24.7545498,44.4490544],[24.7546857,44.4492439],[24.7549965,44.4499045],[24.7551479,44.4504062],[24.7552724,44.4512357],[24.7552414,44.451472],[24.7559774,44.4517488],[24.7555143,44.4519196],[24.7554304,44.4520001],[24.7556437,44.4522082],[24.7559454,44.4528003],[24.7559639,44.4529678],[24.7559078,44.4531205],[24.755729,44.4532665],[24.7555477,44.4532486],[24.755372,44.4528842],[24.7552646,44.4528183],[24.7550063,44.4529856],[24.7548469,44.4531772],[24.7548858,44.4532835],[24.7551823,44.4535329],[24.7546426,44.4541003],[24.7547302,44.4548006],[24.7545488,44.4551256],[24.7545548,44.4555217],[24.754424,44.4558653],[24.7547556,44.4563203],[24.7549326,44.4571343],[24.7552881,44.4574235],[24.7560747,44.4586396],[24.7560994,44.4588682],[24.7560389,44.459051],[24.755464,44.4597137],[24.7554192,44.4598336],[24.7555903,44.4600029],[24.7556985,44.4603321],[24.7559869,44.460509],[24.7560736,44.4607676],[24.7566188,44.461429],[24.7567537,44.4616819],[24.7574472,44.4622848],[24.7575817,44.4626657],[24.7574259,44.4631077],[24.7574579,44.4631992],[24.757687,44.4633273],[24.7579265,44.4633958],[24.7582191,44.4633041],[24.7584,44.463304],[24.7586955,44.4634679],[24.7587808,44.4635651],[24.7588753,44.4639676],[24.7591668,44.4644247],[24.7591591,44.4645086],[24.758806,44.464768],[24.7584765,44.4649398],[24.7583437,44.4650694],[24.7583256,44.4651991],[24.7585663,44.46558],[24.7585625,44.4656428],[24.7583033,44.4657495],[24.7568047,44.4654687],[24.7561359,44.4650784],[24.7557527,44.4649987],[24.7553696,44.4649741],[24.7542474,44.4650538],[24.7527173,44.464967],[24.751571,44.4650392],[24.7492927,44.4650343],[24.7492049,44.4650455],[24.7491715,44.4651218],[24.7438192,44.4651565],[24.7409488,44.4652622],[24.7399381,44.4651833],[24.7390437,44.4651655],[24.7340121,44.4652073],[24.7340857,44.46992],[24.7341991,44.4726108],[24.7341888,44.474852],[24.7343725,44.480948],[24.7343379,44.4869246],[24.7347522,44.4917681],[24.7339509,44.4917839],[24.7290079,44.492295],[24.7274115,44.4923773],[24.7274663,44.4938592],[24.7275607,44.4941655],[24.7279334,44.4945285],[24.7283118,44.4974305],[24.72853,44.5012731],[24.7288181,44.5035396],[24.7293764,44.5114484],[24.7296904,44.5115548],[24.7293936,44.5129753],[24.7291527,44.5132508],[24.7291633,44.5138003],[24.7295548,44.514383],[24.729731,44.5144722],[24.7303275,44.5144914],[24.7319195,44.5143989],[24.7318355,44.5157119],[24.7319177,44.5161619],[24.7316945,44.5196769],[24.7292984,44.5195035],[24.7196974,44.5191161],[24.7195807,44.5208151],[24.7167137,44.5206908],[24.7130908,44.5204161],[24.7113577,44.5204026],[24.7105997,44.5205164],[24.7064154,44.5205115],[24.7059971,44.5200642],[24.705929,44.5198712],[24.70605,44.5191793],[24.7062462,44.518943],[24.7072271,44.5186145],[24.7074942,44.5185898],[24.7078768,44.5186258],[24.7085742,44.5189045],[24.7093043,44.5188809],[24.7104723,44.5189449],[24.7108467,44.5188504],[24.7110787,44.5187364],[24.7112999,44.5185451],[24.7112519,44.5180139],[24.7113708,44.5175545],[24.7116619,44.5172723],[24.7122212,44.5170062],[24.7125889,44.5167549],[24.7127872,44.5164998],[24.7128433,44.5162837],[24.7128071,44.5161951],[24.712414,44.5159943],[24.7121989,44.5159544],[24.7112688,44.5159651],[24.7095612,44.5161073],[24.7092682,44.5160672],[24.7087009,44.5158921],[24.7082537,44.5156583],[24.708127,44.5155163],[24.7079642,44.5149981],[24.7051713,44.5143162],[24.7052171,44.5147167],[24.7054435,44.5151347],[24.704588,44.5151945],[24.7048132,44.5141963],[24.702855,44.5136856],[24.7029816,44.5133966],[24.7014367,44.5128741],[24.701173,44.5132116],[24.6966963,44.5120381],[24.6961369,44.5128998],[24.6960436,44.5129129],[24.6952791,44.5136888],[24.694418,44.5149485],[24.6935767,44.5157333],[24.6926177,44.5167381],[24.692313,44.5171552],[24.6919165,44.5178596],[24.6888415,44.5169407],[24.6877459,44.5194144],[24.6872869,44.5203207],[24.6869599,44.5202228],[24.6863682,44.5202343],[24.6860913,44.520199],[24.6854881,44.5198017],[24.6851714,44.5196609],[24.6845956,44.519501],[24.6836956,44.5196101],[24.6831335,44.5193834],[24.6826603,44.5192677],[24.6795002,44.5188793],[24.6791922,44.518829],[24.678885,44.5187131],[24.6782957,44.5187028],[24.6766328,44.5184869],[24.6745496,44.5181001],[24.6737692,44.5180635],[24.6731727,44.517907],[24.672708,44.5176427],[24.6725783,44.5176123],[24.6719623,44.5176385],[24.6709515,44.5177722],[24.6707218,44.5177552],[24.6704169,44.5176219],[24.6698337,44.5169357],[24.6695191,44.5167287],[24.6693853,44.5165675],[24.6650414,44.5152803],[24.6642499,44.5152223],[24.6641473,44.51536],[24.6637944,44.5153515],[24.663696,44.5153975],[24.6636864,44.5156036],[24.6635552,44.5159109],[24.6633024,44.5159236],[24.663161,44.5158261],[24.6629458,44.5157819],[24.6629131,44.5158808],[24.66268,44.5161125],[24.6626332,44.5164276],[24.6621605,44.5163732],[24.6619389,44.5162943],[24.6617287,44.5164778],[24.661532,44.5165485],[24.6614379,44.5166863],[24.6612511,44.5167157],[24.6611615,44.5170125],[24.6610409,44.5170494],[24.6605673,44.5170566],[24.66035,44.517165],[24.6603485,44.5174204],[24.66062,44.5176451],[24.6605222,44.5179002],[24.6607786,44.5179842],[24.6607984,44.5180301],[24.6607731,44.5182281],[24.6605675,44.518391],[24.6605142,44.5185831],[24.6603576,44.5185999],[24.6600171,44.5184955],[24.6599445,44.5185642],[24.6599312,44.5187038],[24.6597808,44.5187392],[24.6596194,44.5188457],[24.6591236,44.5188461],[24.6588726,44.5189367],[24.6586971,44.5187918],[24.6585336,44.5187748],[24.6581993,44.5191138],[24.6580689,44.5191225],[24.6580393,44.5189433],[24.6579218,44.5189301],[24.6575033,44.5193612],[24.6568622,44.5193592],[24.656734,44.5194228],[24.6567294,44.5195913],[24.6568184,44.5196673],[24.6570265,44.5197079],[24.6570331,44.5198255],[24.6569573,44.5199872],[24.6568198,44.5200704],[24.6567398,44.5203092],[24.6563689,44.5205744],[24.6566235,44.5207352],[24.6567619,44.5209142],[24.6565858,44.5212221],[24.6565968,44.5213239],[24.657161,44.5216849],[24.6571007,44.5220607],[24.6571666,44.5222208],[24.6559189,44.5216396],[24.6553993,44.52133],[24.6552616,44.5212392],[24.6548456,44.520769],[24.6543075,44.5212341],[24.6539971,44.5216258],[24.6538608,44.5219475],[24.6536306,44.5221191],[24.6534726,44.5221186],[24.6527514,44.5218282],[24.6520227,44.5214643],[24.6517425,44.5212739],[24.6511121,44.5210092],[24.6495899,44.5205609],[24.6485235,44.5203498],[24.6479522,44.520067],[24.6471775,44.5199318],[24.6459444,44.5195519],[24.6447594,44.5194869],[24.6394811,44.5189694],[24.6339668,44.5182757],[24.633882,44.518288],[24.63426,44.5177209],[24.6356536,44.5153087],[24.63626,44.514146],[24.6367181,44.5135166],[24.6371349,44.5126744],[24.6295985,44.510746]]]}},{"type":"Feature","properties":{"entity_id":"osm-r9744187","jurisdiction":"RO","display_name":"SÂRBII - MĂGURA","display_type":"commune","admin_level":8,"tier":"local","legal_registry":"SIRUTA","legal_id":"130366","legal_type":"commune","parent_catalog_id":"osm-r2366978","osm_relation_id":9744187,"legal_identity_status":"reconciled","geometry_source":"OpenStreetMap","geometry_precision":"master_coordinate_fidelity"},"geometry":{"type":"Polygon","coordinates":[[[24.7106547,44.5823957],[24.7087856,44.5820119],[24.7004196,44.5809268],[24.70033,44.5810214],[24.7001885,44.5810365],[24.699459,44.580949],[24.6985486,44.5807508],[24.697704,44.5802615],[24.6973947,44.5799235],[24.6977541,44.5798281],[24.6980968,44.5796308],[24.6985158,44.579206],[24.6985544,44.5790287],[24.6984699,44.578723],[24.6982459,44.5783217],[24.6981065,44.5782612],[24.6979987,44.5781057],[24.6977401,44.577972],[24.6975028,44.5775486],[24.6976022,44.5772365],[24.6979075,44.5767577],[24.6979405,44.5765686],[24.6978737,44.576358],[24.6975896,44.5759547],[24.6968956,44.5755481],[24.6967655,44.5752722],[24.697369,44.574098],[24.6949914,44.5734864],[24.6925185,44.5732738],[24.6901471,44.572875],[24.6901088,44.5724239],[24.6901807,44.5720983],[24.6905204,44.5712689],[24.6906702,44.5707392],[24.691044,44.5702978],[24.6910967,44.5701654],[24.6911064,44.5700329],[24.6909447,44.5698304],[24.690925,44.5696646],[24.6909464,44.5694707],[24.6911175,44.5692045],[24.6911734,44.5689564],[24.6911064,44.5679226],[24.6912436,44.5677831],[24.691375,44.5677366],[24.6919838,44.5676898],[24.6920611,44.5676157],[24.6920097,44.5675056],[24.6913047,44.5667967],[24.690934,44.5668595],[24.690455,44.5668048],[24.6897825,44.5669369],[24.6884728,44.566957],[24.6872448,44.5671594],[24.6867803,44.5672806],[24.6866459,44.5671196],[24.6862427,44.5666366],[24.686169,44.5662854],[24.686385,44.565935],[24.6867518,44.565612],[24.6873249,44.5644076],[24.687288,44.5642455],[24.686925,44.5638485],[24.6868755,44.5637044],[24.6869661,44.5632456],[24.6874983,44.5625991],[24.6880403,44.5624656],[24.6886721,44.5620354],[24.6878953,44.5613582],[24.6881987,44.561116],[24.6868925,44.5605724],[24.6875381,44.5598902],[24.6875764,44.5597913],[24.6874054,44.5588278],[24.6874944,44.5586751],[24.6877726,44.5584419],[24.6887808,44.5582197],[24.6889072,44.558121],[24.689085,44.5578335],[24.6893141,44.5573571],[24.6830453,44.5550986],[24.6812375,44.5543942],[24.6789993,44.5538451],[24.6787481,44.5537454],[24.6782471,44.553303],[24.6780212,44.5531853],[24.6777693,44.5532116],[24.6774679,44.5530937],[24.6769146,44.5529932],[24.6736757,44.5517196],[24.6735141,44.5516338],[24.6736885,44.5514718],[24.6704983,44.5502925],[24.6691674,44.5497306],[24.668023,44.5495742],[24.6615942,44.549132],[24.6614445,44.5510666],[24.6612431,44.5510659],[24.6534157,44.5508711],[24.6508866,44.5507552],[24.6473014,44.550465],[24.6469235,44.5505178],[24.6465452,44.5506427],[24.6461424,44.5506504],[24.6310043,44.5501967],[24.6307658,44.550106],[24.6305896,44.5500964],[24.6299882,44.5502385],[24.6231297,44.5500412],[24.6229426,44.5500326],[24.622808,44.5498832],[24.6227497,44.5496924],[24.6225079,44.5495066],[24.6210689,44.5492433],[24.6206358,44.5490759],[24.6201706,44.5492469],[24.6198221,44.549244],[24.6189987,44.5489642],[24.6156032,44.5481079],[24.6170148,44.5458325],[24.6203591,44.5398312],[24.6213817,44.5383353],[24.6225658,44.5363363],[24.6232762,44.5348919],[24.6234886,44.5347165],[24.6242925,44.5337079],[24.6267316,44.5298196],[24.6298063,44.5253069],[24.6302171,44.5248629],[24.6308454,44.5244822],[24.6311928,44.5240555],[24.6313339,44.5239817],[24.6313468,44.5237575],[24.6312196,44.5235414],[24.63127,44.5232051],[24.6316109,44.5226734],[24.6317665,44.5222203],[24.6329593,44.5197447],[24.6337893,44.5183338],[24.633882,44.518288],[24.6339668,44.5182757],[24.6394811,44.5189694],[24.6447594,44.5194869],[24.6459444,44.5195519],[24.6471775,44.5199318],[24.6479522,44.520067],[24.6485235,44.5203498],[24.6495899,44.5205609],[24.6511121,44.5210092],[24.6517425,44.5212739],[24.6520227,44.5214643],[24.6527514,44.5218282],[24.6534726,44.5221186],[24.6536306,44.5221191],[24.6538608,44.5219475],[24.6539971,44.5216258],[24.6543075,44.5212341],[24.6548456,44.520769],[24.6552616,44.5212392],[24.6553993,44.52133],[24.6559189,44.5216396],[24.6571666,44.5222208],[24.6571007,44.5220607],[24.657161,44.5216849],[24.6565968,44.5213239],[24.6565858,44.5212221],[24.6567619,44.5209142],[24.6566235,44.5207352],[24.6563689,44.5205744],[24.6567398,44.5203092],[24.6568198,44.5200704],[24.6569573,44.5199872],[24.6570331,44.5198255],[24.6570265,44.5197079],[24.6568184,44.5196673],[24.6567294,44.5195913],[24.656734,44.5194228],[24.6568622,44.5193592],[24.6575033,44.5193612],[24.6579218,44.5189301],[24.6580393,44.5189433],[24.6580689,44.5191225],[24.6581993,44.5191138],[24.6585336,44.5187748],[24.6586971,44.5187918],[24.6588726,44.5189367],[24.6591236,44.5188461],[24.6596194,44.5188457],[24.6597808,44.5187392],[24.6599312,44.5187038],[24.6599445,44.5185642],[24.6600171,44.5184955],[24.6603576,44.5185999],[24.6605142,44.5185831],[24.6605675,44.518391],[24.6607731,44.5182281],[24.6607984,44.5180301],[24.6607786,44.5179842],[24.6605222,44.5179002],[24.66062,44.5176451],[24.6603485,44.5174204],[24.66035,44.517165],[24.6605673,44.5170566],[24.6610409,44.5170494],[24.6611615,44.5170125],[24.6612511,44.5167157],[24.6614379,44.5166863],[24.661532,44.5165485],[24.6617287,44.5164778],[24.6619389,44.5162943],[24.6621605,44.5163732],[24.6626332,44.5164276],[24.66268,44.5161125],[24.6629131,44.5158808],[24.6629458,44.5157819],[24.663161,44.5158261],[24.6633024,44.5159236],[24.6635552,44.5159109],[24.6636864,44.5156036],[24.663696,44.5153975],[24.6637944,44.5153515],[24.6641473,44.51536],[24.6642499,44.5152223],[24.6650414,44.5152803],[24.6693853,44.5165675],[24.6695191,44.5167287],[24.6698337,44.5169357],[24.6704169,44.5176219],[24.6707218,44.5177552],[24.6709515,44.5177722],[24.6719623,44.5176385],[24.6725783,44.5176123],[24.672708,44.5176427],[24.6731727,44.517907],[24.6737692,44.5180635],[24.6745496,44.5181001],[24.6766328,44.5184869],[24.6782957,44.5187028],[24.678885,44.5187131],[24.6791922,44.518829],[24.6795002,44.5188793],[24.6826603,44.5192677],[24.6831335,44.5193834],[24.6836956,44.5196101],[24.6845956,44.519501],[24.6851714,44.5196609],[24.6854881,44.5198017],[24.6860913,44.520199],[24.6863682,44.5202343],[24.6869599,44.5202228],[24.6872869,44.5203207],[24.6877459,44.5194144],[24.6888415,44.5169407],[24.6919165,44.5178596],[24.692313,44.5171552],[24.6926177,44.5167381],[24.6935767,44.5157333],[24.694418,44.5149485],[24.6952791,44.5136888],[24.6960436,44.5129129],[24.6961369,44.5128998],[24.6966963,44.5120381],[24.701173,44.5132116],[24.7014367,44.5128741],[24.7029816,44.5133966],[24.702855,44.5136856],[24.7048132,44.5141963],[24.704588,44.5151945],[24.7054435,44.5151347],[24.7052171,44.5147167],[24.7051713,44.5143162],[24.7079642,44.5149981],[24.708127,44.5155163],[24.7082537,44.5156583],[24.7087009,44.5158921],[24.7092682,44.5160672],[24.7095612,44.5161073],[24.7112688,44.5159651],[24.7121989,44.5159544],[24.712414,44.5159943],[24.7128071,44.5161951],[24.7128433,44.5162837],[24.7127872,44.5164998],[24.7125889,44.5167549],[24.7122212,44.5170062],[24.7116619,44.5172723],[24.7113708,44.5175545],[24.7112519,44.5180139],[24.7112999,44.5185451],[24.7110787,44.5187364],[24.7108467,44.5188504],[24.7104723,44.5189449],[24.7093043,44.5188809],[24.7085742,44.5189045],[24.7078768,44.5186258],[24.7074942,44.5185898],[24.7072271,44.5186145],[24.7062462,44.518943],[24.70605,44.5191793],[24.705929,44.5198712],[24.7059971,44.5200642],[24.7064154,44.5205115],[24.7105997,44.5205164],[24.7113577,44.5204026],[24.7130908,44.5204161],[24.7167137,44.5206908],[24.7195807,44.5208151],[24.7196974,44.5191161],[24.7292984,44.5195035],[24.7316945,44.5196769],[24.7320763,44.5198418],[24.7321759,44.5200151],[24.732034,44.5203665],[24.7316207,44.5208272],[24.7318021,44.5216904],[24.7317547,44.5218584],[24.7315521,44.5220949],[24.7315529,44.5222552],[24.7318392,44.5226778],[24.7320141,44.5228116],[24.7331051,44.5232643],[24.7339547,44.5234396],[24.73432,44.5236223],[24.7346115,44.5243975],[24.7349442,44.5245725],[24.7351375,44.5249845],[24.7350811,44.5251178],[24.7344964,44.525536],[24.7345459,44.5259325],[24.7349643,44.5267507],[24.7354686,44.52739],[24.7355764,44.5278533],[24.7382911,44.531656],[24.7425905,44.5378379],[24.7426272,44.5380514],[24.7419147,44.5401084],[24.7412245,44.5419754],[24.7410426,44.5422356],[24.7406555,44.5435906],[24.7399785,44.5451921],[24.7391548,44.5463935],[24.738946,44.5465467],[24.7373574,44.5465534],[24.7364287,44.5464392],[24.7344897,44.5465616],[24.7327298,44.5464777],[24.7325614,44.5464289],[24.732547,44.5463147],[24.7328281,44.5456962],[24.7328556,44.5452923],[24.7327351,44.544988],[24.7323132,44.5444183],[24.7320959,44.5440229],[24.7321793,44.5433864],[24.732045,44.5432822],[24.7305972,44.5434162],[24.7294717,44.5437889],[24.7291521,44.5438017],[24.7288154,44.5437023],[24.728716,44.5436227],[24.7287337,44.543051],[24.7286336,44.5424342],[24.7285553,44.5423412],[24.7274399,44.5426567],[24.7260788,44.5429237],[24.7255052,44.5430902],[24.7250705,44.543296],[24.7250538,44.5434637],[24.7253013,44.54392],[24.7259809,44.5446791],[24.7265677,44.5452443],[24.7276477,44.5458395],[24.7279919,44.5463904],[24.7282056,44.5464352],[24.7283567,44.546362],[24.7285559,44.5460659],[24.7287011,44.5459433],[24.7289084,44.5459004],[24.7291248,44.5459509],[24.7292235,44.5464667],[24.7295775,44.5471966],[24.7296273,44.5476135],[24.7298127,44.5477574],[24.7304983,44.5481028],[24.7306331,44.5482471],[24.7305864,44.5483634],[24.7298481,44.5488411],[24.7290695,44.5500408],[24.7289344,44.5508794],[24.7289345,44.5513975],[24.7290402,44.5518236],[24.7293834,44.5525381],[24.7286002,44.5531909],[24.7286155,44.5532388],[24.7293054,44.5532318],[24.7296683,44.5532835],[24.7312521,44.5538954],[24.7319039,44.5540355],[24.7326378,44.5538704],[24.7350441,44.5530451],[24.7355227,44.5529403],[24.735805,44.5531581],[24.7363743,44.5540474],[24.7363201,44.5542039],[24.7358907,44.5544379],[24.7358494,44.5545657],[24.735914,44.5546264],[24.7364198,44.5547979],[24.7365547,44.5549536],[24.7365486,44.5551212],[24.7354584,44.556383],[24.7353505,44.5567492],[24.7353557,44.5574732],[24.7352297,44.5581214],[24.7349456,44.5582388],[24.7341115,44.5582803],[24.7338859,44.5583746],[24.7333573,44.5590171],[24.7326179,44.5596529],[24.7324232,44.5598861],[24.7323325,44.5601152],[24.7324504,44.5608694],[24.7324063,44.560982],[24.7322424,44.5610971],[24.7320193,44.5611667],[24.7304427,44.561284],[24.7302299,44.5613307],[24.7301481,44.5613977],[24.7300112,44.5621865],[24.7301311,44.5624519],[24.7301498,44.5630229],[24.7299225,44.5651536],[24.7298049,44.5670438],[24.7296546,44.56744],[24.7295072,44.5688046],[24.7291569,44.5692995],[24.7291208,44.5698866],[24.729043,44.5700694],[24.7291092,44.5702373],[24.7290766,44.5704775],[24.7292947,44.5706095],[24.7293317,44.5706839],[24.7292944,44.5707353],[24.7289503,44.5708661],[24.7288622,44.5709574],[24.7287174,44.5713231],[24.7286648,44.5720626],[24.7285766,44.5721464],[24.7277126,44.5724818],[24.7273501,44.5725306],[24.7268275,44.5726914],[24.7264914,44.5728203],[24.7260806,44.5730634],[24.7259896,44.5732081],[24.7259997,44.5733835],[24.7262033,44.5739635],[24.7261037,44.574337],[24.7259648,44.5744816],[24.7254417,44.5748426],[24.7245035,44.5749758],[24.7242153,44.5751219],[24.7241057,44.5752361],[24.7239584,44.575556],[24.7239924,44.5757944],[24.7240747,44.5758995],[24.7245135,44.5761922],[24.7248644,44.5765573],[24.7249706,44.5767788],[24.7243211,44.5776469],[24.723867,44.578008],[24.7237758,44.5782136],[24.7233963,44.5786435],[24.7223909,44.5793945],[24.7219938,44.5798378],[24.7216015,44.5803953],[24.7208728,44.5810868],[24.7205209,44.5811853],[24.7201585,44.5811979],[24.719562,44.5811242],[24.7174412,44.581022],[24.7168142,44.5811365],[24.7162728,44.5813993],[24.7160682,44.5815638],[24.716004,44.5817924],[24.7160268,44.5820828],[24.716273,44.5826119],[24.7162544,44.5828413],[24.7161174,44.5829531],[24.7159761,44.5829847],[24.7106547,44.5823957]]]}},{"type":"Feature","properties":{"entity_id":"osm-r9744188","jurisdiction":"RO","display_name":"OPTAȘI-MĂGURA","display_type":"commune","admin_level":8,"tier":"local","legal_registry":"SIRUTA","legal_id":"127901","legal_type":"commune","parent_catalog_id":"osm-r2366978","osm_relation_id":9744188,"legal_identity_status":"reconciled","geometry_source":"OpenStreetMap","geometry_precision":"master_coordinate_fidelity"},"geometry":{"type":"Polygon","coordinates":[[[24.6043353,44.6038866],[24.6042826,44.6037381],[24.6041449,44.6031311],[24.60421,44.6021929],[24.6042917,44.6019083],[24.605471,44.6002185],[24.6064646,44.5983732],[24.6070815,44.5974626],[24.6073516,44.5964419],[24.6075741,44.5969056],[24.6080204,44.5974351],[24.608698,44.5978589],[24.6098902,44.5983438],[24.6101249,44.5975875],[24.6105243,44.5955536],[24.6114131,44.5918344],[24.6117501,44.5912248],[24.611926,44.5906184],[24.6127749,44.5896521],[24.6140817,44.5872481],[24.6152511,44.585705],[24.6156987,44.5851413],[24.615833,44.5851764],[24.6165292,44.5843742],[24.6168948,44.5839146],[24.6168954,44.5838184],[24.6176085,44.5828299],[24.6178476,44.5825816],[24.6197313,44.580931],[24.6210228,44.579713],[24.6218507,44.5783262],[24.6220897,44.5777228],[24.622395,44.5760416],[24.6223016,44.5748789],[24.6223503,44.5741333],[24.6221327,44.572389],[24.6222327,44.5719843],[24.6221573,44.571862],[24.6221713,44.5717306],[24.6222723,44.5715582],[24.6221892,44.571417],[24.6222665,44.5712769],[24.6223763,44.5705542],[24.6223854,44.5699897],[24.6223249,44.569597],[24.6224249,44.5683735],[24.6222391,44.5661908],[24.6220297,44.5656624],[24.622057,44.5655187],[24.6219472,44.5648268],[24.6168011,44.5648444],[24.6153684,44.5648113],[24.6154173,44.5645289],[24.6153837,44.5642886],[24.6148656,44.5638856],[24.6147944,44.5637097],[24.6148531,44.5633521],[24.615106,44.5629809],[24.6161334,44.5622945],[24.6163546,44.5620012],[24.6163669,44.561206],[24.6165873,44.5608267],[24.6165933,44.5605312],[24.6164851,44.5600218],[24.6160248,44.5592782],[24.6161073,44.558965],[24.6160178,44.5586678],[24.6156906,44.5581382],[24.6155787,44.5577265],[24.6156155,44.5575798],[24.6165363,44.5569053],[24.6169949,44.5560553],[24.6172697,44.5557079],[24.6173225,44.5538799],[24.6174867,44.5537178],[24.6179817,44.5534848],[24.6183416,44.553256],[24.6185333,44.5531021],[24.6185777,44.5529938],[24.6184687,44.5527946],[24.6185041,44.5526616],[24.6181362,44.5522372],[24.6181781,44.5520932],[24.6181127,44.5519537],[24.6179296,44.5518868],[24.6178466,44.5517019],[24.6181966,44.5512298],[24.6184332,44.5510279],[24.6188721,44.5509122],[24.619074,44.5507913],[24.6193764,44.55046],[24.6196658,44.5503638],[24.6197491,44.5502885],[24.6197992,44.5500739],[24.6197194,44.549999],[24.6198148,44.5497288],[24.619956,44.5496602],[24.6200252,44.549414],[24.6199929,44.5493409],[24.6198221,44.549244],[24.6201706,44.5492469],[24.6206358,44.5490759],[24.6210689,44.5492433],[24.6225079,44.5495066],[24.6227497,44.5496924],[24.622808,44.5498832],[24.6229426,44.5500326],[24.6231297,44.5500412],[24.6299882,44.5502385],[24.6305896,44.5500964],[24.6307658,44.550106],[24.6310043,44.5501967],[24.6461424,44.5506504],[24.6465452,44.5506427],[24.6469235,44.5505178],[24.6473014,44.550465],[24.6508866,44.5507552],[24.6534157,44.5508711],[24.6612431,44.5510659],[24.6614445,44.5510666],[24.6615942,44.549132],[24.668023,44.5495742],[24.6691674,44.5497306],[24.6704983,44.5502925],[24.6736885,44.5514718],[24.6735141,44.5516338],[24.6736757,44.5517196],[24.6769146,44.5529932],[24.6774679,44.5530937],[24.6777693,44.5532116],[24.6780212,44.5531853],[24.6782471,44.553303],[24.6787481,44.5537454],[24.6789993,44.5538451],[24.6812375,44.5543942],[24.6830453,44.5550986],[24.6893141,44.5573571],[24.689085,44.5578335],[24.6889072,44.558121],[24.6887808,44.5582197],[24.6877726,44.5584419],[24.6874944,44.5586751],[24.6874054,44.5588278],[24.6875764,44.5597913],[24.6875381,44.5598902],[24.6868925,44.5605724],[24.6881987,44.561116],[24.6878953,44.5613582],[24.6886721,44.5620354],[24.6880403,44.5624656],[24.6874983,44.5625991],[24.6869661,44.5632456],[24.6868755,44.5637044],[24.686925,44.5638485],[24.687288,44.5642455],[24.6873249,44.5644076],[24.6867518,44.565612],[24.686385,44.565935],[24.686169,44.5662854],[24.6862427,44.5666366],[24.6866459,44.5671196],[24.6867803,44.5672806],[24.6864574,44.5674191],[24.6860924,44.5678423],[24.685516,44.5682376],[24.6851896,44.5691663],[24.6849257,44.5695819],[24.6845913,44.569847],[24.6848148,44.5699305],[24.685787,44.569918],[24.6863892,44.5703723],[24.686694,44.5705399],[24.6867977,44.5706926],[24.6868548,44.5712853],[24.6874609,44.5718504],[24.6864767,44.5720406],[24.6858428,44.5723324],[24.6851366,44.572994],[24.6848641,44.5739541],[24.6849467,44.5739872],[24.6851471,44.5739122],[24.6851961,44.5741999],[24.6850346,44.5743228],[24.6849756,44.5745872],[24.685292,44.5753424],[24.6855245,44.5754869],[24.6858943,44.5755311],[24.6858214,44.5756287],[24.68562,44.5756827],[24.685292,44.576073],[24.685167,44.5761388],[24.6842786,44.5763619],[24.684064,44.5765141],[24.6837652,44.5769225],[24.6836362,44.5769714],[24.682666,44.5769889],[24.682279,44.577144],[24.6818721,44.5771642],[24.6817567,44.5772427],[24.681694,44.5774587],[24.6817553,44.5776068],[24.6816573,44.5778711],[24.681809,44.5783711],[24.6818253,44.5787903],[24.6823369,44.5789248],[24.6820614,44.5793707],[24.6819509,44.5797156],[24.68198,44.5802851],[24.6816397,44.5807184],[24.6814495,44.5808112],[24.6812415,44.5807088],[24.6794588,44.5807414],[24.6793316,44.5805586],[24.6790867,44.5803574],[24.679069,44.5802423],[24.6792519,44.579978],[24.6792399,44.579788],[24.6794658,44.5797783],[24.6795718,44.5796124],[24.6796003,44.5794547],[24.6794751,44.5792947],[24.67946,44.5791819],[24.6795001,44.5789795],[24.6796463,44.5787441],[24.6801496,44.5783297],[24.680508,44.5781297],[24.6806175,44.5779603],[24.680593,44.5775854],[24.6808057,44.5769532],[24.6814397,44.5756061],[24.681545,44.5752672],[24.681562,44.5747217],[24.6818428,44.5741026],[24.681724,44.5739063],[24.6815714,44.5738357],[24.6812168,44.5737585],[24.6809174,44.5737567],[24.6805658,44.5738971],[24.6801594,44.5742284],[24.6799584,44.5745506],[24.679943,44.5747642],[24.6798492,44.574971],[24.6803042,44.5751181],[24.6803922,44.5752035],[24.6804304,44.5753761],[24.68036,44.5757675],[24.6802647,44.5759009],[24.6800011,44.5760569],[24.6792607,44.5767817],[24.6790233,44.5769548],[24.6779693,44.5768016],[24.6778246,44.5768185],[24.677329,44.5774479],[24.6771512,44.5775758],[24.674262,44.5773214],[24.6711496,44.577164],[24.6711178,44.5785071],[24.6712011,44.5792121],[24.6711623,44.5806595],[24.6710583,44.5811438],[24.6706124,44.5821652],[24.6708026,44.5826687],[24.6709479,44.583391],[24.6710433,44.5835359],[24.6707281,44.5842447],[24.6706475,44.5846683],[24.6705449,44.5848524],[24.6699013,44.5853024],[24.6693834,44.5861315],[24.6701399,44.586094],[24.6708275,44.5861536],[24.6723851,44.5863722],[24.6725453,44.5863595],[24.6727603,44.5864265],[24.6723859,44.5868892],[24.672277,44.5875003],[24.6689532,44.5872849],[24.6686062,44.5886678],[24.6687148,44.5896482],[24.6688805,44.5903122],[24.6695389,44.5916809],[24.6691603,44.5917758],[24.6691341,44.5918614],[24.6680537,44.5920155],[24.6679617,44.5920751],[24.6679434,44.5922128],[24.66803,44.5924023],[24.6680629,44.5924386],[24.6682891,44.5924198],[24.6683308,44.5926478],[24.6685868,44.5928574],[24.6685402,44.5935058],[24.6680995,44.5941542],[24.6679333,44.5942567],[24.66732,44.5944229],[24.6671928,44.594516],[24.6671709,44.5946017],[24.6672456,44.5946617],[24.6676228,44.5947318],[24.6682049,44.594994],[24.6683448,44.5957293],[24.6682843,44.5957965],[24.6676771,44.595807],[24.6678067,44.5959235],[24.6678212,44.5960109],[24.6674874,44.5962351],[24.6673673,44.5962194],[24.6672841,44.5961334],[24.6670004,44.596226],[24.6669979,44.5962919],[24.6671648,44.5963675],[24.6671429,44.5964364],[24.6668931,44.5965919],[24.667056,44.5966292],[24.6670772,44.5966767],[24.666957,44.5968919],[24.6670046,44.5969952],[24.6669895,44.5972856],[24.6667619,44.5973136],[24.6668305,44.5974953],[24.6667954,44.5975392],[24.6663862,44.5975055],[24.6659916,44.5977203],[24.665934,44.59801],[24.6660769,44.5982856],[24.6661126,44.5985915],[24.6660706,44.5989258],[24.6658038,44.5991639],[24.6657957,44.5995419],[24.6657108,44.5998263],[24.6657771,44.6003313],[24.6659544,44.600523],[24.6666426,44.6008521],[24.6673479,44.6012896],[24.6681658,44.6014681],[24.6684803,44.6016028],[24.6685805,44.6017624],[24.6685099,44.6021509],[24.6685801,44.6023593],[24.6682075,44.6024984],[24.6682018,44.6028759],[24.6678496,44.6031042],[24.6677037,44.6031293],[24.6674091,44.6036615],[24.6667342,44.6041678],[24.6664328,44.6045122],[24.666195,44.6045842],[24.6659802,44.6047748],[24.6658058,44.6050262],[24.6656747,44.6054253],[24.6651402,44.6057797],[24.665031,44.6059005],[24.6648404,44.6063693],[24.6645344,44.6064992],[24.6644319,44.6066224],[24.6644016,44.6070303],[24.6645004,44.6072017],[24.6647226,44.6079719],[24.6646976,44.6082546],[24.6645633,44.6084728],[24.6643128,44.6086193],[24.663594,44.6088178],[24.6619716,44.6091289],[24.6617152,44.6091519],[24.6607408,44.6090553],[24.6604597,44.6091427],[24.6599581,44.6095131],[24.6597186,44.6097976],[24.6595431,44.6102294],[24.6594402,44.6107467],[24.659153,44.6111499],[24.6587627,44.6114735],[24.6582772,44.6120241],[24.6581672,44.6120925],[24.6577646,44.6121331],[24.6577284,44.6121775],[24.6576845,44.6121899],[24.6575173,44.6121288],[24.651294,44.6104892],[24.6509305,44.6102837],[24.6508105,44.6102553],[24.6507294,44.6102956],[24.6506948,44.6102502],[24.643605,44.6079498],[24.6433101,44.6081293],[24.6387505,44.6062724],[24.6375963,44.6061364],[24.6371747,44.6059811],[24.6369993,44.6059822],[24.6363238,44.6062683],[24.6360403,44.6062719],[24.6355953,44.606071],[24.6352271,44.606036],[24.6330762,44.6054282],[24.633131,44.6053532],[24.6308252,44.6047572],[24.631625,44.6038774],[24.6317269,44.6036777],[24.6317777,44.6033885],[24.6320392,44.6033769],[24.6321787,44.6031424],[24.6320254,44.6030222],[24.6317178,44.6029404],[24.6317297,44.6028681],[24.6308827,44.6026574],[24.6295669,44.6028238],[24.6291274,44.6029747],[24.6282936,44.6034382],[24.6279298,44.6035699],[24.6275379,44.6036102],[24.6268769,44.6035279],[24.6253975,44.6028315],[24.6247564,44.6025822],[24.6214956,44.6026376],[24.6199969,44.6024767],[24.6196577,44.6025348],[24.6192828,44.6028767],[24.6192225,44.6030754],[24.6192882,44.6032028],[24.6188203,44.6033908],[24.6184491,44.6034769],[24.6183493,44.6036063],[24.6180733,44.6035917],[24.6178683,44.6038441],[24.6173381,44.604159],[24.6169235,44.6043428],[24.6167194,44.6045366],[24.6153064,44.6043859],[24.6140798,44.6043697],[24.6138365,44.6043093],[24.6128671,44.6042404],[24.6043353,44.6038866]]]}},{"type":"Feature","properties":{"entity_id":"osm-r9744189","jurisdiction":"RO","display_name":"COLONEȘTI","display_type":"commune","admin_level":8,"tier":"local","legal_registry":"SIRUTA","legal_id":"126228","legal_type":"commune","parent_catalog_id":"osm-r2366978","osm_relation_id":9744189,"legal_identity_status":"reconciled","geometry_source":"OpenStreetMap","geometry_precision":"master_coordinate_fidelity"},"geometry":{"type":"Polygon","coordinates":[[[24.6576845,44.6121899],[24.6577284,44.6121775],[24.6577646,44.6121331],[24.6581672,44.6120925],[24.6582772,44.6120241],[24.6587627,44.6114735],[24.659153,44.6111499],[24.6594402,44.6107467],[24.6595431,44.6102294],[24.6597186,44.6097976],[24.6599581,44.6095131],[24.6604597,44.6091427],[24.6607408,44.6090553],[24.6617152,44.6091519],[24.6619716,44.6091289],[24.663594,44.6088178],[24.6643128,44.6086193],[24.6645633,44.6084728],[24.6646976,44.6082546],[24.6647226,44.6079719],[24.6645004,44.6072017],[24.6644016,44.6070303],[24.6644319,44.6066224],[24.6645344,44.6064992],[24.6648404,44.6063693],[24.665031,44.6059005],[24.6651402,44.6057797],[24.6656747,44.6054253],[24.6658058,44.6050262],[24.6659802,44.6047748],[24.666195,44.6045842],[24.6664328,44.6045122],[24.6667342,44.6041678],[24.6674091,44.6036615],[24.6677037,44.6031293],[24.6678496,44.6031042],[24.6682018,44.6028759],[24.6682075,44.6024984],[24.6685801,44.6023593],[24.6685099,44.6021509],[24.6685805,44.6017624],[24.6684803,44.6016028],[24.6681658,44.6014681],[24.6673479,44.6012896],[24.6666426,44.6008521],[24.6659544,44.600523],[24.6657771,44.6003313],[24.6657108,44.5998263],[24.6657957,44.5995419],[24.6658038,44.5991639],[24.6660706,44.5989258],[24.6661126,44.5985915],[24.6660769,44.5982856],[24.665934,44.59801],[24.6659916,44.5977203],[24.6663862,44.5975055],[24.6667954,44.5975392],[24.6668305,44.5974953],[24.6667619,44.5973136],[24.6669895,44.5972856],[24.6670046,44.5969952],[24.666957,44.5968919],[24.6670772,44.5966767],[24.667056,44.5966292],[24.6668931,44.5965919],[24.6671429,44.5964364],[24.6671648,44.5963675],[24.6669979,44.5962919],[24.6670004,44.596226],[24.6672841,44.5961334],[24.6673673,44.5962194],[24.6674874,44.5962351],[24.6678212,44.5960109],[24.6678067,44.5959235],[24.6676771,44.595807],[24.6682843,44.5957965],[24.6683448,44.5957293],[24.6682049,44.594994],[24.6676228,44.5947318],[24.6672456,44.5946617],[24.6671709,44.5946017],[24.6671928,44.594516],[24.66732,44.5944229],[24.6679333,44.5942567],[24.6680995,44.5941542],[24.6685402,44.5935058],[24.6685868,44.5928574],[24.6683308,44.5926478],[24.6682891,44.5924198],[24.6680629,44.5924386],[24.66803,44.5924023],[24.6679434,44.5922128],[24.6679617,44.5920751],[24.6680537,44.5920155],[24.6691341,44.5918614],[24.6691603,44.5917758],[24.6695389,44.5916809],[24.6688805,44.5903122],[24.6687148,44.5896482],[24.6686062,44.5886678],[24.6689532,44.5872849],[24.672277,44.5875003],[24.6723859,44.5868892],[24.6727603,44.5864265],[24.6725453,44.5863595],[24.6723851,44.5863722],[24.6708275,44.5861536],[24.6701399,44.586094],[24.6693834,44.5861315],[24.6699013,44.5853024],[24.6705449,44.5848524],[24.6706475,44.5846683],[24.6707281,44.5842447],[24.6710433,44.5835359],[24.6709479,44.583391],[24.6708026,44.5826687],[24.6706124,44.5821652],[24.6710583,44.5811438],[24.6711623,44.5806595],[24.6712011,44.5792121],[24.6711178,44.5785071],[24.6711496,44.577164],[24.674262,44.5773214],[24.6771512,44.5775758],[24.677329,44.5774479],[24.6778246,44.5768185],[24.6779693,44.5768016],[24.6790233,44.5769548],[24.6792607,44.5767817],[24.6800011,44.5760569],[24.6802647,44.5759009],[24.68036,44.5757675],[24.6804304,44.5753761],[24.6803922,44.5752035],[24.6803042,44.5751181],[24.6798492,44.574971],[24.679943,44.5747642],[24.6799584,44.5745506],[24.6801594,44.5742284],[24.6805658,44.5738971],[24.6809174,44.5737567],[24.6812168,44.5737585],[24.6815714,44.5738357],[24.681724,44.5739063],[24.6818428,44.5741026],[24.681562,44.5747217],[24.681545,44.5752672],[24.6814397,44.5756061],[24.6808057,44.5769532],[24.680593,44.5775854],[24.6806175,44.5779603],[24.680508,44.5781297],[24.6801496,44.5783297],[24.6796463,44.5787441],[24.6795001,44.5789795],[24.67946,44.5791819],[24.6794751,44.5792947],[24.6796003,44.5794547],[24.6795718,44.5796124],[24.6794658,44.5797783],[24.6792399,44.579788],[24.6792519,44.579978],[24.679069,44.5802423],[24.6790867,44.5803574],[24.6793316,44.5805586],[24.6794588,44.5807414],[24.6812415,44.5807088],[24.6814495,44.5808112],[24.6816397,44.5807184],[24.68198,44.5802851],[24.6819509,44.5797156],[24.6820614,44.5793707],[24.6823369,44.5789248],[24.6818253,44.5787903],[24.681809,44.5783711],[24.6816573,44.5778711],[24.6817553,44.5776068],[24.681694,44.5774587],[24.6817567,44.5772427],[24.6818721,44.5771642],[24.682279,44.577144],[24.682666,44.5769889],[24.6836362,44.5769714],[24.6837652,44.5769225],[24.684064,44.5765141],[24.6842786,44.5763619],[24.685167,44.5761388],[24.685292,44.576073],[24.68562,44.5756827],[24.6858214,44.5756287],[24.6858943,44.5755311],[24.6855245,44.5754869],[24.685292,44.5753424],[24.6849756,44.5745872],[24.6850346,44.5743228],[24.6851961,44.5741999],[24.6851471,44.5739122],[24.6849467,44.5739872],[24.6848641,44.5739541],[24.6851366,44.572994],[24.6858428,44.5723324],[24.6864767,44.5720406],[24.6874609,44.5718504],[24.6868548,44.5712853],[24.6867977,44.5706926],[24.686694,44.5705399],[24.6863892,44.5703723],[24.685787,44.569918],[24.6848148,44.5699305],[24.6845913,44.569847],[24.6849257,44.5695819],[24.6851896,44.5691663],[24.685516,44.5682376],[24.6860924,44.5678423],[24.6864574,44.5674191],[24.6867803,44.5672806],[24.6872448,44.5671594],[24.6884728,44.566957],[24.6897825,44.5669369],[24.690455,44.5668048],[24.690934,44.5668595],[24.6913047,44.5667967],[24.6920097,44.5675056],[24.6920611,44.5676157],[24.6919838,44.5676898],[24.691375,44.5677366],[24.6912436,44.5677831],[24.6911064,44.5679226],[24.6911734,44.5689564],[24.6911175,44.5692045],[24.6909464,44.5694707],[24.690925,44.5696646],[24.6909447,44.5698304],[24.6911064,44.5700329],[24.6910967,44.5701654],[24.691044,44.5702978],[24.6906702,44.5707392],[24.6905204,44.5712689],[24.6901807,44.5720983],[24.6901088,44.5724239],[24.6901471,44.572875],[24.6925185,44.5732738],[24.6949914,44.5734864],[24.697369,44.574098],[24.6967655,44.5752722],[24.6968956,44.5755481],[24.6975896,44.5759547],[24.6978737,44.576358],[24.6979405,44.5765686],[24.6979075,44.5767577],[24.6976022,44.5772365],[24.6975028,44.5775486],[24.6977401,44.577972],[24.6979987,44.5781057],[24.6981065,44.5782612],[24.6982459,44.5783217],[24.6984699,44.578723],[24.6985544,44.5790287],[24.6985158,44.579206],[24.6980968,44.5796308],[24.6977541,44.5798281],[24.6973947,44.5799235],[24.697704,44.5802615],[24.6985486,44.5807508],[24.699459,44.580949],[24.7001885,44.5810365],[24.70033,44.5810214],[24.7004196,44.5809268],[24.7087856,44.5820119],[24.7106547,44.5823957],[24.7106063,44.5836817],[24.7103177,44.5866793],[24.7101429,44.5894843],[24.7098234,44.5952888],[24.7094476,44.6042519],[24.7091886,44.6077785],[24.7089988,44.6135047],[24.7088904,44.6139008],[24.7087326,44.6165437],[24.7090644,44.6168116],[24.7095129,44.616851],[24.7100127,44.6170444],[24.7103261,44.6174171],[24.7103585,44.617577],[24.7107219,44.617704],[24.7108912,44.6180446],[24.7112632,44.6183867],[24.71152,44.6185291],[24.7120087,44.6186313],[24.7122205,44.6188956],[24.7122557,44.6191087],[24.7126807,44.6192623],[24.7129861,44.6196255],[24.7130399,44.6197853],[24.7129764,44.6199834],[24.7131026,44.6202269],[24.7131165,44.6203943],[24.7129707,44.6207296],[24.7128614,44.6208078],[24.7124773,44.6208675],[24.7124508,44.6209684],[24.7120565,44.6211767],[24.7118002,44.6211523],[24.7117042,44.6211925],[24.7117049,44.6214438],[24.7115674,44.6218553],[24.7116803,44.622152],[24.7119673,44.6226234],[24.7122481,44.6228381],[24.7130979,44.6230881],[24.7133706,44.6232418],[24.713731,44.6232888],[24.714107,44.6231321],[24.7143365,44.6231412],[24.714505,44.6232247],[24.7147646,44.6234679],[24.715211,44.6236747],[24.715286,44.6237869],[24.7153246,44.6241676],[24.7157769,44.6245477],[24.7158311,44.6248087],[24.7159992,44.6249747],[24.7161011,44.6253807],[24.7163175,44.6255809],[24.7166218,44.6257448],[24.7167129,44.6260993],[24.7159913,44.6267524],[24.7156994,44.6271307],[24.7155904,44.6273969],[24.7144995,44.6279211],[24.7144952,44.6280131],[24.7107849,44.627925],[24.7104808,44.6280717],[24.7103875,44.6282508],[24.7102938,44.6308891],[24.7103058,44.6322845],[24.7102263,44.6330012],[24.7101571,44.6331843],[24.7099759,44.6334358],[24.709509,44.6338246],[24.7093598,44.6340762],[24.7092855,44.6344651],[24.7092215,44.6345374],[24.707812,44.6343865],[24.7076412,44.6344416],[24.7074973,44.6345656],[24.7073424,44.6345826],[24.7072411,44.6346931],[24.707284,44.6348762],[24.707527,44.6351851],[24.7076501,44.6354768],[24.70812,44.6356372],[24.7082429,44.6357459],[24.7081603,44.6359746],[24.7082485,44.636089],[24.7082272,44.6361767],[24.7081498,44.6362282],[24.7079363,44.6362262],[24.7078109,44.6362986],[24.7078057,44.6364092],[24.7076484,44.6366531],[24.7076356,44.6373318],[24.7074491,44.6377206],[24.7074627,44.6380486],[24.707292,44.63818],[24.7069344,44.6382505],[24.7066782,44.6384353],[24.7058457,44.6387877],[24.7049784,44.6389724],[24.704885,44.6391324],[24.7044741,44.6393439],[24.7043862,44.6395345],[24.7043971,44.639809],[24.7042717,44.6398642],[24.7039701,44.6398756],[24.7039223,44.640194],[24.7038317,44.6403617],[24.7037062,44.6403978],[24.7034046,44.6403595],[24.7033007,44.6405863],[24.7030204,44.6405596],[24.7029082,44.6404375],[24.70278,44.6404241],[24.7025424,44.6402563],[24.7023876,44.64026],[24.7022489,44.6403876],[24.7021528,44.6403781],[24.7020833,44.640258],[24.7021552,44.6401226],[24.702053,44.6400757],[24.7014159,44.6400747],[24.7013572,44.6401813],[24.7010665,44.640368],[24.7011067,44.6407208],[24.7014164,44.6407609],[24.7015445,44.6408182],[24.7017181,44.6410127],[24.7018865,44.6413274],[24.7025166,44.6415659],[24.7023222,44.6421453],[24.7023786,44.6426925],[24.7022774,44.6427534],[24.7017222,44.6428733],[24.7017143,44.6429915],[24.701952,44.6431002],[24.7022509,44.6431175],[24.7024111,44.6431729],[24.7024806,44.6433045],[24.7022966,44.6434873],[24.7023153,44.6435655],[24.7024648,44.6436037],[24.7027371,44.6435333],[24.7027985,44.6436096],[24.7028119,44.6437869],[24.7033033,44.644014],[24.7034076,44.6441093],[24.7036,44.6444144],[24.7035255,44.644666],[24.7035522,44.6448299],[24.7036617,44.6448929],[24.7039474,44.644933],[24.704049,44.645179],[24.7042681,44.6453831],[24.7042567,44.6455787],[24.7041453,44.6457685],[24.7041926,44.6460719],[24.7050195,44.6470257],[24.7051139,44.6473777],[24.7053399,44.6476693],[24.7053907,44.6478984],[24.7052952,44.6480731],[24.7050464,44.6483687],[24.7046971,44.6485682],[24.7046023,44.6486971],[24.7045874,44.648748],[24.7043623,44.6487278],[24.7011935,44.6482779],[24.6950511,44.647663],[24.6959702,44.6483551],[24.6958078,44.6484617],[24.695099,44.6516408],[24.6919622,44.6669495],[24.6878486,44.6664321],[24.6877849,44.6668708],[24.6878348,44.6672857],[24.6877985,44.6676533],[24.6876411,44.6678426],[24.6873884,44.6679014],[24.686812,44.6678143],[24.6865041,44.6675895],[24.6860326,44.6675044],[24.6859815,44.6671954],[24.6858723,44.6669859],[24.6854255,44.6670076],[24.685344,44.6667455],[24.6842582,44.6668055],[24.6840469,44.6670202],[24.6836929,44.6670928],[24.6835201,44.6679488],[24.6829988,44.6687097],[24.6828777,44.6687942],[24.6822213,44.6689927],[24.6820636,44.6692316],[24.6821186,44.6693061],[24.6823982,44.6694045],[24.6824133,44.6696265],[24.6824757,44.6697029],[24.6830175,44.6698404],[24.6830636,44.6700473],[24.6831236,44.6700951],[24.6833044,44.670161],[24.6837848,44.6702077],[24.6836165,44.6705241],[24.6836465,44.6709952],[24.6834876,44.6711411],[24.6833426,44.6710716],[24.6832079,44.6706295],[24.6822308,44.6704527],[24.6820094,44.6703077],[24.6817333,44.6702311],[24.6814459,44.6700006],[24.6811368,44.669898],[24.6810221,44.6696316],[24.6806816,44.6695638],[24.6798016,44.6695588],[24.6794042,44.6706739],[24.6793946,44.6708182],[24.679493,44.6710748],[24.6793646,44.6713149],[24.6793943,44.6714118],[24.6796782,44.6715526],[24.6797353,44.6717371],[24.6798512,44.6718127],[24.6823483,44.6721738],[24.6823358,44.6722702],[24.6820384,44.6724554],[24.6820276,44.672559],[24.6826206,44.6731142],[24.6829532,44.6733257],[24.6830615,44.6735456],[24.6830496,44.6737912],[24.6818697,44.6739963],[24.681023,44.6739282],[24.6808601,44.6737573],[24.6805712,44.6736537],[24.6777554,44.6731675],[24.6770833,44.6730804],[24.6762322,44.6731419],[24.6753384,44.672994],[24.6744599,44.672763],[24.6741834,44.6727794],[24.6732051,44.6726739],[24.6723172,44.6725018],[24.6700922,44.6728178],[24.6698859,44.6728658],[24.6691818,44.6731648],[24.6678601,44.673473],[24.6657687,44.6745456],[24.6655573,44.6747176],[24.6647841,44.676372],[24.663891,44.6779084],[24.6634695,44.678478],[24.663393,44.6787158],[24.6631639,44.6786583],[24.6626783,44.6786944],[24.6616107,44.6785809],[24.6589164,44.6780174],[24.6587292,44.6780684],[24.6585923,44.6781657],[24.6574141,44.6793511],[24.6544767,44.6790501],[24.6543694,44.6789994],[24.6542833,44.6788794],[24.6529041,44.6785688],[24.6529021,44.6788126],[24.6524446,44.6786286],[24.6519839,44.678642],[24.6518394,44.6786876],[24.6527948,44.6789821],[24.6528058,44.6790997],[24.6513796,44.679463],[24.6513466,44.6794273],[24.651001,44.6796092],[24.6508232,44.6795578],[24.6506851,44.6796167],[24.6503935,44.6795311],[24.6504116,44.6792855],[24.650148,44.6790859],[24.6491965,44.6789423],[24.6491244,44.6788654],[24.6481402,44.6786218],[24.6479574,44.6786196],[24.6475433,44.6787436],[24.6473446,44.6787582],[24.646115,44.6786426],[24.6443675,44.6782913],[24.6440418,44.6783444],[24.6436976,44.6783078],[24.64291,44.6790549],[24.6379986,44.6777468],[24.6371601,44.6774022],[24.637249,44.6771394],[24.6369286,44.6770173],[24.6365121,44.6769457],[24.6366876,44.6768444],[24.6372135,44.6769048],[24.6374633,44.6767402],[24.6377603,44.6763832],[24.6379504,44.6758472],[24.6363467,44.6755431],[24.6354962,44.6754426],[24.6355,44.6753519],[24.6357202,44.6750875],[24.6362999,44.6746963],[24.6369452,44.6747449],[24.6371568,44.6748154],[24.6377584,44.6748915],[24.6380161,44.6748783],[24.6382841,44.6747815],[24.6386804,44.6745153],[24.6388957,44.6744974],[24.6392878,44.6743707],[24.6394485,44.6742271],[24.639531,44.6740464],[24.6395011,44.6738981],[24.6385682,44.6737234],[24.6386408,44.6736209],[24.6388431,44.673608],[24.6398683,44.6738314],[24.6401005,44.6735578],[24.6386037,44.6732011],[24.6367678,44.6728539],[24.6366517,44.6728187],[24.6364655,44.6726146],[24.6350754,44.6724181],[24.635046,44.6725503],[24.6342721,44.6724664],[24.6341521,44.6724399],[24.6339541,44.6722977],[24.6322033,44.6720217],[24.6320611,44.6719544],[24.6320246,44.6717843],[24.6315385,44.6716725],[24.6310587,44.6716731],[24.6307587,44.6714549],[24.6302032,44.6714217],[24.6295822,44.6713122],[24.6295089,44.6713082],[24.6290317,44.6712584],[24.6289745,44.6711858],[24.6290293,44.670736],[24.6292753,44.6706633],[24.6296675,44.6707311],[24.6297771,44.6704433],[24.6296714,44.669607],[24.6296945,44.6691419],[24.6293432,44.668273],[24.6293913,44.6677325],[24.6295416,44.667279],[24.6294885,44.6672088],[24.6292881,44.6671764],[24.6291948,44.6670081],[24.629228,44.666703],[24.6291455,44.6663545],[24.6290989,44.6655839],[24.6290619,44.6633816],[24.6292267,44.6622909],[24.6292823,44.6613858],[24.6301783,44.6611221],[24.6301793,44.6609728],[24.6300051,44.6606736],[24.6289736,44.6604332],[24.6286083,44.6602701],[24.6278726,44.6601093],[24.6274079,44.6599243],[24.6270142,44.6597156],[24.6264808,44.6592033],[24.6264837,44.6591646],[24.6267487,44.6590964],[24.6267714,44.6590539],[24.6267422,44.6589608],[24.6265269,44.6588271],[24.6263107,44.6588184],[24.6262816,44.6587146],[24.6262416,44.6579886],[24.6262799,44.6578265],[24.6266075,44.6573335],[24.6265828,44.6571207],[24.6264505,44.6568277],[24.6258896,44.6565334],[24.6256448,44.6563491],[24.6251039,44.6560981],[24.6244695,44.655644],[24.624318,44.6554414],[24.6241493,44.655034],[24.6236009,44.6544349],[24.6230006,44.6539144],[24.623054,44.6537178],[24.6228594,44.6534831],[24.6227902,44.6530948],[24.622891,44.6527562],[24.6231167,44.6525309],[24.6231321,44.6524499],[24.6227864,44.6522941],[24.6227422,44.6521958],[24.6230651,44.6521692],[24.6231014,44.6521011],[24.6228669,44.6518594],[24.6228152,44.6515479],[24.622454,44.6514195],[24.6224155,44.6513639],[24.6224821,44.6512405],[24.6223842,44.6511207],[24.6224987,44.6509868],[24.6224158,44.6508586],[24.6236682,44.6509783],[24.6273641,44.6515025],[24.628184,44.6510547],[24.6282383,44.6505112],[24.6283539,44.6501553],[24.6282712,44.6500028],[24.6285133,44.6500752],[24.629044,44.6501307],[24.6296295,44.6501147],[24.6298921,44.6495905],[24.6302623,44.6491628],[24.6303394,44.6488926],[24.6308688,44.6489212],[24.6319107,44.6491126],[24.6320615,44.6490075],[24.6323975,44.6490162],[24.6326425,44.6489672],[24.6327816,44.6486568],[24.6329993,44.6486595],[24.6339317,44.6487354],[24.6357628,44.6490348],[24.6362675,44.6491611],[24.636824,44.6493948],[24.6369742,44.6494187],[24.6371059,44.6493735],[24.63716,44.6490222],[24.6371191,44.6483721],[24.6372579,44.6478819],[24.6372151,44.6477791],[24.6369742,44.6476854],[24.6370551,44.6472957],[24.6369779,44.6470534],[24.6365971,44.6466561],[24.6362502,44.6461476],[24.6362051,44.6459371],[24.63628,44.6456739],[24.6362268,44.6455092],[24.6359787,44.6452508],[24.6358542,44.6449544],[24.6353501,44.6445009],[24.6353094,44.6436644],[24.6349117,44.6434323],[24.6348817,44.6433623],[24.6347968,44.6433667],[24.6347517,44.6432687],[24.6345009,44.6433517],[24.6343975,44.6431899],[24.634239,44.6431366],[24.633993,44.6431529],[24.6339021,44.6430734],[24.6336906,44.643141],[24.6335906,44.643059],[24.6333166,44.6430567],[24.6329196,44.6429758],[24.6325704,44.6427833],[24.6325064,44.6426853],[24.6325473,44.642453],[24.6326826,44.6423609],[24.6327178,44.6422141],[24.6326322,44.6420842],[24.6327587,44.6419186],[24.6330484,44.6419013],[24.6333659,44.6417882],[24.6336295,44.6414228],[24.6338521,44.6412813],[24.6340564,44.6411894],[24.6350911,44.641384],[24.6352711,44.6412456],[24.6354092,44.6409873],[24.6356054,44.6401144],[24.6360267,44.6394792],[24.6362155,44.6384141],[24.6361466,44.6379131],[24.6360592,44.6378703],[24.6349543,44.6377306],[24.6348614,44.6376855],[24.6348359,44.6376107],[24.6349008,44.6362531],[24.6350008,44.6358515],[24.6349124,44.6355239],[24.6390813,44.6361062],[24.6411624,44.6364642],[24.6419283,44.6365178],[24.6419183,44.636332],[24.6419985,44.6362149],[24.6420539,44.6359099],[24.642192,44.635766],[24.6423575,44.6357018],[24.6423844,44.6354729],[24.642773,44.6349044],[24.6428292,44.6342359],[24.642991,44.6337677],[24.6427183,44.6331656],[24.6427111,44.632974],[24.6428079,44.6328481],[24.6428453,44.6325715],[24.6433672,44.6326544],[24.6431917,44.6322866],[24.6428681,44.6320712],[24.642943,44.6320001],[24.6429329,44.6317294],[24.6429844,44.6316039],[24.6428555,44.6313566],[24.6428224,44.630862],[24.6429887,44.6293516],[24.6430465,44.6291304],[24.6433922,44.628459],[24.6435825,44.6276537],[24.643904,44.6268934],[24.6439781,44.6263824],[24.644195,44.6262625],[24.6441514,44.6262093],[24.644014,44.6261884],[24.6445512,44.6241002],[24.6445853,44.6237483],[24.6445099,44.6235549],[24.644517,44.6228606],[24.6447269,44.6229588],[24.6456202,44.6230807],[24.6466163,44.6229472],[24.6473541,44.6229591],[24.6477135,44.622923],[24.6494733,44.6230807],[24.6505685,44.6230334],[24.6509554,44.6229315],[24.6514482,44.6229266],[24.6516012,44.6228505],[24.6519063,44.622929],[24.6521337,44.6229261],[24.6523314,44.6228167],[24.6525665,44.6227813],[24.6528792,44.6217262],[24.6529667,44.6206794],[24.6538443,44.6196179],[24.6540137,44.6190743],[24.6541633,44.618883],[24.654845,44.6185116],[24.6532346,44.6170662],[24.653458,44.6168839],[24.6534223,44.6165528],[24.6535787,44.6159752],[24.6539561,44.6156506],[24.6549639,44.6149754],[24.6556525,44.6145452],[24.6562994,44.6142921],[24.6565447,44.614111],[24.6570075,44.613533],[24.6572574,44.612857],[24.6576845,44.6121899]]]}},{"type":"Feature","properties":{"entity_id":"osm-r9744190","jurisdiction":"RO","display_name":"BĂRĂȘTI","display_type":"commune","admin_level":8,"tier":"local","legal_registry":"SIRUTA","legal_id":"125757","legal_type":"commune","parent_catalog_id":"osm-r2366978","osm_relation_id":9744190,"legal_identity_status":"reconciled","geometry_source":"OpenStreetMap","geometry_precision":"master_coordinate_fidelity"},"geometry":{"type":"Polygon","coordinates":[[[24.6000159,44.7530536],[24.6003574,44.7525852],[24.6005273,44.7525999],[24.6007505,44.7523239],[24.6012539,44.7514885],[24.6014454,44.7510553],[24.6016826,44.7507697],[24.6016205,44.7506995],[24.6016329,44.7506134],[24.601783,44.7505778],[24.6020688,44.7505887],[24.6020233,44.7501193],[24.6016594,44.7499586],[24.6014547,44.7496142],[24.6015152,44.7495289],[24.601837,44.7493427],[24.6018532,44.7491246],[24.6021027,44.7487597],[24.6022927,44.7486108],[24.602257,44.7484189],[24.6024226,44.7482038],[24.6026561,44.7480244],[24.6032029,44.7478392],[24.6033072,44.7469942],[24.6030614,44.7469271],[24.6030078,44.7467766],[24.6031569,44.7465757],[24.6030047,44.7461684],[24.6031894,44.7461046],[24.6030614,44.7458794],[24.6031827,44.7457499],[24.6031798,44.7456459],[24.6030894,44.7454706],[24.6028543,44.7454399],[24.6028437,44.7453918],[24.602957,44.7453597],[24.6028534,44.7453113],[24.6028121,44.7452111],[24.6026757,44.7451482],[24.6026718,44.7449851],[24.6024041,44.7449231],[24.6023755,44.7448359],[24.6024145,44.7447373],[24.6025116,44.7446883],[24.6031643,44.7447295],[24.6032642,44.7441871],[24.603322,44.7441343],[24.603477,44.7441414],[24.6035205,44.7440747],[24.6035054,44.7439976],[24.6033666,44.7439014],[24.6034608,44.7436328],[24.6033954,44.743484],[24.6031978,44.7434016],[24.6032228,44.7431853],[24.6028292,44.7430114],[24.6027191,44.7431034],[24.6026361,44.7430815],[24.6025855,44.7425389],[24.6023377,44.7423156],[24.602417,44.7422885],[24.6025059,44.7423278],[24.6027723,44.7422161],[24.6032662,44.7423218],[24.6033171,44.7422902],[24.6031519,44.742009],[24.6028549,44.7418194],[24.6027159,44.7417579],[24.6022564,44.7417694],[24.6021377,44.7417252],[24.6020451,44.7416145],[24.6023338,44.7413521],[24.6023243,44.7411203],[24.602524,44.7410767],[24.6024831,44.7409925],[24.6026956,44.7409387],[24.6026566,44.7408478],[24.6027098,44.7407662],[24.6025986,44.7406942],[24.6026588,44.7405194],[24.602833,44.7404712],[24.6029529,44.7402125],[24.6030702,44.7402699],[24.6031323,44.7402504],[24.603146,44.7401703],[24.6030402,44.740087],[24.603153,44.7399101],[24.6031243,44.7398474],[24.6037082,44.7389773],[24.603347,44.738884],[24.6037742,44.7388782],[24.60349,44.7387783],[24.603277,44.7388151],[24.6031588,44.7386951],[24.6032002,44.7386438],[24.6034638,44.7386252],[24.6035374,44.7384211],[24.6037459,44.7384677],[24.6038048,44.7384248],[24.6037221,44.7382521],[24.603785,44.7381745],[24.6037197,44.7380234],[24.6038209,44.737793],[24.6035692,44.7376519],[24.6037488,44.7375725],[24.6037736,44.7374969],[24.6039284,44.7375104],[24.6039286,44.7374736],[24.6036469,44.7373883],[24.6036927,44.7373452],[24.603808,44.7373521],[24.6037991,44.737324],[24.6035568,44.7372474],[24.6032532,44.7372464],[24.6032657,44.7371945],[24.6034815,44.7371607],[24.6034484,44.7371173],[24.6029117,44.7370224],[24.6028758,44.7369888],[24.602989,44.7368616],[24.6026888,44.7368151],[24.6026468,44.7367393],[24.6027444,44.7366769],[24.6029054,44.7366559],[24.6029057,44.7366104],[24.6027635,44.7365407],[24.6029093,44.7365369],[24.603082,44.7365786],[24.6030359,44.7366563],[24.6031084,44.736715],[24.6032388,44.7367305],[24.6033941,44.7366662],[24.6035363,44.7367338],[24.603601,44.7365848],[24.6037781,44.7364448],[24.6014233,44.7365317],[24.6013095,44.7363107],[24.6010186,44.7360316],[24.6008494,44.7359208],[24.6002348,44.7356893],[24.5990898,44.7355101],[24.5981372,44.7354289],[24.59766,44.7355093],[24.5974183,44.7353463],[24.5973767,44.7352596],[24.5975222,44.7351302],[24.5976581,44.734812],[24.5979607,44.7346407],[24.5981816,44.7342161],[24.5981493,44.734123],[24.5987034,44.7337751],[24.5987017,44.7335844],[24.5987832,44.7334122],[24.5989517,44.7331927],[24.5992464,44.7329835],[24.5993466,44.7326433],[24.5990945,44.7318898],[24.5989337,44.7316946],[24.5991376,44.7313652],[24.5991048,44.7312894],[24.5988739,44.7308562],[24.5984785,44.7307085],[24.5984606,44.7306345],[24.5983064,44.7306825],[24.5979489,44.7310207],[24.5977814,44.7311023],[24.5972181,44.7310922],[24.596898,44.7310096],[24.5969114,44.7307917],[24.5964624,44.7302052],[24.5956863,44.7305629],[24.5953928,44.7305577],[24.5953395,44.7304951],[24.5950905,44.7305156],[24.5936696,44.7308069],[24.5932719,44.7308141],[24.5929535,44.7307697],[24.592668,44.7307946],[24.5925551,44.7308786],[24.5923129,44.7307912],[24.591841,44.7307852],[24.5909754,44.7308491],[24.5905955,44.7309264],[24.5898871,44.730938],[24.5896045,44.7310384],[24.5892904,44.7310626],[24.5890881,44.7310637],[24.5888873,44.7309472],[24.5878249,44.7309801],[24.5877242,44.731062],[24.5876732,44.7309753],[24.5858422,44.7309454],[24.5837727,44.7307826],[24.5842212,44.7294609],[24.5847791,44.72835],[24.5853843,44.7275866],[24.5855021,44.7273519],[24.5857048,44.7272133],[24.5857517,44.7270654],[24.5862272,44.7264907],[24.5863298,44.7262548],[24.5865853,44.7259796],[24.5867489,44.7256515],[24.5862959,44.7255821],[24.5851933,44.7252655],[24.5850102,44.7251459],[24.5849388,44.7249272],[24.5841541,44.7245758],[24.5839286,44.7245229],[24.5833049,44.7241742],[24.5830606,44.7241133],[24.5830492,44.7239059],[24.5822057,44.7236271],[24.5821921,44.7234918],[24.5824791,44.7231235],[24.5826613,44.723119],[24.5834977,44.7233769],[24.5838328,44.7229048],[24.5848503,44.7233182],[24.5866018,44.7237762],[24.5875447,44.7240702],[24.5876166,44.7238251],[24.5875867,44.7237401],[24.587719,44.7236165],[24.587846,44.7233731],[24.5880984,44.7226816],[24.5880868,44.7224143],[24.5881873,44.7222584],[24.5881238,44.7220309],[24.588292,44.7215814],[24.5883014,44.7211741],[24.5881819,44.720593],[24.588539,44.7199811],[24.5892215,44.7193438],[24.5895659,44.7188638],[24.5896195,44.7187198],[24.5895878,44.718644],[24.5896693,44.7185294],[24.5896664,44.7182094],[24.5897671,44.7179747],[24.589813,44.7175027],[24.5898915,44.717314],[24.5903313,44.7170474],[24.5905694,44.7163841],[24.590596,44.7162827],[24.5904951,44.7159132],[24.5905262,44.7157873],[24.5908195,44.7155951],[24.5913267,44.7146653],[24.5912507,44.7138013],[24.5911084,44.7133883],[24.5912204,44.713387],[24.5912913,44.7128897],[24.5915798,44.7121095],[24.5916394,44.7119988],[24.5918024,44.7119402],[24.5921169,44.711133],[24.5921888,44.7107559],[24.5922901,44.7106453],[24.5924182,44.7102067],[24.5924495,44.7096302],[24.5927649,44.7093058],[24.5928874,44.7089166],[24.5931715,44.708774],[24.5934121,44.7085559],[24.5937518,44.7084758],[24.5942536,44.708027],[24.5943457,44.7078669],[24.5942885,44.7077191],[24.5950668,44.7077573],[24.5956072,44.7079469],[24.5959259,44.7081535],[24.5961181,44.7083474],[24.5965814,44.7089385],[24.5968875,44.7097354],[24.5968698,44.7103514],[24.5966195,44.7105182],[24.5967554,44.7108714],[24.5968962,44.7110322],[24.5967668,44.7112216],[24.597442,44.7116532],[24.5981116,44.7125175],[24.5984532,44.7128039],[24.5985238,44.7130952],[24.598825,44.7135649],[24.5989461,44.7136508],[24.5992211,44.7134799],[24.5995129,44.7131923],[24.5996648,44.71289],[24.5982174,44.7118755],[24.5980842,44.7118602],[24.5974869,44.7114594],[24.5974472,44.7113608],[24.5972382,44.7112063],[24.5972056,44.7111111],[24.597278,44.7110727],[24.597397,44.7108502],[24.5975034,44.710803],[24.5975779,44.7108537],[24.5980024,44.7109147],[24.5982847,44.7110406],[24.5985671,44.7112818],[24.5987137,44.7116204],[24.5999955,44.712502],[24.6001762,44.7122348],[24.6002031,44.7115162],[24.5999156,44.7114557],[24.5997976,44.7113195],[24.5987091,44.7105524],[24.5987641,44.7104507],[24.5978848,44.7097505],[24.598205,44.7095614],[24.5989171,44.7101152],[24.5995141,44.7104302],[24.5999289,44.7107582],[24.6001813,44.7099126],[24.6002197,44.7094142],[24.6006113,44.7089259],[24.6006245,44.7085887],[24.6007173,44.7083321],[24.6006417,44.7078187],[24.6003783,44.7073256],[24.6003167,44.7068375],[24.6000894,44.706486],[24.6000073,44.7059921],[24.600108,44.7055042],[24.6002902,44.7051572],[24.6002041,44.704823],[24.6003072,44.7044096],[24.6003154,44.7036249],[24.6003753,44.7034844],[24.6006569,44.7032611],[24.6007137,44.7031436],[24.6003264,44.7025753],[24.6003793,44.7021054],[24.60075,44.7011079],[24.6012599,44.7001756],[24.6012611,44.6996148],[24.6010361,44.6992292],[24.600932,44.6984865],[24.6014276,44.6980141],[24.601815,44.697417],[24.6019831,44.6970933],[24.6022183,44.6963674],[24.6024132,44.6960901],[24.6025152,44.6956669],[24.6026603,44.6955683],[24.6031133,44.6954573],[24.6032316,44.6953757],[24.6033837,44.6951593],[24.6034526,44.6949264],[24.6035593,44.6948166],[24.6037333,44.6947134],[24.6048126,44.6937702],[24.6052945,44.6932741],[24.605331,44.6928802],[24.6054285,44.6927088],[24.6057984,44.6924911],[24.6063435,44.6925187],[24.6071506,44.6922359],[24.6079689,44.6920735],[24.6082858,44.6918463],[24.6086498,44.6917119],[24.6087106,44.6916036],[24.6080841,44.6909416],[24.6080053,44.6908515],[24.609033,44.6906858],[24.6095702,44.6906297],[24.6098181,44.6905618],[24.6101667,44.6907295],[24.6109887,44.690904],[24.6121409,44.6910055],[24.6131191,44.6911707],[24.6135273,44.6911409],[24.613767,44.6912406],[24.6141572,44.6911814],[24.6144622,44.691319],[24.6149952,44.6916849],[24.6158846,44.6921431],[24.6161971,44.6924713],[24.6167981,44.6928756],[24.617439,44.6926285],[24.617773,44.6923224],[24.6181395,44.6922795],[24.6185531,44.6921044],[24.6189638,44.6920897],[24.619335,44.6918601],[24.6198988,44.6916868],[24.6201177,44.6915435],[24.6202146,44.691354],[24.6215473,44.6911251],[24.6218849,44.691137],[24.622244,44.6912935],[24.6218201,44.6908483],[24.6215428,44.6904226],[24.6204798,44.6877273],[24.6203357,44.6870413],[24.6204593,44.6865495],[24.6201394,44.6865264],[24.6200495,44.686423],[24.6201198,44.6862913],[24.6205134,44.685991],[24.6204727,44.6858778],[24.620176,44.6856508],[24.6201394,44.685473],[24.6205117,44.6850825],[24.6205016,44.6848995],[24.6203854,44.6847726],[24.6202312,44.6847021],[24.6197778,44.6847786],[24.6195324,44.6847778],[24.6192768,44.6846209],[24.6192551,44.6844808],[24.619339,44.6843519],[24.6197592,44.6841542],[24.6198665,44.6839204],[24.6198552,44.6837945],[24.6196408,44.6836889],[24.618902,44.683541],[24.6187703,44.6834814],[24.6186094,44.683279],[24.6186291,44.6831472],[24.6188417,44.6829514],[24.6189278,44.6824969],[24.61924,44.6821355],[24.6190039,44.6818898],[24.619024,44.6817096],[24.6191,44.6816237],[24.619354,44.6814631],[24.6194559,44.68145],[24.6199115,44.6816211],[24.620183,44.6816516],[24.6203958,44.6814316],[24.620187,44.681038],[24.619686,44.680819],[24.6196246,44.6804017],[24.6194216,44.6802906],[24.6189015,44.6801839],[24.6187925,44.6801163],[24.6187818,44.6800193],[24.6188771,44.6798797],[24.6188458,44.6794813],[24.6188884,44.6792829],[24.6191626,44.6789098],[24.6193637,44.6787543],[24.6196165,44.6787525],[24.6204347,44.6788764],[24.6206953,44.6788422],[24.6208387,44.6782749],[24.6210064,44.6780117],[24.6211918,44.6779396],[24.6216889,44.6778582],[24.6217128,44.6776699],[24.6208654,44.6768355],[24.6209342,44.6767092],[24.6212437,44.6765851],[24.6223569,44.6765672],[24.6241833,44.6764354],[24.6245528,44.676124],[24.6249881,44.6760654],[24.6259272,44.6760943],[24.6270926,44.676404],[24.6272955,44.6763029],[24.6274397,44.6761116],[24.6275454,44.6760804],[24.6281105,44.6760531],[24.6285099,44.6762277],[24.6291985,44.6760511],[24.6295822,44.6713122],[24.6302032,44.6714217],[24.6307587,44.6714549],[24.6310587,44.6716731],[24.6315385,44.6716725],[24.6320246,44.6717843],[24.6320611,44.6719544],[24.6322033,44.6720217],[24.6339541,44.6722977],[24.6341521,44.6724399],[24.6342721,44.6724664],[24.635046,44.6725503],[24.6350754,44.6724181],[24.6364655,44.6726146],[24.6366517,44.6728187],[24.6367678,44.6728539],[24.6386037,44.6732011],[24.6401005,44.6735578],[24.6398683,44.6738314],[24.6388431,44.673608],[24.6386408,44.6736209],[24.6385682,44.6737234],[24.6395011,44.6738981],[24.639531,44.6740464],[24.6394485,44.6742271],[24.6392878,44.6743707],[24.6388957,44.6744974],[24.6386804,44.6745153],[24.6382841,44.6747815],[24.6380161,44.6748783],[24.6377584,44.6748915],[24.6371568,44.6748154],[24.6369452,44.6747449],[24.6362999,44.6746963],[24.6357202,44.6750875],[24.6355,44.6753519],[24.6354962,44.6754426],[24.6363467,44.6755431],[24.6379504,44.6758472],[24.6377603,44.6763832],[24.6374633,44.6767402],[24.6372135,44.6769048],[24.6366876,44.6768444],[24.6365121,44.6769457],[24.6369286,44.6770173],[24.637249,44.6771394],[24.6371601,44.6774022],[24.6379986,44.6777468],[24.64291,44.6790549],[24.6436976,44.6783078],[24.6440418,44.6783444],[24.6443675,44.6782913],[24.646115,44.6786426],[24.6473446,44.6787582],[24.6475433,44.6787436],[24.6479574,44.6786196],[24.6481402,44.6786218],[24.6491244,44.6788654],[24.6491965,44.6789423],[24.650148,44.6790859],[24.6504116,44.6792855],[24.6503935,44.6795311],[24.6506851,44.6796167],[24.6508232,44.6795578],[24.651001,44.6796092],[24.6513466,44.6794273],[24.6513796,44.679463],[24.6528058,44.6790997],[24.6527948,44.6789821],[24.6518394,44.6786876],[24.6519839,44.678642],[24.6524446,44.6786286],[24.6529021,44.6788126],[24.6529041,44.6785688],[24.6542833,44.6788794],[24.6543694,44.6789994],[24.6544767,44.6790501],[24.6574141,44.6793511],[24.6585923,44.6781657],[24.6587292,44.6780684],[24.6589164,44.6780174],[24.6616107,44.6785809],[24.6626783,44.6786944],[24.6631639,44.6786583],[24.663393,44.6787158],[24.6634695,44.678478],[24.663891,44.6779084],[24.6647841,44.676372],[24.6655573,44.6747176],[24.6657687,44.6745456],[24.6678601,44.673473],[24.6691818,44.6731648],[24.6698859,44.6728658],[24.6700922,44.6728178],[24.6723172,44.6725018],[24.6732051,44.6726739],[24.6741834,44.6727794],[24.6744599,44.672763],[24.6753384,44.672994],[24.6762322,44.6731419],[24.6770833,44.6730804],[24.6777554,44.6731675],[24.6805712,44.6736537],[24.6808601,44.6737573],[24.681023,44.6739282],[24.6818697,44.6739963],[24.6830496,44.6737912],[24.6830615,44.6735456],[24.6829532,44.6733257],[24.6826206,44.6731142],[24.6820276,44.672559],[24.6820384,44.6724554],[24.6823358,44.6722702],[24.6823483,44.6721738],[24.6798512,44.6718127],[24.6797353,44.6717371],[24.6796782,44.6715526],[24.6793943,44.6714118],[24.6793646,44.6713149],[24.679493,44.6710748],[24.6793946,44.6708182],[24.6794042,44.6706739],[24.6798016,44.6695588],[24.6806816,44.6695638],[24.6810221,44.6696316],[24.6811368,44.669898],[24.6814459,44.6700006],[24.6817333,44.6702311],[24.6820094,44.6703077],[24.6822308,44.6704527],[24.6832079,44.6706295],[24.6833426,44.6710716],[24.6834876,44.6711411],[24.6836465,44.6709952],[24.6836165,44.6705241],[24.6837848,44.6702077],[24.6833044,44.670161],[24.6831236,44.6700951],[24.6830636,44.6700473],[24.6830175,44.6698404],[24.6824757,44.6697029],[24.6824133,44.6696265],[24.6823982,44.6694045],[24.6821186,44.6693061],[24.6820636,44.6692316],[24.6822213,44.6689927],[24.6828777,44.6687942],[24.6829988,44.6687097],[24.6835201,44.6679488],[24.6836929,44.6670928],[24.6840469,44.6670202],[24.6842582,44.6668055],[24.685344,44.6667455],[24.6854255,44.6670076],[24.6858723,44.6669859],[24.6859815,44.6671954],[24.6860326,44.6675044],[24.6865041,44.6675895],[24.686812,44.6678143],[24.6873884,44.6679014],[24.6876411,44.6678426],[24.6877985,44.6676533],[24.6878348,44.6672857],[24.6877849,44.6668708],[24.6878486,44.6664321],[24.6919622,44.6669495],[24.695099,44.6516408],[24.6958078,44.6484617],[24.6959702,44.6483551],[24.6950511,44.647663],[24.7011935,44.6482779],[24.7043623,44.6487278],[24.7045874,44.648748],[24.7045579,44.6488492],[24.7044271,44.649077],[24.7042408,44.6491761],[24.7034996,44.6489654],[24.7033794,44.6489855],[24.7033118,44.6490612],[24.7033855,44.6491494],[24.7036142,44.6492216],[24.7037225,44.6493158],[24.7032547,44.6496211],[24.7031998,44.6497578],[24.7032299,44.6499257],[24.7033641,44.6500868],[24.7037217,44.6503277],[24.7038942,44.6506415],[24.7041318,44.6508719],[24.7041995,44.6510154],[24.7040778,44.651388],[24.7039158,44.6515545],[24.7037626,44.6518736],[24.7031815,44.6527305],[24.7030762,44.6528365],[24.7024001,44.6531383],[24.7013731,44.6533156],[24.7012661,44.6535587],[24.7013544,44.6542187],[24.7015473,44.6543821],[24.702289,44.6548544],[24.70282,44.6551041],[24.7033733,44.6552606],[24.7037892,44.6553038],[24.7041829,44.6554268],[24.7050913,44.6560375],[24.7051804,44.6561868],[24.7051577,44.6563086],[24.704781,44.6567784],[24.704988,44.6571076],[24.7048452,44.6572152],[24.7044586,44.6571762],[24.7040531,44.6578286],[24.7037475,44.6581674],[24.7034921,44.658318],[24.7029032,44.6584394],[24.7025116,44.6586042],[24.7022053,44.659004],[24.7022304,44.6593548],[24.7027906,44.6600754],[24.7029769,44.6603589],[24.7030095,44.6605344],[24.7018425,44.6643029],[24.7017619,44.6648245],[24.7007164,44.6675285],[24.6988478,44.6729274],[24.6975841,44.676813],[24.6974838,44.6771489],[24.6974878,44.6774619],[24.6972348,44.6783244],[24.6968937,44.6792024],[24.6967364,44.6799199],[24.6966093,44.6802176],[24.6966498,44.6803111],[24.6968508,44.6804521],[24.6968779,44.6805646],[24.6966734,44.6808396],[24.6962155,44.6812139],[24.696152,44.6813513],[24.6951158,44.6843969],[24.6940787,44.6871978],[24.6935776,44.6887833],[24.6928613,44.6905883],[24.6911581,44.6955313],[24.6928677,44.6967676],[24.6913648,44.6976835],[24.6909614,44.697679],[24.6907372,44.6977228],[24.6892523,44.6984263],[24.6887664,44.6985079],[24.6881347,44.6984986],[24.6872163,44.6989235],[24.6862289,44.6997326],[24.6856807,44.7001158],[24.687357,44.7010439],[24.6890899,44.7019181],[24.6891973,44.7020694],[24.689451,44.7019459],[24.6998439,44.7060932],[24.7011779,44.7066473],[24.7019565,44.7070543],[24.7030127,44.707512],[24.7042081,44.707953],[24.7105552,44.7105148],[24.7103028,44.7106217],[24.7103254,44.710858],[24.7102616,44.7109324],[24.7103341,44.7109723],[24.7101737,44.7110069],[24.7098941,44.7112164],[24.7097758,44.7115718],[24.7096131,44.7116345],[24.7095681,44.7117434],[24.7094047,44.7116839],[24.7093119,44.7118075],[24.7088739,44.7118553],[24.7084979,44.7120022],[24.7083172,44.712229],[24.7084412,44.7124197],[24.7084121,44.7124713],[24.7083049,44.712439],[24.7082401,44.7123016],[24.7078237,44.7124147],[24.7076954,44.7123996],[24.7076102,44.7124723],[24.7074793,44.7124973],[24.7075786,44.7125889],[24.7071535,44.7129541],[24.7071652,44.713139],[24.7070265,44.7131868],[24.7072861,44.7132608],[24.7072733,44.7133886],[24.7070396,44.7136633],[24.7065977,44.7140068],[24.7065794,44.7140793],[24.7072718,44.7136116],[24.7084478,44.7131071],[24.7086109,44.7131241],[24.7088015,44.7129082],[24.7088382,44.7127552],[24.7089316,44.7126921],[24.7090704,44.7126671],[24.7092632,44.7127356],[24.7095084,44.7125673],[24.7097647,44.7125059],[24.7099068,44.7125935],[24.7099882,44.7128682],[24.7102145,44.7132343],[24.710238,44.7135246],[24.7105556,44.7139493],[24.7108091,44.7144467],[24.7121596,44.7150962],[24.7121856,44.7149255],[24.7124768,44.7148928],[24.7123107,44.7148186],[24.7120914,44.7148151],[24.7119573,44.7147257],[24.7120474,44.7145616],[24.712036,44.7144357],[24.7118373,44.7142414],[24.71196,44.7141764],[24.7122329,44.7142161],[24.7121878,44.7142867],[24.7122253,44.7143057],[24.7127253,44.7141445],[24.7128218,44.7141539],[24.7134384,44.7143816],[24.7136366,44.7143659],[24.7143656,44.7145341],[24.7153737,44.7149784],[24.715963,44.7150744],[24.7161985,44.7150777],[24.7164016,44.7150238],[24.7168604,44.7146699],[24.7169725,44.7140384],[24.7170714,44.7140077],[24.7174796,44.7140348],[24.7196275,44.7143774],[24.7212319,44.7143474],[24.7216418,44.7144557],[24.7217443,44.7146004],[24.7215912,44.71477],[24.7214884,44.7151192],[24.7209981,44.7153873],[24.7209604,44.7154979],[24.7206927,44.7155566],[24.7202963,44.7157258],[24.7183519,44.7167897],[24.7257595,44.7202168],[24.725485,44.7206152],[24.7254438,44.7207632],[24.7252162,44.7208753],[24.7250653,44.7212015],[24.7247465,44.7213688],[24.7240506,44.7215736],[24.72359,44.7217769],[24.7234642,44.7217824],[24.7197283,44.7199477],[24.7159405,44.7182533],[24.7148934,44.7190336],[24.7142373,44.7194006],[24.7136351,44.7198321],[24.713199,44.7203281],[24.7123668,44.7207904],[24.7114274,44.7212089],[24.7105837,44.7215033],[24.7103625,44.7216655],[24.7101926,44.7219172],[24.7100113,44.722047],[24.7093233,44.7235874],[24.7087431,44.7241826],[24.7085218,44.7248537],[24.7085046,44.7251587],[24.7085428,44.7253129],[24.7087041,44.7254747],[24.7094549,44.7258262],[24.7098011,44.726041],[24.7100919,44.7264026],[24.7101957,44.7268139],[24.7098394,44.7267421],[24.7097039,44.7263879],[24.7094737,44.7263501],[24.7092911,44.7262285],[24.7090234,44.7261945],[24.7086813,44.7262541],[24.7085426,44.7263191],[24.7083497,44.7262679],[24.7083072,44.7263242],[24.7080905,44.7263236],[24.7080881,44.7263579],[24.7083104,44.7264319],[24.7082924,44.7265691],[24.7079504,44.7266478],[24.7076509,44.7266616],[24.7075016,44.7267475],[24.7064828,44.7267987],[24.706413,44.7267588],[24.7064793,44.7266443],[24.7063132,44.7266198],[24.7062915,44.7265531],[24.706078,44.7266297],[24.705888,44.7266262],[24.7058481,44.7266606],[24.7058833,44.7267348],[24.7057655,44.7267331],[24.7057529,44.7268723],[24.7056085,44.7268782],[24.7052322,44.7270237],[24.7051986,44.7272601],[24.7052955,44.7273914],[24.7059905,44.7272912],[24.7061271,44.7273272],[24.7061195,44.7274186],[24.7062804,44.7274909],[24.7067109,44.7274616],[24.706715,44.7277265],[24.7068321,44.7281303],[24.7069453,44.7282845],[24.7072191,44.7284689],[24.7070896,44.7287588],[24.7068654,44.7290026],[24.7062884,44.7292263],[24.7060743,44.729198],[24.7060291,44.7292972],[24.7060778,44.7295737],[24.7061234,44.729627],[24.706276,44.7296593],[24.7065113,44.7301246],[24.7066905,44.7301682],[24.7067946,44.7302579],[24.7070862,44.7307311],[24.7073527,44.7310267],[24.7074734,44.7312745],[24.7034801,44.7323014],[24.7033196,44.7322882],[24.7033792,44.7324474],[24.702181,44.7324431],[24.7006216,44.7326728],[24.7004691,44.7327268],[24.6986629,44.7328587],[24.6983876,44.73292],[24.6982563,44.7327849],[24.6980074,44.7327356],[24.6980257,44.7325982],[24.6971381,44.7326642],[24.6968066,44.7327276],[24.6963791,44.7329074],[24.6957404,44.7330113],[24.6956015,44.7331087],[24.6954808,44.7329544],[24.6951977,44.7330844],[24.6940845,44.7328379],[24.6937638,44.7329051],[24.6935391,44.7328538],[24.6923247,44.733194],[24.6921256,44.7335619],[24.6917227,44.7338327],[24.6902462,44.7339232],[24.6882684,44.7339364],[24.6873513,44.7346834],[24.6864435,44.7352201],[24.6840295,44.7367895],[24.6836735,44.7371708],[24.6834899,44.7376095],[24.6834063,44.7376283],[24.6805865,44.7373867],[24.6805031,44.7374715],[24.6789718,44.7374632],[24.6739698,44.7370837],[24.6738301,44.7369891],[24.6735525,44.7371973],[24.6736827,44.73727],[24.673395,44.7374973],[24.6748263,44.7382229],[24.6747178,44.7390904],[24.6728632,44.7387507],[24.671283,44.7379176],[24.6709325,44.7374514],[24.6707286,44.7372746],[24.6703459,44.7371056],[24.6700816,44.7369235],[24.6699173,44.7365766],[24.6691899,44.7360072],[24.6688272,44.7358865],[24.6684471,44.735976],[24.6682023,44.7359447],[24.6671395,44.7355092],[24.6669445,44.7353558],[24.6663089,44.7362055],[24.6652669,44.7358836],[24.6639036,44.7353838],[24.6633518,44.7367077],[24.6633012,44.7369784],[24.6634444,44.7374068],[24.6634433,44.7375998],[24.6600193,44.736748],[24.6585604,44.7364291],[24.6586068,44.7366935],[24.65878,44.7369014],[24.6566686,44.7367466],[24.6565286,44.736602],[24.6550108,44.7365013],[24.6546931,44.7363267],[24.6546775,44.7362281],[24.6526809,44.7360105],[24.6527237,44.7358729],[24.6518261,44.7356823],[24.6510018,44.7355535],[24.6509843,44.7356302],[24.6498636,44.7354286],[24.6441912,44.7337884],[24.6368735,44.7313906],[24.6356138,44.7308833],[24.6356543,44.7310388],[24.6343211,44.730396],[24.6335589,44.7299701],[24.6296552,44.7287721],[24.6296065,44.7288722],[24.6296617,44.7291497],[24.6297528,44.7292619],[24.6305989,44.7298695],[24.6306618,44.7304791],[24.6309172,44.730875],[24.6309047,44.7311415],[24.6310969,44.7321483],[24.6313899,44.7327247],[24.6313643,44.7328846],[24.6312207,44.7330141],[24.6308653,44.7331056],[24.6306292,44.7333666],[24.6302939,44.7335989],[24.6292753,44.7340451],[24.6289218,44.7343023],[24.6283948,44.734904],[24.6278919,44.7352242],[24.6274915,44.7359211],[24.6268807,44.736701],[24.6264412,44.736937],[24.6252149,44.7383374],[24.624658,44.7388788],[24.6236372,44.7400705],[24.6207517,44.739411],[24.6173914,44.7460355],[24.6172204,44.746037],[24.6145472,44.7454613],[24.6133626,44.7453728],[24.613482,44.7461223],[24.613439,44.7468392],[24.6135329,44.747151],[24.6133064,44.7474809],[24.613095,44.7480529],[24.612744,44.7483038],[24.6115147,44.7489119],[24.6109183,44.7490462],[24.6097933,44.7495206],[24.6095662,44.7496731],[24.6093296,44.7499085],[24.6087165,44.7507791],[24.6084563,44.7514891],[24.6081501,44.7520427],[24.6078775,44.7521919],[24.6077574,44.7523523],[24.6077179,44.7525965],[24.6079009,44.7529017],[24.6072578,44.7536101],[24.606948,44.7538184],[24.6025699,44.7534453],[24.6002772,44.7530784],[24.6000159,44.7530536]]]}},{"type":"Feature","properties":{"entity_id":"osm-r9744191","jurisdiction":"RO","display_name":"FĂGEȚELU","display_type":"commune","admin_level":8,"tier":"local","legal_registry":"SIRUTA","legal_id":"126905","legal_type":"commune","parent_catalog_id":"osm-r2366978","osm_relation_id":9744191,"legal_identity_status":"reconciled","geometry_source":"OpenStreetMap","geometry_precision":"master_coordinate_fidelity"},"geometry":{"type":"Polygon","coordinates":[[[24.588897,44.7693035],[24.5887443,44.7701103],[24.5885709,44.7706082],[24.5879665,44.7751435],[24.5877915,44.7757231],[24.587481,44.7756385],[24.5854977,44.7745015],[24.5826426,44.775011],[24.5823682,44.7740167],[24.5822617,44.7740403],[24.5853164,44.7852046],[24.5855333,44.7857099],[24.5857365,44.7859967],[24.5857649,44.7867392],[24.5859488,44.787574],[24.588577,44.7981573],[24.5786833,44.7981935],[24.5787867,44.7983465],[24.5786302,44.7984292],[24.578298,44.7984343],[24.5782242,44.7987462],[24.5780761,44.7987884],[24.5775517,44.7987468],[24.5773375,44.7989396],[24.5771199,44.7989798],[24.5770808,44.7991035],[24.5771958,44.7993235],[24.5769319,44.7994167],[24.5768686,44.7995439],[24.5772118,44.7997219],[24.5774492,44.7999962],[24.5773855,44.8005445],[24.577237,44.8008311],[24.5768522,44.8007653],[24.5763705,44.8009236],[24.5763253,44.8012968],[24.576426,44.8013737],[24.5765332,44.8013707],[24.5770172,44.8012411],[24.5770946,44.8012607],[24.5771526,44.8013316],[24.5770919,44.801455],[24.5776221,44.8016705],[24.5777219,44.8018276],[24.5775422,44.8020435],[24.5773484,44.8021087],[24.5771098,44.8021202],[24.5770287,44.8021729],[24.5770357,44.8022492],[24.5773198,44.8024381],[24.5773263,44.8025525],[24.5771009,44.8025813],[24.5768096,44.8027277],[24.5760412,44.8028858],[24.5759865,44.8029692],[24.5760128,44.8032133],[24.5759123,44.8033117],[24.5756778,44.8034128],[24.575617,44.8035495],[24.5760414,44.8038672],[24.5761249,44.804026],[24.5761122,44.8041783],[24.5757347,44.8045566],[24.5756163,44.8045919],[24.5752313,44.8045432],[24.5751343,44.8045749],[24.5752052,44.8048803],[24.5751765,44.8050173],[24.5748063,44.8052546],[24.574832,44.8055368],[24.5747469,44.8056886],[24.5750882,44.8059999],[24.574726,44.8064393],[24.5746913,44.8066257],[24.5748665,44.806749],[24.5749735,44.8069594],[24.5752424,44.8070815],[24.5753214,44.8071831],[24.5749516,44.8073861],[24.5750096,44.8074589],[24.5752079,44.8074547],[24.575277,44.8074953],[24.5752815,44.8077545],[24.5751932,44.807952],[24.5750234,44.8080174],[24.5745626,44.8080216],[24.5744385,44.8080835],[24.5744344,44.8081902],[24.5746495,44.8085272],[24.574633,44.8085633],[24.5744956,44.8086194],[24.5740776,44.8086163],[24.5739129,44.808716],[24.5739783,44.8088327],[24.5742609,44.8089339],[24.5744224,44.8090743],[24.5742668,44.8092941],[24.5738594,44.8093082],[24.5737266,44.8094082],[24.5736657,44.8095526],[24.5736912,44.8096519],[24.5740226,44.8099174],[24.5739621,44.8100313],[24.5736931,44.8101112],[24.5732447,44.8099782],[24.5727707,44.8101612],[24.5722454,44.8101687],[24.5720861,44.8102533],[24.572127,44.8104003],[24.5719699,44.8105268],[24.5719851,44.8105955],[24.5722192,44.8107211],[24.5723035,44.8108266],[24.5723959,44.8113227],[24.5725827,44.8113775],[24.5727436,44.8113654],[24.5728337,44.8114404],[24.5726888,44.8118529],[24.5723457,44.8118598],[24.5722796,44.8119926],[24.5722617,44.8124352],[24.5721807,44.8125876],[24.5722839,44.8130096],[24.5724118,44.8132599],[24.5723845,44.8133895],[24.5726466,44.8135868],[24.57263,44.8137146],[24.5722375,44.8140854],[24.5720656,44.8141651],[24.5717035,44.8142232],[24.5716255,44.8142935],[24.571818,44.8144372],[24.5718438,44.8147349],[24.5716167,44.8153219],[24.571642,44.8157341],[24.5714966,44.8159645],[24.571571,44.8161154],[24.5719297,44.8163263],[24.5718863,44.8164712],[24.5715857,44.8165809],[24.5715022,44.8166799],[24.5716835,44.8169705],[24.5716912,44.8171002],[24.5716052,44.8171248],[24.5711338,44.8170089],[24.5709193,44.8170198],[24.5706017,44.817368],[24.5706869,44.8175552],[24.5704935,44.81765],[24.5704555,44.8178178],[24.5703049,44.8179509],[24.5698322,44.8181938],[24.5694892,44.8181298],[24.5692771,44.8181845],[24.5694588,44.8183873],[24.5691843,44.8186764],[24.5690301,44.8190652],[24.5693538,44.8193104],[24.5692703,44.819438],[24.5689918,44.8193265],[24.5687772,44.8193793],[24.5684558,44.8192562],[24.5678228,44.8193173],[24.5675593,44.8195341],[24.5672164,44.8194643],[24.5669588,44.8194904],[24.5667732,44.819673],[24.5668718,44.8198831],[24.5664587,44.8199086],[24.5664156,44.8199924],[24.5664525,44.8201833],[24.5660797,44.8202013],[24.5659016,44.8205365],[24.5657835,44.8205724],[24.5656897,44.8205359],[24.5655137,44.8202607],[24.5652983,44.8197488],[24.5650868,44.8196623],[24.5647623,44.8196785],[24.5647755,44.8197548],[24.5649521,44.8198698],[24.5650474,44.820223],[24.5649053,44.820215],[24.5647449,44.820081],[24.5645841,44.8200385],[24.5644523,44.8201755],[24.5640523,44.8203346],[24.5638695,44.8204618],[24.5637749,44.8206524],[24.5637392,44.8209308],[24.563564,44.8211821],[24.5635225,44.8215331],[24.5633232,44.8217996],[24.5631702,44.8218144],[24.5630556,44.8216595],[24.5628281,44.8215234],[24.5627504,44.8215231],[24.5626939,44.8215573],[24.5626608,44.8218243],[24.5623442,44.8219073],[24.5621505,44.8220822],[24.5617342,44.8222604],[24.5616854,44.8224205],[24.5618005,44.8224895],[24.561991,44.8224424],[24.5623001,44.8222449],[24.5624876,44.8222779],[24.5627794,44.8224085],[24.5627336,44.822477],[24.5624679,44.8225468],[24.5623254,44.8226608],[24.5620143,44.8226809],[24.5618779,44.8226224],[24.5617734,44.8225473],[24.560976,44.8223054],[24.5609465,44.8223565],[24.5602725,44.8222178],[24.5591931,44.8216806],[24.5567478,44.8202891],[24.5558475,44.8198756],[24.5560972,44.8196112],[24.5561115,44.819467],[24.5559842,44.8192766],[24.5532938,44.8177157],[24.553153,44.8175496],[24.553132,44.8174356],[24.5532014,44.81733],[24.5530888,44.8170988],[24.5532043,44.8169663],[24.5531439,44.8168792],[24.5524788,44.8166882],[24.5520568,44.8164993],[24.5503607,44.8163107],[24.5485315,44.8162627],[24.5477315,44.8161211],[24.5462249,44.8157695],[24.5438217,44.8154469],[24.5425099,44.8153792],[24.5420641,44.8153149],[24.5417787,44.8152242],[24.5413958,44.8149268],[24.5411413,44.8147955],[24.5400913,44.8146164],[24.5397413,44.8145037],[24.5391188,44.8141185],[24.5368004,44.8137381],[24.536762,44.8137961],[24.5364139,44.8137349],[24.53585,44.8135136],[24.534792,44.8134645],[24.5343229,44.8133012],[24.533947,44.8132912],[24.5337829,44.8133353],[24.5334514,44.8135235],[24.5304311,44.8133611],[24.5278964,44.8130842],[24.527781,44.8131729],[24.5270905,44.8130371],[24.5267723,44.8127224],[24.5265286,44.8122693],[24.5263449,44.8108225],[24.5259645,44.8103555],[24.5255678,44.8095504],[24.5250822,44.8091093],[24.5247953,44.8089553],[24.5247323,44.8090131],[24.5246372,44.8090185],[24.5243795,44.8089459],[24.5238145,44.8089048],[24.5236994,44.8089875],[24.5235612,44.8093176],[24.5233963,44.809317],[24.5229402,44.8092512],[24.5224639,44.8090055],[24.5220071,44.8089166],[24.5206854,44.808857],[24.52055,44.8091067],[24.5144208,44.8084223],[24.513318,44.808478],[24.5113171,44.8084912],[24.5111728,44.80864],[24.5107724,44.8085828],[24.5101933,44.8089702],[24.5095307,44.8085191],[24.5066863,44.8084123],[24.506751,44.8082623],[24.503527,44.8079645],[24.503424,44.8080601],[24.50318,44.8080778],[24.5015331,44.8078308],[24.4999044,44.8077011],[24.4981315,44.8077355],[24.4974503,44.8076433],[24.4966557,44.8077636],[24.4965471,44.807715],[24.4950237,44.8081165],[24.4943915,44.8066678],[24.4956561,44.8063594],[24.4968199,44.8061366],[24.4963322,44.8055437],[24.4962657,44.8052782],[24.495892,44.8049335],[24.4958847,44.804847],[24.4961325,44.8043045],[24.4961425,44.8040883],[24.4968521,44.8034911],[24.4971652,44.8030787],[24.4982926,44.8025294],[24.4985831,44.8017454],[24.4986472,44.8014745],[24.4985789,44.8013641],[24.4988204,44.8011092],[24.4988296,44.8009769],[24.4990409,44.800833],[24.4990943,44.8007336],[24.4992052,44.8000496],[24.4993275,44.7999179],[24.4993574,44.7997397],[24.4995424,44.7994637],[24.4995834,44.7989318],[24.4998149,44.7987804],[24.5003004,44.7986704],[24.5004862,44.7986741],[24.5007094,44.798537],[24.5008632,44.7985032],[24.5010217,44.798386],[24.5011325,44.7981852],[24.5013271,44.7980918],[24.5015847,44.7977191],[24.5016762,44.7974204],[24.5016973,44.7973112],[24.5015533,44.7970229],[24.5017008,44.7966806],[24.5015155,44.7966156],[24.5011001,44.7966893],[24.5009793,44.7966183],[24.5008048,44.796245],[24.5003399,44.7963487],[24.5001945,44.7960103],[24.4991523,44.7961429],[24.4974241,44.7965761],[24.4958097,44.7969104],[24.4957707,44.7970161],[24.4937792,44.7973889],[24.4934299,44.7965964],[24.4955121,44.7961792],[24.4960417,44.7961404],[24.49886,44.7956391],[24.4996329,44.7954135],[24.5000613,44.7953651],[24.5004558,44.7953923],[24.5014199,44.7953281],[24.5015442,44.7948567],[24.5006955,44.7941013],[24.4999821,44.7943237],[24.4973371,44.794905],[24.4948319,44.7953417],[24.4946795,44.7949938],[24.4951273,44.7947578],[24.4951005,44.7946994],[24.4948658,44.7946946],[24.4947487,44.7944304],[24.4940432,44.7946586],[24.4924787,44.792151],[24.4923928,44.7913153],[24.4920908,44.7902918],[24.4918941,44.7893652],[24.4913712,44.7876695],[24.4914193,44.7871107],[24.491365,44.7868642],[24.4912561,44.7866208],[24.4910941,44.7864526],[24.4907382,44.7850749],[24.4905688,44.7846302],[24.4903702,44.7828121],[24.4902022,44.7820997],[24.4902142,44.7815964],[24.4902993,44.7813618],[24.4908162,44.7812986],[24.4913166,44.7813002],[24.4937786,44.7815058],[24.4941827,44.7814487],[24.4944513,44.7811734],[24.495278,44.7800406],[24.4957074,44.779615],[24.4964469,44.779051],[24.4962414,44.7788373],[24.4963105,44.7783995],[24.4963944,44.7783046],[24.4967976,44.7780944],[24.4972259,44.777741],[24.4972837,44.7775277],[24.4972003,44.7771872],[24.4970948,44.7770384],[24.4967558,44.7768668],[24.4963845,44.776776],[24.496016,44.7764812],[24.4957275,44.7763425],[24.4956535,44.7760888],[24.4954732,44.775784],[24.4954396,44.7755595],[24.4952031,44.7752907],[24.4951942,44.7750739],[24.4949725,44.7748522],[24.4949656,44.7744831],[24.4949155,44.7744069],[24.4945462,44.7742026],[24.4944658,44.7740973],[24.494426,44.7740066],[24.4945692,44.7739095],[24.4945803,44.773801],[24.4943582,44.7736263],[24.4938859,44.7735736],[24.4936433,44.7734205],[24.49314,44.7734399],[24.4928739,44.7732563],[24.4926914,44.7732048],[24.4924367,44.7732724],[24.4924696,44.7729939],[24.4925928,44.7728569],[24.4924869,44.7727624],[24.492642,44.77247],[24.4921982,44.7715752],[24.4918331,44.7714795],[24.4919716,44.7713462],[24.4919672,44.7712594],[24.491927,44.7712085],[24.4916683,44.7711531],[24.4915375,44.7710041],[24.4914357,44.7704464],[24.4912899,44.7702612],[24.4912561,44.7700728],[24.4911195,44.7699962],[24.4909167,44.7697728],[24.4907743,44.7697402],[24.4907536,44.7697807],[24.4905459,44.7697711],[24.4904322,44.7697183],[24.4903851,44.7695997],[24.490242,44.7694815],[24.4897852,44.769291],[24.4897418,44.7691565],[24.4901111,44.7688802],[24.4898338,44.7685319],[24.4895852,44.7683686],[24.4886647,44.7681648],[24.4883487,44.7680477],[24.488194,44.7680564],[24.4881766,44.7682429],[24.4880351,44.7682441],[24.4879151,44.7681932],[24.4877603,44.7683294],[24.4877159,44.768318],[24.4875445,44.76814],[24.4876965,44.7678459],[24.4875947,44.7678044],[24.487382,44.7678575],[24.4871567,44.7677321],[24.4872409,44.7674857],[24.4872164,44.767269],[24.4873896,44.7668385],[24.4873723,44.766701],[24.4872644,44.7666345],[24.4872707,44.7665413],[24.4874584,44.7664822],[24.4877651,44.7665447],[24.4878068,44.7664924],[24.4877189,44.766333],[24.487507,44.7662269],[24.4872787,44.7658433],[24.4873226,44.7655478],[24.487287,44.7655065],[24.4869535,44.7654503],[24.4868557,44.7653746],[24.4869198,44.7649284],[24.4867494,44.76458],[24.4864633,44.7643835],[24.4862185,44.7643588],[24.4859942,44.7642235],[24.4856953,44.7642801],[24.4853321,44.7642342],[24.4852237,44.76417],[24.4851845,44.7639884],[24.4850435,44.7638811],[24.4845454,44.7639107],[24.4845293,44.7637597],[24.4841243,44.7635191],[24.4839897,44.7633454],[24.4840109,44.7629125],[24.4840941,44.7627356],[24.4845502,44.7626241],[24.4848882,44.7626617],[24.4851249,44.7625035],[24.4856611,44.7623402],[24.4857497,44.7622241],[24.4857285,44.7620423],[24.4860521,44.7616615],[24.4869045,44.7616309],[24.4873438,44.7613434],[24.4876165,44.7612624],[24.4880116,44.7613053],[24.4881744,44.7612298],[24.4883335,44.760941],[24.4879887,44.7607947],[24.4878506,44.7605446],[24.4877002,44.7604618],[24.4873117,44.7599866],[24.4872991,44.7598614],[24.4874875,44.7597532],[24.4875113,44.7595459],[24.4874601,44.7594459],[24.4872333,44.759308],[24.4872428,44.7588562],[24.4874304,44.758769],[24.4877778,44.7584783],[24.4879403,44.7584728],[24.4881003,44.7581654],[24.4883613,44.7579741],[24.4884775,44.7571955],[24.4886062,44.7571694],[24.4888183,44.7572286],[24.4889119,44.7571991],[24.4889291,44.757111],[24.4888271,44.7570207],[24.4888248,44.7567612],[24.4889509,44.7563676],[24.4889711,44.7563261],[24.4992271,44.7567548],[24.505587,44.7569166],[24.5181036,44.7570243],[24.5205633,44.7571257],[24.5214041,44.7570842],[24.5241635,44.7571086],[24.5241424,44.7586295],[24.526839,44.7586063],[24.5268528,44.7588266],[24.528035,44.7587801],[24.5281916,44.758866],[24.5283023,44.7588732],[24.5312518,44.7586303],[24.5314473,44.7586638],[24.5328338,44.7593754],[24.5329589,44.7592328],[24.532949,44.7589046],[24.5330887,44.758239],[24.5326942,44.7577203],[24.5326797,44.7566533],[24.5330295,44.7561434],[24.5337041,44.7558328],[24.5341126,44.755585],[24.534184,44.7554269],[24.5340666,44.7549995],[24.5340962,44.7549324],[24.5344058,44.7546049],[24.5347404,44.7544892],[24.5348632,44.7543627],[24.5348877,44.7540202],[24.5347812,44.753332],[24.5348357,44.7531475],[24.5350133,44.7528992],[24.5356171,44.7525449],[24.5354886,44.7524146],[24.5349898,44.7522994],[24.5349078,44.7521683],[24.5350589,44.7520661],[24.5357982,44.7519726],[24.5359715,44.7518649],[24.5358315,44.7513633],[24.5359235,44.7512275],[24.5363293,44.7508932],[24.5362997,44.7507508],[24.5363461,44.7506276],[24.5367711,44.7504134],[24.5367742,44.7503243],[24.5366283,44.7501169],[24.5365763,44.7498501],[24.5366286,44.7496531],[24.5368468,44.7495093],[24.5373861,44.7494842],[24.537481,44.7494396],[24.5373985,44.7490876],[24.5376254,44.7489844],[24.5378034,44.7485672],[24.5379982,44.7483152],[24.5382977,44.7477371],[24.538422,44.7476772],[24.538706,44.7476381],[24.539157,44.7477349],[24.5393871,44.7478551],[24.5395742,44.7478956],[24.5396974,44.7478284],[24.5398306,44.7475955],[24.5401419,44.7474725],[24.5406554,44.7474178],[24.5410611,44.7472896],[24.5412932,44.7471048],[24.5416562,44.7466724],[24.5417394,44.7466547],[24.5418197,44.7472092],[24.5419671,44.7474357],[24.5422223,44.7475792],[24.5427689,44.7475158],[24.5431209,44.7475345],[24.5442902,44.7478676],[24.5456561,44.7479644],[24.5459298,44.7480317],[24.5464126,44.7482585],[24.5469702,44.7482617],[24.5470822,44.7483872],[24.5470984,44.7485086],[24.5509546,44.7484689],[24.5513706,44.7484923],[24.5513834,44.7485522],[24.5515337,44.7485591],[24.553018,44.7485619],[24.5550546,44.7486391],[24.5559577,44.7486142],[24.5582928,44.7487711],[24.5593641,44.7487647],[24.5593147,44.7488442],[24.5593592,44.7490264],[24.5597573,44.7491486],[24.5597808,44.7490873],[24.5599298,44.7491206],[24.5600098,44.7491741],[24.5599919,44.7492599],[24.5600725,44.7493555],[24.5602328,44.7494052],[24.5603052,44.749338],[24.5607185,44.7497078],[24.5607602,44.7499857],[24.5605591,44.7504392],[24.5606921,44.7509804],[24.5606145,44.7513487],[24.5605557,44.7515079],[24.5602808,44.7515725],[24.5596034,44.7515157],[24.5594739,44.751585],[24.5594061,44.7517706],[24.5594606,44.7518328],[24.559738,44.7519218],[24.5595299,44.7520119],[24.5595802,44.7521945],[24.559477,44.7524362],[24.5592658,44.7526165],[24.5592203,44.7527573],[24.5590987,44.7528271],[24.5589277,44.7533128],[24.5586811,44.7533569],[24.5578776,44.7532823],[24.5577829,44.7533255],[24.5576881,44.7533687],[24.5577272,44.7535664],[24.5576286,44.7537193],[24.557656,44.7538315],[24.5583347,44.7538871],[24.5583544,44.7543002],[24.5582791,44.7543554],[24.5575378,44.754261],[24.5574038,44.754324],[24.5571833,44.7548889],[24.5573376,44.7549945],[24.557493,44.7552391],[24.5576743,44.7553565],[24.5579038,44.7558937],[24.5581355,44.7560524],[24.5583488,44.7566877],[24.5583231,44.7569298],[24.5584826,44.7573641],[24.5587463,44.7577209],[24.5587731,44.7580141],[24.5589732,44.7582349],[24.5594118,44.7585012],[24.5596685,44.7588288],[24.5602811,44.7599254],[24.5600447,44.7605821],[24.5601392,44.7608961],[24.5633558,44.76024],[24.5634351,44.7600289],[24.5631581,44.7593081],[24.5630722,44.7585433],[24.5646002,44.7585109],[24.5646951,44.7574411],[24.5658142,44.7572588],[24.5664076,44.7571121],[24.5667369,44.7577959],[24.5673565,44.758685],[24.5678844,44.7589848],[24.5679778,44.7591012],[24.5679767,44.759241],[24.5681571,44.7593684],[24.5683468,44.7594025],[24.5684753,44.7594786],[24.5684976,44.7595835],[24.5683321,44.7597491],[24.5680196,44.7599086],[24.5679981,44.7600038],[24.5681348,44.7603975],[24.5679158,44.7606147],[24.5679438,44.760736],[24.5686666,44.7610451],[24.5688504,44.761249],[24.5688863,44.7614276],[24.5692105,44.7616515],[24.5692214,44.7618808],[24.569086,44.7621415],[24.569172,44.7623424],[24.5691352,44.7625032],[24.5692048,44.7626143],[24.5693674,44.7626677],[24.5697164,44.7625899],[24.570213,44.7625812],[24.5706361,44.7629261],[24.5707496,44.7630852],[24.5712144,44.7630426],[24.5716863,44.7634071],[24.5730346,44.7628426],[24.5731815,44.7630048],[24.5730935,44.7631217],[24.5728263,44.7632386],[24.5727855,44.7633017],[24.5730879,44.7640225],[24.5731649,44.7641234],[24.5736078,44.7643861],[24.5737759,44.7645823],[24.5738775,44.7646192],[24.5737824,44.7649213],[24.5744571,44.7646779],[24.5745524,44.7647994],[24.5747239,44.7653564],[24.5739977,44.7654608],[24.573916,44.7656031],[24.5738221,44.7656484],[24.5732585,44.7657216],[24.5731447,44.7657836],[24.573157,44.765994],[24.573829,44.7667189],[24.5763916,44.7658556],[24.5771971,44.7670269],[24.5774642,44.7671001],[24.5776486,44.7675046],[24.5775285,44.7676625],[24.5779848,44.7681237],[24.5781269,44.7684972],[24.5781432,44.7689317],[24.5752939,44.7703481],[24.5755226,44.7703485],[24.5756281,44.7705714],[24.5759114,44.7705725],[24.5759998,44.770862],[24.5762909,44.7710076],[24.5763912,44.7710108],[24.5765127,44.7712969],[24.5767699,44.7712279],[24.577027,44.7717985],[24.5776603,44.771871],[24.5782201,44.7721602],[24.5780063,44.7728301],[24.5782693,44.7730682],[24.5788769,44.7727721],[24.5790445,44.7727494],[24.5791661,44.7727982],[24.5789981,44.773214],[24.5791192,44.7733744],[24.5796595,44.7733764],[24.5799011,44.7732935],[24.579727,44.7728878],[24.5800756,44.772799],[24.5800309,44.7726354],[24.5797971,44.7721783],[24.5793733,44.7722313],[24.5793279,44.771961],[24.5801684,44.7717803],[24.5800388,44.7714897],[24.5794319,44.7715598],[24.5793063,44.7710053],[24.5794466,44.7708995],[24.5792959,44.7705144],[24.5810934,44.770256],[24.5811493,44.770497],[24.5851002,44.7702494],[24.5850828,44.770153],[24.5852651,44.7699171],[24.5852105,44.7696466],[24.5812296,44.7698392],[24.5811825,44.7695688],[24.5840519,44.7694875],[24.5835707,44.7692171],[24.5833809,44.7692145],[24.5832025,44.7691545],[24.5835373,44.7691702],[24.5851309,44.7690753],[24.5855994,44.7692007],[24.5858615,44.7691977],[24.5861666,44.7690076],[24.5866725,44.7691239],[24.5877848,44.7692137],[24.588897,44.7693035]]]}},{"type":"Feature","properties":{"entity_id":"osm-r9744192","jurisdiction":"RO","display_name":"TOPANA","display_type":"commune","admin_level":8,"tier":"local","legal_registry":"SIRUTA","legal_id":"129503","legal_type":"commune","parent_catalog_id":"osm-r2366978","osm_relation_id":9744192,"legal_identity_status":"reconciled","geometry_source":"OpenStreetMap","geometry_precision":"master_coordinate_fidelity"},"geometry":{"type":"Polygon","coordinates":[[[24.4943915,44.8066678],[24.4950237,44.8081165],[24.4965471,44.807715],[24.4966557,44.8077636],[24.4974503,44.8076433],[24.4981315,44.8077355],[24.4999044,44.8077011],[24.5015331,44.8078308],[24.50318,44.8080778],[24.503424,44.8080601],[24.503527,44.8079645],[24.506751,44.8082623],[24.5066863,44.8084123],[24.5095307,44.8085191],[24.5101933,44.8089702],[24.5107724,44.8085828],[24.5111728,44.80864],[24.5113171,44.8084912],[24.513318,44.808478],[24.5144208,44.8084223],[24.52055,44.8091067],[24.5206854,44.808857],[24.5220071,44.8089166],[24.5224639,44.8090055],[24.5229402,44.8092512],[24.5233963,44.809317],[24.5235612,44.8093176],[24.5236994,44.8089875],[24.5238145,44.8089048],[24.5243795,44.8089459],[24.5246372,44.8090185],[24.5247323,44.8090131],[24.5247953,44.8089553],[24.5250822,44.8091093],[24.5255678,44.8095504],[24.5259645,44.8103555],[24.5263449,44.8108225],[24.5265286,44.8122693],[24.5267723,44.8127224],[24.5270905,44.8130371],[24.527781,44.8131729],[24.5278964,44.8130842],[24.5304311,44.8133611],[24.5334514,44.8135235],[24.5337829,44.8133353],[24.533947,44.8132912],[24.5343229,44.8133012],[24.534792,44.8134645],[24.53585,44.8135136],[24.5364139,44.8137349],[24.536762,44.8137961],[24.5368004,44.8137381],[24.5391188,44.8141185],[24.5397413,44.8145037],[24.5400913,44.8146164],[24.5411413,44.8147955],[24.5413958,44.8149268],[24.5417787,44.8152242],[24.5420641,44.8153149],[24.5425099,44.8153792],[24.5438217,44.8154469],[24.5462249,44.8157695],[24.5477315,44.8161211],[24.5485315,44.8162627],[24.5503607,44.8163107],[24.5520568,44.8164993],[24.5524788,44.8166882],[24.5531439,44.8168792],[24.5532043,44.8169663],[24.5530888,44.8170988],[24.5532014,44.81733],[24.553132,44.8174356],[24.553153,44.8175496],[24.5532938,44.8177157],[24.5559842,44.8192766],[24.5561115,44.819467],[24.5560972,44.8196112],[24.5558475,44.8198756],[24.5567478,44.8202891],[24.5591931,44.8216806],[24.5602725,44.8222178],[24.5609465,44.8223565],[24.560976,44.8223054],[24.5617734,44.8225473],[24.5618779,44.8226224],[24.5620143,44.8226809],[24.5619713,44.8226884],[24.5618451,44.8227778],[24.562048,44.8229939],[24.5619803,44.8232074],[24.5620279,44.8233792],[24.562076,44.8234232],[24.5621538,44.8234159],[24.5623773,44.8231628],[24.5625382,44.8231366],[24.5626882,44.8231751],[24.5629262,44.8233781],[24.5629043,44.8234696],[24.5627351,44.8235684],[24.5627457,44.8236237],[24.5630675,44.823596],[24.563212,44.8236728],[24.5631957,44.8237491],[24.5628845,44.8237977],[24.5628413,44.8238548],[24.5630876,44.8239968],[24.5631007,44.8240502],[24.5629636,44.8241947],[24.5627303,44.8241655],[24.5624449,44.8237563],[24.5622948,44.8237178],[24.5622221,44.8237958],[24.5622426,44.8240934],[24.5621966,44.8242097],[24.5619611,44.824083],[24.5618699,44.8240828],[24.5618026,44.8241455],[24.5618677,44.8247181],[24.5618217,44.8248267],[24.5616097,44.824868],[24.5614784,44.8248562],[24.561409,44.824793],[24.5612176,44.8242811],[24.5610327,44.8242443],[24.56088,44.8244454],[24.5609156,44.8245507],[24.561061,44.824605],[24.5611035,44.8246968],[24.561106,44.8247655],[24.560978,44.8249039],[24.560718,44.8246555],[24.5605793,44.8246178],[24.5604901,44.8246626],[24.5603606,44.8248597],[24.5601243,44.8248744],[24.5599267,44.8249849],[24.5599755,44.8251036],[24.5603687,44.8253021],[24.5602709,44.8253659],[24.5599821,44.8253267],[24.5598874,44.8253811],[24.5600882,44.8255414],[24.5602294,44.8257393],[24.5602621,44.8260065],[24.5601792,44.8261525],[24.5600932,44.8261611],[24.5598258,44.8258247],[24.5597379,44.8257933],[24.5596082,44.8258473],[24.5595205,44.8259589],[24.5597432,44.8260927],[24.5596987,44.8261857],[24.5595368,44.826247],[24.5592163,44.8261808],[24.5590782,44.8262575],[24.5591798,44.8264188],[24.5591057,44.8265191],[24.5592004,44.8267641],[24.5595673,44.8266306],[24.559676,44.8267022],[24.5595022,44.8269769],[24.5597861,44.8271381],[24.5596784,44.8273124],[24.5597195,44.8275626],[24.5596011,44.8275882],[24.5588381,44.8273839],[24.5587208,44.8274914],[24.558546,44.8275258],[24.5584471,44.8276621],[24.5585333,44.8277812],[24.5587482,44.8277624],[24.5588227,44.8277937],[24.5588577,44.8279294],[24.5587981,44.8279651],[24.5583377,44.8279298],[24.5582381,44.8279555],[24.5581449,44.828067],[24.5581788,44.8281189],[24.5584519,44.8281408],[24.5586623,44.8282134],[24.5586339,44.828299],[24.5584462,44.8284553],[24.5584198,44.8285771],[24.5585391,44.8286565],[24.5588176,44.8286689],[24.5589125,44.8287614],[24.5588471,44.828816],[24.5585361,44.8288185],[24.5583712,44.8288969],[24.5584158,44.8289546],[24.5587633,44.8290096],[24.5588174,44.8291265],[24.5585898,44.8292652],[24.5584931,44.8294188],[24.5582564,44.8294659],[24.5582257,44.8295323],[24.5583021,44.8296113],[24.5584578,44.8295976],[24.5586151,44.8296412],[24.5586118,44.8298242],[24.5587043,44.8299052],[24.5588984,44.8298367],[24.5590668,44.8298708],[24.5591301,44.8300717],[24.5590217,44.8301373],[24.5584779,44.8301184],[24.5583794,44.8302318],[24.5583722,44.8303328],[24.5582825,44.8303948],[24.5581092,44.8303473],[24.5579963,44.8302145],[24.5578952,44.8301734],[24.5578277,44.8301975],[24.5577824,44.8304529],[24.5575222,44.8303431],[24.5572855,44.8303826],[24.5572065,44.8304562],[24.5572292,44.8305327],[24.5576832,44.8307776],[24.5576756,44.8308996],[24.5573994,44.8310531],[24.5573438,44.8310144],[24.5572994,44.8308004],[24.5571496,44.8307874],[24.5564918,44.8311391],[24.5565204,44.831187],[24.5570156,44.8313771],[24.5568784,44.831553],[24.5571556,44.8316455],[24.5569954,44.8317545],[24.5572448,44.831902],[24.5573497,44.832025],[24.5573251,44.8322002],[24.5571758,44.8323035],[24.5568748,44.8323462],[24.5560576,44.8326162],[24.5559593,44.8327124],[24.5558734,44.8330614],[24.5556433,44.8331121],[24.5555114,44.8332352],[24.555524,44.833409],[24.5561653,44.8336928],[24.5561629,44.8338759],[24.5560025,44.8340969],[24.5557509,44.8341636],[24.5553864,44.8339538],[24.5551696,44.8340053],[24.5550841,44.8341044],[24.5551272,44.8343045],[24.5552331,44.83442],[24.5550792,44.834478],[24.5550714,44.8346],[24.5554493,44.834886],[24.555487,44.8350824],[24.5557573,44.8350577],[24.555996,44.835277],[24.5554848,44.8354484],[24.5551741,44.8353511],[24.5551126,44.8353778],[24.554987,44.8356142],[24.5552362,44.8358087],[24.5547574,44.8361155],[24.5545217,44.8360887],[24.5543959,44.8361516],[24.5544178,44.8364223],[24.5547528,44.8367827],[24.5547558,44.8369238],[24.554638,44.8369733],[24.5544395,44.8367331],[24.5543507,44.8366949],[24.554252,44.8367178],[24.5541852,44.8367845],[24.5541482,44.8371371],[24.553835,44.8371733],[24.5536237,44.8373906],[24.5536775,44.8375374],[24.5538543,44.8376403],[24.5541649,44.8376709],[24.5545505,44.8376253],[24.5546576,44.8376443],[24.5546898,44.837711],[24.5546581,44.8380694],[24.5545993,44.8381724],[24.5543505,44.8382295],[24.5543212,44.8384506],[24.5541768,44.8385859],[24.5539734,44.8386469],[24.5537725,44.8386182],[24.5536951,44.8388623],[24.5537222,44.839072],[24.5540381,44.8390053],[24.5544667,44.8391426],[24.5544935,44.8391864],[24.5540358,44.8393046],[24.5540738,44.839724],[24.5539322,44.8399908],[24.5537501,44.8400156],[24.5537901,44.8398154],[24.5535625,44.8398077],[24.5532627,44.8399831],[24.5531986,44.8400745],[24.5533274,44.8403034],[24.5536516,44.8403758],[24.5536678,44.8404959],[24.5537455,44.8405608],[24.5541633,44.8405933],[24.5543642,44.8406886],[24.5543081,44.8407744],[24.5539468,44.8408525],[24.5538077,44.8409897],[24.5538327,44.8417675],[24.5539509,44.8420877],[24.5539248,44.8425681],[24.5537857,44.8427359],[24.5532238,44.8430885],[24.5527525,44.8431016],[24.5523456,44.8432693],[24.5520244,44.8432788],[24.5519468,44.8433189],[24.5518967,44.8439593],[24.5521058,44.8441767],[24.5521437,44.8444284],[24.5521067,44.84484],[24.5519409,44.845107],[24.5521933,44.8455931],[24.5520996,44.8456273],[24.5516845,44.8455911],[24.5515988,44.8456291],[24.5516205,44.8458427],[24.5515643,44.8459571],[24.5513369,44.8461019],[24.551155,44.8463306],[24.5511556,44.8467424],[24.5508051,44.8471007],[24.5508374,44.8471921],[24.5511832,44.8474287],[24.5510415,44.8476573],[24.5509856,44.8479166],[24.5511415,44.8483818],[24.5512198,44.8489022],[24.5516299,44.8491959],[24.5524524,44.8494362],[24.5526161,44.8496898],[24.5529565,44.8499034],[24.5529325,44.8499453],[24.5527396,44.8499319],[24.5526004,44.8499986],[24.5524936,44.8502407],[24.5521963,44.8502196],[24.5521296,44.8504331],[24.55187,44.8506123],[24.5518996,44.8507038],[24.552122,44.8508182],[24.5520284,44.8509021],[24.5518142,44.8509307],[24.5517553,44.8510049],[24.5521159,44.8523928],[24.5521162,44.8525682],[24.5517338,44.85314],[24.5513352,44.8534678],[24.5509642,44.8538854],[24.5505357,44.8545631],[24.5502519,44.8552334],[24.5501291,44.8559042],[24.5501089,44.8563313],[24.5501666,44.8567433],[24.5504165,44.8573789],[24.550614,44.8576559],[24.5510956,44.8580194],[24.5520828,44.8584846],[24.5504212,44.8592379],[24.5467327,44.8596248],[24.5467707,44.8598991],[24.5462786,44.8599019],[24.5459564,44.8599831],[24.5424733,44.8614248],[24.5427514,44.8616849],[24.5431088,44.863051],[24.5432459,44.8637607],[24.5433838,44.8657973],[24.5433795,44.8662549],[24.5428783,44.8669705],[24.5426565,44.867519],[24.5426988,44.8676716],[24.543182,44.8683365],[24.5431856,44.8688551],[24.5428712,44.8698076],[24.5428456,44.8702728],[24.5430377,44.8713505],[24.5435001,44.8726387],[24.5436267,44.8732645],[24.5434784,44.8742708],[24.5433297,44.874606],[24.5430893,44.8748494],[24.5430489,44.8750776],[24.5431785,44.8752235],[24.5435893,44.8754024],[24.5436854,44.8756547],[24.5438706,44.8765097],[24.5437974,44.8772101],[24.5439738,44.8781185],[24.5439701,44.878408],[24.5435439,44.879456],[24.5432906,44.8804064],[24.5431641,44.8834458],[24.543248,44.88382],[24.5449693,44.8839266],[24.5449328,44.8850899],[24.5448734,44.8851332],[24.5441318,44.8852202],[24.543271,44.8854014],[24.5428239,44.88555],[24.5426479,44.8856742],[24.5425899,44.8860243],[24.5422814,44.8866618],[24.5421268,44.8867976],[24.5418055,44.8869549],[24.5417402,44.8870381],[24.5415148,44.8878897],[24.5411588,44.8884581],[24.541069,44.8887775],[24.5409928,44.8895083],[24.5408361,44.8900175],[24.540856,44.890574],[24.5408111,44.8909471],[24.5407374,44.8910455],[24.5379564,44.8911531],[24.5374713,44.8911146],[24.5371717,44.8910453],[24.5366842,44.890763],[24.5352983,44.8889755],[24.5351144,44.8888786],[24.5349642,44.8888678],[24.5347485,44.8889517],[24.5346533,44.8890575],[24.5340252,44.8903476],[24.5340235,44.8904848],[24.5342709,44.8908603],[24.5342962,44.8909824],[24.5341203,44.8913162],[24.5337691,44.891717],[24.533661,44.8917714],[24.5302279,44.8925228],[24.52973,44.8926168],[24.5294633,44.8926075],[24.5290925,44.8925284],[24.5287514,44.8923229],[24.5286585,44.8920805],[24.5286634,44.8914703],[24.5285824,44.8913916],[24.5284319,44.8913848],[24.5282751,44.8915573],[24.5282578,44.891794],[24.5281394,44.8920478],[24.5276646,44.8925844],[24.5272009,44.8929264],[24.5264362,44.8933918],[24.5252207,44.8938597],[24.5244359,44.8943579],[24.5241399,44.8944699],[24.5227789,44.8942349],[24.5226552,44.893915],[24.5223781,44.8936949],[24.5223593,44.8931652],[24.5222298,44.8927443],[24.5222079,44.8924701],[24.5223867,44.8919141],[24.5224066,44.8916086],[24.5221014,44.8912252],[24.5219617,44.8906862],[24.5217461,44.890263],[24.5211684,44.8895755],[24.5208987,44.8893401],[24.5208494,44.8890512],[24.5203337,44.8879012],[24.5201228,44.8871957],[24.5197101,44.886206],[24.5196816,44.8856326],[24.5192918,44.8852811],[24.5190566,44.8845685],[24.5180951,44.8836743],[24.5179204,44.8833343],[24.5179403,44.8827619],[24.5178326,44.8825503],[24.5169161,44.881907],[24.5165094,44.881266],[24.516334,44.8810403],[24.5161406,44.8808988],[24.5160928,44.8805775],[24.5158924,44.8804648],[24.5155449,44.8800287],[24.5150898,44.8796478],[24.5146418,44.8791829],[24.5140591,44.878831],[24.5140225,44.8786563],[24.5141226,44.8784448],[24.5135252,44.8775593],[24.5135315,44.8771817],[24.5133411,44.8768495],[24.5134128,44.8764975],[24.5132114,44.8760892],[24.5130086,44.8751129],[24.5130253,44.8749295],[24.5132465,44.8744709],[24.5136104,44.8740325],[24.5136905,44.8738533],[24.5136541,44.8737105],[24.513981,44.873346],[24.5145223,44.8728676],[24.5148575,44.8727514],[24.5150712,44.872372],[24.5153014,44.8721775],[24.515425,44.8697111],[24.5152266,44.8690552],[24.5141746,44.8691324],[24.5137396,44.8690163],[24.5136518,44.8687434],[24.5136818,44.8668349],[24.5131777,44.8669054],[24.5127052,44.8667509],[24.5113209,44.8666649],[24.5101615,44.8663425],[24.5094097,44.8660335],[24.5055254,44.8659338],[24.5054368,44.8658785],[24.5056182,44.865459],[24.5058215,44.8652055],[24.5079172,44.8631943],[24.5097218,44.8583517],[24.5101796,44.8568036],[24.5103772,44.8553279],[24.5104616,44.8538588],[24.5104438,44.8514685],[24.5102017,44.8488138],[24.5100315,44.8476388],[24.5097704,44.846433],[24.509483,44.8456159],[24.5081614,44.8438534],[24.5075238,44.8438607],[24.5069297,44.8437251],[24.5068436,44.8437915],[24.5069452,44.8438281],[24.506918,44.8438947],[24.5067545,44.8439075],[24.5065994,44.8438382],[24.5065266,44.8439372],[24.5061568,44.8439511],[24.5059525,44.8440743],[24.5059734,44.8441525],[24.506244,44.8441745],[24.5062541,44.8442584],[24.5064224,44.8443658],[24.5063415,44.8444436],[24.5060524,44.8443968],[24.5053146,44.8440891],[24.5051112,44.8440731],[24.504478,44.8442253],[24.5042101,44.8442148],[24.5039415,44.8443396],[24.5038182,44.8443372],[24.5035171,44.8445135],[24.5033322,44.8445204],[24.5030755,44.8444337],[24.5029705,44.844502],[24.5025739,44.8445368],[24.5021121,44.8446971],[24.5019407,44.844664],[24.5004383,44.8450094],[24.4997517,44.8451098],[24.499097,44.8452866],[24.4988504,44.8453124],[24.4985289,44.8453151],[24.4970745,44.8449853],[24.4957572,44.8448251],[24.4948647,44.84457],[24.4949478,44.8444336],[24.4953127,44.8442582],[24.4954488,44.8441451],[24.4958027,44.8437026],[24.4958082,44.8434205],[24.4960809,44.8428895],[24.4961879,44.8420776],[24.4963851,44.8417282],[24.4959002,44.8407143],[24.4950843,44.8398251],[24.4949655,44.8396028],[24.4949382,44.839347],[24.4946391,44.8391609],[24.4947152,44.8389672],[24.4945919,44.8386914],[24.4946004,44.8385238],[24.4943607,44.8381782],[24.4942108,44.8373416],[24.4940038,44.8370993],[24.4940421,44.8365011],[24.4939842,44.8361649],[24.4942586,44.8358245],[24.4941827,44.8355874],[24.4944155,44.8353228],[24.4943979,44.8349795],[24.4945843,44.8348975],[24.4948836,44.8349311],[24.495013,44.8348867],[24.4952457,44.8342027],[24.495175,44.8339808],[24.494883,44.8338443],[24.4946706,44.8336134],[24.4946901,44.8334344],[24.494885,44.8333201],[24.4948919,44.833242],[24.4947998,44.8331571],[24.494573,44.8331148],[24.4945342,44.833042],[24.4947837,44.832787],[24.4947853,44.8321154],[24.4947342,44.8318786],[24.4948541,44.8316924],[24.4946316,44.8314137],[24.4829674,44.8298698],[24.48311,44.8275117],[24.4829045,44.8274263],[24.4823044,44.8273917],[24.4812858,44.8254837],[24.4810779,44.825033],[24.4811311,44.8240756],[24.4804047,44.8220752],[24.4801965,44.8217456],[24.4669764,44.8186565],[24.4661091,44.8185073],[24.4655308,44.8184529],[24.4650895,44.8184661],[24.4652459,44.8183901],[24.4666416,44.8176469],[24.4667173,44.8177065],[24.4668742,44.8177105],[24.4682819,44.8169329],[24.4700748,44.8162068],[24.4708768,44.8158004],[24.4715677,44.8155715],[24.4726532,44.8150771],[24.4732608,44.8149393],[24.473704,44.8147872],[24.4742049,44.8145767],[24.4743942,44.8143797],[24.4745744,44.8142894],[24.4789108,44.8126374],[24.4793327,44.8124282],[24.4793204,44.812358],[24.4817632,44.8111659],[24.4819195,44.8110674],[24.4817923,44.8108883],[24.4822314,44.810651],[24.4833982,44.8105133],[24.4846322,44.8101773],[24.4870183,44.8097353],[24.487061,44.8098275],[24.4891349,44.8092503],[24.4881791,44.8081693],[24.4899759,44.8078147],[24.4899499,44.8077626],[24.4939851,44.8067973],[24.4943915,44.8066678]]]}},{"type":"Feature","properties":{"entity_id":"osm-r9744193","jurisdiction":"RO","display_name":"SÂMBUREȘTI","display_type":"commune","admin_level":8,"tier":"local","legal_registry":"SIRUTA","legal_id":"128882","legal_type":"commune","parent_catalog_id":"osm-r2366978","osm_relation_id":9744193,"legal_identity_status":"reconciled","geometry_source":"OpenStreetMap","geometry_precision":"master_coordinate_fidelity"},"geometry":{"type":"Polygon","coordinates":[[[24.438134,44.84538],[24.4380225,44.8454081],[24.4370379,44.8458616],[24.4362036,44.846336],[24.4351589,44.8466911],[24.4329541,44.8476395],[24.4327711,44.8477988],[24.4295007,44.8495251],[24.4282206,44.8500507],[24.4268261,44.8508764],[24.4263247,44.851085],[24.4256518,44.8512869],[24.425164,44.8515108],[24.4247302,44.8520108],[24.4236214,44.8527585],[24.4233056,44.8530272],[24.4230232,44.85341],[24.4227837,44.8539822],[24.4224493,44.8543874],[24.4200196,44.8547751],[24.4189889,44.854798],[24.4165089,44.8550001],[24.4161058,44.8540548],[24.4160992,44.8538608],[24.4162205,44.8535809],[24.4161587,44.8534021],[24.4158205,44.8532847],[24.4154958,44.8528858],[24.4152499,44.8527237],[24.4150841,44.8526851],[24.4149485,44.8528151],[24.4148101,44.8528622],[24.4144693,44.8526467],[24.414132,44.8525434],[24.4138897,44.8523838],[24.4135006,44.8523968],[24.4132651,44.8522599],[24.4129221,44.8522707],[24.4126476,44.8521461],[24.4120081,44.8519919],[24.4116731,44.8518601],[24.411349,44.8518186],[24.4110835,44.8515299],[24.4110712,44.8512928],[24.4106505,44.8507834],[24.4105762,44.8505481],[24.4104133,44.8503186],[24.4103708,44.8501527],[24.4104386,44.849872],[24.4103735,44.8496011],[24.4103356,44.8495631],[24.4100426,44.849539],[24.4097786,44.8494012],[24.4095635,44.8490855],[24.4087974,44.8482911],[24.4086126,44.8481936],[24.4083359,44.8481376],[24.408178,44.8479942],[24.4080969,44.8478532],[24.4080817,44.8476098],[24.407977,44.8474687],[24.4074042,44.8472329],[24.4068061,44.8471626],[24.4064366,44.8472362],[24.4063971,44.8473451],[24.4060809,44.8472616],[24.40588,44.8472941],[24.4058151,44.8470085],[24.4052971,44.8474588],[24.4050618,44.8474009],[24.4045712,44.8474154],[24.4045199,44.8474613],[24.4045677,44.8476902],[24.4044014,44.8477942],[24.4043241,44.8477934],[24.404067,44.8480165],[24.4037825,44.8480967],[24.4033466,44.8484065],[24.4032599,44.8485172],[24.403271,44.8488675],[24.4025903,44.8487926],[24.4018168,44.8485703],[24.4014628,44.8485664],[24.4008083,44.8486386],[24.4002493,44.8487783],[24.3988121,44.8495287],[24.3984969,44.849485],[24.398063,44.8492268],[24.397516,44.8490624],[24.3961665,44.8490295],[24.3955819,44.8490851],[24.3955054,44.8490414],[24.3945474,44.8473231],[24.3951128,44.8470511],[24.3955581,44.8470252],[24.395434,44.8468737],[24.3954319,44.8467945],[24.3958484,44.8464759],[24.3956222,44.8463379],[24.3956139,44.8462879],[24.3959082,44.8461603],[24.3959263,44.8461146],[24.3959062,44.846077],[24.3956132,44.8460775],[24.3957845,44.845668],[24.3955262,44.8457166],[24.3955004,44.8456602],[24.396171,44.8454097],[24.3962925,44.8451663],[24.3959713,44.845194],[24.395779,44.8451022],[24.3956065,44.8451025],[24.3954448,44.8448943],[24.3951363,44.8446623],[24.395132,44.8445838],[24.396337,44.8441769],[24.3964837,44.8441666],[24.3966432,44.8442595],[24.3967339,44.8444327],[24.3965401,44.8448193],[24.3966428,44.8447316],[24.3970032,44.8445838],[24.3971685,44.844451],[24.3971248,44.8443355],[24.3971586,44.8442449],[24.3970369,44.8441706],[24.3970652,44.8441021],[24.396864,44.8440372],[24.3974518,44.8437867],[24.3974273,44.8436893],[24.3972462,44.8437131],[24.397189,44.8436386],[24.3970311,44.8436625],[24.3970013,44.843631],[24.396683,44.8437035],[24.3964425,44.8434269],[24.3960785,44.843302],[24.3956681,44.8428745],[24.3957434,44.8427645],[24.3960499,44.8427199],[24.3960994,44.8426444],[24.3958771,44.8426218],[24.3958187,44.8424451],[24.3959215,44.8423553],[24.3958254,44.8422361],[24.3955374,44.8420648],[24.3952713,44.8420205],[24.395088,44.8420343],[24.3949448,44.8422033],[24.3947502,44.842199],[24.3942619,44.8413634],[24.3945731,44.8410914],[24.3944043,44.840806],[24.3941238,44.8405901],[24.3938924,44.8405559],[24.3935829,44.8406598],[24.3934051,44.8405978],[24.3933077,44.840383],[24.393398,44.8402301],[24.393585,44.8401707],[24.3938582,44.8399877],[24.3941797,44.8399257],[24.3942985,44.8398391],[24.39452,44.8398688],[24.3946615,44.8396448],[24.3944804,44.8395951],[24.3946963,44.8394738],[24.3946553,44.8393344],[24.3943877,44.8392214],[24.3942977,44.8390314],[24.3940837,44.8389732],[24.39323,44.8391766],[24.3928054,44.8394933],[24.3926737,44.8394557],[24.3924966,44.8392501],[24.392515,44.838892],[24.3929963,44.8386631],[24.3930579,44.8384118],[24.39331,44.8381837],[24.3928664,44.8377569],[24.3924335,44.8376472],[24.3922732,44.8374752],[24.3920312,44.8368433],[24.3916897,44.8364162],[24.3915519,44.8360302],[24.3913709,44.835785],[24.3911512,44.8343741],[24.3909719,44.8343478],[24.3906725,44.8340039],[24.3908075,44.833707],[24.3911462,44.8334609],[24.391199,44.8333057],[24.3913127,44.8332488],[24.3913653,44.8331548],[24.3911204,44.8328576],[24.3904653,44.8323776],[24.3902805,44.8322731],[24.3897109,44.8321577],[24.3892131,44.8317589],[24.3888907,44.8313627],[24.3880338,44.8308393],[24.3873387,44.8305211],[24.3875364,44.8297945],[24.3873944,44.8293796],[24.386146,44.8284323],[24.3860122,44.8282823],[24.3857736,44.8281402],[24.3852882,44.8275784],[24.3844534,44.8269925],[24.3843335,44.8268739],[24.3842841,44.8265832],[24.383855,44.8265458],[24.3835536,44.8264472],[24.3830933,44.8264763],[24.382128,44.8262944],[24.381083,44.8258549],[24.380869,44.8258508],[24.3801608,44.8259597],[24.3790765,44.8259118],[24.3785157,44.8258255],[24.377782,44.825851],[24.3773157,44.8259224],[24.3764687,44.8259345],[24.3755371,44.8257481],[24.3751293,44.8257735],[24.3747305,44.8258601],[24.3740091,44.8257174],[24.3737592,44.8257363],[24.3734715,44.8259191],[24.3733201,44.8259633],[24.3727622,44.8257049],[24.3724619,44.8258179],[24.3721702,44.8258552],[24.3705833,44.8257278],[24.3691014,44.8257806],[24.3687912,44.8258473],[24.368352,44.826052],[24.3680455,44.826017],[24.3677871,44.825875],[24.3674573,44.8258269],[24.367173,44.8259086],[24.3668854,44.8261439],[24.3667131,44.8262059],[24.3664194,44.8261913],[24.3660099,44.8260669],[24.3656464,44.8260167],[24.3642933,44.8261525],[24.3637136,44.826258],[24.3632854,44.826473],[24.3625612,44.8265938],[24.3619588,44.8267639],[24.3616712,44.8267752],[24.3609884,44.8266574],[24.359478,44.8261227],[24.3583675,44.8258523],[24.3581398,44.8257164],[24.3579891,44.8255215],[24.3575127,44.8252975],[24.357632,44.8251704],[24.3575337,44.8250353],[24.3575469,44.8247605],[24.3571497,44.8245629],[24.3571416,44.8241874],[24.3573642,44.8234233],[24.3574431,44.8234324],[24.3570887,44.8206565],[24.3569665,44.8201951],[24.3566154,44.8203562],[24.3559446,44.8204662],[24.355695,44.8206615],[24.3553068,44.8205497],[24.3547833,44.8206204],[24.3545012,44.820465],[24.3548516,44.8188472],[24.3555561,44.817583],[24.355579,44.8175128],[24.3555285,44.817517],[24.3561557,44.8153549],[24.3562671,44.8152902],[24.3568434,44.8143691],[24.356863,44.8142748],[24.3566898,44.814276],[24.3561986,44.8139374],[24.3564923,44.8135869],[24.3568543,44.8128596],[24.3570416,44.8126072],[24.3570618,44.812442],[24.3577941,44.8125809],[24.3579423,44.8125268],[24.3580659,44.8124063],[24.3580928,44.8122746],[24.3585704,44.8121877],[24.3593607,44.8122221],[24.3599396,44.8123289],[24.3599795,44.8124081],[24.359869,44.8127953],[24.3599124,44.8133763],[24.3599757,44.8134946],[24.360334,44.8136951],[24.3604983,44.8137084],[24.3606268,44.8138247],[24.3607161,44.8137895],[24.360887,44.8130456],[24.3610532,44.8127143],[24.3613427,44.8123652],[24.3616338,44.8122445],[24.3620762,44.8122856],[24.3622837,44.812199],[24.3623814,44.8117731],[24.3622068,44.8115809],[24.3614018,44.8115109],[24.3591555,44.8115498],[24.3587946,44.811593],[24.3583924,44.8115303],[24.3582096,44.8114387],[24.3569233,44.8114351],[24.3563656,44.8113716],[24.3560467,44.8114503],[24.355581,44.8113772],[24.3548228,44.811549],[24.3545171,44.8117083],[24.3541407,44.8118248],[24.3533347,44.8120244],[24.35311,44.8120436],[24.353019,44.8120296],[24.3529086,44.8118883],[24.3527346,44.8119895],[24.3524485,44.8120206],[24.352127,44.8119958],[24.3518464,44.8118101],[24.3516247,44.8117657],[24.3514829,44.8118051],[24.3513444,44.8119108],[24.3508124,44.8118984],[24.3505992,44.8118252],[24.3502563,44.8117916],[24.3494595,44.8115628],[24.3483345,44.8114715],[24.3478415,44.8111356],[24.3477875,44.8110044],[24.3478019,44.8108003],[24.347424,44.8106428],[24.3464476,44.8097405],[24.3462005,44.8094515],[24.3460522,44.8093471],[24.3457824,44.8092794],[24.345578,44.809143],[24.3449899,44.8080354],[24.3447782,44.8067094],[24.3446619,44.8065366],[24.3444506,44.8064114],[24.3441696,44.8063638],[24.3439451,44.8060157],[24.343528,44.8056441],[24.3436087,44.8050531],[24.3439346,44.803885],[24.3444981,44.802436],[24.3445532,44.8023756],[24.3448318,44.8023664],[24.3486825,44.8030727],[24.3488157,44.8030787],[24.3491685,44.8029705],[24.3492575,44.8025532],[24.3490822,44.8024056],[24.3490943,44.8022684],[24.3492146,44.8017808],[24.3494334,44.8012351],[24.3499395,44.8006906],[24.3507725,44.8007393],[24.3508427,44.8004411],[24.3507621,44.8003882],[24.3512585,44.7993356],[24.3517127,44.7996002],[24.3522085,44.7997526],[24.3525256,44.7999687],[24.3528005,44.800015],[24.3527932,44.800204],[24.3544278,44.8003924],[24.355149,44.8005614],[24.3556247,44.8007312],[24.3562989,44.8005937],[24.3565629,44.800651],[24.3566607,44.8007272],[24.3567372,44.8007195],[24.35684,44.8003698],[24.3569314,44.8003356],[24.3581595,44.8005506],[24.3582598,44.8008113],[24.3584026,44.8008853],[24.3583851,44.801105],[24.3592299,44.8013961],[24.3594551,44.8016084],[24.3598069,44.801744],[24.3599926,44.8019463],[24.3603053,44.8021111],[24.3617433,44.8027894],[24.3626054,44.8030568],[24.3630318,44.8031019],[24.3634448,44.8033164],[24.3638961,44.8033861],[24.3641284,44.803473],[24.3642444,44.8035671],[24.3646684,44.8032129],[24.3655777,44.8028284],[24.3648266,44.8023759],[24.3648437,44.8021334],[24.3647094,44.8020473],[24.3646465,44.8020899],[24.3638348,44.8018608],[24.3632197,44.8015482],[24.3633257,44.8014974],[24.3627625,44.8014831],[24.3625327,44.8015259],[24.3622431,44.8017251],[24.3612099,44.8012739],[24.3599513,44.8006118],[24.3588609,44.7999604],[24.3581354,44.7993555],[24.3595993,44.7973508],[24.3602826,44.7968875],[24.3606266,44.7962934],[24.3614234,44.7955259],[24.362031,44.795032],[24.3634747,44.7950265],[24.3638916,44.7951932],[24.3654604,44.7965356],[24.3667654,44.797119],[24.3669496,44.797053],[24.3676532,44.7970579],[24.3683016,44.7971442],[24.3705091,44.7981936],[24.3714105,44.7989848],[24.3717869,44.7991462],[24.3719801,44.7991634],[24.3723614,44.7994337],[24.3727265,44.7995259],[24.3731183,44.7992829],[24.3735575,44.7988023],[24.373566,44.7985345],[24.3732513,44.7984663],[24.3729493,44.798335],[24.3729646,44.7980415],[24.373078,44.7979406],[24.3731842,44.797939],[24.3734265,44.7981103],[24.3735731,44.797984],[24.3736921,44.7979742],[24.373801,44.7979053],[24.3740722,44.7979466],[24.3741531,44.7978978],[24.3736603,44.797587],[24.373716,44.7974615],[24.3747628,44.796739],[24.3747776,44.7966553],[24.3746473,44.796605],[24.374586,44.7964518],[24.3746384,44.7963485],[24.3750687,44.7960852],[24.3755378,44.795921],[24.3758538,44.7957236],[24.3759668,44.7957609],[24.3769249,44.7954971],[24.3771771,44.7954891],[24.3776881,44.7952626],[24.3782717,44.7949527],[24.3785986,44.7945208],[24.3792624,44.7943591],[24.379752,44.7942947],[24.3801622,44.7941513],[24.3803239,44.7939993],[24.3804673,44.7933811],[24.3811025,44.7924752],[24.3818007,44.7919657],[24.3826067,44.7910336],[24.3832519,44.7908659],[24.3837506,44.7906204],[24.3843053,44.7901935],[24.3845124,44.7901142],[24.384953,44.790246],[24.3858068,44.7903136],[24.3863632,44.7901803],[24.3867931,44.7899344],[24.3878123,44.790006],[24.3886143,44.789867],[24.3890212,44.7899321],[24.3895199,44.7901446],[24.389947,44.7901678],[24.3901677,44.79019],[24.3912349,44.7901747],[24.3915928,44.7902361],[24.3919351,44.7903742],[24.3927093,44.7908236],[24.3938699,44.7911444],[24.3943895,44.791359],[24.3946069,44.7913514],[24.3947501,44.7914011],[24.3959824,44.792026],[24.3962416,44.7921022],[24.3967998,44.7921627],[24.3972692,44.7923205],[24.3985416,44.7931467],[24.3987266,44.79322],[24.4001185,44.7934337],[24.4007979,44.7933634],[24.4014956,44.7933705],[24.4022903,44.7935118],[24.4028794,44.7936703],[24.4031904,44.7938151],[24.403432,44.7940419],[24.4036724,44.7943874],[24.4038343,44.7945116],[24.4039991,44.7945463],[24.4045249,44.7944405],[24.4047405,44.7944559],[24.4052546,44.7947015],[24.4069331,44.7951764],[24.4072697,44.7954001],[24.4076007,44.7957369],[24.4078959,44.7961984],[24.4082269,44.7964516],[24.4088664,44.7970722],[24.4096964,44.7976951],[24.4102166,44.7982119],[24.4110465,44.7985499],[24.4118286,44.7987875],[24.4126173,44.7988757],[24.4134782,44.7989131],[24.4142803,44.7992254],[24.4147548,44.7993012],[24.4151957,44.799481],[24.415635,44.7997026],[24.4169205,44.8009424],[24.4173602,44.8012765],[24.4177377,44.8013942],[24.4178829,44.8014097],[24.4183701,44.8012887],[24.4193549,44.8011503],[24.4204719,44.8002557],[24.4208528,44.8000161],[24.4235201,44.7987047],[24.4227836,44.7980793],[24.4231216,44.7977948],[24.425445,44.7966959],[24.4278711,44.7956438],[24.4288471,44.7960479],[24.4313361,44.796879],[24.4344806,44.7980229],[24.4386022,44.7996216],[24.4381385,44.7997487],[24.4380838,44.799913],[24.437747,44.8002405],[24.4375259,44.8003635],[24.4374334,44.8005195],[24.4369114,44.8007839],[24.4366182,44.8011435],[24.436401,44.8012531],[24.4363863,44.8015956],[24.4363204,44.8017409],[24.4357454,44.8019998],[24.4356344,44.8021071],[24.4355981,44.8023254],[24.4359801,44.8028751],[24.4360838,44.8034693],[24.4362751,44.8039012],[24.4366401,44.8040704],[24.4368415,44.804278],[24.4373343,44.8044235],[24.4377118,44.8046199],[24.437654,44.8050235],[24.4376877,44.8052969],[24.4377793,44.8054242],[24.4381566,44.8056616],[24.4387715,44.8058861],[24.4389276,44.8061112],[24.4391792,44.8067776],[24.4393629,44.8069884],[24.4397465,44.8071678],[24.4403066,44.8072167],[24.4408601,44.8076267],[24.44167,44.8080984],[24.4422762,44.8082762],[24.441697,44.8086764],[24.4417288,44.8087536],[24.4418263,44.8087942],[24.4417835,44.808927],[24.4420632,44.8088334],[24.4421299,44.8089899],[24.442266,44.8090201],[24.4428557,44.808863],[24.4431225,44.8088791],[24.4435446,44.809248],[24.4443043,44.8097826],[24.4445783,44.8102776],[24.4447207,44.810272],[24.4451844,44.810642],[24.445339,44.8107654],[24.4454524,44.8109168],[24.4454184,44.8110198],[24.4452532,44.8111329],[24.4448043,44.811289],[24.444427,44.8116793],[24.4443992,44.8118892],[24.4445529,44.8120145],[24.4448832,44.8121202],[24.4450506,44.8123479],[24.4452804,44.812435],[24.4453863,44.8125976],[24.4457488,44.8128303],[24.4461975,44.8130309],[24.4462644,44.8133671],[24.4464137,44.8134651],[24.4466789,44.8134779],[24.4467466,44.8137281],[24.4471166,44.8140409],[24.4478136,44.8143497],[24.4478557,44.8144396],[24.4477197,44.8146831],[24.4477828,44.814836],[24.4476562,44.8149173],[24.4466099,44.8150683],[24.4460378,44.8152161],[24.4454416,44.8156976],[24.4443242,44.8160255],[24.4442272,44.8160765],[24.4442075,44.8161986],[24.4444361,44.8167719],[24.4447497,44.817094],[24.4452798,44.8174955],[24.4459426,44.8183973],[24.446357,44.8191948],[24.4468864,44.8200044],[24.4468847,44.8202218],[24.4455566,44.8200624],[24.444645,44.8200978],[24.443722,44.8202265],[24.4435164,44.8201358],[24.4430565,44.8196718],[24.4429124,44.8196004],[24.4424279,44.8198497],[24.441885,44.8200395],[24.4421097,44.8197623],[24.4414605,44.8191828],[24.4414315,44.8191216],[24.4415398,44.8189772],[24.4413702,44.8187551],[24.4412581,44.8186915],[24.4411723,44.8186987],[24.4408603,44.8188345],[24.4403462,44.8187745],[24.4401726,44.8186954],[24.4400184,44.8185497],[24.4400569,44.8184202],[24.4402026,44.8183026],[24.4400941,44.8181399],[24.439705,44.8181932],[24.4394942,44.8180796],[24.4392798,44.8180823],[24.4391649,44.8180339],[24.439094,44.8178505],[24.4387906,44.8176048],[24.4388909,44.8171322],[24.4388418,44.8169183],[24.4387433,44.8168263],[24.4369843,44.816941],[24.4366941,44.8170349],[24.4362527,44.8172614],[24.4359198,44.8173322],[24.4350688,44.8180352],[24.4344867,44.818917],[24.4342994,44.8189844],[24.4341051,44.8189279],[24.4329682,44.8178387],[24.4310652,44.8190174],[24.4294757,44.8199046],[24.4292672,44.8201515],[24.428531,44.8207235],[24.4270941,44.8217478],[24.4265557,44.8220443],[24.4257918,44.8227115],[24.4252821,44.823077],[24.4246792,44.8234018],[24.4239702,44.823579],[24.4215127,44.8270738],[24.4239862,44.8299571],[24.4243503,44.830005],[24.4247027,44.830171],[24.4249689,44.83039],[24.425247,44.8304679],[24.4261393,44.8314536],[24.426897,44.8318546],[24.4271606,44.8320717],[24.4277787,44.8330559],[24.4281688,44.8334409],[24.4280173,44.8337773],[24.4280484,44.8339296],[24.428941,44.8342223],[24.4294001,44.8345439],[24.4297337,44.8346718],[24.4300348,44.835246],[24.4302505,44.8353687],[24.4307989,44.8355374],[24.431018,44.8357287],[24.4313873,44.8361691],[24.4316637,44.8366786],[24.4317374,44.8370367],[24.4319042,44.8373332],[24.4319203,44.8375696],[24.4318231,44.837982],[24.4318888,44.8380941],[24.4322264,44.8383421],[24.4323657,44.8385701],[24.4328066,44.8387222],[24.433084,44.8390734],[24.433421,44.8392661],[24.4334393,44.8397007],[24.4335482,44.8398431],[24.4341088,44.8401413],[24.4345661,44.8403104],[24.4349618,44.8407087],[24.4353326,44.8408058],[24.4354436,44.84091],[24.4355382,44.8412146],[24.4357036,44.8413891],[24.4362649,44.841585],[24.4363573,44.8416625],[24.436448,44.8421125],[24.4368259,44.8426232],[24.4367223,44.8433558],[24.4367497,44.8434759],[24.4369089,44.8436645],[24.437264,44.8438909],[24.4376007,44.8442052],[24.4376012,44.8448079],[24.4381023,44.845305],[24.438134,44.84538]]]}},{"type":"Feature","properties":{"entity_id":"osm-r9744194","jurisdiction":"RO","display_name":"VITOMIREȘTI","display_type":"commune","admin_level":8,"tier":"local","legal_registry":"SIRUTA","legal_id":"129914","legal_type":"commune","parent_catalog_id":"osm-r2366978","osm_relation_id":9744194,"legal_identity_status":"reconciled","geometry_source":"OpenStreetMap","geometry_precision":"master_coordinate_fidelity"},"geometry":{"type":"Polygon","coordinates":[[[24.3200014,44.8401721],[24.3199284,44.8401445],[24.3191385,44.8397648],[24.3186911,44.8394648],[24.3207867,44.837594],[24.3262568,44.8329962],[24.3267463,44.8326792],[24.3276371,44.8319818],[24.3282059,44.8313347],[24.3281163,44.8309909],[24.3279065,44.8305626],[24.327712,44.8298271],[24.3275392,44.8280517],[24.3281765,44.8279858],[24.3278096,44.8258707],[24.3275013,44.825718],[24.3271968,44.8252402],[24.3269669,44.8239734],[24.3267432,44.8235658],[24.3262099,44.8231098],[24.3260655,44.8229],[24.3261003,44.8226085],[24.3264533,44.8218504],[24.32579,44.8214771],[24.3255014,44.8212384],[24.3242527,44.8212013],[24.3244019,44.8209061],[24.3247794,44.8206714],[24.3251765,44.8205405],[24.3255748,44.8203059],[24.3267458,44.8200496],[24.326881,44.8197981],[24.3270452,44.819646],[24.327539,44.8195351],[24.3279237,44.8192559],[24.3283221,44.818906],[24.3283932,44.8186008],[24.3284577,44.8185553],[24.3286424,44.818617],[24.328734,44.8185123],[24.3292236,44.8187316],[24.3294625,44.8186694],[24.3295594,44.8185724],[24.3296826,44.8186262],[24.3303213,44.8184719],[24.3307606,44.8185478],[24.3315549,44.8183711],[24.331584,44.8178559],[24.3317824,44.8172458],[24.3311095,44.8172759],[24.3307929,44.8173398],[24.3306021,44.8174384],[24.3304332,44.8174473],[24.3298917,44.8174131],[24.3294422,44.8172551],[24.3290021,44.8173547],[24.3277685,44.8180052],[24.3275322,44.8180883],[24.3267416,44.818078],[24.326463,44.8180121],[24.3260607,44.8180642],[24.3258038,44.8179526],[24.3254834,44.8176767],[24.3250392,44.8175071],[24.3244992,44.8171828],[24.3243476,44.8169207],[24.3242486,44.8168765],[24.3236963,44.8168822],[24.3222443,44.8166921],[24.32027,44.8158416],[24.3199105,44.8158823],[24.319057,44.8161046],[24.3188318,44.8161209],[24.3188931,44.8156287],[24.3188264,44.8149948],[24.3188937,44.8146616],[24.3197179,44.8146563],[24.3210897,44.8148175],[24.3213798,44.8148953],[24.3212398,44.8119702],[24.3214943,44.8119265],[24.3215125,44.8090475],[24.3218641,44.8076965],[24.3217104,44.8075771],[24.3217502,44.807219],[24.321671,44.8070361],[24.3206146,44.8063879],[24.3203115,44.8061015],[24.3202732,44.8059022],[24.3203387,44.8049854],[24.3202926,44.8048566],[24.3197959,44.8044405],[24.3188542,44.8041017],[24.3184876,44.8037167],[24.3178111,44.803385],[24.3176895,44.8028234],[24.317873,44.8018343],[24.3178658,44.8010782],[24.3178172,44.8004283],[24.3175553,44.7992322],[24.3175051,44.799214],[24.3172118,44.7993191],[24.3170074,44.7993419],[24.3164638,44.7992551],[24.3163538,44.7991117],[24.3162135,44.7990707],[24.3159351,44.7988384],[24.3160134,44.7986032],[24.3157462,44.7985064],[24.3158826,44.7983678],[24.3159409,44.7980177],[24.3161571,44.7977469],[24.3162888,44.797299],[24.3163869,44.797255],[24.3167578,44.797224],[24.3164013,44.7971522],[24.316389,44.7969764],[24.3165434,44.7969297],[24.317435,44.7969488],[24.3173006,44.7944628],[24.3172093,44.7941747],[24.3169671,44.7941319],[24.3169779,44.794092],[24.3173468,44.7941213],[24.317312,44.794224],[24.3173621,44.7942531],[24.3180655,44.7945063],[24.3190436,44.7944588],[24.3197665,44.7942069],[24.320247,44.7942554],[24.3203838,44.7942268],[24.3206547,44.7940799],[24.3209674,44.7938089],[24.3211398,44.7937405],[24.3214493,44.7937424],[24.3219327,44.7935417],[24.3232189,44.7933458],[24.3247224,44.7936445],[24.3258193,44.7940023],[24.3261976,44.793946],[24.3267906,44.7943886],[24.3273592,44.7946174],[24.3276732,44.7946152],[24.3279024,44.794549],[24.3294127,44.8013049],[24.3297072,44.8031522],[24.3300095,44.8034216],[24.3300591,44.8036721],[24.3303532,44.8039488],[24.3309761,44.8037501],[24.3315496,44.8036856],[24.3317716,44.8036082],[24.3320307,44.8033595],[24.3321436,44.802731],[24.3323056,44.8023157],[24.3330174,44.8020232],[24.333526,44.8019189],[24.3337384,44.8017986],[24.3340749,44.8013752],[24.3343715,44.8007431],[24.3353953,44.8007994],[24.3393006,44.8015127],[24.3401066,44.8016139],[24.3442342,44.8023255],[24.3445532,44.8023756],[24.3444981,44.802436],[24.3439346,44.803885],[24.3436087,44.8050531],[24.343528,44.8056441],[24.3439451,44.8060157],[24.3441696,44.8063638],[24.3444506,44.8064114],[24.3446619,44.8065366],[24.3447782,44.8067094],[24.3449899,44.8080354],[24.345578,44.809143],[24.3457824,44.8092794],[24.3460522,44.8093471],[24.3462005,44.8094515],[24.3464476,44.8097405],[24.347424,44.8106428],[24.3478019,44.8108003],[24.3477875,44.8110044],[24.3478415,44.8111356],[24.3483345,44.8114715],[24.3494595,44.8115628],[24.3502563,44.8117916],[24.3505992,44.8118252],[24.3508124,44.8118984],[24.3513444,44.8119108],[24.3514829,44.8118051],[24.3516247,44.8117657],[24.3518464,44.8118101],[24.352127,44.8119958],[24.3524485,44.8120206],[24.3527346,44.8119895],[24.3529086,44.8118883],[24.353019,44.8120296],[24.35311,44.8120436],[24.3533347,44.8120244],[24.3541407,44.8118248],[24.3545171,44.8117083],[24.3548228,44.811549],[24.355581,44.8113772],[24.3560467,44.8114503],[24.3563656,44.8113716],[24.3569233,44.8114351],[24.3582096,44.8114387],[24.3583924,44.8115303],[24.3587946,44.811593],[24.3591555,44.8115498],[24.3614018,44.8115109],[24.3622068,44.8115809],[24.3623814,44.8117731],[24.3622837,44.812199],[24.3620762,44.8122856],[24.3616338,44.8122445],[24.3613427,44.8123652],[24.3610532,44.8127143],[24.360887,44.8130456],[24.3607161,44.8137895],[24.3606268,44.8138247],[24.3604983,44.8137084],[24.360334,44.8136951],[24.3599757,44.8134946],[24.3599124,44.8133763],[24.359869,44.8127953],[24.3599795,44.8124081],[24.3599396,44.8123289],[24.3593607,44.8122221],[24.3585704,44.8121877],[24.3580928,44.8122746],[24.3580659,44.8124063],[24.3579423,44.8125268],[24.3577941,44.8125809],[24.3570618,44.812442],[24.3570416,44.8126072],[24.3568543,44.8128596],[24.3564923,44.8135869],[24.3561986,44.8139374],[24.3566898,44.814276],[24.356863,44.8142748],[24.3568434,44.8143691],[24.3562671,44.8152902],[24.3561557,44.8153549],[24.3555285,44.817517],[24.355579,44.8175128],[24.3555561,44.817583],[24.3548516,44.8188472],[24.3545012,44.820465],[24.3547833,44.8206204],[24.3553068,44.8205497],[24.355695,44.8206615],[24.3559446,44.8204662],[24.3566154,44.8203562],[24.3569665,44.8201951],[24.3570887,44.8206565],[24.3574431,44.8234324],[24.3573642,44.8234233],[24.3571416,44.8241874],[24.3571497,44.8245629],[24.3575469,44.8247605],[24.3575337,44.8250353],[24.357632,44.8251704],[24.3575127,44.8252975],[24.3579891,44.8255215],[24.3581398,44.8257164],[24.3583675,44.8258523],[24.359478,44.8261227],[24.3609884,44.8266574],[24.3616712,44.8267752],[24.3619588,44.8267639],[24.3625612,44.8265938],[24.3632854,44.826473],[24.3637136,44.826258],[24.3642933,44.8261525],[24.3656464,44.8260167],[24.3660099,44.8260669],[24.3664194,44.8261913],[24.3667131,44.8262059],[24.3668854,44.8261439],[24.367173,44.8259086],[24.3674573,44.8258269],[24.3677871,44.825875],[24.3680455,44.826017],[24.368352,44.826052],[24.3687912,44.8258473],[24.3691014,44.8257806],[24.3705833,44.8257278],[24.3721702,44.8258552],[24.3724619,44.8258179],[24.3727622,44.8257049],[24.3733201,44.8259633],[24.3734715,44.8259191],[24.3737592,44.8257363],[24.3740091,44.8257174],[24.3747305,44.8258601],[24.3751293,44.8257735],[24.3755371,44.8257481],[24.3764687,44.8259345],[24.3773157,44.8259224],[24.377782,44.825851],[24.3785157,44.8258255],[24.3790765,44.8259118],[24.3801608,44.8259597],[24.380869,44.8258508],[24.381083,44.8258549],[24.382128,44.8262944],[24.3830933,44.8264763],[24.3835536,44.8264472],[24.383855,44.8265458],[24.3842841,44.8265832],[24.3843335,44.8268739],[24.3844534,44.8269925],[24.3852882,44.8275784],[24.3857736,44.8281402],[24.3860122,44.8282823],[24.386146,44.8284323],[24.3873944,44.8293796],[24.3875364,44.8297945],[24.3873387,44.8305211],[24.3880338,44.8308393],[24.3888907,44.8313627],[24.3892131,44.8317589],[24.3897109,44.8321577],[24.3902805,44.8322731],[24.3904653,44.8323776],[24.3911204,44.8328576],[24.3913653,44.8331548],[24.3913127,44.8332488],[24.391199,44.8333057],[24.3911462,44.8334609],[24.3908075,44.833707],[24.3906725,44.8340039],[24.3909719,44.8343478],[24.3911512,44.8343741],[24.3913709,44.835785],[24.3915519,44.8360302],[24.3916897,44.8364162],[24.3920312,44.8368433],[24.3922732,44.8374752],[24.3924335,44.8376472],[24.3928664,44.8377569],[24.39331,44.8381837],[24.3930579,44.8384118],[24.3929963,44.8386631],[24.392515,44.838892],[24.3924966,44.8392501],[24.3926737,44.8394557],[24.3928054,44.8394933],[24.39323,44.8391766],[24.3940837,44.8389732],[24.3942977,44.8390314],[24.3943877,44.8392214],[24.3946553,44.8393344],[24.3946963,44.8394738],[24.3944804,44.8395951],[24.3946615,44.8396448],[24.39452,44.8398688],[24.3942985,44.8398391],[24.3941797,44.8399257],[24.3938582,44.8399877],[24.393585,44.8401707],[24.393398,44.8402301],[24.3933077,44.840383],[24.3934051,44.8405978],[24.3935829,44.8406598],[24.3938924,44.8405559],[24.3941238,44.8405901],[24.3944043,44.840806],[24.3945731,44.8410914],[24.3942619,44.8413634],[24.3947502,44.842199],[24.3949448,44.8422033],[24.395088,44.8420343],[24.3952713,44.8420205],[24.3955374,44.8420648],[24.3958254,44.8422361],[24.3959215,44.8423553],[24.3958187,44.8424451],[24.3958771,44.8426218],[24.3960994,44.8426444],[24.3960499,44.8427199],[24.3957434,44.8427645],[24.3956681,44.8428745],[24.3960785,44.843302],[24.3964425,44.8434269],[24.396683,44.8437035],[24.3970013,44.843631],[24.3970311,44.8436625],[24.397189,44.8436386],[24.3972462,44.8437131],[24.3974273,44.8436893],[24.3974518,44.8437867],[24.396864,44.8440372],[24.3970652,44.8441021],[24.3970369,44.8441706],[24.3971586,44.8442449],[24.3971248,44.8443355],[24.3971685,44.844451],[24.3970032,44.8445838],[24.3966428,44.8447316],[24.3965401,44.8448193],[24.3967339,44.8444327],[24.3966432,44.8442595],[24.3964837,44.8441666],[24.396337,44.8441769],[24.395132,44.8445838],[24.3951363,44.8446623],[24.3954448,44.8448943],[24.3956065,44.8451025],[24.395779,44.8451022],[24.3959713,44.845194],[24.3962925,44.8451663],[24.396171,44.8454097],[24.3955004,44.8456602],[24.3955262,44.8457166],[24.3957845,44.845668],[24.3956132,44.8460775],[24.3959062,44.846077],[24.3959263,44.8461146],[24.3959082,44.8461603],[24.3956139,44.8462879],[24.3956222,44.8463379],[24.3958484,44.8464759],[24.3954319,44.8467945],[24.395434,44.8468737],[24.3955581,44.8470252],[24.3951128,44.8470511],[24.3945474,44.8473231],[24.3955054,44.8490414],[24.3955819,44.8490851],[24.3961665,44.8490295],[24.397516,44.8490624],[24.398063,44.8492268],[24.3984969,44.849485],[24.3988121,44.8495287],[24.4002493,44.8487783],[24.4008083,44.8486386],[24.4014628,44.8485664],[24.4018168,44.8485703],[24.4025903,44.8487926],[24.403271,44.8488675],[24.4032599,44.8485172],[24.4033466,44.8484065],[24.4037825,44.8480967],[24.404067,44.8480165],[24.4043241,44.8477934],[24.4044014,44.8477942],[24.4045677,44.8476902],[24.4045199,44.8474613],[24.4045712,44.8474154],[24.4050618,44.8474009],[24.4052971,44.8474588],[24.4058151,44.8470085],[24.40588,44.8472941],[24.4060809,44.8472616],[24.4063971,44.8473451],[24.4064366,44.8472362],[24.4068061,44.8471626],[24.4074042,44.8472329],[24.407977,44.8474687],[24.4080817,44.8476098],[24.4080969,44.8478532],[24.408178,44.8479942],[24.4083359,44.8481376],[24.4086126,44.8481936],[24.4087974,44.8482911],[24.4095635,44.8490855],[24.4097786,44.8494012],[24.4100426,44.849539],[24.4103356,44.8495631],[24.4103735,44.8496011],[24.4104386,44.849872],[24.4103708,44.8501527],[24.4104133,44.8503186],[24.4105762,44.8505481],[24.4106505,44.8507834],[24.4110712,44.8512928],[24.4110835,44.8515299],[24.411349,44.8518186],[24.4116731,44.8518601],[24.4120081,44.8519919],[24.4126476,44.8521461],[24.4129221,44.8522707],[24.4132651,44.8522599],[24.4135006,44.8523968],[24.4138897,44.8523838],[24.414132,44.8525434],[24.4144693,44.8526467],[24.4148101,44.8528622],[24.4149485,44.8528151],[24.4150841,44.8526851],[24.4152499,44.8527237],[24.4154958,44.8528858],[24.4158205,44.8532847],[24.4161587,44.8534021],[24.4162205,44.8535809],[24.4160992,44.8538608],[24.4161058,44.8540548],[24.4165089,44.8550001],[24.4165508,44.8552065],[24.416476,44.8554959],[24.4167715,44.8560863],[24.4170115,44.8570883],[24.4174051,44.857588],[24.4176251,44.8577446],[24.4177535,44.8579194],[24.4180796,44.85814],[24.4181185,44.8583693],[24.4180349,44.8585441],[24.4180555,44.8587408],[24.4181409,44.858774],[24.4183558,44.8587569],[24.4186677,44.8590269],[24.418731,44.8592393],[24.4189177,44.8594605],[24.4192076,44.8596101],[24.4192653,44.859685],[24.4194144,44.8600604],[24.4192731,44.8606086],[24.4194169,44.8611327],[24.4190825,44.8615341],[24.4189918,44.861808],[24.4187402,44.8620727],[24.4186537,44.8624154],[24.4184638,44.8626827],[24.4181039,44.8628549],[24.4179729,44.8629815],[24.417888,44.8635321],[24.4180786,44.8639918],[24.4184321,44.8643328],[24.4184316,44.8646686],[24.4187009,44.8650661],[24.4195296,44.8652569],[24.4198631,44.865218],[24.4199914,44.8652421],[24.4205403,44.8654647],[24.4212068,44.8658696],[24.4214506,44.8662001],[24.4217717,44.8662489],[24.4222352,44.8664516],[24.422407,44.866602],[24.4227101,44.8675283],[24.4226962,44.8677113],[24.4227913,44.8679487],[24.42274,44.8681238],[24.422781,44.8685363],[24.4226842,44.8690086],[24.4223136,44.8697837],[24.4224135,44.8700555],[24.4231425,44.8708187],[24.4200224,44.8730185],[24.419052,44.8735856],[24.4188598,44.8737434],[24.4197874,44.8751182],[24.4195856,44.8751907],[24.4203572,44.8762804],[24.4204572,44.876237],[24.4214451,44.8781072],[24.4204032,44.8786324],[24.4195797,44.8789383],[24.4195207,44.8789973],[24.419671,44.8792721],[24.4196309,44.8793788],[24.4181992,44.8801292],[24.4180705,44.8802185],[24.418084,44.88031],[24.4183389,44.8805145],[24.418827,44.8804429],[24.4191784,44.880558],[24.4197548,44.8803265],[24.4207899,44.8801911],[24.421064,44.8808874],[24.4213166,44.8817643],[24.4214829,44.8816526],[24.4216921,44.881611],[24.4221266,44.8816996],[24.4227996,44.8814491],[24.4229203,44.8813559],[24.4232528,44.881345],[24.4234084,44.8813778],[24.4237921,44.8816129],[24.4243201,44.8822596],[24.4248089,44.882059],[24.4251682,44.8819719],[24.4256188,44.8819536],[24.4260935,44.8820746],[24.4257345,44.8825314],[24.4256757,44.8827906],[24.4257348,44.8829527],[24.4260838,44.883348],[24.4261458,44.8837141],[24.4260601,44.8838664],[24.425634,44.8842928],[24.4255761,44.8856652],[24.4251499,44.8861086],[24.4243752,44.8866924],[24.4244263,44.8870204],[24.4243514,44.8872567],[24.4244535,44.8875619],[24.4243467,44.8880268],[24.4241751,44.8882781],[24.4242075,44.8885336],[24.4240362,44.8889909],[24.4240578,44.8892197],[24.4239456,44.889677],[24.4239673,44.8901955],[24.4238122,44.8906185],[24.4230616,44.8914807],[24.4228257,44.8916214],[24.4224234,44.8917579],[24.4219945,44.8921422],[24.4210611,44.8922034],[24.4204602,44.8922881],[24.4200848,44.8924685],[24.4194359,44.8929344],[24.4185349,44.893335],[24.418052,44.8934065],[24.4176444,44.8934115],[24.4172902,44.8933631],[24.4168502,44.8933986],[24.4162493,44.8932868],[24.4158095,44.8933928],[24.4154661,44.893396],[24.4150369,44.8935629],[24.4147366,44.8936005],[24.4144576,44.8937296],[24.4137495,44.8938197],[24.4132587,44.8941067],[24.4129746,44.8944341],[24.4125493,44.8946542],[24.4124246,44.8944216],[24.412369,44.8937518],[24.409626,44.8945697],[24.4091252,44.894787],[24.4082508,44.8949912],[24.4080094,44.8951909],[24.4075186,44.8954492],[24.4074048,44.8955919],[24.4070733,44.8958382],[24.4066375,44.896454],[24.4059315,44.896977],[24.405598,44.8971261],[24.4050399,44.8971977],[24.4047144,44.897323],[24.4044577,44.8972942],[24.4037048,44.8974623],[24.4032325,44.8974837],[24.4029112,44.8974356],[24.4026849,44.8974806],[24.4025267,44.8970723],[24.4019036,44.8962401],[24.4017516,44.8961722],[24.401458,44.8961565],[24.4013654,44.8963964],[24.4007357,44.8970327],[24.4005626,44.8976054],[24.399623,44.8981345],[24.3994217,44.8983695],[24.3993537,44.8986837],[24.399286,44.8987424],[24.3985634,44.8990632],[24.3983089,44.8992597],[24.3968361,44.8999698],[24.3966759,44.9001384],[24.3964214,44.8998847],[24.3960868,44.8993788],[24.3950814,44.8984598],[24.3949982,44.8984573],[24.3937603,44.8990433],[24.3923872,44.8999239],[24.3922538,44.9000907],[24.392069,44.9005242],[24.3921267,44.9008488],[24.3903822,44.901391],[24.3892331,44.9014893],[24.3889838,44.901476],[24.3889517,44.9014662],[24.3889305,44.901447],[24.389047,44.9013544],[24.3895084,44.9013445],[24.3896458,44.9012978],[24.3897162,44.9010103],[24.3895076,44.9009687],[24.3894333,44.9008938],[24.3893155,44.9008872],[24.3885513,44.9010838],[24.3883664,44.9010729],[24.3883381,44.9009734],[24.3882075,44.9009039],[24.3881711,44.9008121],[24.3882889,44.900607],[24.3882414,44.9001057],[24.3881004,44.9000029],[24.3879394,44.8995669],[24.3880921,44.8993582],[24.3879334,44.8989527],[24.3880085,44.8982782],[24.3882616,44.898198],[24.3883214,44.8981393],[24.3882779,44.8979712],[24.3883023,44.8974984],[24.3884077,44.8972131],[24.3885763,44.8970121],[24.388657,44.8965455],[24.3888508,44.8962685],[24.3881304,44.8964024],[24.3871532,44.8964886],[24.3867431,44.8966954],[24.3863668,44.8967613],[24.3859759,44.8967031],[24.3858486,44.8965953],[24.3857916,44.896429],[24.3854101,44.896264],[24.3855572,44.8961496],[24.385474,44.8958564],[24.3856236,44.8954861],[24.3855048,44.8952954],[24.3854522,44.8949084],[24.3855809,44.8948494],[24.3856976,44.8945006],[24.3860513,44.8944207],[24.3863011,44.8944818],[24.3863464,44.8944151],[24.3863268,44.8941711],[24.3864041,44.8940472],[24.3867734,44.8938014],[24.3871084,44.893733],[24.3871484,44.8936606],[24.3871022,44.8934985],[24.3874098,44.8932985],[24.3873337,44.8930201],[24.3873678,44.8928143],[24.3875282,44.8926866],[24.3878523,44.8925495],[24.3879965,44.8923799],[24.3883982,44.8921857],[24.3884059,44.8921132],[24.3881822,44.8918634],[24.3879357,44.8919548],[24.3877298,44.8921111],[24.3876648,44.8919548],[24.3874847,44.8918498],[24.3871551,44.8919279],[24.386976,44.8921165],[24.3867272,44.8922766],[24.3866665,44.892551],[24.3865038,44.8927854],[24.3860593,44.8930083],[24.3857145,44.8933475],[24.3853475,44.8934826],[24.3849916,44.8936979],[24.3847464,44.8934215],[24.3843031,44.8932784],[24.383714,44.8928702],[24.3833254,44.8922677],[24.3830046,44.8918825],[24.3830148,44.8917491],[24.382899,44.8916252],[24.3825901,44.8915355],[24.3816247,44.8916285],[24.3810447,44.8914682],[24.3809214,44.891491],[24.3807757,44.891287],[24.380869,44.8911555],[24.3805037,44.8910391],[24.3804848,44.8909896],[24.3806135,44.8909571],[24.3805435,44.8909],[24.380385,44.8908293],[24.3803022,44.8909304],[24.3799212,44.8909092],[24.3799719,44.8908388],[24.3802156,44.8907207],[24.3805267,44.8907151],[24.3806017,44.8906693],[24.3805557,44.8905988],[24.3803382,44.8905168],[24.3803271,44.8904519],[24.3804236,44.8903948],[24.3802861,44.8902385],[24.3807305,44.8899642],[24.3804481,44.8898135],[24.3802333,44.8897542],[24.3801954,44.8896609],[24.3803455,44.8896304],[24.3807607,44.8897341],[24.3809324,44.8894629],[24.3811495,44.8894267],[24.3809961,44.8892666],[24.3809608,44.8891675],[24.3810251,44.8891255],[24.3812289,44.8891352],[24.3813904,44.8892687],[24.3816076,44.889263],[24.3816798,44.8891945],[24.3818005,44.8891869],[24.3819449,44.8890611],[24.3818558,44.888901],[24.3819835,44.8886418],[24.3819156,44.888394],[24.3819526,44.8882816],[24.3820999,44.8881863],[24.3823678,44.888112],[24.3830366,44.8876357],[24.3832688,44.8873156],[24.3832576,44.887226],[24.3831529,44.8871802],[24.3828927,44.8872049],[24.382871,44.8871286],[24.3829967,44.8869683],[24.3828192,44.8868981],[24.3826153,44.886896],[24.381401,44.887657],[24.3812413,44.8874635],[24.3811952,44.8873034],[24.3813677,44.8868155],[24.3813956,44.8864114],[24.3819746,44.8856187],[24.3820117,44.8854624],[24.3812193,44.8844976],[24.3809731,44.8839562],[24.3803719,44.8838301],[24.3799281,44.8835097],[24.3798349,44.8829988],[24.3798998,44.882427],[24.3798431,44.8823203],[24.379706,44.8822497],[24.3791588,44.8822247],[24.3787722,44.8821541],[24.3782647,44.8820108],[24.3777301,44.8817857],[24.3772696,44.8812823],[24.3772313,44.8810916],[24.3773185,44.8807562],[24.3770411,44.8804359],[24.3762262,44.8798561],[24.3757282,44.8793679],[24.3753278,44.8791542],[24.374798,44.8787518],[24.37393,44.878315],[24.3733199,44.8777569],[24.3729037,44.8775086],[24.3723289,44.8770006],[24.3723368,44.8768481],[24.3725532,44.8763412],[24.3724106,44.8760626],[24.3724883,44.8759979],[24.372668,44.8759849],[24.3727376,44.8759296],[24.3729006,44.875499],[24.3730986,44.8752399],[24.3730664,44.8751865],[24.372556,44.8747587],[24.3724622,44.8746046],[24.372162,44.8744493],[24.3708777,44.8739944],[24.3703413,44.8738483],[24.3700434,44.8738247],[24.3699122,44.8737195],[24.3696869,44.8737],[24.3689271,44.8727614],[24.3688956,44.8725325],[24.3682821,44.872161],[24.367975,44.8715784],[24.3678784,44.8715324],[24.3672345,44.8715081],[24.3669877,44.8714465],[24.3663114,44.8714832],[24.3661319,44.871376],[24.3659732,44.871513],[24.3657289,44.8715239],[24.3656378,44.8714646],[24.3658178,44.8714001],[24.3657029,44.8712453],[24.3654427,44.8711741],[24.3650568,44.8709883],[24.3649065,44.8709917],[24.3645895,44.8711246],[24.3645224,44.8711187],[24.3645844,44.871031],[24.3645362,44.8710062],[24.3638247,44.8710771],[24.3637739,44.8710484],[24.3637826,44.8708271],[24.363737,44.8707773],[24.3633399,44.8707403],[24.3627897,44.8707733],[24.3621566,44.8706957],[24.3619529,44.8705865],[24.3619804,44.8703843],[24.3618973,44.8703287],[24.3616719,44.8703168],[24.3611297,44.8703881],[24.3606231,44.8701791],[24.3603471,44.8699915],[24.3595426,44.8698274],[24.3589094,44.8697841],[24.3587669,44.8698734],[24.3586993,44.8700717],[24.3585704,44.8700886],[24.3582056,44.870042],[24.3579482,44.8699269],[24.3577174,44.8699302],[24.3576263,44.8698823],[24.3574502,44.8695385],[24.3570913,44.8693107],[24.3568071,44.8692317],[24.3567693,44.8693383],[24.3565227,44.8691701],[24.3561556,44.8690338],[24.3559922,44.8689208],[24.3554774,44.8687727],[24.3543988,44.8686825],[24.354346,44.8683962],[24.3538298,44.8687137],[24.3534804,44.8687563],[24.3533464,44.8688442],[24.3531535,44.8687675],[24.3526383,44.868751],[24.3519411,44.8685472],[24.3510719,44.8685032],[24.3500429,44.8680238],[24.3498576,44.8680787],[24.3499616,44.8682927],[24.3503659,44.8685626],[24.350717,44.8686932],[24.3507947,44.8687678],[24.3504468,44.8693509],[24.3503046,44.8693486],[24.3498891,44.8692065],[24.349728,44.8692214],[24.3494915,44.869341],[24.3493057,44.8695314],[24.3492615,44.8699663],[24.3491618,44.8700881],[24.348614,44.8702376],[24.3485174,44.8702088],[24.3485391,44.8701288],[24.3486948,44.8700966],[24.3488159,44.8700111],[24.3490314,44.8697483],[24.3486262,44.8697454],[24.3485143,44.8694666],[24.3482675,44.8694298],[24.3468022,44.8694587],[24.3457358,44.8697902],[24.3457969,44.8699964],[24.3455977,44.8701867],[24.3454314,44.8701558],[24.3453077,44.8702719],[24.3450475,44.8701893],[24.34506,44.8705251],[24.3447996,44.8705665],[24.3447515,44.8704633],[24.3446095,44.8704076],[24.3445823,44.8705164],[24.3443993,44.8706838],[24.3443,44.8707141],[24.344241,44.8706834],[24.3442066,44.8705269],[24.3439703,44.8705779],[24.3437449,44.8705544],[24.3435462,44.8706112],[24.3435251,44.8704776],[24.3434447,44.8704545],[24.3424784,44.870519],[24.3422825,44.870509],[24.3419754,44.8703978],[24.3417984,44.8704644],[24.3416857,44.8704337],[24.3416694,44.8707026],[24.341546,44.8707311],[24.3411705,44.8707059],[24.3399153,44.8704909],[24.3388907,44.8704497],[24.3383273,44.8705005],[24.33719,44.8705146],[24.3350335,44.8703576],[24.3344702,44.870355],[24.3341805,44.8702688],[24.3339124,44.8701178],[24.3335477,44.8700582],[24.3331977,44.8698482],[24.3331191,44.8693901],[24.3331729,44.8689194],[24.3329945,44.867409],[24.3330626,44.8658746],[24.332993,44.8656837],[24.3330119,44.8655464],[24.3326906,44.8647525],[24.3329191,44.8641271],[24.3336576,44.8629834],[24.3340332,44.8626329],[24.3344789,44.8620001],[24.3352708,44.8610472],[24.3370884,44.8580812],[24.3373005,44.8578602],[24.3387226,44.8567555],[24.3409068,44.8546061],[24.3415315,44.8538504],[24.3417903,44.853671],[24.3419551,44.8534726],[24.3396523,44.8521239],[24.3378483,44.8509868],[24.3372386,44.8508442],[24.3368251,44.8506512],[24.3363948,44.8502254],[24.3355713,44.8497078],[24.3343411,44.8492291],[24.3337618,44.8489178],[24.3325982,44.848095],[24.3323257,44.8476986],[24.331739,44.8473997],[24.3313398,44.8470866],[24.3306063,44.8467297],[24.3267352,44.8442917],[24.3261154,44.8439351],[24.3259964,44.8439365],[24.3259142,44.8438388],[24.32544,44.8435405],[24.3241128,44.8427607],[24.3240681,44.8426841],[24.3241114,44.8426233],[24.3256743,44.8413122],[24.3257346,44.8411561],[24.3256981,44.8410357],[24.3253698,44.8409023],[24.3248027,44.8405157],[24.3243988,44.8404524],[24.3241004,44.8402676],[24.3235546,44.8401921],[24.3229665,44.8400476],[24.3226237,44.8400496],[24.3216299,44.8397464],[24.3211588,44.8397171],[24.3207185,44.8398176],[24.3201906,44.8398376],[24.3201258,44.8398849],[24.3201077,44.8401174],[24.3200014,44.8401721]]]}},{"type":"Feature","properties":{"entity_id":"osm-r9744195","jurisdiction":"RO","display_name":"LELEASCA","display_type":"commune","admin_level":8,"tier":"local","legal_registry":"SIRUTA","legal_id":"127411","legal_type":"commune","parent_catalog_id":"osm-r2366978","osm_relation_id":9744195,"legal_identity_status":"reconciled","geometry_source":"OpenStreetMap","geometry_precision":"master_coordinate_fidelity"},"geometry":{"type":"Polygon","coordinates":[[[24.4650895,44.8184661],[24.4649731,44.8184672],[24.463718,44.8185831],[24.4632952,44.8184951],[24.4628919,44.8183157],[24.4623672,44.8179068],[24.4615649,44.8176872],[24.46113,44.8174332],[24.4607984,44.8169966],[24.4604494,44.816726],[24.4602917,44.8166699],[24.4587493,44.816519],[24.4577512,44.8166494],[24.4571303,44.8165566],[24.4567339,44.8161635],[24.4566398,44.815877],[24.4564929,44.8158018],[24.4562466,44.8157777],[24.4556616,44.815872],[24.4551578,44.8158618],[24.4547089,44.8156974],[24.4546108,44.8155652],[24.4546505,44.8152946],[24.4542325,44.814951],[24.4537988,44.8148802],[24.4527344,44.8152752],[24.4522846,44.815231],[24.4521543,44.8151064],[24.4518961,44.8145481],[24.4515038,44.8140043],[24.4513414,44.8138585],[24.4510479,44.8137082],[24.450294,44.8134755],[24.4499764,44.8133098],[24.4497207,44.8131178],[24.4495483,44.8128956],[24.4488099,44.8124036],[24.4486373,44.812155],[24.4484649,44.8120411],[24.4477498,44.8117366],[24.4474814,44.8116726],[24.4468657,44.811074],[24.4465971,44.810991],[24.4461039,44.810966],[24.4456632,44.8108111],[24.445339,44.8107654],[24.4451844,44.810642],[24.4447207,44.810272],[24.4445783,44.8102776],[24.4443043,44.8097826],[24.4435446,44.809248],[24.4431225,44.8088791],[24.4428557,44.808863],[24.442266,44.8090201],[24.4421299,44.8089899],[24.4420632,44.8088334],[24.4417835,44.808927],[24.4418263,44.8087942],[24.4417288,44.8087536],[24.441697,44.8086764],[24.4422762,44.8082762],[24.44167,44.8080984],[24.4408601,44.8076267],[24.4403066,44.8072167],[24.4397465,44.8071678],[24.4393629,44.8069884],[24.4391792,44.8067776],[24.4389276,44.8061112],[24.4387715,44.8058861],[24.4381566,44.8056616],[24.4377793,44.8054242],[24.4376877,44.8052969],[24.437654,44.8050235],[24.4377118,44.8046199],[24.4373343,44.8044235],[24.4368415,44.804278],[24.4366401,44.8040704],[24.4362751,44.8039012],[24.4360838,44.8034693],[24.4359801,44.8028751],[24.4355981,44.8023254],[24.4356344,44.8021071],[24.4357454,44.8019998],[24.4363204,44.8017409],[24.4363863,44.8015956],[24.436401,44.8012531],[24.4366182,44.8011435],[24.4369114,44.8007839],[24.4374334,44.8005195],[24.4375259,44.8003635],[24.437747,44.8002405],[24.4380838,44.799913],[24.4381385,44.7997487],[24.4386022,44.7996216],[24.4344806,44.7980229],[24.4313361,44.796879],[24.4288471,44.7960479],[24.4278711,44.7956438],[24.425445,44.7966959],[24.4231216,44.7977948],[24.4227836,44.7980793],[24.4235201,44.7987047],[24.4208528,44.8000161],[24.4204719,44.8002557],[24.4193549,44.8011503],[24.4183701,44.8012887],[24.4178829,44.8014097],[24.4177377,44.8013942],[24.4173602,44.8012765],[24.4169205,44.8009424],[24.415635,44.7997026],[24.4151957,44.799481],[24.4147548,44.7993012],[24.4142803,44.7992254],[24.4134782,44.7989131],[24.4126173,44.7988757],[24.4118286,44.7987875],[24.4110465,44.7985499],[24.4102166,44.7982119],[24.4096964,44.7976951],[24.4088664,44.7970722],[24.4082269,44.7964516],[24.4078959,44.7961984],[24.4076007,44.7957369],[24.4072697,44.7954001],[24.4069331,44.7951764],[24.4052546,44.7947015],[24.4047405,44.7944559],[24.4045249,44.7944405],[24.4039991,44.7945463],[24.4038343,44.7945116],[24.4036724,44.7943874],[24.403432,44.7940419],[24.4031904,44.7938151],[24.4028794,44.7936703],[24.4022903,44.7935118],[24.4014956,44.7933705],[24.4007979,44.7933634],[24.4001185,44.7934337],[24.3987266,44.79322],[24.3985416,44.7931467],[24.3972692,44.7923205],[24.3967998,44.7921627],[24.3962416,44.7921022],[24.3959824,44.792026],[24.3947501,44.7914011],[24.3946069,44.7913514],[24.3943895,44.791359],[24.3938699,44.7911444],[24.3927093,44.7908236],[24.3919351,44.7903742],[24.3915928,44.7902361],[24.3912349,44.7901747],[24.3901677,44.79019],[24.3902745,44.7901554],[24.3905261,44.7898668],[24.3910059,44.7895408],[24.3919843,44.7889798],[24.392295,44.7888591],[24.3925801,44.7886626],[24.3928009,44.7882129],[24.3929101,44.7881086],[24.3938977,44.787503],[24.3948045,44.7865719],[24.395965,44.7855306],[24.396393,44.7852526],[24.3966386,44.785282],[24.3968157,44.7852169],[24.3973372,44.7848414],[24.397497,44.7847741],[24.3977472,44.7848184],[24.3985716,44.7853059],[24.3994529,44.785613],[24.4010856,44.7864702],[24.401722,44.7866415],[24.4020197,44.7869037],[24.4023767,44.7869435],[24.4026465,44.7872471],[24.4027006,44.7872582],[24.4031115,44.7870332],[24.4033363,44.7870907],[24.4033526,44.787191],[24.4030752,44.78735],[24.4031278,44.7876731],[24.4035239,44.788057],[24.4041388,44.7883255],[24.407343,44.786556],[24.4072695,44.7864926],[24.408006,44.7860844],[24.4038701,44.782125],[24.4039163,44.7819816],[24.4044951,44.7821249],[24.4042714,44.7814392],[24.4026956,44.7787851],[24.4025903,44.7784649],[24.4022402,44.7779798],[24.4019378,44.7773191],[24.400683,44.7753892],[24.4001192,44.7743284],[24.3996871,44.7736683],[24.3995333,44.7733628],[24.399522,44.7730434],[24.3991052,44.7723817],[24.3987924,44.7720486],[24.3983868,44.7714374],[24.3983728,44.7713259],[24.398476,44.7711881],[24.3991205,44.7709112],[24.3996857,44.7705948],[24.4005081,44.769629],[24.40061,44.7694662],[24.4006384,44.7690491],[24.400859,44.7688597],[24.4010094,44.7690231],[24.4011633,44.7690685],[24.401554,44.7690574],[24.4017432,44.7691164],[24.4032651,44.769259],[24.4036059,44.7689479],[24.4043415,44.7684283],[24.4044897,44.7678338],[24.4046485,44.7675977],[24.4048863,44.7675408],[24.4049308,44.7674392],[24.4047088,44.7673514],[24.4047288,44.7669788],[24.4040432,44.7662588],[24.4037757,44.7657562],[24.403707,44.7653613],[24.4034513,44.7650742],[24.4050206,44.7643153],[24.4046665,44.7641339],[24.4043814,44.7638726],[24.4040172,44.7638157],[24.4035868,44.7635536],[24.4034605,44.7634283],[24.4034433,44.763013],[24.4030529,44.7629053],[24.4026943,44.7625886],[24.402243,44.7623713],[24.4022578,44.7622486],[24.4018863,44.7614389],[24.4017823,44.7613386],[24.4017581,44.7611896],[24.4018924,44.7610771],[24.4018854,44.7609811],[24.400845,44.7604691],[24.4005571,44.7602098],[24.3999904,44.7599986],[24.3999124,44.7598849],[24.3989999,44.7593187],[24.3989294,44.7586907],[24.3990048,44.758531],[24.3986091,44.7583201],[24.398448,44.7576601],[24.3984473,44.7572988],[24.3983277,44.7570979],[24.3983339,44.7569652],[24.3984405,44.7568395],[24.3986618,44.7567561],[24.3989575,44.7567565],[24.3990278,44.7566804],[24.3990148,44.7565441],[24.3987884,44.7562992],[24.3987974,44.7561987],[24.3989808,44.7559354],[24.398966,44.7558073],[24.3987759,44.7555871],[24.3986546,44.7552064],[24.3983255,44.7549285],[24.3984961,44.754719],[24.3988496,44.7546404],[24.3990674,44.7545446],[24.3991162,44.7544751],[24.3990064,44.7542092],[24.3988407,44.7540161],[24.3982623,44.7537685],[24.398012,44.7533964],[24.3977761,44.7531929],[24.3977765,44.752874],[24.3977899,44.7528183],[24.397994,44.7528383],[24.3980518,44.7529338],[24.3985528,44.7531155],[24.4000015,44.7531956],[24.4003963,44.7533006],[24.4008691,44.7537729],[24.4012567,44.7538729],[24.401715,44.7541252],[24.4022108,44.7542933],[24.4024323,44.7544929],[24.4027334,44.754639],[24.4028053,44.7550068],[24.4028595,44.7550855],[24.4030443,44.7551722],[24.4036098,44.7550356],[24.404135,44.7548007],[24.4048221,44.7546625],[24.4055465,44.7544557],[24.4067703,44.7543543],[24.4077041,44.7541853],[24.4094224,44.7537789],[24.4099917,44.753514],[24.4107834,44.7530134],[24.4121792,44.7523177],[24.4125872,44.7520685],[24.4131211,44.7516731],[24.4136459,44.7511511],[24.4139034,44.7510623],[24.4144334,44.7507386],[24.4166147,44.7491349],[24.4170116,44.7489865],[24.4171316,44.7489967],[24.4188968,44.7480758],[24.4176897,44.7476171],[24.4168581,44.7471572],[24.4164173,44.7469758],[24.416057,44.7465486],[24.4158727,44.7462347],[24.4155013,44.7464212],[24.4151984,44.7461045],[24.414662,44.7459031],[24.4139827,44.7456838],[24.4134512,44.745695],[24.4171671,44.7437027],[24.4192252,44.7427626],[24.4190365,44.7425975],[24.4184604,44.7422493],[24.4179562,44.7418301],[24.4176072,44.7414345],[24.4172045,44.7407103],[24.4166908,44.7401157],[24.4164328,44.7398891],[24.415981,44.7396563],[24.4158073,44.7395128],[24.4147036,44.7382335],[24.4141381,44.7379029],[24.4141766,44.7375435],[24.4140136,44.737181],[24.4136631,44.7368024],[24.4133406,44.7361104],[24.4121755,44.7346911],[24.4118901,44.7342407],[24.4116041,44.7342036],[24.4097011,44.7348703],[24.4094509,44.7346617],[24.4092279,44.7340289],[24.4092622,44.7337813],[24.4091866,44.7331996],[24.4086865,44.7326905],[24.4085901,44.7323321],[24.4082985,44.7319564],[24.4075606,44.7302542],[24.4075694,44.7297243],[24.4077382,44.7293943],[24.4078927,44.7292206],[24.4084802,44.7287654],[24.4085489,44.7286188],[24.4085286,44.7283333],[24.4086009,44.7281505],[24.4085223,44.7277577],[24.4081691,44.7273002],[24.4078587,44.7270798],[24.4075154,44.7267364],[24.4092959,44.7263857],[24.4093511,44.7264226],[24.4102263,44.7262502],[24.4120213,44.7260176],[24.4130363,44.7257813],[24.4145013,44.7257096],[24.4148919,44.7256109],[24.4152414,44.7253473],[24.4166433,44.7245727],[24.416732,44.7246891],[24.4166621,44.7248352],[24.4161549,44.7250309],[24.4161156,44.7251008],[24.4161709,44.7251408],[24.4162781,44.7251261],[24.416656,44.725006],[24.4169303,44.72498],[24.4171902,44.7251983],[24.4175352,44.7252821],[24.4175871,44.725368],[24.4177305,44.7254444],[24.4178491,44.7256725],[24.4181638,44.7257687],[24.4182188,44.725927],[24.4185227,44.7260557],[24.4187891,44.7263489],[24.4189209,44.7266736],[24.4189974,44.7273045],[24.4189758,44.7276153],[24.4190616,44.7277962],[24.4193607,44.7279037],[24.4198794,44.7277749],[24.4202884,44.7277505],[24.4211008,44.7275345],[24.4213989,44.7274957],[24.421713,44.727355],[24.4217915,44.7270466],[24.4220877,44.7271985],[24.4222497,44.727202],[24.4222395,44.7267615],[24.4219544,44.7262395],[24.422996,44.72573],[24.4234282,44.7256632],[24.424253,44.7258518],[24.4250894,44.725969],[24.4254731,44.7260827],[24.4261591,44.7261265],[24.4256178,44.7258481],[24.4253667,44.7255687],[24.4259926,44.7251942],[24.425382,44.7249371],[24.4249695,44.7249701],[24.4246664,44.7249385],[24.4245403,44.7248831],[24.4244458,44.7247294],[24.4245243,44.7245574],[24.4246093,44.7245086],[24.4249013,44.7244909],[24.4254979,44.7243544],[24.4260113,44.7240213],[24.4261165,44.7238631],[24.4261022,44.7237564],[24.4258341,44.7233035],[24.4254054,44.7231118],[24.4247504,44.7233219],[24.4244135,44.7232271],[24.4242879,44.723117],[24.4243556,44.7228684],[24.4238363,44.7225839],[24.423077,44.7224815],[24.4228848,44.7223608],[24.4226344,44.7220668],[24.4227822,44.7218815],[24.4233884,44.7216903],[24.4238377,44.721403],[24.423904,44.7212366],[24.4238944,44.7210158],[24.4239823,44.7208517],[24.4249634,44.7200509],[24.426572,44.7207086],[24.4268783,44.7214332],[24.4313286,44.7225444],[24.4337454,44.7230366],[24.4340011,44.7227175],[24.4342587,44.7225082],[24.4352046,44.7221333],[24.4355507,44.7217959],[24.4361372,44.7213939],[24.4364216,44.7194241],[24.4365771,44.7192862],[24.4371122,44.7190011],[24.4371808,44.7184035],[24.4375284,44.7179709],[24.4375984,44.7178858],[24.4393289,44.7188118],[24.4403388,44.7194343],[24.4414376,44.7201945],[24.4423,44.7209011],[24.4428536,44.7212542],[24.4431957,44.721546],[24.443449,44.7216727],[24.4446415,44.7220892],[24.4460579,44.7224008],[24.4487389,44.7227102],[24.44968,44.7227925],[24.4499253,44.7227731],[24.4502167,44.7228852],[24.4506153,44.7232517],[24.4513116,44.7237299],[24.4516319,44.7244185],[24.4520439,44.7248121],[24.4522755,44.7251949],[24.4522233,44.725358],[24.4520492,44.7255467],[24.4521072,44.7257458],[24.4533639,44.7273653],[24.4536667,44.7279806],[24.453778,44.728435],[24.453793,44.7296381],[24.4537207,44.7298669],[24.4534577,44.7302055],[24.452978,44.7303276],[24.4524752,44.730626],[24.4519052,44.7312614],[24.4518957,44.7313696],[24.4526585,44.7318663],[24.4530831,44.7320475],[24.4546684,44.7330205],[24.4541339,44.7339763],[24.4542739,44.7341374],[24.454669,44.7343667],[24.4558492,44.7348743],[24.4565659,44.7350529],[24.4568952,44.7353414],[24.4588179,44.7366445],[24.4591436,44.7368851],[24.4600924,44.7382937],[24.4608497,44.7384894],[24.4615224,44.7387233],[24.4624637,44.7391213],[24.4632444,44.7396098],[24.4656521,44.7402154],[24.4657167,44.7403108],[24.4657076,44.7404395],[24.4653741,44.7408257],[24.4652621,44.7410489],[24.4652966,44.7412785],[24.4654904,44.7415573],[24.4653511,44.7416107],[24.4650185,44.7416296],[24.4647847,44.7417106],[24.4646839,44.7418499],[24.4647223,44.7419471],[24.4652917,44.7421103],[24.4654727,44.7422235],[24.4659352,44.7422638],[24.4664982,44.7424046],[24.4667462,44.7424119],[24.4669827,44.7421341],[24.4673714,44.7419892],[24.4692671,44.7421817],[24.4808683,44.74017],[24.485621,44.7392113],[24.4874732,44.7388376],[24.486901,44.7457122],[24.4893099,44.7456104],[24.4904413,44.7456258],[24.4903279,44.7460601],[24.4901584,44.746352],[24.4899751,44.7464683],[24.4898103,44.7465096],[24.4896571,44.7464119],[24.4895671,44.7464262],[24.4891652,44.7467586],[24.4892793,44.7469274],[24.4895823,44.7469324],[24.489597,44.7470129],[24.4895017,44.7470454],[24.4895161,44.7471534],[24.4897393,44.7474709],[24.4896343,44.7477283],[24.4896354,44.7478874],[24.4897428,44.7479391],[24.4900221,44.7479582],[24.490257,44.7481074],[24.4905613,44.7479735],[24.4909431,44.748326],[24.4919388,44.7486492],[24.4919458,44.7487601],[24.4918091,44.7488648],[24.4918437,44.7490157],[24.4919513,44.7490446],[24.4920875,44.748994],[24.4922389,44.7490317],[24.4922997,44.7493819],[24.4924668,44.7494566],[24.4926743,44.7494803],[24.492962,44.7499398],[24.4930085,44.7504332],[24.4932284,44.7504966],[24.4933042,44.7505634],[24.4931092,44.7508806],[24.4927744,44.7511263],[24.4928198,44.7514265],[24.4925367,44.7514735],[24.4923971,44.7515917],[24.4915649,44.7514108],[24.4911289,44.7514893],[24.4909687,44.7516061],[24.4909161,44.7518031],[24.4908017,44.7519476],[24.4904533,44.7520285],[24.4898101,44.7520968],[24.4897635,44.7522577],[24.4899825,44.7524238],[24.4899749,44.7526391],[24.4898074,44.7527229],[24.4894793,44.7527476],[24.4895166,44.7529442],[24.4894138,44.7530565],[24.4888657,44.7533439],[24.4886249,44.7533972],[24.4886093,44.7535682],[24.4883783,44.7537947],[24.4884624,44.7538715],[24.4884475,44.7540078],[24.4887258,44.7541782],[24.4885732,44.7544564],[24.4885847,44.754621],[24.4886759,44.754755],[24.48904,44.7550499],[24.4892099,44.755453],[24.4891621,44.7555811],[24.4889362,44.7554755],[24.4887957,44.7555145],[24.4887148,44.7556092],[24.4887623,44.755771],[24.4891405,44.7558586],[24.4891887,44.755938],[24.4891662,44.7561873],[24.4890159,44.7562831],[24.4889711,44.7563261],[24.4889509,44.7563676],[24.4888248,44.7567612],[24.4888271,44.7570207],[24.4889291,44.757111],[24.4889119,44.7571991],[24.4888183,44.7572286],[24.4886062,44.7571694],[24.4884775,44.7571955],[24.4883613,44.7579741],[24.4881003,44.7581654],[24.4879403,44.7584728],[24.4877778,44.7584783],[24.4874304,44.758769],[24.4872428,44.7588562],[24.4872333,44.759308],[24.4874601,44.7594459],[24.4875113,44.7595459],[24.4874875,44.7597532],[24.4872991,44.7598614],[24.4873117,44.7599866],[24.4877002,44.7604618],[24.4878506,44.7605446],[24.4879887,44.7607947],[24.4883335,44.760941],[24.4881744,44.7612298],[24.4880116,44.7613053],[24.4876165,44.7612624],[24.4873438,44.7613434],[24.4869045,44.7616309],[24.4860521,44.7616615],[24.4857285,44.7620423],[24.4857497,44.7622241],[24.4856611,44.7623402],[24.4851249,44.7625035],[24.4848882,44.7626617],[24.4845502,44.7626241],[24.4840941,44.7627356],[24.4840109,44.7629125],[24.4839897,44.7633454],[24.4841243,44.7635191],[24.4845293,44.7637597],[24.4845454,44.7639107],[24.4850435,44.7638811],[24.4851845,44.7639884],[24.4852237,44.76417],[24.4853321,44.7642342],[24.4856953,44.7642801],[24.4859942,44.7642235],[24.4862185,44.7643588],[24.4864633,44.7643835],[24.4867494,44.76458],[24.4869198,44.7649284],[24.4868557,44.7653746],[24.4869535,44.7654503],[24.487287,44.7655065],[24.4873226,44.7655478],[24.4872787,44.7658433],[24.487507,44.7662269],[24.4877189,44.766333],[24.4878068,44.7664924],[24.4877651,44.7665447],[24.4874584,44.7664822],[24.4872707,44.7665413],[24.4872644,44.7666345],[24.4873723,44.766701],[24.4873896,44.7668385],[24.4872164,44.767269],[24.4872409,44.7674857],[24.4871567,44.7677321],[24.487382,44.7678575],[24.4875947,44.7678044],[24.4876965,44.7678459],[24.4875445,44.76814],[24.4877159,44.768318],[24.4877603,44.7683294],[24.4879151,44.7681932],[24.4880351,44.7682441],[24.4881766,44.7682429],[24.488194,44.7680564],[24.4883487,44.7680477],[24.4886647,44.7681648],[24.4895852,44.7683686],[24.4898338,44.7685319],[24.4901111,44.7688802],[24.4897418,44.7691565],[24.4897852,44.769291],[24.490242,44.7694815],[24.4903851,44.7695997],[24.4904322,44.7697183],[24.4905459,44.7697711],[24.4907536,44.7697807],[24.4907743,44.7697402],[24.4909167,44.7697728],[24.4911195,44.7699962],[24.4912561,44.7700728],[24.4912899,44.7702612],[24.4914357,44.7704464],[24.4915375,44.7710041],[24.4916683,44.7711531],[24.491927,44.7712085],[24.4919672,44.7712594],[24.4919716,44.7713462],[24.4918331,44.7714795],[24.4921982,44.7715752],[24.492642,44.77247],[24.4924869,44.7727624],[24.4925928,44.7728569],[24.4924696,44.7729939],[24.4924367,44.7732724],[24.4926914,44.7732048],[24.4928739,44.7732563],[24.49314,44.7734399],[24.4936433,44.7734205],[24.4938859,44.7735736],[24.4943582,44.7736263],[24.4945803,44.773801],[24.4945692,44.7739095],[24.494426,44.7740066],[24.4944658,44.7740973],[24.4945462,44.7742026],[24.4949155,44.7744069],[24.4949656,44.7744831],[24.4949725,44.7748522],[24.4951942,44.7750739],[24.4952031,44.7752907],[24.4954396,44.7755595],[24.4954732,44.775784],[24.4956535,44.7760888],[24.4957275,44.7763425],[24.496016,44.7764812],[24.4963845,44.776776],[24.4967558,44.7768668],[24.4970948,44.7770384],[24.4972003,44.7771872],[24.4972837,44.7775277],[24.4972259,44.777741],[24.4967976,44.7780944],[24.4963944,44.7783046],[24.4963105,44.7783995],[24.4962414,44.7788373],[24.4964469,44.779051],[24.4957074,44.779615],[24.495278,44.7800406],[24.4944513,44.7811734],[24.4941827,44.7814487],[24.4937786,44.7815058],[24.4913166,44.7813002],[24.4908162,44.7812986],[24.4902993,44.7813618],[24.4902142,44.7815964],[24.4902022,44.7820997],[24.4903702,44.7828121],[24.4905688,44.7846302],[24.4907382,44.7850749],[24.4910941,44.7864526],[24.4912561,44.7866208],[24.491365,44.7868642],[24.4914193,44.7871107],[24.4913712,44.7876695],[24.4918941,44.7893652],[24.4920908,44.7902918],[24.4923928,44.7913153],[24.4924787,44.792151],[24.4940432,44.7946586],[24.4947487,44.7944304],[24.4948658,44.7946946],[24.4951005,44.7946994],[24.4951273,44.7947578],[24.4946795,44.7949938],[24.4948319,44.7953417],[24.4973371,44.794905],[24.4999821,44.7943237],[24.5006955,44.7941013],[24.5015442,44.7948567],[24.5014199,44.7953281],[24.5004558,44.7953923],[24.5000613,44.7953651],[24.4996329,44.7954135],[24.49886,44.7956391],[24.4960417,44.7961404],[24.4955121,44.7961792],[24.4934299,44.7965964],[24.4937792,44.7973889],[24.4957707,44.7970161],[24.4958097,44.7969104],[24.4974241,44.7965761],[24.4991523,44.7961429],[24.5001945,44.7960103],[24.5003399,44.7963487],[24.5008048,44.796245],[24.5009793,44.7966183],[24.5011001,44.7966893],[24.5015155,44.7966156],[24.5017008,44.7966806],[24.5015533,44.7970229],[24.5016973,44.7973112],[24.5016762,44.7974204],[24.5015847,44.7977191],[24.5013271,44.7980918],[24.5011325,44.7981852],[24.5010217,44.798386],[24.5008632,44.7985032],[24.5007094,44.798537],[24.5004862,44.7986741],[24.5003004,44.7986704],[24.4998149,44.7987804],[24.4995834,44.7989318],[24.4995424,44.7994637],[24.4993574,44.7997397],[24.4993275,44.7999179],[24.4992052,44.8000496],[24.4990943,44.8007336],[24.4990409,44.800833],[24.4988296,44.8009769],[24.4988204,44.8011092],[24.4985789,44.8013641],[24.4986472,44.8014745],[24.4985831,44.8017454],[24.4982926,44.8025294],[24.4971652,44.8030787],[24.4968521,44.8034911],[24.4961425,44.8040883],[24.4961325,44.8043045],[24.4958847,44.804847],[24.495892,44.8049335],[24.4962657,44.8052782],[24.4963322,44.8055437],[24.4968199,44.8061366],[24.4956561,44.8063594],[24.4943915,44.8066678],[24.4939851,44.8067973],[24.4899499,44.8077626],[24.4899759,44.8078147],[24.4881791,44.8081693],[24.4891349,44.8092503],[24.487061,44.8098275],[24.4870183,44.8097353],[24.4846322,44.8101773],[24.4833982,44.8105133],[24.4822314,44.810651],[24.4817923,44.8108883],[24.4819195,44.8110674],[24.4817632,44.8111659],[24.4793204,44.812358],[24.4793327,44.8124282],[24.4789108,44.8126374],[24.4745744,44.8142894],[24.4743942,44.8143797],[24.4742049,44.8145767],[24.473704,44.8147872],[24.4732608,44.8149393],[24.4726532,44.8150771],[24.4715677,44.8155715],[24.4708768,44.8158004],[24.4700748,44.8162068],[24.4682819,44.8169329],[24.4668742,44.8177105],[24.4667173,44.8177065],[24.4666416,44.8176469],[24.4652459,44.8183901],[24.4650895,44.8184661]]]}},{"type":"Feature","properties":{"entity_id":"osm-r9744196","jurisdiction":"RO","display_name":"DOBROTEASA","display_type":"commune","admin_level":8,"tier":"local","legal_registry":"SIRUTA","legal_id":"126772","legal_type":"commune","parent_catalog_id":"osm-r2366978","osm_relation_id":9744196,"legal_identity_status":"reconciled","geometry_source":"OpenStreetMap","geometry_precision":"master_coordinate_fidelity"},"geometry":{"type":"Polygon","coordinates":[[[24.3169779,44.794092],[24.3170202,44.7940699],[24.317353,44.7937652],[24.3173301,44.7926271],[24.3172252,44.7924208],[24.3167828,44.7919141],[24.316466,44.7912534],[24.3165028,44.7911087],[24.3168502,44.7906303],[24.3168009,44.7905212],[24.3166044,44.7904031],[24.3166885,44.7903408],[24.3171762,44.7903161],[24.3172738,44.7902462],[24.3173963,44.7899245],[24.317403,44.7894741],[24.3172658,44.7891523],[24.3167794,44.7885471],[24.3164926,44.7883844],[24.3160154,44.7882317],[24.3158425,44.7879668],[24.3159075,44.7875646],[24.3160168,44.7875959],[24.3162029,44.7880479],[24.3175028,44.7885318],[24.3174431,44.7887566],[24.3181749,44.7896178],[24.3180531,44.7897046],[24.3180754,44.7900064],[24.317851,44.7905086],[24.317874,44.7905832],[24.3179917,44.7905879],[24.318026,44.7906321],[24.3177133,44.7907671],[24.3174126,44.7913955],[24.3175295,44.7916421],[24.3177189,44.7917393],[24.3181755,44.7915609],[24.3204199,44.7915957],[24.3201551,44.7917173],[24.3193325,44.7918657],[24.3185121,44.7921725],[24.3189608,44.792876],[24.3188509,44.7934656],[24.3187051,44.7937148],[24.3187385,44.7938261],[24.3191527,44.7937138],[24.3197537,44.7936891],[24.3207059,44.793442],[24.3213377,44.7931621],[24.3215546,44.7929448],[24.3217937,44.7928539],[24.3220621,44.792546],[24.3221549,44.7919828],[24.3223774,44.7916129],[24.3225608,44.7915057],[24.3226646,44.791376],[24.3231633,44.7896166],[24.321305,44.7894617],[24.3198757,44.7892915],[24.3201091,44.7878993],[24.3186084,44.7877732],[24.3178714,44.7876405],[24.3169708,44.7876351],[24.3162193,44.7874824],[24.3165471,44.7869145],[24.3173319,44.7860602],[24.3174788,44.785817],[24.3168484,44.7857012],[24.3125282,44.7851854],[24.3111067,44.7849639],[24.3104653,44.7849343],[24.3099188,44.7848355],[24.3093684,44.7846652],[24.3097114,44.7828831],[24.3074052,44.7827688],[24.3077383,44.7811877],[24.3057865,44.7809194],[24.3050019,44.7807681],[24.304825,44.7808088],[24.3040539,44.780757],[24.3031884,44.781056],[24.3024628,44.7808412],[24.3013932,44.7806715],[24.2987472,44.7806596],[24.2987996,44.7804938],[24.2992521,44.7802156],[24.2992348,44.7797766],[24.2990374,44.7794054],[24.2991761,44.7788946],[24.2991338,44.7785509],[24.2990889,44.7784934],[24.298917,44.7785326],[24.2988583,44.7785074],[24.2989209,44.7775498],[24.2988625,44.7774865],[24.2986245,44.7774642],[24.2987862,44.7770605],[24.2989708,44.7767732],[24.2988607,44.7762517],[24.298963,44.7759087],[24.297775,44.7755132],[24.297608,44.7753215],[24.2975219,44.7753706],[24.297442,44.7753321],[24.2973873,44.7751638],[24.297421,44.7749961],[24.2976607,44.774566],[24.2979631,44.7743004],[24.2980521,44.7739459],[24.2974459,44.7723396],[24.2969883,44.7717399],[24.2963712,44.7703833],[24.2866786,44.7698093],[24.2866205,44.7692102],[24.2866596,44.7690074],[24.2854093,44.7691143],[24.2825175,44.7692026],[24.2797155,44.7690528],[24.2788891,44.7688823],[24.2746293,44.7687831],[24.276063,44.7652318],[24.2780372,44.7602798],[24.2796874,44.7561777],[24.2825584,44.7496785],[24.2796837,44.7449724],[24.2762304,44.7407511],[24.2762214,44.7384302],[24.2845835,44.7376361],[24.2854771,44.7376259],[24.2865066,44.737549],[24.2869946,44.7374917],[24.2878375,44.7372621],[24.2892321,44.7371241],[24.289444,44.7367692],[24.2894591,44.7364382],[24.2895259,44.7363028],[24.2893866,44.7355776],[24.2890549,44.7341742],[24.2889797,44.7340752],[24.2884786,44.733989],[24.2885747,44.7332844],[24.2884752,44.7330867],[24.288288,44.732901],[24.2889801,44.7293795],[24.2986971,44.7305673],[24.2991711,44.7307932],[24.2982189,44.7314729],[24.2977745,44.7319814],[24.2976552,44.7323673],[24.2977814,44.7330417],[24.2977637,44.7332516],[24.2975726,44.7341709],[24.2973042,44.7348608],[24.2974046,44.7349548],[24.2971281,44.7352513],[24.2966446,44.7355503],[24.2963902,44.7360711],[24.2958401,44.7369071],[24.2991051,44.7376182],[24.3011166,44.7376078],[24.3041116,44.7374989],[24.3074579,44.7375766],[24.3075216,44.7376604],[24.3075188,44.7378083],[24.3072462,44.7389872],[24.3082804,44.7389955],[24.3120716,44.739365],[24.3120343,44.7395141],[24.3132943,44.7396834],[24.313041,44.739562],[24.3130894,44.7394813],[24.3155862,44.7397947],[24.3158293,44.7391732],[24.3158555,44.7388394],[24.3161944,44.7381093],[24.3163844,44.738029],[24.3169073,44.7380013],[24.3171591,44.7381218],[24.3177918,44.7382786],[24.3180994,44.7384251],[24.3185588,44.7388939],[24.3186088,44.7391781],[24.3189593,44.73939],[24.3192022,44.7394296],[24.3206903,44.7392998],[24.3211943,44.7392925],[24.3218514,44.7391005],[24.3220717,44.7391021],[24.3224467,44.7392986],[24.3227475,44.7393888],[24.3230311,44.7397938],[24.3233927,44.7400959],[24.3236256,44.7401615],[24.32411,44.7401661],[24.3246292,44.7404301],[24.3247369,44.7403857],[24.3248259,44.74027],[24.3249448,44.7403002],[24.3251068,44.7403914],[24.3254472,44.740846],[24.3256575,44.7409669],[24.3260804,44.7410284],[24.3263351,44.7410075],[24.3267019,44.7408692],[24.3269482,44.7406296],[24.3271847,44.7405964],[24.3274353,44.74061],[24.3279512,44.7408316],[24.3284922,44.7409162],[24.3286649,44.7409276],[24.3291485,44.7408018],[24.3294555,44.7409631],[24.3298647,44.7413758],[24.3308561,44.7422041],[24.3309766,44.7422492],[24.3314874,44.7421986],[24.3316529,44.7422867],[24.331203,44.7427052],[24.3311758,44.7429165],[24.3310157,44.7430237],[24.3309863,44.7431242],[24.3315657,44.7440131],[24.3319379,44.7443951],[24.3319794,44.7447729],[24.3312559,44.7450779],[24.3323572,44.7463116],[24.3326591,44.7464512],[24.3328443,44.7466456],[24.333544,44.7470502],[24.3336942,44.7471233],[24.3339763,44.7471533],[24.3343436,44.7473473],[24.3346513,44.7475983],[24.334855,44.7479223],[24.3319475,44.7483595],[24.3306248,44.7486613],[24.3309851,44.7494595],[24.3312518,44.7498637],[24.3313864,44.7516072],[24.332231,44.7572459],[24.3318701,44.7573146],[24.3325488,44.760946],[24.3348323,44.7610322],[24.3375586,44.7612048],[24.3387679,44.7613884],[24.3406452,44.7617476],[24.3401301,44.7632154],[24.3398833,44.7634252],[24.3397504,44.7637558],[24.3397281,44.7641652],[24.3412418,44.7642777],[24.3451493,44.7646732],[24.3455147,44.7655627],[24.3456483,44.7653879],[24.3462612,44.7653208],[24.3464431,44.765238],[24.3465483,44.7652715],[24.347192,44.765101],[24.3474481,44.7650893],[24.3475316,44.7650471],[24.3477975,44.7646124],[24.3488561,44.7646453],[24.3492516,44.7647429],[24.3497169,44.7647588],[24.3501497,44.7648501],[24.3501703,44.7650203],[24.3504197,44.7650936],[24.3503653,44.7652583],[24.350594,44.7655541],[24.3512692,44.7657955],[24.35174,44.765873],[24.352104,44.7661233],[24.3534678,44.7661923],[24.3537315,44.7664282],[24.3539878,44.766459],[24.353754,44.766837],[24.3538474,44.7669073],[24.3537274,44.7670519],[24.3532565,44.7681828],[24.3527926,44.7694998],[24.3550122,44.7694525],[24.3597037,44.7692457],[24.360565,44.7692782],[24.3623757,44.7694689],[24.3623806,44.7696481],[24.3624767,44.769716],[24.363097,44.769767],[24.3634684,44.769729],[24.3648336,44.7698425],[24.3652863,44.769918],[24.3653954,44.7700974],[24.3662191,44.7701616],[24.3671006,44.7703043],[24.3671932,44.7703515],[24.3670398,44.7704481],[24.3669805,44.7705934],[24.3670444,44.7706601],[24.3671963,44.7706929],[24.3673242,44.7706666],[24.3674145,44.7707629],[24.3682243,44.7707831],[24.3693991,44.770593],[24.3702099,44.770569],[24.3702853,44.7706885],[24.3702096,44.7710343],[24.370214,44.7715588],[24.3702756,44.7716171],[24.3703666,44.7716211],[24.371536,44.7715755],[24.3720895,44.7714895],[24.3722627,44.7714926],[24.3723876,44.771567],[24.3725503,44.7715835],[24.3730853,44.7714488],[24.3741954,44.7713056],[24.3750626,44.7712898],[24.3790532,44.7709666],[24.3791073,44.770646],[24.3790616,44.7704975],[24.3792393,44.7697456],[24.3796775,44.7697531],[24.3798323,44.7699725],[24.3805015,44.770255],[24.3811469,44.7706286],[24.3822848,44.7711544],[24.3863612,44.773263],[24.3866615,44.7734942],[24.3870744,44.7736618],[24.3895437,44.7749262],[24.3905626,44.7753848],[24.3910849,44.7756989],[24.3929836,44.7753468],[24.3932261,44.7753164],[24.393359,44.7753459],[24.392977,44.7762441],[24.3930931,44.7764003],[24.3937339,44.7767155],[24.3938701,44.7768719],[24.3940608,44.7767746],[24.3940303,44.7765406],[24.3940974,44.7761548],[24.3945615,44.7751814],[24.3946271,44.7750865],[24.3954,44.7745678],[24.3955373,44.7743777],[24.3955571,44.7740704],[24.3954947,44.7738644],[24.3954421,44.773072],[24.3957234,44.7721171],[24.3979079,44.7713976],[24.398476,44.7711881],[24.3983728,44.7713259],[24.3983868,44.7714374],[24.3987924,44.7720486],[24.3991052,44.7723817],[24.399522,44.7730434],[24.3995333,44.7733628],[24.3996871,44.7736683],[24.4001192,44.7743284],[24.400683,44.7753892],[24.4019378,44.7773191],[24.4022402,44.7779798],[24.4025903,44.7784649],[24.4026956,44.7787851],[24.4042714,44.7814392],[24.4044951,44.7821249],[24.4039163,44.7819816],[24.4038701,44.782125],[24.408006,44.7860844],[24.4072695,44.7864926],[24.407343,44.786556],[24.4041388,44.7883255],[24.4035239,44.788057],[24.4031278,44.7876731],[24.4030752,44.78735],[24.4033526,44.787191],[24.4033363,44.7870907],[24.4031115,44.7870332],[24.4027006,44.7872582],[24.4026465,44.7872471],[24.4023767,44.7869435],[24.4020197,44.7869037],[24.401722,44.7866415],[24.4010856,44.7864702],[24.3994529,44.785613],[24.3985716,44.7853059],[24.3977472,44.7848184],[24.397497,44.7847741],[24.3973372,44.7848414],[24.3968157,44.7852169],[24.3966386,44.785282],[24.396393,44.7852526],[24.395965,44.7855306],[24.3948045,44.7865719],[24.3938977,44.787503],[24.3929101,44.7881086],[24.3928009,44.7882129],[24.3925801,44.7886626],[24.392295,44.7888591],[24.3919843,44.7889798],[24.3910059,44.7895408],[24.3905261,44.7898668],[24.3902745,44.7901554],[24.3901677,44.79019],[24.389947,44.7901678],[24.3895199,44.7901446],[24.3890212,44.7899321],[24.3886143,44.789867],[24.3878123,44.790006],[24.3867931,44.7899344],[24.3863632,44.7901803],[24.3858068,44.7903136],[24.384953,44.790246],[24.3845124,44.7901142],[24.3843053,44.7901935],[24.3837506,44.7906204],[24.3832519,44.7908659],[24.3826067,44.7910336],[24.3818007,44.7919657],[24.3811025,44.7924752],[24.3804673,44.7933811],[24.3803239,44.7939993],[24.3801622,44.7941513],[24.379752,44.7942947],[24.3792624,44.7943591],[24.3785986,44.7945208],[24.3782717,44.7949527],[24.3776881,44.7952626],[24.3771771,44.7954891],[24.3769249,44.7954971],[24.3759668,44.7957609],[24.3758538,44.7957236],[24.3755378,44.795921],[24.3750687,44.7960852],[24.3746384,44.7963485],[24.374586,44.7964518],[24.3746473,44.796605],[24.3747776,44.7966553],[24.3747628,44.796739],[24.373716,44.7974615],[24.3736603,44.797587],[24.3741531,44.7978978],[24.3740722,44.7979466],[24.373801,44.7979053],[24.3736921,44.7979742],[24.3735731,44.797984],[24.3734265,44.7981103],[24.3731842,44.797939],[24.373078,44.7979406],[24.3729646,44.7980415],[24.3729493,44.798335],[24.3732513,44.7984663],[24.373566,44.7985345],[24.3735575,44.7988023],[24.3731183,44.7992829],[24.3727265,44.7995259],[24.3723614,44.7994337],[24.3719801,44.7991634],[24.3717869,44.7991462],[24.3714105,44.7989848],[24.3705091,44.7981936],[24.3683016,44.7971442],[24.3676532,44.7970579],[24.3669496,44.797053],[24.3667654,44.797119],[24.3654604,44.7965356],[24.3638916,44.7951932],[24.3634747,44.7950265],[24.362031,44.795032],[24.3614234,44.7955259],[24.3606266,44.7962934],[24.3602826,44.7968875],[24.3595993,44.7973508],[24.3581354,44.7993555],[24.3588609,44.7999604],[24.3599513,44.8006118],[24.3612099,44.8012739],[24.3622431,44.8017251],[24.3625327,44.8015259],[24.3627625,44.8014831],[24.3633257,44.8014974],[24.3632197,44.8015482],[24.3638348,44.8018608],[24.3646465,44.8020899],[24.3647094,44.8020473],[24.3648437,44.8021334],[24.3648266,44.8023759],[24.3655777,44.8028284],[24.3646684,44.8032129],[24.3642444,44.8035671],[24.3641284,44.803473],[24.3638961,44.8033861],[24.3634448,44.8033164],[24.3630318,44.8031019],[24.3626054,44.8030568],[24.3617433,44.8027894],[24.3603053,44.8021111],[24.3599926,44.8019463],[24.3598069,44.801744],[24.3594551,44.8016084],[24.3592299,44.8013961],[24.3583851,44.801105],[24.3584026,44.8008853],[24.3582598,44.8008113],[24.3581595,44.8005506],[24.3569314,44.8003356],[24.35684,44.8003698],[24.3567372,44.8007195],[24.3566607,44.8007272],[24.3565629,44.800651],[24.3562989,44.8005937],[24.3556247,44.8007312],[24.355149,44.8005614],[24.3544278,44.8003924],[24.3527932,44.800204],[24.3528005,44.800015],[24.3525256,44.7999687],[24.3522085,44.7997526],[24.3517127,44.7996002],[24.3512585,44.7993356],[24.3507621,44.8003882],[24.3508427,44.8004411],[24.3507725,44.8007393],[24.3499395,44.8006906],[24.3494334,44.8012351],[24.3492146,44.8017808],[24.3490943,44.8022684],[24.3490822,44.8024056],[24.3492575,44.8025532],[24.3491685,44.8029705],[24.3488157,44.8030787],[24.3486825,44.8030727],[24.3448318,44.8023664],[24.3445532,44.8023756],[24.3442342,44.8023255],[24.3401066,44.8016139],[24.3393006,44.8015127],[24.3353953,44.8007994],[24.3343715,44.8007431],[24.3340749,44.8013752],[24.3337384,44.8017986],[24.333526,44.8019189],[24.3330174,44.8020232],[24.3323056,44.8023157],[24.3321436,44.802731],[24.3320307,44.8033595],[24.3317716,44.8036082],[24.3315496,44.8036856],[24.3309761,44.8037501],[24.3303532,44.8039488],[24.3300591,44.8036721],[24.3300095,44.8034216],[24.3297072,44.8031522],[24.3294127,44.8013049],[24.3279024,44.794549],[24.3276732,44.7946152],[24.3273592,44.7946174],[24.3267906,44.7943886],[24.3261976,44.793946],[24.3258193,44.7940023],[24.3247224,44.7936445],[24.3232189,44.7933458],[24.3219327,44.7935417],[24.3214493,44.7937424],[24.3211398,44.7937405],[24.3209674,44.7938089],[24.3206547,44.7940799],[24.3203838,44.7942268],[24.320247,44.7942554],[24.3197665,44.7942069],[24.3190436,44.7944588],[24.3180655,44.7945063],[24.3173621,44.7942531],[24.317312,44.794224],[24.3173468,44.7941213],[24.3169779,44.794092]]]}},{"type":"Feature","properties":{"entity_id":"osm-r9744197","jurisdiction":"RO","display_name":"VULTUREȘTI","display_type":"commune","admin_level":8,"tier":"local","legal_registry":"SIRUTA","legal_id":"130231","legal_type":"commune","parent_catalog_id":"osm-r2366978","osm_relation_id":9744197,"legal_identity_status":"reconciled","geometry_source":"OpenStreetMap","geometry_precision":"master_coordinate_fidelity"},"geometry":{"type":"Polygon","coordinates":[[[24.3977899,44.7528183],[24.3977765,44.752874],[24.3977761,44.7531929],[24.398012,44.7533964],[24.3982623,44.7537685],[24.3988407,44.7540161],[24.3990064,44.7542092],[24.3991162,44.7544751],[24.3990674,44.7545446],[24.3988496,44.7546404],[24.3984961,44.754719],[24.3983255,44.7549285],[24.3986546,44.7552064],[24.3987759,44.7555871],[24.398966,44.7558073],[24.3989808,44.7559354],[24.3987974,44.7561987],[24.3987884,44.7562992],[24.3990148,44.7565441],[24.3990278,44.7566804],[24.3989575,44.7567565],[24.3986618,44.7567561],[24.3984405,44.7568395],[24.3983339,44.7569652],[24.3983277,44.7570979],[24.3984473,44.7572988],[24.398448,44.7576601],[24.3986091,44.7583201],[24.3990048,44.758531],[24.3989294,44.7586907],[24.3989999,44.7593187],[24.3999124,44.7598849],[24.3999904,44.7599986],[24.4005571,44.7602098],[24.400845,44.7604691],[24.4018854,44.7609811],[24.4018924,44.7610771],[24.4017581,44.7611896],[24.4017823,44.7613386],[24.4018863,44.7614389],[24.4022578,44.7622486],[24.402243,44.7623713],[24.4026943,44.7625886],[24.4030529,44.7629053],[24.4034433,44.763013],[24.4034605,44.7634283],[24.4035868,44.7635536],[24.4040172,44.7638157],[24.4043814,44.7638726],[24.4046665,44.7641339],[24.4050206,44.7643153],[24.4034513,44.7650742],[24.403707,44.7653613],[24.4037757,44.7657562],[24.4040432,44.7662588],[24.4047288,44.7669788],[24.4047088,44.7673514],[24.4049308,44.7674392],[24.4048863,44.7675408],[24.4046485,44.7675977],[24.4044897,44.7678338],[24.4043415,44.7684283],[24.4036059,44.7689479],[24.4032651,44.769259],[24.4017432,44.7691164],[24.401554,44.7690574],[24.4011633,44.7690685],[24.4010094,44.7690231],[24.400859,44.7688597],[24.4006384,44.7690491],[24.40061,44.7694662],[24.4005081,44.769629],[24.3996857,44.7705948],[24.3991205,44.7709112],[24.398476,44.7711881],[24.3979079,44.7713976],[24.3957234,44.7721171],[24.3954421,44.773072],[24.3954947,44.7738644],[24.3955571,44.7740704],[24.3955373,44.7743777],[24.3954,44.7745678],[24.3946271,44.7750865],[24.3945615,44.7751814],[24.3940974,44.7761548],[24.3940303,44.7765406],[24.3940608,44.7767746],[24.3938701,44.7768719],[24.3937339,44.7767155],[24.3930931,44.7764003],[24.392977,44.7762441],[24.393359,44.7753459],[24.3932261,44.7753164],[24.3929836,44.7753468],[24.3910849,44.7756989],[24.3905626,44.7753848],[24.3895437,44.7749262],[24.3870744,44.7736618],[24.3866615,44.7734942],[24.3863612,44.773263],[24.3822848,44.7711544],[24.3811469,44.7706286],[24.3805015,44.770255],[24.3798323,44.7699725],[24.3796775,44.7697531],[24.3792393,44.7697456],[24.3790616,44.7704975],[24.3791073,44.770646],[24.3790532,44.7709666],[24.3750626,44.7712898],[24.3741954,44.7713056],[24.3730853,44.7714488],[24.3725503,44.7715835],[24.3723876,44.771567],[24.3722627,44.7714926],[24.3720895,44.7714895],[24.371536,44.7715755],[24.3703666,44.7716211],[24.3702756,44.7716171],[24.370214,44.7715588],[24.3702096,44.7710343],[24.3702853,44.7706885],[24.3702099,44.770569],[24.3693991,44.770593],[24.3682243,44.7707831],[24.3674145,44.7707629],[24.3673242,44.7706666],[24.3671963,44.7706929],[24.3670444,44.7706601],[24.3669805,44.7705934],[24.3670398,44.7704481],[24.3671932,44.7703515],[24.3671006,44.7703043],[24.3662191,44.7701616],[24.3653954,44.7700974],[24.3652863,44.769918],[24.3648336,44.7698425],[24.3634684,44.769729],[24.363097,44.769767],[24.3624767,44.769716],[24.3623806,44.7696481],[24.3623757,44.7694689],[24.360565,44.7692782],[24.3597037,44.7692457],[24.3550122,44.7694525],[24.3527926,44.7694998],[24.3532565,44.7681828],[24.3537274,44.7670519],[24.3538474,44.7669073],[24.353754,44.766837],[24.3539878,44.766459],[24.3537315,44.7664282],[24.3534678,44.7661923],[24.352104,44.7661233],[24.35174,44.765873],[24.3512692,44.7657955],[24.350594,44.7655541],[24.3503653,44.7652583],[24.3504197,44.7650936],[24.3501703,44.7650203],[24.3501497,44.7648501],[24.3497169,44.7647588],[24.3492516,44.7647429],[24.3488561,44.7646453],[24.3477975,44.7646124],[24.3475316,44.7650471],[24.3474481,44.7650893],[24.347192,44.765101],[24.3465483,44.7652715],[24.3464431,44.765238],[24.3462612,44.7653208],[24.3456483,44.7653879],[24.3455147,44.7655627],[24.3451493,44.7646732],[24.3412418,44.7642777],[24.3397281,44.7641652],[24.3397504,44.7637558],[24.3398833,44.7634252],[24.3401301,44.7632154],[24.3406452,44.7617476],[24.3387679,44.7613884],[24.3375586,44.7612048],[24.3348323,44.7610322],[24.3325488,44.760946],[24.3318701,44.7573146],[24.332231,44.7572459],[24.3313864,44.7516072],[24.3312518,44.7498637],[24.3309851,44.7494595],[24.3306248,44.7486613],[24.3319475,44.7483595],[24.334855,44.7479223],[24.3346513,44.7475983],[24.3343436,44.7473473],[24.3339763,44.7471533],[24.3336942,44.7471233],[24.333544,44.7470502],[24.3328443,44.7466456],[24.3326591,44.7464512],[24.3323572,44.7463116],[24.3312559,44.7450779],[24.3319794,44.7447729],[24.3319379,44.7443951],[24.3315657,44.7440131],[24.3309863,44.7431242],[24.3310157,44.7430237],[24.3311758,44.7429165],[24.331203,44.7427052],[24.3316529,44.7422867],[24.3314874,44.7421986],[24.3309766,44.7422492],[24.3308561,44.7422041],[24.3298647,44.7413758],[24.3294555,44.7409631],[24.3291485,44.7408018],[24.3286649,44.7409276],[24.3284922,44.7409162],[24.3279512,44.7408316],[24.3274353,44.74061],[24.3271847,44.7405964],[24.3269482,44.7406296],[24.3267019,44.7408692],[24.3263351,44.7410075],[24.3260804,44.7410284],[24.3256575,44.7409669],[24.3254472,44.740846],[24.3251068,44.7403914],[24.3249448,44.7403002],[24.3248259,44.74027],[24.3247369,44.7403857],[24.3246292,44.7404301],[24.32411,44.7401661],[24.3236256,44.7401615],[24.3233927,44.7400959],[24.3230311,44.7397938],[24.3227475,44.7393888],[24.3224467,44.7392986],[24.3220717,44.7391021],[24.3218514,44.7391005],[24.3211943,44.7392925],[24.3206903,44.7392998],[24.3192022,44.7394296],[24.3189593,44.73939],[24.3186088,44.7391781],[24.3185588,44.7388939],[24.3180994,44.7384251],[24.3177918,44.7382786],[24.3171591,44.7381218],[24.3169073,44.7380013],[24.3163844,44.738029],[24.3161944,44.7381093],[24.3158555,44.7388394],[24.3158293,44.7391732],[24.3155862,44.7397947],[24.3130894,44.7394813],[24.313041,44.739562],[24.3132943,44.7396834],[24.3120343,44.7395141],[24.3120716,44.739365],[24.3082804,44.7389955],[24.3072462,44.7389872],[24.3075188,44.7378083],[24.3075216,44.7376604],[24.3074579,44.7375766],[24.3041116,44.7374989],[24.3011166,44.7376078],[24.2991051,44.7376182],[24.2958401,44.7369071],[24.2963902,44.7360711],[24.2966446,44.7355503],[24.2971281,44.7352513],[24.2974046,44.7349548],[24.2973042,44.7348608],[24.2975726,44.7341709],[24.2977637,44.7332516],[24.2977814,44.7330417],[24.2976552,44.7323673],[24.2977745,44.7319814],[24.2982189,44.7314729],[24.2991711,44.7307932],[24.2986971,44.7305673],[24.2889801,44.7293795],[24.288288,44.732901],[24.2884752,44.7330867],[24.2885747,44.7332844],[24.2884786,44.733989],[24.2889797,44.7340752],[24.2890549,44.7341742],[24.2893866,44.7355776],[24.2895259,44.7363028],[24.2894591,44.7364382],[24.289444,44.7367692],[24.2892321,44.7371241],[24.2878375,44.7372621],[24.2869946,44.7374917],[24.2865066,44.737549],[24.2854771,44.7376259],[24.2845835,44.7376361],[24.2762214,44.7384302],[24.2762075,44.7287353],[24.2796867,44.708397],[24.2797478,44.7076673],[24.287901,44.6936717],[24.2883501,44.6929009],[24.297617,44.6946786],[24.2978086,44.6937711],[24.3009356,44.6942187],[24.3032298,44.6944482],[24.3050809,44.6947172],[24.3070471,44.6951703],[24.3101279,44.6957877],[24.3107115,44.6958676],[24.3113778,44.6960698],[24.3129735,44.6963787],[24.3128478,44.6962504],[24.312799,44.6960939],[24.3127527,44.6959227],[24.3128343,44.6958674],[24.3125247,44.6953145],[24.3147471,44.6955163],[24.3147483,44.6960573],[24.316226,44.6963849],[24.3174527,44.6967258],[24.3187165,44.6969896],[24.3186816,44.6973308],[24.3219688,44.6978859],[24.3233453,44.6981702],[24.3250029,44.6984072],[24.3271426,44.6987864],[24.3278495,44.6989467],[24.328638,44.6991932],[24.3310139,44.6994923],[24.3337119,44.7000107],[24.3340964,44.7002595],[24.3347048,44.7004612],[24.3354193,44.7010019],[24.3368892,44.7019208],[24.3370344,44.7022928],[24.3371417,44.7023104],[24.3375035,44.7021099],[24.3376207,44.7021106],[24.3379782,44.7022841],[24.3381861,44.702333],[24.3393637,44.7025174],[24.3394481,44.7027932],[24.3395237,44.702805],[24.3399604,44.7025691],[24.3401596,44.7025589],[24.3403364,44.7027672],[24.3405697,44.7029133],[24.3406342,44.703296],[24.3408101,44.7034285],[24.3411876,44.7034504],[24.3415034,44.7035443],[24.3419252,44.7034104],[24.3425445,44.7033951],[24.3427251,44.7032684],[24.3429723,44.7032386],[24.3431076,44.7032536],[24.3435038,44.7034291],[24.3445058,44.7037613],[24.3449523,44.7037157],[24.3452886,44.7035558],[24.3456211,44.7037337],[24.3461128,44.7035663],[24.3463343,44.7035695],[24.3464047,44.7035589],[24.346303,44.704208],[24.3469225,44.7041455],[24.3474539,44.7042061],[24.347956,44.7043355],[24.3484616,44.7045714],[24.3486412,44.7053539],[24.3487298,44.7061392],[24.3485395,44.70621],[24.3485585,44.7063165],[24.3473208,44.7066411],[24.3473886,44.7069992],[24.3549486,44.7058834],[24.3553205,44.7059989],[24.3558074,44.7063337],[24.3560003,44.7064104],[24.3560819,44.706394],[24.3561015,44.7067407],[24.3563082,44.7070759],[24.3562141,44.7071715],[24.3560335,44.7072376],[24.356006,44.7073962],[24.3561669,44.7079496],[24.3565868,44.7089614],[24.3565904,44.7092806],[24.356501,44.7096896],[24.3566556,44.7100755],[24.3570152,44.7104161],[24.3571939,44.7107955],[24.3572898,44.7112778],[24.3595598,44.719125],[24.3595955,44.7194332],[24.3586077,44.7198426],[24.3586122,44.7201324],[24.358363,44.720573],[24.3573075,44.7205851],[24.3569437,44.72056],[24.3567625,44.7204834],[24.353017,44.7214494],[24.3531279,44.7224464],[24.3559534,44.7224891],[24.3577438,44.7225771],[24.358698,44.7225612],[24.3590527,44.7225001],[24.3591082,44.7226084],[24.3608428,44.7238529],[24.3620746,44.7245001],[24.3628017,44.7246923],[24.363959,44.7254036],[24.3646288,44.7259127],[24.3654952,44.7262236],[24.3676043,44.7294341],[24.3685137,44.7306769],[24.3689292,44.7314177],[24.3694107,44.7329256],[24.369644,44.7334374],[24.3702576,44.7354484],[24.3704938,44.7360221],[24.3705834,44.7365263],[24.3707072,44.7367078],[24.3710596,44.7369318],[24.3712049,44.7371331],[24.3711708,44.7372612],[24.3710472,44.7373986],[24.3709937,44.7376724],[24.3713683,44.7386432],[24.3717771,44.7399556],[24.3720745,44.7405956],[24.3722085,44.741202],[24.3776578,44.7397718],[24.3784665,44.7394657],[24.3786965,44.7391779],[24.3788309,44.7390953],[24.3789643,44.7391017],[24.3794094,44.7399471],[24.3793489,44.7405494],[24.3795754,44.7406791],[24.3797437,44.7408551],[24.3796699,44.7409758],[24.3798981,44.7411769],[24.3799708,44.7414039],[24.3800701,44.7414829],[24.3800651,44.741713],[24.3803148,44.7418568],[24.3803539,44.7419391],[24.3807949,44.7421556],[24.3808965,44.742256],[24.3809302,44.7423847],[24.3811623,44.7424555],[24.3812788,44.7429344],[24.3819025,44.7432597],[24.3822407,44.7433198],[24.3827197,44.7433335],[24.3828664,44.7434537],[24.3828443,44.7436949],[24.3832015,44.7438051],[24.383719,44.7437196],[24.3840493,44.7437936],[24.3846495,44.7437608],[24.3853341,44.7442223],[24.3857176,44.7440524],[24.3861192,44.7440213],[24.386272,44.7441487],[24.386831,44.7443265],[24.3869897,44.7444245],[24.3870505,44.7445608],[24.3872281,44.7447088],[24.3875471,44.7451157],[24.3878978,44.7451137],[24.3891263,44.7449133],[24.3895134,44.7449355],[24.3902437,44.7452],[24.3904845,44.7457354],[24.3908314,44.7456321],[24.3916019,44.7452914],[24.3923824,44.7459471],[24.3929077,44.7467875],[24.3932228,44.7471139],[24.3932615,44.7473226],[24.3939434,44.7482762],[24.3949335,44.7494643],[24.395203,44.7499132],[24.3966415,44.7515814],[24.3969146,44.7521763],[24.396935,44.7524106],[24.3977316,44.7527772],[24.3977899,44.7528183]]]}},{"type":"Feature","properties":{"entity_id":"osm-r9744198","jurisdiction":"RO","display_name":"SPINENI","display_type":"commune","admin_level":8,"tier":"local","legal_registry":"SIRUTA","legal_id":"128962","legal_type":"commune","parent_catalog_id":"osm-r2366978","osm_relation_id":9744198,"legal_identity_status":"reconciled","geometry_source":"OpenStreetMap","geometry_precision":"master_coordinate_fidelity"},"geometry":{"type":"Polygon","coordinates":[[[24.5433655,44.6565166],[24.5436096,44.6565768],[24.5466253,44.6571291],[24.5483019,44.6574081],[24.5483832,44.6574923],[24.548344,44.6580029],[24.5479576,44.6589734],[24.5475523,44.6597761],[24.5475107,44.6599427],[24.547587,44.6599833],[24.5480442,44.6600432],[24.5491443,44.6603245],[24.5523001,44.6612516],[24.5582915,44.663173],[24.5590133,44.6633107],[24.5594012,44.6635413],[24.5600527,44.6636807],[24.5615536,44.6643657],[24.5622227,44.6645951],[24.5679982,44.6663003],[24.5766296,44.6691108],[24.5784947,44.6696822],[24.5788272,44.6697552],[24.5788666,44.6697225],[24.5800959,44.6701826],[24.5816782,44.6705713],[24.5834981,44.6711885],[24.5848759,44.6717853],[24.5850574,44.6718336],[24.5853618,44.6717673],[24.5855984,44.671837],[24.5854851,44.6719535],[24.5891829,44.6730567],[24.588873,44.6732516],[24.5931724,44.6762541],[24.5915834,44.6775125],[24.5948267,44.679456],[24.5949315,44.6795818],[24.5943394,44.6801309],[24.5958225,44.6811801],[24.595526,44.6815559],[24.5947333,44.6822406],[24.596179,44.6832823],[24.5964193,44.6833639],[24.5974025,44.6840337],[24.5976677,44.684282],[24.5995601,44.6856115],[24.5998456,44.6858065],[24.5998755,44.6857748],[24.6001539,44.6859451],[24.6048528,44.6891739],[24.6062312,44.6901517],[24.6062384,44.6902702],[24.6063502,44.6904016],[24.6070574,44.690663],[24.6078818,44.6907113],[24.6079138,44.6907468],[24.6080053,44.6908515],[24.6080841,44.6909416],[24.6087106,44.6916036],[24.6086498,44.6917119],[24.6082858,44.6918463],[24.6079689,44.6920735],[24.6071506,44.6922359],[24.6063435,44.6925187],[24.6057984,44.6924911],[24.6054285,44.6927088],[24.605331,44.6928802],[24.6052945,44.6932741],[24.6048126,44.6937702],[24.6037333,44.6947134],[24.6035593,44.6948166],[24.6034526,44.6949264],[24.6033837,44.6951593],[24.6032316,44.6953757],[24.6031133,44.6954573],[24.6026603,44.6955683],[24.6025152,44.6956669],[24.6024132,44.6960901],[24.6022183,44.6963674],[24.6019831,44.6970933],[24.601815,44.697417],[24.6014276,44.6980141],[24.600932,44.6984865],[24.6010361,44.6992292],[24.6012611,44.6996148],[24.6012599,44.7001756],[24.60075,44.7011079],[24.6003793,44.7021054],[24.6003264,44.7025753],[24.6007137,44.7031436],[24.6006569,44.7032611],[24.6003753,44.7034844],[24.6003154,44.7036249],[24.6003072,44.7044096],[24.6002041,44.704823],[24.6002902,44.7051572],[24.600108,44.7055042],[24.6000073,44.7059921],[24.6000894,44.706486],[24.6003167,44.7068375],[24.6003783,44.7073256],[24.6006417,44.7078187],[24.6007173,44.7083321],[24.6006245,44.7085887],[24.6006113,44.7089259],[24.6002197,44.7094142],[24.6001813,44.7099126],[24.5999289,44.7107582],[24.5995141,44.7104302],[24.5989171,44.7101152],[24.598205,44.7095614],[24.5978848,44.7097505],[24.5987641,44.7104507],[24.5987091,44.7105524],[24.5997976,44.7113195],[24.5999156,44.7114557],[24.6002031,44.7115162],[24.6001762,44.7122348],[24.5999955,44.712502],[24.5987137,44.7116204],[24.5985671,44.7112818],[24.5982847,44.7110406],[24.5980024,44.7109147],[24.5975779,44.7108537],[24.5975034,44.710803],[24.597397,44.7108502],[24.597278,44.7110727],[24.5972056,44.7111111],[24.5972382,44.7112063],[24.5974472,44.7113608],[24.5974869,44.7114594],[24.5980842,44.7118602],[24.5982174,44.7118755],[24.5996648,44.71289],[24.5995129,44.7131923],[24.5992211,44.7134799],[24.5989461,44.7136508],[24.598825,44.7135649],[24.5985238,44.7130952],[24.5984532,44.7128039],[24.5981116,44.7125175],[24.597442,44.7116532],[24.5967668,44.7112216],[24.5968962,44.7110322],[24.5967554,44.7108714],[24.5966195,44.7105182],[24.5968698,44.7103514],[24.5968875,44.7097354],[24.5965814,44.7089385],[24.5961181,44.7083474],[24.5959259,44.7081535],[24.5956072,44.7079469],[24.5950668,44.7077573],[24.5942885,44.7077191],[24.5943457,44.7078669],[24.5942536,44.708027],[24.5937518,44.7084758],[24.5934121,44.7085559],[24.5931715,44.708774],[24.5928874,44.7089166],[24.5927649,44.7093058],[24.5924495,44.7096302],[24.5924182,44.7102067],[24.5922901,44.7106453],[24.5921888,44.7107559],[24.5921169,44.711133],[24.5918024,44.7119402],[24.5916394,44.7119988],[24.5915798,44.7121095],[24.5912913,44.7128897],[24.5912204,44.713387],[24.5911084,44.7133883],[24.5912507,44.7138013],[24.5913267,44.7146653],[24.5908195,44.7155951],[24.5905262,44.7157873],[24.5904951,44.7159132],[24.590596,44.7162827],[24.5905694,44.7163841],[24.5903313,44.7170474],[24.5898915,44.717314],[24.589813,44.7175027],[24.5897671,44.7179747],[24.5896664,44.7182094],[24.5896693,44.7185294],[24.5895878,44.718644],[24.5896195,44.7187198],[24.5895659,44.7188638],[24.5892215,44.7193438],[24.588539,44.7199811],[24.5881819,44.720593],[24.5883014,44.7211741],[24.588292,44.7215814],[24.5881238,44.7220309],[24.5881873,44.7222584],[24.5880868,44.7224143],[24.5880984,44.7226816],[24.587846,44.7233731],[24.587719,44.7236165],[24.5875867,44.7237401],[24.5876166,44.7238251],[24.5875447,44.7240702],[24.5866018,44.7237762],[24.5848503,44.7233182],[24.5838328,44.7229048],[24.5834977,44.7233769],[24.5826613,44.723119],[24.5824791,44.7231235],[24.5821921,44.7234918],[24.5822057,44.7236271],[24.5830492,44.7239059],[24.5830606,44.7241133],[24.5833049,44.7241742],[24.5839286,44.7245229],[24.5841541,44.7245758],[24.5849388,44.7249272],[24.5850102,44.7251459],[24.5851933,44.7252655],[24.5862959,44.7255821],[24.5867489,44.7256515],[24.5865853,44.7259796],[24.5863298,44.7262548],[24.5862272,44.7264907],[24.5857517,44.7270654],[24.5857048,44.7272133],[24.5855021,44.7273519],[24.5853843,44.7275866],[24.5847791,44.72835],[24.5842212,44.7294609],[24.5837727,44.7307826],[24.5858422,44.7309454],[24.5876732,44.7309753],[24.5877242,44.731062],[24.5878249,44.7309801],[24.5888873,44.7309472],[24.5890881,44.7310637],[24.5892904,44.7310626],[24.5896045,44.7310384],[24.5898871,44.730938],[24.5905955,44.7309264],[24.5909754,44.7308491],[24.591841,44.7307852],[24.5923129,44.7307912],[24.5925551,44.7308786],[24.592668,44.7307946],[24.5929535,44.7307697],[24.5932719,44.7308141],[24.5936696,44.7308069],[24.5950905,44.7305156],[24.5953395,44.7304951],[24.5953928,44.7305577],[24.5956863,44.7305629],[24.5964624,44.7302052],[24.5969114,44.7307917],[24.596898,44.7310096],[24.5972181,44.7310922],[24.5977814,44.7311023],[24.5979489,44.7310207],[24.5983064,44.7306825],[24.5984606,44.7306345],[24.5984785,44.7307085],[24.5988739,44.7308562],[24.5991048,44.7312894],[24.5991376,44.7313652],[24.5989337,44.7316946],[24.5990945,44.7318898],[24.5993466,44.7326433],[24.5992464,44.7329835],[24.5989517,44.7331927],[24.5987832,44.7334122],[24.5987017,44.7335844],[24.5987034,44.7337751],[24.5981493,44.734123],[24.5981816,44.7342161],[24.5979607,44.7346407],[24.5976581,44.734812],[24.5975222,44.7351302],[24.5973767,44.7352596],[24.5974183,44.7353463],[24.59766,44.7355093],[24.5981372,44.7354289],[24.5990898,44.7355101],[24.6002348,44.7356893],[24.6008494,44.7359208],[24.6010186,44.7360316],[24.6013095,44.7363107],[24.6014233,44.7365317],[24.6037781,44.7364448],[24.603601,44.7365848],[24.6035363,44.7367338],[24.6033941,44.7366662],[24.6032388,44.7367305],[24.6031084,44.736715],[24.6030359,44.7366563],[24.603082,44.7365786],[24.6029093,44.7365369],[24.6027635,44.7365407],[24.6029057,44.7366104],[24.6029054,44.7366559],[24.6027444,44.7366769],[24.6026468,44.7367393],[24.6026888,44.7368151],[24.602989,44.7368616],[24.6028758,44.7369888],[24.6029117,44.7370224],[24.6034484,44.7371173],[24.6034815,44.7371607],[24.6032657,44.7371945],[24.6032532,44.7372464],[24.6035568,44.7372474],[24.6037991,44.737324],[24.603808,44.7373521],[24.6036927,44.7373452],[24.6036469,44.7373883],[24.6039286,44.7374736],[24.6039284,44.7375104],[24.6037736,44.7374969],[24.6037488,44.7375725],[24.6035692,44.7376519],[24.6038209,44.737793],[24.6037197,44.7380234],[24.603785,44.7381745],[24.6037221,44.7382521],[24.6038048,44.7384248],[24.6037459,44.7384677],[24.6035374,44.7384211],[24.6034638,44.7386252],[24.6032002,44.7386438],[24.6031588,44.7386951],[24.603277,44.7388151],[24.60349,44.7387783],[24.6037742,44.7388782],[24.603347,44.738884],[24.6037082,44.7389773],[24.6031243,44.7398474],[24.603153,44.7399101],[24.6030402,44.740087],[24.603146,44.7401703],[24.6031323,44.7402504],[24.6030702,44.7402699],[24.6029529,44.7402125],[24.602833,44.7404712],[24.6026588,44.7405194],[24.6025986,44.7406942],[24.6027098,44.7407662],[24.6026566,44.7408478],[24.6026956,44.7409387],[24.6024831,44.7409925],[24.602524,44.7410767],[24.6023243,44.7411203],[24.6023338,44.7413521],[24.6020451,44.7416145],[24.6021377,44.7417252],[24.6022564,44.7417694],[24.6027159,44.7417579],[24.6028549,44.7418194],[24.6031519,44.742009],[24.6033171,44.7422902],[24.6032662,44.7423218],[24.6027723,44.7422161],[24.6025059,44.7423278],[24.602417,44.7422885],[24.6023377,44.7423156],[24.6025855,44.7425389],[24.6026361,44.7430815],[24.6027191,44.7431034],[24.6028292,44.7430114],[24.6032228,44.7431853],[24.6031978,44.7434016],[24.6033954,44.743484],[24.6034608,44.7436328],[24.6033666,44.7439014],[24.6035054,44.7439976],[24.6035205,44.7440747],[24.603477,44.7441414],[24.603322,44.7441343],[24.6032642,44.7441871],[24.6031643,44.7447295],[24.6025116,44.7446883],[24.6024145,44.7447373],[24.6023755,44.7448359],[24.6024041,44.7449231],[24.6026718,44.7449851],[24.6026757,44.7451482],[24.6028121,44.7452111],[24.6028534,44.7453113],[24.602957,44.7453597],[24.6028437,44.7453918],[24.6028543,44.7454399],[24.6030894,44.7454706],[24.6031798,44.7456459],[24.6031827,44.7457499],[24.6030614,44.7458794],[24.6031894,44.7461046],[24.6030047,44.7461684],[24.6031569,44.7465757],[24.6030078,44.7467766],[24.6030614,44.7469271],[24.6033072,44.7469942],[24.6032029,44.7478392],[24.6026561,44.7480244],[24.6024226,44.7482038],[24.602257,44.7484189],[24.6022927,44.7486108],[24.6021027,44.7487597],[24.6018532,44.7491246],[24.601837,44.7493427],[24.6015152,44.7495289],[24.6014547,44.7496142],[24.6016594,44.7499586],[24.6020233,44.7501193],[24.6020688,44.7505887],[24.601783,44.7505778],[24.6016329,44.7506134],[24.6016205,44.7506995],[24.6016826,44.7507697],[24.6014454,44.7510553],[24.6012539,44.7514885],[24.6007505,44.7523239],[24.6005273,44.7525999],[24.6003574,44.7525852],[24.6000159,44.7530536],[24.5989275,44.7528751],[24.5986191,44.7527322],[24.5971687,44.7517128],[24.5965781,44.7512237],[24.5965644,44.7509835],[24.5952972,44.7517891],[24.5949326,44.7513816],[24.5949008,44.7511064],[24.5946444,44.750996],[24.5940292,44.750954],[24.5937909,44.7508753],[24.5935375,44.7512647],[24.5940402,44.7513413],[24.5939099,44.7517757],[24.5933573,44.7517887],[24.5933785,44.7522473],[24.5932435,44.7522905],[24.5929231,44.7526943],[24.5927466,44.75267],[24.5927127,44.7527958],[24.5930681,44.7528445],[24.5930303,44.7529842],[24.5931404,44.753158],[24.5933153,44.7531706],[24.5932976,44.7532952],[24.5926991,44.7532521],[24.5926268,44.753356],[24.5924642,44.7533621],[24.5923829,44.7534626],[24.5923748,44.7536609],[24.5934522,44.7537325],[24.5940147,44.7538699],[24.5941899,44.7542134],[24.5941776,44.7544407],[24.5938941,44.7544612],[24.5937344,44.7551808],[24.5931591,44.7553408],[24.5927117,44.7553807],[24.5926019,44.7553213],[24.5925264,44.7551595],[24.5923223,44.7550081],[24.5919246,44.7548508],[24.5915883,44.7548626],[24.591375,44.7547339],[24.5912341,44.7547399],[24.5909973,44.7548744],[24.5902975,44.7556013],[24.5903901,44.7557066],[24.5904387,44.7559126],[24.5901977,44.7562008],[24.590199,44.7563303],[24.59036,44.7565522],[24.5904655,44.7569643],[24.5905798,44.7570431],[24.590895,44.7570981],[24.5909718,44.7571805],[24.5910032,44.7575083],[24.5907579,44.7576898],[24.5907277,44.7577658],[24.590975,44.7581863],[24.5907561,44.7586499],[24.5907471,44.759008],[24.5904777,44.7597151],[24.5897682,44.7631477],[24.5894279,44.7645021],[24.5893287,44.765035],[24.5892014,44.7664934],[24.5890701,44.7670338],[24.5890448,44.7679403],[24.588897,44.7693035],[24.5877848,44.7692137],[24.5866725,44.7691239],[24.5861666,44.7690076],[24.5858615,44.7691977],[24.5855994,44.7692007],[24.5851309,44.7690753],[24.5835373,44.7691702],[24.5832025,44.7691545],[24.5833809,44.7692145],[24.5835707,44.7692171],[24.5840519,44.7694875],[24.5811825,44.7695688],[24.5812296,44.7698392],[24.5852105,44.7696466],[24.5852651,44.7699171],[24.5850828,44.770153],[24.5851002,44.7702494],[24.5811493,44.770497],[24.5810934,44.770256],[24.5792959,44.7705144],[24.5794466,44.7708995],[24.5793063,44.7710053],[24.5794319,44.7715598],[24.5800388,44.7714897],[24.5801684,44.7717803],[24.5793279,44.771961],[24.5793733,44.7722313],[24.5797971,44.7721783],[24.5800309,44.7726354],[24.5800756,44.772799],[24.579727,44.7728878],[24.5799011,44.7732935],[24.5796595,44.7733764],[24.5791192,44.7733744],[24.5789981,44.773214],[24.5791661,44.7727982],[24.5790445,44.7727494],[24.5788769,44.7727721],[24.5782693,44.7730682],[24.5780063,44.7728301],[24.5782201,44.7721602],[24.5776603,44.771871],[24.577027,44.7717985],[24.5767699,44.7712279],[24.5765127,44.7712969],[24.5763912,44.7710108],[24.5762909,44.7710076],[24.5759998,44.770862],[24.5759114,44.7705725],[24.5756281,44.7705714],[24.5755226,44.7703485],[24.5752939,44.7703481],[24.5781432,44.7689317],[24.5781269,44.7684972],[24.5779848,44.7681237],[24.5775285,44.7676625],[24.5776486,44.7675046],[24.5774642,44.7671001],[24.5771971,44.7670269],[24.5763916,44.7658556],[24.573829,44.7667189],[24.573157,44.765994],[24.5731447,44.7657836],[24.5732585,44.7657216],[24.5738221,44.7656484],[24.573916,44.7656031],[24.5739977,44.7654608],[24.5747239,44.7653564],[24.5745524,44.7647994],[24.5744571,44.7646779],[24.5737824,44.7649213],[24.5738775,44.7646192],[24.5737759,44.7645823],[24.5736078,44.7643861],[24.5731649,44.7641234],[24.5730879,44.7640225],[24.5727855,44.7633017],[24.5728263,44.7632386],[24.5730935,44.7631217],[24.5731815,44.7630048],[24.5730346,44.7628426],[24.5716863,44.7634071],[24.5712144,44.7630426],[24.5707496,44.7630852],[24.5706361,44.7629261],[24.570213,44.7625812],[24.5697164,44.7625899],[24.5693674,44.7626677],[24.5692048,44.7626143],[24.5691352,44.7625032],[24.569172,44.7623424],[24.569086,44.7621415],[24.5692214,44.7618808],[24.5692105,44.7616515],[24.5688863,44.7614276],[24.5688504,44.761249],[24.5686666,44.7610451],[24.5679438,44.760736],[24.5679158,44.7606147],[24.5681348,44.7603975],[24.5679981,44.7600038],[24.5680196,44.7599086],[24.5683321,44.7597491],[24.5684976,44.7595835],[24.5684753,44.7594786],[24.5683468,44.7594025],[24.5681571,44.7593684],[24.5679767,44.759241],[24.5679778,44.7591012],[24.5678844,44.7589848],[24.5673565,44.758685],[24.5667369,44.7577959],[24.5664076,44.7571121],[24.5658142,44.7572588],[24.5646951,44.7574411],[24.5646002,44.7585109],[24.5630722,44.7585433],[24.5631581,44.7593081],[24.5634351,44.7600289],[24.5633558,44.76024],[24.5601392,44.7608961],[24.5600447,44.7605821],[24.5602811,44.7599254],[24.5596685,44.7588288],[24.5594118,44.7585012],[24.5589732,44.7582349],[24.5587731,44.7580141],[24.5587463,44.7577209],[24.5584826,44.7573641],[24.5583231,44.7569298],[24.5583488,44.7566877],[24.5581355,44.7560524],[24.5579038,44.7558937],[24.5576743,44.7553565],[24.557493,44.7552391],[24.5573376,44.7549945],[24.5571833,44.7548889],[24.5574038,44.754324],[24.5575378,44.754261],[24.5582791,44.7543554],[24.5583544,44.7543002],[24.5583347,44.7538871],[24.557656,44.7538315],[24.5576286,44.7537193],[24.5577272,44.7535664],[24.5576881,44.7533687],[24.5577829,44.7533255],[24.5578776,44.7532823],[24.5586811,44.7533569],[24.5589277,44.7533128],[24.5590987,44.7528271],[24.5592203,44.7527573],[24.5592658,44.7526165],[24.559477,44.7524362],[24.5595802,44.7521945],[24.5595299,44.7520119],[24.559738,44.7519218],[24.5594606,44.7518328],[24.5594061,44.7517706],[24.5594739,44.751585],[24.5596034,44.7515157],[24.5602808,44.7515725],[24.5605557,44.7515079],[24.5606145,44.7513487],[24.5606921,44.7509804],[24.5605591,44.7504392],[24.5607602,44.7499857],[24.5607185,44.7497078],[24.5603052,44.749338],[24.5602328,44.7494052],[24.5600725,44.7493555],[24.5599919,44.7492599],[24.5600098,44.7491741],[24.5599298,44.7491206],[24.5597808,44.7490873],[24.5597573,44.7491486],[24.5593592,44.7490264],[24.5593147,44.7488442],[24.5593641,44.7487647],[24.5582928,44.7487711],[24.5559577,44.7486142],[24.5550546,44.7486391],[24.553018,44.7485619],[24.5515337,44.7485591],[24.5513834,44.7485522],[24.5513706,44.7484923],[24.5509546,44.7484689],[24.5470984,44.7485086],[24.5470822,44.7483872],[24.5469702,44.7482617],[24.5464126,44.7482585],[24.5459298,44.7480317],[24.5456561,44.7479644],[24.5442902,44.7478676],[24.5431209,44.7475345],[24.5427689,44.7475158],[24.5422223,44.7475792],[24.5419671,44.7474357],[24.5418197,44.7472092],[24.5417394,44.7466547],[24.5416562,44.7466724],[24.5412932,44.7471048],[24.5410611,44.7472896],[24.5406554,44.7474178],[24.5401419,44.7474725],[24.5398306,44.7475955],[24.5396974,44.7478284],[24.5395742,44.7478956],[24.5393871,44.7478551],[24.539157,44.7477349],[24.538706,44.7476381],[24.538422,44.7476772],[24.5382977,44.7477371],[24.5379982,44.7483152],[24.5378034,44.7485672],[24.5376254,44.7489844],[24.5373985,44.7490876],[24.537481,44.7494396],[24.5373861,44.7494842],[24.5368468,44.7495093],[24.5366286,44.7496531],[24.5365763,44.7498501],[24.5366283,44.7501169],[24.5367742,44.7503243],[24.5367711,44.7504134],[24.5363461,44.7506276],[24.5362997,44.7507508],[24.5363293,44.7508932],[24.5359235,44.7512275],[24.5358315,44.7513633],[24.5359715,44.7518649],[24.5357982,44.7519726],[24.5350589,44.7520661],[24.5349078,44.7521683],[24.5349898,44.7522994],[24.5354886,44.7524146],[24.5356171,44.7525449],[24.5350133,44.7528992],[24.5348357,44.7531475],[24.5347812,44.753332],[24.5348877,44.7540202],[24.5348632,44.7543627],[24.5347404,44.7544892],[24.5344058,44.7546049],[24.5340962,44.7549324],[24.5340666,44.7549995],[24.534184,44.7554269],[24.5341126,44.755585],[24.5337041,44.7558328],[24.5330295,44.7561434],[24.5326797,44.7566533],[24.5326942,44.7577203],[24.5330887,44.758239],[24.532949,44.7589046],[24.5329589,44.7592328],[24.5328338,44.7593754],[24.5314473,44.7586638],[24.5312518,44.7586303],[24.5283023,44.7588732],[24.5281916,44.758866],[24.528035,44.7587801],[24.5268528,44.7588266],[24.526839,44.7586063],[24.5241424,44.7586295],[24.5241635,44.7571086],[24.5214041,44.7570842],[24.5205633,44.7571257],[24.5181036,44.7570243],[24.505587,44.7569166],[24.4992271,44.7567548],[24.4889711,44.7563261],[24.4890159,44.7562831],[24.4891662,44.7561873],[24.4891887,44.755938],[24.4891405,44.7558586],[24.4887623,44.755771],[24.4887148,44.7556092],[24.4887957,44.7555145],[24.4889362,44.7554755],[24.4891621,44.7555811],[24.4892099,44.755453],[24.48904,44.7550499],[24.4886759,44.754755],[24.4885847,44.754621],[24.4885732,44.7544564],[24.4887258,44.7541782],[24.4884475,44.7540078],[24.4884624,44.7538715],[24.4883783,44.7537947],[24.4886093,44.7535682],[24.4886249,44.7533972],[24.4888657,44.7533439],[24.4894138,44.7530565],[24.4895166,44.7529442],[24.4894793,44.7527476],[24.4898074,44.7527229],[24.4899749,44.7526391],[24.4899825,44.7524238],[24.4897635,44.7522577],[24.4898101,44.7520968],[24.4904533,44.7520285],[24.4908017,44.7519476],[24.4909161,44.7518031],[24.4909687,44.7516061],[24.4911289,44.7514893],[24.4915649,44.7514108],[24.4923971,44.7515917],[24.4925367,44.7514735],[24.4928198,44.7514265],[24.4927744,44.7511263],[24.4931092,44.7508806],[24.4933042,44.7505634],[24.4932284,44.7504966],[24.4930085,44.7504332],[24.492962,44.7499398],[24.4926743,44.7494803],[24.4924668,44.7494566],[24.4922997,44.7493819],[24.4922389,44.7490317],[24.4920875,44.748994],[24.4919513,44.7490446],[24.4918437,44.7490157],[24.4918091,44.7488648],[24.4919458,44.7487601],[24.4919388,44.7486492],[24.4909431,44.748326],[24.4905613,44.7479735],[24.490257,44.7481074],[24.4900221,44.7479582],[24.4897428,44.7479391],[24.4896354,44.7478874],[24.4896343,44.7477283],[24.4897393,44.7474709],[24.4895161,44.7471534],[24.4895017,44.7470454],[24.489597,44.7470129],[24.4895823,44.7469324],[24.4892793,44.7469274],[24.4891652,44.7467586],[24.4895671,44.7464262],[24.4896571,44.7464119],[24.4898103,44.7465096],[24.4899751,44.7464683],[24.4901584,44.746352],[24.4903279,44.7460601],[24.4904413,44.7456258],[24.4893099,44.7456104],[24.486901,44.7457122],[24.4874732,44.7388376],[24.4914439,44.7380357],[24.4836608,44.7342193],[24.4820487,44.730703],[24.4824105,44.7296212],[24.4828757,44.7289087],[24.4833169,44.728508],[24.4833888,44.7272172],[24.4841108,44.7234654],[24.4910156,44.7237958],[24.4913342,44.7214752],[24.4913095,44.7209682],[24.4909978,44.7192514],[24.4908367,44.71873],[24.4808456,44.7003851],[24.4808265,44.6989481],[24.4813652,44.6983321],[24.482119,44.6962131],[24.4983474,44.6989665],[24.5099622,44.6998999],[24.5114196,44.7005029],[24.5123119,44.7004627],[24.5126634,44.7001567],[24.5133259,44.6996957],[24.5135697,44.6992388],[24.5135191,44.6980994],[24.5138005,44.6978053],[24.5150496,44.6977352],[24.5240127,44.709911],[24.5246768,44.7105709],[24.5246651,44.7108406],[24.5245383,44.7112918],[24.5247342,44.7116365],[24.5249791,44.7117656],[24.5258827,44.711936],[24.5255845,44.7116328],[24.5255375,44.7112148],[24.5257085,44.7110344],[24.5260138,44.7108343],[24.5261634,44.7106739],[24.5262426,44.710488],[24.5259642,44.7099514],[24.5256343,44.7095979],[24.5257301,44.7091929],[24.5260767,44.7088311],[24.5261123,44.7086843],[24.5260338,44.7084758],[24.5255475,44.7078303],[24.5255544,44.7077025],[24.5256938,44.7074228],[24.5260236,44.7071656],[24.5262132,44.7066627],[24.5263807,44.7064566],[24.5274119,44.705677],[24.5276983,44.7051206],[24.5280062,44.7047844],[24.5280724,44.7046082],[24.5281043,44.7044292],[24.5280143,44.7042249],[24.5275645,44.7035688],[24.527561,44.7034567],[24.5278303,44.7030992],[24.5280232,44.7026879],[24.5280279,44.7025601],[24.5278577,44.702343],[24.5278786,44.7020165],[24.5279709,44.7019126],[24.5276817,44.7013514],[24.5278319,44.7010399],[24.5283938,44.7007698],[24.5296069,44.7005666],[24.534833,44.6999196],[24.5328071,44.6935462],[24.5294081,44.6840005],[24.5281055,44.6809915],[24.5274342,44.6799278],[24.5272633,44.6795421],[24.5271108,44.6788812],[24.5270473,44.6782758],[24.5294979,44.6781453],[24.5329106,44.6778589],[24.5330392,44.6777855],[24.5334757,44.6773309],[24.5339856,44.6769842],[24.5342377,44.6767071],[24.5347696,44.6758624],[24.5351232,44.6754683],[24.5352632,44.675119],[24.5353096,44.6746984],[24.5355069,44.6744145],[24.5357305,44.6742806],[24.5362737,44.6741785],[24.5363749,44.6741094],[24.5367414,44.673764],[24.5368842,44.6734342],[24.5370225,44.6732913],[24.5379821,44.6728846],[24.5400407,44.6724895],[24.5402811,44.6721541],[24.5408012,44.67182],[24.5420815,44.6629484],[24.5433655,44.6565166]]]}},{"type":"Feature","properties":{"entity_id":"osm-r9744199","jurisdiction":"RO","display_name":"TĂTULEȘTI","display_type":"commune","admin_level":8,"tier":"local","legal_registry":"SIRUTA","legal_id":"129317","legal_type":"commune","parent_catalog_id":"osm-r2366978","osm_relation_id":9744199,"legal_identity_status":"reconciled","geometry_source":"OpenStreetMap","geometry_precision":"master_coordinate_fidelity"},"geometry":{"type":"Polygon","coordinates":[[[24.6043353,44.6038866],[24.6128671,44.6042404],[24.6138365,44.6043093],[24.6140798,44.6043697],[24.6153064,44.6043859],[24.6167194,44.6045366],[24.6169235,44.6043428],[24.6173381,44.604159],[24.6178683,44.6038441],[24.6180733,44.6035917],[24.6183493,44.6036063],[24.6184491,44.6034769],[24.6188203,44.6033908],[24.6192882,44.6032028],[24.6192225,44.6030754],[24.6192828,44.6028767],[24.6196577,44.6025348],[24.6199969,44.6024767],[24.6214956,44.6026376],[24.6247564,44.6025822],[24.6253975,44.6028315],[24.6268769,44.6035279],[24.6275379,44.6036102],[24.6279298,44.6035699],[24.6282936,44.6034382],[24.6291274,44.6029747],[24.6295669,44.6028238],[24.6308827,44.6026574],[24.6317297,44.6028681],[24.6317178,44.6029404],[24.6320254,44.6030222],[24.6321787,44.6031424],[24.6320392,44.6033769],[24.6317777,44.6033885],[24.6317269,44.6036777],[24.631625,44.6038774],[24.6308252,44.6047572],[24.633131,44.6053532],[24.6330762,44.6054282],[24.6352271,44.606036],[24.6355953,44.606071],[24.6360403,44.6062719],[24.6363238,44.6062683],[24.6369993,44.6059822],[24.6371747,44.6059811],[24.6375963,44.6061364],[24.6387505,44.6062724],[24.6433101,44.6081293],[24.643605,44.6079498],[24.6506948,44.6102502],[24.6507294,44.6102956],[24.6508105,44.6102553],[24.6509305,44.6102837],[24.651294,44.6104892],[24.6575173,44.6121288],[24.6576845,44.6121899],[24.6572574,44.612857],[24.6570075,44.613533],[24.6565447,44.614111],[24.6562994,44.6142921],[24.6556525,44.6145452],[24.6549639,44.6149754],[24.6539561,44.6156506],[24.6535787,44.6159752],[24.6534223,44.6165528],[24.653458,44.6168839],[24.6532346,44.6170662],[24.654845,44.6185116],[24.6541633,44.618883],[24.6540137,44.6190743],[24.6538443,44.6196179],[24.6529667,44.6206794],[24.6528792,44.6217262],[24.6525665,44.6227813],[24.6523314,44.6228167],[24.6521337,44.6229261],[24.6519063,44.622929],[24.6516012,44.6228505],[24.6514482,44.6229266],[24.6509554,44.6229315],[24.6505685,44.6230334],[24.6494733,44.6230807],[24.6477135,44.622923],[24.6473541,44.6229591],[24.6466163,44.6229472],[24.6456202,44.6230807],[24.6447269,44.6229588],[24.644517,44.6228606],[24.6445099,44.6235549],[24.6445853,44.6237483],[24.6445512,44.6241002],[24.644014,44.6261884],[24.6441514,44.6262093],[24.644195,44.6262625],[24.6439781,44.6263824],[24.643904,44.6268934],[24.6435825,44.6276537],[24.6433922,44.628459],[24.6430465,44.6291304],[24.6429887,44.6293516],[24.6428224,44.630862],[24.6428555,44.6313566],[24.6429844,44.6316039],[24.6429329,44.6317294],[24.642943,44.6320001],[24.6428681,44.6320712],[24.6431917,44.6322866],[24.6433672,44.6326544],[24.6428453,44.6325715],[24.6428079,44.6328481],[24.6427111,44.632974],[24.6427183,44.6331656],[24.642991,44.6337677],[24.6428292,44.6342359],[24.642773,44.6349044],[24.6423844,44.6354729],[24.6423575,44.6357018],[24.642192,44.635766],[24.6420539,44.6359099],[24.6419985,44.6362149],[24.6419183,44.636332],[24.6419283,44.6365178],[24.6411624,44.6364642],[24.6390813,44.6361062],[24.6349124,44.6355239],[24.6350008,44.6358515],[24.6349008,44.6362531],[24.6348359,44.6376107],[24.6348614,44.6376855],[24.6349543,44.6377306],[24.6360592,44.6378703],[24.6361466,44.6379131],[24.6362155,44.6384141],[24.6360267,44.6394792],[24.6356054,44.6401144],[24.6354092,44.6409873],[24.6352711,44.6412456],[24.6350911,44.641384],[24.6340564,44.6411894],[24.6338521,44.6412813],[24.6336295,44.6414228],[24.6333659,44.6417882],[24.6330484,44.6419013],[24.6327587,44.6419186],[24.6326322,44.6420842],[24.6327178,44.6422141],[24.6326826,44.6423609],[24.6325473,44.642453],[24.6325064,44.6426853],[24.6325704,44.6427833],[24.6329196,44.6429758],[24.6333166,44.6430567],[24.6335906,44.643059],[24.6336906,44.643141],[24.6339021,44.6430734],[24.633993,44.6431529],[24.634239,44.6431366],[24.6343975,44.6431899],[24.6345009,44.6433517],[24.6347517,44.6432687],[24.6347968,44.6433667],[24.6348817,44.6433623],[24.6349117,44.6434323],[24.6353094,44.6436644],[24.6353501,44.6445009],[24.6358542,44.6449544],[24.6359787,44.6452508],[24.6362268,44.6455092],[24.63628,44.6456739],[24.6362051,44.6459371],[24.6362502,44.6461476],[24.6365971,44.6466561],[24.6369779,44.6470534],[24.6370551,44.6472957],[24.6369742,44.6476854],[24.6372151,44.6477791],[24.6372579,44.6478819],[24.6371191,44.6483721],[24.63716,44.6490222],[24.6371059,44.6493735],[24.6369742,44.6494187],[24.636824,44.6493948],[24.6362675,44.6491611],[24.6357628,44.6490348],[24.6339317,44.6487354],[24.6329993,44.6486595],[24.6327816,44.6486568],[24.6326425,44.6489672],[24.6323975,44.6490162],[24.6320615,44.6490075],[24.6319107,44.6491126],[24.6308688,44.6489212],[24.6303394,44.6488926],[24.6302623,44.6491628],[24.6298921,44.6495905],[24.6296295,44.6501147],[24.629044,44.6501307],[24.6285133,44.6500752],[24.6282712,44.6500028],[24.6283539,44.6501553],[24.6282383,44.6505112],[24.628184,44.6510547],[24.6273641,44.6515025],[24.6236682,44.6509783],[24.6224158,44.6508586],[24.6224987,44.6509868],[24.6223842,44.6511207],[24.6224821,44.6512405],[24.6224155,44.6513639],[24.622454,44.6514195],[24.6228152,44.6515479],[24.6228669,44.6518594],[24.6231014,44.6521011],[24.6230651,44.6521692],[24.6227422,44.6521958],[24.6227864,44.6522941],[24.6231321,44.6524499],[24.6231167,44.6525309],[24.622891,44.6527562],[24.6227902,44.6530948],[24.6228594,44.6534831],[24.623054,44.6537178],[24.6230006,44.6539144],[24.6236009,44.6544349],[24.6241493,44.655034],[24.624318,44.6554414],[24.6244695,44.655644],[24.6251039,44.6560981],[24.6256448,44.6563491],[24.6258896,44.6565334],[24.6264505,44.6568277],[24.6265828,44.6571207],[24.6266075,44.6573335],[24.6262799,44.6578265],[24.6262416,44.6579886],[24.6262816,44.6587146],[24.6263107,44.6588184],[24.6265269,44.6588271],[24.6267422,44.6589608],[24.6267714,44.6590539],[24.6267487,44.6590964],[24.6264837,44.6591646],[24.6264808,44.6592033],[24.6270142,44.6597156],[24.6274079,44.6599243],[24.6278726,44.6601093],[24.6286083,44.6602701],[24.6289736,44.6604332],[24.6300051,44.6606736],[24.6301793,44.6609728],[24.6301783,44.6611221],[24.6292823,44.6613858],[24.6292267,44.6622909],[24.6290619,44.6633816],[24.6290989,44.6655839],[24.6291455,44.6663545],[24.629228,44.666703],[24.6291948,44.6670081],[24.6292881,44.6671764],[24.6294885,44.6672088],[24.6295416,44.667279],[24.6293913,44.6677325],[24.6293432,44.668273],[24.6296945,44.6691419],[24.6296714,44.669607],[24.6297771,44.6704433],[24.6296675,44.6707311],[24.6292753,44.6706633],[24.6290293,44.670736],[24.6289745,44.6711858],[24.6290317,44.6712584],[24.6295089,44.6713082],[24.6295822,44.6713122],[24.6291985,44.6760511],[24.6285099,44.6762277],[24.6281105,44.6760531],[24.6275454,44.6760804],[24.6274397,44.6761116],[24.6272955,44.6763029],[24.6270926,44.676404],[24.6259272,44.6760943],[24.6249881,44.6760654],[24.6245528,44.676124],[24.6241833,44.6764354],[24.6223569,44.6765672],[24.6212437,44.6765851],[24.6209342,44.6767092],[24.6208654,44.6768355],[24.6217128,44.6776699],[24.6216889,44.6778582],[24.6211918,44.6779396],[24.6210064,44.6780117],[24.6208387,44.6782749],[24.6206953,44.6788422],[24.6204347,44.6788764],[24.6196165,44.6787525],[24.6193637,44.6787543],[24.6191626,44.6789098],[24.6188884,44.6792829],[24.6188458,44.6794813],[24.6188771,44.6798797],[24.6187818,44.6800193],[24.6187925,44.6801163],[24.6189015,44.6801839],[24.6194216,44.6802906],[24.6196246,44.6804017],[24.619686,44.680819],[24.620187,44.681038],[24.6203958,44.6814316],[24.620183,44.6816516],[24.6199115,44.6816211],[24.6194559,44.68145],[24.619354,44.6814631],[24.6191,44.6816237],[24.619024,44.6817096],[24.6190039,44.6818898],[24.61924,44.6821355],[24.6189278,44.6824969],[24.6188417,44.6829514],[24.6186291,44.6831472],[24.6186094,44.683279],[24.6187703,44.6834814],[24.618902,44.683541],[24.6196408,44.6836889],[24.6198552,44.6837945],[24.6198665,44.6839204],[24.6197592,44.6841542],[24.619339,44.6843519],[24.6192551,44.6844808],[24.6192768,44.6846209],[24.6195324,44.6847778],[24.6197778,44.6847786],[24.6202312,44.6847021],[24.6203854,44.6847726],[24.6205016,44.6848995],[24.6205117,44.6850825],[24.6201394,44.685473],[24.620176,44.6856508],[24.6204727,44.6858778],[24.6205134,44.685991],[24.6201198,44.6862913],[24.6200495,44.686423],[24.6201394,44.6865264],[24.6204593,44.6865495],[24.6203357,44.6870413],[24.6204798,44.6877273],[24.6215428,44.6904226],[24.6218201,44.6908483],[24.622244,44.6912935],[24.6218849,44.691137],[24.6215473,44.6911251],[24.6202146,44.691354],[24.6201177,44.6915435],[24.6198988,44.6916868],[24.619335,44.6918601],[24.6189638,44.6920897],[24.6185531,44.6921044],[24.6181395,44.6922795],[24.617773,44.6923224],[24.617439,44.6926285],[24.6167981,44.6928756],[24.6161971,44.6924713],[24.6158846,44.6921431],[24.6149952,44.6916849],[24.6144622,44.691319],[24.6141572,44.6911814],[24.613767,44.6912406],[24.6135273,44.6911409],[24.6131191,44.6911707],[24.6121409,44.6910055],[24.6109887,44.690904],[24.6101667,44.6907295],[24.6098181,44.6905618],[24.6095702,44.6906297],[24.609033,44.6906858],[24.6080053,44.6908515],[24.6079138,44.6907468],[24.6078818,44.6907113],[24.6070574,44.690663],[24.6063502,44.6904016],[24.6062384,44.6902702],[24.6062312,44.6901517],[24.6048528,44.6891739],[24.6001539,44.6859451],[24.5998755,44.6857748],[24.5998456,44.6858065],[24.5995601,44.6856115],[24.5976677,44.684282],[24.5974025,44.6840337],[24.5964193,44.6833639],[24.596179,44.6832823],[24.5947333,44.6822406],[24.595526,44.6815559],[24.5958225,44.6811801],[24.5943394,44.6801309],[24.5949315,44.6795818],[24.5948267,44.679456],[24.5915834,44.6775125],[24.5931724,44.6762541],[24.588873,44.6732516],[24.5891829,44.6730567],[24.5854851,44.6719535],[24.5855984,44.671837],[24.5853618,44.6717673],[24.5850574,44.6718336],[24.5848759,44.6717853],[24.5834981,44.6711885],[24.5816782,44.6705713],[24.5800959,44.6701826],[24.5788666,44.6697225],[24.5788272,44.6697552],[24.5784947,44.6696822],[24.5766296,44.6691108],[24.5679982,44.6663003],[24.5622227,44.6645951],[24.5615536,44.6643657],[24.5600527,44.6636807],[24.5594012,44.6635413],[24.5590133,44.6633107],[24.5582915,44.663173],[24.5523001,44.6612516],[24.5491443,44.6603245],[24.5480442,44.6600432],[24.547587,44.6599833],[24.5475107,44.6599427],[24.5475523,44.6597761],[24.5479576,44.6589734],[24.548344,44.6580029],[24.5483832,44.6574923],[24.5483019,44.6574081],[24.5466253,44.6571291],[24.5470538,44.6549912],[24.5474923,44.653525],[24.5476941,44.6526407],[24.5480724,44.651978],[24.5486145,44.6501872],[24.5490921,44.647299],[24.5498537,44.6443937],[24.5499805,44.6431948],[24.5503298,44.6414184],[24.5504479,44.6410261],[24.5505633,44.6409751],[24.550662,44.6403064],[24.5510209,44.639343],[24.5513172,44.6387508],[24.5511684,44.6378255],[24.5507342,44.637279],[24.5505665,44.6353222],[24.5524566,44.6354732],[24.5525299,44.6351792],[24.5526544,44.6351825],[24.5554904,44.6355025],[24.5565086,44.6355772],[24.5587795,44.6355644],[24.5597541,44.6356074],[24.5599323,44.6354441],[24.560181,44.6353648],[24.5611437,44.6354611],[24.5615779,44.6354171],[24.561853,44.6352122],[24.5620907,44.6348745],[24.5630075,44.6350162],[24.5633025,44.6350052],[24.5666696,44.6344971],[24.5701496,44.6341606],[24.5730517,44.6339583],[24.5754198,44.63297],[24.5774511,44.6322428],[24.5793409,44.6314252],[24.5793988,44.6313543],[24.5800077,44.6310764],[24.5830804,44.6301136],[24.5832624,44.6299463],[24.583851,44.6291589],[24.5846167,44.6284765],[24.5849159,44.6281373],[24.5860863,44.6262439],[24.586567,44.625937],[24.5872694,44.6245499],[24.5875188,44.6241941],[24.5879097,44.6232934],[24.5880067,44.6229392],[24.5883997,44.622132],[24.5884293,44.6218319],[24.5883583,44.6215315],[24.5883975,44.6211596],[24.5884784,44.6210035],[24.5888458,44.6207656],[24.5890517,44.6205249],[24.5893179,44.6199407],[24.5894225,44.6190043],[24.5893855,44.6186322],[24.5895038,44.6183303],[24.5898995,44.617975],[24.5904321,44.6172047],[24.5907768,44.6168617],[24.5912543,44.6166142],[24.5916504,44.6164705],[24.5919436,44.616236],[24.5927135,44.6158554],[24.5937817,44.6156155],[24.5939164,44.6155475],[24.5941351,44.6155401],[24.594457,44.6154587],[24.5946958,44.6152615],[24.594838,44.615235],[24.5950633,44.6150663],[24.5953169,44.6149801],[24.5956983,44.6147026],[24.5959366,44.6143461],[24.5960658,44.6142785],[24.596151,44.6141584],[24.5961283,44.6137956],[24.5963406,44.6136301],[24.5964978,44.6133513],[24.5965085,44.613154],[24.5963046,44.6130114],[24.5962483,44.6126439],[24.5963267,44.6125266],[24.5966226,44.6123969],[24.5966511,44.6123216],[24.5965434,44.6121838],[24.5965811,44.6121241],[24.5968082,44.6120539],[24.5968218,44.6118899],[24.5969906,44.6117354],[24.5972811,44.611613],[24.5973873,44.6115158],[24.597579,44.6116385],[24.5977156,44.6116389],[24.597847,44.6114997],[24.5981924,44.6113946],[24.5982214,44.6112461],[24.598442,44.6112181],[24.5985222,44.6108548],[24.5986405,44.6108065],[24.5986673,44.610525],[24.5991616,44.6099072],[24.5992605,44.6096569],[24.5992148,44.6094727],[24.5992503,44.6093733],[24.5990839,44.6093176],[24.5991371,44.6091773],[24.5989372,44.6088662],[24.598928,44.6087453],[24.5990599,44.6083973],[24.5991622,44.6083693],[24.5993036,44.6084462],[24.5997236,44.6085455],[24.5997549,44.6083376],[24.5998576,44.6082544],[24.5999476,44.6080329],[24.5997929,44.6077213],[24.600035,44.6072742],[24.5999498,44.6070949],[24.6001483,44.6069417],[24.6001629,44.606877],[24.6001698,44.6067504],[24.6000579,44.6066147],[24.6000527,44.6064996],[24.6003075,44.6063681],[24.600268,44.6062491],[24.6004038,44.6061388],[24.6007243,44.6061241],[24.6006694,44.6059009],[24.6007531,44.6057414],[24.6008617,44.6057706],[24.601273,44.6055657],[24.6011047,44.6054184],[24.6010475,44.6052412],[24.6005412,44.6053084],[24.600432,44.6051204],[24.600361,44.6050999],[24.5994698,44.6055337],[24.5987593,44.6055397],[24.5984211,44.6054592],[24.5982569,44.6053407],[24.5978356,44.6053311],[24.5977182,44.6050156],[24.5979466,44.6049209],[24.5976745,44.6047532],[24.597567,44.6045322],[24.5976153,44.604138],[24.5975075,44.6040847],[24.5975424,44.6039812],[24.5976509,44.6039308],[24.5976176,44.6038087],[24.6017994,44.6038227],[24.601853,44.6038806],[24.6043353,44.6038866]]]}},{"type":"Feature","properties":{"entity_id":"osm-r9744200","jurisdiction":"RO","display_name":"POBORU","display_type":"commune","admin_level":8,"tier":"local","legal_registry":"SIRUTA","legal_id":"128301","legal_type":"commune","parent_catalog_id":"osm-r2366978","osm_relation_id":9744200,"legal_identity_status":"reconciled","geometry_source":"OpenStreetMap","geometry_precision":"master_coordinate_fidelity"},"geometry":{"type":"Polygon","coordinates":[[[24.4468235,44.6384252],[24.4476763,44.6384236],[24.4551225,44.638386],[24.4562461,44.6384443],[24.459277,44.6384467],[24.4673227,44.6385534],[24.4702901,44.6385293],[24.4708419,44.6385733],[24.4704486,44.6382837],[24.4698663,44.6377332],[24.4695115,44.6371503],[24.4696332,44.636687],[24.4693693,44.6364343],[24.4691487,44.6357234],[24.4690734,44.6355761],[24.468829,44.6353848],[24.4683601,44.6342494],[24.4688417,44.6331175],[24.4697285,44.6318252],[24.4696975,44.6316852],[24.4691239,44.6308839],[24.4690582,44.6303008],[24.4687469,44.6297782],[24.4678279,44.629836],[24.4678474,44.6297618],[24.4680373,44.6296081],[24.4684867,44.6294522],[24.4689584,44.6291298],[24.4691108,44.6285874],[24.4692698,44.6282485],[24.4692794,44.6278878],[24.4689469,44.6274292],[24.4700627,44.627711],[24.4702543,44.6278979],[24.4741343,44.6332865],[24.4748202,44.6341338],[24.476068,44.636055],[24.4778922,44.6385975],[24.4807243,44.6385326],[24.4990557,44.6386733],[24.4994328,44.6378225],[24.4999216,44.6380517],[24.500661,44.6385179],[24.5021092,44.6391735],[24.5032277,44.6395712],[24.5067905,44.6404298],[24.5099407,44.6408514],[24.5098007,44.6413807],[24.5096815,44.6414403],[24.5096178,44.6415503],[24.5094382,44.6422716],[24.5089913,44.6432767],[24.5083936,44.6439957],[24.5081741,44.6445299],[24.5080624,44.645063],[24.5078403,44.6456467],[24.5066974,44.6472513],[24.5090802,44.6475918],[24.5090901,44.6479025],[24.5091684,44.6480025],[24.5096337,44.6479855],[24.5096814,44.6480514],[24.5147607,44.6484264],[24.517516,44.6485885],[24.5184185,44.6486043],[24.5185079,44.6493358],[24.5188832,44.6504118],[24.5189764,44.6508787],[24.5188689,44.6515358],[24.5223279,44.6516735],[24.5250843,44.6517317],[24.5252566,44.651907],[24.5253795,44.6523271],[24.5253771,44.6526223],[24.5256401,44.6540721],[24.5256795,44.6547739],[24.526152,44.6565913],[24.5288222,44.6565848],[24.5334154,44.6563568],[24.5353954,44.6564207],[24.5370311,44.6562965],[24.5391288,44.6562472],[24.5424717,44.6564178],[24.5433655,44.6565166],[24.5420815,44.6629484],[24.5408012,44.67182],[24.5402811,44.6721541],[24.5400407,44.6724895],[24.5379821,44.6728846],[24.5370225,44.6732913],[24.5368842,44.6734342],[24.5367414,44.673764],[24.5363749,44.6741094],[24.5362737,44.6741785],[24.5357305,44.6742806],[24.5355069,44.6744145],[24.5353096,44.6746984],[24.5352632,44.675119],[24.5351232,44.6754683],[24.5347696,44.6758624],[24.5342377,44.6767071],[24.5339856,44.6769842],[24.5334757,44.6773309],[24.5330392,44.6777855],[24.5329106,44.6778589],[24.5294979,44.6781453],[24.5270473,44.6782758],[24.5271108,44.6788812],[24.5272633,44.6795421],[24.5274342,44.6799278],[24.5281055,44.6809915],[24.5294081,44.6840005],[24.5328071,44.6935462],[24.534833,44.6999196],[24.5296069,44.7005666],[24.5283938,44.7007698],[24.5278319,44.7010399],[24.5276817,44.7013514],[24.5279709,44.7019126],[24.5278786,44.7020165],[24.5278577,44.702343],[24.5280279,44.7025601],[24.5280232,44.7026879],[24.5278303,44.7030992],[24.527561,44.7034567],[24.5275645,44.7035688],[24.5280143,44.7042249],[24.5281043,44.7044292],[24.5280724,44.7046082],[24.5280062,44.7047844],[24.5276983,44.7051206],[24.5274119,44.705677],[24.5263807,44.7064566],[24.5262132,44.7066627],[24.5260236,44.7071656],[24.5256938,44.7074228],[24.5255544,44.7077025],[24.5255475,44.7078303],[24.5260338,44.7084758],[24.5261123,44.7086843],[24.5260767,44.7088311],[24.5257301,44.7091929],[24.5256343,44.7095979],[24.5259642,44.7099514],[24.5262426,44.710488],[24.5261634,44.7106739],[24.5260138,44.7108343],[24.5257085,44.7110344],[24.5255375,44.7112148],[24.5255845,44.7116328],[24.5258827,44.711936],[24.5249791,44.7117656],[24.5247342,44.7116365],[24.5245383,44.7112918],[24.5246651,44.7108406],[24.5246768,44.7105709],[24.5240127,44.709911],[24.5150496,44.6977352],[24.5138005,44.6978053],[24.5135191,44.6980994],[24.5135697,44.6992388],[24.5133259,44.6996957],[24.5126634,44.7001567],[24.5123119,44.7004627],[24.5114196,44.7005029],[24.5099622,44.6998999],[24.4983474,44.6989665],[24.482119,44.6962131],[24.4813652,44.6983321],[24.4808265,44.6989481],[24.4808456,44.7003851],[24.4908367,44.71873],[24.4909978,44.7192514],[24.4913095,44.7209682],[24.4913342,44.7214752],[24.4910156,44.7237958],[24.4841108,44.7234654],[24.4833888,44.7272172],[24.4833169,44.728508],[24.4828757,44.7289087],[24.4824105,44.7296212],[24.4820487,44.730703],[24.4836608,44.7342193],[24.4914439,44.7380357],[24.4874732,44.7388376],[24.485621,44.7392113],[24.4808683,44.74017],[24.4692671,44.7421817],[24.4673714,44.7419892],[24.4669827,44.7421341],[24.4667462,44.7424119],[24.4664982,44.7424046],[24.4659352,44.7422638],[24.4654727,44.7422235],[24.4652917,44.7421103],[24.4647223,44.7419471],[24.4646839,44.7418499],[24.4647847,44.7417106],[24.4650185,44.7416296],[24.4653511,44.7416107],[24.4654904,44.7415573],[24.4652966,44.7412785],[24.4652621,44.7410489],[24.4653741,44.7408257],[24.4657076,44.7404395],[24.4657167,44.7403108],[24.4656521,44.7402154],[24.4632444,44.7396098],[24.4624637,44.7391213],[24.4615224,44.7387233],[24.4608497,44.7384894],[24.4600924,44.7382937],[24.4591436,44.7368851],[24.4588179,44.7366445],[24.4568952,44.7353414],[24.4565659,44.7350529],[24.4558492,44.7348743],[24.454669,44.7343667],[24.4542739,44.7341374],[24.4541339,44.7339763],[24.4546684,44.7330205],[24.4530831,44.7320475],[24.4526585,44.7318663],[24.4518957,44.7313696],[24.4519052,44.7312614],[24.4524752,44.730626],[24.452978,44.7303276],[24.4534577,44.7302055],[24.4537207,44.7298669],[24.453793,44.7296381],[24.453778,44.728435],[24.4536667,44.7279806],[24.4533639,44.7273653],[24.4521072,44.7257458],[24.4520492,44.7255467],[24.4522233,44.725358],[24.4522755,44.7251949],[24.4520439,44.7248121],[24.4516319,44.7244185],[24.4513116,44.7237299],[24.4506153,44.7232517],[24.4502167,44.7228852],[24.4499253,44.7227731],[24.44968,44.7227925],[24.4487389,44.7227102],[24.4460579,44.7224008],[24.4446415,44.7220892],[24.443449,44.7216727],[24.4431957,44.721546],[24.4428536,44.7212542],[24.4423,44.7209011],[24.4414376,44.7201945],[24.4403388,44.7194343],[24.4393289,44.7188118],[24.4375984,44.7178858],[24.4368038,44.7181476],[24.4361243,44.71841],[24.434203,44.7182847],[24.4331725,44.7183097],[24.4330322,44.7182184],[24.4329948,44.7180608],[24.4332941,44.7172695],[24.4334512,44.7172444],[24.4338422,44.7172842],[24.4341345,44.717404],[24.4342098,44.716969],[24.4338777,44.7168854],[24.4334973,44.7168644],[24.4326538,44.7169458],[24.4325455,44.7168906],[24.4325348,44.7168072],[24.4326657,44.7167488],[24.4324061,44.7167162],[24.4322269,44.716455],[24.4318484,44.7164886],[24.4316334,44.7165574],[24.4311071,44.716847],[24.4306691,44.7170178],[24.4300038,44.7173946],[24.4297455,44.7174696],[24.4296109,44.7174377],[24.4295608,44.7173595],[24.4298956,44.7169739],[24.4304867,44.7165944],[24.4306875,44.7163198],[24.4311256,44.7159724],[24.4316542,44.7156483],[24.4317768,44.7157372],[24.432023,44.7155725],[24.4319146,44.7154882],[24.433221,44.714732],[24.4333344,44.7149452],[24.4337248,44.7148383],[24.433629,44.7146345],[24.434082,44.7146584],[24.4344635,44.7146083],[24.4348546,44.7144243],[24.4351925,44.7141169],[24.4353386,44.7143061],[24.4356923,44.7141512],[24.4355032,44.7139315],[24.436034,44.7137454],[24.4361749,44.7136153],[24.4362316,44.7129603],[24.4359601,44.712554],[24.4357646,44.7126205],[24.4356175,44.7125357],[24.4356426,44.7118291],[24.4352417,44.711694],[24.4348434,44.7117766],[24.432839,44.7117944],[24.4317356,44.7117499],[24.4309962,44.7126747],[24.4306601,44.7128954],[24.4302874,44.7133011],[24.429939,44.7133552],[24.4304952,44.7122282],[24.4307858,44.711919],[24.4308221,44.711745],[24.4307698,44.7116658],[24.4286692,44.7116211],[24.4285455,44.7115681],[24.4288945,44.7113427],[24.4294356,44.7112649],[24.429638,44.7111796],[24.4297869,44.711041],[24.4306516,44.7111062],[24.4315157,44.7107529],[24.4320644,44.7106654],[24.4329451,44.7106762],[24.4330746,44.7106309],[24.4330921,44.710488],[24.4333789,44.7103481],[24.434724,44.7104814],[24.4348333,44.7103477],[24.4351216,44.709635],[24.4352797,44.7094357],[24.4356198,44.7086322],[24.4356126,44.7079828],[24.4357535,44.7073738],[24.435774,44.7069315],[24.4361606,44.7059592],[24.4361697,44.7057142],[24.4360697,44.7054791],[24.4358812,44.7053767],[24.4356097,44.7053169],[24.4345765,44.7054325],[24.4337654,44.7056752],[24.4336594,44.7057757],[24.4336413,44.7060332],[24.4328484,44.7068929],[24.4316492,44.70748],[24.4314138,44.7073993],[24.4315292,44.7073734],[24.4316498,44.7072587],[24.4318967,44.7068957],[24.4323078,44.7065268],[24.4324099,44.7063336],[24.4324487,44.7058387],[24.4323396,44.705699],[24.4322178,44.70565],[24.4317621,44.7056379],[24.4317374,44.7054623],[24.4318378,44.7053018],[24.4320694,44.7052159],[24.4324515,44.7051542],[24.432902,44.7049501],[24.433229,44.7047476],[24.4344907,44.7041958],[24.4345972,44.7040241],[24.4351993,44.7037738],[24.4358783,44.7035764],[24.4361414,44.7035696],[24.4367973,44.7033625],[24.4372942,44.7032638],[24.4382702,44.7031715],[24.4386295,44.7030822],[24.4392616,44.7030162],[24.4387747,44.7025201],[24.4386265,44.7025194],[24.438554,44.7023605],[24.4381225,44.7019871],[24.438077,44.7016103],[24.4376662,44.7012177],[24.4375614,44.701044],[24.4365257,44.701191],[24.434295,44.7013872],[24.4335146,44.7015003],[24.4333525,44.7016516],[24.4320238,44.7019025],[24.4329758,44.7009789],[24.4331618,44.7008316],[24.4332693,44.7008887],[24.4335226,44.7006304],[24.4332689,44.7004896],[24.433531,44.7003074],[24.4353335,44.6996456],[24.4354778,44.6994609],[24.4358725,44.6994229],[24.4358475,44.6991654],[24.4355526,44.6991957],[24.4352592,44.6991181],[24.4327546,44.6988175],[24.4340164,44.6981198],[24.4345159,44.6979158],[24.4347315,44.6977448],[24.4346645,44.6973086],[24.4347653,44.6970439],[24.4343286,44.6965648],[24.4342564,44.6963788],[24.4338743,44.6961404],[24.433688,44.6959462],[24.4335567,44.6955135],[24.4331178,44.6949875],[24.4330644,44.6948348],[24.4332062,44.6946267],[24.4331297,44.6943194],[24.4331426,44.6938523],[24.4333819,44.693488],[24.4330267,44.6937003],[24.4328145,44.6941398],[24.4327005,44.6941534],[24.4325574,44.6943044],[24.4325181,44.6942909],[24.431609,44.6951889],[24.4310783,44.6955956],[24.4308877,44.6955962],[24.4309428,44.6944127],[24.431146,44.6938839],[24.4313505,44.6930212],[24.4309915,44.6927581],[24.4308611,44.6921966],[24.4310327,44.691948],[24.4319861,44.6911046],[24.4320865,44.6909662],[24.4321279,44.6906379],[24.4319216,44.6902518],[24.4318154,44.6901914],[24.4303108,44.6899956],[24.430076,44.6898963],[24.4299985,44.6897536],[24.4300624,44.6896369],[24.4302095,44.6895479],[24.4325903,44.6884923],[24.4329883,44.6882693],[24.4332277,44.6882351],[24.4329992,44.6881103],[24.4321632,44.6878978],[24.4319295,44.6877786],[24.4313107,44.6872687],[24.4311199,44.687287],[24.4305979,44.6872358],[24.428515,44.686975],[24.4278754,44.686848],[24.4274241,44.6866886],[24.4266331,44.6862087],[24.425502,44.6853631],[24.4242521,44.6846005],[24.4232997,44.6842324],[24.4223677,44.6838066],[24.4216274,44.6833915],[24.4212229,44.6830031],[24.4206748,44.6825859],[24.4204021,44.6821691],[24.4196105,44.6813234],[24.4190927,44.6796818],[24.4191426,44.6791846],[24.4189264,44.6788868],[24.418913,44.6787269],[24.4191823,44.67821],[24.4192107,44.6778531],[24.4188273,44.6769125],[24.4180073,44.6762073],[24.4175606,44.6759228],[24.4170721,44.6757058],[24.4164375,44.6755391],[24.4160859,44.6754952],[24.4159831,44.6753887],[24.4159659,44.6752768],[24.4161211,44.6750279],[24.4159392,44.6745981],[24.4159984,44.6740987],[24.4154952,44.6737305],[24.4150574,44.6732984],[24.4147342,44.6728681],[24.4146283,44.672636],[24.4146274,44.6722848],[24.415405,44.6716099],[24.4149109,44.6713967],[24.4142406,44.6712449],[24.4136188,44.6713071],[24.4126551,44.6715405],[24.4125877,44.6714726],[24.4138979,44.6709398],[24.414516,44.6707627],[24.414619,44.6706878],[24.4157291,44.6703957],[24.4166937,44.6700673],[24.4170399,44.6698147],[24.4174696,44.6696608],[24.4181242,44.669295],[24.4186531,44.6691486],[24.4188096,44.6689832],[24.4191008,44.6688063],[24.4196482,44.668657],[24.420955,44.6680626],[24.4219698,44.6677615],[24.423536,44.6676063],[24.4239885,44.6673123],[24.4251371,44.6669619],[24.427391,44.6660725],[24.4252748,44.6651778],[24.4349281,44.661841],[24.4368465,44.6613721],[24.437037,44.6604118],[24.4369641,44.6601874],[24.4367139,44.6598806],[24.4365413,44.6597508],[24.4364579,44.6593827],[24.4359105,44.6585372],[24.4357975,44.6582724],[24.4357954,44.6577995],[24.4360961,44.6568614],[24.4361211,44.6561695],[24.4359729,44.6559471],[24.4353612,44.6555876],[24.4351523,44.6554047],[24.4348369,44.6548926],[24.4347883,44.6546499],[24.4349407,44.6540081],[24.4347736,44.6530023],[24.439929,44.6501007],[24.4422889,44.6489054],[24.4423453,44.6487759],[24.4424635,44.648697],[24.4425866,44.6486789],[24.4442252,44.6477492],[24.4464512,44.6465745],[24.4471765,44.6462968],[24.4472927,44.6461743],[24.447309,44.6456049],[24.4470967,44.6452],[24.446598,44.6445613],[24.4463857,44.6438826],[24.446401,44.6435934],[24.4465913,44.6428843],[24.4465388,44.6423216],[24.4463568,44.6415802],[24.446375,44.6413675],[24.4464133,44.6411521],[24.4468003,44.6405873],[24.4470278,44.6396991],[24.4469895,44.6389965],[24.4468235,44.6384252]]]}},{"type":"Feature","properties":{"entity_id":"osm-r9744201","jurisdiction":"RO","display_name":"CUNGREA","display_type":"commune","admin_level":8,"tier":"local","legal_registry":"SIRUTA","legal_id":"126503","legal_type":"commune","parent_catalog_id":"osm-r2366978","osm_relation_id":9744201,"legal_identity_status":"reconciled","geometry_source":"OpenStreetMap","geometry_precision":"master_coordinate_fidelity"},"geometry":{"type":"Polygon","coordinates":[[[24.4436619,44.6362959],[24.4439916,44.6365748],[24.4446993,44.6374061],[24.4451512,44.637804],[24.4454379,44.6379044],[24.4458921,44.6379018],[24.4465026,44.6381756],[24.4467385,44.6383473],[24.4468235,44.6384252],[24.4469895,44.6389965],[24.4470278,44.6396991],[24.4468003,44.6405873],[24.4464133,44.6411521],[24.446375,44.6413675],[24.4463568,44.6415802],[24.4465388,44.6423216],[24.4465913,44.6428843],[24.446401,44.6435934],[24.4463857,44.6438826],[24.446598,44.6445613],[24.4470967,44.6452],[24.447309,44.6456049],[24.4472927,44.6461743],[24.4471765,44.6462968],[24.4464512,44.6465745],[24.4442252,44.6477492],[24.4425866,44.6486789],[24.4424635,44.648697],[24.4423453,44.6487759],[24.4422889,44.6489054],[24.439929,44.6501007],[24.4347736,44.6530023],[24.4349407,44.6540081],[24.4347883,44.6546499],[24.4348369,44.6548926],[24.4351523,44.6554047],[24.4353612,44.6555876],[24.4359729,44.6559471],[24.4361211,44.6561695],[24.4360961,44.6568614],[24.4357954,44.6577995],[24.4357975,44.6582724],[24.4359105,44.6585372],[24.4364579,44.6593827],[24.4365413,44.6597508],[24.4367139,44.6598806],[24.4369641,44.6601874],[24.437037,44.6604118],[24.4368465,44.6613721],[24.4349281,44.661841],[24.4252748,44.6651778],[24.427391,44.6660725],[24.4251371,44.6669619],[24.4239885,44.6673123],[24.423536,44.6676063],[24.4219698,44.6677615],[24.420955,44.6680626],[24.4196482,44.668657],[24.4191008,44.6688063],[24.4188096,44.6689832],[24.4186531,44.6691486],[24.4181242,44.669295],[24.4174696,44.6696608],[24.4170399,44.6698147],[24.4166937,44.6700673],[24.4157291,44.6703957],[24.414619,44.6706878],[24.414516,44.6707627],[24.4138979,44.6709398],[24.4125877,44.6714726],[24.4126551,44.6715405],[24.4136188,44.6713071],[24.4142406,44.6712449],[24.4149109,44.6713967],[24.415405,44.6716099],[24.4146274,44.6722848],[24.4146283,44.672636],[24.4147342,44.6728681],[24.4150574,44.6732984],[24.4154952,44.6737305],[24.4159984,44.6740987],[24.4159392,44.6745981],[24.4161211,44.6750279],[24.4159659,44.6752768],[24.4159831,44.6753887],[24.4160859,44.6754952],[24.4164375,44.6755391],[24.4170721,44.6757058],[24.4175606,44.6759228],[24.4180073,44.6762073],[24.4188273,44.6769125],[24.4192107,44.6778531],[24.4191823,44.67821],[24.418913,44.6787269],[24.4189264,44.6788868],[24.4191426,44.6791846],[24.4190927,44.6796818],[24.4196105,44.6813234],[24.4204021,44.6821691],[24.4206748,44.6825859],[24.4212229,44.6830031],[24.4216274,44.6833915],[24.4223677,44.6838066],[24.4232997,44.6842324],[24.4242521,44.6846005],[24.425502,44.6853631],[24.4266331,44.6862087],[24.4274241,44.6866886],[24.4278754,44.686848],[24.428515,44.686975],[24.4305979,44.6872358],[24.4311199,44.687287],[24.4313107,44.6872687],[24.4319295,44.6877786],[24.4321632,44.6878978],[24.4329992,44.6881103],[24.4332277,44.6882351],[24.4329883,44.6882693],[24.4325903,44.6884923],[24.4302095,44.6895479],[24.4300624,44.6896369],[24.4299985,44.6897536],[24.430076,44.6898963],[24.4303108,44.6899956],[24.4318154,44.6901914],[24.4319216,44.6902518],[24.4321279,44.6906379],[24.4320865,44.6909662],[24.4319861,44.6911046],[24.4310327,44.691948],[24.4308611,44.6921966],[24.4309915,44.6927581],[24.4313505,44.6930212],[24.431146,44.6938839],[24.4309428,44.6944127],[24.4308877,44.6955962],[24.4310783,44.6955956],[24.431609,44.6951889],[24.4325181,44.6942909],[24.4325574,44.6943044],[24.4327005,44.6941534],[24.4328145,44.6941398],[24.4330267,44.6937003],[24.4333819,44.693488],[24.4331426,44.6938523],[24.4331297,44.6943194],[24.4332062,44.6946267],[24.4330644,44.6948348],[24.4331178,44.6949875],[24.4335567,44.6955135],[24.433688,44.6959462],[24.4338743,44.6961404],[24.4342564,44.6963788],[24.4343286,44.6965648],[24.4347653,44.6970439],[24.4346645,44.6973086],[24.4347315,44.6977448],[24.4345159,44.6979158],[24.4340164,44.6981198],[24.4327546,44.6988175],[24.4352592,44.6991181],[24.4355526,44.6991957],[24.4358475,44.6991654],[24.4358725,44.6994229],[24.4354778,44.6994609],[24.4353335,44.6996456],[24.433531,44.7003074],[24.4332689,44.7004896],[24.4335226,44.7006304],[24.4332693,44.7008887],[24.4331618,44.7008316],[24.4329758,44.7009789],[24.4320238,44.7019025],[24.4333525,44.7016516],[24.4335146,44.7015003],[24.434295,44.7013872],[24.4365257,44.701191],[24.4375614,44.701044],[24.4376662,44.7012177],[24.438077,44.7016103],[24.4381225,44.7019871],[24.438554,44.7023605],[24.4386265,44.7025194],[24.4387747,44.7025201],[24.4392616,44.7030162],[24.4386295,44.7030822],[24.4382702,44.7031715],[24.4372942,44.7032638],[24.4367973,44.7033625],[24.4361414,44.7035696],[24.4358783,44.7035764],[24.4351993,44.7037738],[24.4345972,44.7040241],[24.4344907,44.7041958],[24.433229,44.7047476],[24.432902,44.7049501],[24.4324515,44.7051542],[24.4320694,44.7052159],[24.4318378,44.7053018],[24.4317374,44.7054623],[24.4317621,44.7056379],[24.4322178,44.70565],[24.4323396,44.705699],[24.4324487,44.7058387],[24.4324099,44.7063336],[24.4323078,44.7065268],[24.4318967,44.7068957],[24.4316498,44.7072587],[24.4315292,44.7073734],[24.4314138,44.7073993],[24.4316492,44.70748],[24.4328484,44.7068929],[24.4336413,44.7060332],[24.4336594,44.7057757],[24.4337654,44.7056752],[24.4345765,44.7054325],[24.4356097,44.7053169],[24.4358812,44.7053767],[24.4360697,44.7054791],[24.4361697,44.7057142],[24.4361606,44.7059592],[24.435774,44.7069315],[24.4357535,44.7073738],[24.4356126,44.7079828],[24.4356198,44.7086322],[24.4352797,44.7094357],[24.4351216,44.709635],[24.4348333,44.7103477],[24.434724,44.7104814],[24.4333789,44.7103481],[24.4330921,44.710488],[24.4330746,44.7106309],[24.4329451,44.7106762],[24.4320644,44.7106654],[24.4315157,44.7107529],[24.4306516,44.7111062],[24.4297869,44.711041],[24.429638,44.7111796],[24.4294356,44.7112649],[24.4288945,44.7113427],[24.4285455,44.7115681],[24.4286692,44.7116211],[24.4307698,44.7116658],[24.4308221,44.711745],[24.4307858,44.711919],[24.4304952,44.7122282],[24.429939,44.7133552],[24.4302874,44.7133011],[24.4306601,44.7128954],[24.4309962,44.7126747],[24.4317356,44.7117499],[24.432839,44.7117944],[24.4348434,44.7117766],[24.4352417,44.711694],[24.4356426,44.7118291],[24.4356175,44.7125357],[24.4357646,44.7126205],[24.4359601,44.712554],[24.4362316,44.7129603],[24.4361749,44.7136153],[24.436034,44.7137454],[24.4355032,44.7139315],[24.4356923,44.7141512],[24.4353386,44.7143061],[24.4351925,44.7141169],[24.4348546,44.7144243],[24.4344635,44.7146083],[24.434082,44.7146584],[24.433629,44.7146345],[24.4337248,44.7148383],[24.4333344,44.7149452],[24.433221,44.714732],[24.4319146,44.7154882],[24.432023,44.7155725],[24.4317768,44.7157372],[24.4316542,44.7156483],[24.4311256,44.7159724],[24.4306875,44.7163198],[24.4304867,44.7165944],[24.4298956,44.7169739],[24.4295608,44.7173595],[24.4296109,44.7174377],[24.4297455,44.7174696],[24.4300038,44.7173946],[24.4306691,44.7170178],[24.4311071,44.716847],[24.4316334,44.7165574],[24.4318484,44.7164886],[24.4322269,44.716455],[24.4324061,44.7167162],[24.4326657,44.7167488],[24.4325348,44.7168072],[24.4325455,44.7168906],[24.4326538,44.7169458],[24.4334973,44.7168644],[24.4338777,44.7168854],[24.4342098,44.716969],[24.4341345,44.717404],[24.4338422,44.7172842],[24.4334512,44.7172444],[24.4332941,44.7172695],[24.4329948,44.7180608],[24.4330322,44.7182184],[24.4331725,44.7183097],[24.434203,44.7182847],[24.4361243,44.71841],[24.4368038,44.7181476],[24.4375984,44.7178858],[24.4375284,44.7179709],[24.4371808,44.7184035],[24.4371122,44.7190011],[24.4365771,44.7192862],[24.4364216,44.7194241],[24.4361372,44.7213939],[24.4355507,44.7217959],[24.4352046,44.7221333],[24.4342587,44.7225082],[24.4340011,44.7227175],[24.4337454,44.7230366],[24.4313286,44.7225444],[24.4268783,44.7214332],[24.426572,44.7207086],[24.4249634,44.7200509],[24.4239823,44.7208517],[24.4238944,44.7210158],[24.423904,44.7212366],[24.4238377,44.721403],[24.4233884,44.7216903],[24.4227822,44.7218815],[24.4226344,44.7220668],[24.4228848,44.7223608],[24.423077,44.7224815],[24.4238363,44.7225839],[24.4243556,44.7228684],[24.4242879,44.723117],[24.4244135,44.7232271],[24.4247504,44.7233219],[24.4254054,44.7231118],[24.4258341,44.7233035],[24.4261022,44.7237564],[24.4261165,44.7238631],[24.4260113,44.7240213],[24.4254979,44.7243544],[24.4249013,44.7244909],[24.4246093,44.7245086],[24.4245243,44.7245574],[24.4244458,44.7247294],[24.4245403,44.7248831],[24.4246664,44.7249385],[24.4249695,44.7249701],[24.425382,44.7249371],[24.4259926,44.7251942],[24.4253667,44.7255687],[24.4256178,44.7258481],[24.4261591,44.7261265],[24.4254731,44.7260827],[24.4250894,44.725969],[24.424253,44.7258518],[24.4234282,44.7256632],[24.422996,44.72573],[24.4219544,44.7262395],[24.4222395,44.7267615],[24.4222497,44.727202],[24.4220877,44.7271985],[24.4217915,44.7270466],[24.421713,44.727355],[24.4213989,44.7274957],[24.4211008,44.7275345],[24.4202884,44.7277505],[24.4198794,44.7277749],[24.4193607,44.7279037],[24.4190616,44.7277962],[24.4189758,44.7276153],[24.4189974,44.7273045],[24.4189209,44.7266736],[24.4187891,44.7263489],[24.4185227,44.7260557],[24.4182188,44.725927],[24.4181638,44.7257687],[24.4178491,44.7256725],[24.4177305,44.7254444],[24.4175871,44.725368],[24.4175352,44.7252821],[24.4171902,44.7251983],[24.4169303,44.72498],[24.416656,44.725006],[24.4162781,44.7251261],[24.4161709,44.7251408],[24.4161156,44.7251008],[24.4161549,44.7250309],[24.4166621,44.7248352],[24.416732,44.7246891],[24.4166433,44.7245727],[24.4152414,44.7253473],[24.4148919,44.7256109],[24.4145013,44.7257096],[24.4130363,44.7257813],[24.4120213,44.7260176],[24.4102263,44.7262502],[24.4093511,44.7264226],[24.4092959,44.7263857],[24.4075154,44.7267364],[24.4078587,44.7270798],[24.4081691,44.7273002],[24.4085223,44.7277577],[24.4086009,44.7281505],[24.4085286,44.7283333],[24.4085489,44.7286188],[24.4084802,44.7287654],[24.4078927,44.7292206],[24.4077382,44.7293943],[24.4075694,44.7297243],[24.4075606,44.7302542],[24.4082985,44.7319564],[24.4085901,44.7323321],[24.4086865,44.7326905],[24.4091866,44.7331996],[24.4092622,44.7337813],[24.4092279,44.7340289],[24.4094509,44.7346617],[24.4097011,44.7348703],[24.4116041,44.7342036],[24.4118901,44.7342407],[24.4121755,44.7346911],[24.4133406,44.7361104],[24.4136631,44.7368024],[24.4140136,44.737181],[24.4141766,44.7375435],[24.4141381,44.7379029],[24.4147036,44.7382335],[24.4158073,44.7395128],[24.415981,44.7396563],[24.4164328,44.7398891],[24.4166908,44.7401157],[24.4172045,44.7407103],[24.4176072,44.7414345],[24.4179562,44.7418301],[24.4184604,44.7422493],[24.4190365,44.7425975],[24.4192252,44.7427626],[24.4171671,44.7437027],[24.4134512,44.745695],[24.4139827,44.7456838],[24.414662,44.7459031],[24.4151984,44.7461045],[24.4155013,44.7464212],[24.4158727,44.7462347],[24.416057,44.7465486],[24.4164173,44.7469758],[24.4168581,44.7471572],[24.4176897,44.7476171],[24.4188968,44.7480758],[24.4171316,44.7489967],[24.4170116,44.7489865],[24.4166147,44.7491349],[24.4144334,44.7507386],[24.4139034,44.7510623],[24.4136459,44.7511511],[24.4131211,44.7516731],[24.4125872,44.7520685],[24.4121792,44.7523177],[24.4107834,44.7530134],[24.4099917,44.753514],[24.4094224,44.7537789],[24.4077041,44.7541853],[24.4067703,44.7543543],[24.4055465,44.7544557],[24.4048221,44.7546625],[24.404135,44.7548007],[24.4036098,44.7550356],[24.4030443,44.7551722],[24.4028595,44.7550855],[24.4028053,44.7550068],[24.4027334,44.754639],[24.4024323,44.7544929],[24.4022108,44.7542933],[24.401715,44.7541252],[24.4012567,44.7538729],[24.4008691,44.7537729],[24.4003963,44.7533006],[24.4000015,44.7531956],[24.3985528,44.7531155],[24.3980518,44.7529338],[24.397994,44.7528383],[24.3977899,44.7528183],[24.3977316,44.7527772],[24.396935,44.7524106],[24.3969146,44.7521763],[24.3966415,44.7515814],[24.395203,44.7499132],[24.3949335,44.7494643],[24.3939434,44.7482762],[24.3932615,44.7473226],[24.3932228,44.7471139],[24.3929077,44.7467875],[24.3923824,44.7459471],[24.3916019,44.7452914],[24.3908314,44.7456321],[24.3904845,44.7457354],[24.3902437,44.7452],[24.3895134,44.7449355],[24.3891263,44.7449133],[24.3878978,44.7451137],[24.3875471,44.7451157],[24.3872281,44.7447088],[24.3870505,44.7445608],[24.3869897,44.7444245],[24.386831,44.7443265],[24.386272,44.7441487],[24.3861192,44.7440213],[24.3857176,44.7440524],[24.3853341,44.7442223],[24.3846495,44.7437608],[24.3840493,44.7437936],[24.383719,44.7437196],[24.3832015,44.7438051],[24.3828443,44.7436949],[24.3828664,44.7434537],[24.3827197,44.7433335],[24.3822407,44.7433198],[24.3819025,44.7432597],[24.3812788,44.7429344],[24.3811623,44.7424555],[24.3809302,44.7423847],[24.3808965,44.742256],[24.3807949,44.7421556],[24.3803539,44.7419391],[24.3803148,44.7418568],[24.3800651,44.741713],[24.3800701,44.7414829],[24.3799708,44.7414039],[24.3798981,44.7411769],[24.3796699,44.7409758],[24.3797437,44.7408551],[24.3795754,44.7406791],[24.3793489,44.7405494],[24.3794094,44.7399471],[24.3789643,44.7391017],[24.3788309,44.7390953],[24.3786965,44.7391779],[24.3784665,44.7394657],[24.3776578,44.7397718],[24.3722085,44.741202],[24.3720745,44.7405956],[24.3717771,44.7399556],[24.3713683,44.7386432],[24.3709937,44.7376724],[24.3710472,44.7373986],[24.3711708,44.7372612],[24.3712049,44.7371331],[24.3710596,44.7369318],[24.3707072,44.7367078],[24.3705834,44.7365263],[24.3704938,44.7360221],[24.3702576,44.7354484],[24.369644,44.7334374],[24.3694107,44.7329256],[24.3689292,44.7314177],[24.3685137,44.7306769],[24.3676043,44.7294341],[24.3654952,44.7262236],[24.3646288,44.7259127],[24.363959,44.7254036],[24.3628017,44.7246923],[24.3620746,44.7245001],[24.3608428,44.7238529],[24.3591082,44.7226084],[24.3590527,44.7225001],[24.358698,44.7225612],[24.3577438,44.7225771],[24.3559534,44.7224891],[24.3531279,44.7224464],[24.353017,44.7214494],[24.3567625,44.7204834],[24.3569437,44.72056],[24.3573075,44.7205851],[24.358363,44.720573],[24.3586122,44.7201324],[24.3586077,44.7198426],[24.3595955,44.7194332],[24.3595598,44.719125],[24.3572898,44.7112778],[24.3571939,44.7107955],[24.3570152,44.7104161],[24.3566556,44.7100755],[24.356501,44.7096896],[24.3565904,44.7092806],[24.3565868,44.7089614],[24.3561669,44.7079496],[24.356006,44.7073962],[24.3560335,44.7072376],[24.3562141,44.7071715],[24.3563082,44.7070759],[24.3561015,44.7067407],[24.3560819,44.706394],[24.3560003,44.7064104],[24.3558074,44.7063337],[24.3553205,44.7059989],[24.3549486,44.7058834],[24.3473886,44.7069992],[24.3473208,44.7066411],[24.3485585,44.7063165],[24.3485395,44.70621],[24.3487298,44.7061392],[24.3486412,44.7053539],[24.3484616,44.7045714],[24.347956,44.7043355],[24.3474539,44.7042061],[24.3469225,44.7041455],[24.346303,44.704208],[24.3464047,44.7035589],[24.3462988,44.7033375],[24.3461928,44.7031161],[24.3470772,44.6995406],[24.3471215,44.6994562],[24.3476072,44.6995099],[24.3481698,44.6961141],[24.3466765,44.6957102],[24.3456121,44.6956823],[24.3452258,44.6955196],[24.345148,44.695439],[24.3452774,44.6949425],[24.3452167,44.6943447],[24.3448145,44.6936125],[24.3444971,44.6932192],[24.3442075,44.6929689],[24.3434298,44.6926195],[24.3429144,44.6924401],[24.3426688,44.6922743],[24.3421926,44.6921111],[24.3416847,44.6917753],[24.3410365,44.6916692],[24.3405433,44.6915219],[24.3398647,44.6908603],[24.3397759,44.6902663],[24.3395836,44.689995],[24.3398975,44.6900264],[24.3403009,44.690185],[24.3406844,44.6902757],[24.3411102,44.690284],[24.3415969,44.690393],[24.3420885,44.6904283],[24.3427255,44.6904114],[24.3428736,44.6904801],[24.3432886,44.6905419],[24.3445689,44.6903047],[24.3454205,44.6898124],[24.3455155,44.6898498],[24.3462553,44.686727],[24.346615,44.6867798],[24.3475452,44.6835596],[24.3484712,44.6837776],[24.349387,44.6841969],[24.3500192,44.6846933],[24.3504115,44.685224],[24.3506922,44.6854266],[24.3508605,44.6854912],[24.3513004,44.6854618],[24.3516809,44.6853255],[24.3518853,44.6853137],[24.3527533,44.6854563],[24.3535983,44.6854855],[24.3554601,44.6860141],[24.3574967,44.6863391],[24.3589319,44.6864212],[24.3602297,44.6861815],[24.3603861,44.6861315],[24.3607587,44.6858791],[24.3610371,44.6858009],[24.3613863,44.6857873],[24.3614245,44.6859287],[24.361287,44.685956],[24.3613967,44.6862311],[24.3617389,44.6861642],[24.3616327,44.6858885],[24.3614711,44.6859196],[24.3614329,44.6857802],[24.363312,44.6853531],[24.3632629,44.6852635],[24.3631109,44.6853065],[24.362969,44.6850543],[24.3633205,44.6849606],[24.363462,44.6852115],[24.3633105,44.6852536],[24.3633276,44.6853151],[24.3638019,44.6853372],[24.3638041,44.6850804],[24.3641845,44.6850831],[24.3641756,44.6853581],[24.3650859,44.685204],[24.3664028,44.6848861],[24.3680732,44.6848231],[24.3681903,44.6847395],[24.3678004,44.6840698],[24.3674567,44.6841025],[24.367269,44.6840688],[24.3671734,44.6841597],[24.366866,44.6840092],[24.3670869,44.6837857],[24.3673938,44.6839446],[24.3672965,44.6840434],[24.3676038,44.6840648],[24.3677423,44.684011],[24.36747,44.6835713],[24.3660321,44.6829424],[24.3657771,44.682754],[24.3657476,44.6826091],[24.3659196,44.682367],[24.3659946,44.6824078],[24.3672785,44.6810972],[24.3676449,44.6808404],[24.3682925,44.6805336],[24.3683718,44.680434],[24.3683648,44.6803114],[24.3694902,44.6777729],[24.3694502,44.6764697],[24.36958,44.6761896],[24.3695902,44.6759825],[24.3698261,44.675553],[24.3700293,44.6749867],[24.3701775,44.6742285],[24.370102,44.6741353],[24.3693973,44.6740031],[24.3662591,44.673884],[24.3667181,44.6711174],[24.3674044,44.6712448],[24.369126,44.6711287],[24.370756,44.67131],[24.3704234,44.6702533],[24.3704577,44.669986],[24.3703742,44.6696221],[24.3703525,44.6688621],[24.370173,44.6683506],[24.3697731,44.6667541],[24.3693254,44.6661179],[24.369069,44.6658837],[24.3686484,44.6656244],[24.3679415,44.6653876],[24.3676903,44.6652416],[24.3674171,44.664612],[24.367385,44.6641207],[24.367089,44.6636878],[24.3669638,44.6632291],[24.3669841,44.6629927],[24.3671318,44.6626012],[24.3674423,44.6621427],[24.3680296,44.6615923],[24.3685567,44.6606385],[24.3687026,44.6601878],[24.3688181,44.6592987],[24.3689318,44.6588734],[24.3688429,44.65856],[24.3684416,44.6580347],[24.368321,44.6577812],[24.3682259,44.6572157],[24.3682454,44.6567777],[24.3684004,44.6560871],[24.3686545,44.655689],[24.3693494,44.6536111],[24.369563,44.6532188],[24.3696001,44.6530782],[24.3695083,44.6528203],[24.3695196,44.6526372],[24.3696366,44.6522486],[24.3695791,44.6521268],[24.3691342,44.6518946],[24.3690146,44.6513127],[24.3688071,44.6507402],[24.3686279,44.6505616],[24.3686735,44.6503942],[24.3686278,44.6501272],[24.3679265,44.6499213],[24.3676416,44.6497563],[24.3666083,44.6494143],[24.3665784,44.649471],[24.3657588,44.6491443],[24.3644906,44.6487255],[24.3627533,44.6482805],[24.362398,44.6487732],[24.3622637,44.6491659],[24.362177,44.6491778],[24.3621878,44.6489802],[24.3625067,44.6482157],[24.3617125,44.6478218],[24.3616401,44.6476934],[24.3570108,44.6460636],[24.3546987,44.6453512],[24.3555235,44.644694],[24.3558113,44.6445263],[24.3584669,44.642196],[24.3610145,44.640045],[24.3625129,44.6389014],[24.3634365,44.6385064],[24.364042,44.638454],[24.3644454,44.6383682],[24.3660624,44.6373442],[24.3663736,44.637201],[24.3667977,44.6370799],[24.3725193,44.6357961],[24.3725283,44.6357355],[24.3729335,44.6356382],[24.3744433,44.6354588],[24.3777245,44.6352021],[24.3777293,44.6350677],[24.3778309,44.6350682],[24.3778244,44.634927],[24.3779379,44.6349251],[24.3779409,44.6347808],[24.3777845,44.6347799],[24.3777815,44.6345648],[24.3780994,44.6345645],[24.3781046,44.6345049],[24.378477,44.6346009],[24.3785155,44.6345664],[24.3783591,44.6343213],[24.3781485,44.634214],[24.3779022,44.6339695],[24.3785344,44.6338578],[24.3785843,44.633494],[24.3787743,44.6332224],[24.3792146,44.6328699],[24.3806115,44.6323276],[24.3811432,44.6323108],[24.3814439,44.6325869],[24.3806777,44.6328052],[24.3803566,44.6328367],[24.3799813,44.6327968],[24.3795077,44.6329355],[24.3791854,44.6331805],[24.3792025,44.6332439],[24.3793173,44.6333047],[24.3792334,44.6334611],[24.3793003,44.6335367],[24.3793874,44.6335376],[24.3796472,44.6332834],[24.3803947,44.6332196],[24.3808141,44.6332258],[24.3806886,44.6333392],[24.3806766,44.6334263],[24.3807824,44.6334934],[24.3829355,44.6334548],[24.3829976,44.6336611],[24.3826708,44.6336821],[24.3823209,44.6338172],[24.382116,44.63379],[24.3815504,44.6339693],[24.3812809,44.6348215],[24.3814138,44.634986],[24.3858579,44.6345772],[24.3860901,44.6345933],[24.3861638,44.6346439],[24.3863113,44.6348371],[24.3868793,44.6353419],[24.3876721,44.6353476],[24.3879836,44.6354409],[24.3889373,44.6353581],[24.3894741,44.6352215],[24.3901345,44.6351516],[24.3920656,44.6350208],[24.3932713,44.6348873],[24.3930777,44.6346447],[24.3931709,44.6345896],[24.3944298,44.6344353],[24.396144,44.634149],[24.3967619,44.6340334],[24.3967448,44.6339552],[24.3969352,44.6339178],[24.3973225,44.6339173],[24.3989822,44.6337462],[24.3998345,44.6337158],[24.3986225,44.6325174],[24.3979669,44.6320199],[24.4002988,44.6311518],[24.4001104,44.6319513],[24.400131,44.6327018],[24.4004975,44.6331383],[24.4007035,44.6336131],[24.4012467,44.6338838],[24.4016586,44.6343541],[24.4022024,44.6342524],[24.4036257,44.6338336],[24.4037242,44.633768],[24.4037358,44.6336433],[24.4035166,44.6329525],[24.4036103,44.6328483],[24.4038455,44.6327412],[24.4038317,44.632698],[24.4030352,44.6328837],[24.401355,44.6334128],[24.4012522,44.6334013],[24.4012019,44.6332963],[24.4012334,44.6322337],[24.402563,44.6317781],[24.4028746,44.6317448],[24.4045048,44.6321829],[24.4047914,44.632206],[24.4049309,44.6321553],[24.4048525,44.6320208],[24.4035283,44.6313136],[24.4021762,44.6303777],[24.4021031,44.6302396],[24.4022458,44.6298676],[24.4022624,44.6295133],[24.4021687,44.6291665],[24.4026342,44.6289303],[24.4028222,44.6289129],[24.4036275,44.6286436],[24.403719,44.6286552],[24.4039795,44.6288885],[24.4041224,44.6295862],[24.4046583,44.6306407],[24.4050414,44.630975],[24.405229,44.631073],[24.4065725,44.6306744],[24.4065092,44.6310688],[24.4069931,44.6309344],[24.4081734,44.630484],[24.4091681,44.6300316],[24.4092164,44.6299412],[24.4088604,44.6295373],[24.4096379,44.6290956],[24.4098266,44.6289644],[24.4099471,44.6287932],[24.4098387,44.6285734],[24.4094241,44.6283692],[24.4091105,44.6282714],[24.4066492,44.6293711],[24.406545,44.6289934],[24.4082163,44.6282573],[24.4081456,44.6282451],[24.4092169,44.6277469],[24.4098976,44.6274812],[24.4096993,44.6272532],[24.409493,44.627264],[24.4092149,44.6271808],[24.4089878,44.627193],[24.408878,44.6271344],[24.4087101,44.6268601],[24.4087393,44.626807],[24.4084386,44.6263965],[24.4087981,44.6261794],[24.408884,44.6262103],[24.4090752,44.6261833],[24.4093461,44.6259093],[24.4098577,44.6256952],[24.4101116,44.6256933],[24.4101984,44.625748],[24.4104538,44.6257428],[24.4110373,44.6258597],[24.4111567,44.6259913],[24.4111079,44.6261638],[24.4112587,44.6261984],[24.4113942,44.6261798],[24.4114847,44.6260896],[24.4115295,44.6257718],[24.4117676,44.6263629],[24.4117642,44.6264949],[24.411647,44.6268315],[24.4109937,44.6280758],[24.4113989,44.6284076],[24.4116984,44.6288417],[24.4117954,44.6296065],[24.4119216,44.629926],[24.4118804,44.6301279],[24.4114922,44.6306433],[24.4114509,44.6309145],[24.4110335,44.6318544],[24.4110571,44.6320205],[24.4113478,44.6323935],[24.4123376,44.6334641],[24.4137816,44.6328997],[24.4143219,44.6326324],[24.414784,44.6328821],[24.4157114,44.6335033],[24.4158797,44.6337125],[24.4190317,44.6355061],[24.420619,44.6365153],[24.4214712,44.6371489],[24.4219664,44.6374503],[24.4221646,44.637487],[24.4223464,44.6374513],[24.4232644,44.6370094],[24.4243934,44.6365384],[24.4269974,44.6355597],[24.4282085,44.6352003],[24.4289209,44.6351106],[24.4295003,44.6349754],[24.429518,44.635099],[24.4293719,44.6352618],[24.4289211,44.6355127],[24.4296523,44.6353381],[24.4316478,44.6352111],[24.4329416,44.6353259],[24.4341176,44.6353002],[24.4344497,44.6353979],[24.4345883,44.6353908],[24.4361632,44.6356921],[24.4363953,44.6357436],[24.4365064,44.6359109],[24.4366985,44.6360327],[24.4369978,44.6363541],[24.4370163,44.6366049],[24.4368718,44.6367955],[24.4421673,44.6377047],[24.4431151,44.6369673],[24.4436219,44.6363948],[24.4436619,44.6362959]]]}},{"type":"Feature","properties":{"entity_id":"osm-r9744202","jurisdiction":"RO","display_name":"VERGULEASA","display_type":"commune","admin_level":8,"tier":"local","legal_registry":"SIRUTA","legal_id":"129816","legal_type":"commune","parent_catalog_id":"osm-r2366978","osm_relation_id":9744202,"legal_identity_status":"reconciled","geometry_source":"OpenStreetMap","geometry_precision":"master_coordinate_fidelity"},"geometry":{"type":"Polygon","coordinates":[[[24.3979669,44.6320199],[24.3986225,44.6325174],[24.3998345,44.6337158],[24.3989822,44.6337462],[24.3973225,44.6339173],[24.3969352,44.6339178],[24.3967448,44.6339552],[24.3967619,44.6340334],[24.396144,44.634149],[24.3944298,44.6344353],[24.3931709,44.6345896],[24.3930777,44.6346447],[24.3932713,44.6348873],[24.3920656,44.6350208],[24.3901345,44.6351516],[24.3894741,44.6352215],[24.3889373,44.6353581],[24.3879836,44.6354409],[24.3876721,44.6353476],[24.3868793,44.6353419],[24.3863113,44.6348371],[24.3861638,44.6346439],[24.3860901,44.6345933],[24.3858579,44.6345772],[24.3814138,44.634986],[24.3812809,44.6348215],[24.3815504,44.6339693],[24.382116,44.63379],[24.3823209,44.6338172],[24.3826708,44.6336821],[24.3829976,44.6336611],[24.3829355,44.6334548],[24.3807824,44.6334934],[24.3806766,44.6334263],[24.3806886,44.6333392],[24.3808141,44.6332258],[24.3803947,44.6332196],[24.3796472,44.6332834],[24.3793874,44.6335376],[24.3793003,44.6335367],[24.3792334,44.6334611],[24.3793173,44.6333047],[24.3792025,44.6332439],[24.3791854,44.6331805],[24.3795077,44.6329355],[24.3799813,44.6327968],[24.3803566,44.6328367],[24.3806777,44.6328052],[24.3814439,44.6325869],[24.3811432,44.6323108],[24.3806115,44.6323276],[24.3792146,44.6328699],[24.3787743,44.6332224],[24.3785843,44.633494],[24.3785344,44.6338578],[24.3779022,44.6339695],[24.3781485,44.634214],[24.3783591,44.6343213],[24.3785155,44.6345664],[24.378477,44.6346009],[24.3781046,44.6345049],[24.3780994,44.6345645],[24.3777815,44.6345648],[24.3777845,44.6347799],[24.3779409,44.6347808],[24.3779379,44.6349251],[24.3778244,44.634927],[24.3778309,44.6350682],[24.3777293,44.6350677],[24.3777245,44.6352021],[24.3744433,44.6354588],[24.3729335,44.6356382],[24.3725283,44.6357355],[24.3725193,44.6357961],[24.3667977,44.6370799],[24.3663736,44.637201],[24.3660624,44.6373442],[24.3644454,44.6383682],[24.364042,44.638454],[24.3634365,44.6385064],[24.3625129,44.6389014],[24.3610145,44.640045],[24.3584669,44.642196],[24.3558113,44.6445263],[24.3555235,44.644694],[24.3546987,44.6453512],[24.3570108,44.6460636],[24.3616401,44.6476934],[24.3617125,44.6478218],[24.3625067,44.6482157],[24.3621878,44.6489802],[24.362177,44.6491778],[24.3622637,44.6491659],[24.362398,44.6487732],[24.3627533,44.6482805],[24.3644906,44.6487255],[24.3657588,44.6491443],[24.3665784,44.649471],[24.3666083,44.6494143],[24.3676416,44.6497563],[24.3679265,44.6499213],[24.3686278,44.6501272],[24.3686735,44.6503942],[24.3686279,44.6505616],[24.3688071,44.6507402],[24.3690146,44.6513127],[24.3691342,44.6518946],[24.3695791,44.6521268],[24.3696366,44.6522486],[24.3695196,44.6526372],[24.3695083,44.6528203],[24.3696001,44.6530782],[24.369563,44.6532188],[24.3693494,44.6536111],[24.3686545,44.655689],[24.3684004,44.6560871],[24.3682454,44.6567777],[24.3682259,44.6572157],[24.368321,44.6577812],[24.3684416,44.6580347],[24.3688429,44.65856],[24.3689318,44.6588734],[24.3688181,44.6592987],[24.3687026,44.6601878],[24.3685567,44.6606385],[24.3680296,44.6615923],[24.3674423,44.6621427],[24.3671318,44.6626012],[24.3669841,44.6629927],[24.3669638,44.6632291],[24.367089,44.6636878],[24.367385,44.6641207],[24.3674171,44.664612],[24.3676903,44.6652416],[24.3679415,44.6653876],[24.3686484,44.6656244],[24.369069,44.6658837],[24.3693254,44.6661179],[24.3697731,44.6667541],[24.370173,44.6683506],[24.3703525,44.6688621],[24.3703742,44.6696221],[24.3704577,44.669986],[24.3704234,44.6702533],[24.370756,44.67131],[24.369126,44.6711287],[24.3674044,44.6712448],[24.3667181,44.6711174],[24.3662591,44.673884],[24.3693973,44.6740031],[24.370102,44.6741353],[24.3701775,44.6742285],[24.3700293,44.6749867],[24.3698261,44.675553],[24.3695902,44.6759825],[24.36958,44.6761896],[24.3694502,44.6764697],[24.3694902,44.6777729],[24.3683648,44.6803114],[24.3683718,44.680434],[24.3682925,44.6805336],[24.3676449,44.6808404],[24.3672785,44.6810972],[24.3659946,44.6824078],[24.3659196,44.682367],[24.3657476,44.6826091],[24.3657771,44.682754],[24.3660321,44.6829424],[24.36747,44.6835713],[24.3677423,44.684011],[24.3676038,44.6840648],[24.3672965,44.6840434],[24.3673938,44.6839446],[24.3670869,44.6837857],[24.366866,44.6840092],[24.3671734,44.6841597],[24.367269,44.6840688],[24.3674567,44.6841025],[24.3678004,44.6840698],[24.3681903,44.6847395],[24.3680732,44.6848231],[24.3664028,44.6848861],[24.3650859,44.685204],[24.3641756,44.6853581],[24.3641845,44.6850831],[24.3638041,44.6850804],[24.3638019,44.6853372],[24.3633276,44.6853151],[24.3633105,44.6852536],[24.363462,44.6852115],[24.3633205,44.6849606],[24.362969,44.6850543],[24.3631109,44.6853065],[24.3632629,44.6852635],[24.363312,44.6853531],[24.3614329,44.6857802],[24.3614711,44.6859196],[24.3616327,44.6858885],[24.3617389,44.6861642],[24.3613967,44.6862311],[24.361287,44.685956],[24.3614245,44.6859287],[24.3613863,44.6857873],[24.3610371,44.6858009],[24.3607587,44.6858791],[24.3603861,44.6861315],[24.3602297,44.6861815],[24.3589319,44.6864212],[24.3574967,44.6863391],[24.3554601,44.6860141],[24.3535983,44.6854855],[24.3527533,44.6854563],[24.3518853,44.6853137],[24.3516809,44.6853255],[24.3513004,44.6854618],[24.3508605,44.6854912],[24.3506922,44.6854266],[24.3504115,44.685224],[24.3500192,44.6846933],[24.349387,44.6841969],[24.3484712,44.6837776],[24.3475452,44.6835596],[24.346615,44.6867798],[24.3462553,44.686727],[24.3455155,44.6898498],[24.3454205,44.6898124],[24.3445689,44.6903047],[24.3432886,44.6905419],[24.3428736,44.6904801],[24.3427255,44.6904114],[24.3420885,44.6904283],[24.3415969,44.690393],[24.3411102,44.690284],[24.3406844,44.6902757],[24.3403009,44.690185],[24.3398975,44.6900264],[24.3395836,44.689995],[24.3397759,44.6902663],[24.3398647,44.6908603],[24.3405433,44.6915219],[24.3410365,44.6916692],[24.3416847,44.6917753],[24.3421926,44.6921111],[24.3426688,44.6922743],[24.3429144,44.6924401],[24.3434298,44.6926195],[24.3442075,44.6929689],[24.3444971,44.6932192],[24.3448145,44.6936125],[24.3452167,44.6943447],[24.3452774,44.6949425],[24.345148,44.695439],[24.3452258,44.6955196],[24.3456121,44.6956823],[24.3466765,44.6957102],[24.3481698,44.6961141],[24.3476072,44.6995099],[24.3471215,44.6994562],[24.3470772,44.6995406],[24.3461928,44.7031161],[24.3462988,44.7033375],[24.3464047,44.7035589],[24.3463343,44.7035695],[24.3461128,44.7035663],[24.3456211,44.7037337],[24.3452886,44.7035558],[24.3449523,44.7037157],[24.3445058,44.7037613],[24.3435038,44.7034291],[24.3431076,44.7032536],[24.3429723,44.7032386],[24.3427251,44.7032684],[24.3425445,44.7033951],[24.3419252,44.7034104],[24.3415034,44.7035443],[24.3411876,44.7034504],[24.3408101,44.7034285],[24.3406342,44.703296],[24.3405697,44.7029133],[24.3403364,44.7027672],[24.3401596,44.7025589],[24.3399604,44.7025691],[24.3395237,44.702805],[24.3394481,44.7027932],[24.3393637,44.7025174],[24.3381861,44.702333],[24.3379782,44.7022841],[24.3376207,44.7021106],[24.3375035,44.7021099],[24.3371417,44.7023104],[24.3370344,44.7022928],[24.3368892,44.7019208],[24.3354193,44.7010019],[24.3347048,44.7004612],[24.3340964,44.7002595],[24.3337119,44.7000107],[24.3310139,44.6994923],[24.328638,44.6991932],[24.3278495,44.6989467],[24.3271426,44.6987864],[24.3250029,44.6984072],[24.3233453,44.6981702],[24.3219688,44.6978859],[24.3186816,44.6973308],[24.3187165,44.6969896],[24.3174527,44.6967258],[24.316226,44.6963849],[24.3147483,44.6960573],[24.3147471,44.6955163],[24.3125247,44.6953145],[24.3128343,44.6958674],[24.3127527,44.6959227],[24.312799,44.6960939],[24.3128478,44.6962504],[24.3129735,44.6963787],[24.3113778,44.6960698],[24.3107115,44.6958676],[24.3101279,44.6957877],[24.3070471,44.6951703],[24.3050809,44.6947172],[24.3032298,44.6944482],[24.3009356,44.6942187],[24.2978086,44.6937711],[24.297617,44.6946786],[24.2883501,44.6929009],[24.2903803,44.6894387],[24.2909192,44.6880882],[24.2930252,44.6837221],[24.2950214,44.681026],[24.2976467,44.6776469],[24.2988243,44.675275],[24.2993513,44.6706093],[24.300208,44.6667078],[24.3016343,44.6620106],[24.3012941,44.6584554],[24.3011039,44.6560284],[24.3005021,44.6483502],[24.3012353,44.6417663],[24.3068552,44.6344424],[24.3095768,44.6326255],[24.3125947,44.6314941],[24.316074,44.6307256],[24.3197898,44.6245775],[24.3247316,44.6128972],[24.3247618,44.5990822],[24.3247629,44.5970745],[24.3315768,44.5981242],[24.3359525,44.5987332],[24.3410235,44.5996112],[24.3421436,44.5997103],[24.3434024,44.5999428],[24.3445277,44.6000621],[24.3447009,44.5999617],[24.3450443,44.5998995],[24.3463357,44.5999054],[24.3475222,44.5998005],[24.3479584,44.5997106],[24.3501658,44.5986143],[24.3530344,44.5965181],[24.3531737,44.5965678],[24.3533103,44.5968808],[24.3539062,44.5969376],[24.3542191,44.5968763],[24.3546596,44.5966987],[24.3560845,44.5964682],[24.3569645,44.5966152],[24.3578797,44.5966634],[24.3650988,44.596936],[24.3653063,44.596803],[24.3731688,44.5976729],[24.3731634,44.5977403],[24.3733193,44.5977841],[24.3760213,44.5984343],[24.3792295,44.599494],[24.3792898,44.599469],[24.3816273,44.6002791],[24.3819528,44.6003852],[24.3828382,44.6020377],[24.3831232,44.6028017],[24.3834836,44.6034772],[24.3847036,44.605071],[24.3863448,44.6073573],[24.3868741,44.6073197],[24.3894289,44.6073886],[24.3897663,44.6074337],[24.3905371,44.6077057],[24.3910533,44.607727],[24.3915453,44.6078011],[24.3920607,44.6079403],[24.3938499,44.6097812],[24.394274,44.6106266],[24.3959219,44.6126535],[24.3962882,44.6130395],[24.3979907,44.6145805],[24.3981795,44.6147985],[24.3983973,44.61505],[24.4006415,44.6166587],[24.401654,44.617525],[24.4001819,44.6184282],[24.3985688,44.6193399],[24.3969193,44.6201113],[24.3946044,44.6214419],[24.3932947,44.6221039],[24.3925939,44.6225599],[24.3909977,44.6233974],[24.3901582,44.6238975],[24.3920234,44.626359],[24.3926391,44.6272678],[24.3929257,44.6275675],[24.3953959,44.629796],[24.3968385,44.6309997],[24.3979347,44.6319899],[24.3979669,44.6320199]]]}},{"type":"Feature","properties":{"entity_id":"osm-r9744203","jurisdiction":"RO","display_name":"OPORELU","display_type":"commune","admin_level":8,"tier":"local","legal_registry":"SIRUTA","legal_id":"127858","legal_type":"commune","parent_catalog_id":"osm-r2366978","osm_relation_id":9744203,"legal_identity_status":"reconciled","geometry_source":"OpenStreetMap","geometry_precision":"master_coordinate_fidelity"},"geometry":{"type":"Polygon","coordinates":[[[24.4024549,44.5245117],[24.403672,44.520999],[24.4168151,44.5234031],[24.41685,44.5234074],[24.4169583,44.5234207],[24.4165756,44.5305866],[24.416692,44.5309238],[24.4191306,44.5345125],[24.4219417,44.5384703],[24.4336489,44.5384504],[24.4337841,44.538626],[24.4346709,44.5385451],[24.4359015,44.5385205],[24.4426624,44.5385405],[24.4441159,44.5386816],[24.4444692,44.5385927],[24.4455975,44.5386321],[24.4500859,44.5388551],[24.4515043,44.5389729],[24.4521076,44.5389466],[24.4642038,44.5394445],[24.4642567,44.53953],[24.4879396,44.5424814],[24.4884311,44.5425196],[24.488762,44.5428544],[24.4890621,44.5433054],[24.4890375,44.5434332],[24.4879182,44.5441116],[24.4873078,44.5446732],[24.486953,44.5455738],[24.4866679,44.5458057],[24.4862465,44.5459675],[24.485495,44.5459032],[24.4851257,44.5457963],[24.4846426,44.5458625],[24.4843596,44.546034],[24.4841306,44.5463849],[24.4838733,44.5465571],[24.4828825,44.5465944],[24.4812859,44.5467599],[24.4785909,44.5471869],[24.4774285,44.5475081],[24.4755799,44.5481115],[24.4749883,44.5483955],[24.4698037,44.5514805],[24.4695605,44.5516531],[24.4694986,44.5518144],[24.4697225,44.5526087],[24.4705365,44.5547088],[24.470561,44.5552682],[24.4711861,44.5560452],[24.4713359,44.5566122],[24.4715488,44.5570012],[24.4732277,44.5587569],[24.4744015,44.5597219],[24.4752069,44.5605559],[24.4774784,44.5625721],[24.4783493,44.5634652],[24.4791379,44.5643961],[24.4800424,44.5656922],[24.4806784,44.5664251],[24.481059,44.5670031],[24.4820954,44.5690465],[24.4821922,44.5699675],[24.4823428,44.5703285],[24.4822495,44.5704543],[24.4816094,44.5705705],[24.4810853,44.5707679],[24.480993,44.5709303],[24.4809513,44.5714506],[24.4807338,44.5716603],[24.4803987,44.5717574],[24.4795101,44.5718032],[24.4790735,44.5718864],[24.4787418,44.5720686],[24.4781039,44.572536],[24.477982,44.5726987],[24.4779565,44.572832],[24.4780908,44.5731132],[24.4780687,44.5732938],[24.4774451,44.5738774],[24.4772459,44.5742868],[24.4766519,44.575007],[24.4763766,44.5752602],[24.4761802,44.5759632],[24.4761858,44.5766545],[24.4760731,44.5769481],[24.4753024,44.5770676],[24.4748343,44.5773002],[24.4752195,44.5780702],[24.4747831,44.5787021],[24.4739799,44.5795206],[24.4740557,44.5800346],[24.4742933,44.5800521],[24.4744461,44.5801186],[24.4745171,44.5802815],[24.4746048,44.5810922],[24.474596,44.5813187],[24.4743981,44.5817748],[24.4744845,44.5820587],[24.4744594,44.5821585],[24.4741516,44.5823706],[24.4741171,44.5825683],[24.4741962,44.5827928],[24.4741523,44.5830165],[24.473917,44.5833633],[24.4738083,44.5837412],[24.4738935,44.5841205],[24.4744089,44.5849953],[24.4743266,44.5854182],[24.4740122,44.5857012],[24.4735621,44.5858776],[24.4730746,44.5860309],[24.4727654,44.5859994],[24.4721711,44.5861378],[24.471987,44.5864488],[24.4721901,44.5867616],[24.4730756,44.5872319],[24.4734656,44.5880107],[24.4735503,44.5884331],[24.4733178,44.5888223],[24.4727869,44.5892907],[24.4727408,44.5896419],[24.4731331,44.5904332],[24.4737858,44.5909625],[24.4741638,44.5917033],[24.4749135,44.5926785],[24.4761354,44.5934485],[24.4764632,44.5937263],[24.4769125,44.5947881],[24.4753554,44.5957432],[24.4753871,44.5962727],[24.4759748,44.5966104],[24.4761802,44.597806],[24.4769059,44.598781],[24.4772547,44.5995258],[24.4768191,44.6014089],[24.4757848,44.6028339],[24.4753118,44.6031795],[24.4742557,44.603677],[24.4711009,44.6044352],[24.4708591,44.6047248],[24.4706899,44.605195],[24.4707817,44.6060456],[24.4701735,44.6071413],[24.4701588,44.6080599],[24.4700306,44.6081243],[24.461739,44.6091253],[24.4624661,44.6115736],[24.4579882,44.611763],[24.4547487,44.611806],[24.4557528,44.6147778],[24.4569747,44.6180254],[24.4582085,44.6218838],[24.4583086,44.6219809],[24.4593894,44.6249071],[24.4596099,44.6257293],[24.4595796,44.6258401],[24.4594333,44.6258948],[24.4556763,44.6265037],[24.4507937,44.6279359],[24.4504014,44.6284973],[24.4461375,44.6336213],[24.4436737,44.6362587],[24.4436619,44.6362959],[24.4436219,44.6363948],[24.4431151,44.6369673],[24.4421673,44.6377047],[24.4368718,44.6367955],[24.4370163,44.6366049],[24.4369978,44.6363541],[24.4366985,44.6360327],[24.4365064,44.6359109],[24.4363953,44.6357436],[24.4361632,44.6356921],[24.4345883,44.6353908],[24.4344497,44.6353979],[24.4341176,44.6353002],[24.4329416,44.6353259],[24.4316478,44.6352111],[24.4296523,44.6353381],[24.4289211,44.6355127],[24.4293719,44.6352618],[24.429518,44.635099],[24.4295003,44.6349754],[24.4289209,44.6351106],[24.4282085,44.6352003],[24.4269974,44.6355597],[24.4243934,44.6365384],[24.4232644,44.6370094],[24.4223464,44.6374513],[24.4221646,44.637487],[24.4219664,44.6374503],[24.4214712,44.6371489],[24.420619,44.6365153],[24.4190317,44.6355061],[24.4158797,44.6337125],[24.4157114,44.6335033],[24.414784,44.6328821],[24.4143219,44.6326324],[24.4137816,44.6328997],[24.4123376,44.6334641],[24.4113478,44.6323935],[24.4110571,44.6320205],[24.4110335,44.6318544],[24.4114509,44.6309145],[24.4114922,44.6306433],[24.4118804,44.6301279],[24.4119216,44.629926],[24.4117954,44.6296065],[24.4116984,44.6288417],[24.4113989,44.6284076],[24.4109937,44.6280758],[24.411647,44.6268315],[24.4117642,44.6264949],[24.4117676,44.6263629],[24.4115295,44.6257718],[24.4114847,44.6260896],[24.4113942,44.6261798],[24.4112587,44.6261984],[24.4111079,44.6261638],[24.4111567,44.6259913],[24.4110373,44.6258597],[24.4104538,44.6257428],[24.4101984,44.625748],[24.4101116,44.6256933],[24.4098577,44.6256952],[24.4093461,44.6259093],[24.4090752,44.6261833],[24.408884,44.6262103],[24.4087981,44.6261794],[24.4084386,44.6263965],[24.4087393,44.626807],[24.4087101,44.6268601],[24.408878,44.6271344],[24.4089878,44.627193],[24.4092149,44.6271808],[24.409493,44.627264],[24.4096993,44.6272532],[24.4098976,44.6274812],[24.4092169,44.6277469],[24.4081456,44.6282451],[24.4082163,44.6282573],[24.406545,44.6289934],[24.4066492,44.6293711],[24.4091105,44.6282714],[24.4094241,44.6283692],[24.4098387,44.6285734],[24.4099471,44.6287932],[24.4098266,44.6289644],[24.4096379,44.6290956],[24.4088604,44.6295373],[24.4092164,44.6299412],[24.4091681,44.6300316],[24.4081734,44.630484],[24.4069931,44.6309344],[24.4065092,44.6310688],[24.4065725,44.6306744],[24.405229,44.631073],[24.4050414,44.630975],[24.4046583,44.6306407],[24.4041224,44.6295862],[24.4039795,44.6288885],[24.403719,44.6286552],[24.4036275,44.6286436],[24.4028222,44.6289129],[24.4026342,44.6289303],[24.4021687,44.6291665],[24.4022624,44.6295133],[24.4022458,44.6298676],[24.4021031,44.6302396],[24.4021762,44.6303777],[24.4035283,44.6313136],[24.4048525,44.6320208],[24.4049309,44.6321553],[24.4047914,44.632206],[24.4045048,44.6321829],[24.4028746,44.6317448],[24.402563,44.6317781],[24.4012334,44.6322337],[24.4012019,44.6332963],[24.4012522,44.6334013],[24.401355,44.6334128],[24.4030352,44.6328837],[24.4038317,44.632698],[24.4038455,44.6327412],[24.4036103,44.6328483],[24.4035166,44.6329525],[24.4037358,44.6336433],[24.4037242,44.633768],[24.4036257,44.6338336],[24.4022024,44.6342524],[24.4016586,44.6343541],[24.4012467,44.6338838],[24.4007035,44.6336131],[24.4004975,44.6331383],[24.400131,44.6327018],[24.4001104,44.6319513],[24.4002988,44.6311518],[24.3979669,44.6320199],[24.3979347,44.6319899],[24.3968385,44.6309997],[24.3953959,44.629796],[24.3929257,44.6275675],[24.3926391,44.6272678],[24.3920234,44.626359],[24.3901582,44.6238975],[24.3909977,44.6233974],[24.3925939,44.6225599],[24.3932947,44.6221039],[24.3946044,44.6214419],[24.3969193,44.6201113],[24.3985688,44.6193399],[24.4001819,44.6184282],[24.401654,44.617525],[24.4006415,44.6166587],[24.3983973,44.61505],[24.3981795,44.6147985],[24.3979907,44.6145805],[24.3962882,44.6130395],[24.3959219,44.6126535],[24.394274,44.6106266],[24.3938499,44.6097812],[24.3920607,44.6079403],[24.3915453,44.6078011],[24.3910533,44.607727],[24.3905371,44.6077057],[24.3897663,44.6074337],[24.3894289,44.6073886],[24.3868741,44.6073197],[24.3863448,44.6073573],[24.3847036,44.605071],[24.3834836,44.6034772],[24.3831232,44.6028017],[24.3828382,44.6020377],[24.3819528,44.6003852],[24.3860434,44.6017784],[24.3867275,44.6019672],[24.3869122,44.6010584],[24.3872809,44.5998265],[24.3876113,44.5989543],[24.3880314,44.5975255],[24.3886868,44.5956073],[24.3898503,44.5917004],[24.3901985,44.5908375],[24.3905299,44.5902427],[24.3908111,44.5899006],[24.3911167,44.5903711],[24.3911083,44.5904593],[24.3913467,44.5906836],[24.3925096,44.5924958],[24.3939421,44.592082],[24.3945553,44.5918354],[24.3952209,44.5916722],[24.3965522,44.5911974],[24.3968337,44.5870362],[24.3970493,44.5858503],[24.3973606,44.5845338],[24.3979092,44.5830211],[24.3983306,44.5822451],[24.398369,44.5819941],[24.3975067,44.581782],[24.3834247,44.5789496],[24.4009668,44.5524984],[24.4009943,44.5524702],[24.4015542,44.552932],[24.4017019,44.5531447],[24.4017635,44.5534748],[24.401935,44.5538032],[24.4020216,44.5541743],[24.4023787,44.5550826],[24.4031614,44.5551098],[24.4033023,44.5551765],[24.4032879,44.5551166],[24.4029825,44.5549831],[24.4028596,44.5548694],[24.4031213,44.5544906],[24.4033879,44.5542652],[24.40348,44.554077],[24.4032587,44.5537076],[24.4031284,44.5533536],[24.4030818,44.5529148],[24.4027986,44.5526088],[24.4021347,44.5520853],[24.4019128,44.55177],[24.4017821,44.551466],[24.4016389,44.550749],[24.4011896,44.5501554],[24.4011602,44.5498835],[24.4044273,44.5500323],[24.4045581,44.550195],[24.4047741,44.5502186],[24.4049546,44.5503784],[24.4063198,44.5499664],[24.4074936,44.5519195],[24.4079943,44.5526321],[24.4182396,44.5528463],[24.4174401,44.5514385],[24.4164436,44.5494775],[24.4150683,44.5473826],[24.4143175,44.5461325],[24.4140013,44.5453814],[24.4102325,44.538936],[24.4100912,44.5385582],[24.4089165,44.5367821],[24.4071632,44.5338039],[24.4062944,44.5324834],[24.4062301,44.5319597],[24.406035,44.5315872],[24.4047092,44.5295754],[24.402386,44.5255032],[24.4023433,44.5253085],[24.4024286,44.5248148],[24.4023695,44.5247392],[24.4023997,44.5246632],[24.4024549,44.5245117]]]}},{"type":"Feature","properties":{"entity_id":"osm-r9744204","jurisdiction":"RO","display_name":"TESLUI","display_type":"commune","admin_level":8,"tier":"local","legal_registry":"SIRUTA","legal_id":"129380","legal_type":"commune","parent_catalog_id":"osm-r2366978","osm_relation_id":9744204,"legal_identity_status":"reconciled","geometry_source":"OpenStreetMap","geometry_precision":"master_coordinate_fidelity"},"geometry":{"type":"Polygon","coordinates":[[[24.4024549,44.5245117],[24.4023997,44.5246632],[24.4023695,44.5247392],[24.4024286,44.5248148],[24.4023433,44.5253085],[24.402386,44.5255032],[24.4047092,44.5295754],[24.406035,44.5315872],[24.4062301,44.5319597],[24.4062944,44.5324834],[24.4071632,44.5338039],[24.4089165,44.5367821],[24.4100912,44.5385582],[24.4102325,44.538936],[24.4140013,44.5453814],[24.4143175,44.5461325],[24.4150683,44.5473826],[24.4164436,44.5494775],[24.4174401,44.5514385],[24.4182396,44.5528463],[24.4079943,44.5526321],[24.4074936,44.5519195],[24.4063198,44.5499664],[24.4049546,44.5503784],[24.4047741,44.5502186],[24.4045581,44.550195],[24.4044273,44.5500323],[24.4011602,44.5498835],[24.4011896,44.5501554],[24.4016389,44.550749],[24.4017821,44.551466],[24.4019128,44.55177],[24.4021347,44.5520853],[24.4027986,44.5526088],[24.4030818,44.5529148],[24.4031284,44.5533536],[24.4032587,44.5537076],[24.40348,44.554077],[24.4033879,44.5542652],[24.4031213,44.5544906],[24.4028596,44.5548694],[24.4029825,44.5549831],[24.4032879,44.5551166],[24.4033023,44.5551765],[24.4031614,44.5551098],[24.4023787,44.5550826],[24.4020216,44.5541743],[24.401935,44.5538032],[24.4017635,44.5534748],[24.4017019,44.5531447],[24.4015542,44.552932],[24.4009943,44.5524702],[24.4009668,44.5524984],[24.3834247,44.5789496],[24.3975067,44.581782],[24.398369,44.5819941],[24.3983306,44.5822451],[24.3979092,44.5830211],[24.3973606,44.5845338],[24.3970493,44.5858503],[24.3968337,44.5870362],[24.3965522,44.5911974],[24.3952209,44.5916722],[24.3945553,44.5918354],[24.3939421,44.592082],[24.3925096,44.5924958],[24.3913467,44.5906836],[24.3911083,44.5904593],[24.3911167,44.5903711],[24.3908111,44.5899006],[24.3905299,44.5902427],[24.3901985,44.5908375],[24.3898503,44.5917004],[24.3886868,44.5956073],[24.3880314,44.5975255],[24.3876113,44.5989543],[24.3872809,44.5998265],[24.3869122,44.6010584],[24.3867275,44.6019672],[24.3860434,44.6017784],[24.3819528,44.6003852],[24.3816273,44.6002791],[24.3792898,44.599469],[24.3792295,44.599494],[24.3760213,44.5984343],[24.3733193,44.5977841],[24.3731634,44.5977403],[24.3731688,44.5976729],[24.3653063,44.596803],[24.3650988,44.596936],[24.3578797,44.5966634],[24.3569645,44.5966152],[24.3560845,44.5964682],[24.3546596,44.5966987],[24.3542191,44.5968763],[24.3539062,44.5969376],[24.3533103,44.5968808],[24.3531737,44.5965678],[24.3530344,44.5965181],[24.3501658,44.5986143],[24.3479584,44.5997106],[24.3475222,44.5998005],[24.3463357,44.5999054],[24.3450443,44.5998995],[24.3447009,44.5999617],[24.3445277,44.6000621],[24.3434024,44.5999428],[24.3421436,44.5997103],[24.3410235,44.5996112],[24.3359525,44.5987332],[24.3315768,44.5981242],[24.3247629,44.5970745],[24.324763,44.5968679],[24.3247145,44.5830248],[24.3245922,44.5727519],[24.3249245,44.5623482],[24.3249071,44.5608549],[24.3247182,44.558982],[24.3224114,44.5361032],[24.3224007,44.5359967],[24.3222091,44.5338327],[24.3224369,44.5322574],[24.3224881,44.5248731],[24.3217652,44.5208688],[24.3148336,44.5214157],[24.3141967,44.5213237],[24.3136798,44.5210286],[24.3126678,44.5205798],[24.3117751,44.519987],[24.3104594,44.5194555],[24.3099315,44.5189036],[24.3098737,44.5186645],[24.3094022,44.5183749],[24.308635,44.5183529],[24.3081259,44.518252],[24.3075277,44.5178557],[24.307102,44.5173831],[24.3067018,44.51671],[24.3063821,44.5156608],[24.3062439,44.5148733],[24.3062715,44.5144539],[24.3063926,44.5139921],[24.3059697,44.5133465],[24.305152,44.5127478],[24.3042246,44.5118084],[24.3036587,44.5114763],[24.3029113,44.5112554],[24.3018533,44.5111338],[24.3008689,44.5111593],[24.3004581,44.5112188],[24.2996207,44.511498],[24.2992146,44.5117115],[24.2989471,44.5119026],[24.2976977,44.5133726],[24.2973286,44.5138434],[24.2970388,44.5144305],[24.2966255,44.5148809],[24.2961575,44.5152001],[24.2953253,44.5154013],[24.2944445,44.5155518],[24.2937982,44.5154974],[24.2921939,44.514809],[24.2914169,44.5146999],[24.2909142,44.5144009],[24.290422,44.5139762],[24.2900336,44.5133762],[24.289798,44.512868],[24.2896929,44.5122429],[24.2897266,44.5118064],[24.2898873,44.5114411],[24.2901454,44.5111783],[24.290236,44.5109867],[24.2901986,44.510746],[24.2903656,44.5099833],[24.2906008,44.5092884],[24.2909115,44.5088115],[24.2910328,44.5081311],[24.2912815,44.5075576],[24.2962375,44.5075554],[24.3048724,44.507551],[24.3077285,44.5113396],[24.3283474,44.5118137],[24.3292874,44.5118976],[24.3309454,44.511943],[24.3309515,44.5114106],[24.3337414,44.5114353],[24.3337431,44.5114865],[24.3338896,44.5114873],[24.3338902,44.5114327],[24.3349723,44.5114166],[24.3344344,44.5082186],[24.3379281,44.5086554],[24.3389177,44.5087237],[24.33926,44.5086626],[24.3401778,44.5087597],[24.3402379,44.5087318],[24.3402049,44.5084206],[24.3398906,44.5072943],[24.3399192,44.5072073],[24.3402685,44.5068967],[24.3441502,44.5071626],[24.3449696,44.5070911],[24.3456072,44.5071116],[24.3462347,44.5072992],[24.3474629,44.5075724],[24.3488378,44.5080304],[24.3525171,44.5091081],[24.3542386,44.5093259],[24.3547066,44.5094697],[24.3549927,44.5095106],[24.3553965,44.5095425],[24.3561802,44.5095226],[24.3570891,44.5096597],[24.3580584,44.5096681],[24.3599287,44.5098005],[24.3609082,44.5099934],[24.3610292,44.5100516],[24.3612162,44.5102631],[24.3613503,44.51151],[24.3613177,44.5117494],[24.3608033,44.5120636],[24.3627824,44.5125684],[24.3631091,44.5127182],[24.36334,44.5129332],[24.3636103,44.5129],[24.3642126,44.5132147],[24.3648838,44.5133565],[24.3663346,44.5138345],[24.3676836,44.5141554],[24.3682776,44.5141519],[24.3686891,44.5143186],[24.3703538,44.5147271],[24.3718103,44.5152005],[24.3718379,44.5151729],[24.376811,44.5166158],[24.3904799,44.5209409],[24.40156,44.52438],[24.4020354,44.5244872],[24.4024549,44.5245117]]]}},{"type":"Feature","properties":{"entity_id":"osm-r9744206","jurisdiction":"RO","display_name":"GRĂDINARI","display_type":"commune","admin_level":8,"tier":"local","legal_registry":"SIRUTA","legal_id":"127171","legal_type":"commune","parent_catalog_id":"osm-r2366978","osm_relation_id":9744206,"legal_identity_status":"reconciled","geometry_source":"OpenStreetMap","geometry_precision":"master_coordinate_fidelity"},"geometry":{"type":"Polygon","coordinates":[[[24.2819891,44.6001037],[24.2818973,44.6001034],[24.2765003,44.6007294],[24.2694081,44.6014747],[24.2657526,44.6017946],[24.2655058,44.6019353],[24.2645354,44.6018207],[24.2648769,44.6005827],[24.2650041,44.5995436],[24.2595819,44.6001507],[24.2593443,44.5758913],[24.2593366,44.5754059],[24.259213,44.5658705],[24.2592026,44.56584],[24.2582526,44.5657803],[24.2582013,44.563535],[24.2582971,44.5634559],[24.2583272,44.5630039],[24.2555176,44.5624356],[24.2556402,44.5621143],[24.2557467,44.5621048],[24.2559129,44.5617141],[24.2561453,44.5607961],[24.2564256,44.560121],[24.2566924,44.5591802],[24.2570556,44.5581929],[24.2551736,44.5579182],[24.2553461,44.5572879],[24.2568689,44.5574851],[24.256426,44.5570236],[24.2557189,44.5564612],[24.2554642,44.5561273],[24.2550581,44.555805],[24.2531615,44.5539849],[24.2532665,44.5539321],[24.2559808,44.5537432],[24.2559672,44.5527829],[24.2589664,44.5527619],[24.2589011,44.5516962],[24.2589268,44.5489246],[24.2588575,44.546256],[24.2594142,44.5462447],[24.2624326,44.5469124],[24.2629686,44.5470852],[24.263696,44.5472006],[24.2655861,44.5472303],[24.2677945,44.5470292],[24.2703248,44.5469105],[24.2705485,44.5469814],[24.2734412,44.5469292],[24.27344,44.5468496],[24.274091,44.5468117],[24.2850494,44.5464116],[24.2857704,44.5464567],[24.2859786,44.5463885],[24.2872039,44.5463174],[24.2933817,44.5462419],[24.295357,44.546154],[24.2971532,44.5460023],[24.2979702,44.5460022],[24.3008653,44.5457036],[24.301189,44.5451559],[24.301224,44.5449071],[24.301086,44.5444197],[24.300537,44.5435596],[24.3002157,44.5431808],[24.2999327,44.5429662],[24.299621,44.5427946],[24.2992163,44.5426598],[24.2990011,44.5424888],[24.298806,44.54221],[24.2987929,44.5419683],[24.2991267,44.5403004],[24.2992694,44.5401403],[24.3000936,44.5398492],[24.3003695,44.5396582],[24.3009063,44.5389751],[24.3009444,44.5381557],[24.31216,44.5374512],[24.3123581,44.537369],[24.3133216,44.5367245],[24.3137069,44.5364077],[24.3143144,44.5366262],[24.3146258,44.5366569],[24.3193761,44.5363027],[24.3224114,44.5361032],[24.3247182,44.558982],[24.3249071,44.5608549],[24.3164413,44.5609956],[24.3120696,44.5610465],[24.3104899,44.5613212],[24.3097582,44.5615256],[24.3075172,44.5624172],[24.3065483,44.5628958],[24.3040371,44.5632535],[24.3031776,44.5633387],[24.3015026,44.5634064],[24.3009473,44.5634905],[24.2952213,44.5647398],[24.2929539,44.5651496],[24.2920754,44.5653757],[24.287842,44.5662902],[24.2877448,44.5664702],[24.2873509,44.5667038],[24.2871389,44.5671512],[24.2867419,44.567402],[24.2865541,44.5675904],[24.2863156,44.5684036],[24.2863215,44.5684933],[24.2864547,44.5686188],[24.2864604,44.5687255],[24.2862854,44.569059],[24.2862876,44.569326],[24.2862079,44.5694394],[24.2856483,44.5698255],[24.2857214,44.5698912],[24.2854358,44.5701662],[24.285198,44.5701996],[24.2850125,44.5701401],[24.2848268,44.5702447],[24.2845698,44.5703065],[24.2839887,44.5706942],[24.2839026,44.5708533],[24.2835366,44.5709043],[24.2835317,44.571131],[24.2833275,44.5713346],[24.2836069,44.5719632],[24.2835952,44.5720164],[24.2835071,44.5720249],[24.2834499,44.5720834],[24.2834896,44.5722154],[24.2836884,44.5723874],[24.2838679,44.5724601],[24.2840203,44.572589],[24.2841788,44.5726277],[24.2844879,44.5728697],[24.2846572,44.5729194],[24.2848646,44.5730629],[24.2850879,44.5733344],[24.2850686,44.5734867],[24.2853254,44.5736842],[24.2855888,44.5741983],[24.2855405,44.574457],[24.2855894,44.5747855],[24.2853622,44.5755606],[24.2851242,44.5758533],[24.2848649,44.5759347],[24.2847843,44.5761033],[24.2848318,44.5775089],[24.2852265,44.5799507],[24.2853502,44.5804095],[24.2853722,44.5806211],[24.2853146,44.5807968],[24.285693,44.5822388],[24.2859737,44.5829189],[24.2862598,44.5833078],[24.2867113,44.583512],[24.2875019,44.5841403],[24.2875122,44.5843138],[24.2876291,44.5845865],[24.2873143,44.5859719],[24.2873275,44.586072],[24.2876042,44.5863893],[24.2872289,44.5873971],[24.2869615,44.5877701],[24.2866652,44.5878958],[24.2857904,44.5879638],[24.2855581,44.5880336],[24.2854406,44.5881589],[24.2851054,44.589921],[24.2848162,44.5909713],[24.2850099,44.5915012],[24.2849338,44.5921946],[24.2850981,44.5927241],[24.2853406,44.59286],[24.2854069,44.5930398],[24.2849204,44.5936241],[24.2847886,44.5941303],[24.2843632,44.5948415],[24.2832752,44.5972993],[24.2829404,44.597998],[24.2827799,44.5982154],[24.282718,44.598479],[24.2820699,44.5998125],[24.2819891,44.6001037]]]}},{"type":"Feature","properties":{"entity_id":"osm-r9744207","jurisdiction":"RO","display_name":"STREJEȘTI","display_type":"commune","admin_level":8,"tier":"local","legal_registry":"SIRUTA","legal_id":"129139","legal_type":"commune","parent_catalog_id":"osm-r2366978","osm_relation_id":9744207,"legal_identity_status":"reconciled","geometry_source":"OpenStreetMap","geometry_precision":"master_coordinate_fidelity"},"geometry":{"type":"Polygon","coordinates":[[[24.3224114,44.5361032],[24.3193761,44.5363027],[24.3146258,44.5366569],[24.3143144,44.5366262],[24.3137069,44.5364077],[24.3133216,44.5367245],[24.3123581,44.537369],[24.31216,44.5374512],[24.3009444,44.5381557],[24.3009063,44.5389751],[24.3003695,44.5396582],[24.3000936,44.5398492],[24.2992694,44.5401403],[24.2991267,44.5403004],[24.2987929,44.5419683],[24.298806,44.54221],[24.2990011,44.5424888],[24.2992163,44.5426598],[24.299621,44.5427946],[24.2999327,44.5429662],[24.3002157,44.5431808],[24.300537,44.5435596],[24.301086,44.5444197],[24.301224,44.5449071],[24.301189,44.5451559],[24.3008653,44.5457036],[24.2979702,44.5460022],[24.2971532,44.5460023],[24.295357,44.546154],[24.2933817,44.5462419],[24.2872039,44.5463174],[24.2859786,44.5463885],[24.2857704,44.5464567],[24.2850494,44.5464116],[24.274091,44.5468117],[24.27344,44.5468496],[24.2734412,44.5469292],[24.2705485,44.5469814],[24.2703248,44.5469105],[24.2677945,44.5470292],[24.2655861,44.5472303],[24.263696,44.5472006],[24.2629686,44.5470852],[24.2624326,44.5469124],[24.2594142,44.5462447],[24.2588575,44.546256],[24.2589268,44.5489246],[24.2584371,44.5489427],[24.2557309,44.5495119],[24.2518942,44.5500353],[24.2508452,44.5501689],[24.2495194,44.550246],[24.2493919,44.5502858],[24.2491462,44.5502403],[24.2487091,44.5502405],[24.2482313,44.5502956],[24.2470784,44.5527736],[24.2458561,44.5528723],[24.2401695,44.5531389],[24.2324541,44.5535892],[24.2297927,44.5536978],[24.2285964,44.5537011],[24.2269269,44.5538701],[24.2253666,44.5540986],[24.2200657,44.5542385],[24.2174565,44.5543887],[24.2170473,44.5544621],[24.2159869,44.5544795],[24.21575,44.55456],[24.2154963,44.5545847],[24.2125348,44.5545129],[24.2096317,44.5545602],[24.2094381,44.5546092],[24.2087885,44.5546239],[24.2074469,44.5545819],[24.2066372,44.5546347],[24.2060504,44.5545834],[24.205867,44.5538113],[24.2048959,44.5537125],[24.2045029,44.5538603],[24.2044264,44.5537498],[24.2030877,44.5531048],[24.2021475,44.5526741],[24.2019321,44.5526624],[24.2017278,44.5525616],[24.2016423,44.5526021],[24.2013418,44.5529605],[24.1983192,44.5540824],[24.1975074,44.5536364],[24.1953193,44.5522319],[24.1944621,44.5517764],[24.1937587,44.5512242],[24.1923655,44.5504554],[24.1910913,44.5495729],[24.1903276,44.5491229],[24.1886007,44.5479766],[24.1860875,44.5465263],[24.1859629,44.5465089],[24.1850711,44.5460564],[24.1851997,44.5458876],[24.1856878,44.5453493],[24.1868284,44.5442871],[24.1868616,44.5441933],[24.1867301,44.5440942],[24.1862423,44.54393],[24.1864394,44.543633],[24.186616,44.5431164],[24.1870499,44.5430632],[24.1879162,44.542733],[24.1884512,44.54244],[24.1894524,44.5413471],[24.1898365,44.5401121],[24.1898991,44.5393316],[24.1900139,44.5390097],[24.1902039,44.5387351],[24.1899488,44.5387407],[24.1898556,44.5384808],[24.1896944,44.5367326],[24.1893951,44.5358575],[24.1889934,44.5349206],[24.1889457,44.5343813],[24.1888795,44.5342623],[24.1888427,44.5326031],[24.1889088,44.5289432],[24.1888087,44.5282228],[24.1886937,44.5262002],[24.1891858,44.5259512],[24.190783,44.5248852],[24.1911454,44.5245113],[24.1912932,44.524169],[24.191384,44.5237572],[24.1914955,44.5237258],[24.1918345,44.5233583],[24.1924321,44.5229461],[24.1931223,44.522557],[24.1934473,44.5223069],[24.1942341,44.5214509],[24.1952492,44.5209366],[24.1955151,44.5208735],[24.1958204,44.5207199],[24.1968204,44.5196627],[24.1974154,44.5193168],[24.197614,44.5191508],[24.1981431,44.5188698],[24.1988169,44.5183415],[24.1992459,44.5181785],[24.19959,44.517691],[24.1997583,44.517573],[24.2006547,44.5170745],[24.2012297,44.5169473],[24.2016329,44.5167797],[24.2014173,44.5157298],[24.2023394,44.5153008],[24.2025311,44.5151658],[24.2044644,44.5134992],[24.2035794,44.512907],[24.2032867,44.5125656],[24.2031832,44.5123335],[24.2025847,44.5117816],[24.2022729,44.5115902],[24.202385,44.5114774],[24.2056287,44.5114476],[24.2058142,44.5112638],[24.2093383,44.5112226],[24.2094085,44.5109052],[24.2099305,44.5105991],[24.2192085,44.5106518],[24.2192131,44.5110483],[24.2264499,44.5110659],[24.2271922,44.5113616],[24.2274239,44.5113662],[24.2275168,44.5113608],[24.2276973,44.5110967],[24.228393,44.5104562],[24.2285902,44.5103869],[24.2289235,44.5103681],[24.2290702,44.5104639],[24.2296682,44.5104713],[24.2338909,44.5104749],[24.2342787,44.5105178],[24.2407488,44.5105838],[24.2439834,44.5105517],[24.2439855,44.5092587],[24.2457586,44.5092982],[24.2459242,44.5092331],[24.2462456,44.5092382],[24.2462591,44.5091819],[24.2461532,44.5090724],[24.2460777,44.5078851],[24.2462296,44.5042274],[24.2463312,44.504029],[24.2463772,44.5027672],[24.2463219,44.5019529],[24.2463927,44.5008644],[24.2464346,44.4981026],[24.246386,44.4976684],[24.2464381,44.4966914],[24.2465172,44.496295],[24.2504577,44.4963213],[24.250501,44.4962826],[24.2510456,44.4962678],[24.2565652,44.496331],[24.2568581,44.4964745],[24.2571396,44.4965386],[24.2581211,44.4966791],[24.2584961,44.496668],[24.2585005,44.4964548],[24.2614305,44.4965111],[24.2634243,44.4964195],[24.2656185,44.4964704],[24.2669202,44.496434],[24.2704464,44.4960331],[24.2705469,44.4958398],[24.2709321,44.4958751],[24.2720202,44.4958102],[24.2739802,44.4955931],[24.2772664,44.4953373],[24.2779545,44.4952342],[24.2812382,44.495094],[24.2819595,44.4950785],[24.2857019,44.4951742],[24.2896588,44.4954757],[24.2901068,44.4954868],[24.2893948,44.4962466],[24.289027,44.4967577],[24.2888992,44.497023],[24.2888262,44.4974108],[24.2889054,44.4975004],[24.2893028,44.4975231],[24.2896107,44.4976338],[24.2898087,44.4977866],[24.2903384,44.4987459],[24.2903481,44.4992613],[24.2900135,44.4996065],[24.289588,44.4999058],[24.2893125,44.5000148],[24.2887632,44.500378],[24.2882837,44.5008792],[24.2877985,44.50146],[24.2876176,44.5019209],[24.2876345,44.502262],[24.2876865,44.5025996],[24.2878709,44.5030387],[24.2884775,44.5037338],[24.2889329,44.504048],[24.2896462,44.5043754],[24.2902675,44.5048079],[24.2905296,44.5050634],[24.2909228,44.5060772],[24.2908609,44.5062181],[24.2908875,44.5063419],[24.2910733,44.5065876],[24.2912916,44.5071275],[24.2912815,44.5075576],[24.2910328,44.5081311],[24.2909115,44.5088115],[24.2906008,44.5092884],[24.2903656,44.5099833],[24.2901986,44.510746],[24.290236,44.5109867],[24.2901454,44.5111783],[24.2898873,44.5114411],[24.2897266,44.5118064],[24.2896929,44.5122429],[24.289798,44.512868],[24.2900336,44.5133762],[24.290422,44.5139762],[24.2909142,44.5144009],[24.2914169,44.5146999],[24.2921939,44.514809],[24.2937982,44.5154974],[24.2944445,44.5155518],[24.2953253,44.5154013],[24.2961575,44.5152001],[24.2966255,44.5148809],[24.2970388,44.5144305],[24.2973286,44.5138434],[24.2976977,44.5133726],[24.2989471,44.5119026],[24.2992146,44.5117115],[24.2996207,44.511498],[24.3004581,44.5112188],[24.3008689,44.5111593],[24.3018533,44.5111338],[24.3029113,44.5112554],[24.3036587,44.5114763],[24.3042246,44.5118084],[24.305152,44.5127478],[24.3059697,44.5133465],[24.3063926,44.5139921],[24.3062715,44.5144539],[24.3062439,44.5148733],[24.3063821,44.5156608],[24.3067018,44.51671],[24.307102,44.5173831],[24.3075277,44.5178557],[24.3081259,44.518252],[24.308635,44.5183529],[24.3094022,44.5183749],[24.3098737,44.5186645],[24.3099315,44.5189036],[24.3104594,44.5194555],[24.3117751,44.519987],[24.3126678,44.5205798],[24.3136798,44.5210286],[24.3141967,44.5213237],[24.3148336,44.5214157],[24.3217652,44.5208688],[24.3224881,44.5248731],[24.3224369,44.5322574],[24.3222091,44.5338327],[24.3224007,44.5359967],[24.3224114,44.5361032]]]}},{"type":"Feature","properties":{"entity_id":"osm-r9744208","jurisdiction":"RO","display_name":"CÂRLOGANI","display_type":"commune","admin_level":8,"tier":"local","legal_registry":"SIRUTA","legal_id":"126166","legal_type":"commune","parent_catalog_id":"osm-r2366978","osm_relation_id":9744208,"legal_identity_status":"reconciled","geometry_source":"OpenStreetMap","geometry_precision":"master_coordinate_fidelity"},"geometry":{"type":"Polygon","coordinates":[[[24.1681397,44.4719982],[24.1681269,44.4720658],[24.1685248,44.4726734],[24.1686936,44.473118],[24.1692865,44.4735028],[24.1695193,44.4735184],[24.1700014,44.4737649],[24.1722898,44.475314],[24.1737926,44.4762134],[24.1761305,44.477826],[24.1778799,44.4789187],[24.182067,44.4818364],[24.1831634,44.4826485],[24.1838956,44.4832815],[24.18488,44.4836988],[24.185802,44.4842467],[24.1863595,44.4846971],[24.1873975,44.4853987],[24.1902351,44.4872645],[24.1918942,44.4882957],[24.1925415,44.4882659],[24.1925869,44.4884647],[24.1921968,44.4885107],[24.1925006,44.4888478],[24.197596,44.4922565],[24.1984968,44.4927028],[24.1996472,44.4933613],[24.2014353,44.4944195],[24.2032658,44.4955958],[24.2051046,44.4969087],[24.2050565,44.4970539],[24.2051503,44.4973554],[24.206207,44.4975913],[24.2060756,44.497683],[24.2063708,44.497671],[24.2079293,44.4972132],[24.2091922,44.4969599],[24.2090004,44.4973759],[24.2089849,44.4983428],[24.2090294,44.4994408],[24.2096372,44.5062377],[24.2095038,44.507884],[24.2093464,44.5082623],[24.2090133,44.5085969],[24.2075117,44.5098821],[24.2065973,44.510546],[24.2058142,44.5112638],[24.2056287,44.5114476],[24.202385,44.5114774],[24.2022729,44.5115902],[24.2025847,44.5117816],[24.2031832,44.5123335],[24.2032867,44.5125656],[24.2035794,44.512907],[24.2044644,44.5134992],[24.2025311,44.5151658],[24.2023394,44.5153008],[24.2014173,44.5157298],[24.2016329,44.5167797],[24.2012297,44.5169473],[24.2006547,44.5170745],[24.1997583,44.517573],[24.19959,44.517691],[24.1992459,44.5181785],[24.1988169,44.5183415],[24.1981431,44.5188698],[24.197614,44.5191508],[24.1974154,44.5193168],[24.1968204,44.5196627],[24.1958204,44.5207199],[24.1955151,44.5208735],[24.1952492,44.5209366],[24.1942341,44.5214509],[24.1934473,44.5223069],[24.1931223,44.522557],[24.1924321,44.5229461],[24.1918345,44.5233583],[24.1914955,44.5237258],[24.191384,44.5237572],[24.1912932,44.524169],[24.1911454,44.5245113],[24.190783,44.5248852],[24.1891858,44.5259512],[24.1886937,44.5262002],[24.1888087,44.5282228],[24.1889088,44.5289432],[24.1888427,44.5326031],[24.1888795,44.5342623],[24.1889457,44.5343813],[24.1889934,44.5349206],[24.1893951,44.5358575],[24.1896944,44.5367326],[24.1898556,44.5384808],[24.1899488,44.5387407],[24.1902039,44.5387351],[24.1900139,44.5390097],[24.1898991,44.5393316],[24.1898365,44.5401121],[24.1894524,44.5413471],[24.1884512,44.54244],[24.1879162,44.542733],[24.1870499,44.5430632],[24.186616,44.5431164],[24.1864394,44.543633],[24.1862423,44.54393],[24.1867301,44.5440942],[24.1868616,44.5441933],[24.1868284,44.5442871],[24.1856878,44.5453493],[24.1851997,44.5458876],[24.1850711,44.5460564],[24.184826,44.5461494],[24.1802536,44.5476927],[24.1793929,44.5481085],[24.1789265,44.5483935],[24.1783349,44.5489831],[24.1778419,44.5493176],[24.1774874,44.5499647],[24.1773059,44.5506484],[24.175142,44.5519174],[24.1740731,44.5530187],[24.1738492,44.5533232],[24.1737611,44.5537574],[24.1734412,44.5540921],[24.1731852,44.5547243],[24.1726894,44.5553216],[24.1721294,44.556279],[24.1690813,44.5553876],[24.1663905,44.5540492],[24.1640675,44.5529362],[24.1636758,44.5527945],[24.1634041,44.5526168],[24.1624797,44.5522912],[24.1622558,44.5524146],[24.1620104,44.5527342],[24.1616186,44.5529393],[24.1609121,44.5536524],[24.1604856,44.5538975],[24.1599098,44.5543669],[24.1591102,44.554817],[24.158398,44.5557455],[24.1581472,44.5563394],[24.15759,44.5568547],[24.1572595,44.5570408],[24.156492,44.557066],[24.1563453,44.5571553],[24.1561959,44.557376],[24.1563717,44.5576583],[24.1563449,44.557864],[24.1557076,44.5584115],[24.1554544,44.5585006],[24.1550895,44.5581894],[24.1547406,44.5580159],[24.1547635,44.5584683],[24.1546255,44.5583797],[24.154093,44.5582178],[24.1533447,44.5583342],[24.1531846,44.5583178],[24.1528181,44.5580886],[24.1520815,44.5574068],[24.1505909,44.556466],[24.150443,44.5564202],[24.1495142,44.5563516],[24.1490816,44.5564628],[24.1483877,44.5567588],[24.1480826,44.5566191],[24.1477336,44.5566082],[24.1476309,44.5565612],[24.1463337,44.5566362],[24.1453364,44.5565937],[24.1451056,44.5565307],[24.144911,44.5564074],[24.1443661,44.5562463],[24.1434625,44.555302],[24.1433781,44.5553014],[24.1430938,44.5554366],[24.1413037,44.5538477],[24.141655,44.5538128],[24.1412781,44.5533017],[24.1392038,44.5510784],[24.1383081,44.5499706],[24.1362511,44.5479468],[24.1350835,44.5464982],[24.1321285,44.5433099],[24.1319437,44.5430294],[24.1304415,44.5413807],[24.1297392,44.5410632],[24.1296211,44.5409666],[24.1295751,44.5407912],[24.1292327,44.5405868],[24.1289611,44.540549],[24.1281672,44.5401052],[24.1236141,44.5386336],[24.1234357,44.5386386],[24.1230329,44.5384769],[24.1226383,44.5383783],[24.1220197,44.5382779],[24.1207615,44.5381762],[24.1195993,44.5381221],[24.1189171,44.5381533],[24.117471,44.5380524],[24.1160873,44.5243105],[24.1161922,44.5240756],[24.1178896,44.5232401],[24.1194617,44.5222595],[24.1197533,44.5220167],[24.1234033,44.5187173],[24.1243687,44.5178996],[24.1251647,44.5173486],[24.1253775,44.5169519],[24.1258893,44.5165584],[24.1261147,44.516289],[24.1270707,44.5154288],[24.1285713,44.5139308],[24.1289055,44.5136725],[24.1303863,44.5122412],[24.1305861,44.512177],[24.1306743,44.5119714],[24.1309565,44.511684],[24.1317945,44.5109921],[24.1319432,44.5107872],[24.1322173,44.5106165],[24.1322648,44.5105077],[24.132185,44.5103137],[24.1322663,44.5099461],[24.1340356,44.5056795],[24.134296,44.5053509],[24.1345067,44.504944],[24.1350196,44.5044429],[24.1356294,44.5037226],[24.1366337,44.5024865],[24.1365633,44.5024722],[24.1374258,44.5014879],[24.1404568,44.4997804],[24.1433171,44.498],[24.1439904,44.4976975],[24.1448157,44.4971955],[24.1457508,44.4963356],[24.1474207,44.4944959],[24.1491496,44.4926902],[24.149398,44.4921214],[24.1493148,44.4917318],[24.1491962,44.4915049],[24.1491688,44.4908532],[24.1488186,44.4895588],[24.1484552,44.4872537],[24.1484867,44.4871449],[24.1491893,44.4863498],[24.1490844,44.4861694],[24.1493712,44.4858153],[24.1495563,44.4857083],[24.1497721,44.4857033],[24.1499621,44.4855799],[24.1501893,44.4851951],[24.1508537,44.4845077],[24.1508733,44.484424],[24.1518942,44.4832253],[24.1527828,44.4823785],[24.1529001,44.4823066],[24.1532853,44.4822038],[24.1534349,44.481603],[24.1543813,44.4802599],[24.1570456,44.4773667],[24.1566611,44.4639733],[24.1571642,44.4637456],[24.1582055,44.4633795],[24.1598323,44.4630778],[24.1631981,44.4649121],[24.1636933,44.4651251],[24.1639329,44.465307],[24.1640674,44.4655186],[24.1642519,44.4655321],[24.1647698,44.4657484],[24.1672865,44.4703927],[24.1680412,44.4720256],[24.1681397,44.4719982]]]}},{"type":"Feature","properties":{"entity_id":"osm-r9744209","jurisdiction":"RO","display_name":"PRISEACA","display_type":"commune","admin_level":8,"tier":"local","legal_registry":"SIRUTA","legal_id":"128436","legal_type":"commune","parent_catalog_id":"osm-r2366978","osm_relation_id":9744209,"legal_identity_status":"reconciled","geometry_source":"OpenStreetMap","geometry_precision":"master_coordinate_fidelity"},"geometry":{"type":"Polygon","coordinates":[[[24.4884311,44.5425196],[24.4879396,44.5424814],[24.4642567,44.53953],[24.4642038,44.5394445],[24.4521076,44.5389466],[24.4515043,44.5389729],[24.4500859,44.5388551],[24.4455975,44.5386321],[24.4444692,44.5385927],[24.4441159,44.5386816],[24.4426624,44.5385405],[24.4359015,44.5385205],[24.4346709,44.5385451],[24.4337841,44.538626],[24.4336489,44.5384504],[24.4219417,44.5384703],[24.4191306,44.5345125],[24.416692,44.5309238],[24.4165756,44.5305866],[24.4169583,44.5234207],[24.41685,44.5234074],[24.4168503,44.5234033],[24.4184518,44.4958096],[24.4184861,44.4955315],[24.4190145,44.4943565],[24.4195469,44.4935447],[24.4206712,44.4914193],[24.4174649,44.4910021],[24.4140487,44.4904859],[24.4145961,44.489286],[24.4162503,44.4862445],[24.4185983,44.4815651],[24.4097735,44.4793591],[24.4037237,44.4779601],[24.4061938,44.4705785],[24.40606,44.4704679],[24.4060082,44.4702698],[24.4062964,44.4695884],[24.4064684,44.4693714],[24.406858,44.4682901],[24.4070256,44.4668605],[24.4072723,44.466097],[24.407996,44.4624687],[24.4079985,44.4624517],[24.4083847,44.4626984],[24.427853,44.4750278],[24.4298322,44.4763272],[24.4302186,44.4765215],[24.4307897,44.4766767],[24.4312944,44.4767127],[24.4324456,44.476638],[24.433067,44.4766578],[24.433445,44.4767377],[24.4338113,44.4769544],[24.4340806,44.4772907],[24.434142,44.4775965],[24.4340716,44.4778808],[24.4336464,44.4787843],[24.433643,44.4790753],[24.4337698,44.4794587],[24.4341624,44.4799033],[24.4350026,44.4806265],[24.4353821,44.4808634],[24.4361386,44.4811665],[24.4370027,44.4814184],[24.4380409,44.4818246],[24.4386618,44.4821544],[24.4419726,44.4841531],[24.4423969,44.4845121],[24.4427329,44.4849281],[24.4430683,44.4856154],[24.443093,44.4863558],[24.442952,44.4868661],[24.4421105,44.4885524],[24.4420117,44.4889559],[24.4420435,44.4892358],[24.4421921,44.4895712],[24.4424367,44.4898538],[24.4428875,44.4901637],[24.456726,44.4965657],[24.4610757,44.491936],[24.4611888,44.4919138],[24.4645064,44.4933873],[24.4663249,44.4943447],[24.4676774,44.4949012],[24.4712304,44.4965265],[24.473416,44.4974721],[24.4929913,44.5065153],[24.5018404,44.5105396],[24.5030478,44.5110494],[24.5030281,44.5111518],[24.5017386,44.5142598],[24.5005961,44.5168188],[24.5113784,44.5218119],[24.5110019,44.5223561],[24.5108946,44.5235354],[24.5110183,44.5244194],[24.5112682,44.5251273],[24.5120218,44.5265171],[24.5130245,44.5277428],[24.5131972,44.5280797],[24.5133125,44.5284095],[24.5135154,44.5288721],[24.5135451,44.5290812],[24.5132112,44.5303287],[24.5128504,44.5313518],[24.5125851,44.5317516],[24.5128213,44.5318831],[24.5126632,44.5320493],[24.5122981,44.5322762],[24.5119387,44.5322493],[24.511829,44.5321877],[24.5115732,44.5322071],[24.5108043,44.5323561],[24.5104621,44.5324944],[24.5101892,44.532485],[24.5097333,44.5325685],[24.5081034,44.5324933],[24.5070472,44.532529],[24.5057666,44.5326408],[24.5050507,44.5325802],[24.5046487,44.5326595],[24.5038497,44.5328713],[24.5020989,44.5334352],[24.5013169,44.5336299],[24.4971407,44.5351985],[24.4942345,44.5359763],[24.4924663,44.5365534],[24.4892483,44.5384147],[24.4892803,44.5384449],[24.4879254,44.5390117],[24.4879282,44.5391276],[24.487703,44.5395897],[24.487991,44.5403164],[24.4879954,44.5406059],[24.4878521,44.5409416],[24.4874509,44.5411753],[24.4874222,44.5413343],[24.4874793,44.5415418],[24.4877718,44.5419288],[24.4884311,44.5425196]]]}},{"type":"Feature","properties":{"entity_id":"osm-r9744210","jurisdiction":"RO","display_name":"BĂLTENI","display_type":"commune","admin_level":8,"tier":"local","legal_registry":"SIRUTA","legal_id":"130286","legal_type":"commune","parent_catalog_id":"osm-r2366978","osm_relation_id":9744210,"legal_identity_status":"reconciled","geometry_source":"OpenStreetMap","geometry_precision":"master_coordinate_fidelity"},"geometry":{"type":"Polygon","coordinates":[[[24.5096698,44.441208],[24.5106914,44.4414414],[24.5169006,44.4428714],[24.5168925,44.4423294],[24.5170942,44.4419428],[24.5173125,44.4413255],[24.5174543,44.4406874],[24.5179338,44.4401384],[24.5182263,44.4394257],[24.5184401,44.4391305],[24.5189121,44.4380905],[24.5197482,44.4369449],[24.5211578,44.4340208],[24.5222323,44.4316095],[24.5238933,44.4320355],[24.5256154,44.4325589],[24.5283524,44.4334792],[24.5286835,44.433742],[24.5287958,44.4337719],[24.5292952,44.4337513],[24.5345708,44.435341],[24.5345833,44.4352084],[24.5358756,44.4355937],[24.5360877,44.4352647],[24.5364233,44.4353537],[24.5367195,44.4353282],[24.5370723,44.4349084],[24.5395432,44.4357247],[24.539424,44.4358885],[24.5413582,44.436404],[24.5422565,44.4367142],[24.541764,44.4373844],[24.5423182,44.4375716],[24.5431506,44.4379444],[24.5460302,44.4394297],[24.5457787,44.4396801],[24.5466855,44.4401555],[24.546422,44.4404408],[24.5462048,44.4403235],[24.5459879,44.4405398],[24.5446619,44.4398604],[24.5444176,44.4401343],[24.5451309,44.4404937],[24.545023,44.4406248],[24.5434546,44.4398704],[24.5433317,44.4400032],[24.5476887,44.4421127],[24.5478955,44.4418119],[24.5480424,44.4418829],[24.5478951,44.4420525],[24.55021,44.4430738],[24.5519096,44.4437203],[24.5526117,44.4439789],[24.5529662,44.443213],[24.5532579,44.4427929],[24.5533522,44.4427933],[24.557026,44.4440637],[24.5577021,44.4441578],[24.557847,44.4440709],[24.5582498,44.4443507],[24.5585651,44.4444791],[24.5660745,44.4469843],[24.5709762,44.4488312],[24.5820489,44.4528472],[24.5822537,44.4529155],[24.582125,44.4529243],[24.5814727,44.4532123],[24.5810288,44.4532858],[24.5807084,44.4532722],[24.5801139,44.4534554],[24.5799284,44.453559],[24.5797856,44.4536865],[24.5796487,44.4542136],[24.5793363,44.4546708],[24.5790524,44.4552232],[24.5792148,44.4555287],[24.5803832,44.4569516],[24.5804348,44.457207],[24.580287,44.4576568],[24.5805178,44.4577776],[24.5804694,44.4578153],[24.580286,44.4577998],[24.5800923,44.4579264],[24.5799469,44.4579156],[24.579663,44.4582094],[24.5795399,44.4581892],[24.579474,44.4582472],[24.5792823,44.4582887],[24.5791913,44.4582829],[24.5791315,44.4582251],[24.5789589,44.4582302],[24.5788538,44.4583247],[24.5783254,44.4584906],[24.5775217,44.4586059],[24.5764654,44.4584508],[24.5763765,44.4585566],[24.5760717,44.4586234],[24.5759012,44.4587378],[24.5758134,44.4591249],[24.575899,44.4594738],[24.5761093,44.4595683],[24.5762384,44.4597906],[24.5762548,44.4599614],[24.5762226,44.4600495],[24.5759573,44.4602859],[24.5760609,44.4603949],[24.5760535,44.4605398],[24.5757238,44.4606517],[24.5756648,44.4609434],[24.5754245,44.4609434],[24.5752767,44.4610003],[24.5749486,44.4611535],[24.5746846,44.4613675],[24.5739422,44.4614251],[24.5737313,44.461293],[24.5734243,44.4613416],[24.573181,44.4613113],[24.5726064,44.461626],[24.5727059,44.462285],[24.5729131,44.4624872],[24.5729553,44.4627567],[24.5730979,44.4629356],[24.5732398,44.4629904],[24.5734359,44.4629708],[24.5735272,44.4630277],[24.5736421,44.4633156],[24.5738247,44.4634159],[24.5738963,44.4635723],[24.5742602,44.463533],[24.5745655,44.4637265],[24.5748754,44.4637277],[24.5750098,44.4639432],[24.5752654,44.4641543],[24.5754765,44.4642502],[24.5758017,44.464317],[24.5759259,44.4646276],[24.5761047,44.4648229],[24.5766312,44.4650954],[24.576804,44.4652636],[24.576834,44.4654855],[24.5767892,44.4655623],[24.5760041,44.4661423],[24.5759877,44.4662327],[24.5761107,44.4662739],[24.5761354,44.4663487],[24.5760676,44.4665386],[24.5759111,44.4666708],[24.5758059,44.4673026],[24.5752878,44.4676501],[24.5752308,44.4677375],[24.5751548,44.4683005],[24.5753143,44.468534],[24.5757872,44.4686479],[24.5758308,44.4687286],[24.5753395,44.4689281],[24.5751577,44.469077],[24.5751007,44.4691976],[24.5752617,44.4696871],[24.5752357,44.4699401],[24.574474,44.4706081],[24.5738925,44.4714917],[24.573385,44.4715572],[24.5726865,44.471568],[24.5723794,44.4716251],[24.5721218,44.4717362],[24.5718379,44.4719712],[24.5717531,44.4721712],[24.5720115,44.4726753],[24.5720456,44.4729552],[24.5720237,44.4730914],[24.5716967,44.4735832],[24.5717089,44.4743002],[24.5715481,44.4746082],[24.5713781,44.4747862],[24.5710561,44.4750642],[24.5704489,44.4754191],[24.5700913,44.4757699],[24.5698194,44.476228],[24.5697785,44.4764442],[24.5698283,44.4767094],[24.5678966,44.4768094],[24.565882,44.4767696],[24.5650805,44.476801],[24.5604237,44.4772507],[24.5559523,44.4771862],[24.5547751,44.4784427],[24.5537575,44.4794422],[24.5530302,44.4800185],[24.552815,44.4803661],[24.5524589,44.4806154],[24.5523615,44.4807444],[24.5521287,44.4819717],[24.5512322,44.4847708],[24.5511976,44.4853065],[24.5511415,44.4854391],[24.5508687,44.4858574],[24.5505328,44.4861886],[24.5489732,44.4885345],[24.5487372,44.4888052],[24.5483822,44.4894954],[24.5481968,44.4902789],[24.548143,44.4910393],[24.5479178,44.4922634],[24.5478995,44.4926003],[24.5478417,44.4927666],[24.5477315,44.493493],[24.5476963,44.4945249],[24.5478384,44.4948514],[24.5479934,44.4955759],[24.5476936,44.4960126],[24.5474246,44.4967276],[24.5443106,44.4964935],[24.5424049,44.4962752],[24.5373256,44.4956153],[24.5315453,44.4947673],[24.5213263,44.4934418],[24.5180727,44.4929347],[24.5112396,44.4920719],[24.5113228,44.4918335],[24.5122218,44.4893297],[24.5124248,44.4884729],[24.5128402,44.4872358],[24.5134779,44.4856645],[24.5136531,44.4850458],[24.5140189,44.4841565],[24.5140634,44.4839019],[24.5149937,44.4818951],[24.51528,44.4815013],[24.5096474,44.4801172],[24.5069893,44.4793601],[24.5049826,44.4789212],[24.5044832,44.4787738],[24.5043432,44.4786787],[24.5035893,44.4785965],[24.4987368,44.4773812],[24.4983303,44.4773335],[24.4967965,44.4769141],[24.4959336,44.4765784],[24.4949411,44.4763154],[24.4945044,44.4761471],[24.4940223,44.4758918],[24.4930605,44.4755442],[24.4927161,44.4754696],[24.4922644,44.4754623],[24.489041,44.4745988],[24.486834,44.4739366],[24.4854683,44.4736277],[24.4868239,44.4711338],[24.4890781,44.4674632],[24.4900579,44.4657961],[24.4903206,44.4652535],[24.4912409,44.4637566],[24.4919073,44.4624936],[24.4921887,44.4620552],[24.4926998,44.4615542],[24.4929125,44.4612444],[24.4961866,44.4558293],[24.4983971,44.4524097],[24.497679,44.4521038],[24.496476,44.4517845],[24.4956819,44.451279],[24.4952306,44.4510338],[24.4947067,44.450825],[24.4930928,44.4498667],[24.4923397,44.4491904],[24.492254,44.4491599],[24.4921239,44.4491699],[24.4920479,44.4492221],[24.4908381,44.4501945],[24.4905853,44.4500649],[24.4901684,44.450086],[24.4899121,44.4502751],[24.4896145,44.4505948],[24.4892867,44.4508387],[24.4889454,44.4510021],[24.488942,44.4507917],[24.4890703,44.4505314],[24.4890378,44.4502722],[24.4891206,44.4500477],[24.488636,44.4497201],[24.4904393,44.4489974],[24.4906624,44.4487754],[24.490552,44.4486551],[24.4883928,44.4473238],[24.4885882,44.4470885],[24.4887049,44.446833],[24.4887976,44.4464764],[24.488778,44.4462371],[24.4889493,44.4458686],[24.4887938,44.4450388],[24.4888588,44.4449966],[24.4888019,44.4447163],[24.4889133,44.4445555],[24.4910541,44.4422647],[24.4949986,44.4378574],[24.5096698,44.441208]]]}},{"type":"Feature","properties":{"entity_id":"osm-r9744211","jurisdiction":"RO","display_name":"PERIEȚI","display_type":"commune","admin_level":8,"tier":"local","legal_registry":"SIRUTA","legal_id":"128052","legal_type":"commune","parent_catalog_id":"osm-r2366978","osm_relation_id":9744211,"legal_identity_status":"reconciled","geometry_source":"OpenStreetMap","geometry_precision":"master_coordinate_fidelity"},"geometry":{"type":"Polygon","coordinates":[[[24.5822537,44.4529155],[24.5820489,44.4528472],[24.5709762,44.4488312],[24.5660745,44.4469843],[24.5585651,44.4444791],[24.5582498,44.4443507],[24.557847,44.4440709],[24.5577021,44.4441578],[24.557026,44.4440637],[24.5533522,44.4427933],[24.5532579,44.4427929],[24.5529662,44.443213],[24.5526117,44.4439789],[24.5519096,44.4437203],[24.55021,44.4430738],[24.5478951,44.4420525],[24.5480424,44.4418829],[24.5478955,44.4418119],[24.5476887,44.4421127],[24.5433317,44.4400032],[24.5434546,44.4398704],[24.545023,44.4406248],[24.5451309,44.4404937],[24.5444176,44.4401343],[24.5446619,44.4398604],[24.5459879,44.4405398],[24.5462048,44.4403235],[24.546422,44.4404408],[24.5466855,44.4401555],[24.5457787,44.4396801],[24.5460302,44.4394297],[24.5431506,44.4379444],[24.5423182,44.4375716],[24.541764,44.4373844],[24.5422565,44.4367142],[24.5413582,44.436404],[24.539424,44.4358885],[24.5395432,44.4357247],[24.5370723,44.4349084],[24.5367195,44.4353282],[24.5364233,44.4353537],[24.5360877,44.4352647],[24.5358756,44.4355937],[24.5345833,44.4352084],[24.5349316,44.4315058],[24.5350186,44.4313457],[24.5354001,44.4310491],[24.5353921,44.4309654],[24.5349921,44.430642],[24.5349256,44.4305139],[24.5349168,44.4302335],[24.5349949,44.4298115],[24.5349553,44.4294195],[24.534996,44.4290039],[24.5352747,44.4277126],[24.5352715,44.4259788],[24.535835,44.4215611],[24.5359292,44.4215671],[24.5359721,44.4214759],[24.5358786,44.4203555],[24.5356674,44.4197457],[24.5356138,44.4189273],[24.5356247,44.4184717],[24.5357442,44.4179921],[24.5358014,44.4150696],[24.5359237,44.4133811],[24.5360785,44.4128573],[24.5359975,44.4125444],[24.5360474,44.4105548],[24.536156,44.4097487],[24.5362213,44.4084498],[24.5363728,44.4076498],[24.5366624,44.4037907],[24.5367671,44.403467],[24.5370187,44.4016519],[24.537142,44.4012865],[24.5370508,44.4004641],[24.5373758,44.3969975],[24.5375406,44.3925171],[24.5376091,44.3921136],[24.5378512,44.3917585],[24.5376232,44.39144],[24.5375845,44.3911949],[24.5376313,44.3899275],[24.5377682,44.3886861],[24.5378719,44.386823],[24.5379902,44.3857682],[24.5381578,44.3850413],[24.5344897,44.3846157],[24.5344568,44.3841018],[24.534235,44.3831404],[24.5340732,44.3824252],[24.5350086,44.382064],[24.536658,44.3813133],[24.5379137,44.3819036],[24.5378316,44.3820555],[24.5378765,44.38213],[24.5381263,44.3822054],[24.5383703,44.3824272],[24.5388146,44.3825305],[24.539406,44.3825619],[24.5400412,44.3825083],[24.540085,44.3827278],[24.5405526,44.3829257],[24.5411891,44.3833126],[24.5437911,44.3841387],[24.5442998,44.3843805],[24.5461477,44.3849738],[24.5468953,44.3851298],[24.5478966,44.3851821],[24.5483987,44.385328],[24.5488609,44.3855933],[24.5494665,44.3847157],[24.5501032,44.3840564],[24.5515468,44.3843418],[24.5524401,44.3847334],[24.551917,44.3848544],[24.5516654,44.3851894],[24.5510419,44.3852631],[24.5506796,44.3854823],[24.5505798,44.3856287],[24.5507301,44.3859583],[24.5506677,44.3860642],[24.5504002,44.3861739],[24.5524856,44.387073],[24.5526219,44.3869793],[24.5564808,44.388224],[24.5566958,44.3882766],[24.5570729,44.3882766],[24.5578713,44.3886482],[24.5670535,44.3911935],[24.5671592,44.3912629],[24.5671386,44.3915583],[24.5672101,44.391654],[24.5678434,44.3917399],[24.5681468,44.3917302],[24.5686137,44.39164],[24.5692994,44.3917141],[24.5744518,44.3931456],[24.5745429,44.3931997],[24.5741738,44.3937764],[24.5741782,44.3939921],[24.5751111,44.3934335],[24.5796972,44.3947468],[24.5800168,44.3947128],[24.5803606,44.3947519],[24.5834804,44.3956998],[24.5871211,44.3967138],[24.5886004,44.3970802],[24.5891537,44.3972839],[24.5898659,44.3974601],[24.5904414,44.3976745],[24.5918934,44.3981055],[24.5922998,44.3982975],[24.5940566,44.3988838],[24.594649,44.3989858],[24.5962334,44.3993676],[24.6011139,44.4008734],[24.6037306,44.4016045],[24.6040252,44.4016527],[24.6039476,44.402137],[24.6025098,44.4071633],[24.605355,44.4087645],[24.6074806,44.4100316],[24.6115516,44.4121635],[24.6127354,44.4128942],[24.6154634,44.4142503],[24.6155657,44.4142071],[24.6157112,44.4142687],[24.6158802,44.4143687],[24.6159207,44.4144646],[24.6159153,44.4145051],[24.6151752,44.4144878],[24.6141539,44.4147594],[24.6138215,44.4148507],[24.6127407,44.4153312],[24.6112296,44.4149144],[24.6101422,44.4145786],[24.609829,44.414435],[24.6096756,44.413747],[24.6094571,44.4135034],[24.609292,44.4134621],[24.6091983,44.4134762],[24.6094488,44.4139046],[24.6095378,44.4145095],[24.6095241,44.4147567],[24.6094438,44.4149334],[24.6094184,44.4149636],[24.6087719,44.4148393],[24.6082863,44.414979],[24.6080153,44.4150938],[24.6077519,44.4156415],[24.6101934,44.4162165],[24.6127139,44.4170302],[24.6144114,44.4177032],[24.6144831,44.4178505],[24.6145034,44.4181322],[24.6144198,44.4184361],[24.6145102,44.4185122],[24.6143106,44.4194194],[24.6143213,44.4200081],[24.6144164,44.4203066],[24.6147684,44.4204878],[24.6157719,44.4207856],[24.6160157,44.4207672],[24.6161095,44.4205329],[24.6167143,44.4196084],[24.6168644,44.4194191],[24.6172422,44.4191922],[24.6186197,44.419679],[24.6192768,44.4200486],[24.6196894,44.4200237],[24.6200622,44.4201602],[24.6211179,44.4206729],[24.6214873,44.4210797],[24.6210744,44.4226401],[24.6208479,44.4229831],[24.6204812,44.4232678],[24.6197328,44.4231234],[24.6196121,44.4231508],[24.6193847,44.4235771],[24.6194415,44.4236895],[24.619624,44.4237974],[24.6195769,44.4239942],[24.61944,44.4242838],[24.6189963,44.4247493],[24.6189385,44.4249293],[24.6187543,44.4250472],[24.6185303,44.4253122],[24.6183048,44.4252712],[24.6182412,44.4253178],[24.6181069,44.4255992],[24.6178926,44.4258214],[24.6170309,44.4264577],[24.6167008,44.4264675],[24.6165236,44.4272488],[24.616593,44.4277084],[24.6165365,44.4278584],[24.6163572,44.4278819],[24.6161581,44.4278063],[24.6156182,44.4277207],[24.6155826,44.4279098],[24.6157957,44.4280814],[24.6158474,44.4283606],[24.6157667,44.4284109],[24.6154775,44.4283454],[24.6153136,44.4284652],[24.6153204,44.4285332],[24.6155953,44.4285586],[24.6156973,44.4286077],[24.6157015,44.4287019],[24.6154361,44.428708],[24.6154316,44.4289292],[24.6149258,44.4295303],[24.6137779,44.4298373],[24.6133595,44.4300891],[24.6132093,44.4300586],[24.6130779,44.4297738],[24.6129296,44.4296878],[24.6127541,44.4297249],[24.6125691,44.4300319],[24.6122091,44.4299611],[24.6121291,44.4301435],[24.6119222,44.4301286],[24.6117296,44.4300203],[24.611498,44.4300248],[24.6114974,44.4301113],[24.6116903,44.4302582],[24.6107291,44.4306853],[24.6107014,44.4308478],[24.6105349,44.4309097],[24.6106368,44.4310953],[24.6103211,44.4314441],[24.6102847,44.4317236],[24.6102014,44.4318678],[24.6104835,44.4322388],[24.6100893,44.4323812],[24.609898,44.4325095],[24.6098331,44.4326175],[24.6099166,44.4328282],[24.6095425,44.4331717],[24.609138,44.4333096],[24.6085972,44.4333967],[24.6083315,44.4335113],[24.6083207,44.433578],[24.6084216,44.4336525],[24.6083589,44.4337501],[24.6081391,44.4338012],[24.6077161,44.4340813],[24.6076985,44.4342354],[24.607561,44.4343757],[24.6076179,44.4345271],[24.6073053,44.434532],[24.6072077,44.4345835],[24.607253,44.4348649],[24.6072069,44.4349358],[24.6069914,44.4349721],[24.6068182,44.4348811],[24.6066939,44.4349044],[24.6067901,44.4350619],[24.606691,44.4353165],[24.6066286,44.4353666],[24.606461,44.4353572],[24.6064045,44.4354503],[24.6064567,44.4355683],[24.6068197,44.4357063],[24.6068297,44.4357452],[24.6065863,44.4358664],[24.6067248,44.4359981],[24.6067027,44.4362014],[24.6063222,44.4363682],[24.6062266,44.4363771],[24.6059459,44.43628],[24.6056562,44.4363604],[24.6056841,44.4364362],[24.605864,44.4365496],[24.6056956,44.4366415],[24.6056788,44.4368392],[24.605384,44.4370355],[24.605717,44.4371465],[24.6057616,44.4372145],[24.6055296,44.4374358],[24.6054097,44.4374871],[24.6053182,44.4376757],[24.6050872,44.4378154],[24.6050031,44.4380945],[24.6049149,44.4381346],[24.6045092,44.4381024],[24.604389,44.4378727],[24.6042809,44.437861],[24.6040527,44.4379281],[24.6035,44.4379568],[24.6029699,44.4382254],[24.6030176,44.4385033],[24.6029434,44.4388018],[24.6031737,44.4389863],[24.6031822,44.4390606],[24.6030304,44.4391618],[24.6027468,44.4390946],[24.6026857,44.4391138],[24.6026105,44.4392281],[24.6026336,44.4394882],[24.6021537,44.4397433],[24.6020944,44.4398315],[24.6021075,44.4398977],[24.6023454,44.4400633],[24.602231,44.4402986],[24.6023045,44.4404281],[24.6022833,44.4405653],[24.6023579,44.440817],[24.602006,44.4408919],[24.6018272,44.4411186],[24.601611,44.4411536],[24.6014485,44.4411092],[24.6013743,44.4410332],[24.6014236,44.4408984],[24.6015565,44.4407857],[24.6015554,44.4407119],[24.6013478,44.4406742],[24.5998528,44.4412151],[24.5992464,44.4415372],[24.5988428,44.4414839],[24.598551,44.4415361],[24.5982439,44.4414789],[24.5980471,44.4415883],[24.5980604,44.4418253],[24.5980127,44.4418413],[24.5978649,44.4418336],[24.5973479,44.4415607],[24.5971539,44.441709],[24.5969956,44.441764],[24.5968531,44.4417079],[24.5966488,44.4415348],[24.5964908,44.4415486],[24.5964555,44.4415736],[24.5965377,44.4416529],[24.5965361,44.4418808],[24.5960348,44.4421567],[24.595981,44.4423306],[24.5960404,44.4427975],[24.595929,44.4429568],[24.5957328,44.4430566],[24.5956972,44.4431247],[24.59512,44.4433205],[24.59461,44.4436247],[24.5941096,44.4436821],[24.5939138,44.4437635],[24.593676,44.4439564],[24.5932285,44.4446422],[24.5927025,44.4449568],[24.5921673,44.4455643],[24.5911987,44.4458826],[24.5904809,44.446301],[24.5902835,44.4467193],[24.5902451,44.4470813],[24.5902544,44.4474515],[24.5904367,44.4475762],[24.5904578,44.4476904],[24.5902662,44.4477652],[24.5901834,44.4479246],[24.5900292,44.4480523],[24.5900226,44.4481421],[24.5898173,44.4482837],[24.5896447,44.4481989],[24.5892354,44.4483557],[24.5879708,44.4491277],[24.5880033,44.449316],[24.5878158,44.4493638],[24.5878324,44.449542],[24.5876463,44.4496725],[24.5873204,44.4500615],[24.587314,44.4501242],[24.5875576,44.4503033],[24.5874041,44.4505561],[24.5873082,44.4505999],[24.5871371,44.4505765],[24.5868526,44.4508221],[24.5869392,44.4509578],[24.5869201,44.4511288],[24.586595,44.4512004],[24.5865659,44.4513699],[24.5861945,44.4516721],[24.5861612,44.4521396],[24.5862101,44.452292],[24.5864,44.4524794],[24.5861176,44.4527008],[24.5858042,44.4528037],[24.5857818,44.4528806],[24.5858907,44.453046],[24.5858518,44.453245],[24.5856998,44.45326],[24.5855926,44.4530802],[24.5855238,44.4530545],[24.585424,44.4532152],[24.585117,44.4531166],[24.5849512,44.4531315],[24.5849147,44.4532768],[24.5846375,44.4534199],[24.5847446,44.4536095],[24.5844643,44.4536424],[24.5843561,44.453601],[24.584126,44.4533453],[24.5838828,44.4534334],[24.5837442,44.4532253],[24.5835608,44.453226],[24.5834685,44.4531692],[24.5830518,44.4532298],[24.582944,44.4531404],[24.582852,44.4531471],[24.5825528,44.4530313],[24.5822537,44.4529155]]]}},{"type":"Feature","properties":{"entity_id":"osm-r9744212","jurisdiction":"RO","display_name":"VALEA MARE","display_type":"commune","admin_level":8,"tier":"local","legal_registry":"SIRUTA","legal_id":"129656","legal_type":"commune","parent_catalog_id":"osm-r2366978","osm_relation_id":9744212,"legal_identity_status":"reconciled","geometry_source":"OpenStreetMap","geometry_precision":"master_coordinate_fidelity"},"geometry":{"type":"Polygon","coordinates":[[[24.5112396,44.4920719],[24.5102778,44.4947087],[24.5094397,44.4964169],[24.5068394,44.5022228],[24.5058087,44.5047175],[24.5040871,44.5084622],[24.5030611,44.5109805],[24.5030478,44.5110494],[24.5018404,44.5105396],[24.4929913,44.5065153],[24.473416,44.4974721],[24.4712304,44.4965265],[24.4676774,44.4949012],[24.4663249,44.4943447],[24.4645064,44.4933873],[24.4611888,44.4919138],[24.4610757,44.491936],[24.456726,44.4965657],[24.4428875,44.4901637],[24.4424367,44.4898538],[24.4421921,44.4895712],[24.4420435,44.4892358],[24.4420117,44.4889559],[24.4421105,44.4885524],[24.442952,44.4868661],[24.443093,44.4863558],[24.4430683,44.4856154],[24.4427329,44.4849281],[24.4423969,44.4845121],[24.4419726,44.4841531],[24.4386618,44.4821544],[24.4380409,44.4818246],[24.4370027,44.4814184],[24.4361386,44.4811665],[24.4353821,44.4808634],[24.4350026,44.4806265],[24.4341624,44.4799033],[24.4337698,44.4794587],[24.433643,44.4790753],[24.4336464,44.4787843],[24.4340716,44.4778808],[24.434142,44.4775965],[24.4340806,44.4772907],[24.4338113,44.4769544],[24.433445,44.4767377],[24.433067,44.4766578],[24.4324456,44.476638],[24.4312944,44.4767127],[24.4307897,44.4766767],[24.4302186,44.4765215],[24.4298322,44.4763272],[24.427853,44.4750278],[24.4083847,44.4626984],[24.4079985,44.4624517],[24.4010752,44.4580748],[24.4011376,44.457947],[24.4012692,44.4576773],[24.4013227,44.4574186],[24.4016033,44.4569215],[24.4024595,44.4556737],[24.403453,44.4539214],[24.403751,44.4536636],[24.4044378,44.452761],[24.4053311,44.4512827],[24.4084577,44.4474305],[24.4094956,44.4459858],[24.4110181,44.4440895],[24.4126429,44.441801],[24.4131176,44.4415349],[24.4130427,44.4414844],[24.413729,44.4404753],[24.4143196,44.4398027],[24.4154798,44.4382731],[24.4161367,44.4373113],[24.4163097,44.4371379],[24.4168659,44.4362094],[24.4178183,44.4350825],[24.4184237,44.434454],[24.4203788,44.4319062],[24.4233508,44.4283024],[24.4244485,44.4266213],[24.4247369,44.4263199],[24.4253125,44.4261564],[24.4259175,44.4234858],[24.4334868,44.4216847],[24.4280557,44.4162955],[24.4278325,44.4159478],[24.4266517,44.4149063],[24.4214392,44.4098187],[24.4169628,44.4052822],[24.424898,44.4013594],[24.4264975,44.4005686],[24.4330107,44.3973284],[24.433783,44.3982574],[24.43524,44.399557],[24.4386544,44.4028923],[24.438875,44.403166],[24.4388863,44.403382],[24.4388171,44.4034761],[24.442113,44.4033617],[24.4428189,44.4033771],[24.4477244,44.4032504],[24.4492663,44.403162],[24.4494176,44.4031071],[24.4495503,44.40263],[24.449874,44.4022649],[24.4499977,44.4018414],[24.4508887,44.4017927],[24.4508589,44.4015124],[24.4543122,44.4013236],[24.4545337,44.4015335],[24.454685,44.4017734],[24.4550616,44.4019122],[24.4554849,44.4019214],[24.455803,44.4020446],[24.455861,44.4022468],[24.4556697,44.4024012],[24.4552473,44.4023802],[24.4546465,44.4022637],[24.4543726,44.4021917],[24.4537775,44.4018429],[24.4535844,44.401789],[24.4532449,44.401959],[24.4533196,44.4022522],[24.4535141,44.4025283],[24.4533691,44.4029435],[24.4539274,44.4028585],[24.4573303,44.4026824],[24.4574248,44.403868],[24.4577762,44.4082789],[24.4579254,44.4083036],[24.4588335,44.4081613],[24.4588871,44.4082557],[24.4589319,44.4089382],[24.4590146,44.4091562],[24.4595073,44.4099393],[24.4597288,44.4109371],[24.4589296,44.4109407],[24.4585535,44.4127353],[24.4593039,44.4128238],[24.4615884,44.4129661],[24.4633674,44.4129281],[24.4636161,44.4171304],[24.4635185,44.4181569],[24.4773904,44.4192134],[24.4766462,44.4195781],[24.4767889,44.4196729],[24.4782189,44.4197828],[24.4791403,44.4199057],[24.4792671,44.4199738],[24.4794259,44.4201699],[24.4794979,44.4204941],[24.4834041,44.4208649],[24.4844149,44.4208531],[24.485078,44.4209744],[24.4852581,44.4212518],[24.4852516,44.422114],[24.4854888,44.4232369],[24.4856212,44.423496],[24.4869666,44.4243912],[24.4871258,44.424547],[24.4871754,44.4248169],[24.4872885,44.4248781],[24.4875586,44.4249311],[24.4894201,44.4249278],[24.4969019,44.42554],[24.4971768,44.4255254],[24.4974248,44.4250283],[24.4976133,44.4248101],[24.4974745,44.4243171],[24.4974571,44.4230213],[24.497358,44.4224043],[24.4972142,44.4200045],[24.497006,44.4180328],[24.4967431,44.4110076],[24.4968064,44.4100473],[24.4968431,44.4094901],[24.4965094,44.4053537],[24.4966835,44.4051733],[24.4972678,44.4050838],[24.4978786,44.4051667],[24.4982584,44.4052899],[24.4985436,44.4053093],[24.4998684,44.4052653],[24.504663,44.4052481],[24.5058151,44.4051745],[24.5062483,44.4092398],[24.5068515,44.4182385],[24.5070173,44.4236416],[24.5082447,44.4235382],[24.5094097,44.4235137],[24.5099713,44.4236575],[24.5101166,44.4239472],[24.5100291,44.4267835],[24.5116947,44.4270254],[24.512543,44.427201],[24.5126579,44.4272743],[24.512201,44.4348324],[24.5118735,44.436945],[24.5100301,44.4366091],[24.5100254,44.4368222],[24.5101633,44.4369633],[24.5101347,44.4375766],[24.5096827,44.4411356],[24.5096698,44.441208],[24.4949986,44.4378574],[24.4910541,44.4422647],[24.4889133,44.4445555],[24.4888019,44.4447163],[24.4888588,44.4449966],[24.4887938,44.4450388],[24.4889493,44.4458686],[24.488778,44.4462371],[24.4887976,44.4464764],[24.4887049,44.446833],[24.4885882,44.4470885],[24.4883928,44.4473238],[24.490552,44.4486551],[24.4906624,44.4487754],[24.4904393,44.4489974],[24.488636,44.4497201],[24.4891206,44.4500477],[24.4890378,44.4502722],[24.4890703,44.4505314],[24.488942,44.4507917],[24.4889454,44.4510021],[24.4892867,44.4508387],[24.4896145,44.4505948],[24.4899121,44.4502751],[24.4901684,44.450086],[24.4905853,44.4500649],[24.4908381,44.4501945],[24.4920479,44.4492221],[24.4921239,44.4491699],[24.492254,44.4491599],[24.4923397,44.4491904],[24.4930928,44.4498667],[24.4947067,44.450825],[24.4952306,44.4510338],[24.4956819,44.451279],[24.496476,44.4517845],[24.497679,44.4521038],[24.4983971,44.4524097],[24.4961866,44.4558293],[24.4929125,44.4612444],[24.4926998,44.4615542],[24.4921887,44.4620552],[24.4919073,44.4624936],[24.4912409,44.4637566],[24.4903206,44.4652535],[24.4900579,44.4657961],[24.4890781,44.4674632],[24.4868239,44.4711338],[24.4854683,44.4736277],[24.486834,44.4739366],[24.489041,44.4745988],[24.4922644,44.4754623],[24.4927161,44.4754696],[24.4930605,44.4755442],[24.4940223,44.4758918],[24.4945044,44.4761471],[24.4949411,44.4763154],[24.4959336,44.4765784],[24.4967965,44.4769141],[24.4983303,44.4773335],[24.4987368,44.4773812],[24.5035893,44.4785965],[24.5043432,44.4786787],[24.5044832,44.4787738],[24.5049826,44.4789212],[24.5069893,44.4793601],[24.5096474,44.4801172],[24.51528,44.4815013],[24.5149937,44.4818951],[24.5140634,44.4839019],[24.5140189,44.4841565],[24.5136531,44.4850458],[24.5134779,44.4856645],[24.5128402,44.4872358],[24.5124248,44.4884729],[24.5122218,44.4893297],[24.5113228,44.4918335],[24.5112396,44.4920719]]]}},{"type":"Feature","properties":{"entity_id":"osm-r9744213","jurisdiction":"RO","display_name":"CURTIȘOARA","display_type":"commune","admin_level":8,"tier":"local","legal_registry":"SIRUTA","legal_id":"126433","legal_type":"commune","parent_catalog_id":"osm-r2366978","osm_relation_id":9744213,"legal_identity_status":"reconciled","geometry_source":"OpenStreetMap","geometry_precision":"master_coordinate_fidelity"},"geometry":{"type":"Polygon","coordinates":[[[24.3212835,44.4502352],[24.3212968,44.4501714],[24.3215599,44.4491904],[24.3213662,44.448914],[24.3213114,44.4480632],[24.3219055,44.4480925],[24.3220037,44.4476161],[24.3224267,44.4465888],[24.3230987,44.4459463],[24.3245383,44.444883],[24.3251715,44.4451617],[24.3265648,44.445976],[24.328087,44.4467937],[24.328481,44.4466832],[24.328756,44.4464983],[24.329177,44.4463324],[24.3298922,44.4461876],[24.3301379,44.4460754],[24.3302969,44.4459308],[24.3305465,44.4461702],[24.3307804,44.4465123],[24.3307501,44.4466882],[24.3305577,44.447058],[24.3301848,44.4470728],[24.3299907,44.4477765],[24.3308996,44.4490927],[24.3310503,44.4490936],[24.3397311,44.4513052],[24.3421206,44.4466493],[24.3452276,44.4475034],[24.3453033,44.4475907],[24.3452962,44.4478098],[24.3451535,44.4480625],[24.345198,44.4482175],[24.3450874,44.4484122],[24.3450316,44.4487368],[24.3454096,44.4490162],[24.3454441,44.449101],[24.3452902,44.4493197],[24.3449536,44.4496329],[24.3449079,44.4500411],[24.3446292,44.4506793],[24.3441918,44.4513604],[24.3439932,44.4519425],[24.3446193,44.4522265],[24.3458392,44.4525651],[24.3448509,44.4537826],[24.3441953,44.4554768],[24.3426699,44.4550798],[24.3425343,44.4551],[24.3424561,44.4552287],[24.3424533,44.4552772],[24.3427988,44.4554204],[24.3430384,44.4556131],[24.3430391,44.4557485],[24.3433756,44.4562408],[24.3435314,44.4565502],[24.3435695,44.4573831],[24.3435169,44.4579157],[24.3435608,44.4579728],[24.3439031,44.458022],[24.3439116,44.4580681],[24.3435886,44.458278],[24.3434978,44.4584231],[24.3438488,44.4592689],[24.3438541,44.4612991],[24.3440776,44.4617269],[24.3446704,44.4621768],[24.3498271,44.462233],[24.3501147,44.4650562],[24.3503128,44.4683243],[24.35383,44.4689417],[24.3561544,44.4694891],[24.356831,44.4696484],[24.3590715,44.4702285],[24.3592279,44.470269],[24.3600586,44.4704334],[24.3649393,44.4713992],[24.3651635,44.4714436],[24.3654417,44.4716837],[24.3658562,44.4718931],[24.3687043,44.4725262],[24.3685372,44.472623],[24.3678942,44.4734406],[24.3677352,44.4737325],[24.3678056,44.473852],[24.3697453,44.4740803],[24.3699253,44.4741352],[24.3705988,44.4741809],[24.3712157,44.4741505],[24.3717543,44.4742046],[24.3721976,44.474366],[24.372577,44.4744231],[24.3729893,44.4748579],[24.3730549,44.4750043],[24.3730631,44.4754715],[24.3732831,44.4756882],[24.3736216,44.4759932],[24.3749054,44.4766949],[24.3755044,44.4767884],[24.3766488,44.4767822],[24.3778767,44.4766732],[24.3783836,44.4767022],[24.3788259,44.476617],[24.37894,44.4764871],[24.3794351,44.474671],[24.3798496,44.4735667],[24.3798874,44.4734848],[24.3799975,44.4734866],[24.3802491,44.4734906],[24.3803936,44.4735137],[24.3835556,44.4740202],[24.3850266,44.4741551],[24.3856672,44.4743289],[24.3908361,44.4754392],[24.3917576,44.4756113],[24.392067,44.4756321],[24.3940827,44.4760811],[24.3999117,44.4770411],[24.4035653,44.4779239],[24.4037237,44.4779601],[24.4097735,44.4793591],[24.4185983,44.4815651],[24.4162503,44.4862445],[24.4145961,44.489286],[24.4140487,44.4904859],[24.4174649,44.4910021],[24.4206712,44.4914193],[24.4195469,44.4935447],[24.4190145,44.4943565],[24.4184861,44.4955315],[24.4184518,44.4958096],[24.4168503,44.5234033],[24.41685,44.5234074],[24.4168151,44.5234031],[24.403672,44.520999],[24.4024549,44.5245117],[24.4020354,44.5244872],[24.40156,44.52438],[24.3904799,44.5209409],[24.376811,44.5166158],[24.3718379,44.5151729],[24.3718103,44.5152005],[24.3703538,44.5147271],[24.3686891,44.5143186],[24.3682776,44.5141519],[24.3676836,44.5141554],[24.3663346,44.5138345],[24.3648838,44.5133565],[24.3642126,44.5132147],[24.3636103,44.5129],[24.36334,44.5129332],[24.3631091,44.5127182],[24.3627824,44.5125684],[24.3608033,44.5120636],[24.3613177,44.5117494],[24.3613503,44.51151],[24.3612162,44.5102631],[24.3610292,44.5100516],[24.3609082,44.5099934],[24.3599287,44.5098005],[24.3580584,44.5096681],[24.3570891,44.5096597],[24.3561802,44.5095226],[24.3553965,44.5095425],[24.3549927,44.5095106],[24.3547066,44.5094697],[24.3542386,44.5093259],[24.3525171,44.5091081],[24.3488378,44.5080304],[24.3474629,44.5075724],[24.3462347,44.5072992],[24.3456072,44.5071116],[24.3449696,44.5070911],[24.3441502,44.5071626],[24.3402685,44.5068967],[24.3399192,44.5072073],[24.3398906,44.5072943],[24.3402049,44.5084206],[24.3402379,44.5087318],[24.3401778,44.5087597],[24.33926,44.5086626],[24.3389177,44.5087237],[24.3379281,44.5086554],[24.3344344,44.5082186],[24.3349723,44.5114166],[24.3338902,44.5114327],[24.3338896,44.5114873],[24.3337431,44.5114865],[24.3337414,44.5114353],[24.3309515,44.5114106],[24.3309454,44.511943],[24.3292874,44.5118976],[24.3283474,44.5118137],[24.3077285,44.5113396],[24.3048724,44.507551],[24.2962375,44.5075554],[24.2912815,44.5075576],[24.2912916,44.5071275],[24.2910733,44.5065876],[24.2908875,44.5063419],[24.2908609,44.5062181],[24.2909228,44.5060772],[24.2905296,44.5050634],[24.2902675,44.5048079],[24.2896462,44.5043754],[24.2889329,44.504048],[24.2884775,44.5037338],[24.2878709,44.5030387],[24.2876865,44.5025996],[24.2876345,44.502262],[24.2876176,44.5019209],[24.2877985,44.50146],[24.2882837,44.5008792],[24.2887632,44.500378],[24.2893125,44.5000148],[24.289588,44.4999058],[24.2900135,44.4996065],[24.2903481,44.4992613],[24.2903384,44.4987459],[24.2898087,44.4977866],[24.2896107,44.4976338],[24.2893028,44.4975231],[24.2889054,44.4975004],[24.2888262,44.4974108],[24.2888992,44.497023],[24.289027,44.4967577],[24.2893948,44.4962466],[24.2901068,44.4954868],[24.2906021,44.4949182],[24.2909822,44.4945671],[24.2915159,44.4942801],[24.2918293,44.4941688],[24.2922619,44.4937891],[24.2929992,44.4928499],[24.293176,44.4922335],[24.2934672,44.4918836],[24.2938443,44.4916134],[24.2942042,44.4914644],[24.2947979,44.4913619],[24.29497,44.491409],[24.2953113,44.4914168],[24.2956453,44.4913614],[24.2960307,44.4913782],[24.2965949,44.4912207],[24.2974468,44.4906103],[24.297588,44.4903438],[24.2975793,44.4901182],[24.2973582,44.4893631],[24.2971171,44.488872],[24.29695,44.4887416],[24.2961507,44.4887452],[24.2958182,44.488677],[24.2955439,44.488448],[24.2951545,44.4874476],[24.2952536,44.4866137],[24.2960197,44.4855795],[24.2974748,44.4842726],[24.2976242,44.4840684],[24.297825,44.4839349],[24.2981827,44.4838204],[24.2988402,44.4838862],[24.2995267,44.4836768],[24.3006097,44.4837144],[24.3013362,44.4833799],[24.3018108,44.4825763],[24.3019658,44.4819184],[24.3017427,44.4814552],[24.3013426,44.4809473],[24.3007697,44.4803565],[24.2999867,44.4799678],[24.299447,44.4797746],[24.2989451,44.4797983],[24.2982645,44.4795923],[24.2973161,44.4790151],[24.2967186,44.4787848],[24.2963774,44.4784792],[24.2954853,44.4774867],[24.2944328,44.4766493],[24.29313,44.4764602],[24.2910554,44.4764478],[24.2899547,44.4766121],[24.2895509,44.4767577],[24.2890644,44.4768132],[24.288391,44.4766959],[24.2877491,44.4764929],[24.2867602,44.4758105],[24.2863453,44.4751403],[24.2863292,44.4743957],[24.2864155,44.4738998],[24.2867514,44.4734408],[24.2874346,44.4728246],[24.2878962,44.472514],[24.2881294,44.4724867],[24.2883459,44.4725139],[24.2885248,44.472656],[24.2887327,44.4727263],[24.2891113,44.4726281],[24.289752,44.4722395],[24.29192,44.4717253],[24.2926758,44.4716667],[24.2934059,44.4715019],[24.2946579,44.47093],[24.2954984,44.4702256],[24.2960186,44.4700828],[24.2970761,44.4688535],[24.2974982,44.4676582],[24.2974023,44.4655318],[24.2985043,44.4641085],[24.2993486,44.4634292],[24.3000955,44.4629601],[24.3012387,44.4625724],[24.3026685,44.4622692],[24.3063877,44.4620812],[24.3106067,44.4620289],[24.3108319,44.4547432],[24.3126266,44.4503611],[24.317501,44.4519244],[24.3179371,44.4518902],[24.3184855,44.4519881],[24.3188889,44.4519193],[24.3193154,44.4517127],[24.3198558,44.4515448],[24.3200989,44.4514088],[24.3206189,44.4510929],[24.3210658,44.4507009],[24.3212851,44.4503516],[24.3212835,44.4502352]]]}},{"type":"Feature","properties":{"entity_id":"osm-r9744214","jurisdiction":"RO","display_name":"PLEȘOIU","display_type":"commune","admin_level":8,"tier":"local","legal_registry":"SIRUTA","legal_id":"128221","legal_type":"commune","parent_catalog_id":"osm-r2366978","osm_relation_id":9744214,"legal_identity_status":"reconciled","geometry_source":"OpenStreetMap","geometry_precision":"master_coordinate_fidelity"},"geometry":{"type":"Polygon","coordinates":[[[24.3212835,44.4502352],[24.3212851,44.4503516],[24.3210658,44.4507009],[24.3206189,44.4510929],[24.3200989,44.4514088],[24.3198558,44.4515448],[24.3193154,44.4517127],[24.3188889,44.4519193],[24.3184855,44.4519881],[24.3179371,44.4518902],[24.317501,44.4519244],[24.3126266,44.4503611],[24.3108319,44.4547432],[24.3106067,44.4620289],[24.3063877,44.4620812],[24.3026685,44.4622692],[24.3012387,44.4625724],[24.3000955,44.4629601],[24.2993486,44.4634292],[24.2985043,44.4641085],[24.2974023,44.4655318],[24.2974982,44.4676582],[24.2970761,44.4688535],[24.2960186,44.4700828],[24.2954984,44.4702256],[24.2946579,44.47093],[24.2934059,44.4715019],[24.2926758,44.4716667],[24.29192,44.4717253],[24.289752,44.4722395],[24.2891113,44.4726281],[24.2887327,44.4727263],[24.2885248,44.472656],[24.2883459,44.4725139],[24.2881294,44.4724867],[24.2878962,44.472514],[24.2874346,44.4728246],[24.2867514,44.4734408],[24.2864155,44.4738998],[24.2863292,44.4743957],[24.2863453,44.4751403],[24.2867602,44.4758105],[24.2877491,44.4764929],[24.288391,44.4766959],[24.2890644,44.4768132],[24.2895509,44.4767577],[24.2899547,44.4766121],[24.2910554,44.4764478],[24.29313,44.4764602],[24.2944328,44.4766493],[24.2954853,44.4774867],[24.2963774,44.4784792],[24.2967186,44.4787848],[24.2973161,44.4790151],[24.2982645,44.4795923],[24.2989451,44.4797983],[24.299447,44.4797746],[24.2999867,44.4799678],[24.3007697,44.4803565],[24.3013426,44.4809473],[24.3017427,44.4814552],[24.3019658,44.4819184],[24.3018108,44.4825763],[24.3013362,44.4833799],[24.3006097,44.4837144],[24.2995267,44.4836768],[24.2988402,44.4838862],[24.2981827,44.4838204],[24.297825,44.4839349],[24.2976242,44.4840684],[24.2974748,44.4842726],[24.2960197,44.4855795],[24.2952536,44.4866137],[24.2951545,44.4874476],[24.2955439,44.488448],[24.2958182,44.488677],[24.2961507,44.4887452],[24.29695,44.4887416],[24.2971171,44.488872],[24.2973582,44.4893631],[24.2975793,44.4901182],[24.297588,44.4903438],[24.2974468,44.4906103],[24.2965949,44.4912207],[24.2960307,44.4913782],[24.2956453,44.4913614],[24.2953113,44.4914168],[24.29497,44.491409],[24.2947979,44.4913619],[24.2942042,44.4914644],[24.2938443,44.4916134],[24.2934672,44.4918836],[24.293176,44.4922335],[24.2929992,44.4928499],[24.2922619,44.4937891],[24.2918293,44.4941688],[24.2915159,44.4942801],[24.2909822,44.4945671],[24.2906021,44.4949182],[24.2901068,44.4954868],[24.2896588,44.4954757],[24.2857019,44.4951742],[24.2819595,44.4950785],[24.2812382,44.495094],[24.2779545,44.4952342],[24.2772664,44.4953373],[24.2739802,44.4955931],[24.2720202,44.4958102],[24.2709321,44.4958751],[24.2705469,44.4958398],[24.2704464,44.4960331],[24.2669202,44.496434],[24.2656185,44.4964704],[24.2634243,44.4964195],[24.2614305,44.4965111],[24.2585005,44.4964548],[24.2584961,44.496668],[24.2581211,44.4966791],[24.2571396,44.4965386],[24.2568581,44.4964745],[24.2565652,44.496331],[24.2510456,44.4962678],[24.250501,44.4962826],[24.2504577,44.4963213],[24.2465172,44.496295],[24.2464381,44.4966914],[24.246386,44.4976684],[24.2464346,44.4981026],[24.2463927,44.5008644],[24.2463219,44.5019529],[24.2463772,44.5027672],[24.2463312,44.504029],[24.2462296,44.5042274],[24.2460777,44.5078851],[24.2461532,44.5090724],[24.2462591,44.5091819],[24.2462456,44.5092382],[24.2459242,44.5092331],[24.2457586,44.5092982],[24.2439855,44.5092587],[24.2439834,44.5105517],[24.2407488,44.5105838],[24.2342787,44.5105178],[24.2338909,44.5104749],[24.2296682,44.5104713],[24.2290702,44.5104639],[24.2289235,44.5103681],[24.2285902,44.5103869],[24.228393,44.5104562],[24.2276973,44.5110967],[24.2275168,44.5113608],[24.2274239,44.5113662],[24.2271922,44.5113616],[24.2264499,44.5110659],[24.2192131,44.5110483],[24.2192085,44.5106518],[24.2099305,44.5105991],[24.2094085,44.5109052],[24.2093383,44.5112226],[24.2058142,44.5112638],[24.2065973,44.510546],[24.2075117,44.5098821],[24.2090133,44.5085969],[24.2093464,44.5082623],[24.2095038,44.507884],[24.2096372,44.5062377],[24.2090294,44.4994408],[24.2089849,44.4983428],[24.2090004,44.4973759],[24.2091922,44.4969599],[24.2079293,44.4972132],[24.2063708,44.497671],[24.2060756,44.497683],[24.206207,44.4975913],[24.2051503,44.4973554],[24.2050565,44.4970539],[24.2051046,44.4969087],[24.2032658,44.4955958],[24.2014353,44.4944195],[24.1996472,44.4933613],[24.1984968,44.4927028],[24.197596,44.4922565],[24.1925006,44.4888478],[24.1921968,44.4885107],[24.1925869,44.4884647],[24.1925415,44.4882659],[24.1918942,44.4882957],[24.1902351,44.4872645],[24.1873975,44.4853987],[24.1863595,44.4846971],[24.185802,44.4842467],[24.18488,44.4836988],[24.1838956,44.4832815],[24.1831634,44.4826485],[24.182067,44.4818364],[24.1778799,44.4789187],[24.1761305,44.477826],[24.1737926,44.4762134],[24.1722898,44.475314],[24.1700014,44.4737649],[24.1695193,44.4735184],[24.1692865,44.4735028],[24.1686936,44.473118],[24.1685248,44.4726734],[24.1681269,44.4720658],[24.1681397,44.4719982],[24.1681686,44.4719901],[24.1684594,44.4718015],[24.1687834,44.4717806],[24.1691092,44.4716278],[24.1694885,44.4715601],[24.1699513,44.4714043],[24.1701841,44.4713944],[24.1715587,44.4706657],[24.1732556,44.4699276],[24.175571,44.4684509],[24.1760515,44.4680862],[24.17636,44.4676416],[24.1770753,44.4674109],[24.1773353,44.4673963],[24.1776117,44.4672654],[24.1779685,44.4672394],[24.1784645,44.4670454],[24.181837,44.4665818],[24.1827204,44.4664019],[24.1829688,44.4664438],[24.1841203,44.4661214],[24.1859148,44.4662115],[24.1859479,44.4659642],[24.1869747,44.4658704],[24.1871663,44.464891],[24.1888838,44.4649039],[24.1896762,44.4648106],[24.18968,44.4640997],[24.1893313,44.4635192],[24.1875236,44.4636396],[24.1860345,44.4638569],[24.1858594,44.4635527],[24.1858394,44.4618714],[24.1867467,44.4620684],[24.1876412,44.4607539],[24.1877992,44.4607197],[24.1880853,44.4605571],[24.1901229,44.461022],[24.1904379,44.4598906],[24.1907933,44.4585127],[24.1871688,44.4580172],[24.1868004,44.4577072],[24.1864581,44.456726],[24.1864959,44.456088],[24.1868467,44.4559201],[24.1872863,44.4557841],[24.1878687,44.4557799],[24.1879053,44.4557745],[24.1890986,44.4556314],[24.1944035,44.4552594],[24.1985777,44.4548161],[24.2052196,44.4544071],[24.2086499,44.4541538],[24.2107991,44.4540895],[24.2108276,44.4541953],[24.2110039,44.4542195],[24.2117544,44.4541853],[24.2150162,44.453902],[24.2182909,44.4537156],[24.2233275,44.4532743],[24.2270802,44.4530991],[24.2296605,44.4529033],[24.2307504,44.4527627],[24.2308341,44.4526712],[24.2317267,44.4526032],[24.2333733,44.4525536],[24.235534,44.452424],[24.2367161,44.4524238],[24.2409877,44.4522961],[24.2417859,44.452424],[24.2422866,44.4525539],[24.2432353,44.4524165],[24.2439313,44.452416],[24.244175,44.4523733],[24.2451488,44.4521244],[24.2487077,44.4513486],[24.2487883,44.4512965],[24.2488185,44.4511943],[24.2506537,44.4509906],[24.2524578,44.450869],[24.2550337,44.450761],[24.2582653,44.4507718],[24.2668965,44.450368],[24.2700406,44.4502827],[24.2711558,44.4501733],[24.2719318,44.4498825],[24.2721315,44.4498723],[24.2726188,44.4498759],[24.2736709,44.4501701],[24.2743077,44.4502561],[24.2744747,44.4502294],[24.2749372,44.4500335],[24.2766737,44.4502274],[24.2797104,44.4499578],[24.2886659,44.4495999],[24.2901147,44.4488301],[24.2931477,44.4467588],[24.300266,44.4507655],[24.3016685,44.4498559],[24.3020959,44.4495055],[24.3021165,44.4489893],[24.3020264,44.448615],[24.3020354,44.4483713],[24.3023373,44.4478887],[24.3027567,44.4474426],[24.3030532,44.4471927],[24.3037965,44.4468028],[24.3065853,44.445025],[24.306693,44.4449827],[24.3070715,44.4448341],[24.3078571,44.4447255],[24.3079822,44.4446311],[24.3100782,44.4457645],[24.3104677,44.4460342],[24.3112107,44.4457924],[24.3116495,44.4455771],[24.3130168,44.4447305],[24.3158335,44.4434286],[24.31626,44.4433068],[24.3163217,44.444277],[24.3130307,44.4475278],[24.3143928,44.4482126],[24.3207561,44.4501651],[24.3212835,44.4502352]]]}},{"type":"Feature","properties":{"entity_id":"osm-r9744215","jurisdiction":"RO","display_name":"MORUNGLAV","display_type":"commune","admin_level":8,"tier":"local","legal_registry":"SIRUTA","legal_id":"127625","legal_type":"commune","parent_catalog_id":"osm-r2366978","osm_relation_id":9744215,"legal_identity_status":"reconciled","geometry_source":"OpenStreetMap","geometry_precision":"master_coordinate_fidelity"},"geometry":{"type":"Polygon","coordinates":[[[24.1917426,44.4239492],[24.1917188,44.4241188],[24.1889932,44.4384616],[24.188172,44.4433429],[24.1859606,44.4536707],[24.187334,44.4535768],[24.1878188,44.455225],[24.1879053,44.4556391],[24.1878687,44.4557799],[24.1872863,44.4557841],[24.1868467,44.4559201],[24.1864959,44.456088],[24.1864581,44.456726],[24.1868004,44.4577072],[24.1871688,44.4580172],[24.1907933,44.4585127],[24.1904379,44.4598906],[24.1901229,44.461022],[24.1880853,44.4605571],[24.1877992,44.4607197],[24.1876412,44.4607539],[24.1867467,44.4620684],[24.1858394,44.4618714],[24.1858594,44.4635527],[24.1860345,44.4638569],[24.1875236,44.4636396],[24.1893313,44.4635192],[24.18968,44.4640997],[24.1896762,44.4648106],[24.1888838,44.4649039],[24.1871663,44.464891],[24.1869747,44.4658704],[24.1859479,44.4659642],[24.1859148,44.4662115],[24.1841203,44.4661214],[24.1829688,44.4664438],[24.1827204,44.4664019],[24.181837,44.4665818],[24.1784645,44.4670454],[24.1779685,44.4672394],[24.1776117,44.4672654],[24.1773353,44.4673963],[24.1770753,44.4674109],[24.17636,44.4676416],[24.1760515,44.4680862],[24.175571,44.4684509],[24.1732556,44.4699276],[24.1715587,44.4706657],[24.1701841,44.4713944],[24.1699513,44.4714043],[24.1694885,44.4715601],[24.1691092,44.4716278],[24.1687834,44.4717806],[24.1684594,44.4718015],[24.1681686,44.4719901],[24.1681397,44.4719982],[24.1680412,44.4720256],[24.1672865,44.4703927],[24.1647698,44.4657484],[24.1642519,44.4655321],[24.1640674,44.4655186],[24.1639329,44.465307],[24.1636933,44.4651251],[24.1631981,44.4649121],[24.1598323,44.4630778],[24.1582055,44.4633795],[24.1571642,44.4637456],[24.1566611,44.4639733],[24.1570456,44.4773667],[24.1543813,44.4802599],[24.1534349,44.481603],[24.1532853,44.4822038],[24.1529001,44.4823066],[24.1527828,44.4823785],[24.1518942,44.4832253],[24.1508733,44.484424],[24.1508537,44.4845077],[24.1501893,44.4851951],[24.1499621,44.4855799],[24.1497721,44.4857033],[24.1495563,44.4857083],[24.1493712,44.4858153],[24.1490844,44.4861694],[24.1491893,44.4863498],[24.1484867,44.4871449],[24.1484552,44.4872537],[24.1488186,44.4895588],[24.1491688,44.4908532],[24.1491962,44.4915049],[24.1493148,44.4917318],[24.149398,44.4921214],[24.1491496,44.4926902],[24.1474207,44.4944959],[24.1457508,44.4963356],[24.1448157,44.4971955],[24.1439904,44.4976975],[24.1433171,44.498],[24.1404568,44.4997804],[24.1374258,44.5014879],[24.1365633,44.5024722],[24.1366337,44.5024865],[24.1356294,44.5037226],[24.1350196,44.5044429],[24.1345067,44.504944],[24.134296,44.5053509],[24.1340356,44.5056795],[24.1322663,44.5099461],[24.132185,44.5103137],[24.1322648,44.5105077],[24.1322173,44.5106165],[24.1319432,44.5107872],[24.1317945,44.5109921],[24.1309565,44.511684],[24.1306743,44.5119714],[24.1305861,44.512177],[24.1303863,44.5122412],[24.1289055,44.5136725],[24.1285713,44.5139308],[24.1270707,44.5154288],[24.1261147,44.516289],[24.1258893,44.5165584],[24.1253775,44.5169519],[24.1251647,44.5173486],[24.1243687,44.5178996],[24.1234033,44.5187173],[24.1197533,44.5220167],[24.1194617,44.5222595],[24.1178896,44.5232401],[24.1161922,44.5240756],[24.1160873,44.5243105],[24.1160632,44.524299],[24.1157968,44.5243412],[24.1153178,44.5245953],[24.114561,44.5246037],[24.1142414,44.5246841],[24.1138155,44.5248752],[24.113549,44.5249079],[24.1107495,44.5240526],[24.109238,44.5236822],[24.109255,44.5233883],[24.1080709,44.5247976],[24.1073874,44.5243551],[24.1062934,44.5235229],[24.1038629,44.5219026],[24.1018284,44.5204283],[24.1011162,44.5200522],[24.1003317,44.5195345],[24.0949539,44.5157932],[24.0936931,44.5155466],[24.093299,44.51553],[24.0930042,44.5155705],[24.0929617,44.5156397],[24.0930579,44.5164483],[24.0923509,44.5163924],[24.0921443,44.5164281],[24.0867225,44.5143229],[24.0872092,44.5137839],[24.0875411,44.5135789],[24.0875529,44.5132545],[24.0876112,44.51318],[24.0880475,44.5131026],[24.0881776,44.5130241],[24.0884391,44.512535],[24.0886774,44.5122539],[24.0889218,44.5121274],[24.0890782,44.5119419],[24.0892137,44.5118825],[24.089869,44.5113638],[24.0902888,44.5111396],[24.0905388,44.511078],[24.0919931,44.5109386],[24.0915804,44.5100127],[24.0910283,44.5092088],[24.0904297,44.5087218],[24.0900916,44.5081197],[24.0895616,44.5075028],[24.0892714,44.5068852],[24.0887471,44.5063255],[24.08793,44.5051674],[24.0852758,44.5021436],[24.0832935,44.500515],[24.0820929,44.499892],[24.081613,44.4997138],[24.081325,44.4994311],[24.0811719,44.4991492],[24.0809405,44.4979682],[24.0809982,44.4977852],[24.0809065,44.4975338],[24.080903,44.497328],[24.0810376,44.4970478],[24.0815042,44.4965158],[24.0814983,44.4964014],[24.0813187,44.4961425],[24.0815419,44.4953802],[24.0820123,44.4945337],[24.0824712,44.4934777],[24.0830423,44.4924825],[24.0831792,44.4921318],[24.0831552,44.4918892],[24.0826645,44.4919933],[24.0823101,44.4919593],[24.0819976,44.4917443],[24.0817272,44.4914359],[24.0805293,44.4909437],[24.0778566,44.4902602],[24.0779114,44.488653],[24.0799284,44.4852393],[24.0812588,44.4828358],[24.0777346,44.4818275],[24.0776228,44.4812722],[24.0775373,44.4811138],[24.0775124,44.4802736],[24.0773606,44.4797957],[24.0770827,44.4795159],[24.0767632,44.4793566],[24.0763212,44.4790098],[24.0765322,44.4790181],[24.0766359,44.4789926],[24.0766828,44.4789305],[24.0767023,44.4786524],[24.0769541,44.4779699],[24.0773857,44.4773622],[24.077509,44.476935],[24.0774105,44.4766975],[24.0773328,44.4761825],[24.076031,44.4759821],[24.0755299,44.475847],[24.0752747,44.4755951],[24.0750566,44.4750354],[24.0751234,44.4745437],[24.0752544,44.4742072],[24.0755204,44.4738236],[24.0759745,44.4734416],[24.0761743,44.4727126],[24.0747704,44.4716891],[24.0740213,44.4713296],[24.073713,44.47124],[24.0724587,44.4712071],[24.0719848,44.4712176],[24.0716503,44.4712925],[24.0708345,44.4718409],[24.0704007,44.4729075],[24.0698737,44.4732196],[24.0694522,44.473364],[24.0691562,44.4733665],[24.0687761,44.4734604],[24.0681962,44.473744],[24.0678883,44.4734165],[24.0673579,44.472693],[24.0674014,44.4724863],[24.0682632,44.4718948],[24.069361,44.4710425],[24.0708209,44.470393],[24.0723898,44.4699572],[24.0741696,44.469267],[24.0748436,44.4691558],[24.075626,44.4691082],[24.0764342,44.4691953],[24.0769602,44.469349],[24.0776969,44.4698533],[24.0796553,44.4715864],[24.0808534,44.472267],[24.0821786,44.4732313],[24.0831171,44.4738084],[24.0844598,44.4745271],[24.0851845,44.473135],[24.0877059,44.4738367],[24.0876793,44.4736207],[24.0894948,44.474078],[24.0895649,44.4731573],[24.0883337,44.4711719],[24.0879158,44.4702879],[24.0875744,44.4687619],[24.0882591,44.4674822],[24.0896236,44.4673266],[24.0922273,44.4674602],[24.0922273,44.466768],[24.0925822,44.466742],[24.0936783,44.4668267],[24.0944045,44.4669478],[24.0957761,44.4669064],[24.0962945,44.4667404],[24.0968038,44.4664564],[24.0970293,44.4660706],[24.0971193,44.4656994],[24.0970514,44.4653616],[24.0968908,44.4651037],[24.0960143,44.46407],[24.0954944,44.463302],[24.0952269,44.4631761],[24.094464,44.4633628],[24.0930916,44.46315],[24.092706,44.4629246],[24.0912698,44.461815],[24.0909349,44.4615179],[24.089879,44.4595116],[24.0893852,44.4590992],[24.0900068,44.4586438],[24.0902816,44.4583456],[24.0905524,44.4581933],[24.0910786,44.458098],[24.0914249,44.458112],[24.0932584,44.458468],[24.0936738,44.4586008],[24.0942027,44.4588973],[24.0945132,44.4583899],[24.0949937,44.4573555],[24.0953446,44.4568496],[24.0924863,44.4563288],[24.0930049,44.4546366],[24.0922607,44.454205],[24.0919661,44.453742],[24.0917019,44.4535267],[24.0902587,44.4526891],[24.090063,44.4523621],[24.0898123,44.4521249],[24.0898533,44.4509514],[24.0901336,44.4506736],[24.0906285,44.4506492],[24.0917998,44.4507785],[24.09282,44.4507715],[24.0939567,44.450511],[24.0940942,44.450446],[24.0942497,44.4502103],[24.0943201,44.4500653],[24.0943066,44.44991],[24.0941685,44.4496736],[24.094203,44.4490035],[24.0940761,44.4487575],[24.0939998,44.4483591],[24.0937134,44.4480062],[24.0936116,44.4476236],[24.0924661,44.4471072],[24.0921773,44.446302],[24.0925419,44.4460124],[24.0932042,44.4456171],[24.0935674,44.4454981],[24.0941616,44.4451822],[24.0946299,44.4448669],[24.095317,44.4440771],[24.0956431,44.4435745],[24.0959281,44.4433974],[24.0962365,44.4432869],[24.0967922,44.4429309],[24.0968168,44.4428226],[24.0962642,44.4423491],[24.0958433,44.4421857],[24.0954673,44.4419079],[24.0953376,44.4417359],[24.095196,44.4413321],[24.0952863,44.4409503],[24.0954809,44.4408253],[24.0963388,44.4406222],[24.0971097,44.4406268],[24.0992718,44.4418972],[24.0994801,44.4420715],[24.099493,44.4422717],[24.099626,44.4424616],[24.0994385,44.4430834],[24.0986009,44.4436805],[24.0984499,44.4438622],[24.0983267,44.4442606],[24.0981829,44.4452208],[24.0982292,44.4453034],[24.0988243,44.4454893],[24.0991071,44.4453679],[24.0996501,44.4448675],[24.1001155,44.4446195],[24.1008086,44.4444352],[24.1020445,44.444192],[24.1047353,44.4442099],[24.1053029,44.4443672],[24.105367,44.4439614],[24.1036913,44.4428056],[24.1032106,44.4416832],[24.1036579,44.4402644],[24.103807,44.4397915],[24.1038309,44.4397155],[24.1040185,44.4391207],[24.1034633,44.4382324],[24.1028359,44.4375515],[24.103593,44.4367427],[24.1033201,44.4363039],[24.1037916,44.4360627],[24.1039113,44.435886],[24.104096,44.4351529],[24.1040518,44.434959],[24.1040992,44.4344814],[24.1041943,44.4343431],[24.104606,44.4340186],[24.1058648,44.433782],[24.1073063,44.43375],[24.1078452,44.4338859],[24.1081712,44.4338594],[24.1084573,44.4339133],[24.1087162,44.4340275],[24.1089214,44.4344502],[24.1090338,44.4350415],[24.1095679,44.4364142],[24.1108744,44.435663],[24.1120966,44.4339114],[24.1121765,44.4330314],[24.1115336,44.4316578],[24.1093873,44.4287372],[24.1082442,44.4275143],[24.1075291,44.4255835],[24.1183578,44.4260188],[24.1209185,44.4261477],[24.122578,44.4262959],[24.1246254,44.426558],[24.1279151,44.4270871],[24.1289966,44.4273078],[24.1372161,44.428566],[24.1402039,44.4291038],[24.1420183,44.4293557],[24.1455747,44.4299716],[24.1476744,44.4302652],[24.1521986,44.4310569],[24.1535653,44.4312661],[24.1539684,44.4312216],[24.1541432,44.4309096],[24.1544609,44.4308912],[24.1545893,44.4304316],[24.1542573,44.4303364],[24.1538032,44.4303494],[24.1537114,44.4302992],[24.1537124,44.4302252],[24.153818,44.4300791],[24.1542193,44.4300177],[24.1542691,44.4299416],[24.1538753,44.42983],[24.1535064,44.4301444],[24.1534525,44.4303386],[24.1531799,44.4302847],[24.1530822,44.4301822],[24.1530965,44.430119],[24.1532438,44.4299473],[24.1532559,44.4298552],[24.1534596,44.4296705],[24.1527483,44.4289816],[24.1527456,44.4287],[24.1522613,44.4286205],[24.1521601,44.4285292],[24.1521753,44.4284313],[24.1523002,44.4283281],[24.1526671,44.4281796],[24.1526062,44.4280298],[24.1522586,44.4277954],[24.1522788,44.4277268],[24.1525167,44.4275911],[24.1523838,44.4272529],[24.1524003,44.4271415],[24.1527607,44.4271637],[24.1530432,44.426934],[24.1533205,44.4268972],[24.1533544,44.4267718],[24.1532806,44.426454],[24.1536347,44.4259106],[24.1536773,44.4257336],[24.1536447,44.4254979],[24.1531533,44.4252028],[24.152852,44.4249512],[24.1523098,44.4249647],[24.1523374,44.424858],[24.1524759,44.4248061],[24.152473,44.4246047],[24.1527088,44.4245289],[24.1527368,44.4243066],[24.1530374,44.4240999],[24.15297,44.4239975],[24.1526006,44.423866],[24.1525797,44.4237497],[24.1527827,44.423622],[24.1528855,44.4233244],[24.1530061,44.4232151],[24.1533947,44.4231534],[24.1540021,44.4229573],[24.1540878,44.4229932],[24.1542575,44.4233119],[24.1544717,44.4233958],[24.1546256,44.4233911],[24.1546814,44.423224],[24.1545402,44.4230598],[24.1545541,44.4229482],[24.1547358,44.4227957],[24.1550752,44.4227152],[24.1551163,44.4226187],[24.154254,44.4223302],[24.1541455,44.4222585],[24.1545647,44.4221674],[24.1548168,44.4222662],[24.155119,44.422282],[24.1555738,44.4224243],[24.1556939,44.4224158],[24.1557625,44.4223327],[24.1556924,44.4219555],[24.15504,44.4216431],[24.1553888,44.4215079],[24.1558854,44.4215882],[24.1560916,44.421357],[24.1566593,44.4215095],[24.1568829,44.4213296],[24.1571269,44.4213431],[24.1574375,44.4206429],[24.1570381,44.4204333],[24.1570255,44.4203399],[24.1571423,44.4201441],[24.1570065,44.4200465],[24.1567574,44.4200613],[24.1563533,44.4201799],[24.1560136,44.4201631],[24.1561563,44.4199427],[24.1565883,44.4197853],[24.1565612,44.4197041],[24.1562246,44.4195192],[24.1561586,44.419384],[24.1561981,44.4192915],[24.156351,44.4191396],[24.1568846,44.4189693],[24.1570031,44.419037],[24.1571686,44.4192885],[24.1569678,44.4195305],[24.1570147,44.4196152],[24.1571173,44.4196608],[24.157485,44.4196652],[24.1576041,44.4195731],[24.1576855,44.4192638],[24.1577945,44.4192061],[24.1580616,44.4191857],[24.1583058,44.4192547],[24.1583784,44.4195462],[24.1585338,44.4196042],[24.1585657,44.4193961],[24.1587866,44.4194214],[24.1588866,44.4193556],[24.1587651,44.4190876],[24.1588111,44.4190103],[24.1589181,44.4189978],[24.1592303,44.4191299],[24.1593638,44.4189879],[24.1592668,44.4187553],[24.1589215,44.4186048],[24.1590475,44.4185485],[24.1593858,44.4185342],[24.159448,44.4184562],[24.1589597,44.4181277],[24.1588826,44.4180126],[24.1589257,44.4179062],[24.1592423,44.4176717],[24.1595665,44.4172324],[24.1597757,44.4171524],[24.1600179,44.417217],[24.1602797,44.4171326],[24.1604876,44.4171467],[24.1605636,44.4171912],[24.1605732,44.4172807],[24.1604102,44.417496],[24.1604905,44.4175468],[24.1606423,44.4175009],[24.1608012,44.417349],[24.1608614,44.4171858],[24.1606496,44.4168176],[24.1606629,44.4165948],[24.160781,44.4165199],[24.1609343,44.4165463],[24.1610717,44.4166928],[24.1611812,44.4170733],[24.1617066,44.4171984],[24.161951,44.4173249],[24.1634363,44.4177619],[24.1651493,44.4184706],[24.167094,44.4191337],[24.1685175,44.4197247],[24.1685547,44.4199507],[24.1687678,44.419799],[24.1693073,44.4198672],[24.1701104,44.4198897],[24.1705139,44.4199651],[24.1707669,44.4200602],[24.1719076,44.4206739],[24.1727441,44.4209906],[24.1744144,44.4220134],[24.1751645,44.4223108],[24.1839112,44.4231846],[24.1878438,44.4235303],[24.1916514,44.4239344],[24.1917426,44.4239492]]]}},{"type":"Feature","properties":{"entity_id":"osm-r9744216","jurisdiction":"RO","display_name":"CĂLUI","display_type":"commune","admin_level":8,"tier":"local","legal_registry":"SIRUTA","legal_id":"130295","legal_type":"commune","parent_catalog_id":"osm-r2366978","osm_relation_id":9744216,"legal_identity_status":"reconciled","geometry_source":"OpenStreetMap","geometry_precision":"master_coordinate_fidelity"},"geometry":{"type":"Polygon","coordinates":[[[24.103807,44.4397915],[24.1036579,44.4402644],[24.1032106,44.4416832],[24.1036913,44.4428056],[24.105367,44.4439614],[24.1053029,44.4443672],[24.1047353,44.4442099],[24.1020445,44.444192],[24.1008086,44.4444352],[24.1001155,44.4446195],[24.0996501,44.4448675],[24.0991071,44.4453679],[24.0988243,44.4454893],[24.0982292,44.4453034],[24.0981829,44.4452208],[24.0983267,44.4442606],[24.0984499,44.4438622],[24.0986009,44.4436805],[24.0994385,44.4430834],[24.099626,44.4424616],[24.099493,44.4422717],[24.0994801,44.4420715],[24.0992718,44.4418972],[24.0971097,44.4406268],[24.0963388,44.4406222],[24.0954809,44.4408253],[24.0952863,44.4409503],[24.095196,44.4413321],[24.0953376,44.4417359],[24.0954673,44.4419079],[24.0958433,44.4421857],[24.0962642,44.4423491],[24.0968168,44.4428226],[24.0967922,44.4429309],[24.0962365,44.4432869],[24.0959281,44.4433974],[24.0956431,44.4435745],[24.095317,44.4440771],[24.0946299,44.4448669],[24.0941616,44.4451822],[24.0935674,44.4454981],[24.0932042,44.4456171],[24.0925419,44.4460124],[24.0921773,44.446302],[24.0924661,44.4471072],[24.0936116,44.4476236],[24.0937134,44.4480062],[24.0939998,44.4483591],[24.0940761,44.4487575],[24.094203,44.4490035],[24.0941685,44.4496736],[24.0943066,44.44991],[24.0943201,44.4500653],[24.0942497,44.4502103],[24.0940942,44.450446],[24.0939567,44.450511],[24.09282,44.4507715],[24.0917998,44.4507785],[24.0906285,44.4506492],[24.0901336,44.4506736],[24.0898533,44.4509514],[24.0898123,44.4521249],[24.090063,44.4523621],[24.0902587,44.4526891],[24.0917019,44.4535267],[24.0919661,44.453742],[24.0922607,44.454205],[24.0930049,44.4546366],[24.0924863,44.4563288],[24.0953446,44.4568496],[24.0949937,44.4573555],[24.0945132,44.4583899],[24.0942027,44.4588973],[24.0936738,44.4586008],[24.0932584,44.458468],[24.0914249,44.458112],[24.0910786,44.458098],[24.0905524,44.4581933],[24.0902816,44.4583456],[24.0900068,44.4586438],[24.0893852,44.4590992],[24.089879,44.4595116],[24.0909349,44.4615179],[24.0912698,44.461815],[24.092706,44.4629246],[24.0930916,44.46315],[24.094464,44.4633628],[24.0952269,44.4631761],[24.0954944,44.463302],[24.0960143,44.46407],[24.0968908,44.4651037],[24.0970514,44.4653616],[24.0971193,44.4656994],[24.0970293,44.4660706],[24.0968038,44.4664564],[24.0962945,44.4667404],[24.0957761,44.4669064],[24.0944045,44.4669478],[24.0936783,44.4668267],[24.0925822,44.466742],[24.0922273,44.466768],[24.0922273,44.4674602],[24.0896236,44.4673266],[24.0882591,44.4674822],[24.0875744,44.4687619],[24.0879158,44.4702879],[24.0883337,44.4711719],[24.0895649,44.4731573],[24.0894948,44.474078],[24.0876793,44.4736207],[24.0877059,44.4738367],[24.0851845,44.473135],[24.0844598,44.4745271],[24.0831171,44.4738084],[24.0821786,44.4732313],[24.0808534,44.472267],[24.0796553,44.4715864],[24.0776969,44.4698533],[24.0769602,44.469349],[24.0764342,44.4691953],[24.075626,44.4691082],[24.0748436,44.4691558],[24.0741696,44.469267],[24.0723898,44.4699572],[24.0708209,44.470393],[24.069361,44.4710425],[24.0682632,44.4718948],[24.0674014,44.4724863],[24.0673579,44.472693],[24.0678883,44.4734165],[24.0681962,44.473744],[24.0687761,44.4734604],[24.0691562,44.4733665],[24.0694522,44.473364],[24.0698737,44.4732196],[24.0704007,44.4729075],[24.0708345,44.4718409],[24.0716503,44.4712925],[24.0719848,44.4712176],[24.0724587,44.4712071],[24.073713,44.47124],[24.0740213,44.4713296],[24.0747704,44.4716891],[24.0761743,44.4727126],[24.0759745,44.4734416],[24.0755204,44.4738236],[24.0752544,44.4742072],[24.0751234,44.4745437],[24.0750566,44.4750354],[24.0752747,44.4755951],[24.0755299,44.475847],[24.076031,44.4759821],[24.0773328,44.4761825],[24.0774105,44.4766975],[24.077509,44.476935],[24.0773857,44.4773622],[24.0769541,44.4779699],[24.0767023,44.4786524],[24.0766828,44.4789305],[24.0766359,44.4789926],[24.0765322,44.4790181],[24.0763212,44.4790098],[24.0767632,44.4793566],[24.0770827,44.4795159],[24.0773606,44.4797957],[24.0775124,44.4802736],[24.0775373,44.4811138],[24.0776228,44.4812722],[24.0777346,44.4818275],[24.0719226,44.4805114],[24.0709931,44.4803885],[24.0697062,44.480115],[24.0691745,44.4799314],[24.0682207,44.4797033],[24.0659579,44.4792482],[24.0598951,44.4779001],[24.0593344,44.4777283],[24.0589616,44.4775294],[24.0585756,44.4771771],[24.0581133,44.4767131],[24.0578481,44.4763567],[24.057726,44.4760864],[24.0576458,44.4752276],[24.0576861,44.4748667],[24.0558091,44.4743682],[24.0553303,44.4743583],[24.0540033,44.4705929],[24.0538716,44.4700869],[24.0537141,44.4699972],[24.0527609,44.4696878],[24.0520757,44.4695474],[24.0512669,44.4693032],[24.0507513,44.4690711],[24.0506232,44.4689462],[24.0501611,44.4687087],[24.0495049,44.4684608],[24.0488341,44.4682842],[24.0485776,44.4680862],[24.0483754,44.4677427],[24.0481839,44.4676064],[24.0477256,44.4674658],[24.0471892,44.4671947],[24.0466439,44.4670534],[24.0463183,44.4670406],[24.0459146,44.4671679],[24.0457941,44.4671548],[24.0448945,44.4669011],[24.044161,44.4667473],[24.0437879,44.4665685],[24.043192,44.4664283],[24.0421074,44.4663889],[24.0399451,44.4665329],[24.0386552,44.4665021],[24.0383136,44.4664429],[24.0378993,44.4665422],[24.0372259,44.4665023],[24.0366165,44.4665593],[24.0340257,44.4672114],[24.0335204,44.4673799],[24.0330565,44.467274],[24.0320755,44.4668226],[24.0310174,44.4664471],[24.0309926,44.4665192],[24.0307483,44.466682],[24.0298631,44.4671257],[24.0278153,44.4678639],[24.0271459,44.4680275],[24.0258866,44.4685122],[24.0226403,44.4694748],[24.0222466,44.469728],[24.021522,44.4699026],[24.0212597,44.4701735],[24.021047,44.4701536],[24.0209279,44.470093],[24.0197736,44.4693263],[24.0196892,44.4693822],[24.0196983,44.4695377],[24.0195276,44.4698437],[24.0193535,44.4698759],[24.0190481,44.4697663],[24.0188821,44.4699648],[24.0189067,44.4701587],[24.0187551,44.4701794],[24.0186531,44.4700451],[24.0185638,44.4700296],[24.0184173,44.4700977],[24.0181981,44.4701252],[24.0180782,44.4702702],[24.0173588,44.4701191],[24.0162145,44.4694545],[24.0161689,44.4697434],[24.0160968,44.4698169],[24.0159146,44.4698971],[24.0157441,44.4699134],[24.014767,44.4697073],[24.0134013,44.4695776],[24.0122278,44.4693163],[24.0118948,44.469205],[24.0117076,44.4690143],[24.009926,44.4684072],[24.0089149,44.4681456],[24.0071235,44.4675786],[24.0062951,44.4672681],[24.0059803,44.4670922],[24.0031033,44.4662976],[24.0020093,44.465951],[23.993209,44.4629568],[23.9961576,44.4604495],[23.9988924,44.4581698],[23.9989574,44.4580914],[23.9995058,44.4574106],[24.0006683,44.4557211],[24.0009408,44.4554667],[24.0016566,44.4553434],[24.002111,44.4550408],[24.0034688,44.4545576],[24.0045275,44.4539312],[24.0049439,44.4535909],[24.0059675,44.4529286],[24.0065216,44.4527183],[24.0068754,44.4523907],[24.007269,44.452312],[24.0077052,44.4523142],[24.0084468,44.4522171],[24.0086306,44.4523223],[24.0088875,44.4523016],[24.0094405,44.4521293],[24.0096082,44.4519336],[24.0099488,44.4517295],[24.0102926,44.4516496],[24.0109774,44.4508953],[24.0110539,44.4507015],[24.0112731,44.4505015],[24.0117294,44.4501871],[24.0120621,44.4500578],[24.0133023,44.4492531],[24.0137744,44.4480583],[24.0143108,44.4476753],[24.0159416,44.4474609],[24.0169072,44.4471239],[24.0179586,44.4464192],[24.0188169,44.4456686],[24.0192616,44.4450923],[24.0207226,44.4446405],[24.0316495,44.4408537],[24.0362371,44.4392123],[24.0367691,44.4390748],[24.0392224,44.4382387],[24.041956,44.4372318],[24.0580906,44.4316096],[24.0594486,44.4312007],[24.0617298,44.4308306],[24.0622187,44.4308191],[24.0626515,44.4309161],[24.0644375,44.4316196],[24.06482,44.4318096],[24.0655555,44.4323293],[24.0672936,44.4333125],[24.0692249,44.4341066],[24.0695548,44.4341911],[24.0709312,44.4343697],[24.0727273,44.4344584],[24.075416,44.4350953],[24.075213,44.4367066],[24.0753262,44.4367137],[24.0746553,44.4386492],[24.07479,44.4386972],[24.0755041,44.4387298],[24.0758227,44.4386722],[24.0761518,44.438541],[24.0766236,44.4382437],[24.0772501,44.437623],[24.0780704,44.4371478],[24.0787984,44.4366049],[24.0792038,44.4360794],[24.0793452,44.4360002],[24.0807357,44.4357974],[24.0818627,44.4360074],[24.0822554,44.4359838],[24.0828424,44.4360823],[24.0838847,44.4363317],[24.084327,44.4364223],[24.0846352,44.4364281],[24.0847745,44.4364795],[24.0848335,44.4365837],[24.0847606,44.438832],[24.0848862,44.439161],[24.0898391,44.4393584],[24.0901336,44.439344],[24.0909924,44.4390899],[24.0916794,44.4390686],[24.0920151,44.4391082],[24.092294,44.4391941],[24.0929199,44.4394902],[24.1001476,44.4397161],[24.1035006,44.4397787],[24.103807,44.4397915]]]}},{"type":"Feature","properties":{"entity_id":"osm-r9744217","jurisdiction":"RO","display_name":"IANCU JIANU","display_type":"commune","admin_level":8,"tier":"local","legal_registry":"SIRUTA","legal_id":"127288","legal_type":"commune","parent_catalog_id":"osm-r2366978","osm_relation_id":9744217,"legal_identity_status":"reconciled","geometry_source":"OpenStreetMap","geometry_precision":"master_coordinate_fidelity"},"geometry":{"type":"Polygon","coordinates":[[[23.9947964,44.5345158],[23.9945242,44.5344766],[23.9931457,44.5350099],[23.9929953,44.5352214],[23.9928034,44.5357879],[23.991836,44.5370496],[23.9908849,44.5378953],[23.9902771,44.5382771],[23.9901422,44.5383064],[23.9891205,44.5380507],[23.9876865,44.5373945],[23.9872864,44.5372881],[23.9864291,44.5372921],[23.9856432,44.5371801],[23.9854983,44.5372687],[23.9853898,44.53742],[23.9848376,44.5376667],[23.9841053,44.5376269],[23.9827474,44.5372158],[23.9823362,44.537197],[23.9816532,44.5370007],[23.9802327,44.5364733],[23.9795288,44.5363323],[23.9791395,44.5361323],[23.9783717,44.5359513],[23.9780624,44.5359285],[23.9780036,44.535776],[23.9777904,44.5358141],[23.9775985,44.535696],[23.9767986,44.5355055],[23.9760201,44.5352045],[23.9754948,44.535052],[23.9746549,44.5346901],[23.9730979,44.5343242],[23.9725856,44.5342543],[23.9677706,44.5328995],[23.9673045,44.5327896],[23.9622395,44.5319478],[23.9609789,44.5316689],[23.9597672,44.5314756],[23.9592006,44.5313168],[23.9586355,44.531297],[23.9581571,44.5313892],[23.95759,44.5311828],[23.9566074,44.5309861],[23.9563305,44.5309991],[23.9557993,44.5311373],[23.9552056,44.5314055],[23.9548233,44.531522],[23.9532929,44.5318734],[23.953007,44.5317909],[23.9514305,44.5316461],[23.9502188,44.5313208],[23.9497039,44.5312323],[23.9494656,44.5312977],[23.9490246,44.5315639],[23.9481508,44.5316877],[23.9475001,44.5316578],[23.9472596,44.5315562],[23.9464917,44.5319053],[23.9461026,44.532169],[23.9457567,44.5322001],[23.9449733,44.532381],[23.9445809,44.5326956],[23.9444885,44.5328323],[23.9440366,44.53312],[23.943822,44.5333791],[23.9420533,44.5341207],[23.9397317,44.5343624],[23.9394244,44.5343021],[23.9393916,44.534228],[23.9393114,44.5342017],[23.9383499,44.533982],[23.9370883,44.5336152],[23.9360662,44.5332186],[23.9357247,44.5330209],[23.9352983,44.532938],[23.9349961,44.532481],[23.9339974,44.5314651],[23.9335454,44.5307796],[23.9327685,44.5300454],[23.9326056,44.5299332],[23.9322324,44.529791],[23.9315757,44.5292299],[23.9309889,44.5289089],[23.9303598,44.5286433],[23.93005,44.5283656],[23.9298794,44.5282896],[23.929216,44.5281689],[23.929064,44.5281254],[23.9291334,44.5273987],[23.9292342,44.5272912],[23.9303174,44.5268655],[23.9306331,44.5267891],[23.9307487,44.5268766],[23.9306912,44.5269129],[23.9313073,44.5272876],[23.9314794,44.5274147],[23.9319546,44.5277655],[23.9326925,44.5284554],[23.9337115,44.528751],[23.9353318,44.5302279],[23.9364832,44.5311116],[23.9369202,44.5313272],[23.93861,44.5319635],[23.9403605,44.5324547],[23.9409964,44.5313713],[23.9415411,44.5303029],[23.9417567,44.5298799],[23.9422417,44.5300782],[23.9426876,44.5301267],[23.9439298,44.5298069],[23.945362,44.5292744],[23.9460437,44.5289517],[23.946709,44.5284979],[23.9474473,44.5277337],[23.9480463,44.5272063],[23.948538,44.5268843],[23.9500276,44.5261253],[23.9540497,44.5243334],[23.9549003,44.5240666],[23.9568322,44.5236825],[23.9580548,44.5231741],[23.9591722,44.5228601],[23.960843,44.5222984],[23.9625291,44.5220305],[23.9624559,44.5219151],[23.9625593,44.5217306],[23.9625804,44.5214013],[23.9633516,44.5205149],[23.9634083,44.5201142],[23.9634105,44.5192393],[23.9634751,44.5187739],[23.9635536,44.5186272],[23.9635118,44.5185913],[23.963757,44.5183404],[23.9638922,44.5181011],[23.9638993,44.5175086],[23.9641639,44.5165878],[23.9642841,44.5156227],[23.9644896,44.5148687],[23.9654068,44.5140441],[23.9659401,44.5136064],[23.9664415,44.5132767],[23.9672398,44.5125377],[23.9675548,44.5123251],[23.9682298,44.5116483],[23.9682921,44.511505],[23.9675684,44.5118562],[23.9672244,44.5121867],[23.9669758,44.5123339],[23.966718,44.5123779],[23.9664413,44.5123452],[23.9649689,44.5114057],[23.9644099,44.5112015],[23.9636812,44.5106908],[23.96295,44.5104889],[23.9622591,44.5112321],[23.961628,44.510982],[23.9609476,44.5106099],[23.960139,44.5103909],[23.9608146,44.5094204],[23.9616148,44.5084312],[23.9618404,44.5080712],[23.9626938,44.5070991],[23.9637182,44.5056578],[23.9650151,44.5040961],[23.96629,44.5028088],[23.9668369,44.5021214],[23.9684411,44.5004639],[23.9686152,44.500312],[23.968815,44.5002886],[23.9689836,44.5002483],[23.9691583,44.500106],[23.9693378,44.4999231],[23.9707404,44.4985338],[23.9711964,44.4979272],[23.9718218,44.4972622],[23.9722185,44.496953],[23.9727518,44.4964017],[23.9737171,44.495333],[23.9737732,44.4952775],[23.9746596,44.4944013],[23.9748334,44.4942722],[23.9750147,44.4941112],[23.9779243,44.4912549],[23.9781564,44.490994],[23.9782335,44.4910371],[23.9784804,44.4907165],[23.9790297,44.4902144],[23.98091,44.4882483],[23.9812284,44.4879806],[23.9839111,44.4844537],[23.9839754,44.4843791],[23.9840785,44.4844234],[23.9842231,44.4844854],[23.9845383,44.4846182],[23.9854811,44.4850311],[23.9855515,44.4850317],[23.985459,44.4846191],[23.985085,44.4841956],[23.9850021,44.4839008],[23.9847298,44.4837301],[23.9846057,44.4834649],[23.9850386,44.4828845],[23.9859594,44.4816502],[23.9865993,44.481868],[23.9871033,44.4820396],[23.987718,44.482266],[23.9886488,44.4825759],[23.989349,44.482809],[23.9898642,44.4829805],[23.9899904,44.4830225],[23.9907502,44.4832908],[23.991236,44.483515],[23.992106,44.4838035],[23.9921419,44.4837876],[23.9923367,44.4835151],[23.9926904,44.4830729],[23.992973,44.4827196],[23.9933864,44.4822028],[23.9938596,44.4816111],[23.9943176,44.4810385],[23.9948131,44.480419],[23.9951054,44.4801142],[23.995398,44.479809],[23.9958949,44.4791902],[23.9961732,44.4788438],[23.9966708,44.4782241],[23.9971992,44.4775866],[23.9974683,44.4772095],[23.9976824,44.4769277],[23.9979592,44.4765328],[23.998854,44.4753196],[23.9984187,44.4751748],[23.9981841,44.4751635],[23.9981163,44.4751461],[23.9975787,44.4750084],[23.9951875,44.4742427],[23.9950373,44.4741879],[23.9923464,44.4732067],[23.9920154,44.473086],[23.991711,44.473132],[23.9906571,44.4735026],[23.989601,44.4737663],[23.9884975,44.4741063],[23.9875052,44.4742871],[23.9870006,44.4745708],[23.9868864,44.4746502],[23.9867721,44.4745665],[23.9863895,44.4743974],[23.9864375,44.4741395],[23.9866204,44.4731569],[23.9866993,44.4722877],[23.9868854,44.471779],[23.9870232,44.4715968],[23.9878733,44.4704733],[23.993209,44.4629568],[24.0020093,44.465951],[24.0031033,44.4662976],[24.0059803,44.4670922],[24.0062951,44.4672681],[24.0071235,44.4675786],[24.0089149,44.4681456],[24.009926,44.4684072],[24.0117076,44.4690143],[24.0118948,44.469205],[24.0122278,44.4693163],[24.0134013,44.4695776],[24.014767,44.4697073],[24.0157441,44.4699134],[24.0159146,44.4698971],[24.0160968,44.4698169],[24.0161689,44.4697434],[24.0162145,44.4694545],[24.0173588,44.4701191],[24.0180782,44.4702702],[24.0181981,44.4701252],[24.0184173,44.4700977],[24.0185638,44.4700296],[24.0186531,44.4700451],[24.0187551,44.4701794],[24.0189067,44.4701587],[24.0188821,44.4699648],[24.0190481,44.4697663],[24.0193535,44.4698759],[24.0195276,44.4698437],[24.0196983,44.4695377],[24.0196892,44.4693822],[24.0197736,44.4693263],[24.0209279,44.470093],[24.021047,44.4701536],[24.0212597,44.4701735],[24.021522,44.4699026],[24.0222466,44.469728],[24.0226403,44.4694748],[24.0258866,44.4685122],[24.0271459,44.4680275],[24.0278153,44.4678639],[24.0298631,44.4671257],[24.0307483,44.466682],[24.0309926,44.4665192],[24.0310174,44.4664471],[24.0320755,44.4668226],[24.0330565,44.467274],[24.0335204,44.4673799],[24.0340257,44.4672114],[24.0366165,44.4665593],[24.0372259,44.4665023],[24.0378993,44.4665422],[24.0383136,44.4664429],[24.0386552,44.4665021],[24.0399451,44.4665329],[24.0421074,44.4663889],[24.043192,44.4664283],[24.0437879,44.4665685],[24.044161,44.4667473],[24.0448945,44.4669011],[24.0457941,44.4671548],[24.0459146,44.4671679],[24.0463183,44.4670406],[24.0466439,44.4670534],[24.0471892,44.4671947],[24.0477256,44.4674658],[24.0481839,44.4676064],[24.0483754,44.4677427],[24.0485776,44.4680862],[24.0488341,44.4682842],[24.0495049,44.4684608],[24.0501611,44.4687087],[24.0506232,44.4689462],[24.0507513,44.4690711],[24.0512669,44.4693032],[24.0520757,44.4695474],[24.0527609,44.4696878],[24.0537141,44.4699972],[24.0538716,44.4700869],[24.0540033,44.4705929],[24.0553303,44.4743583],[24.0558091,44.4743682],[24.0576861,44.4748667],[24.0576458,44.4752276],[24.057726,44.4760864],[24.0578481,44.4763567],[24.0581133,44.4767131],[24.0585756,44.4771771],[24.0589616,44.4775294],[24.0593344,44.4777283],[24.0598951,44.4779001],[24.0659579,44.4792482],[24.0682207,44.4797033],[24.0691745,44.4799314],[24.0697062,44.480115],[24.0709931,44.4803885],[24.0719226,44.4805114],[24.0777346,44.4818275],[24.0812588,44.4828358],[24.0799284,44.4852393],[24.0779114,44.488653],[24.0778566,44.4902602],[24.0777599,44.4902436],[24.0768058,44.491578],[24.0757168,44.4929089],[24.0753659,44.4930807],[24.0750358,44.4931344],[24.0744832,44.4934664],[24.0740257,44.4936155],[24.0732895,44.4940201],[24.0724315,44.4945734],[24.0714959,44.4950468],[24.0708471,44.4953256],[24.0699426,44.4956084],[24.069261,44.4956757],[24.0680249,44.4956254],[24.0676517,44.4955609],[24.066372,44.4952572],[24.0651932,44.4948924],[24.0645819,44.4945709],[24.0641364,44.4944207],[24.0625472,44.4939858],[24.0612146,44.4937849],[24.0596098,44.4937633],[24.0578941,44.493863],[24.0574567,44.4939661],[24.0569443,44.4941737],[24.0560701,44.4947515],[24.0555639,44.4952679],[24.0553758,44.4955493],[24.0552084,44.4959527],[24.0550558,44.4965773],[24.0547831,44.4972091],[24.0548282,44.497255],[24.0551367,44.4973173],[24.0554087,44.4972898],[24.0562686,44.4968606],[24.0572498,44.4966702],[24.0582643,44.4962436],[24.0588139,44.4960818],[24.0596775,44.4959481],[24.0606953,44.4958702],[24.060919,44.4958903],[24.0611694,44.4957912],[24.0616059,44.4957109],[24.0626145,44.4956047],[24.0625712,44.4957075],[24.0623474,44.4958609],[24.06074,44.4981418],[24.0587147,44.5007826],[24.0587132,44.5008727],[24.0584945,44.5012465],[24.0578367,44.5020663],[24.0566296,44.503823],[24.0563964,44.5038448],[24.0563592,44.5038849],[24.0563162,44.5040725],[24.0557648,44.50482],[24.055309,44.5052917],[24.0551615,44.5056324],[24.0546752,44.5061359],[24.0522286,44.5093936],[24.0514599,44.510258],[24.0505256,44.5098388],[24.0497383,44.5095703],[24.0466882,44.5083585],[24.0456452,44.507999],[24.0452436,44.507808],[24.0449433,44.507556],[24.0443396,44.5072022],[24.043369,44.506809],[24.0428269,44.5064405],[24.0426677,44.5062269],[24.0423449,44.5054486],[24.0420585,44.5050517],[24.0417396,44.5048015],[24.0413699,44.5046563],[24.0403375,44.5044056],[24.0386494,44.5044173],[24.0379861,44.5045425],[24.0373491,44.504744],[24.0369145,44.5049858],[24.0365302,44.5052753],[24.0359079,44.5059382],[24.035742,44.5062126],[24.0355701,44.5067387],[24.0355097,44.507387],[24.0355485,44.5078065],[24.0357969,44.5084704],[24.0360355,44.5088596],[24.0364365,44.5092241],[24.0384302,44.5104769],[24.0396116,44.5108022],[24.0405161,44.5111081],[24.0413778,44.5115341],[24.042287,44.5120975],[24.0429486,44.5126377],[24.0434636,44.5132007],[24.0436812,44.5135117],[24.043832,44.5139008],[24.0438292,44.5149533],[24.0437426,44.5154338],[24.0433653,44.5161352],[24.0423865,44.517614],[24.0418751,44.5186279],[24.0414728,44.5196572],[24.0412772,44.5205332],[24.041431,44.5212807],[24.0415096,44.5225544],[24.0413121,44.5228136],[24.0408802,44.5231202],[24.0402513,44.523402],[24.0392921,44.5234585],[24.0385142,44.5233626],[24.0373103,44.5229632],[24.0366128,44.5225547],[24.0359927,44.5219899],[24.0352083,44.5205936],[24.0335822,44.5193597],[24.0330086,44.5188062],[24.0323521,44.5183307],[24.0316286,44.5180134],[24.0303194,44.5176326],[24.0293973,44.517314],[24.0287797,44.5172585],[24.0281619,44.5173612],[24.0273627,44.517601],[24.0270536,44.5177439],[24.0266272,44.518003],[24.0260646,44.5184603],[24.0257925,44.5187767],[24.0254664,44.5194173],[24.0252627,44.5201379],[24.0252461,44.5204277],[24.0255763,44.5210706],[24.0259906,44.5214951],[24.0269627,44.522243],[24.0277367,44.5226727],[24.0283163,44.5230837],[24.0296879,44.5245955],[24.029782,44.524643],[24.0299361,44.5249634],[24.030657,44.5259173],[24.0307685,44.5262225],[24.030821,44.5268518],[24.0307273,44.5271948],[24.0305405,44.527515],[24.0300202,44.5280962],[24.0295483,44.5283801],[24.0291204,44.5287297],[24.0278331,44.529437],[24.0266941,44.5299115],[24.0261617,44.530061],[24.0256076,44.5301342],[24.0245925,44.530149],[24.0230492,44.5300083],[24.0193505,44.5299544],[24.0181249,44.5299886],[24.0160366,44.530226],[24.0126171,44.5308541],[24.0108277,44.5313102],[24.0084639,44.5321541],[24.0056588,44.5333913],[24.0021357,44.5352184],[24.0014541,44.5354575],[24.0010066,44.5355649],[23.9996959,44.5356866],[23.9984253,44.5356476],[23.997873,44.5352705],[23.9972756,44.5350191],[23.995132,44.5345641],[23.9947964,44.5345158]]]}},{"type":"Feature","properties":{"entity_id":"osm-r9744218","jurisdiction":"RO","display_name":"DOBREȚU","display_type":"commune","admin_level":8,"tier":"local","legal_registry":"SIRUTA","legal_id":"126674","legal_type":"commune","parent_catalog_id":"osm-r2366978","osm_relation_id":9744218,"legal_identity_status":"reconciled","geometry_source":"OpenStreetMap","geometry_precision":"master_coordinate_fidelity"},"geometry":{"type":"Polygon","coordinates":[[[23.9988924,44.4581698],[23.9961576,44.4604495],[23.993209,44.4629568],[23.9878733,44.4704733],[23.9870232,44.4715968],[23.9868854,44.471779],[23.9866993,44.4722877],[23.9866204,44.4731569],[23.9864375,44.4741395],[23.9863895,44.4743974],[23.9867721,44.4745665],[23.9868864,44.4746502],[23.9870006,44.4745708],[23.9875052,44.4742871],[23.9884975,44.4741063],[23.989601,44.4737663],[23.9906571,44.4735026],[23.991711,44.473132],[23.9920154,44.473086],[23.9923464,44.4732067],[23.9950373,44.4741879],[23.9951875,44.4742427],[23.9975787,44.4750084],[23.9981163,44.4751461],[23.9981841,44.4751635],[23.9984187,44.4751748],[23.998854,44.4753196],[23.9979592,44.4765328],[23.9976824,44.4769277],[23.9974683,44.4772095],[23.9971992,44.4775866],[23.9966708,44.4782241],[23.9961732,44.4788438],[23.9958949,44.4791902],[23.995398,44.479809],[23.9951054,44.4801142],[23.9948131,44.480419],[23.9943176,44.4810385],[23.9938596,44.4816111],[23.9933864,44.4822028],[23.992973,44.4827196],[23.9926904,44.4830729],[23.9923367,44.4835151],[23.9921419,44.4837876],[23.992106,44.4838035],[23.991236,44.483515],[23.9907502,44.4832908],[23.9899904,44.4830225],[23.9898642,44.4829805],[23.989349,44.482809],[23.9886488,44.4825759],[23.987718,44.482266],[23.9871033,44.4820396],[23.9865993,44.481868],[23.9859594,44.4816502],[23.9850386,44.4828845],[23.9846057,44.4834649],[23.9847298,44.4837301],[23.9850021,44.4839008],[23.985085,44.4841956],[23.985459,44.4846191],[23.9855515,44.4850317],[23.9854811,44.4850311],[23.9845383,44.4846182],[23.9842231,44.4844854],[23.9840785,44.4844234],[23.9839754,44.4843791],[23.9839111,44.4844537],[23.9812284,44.4879806],[23.98091,44.4882483],[23.9790297,44.4902144],[23.9784804,44.4907165],[23.9782335,44.4910371],[23.9781564,44.490994],[23.9779243,44.4912549],[23.9750147,44.4941112],[23.9748334,44.4942722],[23.9746596,44.4944013],[23.9737732,44.4952775],[23.9737171,44.495333],[23.9727518,44.4964017],[23.9722185,44.496953],[23.9718218,44.4972622],[23.9711964,44.4979272],[23.9707404,44.4985338],[23.9693378,44.4999231],[23.9691583,44.500106],[23.9689836,44.5002483],[23.968815,44.5002886],[23.9686152,44.500312],[23.9684411,44.5004639],[23.9668369,44.5021214],[23.96629,44.5028088],[23.9650151,44.5040961],[23.9637182,44.5056578],[23.9626938,44.5070991],[23.9618404,44.5080712],[23.9616148,44.5084312],[23.9608146,44.5094204],[23.960139,44.5103909],[23.9609476,44.5106099],[23.961628,44.510982],[23.9622591,44.5112321],[23.96295,44.5104889],[23.9636812,44.5106908],[23.9644099,44.5112015],[23.9649689,44.5114057],[23.9664413,44.5123452],[23.966718,44.5123779],[23.9669758,44.5123339],[23.9672244,44.5121867],[23.9675684,44.5118562],[23.9682921,44.511505],[23.9682298,44.5116483],[23.9675548,44.5123251],[23.9672398,44.5125377],[23.9664415,44.5132767],[23.9659401,44.5136064],[23.9654068,44.5140441],[23.9644896,44.5148687],[23.9642841,44.5156227],[23.9641639,44.5165878],[23.9638993,44.5175086],[23.9638922,44.5181011],[23.963757,44.5183404],[23.9635118,44.5185913],[23.9635536,44.5186272],[23.9634751,44.5187739],[23.9634105,44.5192393],[23.9634083,44.5201142],[23.9633516,44.5205149],[23.9625804,44.5214013],[23.9625593,44.5217306],[23.9624559,44.5219151],[23.9625291,44.5220305],[23.960843,44.5222984],[23.9591722,44.5228601],[23.9580548,44.5231741],[23.9568322,44.5236825],[23.9549003,44.5240666],[23.9540497,44.5243334],[23.9500276,44.5261253],[23.948538,44.5268843],[23.9480463,44.5272063],[23.9474473,44.5277337],[23.946709,44.5284979],[23.9460437,44.5289517],[23.945362,44.5292744],[23.9439298,44.5298069],[23.9426876,44.5301267],[23.9422417,44.5300782],[23.9417567,44.5298799],[23.9415411,44.5303029],[23.9409964,44.5313713],[23.9403605,44.5324547],[23.93861,44.5319635],[23.9369202,44.5313272],[23.9364832,44.5311116],[23.9353318,44.5302279],[23.9337115,44.528751],[23.9326925,44.5284554],[23.9319546,44.5277655],[23.9314794,44.5274147],[23.9313073,44.5272876],[23.9306912,44.5269129],[23.9307487,44.5268766],[23.9306331,44.5267891],[23.9281012,44.5256085],[23.9265688,44.5248664],[23.9268002,44.5245818],[23.927074,44.524355],[23.9263797,44.5239249],[23.9259282,44.5237705],[23.925703,44.5239676],[23.925437,44.5242546],[23.9253724,44.5242137],[23.9246656,44.5237132],[23.9240173,44.5233014],[23.9241634,44.5231661],[23.9239151,44.523075],[23.9235894,44.5230121],[23.9232878,44.5229357],[23.9229237,44.5227312],[23.9225738,44.5223883],[23.922385,44.5222941],[23.9223215,44.5221833],[23.9219626,44.5220403],[23.9217173,44.5220073],[23.921192,44.5216181],[23.9198031,44.5202942],[23.9189093,44.5194752],[23.9188047,44.5194033],[23.9182843,44.5189401],[23.9185214,44.5187437],[23.9184703,44.5186968],[23.9181715,44.5185202],[23.9177336,44.5182722],[23.9172143,44.5180603],[23.9175837,44.5174592],[23.9153626,44.5166644],[23.9152721,44.5168246],[23.9144939,44.5165852],[23.9140033,44.5164389],[23.9133179,44.5162214],[23.9119115,44.5157946],[23.9118293,44.515779],[23.9121467,44.5147756],[23.909485,44.513595],[23.9080357,44.5130308],[23.9068323,44.5127619],[23.9056714,44.5125841],[23.9056113,44.5125698],[23.9055177,44.5125346],[23.9046933,44.5123183],[23.9040979,44.5121788],[23.9031682,44.5119342],[23.9020591,44.5117257],[23.9007032,44.5115662],[23.9006726,44.5116814],[23.9006431,44.5117596],[23.9005245,44.5121657],[23.9004726,44.5124136],[23.9003677,44.5128217],[23.9003514,44.5129285],[23.9002729,44.513287],[23.9002409,44.5133852],[23.9002432,44.513409],[23.9002192,44.5134243],[23.9000755,44.5134012],[23.9000728,44.5133917],[23.9000462,44.5133935],[23.8999611,44.513382],[23.8997163,44.5133284],[23.8995353,44.5133034],[23.8991735,44.5132344],[23.8989819,44.5131807],[23.8988011,44.5131176],[23.8985755,44.5130291],[23.8984182,44.5129799],[23.8983117,44.5129588],[23.8980668,44.51293],[23.8978646,44.5128896],[23.8972687,44.5127556],[23.8970984,44.5127],[23.8970347,44.5126733],[23.8969602,44.5126541],[23.8968537,44.5126464],[23.8968324,44.5126597],[23.8968218,44.5126578],[23.896787,44.512694],[23.8967842,44.5127417],[23.8967974,44.5127569],[23.8968453,44.512778],[23.8969038,44.5127933],[23.8970661,44.5128163],[23.8972577,44.5128718],[23.8973055,44.5128948],[23.8973559,44.5129311],[23.8973666,44.5129521],[23.8973663,44.5129978],[23.8973453,44.5130539],[23.8973447,44.5131161],[23.8973578,44.513139],[23.8974057,44.5131696],[23.8975467,44.5132136],[23.897773,44.5132444],[23.8979645,44.5132789],[23.8980922,44.5133095],[23.8985072,44.51339],[23.8987492,44.5134704],[23.8989168,44.5135469],[23.8990123,44.5136214],[23.899068,44.5136977],[23.8990784,44.5137588],[23.8990704,44.5137645],[23.8990569,44.5138236],[23.8990378,44.5139457],[23.8990669,44.5139991],[23.8991253,44.5140507],[23.8992317,44.5140889],[23.8993806,44.514131],[23.8996494,44.5141771],[23.8997531,44.5142115],[23.8999631,44.5143071],[23.9001757,44.5144542],[23.9003508,44.5146222],[23.9004864,44.5146967],[23.9007124,44.5147752],[23.9009011,44.5148765],[23.901026,44.5149624],[23.9010924,44.5149949],[23.9011398,44.5150071],[23.9013399,44.5150181],[23.901489,44.515041],[23.9015635,44.5150679],[23.9016115,44.5150953],[23.9016459,44.5151061],[23.9020604,44.5153564],[23.902358,44.5155055],[23.9025282,44.5155724],[23.9027729,44.5156566],[23.9031772,44.515822],[23.9027852,44.5159637],[23.9020488,44.5162736],[23.901868,44.5163442],[23.9014461,44.5162131],[23.9008504,44.5160083],[23.8997005,44.5157508],[23.8992724,44.5156891],[23.8991584,44.5156042],[23.8989645,44.5154806],[23.8986018,44.5152728],[23.8984157,44.5151771],[23.8983167,44.5151393],[23.8980328,44.5150109],[23.8977977,44.5149186],[23.8975011,44.5148233],[23.8973201,44.5147774],[23.8970011,44.5147237],[23.8968559,44.5147179],[23.8967452,44.5147253],[23.8966652,44.5147481],[23.8966065,44.5147805],[23.8965426,44.5147804],[23.8962871,44.5147572],[23.8961698,44.514759],[23.8959889,44.5147493],[23.8958399,44.514751],[23.8957407,44.5147462],[23.8955282,44.5146517],[23.8951124,44.5143732],[23.8942532,44.5137787],[23.8926795,44.5126344],[23.8910956,44.5114136],[23.8907899,44.5109902],[23.8906612,44.510684],[23.8905633,44.5102458],[23.8905101,44.5097464],[23.8905198,44.5096365],[23.8904077,44.5080748],[23.8904017,44.508043],[23.8903841,44.5080306],[23.8903261,44.5080102],[23.8904967,44.5079627],[23.890944,44.5079174],[23.8912637,44.5078949],[23.8914874,44.5078607],[23.8918284,44.5077982],[23.8918817,44.5077964],[23.8922653,44.5077243],[23.8925635,44.5077208],[23.8929043,44.5077079],[23.8930427,44.5077099],[23.8933089,44.5077292],[23.8934792,44.50776],[23.8936388,44.5078002],[23.8937771,44.507848],[23.8938807,44.5079015],[23.8940322,44.5079646],[23.8942555,44.5080717],[23.8946144,44.5081999],[23.8947133,44.5082202],[23.8948034,44.5082439],[23.8948566,44.5082479],[23.8950164,44.5082232],[23.8952721,44.5082121],[23.8954743,44.5082122],[23.8956661,44.508201],[23.8961773,44.5082035],[23.8962625,44.5081959],[23.8965608,44.5081562],[23.8965821,44.5081486],[23.8969871,44.508088],[23.8974986,44.5079683],[23.8976053,44.5079303],[23.8978934,44.5077818],[23.8980962,44.50766],[23.8982216,44.5075666],[23.8985338,44.5073686],[23.8986593,44.5072543],[23.8987584,44.5070942],[23.8988038,44.5070485],[23.8989586,44.5069304],[23.8990734,44.5068599],[23.8992548,44.5067647],[23.8993187,44.5067228],[23.8993934,44.5066885],[23.8994976,44.5066162],[23.8997378,44.5064047],[23.8998688,44.5062752],[23.9001759,44.5060161],[23.900296,44.5058942],[23.9005368,44.5056044],[23.9007505,44.5053682],[23.9008309,44.5052157],[23.9008741,44.5050708],[23.9008981,44.505025],[23.9009333,44.5048877],[23.900987,44.5047428],[23.9011863,44.5040868],[23.901264,44.5039267],[23.9014059,44.5037208],[23.9014756,44.5035607],[23.901508,44.5034463],[23.9015031,44.5033242],[23.9016131,44.5030802],[23.9016643,44.50292],[23.9017928,44.5026913],[23.9018894,44.5024777],[23.9019431,44.5023252],[23.902045,44.5021117],[23.9020986,44.5020278],[23.9021416,44.5019363],[23.9022164,44.5018372],[23.9023396,44.5016084],[23.9024119,44.5015093],[23.9025213,44.5013262],[23.9025778,44.5012424],[23.9026395,44.501128],[23.9026395,44.5011147],[23.9027307,44.5009222],[23.9027494,44.5008688],[23.9027739,44.5007314],[23.9028279,44.5005331],[23.9028868,44.5004111],[23.90363,44.499453],[23.9038351,44.4992479],[23.9041111,44.4990022],[23.9044627,44.4987622],[23.9052765,44.4981975],[23.9070884,44.4970525],[23.9076451,44.496689],[23.9108798,44.4946686],[23.9121622,44.4938863],[23.9143657,44.4929617],[23.917352,44.4917063],[23.9183785,44.491267],[23.9187768,44.4910821],[23.9188568,44.4910316],[23.9189859,44.4909501],[23.9191841,44.4908251],[23.9197514,44.4901385],[23.9201441,44.4898984],[23.920772,44.4893128],[23.9212165,44.4888611],[23.9227614,44.4872912],[23.9241262,44.486082],[23.924291,44.4858772],[23.9243664,44.4856956],[23.9246459,44.4855448],[23.9253477,44.4848871],[23.9252651,44.4848351],[23.9258224,44.4843142],[23.9264371,44.4832864],[23.9266755,44.4828278],[23.928093,44.479988],[23.9280628,44.4799159],[23.9280668,44.4798365],[23.9281044,44.479712],[23.928453,44.4790276],[23.9287102,44.4783061],[23.9291709,44.4773875],[23.929796,44.4761413],[23.9314763,44.4724463],[23.931865,44.471746],[23.931987,44.4713546],[23.932084,44.471033],[23.9324858,44.4702957],[23.9328454,44.4694422],[23.9332228,44.4692088],[23.9338173,44.4689473],[23.935704,44.4682354],[23.9366951,44.4679294],[23.9371452,44.4678303],[23.9382511,44.4678514],[23.9385561,44.4677896],[23.9394332,44.4670482],[23.9404617,44.4666797],[23.9407806,44.4665168],[23.9418953,44.4655353],[23.9427981,44.4649629],[23.9435576,44.4643905],[23.9439928,44.4642039],[23.9443804,44.4639016],[23.945617,44.4624865],[23.9468134,44.4614562],[23.9472478,44.4609304],[23.9481423,44.4600879],[23.950891,44.4581672],[23.9515257,44.4576635],[23.951636,44.4576195],[23.9517345,44.4575664],[23.9528814,44.4581937],[23.9538487,44.4586154],[23.954939,44.4591564],[23.9562454,44.4596461],[23.9572547,44.4600893],[23.9581932,44.4605897],[23.9594544,44.4612622],[23.959929,44.4614978],[23.961058,44.4620211],[23.9612408,44.4620967],[23.9615775,44.4616532],[23.9622499,44.4610361],[23.962103,44.4608371],[23.9621119,44.4605873],[23.9628443,44.4597022],[23.9636749,44.4582722],[23.9641754,44.4574982],[23.9644014,44.4572343],[23.9647499,44.4570153],[23.9658978,44.4564085],[23.9675265,44.4556955],[23.9681456,44.4553476],[23.9686648,44.455038],[23.9694776,44.4546184],[23.9705562,44.4541245],[23.9710476,44.4538995],[23.9721168,44.4533395],[23.9735161,44.4526159],[23.9738854,44.4524155],[23.9741826,44.4521842],[23.9749646,44.4516019],[23.9752004,44.4513773],[23.9755912,44.4510514],[23.9763398,44.4504269],[23.9765729,44.4502233],[23.9767613,44.4500587],[23.9771451,44.4497244],[23.9789875,44.450504],[23.9802416,44.4509169],[23.9816271,44.4514719],[23.9833871,44.4524566],[23.9871511,44.4541054],[23.9885882,44.4523307],[23.9895616,44.4511528],[23.9897917,44.4510647],[23.9900848,44.4509751],[23.9903503,44.4509343],[23.9905202,44.450943],[23.9913879,44.4511015],[23.9918985,44.4512654],[23.9920366,44.4513129],[23.9921588,44.4514473],[23.9922771,44.4516015],[23.9924248,44.452029],[23.9925059,44.4521204],[23.9928886,44.452392],[23.993231,44.4531106],[23.9936272,44.4538771],[23.9937841,44.4539435],[23.9943844,44.4544009],[23.9950174,44.4546627],[23.9957084,44.4553828],[23.9971989,44.4563662],[23.9976034,44.4567538],[23.9983371,44.4577888],[23.9986683,44.4580157],[23.9988924,44.4581698]]]}},{"type":"Feature","properties":{"entity_id":"osm-r9744219","jurisdiction":"RO","display_name":"VULPENI","display_type":"commune","admin_level":8,"tier":"local","legal_registry":"SIRUTA","legal_id":"130124","legal_type":"commune","parent_catalog_id":"osm-r2366978","osm_relation_id":9744219,"legal_identity_status":"reconciled","geometry_source":"OpenStreetMap","geometry_precision":"master_coordinate_fidelity"},"geometry":{"type":"Polygon","coordinates":[[[23.9988924,44.4581698],[23.9986683,44.4580157],[23.9983371,44.4577888],[23.9976034,44.4567538],[23.9971989,44.4563662],[23.9957084,44.4553828],[23.9950174,44.4546627],[23.9943844,44.4544009],[23.9937841,44.4539435],[23.9936272,44.4538771],[23.993231,44.4531106],[23.9928886,44.452392],[23.9925059,44.4521204],[23.9924248,44.452029],[23.9922771,44.4516015],[23.9921588,44.4514473],[23.9920366,44.4513129],[23.9918985,44.4512654],[23.9913879,44.4511015],[23.9905202,44.450943],[23.9903503,44.4509343],[23.9900848,44.4509751],[23.9897917,44.4510647],[23.9895616,44.4511528],[23.9885882,44.4523307],[23.9871511,44.4541054],[23.9833871,44.4524566],[23.9816271,44.4514719],[23.9802416,44.4509169],[23.9789875,44.450504],[23.9771451,44.4497244],[23.9767613,44.4500587],[23.9765729,44.4502233],[23.9763398,44.4504269],[23.9755912,44.4510514],[23.9752004,44.4513773],[23.9749646,44.4516019],[23.9741826,44.4521842],[23.9738854,44.4524155],[23.9735161,44.4526159],[23.9721168,44.4533395],[23.9710476,44.4538995],[23.9705562,44.4541245],[23.9694776,44.4546184],[23.9686648,44.455038],[23.9681456,44.4553476],[23.9675265,44.4556955],[23.9658978,44.4564085],[23.9647499,44.4570153],[23.9644014,44.4572343],[23.9641754,44.4574982],[23.9636749,44.4582722],[23.9628443,44.4597022],[23.9621119,44.4605873],[23.962103,44.4608371],[23.9622499,44.4610361],[23.9615775,44.4616532],[23.9612408,44.4620967],[23.961058,44.4620211],[23.959929,44.4614978],[23.9594544,44.4612622],[23.9581932,44.4605897],[23.9572547,44.4600893],[23.9562454,44.4596461],[23.954939,44.4591564],[23.9538487,44.4586154],[23.9528814,44.4581937],[23.9517345,44.4575664],[23.951636,44.4576195],[23.9515257,44.4576635],[23.950891,44.4581672],[23.9481423,44.4600879],[23.9472478,44.4609304],[23.9468134,44.4614562],[23.945617,44.4624865],[23.9443804,44.4639016],[23.9439928,44.4642039],[23.9435576,44.4643905],[23.9427981,44.4649629],[23.9418953,44.4655353],[23.9407806,44.4665168],[23.9404617,44.4666797],[23.9394332,44.4670482],[23.9385561,44.4677896],[23.9382511,44.4678514],[23.9371452,44.4678303],[23.9366951,44.4679294],[23.935704,44.4682354],[23.9338173,44.4689473],[23.9332228,44.4692088],[23.9328454,44.4694422],[23.9324858,44.4702957],[23.932084,44.471033],[23.931987,44.4713546],[23.931865,44.471746],[23.9314763,44.4724463],[23.929796,44.4761413],[23.9291709,44.4773875],[23.9287102,44.4783061],[23.928453,44.4790276],[23.9281044,44.479712],[23.9280668,44.4798365],[23.9280628,44.4799159],[23.928093,44.479988],[23.9266755,44.4828278],[23.9264371,44.4832864],[23.9258224,44.4843142],[23.9252651,44.4848351],[23.9253477,44.4848871],[23.9246459,44.4855448],[23.9243664,44.4856956],[23.924291,44.4858772],[23.9241262,44.486082],[23.9227614,44.4872912],[23.9212165,44.4888611],[23.920772,44.4893128],[23.9201441,44.4898984],[23.9197514,44.4901385],[23.9191841,44.4908251],[23.9189859,44.4909501],[23.9188568,44.4910316],[23.9187768,44.4910821],[23.9183785,44.491267],[23.917352,44.4917063],[23.9143657,44.4929617],[23.9121622,44.4938863],[23.9108798,44.4946686],[23.9076451,44.496689],[23.9070884,44.4970525],[23.9052765,44.4981975],[23.9044627,44.4987622],[23.9041111,44.4990022],[23.9034825,44.4984051],[23.9032873,44.4981985],[23.9027449,44.4976292],[23.9023173,44.4972218],[23.9020655,44.4970356],[23.8982142,44.4929112],[23.8972319,44.4919927],[23.893727,44.4890071],[23.8918302,44.4873672],[23.8909009,44.4866194],[23.8906933,44.4868492],[23.8884575,44.4852799],[23.8854306,44.483247],[23.8836421,44.4818444],[23.8840677,44.4816002],[23.8843216,44.4814503],[23.883073,44.4805872],[23.8842264,44.4801892],[23.8852489,44.4797765],[23.8856873,44.4800619],[23.8859671,44.4798591],[23.8863406,44.4796967],[23.8868348,44.479927],[23.887378,44.4794294],[23.8881075,44.4792687],[23.8882698,44.4791433],[23.8882095,44.4790821],[23.8883328,44.4790084],[23.8892233,44.4795596],[23.8898989,44.4793798],[23.8907706,44.4791304],[23.891408,44.4789158],[23.8937487,44.4782885],[23.8965726,44.4767501],[23.8974631,44.4760535],[23.8985808,44.4748621],[23.8985833,44.474697],[23.8998851,44.4740075],[23.9009353,44.4752916],[23.901799,44.4748192],[23.9013216,44.4743473],[23.9011752,44.473619],[23.900789,44.4732132],[23.9043724,44.4718964],[23.9042437,44.4714753],[23.9050162,44.4712533],[23.9042759,44.4701584],[23.9048177,44.4697335],[23.9061052,44.4697909],[23.9061964,44.4697297],[23.9070466,44.4700053],[23.9073336,44.4692818],[23.9077172,44.4692684],[23.9077923,44.4691535],[23.9081007,44.4692512],[23.9082804,44.4693411],[23.9089268,44.4688205],[23.9056706,44.4675706],[23.9032191,44.4666211],[23.9029455,44.4668202],[23.9017868,44.4664986],[23.8926601,44.466988],[23.89095,44.4666808],[23.8914107,44.4654618],[23.8908166,44.4644328],[23.8858974,44.4613109],[23.8868844,44.461089],[23.8876247,44.4608324],[23.8883928,44.4602593],[23.8887137,44.4600168],[23.8890141,44.4596684],[23.8895559,44.4587303],[23.889649,44.4584029],[23.8905904,44.4580647],[23.891235,44.4580258],[23.8922116,44.4580296],[23.8930111,44.4581136],[23.893953,44.4580384],[23.8946575,44.4578114],[23.8953955,44.4578927],[23.8962239,44.4577884],[23.8969488,44.4576829],[23.8976562,44.4575357],[23.8970311,44.4539271],[23.8969427,44.4528106],[23.8967011,44.4527523],[23.8961166,44.4498773],[23.8958861,44.4493201],[23.8954943,44.4489123],[23.8952261,44.4487514],[23.8951993,44.4484719],[23.894974,44.4485485],[23.8944995,44.4472952],[23.89418,44.4455613],[23.893311,44.4451477],[23.8923454,44.4444354],[23.891486,44.4434053],[23.891284,44.4431975],[23.8900608,44.4419395],[23.8899851,44.4418617],[23.8887182,44.4405483],[23.8884616,44.4402963],[23.8883006,44.4401382],[23.8876355,44.4397322],[23.8854941,44.4371079],[23.8853816,44.43697],[23.8848996,44.4369687],[23.8843353,44.436779],[23.8822417,44.4333435],[23.8822783,44.4307869],[23.883805,44.428522],[23.8840804,44.4277716],[23.884029,44.4258869],[23.8821317,44.4236189],[23.8840253,44.4211661],[23.8904897,44.4127917],[23.8967574,44.4208897],[23.899502,44.425043],[23.8999315,44.425004],[23.9003701,44.4250068],[23.9008493,44.425051],[23.9014143,44.4250899],[23.9024608,44.4246107],[23.9039336,44.4242794],[23.9049333,44.4242039],[23.9072348,44.4237596],[23.9112734,44.4231127],[23.913939,44.4226472],[23.9176943,44.4219633],[23.9256995,44.4203703],[23.9263299,44.4202315],[23.9284,44.4199575],[23.929769,44.4198681],[23.9385207,44.4181333],[23.9458637,44.4169581],[23.9510463,44.4161449],[23.9524022,44.4157523],[23.953539,44.4137463],[23.9547921,44.4131935],[23.957076,44.4125246],[23.9603129,44.4112812],[23.9615199,44.4108955],[23.9629873,44.4107699],[23.9646049,44.4107439],[23.9673774,44.4104027],[23.9682574,44.4103657],[23.9684779,44.4103933],[23.9686888,44.4106732],[23.9688029,44.4110359],[23.969592,44.4127866],[23.9709796,44.4155316],[23.9722597,44.4178623],[23.9724514,44.4182127],[23.9726468,44.4184937],[23.97364,44.418845],[23.9724701,44.4198063],[23.9734989,44.4208665],[23.9739944,44.4215609],[23.9748369,44.4226391],[23.9768038,44.4253719],[23.9776794,44.4263525],[23.9779675,44.4265849],[23.9792242,44.4287151],[23.980269,44.4311617],[23.9801989,44.431423],[23.9808509,44.4318197],[23.9811453,44.4320902],[23.9809781,44.43281],[23.9811399,44.4331297],[23.9813972,44.4339651],[23.9814297,44.4343217],[23.9814589,44.4343787],[23.9815898,44.4346344],[23.9813226,44.4353074],[23.9816794,44.4356527],[23.9816887,44.4358679],[23.9816113,44.4360531],[23.9818137,44.4365914],[23.9819137,44.4370376],[23.9819839,44.4376108],[23.9821003,44.4378814],[23.9822815,44.4383028],[23.9824532,44.4385795],[23.9829148,44.4388002],[23.9832602,44.4391746],[23.9839533,44.4398745],[23.9848774,44.4408075],[23.9855899,44.4414319],[23.9864285,44.4420803],[23.9879644,44.4403156],[23.9886018,44.4403597],[23.9886255,44.4401752],[23.9885326,44.4399366],[23.9885556,44.4397905],[23.9891181,44.4390774],[23.9892852,44.4390094],[23.9893896,44.4390249],[23.9894569,44.4392596],[23.989744,44.4393409],[23.9900401,44.4390472],[23.9901807,44.4390393],[23.9906025,44.4393741],[23.9906213,44.4394712],[23.9905286,44.4396588],[23.990628,44.4396706],[23.9908334,44.439603],[23.9909021,44.4396667],[23.9908382,44.4398161],[23.9908957,44.439888],[23.9910768,44.4398969],[23.9913466,44.4400877],[23.9916521,44.4399898],[23.9917749,44.4401226],[23.9917732,44.4402177],[23.9910782,44.4406733],[23.9908449,44.441026],[23.990827,44.4411704],[23.9908826,44.4412074],[23.9917262,44.4412265],[23.9917382,44.4414113],[23.9921014,44.4415188],[23.9921998,44.4415874],[23.9925418,44.4415922],[23.9932145,44.4418863],[23.9935153,44.4419041],[23.9942087,44.4420745],[23.9958885,44.4426189],[23.9964371,44.4427526],[23.996872,44.44292],[23.9968845,44.4429725],[23.9977484,44.4434113],[23.999299,44.4440501],[24.0033619,44.4458863],[24.0051973,44.4468374],[24.0111209,44.4495386],[24.0119646,44.4500094],[24.0120621,44.4500578],[24.0117294,44.4501871],[24.0112731,44.4505015],[24.0110539,44.4507015],[24.0109774,44.4508953],[24.0102926,44.4516496],[24.0099488,44.4517295],[24.0096082,44.4519336],[24.0094405,44.4521293],[24.0088875,44.4523016],[24.0086306,44.4523223],[24.0084468,44.4522171],[24.0077052,44.4523142],[24.007269,44.452312],[24.0068754,44.4523907],[24.0065216,44.4527183],[24.0059675,44.4529286],[24.0049439,44.4535909],[24.0045275,44.4539312],[24.0034688,44.4545576],[24.002111,44.4550408],[24.0016566,44.4553434],[24.0009408,44.4554667],[24.0006683,44.4557211],[23.9995058,44.4574106],[23.9989574,44.4580914],[23.9988924,44.4581698]]]}},{"type":"Feature","properties":{"entity_id":"osm-r9744220","jurisdiction":"RO","display_name":"GĂVĂNEȘTI","display_type":"commune","admin_level":8,"tier":"local","legal_registry":"SIRUTA","legal_id":"130302","legal_type":"commune","parent_catalog_id":"osm-r2366978","osm_relation_id":9744220,"legal_identity_status":"reconciled","geometry_source":"OpenStreetMap","geometry_precision":"master_coordinate_fidelity"},"geometry":{"type":"Polygon","coordinates":[[[23.9589925,44.3840076],[23.9579577,44.3817513],[23.9629324,44.3814137],[23.9669854,44.3808253],[23.9686639,44.3808623],[23.9776845,44.380206],[23.9777883,44.3801389],[23.9785844,44.380362],[23.9796354,44.3805328],[23.9802709,44.3807426],[23.9810731,44.3807403],[23.9812712,44.3807863],[23.9814952,44.3809261],[23.9820531,44.3815756],[23.9823109,44.3817403],[23.9825902,44.3818511],[23.9836094,44.3820226],[23.9876686,44.3836798],[23.9877019,44.3833407],[23.9898311,44.3833081],[23.9908387,44.3834191],[23.9911148,44.3834879],[23.9934301,44.3834523],[23.9934882,44.3841663],[23.9955324,44.3845887],[23.9961299,44.3846634],[23.9972837,44.3846421],[23.9981068,44.3843969],[24.000803,44.3842882],[24.0018279,44.3840826],[24.0026293,44.3840199],[24.0030646,44.3853179],[24.0032139,44.3854098],[24.0037433,44.38557],[24.0032941,44.3873493],[24.004496,44.3875957],[24.0050784,44.3876059],[24.0062781,44.3880392],[24.0067586,44.3880701],[24.0088217,44.3886806],[24.0093044,44.3887704],[24.0099957,44.3889778],[24.017434,44.3907037],[24.0214384,44.3917199],[24.0220581,44.3918193],[24.0227316,44.3920281],[24.0239198,44.392748],[24.0252086,44.3933228],[24.0253486,44.3933442],[24.0257993,44.3932524],[24.0260521,44.3932445],[24.0270588,44.3936412],[24.0274222,44.3941052],[24.028074,44.3947571],[24.028349,44.3953487],[24.0288552,44.3959898],[24.0290252,44.3961291],[24.029558,44.3963665],[24.0302839,44.3965581],[24.030783,44.3966176],[24.0309449,44.3966875],[24.0313768,44.3967517],[24.0315101,44.3968536],[24.0317795,44.3972188],[24.0324036,44.3975666],[24.0322908,44.3976527],[24.032644,44.398026],[24.03464,44.4000136],[24.0357527,44.4010218],[24.0342801,44.4019729],[24.0366419,44.4045143],[24.0378492,44.404197],[24.0388311,44.403789],[24.0403187,44.406536],[24.0414535,44.4091124],[24.0421182,44.4100642],[24.0422876,44.4106898],[24.0422989,44.411283],[24.0426926,44.4122642],[24.0457035,44.4189014],[24.04616,44.418703],[24.0464296,44.4186421],[24.0467087,44.4186386],[24.0469612,44.4188451],[24.0481644,44.4189362],[24.0490012,44.4192224],[24.0492033,44.4199218],[24.0489752,44.4200414],[24.0482815,44.4205982],[24.0476942,44.4207913],[24.04723,44.4211384],[24.0470713,44.4228603],[24.0470656,44.4231031],[24.0469421,44.4244042],[24.0481815,44.4271637],[24.0498053,44.4310853],[24.0495577,44.4310928],[24.0485919,44.431341],[24.0473733,44.4314528],[24.0462857,44.4314436],[24.0454408,44.4316659],[24.0450037,44.4318926],[24.0445004,44.4320659],[24.0433722,44.4322569],[24.0428106,44.4324489],[24.0424319,44.4325192],[24.042195,44.4327005],[24.0412612,44.4327102],[24.0411059,44.4327792],[24.0409894,44.4330662],[24.0406639,44.4331642],[24.0404874,44.4332987],[24.0403575,44.4336488],[24.0401488,44.4337078],[24.0397759,44.4336983],[24.0395616,44.4338244],[24.0391167,44.4338446],[24.0390844,44.4340411],[24.0390186,44.4340998],[24.0386271,44.4340358],[24.0383808,44.4340689],[24.038223,44.4340212],[24.0378267,44.434077],[24.0375029,44.4339382],[24.0372402,44.4342847],[24.0370578,44.4343744],[24.0367919,44.4342425],[24.0367426,44.4342533],[24.0366955,44.4343985],[24.036595,44.4344513],[24.036069,44.4344867],[24.0356075,44.4343654],[24.0352721,44.4344644],[24.035006,44.4346657],[24.0343132,44.4345874],[24.0340538,44.4347644],[24.0329161,44.4347857],[24.032295,44.4349662],[24.0317359,44.4352212],[24.0315005,44.4354917],[24.0312216,44.4355475],[24.0310604,44.4357268],[24.0308417,44.4357678],[24.0307725,44.4358131],[24.0307273,44.4359597],[24.0304701,44.4360003],[24.0304012,44.4362876],[24.0300284,44.4363334],[24.0300045,44.4364832],[24.0300661,44.4366368],[24.0300267,44.4366885],[24.0298027,44.4367565],[24.0295218,44.4367742],[24.0292009,44.4369863],[24.0291077,44.4371401],[24.0288354,44.4373912],[24.0287668,44.4375864],[24.0285646,44.437814],[24.0282559,44.4379584],[24.0281375,44.4382628],[24.0279691,44.4383437],[24.0278309,44.438487],[24.0276243,44.438565],[24.0275436,44.4388061],[24.027169,44.43894],[24.0266276,44.43905],[24.0262654,44.4390668],[24.0259435,44.4391688],[24.0253529,44.4395714],[24.0247528,44.4400723],[24.0240456,44.4403129],[24.0236507,44.4404068],[24.0223149,44.4404164],[24.021812,44.4405143],[24.0206459,44.4409329],[24.0202653,44.4412113],[24.0201076,44.4414483],[24.0200974,44.4422559],[24.0199858,44.4426787],[24.0199433,44.443144],[24.0193618,44.4449286],[24.0192616,44.4450923],[24.0188169,44.4456686],[24.0179586,44.4464192],[24.0169072,44.4471239],[24.0159416,44.4474609],[24.0143108,44.4476753],[24.0137744,44.4480583],[24.0133023,44.4492531],[24.0120621,44.4500578],[24.0119646,44.4500094],[24.0111209,44.4495386],[24.0051973,44.4468374],[24.0033619,44.4458863],[23.999299,44.4440501],[23.9977484,44.4434113],[23.9968845,44.4429725],[23.996872,44.44292],[23.9964371,44.4427526],[23.9958885,44.4426189],[23.9942087,44.4420745],[23.9935153,44.4419041],[23.9932145,44.4418863],[23.9925418,44.4415922],[23.9921998,44.4415874],[23.9921014,44.4415188],[23.9917382,44.4414113],[23.9917262,44.4412265],[23.9908826,44.4412074],[23.990827,44.4411704],[23.9908449,44.441026],[23.9910782,44.4406733],[23.9917732,44.4402177],[23.9917749,44.4401226],[23.9916521,44.4399898],[23.9913466,44.4400877],[23.9910768,44.4398969],[23.9908957,44.439888],[23.9908382,44.4398161],[23.9909021,44.4396667],[23.9908334,44.439603],[23.990628,44.4396706],[23.9905286,44.4396588],[23.9906213,44.4394712],[23.9906025,44.4393741],[23.9901807,44.4390393],[23.9900401,44.4390472],[23.989744,44.4393409],[23.9894569,44.4392596],[23.9893896,44.4390249],[23.9892852,44.4390094],[23.9891181,44.4390774],[23.9885556,44.4397905],[23.9885326,44.4399366],[23.9886255,44.4401752],[23.9886018,44.4403597],[23.9879644,44.4403156],[23.9864285,44.4420803],[23.9855899,44.4414319],[23.9848774,44.4408075],[23.9839533,44.4398745],[23.9832602,44.4391746],[23.9829148,44.4388002],[23.9824532,44.4385795],[23.9822815,44.4383028],[23.9821003,44.4378814],[23.9819839,44.4376108],[23.9819137,44.4370376],[23.9818137,44.4365914],[23.9816113,44.4360531],[23.9816887,44.4358679],[23.9816794,44.4356527],[23.9813226,44.4353074],[23.9815898,44.4346344],[23.9814589,44.4343787],[23.9814297,44.4343217],[23.9813972,44.4339651],[23.9811399,44.4331297],[23.9809781,44.43281],[23.9811453,44.4320902],[23.9808509,44.4318197],[23.9801989,44.431423],[23.980269,44.4311617],[23.9792242,44.4287151],[23.9779675,44.4265849],[23.9776794,44.4263525],[23.9768038,44.4253719],[23.9748369,44.4226391],[23.9739944,44.4215609],[23.9734989,44.4208665],[23.9724701,44.4198063],[23.97364,44.418845],[23.9726468,44.4184937],[23.9724514,44.4182127],[23.9722597,44.4178623],[23.9709796,44.4155316],[23.969592,44.4127866],[23.9688029,44.4110359],[23.9686888,44.4106732],[23.9684779,44.4103933],[23.9682574,44.4103657],[23.9664753,44.4055527],[23.9648607,44.4013523],[23.9638335,44.3982633],[23.9634399,44.3970797],[23.9619914,44.3929222],[23.9605459,44.3887428],[23.9589925,44.3840076]]]}},{"type":"Feature","properties":{"entity_id":"osm-r9744221","jurisdiction":"RO","display_name":"BALDOVINEȘTI","display_type":"commune","admin_level":8,"tier":"local","legal_registry":"SIRUTA","legal_id":"125677","legal_type":"commune","parent_catalog_id":"osm-r2366978","osm_relation_id":9744221,"legal_identity_status":"reconciled","geometry_source":"OpenStreetMap","geometry_precision":"master_coordinate_fidelity"},"geometry":{"type":"Polygon","coordinates":[[[24.0911893,44.3961438],[24.0910356,44.396179],[24.0908711,44.3962285],[24.0906944,44.3963581],[24.0906522,44.3966179],[24.0907324,44.3968982],[24.0906525,44.3971185],[24.0902313,44.3976153],[24.0902441,44.3978422],[24.089233,44.3982936],[24.0887011,44.3987289],[24.0886774,44.398848],[24.0887677,44.3990052],[24.0885986,44.399172],[24.0885418,44.3994844],[24.0884022,44.3995146],[24.0875839,44.3995002],[24.0869199,44.3997794],[24.0866855,44.3999418],[24.0864053,44.4000607],[24.0859134,44.4001037],[24.0853924,44.4004397],[24.0850335,44.4005928],[24.0850096,44.4007236],[24.0847839,44.400845],[24.084502,44.4012436],[24.0841044,44.4013694],[24.0838924,44.401489],[24.0837606,44.4016653],[24.0836776,44.4019051],[24.0831348,44.4020669],[24.0829253,44.4022002],[24.0828682,44.402362],[24.082927,44.4029447],[24.082836,44.4031806],[24.0829131,44.4034765],[24.0828186,44.4035872],[24.0826454,44.4036679],[24.0825269,44.4038325],[24.0822094,44.4040607],[24.0820152,44.4040904],[24.0818688,44.4042066],[24.0816556,44.4042244],[24.0809527,44.4046743],[24.0805831,44.405011],[24.0804051,44.4050487],[24.0802091,44.4051879],[24.0800424,44.4053782],[24.0800158,44.4055031],[24.0794715,44.4058304],[24.0792577,44.4060555],[24.0788327,44.4061889],[24.0785486,44.4062042],[24.0779797,44.4066278],[24.0778344,44.4068417],[24.0775832,44.4067769],[24.0775031,44.4068513],[24.0774859,44.4069593],[24.0776745,44.4070777],[24.0777236,44.4072281],[24.0775947,44.4073475],[24.0773025,44.4073796],[24.0772077,44.4072976],[24.0771201,44.4073018],[24.0768689,44.4075341],[24.0768057,44.4077156],[24.0763514,44.4081223],[24.0761844,44.4080684],[24.0760542,44.4081291],[24.0759284,44.4084551],[24.0753919,44.4088889],[24.0748466,44.4090572],[24.0745822,44.4092874],[24.0741932,44.4093767],[24.0737357,44.4097124],[24.0734009,44.4096448],[24.0729957,44.4094039],[24.0726009,44.4093174],[24.0724301,44.4092296],[24.0721853,44.4091905],[24.071638,44.4092138],[24.0713991,44.4091554],[24.0712419,44.4090214],[24.0707421,44.4087735],[24.0704549,44.408694],[24.0698263,44.4084204],[24.0683938,44.4081942],[24.0676092,44.4077172],[24.0673754,44.4076746],[24.0669783,44.4074271],[24.0604211,44.4074797],[24.0600092,44.4074912],[24.0599057,44.407531],[24.0600526,44.4077364],[24.0602054,44.4082829],[24.0599288,44.4093094],[24.0601643,44.4101651],[24.0600869,44.4111336],[24.0601927,44.4120241],[24.06005,44.4136392],[24.0596974,44.4153263],[24.0590988,44.4164486],[24.0586599,44.4168242],[24.0580597,44.4172399],[24.057308,44.4179712],[24.0570928,44.4182851],[24.0568754,44.4183736],[24.0562283,44.4185206],[24.0560534,44.4186138],[24.0546996,44.4196876],[24.0544041,44.4200848],[24.0541624,44.4202359],[24.0533623,44.4205825],[24.052261,44.4209851],[24.0508798,44.4220361],[24.0488525,44.4231013],[24.0485336,44.4231913],[24.0484577,44.4232573],[24.0470656,44.4231031],[24.0470713,44.4228603],[24.04723,44.4211384],[24.0476942,44.4207913],[24.0482815,44.4205982],[24.0489752,44.4200414],[24.0492033,44.4199218],[24.0490012,44.4192224],[24.0481644,44.4189362],[24.0469612,44.4188451],[24.0467087,44.4186386],[24.0464296,44.4186421],[24.04616,44.418703],[24.0457035,44.4189014],[24.0426926,44.4122642],[24.0422989,44.411283],[24.0422876,44.4106898],[24.0421182,44.4100642],[24.0414535,44.4091124],[24.0403187,44.406536],[24.0388311,44.403789],[24.0378492,44.404197],[24.0366419,44.4045143],[24.0342801,44.4019729],[24.0357527,44.4010218],[24.03464,44.4000136],[24.032644,44.398026],[24.0322908,44.3976527],[24.0324036,44.3975666],[24.0317795,44.3972188],[24.0315101,44.3968536],[24.0313768,44.3967517],[24.0309449,44.3966875],[24.030783,44.3966176],[24.0302839,44.3965581],[24.029558,44.3963665],[24.0290252,44.3961291],[24.0288552,44.3959898],[24.028349,44.3953487],[24.028074,44.3947571],[24.0274222,44.3941052],[24.0270588,44.3936412],[24.0260521,44.3932445],[24.0257993,44.3932524],[24.0253486,44.3933442],[24.0252086,44.3933228],[24.0239198,44.392748],[24.0227316,44.3920281],[24.0220581,44.3918193],[24.0214384,44.3917199],[24.017434,44.3907037],[24.0099957,44.3889778],[24.0093044,44.3887704],[24.0088217,44.3886806],[24.0067586,44.3880701],[24.0062781,44.3880392],[24.0050784,44.3876059],[24.004496,44.3875957],[24.0032941,44.3873493],[24.0037433,44.38557],[24.0032139,44.3854098],[24.0030646,44.3853179],[24.0026293,44.3840199],[24.0018279,44.3840826],[24.000803,44.3842882],[23.9981068,44.3843969],[23.9972837,44.3846421],[23.9961299,44.3846634],[23.9955324,44.3845887],[23.9934882,44.3841663],[23.9934301,44.3834523],[23.9911148,44.3834879],[23.9908387,44.3834191],[23.9898311,44.3833081],[23.9877019,44.3833407],[23.9876686,44.3836798],[23.9836094,44.3820226],[23.9825902,44.3818511],[23.9823109,44.3817403],[23.9820531,44.3815756],[23.9814952,44.3809261],[23.9812712,44.3807863],[23.9810731,44.3807403],[23.9802709,44.3807426],[23.9796354,44.3805328],[23.9785844,44.380362],[23.9777883,44.3801389],[23.9783169,44.3797983],[23.9796567,44.379054],[23.9810298,44.3779488],[23.9841894,44.3731127],[23.9938026,44.3743658],[24.0077974,44.3761622],[24.0151026,44.3771391],[24.0211504,44.3817789],[24.0218107,44.3824656],[24.0245217,44.3851707],[24.0249915,44.3858306],[24.0267547,44.3851702],[24.0288272,44.3847808],[24.0299447,44.3818263],[24.0315614,44.3796736],[24.0240345,44.3759266],[24.0298905,44.3737801],[24.0359109,44.3716004],[24.0451501,44.3681672],[24.0453284,44.3653645],[24.0463015,44.3649548],[24.0472913,44.3647515],[24.0480289,44.3647362],[24.0484902,44.3646787],[24.0484427,44.3647442],[24.0481687,44.3650465],[24.048331,44.3653571],[24.0490696,44.3661819],[24.0505275,44.3674568],[24.0514783,44.368377],[24.0526423,44.3677268],[24.0551531,44.369984],[24.0608319,44.3756724],[24.0668216,44.3818114],[24.0673061,44.382395],[24.0683765,44.3834241],[24.0703476,44.3851814],[24.0705833,44.3849608],[24.0709533,44.3843172],[24.0707885,44.3832122],[24.0705448,44.3829078],[24.0705008,44.382717],[24.0708707,44.3808419],[24.0708571,44.3797553],[24.0734018,44.3800905],[24.0736857,44.380325],[24.0737696,44.3807484],[24.0739552,44.3804875],[24.0749956,44.3806586],[24.0754044,44.3806155],[24.0754997,44.3807074],[24.0754853,44.3808133],[24.0756617,44.3808886],[24.0755894,44.3810745],[24.0754427,44.3811703],[24.0751422,44.381186],[24.074857,44.381125],[24.0746858,44.3811701],[24.0746794,44.3813065],[24.0749915,44.3816242],[24.0750848,44.3818735],[24.0748498,44.3821151],[24.0745349,44.3821797],[24.0743104,44.3823039],[24.0743082,44.3824398],[24.0741786,44.3826416],[24.0741761,44.3827992],[24.0738052,44.3830375],[24.0736466,44.3834991],[24.0732926,44.3838133],[24.0732162,44.3839545],[24.0732684,44.3841224],[24.0734247,44.3843207],[24.0740373,44.3848708],[24.0747826,44.3854417],[24.0753033,44.3860429],[24.0753876,44.3860987],[24.0756517,44.3861492],[24.0757298,44.3862503],[24.0757648,44.3864712],[24.0761296,44.3868583],[24.0762862,44.3868616],[24.0782566,44.386126],[24.0782848,44.3860789],[24.0781311,44.3858964],[24.079285,44.3853957],[24.079657,44.3851215],[24.0797821,44.3848605],[24.0803498,44.3845854],[24.0806504,44.3848637],[24.0810512,44.3847133],[24.0813113,44.3845135],[24.0816553,44.3845714],[24.082478,44.3854116],[24.0827377,44.3860165],[24.0837761,44.3871396],[24.0851355,44.3888523],[24.0851527,44.3889765],[24.0849684,44.3893174],[24.0849704,44.3897153],[24.0848424,44.3901614],[24.0865931,44.3905744],[24.0867678,44.3906527],[24.0875741,44.3916886],[24.0883378,44.3923307],[24.0886416,44.3929319],[24.0888585,44.3931228],[24.0887397,44.3937306],[24.0889038,44.3941318],[24.0891156,44.3942951],[24.0894216,44.3944098],[24.0900238,44.3947416],[24.0902468,44.3948912],[24.0905413,44.3951888],[24.0909038,44.3953734],[24.090976,44.3956551],[24.0912016,44.3960559],[24.0911893,44.3961438]]]}},{"type":"Feature","properties":{"entity_id":"osm-r9744222","jurisdiction":"RO","display_name":"OBOGA","display_type":"commune","admin_level":8,"tier":"local","legal_registry":"SIRUTA","legal_id":"127812","legal_type":"commune","parent_catalog_id":"osm-r2366978","osm_relation_id":9744222,"legal_identity_status":"reconciled","geometry_source":"OpenStreetMap","geometry_precision":"master_coordinate_fidelity"},"geometry":{"type":"Polygon","coordinates":[[[24.1104308,44.3937704],[24.1103949,44.3939573],[24.1101254,44.3944995],[24.1100316,44.3951046],[24.1101314,44.3973145],[24.1098722,44.398602],[24.1095171,44.3993533],[24.1085486,44.4001997],[24.1078174,44.4009711],[24.107521,44.4013919],[24.1069774,44.4038403],[24.1069909,44.4050484],[24.1074913,44.4060219],[24.1093756,44.4092429],[24.109561,44.4097599],[24.1099428,44.411531],[24.1101,44.4131788],[24.1100653,44.4140403],[24.1098647,44.4152083],[24.1095406,44.416029],[24.1095036,44.4163466],[24.1098971,44.4163466],[24.1098716,44.416698],[24.1077133,44.4210483],[24.1074648,44.4220935],[24.1075291,44.4255835],[24.1082442,44.4275143],[24.1093873,44.4287372],[24.1115336,44.4316578],[24.1121765,44.4330314],[24.1120966,44.4339114],[24.1108744,44.435663],[24.1095679,44.4364142],[24.1090338,44.4350415],[24.1089214,44.4344502],[24.1087162,44.4340275],[24.1084573,44.4339133],[24.1081712,44.4338594],[24.1078452,44.4338859],[24.1073063,44.43375],[24.1058648,44.433782],[24.104606,44.4340186],[24.1041943,44.4343431],[24.1040992,44.4344814],[24.1040518,44.434959],[24.104096,44.4351529],[24.1039113,44.435886],[24.1037916,44.4360627],[24.1033201,44.4363039],[24.103593,44.4367427],[24.1028359,44.4375515],[24.1034633,44.4382324],[24.1040185,44.4391207],[24.1038309,44.4397155],[24.103807,44.4397915],[24.1035006,44.4397787],[24.1001476,44.4397161],[24.0929199,44.4394902],[24.092294,44.4391941],[24.0920151,44.4391082],[24.0916794,44.4390686],[24.0909924,44.4390899],[24.0901336,44.439344],[24.0898391,44.4393584],[24.0848862,44.439161],[24.0847606,44.438832],[24.0848335,44.4365837],[24.0847745,44.4364795],[24.0846352,44.4364281],[24.084327,44.4364223],[24.0838847,44.4363317],[24.0828424,44.4360823],[24.0822554,44.4359838],[24.0818627,44.4360074],[24.0807357,44.4357974],[24.0793452,44.4360002],[24.0792038,44.4360794],[24.0787984,44.4366049],[24.0780704,44.4371478],[24.0772501,44.437623],[24.0766236,44.4382437],[24.0761518,44.438541],[24.0758227,44.4386722],[24.0755041,44.4387298],[24.07479,44.4386972],[24.0746553,44.4386492],[24.0753262,44.4367137],[24.075213,44.4367066],[24.075416,44.4350953],[24.0727273,44.4344584],[24.0709312,44.4343697],[24.0695548,44.4341911],[24.0692249,44.4341066],[24.0672936,44.4333125],[24.0655555,44.4323293],[24.06482,44.4318096],[24.0644375,44.4316196],[24.0626515,44.4309161],[24.0622187,44.4308191],[24.0617298,44.4308306],[24.0594486,44.4312007],[24.0580906,44.4316096],[24.041956,44.4372318],[24.0392224,44.4382387],[24.0367691,44.4390748],[24.0362371,44.4392123],[24.0316495,44.4408537],[24.0207226,44.4446405],[24.0192616,44.4450923],[24.0193618,44.4449286],[24.0199433,44.443144],[24.0199858,44.4426787],[24.0200974,44.4422559],[24.0201076,44.4414483],[24.0202653,44.4412113],[24.0206459,44.4409329],[24.021812,44.4405143],[24.0223149,44.4404164],[24.0236507,44.4404068],[24.0240456,44.4403129],[24.0247528,44.4400723],[24.0253529,44.4395714],[24.0259435,44.4391688],[24.0262654,44.4390668],[24.0266276,44.43905],[24.027169,44.43894],[24.0275436,44.4388061],[24.0276243,44.438565],[24.0278309,44.438487],[24.0279691,44.4383437],[24.0281375,44.4382628],[24.0282559,44.4379584],[24.0285646,44.437814],[24.0287668,44.4375864],[24.0288354,44.4373912],[24.0291077,44.4371401],[24.0292009,44.4369863],[24.0295218,44.4367742],[24.0298027,44.4367565],[24.0300267,44.4366885],[24.0300661,44.4366368],[24.0300045,44.4364832],[24.0300284,44.4363334],[24.0304012,44.4362876],[24.0304701,44.4360003],[24.0307273,44.4359597],[24.0307725,44.4358131],[24.0308417,44.4357678],[24.0310604,44.4357268],[24.0312216,44.4355475],[24.0315005,44.4354917],[24.0317359,44.4352212],[24.032295,44.4349662],[24.0329161,44.4347857],[24.0340538,44.4347644],[24.0343132,44.4345874],[24.035006,44.4346657],[24.0352721,44.4344644],[24.0356075,44.4343654],[24.036069,44.4344867],[24.036595,44.4344513],[24.0366955,44.4343985],[24.0367426,44.4342533],[24.0367919,44.4342425],[24.0370578,44.4343744],[24.0372402,44.4342847],[24.0375029,44.4339382],[24.0378267,44.434077],[24.038223,44.4340212],[24.0383808,44.4340689],[24.0386271,44.4340358],[24.0390186,44.4340998],[24.0390844,44.4340411],[24.0391167,44.4338446],[24.0395616,44.4338244],[24.0397759,44.4336983],[24.0401488,44.4337078],[24.0403575,44.4336488],[24.0404874,44.4332987],[24.0406639,44.4331642],[24.0409894,44.4330662],[24.0411059,44.4327792],[24.0412612,44.4327102],[24.042195,44.4327005],[24.0424319,44.4325192],[24.0428106,44.4324489],[24.0433722,44.4322569],[24.0445004,44.4320659],[24.0450037,44.4318926],[24.0454408,44.4316659],[24.0462857,44.4314436],[24.0473733,44.4314528],[24.0485919,44.431341],[24.0495577,44.4310928],[24.0498053,44.4310853],[24.0481815,44.4271637],[24.0469421,44.4244042],[24.0470656,44.4231031],[24.0484577,44.4232573],[24.0485336,44.4231913],[24.0488525,44.4231013],[24.0508798,44.4220361],[24.052261,44.4209851],[24.0533623,44.4205825],[24.0541624,44.4202359],[24.0544041,44.4200848],[24.0546996,44.4196876],[24.0560534,44.4186138],[24.0562283,44.4185206],[24.0568754,44.4183736],[24.0570928,44.4182851],[24.057308,44.4179712],[24.0580597,44.4172399],[24.0586599,44.4168242],[24.0590988,44.4164486],[24.0596974,44.4153263],[24.06005,44.4136392],[24.0601927,44.4120241],[24.0600869,44.4111336],[24.0601643,44.4101651],[24.0599288,44.4093094],[24.0602054,44.4082829],[24.0600526,44.4077364],[24.0599057,44.407531],[24.0600092,44.4074912],[24.0604211,44.4074797],[24.0669783,44.4074271],[24.0673754,44.4076746],[24.0676092,44.4077172],[24.0683938,44.4081942],[24.0698263,44.4084204],[24.0704549,44.408694],[24.0707421,44.4087735],[24.0712419,44.4090214],[24.0713991,44.4091554],[24.071638,44.4092138],[24.0721853,44.4091905],[24.0724301,44.4092296],[24.0726009,44.4093174],[24.0729957,44.4094039],[24.0734009,44.4096448],[24.0737357,44.4097124],[24.0741932,44.4093767],[24.0745822,44.4092874],[24.0748466,44.4090572],[24.0753919,44.4088889],[24.0759284,44.4084551],[24.0760542,44.4081291],[24.0761844,44.4080684],[24.0763514,44.4081223],[24.0768057,44.4077156],[24.0768689,44.4075341],[24.0771201,44.4073018],[24.0772077,44.4072976],[24.0773025,44.4073796],[24.0775947,44.4073475],[24.0777236,44.4072281],[24.0776745,44.4070777],[24.0774859,44.4069593],[24.0775031,44.4068513],[24.0775832,44.4067769],[24.0778344,44.4068417],[24.0779797,44.4066278],[24.0785486,44.4062042],[24.0788327,44.4061889],[24.0792577,44.4060555],[24.0794715,44.4058304],[24.0800158,44.4055031],[24.0800424,44.4053782],[24.0802091,44.4051879],[24.0804051,44.4050487],[24.0805831,44.405011],[24.0809527,44.4046743],[24.0816556,44.4042244],[24.0818688,44.4042066],[24.0820152,44.4040904],[24.0822094,44.4040607],[24.0825269,44.4038325],[24.0826454,44.4036679],[24.0828186,44.4035872],[24.0829131,44.4034765],[24.082836,44.4031806],[24.082927,44.4029447],[24.0828682,44.402362],[24.0829253,44.4022002],[24.0831348,44.4020669],[24.0836776,44.4019051],[24.0837606,44.4016653],[24.0838924,44.401489],[24.0841044,44.4013694],[24.084502,44.4012436],[24.0847839,44.400845],[24.0850096,44.4007236],[24.0850335,44.4005928],[24.0853924,44.4004397],[24.0859134,44.4001037],[24.0864053,44.4000607],[24.0866855,44.3999418],[24.0869199,44.3997794],[24.0875839,44.3995002],[24.0884022,44.3995146],[24.0885418,44.3994844],[24.0885986,44.399172],[24.0887677,44.3990052],[24.0886774,44.398848],[24.0887011,44.3987289],[24.089233,44.3982936],[24.0902441,44.3978422],[24.0902313,44.3976153],[24.0906525,44.3971185],[24.0907324,44.3968982],[24.0906522,44.3966179],[24.0906944,44.3963581],[24.0908711,44.3962285],[24.0910356,44.396179],[24.0911893,44.3961438],[24.0913225,44.3963522],[24.0916075,44.3964405],[24.0919914,44.3964925],[24.0932203,44.3961975],[24.0938563,44.3962444],[24.0942832,44.3961868],[24.0948842,44.3961755],[24.0954747,44.3962638],[24.0956283,44.3961879],[24.0960367,44.3961655],[24.0964522,44.3959728],[24.0964797,44.3959376],[24.096418,44.3958664],[24.096473,44.395793],[24.096844,44.395673],[24.0970648,44.3953415],[24.097456,44.3950386],[24.0977066,44.3949602],[24.0981466,44.3949257],[24.0987202,44.3947203],[24.0992463,44.3942763],[24.0993071,44.3939752],[24.0996238,44.3938504],[24.0997413,44.3937129],[24.0999311,44.3937322],[24.1000692,44.3936686],[24.1003896,44.3937136],[24.1003679,44.3935012],[24.1004919,44.3935491],[24.1005461,44.3936724],[24.1006176,44.3936796],[24.100756,44.3936026],[24.1007925,44.3934599],[24.1008935,44.3933758],[24.1010749,44.3933326],[24.1014695,44.3934139],[24.1015799,44.3932931],[24.1017017,44.3932806],[24.1018132,44.393324],[24.1017705,44.3934688],[24.1018195,44.3935206],[24.1027111,44.3935054],[24.1029303,44.3936456],[24.1035048,44.3935787],[24.1041312,44.3935814],[24.1049034,44.3933727],[24.1057087,44.393502],[24.1061981,44.3937002],[24.1064849,44.3939738],[24.1065533,44.3941865],[24.1066181,44.3942317],[24.1073712,44.394508],[24.1076168,44.3944557],[24.1079203,44.3944652],[24.1080951,44.3943979],[24.1081747,44.394284],[24.1081835,44.3941037],[24.108574,44.3939978],[24.1086225,44.3938444],[24.108865,44.3937256],[24.1091461,44.3933097],[24.1094489,44.3935679],[24.1101425,44.3937084],[24.1104308,44.3937704]]]}},{"type":"Feature","properties":{"entity_id":"osm-r9744223","jurisdiction":"RO","display_name":"BOBICEȘTI","display_type":"commune","admin_level":8,"tier":"local","legal_registry":"SIRUTA","legal_id":"125873","legal_type":"commune","parent_catalog_id":"osm-r2366978","osm_relation_id":9744223,"legal_identity_status":"reconciled","geometry_source":"OpenStreetMap","geometry_precision":"master_coordinate_fidelity"},"geometry":{"type":"Polygon","coordinates":[[[24.1928498,44.3549502],[24.1927246,44.3550202],[24.1913147,44.3554428],[24.1911146,44.3555859],[24.19092,44.3558794],[24.1909234,44.3561054],[24.1913805,44.3574916],[24.1915599,44.3578093],[24.1917821,44.3584305],[24.1921167,44.3590158],[24.1927424,44.3599075],[24.1929301,44.3604497],[24.1929283,44.3609823],[24.1913986,44.3621965],[24.1931991,44.367518],[24.1933459,44.3682609],[24.1933721,44.369264],[24.192805,44.3697629],[24.1932958,44.3704843],[24.1938122,44.3709215],[24.1945716,44.3713812],[24.1955905,44.3718413],[24.1951357,44.372546],[24.1949098,44.3732101],[24.1948269,44.3748917],[24.1948586,44.3753455],[24.1951368,44.3766961],[24.1951986,44.3774596],[24.195557,44.3783063],[24.1956729,44.3787517],[24.1956313,44.3791141],[24.1954628,44.3791849],[24.1946145,44.3792961],[24.1945474,44.37953],[24.1942159,44.3815647],[24.1943326,44.3820312],[24.1941358,44.3819301],[24.1939759,44.3822741],[24.1936214,44.3846799],[24.1924639,44.3904514],[24.1921685,44.392189],[24.1931526,44.392017],[24.1938821,44.3919605],[24.1983569,44.3919169],[24.1984224,44.3919143],[24.1975294,44.3956586],[24.1957321,44.4041274],[24.1917645,44.4238908],[24.1917426,44.4239492],[24.1916514,44.4239344],[24.1878438,44.4235303],[24.1839112,44.4231846],[24.1751645,44.4223108],[24.1744144,44.4220134],[24.1727441,44.4209906],[24.1719076,44.4206739],[24.1707669,44.4200602],[24.1705139,44.4199651],[24.1701104,44.4198897],[24.1693073,44.4198672],[24.1687678,44.419799],[24.1685547,44.4199507],[24.1685175,44.4197247],[24.167094,44.4191337],[24.1651493,44.4184706],[24.1634363,44.4177619],[24.161951,44.4173249],[24.1617066,44.4171984],[24.1611812,44.4170733],[24.1610717,44.4166928],[24.1609343,44.4165463],[24.160781,44.4165199],[24.1606629,44.4165948],[24.1606496,44.4168176],[24.1608614,44.4171858],[24.1608012,44.417349],[24.1606423,44.4175009],[24.1604905,44.4175468],[24.1604102,44.417496],[24.1605732,44.4172807],[24.1605636,44.4171912],[24.1604876,44.4171467],[24.1602797,44.4171326],[24.1600179,44.417217],[24.1597757,44.4171524],[24.1595665,44.4172324],[24.1592423,44.4176717],[24.1589257,44.4179062],[24.1588826,44.4180126],[24.1589597,44.4181277],[24.159448,44.4184562],[24.1593858,44.4185342],[24.1590475,44.4185485],[24.1589215,44.4186048],[24.1592668,44.4187553],[24.1593638,44.4189879],[24.1592303,44.4191299],[24.1589181,44.4189978],[24.1588111,44.4190103],[24.1587651,44.4190876],[24.1588866,44.4193556],[24.1587866,44.4194214],[24.1585657,44.4193961],[24.1585338,44.4196042],[24.1583784,44.4195462],[24.1583058,44.4192547],[24.1580616,44.4191857],[24.1577945,44.4192061],[24.1576855,44.4192638],[24.1576041,44.4195731],[24.157485,44.4196652],[24.1571173,44.4196608],[24.1570147,44.4196152],[24.1569678,44.4195305],[24.1571686,44.4192885],[24.1570031,44.419037],[24.1568846,44.4189693],[24.156351,44.4191396],[24.1561981,44.4192915],[24.1561586,44.419384],[24.1562246,44.4195192],[24.1565612,44.4197041],[24.1565883,44.4197853],[24.1561563,44.4199427],[24.1560136,44.4201631],[24.1563533,44.4201799],[24.1567574,44.4200613],[24.1570065,44.4200465],[24.1571423,44.4201441],[24.1570255,44.4203399],[24.1570381,44.4204333],[24.1574375,44.4206429],[24.1571269,44.4213431],[24.1568829,44.4213296],[24.1566593,44.4215095],[24.1560916,44.421357],[24.1558854,44.4215882],[24.1553888,44.4215079],[24.15504,44.4216431],[24.1556924,44.4219555],[24.1557625,44.4223327],[24.1556939,44.4224158],[24.1555738,44.4224243],[24.155119,44.422282],[24.1548168,44.4222662],[24.1545647,44.4221674],[24.1541455,44.4222585],[24.154254,44.4223302],[24.1551163,44.4226187],[24.1550752,44.4227152],[24.1547358,44.4227957],[24.1545541,44.4229482],[24.1545402,44.4230598],[24.1546814,44.423224],[24.1546256,44.4233911],[24.1544717,44.4233958],[24.1542575,44.4233119],[24.1540878,44.4229932],[24.1540021,44.4229573],[24.1533947,44.4231534],[24.1530061,44.4232151],[24.1528855,44.4233244],[24.1527827,44.423622],[24.1525797,44.4237497],[24.1526006,44.423866],[24.15297,44.4239975],[24.1530374,44.4240999],[24.1527368,44.4243066],[24.1527088,44.4245289],[24.152473,44.4246047],[24.1524759,44.4248061],[24.1523374,44.424858],[24.1523098,44.4249647],[24.152852,44.4249512],[24.1531533,44.4252028],[24.1536447,44.4254979],[24.1536773,44.4257336],[24.1536347,44.4259106],[24.1532806,44.426454],[24.1533544,44.4267718],[24.1533205,44.4268972],[24.1530432,44.426934],[24.1527607,44.4271637],[24.1524003,44.4271415],[24.1523838,44.4272529],[24.1525167,44.4275911],[24.1522788,44.4277268],[24.1522586,44.4277954],[24.1526062,44.4280298],[24.1526671,44.4281796],[24.1523002,44.4283281],[24.1521753,44.4284313],[24.1521601,44.4285292],[24.1522613,44.4286205],[24.1527456,44.4287],[24.1527483,44.4289816],[24.1534596,44.4296705],[24.1532559,44.4298552],[24.1532438,44.4299473],[24.1530965,44.430119],[24.1530822,44.4301822],[24.1531799,44.4302847],[24.1534525,44.4303386],[24.1535064,44.4301444],[24.1538753,44.42983],[24.1542691,44.4299416],[24.1542193,44.4300177],[24.153818,44.4300791],[24.1537124,44.4302252],[24.1537114,44.4302992],[24.1538032,44.4303494],[24.1542573,44.4303364],[24.1545893,44.4304316],[24.1544609,44.4308912],[24.1541432,44.4309096],[24.1539684,44.4312216],[24.1535653,44.4312661],[24.1521986,44.4310569],[24.1476744,44.4302652],[24.1455747,44.4299716],[24.1420183,44.4293557],[24.1402039,44.4291038],[24.1372161,44.428566],[24.1289966,44.4273078],[24.1279151,44.4270871],[24.1246254,44.426558],[24.122578,44.4262959],[24.1209185,44.4261477],[24.1183578,44.4260188],[24.1075291,44.4255835],[24.1074648,44.4220935],[24.1077133,44.4210483],[24.1098716,44.416698],[24.1098971,44.4163466],[24.1095036,44.4163466],[24.1095406,44.416029],[24.1098647,44.4152083],[24.1100653,44.4140403],[24.1101,44.4131788],[24.1099428,44.411531],[24.109561,44.4097599],[24.1093756,44.4092429],[24.1074913,44.4060219],[24.1069909,44.4050484],[24.1069774,44.4038403],[24.107521,44.4013919],[24.1078174,44.4009711],[24.1085486,44.4001997],[24.1095171,44.3993533],[24.1098722,44.398602],[24.1101314,44.3973145],[24.1100316,44.3951046],[24.1101254,44.3944995],[24.1103949,44.3939573],[24.1104308,44.3937704],[24.1105145,44.3936567],[24.1110289,44.3929644],[24.1120903,44.3917917],[24.1125175,44.3911504],[24.1127272,44.3906156],[24.1128974,44.3894156],[24.1130823,44.3886228],[24.1133155,44.3879593],[24.1135833,44.3869144],[24.1137996,44.3864779],[24.1138705,44.3860762],[24.1138714,44.3855501],[24.113757,44.3850335],[24.1132444,44.3842093],[24.1129802,44.3835653],[24.1128176,44.382909],[24.112722,44.3821036],[24.1126643,44.380403],[24.1125478,44.379483],[24.1116682,44.3772379],[24.1113464,44.3765962],[24.1112996,44.3763668],[24.1113325,44.3763209],[24.1117512,44.376202],[24.1124788,44.3760673],[24.1125704,44.3759525],[24.1127066,44.3759321],[24.1130476,44.375548],[24.1134881,44.3745697],[24.1136533,44.3744098],[24.1140283,44.3743629],[24.1142343,44.3742169],[24.1142725,44.3739473],[24.1141812,44.3732637],[24.1139469,44.3722522],[24.1145463,44.3717234],[24.1146617,44.3717129],[24.1150058,44.3712205],[24.115707,44.3705675],[24.1159628,44.3702171],[24.1160123,44.3697121],[24.1173298,44.3695402],[24.1174185,44.3697872],[24.1173238,44.3704898],[24.1173831,44.3707506],[24.1177549,44.371126],[24.1181642,44.371386],[24.1186312,44.3715789],[24.1190411,44.3716834],[24.1199966,44.3717745],[24.1213562,44.3718071],[24.1219987,44.3717095],[24.1224483,44.3715601],[24.1228691,44.3713464],[24.1231626,44.3710919],[24.123436,44.3705008],[24.1234818,44.3702501],[24.1234461,44.3698778],[24.1231598,44.369134],[24.1228609,44.3685935],[24.1226251,44.3683711],[24.1224872,44.3680647],[24.1226306,44.367968],[24.1239502,44.3680135],[24.1240143,44.3663107],[24.1238985,44.3655876],[24.1240249,44.3652163],[24.1240278,44.3648268],[24.1238713,44.3635861],[24.1237398,44.3632872],[24.1234953,44.3629955],[24.1225757,44.3616066],[24.1225114,44.3608197],[24.1232268,44.3608305],[24.1232391,44.3606664],[24.1246918,44.36069],[24.1247183,44.3593853],[24.1283832,44.359424],[24.1311562,44.3595394],[24.1330342,44.359537],[24.1340141,44.3594796],[24.1336228,44.3578299],[24.1413639,44.3549952],[24.1411926,44.3500971],[24.1407081,44.3499984],[24.1400048,44.3497633],[24.1389906,44.3496367],[24.1383112,44.3496309],[24.1377859,44.3497985],[24.1374687,44.3498409],[24.1370362,44.3497161],[24.1364292,44.3494369],[24.1363391,44.3493095],[24.1360473,44.3483001],[24.1359399,44.3480986],[24.1366413,44.3480285],[24.1365655,44.3473362],[24.1366305,44.34702],[24.1368582,44.3466103],[24.1366736,44.3465264],[24.1358813,44.3459666],[24.135968,44.3453271],[24.1441729,44.3483921],[24.1472237,44.3442507],[24.1476898,44.3441526],[24.1483872,44.3431939],[24.1494884,44.3411721],[24.1501474,44.3413191],[24.1508051,44.3416767],[24.1519682,44.3421075],[24.1536096,44.3425859],[24.1580955,44.3440485],[24.1569254,44.3460432],[24.1596091,44.3469965],[24.1608053,44.3473737],[24.1648377,44.3488689],[24.1674378,44.3499198],[24.1714518,44.3514275],[24.1739005,44.3523997],[24.1761421,44.3531924],[24.1750994,44.3539566],[24.1748439,44.3541438],[24.1750669,44.3542965],[24.1818749,44.3568252],[24.1811934,44.3579296],[24.1819993,44.3582252],[24.1821495,44.3583671],[24.1822186,44.3589364],[24.1824221,44.3594305],[24.1824846,44.3594782],[24.1832862,44.3591908],[24.1835449,44.359191],[24.1837906,44.3593046],[24.1840372,44.3595762],[24.1843259,44.3595791],[24.1844182,44.3596174],[24.1853083,44.3595494],[24.1855418,44.3594755],[24.1854667,44.3593275],[24.185463,44.3591542],[24.1855402,44.3588865],[24.1857477,44.3585509],[24.185744,44.3583701],[24.1858893,44.3581261],[24.1860961,44.3579223],[24.1864518,44.3576943],[24.1867253,44.3577429],[24.1868324,44.3576639],[24.1870588,44.3573561],[24.1876872,44.3567327],[24.1879139,44.3564035],[24.1881357,44.3562026],[24.1883001,44.3557657],[24.1886323,44.3554998],[24.1889593,44.3553775],[24.1897414,44.3551976],[24.1906182,44.3548704],[24.191183,44.3548987],[24.1923714,44.3548302],[24.1927965,44.3548939],[24.1928498,44.3549502]]]}},{"type":"Feature","properties":{"entity_id":"osm-r9744224","jurisdiction":"RO","display_name":"BÂRZA","display_type":"commune","admin_level":8,"tier":"local","legal_registry":"SIRUTA","legal_id":"125846","legal_type":"commune","parent_catalog_id":"osm-r2366978","osm_relation_id":9744224,"legal_identity_status":"reconciled","geometry_source":"OpenStreetMap","geometry_precision":"master_coordinate_fidelity"},"geometry":{"type":"Polygon","coordinates":[[[24.2229653,44.3380795],[24.2229183,44.3382411],[24.2228712,44.3384026],[24.215896,44.3394376],[24.2160276,44.3397685],[24.216553,44.3417805],[24.216972,44.3440786],[24.2171283,44.3445052],[24.217197,44.3449335],[24.2177352,44.3469104],[24.218851,44.3515782],[24.2170342,44.3517407],[24.2169302,44.3517672],[24.2169392,44.3518358],[24.2125223,44.352299],[24.1943242,44.3544804],[24.1928498,44.3549502],[24.1927965,44.3548939],[24.1923714,44.3548302],[24.191183,44.3548987],[24.1906182,44.3548704],[24.1897414,44.3551976],[24.1889593,44.3553775],[24.1886323,44.3554998],[24.1883001,44.3557657],[24.1881357,44.3562026],[24.1879139,44.3564035],[24.1876872,44.3567327],[24.1870588,44.3573561],[24.1868324,44.3576639],[24.1867253,44.3577429],[24.1864518,44.3576943],[24.1860961,44.3579223],[24.1858893,44.3581261],[24.185744,44.3583701],[24.1857477,44.3585509],[24.1855402,44.3588865],[24.185463,44.3591542],[24.1854667,44.3593275],[24.1855418,44.3594755],[24.1853083,44.3595494],[24.1844182,44.3596174],[24.1843259,44.3595791],[24.1840372,44.3595762],[24.1837906,44.3593046],[24.1835449,44.359191],[24.1832862,44.3591908],[24.1824846,44.3594782],[24.1824221,44.3594305],[24.1822186,44.3589364],[24.1821495,44.3583671],[24.1819993,44.3582252],[24.1811934,44.3579296],[24.1818749,44.3568252],[24.1750669,44.3542965],[24.1748439,44.3541438],[24.1750994,44.3539566],[24.1761421,44.3531924],[24.1813694,44.3493343],[24.1789256,44.3470747],[24.1751462,44.343843],[24.175052,44.3436828],[24.1705656,44.3394655],[24.1682866,44.3372267],[24.1660854,44.3385479],[24.1661159,44.3382706],[24.1660263,44.3381315],[24.1631631,44.3349694],[24.1620069,44.3351573],[24.160696,44.3352889],[24.1595499,44.3353024],[24.1594582,44.3352601],[24.1594497,44.335103],[24.1595754,44.334811],[24.144394,44.3351716],[24.1429068,44.3351317],[24.1396774,44.3351893],[24.1382816,44.3353293],[24.1371235,44.3355323],[24.1371075,44.3354853],[24.1358709,44.3357749],[24.1300733,44.3373623],[24.1269669,44.3379524],[24.1263947,44.3367028],[24.1258217,44.3358629],[24.1257048,44.3355655],[24.1255546,44.3355446],[24.1252224,44.3356572],[24.1249292,44.335623],[24.1247802,44.335502],[24.1245908,44.3351474],[24.1243296,44.3349095],[24.1238571,44.3345989],[24.1238822,44.3343801],[24.1241875,44.3341856],[24.1247051,44.3340733],[24.1249322,44.3339447],[24.1257766,44.3332887],[24.1258408,44.3329419],[24.125664,44.3327926],[24.1256098,44.332567],[24.1258332,44.3323876],[24.1261123,44.3324438],[24.126365,44.3323667],[24.1265537,44.3320428],[24.1269011,44.3319442],[24.1270688,44.3319774],[24.1274908,44.3322658],[24.1276524,44.3322976],[24.1278395,44.3322697],[24.1280666,44.3321812],[24.1283547,44.3318948],[24.128523,44.3314283],[24.1286635,44.3312533],[24.1290682,44.3310128],[24.1292345,44.330989],[24.1294976,44.3310564],[24.1297501,44.33105],[24.1303144,44.3308263],[24.1305864,44.3307697],[24.1312506,44.3307003],[24.1319274,44.3307693],[24.1321997,44.3306925],[24.1323307,44.3305292],[24.1323271,44.3304571],[24.1321482,44.3300862],[24.1312716,44.3296241],[24.1312049,44.3295515],[24.1312132,44.3294694],[24.1314168,44.3292932],[24.1316708,44.3291879],[24.1324185,44.3289714],[24.1226983,44.3238677],[24.1226779,44.3238569],[24.1231821,44.3230385],[24.123323,44.3226615],[24.1237431,44.3221773],[24.1238569,44.3219352],[24.1237554,44.3217267],[24.1238262,44.3215903],[24.1242442,44.3214675],[24.1264314,44.3212596],[24.126753,44.3211185],[24.1274013,44.3209573],[24.1280087,44.3207288],[24.1286649,44.3203728],[24.130263,44.3202949],[24.1304265,44.3203315],[24.1307183,44.3205692],[24.1308766,44.3205901],[24.1311128,44.3205212],[24.1319598,44.3199837],[24.132126,44.3198437],[24.1324057,44.319422],[24.132419,44.3185313],[24.1319047,44.3173511],[24.1317376,44.3171929],[24.1304817,44.3163316],[24.129654,44.3159462],[24.1290998,44.3153415],[24.1286565,44.3150045],[24.1284793,44.3147834],[24.1271449,44.3139037],[24.126583,44.313452],[24.1259358,44.3127813],[24.1255392,44.3118835],[24.1253952,44.3112819],[24.1254086,44.3111172],[24.1255274,44.3108958],[24.1258285,44.3105135],[24.1258887,44.3101451],[24.1260064,44.3099537],[24.1264867,44.3096474],[24.1271035,44.3089968],[24.127735,44.3086456],[24.128031,44.3082319],[24.1283287,44.3080733],[24.129108,44.3075182],[24.1297399,44.3073072],[24.1300983,44.3071059],[24.1306225,44.3069704],[24.1313119,44.3069404],[24.1317026,44.3067747],[24.1321962,44.3066726],[24.1328131,44.3067362],[24.1336896,44.3066252],[24.1342258,44.3069668],[24.1343699,44.306993],[24.1348206,44.3069067],[24.1352741,44.3068878],[24.1355825,44.3071734],[24.1360187,44.3072637],[24.1365653,44.3072959],[24.136744,44.3073646],[24.1370462,44.3075408],[24.1376236,44.3080095],[24.1380134,44.3080742],[24.1385845,44.3082973],[24.1390683,44.3083487],[24.1394689,44.3084723],[24.1395737,44.3085208],[24.1397807,44.3087888],[24.1403256,44.3090969],[24.1414651,44.3094645],[24.1420225,44.3095557],[24.1425779,44.3095235],[24.1430231,44.3096712],[24.1436059,44.3096307],[24.1442548,44.3098825],[24.1447666,44.309892],[24.1451971,44.3098448],[24.1459325,44.3095892],[24.1461894,44.3097592],[24.1612537,44.3159965],[24.1640695,44.3171998],[24.1643635,44.3170313],[24.1647823,44.3170275],[24.1656304,44.3167231],[24.166386,44.3166604],[24.1669262,44.3164285],[24.1673899,44.3164665],[24.1679681,44.3163217],[24.1684418,44.3160751],[24.168626,44.3154842],[24.1690896,44.3150921],[24.1692974,44.3150209],[24.169837,44.3149477],[24.1702086,44.3146244],[24.170522,44.3144158],[24.1706947,44.3143562],[24.1709684,44.3143225],[24.1713996,44.3144223],[24.1729587,44.3145035],[24.1731334,44.3144484],[24.1734728,44.3141603],[24.1739612,44.3142052],[24.1743539,44.3141561],[24.174747,44.3138364],[24.1749017,44.3137805],[24.1766411,44.3137004],[24.1770124,44.3135669],[24.1776125,44.3132215],[24.1781517,44.3131923],[24.1788047,44.3133867],[24.1790109,44.3133219],[24.1794471,44.3129551],[24.1797824,44.3128966],[24.1804114,44.3132289],[24.180516,44.3132683],[24.1807341,44.3132662],[24.1812429,44.3130214],[24.1818241,44.3128261],[24.1818463,44.3128215],[24.1818066,44.3131213],[24.1818584,44.3132181],[24.1825182,44.3135986],[24.182602,44.3137629],[24.1827399,44.3138712],[24.1826834,44.3141],[24.1824424,44.3142432],[24.1824006,44.314332],[24.1824447,44.3144415],[24.1826457,44.3145648],[24.1826665,44.3147086],[24.1826069,44.3148009],[24.1823801,44.3148884],[24.1823597,44.3150792],[24.1821776,44.3152343],[24.1818496,44.3154248],[24.1817378,44.3154047],[24.1816542,44.3154428],[24.181609,44.3155584],[24.1818167,44.3157035],[24.1819884,44.3157444],[24.1820029,44.3158192],[24.1819616,44.3158772],[24.181822,44.3159108],[24.1816923,44.3160612],[24.1813937,44.3160951],[24.1812205,44.3161791],[24.1811888,44.3164342],[24.1809941,44.3164698],[24.1809422,44.3165569],[24.1809578,44.3168897],[24.1808165,44.3170757],[24.1807218,44.317075],[24.1806229,44.3171374],[24.1878678,44.3179598],[24.1879283,44.3179965],[24.1896255,44.317065],[24.190062,44.3169471],[24.1933061,44.3193467],[24.1960506,44.3215444],[24.1961247,44.3214045],[24.1964444,44.321214],[24.1967359,44.3212494],[24.1988997,44.3219947],[24.2180359,44.3275703],[24.2214878,44.3288209],[24.2219545,44.3290365],[24.2219174,44.329243],[24.2211296,44.3304184],[24.2196045,44.3329595],[24.2187369,44.3346592],[24.2182085,44.3354659],[24.2194227,44.3357602],[24.2202321,44.3360131],[24.2219956,44.3367271],[24.2223877,44.3369508],[24.2220456,44.3372667],[24.2220129,44.337451],[24.2229151,44.3380414],[24.2229653,44.3380795]]]}},{"type":"Feature","properties":{"entity_id":"osm-r9744225","jurisdiction":"RO","display_name":"GĂNEASA","display_type":"commune","admin_level":8,"tier":"local","legal_registry":"SIRUTA","legal_id":"127064","legal_type":"commune","parent_catalog_id":"osm-r2366978","osm_relation_id":9744225,"legal_identity_status":"reconciled","geometry_source":"OpenStreetMap","geometry_precision":"master_coordinate_fidelity"},"geometry":{"type":"Polygon","coordinates":[[[24.299874,44.3869834],[24.2998063,44.3871539],[24.2999335,44.3878051],[24.2992099,44.3886594],[24.2985851,44.3898365],[24.2984964,44.3900295],[24.2984755,44.3904088],[24.2983588,44.3906246],[24.2980947,44.3917303],[24.2981041,44.3919468],[24.2984599,44.3923661],[24.2987513,44.3925592],[24.2988401,44.392849],[24.2986984,44.393394],[24.2987489,44.3936847],[24.2988016,44.3937974],[24.2995058,44.3945335],[24.2996214,44.3948014],[24.2996439,44.3951031],[24.2995021,44.3954324],[24.2993041,44.3956058],[24.29907,44.3956841],[24.298728,44.3959325],[24.2984834,44.3963585],[24.2981539,44.3973169],[24.2977397,44.3978419],[24.2973568,44.3987163],[24.2972608,44.3992054],[24.2973493,44.3997677],[24.2973306,44.3999954],[24.2970861,44.4009391],[24.2971504,44.4016701],[24.2972729,44.4022311],[24.2976581,44.403076],[24.2981012,44.4034838],[24.2988098,44.4038287],[24.2993979,44.4041814],[24.3001536,44.404504],[24.3003904,44.4045723],[24.3011689,44.4046008],[24.3015077,44.4046827],[24.3016987,44.4048023],[24.3019313,44.4051606],[24.3060447,44.407381],[24.3046808,44.4096852],[24.307752,44.411501],[24.3073248,44.4119418],[24.2988697,44.4253666],[24.2971811,44.4282491],[24.2968665,44.428587],[24.2974886,44.4287847],[24.2955791,44.431919],[24.3045492,44.4345394],[24.3047214,44.4343491],[24.3099228,44.4354311],[24.3111021,44.4356215],[24.3132612,44.4357037],[24.3154194,44.4359986],[24.3156431,44.4359573],[24.3163807,44.4359474],[24.3188729,44.4362877],[24.3190635,44.4362694],[24.3193738,44.436066],[24.3204429,44.4359696],[24.3210658,44.43599],[24.3215945,44.4361165],[24.3219389,44.4359723],[24.3236235,44.4361658],[24.3262128,44.4364631],[24.3257388,44.4370961],[24.3231337,44.4405746],[24.321222,44.4436837],[24.320581,44.446621],[24.3206126,44.4479488],[24.3213114,44.4480632],[24.3213662,44.448914],[24.3215599,44.4491904],[24.3212968,44.4501714],[24.3212835,44.4502352],[24.3207561,44.4501651],[24.3143928,44.4482126],[24.3130307,44.4475278],[24.3163217,44.444277],[24.31626,44.4433068],[24.3158335,44.4434286],[24.3130168,44.4447305],[24.3116495,44.4455771],[24.3112107,44.4457924],[24.3104677,44.4460342],[24.3100782,44.4457645],[24.3079822,44.4446311],[24.3078571,44.4447255],[24.3070715,44.4448341],[24.306693,44.4449827],[24.3065853,44.445025],[24.3037965,44.4468028],[24.3030532,44.4471927],[24.3027567,44.4474426],[24.3023373,44.4478887],[24.3020354,44.4483713],[24.3020264,44.448615],[24.3021165,44.4489893],[24.3020959,44.4495055],[24.3016685,44.4498559],[24.300266,44.4507655],[24.2931477,44.4467588],[24.2901147,44.4488301],[24.2886659,44.4495999],[24.2797104,44.4499578],[24.2766737,44.4502274],[24.2749372,44.4500335],[24.2744747,44.4502294],[24.2743077,44.4502561],[24.2736709,44.4501701],[24.2726188,44.4498759],[24.2721315,44.4498723],[24.2719318,44.4498825],[24.2711558,44.4501733],[24.2700406,44.4502827],[24.2668965,44.450368],[24.2582653,44.4507718],[24.2550337,44.450761],[24.2524578,44.450869],[24.2506537,44.4509906],[24.2488185,44.4511943],[24.2487883,44.4512965],[24.2487077,44.4513486],[24.2451488,44.4521244],[24.244175,44.4523733],[24.2439313,44.452416],[24.2432353,44.4524165],[24.2422866,44.4525539],[24.2417859,44.452424],[24.2409877,44.4522961],[24.2367161,44.4524238],[24.235534,44.452424],[24.2333733,44.4525536],[24.2317267,44.4526032],[24.2308341,44.4526712],[24.2307504,44.4527627],[24.2296605,44.4529033],[24.2270802,44.4530991],[24.2233275,44.4532743],[24.2182909,44.4537156],[24.2150162,44.453902],[24.2117544,44.4541853],[24.2110039,44.4542195],[24.2108276,44.4541953],[24.2107991,44.4540895],[24.2086499,44.4541538],[24.2052196,44.4544071],[24.1985777,44.4548161],[24.1944035,44.4552594],[24.1890986,44.4556314],[24.1879053,44.4557745],[24.1878687,44.4557799],[24.1879053,44.4556391],[24.1878188,44.455225],[24.187334,44.4535768],[24.1859606,44.4536707],[24.188172,44.4433429],[24.1889932,44.4384616],[24.1917188,44.4241188],[24.1917426,44.4239492],[24.1917645,44.4238908],[24.1957321,44.4041274],[24.1975294,44.3956586],[24.1984224,44.3919143],[24.1988615,44.3919487],[24.1999543,44.3921363],[24.2015209,44.3925065],[24.2020903,44.392702],[24.2037725,44.3929207],[24.2056931,44.3933913],[24.2063093,44.3934577],[24.2074541,44.3934414],[24.2079951,44.3935519],[24.2081835,44.3936011],[24.2095072,44.3942067],[24.2102022,44.3944478],[24.2104757,44.3946389],[24.2108292,44.3951229],[24.2114951,44.3957232],[24.2116955,44.3959809],[24.2119533,44.3963363],[24.2123666,44.3972023],[24.2128643,44.3977796],[24.213469,44.3981332],[24.215609,44.3991307],[24.2157767,44.3992494],[24.215745,44.39953],[24.2163886,44.3999185],[24.2166805,44.3999345],[24.2169373,44.4000076],[24.2187358,44.4009316],[24.2183708,44.4009897],[24.2183629,44.4010265],[24.2183552,44.4012371],[24.2185298,44.4013717],[24.2185678,44.4014597],[24.2184679,44.4017336],[24.2182655,44.4020249],[24.2182722,44.4024612],[24.2180781,44.4041389],[24.2182973,44.4045398],[24.2195325,44.4055717],[24.219515,44.4060992],[24.2192108,44.4073361],[24.2190567,44.407461],[24.2184824,44.4075645],[24.2182733,44.4076761],[24.2184312,44.4091547],[24.2185471,44.4092109],[24.2188625,44.409543],[24.2190547,44.409891],[24.2193272,44.4119156],[24.2194174,44.4122141],[24.2194759,44.4122536],[24.2198168,44.4122565],[24.2200425,44.4123388],[24.2201787,44.4124815],[24.2204534,44.4131193],[24.2205143,44.4131605],[24.2228045,44.4131413],[24.2231516,44.4131852],[24.229772,44.414393],[24.2300671,44.4128052],[24.2301447,44.4128306],[24.2303726,44.4105079],[24.2304676,44.410454],[24.2314601,44.410472],[24.2315094,44.4101484],[24.2365964,44.4104121],[24.2371188,44.4105047],[24.2388585,44.4105609],[24.2473441,44.4110111],[24.2489235,44.4040363],[24.2488889,44.4040025],[24.2475045,44.4039118],[24.2467596,44.4035934],[24.2458499,44.4033743],[24.2456113,44.4031989],[24.2454557,44.4029866],[24.2452087,44.4029455],[24.2451977,44.4027872],[24.2458264,44.4023031],[24.2462049,44.4019066],[24.2461837,44.4016336],[24.2460124,44.401232],[24.2460313,44.4011224],[24.2462257,44.4009761],[24.2468225,44.4008237],[24.2471224,44.4006377],[24.2471513,44.400431],[24.2470076,44.4000445],[24.2470345,44.3999438],[24.2481303,44.3997831],[24.2482962,44.3996857],[24.2482365,44.3995131],[24.2475901,44.3996768],[24.2474354,44.3996693],[24.247468,44.399614],[24.2479133,44.3995061],[24.2482063,44.3993857],[24.2481959,44.3993106],[24.2477137,44.3994525],[24.2480919,44.3988392],[24.2487259,44.3985357],[24.2488002,44.3985547],[24.2491719,44.3981773],[24.250017,44.3983957],[24.2513604,44.3968638],[24.2520884,44.3957679],[24.2525663,44.39518],[24.2557696,44.3906617],[24.2549271,44.3903549],[24.2571368,44.3890315],[24.2686349,44.3824349],[24.2703504,44.3813548],[24.2753574,44.3812152],[24.2782731,44.3812008],[24.2818183,44.3811103],[24.2820109,44.3810404],[24.2835727,44.380986],[24.2892151,44.3809041],[24.2889419,44.3820503],[24.2892472,44.3830297],[24.2892929,44.3836332],[24.2894376,44.3837719],[24.29026,44.3839903],[24.295665,44.3856496],[24.2996618,44.3869121],[24.299874,44.3869834]]]}},{"type":"Feature","properties":{"entity_id":"osm-r9744226","jurisdiction":"RO","display_name":"SLĂTIOARA","display_type":"commune","admin_level":8,"tier":"local","legal_registry":"SIRUTA","legal_id":"125374","legal_type":"commune","parent_catalog_id":"osm-r2366978","osm_relation_id":9744226,"legal_identity_status":"reconciled","geometry_source":"OpenStreetMap","geometry_precision":"master_coordinate_fidelity"},"geometry":{"type":"Polygon","coordinates":[[[24.3262128,44.4364631],[24.3236235,44.4361658],[24.3219389,44.4359723],[24.3215945,44.4361165],[24.3210658,44.43599],[24.3204429,44.4359696],[24.3193738,44.436066],[24.3190635,44.4362694],[24.3188729,44.4362877],[24.3163807,44.4359474],[24.3156431,44.4359573],[24.3154194,44.4359986],[24.3132612,44.4357037],[24.3111021,44.4356215],[24.3099228,44.4354311],[24.3047214,44.4343491],[24.3045492,44.4345394],[24.2955791,44.431919],[24.2974886,44.4287847],[24.2968665,44.428587],[24.2971811,44.4282491],[24.2988697,44.4253666],[24.3073248,44.4119418],[24.307752,44.411501],[24.3046808,44.4096852],[24.3060447,44.407381],[24.3019313,44.4051606],[24.3016987,44.4048023],[24.3015077,44.4046827],[24.3011689,44.4046008],[24.3003904,44.4045723],[24.3001536,44.404504],[24.2993979,44.4041814],[24.2988098,44.4038287],[24.2981012,44.4034838],[24.2976581,44.403076],[24.2972729,44.4022311],[24.2971504,44.4016701],[24.2970861,44.4009391],[24.2973306,44.3999954],[24.2973493,44.3997677],[24.2972608,44.3992054],[24.2973568,44.3987163],[24.2977397,44.3978419],[24.2981539,44.3973169],[24.2984834,44.3963585],[24.298728,44.3959325],[24.29907,44.3956841],[24.2993041,44.3956058],[24.2995021,44.3954324],[24.2996439,44.3951031],[24.2996214,44.3948014],[24.2995058,44.3945335],[24.2988016,44.3937974],[24.2987489,44.3936847],[24.2986984,44.393394],[24.2988401,44.392849],[24.2987513,44.3925592],[24.2984599,44.3923661],[24.2981041,44.3919468],[24.2980947,44.3917303],[24.2983588,44.3906246],[24.2984755,44.3904088],[24.2984964,44.3900295],[24.2985851,44.3898365],[24.2992099,44.3886594],[24.2999335,44.3878051],[24.2998063,44.3871539],[24.299874,44.3869834],[24.29997,44.387008],[24.3011074,44.387412],[24.3056085,44.3891649],[24.3092067,44.3906143],[24.3099482,44.3909526],[24.3101181,44.3908652],[24.3104803,44.3900534],[24.3119571,44.3874321],[24.3123994,44.3865219],[24.3130549,44.3855596],[24.3133853,44.3848972],[24.3138386,44.3842245],[24.3139277,44.3838295],[24.3141773,44.3832547],[24.3148464,44.3820057],[24.3185313,44.3831952],[24.3192078,44.3832793],[24.3196613,44.3832077],[24.3187163,44.3805261],[24.3182649,44.3800371],[24.3187864,44.3801839],[24.3190454,44.3801779],[24.3192061,44.3801132],[24.3192335,44.3795104],[24.3197333,44.3778872],[24.3205797,44.3781694],[24.325147,44.3794477],[24.326246,44.3798165],[24.3268501,44.3799595],[24.3291659,44.3806549],[24.3297454,44.3808497],[24.3297316,44.3811216],[24.3301074,44.3812794],[24.3333849,44.3823721],[24.334698,44.382714],[24.3359192,44.3831881],[24.3372115,44.3834676],[24.3378366,44.3836915],[24.3391423,44.3840148],[24.341686,44.3845473],[24.3423845,44.3847724],[24.3433981,44.3849978],[24.3443367,44.385147],[24.3446513,44.385333],[24.3454061,44.3854478],[24.3461739,44.3857518],[24.3463352,44.3856696],[24.3469055,44.3855298],[24.349075,44.3860183],[24.3485098,44.3881358],[24.3502639,44.3885325],[24.3549132,44.39053],[24.3566758,44.3912136],[24.3583748,44.3920245],[24.3591342,44.3925248],[24.3599728,44.3931144],[24.3605933,44.3936557],[24.3631669,44.3963474],[24.3633756,44.396665],[24.363688,44.3974081],[24.3637845,44.3979047],[24.3637043,44.3985777],[24.3636424,44.3989011],[24.3634915,44.399111],[24.3631963,44.3994435],[24.3627143,44.3998043],[24.3616864,44.4005002],[24.3610469,44.4008684],[24.3596499,44.4014312],[24.3583901,44.4020047],[24.3569552,44.4028716],[24.356507,44.4029804],[24.3494833,44.4028037],[24.34869,44.4139704],[24.342316,44.4208615],[24.3262128,44.4364631]]]}},{"type":"Feature","properties":{"entity_id":"osm-r9744227","jurisdiction":"RO","display_name":"MILCOV","display_type":"commune","admin_level":8,"tier":"local","legal_registry":"SIRUTA","legal_id":"127563","legal_type":"commune","parent_catalog_id":"osm-r2366978","osm_relation_id":9744227,"legal_identity_status":"reconciled","geometry_source":"OpenStreetMap","geometry_precision":"master_coordinate_fidelity"},"geometry":{"type":"Polygon","coordinates":[[[24.3636424,44.3989011],[24.3637043,44.3985777],[24.3637845,44.3979047],[24.363688,44.3974081],[24.3633756,44.396665],[24.3631669,44.3963474],[24.3605933,44.3936557],[24.3599728,44.3931144],[24.3591342,44.3925248],[24.3583748,44.3920245],[24.3566758,44.3912136],[24.3549132,44.39053],[24.3502639,44.3885325],[24.3485098,44.3881358],[24.349075,44.3860183],[24.3502617,44.3814026],[24.3511719,44.3787875],[24.3523966,44.3746679],[24.3538995,44.3706633],[24.358673,44.3650051],[24.3615614,44.3621352],[24.3635656,44.357365],[24.3674535,44.3521231],[24.36855,44.3506446],[24.3733188,44.3446881],[24.3736176,44.3438972],[24.3739164,44.3431064],[24.3819226,44.3445044],[24.3824961,44.3447354],[24.3821598,44.3454842],[24.3820971,44.3460008],[24.381967,44.3464104],[24.3820682,44.3465669],[24.3825362,44.3468395],[24.3825727,44.3469026],[24.3824413,44.3470257],[24.3817797,44.3468144],[24.3816893,44.3468234],[24.3816302,44.3468955],[24.3816552,44.3470385],[24.3820754,44.3472256],[24.3819337,44.3475621],[24.381722,44.3474981],[24.3816386,44.3476024],[24.3818377,44.347855],[24.3816606,44.3480236],[24.3816516,44.3481226],[24.3818988,44.3483507],[24.381922,44.3484156],[24.3818245,44.3485885],[24.3827778,44.3490891],[24.3831889,44.3478872],[24.3834666,44.3474905],[24.3837918,44.3471188],[24.3845957,44.3465027],[24.3850123,44.3461103],[24.3866848,44.3439735],[24.3892883,44.3452668],[24.3881728,44.3461279],[24.3881429,44.3464206],[24.3899388,44.3482973],[24.3928536,44.3511121],[24.3933437,44.3516222],[24.393463,44.351833],[24.3933652,44.3522438],[24.3933579,44.3526462],[24.3931043,44.3527656],[24.3930864,44.3529823],[24.392833,44.3536785],[24.3927346,44.354143],[24.3922208,44.3553005],[24.3917696,44.356132],[24.3918461,44.3562665],[24.3921016,44.3562634],[24.3925583,44.3561027],[24.3939119,44.3553901],[24.3952145,44.3547959],[24.3960895,44.3542684],[24.3966248,44.3540455],[24.3995789,44.3525743],[24.4002744,44.3523554],[24.40247,44.3511168],[24.4067686,44.3489374],[24.4071374,44.3488515],[24.4106426,44.3487289],[24.4114243,44.3487643],[24.4147178,44.3487387],[24.4146905,44.3486852],[24.4153993,44.3486758],[24.416424,44.3486438],[24.4169032,44.3487284],[24.4168501,44.3495305],[24.4171949,44.3496681],[24.4171917,44.3497902],[24.4175434,44.3500811],[24.4180811,44.3502628],[24.4182377,44.3502195],[24.4185626,44.3502689],[24.4189242,44.3505215],[24.4189517,44.3517463],[24.4188737,44.3521731],[24.4189253,44.3523898],[24.420261,44.3522134],[24.4202718,44.3526476],[24.4210921,44.3527314],[24.4210919,44.3529175],[24.4204848,44.3528532],[24.4204257,44.3530731],[24.4205788,44.3531557],[24.4212849,44.3532539],[24.4212196,44.3540315],[24.4209434,44.3546169],[24.4202327,44.3551387],[24.4201493,44.3552487],[24.4199866,44.3555895],[24.4199458,44.355842],[24.4199803,44.3565264],[24.4204187,44.3576489],[24.419432,44.3579875],[24.418959,44.3582708],[24.4188513,44.3583912],[24.4190226,44.3586019],[24.4191289,44.3589978],[24.4192108,44.35898],[24.4194809,44.3585487],[24.4204366,44.3585587],[24.4223805,44.358629],[24.4228189,44.3586845],[24.4231572,44.3588818],[24.4233416,44.3591298],[24.4234291,44.3595797],[24.4235515,44.3597629],[24.422959,44.3602958],[24.4222619,44.3611198],[24.4220224,44.3615934],[24.4214876,44.3622153],[24.4213245,44.3625689],[24.4215118,44.3625457],[24.4226211,44.3617333],[24.423233,44.3614461],[24.4240591,44.3612714],[24.4246622,44.3612242],[24.4248305,44.3612959],[24.425042,44.3615119],[24.4250725,44.3616539],[24.4249921,44.3619693],[24.4250433,44.3620872],[24.4251834,44.3622072],[24.4254724,44.3622479],[24.4263075,44.362141],[24.4264713,44.3621762],[24.4266451,44.3623021],[24.426725,44.3625225],[24.4265616,44.363405],[24.42661,44.3637805],[24.426778,44.3642753],[24.4272027,44.3645575],[24.4277188,44.3647678],[24.4134689,44.3718586],[24.4101258,44.3735877],[24.3970158,44.3800603],[24.4014453,44.381866],[24.4017853,44.381805],[24.4020151,44.3818587],[24.4021255,44.381935],[24.4030398,44.3829751],[24.4051301,44.3851665],[24.4065262,44.386535],[24.4068079,44.3867537],[24.4070587,44.3871139],[24.4075039,44.387583],[24.407898,44.3878058],[24.4080071,44.3879946],[24.4080472,44.388224],[24.4104794,44.390657],[24.4076754,44.391773],[24.4067135,44.3920845],[24.4059662,44.3924333],[24.4027106,44.3942315],[24.4023805,44.394474],[24.4020418,44.394986],[24.4016726,44.395207],[24.4014097,44.3952314],[24.3999914,44.3935212],[24.3994343,44.3934503],[24.3989537,44.393301],[24.398675,44.3933044],[24.3987999,44.3948785],[24.4003929,44.3950002],[24.4005188,44.3950922],[24.4002635,44.3957087],[24.4002586,44.3961806],[24.3997746,44.3966901],[24.3993197,44.3970227],[24.398802,44.3972025],[24.3989188,44.398069],[24.3989014,44.3985033],[24.3988297,44.3988938],[24.3986141,44.3993517],[24.3983956,44.3992925],[24.3978711,44.399778],[24.3974174,44.400056],[24.3970476,44.4001765],[24.3965481,44.4006418],[24.3962353,44.400778],[24.3951046,44.4019544],[24.3947195,44.4025633],[24.3946627,44.4027992],[24.3937128,44.402679],[24.3903331,44.4029052],[24.3876415,44.4030609],[24.3876629,44.4029014],[24.3878316,44.4026781],[24.3877901,44.4025289],[24.3874797,44.4022848],[24.3868175,44.401585],[24.3865147,44.4014156],[24.3858292,44.4011775],[24.3852099,44.4008165],[24.3847151,44.4006831],[24.3846593,44.4006221],[24.3847309,44.4005175],[24.3849943,44.4004098],[24.3852303,44.4002232],[24.3853535,44.400038],[24.3857021,44.3998762],[24.3859348,44.3996484],[24.3857761,44.3996138],[24.3855493,44.399672],[24.3846181,44.4002607],[24.3843234,44.4003827],[24.3837422,44.4003238],[24.3835904,44.40027],[24.3834062,44.4001182],[24.3834956,44.399903],[24.3840884,44.3995811],[24.3842854,44.3993737],[24.3841413,44.3990071],[24.3839666,44.3988688],[24.3836735,44.3988442],[24.3832205,44.3990078],[24.3831192,44.3985431],[24.3827783,44.3985055],[24.3828712,44.3984236],[24.3828999,44.3982506],[24.3826079,44.3979412],[24.3826174,44.3977736],[24.3828829,44.3974353],[24.3830281,44.3971338],[24.3832182,44.396926],[24.3833836,44.3965834],[24.3827646,44.3951146],[24.3827225,44.393588],[24.3810945,44.3936397],[24.380185,44.3935566],[24.3801899,44.3932459],[24.3787611,44.3932511],[24.3780737,44.3934349],[24.3777263,44.3937732],[24.3770372,44.3934845],[24.3753475,44.3933292],[24.3753108,44.3932042],[24.3764449,44.3932095],[24.3766534,44.3929787],[24.3766836,44.3927334],[24.3752283,44.3926594],[24.3751523,44.3923803],[24.3761665,44.3924427],[24.3763978,44.3918437],[24.3769592,44.39184],[24.3772878,44.3917085],[24.3775018,44.3915973],[24.3775652,44.3914575],[24.3775432,44.3913408],[24.3773293,44.3911351],[24.3772265,44.3907979],[24.377321,44.3903247],[24.3772138,44.3902864],[24.3761952,44.3902246],[24.375418,44.3897887],[24.3751372,44.389707],[24.3745439,44.3896292],[24.3739161,44.3896631],[24.3734826,44.3897524],[24.3735393,44.3904463],[24.3733762,44.3910793],[24.3735652,44.3919554],[24.3735254,44.392567],[24.3736316,44.3937691],[24.373493,44.3958162],[24.3732598,44.3958657],[24.3703094,44.3954987],[24.3696168,44.3954555],[24.3695891,44.3953895],[24.3683578,44.3950384],[24.3681593,44.394942],[24.3671014,44.3940408],[24.3669664,44.3937806],[24.3647935,44.3939413],[24.364711,44.3939991],[24.3647375,44.3945879],[24.3653895,44.3953586],[24.3656649,44.3956106],[24.3663468,44.3975976],[24.366578,44.397911],[24.3667094,44.3984023],[24.3673401,44.3985501],[24.3675735,44.3989047],[24.36731,44.3991152],[24.3666067,44.3990122],[24.3666967,44.3991536],[24.3646927,44.3990421],[24.3641675,44.3989716],[24.3636424,44.3989011]]]}},{"type":"Feature","properties":{"entity_id":"osm-r9744228","jurisdiction":"RO","display_name":"PÂRȘCOVENI","display_type":"commune","admin_level":8,"tier":"local","legal_registry":"SIRUTA","legal_id":"128178","legal_type":"commune","parent_catalog_id":"osm-r2366978","osm_relation_id":9744228,"legal_identity_status":"reconciled","geometry_source":"OpenStreetMap","geometry_precision":"master_coordinate_fidelity"},"geometry":{"type":"Polygon","coordinates":[[[24.2229653,44.3380795],[24.2229151,44.3380414],[24.2220129,44.337451],[24.2220456,44.3372667],[24.2223877,44.3369508],[24.2219956,44.3367271],[24.2202321,44.3360131],[24.2194227,44.3357602],[24.2182085,44.3354659],[24.2187369,44.3346592],[24.2196045,44.3329595],[24.2211296,44.3304184],[24.2219174,44.329243],[24.2219545,44.3290365],[24.2214878,44.3288209],[24.2180359,44.3275703],[24.1988997,44.3219947],[24.1967359,44.3212494],[24.1964444,44.321214],[24.1961247,44.3214045],[24.1960506,44.3215444],[24.1933061,44.3193467],[24.190062,44.3169471],[24.1896255,44.317065],[24.1879283,44.3179965],[24.1878678,44.3179598],[24.1806229,44.3171374],[24.1807218,44.317075],[24.1808165,44.3170757],[24.1809578,44.3168897],[24.1809422,44.3165569],[24.1809941,44.3164698],[24.1811888,44.3164342],[24.1812205,44.3161791],[24.1813937,44.3160951],[24.1816923,44.3160612],[24.181822,44.3159108],[24.1819616,44.3158772],[24.1820029,44.3158192],[24.1819884,44.3157444],[24.1818167,44.3157035],[24.181609,44.3155584],[24.1816542,44.3154428],[24.1817378,44.3154047],[24.1818496,44.3154248],[24.1821776,44.3152343],[24.1823597,44.3150792],[24.1823801,44.3148884],[24.1826069,44.3148009],[24.1826665,44.3147086],[24.1826457,44.3145648],[24.1824447,44.3144415],[24.1824006,44.314332],[24.1824424,44.3142432],[24.1826834,44.3141],[24.1827399,44.3138712],[24.182602,44.3137629],[24.1825182,44.3135986],[24.1818584,44.3132181],[24.1818066,44.3131213],[24.1818463,44.3128215],[24.1823291,44.312725],[24.1825739,44.3127959],[24.1828398,44.3128105],[24.1833993,44.3126691],[24.1835511,44.3124471],[24.1837733,44.3117831],[24.1840607,44.3117124],[24.1841486,44.3115876],[24.184107,44.3114763],[24.1838941,44.3113206],[24.1837878,44.3111362],[24.1837656,44.3109142],[24.18425,44.3110632],[24.1848054,44.3110308],[24.1854167,44.3108043],[24.185388,44.3106804],[24.1851103,44.3106129],[24.1851895,44.3105644],[24.1853365,44.31056],[24.1855482,44.3106434],[24.1862712,44.3104876],[24.1864503,44.3103707],[24.1866579,44.3100212],[24.1863732,44.3099046],[24.186297,44.3097973],[24.1862572,44.3090205],[24.1860106,44.3089005],[24.1856911,44.3089127],[24.1851486,44.3088025],[24.18514,44.308697],[24.1853248,44.3085274],[24.1864085,44.3081324],[24.1865478,44.3079588],[24.1866106,44.3077299],[24.1867697,44.3076577],[24.1866759,44.3075003],[24.1860578,44.307101],[24.1855028,44.30684],[24.1850133,44.3063822],[24.1842745,44.3058765],[24.1835776,44.305646],[24.1822973,44.3047835],[24.1820067,44.3046649],[24.1804733,44.3037668],[24.1801601,44.3036264],[24.1797755,44.3033019],[24.1792865,44.3029978],[24.1737516,44.2996571],[24.1714428,44.2984047],[24.1710537,44.298284],[24.1742308,44.2965647],[24.1746071,44.2964933],[24.1752828,44.2960971],[24.1763704,44.2958295],[24.1766878,44.2957006],[24.177179,44.2952578],[24.1775158,44.2947798],[24.1776401,44.2943943],[24.1776327,44.2937791],[24.1775344,44.2931745],[24.177337,44.2928361],[24.176843,44.2922944],[24.1762385,44.2919307],[24.1758495,44.2917645],[24.1746911,44.2914697],[24.174812,44.2907948],[24.174982,44.2906835],[24.1774228,44.2903263],[24.1784557,44.2900836],[24.1792168,44.2898173],[24.1795724,44.2896257],[24.1798241,44.2894195],[24.1799447,44.2892724],[24.1799342,44.2891059],[24.1800437,44.2890105],[24.18034,44.2888638],[24.1809856,44.2887557],[24.1813174,44.2886046],[24.1814779,44.2883672],[24.1816102,44.2879722],[24.1820891,44.2874877],[24.1832221,44.2869028],[24.1840988,44.2862637],[24.1850454,44.2859489],[24.1851972,44.2859425],[24.1865221,44.2873191],[24.1874214,44.2867242],[24.188782,44.2855776],[24.1893301,44.2852152],[24.1872526,44.2833415],[24.1871684,44.2832021],[24.1862061,44.2822605],[24.1857853,44.2817192],[24.1845267,44.2805122],[24.1844195,44.2803524],[24.1844089,44.2802171],[24.184571,44.2799974],[24.1848658,44.2801633],[24.1851308,44.2802208],[24.1861825,44.2800901],[24.1873894,44.2797896],[24.1878853,44.2795654],[24.1884026,44.2792053],[24.1882763,44.2791646],[24.188482,44.2787889],[24.1886275,44.2781239],[24.1887088,44.2780764],[24.189326,44.2777992],[24.1899887,44.2775833],[24.1907544,44.2775028],[24.1914588,44.2773544],[24.1926944,44.2768247],[24.194158,44.2760431],[24.1948483,44.2759549],[24.1951226,44.2758636],[24.1952036,44.2757853],[24.1956511,44.2759224],[24.1961272,44.2761577],[24.1963407,44.2763672],[24.1967593,44.2774158],[24.195142,44.2776623],[24.1943308,44.27805],[24.1929678,44.2779927],[24.1920254,44.2781556],[24.1913014,44.2783498],[24.1906308,44.2786728],[24.19003,44.2791],[24.1896371,44.279533],[24.1892255,44.2801589],[24.188995,44.2806389],[24.189138,44.2806642],[24.1895075,44.2805666],[24.1896573,44.2806444],[24.1900477,44.2806299],[24.190299,44.2806878],[24.1907268,44.280862],[24.1909282,44.2810504],[24.1932709,44.2816034],[24.1933872,44.2817047],[24.1935638,44.2817112],[24.1963782,44.2810572],[24.1972802,44.2807128],[24.1972785,44.28067],[24.1977715,44.2805248],[24.198935,44.2803054],[24.2026322,44.27947],[24.2033632,44.2805181],[24.2034082,44.2805834],[24.2032426,44.2809126],[24.2031635,44.2818521],[24.2032688,44.2829334],[24.2034786,44.2834853],[24.2038148,44.2838818],[24.2047862,44.2847663],[24.2055698,44.285761],[24.2065413,44.2866454],[24.2083674,44.2877038],[24.2103899,44.2878244],[24.2122378,44.2878756],[24.2141454,44.2876397],[24.2162842,44.2870157],[24.2188038,44.2859233],[24.2210862,44.2850537],[24.2224799,44.2847743],[24.2240603,44.2848061],[24.2262093,44.2843871],[24.2395773,44.2824332],[24.2485538,44.2809727],[24.250949,44.2805829],[24.2510961,44.2807492],[24.2519585,44.2816887],[24.2522831,44.2821693],[24.252914,44.2834737],[24.2534119,44.2847706],[24.2572457,44.2834992],[24.2573637,44.2836089],[24.2590576,44.2840688],[24.2592765,44.2841957],[24.2592669,44.2842923],[24.2587307,44.2855151],[24.2582118,44.2863248],[24.2576902,44.287352],[24.255882,44.2905059],[24.2538375,44.29381],[24.2535587,44.2941572],[24.2533732,44.2945669],[24.25238,44.2962154],[24.2521986,44.2966375],[24.2520702,44.2966928],[24.2518853,44.2969324],[24.2518051,44.2971989],[24.2512216,44.2982715],[24.2506771,44.2991354],[24.2504232,44.2997111],[24.2500286,44.3002337],[24.2496758,44.3009568],[24.2491144,44.3018786],[24.2489348,44.3023301],[24.2485537,44.3027425],[24.2480764,44.3037171],[24.2473959,44.3047774],[24.2468264,44.3060097],[24.2465476,44.3063183],[24.2454358,44.3081101],[24.2479412,44.3087768],[24.2497482,44.3093836],[24.2500646,44.3094392],[24.2472976,44.3138998],[24.2427102,44.3124472],[24.2413638,44.3144788],[24.2408371,44.3153785],[24.2399604,44.3166722],[24.2382436,44.3194711],[24.2380422,44.3197256],[24.2388523,44.3200722],[24.2390445,44.3200816],[24.2395519,44.3202191],[24.2474645,44.322719],[24.2476764,44.3226436],[24.256082,44.3253679],[24.2570635,44.3257322],[24.2569779,44.3258815],[24.2568039,44.326185],[24.2565666,44.326121],[24.2500044,44.3375063],[24.2487935,44.3371697],[24.2454886,44.3361142],[24.241483,44.334904],[24.2406468,44.3347191],[24.2366404,44.3415912],[24.2368087,44.3416445],[24.2338287,44.3463717],[24.2326803,44.3453316],[24.2321254,44.3456189],[24.2281933,44.3417959],[24.2279197,44.341853],[24.2274845,44.3417588],[24.2271278,44.3417689],[24.226932,44.3416763],[24.2243509,44.3391885],[24.2229653,44.3380795]]]}},{"type":"Feature","properties":{"entity_id":"osm-r9744229","jurisdiction":"RO","display_name":"VOINEASA","display_type":"commune","admin_level":8,"tier":"local","legal_registry":"SIRUTA","legal_id":"130062","legal_type":"commune","parent_catalog_id":"osm-r2366978","osm_relation_id":9744229,"legal_identity_status":"reconciled","geometry_source":"OpenStreetMap","geometry_precision":"master_coordinate_fidelity"},"geometry":{"type":"Polygon","coordinates":[[[24.0696448,44.3326924],[24.0698433,44.3320679],[24.0712412,44.3295205],[24.0724415,44.3278194],[24.0759967,44.322643],[24.0770943,44.3209485],[24.0784895,44.318699],[24.0856249,44.3076296],[24.0912744,44.2991792],[24.0973527,44.2981484],[24.1089007,44.3007502],[24.1095485,44.2966276],[24.1097149,44.2931333],[24.1099725,44.28833],[24.1106557,44.2824783],[24.1115948,44.2711736],[24.1117015,44.2697125],[24.1119434,44.2668103],[24.1135449,44.2669377],[24.1159971,44.2671021],[24.1184406,44.2669311],[24.1208129,44.2666886],[24.1217997,44.2666127],[24.1226687,44.2665805],[24.1238429,44.2666156],[24.1251268,44.2662629],[24.127193,44.2658088],[24.1295373,44.2652912],[24.1321601,44.2652925],[24.134736,44.2648068],[24.1371597,44.2634164],[24.1386316,44.2627176],[24.1398433,44.2628274],[24.141688,44.2633347],[24.1430752,44.2637952],[24.1463292,44.263518],[24.1475082,44.2634827],[24.1484035,44.2620972],[24.1492322,44.2605378],[24.1495956,44.2561046],[24.1541273,44.255438],[24.1575091,44.2563085],[24.1596365,44.2566715],[24.1605107,44.2569213],[24.1615619,44.2571033],[24.1645398,44.2577625],[24.1653368,44.2579595],[24.1655661,44.2580974],[24.1659439,44.258046],[24.1672022,44.258295],[24.168306,44.2586164],[24.1754545,44.2602408],[24.1771189,44.2605296],[24.1793102,44.2610868],[24.1807597,44.2613891],[24.1826677,44.2618943],[24.1863108,44.262755],[24.1874211,44.2629644],[24.1894053,44.2635264],[24.1947325,44.2649026],[24.1992938,44.2659477],[24.2001127,44.266068],[24.2015114,44.2658755],[24.2022297,44.2661886],[24.2028114,44.2666327],[24.2030527,44.2668985],[24.20412,44.267311],[24.2056093,44.2680128],[24.2060587,44.2678107],[24.2076091,44.2695422],[24.2073456,44.2696451],[24.2087353,44.271221],[24.2089045,44.2711642],[24.2098424,44.272594],[24.2110643,44.2742446],[24.2115495,44.2750485],[24.2118941,44.2754308],[24.2122593,44.2760878],[24.2124199,44.2762409],[24.2137288,44.2780849],[24.2148983,44.2800156],[24.2108795,44.2806653],[24.2069271,44.2812043],[24.2065641,44.2809231],[24.2065744,44.2805113],[24.2068387,44.2800026],[24.2068136,44.27987],[24.2065788,44.27962],[24.2058995,44.2789745],[24.2045708,44.2788547],[24.2039089,44.2795849],[24.2035649,44.2803442],[24.2034082,44.2805834],[24.2033632,44.2805181],[24.2026322,44.27947],[24.198935,44.2803054],[24.1977715,44.2805248],[24.1972785,44.28067],[24.1972802,44.2807128],[24.1963782,44.2810572],[24.1935638,44.2817112],[24.1933872,44.2817047],[24.1932709,44.2816034],[24.1909282,44.2810504],[24.1907268,44.280862],[24.190299,44.2806878],[24.1900477,44.2806299],[24.1896573,44.2806444],[24.1895075,44.2805666],[24.189138,44.2806642],[24.188995,44.2806389],[24.1892255,44.2801589],[24.1896371,44.279533],[24.19003,44.2791],[24.1906308,44.2786728],[24.1913014,44.2783498],[24.1920254,44.2781556],[24.1929678,44.2779927],[24.1943308,44.27805],[24.195142,44.2776623],[24.1967593,44.2774158],[24.1963407,44.2763672],[24.1961272,44.2761577],[24.1956511,44.2759224],[24.1952036,44.2757853],[24.1951226,44.2758636],[24.1948483,44.2759549],[24.194158,44.2760431],[24.1926944,44.2768247],[24.1914588,44.2773544],[24.1907544,44.2775028],[24.1899887,44.2775833],[24.189326,44.2777992],[24.1887088,44.2780764],[24.1886275,44.2781239],[24.188482,44.2787889],[24.1882763,44.2791646],[24.1884026,44.2792053],[24.1878853,44.2795654],[24.1873894,44.2797896],[24.1861825,44.2800901],[24.1851308,44.2802208],[24.1848658,44.2801633],[24.184571,44.2799974],[24.1844089,44.2802171],[24.1844195,44.2803524],[24.1845267,44.2805122],[24.1857853,44.2817192],[24.1862061,44.2822605],[24.1871684,44.2832021],[24.1872526,44.2833415],[24.1893301,44.2852152],[24.188782,44.2855776],[24.1874214,44.2867242],[24.1865221,44.2873191],[24.1851972,44.2859425],[24.1850454,44.2859489],[24.1840988,44.2862637],[24.1832221,44.2869028],[24.1820891,44.2874877],[24.1816102,44.2879722],[24.1814779,44.2883672],[24.1813174,44.2886046],[24.1809856,44.2887557],[24.18034,44.2888638],[24.1800437,44.2890105],[24.1799342,44.2891059],[24.1799447,44.2892724],[24.1798241,44.2894195],[24.1795724,44.2896257],[24.1792168,44.2898173],[24.1784557,44.2900836],[24.1774228,44.2903263],[24.174982,44.2906835],[24.174812,44.2907948],[24.1746911,44.2914697],[24.1758495,44.2917645],[24.1762385,44.2919307],[24.176843,44.2922944],[24.177337,44.2928361],[24.1775344,44.2931745],[24.1776327,44.2937791],[24.1776401,44.2943943],[24.1775158,44.2947798],[24.177179,44.2952578],[24.1766878,44.2957006],[24.1763704,44.2958295],[24.1752828,44.2960971],[24.1746071,44.2964933],[24.1742308,44.2965647],[24.1710537,44.298284],[24.1714428,44.2984047],[24.1737516,44.2996571],[24.1792865,44.3029978],[24.1797755,44.3033019],[24.1801601,44.3036264],[24.1804733,44.3037668],[24.1820067,44.3046649],[24.1822973,44.3047835],[24.1835776,44.305646],[24.1842745,44.3058765],[24.1850133,44.3063822],[24.1855028,44.30684],[24.1860578,44.307101],[24.1866759,44.3075003],[24.1867697,44.3076577],[24.1866106,44.3077299],[24.1865478,44.3079588],[24.1864085,44.3081324],[24.1853248,44.3085274],[24.18514,44.308697],[24.1851486,44.3088025],[24.1856911,44.3089127],[24.1860106,44.3089005],[24.1862572,44.3090205],[24.186297,44.3097973],[24.1863732,44.3099046],[24.1866579,44.3100212],[24.1864503,44.3103707],[24.1862712,44.3104876],[24.1855482,44.3106434],[24.1853365,44.31056],[24.1851895,44.3105644],[24.1851103,44.3106129],[24.185388,44.3106804],[24.1854167,44.3108043],[24.1848054,44.3110308],[24.18425,44.3110632],[24.1837656,44.3109142],[24.1837878,44.3111362],[24.1838941,44.3113206],[24.184107,44.3114763],[24.1841486,44.3115876],[24.1840607,44.3117124],[24.1837733,44.3117831],[24.1835511,44.3124471],[24.1833993,44.3126691],[24.1828398,44.3128105],[24.1825739,44.3127959],[24.1823291,44.312725],[24.1818463,44.3128215],[24.1818241,44.3128261],[24.1812429,44.3130214],[24.1807341,44.3132662],[24.180516,44.3132683],[24.1804114,44.3132289],[24.1797824,44.3128966],[24.1794471,44.3129551],[24.1790109,44.3133219],[24.1788047,44.3133867],[24.1781517,44.3131923],[24.1776125,44.3132215],[24.1770124,44.3135669],[24.1766411,44.3137004],[24.1749017,44.3137805],[24.174747,44.3138364],[24.1743539,44.3141561],[24.1739612,44.3142052],[24.1734728,44.3141603],[24.1731334,44.3144484],[24.1729587,44.3145035],[24.1713996,44.3144223],[24.1709684,44.3143225],[24.1706947,44.3143562],[24.170522,44.3144158],[24.1702086,44.3146244],[24.169837,44.3149477],[24.1692974,44.3150209],[24.1690896,44.3150921],[24.168626,44.3154842],[24.1684418,44.3160751],[24.1679681,44.3163217],[24.1673899,44.3164665],[24.1669262,44.3164285],[24.166386,44.3166604],[24.1656304,44.3167231],[24.1647823,44.3170275],[24.1643635,44.3170313],[24.1640695,44.3171998],[24.1612537,44.3159965],[24.1461894,44.3097592],[24.1459325,44.3095892],[24.1451971,44.3098448],[24.1447666,44.309892],[24.1442548,44.3098825],[24.1436059,44.3096307],[24.1430231,44.3096712],[24.1425779,44.3095235],[24.1420225,44.3095557],[24.1414651,44.3094645],[24.1403256,44.3090969],[24.1397807,44.3087888],[24.1395737,44.3085208],[24.1394689,44.3084723],[24.1390683,44.3083487],[24.1385845,44.3082973],[24.1380134,44.3080742],[24.1376236,44.3080095],[24.1370462,44.3075408],[24.136744,44.3073646],[24.1365653,44.3072959],[24.1360187,44.3072637],[24.1355825,44.3071734],[24.1352741,44.3068878],[24.1348206,44.3069067],[24.1343699,44.306993],[24.1342258,44.3069668],[24.1336896,44.3066252],[24.1328131,44.3067362],[24.1321962,44.3066726],[24.1317026,44.3067747],[24.1313119,44.3069404],[24.1306225,44.3069704],[24.1300983,44.3071059],[24.1297399,44.3073072],[24.129108,44.3075182],[24.1283287,44.3080733],[24.128031,44.3082319],[24.127735,44.3086456],[24.1271035,44.3089968],[24.1264867,44.3096474],[24.1260064,44.3099537],[24.1258887,44.3101451],[24.1258285,44.3105135],[24.1255274,44.3108958],[24.1254086,44.3111172],[24.1253952,44.3112819],[24.1255392,44.3118835],[24.1259358,44.3127813],[24.126583,44.313452],[24.1271449,44.3139037],[24.1284793,44.3147834],[24.1286565,44.3150045],[24.1290998,44.3153415],[24.129654,44.3159462],[24.1304817,44.3163316],[24.1317376,44.3171929],[24.1319047,44.3173511],[24.132419,44.3185313],[24.1324057,44.319422],[24.132126,44.3198437],[24.1319598,44.3199837],[24.1311128,44.3205212],[24.1308766,44.3205901],[24.1307183,44.3205692],[24.1304265,44.3203315],[24.130263,44.3202949],[24.1286649,44.3203728],[24.1280087,44.3207288],[24.1274013,44.3209573],[24.126753,44.3211185],[24.1264314,44.3212596],[24.1242442,44.3214675],[24.1238262,44.3215903],[24.1237554,44.3217267],[24.1238569,44.3219352],[24.1237431,44.3221773],[24.123323,44.3226615],[24.1231821,44.3230385],[24.1226779,44.3238569],[24.1223931,44.3240345],[24.12164,44.3243447],[24.1203432,44.3245609],[24.1200206,44.3247175],[24.1196802,44.3249638],[24.1195609,44.3251423],[24.1194296,44.3254947],[24.1193861,44.3260212],[24.1189994,44.3265555],[24.1187308,44.3267335],[24.1181326,44.3268309],[24.1174733,44.3273253],[24.117157,44.327462],[24.117377,44.3280856],[24.117298,44.3293142],[24.1174393,44.3303398],[24.1173867,44.3310233],[24.1174251,44.3316685],[24.1180971,44.3328692],[24.1187344,44.3334057],[24.1103675,44.3320001],[24.1090929,44.3318201],[24.1086621,44.3311622],[24.1083447,44.3308698],[24.1080442,44.3307383],[24.1078111,44.3304619],[24.1079221,44.3297218],[24.1075408,44.3292173],[24.1074611,44.3290185],[24.1073995,44.3285201],[24.1074076,44.3280024],[24.1076288,44.3278225],[24.1077911,44.327581],[24.1071034,44.3273942],[24.1069446,44.3275419],[24.1064898,44.3277554],[24.1060882,44.3275655],[24.105777,44.3278692],[24.1049548,44.3290477],[24.1049686,44.3292276],[24.1048507,44.3295787],[24.1050752,44.3297565],[24.1049825,44.3304331],[24.1043295,44.3300706],[24.1038523,44.3304324],[24.1021145,44.3296137],[24.1013439,44.3293381],[24.1001751,44.3287071],[24.0967097,44.3286211],[24.0949364,44.328683],[24.0951442,44.328268],[24.0953739,44.3279824],[24.0953818,44.3277484],[24.0952271,44.3274828],[24.0952564,44.3272323],[24.0938114,44.3260146],[24.0938531,44.3252692],[24.0939374,44.3251827],[24.0941813,44.3251294],[24.0940498,44.3250092],[24.09269,44.3250313],[24.0924588,44.3249762],[24.0911837,44.3253511],[24.0909219,44.3254783],[24.090375,44.3254465],[24.0898551,44.3255601],[24.0894395,44.3255567],[24.0888478,44.3257384],[24.0883546,44.3260351],[24.0881748,44.3260688],[24.0878031,44.3263476],[24.0873478,44.326572],[24.0870947,44.3266169],[24.0870357,44.3267975],[24.0869225,44.3268614],[24.0864141,44.3268975],[24.0859913,44.3270327],[24.0857892,44.3269998],[24.0843689,44.3270541],[24.0832569,44.3279],[24.0825836,44.3283059],[24.0819878,44.3289148],[24.0812554,44.3295197],[24.0810068,44.329619],[24.0798508,44.3298001],[24.0790509,44.3302352],[24.0784975,44.3306879],[24.078169,44.3308285],[24.0770253,44.3311067],[24.0767782,44.331219],[24.0762645,44.3312384],[24.0756879,44.3314449],[24.0751147,44.3315509],[24.073894,44.331552],[24.0736775,44.3316482],[24.0731018,44.3317524],[24.0726848,44.3321318],[24.0724761,44.3322023],[24.0712301,44.3324211],[24.0705212,44.3324537],[24.0698914,44.3325867],[24.0697081,44.3326696],[24.0696448,44.3326924]]]}},{"type":"Feature","properties":{"entity_id":"osm-r9744230","jurisdiction":"RO","display_name":"DOBRUN","display_type":"commune","admin_level":8,"tier":"local","legal_registry":"SIRUTA","legal_id":"126825","legal_type":"commune","parent_catalog_id":"osm-r2366978","osm_relation_id":9744230,"legal_identity_status":"reconciled","geometry_source":"OpenStreetMap","geometry_precision":"master_coordinate_fidelity"},"geometry":{"type":"Polygon","coordinates":[[[24.2780759,44.2550521],[24.2774596,44.2574672],[24.277133,44.2581624],[24.2763713,44.2578596],[24.2759845,44.2583767],[24.2749781,44.2589732],[24.2740484,44.2593552],[24.2731299,44.2591127],[24.2727737,44.2589422],[24.2720954,44.2587906],[24.2716418,44.2588035],[24.2696979,44.2586752],[24.2664429,44.2587118],[24.2651622,44.2587717],[24.2640264,44.258943],[24.2636738,44.2590668],[24.2629732,44.2595195],[24.2621523,44.2602395],[24.2616614,44.2608827],[24.2607484,44.2625061],[24.2599115,44.2636298],[24.2596931,44.2644091],[24.2580951,44.2672928],[24.2578764,44.2671926],[24.2577593,44.2669793],[24.2577989,44.2657344],[24.2579747,44.2651542],[24.2575407,44.2651537],[24.257033,44.2650857],[24.256565,44.2649287],[24.2562348,44.2646434],[24.2559321,44.2642903],[24.2556437,44.2641948],[24.2547932,44.2642738],[24.254512,44.2646643],[24.2546878,44.2647921],[24.2547389,44.2649707],[24.2546091,44.2651603],[24.2547616,44.265532],[24.2546351,44.2656804],[24.2542804,44.2658144],[24.2538809,44.265787],[24.2533564,44.2658621],[24.2530309,44.2658484],[24.2527913,44.2657855],[24.2526589,44.2657002],[24.2525857,44.2655769],[24.2526191,44.2654736],[24.2527002,44.2654013],[24.2529942,44.2653802],[24.252899,44.2650897],[24.2529615,44.2648295],[24.2528413,44.2646862],[24.2525933,44.2646058],[24.2522864,44.2646169],[24.2516923,44.2648626],[24.2510369,44.2648259],[24.2507979,44.2649446],[24.2502474,44.2650252],[24.250792,44.2661912],[24.2510821,44.2670251],[24.2512181,44.2677925],[24.2516833,44.269191],[24.2522881,44.2707504],[24.254406,44.2743874],[24.2543074,44.2747602],[24.2540819,44.2750649],[24.2538713,44.2755411],[24.2536286,44.2758518],[24.2535839,44.2760168],[24.2532028,44.2764919],[24.2529928,44.2771747],[24.2531271,44.2776069],[24.2529418,44.2779658],[24.2528489,44.2783881],[24.2527413,44.2786014],[24.2521596,44.2793451],[24.2518174,44.2799181],[24.2512959,44.2803558],[24.250949,44.2805829],[24.2485538,44.2809727],[24.2395773,44.2824332],[24.2262093,44.2843871],[24.2240603,44.2848061],[24.2224799,44.2847743],[24.2210862,44.2850537],[24.2188038,44.2859233],[24.2162842,44.2870157],[24.2141454,44.2876397],[24.2122378,44.2878756],[24.2103899,44.2878244],[24.2083674,44.2877038],[24.2065413,44.2866454],[24.2055698,44.285761],[24.2047862,44.2847663],[24.2038148,44.2838818],[24.2034786,44.2834853],[24.2032688,44.2829334],[24.2031635,44.2818521],[24.2032426,44.2809126],[24.2034082,44.2805834],[24.2035649,44.2803442],[24.2039089,44.2795849],[24.2045708,44.2788547],[24.2058995,44.2789745],[24.2065788,44.27962],[24.2068136,44.27987],[24.2068387,44.2800026],[24.2065744,44.2805113],[24.2065641,44.2809231],[24.2069271,44.2812043],[24.2108795,44.2806653],[24.2148983,44.2800156],[24.2137288,44.2780849],[24.2124199,44.2762409],[24.2122593,44.2760878],[24.2118941,44.2754308],[24.2115495,44.2750485],[24.2110643,44.2742446],[24.2098424,44.272594],[24.2089045,44.2711642],[24.2087353,44.271221],[24.2073456,44.2696451],[24.2076091,44.2695422],[24.2060587,44.2678107],[24.2056093,44.2680128],[24.20412,44.267311],[24.2030527,44.2668985],[24.2028114,44.2666327],[24.2022297,44.2661886],[24.2015114,44.2658755],[24.2001127,44.266068],[24.1992938,44.2659477],[24.1947325,44.2649026],[24.1894053,44.2635264],[24.1874211,44.2629644],[24.1863108,44.262755],[24.1826677,44.2618943],[24.1807597,44.2613891],[24.1793102,44.2610868],[24.1771189,44.2605296],[24.1754545,44.2602408],[24.168306,44.2586164],[24.1672022,44.258295],[24.1659439,44.258046],[24.1655661,44.2580974],[24.1653368,44.2579595],[24.1645398,44.2577625],[24.1615619,44.2571033],[24.1605107,44.2569213],[24.1596365,44.2566715],[24.1575091,44.2563085],[24.1541273,44.255438],[24.1495956,44.2561046],[24.1495554,44.2552141],[24.149268,44.2538175],[24.1491466,44.2525561],[24.1468334,44.2519084],[24.145125,44.2494684],[24.1413847,44.2488433],[24.1413948,44.2488361],[24.1416138,44.2486729],[24.1433668,44.2482604],[24.1453032,44.2478729],[24.1454911,44.2477804],[24.1504968,44.2467054],[24.1510401,44.2465419],[24.1599289,44.244584],[24.1602801,44.2445968],[24.1646742,44.243632],[24.1704736,44.2424616],[24.1832324,44.2396942],[24.1838165,44.2396358],[24.1839866,44.2395894],[24.1841764,44.2394515],[24.1885908,44.2384619],[24.192157,44.2375992],[24.1936022,44.2373863],[24.1966415,44.2367268],[24.1974712,44.236288],[24.1979333,44.2362802],[24.2075275,44.2342775],[24.2172958,44.2321208],[24.226911,44.2299284],[24.2259558,44.2280108],[24.2259947,44.227845],[24.2255109,44.2266164],[24.2246125,44.2246417],[24.2224294,44.2190735],[24.2214595,44.2167744],[24.2257575,44.2158171],[24.2295523,44.2148002],[24.2309516,44.2181673],[24.2340134,44.2269253],[24.2353394,44.2254741],[24.2363165,44.2246808],[24.2365992,44.2243304],[24.2370181,44.2239667],[24.2377103,44.2232241],[24.2405676,44.2205778],[24.2408009,44.2205236],[24.2415389,44.2198259],[24.2425414,44.2202565],[24.2441107,44.2206269],[24.2449572,44.2205178],[24.2456264,44.220313],[24.2465676,44.2202132],[24.2473919,44.2199056],[24.2476017,44.21978],[24.2478385,44.2195229],[24.2485041,44.2192824],[24.2487583,44.2191389],[24.2489945,44.2189272],[24.2490916,44.2187418],[24.2492377,44.2186656],[24.2494592,44.2186127],[24.2498777,44.2186177],[24.2503383,44.2185307],[24.250579,44.2186525],[24.2506257,44.2186656],[24.250821,44.2186781],[24.2510221,44.2186314],[24.251368,44.2183633],[24.2519058,44.2181206],[24.252163,44.218095],[24.2541201,44.2233635],[24.2580462,44.2343486],[24.2587787,44.236557],[24.2595166,44.238461],[24.2577792,44.2390493],[24.2576565,44.2390485],[24.256953,44.2378845],[24.256846,44.2378507],[24.2544935,44.2381441],[24.2528206,44.2384296],[24.2526843,44.2385036],[24.2527194,44.2388131],[24.253343,44.2407127],[24.2535112,44.2415371],[24.2537745,44.2423541],[24.2544095,44.2420612],[24.2553633,44.2417565],[24.2558123,44.2415389],[24.2566948,44.241214],[24.2567781,44.2412447],[24.2575089,44.2424272],[24.258152,44.2433887],[24.2582557,44.2434596],[24.2587433,44.2434878],[24.2596747,44.2437095],[24.2603495,44.2438242],[24.2604962,44.2438051],[24.2608397,44.243657],[24.2610322,44.2433175],[24.2618966,44.2427819],[24.2623093,44.24758],[24.2638486,44.2490646],[24.264084,44.2492162],[24.2648524,44.2494615],[24.2652413,44.2494648],[24.2656806,44.2493668],[24.26715,44.2488282],[24.2674378,44.2488189],[24.2683091,44.2491057],[24.2688843,44.2491934],[24.2700573,44.250227],[24.2726109,44.2515882],[24.2756267,44.2530335],[24.2762267,44.2534223],[24.277576,44.2544927],[24.2780759,44.2550521]]]}},{"type":"Feature","properties":{"entity_id":"osm-r9744231","jurisdiction":"RO","display_name":"ȘOPÂRLIȚA","display_type":"commune","admin_level":8,"tier":"local","legal_registry":"SIRUTA","legal_id":"130384","legal_type":"commune","parent_catalog_id":"osm-r2366978","osm_relation_id":9744231,"legal_identity_status":"reconciled","geometry_source":"OpenStreetMap","geometry_precision":"master_coordinate_fidelity"},"geometry":{"type":"Polygon","coordinates":[[[24.3031925,44.28667],[24.301743,44.2934956],[24.2995294,44.293699],[24.2991073,44.2962565],[24.2874188,44.2928215],[24.2870596,44.2927065],[24.2871055,44.2926218],[24.2776282,44.2897663],[24.2756553,44.2923365],[24.2762872,44.2925284],[24.2733257,44.2974215],[24.2726534,44.2984983],[24.2724938,44.298642],[24.2714089,44.300717],[24.2691676,44.3043245],[24.2672777,44.3077335],[24.2670804,44.3086976],[24.2669385,44.3090205],[24.2667424,44.3091287],[24.2664426,44.309474],[24.2640238,44.3137408],[24.2639434,44.3137712],[24.2602729,44.3200838],[24.2572026,44.3254894],[24.2570635,44.3257322],[24.256082,44.3253679],[24.2476764,44.3226436],[24.2474645,44.322719],[24.2395519,44.3202191],[24.2390445,44.3200816],[24.2388523,44.3200722],[24.2380422,44.3197256],[24.2382436,44.3194711],[24.2399604,44.3166722],[24.2408371,44.3153785],[24.2413638,44.3144788],[24.2427102,44.3124472],[24.2472976,44.3138998],[24.2500646,44.3094392],[24.2497482,44.3093836],[24.2479412,44.3087768],[24.2454358,44.3081101],[24.2465476,44.3063183],[24.2468264,44.3060097],[24.2473959,44.3047774],[24.2480764,44.3037171],[24.2485537,44.3027425],[24.2489348,44.3023301],[24.2491144,44.3018786],[24.2496758,44.3009568],[24.2500286,44.3002337],[24.2504232,44.2997111],[24.2506771,44.2991354],[24.2512216,44.2982715],[24.2518051,44.2971989],[24.2518853,44.2969324],[24.2520702,44.2966928],[24.2521986,44.2966375],[24.25238,44.2962154],[24.2533732,44.2945669],[24.2535587,44.2941572],[24.2538375,44.29381],[24.255882,44.2905059],[24.2576902,44.287352],[24.2582118,44.2863248],[24.2587307,44.2855151],[24.2592669,44.2842923],[24.2592765,44.2841957],[24.2590576,44.2840688],[24.2573637,44.2836089],[24.2572457,44.2834992],[24.2534119,44.2847706],[24.252914,44.2834737],[24.2522831,44.2821693],[24.2519585,44.2816887],[24.2510961,44.2807492],[24.250949,44.2805829],[24.2512959,44.2803558],[24.2518174,44.2799181],[24.2521596,44.2793451],[24.2527413,44.2786014],[24.2528489,44.2783881],[24.2529418,44.2779658],[24.2531271,44.2776069],[24.2529928,44.2771747],[24.2532028,44.2764919],[24.2535839,44.2760168],[24.2536286,44.2758518],[24.2538713,44.2755411],[24.2540819,44.2750649],[24.2543074,44.2747602],[24.254406,44.2743874],[24.2522881,44.2707504],[24.2516833,44.269191],[24.2512181,44.2677925],[24.2510821,44.2670251],[24.250792,44.2661912],[24.2502474,44.2650252],[24.2507979,44.2649446],[24.2510369,44.2648259],[24.2516923,44.2648626],[24.2522864,44.2646169],[24.2525933,44.2646058],[24.2528413,44.2646862],[24.2529615,44.2648295],[24.252899,44.2650897],[24.2529942,44.2653802],[24.2527002,44.2654013],[24.2526191,44.2654736],[24.2525857,44.2655769],[24.2526589,44.2657002],[24.2527913,44.2657855],[24.2530309,44.2658484],[24.2533564,44.2658621],[24.2538809,44.265787],[24.2542804,44.2658144],[24.2546351,44.2656804],[24.2547616,44.265532],[24.2546091,44.2651603],[24.2547389,44.2649707],[24.2546878,44.2647921],[24.254512,44.2646643],[24.2547932,44.2642738],[24.2556437,44.2641948],[24.2559321,44.2642903],[24.2562348,44.2646434],[24.256565,44.2649287],[24.257033,44.2650857],[24.2575407,44.2651537],[24.2579747,44.2651542],[24.2577989,44.2657344],[24.2577593,44.2669793],[24.2578764,44.2671926],[24.2580951,44.2672928],[24.2596931,44.2644091],[24.2599115,44.2636298],[24.2607484,44.2625061],[24.2616614,44.2608827],[24.2621523,44.2602395],[24.2629732,44.2595195],[24.2636738,44.2590668],[24.2640264,44.258943],[24.2651622,44.2587717],[24.2664429,44.2587118],[24.2696979,44.2586752],[24.2716418,44.2588035],[24.2720954,44.2587906],[24.2727737,44.2589422],[24.2731299,44.2591127],[24.2740484,44.2593552],[24.2749781,44.2589732],[24.2759845,44.2583767],[24.2763713,44.2578596],[24.277133,44.2581624],[24.277983,44.2585003],[24.278145,44.257825],[24.2782533,44.2567125],[24.2785198,44.2562838],[24.2797392,44.2557569],[24.2800385,44.2557908],[24.2802593,44.2558919],[24.2810132,44.2559765],[24.2818072,44.2559657],[24.2834153,44.2556684],[24.2839812,44.2555039],[24.284271,44.2555296],[24.2844313,44.2554933],[24.284555,44.2554081],[24.2847288,44.2551856],[24.2850004,44.2546201],[24.285202,44.2544319],[24.2858588,44.254407],[24.2866326,44.2541909],[24.2880217,44.2539526],[24.288334,44.2539808],[24.2881178,44.2541891],[24.2876581,44.2545065],[24.2870603,44.2548793],[24.2862001,44.2552781],[24.2859743,44.255465],[24.2857043,44.2561167],[24.2856735,44.2567423],[24.2857601,44.2578504],[24.2857043,44.2580051],[24.2855348,44.258004],[24.2852564,44.2579073],[24.2840663,44.2581455],[24.283657,44.2581574],[24.2823179,44.2583911],[24.2813621,44.2598717],[24.2865189,44.2620304],[24.2917349,44.2643789],[24.292853,44.2648339],[24.2933002,44.2651287],[24.2937434,44.2653302],[24.2935827,44.2654954],[24.2934804,44.2657444],[24.2936911,44.2661024],[24.2941387,44.2662385],[24.296064,44.2672404],[24.2988757,44.2684458],[24.3000947,44.2694147],[24.3007458,44.2700551],[24.30133,44.2705086],[24.3018515,44.2711741],[24.3016633,44.2712245],[24.3017578,44.2739209],[24.3022911,44.2740828],[24.3026328,44.2741206],[24.3034461,44.2739354],[24.3041034,44.27388],[24.3051835,44.2739977],[24.3093297,44.2752086],[24.3089413,44.2757279],[24.3061454,44.2785954],[24.3047757,44.2801172],[24.3045495,44.2806066],[24.3044238,44.2810843],[24.3031925,44.28667]]]}},{"type":"Feature","properties":{"entity_id":"osm-r9744232","jurisdiction":"RO","display_name":"BRÂNCOVENI","display_type":"commune","admin_level":8,"tier":"local","legal_registry":"SIRUTA","legal_id":"126022","legal_type":"commune","parent_catalog_id":"osm-r2366978","osm_relation_id":9744232,"legal_identity_status":"reconciled","geometry_source":"OpenStreetMap","geometry_precision":"master_coordinate_fidelity"},"geometry":{"type":"Polygon","coordinates":[[[24.2568039,44.326185],[24.2569779,44.3258815],[24.2570635,44.3257322],[24.2572026,44.3254894],[24.2602729,44.3200838],[24.2639434,44.3137712],[24.2640238,44.3137408],[24.2664426,44.309474],[24.2667424,44.3091287],[24.2669385,44.3090205],[24.2670804,44.3086976],[24.2672777,44.3077335],[24.2691676,44.3043245],[24.2714089,44.300717],[24.2724938,44.298642],[24.2726534,44.2984983],[24.2733257,44.2974215],[24.2762872,44.2925284],[24.2756553,44.2923365],[24.2776282,44.2897663],[24.2871055,44.2926218],[24.2870596,44.2927065],[24.2874188,44.2928215],[24.2991073,44.2962565],[24.2995294,44.293699],[24.301743,44.2934956],[24.3031925,44.28667],[24.3055793,44.2861191],[24.3128786,44.2842109],[24.3132082,44.2841642],[24.3135972,44.2842045],[24.3138696,44.2843303],[24.3134616,44.2849699],[24.3134389,44.2852311],[24.3134891,44.2854283],[24.3138565,44.2855981],[24.3267441,44.2863114],[24.3281445,44.2866858],[24.3308087,44.2875545],[24.3309255,44.287547],[24.332352,44.2867656],[24.3343476,44.2869361],[24.3342906,44.2870542],[24.3338089,44.2875506],[24.3338684,44.2904236],[24.3335443,44.290576],[24.3336087,44.2919883],[24.3329153,44.2925921],[24.3329668,44.292622],[24.3373767,44.292774],[24.3373765,44.2928871],[24.3439366,44.2930169],[24.3434226,44.3032593],[24.3705209,44.3039396],[24.3758404,44.3038487],[24.3797852,44.3037583],[24.3805428,44.3173103],[24.3788778,44.3243474],[24.3761874,44.3317372],[24.3750036,44.3402285],[24.3739164,44.3431064],[24.3736176,44.3438972],[24.3733188,44.3446881],[24.36855,44.3506446],[24.3628156,44.3496637],[24.3594211,44.349302],[24.3540843,44.3490188],[24.3502074,44.3488916],[24.3500343,44.348779],[24.3498537,44.3487521],[24.3495786,44.3484399],[24.346867,44.3459866],[24.342871,44.3422386],[24.3395916,44.339294],[24.339477,44.3391391],[24.3394239,44.3386896],[24.3395563,44.3382746],[24.3393495,44.3380067],[24.3393591,44.3377807],[24.3395171,44.3374348],[24.3390885,44.3361163],[24.3389018,44.3358432],[24.3384845,44.3355126],[24.3376301,44.335114],[24.3375838,44.3349779],[24.3377854,44.3346688],[24.3379189,44.3340473],[24.3381165,44.3337368],[24.3389108,44.332938],[24.3387641,44.3327962],[24.3387773,44.3327083],[24.3389811,44.3324815],[24.3390997,44.3321617],[24.338771,44.3316907],[24.3381993,44.3311104],[24.3373964,44.3304628],[24.3368267,44.3300766],[24.3365243,44.3299621],[24.3353792,44.329722],[24.3342559,44.3292143],[24.3338015,44.329165],[24.3323178,44.3292138],[24.3269184,44.3291381],[24.3236231,44.3290119],[24.3235457,44.3289478],[24.3229638,44.3288791],[24.3102176,44.32852],[24.3090626,44.3285965],[24.3082102,44.3296699],[24.3078289,44.3295474],[24.3069243,44.3294975],[24.3066835,44.3292909],[24.3057197,44.3291641],[24.3046644,44.3289406],[24.3041548,44.3286895],[24.3038877,44.3284895],[24.3035559,44.3280548],[24.3034984,44.3278416],[24.3027207,44.3275636],[24.3023932,44.3275369],[24.3017513,44.3276299],[24.3013196,44.3275565],[24.3001658,44.3272026],[24.2994162,44.3271157],[24.2995025,44.3271705],[24.3004842,44.3273722],[24.3015942,44.3278543],[24.3021301,44.3279238],[24.3022849,44.3280398],[24.3023896,44.3283252],[24.3025507,44.3284154],[24.302711,44.3286879],[24.3031146,44.3288157],[24.3042397,44.3293811],[24.3048212,44.3295573],[24.3058832,44.3297686],[24.3060919,44.3299007],[24.306452,44.3306935],[24.3067231,44.331045],[24.3067474,44.3312488],[24.3066927,44.3313566],[24.3057581,44.3319105],[24.3063058,44.3320759],[24.3066421,44.3322384],[24.3072946,44.3327059],[24.3074881,44.3330409],[24.3076573,44.3339451],[24.3075673,44.3344768],[24.3077961,44.3346771],[24.3079436,44.3349804],[24.306639,44.3357909],[24.3057218,44.3362792],[24.3051223,44.3367082],[24.3046678,44.3368385],[24.3038163,44.3375586],[24.3007999,44.33983],[24.3001152,44.3401293],[24.2997022,44.3402033],[24.2992483,44.3402218],[24.2989258,44.3401666],[24.2982996,44.3399462],[24.2976154,44.3398416],[24.2967368,44.3396144],[24.2962957,44.3395606],[24.2953186,44.3397119],[24.2948622,44.3399422],[24.2944968,44.3399556],[24.2945137,44.3396141],[24.2947134,44.3391225],[24.2959316,44.3370199],[24.2964509,44.3360009],[24.2853484,44.3333439],[24.2707918,44.3297436],[24.2569428,44.3262209],[24.2568039,44.326185]]]}},{"type":"Feature","properties":{"entity_id":"osm-r9744233","jurisdiction":"RO","display_name":"IPOTEȘTI","display_type":"commune","admin_level":8,"tier":"local","legal_registry":"SIRUTA","legal_id":"130348","legal_type":"commune","parent_catalog_id":"osm-r2366978","osm_relation_id":9744233,"legal_identity_status":"reconciled","geometry_source":"OpenStreetMap","geometry_precision":"master_coordinate_fidelity"},"geometry":{"type":"Polygon","coordinates":[[[24.3797852,44.3037583],[24.3795612,44.3000791],[24.380175,44.2905063],[24.3810545,44.2861606],[24.3817585,44.2844741],[24.3903949,44.2860258],[24.3959289,44.2877265],[24.3952796,44.288987],[24.3941581,44.290956],[24.3935958,44.2918201],[24.3949602,44.2917471],[24.395593,44.2916301],[24.3957829,44.2916432],[24.3971096,44.2914455],[24.3998287,44.291163],[24.4000633,44.2911843],[24.4020158,44.2909439],[24.4056434,44.290601],[24.4060441,44.2905189],[24.409032,44.290263],[24.4097892,44.2901515],[24.4112288,44.2900249],[24.4116857,44.2899617],[24.4118037,44.289903],[24.411899,44.2899285],[24.4122349,44.2939211],[24.4124222,44.2949307],[24.4125399,44.2964286],[24.4131692,44.3016167],[24.4132995,44.3032898],[24.4136451,44.3060258],[24.4138718,44.3070475],[24.4147693,44.306485],[24.4162504,44.3052974],[24.4166196,44.3048968],[24.417132,44.3046189],[24.4175235,44.3045295],[24.4179142,44.3045315],[24.4191197,44.3045743],[24.4200862,44.3047379],[24.4204862,44.3046546],[24.4205689,44.3048745],[24.4208376,44.3051869],[24.4209857,44.3093128],[24.4212572,44.3100749],[24.4210155,44.3101176],[24.4214074,44.3112949],[24.4220564,44.3137389],[24.4220659,44.3137997],[24.4175313,44.3148925],[24.4175706,44.3152159],[24.4178872,44.3159669],[24.4194459,44.3182789],[24.4194243,44.3184975],[24.4175848,44.3196144],[24.4170031,44.3198399],[24.4169349,44.3197222],[24.4160777,44.3199138],[24.4154292,44.3199411],[24.4160158,44.3209171],[24.4163647,44.3220017],[24.4164198,44.3223822],[24.4202726,44.3254975],[24.42121,44.3264509],[24.4213364,44.3266474],[24.4224119,44.3276729],[24.4229956,44.3283016],[24.4232275,44.328393],[24.4243309,44.3292785],[24.4252984,44.3298214],[24.4262142,44.3305492],[24.4274094,44.331321],[24.4279703,44.3315683],[24.4286671,44.3316845],[24.4255701,44.3334536],[24.4242317,44.3340975],[24.4231769,44.3343603],[24.4224648,44.3344755],[24.4139782,44.3346349],[24.4124678,44.3343086],[24.4097143,44.3340068],[24.408906,44.3340121],[24.4085276,44.3338977],[24.4081539,44.3339662],[24.407727,44.3342433],[24.4073534,44.3345903],[24.4073049,44.3347074],[24.4073934,44.335307],[24.4072819,44.3361125],[24.4073362,44.3362795],[24.4074473,44.3363481],[24.4075021,44.3364657],[24.4075415,44.3368211],[24.4077615,44.3371897],[24.4079701,44.337407],[24.4083254,44.3380111],[24.4089349,44.3385856],[24.4095093,44.3392248],[24.4096958,44.3395068],[24.4097706,44.3397697],[24.4105142,44.3402739],[24.4106349,44.3402591],[24.4112494,44.3399164],[24.4114818,44.3399176],[24.4122302,44.3403817],[24.4125887,44.3406677],[24.4127394,44.3415029],[24.4127332,44.342164],[24.4126082,44.3429338],[24.4126674,44.3433681],[24.4128233,44.3436963],[24.4131906,44.3441018],[24.4140204,44.3449361],[24.4144745,44.3451516],[24.4145575,44.3453348],[24.4146066,44.3457234],[24.4143478,44.3461332],[24.4140817,44.3462156],[24.4142002,44.3469089],[24.4146493,44.3485361],[24.4146905,44.3486852],[24.4147178,44.3487387],[24.4114243,44.3487643],[24.4106426,44.3487289],[24.4071374,44.3488515],[24.4067686,44.3489374],[24.40247,44.3511168],[24.4002744,44.3523554],[24.3995789,44.3525743],[24.3966248,44.3540455],[24.3960895,44.3542684],[24.3952145,44.3547959],[24.3939119,44.3553901],[24.3925583,44.3561027],[24.3921016,44.3562634],[24.3918461,44.3562665],[24.3917696,44.356132],[24.3922208,44.3553005],[24.3927346,44.354143],[24.392833,44.3536785],[24.3930864,44.3529823],[24.3931043,44.3527656],[24.3933579,44.3526462],[24.3933652,44.3522438],[24.393463,44.351833],[24.3933437,44.3516222],[24.3928536,44.3511121],[24.3899388,44.3482973],[24.3881429,44.3464206],[24.3881728,44.3461279],[24.3892883,44.3452668],[24.3866848,44.3439735],[24.3850123,44.3461103],[24.3845957,44.3465027],[24.3837918,44.3471188],[24.3834666,44.3474905],[24.3831889,44.3478872],[24.3827778,44.3490891],[24.3818245,44.3485885],[24.381922,44.3484156],[24.3818988,44.3483507],[24.3816516,44.3481226],[24.3816606,44.3480236],[24.3818377,44.347855],[24.3816386,44.3476024],[24.381722,44.3474981],[24.3819337,44.3475621],[24.3820754,44.3472256],[24.3816552,44.3470385],[24.3816302,44.3468955],[24.3816893,44.3468234],[24.3817797,44.3468144],[24.3824413,44.3470257],[24.3825727,44.3469026],[24.3825362,44.3468395],[24.3820682,44.3465669],[24.381967,44.3464104],[24.3820971,44.3460008],[24.3821598,44.3454842],[24.3824961,44.3447354],[24.3819226,44.3445044],[24.3739164,44.3431064],[24.3750036,44.3402285],[24.3761874,44.3317372],[24.3788778,44.3243474],[24.3805428,44.3173103],[24.3797852,44.3037583]]]}},{"type":"Feature","properties":{"entity_id":"osm-r9744234","jurisdiction":"RO","display_name":"BREBENI","display_type":"commune","admin_level":8,"tier":"local","legal_registry":"SIRUTA","legal_id":"125999","legal_type":"commune","parent_catalog_id":"osm-r2366978","osm_relation_id":9744234,"legal_identity_status":"reconciled","geometry_source":"OpenStreetMap","geometry_precision":"master_coordinate_fidelity"},"geometry":{"type":"Polygon","coordinates":[[[24.5365578,44.3194219],[24.5365074,44.3201311],[24.5348581,44.3201983],[24.5323507,44.3207532],[24.531308,44.3209145],[24.5313296,44.322978],[24.5312364,44.3246665],[24.5310735,44.3248857],[24.5311279,44.3252846],[24.5308025,44.3257225],[24.5310715,44.3261369],[24.5311008,44.3266639],[24.5308545,44.3305893],[24.5307132,44.3315585],[24.5307948,44.3316651],[24.5355411,44.3296425],[24.5369289,44.3295613],[24.538942,44.3296587],[24.5389659,44.3298199],[24.5390563,44.3298326],[24.540021,44.3297945],[24.5399038,44.3306054],[24.5399455,44.3310677],[24.5400525,44.3312711],[24.5403074,44.3315206],[24.5411453,44.3322154],[24.5412117,44.3326746],[24.541172,44.3327584],[24.5404563,44.3331956],[24.5382334,44.3344075],[24.5377742,44.3345938],[24.5374695,44.3346204],[24.5366731,44.3345847],[24.5358018,44.334733],[24.5355728,44.3346434],[24.5353358,44.3346515],[24.5352521,44.3347887],[24.5354558,44.334994],[24.5348132,44.3354703],[24.5342775,44.3357362],[24.5340684,44.3361029],[24.5336706,44.3363232],[24.5333835,44.3365749],[24.5330802,44.3366856],[24.5324633,44.3367494],[24.5319889,44.3368711],[24.5318806,44.3369376],[24.5318818,44.3370476],[24.5324634,44.3370406],[24.5335667,44.3368488],[24.5336603,44.3370588],[24.5339935,44.3370227],[24.5340337,44.336766],[24.5344965,44.336692],[24.5348455,44.3361083],[24.535449,44.3358045],[24.5356743,44.3354968],[24.5361399,44.3353367],[24.5365094,44.3352624],[24.5368467,44.3352431],[24.5374927,44.335329],[24.5378893,44.335237],[24.5382129,44.3354598],[24.5381395,44.3360926],[24.5381536,44.3361521],[24.5382405,44.3361658],[24.5383406,44.3360904],[24.5385725,44.3356459],[24.5388253,44.3353986],[24.5387845,44.3353182],[24.5385311,44.3351852],[24.5385173,44.335093],[24.5411898,44.3338377],[24.5415149,44.3335159],[24.5417124,44.3334469],[24.5420706,44.333487],[24.5428801,44.333754],[24.5438867,44.3342477],[24.544357,44.3345425],[24.5446715,44.3346077],[24.5449371,44.3345656],[24.5450064,44.3344484],[24.5443348,44.3341395],[24.543873,44.3338301],[24.5433608,44.3333886],[24.5425702,44.3330894],[24.5425492,44.3330268],[24.542875,44.3325914],[24.5431578,44.3320038],[24.5430454,44.3318158],[24.5421872,44.3313015],[24.5419066,44.3311034],[24.5418083,44.3309662],[24.5420769,44.3303858],[24.5421958,44.3297686],[24.5424233,44.3296664],[24.5430503,44.3291884],[24.5436294,44.3288937],[24.5437062,44.3288857],[24.5443633,44.3291983],[24.5444635,44.329182],[24.5455409,44.32786],[24.5457581,44.3274548],[24.5462866,44.326824],[24.5470229,44.3263993],[24.5472909,44.3263235],[24.5480122,44.3262779],[24.5487661,44.3264182],[24.5495104,44.3266998],[24.5496234,44.3268475],[24.5496641,44.3272327],[24.5501203,44.3276944],[24.5502221,44.3280011],[24.5502446,44.3294078],[24.5501083,44.330216],[24.5500001,44.3304816],[24.5498189,44.3306263],[24.5487564,44.3308447],[24.5486544,44.3309431],[24.5486226,44.3311432],[24.548685,44.3311919],[24.5494456,44.3311849],[24.5500543,44.3314696],[24.55025,44.3317805],[24.5503992,44.332424],[24.5504273,44.3327554],[24.5503083,44.3331714],[24.550962,44.3328315],[24.551422,44.3327019],[24.5515385,44.3327221],[24.5520666,44.3330916],[24.552627,44.3335975],[24.5528404,44.333998],[24.5535411,44.3360779],[24.5536152,44.3363683],[24.5535728,44.3365006],[24.55122,44.3374289],[24.5504191,44.3376518],[24.5482616,44.3376269],[24.5476901,44.3374305],[24.5474991,44.3374275],[24.5459616,44.3375885],[24.54472,44.3377897],[24.5437051,44.3381007],[24.542556,44.3386267],[24.5392604,44.3392281],[24.5366413,44.3399881],[24.5361862,44.3400362],[24.5337852,44.3407921],[24.5329251,44.3408656],[24.5323905,44.3409612],[24.5279738,44.3412586],[24.5246724,44.3412896],[24.5229832,44.3413683],[24.5175135,44.3414835],[24.5181565,44.3469807],[24.5189275,44.3512191],[24.5188806,44.3516863],[24.5196891,44.3551836],[24.5195238,44.3552483],[24.5194596,44.3553263],[24.5194467,44.3556156],[24.5195955,44.3560346],[24.5198325,44.3591976],[24.5200781,44.3599207],[24.5204503,44.3625211],[24.520445,44.3632453],[24.5205869,44.3638508],[24.5206622,44.3647084],[24.5206122,44.3659212],[24.5208028,44.3667035],[24.5208387,44.3678514],[24.5208902,44.3680224],[24.5210542,44.3682056],[24.5216215,44.368505],[24.5217875,44.3687039],[24.5215848,44.3690058],[24.5214996,44.3693063],[24.5214877,44.3697107],[24.5215975,44.3701356],[24.5213982,44.370686],[24.5213834,44.3709831],[24.5216323,44.3723914],[24.5215686,44.3739333],[24.5216621,44.3749466],[24.5216243,44.3763663],[24.5217939,44.3762894],[24.5240501,44.375775],[24.5259932,44.3754518],[24.5273914,44.3755006],[24.5281475,44.3754467],[24.5285973,44.3753575],[24.5286464,44.3755245],[24.5288277,44.3755963],[24.5294514,44.3755837],[24.5299216,44.3768681],[24.5312988,44.3790026],[24.5314346,44.379052],[24.5318581,44.3790727],[24.5328477,44.3790126],[24.5338508,44.3789349],[24.5345907,44.3788377],[24.5348295,44.3787669],[24.5357967,44.3796837],[24.5358265,44.3797381],[24.5357771,44.3797731],[24.5335565,44.3800829],[24.5340732,44.3824252],[24.534235,44.3831404],[24.5344568,44.3841018],[24.5344897,44.3846157],[24.5381578,44.3850413],[24.5379902,44.3857682],[24.5378719,44.386823],[24.5377682,44.3886861],[24.5376313,44.3899275],[24.5375845,44.3911949],[24.5376232,44.39144],[24.5378512,44.3917585],[24.5376091,44.3921136],[24.5375406,44.3925171],[24.5373758,44.3969975],[24.5370508,44.4004641],[24.537142,44.4012865],[24.5370187,44.4016519],[24.5367671,44.403467],[24.5366624,44.4037907],[24.5363728,44.4076498],[24.5362213,44.4084498],[24.536156,44.4097487],[24.5360474,44.4105548],[24.5359975,44.4125444],[24.5360785,44.4128573],[24.5359237,44.4133811],[24.5358014,44.4150696],[24.5357442,44.4179921],[24.5356247,44.4184717],[24.5356138,44.4189273],[24.5356674,44.4197457],[24.5358786,44.4203555],[24.5359721,44.4214759],[24.5359292,44.4215671],[24.535835,44.4215611],[24.5352715,44.4259788],[24.5352747,44.4277126],[24.534996,44.4290039],[24.5349553,44.4294195],[24.5349949,44.4298115],[24.5349168,44.4302335],[24.5349256,44.4305139],[24.5349921,44.430642],[24.5353921,44.4309654],[24.5354001,44.4310491],[24.5350186,44.4313457],[24.5349316,44.4315058],[24.5345833,44.4352084],[24.5345708,44.435341],[24.5292952,44.4337513],[24.5287958,44.4337719],[24.5286835,44.433742],[24.5283524,44.4334792],[24.5256154,44.4325589],[24.5238933,44.4320355],[24.5222323,44.4316095],[24.5211578,44.4340208],[24.5197482,44.4369449],[24.5189121,44.4380905],[24.5184401,44.4391305],[24.5182263,44.4394257],[24.5179338,44.4401384],[24.5174543,44.4406874],[24.5173125,44.4413255],[24.5170942,44.4419428],[24.5168925,44.4423294],[24.5169006,44.4428714],[24.5106914,44.4414414],[24.5096698,44.441208],[24.5096827,44.4411356],[24.5101347,44.4375766],[24.5101633,44.4369633],[24.5100254,44.4368222],[24.5100301,44.4366091],[24.5118735,44.436945],[24.512201,44.4348324],[24.5126579,44.4272743],[24.512543,44.427201],[24.5116947,44.4270254],[24.5100291,44.4267835],[24.5101166,44.4239472],[24.5099713,44.4236575],[24.5094097,44.4235137],[24.5082447,44.4235382],[24.5070173,44.4236416],[24.5068515,44.4182385],[24.5062483,44.4092398],[24.5058151,44.4051745],[24.504663,44.4052481],[24.4998684,44.4052653],[24.4985436,44.4053093],[24.4982584,44.4052899],[24.4978786,44.4051667],[24.4972678,44.4050838],[24.4966835,44.4051733],[24.4965094,44.4053537],[24.4968431,44.4094901],[24.4968064,44.4100473],[24.4967431,44.4110076],[24.497006,44.4180328],[24.4972142,44.4200045],[24.497358,44.4224043],[24.4974571,44.4230213],[24.4974745,44.4243171],[24.4976133,44.4248101],[24.4974248,44.4250283],[24.4971768,44.4255254],[24.4969019,44.42554],[24.4894201,44.4249278],[24.4875586,44.4249311],[24.4872885,44.4248781],[24.4871754,44.4248169],[24.4871258,44.424547],[24.4869666,44.4243912],[24.4856212,44.423496],[24.4854888,44.4232369],[24.4852516,44.422114],[24.4852581,44.4212518],[24.485078,44.4209744],[24.4844149,44.4208531],[24.4834041,44.4208649],[24.4794979,44.4204941],[24.4794259,44.4201699],[24.4792671,44.4199738],[24.4791403,44.4199057],[24.4782189,44.4197828],[24.4767889,44.4196729],[24.4766462,44.4195781],[24.4773904,44.4192134],[24.4635185,44.4181569],[24.4636161,44.4171304],[24.4633674,44.4129281],[24.4615884,44.4129661],[24.4593039,44.4128238],[24.4585535,44.4127353],[24.4589296,44.4109407],[24.4597288,44.4109371],[24.4595073,44.4099393],[24.4590146,44.4091562],[24.4589319,44.4089382],[24.4588871,44.4082557],[24.4588335,44.4081613],[24.4579254,44.4083036],[24.4577762,44.4082789],[24.4574248,44.403868],[24.4573303,44.4026824],[24.4539274,44.4028585],[24.4533691,44.4029435],[24.4535141,44.4025283],[24.4533196,44.4022522],[24.4532449,44.401959],[24.4535844,44.401789],[24.4537775,44.4018429],[24.4543726,44.4021917],[24.4546465,44.4022637],[24.4552473,44.4023802],[24.4556697,44.4024012],[24.455861,44.4022468],[24.455803,44.4020446],[24.4554849,44.4019214],[24.4550616,44.4019122],[24.454685,44.4017734],[24.4545337,44.4015335],[24.4543122,44.4013236],[24.4508589,44.4015124],[24.4508887,44.4017927],[24.4499977,44.4018414],[24.449874,44.4022649],[24.4495503,44.40263],[24.4494176,44.4031071],[24.4492663,44.403162],[24.4477244,44.4032504],[24.4428189,44.4033771],[24.442113,44.4033617],[24.4388171,44.4034761],[24.4388863,44.403382],[24.438875,44.403166],[24.4386544,44.4028923],[24.43524,44.399557],[24.433783,44.3982574],[24.4330107,44.3973284],[24.4264975,44.4005686],[24.4253068,44.3990528],[24.4232063,44.3968673],[24.4210919,44.3945448],[24.4164494,44.3968151],[24.4119409,44.3921639],[24.4104794,44.390657],[24.4080472,44.388224],[24.4080071,44.3879946],[24.407898,44.3878058],[24.4075039,44.387583],[24.4070587,44.3871139],[24.4068079,44.3867537],[24.4065262,44.386535],[24.4051301,44.3851665],[24.4030398,44.3829751],[24.4021255,44.381935],[24.4020151,44.3818587],[24.4017853,44.381805],[24.4014453,44.381866],[24.3970158,44.3800603],[24.4101258,44.3735877],[24.4134689,44.3718586],[24.4277188,44.3647678],[24.4272027,44.3645575],[24.426778,44.3642753],[24.42661,44.3637805],[24.4265616,44.363405],[24.426725,44.3625225],[24.4266451,44.3623021],[24.4264713,44.3621762],[24.4263075,44.362141],[24.4254724,44.3622479],[24.4251834,44.3622072],[24.4250433,44.3620872],[24.4249921,44.3619693],[24.4250725,44.3616539],[24.425042,44.3615119],[24.4248305,44.3612959],[24.4246622,44.3612242],[24.4240591,44.3612714],[24.423233,44.3614461],[24.4226211,44.3617333],[24.4215118,44.3625457],[24.4213245,44.3625689],[24.4214876,44.3622153],[24.4220224,44.3615934],[24.4222619,44.3611198],[24.422959,44.3602958],[24.4235515,44.3597629],[24.4234291,44.3595797],[24.4233416,44.3591298],[24.4231572,44.3588818],[24.4228189,44.3586845],[24.4223805,44.358629],[24.4204366,44.3585587],[24.4194809,44.3585487],[24.4192108,44.35898],[24.4191289,44.3589978],[24.4190226,44.3586019],[24.4188513,44.3583912],[24.418959,44.3582708],[24.419432,44.3579875],[24.4204187,44.3576489],[24.4199803,44.3565264],[24.4199458,44.355842],[24.4199866,44.3555895],[24.4201493,44.3552487],[24.4202327,44.3551387],[24.4209434,44.3546169],[24.4212196,44.3540315],[24.4212849,44.3532539],[24.4205788,44.3531557],[24.4204257,44.3530731],[24.4204848,44.3528532],[24.4210919,44.3529175],[24.4210921,44.3527314],[24.4202718,44.3526476],[24.420261,44.3522134],[24.4189253,44.3523898],[24.4188737,44.3521731],[24.4189517,44.3517463],[24.4189242,44.3505215],[24.4185626,44.3502689],[24.4182377,44.3502195],[24.4180811,44.3502628],[24.4175434,44.3500811],[24.4171917,44.3497902],[24.4171949,44.3496681],[24.4168501,44.3495305],[24.4169032,44.3487284],[24.416424,44.3486438],[24.4153993,44.3486758],[24.4146905,44.3486852],[24.4146493,44.3485361],[24.4142002,44.3469089],[24.4140817,44.3462156],[24.4143478,44.3461332],[24.4146066,44.3457234],[24.4145575,44.3453348],[24.4144745,44.3451516],[24.4140204,44.3449361],[24.4131906,44.3441018],[24.4128233,44.3436963],[24.4126674,44.3433681],[24.4126082,44.3429338],[24.4127332,44.342164],[24.4127394,44.3415029],[24.4125887,44.3406677],[24.4122302,44.3403817],[24.4114818,44.3399176],[24.4112494,44.3399164],[24.4106349,44.3402591],[24.4105142,44.3402739],[24.4097706,44.3397697],[24.4096958,44.3395068],[24.4095093,44.3392248],[24.4089349,44.3385856],[24.4083254,44.3380111],[24.4079701,44.337407],[24.4077615,44.3371897],[24.4075415,44.3368211],[24.4075021,44.3364657],[24.4074473,44.3363481],[24.4073362,44.3362795],[24.4072819,44.3361125],[24.4073934,44.335307],[24.4073049,44.3347074],[24.4073534,44.3345903],[24.407727,44.3342433],[24.4081539,44.3339662],[24.4085276,44.3338977],[24.408906,44.3340121],[24.4097143,44.3340068],[24.4124678,44.3343086],[24.4139782,44.3346349],[24.4224648,44.3344755],[24.4231769,44.3343603],[24.4242317,44.3340975],[24.4255701,44.3334536],[24.4286671,44.3316845],[24.4279703,44.3315683],[24.4274094,44.331321],[24.4262142,44.3305492],[24.4252984,44.3298214],[24.4243309,44.3292785],[24.4232275,44.328393],[24.4229956,44.3283016],[24.4224119,44.3276729],[24.4213364,44.3266474],[24.42121,44.3264509],[24.4202726,44.3254975],[24.4164198,44.3223822],[24.4163647,44.3220017],[24.4160158,44.3209171],[24.4154292,44.3199411],[24.4160777,44.3199138],[24.4169349,44.3197222],[24.4170031,44.3198399],[24.4175848,44.3196144],[24.4194243,44.3184975],[24.4194459,44.3182789],[24.4178872,44.3159669],[24.4175706,44.3152159],[24.4175313,44.3148925],[24.4220659,44.3137997],[24.4221259,44.3141223],[24.4221421,44.314982],[24.4215654,44.3150861],[24.4211834,44.3152228],[24.420125,44.3158252],[24.419917,44.3160025],[24.4199285,44.3162476],[24.4202646,44.316505],[24.4204408,44.3169376],[24.420925,44.3176226],[24.4211881,44.3178571],[24.4215185,44.3180244],[24.42336,44.3183804],[24.4235698,44.318469],[24.4237118,44.3188028],[24.4237694,44.3197788],[24.4246319,44.3204914],[24.4253742,44.3208943],[24.4258348,44.3212234],[24.4267982,44.3220876],[24.4271923,44.3226445],[24.427657,44.3235538],[24.4278458,44.3237672],[24.4291842,44.3239083],[24.431279,44.3246113],[24.4314784,44.3247977],[24.4316757,44.3254452],[24.4325188,44.326993],[24.434072,44.3278114],[24.4351168,44.3280302],[24.4355991,44.3281906],[24.4369832,44.3280459],[24.4428294,44.3276032],[24.4426279,44.326726],[24.4426726,44.3256919],[24.4427875,44.3256723],[24.4478567,44.3261408],[24.4535128,44.3264579],[24.4548229,44.3265593],[24.4551096,44.3266237],[24.470187,44.3277762],[24.4722492,44.327915],[24.4727223,44.3278576],[24.4729953,44.3280055],[24.4741495,44.328069],[24.4755592,44.3283914],[24.4768181,44.3286212],[24.4795232,44.3289457],[24.4861285,44.3298742],[24.4913606,44.3304339],[24.4921302,44.3272617],[24.4983584,44.3284946],[24.5086805,44.3303595],[24.5141696,44.3312999],[24.5147312,44.3295542],[24.5155225,44.3276698],[24.5174245,44.3219374],[24.5187489,44.3186689],[24.5194841,44.3147323],[24.5195068,44.3137755],[24.5198287,44.3130493],[24.5198151,44.3129637],[24.5194279,44.3125878],[24.5193085,44.3123682],[24.5191907,44.3111371],[24.5189798,44.3071667],[24.5179413,44.3072658],[24.5177871,44.3072663],[24.517545,44.307178],[24.5174527,44.3071421],[24.5168921,44.3058207],[24.516189,44.304391],[24.5168446,44.3043013],[24.5217422,44.3039051],[24.5253882,44.3033532],[24.5299256,44.3027484],[24.5301223,44.3041704],[24.529619,44.3043386],[24.5290426,44.3044594],[24.5282629,44.3045087],[24.5281898,44.304592],[24.5284935,44.3049149],[24.5290092,44.3048706],[24.5294729,44.3049631],[24.5296187,44.3050831],[24.5297713,44.3053377],[24.5311413,44.305331],[24.5313932,44.310124],[24.5316871,44.31404],[24.5315693,44.3140914],[24.5310968,44.3141114],[24.5280726,44.3145616],[24.5252,44.3148518],[24.5253497,44.3166146],[24.5253359,44.3174554],[24.5258717,44.3173081],[24.5261565,44.3169714],[24.5265308,44.3169105],[24.5272245,44.316895],[24.5327563,44.3169114],[24.5328582,44.3169463],[24.5328715,44.3170399],[24.5327436,44.3177274],[24.5328027,44.3177912],[24.5329886,44.3178104],[24.5353322,44.3173307],[24.5365117,44.3172291],[24.5365455,44.3190924],[24.5365578,44.3194219]]]}},{"type":"Feature","properties":{"entity_id":"osm-r9744235","jurisdiction":"RO","display_name":"COTEANA","display_type":"commune","admin_level":8,"tier":"local","legal_registry":"SIRUTA","legal_id":"126380","legal_type":"commune","parent_catalog_id":"osm-r2366978","osm_relation_id":9744235,"legal_identity_status":"reconciled","geometry_source":"OpenStreetMap","geometry_precision":"master_coordinate_fidelity"},"geometry":{"type":"Polygon","coordinates":[[[24.3959891,44.2550406],[24.4029544,44.2590462],[24.4098054,44.2630693],[24.4094784,44.2635525],[24.4092106,44.264074],[24.4078497,44.2653316],[24.4074843,44.265844],[24.4070555,44.2661721],[24.4069259,44.2662136],[24.4072469,44.2667968],[24.4072674,44.2669479],[24.4073646,44.2670289],[24.4081022,44.267283],[24.408408,44.2673402],[24.4086623,44.2673128],[24.4090793,44.2674228],[24.4106446,44.2679251],[24.4108064,44.2678504],[24.4110001,44.2675192],[24.4137794,44.2682068],[24.4143111,44.2682498],[24.4237033,44.2706195],[24.4243091,44.2696325],[24.4302959,44.2712651],[24.4291446,44.2746225],[24.4297816,44.2753874],[24.4300973,44.2756174],[24.4304267,44.275731],[24.4312145,44.2758474],[24.4318324,44.2761378],[24.4343639,44.276709],[24.441687,44.2780358],[24.4477883,44.2792506],[24.4519937,44.2801352],[24.4527588,44.2802684],[24.4534107,44.2802447],[24.4542637,44.280463],[24.4588913,44.2813998],[24.4589511,44.2814043],[24.4590203,44.2812994],[24.4591982,44.2812756],[24.4593042,44.2813057],[24.4594014,44.2814311],[24.4599489,44.2815593],[24.4609234,44.2795785],[24.4768082,44.2819197],[24.4795377,44.2823543],[24.4798665,44.2824443],[24.480542,44.2828619],[24.4806722,44.2830156],[24.480238,44.2846663],[24.4797108,44.2846267],[24.4792658,44.2846613],[24.478614,44.2851415],[24.4783921,44.2856115],[24.4784194,44.2864462],[24.4815466,44.2865977],[24.48209,44.2860222],[24.482304,44.2862626],[24.4824681,44.2865681],[24.4828027,44.2866372],[24.4828888,44.2867066],[24.4826559,44.2868448],[24.4824718,44.287214],[24.4825194,44.287371],[24.4827353,44.2874451],[24.4827796,44.2875467],[24.4825113,44.2876722],[24.4824674,44.287741],[24.4825866,44.2878957],[24.4828747,44.2879011],[24.482896,44.2880486],[24.4823363,44.2882989],[24.4822406,44.2884634],[24.4826001,44.2884945],[24.4826864,44.2885368],[24.483651,44.2884998],[24.485566,44.2885527],[24.4867228,44.2886607],[24.4865136,44.2888883],[24.4872566,44.289223],[24.4873191,44.2893091],[24.4864235,44.2889574],[24.4852608,44.2898779],[24.4852673,44.2899821],[24.4855594,44.2901703],[24.4861239,44.2906748],[24.4865243,44.2908791],[24.4870323,44.2909905],[24.4874029,44.2911586],[24.4883514,44.291768],[24.4884762,44.2920977],[24.4885649,44.2926087],[24.4884708,44.2930599],[24.4882398,44.2934269],[24.4884516,44.2935227],[24.4887268,44.2933202],[24.5082282,44.2972028],[24.5087208,44.297283],[24.5090056,44.2972802],[24.5096823,44.2985532],[24.5098736,44.2992952],[24.5100945,44.3020606],[24.5100055,44.30297],[24.5097132,44.3039885],[24.5101655,44.303979],[24.5114694,44.3037908],[24.5129879,44.3041674],[24.512996,44.3042221],[24.5127526,44.3044249],[24.51338,44.3048688],[24.5147172,44.3059818],[24.5160948,44.3067527],[24.5174033,44.3071296],[24.5174527,44.3071421],[24.517545,44.307178],[24.5177871,44.3072663],[24.5179413,44.3072658],[24.5189798,44.3071667],[24.5191907,44.3111371],[24.5193085,44.3123682],[24.5194279,44.3125878],[24.5198151,44.3129637],[24.5198287,44.3130493],[24.5195068,44.3137755],[24.5194841,44.3147323],[24.5187489,44.3186689],[24.5174245,44.3219374],[24.5155225,44.3276698],[24.5147312,44.3295542],[24.5141696,44.3312999],[24.5086805,44.3303595],[24.4983584,44.3284946],[24.4921302,44.3272617],[24.4913606,44.3304339],[24.4861285,44.3298742],[24.4795232,44.3289457],[24.4768181,44.3286212],[24.4755592,44.3283914],[24.4741495,44.328069],[24.4729953,44.3280055],[24.4727223,44.3278576],[24.4722492,44.327915],[24.470187,44.3277762],[24.4551096,44.3266237],[24.4548229,44.3265593],[24.4535128,44.3264579],[24.4478567,44.3261408],[24.4427875,44.3256723],[24.4426726,44.3256919],[24.4426279,44.326726],[24.4428294,44.3276032],[24.4369832,44.3280459],[24.4355991,44.3281906],[24.4351168,44.3280302],[24.434072,44.3278114],[24.4325188,44.326993],[24.4316757,44.3254452],[24.4314784,44.3247977],[24.431279,44.3246113],[24.4291842,44.3239083],[24.4278458,44.3237672],[24.427657,44.3235538],[24.4271923,44.3226445],[24.4267982,44.3220876],[24.4258348,44.3212234],[24.4253742,44.3208943],[24.4246319,44.3204914],[24.4237694,44.3197788],[24.4237118,44.3188028],[24.4235698,44.318469],[24.42336,44.3183804],[24.4215185,44.3180244],[24.4211881,44.3178571],[24.420925,44.3176226],[24.4204408,44.3169376],[24.4202646,44.316505],[24.4199285,44.3162476],[24.419917,44.3160025],[24.420125,44.3158252],[24.4211834,44.3152228],[24.4215654,44.3150861],[24.4221421,44.314982],[24.4221259,44.3141223],[24.4220659,44.3137997],[24.4220564,44.3137389],[24.4214074,44.3112949],[24.4210155,44.3101176],[24.4212572,44.3100749],[24.4209857,44.3093128],[24.4208376,44.3051869],[24.4205689,44.3048745],[24.4204862,44.3046546],[24.4200862,44.3047379],[24.4191197,44.3045743],[24.4179142,44.3045315],[24.4175235,44.3045295],[24.417132,44.3046189],[24.4166196,44.3048968],[24.4162504,44.3052974],[24.4147693,44.306485],[24.4138718,44.3070475],[24.4136451,44.3060258],[24.4132995,44.3032898],[24.4131692,44.3016167],[24.4125399,44.2964286],[24.4124222,44.2949307],[24.4122349,44.2939211],[24.411899,44.2899285],[24.4118037,44.289903],[24.4116857,44.2899617],[24.4112288,44.2900249],[24.4097892,44.2901515],[24.409032,44.290263],[24.4060441,44.2905189],[24.4056434,44.290601],[24.4020158,44.2909439],[24.4000633,44.2911843],[24.3998287,44.291163],[24.3971096,44.2914455],[24.3957829,44.2916432],[24.395593,44.2916301],[24.3949602,44.2917471],[24.3935958,44.2918201],[24.3941581,44.290956],[24.3952796,44.288987],[24.3959289,44.2877265],[24.3903949,44.2860258],[24.3817585,44.2844741],[24.3842966,44.2802457],[24.3886897,44.2724116],[24.3916538,44.2701717],[24.3962053,44.2682372],[24.4035458,44.264209],[24.3984234,44.2609496],[24.3974907,44.2604193],[24.3929334,44.2585855],[24.3916595,44.2581308],[24.3917111,44.2576875],[24.3918684,44.2574551],[24.3927215,44.2566522],[24.3944635,44.2555982],[24.3959891,44.2550406]]]}},{"type":"Feature","properties":{"entity_id":"osm-r9744236","jurisdiction":"RO","display_name":"SCHITU","display_type":"commune","admin_level":8,"tier":"local","legal_registry":"SIRUTA","legal_id":"128659","legal_type":"commune","parent_catalog_id":"osm-r2366978","osm_relation_id":9744236,"legal_identity_status":"reconciled","geometry_source":"OpenStreetMap","geometry_precision":"master_coordinate_fidelity"},"geometry":{"type":"Polygon","coordinates":[[[24.5340732,44.3824252],[24.5335565,44.3800829],[24.5357771,44.3797731],[24.5358265,44.3797381],[24.5357967,44.3796837],[24.5348295,44.3787669],[24.5345907,44.3788377],[24.5338508,44.3789349],[24.5328477,44.3790126],[24.5318581,44.3790727],[24.5314346,44.379052],[24.5312988,44.3790026],[24.5299216,44.3768681],[24.5294514,44.3755837],[24.5288277,44.3755963],[24.5286464,44.3755245],[24.5285973,44.3753575],[24.5281475,44.3754467],[24.5273914,44.3755006],[24.5259932,44.3754518],[24.5240501,44.375775],[24.5217939,44.3762894],[24.5216243,44.3763663],[24.5216621,44.3749466],[24.5215686,44.3739333],[24.5216323,44.3723914],[24.5213834,44.3709831],[24.5213982,44.370686],[24.5215975,44.3701356],[24.5214877,44.3697107],[24.5214996,44.3693063],[24.5215848,44.3690058],[24.5217875,44.3687039],[24.5216215,44.368505],[24.5210542,44.3682056],[24.5208902,44.3680224],[24.5208387,44.3678514],[24.5208028,44.3667035],[24.5206122,44.3659212],[24.5206622,44.3647084],[24.5205869,44.3638508],[24.520445,44.3632453],[24.5204503,44.3625211],[24.5200781,44.3599207],[24.5198325,44.3591976],[24.5195955,44.3560346],[24.5194467,44.3556156],[24.5194596,44.3553263],[24.5195238,44.3552483],[24.5196891,44.3551836],[24.5188806,44.3516863],[24.5189275,44.3512191],[24.5181565,44.3469807],[24.5175135,44.3414835],[24.5229832,44.3413683],[24.5246724,44.3412896],[24.5279738,44.3412586],[24.5323905,44.3409612],[24.5329251,44.3408656],[24.5337852,44.3407921],[24.5361862,44.3400362],[24.5366413,44.3399881],[24.5392604,44.3392281],[24.542556,44.3386267],[24.5437051,44.3381007],[24.54472,44.3377897],[24.5459616,44.3375885],[24.5474991,44.3374275],[24.5476901,44.3374305],[24.5482616,44.3376269],[24.5504191,44.3376518],[24.55122,44.3374289],[24.5535728,44.3365006],[24.5536152,44.3363683],[24.5535411,44.3360779],[24.5528404,44.333998],[24.552627,44.3335975],[24.5520666,44.3330916],[24.5515385,44.3327221],[24.551422,44.3327019],[24.550962,44.3328315],[24.5503083,44.3331714],[24.5504273,44.3327554],[24.5503992,44.332424],[24.55025,44.3317805],[24.5500543,44.3314696],[24.5494456,44.3311849],[24.548685,44.3311919],[24.5486226,44.3311432],[24.5486544,44.3309431],[24.5487564,44.3308447],[24.5498189,44.3306263],[24.5500001,44.3304816],[24.5501083,44.330216],[24.5502446,44.3294078],[24.5502221,44.3280011],[24.5501203,44.3276944],[24.5496641,44.3272327],[24.5496234,44.3268475],[24.5495104,44.3266998],[24.5487661,44.3264182],[24.5480122,44.3262779],[24.5472909,44.3263235],[24.5470229,44.3263993],[24.5462866,44.326824],[24.5457581,44.3274548],[24.5455409,44.32786],[24.5444635,44.329182],[24.5443633,44.3291983],[24.5437062,44.3288857],[24.5436294,44.3288937],[24.5430503,44.3291884],[24.5424233,44.3296664],[24.5421958,44.3297686],[24.5420769,44.3303858],[24.5418083,44.3309662],[24.5419066,44.3311034],[24.5421872,44.3313015],[24.5430454,44.3318158],[24.5431578,44.3320038],[24.542875,44.3325914],[24.5425492,44.3330268],[24.5425702,44.3330894],[24.5433608,44.3333886],[24.543873,44.3338301],[24.5443348,44.3341395],[24.5450064,44.3344484],[24.5449371,44.3345656],[24.5446715,44.3346077],[24.544357,44.3345425],[24.5438867,44.3342477],[24.5428801,44.333754],[24.5420706,44.333487],[24.5417124,44.3334469],[24.5415149,44.3335159],[24.5411898,44.3338377],[24.5385173,44.335093],[24.5385311,44.3351852],[24.5387845,44.3353182],[24.5388253,44.3353986],[24.5385725,44.3356459],[24.5383406,44.3360904],[24.5382405,44.3361658],[24.5381536,44.3361521],[24.5381395,44.3360926],[24.5382129,44.3354598],[24.5378893,44.335237],[24.5374927,44.335329],[24.5368467,44.3352431],[24.5365094,44.3352624],[24.5361399,44.3353367],[24.5356743,44.3354968],[24.535449,44.3358045],[24.5348455,44.3361083],[24.5344965,44.336692],[24.5340337,44.336766],[24.5339935,44.3370227],[24.5336603,44.3370588],[24.5335667,44.3368488],[24.5324634,44.3370406],[24.5318818,44.3370476],[24.5318806,44.3369376],[24.5319889,44.3368711],[24.5324633,44.3367494],[24.5330802,44.3366856],[24.5333835,44.3365749],[24.5336706,44.3363232],[24.5340684,44.3361029],[24.5342775,44.3357362],[24.5348132,44.3354703],[24.5354558,44.334994],[24.5352521,44.3347887],[24.5353358,44.3346515],[24.5355728,44.3346434],[24.5358018,44.334733],[24.5366731,44.3345847],[24.5374695,44.3346204],[24.5377742,44.3345938],[24.5382334,44.3344075],[24.5404563,44.3331956],[24.541172,44.3327584],[24.5412117,44.3326746],[24.5411453,44.3322154],[24.5403074,44.3315206],[24.5400525,44.3312711],[24.5399455,44.3310677],[24.5399038,44.3306054],[24.540021,44.3297945],[24.5390563,44.3298326],[24.5389659,44.3298199],[24.538942,44.3296587],[24.5369289,44.3295613],[24.5355411,44.3296425],[24.5307948,44.3316651],[24.5307132,44.3315585],[24.5308545,44.3305893],[24.5311008,44.3266639],[24.5310715,44.3261369],[24.5308025,44.3257225],[24.5311279,44.3252846],[24.5310735,44.3248857],[24.5312364,44.3246665],[24.5313296,44.322978],[24.531308,44.3209145],[24.5323507,44.3207532],[24.5348581,44.3201983],[24.5365074,44.3201311],[24.5365578,44.3194219],[24.5420215,44.3194668],[24.5425761,44.3194487],[24.5427379,44.3193921],[24.5446145,44.3183471],[24.5446098,44.3182233],[24.5446749,44.3182215],[24.5446801,44.3177068],[24.5449449,44.3176417],[24.5457776,44.3176666],[24.5458819,44.3176412],[24.5460195,44.3175113],[24.5463936,44.316828],[24.5468345,44.3164941],[24.5464033,44.3151949],[24.5464363,44.3150726],[24.5465421,44.3150424],[24.5466992,44.3150922],[24.5467838,44.3150712],[24.5469838,44.3151687],[24.5471004,44.3151495],[24.5472528,44.3152107],[24.5489687,44.3140958],[24.5497072,44.3141009],[24.5501684,44.3143326],[24.5503435,44.3144907],[24.55071,44.3150688],[24.5512578,44.3164762],[24.5513571,44.3166149],[24.5515049,44.3167048],[24.5517884,44.3168325],[24.5530078,44.3168323],[24.5543634,44.3171949],[24.5560052,44.3171644],[24.5577206,44.3172156],[24.5577925,44.3172633],[24.5619846,44.317337],[24.5641498,44.3173066],[24.569034,44.3173461],[24.5746746,44.3173171],[24.5783492,44.3173569],[24.5827576,44.3173417],[24.5958572,44.3172017],[24.5971447,44.317258],[24.6041877,44.3172472],[24.6046364,44.317254],[24.6051663,44.3173216],[24.6053468,44.3173715],[24.6057121,44.3221067],[24.6062321,44.3268524],[24.6061716,44.3278443],[24.6063078,44.3311389],[24.6062967,44.3368076],[24.6062842,44.3371752],[24.6062575,44.3371842],[24.6012152,44.3375107],[24.6011905,44.3382599],[24.6009644,44.3401859],[24.6006874,44.3416991],[24.6004909,44.3422551],[24.5998228,44.3469677],[24.5983576,44.3578132],[24.596277,44.373929],[24.5960338,44.3748229],[24.5948042,44.3779171],[24.5922172,44.3779153],[24.5880788,44.3778252],[24.5871042,44.3777922],[24.5856118,44.3776292],[24.5853802,44.3780089],[24.585426,44.3782444],[24.5853693,44.3784167],[24.5852169,44.3785656],[24.5846669,44.3793967],[24.5855677,44.3797034],[24.5869655,44.3803187],[24.5884962,44.3809028],[24.5887388,44.3810753],[24.5897602,44.3814386],[24.5907054,44.3819363],[24.5915114,44.382184],[24.5936217,44.3830984],[24.5942167,44.383236],[24.5947015,44.3834592],[24.594962,44.383635],[24.5954384,44.3837563],[24.5959044,44.3840115],[24.6031613,44.3870181],[24.6033924,44.3871984],[24.6037417,44.3872785],[24.6043564,44.3875026],[24.6045251,44.387605],[24.6048071,44.3876702],[24.6081045,44.3889809],[24.6102534,44.3899542],[24.6099515,44.3905008],[24.6097251,44.390801],[24.609403,44.3910915],[24.6088463,44.3915188],[24.6076553,44.3921152],[24.6073386,44.3924066],[24.607308,44.3925231],[24.6073775,44.3927879],[24.6076049,44.3931584],[24.6077428,44.3937431],[24.6067558,44.3948924],[24.6062701,44.3956737],[24.6053988,44.3968851],[24.6051735,44.3975264],[24.6051658,44.398062],[24.605262,44.3986987],[24.6050578,44.3995768],[24.6043221,44.4006428],[24.6040252,44.4016527],[24.6037306,44.4016045],[24.6011139,44.4008734],[24.5962334,44.3993676],[24.594649,44.3989858],[24.5940566,44.3988838],[24.5922998,44.3982975],[24.5918934,44.3981055],[24.5904414,44.3976745],[24.5898659,44.3974601],[24.5891537,44.3972839],[24.5886004,44.3970802],[24.5871211,44.3967138],[24.5834804,44.3956998],[24.5803606,44.3947519],[24.5800168,44.3947128],[24.5796972,44.3947468],[24.5751111,44.3934335],[24.5741782,44.3939921],[24.5741738,44.3937764],[24.5745429,44.3931997],[24.5744518,44.3931456],[24.5692994,44.3917141],[24.5686137,44.39164],[24.5681468,44.3917302],[24.5678434,44.3917399],[24.5672101,44.391654],[24.5671386,44.3915583],[24.5671592,44.3912629],[24.5670535,44.3911935],[24.5578713,44.3886482],[24.5570729,44.3882766],[24.5566958,44.3882766],[24.5564808,44.388224],[24.5526219,44.3869793],[24.5524856,44.387073],[24.5504002,44.3861739],[24.5506677,44.3860642],[24.5507301,44.3859583],[24.5505798,44.3856287],[24.5506796,44.3854823],[24.5510419,44.3852631],[24.5516654,44.3851894],[24.551917,44.3848544],[24.5524401,44.3847334],[24.5515468,44.3843418],[24.5501032,44.3840564],[24.5494665,44.3847157],[24.5488609,44.3855933],[24.5483987,44.385328],[24.5478966,44.3851821],[24.5468953,44.3851298],[24.5461477,44.3849738],[24.5442998,44.3843805],[24.5437911,44.3841387],[24.5411891,44.3833126],[24.5405526,44.3829257],[24.540085,44.3827278],[24.5400412,44.3825083],[24.539406,44.3825619],[24.5388146,44.3825305],[24.5383703,44.3824272],[24.5381263,44.3822054],[24.5378765,44.38213],[24.5378316,44.3820555],[24.5379137,44.3819036],[24.536658,44.3813133],[24.5350086,44.382064],[24.5340732,44.3824252]]]}},{"type":"Feature","properties":{"entity_id":"osm-r9744237","jurisdiction":"RO","display_name":"MOVILENI","display_type":"commune","admin_level":8,"tier":"local","legal_registry":"SIRUTA","legal_id":"127689","legal_type":"commune","parent_catalog_id":"osm-r2366978","osm_relation_id":9744237,"legal_identity_status":"reconciled","geometry_source":"OpenStreetMap","geometry_precision":"master_coordinate_fidelity"},"geometry":{"type":"Polygon","coordinates":[[[24.6062842,44.3371752],[24.6066968,44.337169],[24.6076317,44.3372582],[24.6088554,44.3374207],[24.6108118,44.3373446],[24.6115397,44.3374075],[24.6119556,44.3374756],[24.6123966,44.337648],[24.6127738,44.3376473],[24.6129862,44.3378136],[24.6134753,44.3378912],[24.6146776,44.3378336],[24.6148892,44.3378631],[24.6150484,44.3378162],[24.6153246,44.3376122],[24.6157517,44.3375398],[24.6163222,44.337565],[24.6171601,44.337704],[24.6181255,44.3377145],[24.6194025,44.3380447],[24.620418,44.3379657],[24.621686,44.3380529],[24.6221628,44.3382019],[24.6226945,44.3385695],[24.6230435,44.3387395],[24.6235048,44.3388381],[24.6238136,44.3388518],[24.6247191,44.338661],[24.6256635,44.3385336],[24.6261339,44.3384264],[24.6261342,44.3383774],[24.6276975,44.3382046],[24.6282039,44.3381892],[24.6288259,44.3379414],[24.6294407,44.3375],[24.6297748,44.3373823],[24.6301452,44.3374358],[24.630546,44.3376213],[24.6310107,44.3376521],[24.6316522,44.3375618],[24.6325004,44.3375582],[24.6329164,44.3374549],[24.6331387,44.3374475],[24.6334704,44.3375453],[24.6337523,44.3377794],[24.633781,44.3378112],[24.6349845,44.338686],[24.6364648,44.3398789],[24.6372361,44.3403794],[24.6405702,44.3423564],[24.643752,44.344349],[24.6466674,44.3463087],[24.6491595,44.3479006],[24.6554312,44.3518018],[24.659273,44.3541149],[24.6605857,44.3548499],[24.6616893,44.3556205],[24.6654719,44.353591],[24.667813,44.351912],[24.6684929,44.3514244],[24.6701014,44.3521726],[24.6723244,44.3532851],[24.6760579,44.3549416],[24.6788338,44.3565929],[24.6809735,44.3580941],[24.6814268,44.3577485],[24.6816296,44.3578028],[24.6817554,44.3581631],[24.6821402,44.3586979],[24.6822521,44.3587798],[24.6823388,44.3588124],[24.6825974,44.3587526],[24.6828536,44.3587627],[24.6840247,44.359136],[24.6851627,44.3597776],[24.6858475,44.3608753],[24.6864786,44.3615797],[24.6877838,44.3622598],[24.6880081,44.3626333],[24.6881154,44.3631616],[24.6880185,44.3637311],[24.6882196,44.3642863],[24.6884137,44.3645438],[24.6892225,44.3652961],[24.6894202,44.3657794],[24.6894381,44.3663057],[24.689708,44.366749],[24.6898447,44.3669217],[24.6901405,44.367059],[24.6904748,44.3671391],[24.6905183,44.3673149],[24.690138,44.3673862],[24.6901259,44.3677172],[24.6906136,44.3680888],[24.690234,44.3683093],[24.6913426,44.3691021],[24.6923237,44.3699992],[24.6923099,44.3701613],[24.6920586,44.370453],[24.6917646,44.3707239],[24.6899875,44.3720412],[24.6898714,44.372344],[24.6899029,44.3725034],[24.690311,44.3727839],[24.6908029,44.3734745],[24.6916761,44.3744381],[24.6917614,44.3747735],[24.6916907,44.3750199],[24.6915325,44.3753617],[24.6914555,44.3757343],[24.6911357,44.3760745],[24.6912425,44.3761928],[24.6912394,44.3762765],[24.6910578,44.3768299],[24.6905879,44.3768751],[24.6904242,44.3769304],[24.6891257,44.3774188],[24.688884,44.377601],[24.6885263,44.3779927],[24.6883354,44.3783389],[24.6880059,44.3787093],[24.6867209,44.3797258],[24.6867114,44.3798149],[24.6864286,44.3801097],[24.6844938,44.381945],[24.6787773,44.3871616],[24.6774801,44.3884301],[24.6773537,44.3886787],[24.6765561,44.3893032],[24.6741164,44.3915653],[24.673541,44.3920432],[24.669421,44.3960915],[24.6671205,44.3982476],[24.6650887,44.4000405],[24.6629827,44.4020549],[24.6613401,44.403495],[24.6586177,44.4061506],[24.6558213,44.4087273],[24.6550517,44.4093789],[24.6527511,44.4115884],[24.6453431,44.4184001],[24.6417419,44.4219798],[24.6407203,44.4229244],[24.6415633,44.4237473],[24.6415796,44.4238054],[24.6415242,44.4238171],[24.6414103,44.4237837],[24.6412517,44.4238215],[24.6403232,44.4243325],[24.6395216,44.424852],[24.6378197,44.4262149],[24.6371345,44.4265625],[24.6369085,44.4269989],[24.6366855,44.4269595],[24.636621,44.4270901],[24.6360916,44.4269906],[24.6354238,44.427097],[24.6350615,44.427199],[24.6324792,44.4283517],[24.6302891,44.4292661],[24.6269715,44.4304341],[24.6260663,44.430793],[24.6253739,44.4311324],[24.6248022,44.4312665],[24.6245387,44.4312311],[24.6242992,44.4310528],[24.6240082,44.430649],[24.6232901,44.4302957],[24.622711,44.4302912],[24.6214624,44.430459],[24.6208461,44.4304887],[24.6202788,44.4303679],[24.619827,44.4300577],[24.6197049,44.4299133],[24.6193041,44.4297134],[24.6188411,44.4292998],[24.618397,44.4291543],[24.6182924,44.4290253],[24.6174278,44.4284813],[24.616623,44.428055],[24.6165365,44.4278584],[24.616593,44.4277084],[24.6165236,44.4272488],[24.6167008,44.4264675],[24.6170309,44.4264577],[24.6178926,44.4258214],[24.6181069,44.4255992],[24.6182412,44.4253178],[24.6183048,44.4252712],[24.6185303,44.4253122],[24.6187543,44.4250472],[24.6189385,44.4249293],[24.6189963,44.4247493],[24.61944,44.4242838],[24.6195769,44.4239942],[24.619624,44.4237974],[24.6194415,44.4236895],[24.6193847,44.4235771],[24.6196121,44.4231508],[24.6197328,44.4231234],[24.6204812,44.4232678],[24.6208479,44.4229831],[24.6210744,44.4226401],[24.6214873,44.4210797],[24.6211179,44.4206729],[24.6200622,44.4201602],[24.6196894,44.4200237],[24.6192768,44.4200486],[24.6186197,44.419679],[24.6172422,44.4191922],[24.6168644,44.4194191],[24.6167143,44.4196084],[24.6161095,44.4205329],[24.6160157,44.4207672],[24.6157719,44.4207856],[24.6147684,44.4204878],[24.6144164,44.4203066],[24.6143213,44.4200081],[24.6143106,44.4194194],[24.6145102,44.4185122],[24.6144198,44.4184361],[24.6145034,44.4181322],[24.6144831,44.4178505],[24.6144114,44.4177032],[24.6127139,44.4170302],[24.6101934,44.4162165],[24.6077519,44.4156415],[24.6080153,44.4150938],[24.6082863,44.414979],[24.6087719,44.4148393],[24.6094184,44.4149636],[24.6094438,44.4149334],[24.6095241,44.4147567],[24.6095378,44.4145095],[24.6094488,44.4139046],[24.6091983,44.4134762],[24.609292,44.4134621],[24.6094571,44.4135034],[24.6096756,44.413747],[24.609829,44.414435],[24.6101422,44.4145786],[24.6112296,44.4149144],[24.6127407,44.4153312],[24.6138215,44.4148507],[24.6141539,44.4147594],[24.6151752,44.4144878],[24.6159153,44.4145051],[24.6159207,44.4144646],[24.6158802,44.4143687],[24.6157112,44.4142687],[24.6155657,44.4142071],[24.6154634,44.4142503],[24.6127354,44.4128942],[24.6115516,44.4121635],[24.6074806,44.4100316],[24.605355,44.4087645],[24.6025098,44.4071633],[24.6039476,44.402137],[24.6040252,44.4016527],[24.6043221,44.4006428],[24.6050578,44.3995768],[24.605262,44.3986987],[24.6051658,44.398062],[24.6051735,44.3975264],[24.6053988,44.3968851],[24.6062701,44.3956737],[24.6067558,44.3948924],[24.6077428,44.3937431],[24.6076049,44.3931584],[24.6073775,44.3927879],[24.607308,44.3925231],[24.6073386,44.3924066],[24.6076553,44.3921152],[24.6088463,44.3915188],[24.609403,44.3910915],[24.6097251,44.390801],[24.6099515,44.3905008],[24.6102534,44.3899542],[24.6081045,44.3889809],[24.6048071,44.3876702],[24.6045251,44.387605],[24.6043564,44.3875026],[24.6037417,44.3872785],[24.6033924,44.3871984],[24.6031613,44.3870181],[24.5959044,44.3840115],[24.5954384,44.3837563],[24.594962,44.383635],[24.5947015,44.3834592],[24.5942167,44.383236],[24.5936217,44.3830984],[24.5915114,44.382184],[24.5907054,44.3819363],[24.5897602,44.3814386],[24.5887388,44.3810753],[24.5884962,44.3809028],[24.5869655,44.3803187],[24.5855677,44.3797034],[24.5846669,44.3793967],[24.5852169,44.3785656],[24.5853693,44.3784167],[24.585426,44.3782444],[24.5853802,44.3780089],[24.5856118,44.3776292],[24.5871042,44.3777922],[24.5880788,44.3778252],[24.5922172,44.3779153],[24.5948042,44.3779171],[24.5960338,44.3748229],[24.596277,44.373929],[24.5983576,44.3578132],[24.5998228,44.3469677],[24.6004909,44.3422551],[24.6006874,44.3416991],[24.6009644,44.3401859],[24.6011905,44.3382599],[24.6012152,44.3375107],[24.6062575,44.3371842],[24.6062842,44.3371752]]]}},{"type":"Feature","properties":{"entity_id":"osm-r9744238","jurisdiction":"RO","display_name":"NICOLAE TITULESCU","display_type":"commune","admin_level":8,"tier":"local","legal_registry":"SIRUTA","legal_id":"127714","legal_type":"commune","parent_catalog_id":"osm-r2366978","osm_relation_id":9744238,"legal_identity_status":"reconciled","geometry_source":"OpenStreetMap","geometry_precision":"master_coordinate_fidelity"},"geometry":{"type":"Polygon","coordinates":[[[24.7222263,44.232222],[24.7251091,44.2333134],[24.7345811,44.2368986],[24.7726041,44.2510188],[24.7695769,44.254288],[24.7680562,44.2562387],[24.769,44.2566681],[24.7688574,44.2567976],[24.7710786,44.2577198],[24.7709492,44.2578823],[24.7687146,44.2569443],[24.7682861,44.2573514],[24.7706255,44.2583228],[24.7700177,44.2591846],[24.7741742,44.2609323],[24.7766574,44.261931],[24.7769867,44.2620274],[24.7785579,44.2627258],[24.7777993,44.2637519],[24.7780239,44.2637985],[24.7776652,44.2640072],[24.777158,44.2641814],[24.7759283,44.2644149],[24.7742655,44.2650587],[24.7734386,44.2654277],[24.7718115,44.2665165],[24.7715103,44.2667855],[24.7713876,44.2669672],[24.7715734,44.2674327],[24.7715815,44.2677698],[24.7713635,44.2683356],[24.7709293,44.2690222],[24.7704299,44.2695672],[24.7701506,44.2697004],[24.7693621,44.2699971],[24.768746,44.2701604],[24.7682448,44.2702005],[24.7668422,44.2701256],[24.7647091,44.2702034],[24.7642219,44.2703053],[24.7639348,44.2705206],[24.7633022,44.2711776],[24.7630574,44.2715474],[24.7627817,44.2724416],[24.7627082,44.2729146],[24.7627598,44.2743033],[24.7627135,44.2751364],[24.7631379,44.2763818],[24.7631218,44.2768035],[24.7625448,44.2778617],[24.7621856,44.2781901],[24.7598312,44.2797588],[24.7595722,44.2800566],[24.7594566,44.2803237],[24.7594839,44.2806324],[24.7591373,44.2813516],[24.759236,44.2817324],[24.7595354,44.2820313],[24.7603635,44.2825988],[24.7622941,44.2831481],[24.7654275,44.2837101],[24.7662718,44.283825],[24.7667863,44.2840627],[24.7671146,44.2843102],[24.7673567,44.2846296],[24.7676267,44.2851341],[24.7680237,44.2861121],[24.7680218,44.2865852],[24.7676883,44.2876337],[24.7676149,44.2880861],[24.7676272,44.2886004],[24.767754,44.2891047],[24.7682527,44.2897331],[24.7686381,44.2900322],[24.7690671,44.2901977],[24.7694822,44.2902294],[24.7698835,44.2901479],[24.771261,44.2894205],[24.7719923,44.2891648],[24.7726085,44.2890529],[24.773081,44.2890436],[24.7734383,44.2892192],[24.7748665,44.2901889],[24.7754517,44.2906838],[24.7757226,44.2909826],[24.7767863,44.2936487],[24.777057,44.2940299],[24.7771419,44.2942872],[24.7770401,44.2946778],[24.7767517,44.2952121],[24.7763486,44.2957667],[24.7757165,44.2962798],[24.7748003,44.2967894],[24.7683753,44.2950885],[24.7611505,44.2930879],[24.7604866,44.2929685],[24.7604935,44.2929166],[24.7599191,44.2927584],[24.7597827,44.2929373],[24.7550166,44.2916785],[24.7549602,44.2916966],[24.754424,44.2926873],[24.7506664,44.2915777],[24.7507121,44.2913053],[24.7508086,44.2911926],[24.7505247,44.2911045],[24.7490603,44.2903074],[24.7486952,44.2900235],[24.7480325,44.2900089],[24.7476583,44.2897711],[24.7474005,44.2895388],[24.7469215,44.2893641],[24.74641,44.288898],[24.746159,44.2888626],[24.7459201,44.2887043],[24.7455578,44.2886891],[24.7446071,44.288346],[24.7436361,44.2879136],[24.7430026,44.2875588],[24.742566,44.2875701],[24.7422866,44.2875121],[24.7412228,44.2868981],[24.7400482,44.2863236],[24.7373617,44.2851888],[24.7387369,44.283707],[24.739147,44.2830444],[24.7395858,44.2826734],[24.7400311,44.2821815],[24.7324849,44.2780907],[24.726161,44.2748057],[24.7225204,44.2728583],[24.7189529,44.2708892],[24.7158199,44.2693346],[24.7112605,44.2668141],[24.7096749,44.2660602],[24.7053131,44.2637103],[24.6989156,44.2604228],[24.6910575,44.2562275],[24.6913516,44.2559682],[24.6952176,44.2529391],[24.7046288,44.245927],[24.7065056,44.2444445],[24.7114739,44.2406663],[24.7222263,44.232222]]]}},{"type":"Feature","properties":{"entity_id":"osm-r9744239","jurisdiction":"RO","display_name":"TUFENI","display_type":"commune","admin_level":8,"tier":"local","legal_registry":"SIRUTA","legal_id":"129585","legal_type":"commune","parent_catalog_id":"osm-r2366978","osm_relation_id":9744239,"legal_identity_status":"reconciled","geometry_source":"OpenStreetMap","geometry_precision":"master_coordinate_fidelity"},"geometry":{"type":"Polygon","coordinates":[[[24.8731863,44.394036],[24.8730389,44.394038],[24.8712987,44.3940111],[24.8713373,44.3938194],[24.8712712,44.393815],[24.8597328,44.3933641],[24.8596744,44.3933703],[24.8596646,44.3934236],[24.8596337,44.3944464],[24.8535707,44.394224],[24.8522003,44.3942688],[24.8468272,44.3942392],[24.8466234,44.3941071],[24.8422954,44.3939469],[24.835613,44.3939648],[24.831766,44.393888],[24.8264318,44.3938774],[24.8232223,44.3937947],[24.8229859,44.3937951],[24.8227556,44.3938929],[24.8183244,44.3938676],[24.8182445,44.3938277],[24.8182338,44.3930742],[24.8182384,44.3873921],[24.8175333,44.3872169],[24.8152789,44.3869453],[24.8147052,44.386937],[24.8143124,44.3869874],[24.8131542,44.3869462],[24.8108738,44.3870071],[24.8102216,44.3884359],[24.8092778,44.3909297],[24.8063734,44.3901085],[24.8088268,44.3925783],[24.8089099,44.3928673],[24.8088424,44.3929895],[24.8085805,44.393297],[24.8083081,44.3933892],[24.8076822,44.3934574],[24.8069168,44.3934149],[24.8061949,44.3934562],[24.8045268,44.3934312],[24.7987859,44.3928738],[24.7974796,44.3927881],[24.787724,44.3923661],[24.7877414,44.3924956],[24.7876181,44.3926296],[24.7874292,44.3932785],[24.7874635,44.3934765],[24.787689,44.3939024],[24.7875497,44.3942614],[24.7876025,44.3944518],[24.7877883,44.3946739],[24.7881894,44.3948969],[24.7884451,44.3949662],[24.7886563,44.3950816],[24.7888243,44.3955167],[24.7884838,44.3958456],[24.7883909,44.3961362],[24.788222,44.3963357],[24.7882451,44.3967545],[24.7881202,44.3972713],[24.7877426,44.3973923],[24.7872186,44.3978045],[24.7866944,44.3980067],[24.7863772,44.3982514],[24.7751759,44.3958348],[24.7688142,44.3943549],[24.76754,44.3941364],[24.7672614,44.3941748],[24.766887,44.3939632],[24.7665179,44.3938967],[24.7662346,44.3937385],[24.7651873,44.3936052],[24.7644623,44.3934439],[24.7633557,44.3931169],[24.7615045,44.3926897],[24.7601427,44.3924365],[24.759132,44.3923286],[24.758228,44.3921656],[24.7575687,44.3920103],[24.7568882,44.3917864],[24.7549272,44.3914309],[24.7547964,44.3904961],[24.7545391,44.3894298],[24.7539551,44.3881884],[24.7531178,44.387161],[24.7523338,44.38637],[24.7515066,44.3851817],[24.7508639,44.3845837],[24.7507246,44.3843689],[24.7506883,44.3841141],[24.7510859,44.3829754],[24.7513524,44.3826155],[24.751775,44.3821874],[24.753134,44.3814799],[24.7557407,44.3797829],[24.7571775,44.3793053],[24.7580868,44.3787711],[24.759409,44.3778489],[24.7601139,44.3769991],[24.7604905,44.3763631],[24.7611313,44.3751597],[24.7613302,44.37453],[24.7610381,44.3728067],[24.7610259,44.3714417],[24.7606,44.3704152],[24.760536,44.3700665],[24.7604844,44.3680688],[24.7602875,44.3675286],[24.7599421,44.3670304],[24.7588499,44.3672699],[24.7578022,44.3674238],[24.7575717,44.3675352],[24.7572192,44.3676248],[24.7570858,44.3677658],[24.7565811,44.3679016],[24.7559154,44.3677193],[24.7557802,44.3677388],[24.7555126,44.3676593],[24.7549815,44.3675973],[24.7541164,44.367662],[24.7538807,44.3676924],[24.7535658,44.3678129],[24.7526137,44.3678934],[24.7523063,44.3680176],[24.752267,44.3681112],[24.7511389,44.3685604],[24.7507192,44.3685481],[24.7494279,44.368914],[24.7487633,44.3688458],[24.7486122,44.3688795],[24.7476682,44.3686296],[24.7474254,44.3686311],[24.7471071,44.3685657],[24.7466468,44.368595],[24.745974,44.3687716],[24.7446464,44.369548],[24.7443641,44.3696356],[24.7442341,44.3696617],[24.7440733,44.3696269],[24.7425532,44.370012],[24.7405788,44.3702797],[24.7401499,44.3704209],[24.7387657,44.3706306],[24.7285673,44.3634124],[24.727958,44.3629509],[24.7268331,44.3618748],[24.7266681,44.3619043],[24.7262245,44.3616234],[24.7258476,44.3614691],[24.7246943,44.3607286],[24.7230275,44.3598541],[24.7200963,44.3581251],[24.7190497,44.3576167],[24.7187848,44.3574997],[24.7182426,44.3574047],[24.7178928,44.3572871],[24.7172459,44.3569404],[24.715719,44.3562857],[24.7130697,44.3554353],[24.711204,44.3547196],[24.7109541,44.3546343],[24.7117518,44.3536368],[24.7131346,44.3521964],[24.7143628,44.3507959],[24.7148655,44.3500361],[24.7149837,44.350156],[24.7199281,44.3444417],[24.721654,44.3423431],[24.7228151,44.3410978],[24.725857,44.3376518],[24.7272061,44.3363],[24.7281519,44.3350074],[24.7285508,44.3346389],[24.7303142,44.3325083],[24.7311228,44.3316203],[24.733922,44.3282316],[24.73402,44.3281184],[24.7344385,44.3282099],[24.7404858,44.3288628],[24.7445259,44.3294149],[24.7469491,44.3296575],[24.7590526,44.3311315],[24.7591328,44.3310206],[24.7594645,44.3286324],[24.7596739,44.3284744],[24.7596155,44.3270837],[24.7597835,44.3270517],[24.7603108,44.3270831],[24.7608743,44.3259136],[24.7603125,44.3256635],[24.7597035,44.3250496],[24.7586088,44.3249124],[24.7584653,44.3248152],[24.7582995,44.3244334],[24.7583148,44.324286],[24.7585213,44.3241752],[24.7592647,44.3240693],[24.7593412,44.3240252],[24.759351,44.3237871],[24.758651,44.3233537],[24.7583667,44.3232245],[24.7581584,44.3231841],[24.7574472,44.3212218],[24.7575236,44.320988],[24.7580555,44.320692],[24.7587573,44.319793],[24.758796,44.3196174],[24.7587082,44.3192808],[24.7587526,44.3191093],[24.7608017,44.319372],[24.7610502,44.3193821],[24.7611268,44.319348],[24.7614729,44.3194855],[24.7620265,44.3198779],[24.7620771,44.3195726],[24.7622836,44.3195103],[24.7630219,44.3194639],[24.7629805,44.3190364],[24.7626845,44.3186372],[24.7626213,44.318459],[24.7625764,44.3180695],[24.7627589,44.3180017],[24.7658524,44.3178691],[24.7676187,44.3178383],[24.7746162,44.3175141],[24.7757971,44.3175574],[24.7759788,44.3176743],[24.7761702,44.317961],[24.7764306,44.3182072],[24.7765328,44.3184313],[24.7764147,44.3187748],[24.7762495,44.3189925],[24.7759982,44.3189622],[24.7761776,44.3191585],[24.7762084,44.3193674],[24.7762432,44.3209655],[24.776386,44.3225407],[24.7763388,44.3231324],[24.776414,44.3232641],[24.777224,44.3231766],[24.7778102,44.3230097],[24.7780367,44.3228126],[24.7781785,44.3227971],[24.7782959,44.322551],[24.7784094,44.3225331],[24.778542,44.3224407],[24.7789506,44.3218382],[24.7793385,44.3211661],[24.7796656,44.320121],[24.779819,44.3189761],[24.7798602,44.3180561],[24.7798808,44.3177648],[24.7799512,44.3177357],[24.7808785,44.3170449],[24.7812109,44.316935],[24.7817329,44.3168679],[24.7825034,44.316118],[24.7837854,44.3161372],[24.7838954,44.3159945],[24.7869341,44.3160289],[24.794369,44.3156912],[24.8002843,44.3155383],[24.8002924,44.3154501],[24.8040802,44.3154807],[24.8088853,44.3165265],[24.811349,44.3169849],[24.8165555,44.3182269],[24.8199896,44.318935],[24.8242271,44.3199089],[24.8274459,44.3205692],[24.8378736,44.3230181],[24.837878,44.323238],[24.8370901,44.3237973],[24.8361417,44.3242942],[24.8358174,44.32466],[24.8352849,44.3261476],[24.8347809,44.3268886],[24.832629,44.3280657],[24.8326073,44.3282069],[24.8324724,44.3283823],[24.831273,44.3295026],[24.8299013,44.3305189],[24.8290672,44.3313216],[24.8283166,44.3322969],[24.8281378,44.3326452],[24.8280668,44.3329828],[24.8287117,44.3352444],[24.8290281,44.336076],[24.8296131,44.3372301],[24.8295142,44.3379557],[24.8292829,44.3383542],[24.8282869,44.3390847],[24.8279675,44.3395348],[24.827391,44.3400524],[24.8265373,44.3418331],[24.8253245,44.3437148],[24.8229447,44.3469569],[24.8216913,44.348442],[24.8214358,44.348913],[24.8209892,44.3500257],[24.8210044,44.3501771],[24.8207932,44.3507559],[24.8207662,44.3514415],[24.8204899,44.3517285],[24.8204059,44.351899],[24.820396,44.3522674],[24.8203091,44.3525212],[24.8199479,44.3528317],[24.8198206,44.3530586],[24.8195767,44.3533182],[24.819298,44.3535049],[24.8190341,44.3535866],[24.8178699,44.3551223],[24.817623,44.3556841],[24.8175292,44.356754],[24.8172393,44.3585024],[24.8172259,44.3594332],[24.8171209,44.3594951],[24.8170375,44.360565],[24.8170257,44.3609862],[24.8170999,44.3611368],[24.8173538,44.3612669],[24.8196342,44.3618928],[24.8222004,44.3627124],[24.8262957,44.364164],[24.8275194,44.3645235],[24.8281216,44.364607],[24.8287885,44.3646179],[24.8291757,44.3647936],[24.8295699,44.3648916],[24.8315877,44.3652744],[24.8354773,44.366092],[24.8359359,44.3661884],[24.8436636,44.3675102],[24.8443841,44.3677553],[24.8451684,44.3679068],[24.8451408,44.3679463],[24.8462633,44.3681907],[24.8469721,44.3682938],[24.8543782,44.368699],[24.8584757,44.3688552],[24.8654258,44.3693913],[24.8659814,44.3694033],[24.8747942,44.3689921],[24.8802241,44.3688272],[24.8810797,44.3686939],[24.881996,44.3683934],[24.8825554,44.3682867],[24.8833714,44.3697038],[24.8833934,44.3698896],[24.8833324,44.3700019],[24.8829854,44.3701821],[24.8825789,44.3701967],[24.8820984,44.3704601],[24.8816639,44.3704848],[24.8815586,44.3705701],[24.8815095,44.3707021],[24.8815745,44.3708371],[24.8819463,44.371146],[24.8820948,44.3713891],[24.8831127,44.3725058],[24.8835601,44.3726814],[24.8840781,44.3727589],[24.8844269,44.3729296],[24.8850632,44.3733862],[24.885291,44.3736622],[24.8853222,44.3741526],[24.8856325,44.3756112],[24.885836,44.3757624],[24.8859134,44.3761156],[24.8855898,44.3777013],[24.8860893,44.3784084],[24.8861613,44.3787032],[24.8865328,44.3795856],[24.8865634,44.3798183],[24.886471,44.3802405],[24.8858422,44.3806777],[24.8855102,44.3812985],[24.8852632,44.3814822],[24.8850452,44.381805],[24.8847637,44.3820085],[24.8845649,44.3819971],[24.8840472,44.382592],[24.8840347,44.3826376],[24.8839997,44.3826867],[24.8839653,44.382885],[24.8840538,44.3836325],[24.8840035,44.384029],[24.8844777,44.384784],[24.8846059,44.3853712],[24.8845929,44.3856153],[24.8843432,44.385951],[24.8838009,44.3863249],[24.8824181,44.3866991],[24.8817696,44.3871493],[24.8812803,44.3873553],[24.8812513,44.3875785],[24.8815766,44.3885451],[24.8815556,44.388751],[24.8814441,44.3889723],[24.8810056,44.3894911],[24.8806973,44.38972],[24.8805885,44.3900175],[24.8803229,44.3904447],[24.8802938,44.3906659],[24.8803444,44.3907745],[24.8809937,44.3910852],[24.8814039,44.3916532],[24.8814441,44.3919812],[24.8813729,44.3926772],[24.8816126,44.3929574],[24.8816554,44.3931939],[24.8811558,44.3938271],[24.8807997,44.3941819],[24.8802703,44.3942373],[24.8758969,44.3940783],[24.8731863,44.394036]]]}},{"type":"Feature","properties":{"entity_id":"osm-r9744240","jurisdiction":"RO","display_name":"GHIMPEȚENI","display_type":"commune","admin_level":8,"tier":"local","legal_registry":"SIRUTA","legal_id":"130311","legal_type":"commune","parent_catalog_id":"osm-r2366978","osm_relation_id":9744240,"legal_identity_status":"reconciled","geometry_source":"OpenStreetMap","geometry_precision":"master_coordinate_fidelity"},"geometry":{"type":"Polygon","coordinates":[[[24.7748003,44.2967894],[24.7757165,44.2962798],[24.7763486,44.2957667],[24.7767517,44.2952121],[24.7770401,44.2946778],[24.7771419,44.2942872],[24.777057,44.2940299],[24.7767863,44.2936487],[24.7757226,44.2909826],[24.7754517,44.2906838],[24.7748665,44.2901889],[24.7734383,44.2892192],[24.773081,44.2890436],[24.7726085,44.2890529],[24.7719923,44.2891648],[24.771261,44.2894205],[24.7698835,44.2901479],[24.7694822,44.2902294],[24.7690671,44.2901977],[24.7686381,44.2900322],[24.7682527,44.2897331],[24.767754,44.2891047],[24.7676272,44.2886004],[24.7676149,44.2880861],[24.7676883,44.2876337],[24.7680218,44.2865852],[24.7680237,44.2861121],[24.7676267,44.2851341],[24.7673567,44.2846296],[24.7671146,44.2843102],[24.7667863,44.2840627],[24.7662718,44.283825],[24.7654275,44.2837101],[24.7622941,44.2831481],[24.7603635,44.2825988],[24.7595354,44.2820313],[24.759236,44.2817324],[24.7591373,44.2813516],[24.7594839,44.2806324],[24.7594566,44.2803237],[24.7595722,44.2800566],[24.7598312,44.2797588],[24.7621856,44.2781901],[24.7625448,44.2778617],[24.7631218,44.2768035],[24.7631379,44.2763818],[24.7627135,44.2751364],[24.7627598,44.2743033],[24.7627082,44.2729146],[24.7627817,44.2724416],[24.7630574,44.2715474],[24.7633022,44.2711776],[24.7639348,44.2705206],[24.7642219,44.2703053],[24.7647091,44.2702034],[24.7668422,44.2701256],[24.7682448,44.2702005],[24.768746,44.2701604],[24.7693621,44.2699971],[24.7701506,44.2697004],[24.7704299,44.2695672],[24.7709293,44.2690222],[24.7713635,44.2683356],[24.7715815,44.2677698],[24.7715734,44.2674327],[24.7713876,44.2669672],[24.7715103,44.2667855],[24.7718115,44.2665165],[24.7734386,44.2654277],[24.7742655,44.2650587],[24.7759283,44.2644149],[24.777158,44.2641814],[24.7776652,44.2640072],[24.7780239,44.2637985],[24.7785298,44.2640391],[24.7797277,44.2643766],[24.7806644,44.264527],[24.7836663,44.2629184],[24.7843935,44.2619868],[24.7876089,44.2629034],[24.7873405,44.2643739],[24.7936374,44.2663727],[24.7937133,44.2663649],[24.7937743,44.2662857],[24.7939812,44.2654903],[24.7940664,44.2654593],[24.79889,44.2668447],[24.7994911,44.2660142],[24.8000977,44.2662169],[24.8036053,44.2674972],[24.8043547,44.2677203],[24.8047026,44.2678881],[24.8073784,44.2688879],[24.8061755,44.2694469],[24.8094967,44.2713756],[24.8098868,44.2716786],[24.8116938,44.272644],[24.8139364,44.2739276],[24.824639,44.2801321],[24.8225014,44.282599],[24.8223853,44.2828585],[24.8220769,44.2843946],[24.821924,44.2846154],[24.8219288,44.285878],[24.8216081,44.2874582],[24.8216202,44.2893055],[24.8213762,44.2900006],[24.8215136,44.290606],[24.8220339,44.2910709],[24.8227823,44.291733],[24.8229295,44.2929079],[24.8235487,44.2939824],[24.8240056,44.2962001],[24.8238942,44.296729],[24.8241984,44.2983427],[24.8357489,44.3019497],[24.8331249,44.3059386],[24.8310481,44.3095273],[24.8364108,44.3104963],[24.840213,44.3112769],[24.8406941,44.3114318],[24.8413172,44.311939],[24.8421813,44.3122336],[24.8437769,44.312947],[24.8441219,44.313232],[24.8442785,44.3137446],[24.8441856,44.3141761],[24.84391,44.3148748],[24.8439664,44.3150053],[24.8443174,44.3152767],[24.844564,44.316051],[24.8446637,44.3165214],[24.8450404,44.3169103],[24.8464737,44.3178855],[24.847123,44.3183233],[24.8474264,44.3190093],[24.8472336,44.3195282],[24.8458339,44.3205577],[24.8451422,44.3214333],[24.8442001,44.3216314],[24.8428072,44.3214092],[24.842009,44.3214741],[24.8410964,44.3217373],[24.8406235,44.3221107],[24.8385314,44.3222085],[24.8378736,44.3230181],[24.8274459,44.3205692],[24.8242271,44.3199089],[24.8199896,44.318935],[24.8165555,44.3182269],[24.811349,44.3169849],[24.8088853,44.3165265],[24.8040802,44.3154807],[24.8002924,44.3154501],[24.8002843,44.3155383],[24.794369,44.3156912],[24.7869341,44.3160289],[24.7838954,44.3159945],[24.7837854,44.3161372],[24.7825034,44.316118],[24.7817329,44.3168679],[24.7812109,44.316935],[24.7808785,44.3170449],[24.7799512,44.3177357],[24.7798808,44.3177648],[24.779957,44.317589],[24.7799479,44.3173551],[24.7798886,44.3170095],[24.7797725,44.3168115],[24.7792452,44.3165045],[24.7790925,44.3163483],[24.7788338,44.3162155],[24.778085,44.3156434],[24.7767691,44.3152539],[24.7762197,44.3152371],[24.7759855,44.3148168],[24.7760001,44.3139567],[24.775928,44.3134913],[24.7760208,44.3131862],[24.7759623,44.3128616],[24.7764644,44.3121885],[24.7765716,44.3118829],[24.776694,44.3118196],[24.7771094,44.3117486],[24.777416,44.3115694],[24.7775733,44.3114195],[24.7777213,44.3111482],[24.7776817,44.3104785],[24.7777513,44.3102123],[24.7782974,44.3094668],[24.7788524,44.3089196],[24.7793161,44.3085857],[24.7794663,44.3084041],[24.7795395,44.3079015],[24.7798874,44.3069724],[24.7798543,44.3065912],[24.7798976,44.3063908],[24.7797103,44.3058326],[24.7794683,44.3056099],[24.7789925,44.3053851],[24.7784816,44.3052682],[24.7778091,44.3052269],[24.7773328,44.305122],[24.7771572,44.3050401],[24.7768174,44.3048374],[24.7764644,44.3044776],[24.7760976,44.3042],[24.7751494,44.3038672],[24.774758,44.30362],[24.7744454,44.3032209],[24.7741154,44.3029164],[24.7740411,44.3027068],[24.7740822,44.3019806],[24.7738323,44.3014783],[24.7737214,44.301364],[24.7736065,44.3000116],[24.7732993,44.2994037],[24.773001,44.2991507],[24.7729043,44.2988543],[24.772944,44.2985011],[24.7731332,44.2983679],[24.7738815,44.2981044],[24.7745107,44.2977914],[24.775687,44.2974907],[24.7761567,44.2972985],[24.7762413,44.2972264],[24.7753955,44.2969672],[24.7748003,44.2967894]]]}},{"type":"Feature","properties":{"entity_id":"osm-r9744241","jurisdiction":"RO","display_name":"CRÂMPOIA","display_type":"commune","admin_level":8,"tier":"local","legal_registry":"SIRUTA","legal_id":"126406","legal_type":"commune","parent_catalog_id":"osm-r2366978","osm_relation_id":9744241,"legal_identity_status":"reconciled","geometry_source":"OpenStreetMap","geometry_precision":"master_coordinate_fidelity"},"geometry":{"type":"Polygon","coordinates":[[[24.73402,44.3281184],[24.7339164,44.3280508],[24.7323086,44.3271119],[24.7318946,44.3266932],[24.7315073,44.3264451],[24.7306377,44.3259735],[24.7268805,44.3235758],[24.721203,44.3201241],[24.7151433,44.3163112],[24.7131516,44.3151639],[24.7127913,44.314889],[24.7082629,44.312116],[24.7087218,44.3119106],[24.709048,44.3114647],[24.7095092,44.3111374],[24.708802,44.3112406],[24.7085731,44.3112987],[24.708268,44.3114514],[24.7081113,44.3113845],[24.7080838,44.3112944],[24.7084591,44.310822],[24.7087683,44.3106715],[24.7087298,44.3105677],[24.7085114,44.3105139],[24.7084226,44.3103147],[24.7080403,44.3102436],[24.7077996,44.3099768],[24.707671,44.3099232],[24.7073508,44.309942],[24.7072444,44.3101351],[24.7070919,44.3101739],[24.7061066,44.3099213],[24.705966,44.3099406],[24.7054141,44.3102138],[24.7043106,44.3099531],[24.7040454,44.3098454],[24.704174,44.3096286],[24.7041348,44.3095327],[24.6995148,44.3081196],[24.699041,44.3078512],[24.6987001,44.3075815],[24.6975934,44.3064942],[24.696365,44.305431],[24.695338,44.304821],[24.6939953,44.3041836],[24.6857411,44.2999064],[24.6838508,44.2989749],[24.6774408,44.2955661],[24.6732097,44.2934709],[24.669425,44.2914947],[24.6669598,44.290153],[24.6576466,44.285273],[24.6545064,44.283493],[24.6599836,44.2794028],[24.6651121,44.2756587],[24.6666361,44.2744488],[24.6671416,44.274137],[24.6693645,44.2725547],[24.6703403,44.2717627],[24.6728091,44.2699358],[24.6735688,44.2694493],[24.6739848,44.2691082],[24.676513,44.2673198],[24.6791132,44.2652231],[24.6843094,44.2612131],[24.6855772,44.2603206],[24.687182,44.2591001],[24.6876259,44.2588486],[24.6888713,44.2578516],[24.6903154,44.2568342],[24.6908498,44.2563738],[24.6910575,44.2562275],[24.6989156,44.2604228],[24.7053131,44.2637103],[24.7096749,44.2660602],[24.7112605,44.2668141],[24.7158199,44.2693346],[24.7189529,44.2708892],[24.7225204,44.2728583],[24.726161,44.2748057],[24.7324849,44.2780907],[24.7400311,44.2821815],[24.7395858,44.2826734],[24.739147,44.2830444],[24.7387369,44.283707],[24.7373617,44.2851888],[24.7400482,44.2863236],[24.7412228,44.2868981],[24.7422866,44.2875121],[24.742566,44.2875701],[24.7430026,44.2875588],[24.7436361,44.2879136],[24.7446071,44.288346],[24.7455578,44.2886891],[24.7459201,44.2887043],[24.746159,44.2888626],[24.74641,44.288898],[24.7469215,44.2893641],[24.7474005,44.2895388],[24.7476583,44.2897711],[24.7480325,44.2900089],[24.7486952,44.2900235],[24.7490603,44.2903074],[24.7505247,44.2911045],[24.7508086,44.2911926],[24.7507121,44.2913053],[24.7506664,44.2915777],[24.754424,44.2926873],[24.7549602,44.2916966],[24.7550166,44.2916785],[24.7597827,44.2929373],[24.7599191,44.2927584],[24.7604935,44.2929166],[24.7604866,44.2929685],[24.7611505,44.2930879],[24.7683753,44.2950885],[24.7748003,44.2967894],[24.7753955,44.2969672],[24.7762413,44.2972264],[24.7761567,44.2972985],[24.775687,44.2974907],[24.7745107,44.2977914],[24.7738815,44.2981044],[24.7731332,44.2983679],[24.772944,44.2985011],[24.7729043,44.2988543],[24.773001,44.2991507],[24.7732993,44.2994037],[24.7736065,44.3000116],[24.7737214,44.301364],[24.7738323,44.3014783],[24.7740822,44.3019806],[24.7740411,44.3027068],[24.7741154,44.3029164],[24.7744454,44.3032209],[24.774758,44.30362],[24.7751494,44.3038672],[24.7760976,44.3042],[24.7764644,44.3044776],[24.7768174,44.3048374],[24.7771572,44.3050401],[24.7773328,44.305122],[24.7778091,44.3052269],[24.7784816,44.3052682],[24.7789925,44.3053851],[24.7794683,44.3056099],[24.7797103,44.3058326],[24.7798976,44.3063908],[24.7798543,44.3065912],[24.7798874,44.3069724],[24.7795395,44.3079015],[24.7794663,44.3084041],[24.7793161,44.3085857],[24.7788524,44.3089196],[24.7782974,44.3094668],[24.7777513,44.3102123],[24.7776817,44.3104785],[24.7777213,44.3111482],[24.7775733,44.3114195],[24.777416,44.3115694],[24.7771094,44.3117486],[24.776694,44.3118196],[24.7765716,44.3118829],[24.7764644,44.3121885],[24.7759623,44.3128616],[24.7760208,44.3131862],[24.775928,44.3134913],[24.7760001,44.3139567],[24.7759855,44.3148168],[24.7762197,44.3152371],[24.7767691,44.3152539],[24.778085,44.3156434],[24.7788338,44.3162155],[24.7790925,44.3163483],[24.7792452,44.3165045],[24.7797725,44.3168115],[24.7798886,44.3170095],[24.7799479,44.3173551],[24.779957,44.317589],[24.7798808,44.3177648],[24.7798602,44.3180561],[24.779819,44.3189761],[24.7796656,44.320121],[24.7793385,44.3211661],[24.7789506,44.3218382],[24.778542,44.3224407],[24.7784094,44.3225331],[24.7782959,44.322551],[24.7781785,44.3227971],[24.7780367,44.3228126],[24.7778102,44.3230097],[24.777224,44.3231766],[24.776414,44.3232641],[24.7763388,44.3231324],[24.776386,44.3225407],[24.7762432,44.3209655],[24.7762084,44.3193674],[24.7761776,44.3191585],[24.7759982,44.3189622],[24.7762495,44.3189925],[24.7764147,44.3187748],[24.7765328,44.3184313],[24.7764306,44.3182072],[24.7761702,44.317961],[24.7759788,44.3176743],[24.7757971,44.3175574],[24.7746162,44.3175141],[24.7676187,44.3178383],[24.7658524,44.3178691],[24.7627589,44.3180017],[24.7625764,44.3180695],[24.7626213,44.318459],[24.7626845,44.3186372],[24.7629805,44.3190364],[24.7630219,44.3194639],[24.7622836,44.3195103],[24.7620771,44.3195726],[24.7620265,44.3198779],[24.7614729,44.3194855],[24.7611268,44.319348],[24.7610502,44.3193821],[24.7608017,44.319372],[24.7587526,44.3191093],[24.7587082,44.3192808],[24.758796,44.3196174],[24.7587573,44.319793],[24.7580555,44.320692],[24.7575236,44.320988],[24.7574472,44.3212218],[24.7581584,44.3231841],[24.7583667,44.3232245],[24.758651,44.3233537],[24.759351,44.3237871],[24.7593412,44.3240252],[24.7592647,44.3240693],[24.7585213,44.3241752],[24.7583148,44.324286],[24.7582995,44.3244334],[24.7584653,44.3248152],[24.7586088,44.3249124],[24.7597035,44.3250496],[24.7603125,44.3256635],[24.7608743,44.3259136],[24.7603108,44.3270831],[24.7597835,44.3270517],[24.7596155,44.3270837],[24.7596739,44.3284744],[24.7594645,44.3286324],[24.7591328,44.3310206],[24.7590526,44.3311315],[24.7469491,44.3296575],[24.7445259,44.3294149],[24.7404858,44.3288628],[24.7344385,44.3282099],[24.73402,44.3281184]]]}},{"type":"Feature","properties":{"entity_id":"osm-r9744242","jurisdiction":"RO","display_name":"ȘERBĂNEȘTI","display_type":"commune","admin_level":8,"tier":"local","legal_registry":"SIRUTA","legal_id":"129246","legal_type":"commune","parent_catalog_id":"osm-r2366978","osm_relation_id":9744242,"legal_identity_status":"reconciled","geometry_source":"OpenStreetMap","geometry_precision":"master_coordinate_fidelity"},"geometry":{"type":"Polygon","coordinates":[[[24.633781,44.3378112],[24.6338283,44.3377011],[24.6340537,44.3364261],[24.6342601,44.3347399],[24.6354223,44.3312563],[24.6353086,44.3312423],[24.6354324,44.3307146],[24.6368384,44.3256852],[24.6377748,44.3226236],[24.6381918,44.3209935],[24.6392982,44.3183954],[24.6403261,44.3157198],[24.642314,44.3110388],[24.6438141,44.3081922],[24.6440761,44.3078778],[24.6443661,44.3073911],[24.6459628,44.3037874],[24.647085,44.3014574],[24.6482982,44.2991836],[24.6491634,44.2974227],[24.650241,44.2951391],[24.6510313,44.2927761],[24.6514755,44.2916661],[24.6540345,44.2844971],[24.6545064,44.283493],[24.6576466,44.285273],[24.6669598,44.290153],[24.669425,44.2914947],[24.6732097,44.2934709],[24.6774408,44.2955661],[24.6838508,44.2989749],[24.6857411,44.2999064],[24.6939953,44.3041836],[24.695338,44.304821],[24.696365,44.305431],[24.6975934,44.3064942],[24.6987001,44.3075815],[24.699041,44.3078512],[24.6995148,44.3081196],[24.7041348,44.3095327],[24.704174,44.3096286],[24.7040454,44.3098454],[24.7043106,44.3099531],[24.7054141,44.3102138],[24.705966,44.3099406],[24.7061066,44.3099213],[24.7070919,44.3101739],[24.7072444,44.3101351],[24.7073508,44.309942],[24.707671,44.3099232],[24.7077996,44.3099768],[24.7080403,44.3102436],[24.7084226,44.3103147],[24.7085114,44.3105139],[24.7087298,44.3105677],[24.7087683,44.3106715],[24.7084591,44.310822],[24.7080838,44.3112944],[24.7081113,44.3113845],[24.708268,44.3114514],[24.7085731,44.3112987],[24.708802,44.3112406],[24.7095092,44.3111374],[24.709048,44.3114647],[24.7087218,44.3119106],[24.7082629,44.312116],[24.7127913,44.314889],[24.7131516,44.3151639],[24.7151433,44.3163112],[24.721203,44.3201241],[24.7268805,44.3235758],[24.7306377,44.3259735],[24.7315073,44.3264451],[24.7318946,44.3266932],[24.7323086,44.3271119],[24.7339164,44.3280508],[24.73402,44.3281184],[24.733922,44.3282316],[24.7311228,44.3316203],[24.7303142,44.3325083],[24.7285508,44.3346389],[24.7281519,44.3350074],[24.7272061,44.3363],[24.725857,44.3376518],[24.7228151,44.3410978],[24.721654,44.3423431],[24.7199281,44.3444417],[24.7149837,44.350156],[24.7148655,44.3500361],[24.7143628,44.3507959],[24.7131346,44.3521964],[24.7117518,44.3536368],[24.7109541,44.3546343],[24.7105336,44.3544794],[24.7088621,44.3538274],[24.7073979,44.3530936],[24.7073585,44.3531273],[24.7047153,44.3569441],[24.7037267,44.3582287],[24.7010073,44.3620968],[24.6992529,44.364741],[24.6971892,44.3675951],[24.6965992,44.3685668],[24.6948415,44.3709846],[24.6939875,44.3722823],[24.6928761,44.373743],[24.6924202,44.3744313],[24.6921011,44.3747902],[24.6916907,44.3750199],[24.6917614,44.3747735],[24.6916761,44.3744381],[24.6908029,44.3734745],[24.690311,44.3727839],[24.6899029,44.3725034],[24.6898714,44.372344],[24.6899875,44.3720412],[24.6917646,44.3707239],[24.6920586,44.370453],[24.6923099,44.3701613],[24.6923237,44.3699992],[24.6913426,44.3691021],[24.690234,44.3683093],[24.6906136,44.3680888],[24.6901259,44.3677172],[24.690138,44.3673862],[24.6905183,44.3673149],[24.6904748,44.3671391],[24.6901405,44.367059],[24.6898447,44.3669217],[24.689708,44.366749],[24.6894381,44.3663057],[24.6894202,44.3657794],[24.6892225,44.3652961],[24.6884137,44.3645438],[24.6882196,44.3642863],[24.6880185,44.3637311],[24.6881154,44.3631616],[24.6880081,44.3626333],[24.6877838,44.3622598],[24.6864786,44.3615797],[24.6858475,44.3608753],[24.6851627,44.3597776],[24.6840247,44.359136],[24.6828536,44.3587627],[24.6825974,44.3587526],[24.6823388,44.3588124],[24.6822521,44.3587798],[24.6821402,44.3586979],[24.6817554,44.3581631],[24.6816296,44.3578028],[24.6814268,44.3577485],[24.6809735,44.3580941],[24.6788338,44.3565929],[24.6760579,44.3549416],[24.6723244,44.3532851],[24.6701014,44.3521726],[24.6684929,44.3514244],[24.667813,44.351912],[24.6654719,44.353591],[24.6616893,44.3556205],[24.6605857,44.3548499],[24.659273,44.3541149],[24.6554312,44.3518018],[24.6491595,44.3479006],[24.6466674,44.3463087],[24.643752,44.344349],[24.6405702,44.3423564],[24.6372361,44.3403794],[24.6364648,44.3398789],[24.6349845,44.338686],[24.633781,44.3378112]]]}},{"type":"Feature","properties":{"entity_id":"osm-r9744243","jurisdiction":"RO","display_name":"VÂLCELE","display_type":"commune","admin_level":8,"tier":"local","legal_registry":"SIRUTA","legal_id":"129987","legal_type":"commune","parent_catalog_id":"osm-r2366978","osm_relation_id":9744243,"legal_identity_status":"reconciled","geometry_source":"OpenStreetMap","geometry_precision":"master_coordinate_fidelity"},"geometry":{"type":"Polygon","coordinates":[[[24.633781,44.3378112],[24.6337523,44.3377794],[24.6334704,44.3375453],[24.6331387,44.3374475],[24.6329164,44.3374549],[24.6325004,44.3375582],[24.6316522,44.3375618],[24.6310107,44.3376521],[24.630546,44.3376213],[24.6301452,44.3374358],[24.6297748,44.3373823],[24.6294407,44.3375],[24.6288259,44.3379414],[24.6282039,44.3381892],[24.6276975,44.3382046],[24.6261342,44.3383774],[24.6261339,44.3384264],[24.6256635,44.3385336],[24.6247191,44.338661],[24.6238136,44.3388518],[24.6235048,44.3388381],[24.6230435,44.3387395],[24.6226945,44.3385695],[24.6221628,44.3382019],[24.621686,44.3380529],[24.620418,44.3379657],[24.6194025,44.3380447],[24.6181255,44.3377145],[24.6171601,44.337704],[24.6163222,44.337565],[24.6157517,44.3375398],[24.6153246,44.3376122],[24.6150484,44.3378162],[24.6148892,44.3378631],[24.6146776,44.3378336],[24.6134753,44.3378912],[24.6129862,44.3378136],[24.6127738,44.3376473],[24.6123966,44.337648],[24.6119556,44.3374756],[24.6115397,44.3374075],[24.6108118,44.3373446],[24.6088554,44.3374207],[24.6076317,44.3372582],[24.6066968,44.337169],[24.6062842,44.3371752],[24.6062967,44.3368076],[24.6063078,44.3311389],[24.6061716,44.3278443],[24.6062321,44.3268524],[24.6057121,44.3221067],[24.6053468,44.3173715],[24.6051663,44.3173216],[24.6046364,44.317254],[24.6041877,44.3172472],[24.5971447,44.317258],[24.5958572,44.3172017],[24.5827576,44.3173417],[24.5783492,44.3173569],[24.5746746,44.3173171],[24.569034,44.3173461],[24.5641498,44.3173066],[24.5619846,44.317337],[24.5577925,44.3172633],[24.5577206,44.3172156],[24.5560052,44.3171644],[24.5543634,44.3171949],[24.5530078,44.3168323],[24.5517884,44.3168325],[24.5515049,44.3167048],[24.5513571,44.3166149],[24.5512578,44.3164762],[24.55071,44.3150688],[24.5503435,44.3144907],[24.5501684,44.3143326],[24.5497072,44.3141009],[24.5489687,44.3140958],[24.5472528,44.3152107],[24.5471004,44.3151495],[24.5469838,44.3151687],[24.5467838,44.3150712],[24.5466992,44.3150922],[24.5465421,44.3150424],[24.5464363,44.3150726],[24.5464033,44.3151949],[24.5468345,44.3164941],[24.5463936,44.316828],[24.5460195,44.3175113],[24.5458819,44.3176412],[24.5457776,44.3176666],[24.5449449,44.3176417],[24.5446801,44.3177068],[24.5446749,44.3182215],[24.5446098,44.3182233],[24.5446145,44.3183471],[24.5427379,44.3193921],[24.5425761,44.3194487],[24.5420215,44.3194668],[24.5365578,44.3194219],[24.5365455,44.3190924],[24.5365117,44.3172291],[24.5353322,44.3173307],[24.5329886,44.3178104],[24.5328027,44.3177912],[24.5327436,44.3177274],[24.5328715,44.3170399],[24.5328582,44.3169463],[24.5327563,44.3169114],[24.5272245,44.316895],[24.5265308,44.3169105],[24.5261565,44.3169714],[24.5258717,44.3173081],[24.5253359,44.3174554],[24.5253497,44.3166146],[24.5252,44.3148518],[24.5280726,44.3145616],[24.5310968,44.3141114],[24.5315693,44.3140914],[24.5316871,44.31404],[24.5313932,44.310124],[24.5311413,44.305331],[24.5297713,44.3053377],[24.5296187,44.3050831],[24.5294729,44.3049631],[24.5290092,44.3048706],[24.5284935,44.3049149],[24.5281898,44.304592],[24.5282629,44.3045087],[24.5290426,44.3044594],[24.529619,44.3043386],[24.5301223,44.3041704],[24.5299256,44.3027484],[24.5253882,44.3033532],[24.5217422,44.3039051],[24.5168446,44.3043013],[24.516189,44.304391],[24.5168921,44.3058207],[24.5174527,44.3071421],[24.5174033,44.3071296],[24.5160948,44.3067527],[24.5147172,44.3059818],[24.51338,44.3048688],[24.5127526,44.3044249],[24.512996,44.3042221],[24.5129879,44.3041674],[24.5114694,44.3037908],[24.5101655,44.303979],[24.5097132,44.3039885],[24.5100055,44.30297],[24.5100945,44.3020606],[24.5098736,44.2992952],[24.5096823,44.2985532],[24.5090056,44.2972802],[24.5087208,44.297283],[24.5082282,44.2972028],[24.4887268,44.2933202],[24.4887836,44.2932783],[24.4928659,44.2902135],[24.4931798,44.2901508],[24.4933935,44.2901756],[24.4943946,44.2905325],[24.4945664,44.2905356],[24.4946666,44.2904776],[24.4947212,44.2902835],[24.4946729,44.2900791],[24.4942813,44.2892666],[24.4943154,44.2890921],[24.4944386,44.2889408],[24.4954708,44.2880946],[24.5049127,44.2808515],[24.5049989,44.28091],[24.5190258,44.2700863],[24.5198528,44.270318],[24.5232093,44.2710232],[24.5279422,44.2718726],[24.5349124,44.2720517],[24.5362869,44.2720176],[24.5375465,44.2721259],[24.5376986,44.2718007],[24.5377484,44.2712906],[24.5378347,44.2710134],[24.53839,44.2704382],[24.5384044,44.2701406],[24.5394151,44.2703964],[24.5395257,44.2702859],[24.5394159,44.2698922],[24.5394275,44.2696188],[24.5396692,44.2691522],[24.5399627,44.268747],[24.5403455,44.2684274],[24.5408119,44.2683012],[24.5425217,44.2679997],[24.5435147,44.2678996],[24.544045,44.2679312],[24.5456655,44.2677223],[24.54655,44.2676885],[24.5474146,44.2675773],[24.5480506,44.2673368],[24.5483199,44.267174],[24.5486895,44.2668399],[24.5496635,44.2701476],[24.5497841,44.2704982],[24.5499803,44.2707475],[24.5562199,44.2706199],[24.5561898,44.2713802],[24.5571194,44.2716389],[24.5580706,44.2719744],[24.5601038,44.2719638],[24.560718,44.2719106],[24.5653213,44.2718284],[24.5675217,44.2718508],[24.5736512,44.2732126],[24.5762244,44.2738776],[24.5782003,44.2743121],[24.5907015,44.2774982],[24.5968547,44.2789583],[24.6095188,44.2821156],[24.6118399,44.2827692],[24.6175588,44.284168],[24.6192648,44.2846185],[24.6233345,44.2857972],[24.6251157,44.2864435],[24.6259592,44.2868381],[24.6277043,44.2875184],[24.6335979,44.2894817],[24.6422382,44.2925017],[24.6438662,44.2930201],[24.6469248,44.2941748],[24.6481004,44.2945648],[24.6498027,44.2950414],[24.650241,44.2951391],[24.6491634,44.2974227],[24.6482982,44.2991836],[24.647085,44.3014574],[24.6459628,44.3037874],[24.6443661,44.3073911],[24.6440761,44.3078778],[24.6438141,44.3081922],[24.642314,44.3110388],[24.6403261,44.3157198],[24.6392982,44.3183954],[24.6381918,44.3209935],[24.6377748,44.3226236],[24.6368384,44.3256852],[24.6354324,44.3307146],[24.6353086,44.3312423],[24.6354223,44.3312563],[24.6342601,44.3347399],[24.6340537,44.3364261],[24.6338283,44.3377011],[24.633781,44.3378112]]]}},{"type":"Feature","properties":{"entity_id":"osm-r9744244","jurisdiction":"RO","display_name":"IZVOARELE","display_type":"commune","admin_level":8,"tier":"local","legal_registry":"SIRUTA","legal_id":"127386","legal_type":"commune","parent_catalog_id":"osm-r2366978","osm_relation_id":9744244,"legal_identity_status":"reconciled","geometry_source":"OpenStreetMap","geometry_precision":"master_coordinate_fidelity"},"geometry":{"type":"Polygon","coordinates":[[[24.6118399,44.2827692],[24.6095188,44.2821156],[24.5968547,44.2789583],[24.5907015,44.2774982],[24.5782003,44.2743121],[24.5762244,44.2738776],[24.5736512,44.2732126],[24.5675217,44.2718508],[24.5653213,44.2718284],[24.560718,44.2719106],[24.5601038,44.2719638],[24.5580706,44.2719744],[24.5571194,44.2716389],[24.5561898,44.2713802],[24.5562199,44.2706199],[24.5499803,44.2707475],[24.5497841,44.2704982],[24.5496635,44.2701476],[24.5486895,44.2668399],[24.5483199,44.267174],[24.5480506,44.2673368],[24.5474146,44.2675773],[24.54655,44.2676885],[24.5456655,44.2677223],[24.544045,44.2679312],[24.5435147,44.2678996],[24.5425217,44.2679997],[24.5408119,44.2683012],[24.5403455,44.2684274],[24.5399627,44.268747],[24.5396692,44.2691522],[24.5394275,44.2696188],[24.5394159,44.2698922],[24.5395257,44.2702859],[24.5394151,44.2703964],[24.5384044,44.2701406],[24.53839,44.2704382],[24.5378347,44.2710134],[24.5377484,44.2712906],[24.5376986,44.2718007],[24.5375465,44.2721259],[24.5362869,44.2720176],[24.5349124,44.2720517],[24.5279422,44.2718726],[24.5232093,44.2710232],[24.5198528,44.270318],[24.5190258,44.2700863],[24.5049989,44.28091],[24.5049127,44.2808515],[24.5020731,44.278544],[24.501796,44.27794],[24.5012213,44.276972],[24.5007289,44.2758402],[24.5001532,44.274966],[24.4990262,44.2737789],[24.4978586,44.2729333],[24.4972762,44.2721062],[24.4965789,44.2713435],[24.4962257,44.2708168],[24.4957077,44.2702723],[24.4953665,44.2695891],[24.4953018,44.2695822],[24.494754,44.2678012],[24.494696,44.2668001],[24.4942828,44.2661228],[24.4941269,44.2657036],[24.4942313,44.2656732],[24.4940199,44.2650144],[24.4936614,44.264279],[24.4936081,44.2633371],[24.4936408,44.2604878],[24.493499,44.2590504],[24.4933294,44.258599],[24.4933349,44.2581986],[24.4934313,44.2581881],[24.4932928,44.2580727],[24.4930066,44.2571568],[24.4928125,44.2561364],[24.4927285,44.2547019],[24.4935282,44.2518886],[24.4938036,44.2507428],[24.4938621,44.2502311],[24.4918387,44.2499944],[24.4906486,44.2497886],[24.4906499,44.2496383],[24.4908436,44.2494195],[24.4909172,44.2490283],[24.4909925,44.2488996],[24.4913228,44.2484727],[24.491568,44.2483035],[24.4915549,44.2480675],[24.4918203,44.2479022],[24.4921297,44.2479023],[24.49226,44.2477678],[24.4922643,44.2473769],[24.492213,44.2472831],[24.4918987,44.2470625],[24.4916374,44.2467217],[24.4913449,44.2465599],[24.4909855,44.245954],[24.4911109,44.2457751],[24.4924549,44.2447551],[24.4926022,44.2446092],[24.492568,44.244526],[24.4922733,44.2443539],[24.491491,44.2434784],[24.4909735,44.2431639],[24.4896644,44.2427839],[24.4892451,44.2426906],[24.4888867,44.2426745],[24.4886597,44.2426869],[24.4883819,44.2429663],[24.4881798,44.2430938],[24.4877151,44.2430435],[24.4873725,44.2422345],[24.4871681,44.2419487],[24.4869273,44.2418219],[24.4865182,44.2418067],[24.4863809,44.2417633],[24.4850228,44.2406781],[24.4848447,44.2406211],[24.4847404,44.2406394],[24.4844447,44.2408305],[24.4841356,44.2408665],[24.484002,44.2408312],[24.4839394,44.240756],[24.4839597,44.2405663],[24.4839011,44.2404537],[24.4837603,44.2403942],[24.4835265,44.2403263],[24.4826425,44.2403104],[24.4824422,44.240248],[24.4826342,44.2395697],[24.4827463,44.2395167],[24.4829958,44.2394912],[24.4830259,44.2394512],[24.4829535,44.2392316],[24.4827353,44.2390782],[24.4826239,44.2386365],[24.4826467,44.2381726],[24.4823356,44.237599],[24.4823775,44.2374869],[24.4826477,44.2372235],[24.4826944,44.2369938],[24.4825362,44.2367925],[24.4823396,44.2367274],[24.482187,44.2367294],[24.4820776,44.2369027],[24.4815657,44.2371437],[24.4813129,44.2371265],[24.4811285,44.2369411],[24.4814815,44.2365684],[24.4817903,44.2357383],[24.4816292,44.2354487],[24.4812916,44.2350653],[24.4809942,44.2350345],[24.4806106,44.2350808],[24.4801276,44.2350037],[24.4797092,44.2347852],[24.4788304,44.2344603],[24.478832,44.2342758],[24.4790678,44.2341218],[24.4794374,44.2339791],[24.4795614,44.2338407],[24.4795209,44.233787],[24.4794169,44.2337705],[24.4787947,44.2338665],[24.4785907,44.2338068],[24.4785777,44.2335874],[24.4786747,44.233468],[24.4789873,44.2334561],[24.4792222,44.2333983],[24.4796478,44.2332292],[24.4801266,44.2329426],[24.4803107,44.2327429],[24.4802831,44.2324968],[24.4801021,44.2323569],[24.4793922,44.2322788],[24.4789737,44.2320683],[24.4787084,44.2316749],[24.4781245,44.2312417],[24.4779268,44.2308825],[24.4777237,44.2307238],[24.4776606,44.2307074],[24.4775932,44.2307499],[24.4775215,44.2308672],[24.4773307,44.230984],[24.476877,44.2309632],[24.4767552,44.2308583],[24.4767345,44.2306342],[24.4767912,44.2305329],[24.4771466,44.2303126],[24.4775679,44.2302023],[24.4779313,44.2299179],[24.4779476,44.229343],[24.4777697,44.2292673],[24.4775429,44.2292583],[24.4773073,44.2293962],[24.4772031,44.2293984],[24.4769519,44.2292074],[24.4768461,44.2289689],[24.4765867,44.2288661],[24.476519,44.2285653],[24.4763221,44.2283822],[24.4763633,44.2283274],[24.4768039,44.2282607],[24.4771951,44.2281044],[24.4773482,44.2275697],[24.4771547,44.2272873],[24.478853,44.2273586],[24.4788912,44.2280054],[24.480208,44.2282526],[24.4802836,44.2283539],[24.4802984,44.2286304],[24.4824951,44.2283168],[24.4825536,44.2282615],[24.4825287,44.2277959],[24.484493,44.227527],[24.4846434,44.2272826],[24.4859012,44.2271181],[24.4876929,44.2269912],[24.4880685,44.2285147],[24.4886409,44.2303433],[24.4886452,44.2306593],[24.4889363,44.2308831],[24.4890171,44.2310477],[24.4892767,44.2319296],[24.4894352,44.2328161],[24.4896186,44.2332945],[24.4900619,44.2349172],[24.4869673,44.2353903],[24.4886476,44.2376584],[24.4887876,44.2379621],[24.5016048,44.2359318],[24.5053338,44.2353956],[24.5056416,44.2354228],[24.5060374,44.2352779],[24.5075774,44.2349872],[24.5164127,44.2337158],[24.5156212,44.2296693],[24.5142973,44.2238816],[24.5188334,44.2247381],[24.5193243,44.2247293],[24.5205161,44.2248872],[24.5217191,44.2251449],[24.5219291,44.22514],[24.5231797,44.225517],[24.5242329,44.2256503],[24.5258937,44.2252265],[24.5268314,44.2249238],[24.5272142,44.2247042],[24.5278466,44.2240996],[24.5287581,44.2238145],[24.5297617,44.2235829],[24.530483,44.2235218],[24.5318364,44.2232929],[24.5329252,44.2232185],[24.534051,44.2230375],[24.5352915,44.2227676],[24.536108,44.222653],[24.5371931,44.2226732],[24.5378075,44.2227785],[24.5385351,44.2230218],[24.5391782,44.2230252],[24.5409905,44.2227857],[24.5444683,44.2221181],[24.5449344,44.222074],[24.5463572,44.2221817],[24.5486955,44.2225126],[24.5517143,44.2232589],[24.5534921,44.2237722],[24.5539656,44.2237913],[24.5548231,44.2239261],[24.5598102,44.2249703],[24.5621798,44.225384],[24.5643847,44.2258672],[24.5689341,44.2267337],[24.5710056,44.2272367],[24.5736233,44.2277469],[24.5743105,44.2280467],[24.5758864,44.228173],[24.5805541,44.229158],[24.581793,44.2293553],[24.5839059,44.2298326],[24.5832067,44.2303964],[24.5834333,44.23042],[24.5837658,44.2305748],[24.585063,44.2305257],[24.5857012,44.2305687],[24.5863862,44.2306898],[24.5868253,44.2306186],[24.5871041,44.2306183],[24.5873805,44.2306945],[24.5891734,44.2317573],[24.5900779,44.2323791],[24.5912877,44.2330684],[24.5922775,44.2335176],[24.5954074,44.2351737],[24.5962889,44.2357275],[24.5996702,44.2376041],[24.6001905,44.2379528],[24.6016161,44.2387148],[24.6030171,44.2396282],[24.6089183,44.2428839],[24.6102199,44.24369],[24.6105738,44.2435249],[24.6107061,44.2436062],[24.6105989,44.2438163],[24.6104065,44.2440162],[24.6101008,44.2447198],[24.6091719,44.2457068],[24.6109919,44.2465412],[24.6072958,44.2502878],[24.6026743,44.2548292],[24.6026172,44.2549016],[24.6026474,44.2563842],[24.6022227,44.256964],[24.6061586,44.2580785],[24.6089083,44.2589951],[24.6212583,44.2633622],[24.6164834,44.2728679],[24.6118399,44.2827692]]]}},{"type":"Feature","properties":{"entity_id":"osm-r9744245","jurisdiction":"RO","display_name":"MĂRUNȚEI","display_type":"commune","admin_level":8,"tier":"local","legal_registry":"SIRUTA","legal_id":"127493","legal_type":"commune","parent_catalog_id":"osm-r2366978","osm_relation_id":9744245,"legal_identity_status":"reconciled","geometry_source":"OpenStreetMap","geometry_precision":"master_coordinate_fidelity"},"geometry":{"type":"Polygon","coordinates":[[[24.4404672,44.1960415],[24.4407385,44.1962675],[24.4409097,44.196363],[24.4411673,44.1964226],[24.4449888,44.1968933],[24.4471056,44.1968242],[24.4475757,44.1968951],[24.4479745,44.1970021],[24.4481635,44.1971076],[24.4479648,44.1965705],[24.4474745,44.1959161],[24.4469798,44.1948225],[24.4465123,44.1941359],[24.4446871,44.1925815],[24.4437543,44.1916197],[24.4430887,44.1903697],[24.4431427,44.1900168],[24.4451046,44.1885757],[24.4457505,44.1882466],[24.4463404,44.1881013],[24.4475861,44.1876814],[24.4471248,44.185493],[24.4472139,44.1849993],[24.4474901,44.184409],[24.4481057,44.1840704],[24.4485152,44.1837218],[24.4493185,44.1833527],[24.4496387,44.1833324],[24.4498847,44.1833652],[24.4504498,44.183538],[24.4565906,44.1843911],[24.4570252,44.1848875],[24.4573841,44.1851543],[24.4577998,44.185406],[24.4590411,44.1858752],[24.4597075,44.186597],[24.460165,44.1869228],[24.4602849,44.1870447],[24.4603017,44.1871493],[24.4665582,44.1903744],[24.4704677,44.1923893],[24.4728154,44.1935991],[24.4745903,44.1948959],[24.4770836,44.1965893],[24.4792347,44.198164],[24.4817501,44.1998889],[24.4828224,44.2005945],[24.4829558,44.200651],[24.4829954,44.200601],[24.4850153,44.2018509],[24.4867191,44.2033309],[24.4874748,44.2038636],[24.4876141,44.2039271],[24.4876982,44.2039124],[24.4888573,44.2035572],[24.4902189,44.2034684],[24.4907392,44.2033888],[24.4915196,44.2043138],[24.4924707,44.2055878],[24.4925728,44.20591],[24.4925632,44.2061512],[24.4925079,44.206302],[24.49228,44.2063158],[24.4922573,44.2063972],[24.4929937,44.207335],[24.4931842,44.2076504],[24.4938756,44.2080075],[24.4941502,44.2084482],[24.4944065,44.2086844],[24.4956829,44.2093876],[24.4958921,44.2095787],[24.495816,44.2098304],[24.4959078,44.2100498],[24.4969006,44.2106769],[24.4975025,44.2111177],[24.4987041,44.2118419],[24.4988903,44.2119161],[24.4995167,44.2120334],[24.5007855,44.212096],[24.5019314,44.2117913],[24.5022146,44.2116221],[24.5022909,44.2112544],[24.5022267,44.2110666],[24.5023689,44.2108526],[24.502866,44.2105531],[24.5038209,44.2100847],[24.5045406,44.2106096],[24.5052012,44.211392],[24.5053037,44.2118838],[24.5061008,44.2138037],[24.5064286,44.2142556],[24.5068046,44.2144636],[24.5080138,44.2147261],[24.5098086,44.214908],[24.5115403,44.2152655],[24.5117143,44.2152403],[24.5131841,44.2154243],[24.5137321,44.2154382],[24.5139844,44.2155404],[24.5152565,44.2154081],[24.5162736,44.2153947],[24.5174516,44.2157888],[24.5179471,44.2157909],[24.5207059,44.21619],[24.521351,44.2163209],[24.5239312,44.2170262],[24.5256182,44.2175386],[24.5266216,44.2177474],[24.5281809,44.2180081],[24.5309826,44.2183808],[24.5323975,44.218699],[24.533264,44.2188234],[24.5336547,44.2188438],[24.5344549,44.218781],[24.5351549,44.2187849],[24.5362174,44.2186185],[24.536439,44.2186663],[24.536801,44.2188893],[24.5369254,44.2188653],[24.537492,44.2185757],[24.5382198,44.2187337],[24.5392732,44.2188045],[24.5406974,44.218719],[24.5467737,44.2185093],[24.5480865,44.2184131],[24.5499378,44.2184205],[24.5502452,44.2183671],[24.5518781,44.2184996],[24.5534266,44.2185307],[24.566279,44.2203704],[24.573589,44.2215314],[24.575727,44.2219314],[24.5761611,44.2220634],[24.5765209,44.2223777],[24.5766683,44.2224344],[24.5770779,44.2225041],[24.577666,44.2223644],[24.5782848,44.2224821],[24.5874853,44.2249047],[24.5893363,44.2253232],[24.5850961,44.2288108],[24.5839059,44.2298326],[24.581793,44.2293553],[24.5805541,44.229158],[24.5758864,44.228173],[24.5743105,44.2280467],[24.5736233,44.2277469],[24.5710056,44.2272367],[24.5689341,44.2267337],[24.5643847,44.2258672],[24.5621798,44.225384],[24.5598102,44.2249703],[24.5548231,44.2239261],[24.5539656,44.2237913],[24.5534921,44.2237722],[24.5517143,44.2232589],[24.5486955,44.2225126],[24.5463572,44.2221817],[24.5449344,44.222074],[24.5444683,44.2221181],[24.5409905,44.2227857],[24.5391782,44.2230252],[24.5385351,44.2230218],[24.5378075,44.2227785],[24.5371931,44.2226732],[24.536108,44.222653],[24.5352915,44.2227676],[24.534051,44.2230375],[24.5329252,44.2232185],[24.5318364,44.2232929],[24.530483,44.2235218],[24.5297617,44.2235829],[24.5287581,44.2238145],[24.5278466,44.2240996],[24.5272142,44.2247042],[24.5268314,44.2249238],[24.5258937,44.2252265],[24.5242329,44.2256503],[24.5231797,44.225517],[24.5219291,44.22514],[24.5217191,44.2251449],[24.5205161,44.2248872],[24.5193243,44.2247293],[24.5188334,44.2247381],[24.5142973,44.2238816],[24.5156212,44.2296693],[24.5164127,44.2337158],[24.5075774,44.2349872],[24.5060374,44.2352779],[24.5056416,44.2354228],[24.5053338,44.2353956],[24.5016048,44.2359318],[24.4887876,44.2379621],[24.4886476,44.2376584],[24.4869673,44.2353903],[24.4900619,44.2349172],[24.4896186,44.2332945],[24.4894352,44.2328161],[24.4892767,44.2319296],[24.4890171,44.2310477],[24.4889363,44.2308831],[24.4886452,44.2306593],[24.4886409,44.2303433],[24.4880685,44.2285147],[24.4876929,44.2269912],[24.4859012,44.2271181],[24.4846434,44.2272826],[24.484493,44.227527],[24.4825287,44.2277959],[24.4825536,44.2282615],[24.4824951,44.2283168],[24.4802984,44.2286304],[24.4802836,44.2283539],[24.480208,44.2282526],[24.4788912,44.2280054],[24.478853,44.2273586],[24.4771547,44.2272873],[24.4773482,44.2275697],[24.4771951,44.2281044],[24.4768039,44.2282607],[24.4763633,44.2283274],[24.4763221,44.2283822],[24.476519,44.2285653],[24.4765867,44.2288661],[24.4768461,44.2289689],[24.4769519,44.2292074],[24.4772031,44.2293984],[24.4773073,44.2293962],[24.4775429,44.2292583],[24.4777697,44.2292673],[24.4779476,44.229343],[24.4779313,44.2299179],[24.4775679,44.2302023],[24.4771466,44.2303126],[24.4767912,44.2305329],[24.4767345,44.2306342],[24.4767552,44.2308583],[24.476877,44.2309632],[24.4773307,44.230984],[24.4775215,44.2308672],[24.4775932,44.2307499],[24.4776606,44.2307074],[24.4777237,44.2307238],[24.4779268,44.2308825],[24.4781245,44.2312417],[24.4787084,44.2316749],[24.4789737,44.2320683],[24.4793922,44.2322788],[24.4801021,44.2323569],[24.4802831,44.2324968],[24.4803107,44.2327429],[24.4801266,44.2329426],[24.4796478,44.2332292],[24.4792222,44.2333983],[24.4789873,44.2334561],[24.4786747,44.233468],[24.4785777,44.2335874],[24.4785907,44.2338068],[24.4787947,44.2338665],[24.4794169,44.2337705],[24.4795209,44.233787],[24.4795614,44.2338407],[24.4794374,44.2339791],[24.4790678,44.2341218],[24.478832,44.2342758],[24.4788304,44.2344603],[24.4797092,44.2347852],[24.4801276,44.2350037],[24.4806106,44.2350808],[24.4809942,44.2350345],[24.4812916,44.2350653],[24.4816292,44.2354487],[24.4817903,44.2357383],[24.4814815,44.2365684],[24.4811285,44.2369411],[24.4813129,44.2371265],[24.4815657,44.2371437],[24.4820776,44.2369027],[24.482187,44.2367294],[24.4823396,44.2367274],[24.4825362,44.2367925],[24.4826944,44.2369938],[24.4826477,44.2372235],[24.4823775,44.2374869],[24.4823356,44.237599],[24.4826467,44.2381726],[24.4826239,44.2386365],[24.4827353,44.2390782],[24.4829535,44.2392316],[24.4830259,44.2394512],[24.4829958,44.2394912],[24.4827463,44.2395167],[24.4826342,44.2395697],[24.4824422,44.240248],[24.4826425,44.2403104],[24.4835265,44.2403263],[24.4837603,44.2403942],[24.4839011,44.2404537],[24.4839597,44.2405663],[24.4839394,44.240756],[24.484002,44.2408312],[24.4841356,44.2408665],[24.4844447,44.2408305],[24.4847404,44.2406394],[24.4848447,44.2406211],[24.4850228,44.2406781],[24.4863809,44.2417633],[24.4865182,44.2418067],[24.4869273,44.2418219],[24.4871681,44.2419487],[24.4873725,44.2422345],[24.4877151,44.2430435],[24.4881798,44.2430938],[24.4883819,44.2429663],[24.4886597,44.2426869],[24.4888867,44.2426745],[24.4892451,44.2426906],[24.4896644,44.2427839],[24.4909735,44.2431639],[24.491491,44.2434784],[24.4922733,44.2443539],[24.492568,44.244526],[24.4926022,44.2446092],[24.4924549,44.2447551],[24.4911109,44.2457751],[24.4909855,44.245954],[24.4913449,44.2465599],[24.4916374,44.2467217],[24.4918987,44.2470625],[24.492213,44.2472831],[24.4922643,44.2473769],[24.49226,44.2477678],[24.4921297,44.2479023],[24.4918203,44.2479022],[24.4915549,44.2480675],[24.491568,44.2483035],[24.4913228,44.2484727],[24.4909925,44.2488996],[24.4909172,44.2490283],[24.4908436,44.2494195],[24.4906499,44.2496383],[24.4906486,44.2497886],[24.4918387,44.2499944],[24.4938621,44.2502311],[24.4938036,44.2507428],[24.4935282,44.2518886],[24.4927285,44.2547019],[24.4928125,44.2561364],[24.4930066,44.2571568],[24.4932928,44.2580727],[24.4934313,44.2581881],[24.4933349,44.2581986],[24.4933294,44.258599],[24.493499,44.2590504],[24.4936408,44.2604878],[24.4936081,44.2633371],[24.4936614,44.264279],[24.4940199,44.2650144],[24.4942313,44.2656732],[24.4941269,44.2657036],[24.4942828,44.2661228],[24.494696,44.2668001],[24.494754,44.2678012],[24.4953018,44.2695822],[24.4953665,44.2695891],[24.4957077,44.2702723],[24.4962257,44.2708168],[24.4965789,44.2713435],[24.4972762,44.2721062],[24.4978586,44.2729333],[24.4990262,44.2737789],[24.5001532,44.274966],[24.5007289,44.2758402],[24.5012213,44.276972],[24.501796,44.27794],[24.5020731,44.278544],[24.5049127,44.2808515],[24.4954708,44.2880946],[24.4944386,44.2889408],[24.4943154,44.2890921],[24.4942813,44.2892666],[24.4946729,44.2900791],[24.4947212,44.2902835],[24.4946666,44.2904776],[24.4945664,44.2905356],[24.4943946,44.2905325],[24.4933935,44.2901756],[24.4931798,44.2901508],[24.4928659,44.2902135],[24.4887836,44.2932783],[24.4887268,44.2933202],[24.4884516,44.2935227],[24.4882398,44.2934269],[24.4884708,44.2930599],[24.4885649,44.2926087],[24.4884762,44.2920977],[24.4883514,44.291768],[24.4874029,44.2911586],[24.4870323,44.2909905],[24.4865243,44.2908791],[24.4861239,44.2906748],[24.4855594,44.2901703],[24.4852673,44.2899821],[24.4852608,44.2898779],[24.4864235,44.2889574],[24.4873191,44.2893091],[24.4872566,44.289223],[24.4865136,44.2888883],[24.4867228,44.2886607],[24.485566,44.2885527],[24.483651,44.2884998],[24.4826864,44.2885368],[24.4826001,44.2884945],[24.4822406,44.2884634],[24.4823363,44.2882989],[24.482896,44.2880486],[24.4828747,44.2879011],[24.4825866,44.2878957],[24.4824674,44.287741],[24.4825113,44.2876722],[24.4827796,44.2875467],[24.4827353,44.2874451],[24.4825194,44.287371],[24.4824718,44.287214],[24.4826559,44.2868448],[24.4828888,44.2867066],[24.4828027,44.2866372],[24.4824681,44.2865681],[24.482304,44.2862626],[24.48209,44.2860222],[24.4815466,44.2865977],[24.4784194,44.2864462],[24.4783921,44.2856115],[24.478614,44.2851415],[24.4792658,44.2846613],[24.4797108,44.2846267],[24.480238,44.2846663],[24.4806722,44.2830156],[24.480542,44.2828619],[24.4798665,44.2824443],[24.4795377,44.2823543],[24.4768082,44.2819197],[24.4609234,44.2795785],[24.4599489,44.2815593],[24.4594014,44.2814311],[24.4593042,44.2813057],[24.4591982,44.2812756],[24.4590203,44.2812994],[24.4589511,44.2814043],[24.4588913,44.2813998],[24.4542637,44.280463],[24.4534107,44.2802447],[24.4527588,44.2802684],[24.4519937,44.2801352],[24.4477883,44.2792506],[24.441687,44.2780358],[24.4343639,44.276709],[24.4318324,44.2761378],[24.4312145,44.2758474],[24.4304267,44.275731],[24.4300973,44.2756174],[24.4297816,44.2753874],[24.4291446,44.2746225],[24.4302959,44.2712651],[24.4243091,44.2696325],[24.4237033,44.2706195],[24.4143111,44.2682498],[24.4137794,44.2682068],[24.4110001,44.2675192],[24.4108064,44.2678504],[24.4106446,44.2679251],[24.4090793,44.2674228],[24.4086623,44.2673128],[24.408408,44.2673402],[24.4081022,44.267283],[24.4073646,44.2670289],[24.4072674,44.2669479],[24.4072469,44.2667968],[24.4069259,44.2662136],[24.4070555,44.2661721],[24.4074843,44.265844],[24.4078497,44.2653316],[24.4092106,44.264074],[24.4094784,44.2635525],[24.4098054,44.2630693],[24.4029544,44.2590462],[24.4066177,44.2572308],[24.4138051,44.2536684],[24.419046,44.2493432],[24.4238865,44.2441788],[24.4287681,44.2380191],[24.4314069,44.2324577],[24.4318351,44.22982],[24.4324278,44.2216566],[24.4366194,44.2155234],[24.4334216,44.2141123],[24.4323384,44.2134658],[24.4317908,44.2133086],[24.4308799,44.2131268],[24.4305729,44.2129487],[24.4305711,44.2127782],[24.4308871,44.2124462],[24.4311666,44.2122361],[24.4317039,44.2119865],[24.4320342,44.2116766],[24.4324895,44.2115066],[24.4326791,44.2112975],[24.4326852,44.2109506],[24.4323528,44.210636],[24.431942,44.2101316],[24.4315964,44.209571],[24.4315287,44.2091005],[24.4315904,44.2090989],[24.4315723,44.2081623],[24.4317583,44.2082678],[24.4319206,44.2079701],[24.4320525,44.2073997],[24.4322743,44.2068996],[24.4322438,44.206764],[24.4323488,44.2065017],[24.4326349,44.2061532],[24.4331129,44.2057162],[24.4334568,44.2055524],[24.4339849,44.2053998],[24.4342868,44.205368],[24.4349413,44.2054158],[24.4353846,44.2053721],[24.4356369,44.2052719],[24.4358813,44.2045212],[24.4360519,44.2042597],[24.4364949,44.2032214],[24.4374569,44.2019643],[24.4378702,44.2015976],[24.4382565,44.2013969],[24.4387776,44.201223],[24.4397482,44.2010167],[24.4404223,44.2010084],[24.4406485,44.2009623],[24.4416208,44.2002457],[24.4418241,44.2001484],[24.4407033,44.1989982],[24.4398297,44.198332],[24.4385404,44.1974932],[24.4386462,44.1973321],[24.4402019,44.1958204],[24.4404672,44.1960415]]]}},{"type":"Feature","properties":{"entity_id":"osm-r9744246","jurisdiction":"RO","display_name":"FĂLCOIU","display_type":"commune","admin_level":8,"tier":"local","legal_registry":"SIRUTA","legal_id":"126978","legal_type":"commune","parent_catalog_id":"osm-r2366978","osm_relation_id":9744246,"legal_identity_status":"reconciled","geometry_source":"OpenStreetMap","geometry_precision":"master_coordinate_fidelity"},"geometry":{"type":"Polygon","coordinates":[[[24.4404672,44.1960415],[24.4402019,44.1958204],[24.4386462,44.1973321],[24.4385404,44.1974932],[24.4398297,44.198332],[24.4407033,44.1989982],[24.4418241,44.2001484],[24.4416208,44.2002457],[24.4406485,44.2009623],[24.4404223,44.2010084],[24.4397482,44.2010167],[24.4387776,44.201223],[24.4382565,44.2013969],[24.4378702,44.2015976],[24.4374569,44.2019643],[24.4364949,44.2032214],[24.4360519,44.2042597],[24.4358813,44.2045212],[24.4356369,44.2052719],[24.4353846,44.2053721],[24.4349413,44.2054158],[24.4342868,44.205368],[24.4339849,44.2053998],[24.4334568,44.2055524],[24.4331129,44.2057162],[24.4326349,44.2061532],[24.4323488,44.2065017],[24.4322438,44.206764],[24.4322743,44.2068996],[24.4320525,44.2073997],[24.4319206,44.2079701],[24.4317583,44.2082678],[24.4315723,44.2081623],[24.4315904,44.2090989],[24.4315287,44.2091005],[24.4315964,44.209571],[24.431942,44.2101316],[24.4323528,44.210636],[24.4326852,44.2109506],[24.4326791,44.2112975],[24.4324895,44.2115066],[24.4320342,44.2116766],[24.4317039,44.2119865],[24.4311666,44.2122361],[24.4308871,44.2124462],[24.4305711,44.2127782],[24.4305729,44.2129487],[24.4308799,44.2131268],[24.4317908,44.2133086],[24.4323384,44.2134658],[24.4334216,44.2141123],[24.4366194,44.2155234],[24.4324278,44.2216566],[24.4318351,44.22982],[24.4314069,44.2324577],[24.4287681,44.2380191],[24.4238865,44.2441788],[24.419046,44.2493432],[24.4138051,44.2536684],[24.4066177,44.2572308],[24.4029544,44.2590462],[24.3959891,44.2550406],[24.3974586,44.2543971],[24.3979798,44.254235],[24.3988999,44.2541212],[24.4019295,44.2538871],[24.401797,44.2537345],[24.4009393,44.2531489],[24.4008687,44.2528983],[24.400734,44.252689],[24.4003835,44.2524719],[24.3997089,44.2524049],[24.3987048,44.2525445],[24.3983299,44.2523841],[24.3977258,44.2523809],[24.3969565,44.2525556],[24.3963075,44.252782],[24.3959123,44.253204],[24.3956079,44.2537695],[24.3953038,44.2548017],[24.395153,44.2550268],[24.3938279,44.2556734],[24.390417,44.2555725],[24.3796207,44.2553868],[24.3759452,44.2553275],[24.3756081,44.2553779],[24.370006,44.2551969],[24.3697067,44.255139],[24.3700759,44.254781],[24.3701567,44.2542984],[24.370149,44.2535412],[24.3703589,44.2528939],[24.3706702,44.2527752],[24.3710429,44.252823],[24.3714605,44.2527295],[24.3717109,44.2526498],[24.3719871,44.2524799],[24.3722384,44.2521297],[24.3723182,44.2518934],[24.3720565,44.2518366],[24.371783,44.2516279],[24.3708468,44.2514481],[24.370343,44.2514988],[24.3700958,44.2514173],[24.3698526,44.251208],[24.3609171,44.2502963],[24.3603356,44.2502044],[24.3595607,44.2499649],[24.3587772,44.2500782],[24.3564998,44.2498238],[24.3550319,44.2497144],[24.3516969,44.249289],[24.348821,44.2490575],[24.3432804,44.2484421],[24.3424509,44.2483665],[24.3422057,44.2483994],[24.3419674,44.2483727],[24.3425225,44.2480145],[24.3430338,44.2472642],[24.3434684,44.2468534],[24.3437258,44.2466977],[24.3436568,44.2465196],[24.3436382,44.2461118],[24.3436988,44.2455823],[24.3438626,44.2453189],[24.3440756,44.2452308],[24.3442757,44.2452075],[24.3454626,44.2453173],[24.3464327,44.2451692],[24.3467047,44.245175],[24.3468986,44.2404361],[24.3471714,44.2368731],[24.3462992,44.236995],[24.345738,44.2370241],[24.3447554,44.2369366],[24.3427925,44.236975],[24.3421958,44.2369234],[24.3418378,44.2368145],[24.3415073,44.2366513],[24.3394427,44.2353412],[24.339224,44.235243],[24.3389749,44.2352666],[24.3370137,44.2357639],[24.336848,44.2356817],[24.3385855,44.2339835],[24.3405229,44.2318849],[24.3382215,44.2308212],[24.3367578,44.2302213],[24.3366373,44.230263],[24.3363347,44.2307402],[24.3361672,44.2308621],[24.3349052,44.2314864],[24.3342845,44.2317363],[24.3336386,44.2322019],[24.3320777,44.2325517],[24.3303682,44.2330135],[24.3239768,44.2181494],[24.3237453,44.2179256],[24.3210589,44.2159979],[24.3190055,44.2143571],[24.3141831,44.2105943],[24.3130682,44.2097975],[24.3111628,44.2083221],[24.3094455,44.2072051],[24.3090334,44.2068222],[24.3084295,44.2064036],[24.3145965,44.2052084],[24.3115954,44.1974426],[24.3107853,44.1954967],[24.3116523,44.195301],[24.3155151,44.1944286],[24.3203817,44.1933852],[24.3242036,44.2036667],[24.3286236,44.2027988],[24.3353015,44.2016088],[24.3397518,44.2007551],[24.350043,44.1988858],[24.348849,44.2055785],[24.3525479,44.2066987],[24.3541643,44.2082504],[24.3544761,44.2084612],[24.3557829,44.2090955],[24.3565683,44.2080172],[24.3579423,44.2064192],[24.359673,44.2051482],[24.3604496,44.2044796],[24.3630506,44.2026149],[24.3658582,44.2004246],[24.368704,44.1984627],[24.3686161,44.1982839],[24.3696815,44.1978378],[24.3703269,44.1974724],[24.3712956,44.1968065],[24.3722714,44.1956968],[24.3730408,44.1950742],[24.3732535,44.1947801],[24.3737993,44.1944341],[24.3741954,44.1940283],[24.3743856,44.1939155],[24.3748633,44.1938998],[24.3753001,44.1941318],[24.3784023,44.1955106],[24.3792227,44.1959302],[24.3807278,44.1947184],[24.3819297,44.1938621],[24.3821819,44.1941623],[24.3820147,44.1942561],[24.3819399,44.1944206],[24.382464,44.1949725],[24.3825042,44.1951298],[24.3824432,44.1952628],[24.3826983,44.1955563],[24.3828218,44.1955712],[24.3828672,44.1954445],[24.3830602,44.1955662],[24.3833055,44.1958178],[24.3833383,44.1960545],[24.3835723,44.1962637],[24.3837417,44.1963059],[24.3840071,44.196466],[24.3843603,44.1969261],[24.3847524,44.1972012],[24.3851049,44.1972603],[24.3857825,44.1971698],[24.3864278,44.1972107],[24.3866051,44.1971323],[24.3867553,44.1971204],[24.386914,44.1971467],[24.3871699,44.1973671],[24.3873655,44.1974412],[24.3877387,44.1974178],[24.3879463,44.1972595],[24.3881254,44.1972319],[24.3884787,44.1973522],[24.3892521,44.1974675],[24.3888303,44.1994558],[24.3885065,44.2005996],[24.3885817,44.2006812],[24.3891701,44.2006949],[24.3892687,44.2006478],[24.389546,44.2006229],[24.3898739,44.2004725],[24.3907142,44.2002304],[24.3911124,44.2042038],[24.3913353,44.2042044],[24.3928298,44.2044874],[24.3936645,44.2045667],[24.3946932,44.204787],[24.3972401,44.2052205],[24.3977309,44.203583],[24.3979509,44.2026311],[24.3985817,44.2007447],[24.398876,44.1996517],[24.3992389,44.1996922],[24.4000697,44.1999134],[24.4004229,44.2000513],[24.4006454,44.2002564],[24.4008941,44.2003155],[24.4010361,44.2003027],[24.4012932,44.2001222],[24.4018291,44.1995853],[24.402385,44.1993231],[24.4029659,44.1991477],[24.4038935,44.198531],[24.4038474,44.1983616],[24.404155,44.1977972],[24.4050956,44.197531],[24.4059198,44.1972259],[24.4066823,44.1968472],[24.4071996,44.1966463],[24.4092935,44.1960109],[24.4121818,44.1953932],[24.4135899,44.1949235],[24.4149506,44.1945959],[24.4154728,44.1945463],[24.4174242,44.1946562],[24.4192534,44.1949346],[24.4194963,44.1949358],[24.4219318,44.1943631],[24.4225091,44.1941683],[24.4241871,44.1937873],[24.4244767,44.1941159],[24.425146,44.1946808],[24.425543,44.1943582],[24.4259672,44.1941682],[24.426573,44.193812],[24.4272156,44.1933121],[24.4280478,44.1928289],[24.4287506,44.1934232],[24.4299468,44.1924166],[24.4306853,44.1919483],[24.4311008,44.1918748],[24.4323863,44.1908316],[24.4331292,44.1903339],[24.4333351,44.1904199],[24.4335121,44.190425],[24.4339443,44.1903125],[24.4341576,44.1902285],[24.4342767,44.1901244],[24.4349927,44.1899328],[24.4358401,44.1895739],[24.4360656,44.1891874],[24.436676,44.1886164],[24.4372309,44.1884952],[24.4379912,44.1885666],[24.4390279,44.1888447],[24.4394484,44.1890691],[24.4400772,44.1895237],[24.4406008,44.1900754],[24.4408634,44.1905967],[24.4411925,44.1916199],[24.4413348,44.193138],[24.4412079,44.193574],[24.4411299,44.1946607],[24.4407015,44.1957119],[24.4405636,44.195926],[24.4404672,44.1960415]]]}},{"type":"Feature","properties":{"entity_id":"osm-r9744247","jurisdiction":"RO","display_name":"OSICA DE SUS","display_type":"commune","admin_level":8,"tier":"local","legal_registry":"SIRUTA","legal_id":"127983","legal_type":"commune","parent_catalog_id":"osm-r2366978","osm_relation_id":9744247,"legal_identity_status":"reconciled","geometry_source":"OpenStreetMap","geometry_precision":"master_coordinate_fidelity"},"geometry":{"type":"Polygon","coordinates":[[[24.277133,44.2581624],[24.2774596,44.2574672],[24.2780759,44.2550521],[24.2785015,44.2540093],[24.2788872,44.2526696],[24.2794234,44.2514557],[24.280191,44.2508364],[24.2812199,44.2501563],[24.2825931,44.2497281],[24.284375,44.2496146],[24.2849771,44.2500866],[24.2849856,44.2511635],[24.2851078,44.2518198],[24.2863033,44.2514552],[24.2864912,44.2504474],[24.2869842,44.2492696],[24.2869555,44.2490057],[24.286846,44.248833],[24.2873393,44.2489279],[24.2884553,44.2489808],[24.2888359,44.2491667],[24.2890228,44.2495348],[24.2894663,44.2497898],[24.2899425,44.2499878],[24.2905552,44.2494527],[24.2910369,44.2491921],[24.2917578,44.2489444],[24.2932082,44.2488074],[24.2932198,44.2480936],[24.2934994,44.247396],[24.2940052,44.2468523],[24.2944608,44.2464643],[24.2949853,44.2461447],[24.2953233,44.2460515],[24.2960338,44.2463935],[24.2955963,44.2420127],[24.2954926,44.239661],[24.2955205,44.2385571],[24.2964546,44.2379892],[24.2992783,44.2366939],[24.2993167,44.2370068],[24.2995641,44.2373439],[24.3001948,44.2385173],[24.3003313,44.2389038],[24.3003782,44.239249],[24.3005753,44.2396966],[24.3006894,44.2405596],[24.3006552,44.2407447],[24.3005259,44.240955],[24.3005372,44.2410867],[24.3006558,44.241276],[24.300826,44.2413095],[24.3013129,44.2412459],[24.3017563,44.2409491],[24.3021681,44.2403942],[24.302694,44.2399731],[24.3027557,44.2396573],[24.3029687,44.2392676],[24.3032317,44.2389294],[24.3039478,44.2382133],[24.3063659,44.2365045],[24.3072146,44.2361989],[24.3079835,44.2360021],[24.3091255,44.2358151],[24.3113919,44.235278],[24.3121006,44.2351693],[24.3126947,44.2351927],[24.31435,44.2351328],[24.3146401,44.2349832],[24.3150168,44.2346525],[24.3154208,44.2336754],[24.3152065,44.2330813],[24.3148758,44.2324263],[24.314461,44.2319807],[24.314154,44.2318465],[24.3140876,44.231765],[24.3164556,44.2308511],[24.3144889,44.2295937],[24.3146897,44.2294973],[24.314029,44.2272222],[24.3133665,44.2273014],[24.3104819,44.2278427],[24.3056013,44.2293112],[24.3033952,44.2298209],[24.3010531,44.230627],[24.3006356,44.2309574],[24.3006985,44.2312314],[24.2997386,44.2314106],[24.2995913,44.2312305],[24.2995498,44.2298736],[24.2949254,44.2303015],[24.2950983,44.2298625],[24.2950033,44.2297504],[24.2945638,44.2295366],[24.2938197,44.2293857],[24.2921202,44.2288085],[24.2919128,44.2285039],[24.2917391,44.2283947],[24.2912663,44.2283492],[24.2908499,44.228228],[24.2904277,44.228252],[24.2897704,44.2281591],[24.2894886,44.2280923],[24.2890175,44.2278108],[24.2885683,44.2277304],[24.2881578,44.2277468],[24.2881215,44.2270668],[24.287543,44.2270148],[24.2873946,44.2268895],[24.2872952,44.2265324],[24.2869197,44.2246372],[24.2868532,44.2237963],[24.2865895,44.222511],[24.2864582,44.2221523],[24.2865963,44.221958],[24.2868583,44.2218051],[24.2878134,44.2216016],[24.2899919,44.2210168],[24.2915399,44.2204957],[24.2924911,44.2236646],[24.2926707,44.2244462],[24.2928333,44.224788],[24.2936849,44.2246361],[24.2948689,44.2245167],[24.2957536,44.2243319],[24.2973451,44.224088],[24.2990067,44.223885],[24.3001625,44.2236635],[24.3075043,44.2226415],[24.307075,44.2208518],[24.3070892,44.2205469],[24.3092502,44.2205985],[24.3115855,44.2204907],[24.3122286,44.2181081],[24.3124624,44.2180637],[24.3158519,44.2184129],[24.317078,44.2168567],[24.3181124,44.2154371],[24.3190055,44.2143571],[24.3210589,44.2159979],[24.3237453,44.2179256],[24.3239768,44.2181494],[24.3303682,44.2330135],[24.3320777,44.2325517],[24.3336386,44.2322019],[24.3342845,44.2317363],[24.3349052,44.2314864],[24.3361672,44.2308621],[24.3363347,44.2307402],[24.3366373,44.230263],[24.3367578,44.2302213],[24.3382215,44.2308212],[24.3405229,44.2318849],[24.3385855,44.2339835],[24.336848,44.2356817],[24.3370137,44.2357639],[24.3389749,44.2352666],[24.339224,44.235243],[24.3394427,44.2353412],[24.3415073,44.2366513],[24.3418378,44.2368145],[24.3421958,44.2369234],[24.3427925,44.236975],[24.3447554,44.2369366],[24.345738,44.2370241],[24.3462992,44.236995],[24.3471714,44.2368731],[24.3468986,44.2404361],[24.3467047,44.245175],[24.3464327,44.2451692],[24.3454626,44.2453173],[24.3442757,44.2452075],[24.3440756,44.2452308],[24.3438626,44.2453189],[24.3436988,44.2455823],[24.3436382,44.2461118],[24.3436568,44.2465196],[24.3437258,44.2466977],[24.3434684,44.2468534],[24.3430338,44.2472642],[24.3425225,44.2480145],[24.3419674,44.2483727],[24.3422057,44.2483994],[24.3424509,44.2483665],[24.3432804,44.2484421],[24.348821,44.2490575],[24.3516969,44.249289],[24.3550319,44.2497144],[24.3564998,44.2498238],[24.3587772,44.2500782],[24.3595607,44.2499649],[24.3603356,44.2502044],[24.3609171,44.2502963],[24.3698526,44.251208],[24.3700958,44.2514173],[24.370343,44.2514988],[24.3708468,44.2514481],[24.371783,44.2516279],[24.3720565,44.2518366],[24.3723182,44.2518934],[24.3722384,44.2521297],[24.3719871,44.2524799],[24.3717109,44.2526498],[24.3714605,44.2527295],[24.3710429,44.252823],[24.3706702,44.2527752],[24.3703589,44.2528939],[24.370149,44.2535412],[24.3701567,44.2542984],[24.3700759,44.254781],[24.3697067,44.255139],[24.370006,44.2551969],[24.3756081,44.2553779],[24.3759452,44.2553275],[24.3796207,44.2553868],[24.390417,44.2555725],[24.3938279,44.2556734],[24.395153,44.2550268],[24.3953038,44.2548017],[24.3956079,44.2537695],[24.3959123,44.253204],[24.3963075,44.252782],[24.3969565,44.2525556],[24.3977258,44.2523809],[24.3983299,44.2523841],[24.3987048,44.2525445],[24.3997089,44.2524049],[24.4003835,44.2524719],[24.400734,44.252689],[24.4008687,44.2528983],[24.4009393,44.2531489],[24.401797,44.2537345],[24.4019295,44.2538871],[24.3988999,44.2541212],[24.3979798,44.254235],[24.3974586,44.2543971],[24.3959891,44.2550406],[24.3944635,44.2555982],[24.3927215,44.2566522],[24.3918684,44.2574551],[24.3917111,44.2576875],[24.3916595,44.2581308],[24.3929334,44.2585855],[24.3974907,44.2604193],[24.3984234,44.2609496],[24.4035458,44.264209],[24.3962053,44.2682372],[24.3916538,44.2701717],[24.3886897,44.2724116],[24.3842966,44.2802457],[24.3817585,44.2844741],[24.3810545,44.2861606],[24.380175,44.2905063],[24.3795612,44.3000791],[24.3797852,44.3037583],[24.3758404,44.3038487],[24.3705209,44.3039396],[24.3434226,44.3032593],[24.3439366,44.2930169],[24.3373765,44.2928871],[24.3373767,44.292774],[24.3329668,44.292622],[24.3329153,44.2925921],[24.3336087,44.2919883],[24.3335443,44.290576],[24.3338684,44.2904236],[24.3338089,44.2875506],[24.3342906,44.2870542],[24.3343476,44.2869361],[24.332352,44.2867656],[24.3309255,44.287547],[24.3308087,44.2875545],[24.3281445,44.2866858],[24.3267441,44.2863114],[24.3138565,44.2855981],[24.3134891,44.2854283],[24.3134389,44.2852311],[24.3134616,44.2849699],[24.3138696,44.2843303],[24.3135972,44.2842045],[24.3132082,44.2841642],[24.3128786,44.2842109],[24.3055793,44.2861191],[24.3031925,44.28667],[24.3044238,44.2810843],[24.3045495,44.2806066],[24.3047757,44.2801172],[24.3061454,44.2785954],[24.3089413,44.2757279],[24.3093297,44.2752086],[24.3051835,44.2739977],[24.3041034,44.27388],[24.3034461,44.2739354],[24.3026328,44.2741206],[24.3022911,44.2740828],[24.3017578,44.2739209],[24.3016633,44.2712245],[24.3018515,44.2711741],[24.30133,44.2705086],[24.3007458,44.2700551],[24.3000947,44.2694147],[24.2988757,44.2684458],[24.296064,44.2672404],[24.2941387,44.2662385],[24.2936911,44.2661024],[24.2934804,44.2657444],[24.2935827,44.2654954],[24.2937434,44.2653302],[24.2933002,44.2651287],[24.292853,44.2648339],[24.2917349,44.2643789],[24.2865189,44.2620304],[24.2813621,44.2598717],[24.2823179,44.2583911],[24.283657,44.2581574],[24.2840663,44.2581455],[24.2852564,44.2579073],[24.2855348,44.258004],[24.2857043,44.2580051],[24.2857601,44.2578504],[24.2856735,44.2567423],[24.2857043,44.2561167],[24.2859743,44.255465],[24.2862001,44.2552781],[24.2870603,44.2548793],[24.2876581,44.2545065],[24.2881178,44.2541891],[24.288334,44.2539808],[24.2880217,44.2539526],[24.2866326,44.2541909],[24.2858588,44.254407],[24.285202,44.2544319],[24.2850004,44.2546201],[24.2847288,44.2551856],[24.284555,44.2554081],[24.2844313,44.2554933],[24.284271,44.2555296],[24.2839812,44.2555039],[24.2834153,44.2556684],[24.2818072,44.2559657],[24.2810132,44.2559765],[24.2802593,44.2558919],[24.2800385,44.2557908],[24.2797392,44.2557569],[24.2785198,44.2562838],[24.2782533,44.2567125],[24.278145,44.257825],[24.277983,44.2585003],[24.277133,44.2581624]]]}},{"type":"Feature","properties":{"entity_id":"osm-r9744248","jurisdiction":"RO","display_name":"OSICA DE JOS","display_type":"commune","admin_level":8,"tier":"local","legal_registry":"SIRUTA","legal_id":"130357","legal_type":"commune","parent_catalog_id":"osm-r2366978","osm_relation_id":9744248,"legal_identity_status":"reconciled","geometry_source":"OpenStreetMap","geometry_precision":"master_coordinate_fidelity"},"geometry":{"type":"Polygon","coordinates":[[[24.2780759,44.2550521],[24.277576,44.2544927],[24.2762267,44.2534223],[24.2756267,44.2530335],[24.2726109,44.2515882],[24.2700573,44.250227],[24.2688843,44.2491934],[24.2683091,44.2491057],[24.2674378,44.2488189],[24.26715,44.2488282],[24.2656806,44.2493668],[24.2652413,44.2494648],[24.2648524,44.2494615],[24.264084,44.2492162],[24.2638486,44.2490646],[24.2623093,44.24758],[24.2618966,44.2427819],[24.2610322,44.2433175],[24.2608397,44.243657],[24.2604962,44.2438051],[24.2603495,44.2438242],[24.2596747,44.2437095],[24.2587433,44.2434878],[24.2582557,44.2434596],[24.258152,44.2433887],[24.2575089,44.2424272],[24.2567781,44.2412447],[24.2566948,44.241214],[24.2558123,44.2415389],[24.2553633,44.2417565],[24.2544095,44.2420612],[24.2537745,44.2423541],[24.2535112,44.2415371],[24.253343,44.2407127],[24.2527194,44.2388131],[24.2526843,44.2385036],[24.2528206,44.2384296],[24.2544935,44.2381441],[24.256846,44.2378507],[24.256953,44.2378845],[24.2576565,44.2390485],[24.2577792,44.2390493],[24.2595166,44.238461],[24.2587787,44.236557],[24.2580462,44.2343486],[24.2541201,44.2233635],[24.252163,44.218095],[24.2519058,44.2181206],[24.251368,44.2183633],[24.2510221,44.2186314],[24.250821,44.2186781],[24.2506257,44.2186656],[24.250579,44.2186525],[24.2503383,44.2185307],[24.2498777,44.2186177],[24.2494592,44.2186127],[24.2492377,44.2186656],[24.2490916,44.2187418],[24.2489945,44.2189272],[24.2487583,44.2191389],[24.2485041,44.2192824],[24.2478385,44.2195229],[24.2476017,44.21978],[24.2473919,44.2199056],[24.2465676,44.2202132],[24.2456264,44.220313],[24.2449572,44.2205178],[24.2441107,44.2206269],[24.2425414,44.2202565],[24.2415389,44.2198259],[24.2408009,44.2205236],[24.2405676,44.2205778],[24.2377103,44.2232241],[24.2370181,44.2239667],[24.2365992,44.2243304],[24.2363165,44.2246808],[24.2353394,44.2254741],[24.2340134,44.2269253],[24.2309516,44.2181673],[24.2295523,44.2148002],[24.2295202,44.2147254],[24.2295796,44.2147101],[24.2291075,44.2135465],[24.2352021,44.2122548],[24.2379036,44.2190351],[24.2443436,44.2175714],[24.2425001,44.2122323],[24.2737246,44.2054526],[24.2784629,44.2043397],[24.2842376,44.2031946],[24.2875764,44.2026032],[24.2967977,44.2006663],[24.3115954,44.1974426],[24.3145965,44.2052084],[24.3084295,44.2064036],[24.3090334,44.2068222],[24.3094455,44.2072051],[24.3111628,44.2083221],[24.3130682,44.2097975],[24.3141831,44.2105943],[24.3190055,44.2143571],[24.3181124,44.2154371],[24.317078,44.2168567],[24.3158519,44.2184129],[24.3124624,44.2180637],[24.3122286,44.2181081],[24.3115855,44.2204907],[24.3092502,44.2205985],[24.3070892,44.2205469],[24.307075,44.2208518],[24.3075043,44.2226415],[24.3001625,44.2236635],[24.2990067,44.223885],[24.2973451,44.224088],[24.2957536,44.2243319],[24.2948689,44.2245167],[24.2936849,44.2246361],[24.2928333,44.224788],[24.2926707,44.2244462],[24.2924911,44.2236646],[24.2915399,44.2204957],[24.2899919,44.2210168],[24.2878134,44.2216016],[24.2868583,44.2218051],[24.2865963,44.221958],[24.2864582,44.2221523],[24.2865895,44.222511],[24.2868532,44.2237963],[24.2869197,44.2246372],[24.2872952,44.2265324],[24.2873946,44.2268895],[24.287543,44.2270148],[24.2881215,44.2270668],[24.2881578,44.2277468],[24.2885683,44.2277304],[24.2890175,44.2278108],[24.2894886,44.2280923],[24.2897704,44.2281591],[24.2904277,44.228252],[24.2908499,44.228228],[24.2912663,44.2283492],[24.2917391,44.2283947],[24.2919128,44.2285039],[24.2921202,44.2288085],[24.2938197,44.2293857],[24.2945638,44.2295366],[24.2950033,44.2297504],[24.2950983,44.2298625],[24.2949254,44.2303015],[24.2995498,44.2298736],[24.2995913,44.2312305],[24.2997386,44.2314106],[24.3006985,44.2312314],[24.3006356,44.2309574],[24.3010531,44.230627],[24.3033952,44.2298209],[24.3056013,44.2293112],[24.3104819,44.2278427],[24.3133665,44.2273014],[24.314029,44.2272222],[24.3146897,44.2294973],[24.3144889,44.2295937],[24.3164556,44.2308511],[24.3140876,44.231765],[24.314154,44.2318465],[24.314461,44.2319807],[24.3148758,44.2324263],[24.3152065,44.2330813],[24.3154208,44.2336754],[24.3150168,44.2346525],[24.3146401,44.2349832],[24.31435,44.2351328],[24.3126947,44.2351927],[24.3121006,44.2351693],[24.3113919,44.235278],[24.3091255,44.2358151],[24.3079835,44.2360021],[24.3072146,44.2361989],[24.3063659,44.2365045],[24.3039478,44.2382133],[24.3032317,44.2389294],[24.3029687,44.2392676],[24.3027557,44.2396573],[24.302694,44.2399731],[24.3021681,44.2403942],[24.3017563,44.2409491],[24.3013129,44.2412459],[24.300826,44.2413095],[24.3006558,44.241276],[24.3005372,44.2410867],[24.3005259,44.240955],[24.3006552,44.2407447],[24.3006894,44.2405596],[24.3005753,44.2396966],[24.3003782,44.239249],[24.3003313,44.2389038],[24.3001948,44.2385173],[24.2995641,44.2373439],[24.2993167,44.2370068],[24.2992783,44.2366939],[24.2964546,44.2379892],[24.2955205,44.2385571],[24.2954926,44.239661],[24.2955963,44.2420127],[24.2960338,44.2463935],[24.2953233,44.2460515],[24.2949853,44.2461447],[24.2944608,44.2464643],[24.2940052,44.2468523],[24.2934994,44.247396],[24.2932198,44.2480936],[24.2932082,44.2488074],[24.2917578,44.2489444],[24.2910369,44.2491921],[24.2905552,44.2494527],[24.2899425,44.2499878],[24.2894663,44.2497898],[24.2890228,44.2495348],[24.2888359,44.2491667],[24.2884553,44.2489808],[24.2873393,44.2489279],[24.286846,44.248833],[24.2869555,44.2490057],[24.2869842,44.2492696],[24.2864912,44.2504474],[24.2863033,44.2514552],[24.2851078,44.2518198],[24.2849856,44.2511635],[24.2849771,44.2500866],[24.284375,44.2496146],[24.2825931,44.2497281],[24.2812199,44.2501563],[24.280191,44.2508364],[24.2794234,44.2514557],[24.2788872,44.2526696],[24.2785015,44.2540093],[24.2780759,44.2550521]]]}},{"type":"Feature","properties":{"entity_id":"osm-r9744250","jurisdiction":"RO","display_name":"SCORNICEȘTI","display_type":"town","admin_level":8,"tier":"local","legal_registry":"SIRUTA","legal_id":"128711","legal_type":"town","parent_catalog_id":"osm-r2366978","osm_relation_id":9744250,"legal_identity_status":"reconciled","geometry_source":"OpenStreetMap","geometry_precision":"master_coordinate_fidelity"},"geometry":{"type":"Polygon","coordinates":[[[24.5478995,44.4926003],[24.5481741,44.4926799],[24.5541945,44.4943191],[24.5599032,44.4960285],[24.5604379,44.496213],[24.560432,44.4962447],[24.5697467,44.4990652],[24.5740954,44.500342],[24.5769594,44.5011037],[24.5770848,44.5009343],[24.5772601,44.5008085],[24.5775259,44.5004137],[24.5793472,44.4990089],[24.5799528,44.4990312],[24.5801785,44.499002],[24.5810458,44.4985104],[24.5818419,44.4978244],[24.5825476,44.4975962],[24.5829368,44.4973925],[24.5843251,44.4978183],[24.5845952,44.4978124],[24.5849047,44.4975442],[24.5853289,44.4969529],[24.5855554,44.4967472],[24.5866508,44.4961284],[24.586934,44.4958442],[24.5882012,44.4967059],[24.5890022,44.4971749],[24.5904998,44.4978324],[24.5908714,44.4982019],[24.5912028,44.498353],[24.5915106,44.4986474],[24.5918077,44.4988408],[24.5925052,44.4990532],[24.5945107,44.499963],[24.5966597,44.5010178],[24.5964485,44.5013228],[24.5962,44.5015348],[24.5961172,44.5015693],[24.5957934,44.50154],[24.5956199,44.5015825],[24.5955125,44.5017161],[24.5955006,44.5019227],[24.5956828,44.502209],[24.5958916,44.5024146],[24.595819,44.5025181],[24.5958608,44.5027749],[24.5960059,44.5028488],[24.5960312,44.5029469],[24.5962902,44.5031923],[24.5967384,44.503344],[24.5967696,44.5035011],[24.5968951,44.5036084],[24.5971312,44.5036602],[24.5975087,44.5035104],[24.5982641,44.503453],[24.5987961,44.5035289],[24.599127,44.5037114],[24.5992469,44.5039497],[24.5994752,44.5040989],[24.5998617,44.5040379],[24.600275,44.5037008],[24.6004061,44.5036635],[24.6006975,44.503676],[24.600954,44.5037641],[24.6010212,44.5038933],[24.6008001,44.5040784],[24.6006712,44.5043104],[24.6006724,44.5045144],[24.6007685,44.5046489],[24.6010342,44.5047145],[24.6074516,44.5055748],[24.6074947,44.5055757],[24.6073393,44.5050007],[24.6075683,44.5049987],[24.6073987,44.5044313],[24.6090773,44.5045583],[24.6105123,44.5046035],[24.6105523,44.5055535],[24.6119165,44.5058056],[24.6117871,44.5062683],[24.6193549,44.507871],[24.6222422,44.5086993],[24.6234513,44.5090093],[24.6244677,44.5092162],[24.6254838,44.5095833],[24.6272482,44.5100213],[24.6295985,44.510746],[24.6371349,44.5126744],[24.6367181,44.5135166],[24.63626,44.514146],[24.6356536,44.5153087],[24.63426,44.5177209],[24.633882,44.518288],[24.6337893,44.5183338],[24.6329593,44.5197447],[24.6317665,44.5222203],[24.6316109,44.5226734],[24.63127,44.5232051],[24.6312196,44.5235414],[24.6313468,44.5237575],[24.6313339,44.5239817],[24.6311928,44.5240555],[24.6308454,44.5244822],[24.6302171,44.5248629],[24.6298063,44.5253069],[24.6267316,44.5298196],[24.6242925,44.5337079],[24.6234886,44.5347165],[24.6232762,44.5348919],[24.6225658,44.5363363],[24.6213817,44.5383353],[24.6203591,44.5398312],[24.6170148,44.5458325],[24.6156032,44.5481079],[24.6189987,44.5489642],[24.6198221,44.549244],[24.6199929,44.5493409],[24.6200252,44.549414],[24.619956,44.5496602],[24.6198148,44.5497288],[24.6197194,44.549999],[24.6197992,44.5500739],[24.6197491,44.5502885],[24.6196658,44.5503638],[24.6193764,44.55046],[24.619074,44.5507913],[24.6188721,44.5509122],[24.6184332,44.5510279],[24.6181966,44.5512298],[24.6178466,44.5517019],[24.6179296,44.5518868],[24.6181127,44.5519537],[24.6181781,44.5520932],[24.6181362,44.5522372],[24.6185041,44.5526616],[24.6184687,44.5527946],[24.6185777,44.5529938],[24.6185333,44.5531021],[24.6183416,44.553256],[24.6179817,44.5534848],[24.6174867,44.5537178],[24.6173225,44.5538799],[24.6172697,44.5557079],[24.6169949,44.5560553],[24.6165363,44.5569053],[24.6156155,44.5575798],[24.6155787,44.5577265],[24.6156906,44.5581382],[24.6160178,44.5586678],[24.6161073,44.558965],[24.6160248,44.5592782],[24.6164851,44.5600218],[24.6165933,44.5605312],[24.6165873,44.5608267],[24.6163669,44.561206],[24.6163546,44.5620012],[24.6161334,44.5622945],[24.615106,44.5629809],[24.6148531,44.5633521],[24.6147944,44.5637097],[24.6148656,44.5638856],[24.6153837,44.5642886],[24.6154173,44.5645289],[24.6153684,44.5648113],[24.6168011,44.5648444],[24.6219472,44.5648268],[24.622057,44.5655187],[24.6220297,44.5656624],[24.6222391,44.5661908],[24.6224249,44.5683735],[24.6223249,44.569597],[24.6223854,44.5699897],[24.6223763,44.5705542],[24.6222665,44.5712769],[24.6221892,44.571417],[24.6222723,44.5715582],[24.6221713,44.5717306],[24.6221573,44.571862],[24.6222327,44.5719843],[24.6221327,44.572389],[24.6223503,44.5741333],[24.6223016,44.5748789],[24.622395,44.5760416],[24.6220897,44.5777228],[24.6218507,44.5783262],[24.6210228,44.579713],[24.6197313,44.580931],[24.6178476,44.5825816],[24.6176085,44.5828299],[24.6168954,44.5838184],[24.6168948,44.5839146],[24.6165292,44.5843742],[24.615833,44.5851764],[24.6156987,44.5851413],[24.6152511,44.585705],[24.6140817,44.5872481],[24.6127749,44.5896521],[24.611926,44.5906184],[24.6117501,44.5912248],[24.6114131,44.5918344],[24.6105243,44.5955536],[24.6101249,44.5975875],[24.6098902,44.5983438],[24.608698,44.5978589],[24.6080204,44.5974351],[24.6075741,44.5969056],[24.6073516,44.5964419],[24.6070815,44.5974626],[24.6064646,44.5983732],[24.605471,44.6002185],[24.6042917,44.6019083],[24.60421,44.6021929],[24.6041449,44.6031311],[24.6042826,44.6037381],[24.6043353,44.6038866],[24.601853,44.6038806],[24.6017994,44.6038227],[24.5976176,44.6038087],[24.5976509,44.6039308],[24.5975424,44.6039812],[24.5975075,44.6040847],[24.5976153,44.604138],[24.597567,44.6045322],[24.5976745,44.6047532],[24.5979466,44.6049209],[24.5977182,44.6050156],[24.5978356,44.6053311],[24.5982569,44.6053407],[24.5984211,44.6054592],[24.5987593,44.6055397],[24.5994698,44.6055337],[24.600361,44.6050999],[24.600432,44.6051204],[24.6005412,44.6053084],[24.6010475,44.6052412],[24.6011047,44.6054184],[24.601273,44.6055657],[24.6008617,44.6057706],[24.6007531,44.6057414],[24.6006694,44.6059009],[24.6007243,44.6061241],[24.6004038,44.6061388],[24.600268,44.6062491],[24.6003075,44.6063681],[24.6000527,44.6064996],[24.6000579,44.6066147],[24.6001698,44.6067504],[24.6001629,44.606877],[24.6001483,44.6069417],[24.5999498,44.6070949],[24.600035,44.6072742],[24.5997929,44.6077213],[24.5999476,44.6080329],[24.5998576,44.6082544],[24.5997549,44.6083376],[24.5997236,44.6085455],[24.5993036,44.6084462],[24.5991622,44.6083693],[24.5990599,44.6083973],[24.598928,44.6087453],[24.5989372,44.6088662],[24.5991371,44.6091773],[24.5990839,44.6093176],[24.5992503,44.6093733],[24.5992148,44.6094727],[24.5992605,44.6096569],[24.5991616,44.6099072],[24.5986673,44.610525],[24.5986405,44.6108065],[24.5985222,44.6108548],[24.598442,44.6112181],[24.5982214,44.6112461],[24.5981924,44.6113946],[24.597847,44.6114997],[24.5977156,44.6116389],[24.597579,44.6116385],[24.5973873,44.6115158],[24.5972811,44.611613],[24.5969906,44.6117354],[24.5968218,44.6118899],[24.5968082,44.6120539],[24.5965811,44.6121241],[24.5965434,44.6121838],[24.5966511,44.6123216],[24.5966226,44.6123969],[24.5963267,44.6125266],[24.5962483,44.6126439],[24.5963046,44.6130114],[24.5965085,44.613154],[24.5964978,44.6133513],[24.5963406,44.6136301],[24.5961283,44.6137956],[24.596151,44.6141584],[24.5960658,44.6142785],[24.5959366,44.6143461],[24.5956983,44.6147026],[24.5953169,44.6149801],[24.5950633,44.6150663],[24.594838,44.615235],[24.5946958,44.6152615],[24.594457,44.6154587],[24.5941351,44.6155401],[24.5939164,44.6155475],[24.5937817,44.6156155],[24.5927135,44.6158554],[24.5919436,44.616236],[24.5916504,44.6164705],[24.5912543,44.6166142],[24.5907768,44.6168617],[24.5904321,44.6172047],[24.5898995,44.617975],[24.5895038,44.6183303],[24.5893855,44.6186322],[24.5894225,44.6190043],[24.5893179,44.6199407],[24.5890517,44.6205249],[24.5888458,44.6207656],[24.5884784,44.6210035],[24.5883975,44.6211596],[24.5883583,44.6215315],[24.5884293,44.6218319],[24.5883997,44.622132],[24.5880067,44.6229392],[24.5879097,44.6232934],[24.5875188,44.6241941],[24.5872694,44.6245499],[24.586567,44.625937],[24.5860863,44.6262439],[24.5849159,44.6281373],[24.5846167,44.6284765],[24.583851,44.6291589],[24.5832624,44.6299463],[24.5830804,44.6301136],[24.5800077,44.6310764],[24.5793988,44.6313543],[24.5793409,44.6314252],[24.5774511,44.6322428],[24.5754198,44.63297],[24.5730517,44.6339583],[24.5701496,44.6341606],[24.5666696,44.6344971],[24.5633025,44.6350052],[24.5630075,44.6350162],[24.5620907,44.6348745],[24.561853,44.6352122],[24.5615779,44.6354171],[24.5611437,44.6354611],[24.560181,44.6353648],[24.5599323,44.6354441],[24.5597541,44.6356074],[24.5587795,44.6355644],[24.5565086,44.6355772],[24.5554904,44.6355025],[24.5526544,44.6351825],[24.5525299,44.6351792],[24.5524566,44.6354732],[24.5505665,44.6353222],[24.5507342,44.637279],[24.5511684,44.6378255],[24.5513172,44.6387508],[24.5510209,44.639343],[24.550662,44.6403064],[24.5505633,44.6409751],[24.5504479,44.6410261],[24.5503298,44.6414184],[24.5499805,44.6431948],[24.5498537,44.6443937],[24.5490921,44.647299],[24.5486145,44.6501872],[24.5480724,44.651978],[24.5476941,44.6526407],[24.5474923,44.653525],[24.5470538,44.6549912],[24.5466253,44.6571291],[24.5436096,44.6565768],[24.5433655,44.6565166],[24.5424717,44.6564178],[24.5391288,44.6562472],[24.5370311,44.6562965],[24.5353954,44.6564207],[24.5334154,44.6563568],[24.5288222,44.6565848],[24.526152,44.6565913],[24.5256795,44.6547739],[24.5256401,44.6540721],[24.5253771,44.6526223],[24.5253795,44.6523271],[24.5252566,44.651907],[24.5250843,44.6517317],[24.5223279,44.6516735],[24.5188689,44.6515358],[24.5189764,44.6508787],[24.5188832,44.6504118],[24.5185079,44.6493358],[24.5184185,44.6486043],[24.517516,44.6485885],[24.5147607,44.6484264],[24.5096814,44.6480514],[24.5096337,44.6479855],[24.5091684,44.6480025],[24.5090901,44.6479025],[24.5090802,44.6475918],[24.5066974,44.6472513],[24.5078403,44.6456467],[24.5080624,44.645063],[24.5081741,44.6445299],[24.5083936,44.6439957],[24.5089913,44.6432767],[24.5094382,44.6422716],[24.5096178,44.6415503],[24.5096815,44.6414403],[24.5098007,44.6413807],[24.5099407,44.6408514],[24.5067905,44.6404298],[24.5032277,44.6395712],[24.5021092,44.6391735],[24.500661,44.6385179],[24.4999216,44.6380517],[24.4994328,44.6378225],[24.4990557,44.6386733],[24.4807243,44.6385326],[24.4778922,44.6385975],[24.476068,44.636055],[24.4748202,44.6341338],[24.4741343,44.6332865],[24.4702543,44.6278979],[24.4700627,44.627711],[24.4689469,44.6274292],[24.4692794,44.6278878],[24.4692698,44.6282485],[24.4691108,44.6285874],[24.4689584,44.6291298],[24.4684867,44.6294522],[24.4680373,44.6296081],[24.4678474,44.6297618],[24.4678279,44.629836],[24.4687469,44.6297782],[24.4690582,44.6303008],[24.4691239,44.6308839],[24.4696975,44.6316852],[24.4697285,44.6318252],[24.4688417,44.6331175],[24.4683601,44.6342494],[24.468829,44.6353848],[24.4690734,44.6355761],[24.4691487,44.6357234],[24.4693693,44.6364343],[24.4696332,44.636687],[24.4695115,44.6371503],[24.4698663,44.6377332],[24.4704486,44.6382837],[24.4708419,44.6385733],[24.4702901,44.6385293],[24.4673227,44.6385534],[24.459277,44.6384467],[24.4562461,44.6384443],[24.4551225,44.638386],[24.4476763,44.6384236],[24.4468235,44.6384252],[24.4467385,44.6383473],[24.4465026,44.6381756],[24.4458921,44.6379018],[24.4454379,44.6379044],[24.4451512,44.637804],[24.4446993,44.6374061],[24.4439916,44.6365748],[24.4436619,44.6362959],[24.4436737,44.6362587],[24.4461375,44.6336213],[24.4504014,44.6284973],[24.4507937,44.6279359],[24.4556763,44.6265037],[24.4594333,44.6258948],[24.4595796,44.6258401],[24.4596099,44.6257293],[24.4593894,44.6249071],[24.4583086,44.6219809],[24.4582085,44.6218838],[24.4569747,44.6180254],[24.4557528,44.6147778],[24.4547487,44.611806],[24.4579882,44.611763],[24.4624661,44.6115736],[24.461739,44.6091253],[24.4700306,44.6081243],[24.4701588,44.6080599],[24.4701735,44.6071413],[24.4707817,44.6060456],[24.4706899,44.605195],[24.4708591,44.6047248],[24.4711009,44.6044352],[24.4742557,44.603677],[24.4753118,44.6031795],[24.4757848,44.6028339],[24.4768191,44.6014089],[24.4772547,44.5995258],[24.4769059,44.598781],[24.4761802,44.597806],[24.4759748,44.5966104],[24.4753871,44.5962727],[24.4753554,44.5957432],[24.4769125,44.5947881],[24.4764632,44.5937263],[24.4761354,44.5934485],[24.4749135,44.5926785],[24.4741638,44.5917033],[24.4737858,44.5909625],[24.4731331,44.5904332],[24.4727408,44.5896419],[24.4727869,44.5892907],[24.4733178,44.5888223],[24.4735503,44.5884331],[24.4734656,44.5880107],[24.4730756,44.5872319],[24.4721901,44.5867616],[24.471987,44.5864488],[24.4721711,44.5861378],[24.4727654,44.5859994],[24.4730746,44.5860309],[24.4735621,44.5858776],[24.4740122,44.5857012],[24.4743266,44.5854182],[24.4744089,44.5849953],[24.4738935,44.5841205],[24.4738083,44.5837412],[24.473917,44.5833633],[24.4741523,44.5830165],[24.4741962,44.5827928],[24.4741171,44.5825683],[24.4741516,44.5823706],[24.4744594,44.5821585],[24.4744845,44.5820587],[24.4743981,44.5817748],[24.474596,44.5813187],[24.4746048,44.5810922],[24.4745171,44.5802815],[24.4744461,44.5801186],[24.4742933,44.5800521],[24.4740557,44.5800346],[24.4739799,44.5795206],[24.4747831,44.5787021],[24.4752195,44.5780702],[24.4748343,44.5773002],[24.4753024,44.5770676],[24.4760731,44.5769481],[24.4761858,44.5766545],[24.4761802,44.5759632],[24.4763766,44.5752602],[24.4766519,44.575007],[24.4772459,44.5742868],[24.4774451,44.5738774],[24.4780687,44.5732938],[24.4780908,44.5731132],[24.4779565,44.572832],[24.477982,44.5726987],[24.4781039,44.572536],[24.4787418,44.5720686],[24.4790735,44.5718864],[24.4795101,44.5718032],[24.4803987,44.5717574],[24.4807338,44.5716603],[24.4809513,44.5714506],[24.480993,44.5709303],[24.4810853,44.5707679],[24.4816094,44.5705705],[24.4822495,44.5704543],[24.4823428,44.5703285],[24.4821922,44.5699675],[24.4820954,44.5690465],[24.481059,44.5670031],[24.4806784,44.5664251],[24.4800424,44.5656922],[24.4791379,44.5643961],[24.4783493,44.5634652],[24.4774784,44.5625721],[24.4752069,44.5605559],[24.4744015,44.5597219],[24.4732277,44.5587569],[24.4715488,44.5570012],[24.4713359,44.5566122],[24.4711861,44.5560452],[24.470561,44.5552682],[24.4705365,44.5547088],[24.4697225,44.5526087],[24.4694986,44.5518144],[24.4695605,44.5516531],[24.4698037,44.5514805],[24.4749883,44.5483955],[24.4755799,44.5481115],[24.4774285,44.5475081],[24.4785909,44.5471869],[24.4812859,44.5467599],[24.4828825,44.5465944],[24.4838733,44.5465571],[24.4841306,44.5463849],[24.4843596,44.546034],[24.4846426,44.5458625],[24.4851257,44.5457963],[24.485495,44.5459032],[24.4862465,44.5459675],[24.4866679,44.5458057],[24.486953,44.5455738],[24.4873078,44.5446732],[24.4879182,44.5441116],[24.4890375,44.5434332],[24.4890621,44.5433054],[24.488762,44.5428544],[24.4884311,44.5425196],[24.4877718,44.5419288],[24.4874793,44.5415418],[24.4874222,44.5413343],[24.4874509,44.5411753],[24.4878521,44.5409416],[24.4879954,44.5406059],[24.487991,44.5403164],[24.487703,44.5395897],[24.4879282,44.5391276],[24.4879254,44.5390117],[24.4892803,44.5384449],[24.4892483,44.5384147],[24.4924663,44.5365534],[24.4942345,44.5359763],[24.4971407,44.5351985],[24.5013169,44.5336299],[24.5020989,44.5334352],[24.5038497,44.5328713],[24.5046487,44.5326595],[24.5050507,44.5325802],[24.5057666,44.5326408],[24.5070472,44.532529],[24.5081034,44.5324933],[24.5097333,44.5325685],[24.5101892,44.532485],[24.5104621,44.5324944],[24.5108043,44.5323561],[24.5115732,44.5322071],[24.511829,44.5321877],[24.5119387,44.5322493],[24.5122981,44.5322762],[24.5126632,44.5320493],[24.5128213,44.5318831],[24.5125851,44.5317516],[24.5128504,44.5313518],[24.5132112,44.5303287],[24.5135451,44.5290812],[24.5135154,44.5288721],[24.5133125,44.5284095],[24.5131972,44.5280797],[24.5130245,44.5277428],[24.5120218,44.5265171],[24.5112682,44.5251273],[24.5110183,44.5244194],[24.5108946,44.5235354],[24.5110019,44.5223561],[24.5113784,44.5218119],[24.5005961,44.5168188],[24.5017386,44.5142598],[24.5030281,44.5111518],[24.5030478,44.5110494],[24.5030611,44.5109805],[24.5040871,44.5084622],[24.5058087,44.5047175],[24.5068394,44.5022228],[24.5094397,44.4964169],[24.5102778,44.4947087],[24.5112396,44.4920719],[24.5180727,44.4929347],[24.5213263,44.4934418],[24.5315453,44.4947673],[24.5373256,44.4956153],[24.5424049,44.4962752],[24.5443106,44.4964935],[24.5474246,44.4967276],[24.5476936,44.4960126],[24.5479934,44.4955759],[24.5478384,44.4948514],[24.5476963,44.4945249],[24.5477315,44.493493],[24.5478417,44.4927666],[24.5478995,44.4926003]]]}},{"type":"Feature","properties":{"entity_id":"osm-r9744251","jurisdiction":"RO","display_name":"POTCOAVA","display_type":"town","admin_level":8,"tier":"local","legal_registry":"SIRUTA","legal_id":"128374","legal_type":"town","parent_catalog_id":"osm-r2366978","osm_relation_id":9744251,"legal_identity_status":"reconciled","geometry_source":"OpenStreetMap","geometry_precision":"master_coordinate_fidelity"},"geometry":{"type":"Polygon","coordinates":[[[24.5478995,44.4926003],[24.5479178,44.4922634],[24.548143,44.4910393],[24.5481968,44.4902789],[24.5483822,44.4894954],[24.5487372,44.4888052],[24.5489732,44.4885345],[24.5505328,44.4861886],[24.5508687,44.4858574],[24.5511415,44.4854391],[24.5511976,44.4853065],[24.5512322,44.4847708],[24.5521287,44.4819717],[24.5523615,44.4807444],[24.5524589,44.4806154],[24.552815,44.4803661],[24.5530302,44.4800185],[24.5537575,44.4794422],[24.5547751,44.4784427],[24.5559523,44.4771862],[24.5604237,44.4772507],[24.5650805,44.476801],[24.565882,44.4767696],[24.5678966,44.4768094],[24.5698283,44.4767094],[24.5697785,44.4764442],[24.5698194,44.476228],[24.5700913,44.4757699],[24.5704489,44.4754191],[24.5710561,44.4750642],[24.5713781,44.4747862],[24.5715481,44.4746082],[24.5717089,44.4743002],[24.5716967,44.4735832],[24.5720237,44.4730914],[24.5720456,44.4729552],[24.5720115,44.4726753],[24.5717531,44.4721712],[24.5718379,44.4719712],[24.5721218,44.4717362],[24.5723794,44.4716251],[24.5726865,44.471568],[24.573385,44.4715572],[24.5738925,44.4714917],[24.574474,44.4706081],[24.5752357,44.4699401],[24.5752617,44.4696871],[24.5751007,44.4691976],[24.5751577,44.469077],[24.5753395,44.4689281],[24.5758308,44.4687286],[24.5757872,44.4686479],[24.5753143,44.468534],[24.5751548,44.4683005],[24.5752308,44.4677375],[24.5752878,44.4676501],[24.5758059,44.4673026],[24.5759111,44.4666708],[24.5760676,44.4665386],[24.5761354,44.4663487],[24.5761107,44.4662739],[24.5759877,44.4662327],[24.5760041,44.4661423],[24.5767892,44.4655623],[24.576834,44.4654855],[24.576804,44.4652636],[24.5766312,44.4650954],[24.5761047,44.4648229],[24.5759259,44.4646276],[24.5758017,44.464317],[24.5754765,44.4642502],[24.5752654,44.4641543],[24.5750098,44.4639432],[24.5748754,44.4637277],[24.5745655,44.4637265],[24.5742602,44.463533],[24.5738963,44.4635723],[24.5738247,44.4634159],[24.5736421,44.4633156],[24.5735272,44.4630277],[24.5734359,44.4629708],[24.5732398,44.4629904],[24.5730979,44.4629356],[24.5729553,44.4627567],[24.5729131,44.4624872],[24.5727059,44.462285],[24.5726064,44.461626],[24.573181,44.4613113],[24.5734243,44.4613416],[24.5737313,44.461293],[24.5739422,44.4614251],[24.5746846,44.4613675],[24.5749486,44.4611535],[24.5752767,44.4610003],[24.5754245,44.4609434],[24.5756648,44.4609434],[24.5757238,44.4606517],[24.5760535,44.4605398],[24.5760609,44.4603949],[24.5759573,44.4602859],[24.5762226,44.4600495],[24.5762548,44.4599614],[24.5762384,44.4597906],[24.5761093,44.4595683],[24.575899,44.4594738],[24.5758134,44.4591249],[24.5759012,44.4587378],[24.5760717,44.4586234],[24.5763765,44.4585566],[24.5764654,44.4584508],[24.5775217,44.4586059],[24.5783254,44.4584906],[24.5788538,44.4583247],[24.5789589,44.4582302],[24.5791315,44.4582251],[24.5791913,44.4582829],[24.5792823,44.4582887],[24.579474,44.4582472],[24.5795399,44.4581892],[24.579663,44.4582094],[24.5799469,44.4579156],[24.5800923,44.4579264],[24.580286,44.4577998],[24.5804694,44.4578153],[24.5805178,44.4577776],[24.580287,44.4576568],[24.5804348,44.457207],[24.5803832,44.4569516],[24.5792148,44.4555287],[24.5790524,44.4552232],[24.5793363,44.4546708],[24.5796487,44.4542136],[24.5797856,44.4536865],[24.5799284,44.453559],[24.5801139,44.4534554],[24.5807084,44.4532722],[24.5810288,44.4532858],[24.5814727,44.4532123],[24.582125,44.4529243],[24.5822537,44.4529155],[24.5825528,44.4530313],[24.582852,44.4531471],[24.582944,44.4531404],[24.5830518,44.4532298],[24.5834685,44.4531692],[24.5835608,44.453226],[24.5837442,44.4532253],[24.5838828,44.4534334],[24.584126,44.4533453],[24.5843561,44.453601],[24.5844643,44.4536424],[24.5847446,44.4536095],[24.5846375,44.4534199],[24.5849147,44.4532768],[24.5849512,44.4531315],[24.585117,44.4531166],[24.585424,44.4532152],[24.5855238,44.4530545],[24.5855926,44.4530802],[24.5856998,44.45326],[24.5858518,44.453245],[24.5858907,44.453046],[24.5857818,44.4528806],[24.5858042,44.4528037],[24.5861176,44.4527008],[24.5864,44.4524794],[24.5862101,44.452292],[24.5861612,44.4521396],[24.5861945,44.4516721],[24.5865659,44.4513699],[24.586595,44.4512004],[24.5869201,44.4511288],[24.5869392,44.4509578],[24.5868526,44.4508221],[24.5871371,44.4505765],[24.5873082,44.4505999],[24.5874041,44.4505561],[24.5875576,44.4503033],[24.587314,44.4501242],[24.5873204,44.4500615],[24.5876463,44.4496725],[24.5878324,44.449542],[24.5878158,44.4493638],[24.5880033,44.449316],[24.5879708,44.4491277],[24.5892354,44.4483557],[24.5896447,44.4481989],[24.5898173,44.4482837],[24.5900226,44.4481421],[24.5900292,44.4480523],[24.5901834,44.4479246],[24.5902662,44.4477652],[24.5904578,44.4476904],[24.5904367,44.4475762],[24.5902544,44.4474515],[24.5902451,44.4470813],[24.5902835,44.4467193],[24.5904809,44.446301],[24.5911987,44.4458826],[24.5921673,44.4455643],[24.5927025,44.4449568],[24.5932285,44.4446422],[24.593676,44.4439564],[24.5939138,44.4437635],[24.5941096,44.4436821],[24.59461,44.4436247],[24.59512,44.4433205],[24.5956972,44.4431247],[24.5957328,44.4430566],[24.595929,44.4429568],[24.5960404,44.4427975],[24.595981,44.4423306],[24.5960348,44.4421567],[24.5965361,44.4418808],[24.5965377,44.4416529],[24.5964555,44.4415736],[24.5964908,44.4415486],[24.5966488,44.4415348],[24.5968531,44.4417079],[24.5969956,44.441764],[24.5971539,44.441709],[24.5973479,44.4415607],[24.5978649,44.4418336],[24.5980127,44.4418413],[24.5980604,44.4418253],[24.5980471,44.4415883],[24.5982439,44.4414789],[24.598551,44.4415361],[24.5988428,44.4414839],[24.5992464,44.4415372],[24.5998528,44.4412151],[24.6013478,44.4406742],[24.6015554,44.4407119],[24.6015565,44.4407857],[24.6014236,44.4408984],[24.6013743,44.4410332],[24.6014485,44.4411092],[24.601611,44.4411536],[24.6018272,44.4411186],[24.602006,44.4408919],[24.6023579,44.440817],[24.6022833,44.4405653],[24.6023045,44.4404281],[24.602231,44.4402986],[24.6023454,44.4400633],[24.6021075,44.4398977],[24.6020944,44.4398315],[24.6021537,44.4397433],[24.6026336,44.4394882],[24.6026105,44.4392281],[24.6026857,44.4391138],[24.6027468,44.4390946],[24.6030304,44.4391618],[24.6031822,44.4390606],[24.6031737,44.4389863],[24.6029434,44.4388018],[24.6030176,44.4385033],[24.6029699,44.4382254],[24.6035,44.4379568],[24.6040527,44.4379281],[24.6042809,44.437861],[24.604389,44.4378727],[24.6045092,44.4381024],[24.6049149,44.4381346],[24.6050031,44.4380945],[24.6050872,44.4378154],[24.6053182,44.4376757],[24.6054097,44.4374871],[24.6055296,44.4374358],[24.6057616,44.4372145],[24.605717,44.4371465],[24.605384,44.4370355],[24.6056788,44.4368392],[24.6056956,44.4366415],[24.605864,44.4365496],[24.6056841,44.4364362],[24.6056562,44.4363604],[24.6059459,44.43628],[24.6062266,44.4363771],[24.6063222,44.4363682],[24.6067027,44.4362014],[24.6067248,44.4359981],[24.6065863,44.4358664],[24.6068297,44.4357452],[24.6068197,44.4357063],[24.6064567,44.4355683],[24.6064045,44.4354503],[24.606461,44.4353572],[24.6066286,44.4353666],[24.606691,44.4353165],[24.6067901,44.4350619],[24.6066939,44.4349044],[24.6068182,44.4348811],[24.6069914,44.4349721],[24.6072069,44.4349358],[24.607253,44.4348649],[24.6072077,44.4345835],[24.6073053,44.434532],[24.6076179,44.4345271],[24.607561,44.4343757],[24.6076985,44.4342354],[24.6077161,44.4340813],[24.6081391,44.4338012],[24.6083589,44.4337501],[24.6084216,44.4336525],[24.6083207,44.433578],[24.6083315,44.4335113],[24.6085972,44.4333967],[24.609138,44.4333096],[24.6095425,44.4331717],[24.6099166,44.4328282],[24.6098331,44.4326175],[24.609898,44.4325095],[24.6100893,44.4323812],[24.6104835,44.4322388],[24.6102014,44.4318678],[24.6102847,44.4317236],[24.6103211,44.4314441],[24.6106368,44.4310953],[24.6105349,44.4309097],[24.6107014,44.4308478],[24.6107291,44.4306853],[24.6116903,44.4302582],[24.6114974,44.4301113],[24.611498,44.4300248],[24.6117296,44.4300203],[24.6119222,44.4301286],[24.6121291,44.4301435],[24.6122091,44.4299611],[24.6125691,44.4300319],[24.6127541,44.4297249],[24.6129296,44.4296878],[24.6130779,44.4297738],[24.6132093,44.4300586],[24.6133595,44.4300891],[24.6137779,44.4298373],[24.6149258,44.4295303],[24.6154316,44.4289292],[24.6154361,44.428708],[24.6157015,44.4287019],[24.6156973,44.4286077],[24.6155953,44.4285586],[24.6153204,44.4285332],[24.6153136,44.4284652],[24.6154775,44.4283454],[24.6157667,44.4284109],[24.6158474,44.4283606],[24.6157957,44.4280814],[24.6155826,44.4279098],[24.6156182,44.4277207],[24.6161581,44.4278063],[24.6163572,44.4278819],[24.6165365,44.4278584],[24.616623,44.428055],[24.6174278,44.4284813],[24.6182924,44.4290253],[24.618397,44.4291543],[24.6188411,44.4292998],[24.6193041,44.4297134],[24.6197049,44.4299133],[24.619827,44.4300577],[24.6202788,44.4303679],[24.6208461,44.4304887],[24.6214624,44.430459],[24.622711,44.4302912],[24.6232901,44.4302957],[24.6240082,44.430649],[24.6242992,44.4310528],[24.6245387,44.4312311],[24.6248022,44.4312665],[24.6253739,44.4311324],[24.6260663,44.430793],[24.6269715,44.4304341],[24.6302891,44.4292661],[24.6324792,44.4283517],[24.6350615,44.427199],[24.6354238,44.427097],[24.6360916,44.4269906],[24.636621,44.4270901],[24.6366855,44.4269595],[24.6369085,44.4269989],[24.6371345,44.4265625],[24.6378197,44.4262149],[24.6395216,44.424852],[24.6403232,44.4243325],[24.6412517,44.4238215],[24.6414103,44.4237837],[24.6415242,44.4238171],[24.6415796,44.4238054],[24.6417503,44.4241253],[24.6425621,44.4249897],[24.6441005,44.4262677],[24.6446927,44.4280358],[24.645112,44.4290617],[24.6456602,44.4299152],[24.6462316,44.431173],[24.6467209,44.4318054],[24.6471625,44.4322766],[24.6478048,44.4333218],[24.6490587,44.4344597],[24.6501336,44.4353303],[24.6518167,44.4370802],[24.6523846,44.4378542],[24.6524533,44.4385946],[24.652608,44.4389595],[24.6531119,44.4398341],[24.6536177,44.4405416],[24.6544984,44.4416276],[24.6552321,44.4423067],[24.6561778,44.4430521],[24.657529,44.4442325],[24.6577614,44.4444785],[24.658311,44.44522],[24.6596474,44.4475904],[24.6617309,44.4499627],[24.6623468,44.4507997],[24.6652317,44.4543038],[24.6655663,44.4542854],[24.6666413,44.4538402],[24.6671776,44.4536952],[24.6687662,44.4529826],[24.6699526,44.4523524],[24.6709914,44.4518934],[24.6712952,44.4516932],[24.6716845,44.4519146],[24.6720041,44.4522698],[24.6723756,44.4529593],[24.6728182,44.4535],[24.6730631,44.4535937],[24.673737,44.4536144],[24.6740257,44.4537404],[24.6784415,44.4561259],[24.6795604,44.4567839],[24.6816252,44.4584969],[24.682794,44.4595506],[24.68293,44.4596462],[24.6840795,44.460857],[24.6848305,44.4615181],[24.6857972,44.46208],[24.6879462,44.4635415],[24.6919752,44.4664309],[24.6936489,44.4675047],[24.6948028,44.4681505],[24.694427,44.4688443],[24.6932864,44.471392],[24.6930674,44.472204],[24.6925612,44.4730222],[24.6910721,44.4764014],[24.689783,44.4790283],[24.688879,44.4810473],[24.6887935,44.4817793],[24.6889081,44.4817307],[24.6891902,44.4818454],[24.6894319,44.4818032],[24.6897451,44.4820384],[24.6898871,44.482071],[24.6900202,44.4820472],[24.6888596,44.4829644],[24.6882921,44.4833193],[24.687835,44.4836801],[24.6876249,44.483906],[24.6873516,44.4844031],[24.6866834,44.4844519],[24.6854875,44.4846295],[24.6841275,44.4849305],[24.6833135,44.4849249],[24.6825956,44.4851231],[24.6825974,44.4852158],[24.6828398,44.4852942],[24.6828809,44.4855853],[24.682774,44.4856892],[24.6822441,44.485739],[24.6821698,44.4858017],[24.6821763,44.4858728],[24.6822799,44.4859542],[24.6826544,44.4859817],[24.6827165,44.4860481],[24.6826951,44.4861539],[24.682586,44.4862215],[24.6822256,44.4861543],[24.682075,44.4862068],[24.6820191,44.486291],[24.682173,44.4864834],[24.6819603,44.4864729],[24.681845,44.4863997],[24.6814293,44.4863109],[24.6811994,44.4864757],[24.6811876,44.4865286],[24.6814219,44.4867525],[24.6814354,44.4868336],[24.6811156,44.4873738],[24.6810973,44.487671],[24.6814583,44.4880526],[24.6814993,44.4881603],[24.681372,44.4881765],[24.6812638,44.4880951],[24.681148,44.4881245],[24.6811213,44.4883091],[24.6812266,44.4885047],[24.6809977,44.4889194],[24.680787,44.4889651],[24.680718,44.4889004],[24.6805082,44.4883587],[24.680045,44.4884715],[24.6798776,44.4886432],[24.679826,44.4887787],[24.6802193,44.4887418],[24.6802835,44.4888511],[24.6799205,44.4890727],[24.6799223,44.4891736],[24.6800538,44.4892352],[24.6798587,44.4893753],[24.6797513,44.4895587],[24.6791331,44.4896877],[24.6789974,44.48978],[24.6789534,44.4899016],[24.6789993,44.4899554],[24.6792641,44.490049],[24.6789087,44.4904923],[24.6787183,44.4905062],[24.678606,44.4904708],[24.6783935,44.4903134],[24.6781569,44.490323],[24.6779623,44.4905639],[24.677494,44.4907483],[24.6772113,44.4912757],[24.6767337,44.491375],[24.6765946,44.4914798],[24.6763327,44.4919021],[24.6761447,44.4920006],[24.6757551,44.4920284],[24.6755438,44.4921578],[24.6755588,44.4925263],[24.6753817,44.492728],[24.6753811,44.4928312],[24.675635,44.4928175],[24.6758906,44.4930122],[24.6761015,44.4929488],[24.6761821,44.4929759],[24.6762392,44.4930937],[24.6761098,44.4935267],[24.6762223,44.4937084],[24.6764179,44.4938121],[24.6765793,44.493827],[24.6770471,44.4937376],[24.6771795,44.4937834],[24.6772052,44.4938392],[24.676955,44.4942078],[24.6768609,44.4945315],[24.6769385,44.4945957],[24.6772532,44.4945389],[24.677374,44.4945991],[24.6773719,44.4947604],[24.6771993,44.4950224],[24.6773244,44.495543],[24.677303,44.4957029],[24.6772359,44.4957377],[24.6769662,44.4956964],[24.6767758,44.495729],[24.6766516,44.4958776],[24.67683,44.4961466],[24.6767544,44.4964522],[24.6771832,44.4966049],[24.6772911,44.4968047],[24.6772715,44.4968712],[24.6770824,44.49685],[24.6770212,44.4969003],[24.6770359,44.4971388],[24.6771506,44.4972768],[24.6770505,44.4973958],[24.6771105,44.497568],[24.6769496,44.4976707],[24.6768586,44.4978843],[24.6768966,44.4980516],[24.6771546,44.4982064],[24.6771794,44.4982868],[24.677143,44.4986473],[24.676997,44.4989562],[24.6770738,44.4991499],[24.6773116,44.499239],[24.6775076,44.4994297],[24.6777525,44.4994682],[24.6778858,44.499933],[24.6781704,44.5000424],[24.6782083,44.5001055],[24.6781487,44.5002134],[24.6781721,44.5004254],[24.6780953,44.5006747],[24.6779668,44.5007759],[24.6776754,44.500854],[24.67732,44.5007778],[24.6768162,44.5009192],[24.6770443,44.5012131],[24.6770701,44.5013307],[24.6774123,44.5013794],[24.6773042,44.5015916],[24.677334,44.5016753],[24.6776429,44.5018079],[24.6776468,44.5018822],[24.6774121,44.5020395],[24.6774376,44.502131],[24.6778163,44.5021755],[24.6778788,44.5022205],[24.677843,44.5024618],[24.6777537,44.502573],[24.6777564,44.5028611],[24.6775606,44.5030247],[24.6773405,44.5029979],[24.6772349,44.503042],[24.6772155,44.5036156],[24.6769765,44.5037259],[24.6768318,44.5038506],[24.6766102,44.5038702],[24.675625,44.5038726],[24.6747396,44.5037979],[24.6732274,44.5039487],[24.6724548,44.50382],[24.6716906,44.5041159],[24.6710702,44.5040756],[24.6697384,44.5042281],[24.6693955,44.5041907],[24.6695488,44.503619],[24.669515,44.5035241],[24.668635,44.5036072],[24.6680091,44.5036185],[24.6672933,44.5039462],[24.6672108,44.5042171],[24.6667837,44.5042225],[24.6664984,44.5063091],[24.6664989,44.5070054],[24.6663884,44.507698],[24.6662681,44.5079829],[24.6661209,44.5079664],[24.6653694,44.5075106],[24.6645577,44.5072431],[24.6641383,44.5072316],[24.6636935,44.5073839],[24.6634359,44.5073509],[24.6626803,44.5069583],[24.6619965,44.5066826],[24.6618066,44.5066872],[24.6612713,44.5069124],[24.6608906,44.5069566],[24.6605785,44.5071473],[24.6604823,44.5071573],[24.6598158,44.5068371],[24.6584579,44.5063925],[24.6582537,44.50624],[24.6580444,44.5059994],[24.6577938,44.5054941],[24.6578192,44.5053522],[24.6581121,44.5049551],[24.6580048,44.5047704],[24.6563369,44.5030771],[24.6553619,44.5021933],[24.6551589,44.5021892],[24.6550715,44.502132],[24.6544817,44.5015483],[24.6539075,44.5008953],[24.6535159,44.5005694],[24.6528079,44.4998349],[24.6527704,44.4997704],[24.6529511,44.4996951],[24.6529823,44.4995831],[24.6526643,44.4991529],[24.651949,44.4984994],[24.6515506,44.4982505],[24.6515539,44.4983568],[24.6514523,44.4984258],[24.6484791,44.4997797],[24.6482738,44.4998367],[24.6478889,44.4997915],[24.6477482,44.4998141],[24.647308,44.5001125],[24.6483625,44.5001001],[24.6478836,44.5003204],[24.6462455,44.5012462],[24.6458152,44.5014988],[24.6458532,44.5015321],[24.6456554,44.5016476],[24.6366589,44.506741],[24.6379029,44.5074193],[24.6379454,44.5074979],[24.6376621,44.5077645],[24.6366938,44.5084338],[24.6361441,44.5085816],[24.6357884,44.5087779],[24.6347507,44.5087788],[24.6341912,44.5086542],[24.6339022,44.5087036],[24.6322384,44.5094323],[24.6300713,44.5102992],[24.6297333,44.5105058],[24.6296176,44.5106939],[24.6295985,44.510746],[24.6272482,44.5100213],[24.6254838,44.5095833],[24.6244677,44.5092162],[24.6234513,44.5090093],[24.6222422,44.5086993],[24.6193549,44.507871],[24.6117871,44.5062683],[24.6119165,44.5058056],[24.6105523,44.5055535],[24.6105123,44.5046035],[24.6090773,44.5045583],[24.6073987,44.5044313],[24.6075683,44.5049987],[24.6073393,44.5050007],[24.6074947,44.5055757],[24.6074516,44.5055748],[24.6010342,44.5047145],[24.6007685,44.5046489],[24.6006724,44.5045144],[24.6006712,44.5043104],[24.6008001,44.5040784],[24.6010212,44.5038933],[24.600954,44.5037641],[24.6006975,44.503676],[24.6004061,44.5036635],[24.600275,44.5037008],[24.5998617,44.5040379],[24.5994752,44.5040989],[24.5992469,44.5039497],[24.599127,44.5037114],[24.5987961,44.5035289],[24.5982641,44.503453],[24.5975087,44.5035104],[24.5971312,44.5036602],[24.5968951,44.5036084],[24.5967696,44.5035011],[24.5967384,44.503344],[24.5962902,44.5031923],[24.5960312,44.5029469],[24.5960059,44.5028488],[24.5958608,44.5027749],[24.595819,44.5025181],[24.5958916,44.5024146],[24.5956828,44.502209],[24.5955006,44.5019227],[24.5955125,44.5017161],[24.5956199,44.5015825],[24.5957934,44.50154],[24.5961172,44.5015693],[24.5962,44.5015348],[24.5964485,44.5013228],[24.5966597,44.5010178],[24.5945107,44.499963],[24.5925052,44.4990532],[24.5918077,44.4988408],[24.5915106,44.4986474],[24.5912028,44.498353],[24.5908714,44.4982019],[24.5904998,44.4978324],[24.5890022,44.4971749],[24.5882012,44.4967059],[24.586934,44.4958442],[24.5866508,44.4961284],[24.5855554,44.4967472],[24.5853289,44.4969529],[24.5849047,44.4975442],[24.5845952,44.4978124],[24.5843251,44.4978183],[24.5829368,44.4973925],[24.5825476,44.4975962],[24.5818419,44.4978244],[24.5810458,44.4985104],[24.5801785,44.499002],[24.5799528,44.4990312],[24.5793472,44.4990089],[24.5775259,44.5004137],[24.5772601,44.5008085],[24.5770848,44.5009343],[24.5769594,44.5011037],[24.5740954,44.500342],[24.5697467,44.4990652],[24.560432,44.4962447],[24.5604379,44.496213],[24.5599032,44.4960285],[24.5541945,44.4943191],[24.5481741,44.4926799],[24.5478995,44.4926003]]]}},{"type":"Feature","properties":{"entity_id":"osm-r9744252","jurisdiction":"RO","display_name":"SLATINA","display_type":"municipality","admin_level":8,"tier":"local","legal_registry":"SIRUTA","legal_id":"125347","legal_type":"municipality","parent_catalog_id":"osm-r2366978","osm_relation_id":9744252,"legal_identity_status":"reconciled","geometry_source":"OpenStreetMap","geometry_precision":"master_coordinate_fidelity"},"geometry":{"type":"Polygon","coordinates":[[[24.3636424,44.3989011],[24.3641675,44.3989716],[24.3646927,44.3990421],[24.3666967,44.3991536],[24.3666067,44.3990122],[24.36731,44.3991152],[24.3675735,44.3989047],[24.3673401,44.3985501],[24.3667094,44.3984023],[24.366578,44.397911],[24.3663468,44.3975976],[24.3656649,44.3956106],[24.3653895,44.3953586],[24.3647375,44.3945879],[24.364711,44.3939991],[24.3647935,44.3939413],[24.3669664,44.3937806],[24.3671014,44.3940408],[24.3681593,44.394942],[24.3683578,44.3950384],[24.3695891,44.3953895],[24.3696168,44.3954555],[24.3703094,44.3954987],[24.3732598,44.3958657],[24.373493,44.3958162],[24.3736316,44.3937691],[24.3735254,44.392567],[24.3735652,44.3919554],[24.3733762,44.3910793],[24.3735393,44.3904463],[24.3734826,44.3897524],[24.3739161,44.3896631],[24.3745439,44.3896292],[24.3751372,44.389707],[24.375418,44.3897887],[24.3761952,44.3902246],[24.3772138,44.3902864],[24.377321,44.3903247],[24.3772265,44.3907979],[24.3773293,44.3911351],[24.3775432,44.3913408],[24.3775652,44.3914575],[24.3775018,44.3915973],[24.3772878,44.3917085],[24.3769592,44.39184],[24.3763978,44.3918437],[24.3761665,44.3924427],[24.3751523,44.3923803],[24.3752283,44.3926594],[24.3766836,44.3927334],[24.3766534,44.3929787],[24.3764449,44.3932095],[24.3753108,44.3932042],[24.3753475,44.3933292],[24.3770372,44.3934845],[24.3777263,44.3937732],[24.3780737,44.3934349],[24.3787611,44.3932511],[24.3801899,44.3932459],[24.380185,44.3935566],[24.3810945,44.3936397],[24.3827225,44.393588],[24.3827646,44.3951146],[24.3833836,44.3965834],[24.3832182,44.396926],[24.3830281,44.3971338],[24.3828829,44.3974353],[24.3826174,44.3977736],[24.3826079,44.3979412],[24.3828999,44.3982506],[24.3828712,44.3984236],[24.3827783,44.3985055],[24.3831192,44.3985431],[24.3832205,44.3990078],[24.3836735,44.3988442],[24.3839666,44.3988688],[24.3841413,44.3990071],[24.3842854,44.3993737],[24.3840884,44.3995811],[24.3834956,44.399903],[24.3834062,44.4001182],[24.3835904,44.40027],[24.3837422,44.4003238],[24.3843234,44.4003827],[24.3846181,44.4002607],[24.3855493,44.399672],[24.3857761,44.3996138],[24.3859348,44.3996484],[24.3857021,44.3998762],[24.3853535,44.400038],[24.3852303,44.4002232],[24.3849943,44.4004098],[24.3847309,44.4005175],[24.3846593,44.4006221],[24.3847151,44.4006831],[24.3852099,44.4008165],[24.3858292,44.4011775],[24.3865147,44.4014156],[24.3868175,44.401585],[24.3874797,44.4022848],[24.3877901,44.4025289],[24.3878316,44.4026781],[24.3876629,44.4029014],[24.3876415,44.4030609],[24.3903331,44.4029052],[24.3937128,44.402679],[24.3946627,44.4027992],[24.3947195,44.4025633],[24.3951046,44.4019544],[24.3962353,44.400778],[24.3965481,44.4006418],[24.3970476,44.4001765],[24.3974174,44.400056],[24.3978711,44.399778],[24.3983956,44.3992925],[24.3986141,44.3993517],[24.3988297,44.3988938],[24.3989014,44.3985033],[24.3989188,44.398069],[24.398802,44.3972025],[24.3993197,44.3970227],[24.3997746,44.3966901],[24.4002586,44.3961806],[24.4002635,44.3957087],[24.4005188,44.3950922],[24.4003929,44.3950002],[24.3987999,44.3948785],[24.398675,44.3933044],[24.3989537,44.393301],[24.3994343,44.3934503],[24.3999914,44.3935212],[24.4014097,44.3952314],[24.4016726,44.395207],[24.4020418,44.394986],[24.4023805,44.394474],[24.4027106,44.3942315],[24.4059662,44.3924333],[24.4067135,44.3920845],[24.4076754,44.391773],[24.4104794,44.390657],[24.4119409,44.3921639],[24.4164494,44.3968151],[24.4210919,44.3945448],[24.4232063,44.3968673],[24.4253068,44.3990528],[24.4264975,44.4005686],[24.424898,44.4013594],[24.4169628,44.4052822],[24.4214392,44.4098187],[24.4266517,44.4149063],[24.4278325,44.4159478],[24.4280557,44.4162955],[24.4334868,44.4216847],[24.4259175,44.4234858],[24.4253125,44.4261564],[24.4247369,44.4263199],[24.4244485,44.4266213],[24.4233508,44.4283024],[24.4203788,44.4319062],[24.4184237,44.434454],[24.4178183,44.4350825],[24.4168659,44.4362094],[24.4163097,44.4371379],[24.4161367,44.4373113],[24.4154798,44.4382731],[24.4143196,44.4398027],[24.413729,44.4404753],[24.4130427,44.4414844],[24.4131176,44.4415349],[24.4126429,44.441801],[24.4110181,44.4440895],[24.4094956,44.4459858],[24.4084577,44.4474305],[24.4053311,44.4512827],[24.4044378,44.452761],[24.403751,44.4536636],[24.403453,44.4539214],[24.4024595,44.4556737],[24.4016033,44.4569215],[24.4013227,44.4574186],[24.4012692,44.4576773],[24.4011376,44.457947],[24.4010752,44.4580748],[24.4079985,44.4624517],[24.407996,44.4624687],[24.4072723,44.466097],[24.4070256,44.4668605],[24.406858,44.4682901],[24.4064684,44.4693714],[24.4062964,44.4695884],[24.4060082,44.4702698],[24.40606,44.4704679],[24.4061938,44.4705785],[24.4037237,44.4779601],[24.4035653,44.4779239],[24.3999117,44.4770411],[24.3940827,44.4760811],[24.392067,44.4756321],[24.3917576,44.4756113],[24.3908361,44.4754392],[24.3856672,44.4743289],[24.3850266,44.4741551],[24.3835556,44.4740202],[24.3803936,44.4735137],[24.3802491,44.4734906],[24.3799975,44.4734866],[24.3798874,44.4734848],[24.3798496,44.4735667],[24.3794351,44.474671],[24.37894,44.4764871],[24.3788259,44.476617],[24.3783836,44.4767022],[24.3778767,44.4766732],[24.3766488,44.4767822],[24.3755044,44.4767884],[24.3749054,44.4766949],[24.3736216,44.4759932],[24.3732831,44.4756882],[24.3730631,44.4754715],[24.3730549,44.4750043],[24.3729893,44.4748579],[24.372577,44.4744231],[24.3721976,44.474366],[24.3717543,44.4742046],[24.3712157,44.4741505],[24.3705988,44.4741809],[24.3699253,44.4741352],[24.3697453,44.4740803],[24.3678056,44.473852],[24.3677352,44.4737325],[24.3678942,44.4734406],[24.3685372,44.472623],[24.3687043,44.4725262],[24.3658562,44.4718931],[24.3654417,44.4716837],[24.3651635,44.4714436],[24.3649393,44.4713992],[24.3600586,44.4704334],[24.3592279,44.470269],[24.3590715,44.4702285],[24.356831,44.4696484],[24.3561544,44.4694891],[24.35383,44.4689417],[24.3503128,44.4683243],[24.3501147,44.4650562],[24.3498271,44.462233],[24.3446704,44.4621768],[24.3440776,44.4617269],[24.3438541,44.4612991],[24.3438488,44.4592689],[24.3434978,44.4584231],[24.3435886,44.458278],[24.3439116,44.4580681],[24.3439031,44.458022],[24.3435608,44.4579728],[24.3435169,44.4579157],[24.3435695,44.4573831],[24.3435314,44.4565502],[24.3433756,44.4562408],[24.3430391,44.4557485],[24.3430384,44.4556131],[24.3427988,44.4554204],[24.3424533,44.4552772],[24.3424561,44.4552287],[24.3425343,44.4551],[24.3426699,44.4550798],[24.3441953,44.4554768],[24.3448509,44.4537826],[24.3458392,44.4525651],[24.3446193,44.4522265],[24.3439932,44.4519425],[24.3441918,44.4513604],[24.3446292,44.4506793],[24.3449079,44.4500411],[24.3449536,44.4496329],[24.3452902,44.4493197],[24.3454441,44.449101],[24.3454096,44.4490162],[24.3450316,44.4487368],[24.3450874,44.4484122],[24.345198,44.4482175],[24.3451535,44.4480625],[24.3452962,44.4478098],[24.3453033,44.4475907],[24.3452276,44.4475034],[24.3421206,44.4466493],[24.3397311,44.4513052],[24.3310503,44.4490936],[24.3308996,44.4490927],[24.3299907,44.4477765],[24.3301848,44.4470728],[24.3305577,44.447058],[24.3307501,44.4466882],[24.3307804,44.4465123],[24.3305465,44.4461702],[24.3302969,44.4459308],[24.3301379,44.4460754],[24.3298922,44.4461876],[24.329177,44.4463324],[24.328756,44.4464983],[24.328481,44.4466832],[24.328087,44.4467937],[24.3265648,44.445976],[24.3251715,44.4451617],[24.3245383,44.444883],[24.3230987,44.4459463],[24.3224267,44.4465888],[24.3220037,44.4476161],[24.3219055,44.4480925],[24.3213114,44.4480632],[24.3206126,44.4479488],[24.320581,44.446621],[24.321222,44.4436837],[24.3231337,44.4405746],[24.3257388,44.4370961],[24.3262128,44.4364631],[24.342316,44.4208615],[24.34869,44.4139704],[24.3494833,44.4028037],[24.356507,44.4029804],[24.3569552,44.4028716],[24.3583901,44.4020047],[24.3596499,44.4014312],[24.3610469,44.4008684],[24.3616864,44.4005002],[24.3627143,44.3998043],[24.3631963,44.3994435],[24.3634915,44.399111],[24.3636424,44.3989011]]]}},{"type":"Feature","properties":{"entity_id":"osm-r9744253","jurisdiction":"RO","display_name":"PIATRA-OLT","display_type":"town","admin_level":8,"tier":"local","legal_registry":"SIRUTA","legal_id":"128105","legal_type":"town","parent_catalog_id":"osm-r2366978","osm_relation_id":9744253,"legal_identity_status":"reconciled","geometry_source":"OpenStreetMap","geometry_precision":"master_coordinate_fidelity"},"geometry":{"type":"Polygon","coordinates":[[[24.349075,44.3860183],[24.3469055,44.3855298],[24.3463352,44.3856696],[24.3461739,44.3857518],[24.3454061,44.3854478],[24.3446513,44.385333],[24.3443367,44.385147],[24.3433981,44.3849978],[24.3423845,44.3847724],[24.341686,44.3845473],[24.3391423,44.3840148],[24.3378366,44.3836915],[24.3372115,44.3834676],[24.3359192,44.3831881],[24.334698,44.382714],[24.3333849,44.3823721],[24.3301074,44.3812794],[24.3297316,44.3811216],[24.3297454,44.3808497],[24.3291659,44.3806549],[24.3268501,44.3799595],[24.326246,44.3798165],[24.325147,44.3794477],[24.3205797,44.3781694],[24.3197333,44.3778872],[24.3192335,44.3795104],[24.3192061,44.3801132],[24.3190454,44.3801779],[24.3187864,44.3801839],[24.3182649,44.3800371],[24.3187163,44.3805261],[24.3196613,44.3832077],[24.3192078,44.3832793],[24.3185313,44.3831952],[24.3148464,44.3820057],[24.3141773,44.3832547],[24.3139277,44.3838295],[24.3138386,44.3842245],[24.3133853,44.3848972],[24.3130549,44.3855596],[24.3123994,44.3865219],[24.3119571,44.3874321],[24.3104803,44.3900534],[24.3101181,44.3908652],[24.3099482,44.3909526],[24.3092067,44.3906143],[24.3056085,44.3891649],[24.3011074,44.387412],[24.29997,44.387008],[24.299874,44.3869834],[24.2996618,44.3869121],[24.295665,44.3856496],[24.29026,44.3839903],[24.2894376,44.3837719],[24.2892929,44.3836332],[24.2892472,44.3830297],[24.2889419,44.3820503],[24.2892151,44.3809041],[24.2835727,44.380986],[24.2820109,44.3810404],[24.2818183,44.3811103],[24.2782731,44.3812008],[24.2753574,44.3812152],[24.2703504,44.3813548],[24.2686349,44.3824349],[24.2571368,44.3890315],[24.2549271,44.3903549],[24.2557696,44.3906617],[24.2525663,44.39518],[24.2520884,44.3957679],[24.2513604,44.3968638],[24.250017,44.3983957],[24.2491719,44.3981773],[24.2488002,44.3985547],[24.2487259,44.3985357],[24.2480919,44.3988392],[24.2477137,44.3994525],[24.2481959,44.3993106],[24.2482063,44.3993857],[24.2479133,44.3995061],[24.247468,44.399614],[24.2474354,44.3996693],[24.2475901,44.3996768],[24.2482365,44.3995131],[24.2482962,44.3996857],[24.2481303,44.3997831],[24.2470345,44.3999438],[24.2470076,44.4000445],[24.2471513,44.400431],[24.2471224,44.4006377],[24.2468225,44.4008237],[24.2462257,44.4009761],[24.2460313,44.4011224],[24.2460124,44.401232],[24.2461837,44.4016336],[24.2462049,44.4019066],[24.2458264,44.4023031],[24.2451977,44.4027872],[24.2452087,44.4029455],[24.2454557,44.4029866],[24.2456113,44.4031989],[24.2458499,44.4033743],[24.2467596,44.4035934],[24.2475045,44.4039118],[24.2488889,44.4040025],[24.2489235,44.4040363],[24.2473441,44.4110111],[24.2388585,44.4105609],[24.2371188,44.4105047],[24.2365964,44.4104121],[24.2315094,44.4101484],[24.2314601,44.410472],[24.2304676,44.410454],[24.2303726,44.4105079],[24.2301447,44.4128306],[24.2300671,44.4128052],[24.229772,44.414393],[24.2231516,44.4131852],[24.2228045,44.4131413],[24.2205143,44.4131605],[24.2204534,44.4131193],[24.2201787,44.4124815],[24.2200425,44.4123388],[24.2198168,44.4122565],[24.2194759,44.4122536],[24.2194174,44.4122141],[24.2193272,44.4119156],[24.2190547,44.409891],[24.2188625,44.409543],[24.2185471,44.4092109],[24.2184312,44.4091547],[24.2182733,44.4076761],[24.2184824,44.4075645],[24.2190567,44.407461],[24.2192108,44.4073361],[24.219515,44.4060992],[24.2195325,44.4055717],[24.2182973,44.4045398],[24.2180781,44.4041389],[24.2182722,44.4024612],[24.2182655,44.4020249],[24.2184679,44.4017336],[24.2185678,44.4014597],[24.2185298,44.4013717],[24.2183552,44.4012371],[24.2183629,44.4010265],[24.2183708,44.4009897],[24.2187358,44.4009316],[24.2169373,44.4000076],[24.2166805,44.3999345],[24.2163886,44.3999185],[24.215745,44.39953],[24.2157767,44.3992494],[24.215609,44.3991307],[24.213469,44.3981332],[24.2128643,44.3977796],[24.2123666,44.3972023],[24.2119533,44.3963363],[24.2116955,44.3959809],[24.2114951,44.3957232],[24.2108292,44.3951229],[24.2104757,44.3946389],[24.2102022,44.3944478],[24.2095072,44.3942067],[24.2081835,44.3936011],[24.2079951,44.3935519],[24.2074541,44.3934414],[24.2063093,44.3934577],[24.2056931,44.3933913],[24.2037725,44.3929207],[24.2020903,44.392702],[24.2015209,44.3925065],[24.1999543,44.3921363],[24.1988615,44.3919487],[24.1984224,44.3919143],[24.1983569,44.3919169],[24.1938821,44.3919605],[24.1931526,44.392017],[24.1921685,44.392189],[24.1924639,44.3904514],[24.1936214,44.3846799],[24.1939759,44.3822741],[24.1941358,44.3819301],[24.1943326,44.3820312],[24.1942159,44.3815647],[24.1945474,44.37953],[24.1946145,44.3792961],[24.1954628,44.3791849],[24.1956313,44.3791141],[24.1956729,44.3787517],[24.195557,44.3783063],[24.1951986,44.3774596],[24.1951368,44.3766961],[24.1948586,44.3753455],[24.1948269,44.3748917],[24.1949098,44.3732101],[24.1951357,44.372546],[24.1955905,44.3718413],[24.1945716,44.3713812],[24.1938122,44.3709215],[24.1932958,44.3704843],[24.192805,44.3697629],[24.1933721,44.369264],[24.1933459,44.3682609],[24.1931991,44.367518],[24.1913986,44.3621965],[24.1929283,44.3609823],[24.1929301,44.3604497],[24.1927424,44.3599075],[24.1921167,44.3590158],[24.1917821,44.3584305],[24.1915599,44.3578093],[24.1913805,44.3574916],[24.1909234,44.3561054],[24.19092,44.3558794],[24.1911146,44.3555859],[24.1913147,44.3554428],[24.1927246,44.3550202],[24.1928498,44.3549502],[24.1943242,44.3544804],[24.2125223,44.352299],[24.2169392,44.3518358],[24.2169302,44.3517672],[24.2170342,44.3517407],[24.218851,44.3515782],[24.2177352,44.3469104],[24.217197,44.3449335],[24.2171283,44.3445052],[24.216972,44.3440786],[24.216553,44.3417805],[24.2160276,44.3397685],[24.215896,44.3394376],[24.2228712,44.3384026],[24.2229183,44.3382411],[24.2229653,44.3380795],[24.2243509,44.3391885],[24.226932,44.3416763],[24.2271278,44.3417689],[24.2274845,44.3417588],[24.2279197,44.341853],[24.2281933,44.3417959],[24.2321254,44.3456189],[24.2326803,44.3453316],[24.2338287,44.3463717],[24.2368087,44.3416445],[24.2366404,44.3415912],[24.2406468,44.3347191],[24.241483,44.334904],[24.2454886,44.3361142],[24.2487935,44.3371697],[24.2500044,44.3375063],[24.2565666,44.326121],[24.2568039,44.326185],[24.2569428,44.3262209],[24.2707918,44.3297436],[24.2853484,44.3333439],[24.2964509,44.3360009],[24.2959316,44.3370199],[24.2947134,44.3391225],[24.2945137,44.3396141],[24.2944968,44.3399556],[24.2948622,44.3399422],[24.2953186,44.3397119],[24.2962957,44.3395606],[24.2967368,44.3396144],[24.2976154,44.3398416],[24.2982996,44.3399462],[24.2989258,44.3401666],[24.2992483,44.3402218],[24.2997022,44.3402033],[24.3001152,44.3401293],[24.3007999,44.33983],[24.3038163,44.3375586],[24.3046678,44.3368385],[24.3051223,44.3367082],[24.3057218,44.3362792],[24.306639,44.3357909],[24.3079436,44.3349804],[24.3077961,44.3346771],[24.3075673,44.3344768],[24.3076573,44.3339451],[24.3074881,44.3330409],[24.3072946,44.3327059],[24.3066421,44.3322384],[24.3063058,44.3320759],[24.3057581,44.3319105],[24.3066927,44.3313566],[24.3067474,44.3312488],[24.3067231,44.331045],[24.306452,44.3306935],[24.3060919,44.3299007],[24.3058832,44.3297686],[24.3048212,44.3295573],[24.3042397,44.3293811],[24.3031146,44.3288157],[24.302711,44.3286879],[24.3025507,44.3284154],[24.3023896,44.3283252],[24.3022849,44.3280398],[24.3021301,44.3279238],[24.3015942,44.3278543],[24.3004842,44.3273722],[24.2995025,44.3271705],[24.2994162,44.3271157],[24.3001658,44.3272026],[24.3013196,44.3275565],[24.3017513,44.3276299],[24.3023932,44.3275369],[24.3027207,44.3275636],[24.3034984,44.3278416],[24.3035559,44.3280548],[24.3038877,44.3284895],[24.3041548,44.3286895],[24.3046644,44.3289406],[24.3057197,44.3291641],[24.3066835,44.3292909],[24.3069243,44.3294975],[24.3078289,44.3295474],[24.3082102,44.3296699],[24.3090626,44.3285965],[24.3102176,44.32852],[24.3229638,44.3288791],[24.3235457,44.3289478],[24.3236231,44.3290119],[24.3269184,44.3291381],[24.3323178,44.3292138],[24.3338015,44.329165],[24.3342559,44.3292143],[24.3353792,44.329722],[24.3365243,44.3299621],[24.3368267,44.3300766],[24.3373964,44.3304628],[24.3381993,44.3311104],[24.338771,44.3316907],[24.3390997,44.3321617],[24.3389811,44.3324815],[24.3387773,44.3327083],[24.3387641,44.3327962],[24.3389108,44.332938],[24.3381165,44.3337368],[24.3379189,44.3340473],[24.3377854,44.3346688],[24.3375838,44.3349779],[24.3376301,44.335114],[24.3384845,44.3355126],[24.3389018,44.3358432],[24.3390885,44.3361163],[24.3395171,44.3374348],[24.3393591,44.3377807],[24.3393495,44.3380067],[24.3395563,44.3382746],[24.3394239,44.3386896],[24.339477,44.3391391],[24.3395916,44.339294],[24.342871,44.3422386],[24.346867,44.3459866],[24.3495786,44.3484399],[24.3498537,44.3487521],[24.3500343,44.348779],[24.3502074,44.3488916],[24.3540843,44.3490188],[24.3594211,44.349302],[24.3628156,44.3496637],[24.36855,44.3506446],[24.3674535,44.3521231],[24.3635656,44.357365],[24.3615614,44.3621352],[24.358673,44.3650051],[24.3538995,44.3706633],[24.3523966,44.3746679],[24.3511719,44.3787875],[24.3502617,44.3814026],[24.349075,44.3860183]]]}},{"type":"Feature","properties":{"entity_id":"osm-r9744254","jurisdiction":"RO","display_name":"BALȘ","display_type":"town","admin_level":8,"tier":"local","legal_registry":"SIRUTA","legal_id":"125418","legal_type":"town","parent_catalog_id":"osm-r2366978","osm_relation_id":9744254,"legal_identity_status":"reconciled","geometry_source":"OpenStreetMap","geometry_precision":"master_coordinate_fidelity"},"geometry":{"type":"Polygon","coordinates":[[[24.0696448,44.3326924],[24.0697081,44.3326696],[24.0698914,44.3325867],[24.0705212,44.3324537],[24.0712301,44.3324211],[24.0724761,44.3322023],[24.0726848,44.3321318],[24.0731018,44.3317524],[24.0736775,44.3316482],[24.073894,44.331552],[24.0751147,44.3315509],[24.0756879,44.3314449],[24.0762645,44.3312384],[24.0767782,44.331219],[24.0770253,44.3311067],[24.078169,44.3308285],[24.0784975,44.3306879],[24.0790509,44.3302352],[24.0798508,44.3298001],[24.0810068,44.329619],[24.0812554,44.3295197],[24.0819878,44.3289148],[24.0825836,44.3283059],[24.0832569,44.3279],[24.0843689,44.3270541],[24.0857892,44.3269998],[24.0859913,44.3270327],[24.0864141,44.3268975],[24.0869225,44.3268614],[24.0870357,44.3267975],[24.0870947,44.3266169],[24.0873478,44.326572],[24.0878031,44.3263476],[24.0881748,44.3260688],[24.0883546,44.3260351],[24.0888478,44.3257384],[24.0894395,44.3255567],[24.0898551,44.3255601],[24.090375,44.3254465],[24.0909219,44.3254783],[24.0911837,44.3253511],[24.0924588,44.3249762],[24.09269,44.3250313],[24.0940498,44.3250092],[24.0941813,44.3251294],[24.0939374,44.3251827],[24.0938531,44.3252692],[24.0938114,44.3260146],[24.0952564,44.3272323],[24.0952271,44.3274828],[24.0953818,44.3277484],[24.0953739,44.3279824],[24.0951442,44.328268],[24.0949364,44.328683],[24.0967097,44.3286211],[24.1001751,44.3287071],[24.1013439,44.3293381],[24.1021145,44.3296137],[24.1038523,44.3304324],[24.1043295,44.3300706],[24.1049825,44.3304331],[24.1050752,44.3297565],[24.1048507,44.3295787],[24.1049686,44.3292276],[24.1049548,44.3290477],[24.105777,44.3278692],[24.1060882,44.3275655],[24.1064898,44.3277554],[24.1069446,44.3275419],[24.1071034,44.3273942],[24.1077911,44.327581],[24.1076288,44.3278225],[24.1074076,44.3280024],[24.1073995,44.3285201],[24.1074611,44.3290185],[24.1075408,44.3292173],[24.1079221,44.3297218],[24.1078111,44.3304619],[24.1080442,44.3307383],[24.1083447,44.3308698],[24.1086621,44.3311622],[24.1090929,44.3318201],[24.1103675,44.3320001],[24.1187344,44.3334057],[24.1180971,44.3328692],[24.1174251,44.3316685],[24.1173867,44.3310233],[24.1174393,44.3303398],[24.117298,44.3293142],[24.117377,44.3280856],[24.117157,44.327462],[24.1174733,44.3273253],[24.1181326,44.3268309],[24.1187308,44.3267335],[24.1189994,44.3265555],[24.1193861,44.3260212],[24.1194296,44.3254947],[24.1195609,44.3251423],[24.1196802,44.3249638],[24.1200206,44.3247175],[24.1203432,44.3245609],[24.12164,44.3243447],[24.1223931,44.3240345],[24.1226779,44.3238569],[24.1226983,44.3238677],[24.1324185,44.3289714],[24.1316708,44.3291879],[24.1314168,44.3292932],[24.1312132,44.3294694],[24.1312049,44.3295515],[24.1312716,44.3296241],[24.1321482,44.3300862],[24.1323271,44.3304571],[24.1323307,44.3305292],[24.1321997,44.3306925],[24.1319274,44.3307693],[24.1312506,44.3307003],[24.1305864,44.3307697],[24.1303144,44.3308263],[24.1297501,44.33105],[24.1294976,44.3310564],[24.1292345,44.330989],[24.1290682,44.3310128],[24.1286635,44.3312533],[24.128523,44.3314283],[24.1283547,44.3318948],[24.1280666,44.3321812],[24.1278395,44.3322697],[24.1276524,44.3322976],[24.1274908,44.3322658],[24.1270688,44.3319774],[24.1269011,44.3319442],[24.1265537,44.3320428],[24.126365,44.3323667],[24.1261123,44.3324438],[24.1258332,44.3323876],[24.1256098,44.332567],[24.125664,44.3327926],[24.1258408,44.3329419],[24.1257766,44.3332887],[24.1249322,44.3339447],[24.1247051,44.3340733],[24.1241875,44.3341856],[24.1238822,44.3343801],[24.1238571,44.3345989],[24.1243296,44.3349095],[24.1245908,44.3351474],[24.1247802,44.335502],[24.1249292,44.335623],[24.1252224,44.3356572],[24.1255546,44.3355446],[24.1257048,44.3355655],[24.1258217,44.3358629],[24.1263947,44.3367028],[24.1269669,44.3379524],[24.1300733,44.3373623],[24.1358709,44.3357749],[24.1371075,44.3354853],[24.1371235,44.3355323],[24.1382816,44.3353293],[24.1396774,44.3351893],[24.1429068,44.3351317],[24.144394,44.3351716],[24.1595754,44.334811],[24.1594497,44.335103],[24.1594582,44.3352601],[24.1595499,44.3353024],[24.160696,44.3352889],[24.1620069,44.3351573],[24.1631631,44.3349694],[24.1660263,44.3381315],[24.1661159,44.3382706],[24.1660854,44.3385479],[24.1682866,44.3372267],[24.1705656,44.3394655],[24.175052,44.3436828],[24.1751462,44.343843],[24.1789256,44.3470747],[24.1813694,44.3493343],[24.1761421,44.3531924],[24.1739005,44.3523997],[24.1714518,44.3514275],[24.1674378,44.3499198],[24.1648377,44.3488689],[24.1608053,44.3473737],[24.1596091,44.3469965],[24.1569254,44.3460432],[24.1580955,44.3440485],[24.1536096,44.3425859],[24.1519682,44.3421075],[24.1508051,44.3416767],[24.1501474,44.3413191],[24.1494884,44.3411721],[24.1483872,44.3431939],[24.1476898,44.3441526],[24.1472237,44.3442507],[24.1441729,44.3483921],[24.135968,44.3453271],[24.1358813,44.3459666],[24.1366736,44.3465264],[24.1368582,44.3466103],[24.1366305,44.34702],[24.1365655,44.3473362],[24.1366413,44.3480285],[24.1359399,44.3480986],[24.1360473,44.3483001],[24.1363391,44.3493095],[24.1364292,44.3494369],[24.1370362,44.3497161],[24.1374687,44.3498409],[24.1377859,44.3497985],[24.1383112,44.3496309],[24.1389906,44.3496367],[24.1400048,44.3497633],[24.1407081,44.3499984],[24.1411926,44.3500971],[24.1413639,44.3549952],[24.1336228,44.3578299],[24.1340141,44.3594796],[24.1330342,44.359537],[24.1311562,44.3595394],[24.1283832,44.359424],[24.1247183,44.3593853],[24.1246918,44.36069],[24.1232391,44.3606664],[24.1232268,44.3608305],[24.1225114,44.3608197],[24.1225757,44.3616066],[24.1234953,44.3629955],[24.1237398,44.3632872],[24.1238713,44.3635861],[24.1240278,44.3648268],[24.1240249,44.3652163],[24.1238985,44.3655876],[24.1240143,44.3663107],[24.1239502,44.3680135],[24.1226306,44.367968],[24.1224872,44.3680647],[24.1226251,44.3683711],[24.1228609,44.3685935],[24.1231598,44.369134],[24.1234461,44.3698778],[24.1234818,44.3702501],[24.123436,44.3705008],[24.1231626,44.3710919],[24.1228691,44.3713464],[24.1224483,44.3715601],[24.1219987,44.3717095],[24.1213562,44.3718071],[24.1199966,44.3717745],[24.1190411,44.3716834],[24.1186312,44.3715789],[24.1181642,44.371386],[24.1177549,44.371126],[24.1173831,44.3707506],[24.1173238,44.3704898],[24.1174185,44.3697872],[24.1173298,44.3695402],[24.1160123,44.3697121],[24.1159628,44.3702171],[24.115707,44.3705675],[24.1150058,44.3712205],[24.1146617,44.3717129],[24.1145463,44.3717234],[24.1139469,44.3722522],[24.1141812,44.3732637],[24.1142725,44.3739473],[24.1142343,44.3742169],[24.1140283,44.3743629],[24.1136533,44.3744098],[24.1134881,44.3745697],[24.1130476,44.375548],[24.1127066,44.3759321],[24.1125704,44.3759525],[24.1124788,44.3760673],[24.1117512,44.376202],[24.1113325,44.3763209],[24.1112996,44.3763668],[24.1113464,44.3765962],[24.1116682,44.3772379],[24.1125478,44.379483],[24.1126643,44.380403],[24.112722,44.3821036],[24.1128176,44.382909],[24.1129802,44.3835653],[24.1132444,44.3842093],[24.113757,44.3850335],[24.1138714,44.3855501],[24.1138705,44.3860762],[24.1137996,44.3864779],[24.1135833,44.3869144],[24.1133155,44.3879593],[24.1130823,44.3886228],[24.1128974,44.3894156],[24.1127272,44.3906156],[24.1125175,44.3911504],[24.1120903,44.3917917],[24.1110289,44.3929644],[24.1105145,44.3936567],[24.1104308,44.3937704],[24.1101425,44.3937084],[24.1094489,44.3935679],[24.1091461,44.3933097],[24.108865,44.3937256],[24.1086225,44.3938444],[24.108574,44.3939978],[24.1081835,44.3941037],[24.1081747,44.394284],[24.1080951,44.3943979],[24.1079203,44.3944652],[24.1076168,44.3944557],[24.1073712,44.394508],[24.1066181,44.3942317],[24.1065533,44.3941865],[24.1064849,44.3939738],[24.1061981,44.3937002],[24.1057087,44.393502],[24.1049034,44.3933727],[24.1041312,44.3935814],[24.1035048,44.3935787],[24.1029303,44.3936456],[24.1027111,44.3935054],[24.1018195,44.3935206],[24.1017705,44.3934688],[24.1018132,44.393324],[24.1017017,44.3932806],[24.1015799,44.3932931],[24.1014695,44.3934139],[24.1010749,44.3933326],[24.1008935,44.3933758],[24.1007925,44.3934599],[24.100756,44.3936026],[24.1006176,44.3936796],[24.1005461,44.3936724],[24.1004919,44.3935491],[24.1003679,44.3935012],[24.1003896,44.3937136],[24.1000692,44.3936686],[24.0999311,44.3937322],[24.0997413,44.3937129],[24.0996238,44.3938504],[24.0993071,44.3939752],[24.0992463,44.3942763],[24.0987202,44.3947203],[24.0981466,44.3949257],[24.0977066,44.3949602],[24.097456,44.3950386],[24.0970648,44.3953415],[24.096844,44.395673],[24.096473,44.395793],[24.096418,44.3958664],[24.0964797,44.3959376],[24.0964522,44.3959728],[24.0960367,44.3961655],[24.0956283,44.3961879],[24.0954747,44.3962638],[24.0948842,44.3961755],[24.0942832,44.3961868],[24.0938563,44.3962444],[24.0932203,44.3961975],[24.0919914,44.3964925],[24.0916075,44.3964405],[24.0913225,44.3963522],[24.0911893,44.3961438],[24.0912016,44.3960559],[24.090976,44.3956551],[24.0909038,44.3953734],[24.0905413,44.3951888],[24.0902468,44.3948912],[24.0900238,44.3947416],[24.0894216,44.3944098],[24.0891156,44.3942951],[24.0889038,44.3941318],[24.0887397,44.3937306],[24.0888585,44.3931228],[24.0886416,44.3929319],[24.0883378,44.3923307],[24.0875741,44.3916886],[24.0867678,44.3906527],[24.0865931,44.3905744],[24.0848424,44.3901614],[24.0849704,44.3897153],[24.0849684,44.3893174],[24.0851527,44.3889765],[24.0851355,44.3888523],[24.0837761,44.3871396],[24.0827377,44.3860165],[24.082478,44.3854116],[24.0816553,44.3845714],[24.0813113,44.3845135],[24.0810512,44.3847133],[24.0806504,44.3848637],[24.0803498,44.3845854],[24.0797821,44.3848605],[24.079657,44.3851215],[24.079285,44.3853957],[24.0781311,44.3858964],[24.0782848,44.3860789],[24.0782566,44.386126],[24.0762862,44.3868616],[24.0761296,44.3868583],[24.0757648,44.3864712],[24.0757298,44.3862503],[24.0756517,44.3861492],[24.0753876,44.3860987],[24.0753033,44.3860429],[24.0747826,44.3854417],[24.0740373,44.3848708],[24.0734247,44.3843207],[24.0732684,44.3841224],[24.0732162,44.3839545],[24.0732926,44.3838133],[24.0736466,44.3834991],[24.0738052,44.3830375],[24.0741761,44.3827992],[24.0741786,44.3826416],[24.0743082,44.3824398],[24.0743104,44.3823039],[24.0745349,44.3821797],[24.0748498,44.3821151],[24.0750848,44.3818735],[24.0749915,44.3816242],[24.0746794,44.3813065],[24.0746858,44.3811701],[24.074857,44.381125],[24.0751422,44.381186],[24.0754427,44.3811703],[24.0755894,44.3810745],[24.0756617,44.3808886],[24.0754853,44.3808133],[24.0754997,44.3807074],[24.0754044,44.3806155],[24.0749956,44.3806586],[24.0739552,44.3804875],[24.0737696,44.3807484],[24.0736857,44.380325],[24.0734018,44.3800905],[24.0708571,44.3797553],[24.0708707,44.3808419],[24.0705008,44.382717],[24.0705448,44.3829078],[24.0707885,44.3832122],[24.0709533,44.3843172],[24.0705833,44.3849608],[24.0703476,44.3851814],[24.0683765,44.3834241],[24.0673061,44.382395],[24.0668216,44.3818114],[24.0608319,44.3756724],[24.0551531,44.369984],[24.0526423,44.3677268],[24.0514783,44.368377],[24.0505275,44.3674568],[24.0490696,44.3661819],[24.048331,44.3653571],[24.0481687,44.3650465],[24.0484427,44.3647442],[24.0484902,44.3646787],[24.0492187,44.3645972],[24.0480904,44.3620612],[24.049243,44.3618596],[24.0482998,44.3602682],[24.0467307,44.3558843],[24.0462224,44.3549033],[24.045839,44.3544932],[24.0473088,44.3538578],[24.0476587,44.3542445],[24.0481147,44.3548812],[24.0484634,44.3547988],[24.0489891,44.3544708],[24.0417296,44.3490827],[24.042191,44.3490319],[24.0440119,44.3488409],[24.0448431,44.3489027],[24.0450095,44.3484789],[24.0454137,44.3476217],[24.0459326,44.3477913],[24.0464088,44.3474453],[24.0467307,44.3470636],[24.0472725,44.3466857],[24.0484902,44.3459261],[24.0499607,44.3450113],[24.0534358,44.3456498],[24.0539646,44.3447139],[24.0534282,44.3445067],[24.053278,44.3439389],[24.0532136,44.3433635],[24.0526986,44.34321],[24.0541931,44.3422514],[24.05266,44.3414969],[24.0508017,44.3401373],[24.0516489,44.339597],[24.054383,44.3383605],[24.057162,44.3406187],[24.0626013,44.3375471],[24.0621959,44.3371946],[24.0635744,44.3361088],[24.063992,44.335517],[24.0653479,44.335291],[24.0668929,44.3341783],[24.0696253,44.3327576],[24.0696448,44.3326924]]]}}]}