{"type":"FeatureCollection","metadata":{"schema_version":1,"contract":"actual-public-geometry-chunk-v1","mode":"ACTUAL","jurisdiction":"RO","tier":"local","root_entity_id":"osm-r2248621","feature_count":44,"geometry_source":"OpenStreetMap","geometry_precision":"master_coordinate_fidelity"},"features":[{"type":"Feature","properties":{"entity_id":"osm-r10514879","jurisdiction":"RO","display_name":"ÎNTORSURA BUZĂULUI","display_type":"town","admin_level":8,"tier":"local","legal_registry":"SIRUTA","legal_id":"63580","legal_type":"town","parent_catalog_id":"osm-r2248621","osm_relation_id":10514879,"legal_identity_status":"reconciled","geometry_source":"OpenStreetMap","canonical_geometry_role":null,"geometry_scope":null,"geometry_precision":"master_coordinate_fidelity"},"geometry":{"type":"Polygon","coordinates":[[[25.9685618,45.7443785],[25.9676918,45.7437037],[25.9672755,45.7432533],[25.9673387,45.7431486],[25.9674992,45.7428828],[25.9680785,45.7419753],[25.9679898,45.7410577],[25.9676426,45.7399467],[25.9677381,45.7384493],[25.9667996,45.7363914],[25.9664974,45.735058],[25.9665354,45.7345689],[25.9672259,45.7335093],[25.9696723,45.7319767],[25.9713315,45.7251062],[25.9701878,45.7235532],[25.9710021,45.718801],[25.9745791,45.7121597],[25.9703252,45.7108602],[25.9683219,45.7080304],[25.9683328,45.7063495],[25.9729418,45.7023572],[25.9761167,45.7000435],[25.9771585,45.6985095],[25.9778591,45.6943349],[25.9784402,45.6932477],[25.9779181,45.6912091],[25.9716071,45.6875899],[25.9718487,45.687486],[25.9725405,45.6872398],[25.9729879,45.6860265],[25.9734519,45.6853776],[25.9736187,45.6847005],[25.9731481,45.6843833],[25.9729635,45.6840023],[25.9719148,45.6828039],[25.9718792,45.682353],[25.9714098,45.6824066],[25.9716048,45.6814706],[25.9714806,45.6807861],[25.9715634,45.6806238],[25.9714387,45.6805582],[25.9714719,45.6802558],[25.9707784,45.6795471],[25.9712947,45.6792947],[25.9703055,45.6780347],[25.9701971,45.6776104],[25.9702658,45.6770588],[25.9702595,45.6770306],[25.969997,45.6758516],[25.9696991,45.6756027],[25.9689981,45.6753267],[25.9692791,45.6751094],[25.968632,45.6746669],[25.9689022,45.674106],[25.9687122,45.6722763],[25.9697701,45.6709815],[25.9698534,45.6703256],[25.9701504,45.6699932],[25.969916,45.6689338],[25.9713718,45.6673787],[25.9718754,45.6661068],[25.9710631,45.6664687],[25.9697562,45.6676579],[25.969195,45.6678917],[25.9691995,45.6675535],[25.9687852,45.6672844],[25.969012,45.6672061],[25.9686682,45.6668164],[25.9687667,45.6665174],[25.9686743,45.6659728],[25.9689125,45.6653334],[25.9688251,45.6649243],[25.9685938,45.6648057],[25.9677253,45.6649577],[25.9674702,45.6647911],[25.9672952,45.6646158],[25.9674635,45.6644054],[25.9661518,45.66385],[25.9660495,45.6631097],[25.9654202,45.6629386],[25.9646437,45.6629922],[25.9643315,45.6627243],[25.9633905,45.6626382],[25.9632149,45.6625102],[25.9629584,45.6625556],[25.962909,45.6622815],[25.9651798,45.6619721],[25.9657118,45.6620146],[25.9661117,45.6622681],[25.966395,45.6620954],[25.9666394,45.6621846],[25.9669597,45.6621515],[25.967369,45.6619706],[25.9679032,45.6619344],[25.9686271,45.661677],[25.9683271,45.6610218],[25.967812,45.6609169],[25.9671004,45.6602968],[25.9662984,45.6598771],[25.9654635,45.6590146],[25.9640416,45.6582254],[25.9633849,45.658062],[25.9602306,45.6567062],[25.9597174,45.6566237],[25.958894,45.6562383],[25.9577547,45.6558914],[25.9564916,45.6550691],[25.9555792,45.6549102],[25.954019,45.6548493],[25.9513781,45.6538035],[25.9513344,45.6536461],[25.9518427,45.6532388],[25.9519755,45.652885],[25.9513146,45.6524311],[25.9515939,45.6522017],[25.9526856,45.6517207],[25.9547471,45.6510288],[25.9576869,45.6503126],[25.9595879,45.649597],[25.9617279,45.6479365],[25.9629965,45.647418],[25.9637836,45.6472483],[25.9675592,45.6477043],[25.9685814,45.6474593],[25.9705878,45.6474315],[25.9742907,45.6479269],[25.9791262,45.647292],[25.9816171,45.6473641],[25.9879475,45.6464629],[25.991325,45.6465075],[25.9918649,45.6468115],[25.9934114,45.6461855],[25.9944509,45.6474299],[25.9942525,45.6475293],[25.9949642,45.6482208],[25.9959475,45.6467494],[25.9961307,45.6450011],[25.996289,45.644882],[25.9966865,45.6449894],[25.9972812,45.6453638],[25.9973348,45.645878],[25.9971204,45.646066],[25.9971938,45.6462832],[25.9977228,45.6461494],[25.9982501,45.6461907],[25.9987086,45.6459633],[25.9990407,45.6459665],[25.999858,45.6461593],[26.0006882,45.6466764],[26.0012636,45.6468846],[26.0014555,45.6472708],[26.0014984,45.6479023],[26.0019325,45.6482467],[26.0022067,45.6487383],[26.0024204,45.64883],[26.0030751,45.6479395],[26.0037256,45.6477602],[26.0041096,45.647345],[26.0043356,45.6468389],[26.0044468,45.6458623],[26.0050514,45.6456493],[26.0053666,45.6456555],[26.0055496,45.6453489],[26.0061438,45.6453339],[26.0062447,45.6452447],[26.0064827,45.6448649],[26.0065221,45.6442023],[26.0063988,45.6438273],[26.0065203,45.6430626],[26.0068214,45.6428261],[26.0079578,45.6422835],[26.0091958,45.6419192],[26.0100009,45.6413716],[26.0111221,45.6411018],[26.0119381,45.6411673],[26.0125562,45.6409332],[26.0158614,45.6392445],[26.0164633,45.6386125],[26.0178726,45.6385621],[26.0199148,45.6375032],[26.02021,45.6374068],[26.0202426,45.6374531],[26.0209732,45.6394349],[26.0216509,45.6404656],[26.021441,45.6413862],[26.020999,45.642461],[26.0205987,45.6428618],[26.0204841,45.6436393],[26.0202724,45.6440294],[26.0205762,45.6449265],[26.0209093,45.6453088],[26.0211083,45.6454003],[26.0216979,45.6452626],[26.0221107,45.6455448],[26.0221357,45.6459749],[26.0223313,45.6463463],[26.0220953,45.6465663],[26.0230582,45.6467077],[26.0231955,45.6470555],[26.0231087,45.6473226],[26.0232565,45.6475294],[26.0238442,45.6476834],[26.0246863,45.6482636],[26.0258114,45.6499893],[26.0269172,45.6507845],[26.027695,45.6510652],[26.0283699,45.6515918],[26.0289561,45.65166],[26.0293281,45.6519505],[26.0299515,45.6521439],[26.030663,45.6521405],[26.0315486,45.6524662],[26.0322254,45.6524723],[26.0329402,45.6526495],[26.0344054,45.6528045],[26.0352794,45.6532068],[26.0373309,45.6536688],[26.038615,45.653354],[26.0388342,45.653401],[26.0398168,45.6548339],[26.0397148,45.6554502],[26.0417402,45.6586095],[26.0439122,45.661662],[26.0461194,45.6610096],[26.0519325,45.661216],[26.0524962,45.6615357],[26.0530548,45.6614146],[26.0556108,45.6639314],[26.0570019,45.6639971],[26.0575353,45.6638923],[26.0576499,45.6640171],[26.0587483,45.6643645],[26.0596364,45.6651899],[26.0598806,45.6652751],[26.060151,45.6651722],[26.0617229,45.664392],[26.0625733,45.6642497],[26.0645289,45.6643567],[26.0660516,45.6651212],[26.0665591,45.6652581],[26.067072,45.6650046],[26.067051,45.6651405],[26.066841,45.6660772],[26.0663957,45.6671122],[26.0661807,45.6683387],[26.0653751,45.6693619],[26.0645456,45.67117],[26.0642136,45.6715011],[26.0641515,45.6723811],[26.0639466,45.6727229],[26.0639486,45.6735727],[26.0645127,45.6749191],[26.0623573,45.675795],[26.060402,45.6761999],[26.0598551,45.6765009],[26.0596593,45.6767703],[26.0600083,45.6769009],[26.0608344,45.6764953],[26.0610271,45.6768663],[26.060875,45.6770112],[26.0609778,45.6771809],[26.0608297,45.6772482],[26.0605164,45.677065],[26.0603097,45.6772491],[26.0602826,45.6775712],[26.060725,45.6787304],[26.0605757,45.6793134],[26.0603625,45.6794511],[26.0603387,45.681111],[26.0599797,45.682014],[26.0598566,45.6828178],[26.0601161,45.6827921],[26.0601012,45.6831723],[26.0608841,45.6844872],[26.0609981,45.6849592],[26.0617779,45.6858315],[26.0655548,45.6892734],[26.0535132,45.6893161],[26.0484237,45.6885828],[26.0367987,45.6902594],[26.0349554,45.6960735],[26.033531,45.6985775],[26.0328018,45.6993285],[26.0335583,45.7052934],[26.0327251,45.7055723],[26.0327127,45.7057231],[26.0328817,45.70623],[26.0336234,45.707327],[26.0342134,45.7094396],[26.033318,45.7098917],[26.0311247,45.7117085],[26.031194,45.7129414],[26.0297319,45.7152531],[26.0303877,45.7157135],[26.0312501,45.715297],[26.0313548,45.7150744],[26.031668,45.7148984],[26.0334493,45.7144459],[26.0337983,45.7140687],[26.0342889,45.7143967],[26.0366961,45.7151459],[26.0367899,45.7157495],[26.0374277,45.7164863],[26.0371163,45.7171126],[26.0369615,45.7182438],[26.0363849,45.7193757],[26.0365907,45.7207591],[26.0364905,45.7210402],[26.035997,45.7210909],[26.0359237,45.7214055],[26.0356278,45.7215621],[26.0358045,45.7223209],[26.0356189,45.7227443],[26.0358047,45.7237585],[26.0346585,45.7280525],[26.0344252,45.7294819],[26.0341885,45.7305246],[26.0315761,45.7358553],[26.0277992,45.7364628],[26.0234854,45.7366466],[26.02107,45.73642],[26.0139146,45.7360014],[26.0093433,45.7377446],[26.0049222,45.7383578],[26.0024164,45.7381076],[26.0004512,45.7411188],[25.9940912,45.7421748],[25.9900497,45.7426724],[25.9869077,45.7435278],[25.9872682,45.745319],[25.9856427,45.7463913],[25.9835113,45.7448914],[25.9826068,45.7458194],[25.9795951,45.7466275],[25.9778443,45.7480688],[25.9738547,45.7456184],[25.9716471,45.7454509],[25.9685618,45.7443785]]]}},{"type":"Feature","properties":{"entity_id":"osm-r10715864","jurisdiction":"RO","display_name":"SFÂNTU GHEORGHE","display_type":"municipality","admin_level":8,"tier":"local","legal_registry":"SIRUTA","legal_id":"63394","legal_type":"municipality","parent_catalog_id":"osm-r2248621","osm_relation_id":10715864,"legal_identity_status":"reconciled","geometry_source":"OpenStreetMap","canonical_geometry_role":null,"geometry_scope":null,"geometry_precision":"master_coordinate_fidelity"},"geometry":{"type":"Polygon","coordinates":[[[25.8131729,45.8811427],[25.8131941,45.8814405],[25.8126888,45.8820689],[25.8122262,45.8823347],[25.8117818,45.8833211],[25.8112021,45.883544],[25.8108122,45.8839754],[25.8106242,45.8839638],[25.810052,45.8844154],[25.8093159,45.8847864],[25.8087986,45.8854689],[25.8080048,45.885937],[25.8074995,45.8866],[25.8056569,45.8849881],[25.8051004,45.8833757],[25.803788,45.8813856],[25.7989485,45.8821129],[25.7981427,45.8812773],[25.7975262,45.8814272],[25.7946774,45.8815741],[25.7933277,45.8819681],[25.7924742,45.8820624],[25.7922805,45.8821361],[25.7924092,45.8823469],[25.7918821,45.882719],[25.7919699,45.8824825],[25.7917835,45.8823719],[25.7911909,45.8826463],[25.7905629,45.8826868],[25.7901945,45.8825953],[25.789969,45.8828999],[25.7903973,45.8831335],[25.7903204,45.8832326],[25.7899414,45.8830909],[25.7895486,45.8832227],[25.7894734,45.8833609],[25.7884638,45.8834007],[25.7882209,45.8835856],[25.7885098,45.8839132],[25.7876534,45.8843121],[25.7879749,45.8845365],[25.7877944,45.8846931],[25.7872819,45.8845403],[25.7870332,45.8846595],[25.7871646,45.8848117],[25.7870552,45.8850009],[25.7863745,45.8851697],[25.7861755,45.8851007],[25.785535,45.8852212],[25.7856059,45.8849498],[25.7854945,45.8848686],[25.7848213,45.8848003],[25.7847104,45.8849062],[25.7849973,45.8849353],[25.7847812,45.8852314],[25.7846495,45.8849334],[25.7842036,45.8848644],[25.7840473,45.8851104],[25.784315,45.8852712],[25.7843684,45.885605],[25.7837681,45.8856444],[25.783372,45.8860703],[25.7833211,45.8857905],[25.7831,45.8856383],[25.7827169,45.8858898],[25.7817516,45.8860794],[25.7809789,45.8865351],[25.7808642,45.8864698],[25.7812325,45.8861597],[25.7811391,45.8860084],[25.7804884,45.886123],[25.7797976,45.8867156],[25.7797884,45.8869229],[25.7799966,45.8871138],[25.7798049,45.887454],[25.7794818,45.8876041],[25.7789828,45.8874916],[25.7787481,45.8875359],[25.7789627,45.8878102],[25.7784879,45.8880946],[25.7777585,45.8882898],[25.7777925,45.8888188],[25.7770611,45.8890005],[25.7767525,45.8889633],[25.7764546,45.8886566],[25.7745123,45.8861319],[25.7738986,45.8863743],[25.7736876,45.8861375],[25.7734948,45.8861748],[25.7727087,45.8852442],[25.7718313,45.8832972],[25.7688494,45.8838483],[25.7629371,45.8856208],[25.7617269,45.8858256],[25.7605806,45.886359],[25.7582858,45.8871247],[25.7551082,45.8863402],[25.7545292,45.8860816],[25.7540198,45.8855561],[25.7528848,45.8856398],[25.7520111,45.8855546],[25.7509602,45.8853054],[25.7501445,45.8853025],[25.7486493,45.8849476],[25.7480758,45.8850784],[25.7479,45.885324],[25.7469475,45.8853073],[25.7454245,45.885542],[25.7448979,45.8857557],[25.7444688,45.8862696],[25.7436459,45.8868405],[25.7429716,45.8876641],[25.7417897,45.8881721],[25.7401778,45.8891592],[25.738141,45.8892851],[25.7371834,45.8892104],[25.7360693,45.8893607],[25.7351731,45.8891365],[25.7343757,45.8892276],[25.7324832,45.8891739],[25.7318122,45.8895361],[25.7315016,45.8899111],[25.7304359,45.8907077],[25.729857,45.8914839],[25.729148,45.8919598],[25.7285756,45.8921099],[25.7282099,45.8925463],[25.7274959,45.8928537],[25.7257488,45.8933208],[25.725085,45.893249],[25.7244676,45.8933294],[25.7239861,45.893202],[25.722908,45.8931296],[25.7206011,45.893635],[25.719783,45.8942972],[25.7185891,45.8949734],[25.7169474,45.8961683],[25.7172214,45.8967711],[25.7181598,45.8979551],[25.7192103,45.897683],[25.7207165,45.8978815],[25.7211034,45.8980989],[25.7197863,45.9009957],[25.7193666,45.9013547],[25.7191225,45.90186],[25.7186646,45.9020768],[25.7186693,45.9022173],[25.7178378,45.9024937],[25.7175074,45.9022356],[25.7176407,45.9020749],[25.7172872,45.9016747],[25.7162727,45.9009676],[25.7158778,45.9009276],[25.7158069,45.900727],[25.7145197,45.9002954],[25.7144099,45.9001108],[25.7135489,45.8999273],[25.7133058,45.9000245],[25.7128531,45.8997011],[25.712279,45.8998571],[25.7103469,45.9009568],[25.7089105,45.9015237],[25.7056821,45.9020747],[25.7048096,45.902386],[25.7039203,45.9024005],[25.7026302,45.902628],[25.7020797,45.902931],[25.7012929,45.9031095],[25.6982571,45.9020483],[25.6982028,45.9018237],[25.6977649,45.9018533],[25.6975954,45.9017014],[25.697091,45.9015695],[25.6968817,45.9013188],[25.6965335,45.9013119],[25.6961961,45.901125],[25.6961426,45.9009723],[25.6954053,45.9007698],[25.694964,45.9005205],[25.6948708,45.9002871],[25.6946638,45.9002254],[25.6943887,45.8998671],[25.6924156,45.8997891],[25.6919298,45.900107],[25.6917107,45.9001083],[25.6915278,45.8999114],[25.6909459,45.899762],[25.6903722,45.8992345],[25.689738,45.8990223],[25.6897342,45.8987164],[25.6895673,45.8987714],[25.6884026,45.8983914],[25.6873308,45.8982359],[25.6863732,45.8976085],[25.6855159,45.8973692],[25.6834881,45.8964622],[25.6826316,45.8962816],[25.6771735,45.8942704],[25.6748388,45.8946558],[25.6750237,45.8942713],[25.6757917,45.8937151],[25.6762815,45.8937212],[25.6769351,45.8934203],[25.6776035,45.8932724],[25.678122,45.8935123],[25.6785478,45.8935548],[25.6795313,45.8938819],[25.6815159,45.894923],[25.6826839,45.894973],[25.6841842,45.8934869],[25.6846836,45.8928115],[25.6852381,45.8917113],[25.6884762,45.8876817],[25.6895976,45.886658],[25.6927265,45.8843893],[25.6963286,45.8828824],[25.6972372,45.8823819],[25.6994992,45.8819181],[25.700504,45.881894],[25.7005913,45.8816684],[25.7004859,45.8814801],[25.6999014,45.8811147],[25.6999111,45.8808537],[25.6996226,45.8804595],[25.6993006,45.8794445],[25.69836,45.8784153],[25.6983123,45.8776957],[25.6986125,45.8769739],[25.6985811,45.8765241],[25.6983191,45.8761837],[25.698034,45.8750246],[25.6969752,45.8738071],[25.6969072,45.8735195],[25.6970691,45.8725735],[25.6972737,45.87218],[25.6980589,45.8713148],[25.6984348,45.8712188],[25.6994163,45.8713123],[25.70052,45.8719045],[25.7010242,45.8720454],[25.7013718,45.8720253],[25.7020246,45.8716883],[25.7025058,45.8710284],[25.7027802,45.8703068],[25.7030094,45.8700984],[25.7035478,45.8698881],[25.7033616,45.8694212],[25.7033768,45.8675673],[25.7030987,45.866966],[25.7031455,45.8665878],[25.702728,45.8661764],[25.7027608,45.8657082],[25.700131,45.8577149],[25.701241,45.8575461],[25.7018685,45.8572542],[25.7036438,45.8570903],[25.7044735,45.8565002],[25.7046104,45.8561214],[25.7045931,45.8567875],[25.704929,45.8568754],[25.7050415,45.8566047],[25.7050133,45.85539],[25.7046706,45.8547711],[25.7051137,45.8541655],[25.7058448,45.853927],[25.7069918,45.8539918],[25.7080901,45.854273],[25.7087729,45.8542868],[25.7094018,45.8541209],[25.7087456,45.853153],[25.7095875,45.8525178],[25.7090363,45.8516042],[25.717226,45.8496771],[25.7188636,45.8491904],[25.7195436,45.8488806],[25.7188538,45.8476824],[25.718569,45.8471867],[25.7188547,45.8469454],[25.7195727,45.8461919],[25.7207362,45.8454942],[25.7214309,45.8453123],[25.7215763,45.8451308],[25.7222008,45.8448784],[25.7229019,45.8448352],[25.723106,45.8445769],[25.7232912,45.8447414],[25.7236455,45.8445079],[25.7238486,45.8445131],[25.7241776,45.8449594],[25.7252053,45.8448335],[25.7263031,45.8451234],[25.7264769,45.8453545],[25.7267897,45.8452687],[25.7278911,45.8454778],[25.7281719,45.8457696],[25.7283797,45.845778],[25.7286218,45.8455796],[25.7289489,45.8455291],[25.7297627,45.8456368],[25.730159,45.8455859],[25.7305831,45.8458897],[25.7312126,45.8456663],[25.7309052,45.8454618],[25.7309409,45.8453615],[25.7313271,45.8452462],[25.7315581,45.8452608],[25.7319204,45.8457858],[25.7321355,45.8458844],[25.7331844,45.8458102],[25.7333162,45.8460917],[25.7334685,45.8461157],[25.7336975,45.8459475],[25.734157,45.8459865],[25.7343429,45.845821],[25.7344812,45.8459403],[25.7348139,45.8457904],[25.7352438,45.8459198],[25.7355,45.8463149],[25.7357561,45.8464358],[25.7358616,45.8462662],[25.7362792,45.8464585],[25.7362795,45.846592],[25.7370067,45.8464114],[25.7372695,45.846579],[25.7371979,45.8467164],[25.7375023,45.8466622],[25.7375263,45.8468136],[25.7378422,45.8469359],[25.7381563,45.8467918],[25.7383054,45.8468389],[25.7384003,45.8468901],[25.7383012,45.847094],[25.7390047,45.8474956],[25.7399781,45.8466739],[25.7400146,45.8462754],[25.7403212,45.8459224],[25.740503,45.845275],[25.741357,45.8446125],[25.7412363,45.8442533],[25.7414693,45.8433788],[25.7419389,45.8428628],[25.7431374,45.842936],[25.7453605,45.8425976],[25.7468212,45.8414147],[25.7475032,45.8412175],[25.7486374,45.8411542],[25.7509137,45.8404949],[25.7523756,45.8398543],[25.754397,45.8385994],[25.756253,45.8380376],[25.7588294,45.83799],[25.7602294,45.8381537],[25.7614028,45.8381132],[25.7623582,45.8377512],[25.7638993,45.8374618],[25.7663158,45.8375649],[25.7673402,45.8378631],[25.7682281,45.83779],[25.7685819,45.8374457],[25.771737,45.8376629],[25.7732789,45.8375392],[25.7735,45.8357904],[25.775722,45.8357122],[25.7757232,45.8356045],[25.7785103,45.8356577],[25.7788272,45.833168],[25.7792212,45.8331696],[25.7804162,45.8317264],[25.7815087,45.8320972],[25.7815975,45.8316405],[25.7821276,45.831077],[25.7831241,45.8312712],[25.7841071,45.8307175],[25.7843618,45.8302082],[25.7848202,45.8300791],[25.786202,45.8304174],[25.7871143,45.8299681],[25.7876106,45.8300401],[25.7876879,45.8302083],[25.7874933,45.8308406],[25.7877164,45.8311414],[25.7879703,45.8311446],[25.7889369,45.8306332],[25.7903798,45.8289642],[25.7912481,45.8282538],[25.7900217,45.8279582],[25.7894907,45.8275324],[25.7885535,45.8270257],[25.790899,45.8262609],[25.7906377,45.8256935],[25.7909047,45.825311],[25.79177,45.8247323],[25.7896861,45.8225392],[25.7896118,45.8221533],[25.7897986,45.8210934],[25.7892987,45.8200041],[25.7890564,45.8187763],[25.7877097,45.818258],[25.7846133,45.8181236],[25.7822365,45.8169647],[25.782039,45.8167613],[25.7819001,45.8159801],[25.7816197,45.8158228],[25.781639,45.8155082],[25.7812036,45.815267],[25.7811421,45.8151019],[25.7812094,45.8148366],[25.7814749,45.814781],[25.7821415,45.8150495],[25.7830655,45.8151053],[25.7834948,45.8152572],[25.7838006,45.8148097],[25.7840778,45.8146876],[25.784444,45.8142445],[25.7860629,45.8129939],[25.7871839,45.8123984],[25.7891428,45.8120834],[25.7891797,45.811174],[25.7894156,45.8105071],[25.7901982,45.810283],[25.7899771,45.809313],[25.7902252,45.808347],[25.7890226,45.8074943],[25.788766,45.8075188],[25.7882355,45.8072411],[25.7881924,45.8069913],[25.7883511,45.806764],[25.7903167,45.8065156],[25.7905744,45.8063595],[25.7905916,45.8060654],[25.7903198,45.8058278],[25.7896806,45.80574],[25.7893594,45.805149],[25.78947,45.8046352],[25.7901058,45.8036855],[25.7890976,45.8033315],[25.7894416,45.8020772],[25.7888229,45.8015753],[25.7895005,45.8010786],[25.7889658,45.8005584],[25.7890532,45.7994839],[25.7914725,45.7994272],[25.7914429,45.7992226],[25.7972495,45.7993048],[25.8035339,45.7983826],[25.8044596,45.7983994],[25.8170342,45.7972874],[25.8239692,45.7972312],[25.8242112,45.797227],[25.824204,45.7972815],[25.8234519,45.7979917],[25.822939,45.7987196],[25.822698,45.8033914],[25.8175239,45.8121371],[25.8162272,45.8118831],[25.8149619,45.8176175],[25.8232611,45.8186844],[25.8211429,45.8205793],[25.8258405,45.8227247],[25.8219979,45.8280453],[25.8253901,45.8295001],[25.8238579,45.8316651],[25.8282547,45.8323118],[25.8479859,45.8345678],[25.8480331,45.8355973],[25.8504743,45.8359679],[25.8509802,45.8488162],[25.8580615,45.8486183],[25.8582542,45.8542295],[25.8581212,45.854608],[25.8581396,45.8557739],[25.8583916,45.8595153],[25.8585815,45.865595],[25.8586112,45.8660834],[25.8488261,45.8664266],[25.8408532,45.866869],[25.8292465,45.8673219],[25.8296289,45.8796794],[25.8193444,45.8799584],[25.8193231,45.8792275],[25.8173465,45.879303],[25.8174155,45.8799425],[25.8161704,45.880044],[25.8160101,45.8794019],[25.8130902,45.880426],[25.8127342,45.8807374],[25.8131412,45.8810994],[25.8131729,45.8811427]]]}},{"type":"Feature","properties":{"entity_id":"osm-r10715890","jurisdiction":"RO","display_name":"BARAOLT","display_type":"town","admin_level":8,"tier":"local","legal_registry":"SIRUTA","legal_id":"63447","legal_type":"town","parent_catalog_id":"osm-r2248621","osm_relation_id":10715890,"legal_identity_status":"reconciled","geometry_source":"OpenStreetMap","canonical_geometry_role":null,"geometry_scope":null,"geometry_precision":"master_coordinate_fidelity"},"geometry":{"type":"Polygon","coordinates":[[[25.6769425,46.131527],[25.6766995,46.1314255],[25.6758936,46.1312622],[25.6733964,46.1311845],[25.6701113,46.1304221],[25.6685993,46.1298468],[25.6658387,46.1282136],[25.6644463,46.1277699],[25.6640263,46.1275223],[25.6632425,46.1274239],[25.6628702,46.1271172],[25.6623508,46.1271559],[25.662071,46.1269979],[25.6614598,46.1269321],[25.6610162,46.1269913],[25.6602867,46.1271363],[25.65847,46.1278549],[25.6579183,46.1279652],[25.6570715,46.1279113],[25.6566562,46.1277981],[25.6552665,46.1270643],[25.6540506,46.1262035],[25.6510891,46.1236192],[25.6508278,46.1219566],[25.6502808,46.1211697],[25.6500709,46.1202842],[25.6492084,46.1183603],[25.6492394,46.1163598],[25.6489224,46.1140545],[25.6479853,46.1140136],[25.6464069,46.1133796],[25.6459356,46.1133739],[25.646029,46.113096],[25.6455057,46.1127796],[25.6456973,46.1126272],[25.6461451,46.1126919],[25.6467003,46.11263],[25.646987,46.1123426],[25.6476134,46.1121793],[25.6479364,46.1119002],[25.6478622,46.1117493],[25.6475585,46.1116166],[25.6463165,46.1118421],[25.6457607,46.1118452],[25.6460104,46.1114992],[25.6466483,46.1112771],[25.6466107,46.1111597],[25.6456785,46.1110136],[25.6454223,46.110805],[25.6455707,46.1090224],[25.6457009,46.1087863],[25.646073,46.1085741],[25.6460348,46.1084062],[25.64544,46.1081743],[25.6448795,46.107774],[25.643777,46.1075197],[25.6426642,46.1074167],[25.6417362,46.107632],[25.6401504,46.1073804],[25.6397636,46.1073657],[25.6396196,46.1074506],[25.6377007,46.1071064],[25.6368701,46.1067426],[25.6351492,46.1052394],[25.6344437,46.1048315],[25.6339044,46.1041621],[25.6336018,46.1030544],[25.6333699,46.1028456],[25.6334696,46.102055],[25.633168,46.1010397],[25.6327946,46.1006047],[25.6318017,46.0998832],[25.6310795,46.0985215],[25.6294182,46.0979802],[25.629119,46.0976961],[25.6287976,46.0975844],[25.627896,46.0974507],[25.627193,46.0967107],[25.6266153,46.0963651],[25.625184,46.096394],[25.6246718,46.0959597],[25.6239382,46.09572],[25.6239097,46.0953336],[25.6234876,46.0948568],[25.6234301,46.0945798],[25.6226908,46.0943695],[25.6216604,46.0935094],[25.6215603,46.0932032],[25.6210369,46.0928446],[25.6208008,46.0922618],[25.6215465,46.0919678],[25.6216881,46.0911308],[25.6215773,46.0904086],[25.6208089,46.0897446],[25.6210774,46.0894489],[25.6211139,46.0889361],[25.6207388,46.0877951],[25.6212095,46.0872252],[25.6211889,46.0869984],[25.6204713,46.0870488],[25.6181661,46.087607],[25.617003,46.0877202],[25.6164116,46.0878896],[25.615944,46.0878462],[25.614834,46.0879573],[25.6128505,46.0882705],[25.6117308,46.0886001],[25.6110872,46.0888389],[25.6107557,46.0894542],[25.6100692,46.0896343],[25.6080873,46.0906535],[25.6066681,46.0912157],[25.6060562,46.0915972],[25.6041851,46.0908801],[25.6016493,46.0892924],[25.5983375,46.087423],[25.5978378,46.0870053],[25.595788,46.0845241],[25.5953307,46.0841231],[25.5949615,46.0840493],[25.594699,46.0837818],[25.5925785,46.0837087],[25.5913326,46.0835261],[25.5905446,46.0838243],[25.5899056,46.0839285],[25.5890097,46.0837314],[25.5884664,46.0837468],[25.5880057,46.0835895],[25.587179,46.0836484],[25.5859197,46.0839112],[25.5852697,46.0835573],[25.5846597,46.0835436],[25.5842815,46.0831884],[25.5837788,46.0830523],[25.5833825,46.0826887],[25.5829101,46.0825566],[25.5822066,46.082846],[25.5793819,46.0835747],[25.5782045,46.0835933],[25.5758237,46.0840382],[25.5752098,46.0842388],[25.5740399,46.0843959],[25.5689326,46.0863377],[25.5726807,46.089622],[25.5719526,46.0898862],[25.5718272,46.0900255],[25.5664535,46.0916567],[25.5660319,46.0918684],[25.566727,46.0939277],[25.5668102,46.0949706],[25.5654637,46.0960628],[25.5638469,46.0974488],[25.5620858,46.0980292],[25.5612961,46.0976159],[25.5607038,46.0976701],[25.5579251,46.0983806],[25.5567847,46.0988362],[25.5532084,46.0996937],[25.5529968,46.0998596],[25.5516073,46.1001158],[25.5482339,46.1000647],[25.5461937,46.0997507],[25.5460238,46.0997063],[25.5460162,46.0994494],[25.5445297,46.0993267],[25.5439367,46.0990104],[25.5431343,46.0988927],[25.5428453,46.0986183],[25.5428633,46.0984225],[25.5413391,46.0976204],[25.5405469,46.0976101],[25.5395029,46.0972002],[25.5391097,46.0971866],[25.5363592,46.0972947],[25.5317888,46.0977524],[25.5287046,46.0978318],[25.5251002,46.0984774],[25.5251127,46.0982259],[25.5246861,46.0979762],[25.5229193,46.0983204],[25.5195474,46.0997211],[25.5166593,46.100268],[25.5152345,46.1004409],[25.5138499,46.1004815],[25.5121796,46.1003131],[25.5112248,46.1003755],[25.5104773,46.1006336],[25.5087222,46.1009725],[25.5046899,46.101293],[25.5022317,46.1008915],[25.5015867,46.1008808],[25.4980747,46.1017378],[25.4973849,46.1012751],[25.4960461,46.101001],[25.4945175,46.1011249],[25.4902027,46.1005243],[25.4892061,46.1004744],[25.4883204,46.1006483],[25.4874727,46.1006721],[25.4839973,46.1002216],[25.4825544,46.100327],[25.4814266,46.1006228],[25.4794068,46.100424],[25.4779749,46.100115],[25.4770105,46.1004328],[25.4744928,46.1006922],[25.4727262,46.1006219],[25.4718206,46.1007418],[25.4707123,46.1006844],[25.4695676,46.1005631],[25.4670453,46.0999147],[25.4666482,46.0997133],[25.4663077,46.0996648],[25.4660837,46.1000026],[25.4655308,46.0997689],[25.4653596,46.0994029],[25.4640515,46.0989942],[25.461562,46.0989035],[25.4605758,46.0994453],[25.4600937,46.0995817],[25.4589109,46.0997209],[25.4576285,46.0995076],[25.4572912,46.0996266],[25.4568825,46.0998803],[25.45631,46.1007903],[25.453927,46.1019092],[25.451717,46.1023923],[25.4514737,46.1024813],[25.451339,46.1018468],[25.4512439,46.1014184],[25.4513283,46.1002593],[25.4505393,46.0929863],[25.4529928,46.0843022],[25.4534137,46.0829564],[25.4527046,46.0801308],[25.4507482,46.0738721],[25.4508292,46.0733758],[25.451987,46.0733667],[25.4518243,46.0726713],[25.452401,46.0720002],[25.4525276,46.071411],[25.4533255,46.071116],[25.4545834,46.0703952],[25.4550334,46.0697941],[25.455478,46.0694516],[25.4591745,46.0686268],[25.4636396,46.0672714],[25.465032,46.066613],[25.4664636,46.0661542],[25.4670501,46.0655409],[25.4676763,46.0654767],[25.4687868,46.0646536],[25.4701326,46.0639268],[25.4710292,46.0627602],[25.4715834,46.061233],[25.4724759,46.0601754],[25.4727167,46.0596916],[25.4731864,46.0595833],[25.4744855,46.0587964],[25.4752914,46.0587535],[25.47657,46.0592165],[25.4771949,46.0592835],[25.4791244,46.0587346],[25.4804202,46.0587787],[25.4812337,46.0585198],[25.4812702,46.0589624],[25.4815237,46.0591645],[25.4816894,46.0595314],[25.4821038,46.0598583],[25.4831598,46.0592036],[25.4841266,46.0584314],[25.4855817,46.0580263],[25.4865494,46.0575714],[25.4869702,46.0573317],[25.4873057,46.0569219],[25.4880501,46.0566464],[25.4883536,46.0563666],[25.4892795,46.0559478],[25.4895921,46.0556898],[25.489864,46.0554038],[25.4899095,46.0549246],[25.4901756,46.0543857],[25.4922941,46.0532715],[25.4925038,46.052099],[25.4923292,46.0512974],[25.4926207,46.0509302],[25.4932153,46.0505923],[25.4944244,46.050214],[25.4964907,46.0498074],[25.4983024,46.0489275],[25.4985739,46.0487508],[25.5000484,46.0469649],[25.5010471,46.0463564],[25.5034458,46.0458048],[25.5046683,46.0453159],[25.5052313,46.0452458],[25.5059416,46.045397],[25.505948,46.0453991],[25.5057099,46.0460651],[25.5060226,46.0465145],[25.5093667,46.0474125],[25.510254,46.0474486],[25.5125483,46.0467054],[25.5138181,46.04663],[25.5141324,46.0467242],[25.5148846,46.0474031],[25.5156033,46.0476239],[25.5165845,46.0477621],[25.5173921,46.0481047],[25.5187319,46.0490559],[25.5191851,46.0490334],[25.5202335,46.0485297],[25.5209803,46.0486281],[25.5218458,46.0488991],[25.5226102,46.0493131],[25.5230658,46.0493604],[25.5236242,46.0504508],[25.5240824,46.0509341],[25.5246185,46.0512264],[25.5253867,46.0514191],[25.5259016,46.0514349],[25.5267654,46.0512479],[25.5276235,46.0506852],[25.5290455,46.0493743],[25.5309693,46.0489532],[25.5314339,46.049423],[25.5323443,46.0519032],[25.5329058,46.0524224],[25.5337604,46.0527074],[25.5348557,46.0525844],[25.535124,46.0524207],[25.5352662,46.0521615],[25.5353205,46.0513681],[25.5342027,46.0502056],[25.5339366,46.0494711],[25.5343469,46.0487315],[25.5354993,46.0479869],[25.5359812,46.0478519],[25.5365387,46.0478928],[25.5376702,46.048196],[25.5380845,46.0486738],[25.5384385,46.0498833],[25.5390193,46.0504026],[25.5396521,46.0506281],[25.5402545,46.0506153],[25.5406378,46.050463],[25.5410949,46.0501373],[25.5418746,46.0492912],[25.5427232,46.0488113],[25.5433912,46.0486212],[25.5439607,46.0486617],[25.5445825,46.0489216],[25.5449689,46.0494349],[25.5430155,46.0517868],[25.5428269,46.0523054],[25.5428683,46.0528279],[25.543299,46.0537132],[25.5446007,46.0550951],[25.5454474,46.0557823],[25.5461076,46.0561147],[25.546762,46.0559798],[25.5469016,46.055753],[25.5468685,46.0554249],[25.5454928,46.0542986],[25.5452515,46.0537949],[25.5452537,46.0530321],[25.5455382,46.052628],[25.546165,46.0522108],[25.5477704,46.0519496],[25.5508081,46.0525208],[25.5534566,46.0547206],[25.554991,46.0555208],[25.5555824,46.0554126],[25.5557792,46.0550961],[25.5556419,46.0546154],[25.5551458,46.0541059],[25.5542114,46.0534719],[25.5530656,46.0521456],[25.5527692,46.0515656],[25.5525047,46.0503117],[25.5525727,46.0497894],[25.5528607,46.0493425],[25.5536948,46.048651],[25.5550909,46.0479555],[25.5555207,46.0479384],[25.5563423,46.0481297],[25.5570136,46.0485784],[25.557625,46.0494256],[25.5584921,46.0511808],[25.5593089,46.0520129],[25.5610935,46.0532891],[25.5617707,46.0532543],[25.5622492,46.0530094],[25.5625124,46.052581],[25.5624374,46.0522139],[25.5611896,46.0511975],[25.5609861,46.0508215],[25.5610577,46.0501127],[25.5615029,46.0489194],[25.5614859,46.0483928],[25.5612261,46.0478177],[25.5605633,46.0469674],[25.5596909,46.0451664],[25.5588687,46.0441706],[25.5590097,46.0437006],[25.5594603,46.0430619],[25.5602273,46.0422985],[25.5605293,46.0412788],[25.5604557,46.0408129],[25.5594687,46.0390728],[25.5593456,46.0385535],[25.5594052,46.0378583],[25.5599647,46.0362953],[25.5602703,46.0360427],[25.5607737,46.0358739],[25.5609584,46.0358553],[25.5619619,46.036962],[25.5624588,46.0372048],[25.5638286,46.0372512],[25.5643993,46.0370659],[25.5645099,46.036851],[25.5647002,46.0362836],[25.5650778,46.0354595],[25.5662643,46.0338538],[25.5672784,46.0328915],[25.5679958,46.0324874],[25.570339,46.031846],[25.570583,46.0316633],[25.5708121,46.0303465],[25.571251,46.0297629],[25.5747198,46.0279473],[25.5772241,46.0268739],[25.580409,46.0267859],[25.5810155,46.0265558],[25.5813365,46.0261602],[25.5813661,46.0256438],[25.5811983,46.0252116],[25.5807053,46.0246808],[25.5806456,46.0239659],[25.5808992,46.0232495],[25.5818468,46.0223113],[25.582068,46.0214182],[25.5813258,46.0197101],[25.5806128,46.0186897],[25.580067,46.0168736],[25.5795315,46.0160356],[25.578065,46.0150893],[25.5770665,46.0148823],[25.5758999,46.0144642],[25.5746185,46.0136612],[25.5732499,46.0124346],[25.5717817,46.0096087],[25.5716914,46.0090863],[25.5711174,46.0085137],[25.5709539,46.0076753],[25.5710285,46.0065598],[25.5703786,46.0052922],[25.5696272,46.0041929],[25.569355,46.0034261],[25.5686461,46.0026757],[25.5665947,46.0018257],[25.5660601,46.0017222],[25.5655721,46.0017034],[25.5627258,46.0022486],[25.5607631,46.0019627],[25.5603329,46.001802],[25.5591566,46.0011695],[25.5588919,46.0008633],[25.5586567,46.0004265],[25.5585561,45.9990523],[25.5578494,45.9974978],[25.5577256,45.997264],[25.5580576,45.9967289],[25.5591556,45.9955491],[25.5592481,45.9951999],[25.5591562,45.9937247],[25.5593725,45.9936695],[25.5597817,45.9932589],[25.563093,45.9922538],[25.5670821,45.9903076],[25.5693623,45.9896557],[25.5706608,45.9916369],[25.5711233,45.9920591],[25.5734454,45.9921441],[25.578006,45.9941382],[25.5784084,45.9945648],[25.5796128,45.9973154],[25.5807313,45.9970282],[25.5807748,45.997154],[25.5811592,45.997005],[25.5841198,45.9964436],[25.5841889,45.9967037],[25.5862991,45.9961256],[25.5873854,45.9956451],[25.5879305,45.9953061],[25.5876455,45.9945848],[25.5881236,45.9944054],[25.5870149,45.9928364],[25.5892167,45.9922625],[25.5929657,45.991014],[25.5934871,45.9921081],[25.595141,45.993571],[25.5964316,45.9930432],[25.597983,45.9920979],[25.5988676,45.9925009],[25.6010611,45.9912959],[25.6020702,45.9920596],[25.6026645,45.9918212],[25.6028789,45.9915721],[25.6032825,45.9915489],[25.6073029,45.9925614],[25.609512,45.9922386],[25.6094577,45.9916842],[25.6105898,45.9915647],[25.6106583,45.991766],[25.6111039,45.9917132],[25.6112156,45.9909058],[25.6116991,45.9904753],[25.6118228,45.9892219],[25.6130085,45.9889965],[25.6137713,45.9886816],[25.6140866,45.9882975],[25.6155521,45.9883484],[25.6168817,45.9881059],[25.6176676,45.9877655],[25.6192302,45.9873283],[25.6225369,45.9870708],[25.6233779,45.9873436],[25.6249545,45.9881544],[25.6254685,45.9882903],[25.6264941,45.9883561],[25.6286362,45.990108],[25.6301694,45.9909883],[25.6306249,45.9916176],[25.6328897,45.9967193],[25.6328127,45.9970027],[25.6329654,45.9970486],[25.6332838,45.996946],[25.6334717,45.997029],[25.6335455,45.9976884],[25.6337992,45.9982501],[25.6340322,45.9985934],[25.6348703,45.9991182],[25.6350217,45.9997015],[25.6363036,46.0015939],[25.6366013,46.0023192],[25.6364513,46.0034337],[25.6360299,46.0040202],[25.6359986,46.004449],[25.6363794,46.0045267],[25.6356541,46.0054343],[25.6357723,46.0057488],[25.6356444,46.0061655],[25.6356804,46.0072075],[25.6354027,46.0077049],[25.6356083,46.0082837],[25.635605,46.0094015],[25.6425973,46.0095305],[25.6454375,46.011061],[25.6463776,46.0120306],[25.6470201,46.0123043],[25.6478406,46.0133587],[25.6486421,46.0138164],[25.6495828,46.0138026],[25.6503969,46.0132769],[25.6511897,46.012995],[25.6525776,46.0130543],[25.6543256,46.0129603],[25.6564182,46.0134526],[25.6582769,46.0135428],[25.6595839,46.0138966],[25.6602826,46.0138254],[25.6587435,46.0146195],[25.658362,46.0144915],[25.6578983,46.0145488],[25.6573242,46.0144554],[25.6567834,46.0146266],[25.6545875,46.0145888],[25.6534623,46.0148138],[25.6524383,46.0154458],[25.6519007,46.0153732],[25.6512753,46.0155365],[25.6496019,46.0153064],[25.6474159,46.0156046],[25.6466072,46.015563],[25.6463923,46.0157491],[25.6459352,46.0163778],[25.6459794,46.0165541],[25.6468365,46.017125],[25.6466382,46.0171849],[25.6465319,46.017383],[25.6460561,46.0174403],[25.6459419,46.0179915],[25.6452393,46.0187855],[25.6455087,46.0191244],[25.6469326,46.0201879],[25.647464,46.0207607],[25.6480655,46.021127],[25.6489012,46.0214081],[25.6497094,46.0219162],[25.6531003,46.025057],[25.653559,46.0250754],[25.6546856,46.0254598],[25.655391,46.0259348],[25.6568293,46.0266577],[25.6563198,46.026938],[25.6559162,46.0269908],[25.6551122,46.0278695],[25.6521579,46.03008],[25.651973,46.0302618],[25.6516632,46.0311082],[25.6517149,46.0319148],[25.6513561,46.0326984],[25.6504733,46.0335608],[25.6495006,46.0339697],[25.6487063,46.0341465],[25.6481612,46.0344858],[25.6472494,46.0359786],[25.6466013,46.0362806],[25.6456247,46.0363576],[25.6446811,46.0366781],[25.6437891,46.036763],[25.6433741,46.0368788],[25.6431771,46.0370606],[25.6416522,46.0372036],[25.641049,46.037472],[25.6427102,46.0384248],[25.6427683,46.038748],[25.6439599,46.0400398],[25.6441905,46.0406773],[25.6446721,46.0410906],[25.6452338,46.0411421],[25.6448079,46.0413546],[25.6447916,46.0415144],[25.6452685,46.0420454],[25.6454812,46.0421787],[25.645874,46.0422227],[25.6457874,46.0425593],[25.6461381,46.0426204],[25.6462182,46.0427586],[25.6454919,46.0430989],[25.6454939,46.0432628],[25.6472141,46.0432951],[25.6492856,46.0439515],[25.6503138,46.0441516],[25.6509478,46.0446943],[25.6513193,46.045499],[25.6522311,46.0460611],[25.6531665,46.0470854],[25.6541135,46.0475506],[25.6544366,46.0478261],[25.6575899,46.0485854],[25.6580086,46.0487805],[25.6596576,46.0488971],[25.6600589,46.0491511],[25.6607945,46.049088],[25.6612083,46.0488671],[25.6613421,46.0489546],[25.6620307,46.0490052],[25.66245,46.0492423],[25.6639003,46.0504106],[25.6640247,46.0512209],[25.6634407,46.0528548],[25.6645398,46.0529073],[25.6653219,46.0532011],[25.6657725,46.0535262],[25.6662727,46.0534687],[25.6663687,46.0529176],[25.6668621,46.0522844],[25.6678546,46.0515054],[25.6707509,46.0504504],[25.6709301,46.0502939],[25.6713472,46.0503461],[25.6734058,46.0508887],[25.6757224,46.0517995],[25.6773361,46.0519791],[25.678352,46.0526328],[25.6793436,46.0537616],[25.6790119,46.054272],[25.6799657,46.054779],[25.6801148,46.0546353],[25.6814438,46.0552115],[25.6826304,46.0555028],[25.6827802,46.0554178],[25.6827569,46.0554894],[25.6845675,46.0559576],[25.6855194,46.0558133],[25.6861193,46.0555197],[25.6863022,46.0561489],[25.6876202,46.0572967],[25.6884351,46.0573044],[25.6889802,46.0569607],[25.6886369,46.059459],[25.6874886,46.0627479],[25.6865839,46.0642788],[25.6866919,46.064711],[25.6872622,46.0654261],[25.6867135,46.0654799],[25.6840229,46.0666138],[25.6822859,46.0677336],[25.681539,46.0683684],[25.6801578,46.0689692],[25.6805672,46.0698618],[25.6808732,46.0711796],[25.6810741,46.071317],[25.6814673,46.0713777],[25.680834,46.0719194],[25.6811521,46.0722579],[25.6810106,46.0725319],[25.6810724,46.0731409],[25.681007,46.0732253],[25.6805481,46.0732196],[25.6804136,46.074561],[25.6802825,46.0747088],[25.6799024,46.0747279],[25.6795164,46.0752597],[25.6792215,46.0753371],[25.6783697,46.0767793],[25.6783864,46.0776533],[25.6758148,46.0796983],[25.6753185,46.0805963],[25.6752581,46.0810841],[25.674031,46.0814864],[25.6735113,46.0819517],[25.673982,46.0834156],[25.6742277,46.0837503],[25.6750786,46.0842033],[25.6758092,46.0841906],[25.6765251,46.0849596],[25.6754128,46.0848695],[25.6750454,46.0849473],[25.6745961,46.0852442],[25.6735497,46.0851158],[25.6732316,46.0852732],[25.6728244,46.0850655],[25.6720478,46.0852634],[25.6717437,46.0850887],[25.670369,46.0847689],[25.6700318,46.085355],[25.6701448,46.0862117],[25.6704527,46.0862014],[25.6706394,46.0856583],[25.6710778,46.085454],[25.6720696,46.0860701],[25.6730166,46.086968],[25.6738861,46.0874504],[25.674246,46.0882425],[25.6743493,46.0892841],[25.6740748,46.0900547],[25.6744893,46.0903674],[25.6751507,46.0906241],[25.675269,46.0909091],[25.6756837,46.0912345],[25.6761862,46.0913408],[25.676492,46.0916457],[25.6766428,46.0916364],[25.6768644,46.0919713],[25.6768613,46.0922192],[25.6772225,46.0926121],[25.6769611,46.0929667],[25.6769883,46.0932187],[25.6771837,46.0933898],[25.6770429,46.0937352],[25.6771294,46.0938944],[25.6772636,46.0940029],[25.677594,46.0938496],[25.677897,46.0939319],[25.6785308,46.0943946],[25.6791012,46.0946097],[25.6792314,46.0953737],[25.6794699,46.0956119],[25.6792413,46.0961847],[25.6789386,46.0961319],[25.6788218,46.0959603],[25.6786353,46.0960202],[25.6787564,46.0965406],[25.6790978,46.0967991],[25.6783232,46.0971777],[25.6782793,46.0980311],[25.6757092,46.0992817],[25.6753139,46.1000615],[25.6749282,46.100131],[25.6741097,46.1008839],[25.6739676,46.10112],[25.6739409,46.101906],[25.6737511,46.1021971],[25.6738493,46.1028226],[25.6737514,46.103214],[25.6736133,46.1032863],[25.6733326,46.1030526],[25.672933,46.1029793],[25.6729306,46.1032819],[25.6725967,46.1036453],[25.67265,46.1040526],[25.6723853,46.1041424],[25.6720642,46.1040728],[25.6718188,46.104255],[25.6713549,46.1043628],[25.6713434,46.1049133],[25.6709391,46.1054494],[25.6712713,46.1059433],[25.6728153,46.1067243],[25.673243,46.1071168],[25.673214,46.1077137],[25.6740236,46.108709],[25.6752358,46.1090297],[25.6758215,46.1094969],[25.6761074,46.1101507],[25.6769624,46.1108937],[25.6773998,46.1110928],[25.6779071,46.111073],[25.6786754,46.1116484],[25.6788875,46.1121934],[25.6800407,46.1126152],[25.680767,46.1127117],[25.6820075,46.1133599],[25.6821063,46.1135274],[25.6817347,46.1147567],[25.6785376,46.1181543],[25.6777235,46.1196053],[25.6773505,46.1209013],[25.6775493,46.1213455],[25.6779536,46.1217886],[25.6782571,46.1238711],[25.6787899,46.1249437],[25.6794144,46.1255956],[25.6798288,46.1268622],[25.6797152,46.1284429],[25.6788068,46.1292825],[25.6786246,46.1301955],[25.6790996,46.1319618],[25.6794069,46.132376],[25.6790385,46.1323992],[25.6771855,46.1316285],[25.6769425,46.131527]]]}},{"type":"Feature","properties":{"entity_id":"osm-r10715891","jurisdiction":"RO","display_name":"COVASNA","display_type":"town","admin_level":8,"tier":"local","legal_registry":"SIRUTA","legal_id":"63526","legal_type":"town","parent_catalog_id":"osm-r2248621","osm_relation_id":10715891,"legal_identity_status":"reconciled","geometry_source":"OpenStreetMap","canonical_geometry_role":null,"geometry_scope":null,"geometry_precision":"master_coordinate_fidelity"},"geometry":{"type":"Polygon","coordinates":[[[26.3749404,45.8209102],[26.3744575,45.8212997],[26.3736974,45.8223551],[26.3734234,45.8225556],[26.3731866,45.8231359],[26.3717591,45.8243779],[26.3703456,45.8244515],[26.3697217,45.8245903],[26.3657772,45.8243632],[26.3631238,45.8244751],[26.357575,45.825834],[26.3565379,45.8263936],[26.3560255,45.8264816],[26.3552363,45.8270284],[26.3539648,45.8275672],[26.3532589,45.827563],[26.3519958,45.8280901],[26.3504467,45.8283044],[26.3484355,45.8288103],[26.3476401,45.8299817],[26.3470699,45.8302035],[26.3469008,45.8303893],[26.3469772,45.8310891],[26.3461946,45.8315562],[26.3457161,45.8320821],[26.345097,45.8322993],[26.3448402,45.8325194],[26.3446787,45.8333565],[26.3443489,45.833853],[26.3439199,45.8342586],[26.3420994,45.834915],[26.3418377,45.8350916],[26.341829,45.8352951],[26.3415285,45.8351609],[26.3412959,45.8351879],[26.3408058,45.835473],[26.3392228,45.8352253],[26.3388558,45.8353304],[26.3383458,45.8356702],[26.3373784,45.8355398],[26.3359651,45.8357779],[26.3349317,45.836167],[26.3344429,45.8361332],[26.3335073,45.8356702],[26.3321259,45.8356863],[26.3318567,45.8355997],[26.3311124,45.8349764],[26.3304413,45.8348334],[26.3300213,45.8342387],[26.3294482,45.8339895],[26.3295063,45.8334902],[26.3288056,45.8320103],[26.3287641,45.8316207],[26.3285395,45.8313507],[26.3278604,45.830926],[26.3280623,45.8303909],[26.3274181,45.8299283],[26.3275759,45.8291962],[26.3252869,45.8278598],[26.3251685,45.8273961],[26.3254528,45.826565],[26.3253149,45.8263315],[26.3239754,45.8259619],[26.3233076,45.825557],[26.3228402,45.8248522],[26.3227619,45.8242654],[26.3225963,45.8240723],[26.3216516,45.8236005],[26.3213789,45.8229635],[26.3204162,45.8226395],[26.3198567,45.8221208],[26.3192167,45.8218281],[26.3189249,45.8214414],[26.3186321,45.8205519],[26.318239,45.8201138],[26.3166061,45.8191223],[26.3161934,45.818762],[26.3151357,45.818349],[26.3147843,45.8172502],[26.3129399,45.8163836],[26.3114454,45.8158689],[26.3118232,45.8167641],[26.3111609,45.8173582],[26.3102342,45.8185909],[26.3097172,45.8189087],[26.308713,45.8208755],[26.3070641,45.8222923],[26.3068139,45.8228111],[26.3050904,45.8237531],[26.3050774,45.8238962],[26.3032761,45.8240487],[26.3021057,45.8239956],[26.2999372,45.8245734],[26.2981727,45.8247143],[26.2969512,45.8246011],[26.2964575,45.8246495],[26.2950978,45.824963],[26.2943979,45.8250184],[26.2931273,45.8253879],[26.2924609,45.8258527],[26.2913406,45.825714],[26.2902853,45.8259069],[26.2898572,45.8258328],[26.2894117,45.8259003],[26.2888542,45.8260614],[26.2887564,45.8262127],[26.2862197,45.82634],[26.2843541,45.8262517],[26.2829505,45.8263852],[26.2817576,45.8262683],[26.2809128,45.8263222],[26.2787992,45.8258811],[26.277252,45.8260969],[26.2766804,45.8259968],[26.2760123,45.826048],[26.2750569,45.8258998],[26.2737042,45.8255207],[26.271495,45.8245188],[26.2701296,45.8245277],[26.2676787,45.8242549],[26.2664383,45.8242944],[26.2660543,45.824207],[26.2647836,45.8235431],[26.2647042,45.823167],[26.2642878,45.8228817],[26.263584,45.8226906],[26.2627839,45.8225937],[26.2619481,45.8228158],[26.2619214,45.8238349],[26.2624493,45.8243066],[26.2626934,45.8248333],[26.2624484,45.8253504],[26.262313,45.8268427],[26.2615958,45.8284888],[26.2620732,45.8291105],[26.2623025,45.8300554],[26.2627826,45.8305535],[26.2628296,45.8309388],[26.2629501,45.8310058],[26.2653361,45.8313729],[26.2661401,45.831597],[26.2666324,45.8316007],[26.267565,45.8320459],[26.26798,45.8328986],[26.2683169,45.8331722],[26.2693866,45.8347322],[26.2696084,45.8349693],[26.2701802,45.8352613],[26.270269,45.8362521],[26.2697979,45.8366903],[26.2697247,45.8370338],[26.2708161,45.8373051],[26.2712068,45.8376973],[26.2701681,45.838142],[26.2697952,45.8387921],[26.2691688,45.8390132],[26.2699465,45.8392109],[26.2702753,45.8394001],[26.270839,45.8398957],[26.2712391,45.8405059],[26.2719481,45.8410717],[26.2725467,45.8418944],[26.2732266,45.842357],[26.273858,45.8433355],[26.2753859,45.8452106],[26.2753735,45.8455464],[26.2745201,45.8461859],[26.2746117,45.8470395],[26.2743844,45.8475788],[26.2735049,45.8483121],[26.2711121,45.8495382],[26.2689488,45.8508204],[26.2675849,45.8525944],[26.2660391,45.8539106],[26.2663054,45.8528098],[26.2659467,45.8523201],[26.2656184,45.8520565],[26.2648873,45.8518446],[26.2638839,45.8517657],[26.263577,45.8516107],[26.2630153,45.8510304],[26.2631519,45.8507812],[26.2630804,45.8503547],[26.2628143,45.8499766],[26.2621205,45.8498639],[26.2617203,45.8499331],[26.2612325,45.8498218],[26.2609471,45.8499728],[26.2602059,45.8499654],[26.2593697,45.849503],[26.2578168,45.8491324],[26.2573777,45.8486509],[26.2568417,45.8483502],[26.2564893,45.8484797],[26.2562239,45.8488329],[26.2553332,45.8492793],[26.2553334,45.8502983],[26.2556395,45.8511299],[26.2555448,45.852164],[26.2556386,45.8528216],[26.2549813,45.8535242],[26.2548271,45.8540594],[26.2549812,45.854914],[26.2552039,45.8553294],[26.2561503,45.856328],[26.2561124,45.8576559],[26.2565974,45.8582314],[26.2556516,45.8583455],[26.2520279,45.8592351],[26.2506012,45.8599797],[26.2488596,45.86133],[26.2489094,45.8635522],[26.2468251,45.8635384],[26.2461213,45.8634661],[26.2458554,45.8632888],[26.2458223,45.8635172],[26.2448296,45.8639859],[26.2423769,45.8643805],[26.2403366,45.8643205],[26.2384876,45.8640016],[26.236569,45.863952],[26.2354003,45.8643265],[26.2348101,45.8646516],[26.2338426,45.8645447],[26.2325234,45.8640224],[26.231507,45.8639432],[26.2302194,45.8643548],[26.2298349,45.8646602],[26.228645,45.8649937],[26.2266047,45.8653391],[26.2254838,45.8653581],[26.2236096,45.8649217],[26.2230217,45.8646025],[26.222303,45.8644264],[26.2219167,45.8644146],[26.2210702,45.8641656],[26.2198987,45.8641211],[26.2185757,45.8638686],[26.2177751,45.8640068],[26.2156254,45.8639103],[26.2144847,45.8640634],[26.2142523,45.8642254],[26.2117008,45.8621849],[26.2109631,45.8620078],[26.2095296,45.8619222],[26.2059031,45.8622295],[26.2041569,45.8626645],[26.2022587,45.8624484],[26.2011304,45.8626633],[26.2000583,45.8631133],[26.1991527,45.8629545],[26.1981589,45.8623061],[26.1976504,45.8621032],[26.1971084,45.8621864],[26.1968078,45.8623928],[26.1962344,45.8624431],[26.1955319,45.8629557],[26.1934304,45.8636232],[26.1923868,45.863808],[26.1911032,45.8643518],[26.1865541,45.8642815],[26.1845514,45.8640165],[26.1826387,45.8640279],[26.1820876,45.8641345],[26.1824421,45.8632651],[26.1835774,45.8626271],[26.1835612,45.8624298],[26.1832307,45.8621475],[26.179944,45.8619841],[26.1779305,45.8614574],[26.170735,45.8625805],[26.1667964,45.8642687],[26.1657088,45.8643261],[26.1646932,45.8646621],[26.1594703,45.8655979],[26.1577905,45.8662537],[26.1569657,45.8662246],[26.1544648,45.8667471],[26.1511969,45.8684886],[26.1486102,45.8693886],[26.1448386,45.8692868],[26.1451512,45.8672264],[26.142396,45.8671023],[26.1426903,45.8645708],[26.1380775,45.8645902],[26.1340052,45.8651299],[26.1330411,45.8647536],[26.1327099,45.8647553],[26.1312392,45.8652602],[26.1301361,45.8654628],[26.1289518,45.8658898],[26.1279581,45.8653833],[26.1239355,45.865389],[26.1235771,45.8651791],[26.1230234,45.8643149],[26.122089,45.8640234],[26.1202952,45.8645019],[26.1194228,45.8649668],[26.1182949,45.8653694],[26.1181328,45.8650629],[26.1186992,45.8625398],[26.1186104,45.8619436],[26.1181463,45.8607337],[26.1176553,45.8606114],[26.117447,45.8604466],[26.1165191,45.8603563],[26.1159599,45.8600601],[26.1150449,45.8592038],[26.1142034,45.8581398],[26.1129459,45.858609],[26.1099139,45.859076],[26.1079254,45.8590748],[26.1036204,45.8587667],[26.1009909,45.859024],[26.0967701,45.8582475],[26.0958411,45.8579451],[26.0953709,45.8576493],[26.0953002,45.8576124],[26.1050417,45.8517831],[26.1013602,45.8510952],[26.1016682,45.8504245],[26.1010399,45.8502946],[26.1011183,45.8501421],[26.1006938,45.8500013],[26.1003087,45.8494429],[26.099501,45.8491502],[26.1002892,45.8485782],[26.1010356,45.8472271],[26.1090357,45.8484689],[26.1123081,45.8486503],[26.1162151,45.8484166],[26.1174468,45.8477149],[26.1175375,45.8473748],[26.1184059,45.846968],[26.1191126,45.8468326],[26.1201782,45.8462937],[26.1206592,45.8463903],[26.1243944,45.839834],[26.1247011,45.8399334],[26.1259275,45.8382271],[26.1280724,45.8385718],[26.1314603,45.8387466],[26.1319641,45.837277],[26.1302152,45.8370725],[26.1261801,45.8352219],[26.1294622,45.8319244],[26.1302833,45.8321675],[26.1304066,45.8317061],[26.1299068,45.8315757],[26.128836,45.8316237],[26.1284513,45.8314608],[26.1277901,45.8306397],[26.1270978,45.8301495],[26.1258489,45.8286841],[26.1250963,45.8280258],[26.1252397,45.8279159],[26.1262765,45.8278053],[26.1284698,45.8267394],[26.1298316,45.8262086],[26.1297668,45.8259997],[26.1299731,45.8257006],[26.1298679,45.8253117],[26.1283024,45.8240647],[26.1266321,45.8224128],[26.1264313,45.8207948],[26.1265317,45.8200846],[26.1267041,45.8198783],[26.1250175,45.818323],[26.1221802,45.8191857],[26.1201887,45.8167491],[26.1198709,45.8159701],[26.1195532,45.8151911],[26.1216163,45.8150591],[26.1255116,45.8130537],[26.1265259,45.8128257],[26.1271063,45.8122835],[26.1277923,45.8114357],[26.1281503,45.8107504],[26.12836,45.8106183],[26.1323421,45.8092978],[26.1328473,45.8088317],[26.1327938,45.8064605],[26.1345929,45.8054475],[26.1348845,45.8056335],[26.1351417,45.8054727],[26.1362745,45.8054834],[26.1375595,45.8052569],[26.1377297,45.8053584],[26.1411858,45.8050314],[26.1421328,45.8051251],[26.14488,45.8057473],[26.1468391,45.8060272],[26.1483258,45.8066887],[26.149365,45.8068763],[26.1507092,45.806838],[26.1528748,45.8063802],[26.153188,45.8068872],[26.1543186,45.8076432],[26.1555773,45.8080655],[26.1558564,45.8080378],[26.156393,45.8079257],[26.1574662,45.8072],[26.1583737,45.8068245],[26.1601629,45.8058177],[26.1613525,45.805381],[26.1619696,45.8044228],[26.1620043,45.8037744],[26.1623012,45.8031975],[26.1628688,45.8026449],[26.1634027,45.8023289],[26.163767,45.8017514],[26.1641296,45.8015519],[26.1647657,45.8015049],[26.1653845,45.8018298],[26.1674288,45.802089],[26.169324,45.80305],[26.1706005,45.8031515],[26.17232,45.8035413],[26.173226,45.803341],[26.1745488,45.8039131],[26.1764477,45.8050207],[26.177626,45.8053679],[26.1791559,45.8056114],[26.1802266,45.8052527],[26.1807331,45.8049057],[26.1821602,45.8034769],[26.1864947,45.8037663],[26.1887713,45.8027628],[26.1905259,45.8023682],[26.1911334,45.8021378],[26.1925154,45.8027668],[26.193269,45.8029459],[26.1952621,45.8030475],[26.1975942,45.8028018],[26.1991272,45.8028013],[26.1996971,45.8028296],[26.2005313,45.8031224],[26.2014812,45.8031162],[26.204077,45.8033452],[26.2072363,45.8031369],[26.2089552,45.8031658],[26.2113103,45.802751],[26.2125932,45.8023364],[26.2135352,45.8021609],[26.2160257,45.8019856],[26.2185741,45.8020389],[26.2228668,45.801638],[26.2230152,45.8029129],[26.2243034,45.8026418],[26.2242086,45.8023695],[26.2244427,45.8017436],[26.2247693,45.8018646],[26.224726,45.8001075],[26.2243895,45.7977373],[26.2270774,45.7974978],[26.2274842,45.7938147],[26.2281799,45.7944139],[26.2296401,45.7950285],[26.2299287,45.7952893],[26.2330305,45.7911421],[26.2338156,45.791041],[26.2352969,45.7910502],[26.2360032,45.7911618],[26.2360695,45.7907727],[26.2372874,45.7898435],[26.23757,45.7894258],[26.2373649,45.7884446],[26.2405065,45.7847523],[26.2408113,45.7842355],[26.2401539,45.7833563],[26.2405135,45.7820631],[26.241015,45.7811735],[26.2421242,45.7804164],[26.2427345,45.7804098],[26.2434466,45.7800817],[26.2444992,45.7793837],[26.2451012,45.7785663],[26.2463872,45.7778038],[26.2471412,45.7776051],[26.2478822,45.7776922],[26.2494866,45.7772335],[26.2514775,45.7769496],[26.2518084,45.7771731],[26.2535006,45.7761417],[26.2536683,45.7756088],[26.2543685,45.7754108],[26.2552089,45.7757672],[26.2555858,45.775622],[26.2557947,45.7753995],[26.256575,45.7752419],[26.2573545,45.7754449],[26.2575827,45.7752543],[26.2580831,45.7752107],[26.2587889,45.7755028],[26.2594947,45.7756547],[26.2642053,45.776502],[26.2658368,45.7772838],[26.266646,45.7774118],[26.2675289,45.7774182],[26.2676517,45.7770446],[26.2695214,45.7774415],[26.2699122,45.7771089],[26.270648,45.7768643],[26.2714325,45.7767673],[26.2719492,45.7764263],[26.2726928,45.7763016],[26.2732999,45.7759454],[26.2744282,45.7758869],[26.274863,45.7754904],[26.2752867,45.775715],[26.2756874,45.7753753],[26.2759036,45.7753481],[26.2763015,45.7757636],[26.2765687,45.7755419],[26.2762621,45.7751465],[26.2763836,45.774944],[26.2777211,45.7743326],[26.2778694,45.7742004],[26.2779239,45.7736976],[26.2778057,45.7735219],[26.2781312,45.7734214],[26.2784529,45.7734912],[26.2799347,45.7743561],[26.2816373,45.7719779],[26.2817142,45.7716784],[26.281634,45.7713459],[26.2806477,45.770138],[26.2812517,45.7703968],[26.2840532,45.7709849],[26.2921884,45.7702903],[26.292473,45.7699051],[26.2935368,45.7696151],[26.2943989,45.7697321],[26.2951974,45.7691904],[26.2956136,45.7691146],[26.2961257,45.7690719],[26.2968362,45.769254],[26.2973734,45.7688112],[26.298467,45.768497],[26.2990761,45.768568],[26.2996797,45.7688336],[26.3003037,45.7688203],[26.3014581,45.7689892],[26.303439,45.7687578],[26.3046131,45.7691984],[26.3055284,45.7691614],[26.3060739,45.7688065],[26.306045,45.7686062],[26.3068311,45.768056],[26.307305,45.7678821],[26.3077831,45.7674564],[26.3081489,45.7672678],[26.3092487,45.7671542],[26.3100287,45.7668074],[26.3121805,45.7649306],[26.3130798,45.7645343],[26.3134031,45.7636225],[26.313364,45.7628355],[26.3129834,45.7622025],[26.3129652,45.7611662],[26.3137794,45.760381],[26.313955,45.7593741],[26.3145747,45.7588908],[26.3154518,45.7567317],[26.3168167,45.755338],[26.3194387,45.7543916],[26.3203823,45.7541525],[26.3221772,45.7533602],[26.3241956,45.7521069],[26.324708,45.7521109],[26.3255728,45.751696],[26.3260057,45.7517069],[26.3270478,45.7519559],[26.3278299,45.7518162],[26.3296013,45.7509589],[26.3305155,45.7502377],[26.3311621,45.75013],[26.3336024,45.7503151],[26.3363409,45.7502265],[26.3377805,45.7495919],[26.3389806,45.748902],[26.3402848,45.747587],[26.3422007,45.7471311],[26.344988,45.7456423],[26.3461126,45.7454742],[26.3474042,45.7454752],[26.3485565,45.745728],[26.3487969,45.7455397],[26.350607,45.7450222],[26.351017,45.7450623],[26.3516023,45.7448694],[26.3522298,45.7448704],[26.3524142,45.7446731],[26.3521903,45.7446691],[26.3513936,45.7449229],[26.3507199,45.7449716],[26.350564,45.744778],[26.350684,45.7444507],[26.3508088,45.7443189],[26.3519776,45.7440525],[26.3528817,45.7434307],[26.353666,45.7426638],[26.3540112,45.7425049],[26.3544649,45.7424995],[26.3546204,45.7426769],[26.354677,45.7430917],[26.3542589,45.7440824],[26.3546746,45.7441628],[26.354984,45.7439824],[26.3552546,45.7433985],[26.3552607,45.7422131],[26.3558289,45.7416523],[26.3567334,45.7415275],[26.3581429,45.7411197],[26.3591454,45.7407167],[26.3605446,45.7398854],[26.3622967,45.7387361],[26.3637769,45.737415],[26.3651607,45.7364371],[26.3674812,45.7342789],[26.3676325,45.7340449],[26.3674125,45.7328989],[26.3665814,45.7311579],[26.3665319,45.7306107],[26.3676283,45.7294432],[26.3681736,45.7291407],[26.3682124,45.7298594],[26.3685005,45.7307565],[26.3683266,45.7311608],[26.3683933,45.73159],[26.3693969,45.7321246],[26.3695524,45.7323895],[26.3705214,45.732892],[26.3707191,45.73358],[26.3709505,45.7338145],[26.3714224,45.7340069],[26.3731556,45.7342705],[26.3752262,45.7342142],[26.3765382,45.7345521],[26.3768587,45.7345109],[26.3780978,45.7338724],[26.378986,45.7338539],[26.379486,45.7340099],[26.3796218,45.7342949],[26.3800272,45.7345058],[26.3822848,45.7346365],[26.3833812,45.7348995],[26.383624,45.7354638],[26.3845357,45.7362251],[26.3845258,45.7365462],[26.3840895,45.7368925],[26.3836053,45.7377199],[26.3830646,45.7382134],[26.3834388,45.7387675],[26.3833544,45.7397796],[26.3822607,45.7405982],[26.3813009,45.7409105],[26.3810255,45.7411572],[26.3810888,45.7416285],[26.3817293,45.7428536],[26.3813582,45.7440183],[26.3813881,45.7451661],[26.3810631,45.7465148],[26.3807411,45.7497486],[26.3809566,45.7500206],[26.3815851,45.750367],[26.3816037,45.7508883],[26.3813759,45.7511182],[26.3812749,45.7519272],[26.3821286,45.7525984],[26.3825564,45.7542515],[26.3827461,45.7543905],[26.3832159,45.7544322],[26.3835895,45.7545888],[26.3843214,45.7550995],[26.3842247,45.7558851],[26.3843633,45.7573132],[26.3847209,45.7575224],[26.3854884,45.7575247],[26.3861219,45.757941],[26.3861467,45.7582369],[26.3858689,45.7587136],[26.3860712,45.7590521],[26.3859836,45.7594817],[26.3862359,45.7605469],[26.3872585,45.7611033],[26.3871797,45.7616409],[26.3873812,45.7620292],[26.3873822,45.7626407],[26.3876162,45.7628249],[26.3882503,45.7629818],[26.3885708,45.7637075],[26.3892881,45.76437],[26.3893419,45.7646623],[26.3889019,45.7657366],[26.38931,45.7661751],[26.3893863,45.7667667],[26.3887046,45.7679372],[26.3885521,45.7688449],[26.387896,45.7701366],[26.3875929,45.7715695],[26.387055,45.7724658],[26.3874302,45.7732312],[26.3874233,45.773507],[26.3864932,45.7744743],[26.3860916,45.7752143],[26.3856577,45.7754086],[26.3860037,45.7760358],[26.3856865,45.77664],[26.3844367,45.7774975],[26.3840999,45.7793558],[26.3843449,45.7800508],[26.3841572,45.7803423],[26.3835826,45.7807838],[26.3840048,45.7814184],[26.384033,45.7819012],[26.3833344,45.7826915],[26.3834879,45.7829146],[26.3842023,45.7832762],[26.3843256,45.7834661],[26.3841375,45.7849227],[26.3845143,45.7853211],[26.3846643,45.7861382],[26.3849551,45.786519],[26.3845591,45.7878849],[26.3851112,45.7891729],[26.3846045,45.7899388],[26.385255,45.7905953],[26.3849157,45.7909863],[26.385279,45.7917573],[26.3855315,45.7937033],[26.3861504,45.7947733],[26.3916809,45.8020213],[26.3921202,45.802397],[26.3918745,45.8024779],[26.3910693,45.8031418],[26.389969,45.803344],[26.387833,45.8043397],[26.3862794,45.8048049],[26.3846862,45.8060342],[26.3843252,45.8067572],[26.3843329,45.8077476],[26.3838148,45.8098926],[26.3835651,45.8108232],[26.3833183,45.8113104],[26.38221,45.8124044],[26.3821918,45.8134342],[26.3819289,45.8140249],[26.3812105,45.8147579],[26.3792688,45.8157549],[26.378662,45.8165262],[26.3768561,45.8177543],[26.3764766,45.8182764],[26.3758497,45.8197928],[26.3749404,45.8209102]]]}},{"type":"Feature","properties":{"entity_id":"osm-r10715892","jurisdiction":"RO","display_name":"TÂRGU SECUIESC","display_type":"municipality","admin_level":8,"tier":"local","legal_registry":"SIRUTA","legal_id":"63740","legal_type":"municipality","parent_catalog_id":"osm-r2248621","osm_relation_id":10715892,"legal_identity_status":"reconciled","geometry_source":"OpenStreetMap","canonical_geometry_role":null,"geometry_scope":null,"geometry_precision":"master_coordinate_fidelity"},"geometry":{"type":"Polygon","coordinates":[[[26.107035,45.9667551],[26.1166157,45.9770161],[26.1225474,45.9830927],[26.1303018,45.9795494],[26.1320258,45.9811869],[26.13359,45.982447],[26.1362716,45.9844527],[26.1371089,45.9847941],[26.1388311,45.9860529],[26.138116,45.9872494],[26.1384889,45.9873393],[26.1390426,45.9863656],[26.1414434,45.9877972],[26.1413905,45.9878929],[26.1438013,45.9892508],[26.144812,45.9886302],[26.1457969,45.9883256],[26.1461274,45.987931],[26.1446984,45.9875277],[26.1447503,45.9871396],[26.1442797,45.9869174],[26.1456738,45.9857316],[26.1464017,45.986119],[26.1464883,45.9859844],[26.1468403,45.9847633],[26.1471355,45.9842953],[26.1466371,45.9834837],[26.1469135,45.9828264],[26.1474798,45.9824879],[26.1470052,45.9822718],[26.1470022,45.9821478],[26.1479356,45.9813938],[26.1482602,45.9812559],[26.1487704,45.9812079],[26.1497136,45.9813046],[26.1498039,45.9812363],[26.1496635,45.9809462],[26.1489657,45.9807281],[26.1488482,45.980038],[26.1482552,45.9795236],[26.1477631,45.9786255],[26.1478055,45.9783224],[26.1481573,45.9779539],[26.1494169,45.9770538],[26.1511171,45.9768739],[26.1522672,45.9769816],[26.1554495,45.9792019],[26.1555754,45.979101],[26.15699,45.9798076],[26.1589143,45.9811334],[26.1599383,45.9800761],[26.1624608,45.9819415],[26.162207,45.9831671],[26.1642059,45.9839113],[26.1646827,45.9833409],[26.1655919,45.98327],[26.1663727,45.9827305],[26.1678254,45.9812825],[26.1678573,45.9814773],[26.1681089,45.9815634],[26.1686126,45.9812301],[26.1692492,45.981259],[26.1693101,45.9814083],[26.1689565,45.9818586],[26.1690333,45.9821734],[26.1701781,45.9819631],[26.171209,45.981606],[26.1734172,45.9799265],[26.1755928,45.9775872],[26.1768241,45.9766372],[26.1772881,45.9763777],[26.180335,45.9753056],[26.181264,45.9750646],[26.1817281,45.9752245],[26.1832657,45.9737295],[26.1831256,45.9719815],[26.1831267,45.9719006],[26.1856882,45.9738188],[26.1876568,45.9750932],[26.189928,45.975663],[26.1918316,45.9773636],[26.1925748,45.9782794],[26.1950334,45.9790312],[26.1923063,45.9818133],[26.1921651,45.9820901],[26.1910835,45.9819726],[26.192135,45.9837883],[26.1949638,45.9869904],[26.1969247,45.9886165],[26.1970093,45.9885675],[26.2003084,45.9895867],[26.2003472,45.9895276],[26.2040718,45.9919635],[26.2057247,45.9920005],[26.2066028,45.9931428],[26.206337,45.9932019],[26.2053089,45.993939],[26.2054236,45.9942588],[26.2077176,45.9941202],[26.2088924,45.9942383],[26.2112178,45.9941245],[26.2147205,45.9948952],[26.212675,45.9969902],[26.2188267,46.0010376],[26.2172218,46.0018848],[26.2178311,46.0024176],[26.2173523,46.00277],[26.215641,46.0045604],[26.2155383,46.0048363],[26.2156934,46.0057225],[26.2170809,46.0049322],[26.2177061,46.0055296],[26.2188412,46.0062779],[26.2200845,46.0067292],[26.2209024,46.0077024],[26.2246535,46.0087564],[26.2264289,46.0096036],[26.2266646,46.0100427],[26.2262414,46.010625],[26.2277614,46.0112669],[26.2287823,46.011847],[26.2297682,46.0130463],[26.2306796,46.0134913],[26.2308569,46.0136782],[26.2432047,46.0185049],[26.2467336,46.0201901],[26.2477679,46.0205594],[26.2487033,46.0206792],[26.2491938,46.020861],[26.2494562,46.0209773],[26.2546641,46.0233013],[26.2573255,46.0240717],[26.2592776,46.0248777],[26.2570303,46.0275759],[26.263098,46.0301042],[26.2633336,46.0302059],[26.2631426,46.0302098],[26.2596631,46.030824],[26.2574074,46.0309948],[26.2548355,46.0316271],[26.2520929,46.0321131],[26.2500505,46.0327447],[26.2501896,46.0328253],[26.2491962,46.0330991],[26.248495,46.0335245],[26.248141,46.0335903],[26.2473753,46.0335182],[26.246553,46.0333043],[26.2460454,46.0332542],[26.2456031,46.0333394],[26.2423495,46.0342843],[26.2408627,46.0348992],[26.2397779,46.0340892],[26.2380072,46.032118],[26.2367862,46.0312544],[26.2177791,46.0464043],[26.2046988,46.0400546],[26.2029762,46.0416254],[26.2044168,46.0426925],[26.2050349,46.0432159],[26.2047584,46.0432076],[26.2042384,46.0429046],[26.2032474,46.0426418],[26.2021708,46.0426265],[26.2009997,46.0429123],[26.1999677,46.0435491],[26.1988626,46.0438398],[26.1951858,46.042069],[26.1947128,46.0420083],[26.1943769,46.0419861],[26.1942811,46.0419152],[26.1952267,46.0417065],[26.1913718,46.0392534],[26.1959943,46.0364702],[26.1953075,46.0362027],[26.1955034,46.0358108],[26.1953898,46.035484],[26.1948445,46.0349203],[26.1944643,46.0348036],[26.1942383,46.0344192],[26.1945029,46.0337078],[26.1942215,46.0328134],[26.1944727,46.0316875],[26.1942747,46.0313616],[26.1943333,46.0309866],[26.1941638,46.0309568],[26.1935028,46.0314069],[26.1931813,46.0320046],[26.1925462,46.0327471],[26.1835821,46.0299282],[26.1843712,46.0289003],[26.1773964,46.0260225],[26.1799857,46.0235341],[26.1783023,46.0228572],[26.1766417,46.0223876],[26.1751433,46.0218006],[26.1838044,46.0130966],[26.1747632,46.0071992],[26.1727349,46.0081303],[26.171238,46.0089805],[26.1706641,46.0081861],[26.1668702,46.0096428],[26.1637654,46.0105719],[26.1626265,46.0111824],[26.1586699,46.0136792],[26.1578881,46.0111591],[26.1581699,46.0104697],[26.158093,46.0102063],[26.1578199,46.0099988],[26.1578652,46.0097386],[26.1574802,46.009515],[26.157543,46.009315],[26.1571479,46.0092116],[26.1567591,46.009401],[26.1564908,46.0096841],[26.1564737,46.0102915],[26.1562213,46.0103477],[26.1560198,46.0102169],[26.1563378,46.0099974],[26.1562709,46.0098073],[26.1556683,46.0094091],[26.1553558,46.0094052],[26.1552878,46.0101199],[26.1547732,46.0100544],[26.1537783,46.0102945],[26.1535347,46.0106883],[26.1537988,46.0111277],[26.1540939,46.011196],[26.1544533,46.0115509],[26.1549595,46.0118086],[26.154771,46.0123449],[26.1552185,46.0126865],[26.1549019,46.0129724],[26.1548072,46.0133932],[26.1552051,46.0136097],[26.1551023,46.0137857],[26.1551694,46.0143281],[26.1558263,46.0147014],[26.1558621,46.0148371],[26.1553088,46.0145723],[26.1548499,46.0146953],[26.1543323,46.0145592],[26.1532454,46.0148529],[26.1530175,46.0151171],[26.1532592,46.0153297],[26.153784,46.0154774],[26.1541707,46.0159046],[26.1532099,46.0160415],[26.152847,46.0162695],[26.1528906,46.0166762],[26.1532454,46.0169111],[26.1534176,46.0172645],[26.1527186,46.0175789],[26.1441386,46.0135638],[26.141749,46.0127679],[26.1418331,46.0140326],[26.1417306,46.0146775],[26.141459,46.0152261],[26.1405996,46.0162635],[26.140193,46.0170416],[26.1393352,46.0202964],[26.139339,46.0211955],[26.1334513,46.0199771],[26.1292342,46.0196077],[26.1272225,46.0223275],[26.1265096,46.0227505],[26.1197895,46.0243115],[26.1173067,46.024586],[26.1163852,46.0215255],[26.1165165,46.0214362],[26.1172068,46.0213074],[26.1174803,46.0209026],[26.1165727,46.0210246],[26.1163671,46.0209201],[26.114497,46.0178193],[26.1179444,46.0168131],[26.1183888,46.0166045],[26.1192204,46.0164355],[26.1203363,46.0160563],[26.1207394,46.0157832],[26.1211931,46.0158158],[26.1218268,46.015528],[26.1223246,46.0155479],[26.1224204,46.0154541],[26.117839,46.0100505],[26.1156133,46.0114232],[26.1116294,46.012698],[26.0888809,45.9850689],[26.0898043,45.9849229],[26.0902,45.9847355],[26.0940743,45.9808478],[26.0926552,45.9800993],[26.107035,45.9667551]]]}},{"type":"Feature","properties":{"entity_id":"osm-r14735715","jurisdiction":"RO","display_name":"BODOC","display_type":"commune","admin_level":8,"tier":"local","legal_registry":"SIRUTA","legal_id":"63893","legal_type":"commune","parent_catalog_id":"osm-r2248621","osm_relation_id":14735715,"legal_identity_status":"reconciled","geometry_source":"OpenStreetMap","canonical_geometry_role":null,"geometry_scope":null,"geometry_precision":"master_coordinate_fidelity"},"geometry":{"type":"Polygon","coordinates":[[[25.9166558,45.9869028],[25.9165028,45.9871309],[25.9164395,45.9873121],[25.9164395,45.9873122],[25.916346,45.9874894],[25.9162103,45.9876712],[25.916123,45.9878652],[25.9160038,45.987946],[25.9158371,45.9880734],[25.9153675,45.9884764],[25.9151846,45.9887045],[25.9151846,45.9887049],[25.9152703,45.9888007],[25.9154411,45.9889212],[25.9154412,45.9889213],[25.9155455,45.9890339],[25.9156689,45.989201],[25.9160924,45.9892775],[25.9163356,45.9894228],[25.9161571,45.9899283],[25.9160808,45.990055],[25.9160343,45.9901562],[25.9159462,45.9902998],[25.9157263,45.9904906],[25.9155534,45.9906097],[25.915428,45.9906779],[25.915314,45.9907167],[25.9149067,45.9908797],[25.9146752,45.9910979],[25.9144718,45.991192],[25.9144717,45.991192],[25.9142807,45.9913028],[25.9142806,45.9913028],[25.9139052,45.9915705],[25.9135414,45.9918173],[25.9125654,45.9929554],[25.911889,45.9932508],[25.9118889,45.9932508],[25.9117812,45.9932979],[25.9115413,45.9933712],[25.9114214,45.9934184],[25.911259,45.9934324],[25.9111596,45.993265],[25.9111669,45.9929708],[25.9111668,45.9929707],[25.9111103,45.9928284],[25.9108855,45.9927251],[25.9107217,45.9926802],[25.9105786,45.9927611],[25.9105011,45.9928164],[25.9102856,45.9929148],[25.9100351,45.9930807],[25.9098999,45.9932876],[25.9097757,45.9934357],[25.9095927,45.9936767],[25.9095401,45.993778],[25.9095175,45.9938706],[25.9092828,45.9942633],[25.9091529,45.9944324],[25.9091529,45.9944325],[25.9090766,45.9945591],[25.909066,45.9946517],[25.9089509,45.9949917],[25.9089507,45.9949922],[25.9089493,45.9949926],[25.9089492,45.9949926],[25.9082549,45.9948095],[25.9072706,45.9947164],[25.9070001,45.9947731],[25.9067738,45.9949429],[25.9059347,45.9948657],[25.905968,45.9947268],[25.9063192,45.9944423],[25.9063986,45.9941226],[25.9058198,45.9941227],[25.9052935,45.9943748],[25.9049884,45.9938016],[25.903782,45.9933784],[25.9021218,45.9939635],[25.9010544,45.9941271],[25.9007662,45.9940621],[25.9005097,45.9937125],[25.8997425,45.9932606],[25.898764,45.9930433],[25.8977967,45.99296],[25.8972763,45.992789],[25.8965261,45.9921304],[25.8944129,45.9918292],[25.8931963,45.9918877],[25.8922075,45.9916974],[25.8907747,45.9916379],[25.8873171,45.992229],[25.8859464,45.9922007],[25.8850532,45.9923174],[25.88395,45.9922624],[25.8806393,45.9925963],[25.8792557,45.992893],[25.877448,45.9936825],[25.8770232,45.9936599],[25.8762552,45.9937918],[25.8752961,45.9936587],[25.8741998,45.9936653],[25.8735054,45.9935251],[25.8724339,45.9937363],[25.8704196,45.9948829],[25.8686655,45.9955233],[25.8680289,45.9958798],[25.866223,45.9965968],[25.8642375,45.9972332],[25.8641635,45.9971],[25.862959,45.9979446],[25.8608597,45.9986367],[25.8600288,45.998756],[25.859501,45.9986272],[25.858868,45.9987623],[25.8580036,45.9987712],[25.8577578,45.9989007],[25.8568205,45.9988572],[25.8558393,45.9986676],[25.8542729,45.9980318],[25.8537021,45.9979477],[25.8527797,45.9975749],[25.8520569,45.997461],[25.8504445,45.9984785],[25.8485926,45.9987456],[25.8466155,45.9993676],[25.846121,45.9993344],[25.8453799,45.999085],[25.8452483,45.9982022],[25.845388,45.9972128],[25.8444687,45.9967202],[25.8434924,45.9956926],[25.8423234,45.9964487],[25.8417434,45.9971799],[25.8419423,45.9975903],[25.8419484,45.9979853],[25.8423633,45.9983226],[25.8423601,45.9984823],[25.8419709,45.9986576],[25.841434,45.9986322],[25.8410566,45.9988114],[25.8408063,45.9990023],[25.8405007,45.9995341],[25.8399713,46.0000087],[25.8393184,46.0002866],[25.838931,46.0001888],[25.83866,46.0002158],[25.8383314,46.0004284],[25.8378153,46.0009953],[25.8369194,46.0027626],[25.8365017,46.0038584],[25.8353831,46.0052574],[25.8354288,46.0055215],[25.8361489,46.0052773],[25.8365301,46.0053583],[25.8368133,46.0061295],[25.8366527,46.0066727],[25.8362408,46.0069532],[25.834953,46.0075257],[25.8346453,46.0079314],[25.8339071,46.0085714],[25.832631,46.0095346],[25.8322663,46.0101593],[25.8316961,46.0119452],[25.8308724,46.0129175],[25.8299479,46.0132145],[25.8292534,46.0135514],[25.8273222,46.0146959],[25.8268547,46.0153043],[25.8271809,46.0157639],[25.825892,46.0170678],[25.8259446,46.01737],[25.825514,46.0176297],[25.8252553,46.0176484],[25.824903,46.0174871],[25.8239925,46.0175104],[25.8231255,46.0172141],[25.8227456,46.0172126],[25.822294,46.0176779],[25.8212022,46.0176691],[25.820543,46.0183753],[25.8210176,46.018679],[25.821575,46.0188556],[25.821762,46.019245],[25.8217043,46.0194136],[25.8209531,46.0200074],[25.8205208,46.020145],[25.8197438,46.0201589],[25.8197502,46.0202596],[25.8200138,46.0205477],[25.8205181,46.0207963],[25.8211489,46.0218341],[25.8213869,46.0220381],[25.8213684,46.0223912],[25.8211717,46.0225397],[25.8206421,46.0226235],[25.8195737,46.0225766],[25.8193575,46.0226327],[25.8186038,46.0222559],[25.8179481,46.0223865],[25.8175109,46.0222006],[25.8169936,46.0222966],[25.81645,46.0226493],[25.8159126,46.0226153],[25.8154162,46.0233373],[25.8163637,46.0241923],[25.8164812,46.0256118],[25.8158907,46.0268936],[25.8155055,46.0273628],[25.8153909,46.0281915],[25.8132429,46.0294087],[25.813825,46.0299449],[25.8136521,46.0300181],[25.8132866,46.0299169],[25.8125696,46.0299808],[25.8121223,46.0299251],[25.8116067,46.0301473],[25.8112324,46.0301331],[25.8105587,46.0302724],[25.8098943,46.0302183],[25.809099,46.0302911],[25.8081368,46.0305081],[25.8076454,46.0307502],[25.806611,46.0311041],[25.8058932,46.0312329],[25.8049394,46.0316295],[25.8035719,46.0316762],[25.8022685,46.0318586],[25.8006312,46.0316906],[25.7995308,46.0317788],[25.7980236,46.0320059],[25.7974405,46.0322328],[25.7968367,46.0322555],[25.7960693,46.0326445],[25.7951637,46.0326942],[25.7951714,46.0326075],[25.7955243,46.0324379],[25.7956861,46.0319479],[25.7932792,46.0301453],[25.7928689,46.0294117],[25.7929765,46.0288602],[25.793431,46.0283372],[25.7935946,46.0279709],[25.7941298,46.0275031],[25.7942358,46.0262214],[25.7952404,46.0250262],[25.7956913,46.0242619],[25.7963585,46.0237065],[25.79339,46.0236034],[25.7911692,46.0236064],[25.7907705,46.0236834],[25.7903884,46.0230548],[25.7898637,46.0230089],[25.7883552,46.0231307],[25.7881462,46.023423],[25.7876174,46.0237175],[25.7864043,46.0233731],[25.786166,46.0222299],[25.7865858,46.0211378],[25.7866009,46.0203209],[25.7859552,46.0192609],[25.786141,46.0185851],[25.7859434,46.0184317],[25.7857494,46.0179009],[25.78528,46.0173719],[25.7844984,46.016746],[25.7836859,46.0158172],[25.7834759,46.0154163],[25.7823206,46.0147435],[25.7817963,46.0140911],[25.7813762,46.0139022],[25.7801879,46.0127716],[25.779976,46.0122285],[25.779225,46.0118747],[25.7775181,46.0117625],[25.7747933,46.0106176],[25.7744051,46.0101685],[25.7735297,46.0098031],[25.7725067,46.0096801],[25.7714501,46.0096996],[25.7710042,46.0095664],[25.7693142,46.0093798],[25.7680098,46.0088192],[25.7677166,46.008815],[25.7667438,46.0091062],[25.7649909,46.0088704],[25.7631106,46.0090438],[25.7630031,46.0089827],[25.7644055,46.0082802],[25.7646863,46.0080308],[25.7649791,46.0067231],[25.7649566,46.0063767],[25.7643617,46.0057433],[25.7639546,46.0045516],[25.763473,46.0037565],[25.7623885,46.0030304],[25.7618344,46.0021244],[25.7608006,46.001203],[25.7600026,46.0006452],[25.7587282,46.0003071],[25.7583819,46.0003094],[25.7573286,46.0005516],[25.7562699,46.0004101],[25.7551818,46.0000583],[25.7542706,45.9996497],[25.7537646,45.9990094],[25.7521271,45.9987356],[25.7508839,45.9980754],[25.7505946,45.9970376],[25.7501121,45.9968118],[25.7496463,45.9958495],[25.7495574,45.9958439],[25.7496227,45.9954194],[25.7497896,45.99476],[25.7503158,45.9940618],[25.7503159,45.9940616],[25.7504172,45.9935316],[25.7505223,45.9932872],[25.7504496,45.9932207],[25.7504495,45.9932205],[25.7504495,45.9932201],[25.7505801,45.9930934],[25.7508909,45.9928896],[25.7511028,45.99251],[25.7517366,45.9923419],[25.7518198,45.9922659],[25.7518199,45.9922657],[25.7518539,45.9921144],[25.7518538,45.9921142],[25.7518536,45.992114],[25.7518299,45.9920978],[25.7518297,45.9920976],[25.7518166,45.9920263],[25.7516697,45.991859],[25.7516747,45.9917793],[25.7518227,45.9915851],[25.752639,45.9913149],[25.7530284,45.9911274],[25.7539229,45.9904198],[25.7539229,45.9904194],[25.7538735,45.990303],[25.7538736,45.9903027],[25.7538738,45.9903024],[25.7546287,45.9899948],[25.7550222,45.9896728],[25.7555196,45.9890055],[25.7559026,45.9888098],[25.7563556,45.9884286],[25.7568942,45.9881308],[25.7571673,45.9878265],[25.7571674,45.9878264],[25.7575985,45.9876134],[25.7576934,45.9875036],[25.7583985,45.9870451],[25.7585406,45.9868592],[25.7585404,45.9868589],[25.7584057,45.9866837],[25.75844,45.9865404],[25.7589482,45.9862429],[25.7592068,45.986195],[25.7594394,45.986017],[25.7594395,45.9860169],[25.7594981,45.9858989],[25.7595506,45.9857724],[25.7596244,45.9854358],[25.7598083,45.9852118],[25.76003,45.9851179],[25.7605605,45.9851186],[25.7607639,45.985008],[25.7607639,45.9850079],[25.7608574,45.9847931],[25.7608574,45.984793],[25.7609019,45.9845196],[25.7609248,45.9844356],[25.7614322,45.9840707],[25.761417,45.9838437],[25.7613309,45.983714],[25.7613422,45.9836594],[25.7617184,45.9833962],[25.7621662,45.9826495],[25.7622252,45.9825609],[25.7622175,45.9824351],[25.7622176,45.9824348],[25.7625707,45.982256],[25.7629075,45.9821991],[25.7632743,45.9821336],[25.7641083,45.981855],[25.7646738,45.9817627],[25.7648999,45.9815512],[25.7656212,45.9814077],[25.7656977,45.9812727],[25.7657846,45.9810201],[25.7660524,45.9807788],[25.7664125,45.9806459],[25.766853,45.9802777],[25.7668532,45.9802775],[25.7668533,45.9802771],[25.7668455,45.9801472],[25.7668263,45.9800633],[25.7668542,45.9798908],[25.7668544,45.9798906],[25.7669496,45.9798356],[25.7671906,45.9798171],[25.7672811,45.9798249],[25.767625,45.9798605],[25.767816,45.9797206],[25.7680985,45.9796471],[25.768955,45.9797044],[25.7694962,45.9796041],[25.7698103,45.9796482],[25.770382,45.9795771],[25.7705544,45.9794207],[25.770789,45.9793811],[25.771625,45.979241],[25.7721891,45.9790775],[25.7725933,45.9790958],[25.7728025,45.9789598],[25.7728554,45.9788671],[25.7729028,45.9788122],[25.7733177,45.9787337],[25.7735058,45.9787827],[25.7738408,45.9786419],[25.7738884,45.9785953],[25.7739651,45.9784814],[25.7739652,45.9784813],[25.7739824,45.9784224],[25.7740116,45.9783507],[25.7740647,45.9782705],[25.7741241,45.9782113],[25.7741891,45.9781142],[25.7742649,45.977933],[25.7745314,45.977595],[25.7748965,45.9774076],[25.7749498,45.9773483],[25.7748631,45.9771726],[25.7748794,45.9770464],[25.7748794,45.9770463],[25.7749494,45.9768777],[25.7752583,45.9765563],[25.7753357,45.9764885],[25.7754307,45.9763828],[25.7756449,45.9762092],[25.775645,45.9762089],[25.775596,45.9761338],[25.7755959,45.9761337],[25.775425,45.9759668],[25.775425,45.9759665],[25.7754603,45.975895],[25.7755376,45.9758569],[25.775844,45.9758046],[25.7758442,45.9758044],[25.7758444,45.9758041],[25.7757712,45.9757415],[25.7757401,45.9756623],[25.7757401,45.975662],[25.7758158,45.9754767],[25.7758272,45.9754262],[25.7758274,45.975426],[25.7759711,45.9753748],[25.7761631,45.9753441],[25.7761636,45.9753437],[25.7761693,45.9753272],[25.7761746,45.9752813],[25.7761744,45.9752809],[25.7761741,45.9752807],[25.7760474,45.975223],[25.7760472,45.9752228],[25.776028,45.9751349],[25.7764131,45.9751029],[25.7764296,45.9749725],[25.7761209,45.9748569],[25.7761207,45.9748566],[25.7761207,45.9748563],[25.7761376,45.9747853],[25.776202,45.9746504],[25.7762248,45.9745536],[25.7763016,45.9744438],[25.7763485,45.9743511],[25.7764316,45.974258],[25.7762841,45.9736203],[25.7763243,45.9734817],[25.7763244,45.9734814],[25.7765038,45.973413],[25.776504,45.9734128],[25.7765042,45.9734125],[25.7765208,45.9728832],[25.7764939,45.9726818],[25.7760606,45.971857],[25.7752058,45.9715012],[25.7748643,45.9712219],[25.7746385,45.9710175],[25.7745771,45.9709339],[25.7745755,45.9708247],[25.7745144,45.9707579],[25.7744401,45.9706238],[25.7741172,45.9703486],[25.7741929,45.9701844],[25.7740872,45.9695126],[25.7741031,45.9693614],[25.7745364,45.9688877],[25.7747038,45.9687856],[25.7748349,45.9686839],[25.7749545,45.9686201],[25.7755126,45.9684313],[25.7762954,45.967968],[25.7769903,45.9676776],[25.780144,45.9652482],[25.7803495,45.9652418],[25.7809889,45.9643265],[25.7824735,45.9632108],[25.7835347,45.962638],[25.7852297,45.9621951],[25.7858425,45.9619367],[25.7862459,45.9615714],[25.7873507,45.9596655],[25.7884886,45.9585746],[25.7880303,45.9579434],[25.7878619,45.9574945],[25.7862812,45.957805],[25.7862671,45.9571989],[25.7864948,45.9570571],[25.786159,45.9566689],[25.7857708,45.9556199],[25.7846041,45.9538402],[25.7845603,45.9532796],[25.7846798,45.9525927],[25.7850068,45.9518544],[25.7850447,45.9514885],[25.7853322,45.9510008],[25.7863339,45.9502528],[25.7868909,45.9500437],[25.7871076,45.9496365],[25.7878743,45.9490253],[25.7892059,45.9487658],[25.7900768,45.9484242],[25.7917126,45.9473463],[25.7922922,45.9467113],[25.7931154,45.9465453],[25.7935506,45.946362],[25.7950301,45.9451947],[25.7953093,45.945117],[25.795602,45.9451513],[25.7946833,45.9437962],[25.7946832,45.9437959],[25.7946833,45.9437956],[25.7946834,45.9437954],[25.7946838,45.9437951],[25.8025122,45.9411857],[25.8032752,45.9410417],[25.8047013,45.9405189],[25.8072919,45.9397736],[25.807292,45.9397733],[25.8072919,45.9397729],[25.8072435,45.939711],[25.8072434,45.9397109],[25.8071813,45.9395811],[25.8070971,45.939503],[25.8070971,45.9395027],[25.8070973,45.9395022],[25.8070975,45.939502],[25.8087931,45.938994],[25.8153908,45.9366778],[25.8154559,45.9365976],[25.8159787,45.9365055],[25.8178361,45.9358493],[25.8200755,45.9349549],[25.8224776,45.9340678],[25.827396,45.9323399],[25.8273962,45.9323405],[25.827081,45.9333873],[25.8265482,45.934009],[25.8262005,45.9345242],[25.825837,45.9356234],[25.8337116,45.933293],[25.8343279,45.9339847],[25.838879,45.9328725],[25.8414446,45.9383166],[25.841901,45.9399495],[25.8419868,45.9401369],[25.8421189,45.9400813],[25.8425432,45.9398975],[25.8428602,45.9400885],[25.8432945,45.9401314],[25.8434861,45.9400712],[25.8437557,45.939981],[25.8438337,45.9399465],[25.8438684,45.9398712],[25.8438684,45.9398708],[25.8437758,45.9397035],[25.8440277,45.939626],[25.8443603,45.9397202],[25.8450711,45.9397317],[25.8454843,45.9399598],[25.8460128,45.9398633],[25.8460296,45.9397751],[25.8463189,45.9397856],[25.846441,45.9398897],[25.8466639,45.9399005],[25.8466875,45.9398668],[25.8467042,45.9397785],[25.8467391,45.9397028],[25.8467393,45.9397026],[25.8468957,45.9396931],[25.8468959,45.9396933],[25.8472744,45.9400348],[25.847831,45.9402029],[25.8480129,45.9401784],[25.8481065,45.9400959],[25.8481065,45.9400958],[25.8480551,45.9398819],[25.8479852,45.9396471],[25.8479421,45.9395801],[25.8480824,45.939323],[25.8486307,45.9393145],[25.8488413,45.9392961],[25.8491104,45.9391808],[25.8491105,45.9391805],[25.8491153,45.9391007],[25.8488839,45.9389302],[25.8474258,45.9389074],[25.8468538,45.9389283],[25.8468108,45.9388616],[25.8467913,45.9387692],[25.8468141,45.9386893],[25.8471278,45.9383297],[25.8482718,45.9375144],[25.8486746,45.9374483],[25.8490974,45.9375292],[25.8501203,45.9376018],[25.8516214,45.9372846],[25.8520494,45.9370404],[25.8525625,45.9364696],[25.8536745,45.935541],[25.8539081,45.935451],[25.854353,45.935393],[25.8547908,45.9352763],[25.8549994,45.9351403],[25.8550038,45.935027],[25.8549304,45.9349517],[25.8545193,45.9345977],[25.8544649,45.934427],[25.8546468,45.9339003],[25.854881,45.9336335],[25.8547506,45.9334485],[25.8544602,45.9329716],[25.8540612,45.9324745],[25.8536253,45.9322424],[25.8536252,45.932242],[25.8568228,45.9303527],[25.8574845,45.930293],[25.857726,45.9303165],[25.8585261,45.9306676],[25.8595693,45.930748],[25.8607528,45.9309492],[25.8610595,45.9309175],[25.8620169,45.930948],[25.8621952,45.9311401],[25.8631657,45.9315699],[25.8637945,45.9317416],[25.8647135,45.9319616],[25.8656357,45.9320176],[25.8679926,45.9325334],[25.8691469,45.9326698],[25.8704549,45.9332181],[25.8716242,45.933059],[25.8732039,45.9330801],[25.8738102,45.932957],[25.8742188,45.9330441],[25.8750038,45.9333538],[25.8753676,45.9340497],[25.8754776,45.9346698],[25.8758697,45.9350994],[25.8766476,45.9353527],[25.8771481,45.9353495],[25.879113,45.9358216],[25.8795484,45.9358407],[25.8803558,45.9362379],[25.8809832,45.9363087],[25.8809833,45.9363087],[25.881583,45.9365226],[25.8818026,45.9367057],[25.8818027,45.936706],[25.8818313,45.9369872],[25.8819309,45.9371882],[25.8822897,45.9374122],[25.8835412,45.9373521],[25.8836894,45.9375569],[25.8837938,45.9376904],[25.8839807,45.9377059],[25.8851604,45.937638],[25.8858997,45.9375398],[25.8859836,45.9375182],[25.8863024,45.9374863],[25.8872161,45.9373699],[25.8877068,45.9375468],[25.8883557,45.9378191],[25.8892388,45.93843],[25.8895288,45.9384866],[25.8903887,45.9387657],[25.8920315,45.939047],[25.8925927,45.9394839],[25.8926921,45.9396764],[25.8926922,45.9396765],[25.8927437,45.9398862],[25.8926082,45.9404461],[25.8926405,45.9405887],[25.8925524,45.941476],[25.8926443,45.9415762],[25.8931588,45.9417361],[25.8941013,45.9422876],[25.8941015,45.9422878],[25.8942327,45.9425767],[25.8951945,45.9435652],[25.8955322,45.9436045],[25.8959412,45.9435304],[25.8971251,45.944878],[25.8981387,45.9457147],[25.9006493,45.9471112],[25.9014671,45.9481343],[25.9024063,45.9492152],[25.9026799,45.9497749],[25.9026799,45.9497753],[25.9013882,45.9495722],[25.9001527,45.9495525],[25.8996212,45.9494895],[25.8983574,45.9495582],[25.8972487,45.9499115],[25.8961583,45.9499243],[25.8946427,45.9497092],[25.8939323,45.9497442],[25.8927274,45.9500392],[25.8927272,45.9500394],[25.8927271,45.9500397],[25.8927272,45.9500401],[25.8927274,45.9500403],[25.8933478,45.9504801],[25.8938847,45.9512702],[25.8950911,45.9521138],[25.895184,45.9522727],[25.8953823,45.9526199],[25.8955623,45.9529421],[25.8956768,45.9533194],[25.8959082,45.953847],[25.8959082,45.9538472],[25.8958417,45.9542048],[25.8958417,45.9542049],[25.8958681,45.9547215],[25.8958681,45.9547216],[25.8957168,45.9554245],[25.8957168,45.9554246],[25.8955606,45.9558249],[25.8955604,45.9558251],[25.8950734,45.9562448],[25.8939082,45.9568591],[25.8930227,45.9576267],[25.8927586,45.9580616],[25.8926012,45.9583907],[25.8925688,45.9586262],[25.8925955,45.9587857],[25.8927459,45.9591501],[25.8929863,45.9602323],[25.8928869,45.9604181],[25.8928868,45.9604182],[25.8920636,45.9613113],[25.8917907,45.9627087],[25.8909237,45.9646275],[25.8904929,45.9652024],[25.890018,45.9656431],[25.8900179,45.9656432],[25.8897167,45.9660279],[25.8881804,45.9668047],[25.8878292,45.9670298],[25.8878291,45.9670301],[25.8878292,45.9670304],[25.889482,45.967551],[25.892004,45.9680945],[25.8927462,45.9685384],[25.8928084,45.9686597],[25.8932625,45.9691646],[25.8951294,45.9720707],[25.8953612,45.9726151],[25.8952982,45.9731957],[25.8952157,45.9733055],[25.8941943,45.9742591],[25.8940336,45.9743822],[25.8930192,45.9750163],[25.8930191,45.9750164],[25.8928536,45.9752151],[25.8928192,45.9753289],[25.8928054,45.9755938],[25.8929854,45.9759159],[25.8932613,45.9761996],[25.8935711,45.9763568],[25.8968249,45.9785292],[25.8972819,45.9788365],[25.8975463,45.979158],[25.8976167,45.9794056],[25.8980458,45.9798518],[25.8984351,45.9804412],[25.8984352,45.9804413],[25.8992164,45.9810403],[25.8994898,45.9815465],[25.8995634,45.9819956],[25.8995634,45.9819957],[25.8995129,45.9822229],[25.8996697,45.9826041],[25.8996785,45.9827764],[25.8996834,45.9830748],[25.8998875,45.9833967],[25.9010554,45.9840514],[25.9016659,45.9841391],[25.9018714,45.9841753],[25.9019806,45.9842124],[25.9024583,45.984675],[25.9029707,45.9850408],[25.9048424,45.9856016],[25.9049406,45.9857018],[25.9049497,45.9862564],[25.9051038,45.9864653],[25.9055261,45.9868611],[25.9055262,45.9868614],[25.9054255,45.9873369],[25.9054724,45.9879963],[25.9055873,45.9883779],[25.9057461,45.9885152],[25.9059115,45.9886777],[25.9063683,45.9889599],[25.9064906,45.989064],[25.9066976,45.9891884],[25.9069106,45.9893417],[25.9069943,45.9892659],[25.9070295,45.9892111],[25.9070296,45.9892109],[25.9070515,45.9890806],[25.9065766,45.9884204],[25.9065765,45.9884203],[25.9065144,45.9883032],[25.9064701,45.9881775],[25.906456,45.9880515],[25.9064111,45.9878838],[25.9065634,45.9876135],[25.9065182,45.9874333],[25.9064455,45.9874044],[25.906397,45.9873754],[25.9063969,45.9873751],[25.9065198,45.9871601],[25.9065786,45.98708],[25.9065786,45.9870796],[25.9065785,45.9870794],[25.9065049,45.9869837],[25.9064979,45.9869211],[25.906498,45.9869208],[25.9064982,45.9869206],[25.9068948,45.9868713],[25.907626,45.9869874],[25.9078117,45.9869228],[25.9078117,45.9869225],[25.9077751,45.9868687],[25.9072437,45.9868181],[25.9069479,45.9867953],[25.9066948,45.9867973],[25.9065134,45.9867734],[25.9063298,45.9865985],[25.9062261,45.9865278],[25.906116,45.9864236],[25.9062408,45.9852126],[25.9062408,45.9852124],[25.9061978,45.9851623],[25.9061369,45.9851001],[25.9061368,45.9850998],[25.9061369,45.9850994],[25.9064793,45.9850508],[25.9065218,45.9850756],[25.9065588,45.9851174],[25.9067826,45.985166],[25.9068533,45.9850688],[25.9068223,45.9850101],[25.9068479,45.984737],[25.9067748,45.9846829],[25.9063469,45.984703],[25.906001,45.9845545],[25.9057993,45.9843797],[25.9057992,45.9843795],[25.9057798,45.9842918],[25.9057798,45.9842915],[25.9058511,45.9842363],[25.906065,45.9840454],[25.9060473,45.9836968],[25.9061168,45.983524],[25.9063696,45.9831355],[25.9063698,45.9831353],[25.906477,45.983063],[25.9065168,45.9829157],[25.9064733,45.9828321],[25.9064889,45.982315],[25.9064889,45.9823149],[25.906462,45.981773],[25.9065371,45.981575],[25.9065371,45.9815749],[25.906743,45.9812752],[25.9069474,45.9812355],[25.9077547,45.9812123],[25.9077663,45.9811744],[25.9077708,45.9810821],[25.9078178,45.9808992],[25.9082639,45.9810009],[25.9085454,45.9808003],[25.9088045,45.9808102],[25.9106122,45.9815836],[25.9106584,45.9820313],[25.9104195,45.9822016],[25.910361,45.9823163],[25.9104657,45.9823876],[25.9108548,45.9824326],[25.9114374,45.9821694],[25.9115769,45.9822585],[25.9115795,45.9824148],[25.910881,45.9829737],[25.9109731,45.9833277],[25.9106923,45.9838381],[25.910557,45.9845308],[25.9107958,45.9854069],[25.9096997,45.9854096],[25.9096405,45.9854822],[25.910207,45.9858205],[25.9105443,45.9858599],[25.9110243,45.9857418],[25.9112545,45.9858239],[25.9131112,45.9861873],[25.9135642,45.9862299],[25.9138223,45.9861648],[25.9142269,45.986212],[25.9150101,45.9861805],[25.9151439,45.9862467],[25.9152234,45.9863175],[25.9152359,45.9863468],[25.9152548,45.986401],[25.9152552,45.9864014],[25.9156045,45.9863943],[25.9160538,45.9865924],[25.9165448,45.9868729],[25.9166558,45.9869028]]]}},{"type":"Feature","properties":{"entity_id":"osm-r14735716","jurisdiction":"RO","display_name":"GHIDFALĂU","display_type":"commune","admin_level":8,"tier":"local","legal_registry":"SIRUTA","legal_id":"64345","legal_type":"commune","parent_catalog_id":"osm-r2248621","osm_relation_id":14735716,"legal_identity_status":"reconciled","geometry_source":"OpenStreetMap","canonical_geometry_role":null,"geometry_scope":null,"geometry_precision":"master_coordinate_fidelity"},"geometry":{"type":"Polygon","coordinates":[[[25.9286997,45.987264],[25.9286997,45.9872639],[25.9284995,45.987213],[25.9280793,45.9873005],[25.9277678,45.9874164],[25.9274012,45.9874909],[25.9269559,45.9875407],[25.9258926,45.9877636],[25.925635,45.9878624],[25.9253602,45.9880159],[25.9253601,45.9880159],[25.9249237,45.9882338],[25.9245347,45.9883965],[25.9244874,45.98846],[25.9244873,45.9884602],[25.9244892,45.9885692],[25.9244892,45.9885693],[25.9245416,45.9888251],[25.9244914,45.9890651],[25.9244882,45.9892332],[25.9244882,45.9892333],[25.9244544,45.9893806],[25.9244082,45.9894986],[25.9242022,45.9898029],[25.9238124,45.9899153],[25.9234562,45.9898805],[25.9233723,45.9895659],[25.9233723,45.9895658],[25.9233373,45.9892803],[25.9233068,45.9892554],[25.9230003,45.9893083],[25.922639,45.9893364],[25.9223376,45.9893304],[25.9221044,45.9894542],[25.9220082,45.9894676],[25.9220081,45.9894676],[25.9214956,45.9894465],[25.9214956,45.9894462],[25.9215584,45.9892527],[25.9215332,45.9891898],[25.9214718,45.9891189],[25.9214286,45.9890563],[25.9213964,45.9889346],[25.921395,45.9888464],[25.9215889,45.9885465],[25.921857,45.9883552],[25.9219803,45.9882459],[25.9219801,45.9882454],[25.9219796,45.9882451],[25.9216922,45.9882221],[25.9216122,45.9881344],[25.9215568,45.9880634],[25.9215073,45.9879841],[25.9214221,45.9879385],[25.921422,45.9879384],[25.9211601,45.9877746],[25.9205219,45.9874603],[25.9204427,45.9874105],[25.9202665,45.9873279],[25.9200289,45.9871785],[25.9198286,45.9870836],[25.9196135,45.9868499],[25.9195461,45.9867874],[25.9194303,45.9867085],[25.9192428,45.9866722],[25.918323,45.9864736],[25.9171219,45.9867396],[25.9167981,45.9868515],[25.9166558,45.9869028],[25.9165448,45.9868729],[25.9160538,45.9865924],[25.9156045,45.9863943],[25.9152552,45.9864014],[25.9152548,45.986401],[25.9152359,45.9863468],[25.9152234,45.9863175],[25.9151439,45.9862467],[25.9150101,45.9861805],[25.9142269,45.986212],[25.9138223,45.9861648],[25.9135642,45.9862299],[25.9131112,45.9861873],[25.9112545,45.9858239],[25.9110243,45.9857418],[25.9105443,45.9858599],[25.910207,45.9858205],[25.9096405,45.9854822],[25.9096997,45.9854096],[25.9107958,45.9854069],[25.910557,45.9845308],[25.9106923,45.9838381],[25.9109731,45.9833277],[25.910881,45.9829737],[25.9115795,45.9824148],[25.9115769,45.9822585],[25.9114374,45.9821694],[25.9108548,45.9824326],[25.9104657,45.9823876],[25.910361,45.9823163],[25.9104195,45.9822016],[25.9106584,45.9820313],[25.9106122,45.9815836],[25.9088045,45.9808102],[25.9085454,45.9808003],[25.9082639,45.9810009],[25.9078178,45.9808992],[25.9077708,45.9810821],[25.9077663,45.9811744],[25.9077547,45.9812123],[25.9069474,45.9812355],[25.906743,45.9812752],[25.9065371,45.9815749],[25.9065371,45.981575],[25.906462,45.981773],[25.9064889,45.9823149],[25.9064889,45.982315],[25.9064733,45.9828321],[25.9065168,45.9829157],[25.906477,45.983063],[25.9063698,45.9831353],[25.9063696,45.9831355],[25.9061168,45.983524],[25.9060473,45.9836968],[25.906065,45.9840454],[25.9058511,45.9842363],[25.9057798,45.9842915],[25.9057798,45.9842918],[25.9057992,45.9843795],[25.9057993,45.9843797],[25.906001,45.9845545],[25.9063469,45.984703],[25.9067748,45.9846829],[25.9068479,45.984737],[25.9068223,45.9850101],[25.9068533,45.9850688],[25.9067826,45.985166],[25.9065588,45.9851174],[25.9065218,45.9850756],[25.9064793,45.9850508],[25.9061369,45.9850994],[25.9061368,45.9850998],[25.9061369,45.9851001],[25.9061978,45.9851623],[25.9062408,45.9852124],[25.9062408,45.9852126],[25.906116,45.9864236],[25.9062261,45.9865278],[25.9063298,45.9865985],[25.9065134,45.9867734],[25.9066948,45.9867973],[25.9069479,45.9867953],[25.9072437,45.9868181],[25.9077751,45.9868687],[25.9078117,45.9869225],[25.9078117,45.9869228],[25.907626,45.9869874],[25.9068948,45.9868713],[25.9064982,45.9869206],[25.906498,45.9869208],[25.9064979,45.9869211],[25.9065049,45.9869837],[25.9065785,45.9870794],[25.9065786,45.9870796],[25.9065786,45.98708],[25.9065198,45.9871601],[25.9063969,45.9873751],[25.906397,45.9873754],[25.9064455,45.9874044],[25.9065182,45.9874333],[25.9065634,45.9876135],[25.9064111,45.9878838],[25.906456,45.9880515],[25.9064701,45.9881775],[25.9065144,45.9883032],[25.9065765,45.9884203],[25.9065766,45.9884204],[25.9070515,45.9890806],[25.9070296,45.9892109],[25.9070295,45.9892111],[25.9069943,45.9892659],[25.9069106,45.9893417],[25.9066976,45.9891884],[25.9064906,45.989064],[25.9063683,45.9889599],[25.9059115,45.9886777],[25.9057461,45.9885152],[25.9055873,45.9883779],[25.9054724,45.9879963],[25.9054255,45.9873369],[25.9055262,45.9868614],[25.9055261,45.9868611],[25.9051038,45.9864653],[25.9049497,45.9862564],[25.9049406,45.9857018],[25.9048424,45.9856016],[25.9029707,45.9850408],[25.9024583,45.984675],[25.9019806,45.9842124],[25.9018714,45.9841753],[25.9016659,45.9841391],[25.9010554,45.9840514],[25.8998875,45.9833967],[25.8996834,45.9830748],[25.8996785,45.9827764],[25.8996697,45.9826041],[25.8995129,45.9822229],[25.8995634,45.9819957],[25.8995634,45.9819956],[25.8994898,45.9815465],[25.8992164,45.9810403],[25.8984352,45.9804413],[25.8984351,45.9804412],[25.8980458,45.9798518],[25.8976167,45.9794056],[25.8975463,45.979158],[25.8972819,45.9788365],[25.8968249,45.9785292],[25.8935711,45.9763568],[25.8932613,45.9761996],[25.8929854,45.9759159],[25.8928054,45.9755938],[25.8928192,45.9753289],[25.8928536,45.9752151],[25.8930191,45.9750164],[25.8930192,45.9750163],[25.8940336,45.9743822],[25.8941943,45.9742591],[25.8952157,45.9733055],[25.8952982,45.9731957],[25.8953612,45.9726151],[25.8951294,45.9720707],[25.8932625,45.9691646],[25.8928084,45.9686597],[25.8927462,45.9685384],[25.892004,45.9680945],[25.889482,45.967551],[25.8878292,45.9670304],[25.8878291,45.9670301],[25.8878292,45.9670298],[25.8881804,45.9668047],[25.8897167,45.9660279],[25.8900179,45.9656432],[25.890018,45.9656431],[25.8904929,45.9652024],[25.8909237,45.9646275],[25.8917907,45.9627087],[25.8920636,45.9613113],[25.8928868,45.9604182],[25.8928869,45.9604181],[25.8929863,45.9602323],[25.8927459,45.9591501],[25.8925955,45.9587857],[25.8925688,45.9586262],[25.8926012,45.9583907],[25.8927586,45.9580616],[25.8930227,45.9576267],[25.8939082,45.9568591],[25.8950734,45.9562448],[25.8955604,45.9558251],[25.8955606,45.9558249],[25.8957168,45.9554246],[25.8957168,45.9554245],[25.8958681,45.9547216],[25.8958681,45.9547215],[25.8958417,45.9542049],[25.8958417,45.9542048],[25.8959082,45.9538472],[25.8959082,45.953847],[25.8956768,45.9533194],[25.8955623,45.9529421],[25.8953823,45.9526199],[25.895184,45.9522727],[25.8950911,45.9521138],[25.8938847,45.9512702],[25.8933478,45.9504801],[25.8927274,45.9500403],[25.8927272,45.9500401],[25.8927271,45.9500397],[25.8927272,45.9500394],[25.8927274,45.9500392],[25.8939323,45.9497442],[25.8946427,45.9497092],[25.8961583,45.9499243],[25.8972487,45.9499115],[25.8983574,45.9495582],[25.8996212,45.9494895],[25.9001527,45.9495525],[25.9013882,45.9495722],[25.9026799,45.9497753],[25.9026799,45.9497749],[25.9024063,45.9492152],[25.9014671,45.9481343],[25.9006493,45.9471112],[25.8981387,45.9457147],[25.8971251,45.944878],[25.8959412,45.9435304],[25.8955322,45.9436045],[25.8951945,45.9435652],[25.8942327,45.9425767],[25.8941015,45.9422878],[25.8941013,45.9422876],[25.8931588,45.9417361],[25.8926443,45.9415762],[25.8925524,45.941476],[25.8926405,45.9405887],[25.8926082,45.9404461],[25.8927437,45.9398862],[25.8926922,45.9396765],[25.8926921,45.9396764],[25.8925927,45.9394839],[25.8920315,45.939047],[25.8903887,45.9387657],[25.8895288,45.9384866],[25.8892388,45.93843],[25.8883557,45.9378191],[25.8877068,45.9375468],[25.8872161,45.9373699],[25.8863024,45.9374863],[25.8859836,45.9375182],[25.8858997,45.9375398],[25.8851604,45.937638],[25.8839807,45.9377059],[25.8837938,45.9376904],[25.8836894,45.9375569],[25.8835412,45.9373521],[25.8822897,45.9374122],[25.8819309,45.9371882],[25.8818313,45.9369872],[25.8818027,45.936706],[25.8818026,45.9367057],[25.881583,45.9365226],[25.8809833,45.9363087],[25.8809832,45.9363087],[25.8803558,45.9362379],[25.8795484,45.9358407],[25.879113,45.9358216],[25.8771481,45.9353495],[25.8766476,45.9353527],[25.8758697,45.9350994],[25.8754776,45.9346698],[25.8753676,45.9340497],[25.8750038,45.9333538],[25.8742188,45.9330441],[25.8738102,45.932957],[25.8732039,45.9330801],[25.8716242,45.933059],[25.8704549,45.9332181],[25.8691469,45.9326698],[25.8679926,45.9325334],[25.8656357,45.9320176],[25.8647135,45.9319616],[25.8637945,45.9317416],[25.8631657,45.9315699],[25.8621952,45.9311401],[25.8620169,45.930948],[25.8610595,45.9309175],[25.8607528,45.9309492],[25.8595693,45.930748],[25.8585261,45.9306676],[25.857726,45.9303165],[25.8574845,45.930293],[25.8568228,45.9303527],[25.8536252,45.932242],[25.8536253,45.9322424],[25.8540612,45.9324745],[25.8544602,45.9329716],[25.8547506,45.9334485],[25.854881,45.9336335],[25.8546468,45.9339003],[25.8544649,45.934427],[25.8545193,45.9345977],[25.8549304,45.9349517],[25.8550038,45.935027],[25.8549994,45.9351403],[25.8547908,45.9352763],[25.854353,45.935393],[25.8539081,45.935451],[25.8536745,45.935541],[25.8525625,45.9364696],[25.8520494,45.9370404],[25.8516214,45.9372846],[25.8501203,45.9376018],[25.8490974,45.9375292],[25.8486746,45.9374483],[25.8482718,45.9375144],[25.8471278,45.9383297],[25.8468141,45.9386893],[25.8467913,45.9387692],[25.8468108,45.9388616],[25.8468538,45.9389283],[25.8474258,45.9389074],[25.8488839,45.9389302],[25.8491153,45.9391007],[25.8491105,45.9391805],[25.8491104,45.9391808],[25.8488413,45.9392961],[25.8486307,45.9393145],[25.8480824,45.939323],[25.8479421,45.9395801],[25.8479852,45.9396471],[25.8480551,45.9398819],[25.8481065,45.9400958],[25.8481065,45.9400959],[25.8480129,45.9401784],[25.847831,45.9402029],[25.8472744,45.9400348],[25.8468959,45.9396933],[25.8468957,45.9396931],[25.8467393,45.9397026],[25.8467391,45.9397028],[25.8467042,45.9397785],[25.8466875,45.9398668],[25.8466639,45.9399005],[25.846441,45.9398897],[25.8463189,45.9397856],[25.8460296,45.9397751],[25.8460128,45.9398633],[25.8454843,45.9399598],[25.8450711,45.9397317],[25.8443603,45.9397202],[25.8440277,45.939626],[25.8437758,45.9397035],[25.8438684,45.9398708],[25.8438684,45.9398712],[25.8438337,45.9399465],[25.8437557,45.939981],[25.8434861,45.9400712],[25.8432945,45.9401314],[25.8428602,45.9400885],[25.8425432,45.9398975],[25.8421189,45.9400813],[25.8419868,45.9401369],[25.841901,45.9399495],[25.8414446,45.9383166],[25.838879,45.9328725],[25.8343279,45.9339847],[25.8337116,45.933293],[25.8328306,45.9322632],[25.8310605,45.9305087],[25.8302771,45.9293926],[25.8288251,45.9252373],[25.8286071,45.922922],[25.8283565,45.9221956],[25.8280157,45.9217704],[25.825407,45.919522],[25.8244486,45.918371],[25.824281,45.9173475],[25.8237778,45.9164452],[25.8234769,45.9145241],[25.8231182,45.9141569],[25.8222096,45.9135245],[25.8214127,45.9124767],[25.8187568,45.909526],[25.8191584,45.9094498],[25.8204776,45.9088539],[25.8220417,45.9079644],[25.8221899,45.9078257],[25.8221219,45.9070375],[25.822523,45.9062241],[25.822897,45.9061231],[25.8235669,45.9063411],[25.8247624,45.9057198],[25.819575,45.8997836],[25.8200558,45.899558],[25.8281219,45.8959572],[25.8314733,45.8942729],[25.8321203,45.8940706],[25.8329192,45.8939682],[25.833097,45.893782],[25.831609,45.8936919],[25.830798,45.8929834],[25.8306459,45.8924676],[25.8300324,45.8920896],[25.8280338,45.8924613],[25.8268942,45.8923183],[25.8264638,45.8921071],[25.8262796,45.8918647],[25.8261632,45.8913192],[25.8256401,45.8909447],[25.8256746,45.8908352],[25.825884,45.8907497],[25.8264916,45.8907369],[25.8270948,45.8908292],[25.8272844,45.8906303],[25.8271064,45.890392],[25.8255238,45.89],[25.8241679,45.88906],[25.8235762,45.8885264],[25.8227357,45.888253],[25.8224531,45.8880659],[25.8218699,45.887488],[25.8202419,45.8868652],[25.8196586,45.8864827],[25.8177955,45.8858279],[25.8162137,45.8854778],[25.8159035,45.8852531],[25.8158938,45.885001],[25.8152023,45.8842116],[25.8147216,45.8834334],[25.8147423,45.8832063],[25.8152607,45.882858],[25.8152769,45.8827276],[25.8146698,45.8823621],[25.8131729,45.8811427],[25.8131412,45.8810994],[25.8127342,45.8807374],[25.8130902,45.880426],[25.8160101,45.8794019],[25.8161704,45.880044],[25.8174155,45.8799425],[25.8173465,45.879303],[25.8193231,45.8792275],[25.8193444,45.8799584],[25.8296289,45.8796794],[25.8292465,45.8673219],[25.8408532,45.866869],[25.8488261,45.8664266],[25.8586112,45.8660834],[25.8834755,45.8650031],[25.8833366,45.8646128],[25.883768,45.8636876],[25.882827,45.8600728],[25.8852409,45.8597526],[25.8853462,45.8586798],[25.8872973,45.8587776],[25.8898794,45.8590635],[25.8903817,45.8581088],[25.9044829,45.8579289],[25.9046211,45.8641376],[25.9056253,45.8640903],[25.9065831,45.8640467],[25.9074986,45.8707085],[25.9090769,45.8707686],[25.909089,45.8708704],[25.9088461,45.8714763],[25.9082081,45.8717952],[25.9075016,45.8723],[25.9057734,45.8740111],[25.9050063,45.874552],[25.9049177,45.8753871],[25.9042736,45.8765903],[25.9042874,45.8768113],[25.904801,45.8782621],[25.9048234,45.8790107],[25.9050909,45.8797645],[25.9056102,45.8804446],[25.9050681,45.8812334],[25.9049333,45.881821],[25.9042693,45.8829084],[25.9039649,45.8829416],[25.9037097,45.8831856],[25.9035137,45.8843434],[25.9035806,45.8846786],[25.9033759,45.8846994],[25.9037517,45.8852966],[25.9045145,45.8849027],[25.9050356,45.8857891],[25.9060311,45.8857378],[25.9100623,45.8845163],[25.9101997,45.8849195],[25.9104662,45.8850704],[25.911043,45.8847666],[25.9110006,45.8849922],[25.9095741,45.8860503],[25.9094587,45.8865601],[25.9096453,45.8870388],[25.90957,45.8874811],[25.9087112,45.8887843],[25.9087037,45.8891684],[25.9079481,45.8900579],[25.9070739,45.8904201],[25.9068308,45.8906909],[25.9067972,45.8911617],[25.9070508,45.8915342],[25.9066299,45.891864],[25.9063283,45.8919241],[25.9060977,45.8921179],[25.9061322,45.8925498],[25.9062872,45.892779],[25.9070803,45.8933489],[25.908754,45.8939405],[25.9098102,45.8946139],[25.9098675,45.8947575],[25.9067092,45.8965285],[25.9066014,45.8966884],[25.9067007,45.8969277],[25.9072304,45.8979108],[25.9080448,45.8985233],[25.9088256,45.8988654],[25.9101663,45.9012597],[25.9116136,45.9021805],[25.9130824,45.9030146],[25.9136097,45.9029788],[25.9146718,45.9031093],[25.9171941,45.9031998],[25.9183672,45.9035739],[25.9193064,45.9036007],[25.9197214,45.9035199],[25.9223906,45.9026333],[25.9228508,45.902659],[25.9231711,45.9025693],[25.9236557,45.9026767],[25.9246805,45.902339],[25.9268379,45.9020392],[25.9271047,45.9018661],[25.9275255,45.9018355],[25.9280565,45.9015531],[25.9299314,45.9009902],[25.9305305,45.9002474],[25.9311937,45.8999662],[25.9312753,45.8997731],[25.9318425,45.8993662],[25.9323551,45.8992549],[25.932618,45.8992956],[25.9331539,45.8996292],[25.9334592,45.8999036],[25.9333874,45.9000689],[25.933597,45.9009961],[25.933632,45.9018473],[25.9339997,45.9031118],[25.9343313,45.9034622],[25.9345522,45.9034072],[25.9343602,45.9039409],[25.9347727,45.9044746],[25.9349097,45.9050046],[25.9350701,45.9050792],[25.9351837,45.9053763],[25.9354487,45.9054365],[25.9353995,45.9059913],[25.9346451,45.9067368],[25.9346044,45.9073567],[25.9343042,45.907535],[25.934575,45.9075634],[25.9342594,45.9079076],[25.9340487,45.9077589],[25.9338973,45.9078774],[25.9339049,45.9081145],[25.93405,45.9082688],[25.9337668,45.9083706],[25.9345452,45.9092667],[25.9345327,45.9093943],[25.9349497,45.9096509],[25.9345275,45.9103886],[25.9349147,45.9108265],[25.9346637,45.9108897],[25.9346327,45.910997],[25.9348175,45.9111306],[25.9350402,45.9111237],[25.9351222,45.9110058],[25.9355092,45.9112117],[25.935609,45.9117156],[25.9353853,45.9118806],[25.935035,45.9127707],[25.9347197,45.9126993],[25.9343995,45.9127733],[25.9341371,45.9132446],[25.9342697,45.9133072],[25.9343009,45.9136435],[25.9345534,45.9138887],[25.9342211,45.9141107],[25.9338308,45.9149447],[25.9336023,45.9150417],[25.9334859,45.9152152],[25.9333977,45.915549],[25.9336244,45.9158506],[25.9336403,45.9162906],[25.9334798,45.9171155],[25.9335637,45.9180935],[25.9333826,45.9182494],[25.9334369,45.9184738],[25.933135,45.9186858],[25.9330044,45.9189486],[25.9333344,45.9195474],[25.9334676,45.9205239],[25.9329359,45.9212857],[25.9328347,45.9216073],[25.9329489,45.922062],[25.9328839,45.9225554],[25.9325404,45.9227302],[25.9326198,45.9230922],[25.9318805,45.9235027],[25.9311838,45.9236758],[25.9309306,45.9239879],[25.9301291,45.9245153],[25.9291088,45.9248783],[25.928495,45.9254745],[25.9284634,45.9257866],[25.9283641,45.925868],[25.9281816,45.9258232],[25.9279449,45.9262072],[25.9271609,45.9264604],[25.9266825,45.9267795],[25.9263982,45.9268127],[25.9261111,45.92712],[25.926242,45.9273143],[25.9259433,45.9275155],[25.9257179,45.9275413],[25.9251072,45.9281769],[25.9249241,45.9285399],[25.9235572,45.9285938],[25.9232551,45.9288824],[25.9228812,45.9294406],[25.9227468,45.9309599],[25.922333,45.9316247],[25.9224193,45.9319427],[25.9222255,45.9322527],[25.9223778,45.9331391],[25.9220386,45.9334751],[25.9214118,45.9336624],[25.9211934,45.9342001],[25.9208889,45.9345519],[25.9204997,45.9347952],[25.9202399,45.9359956],[25.9199161,45.9364805],[25.9198655,45.9367618],[25.9199643,45.9369753],[25.9198513,45.9372013],[25.9201905,45.9372758],[25.9202527,45.9378819],[25.9207089,45.9381527],[25.9206811,45.938333],[25.9212778,45.9392928],[25.9215937,45.9401842],[25.9220587,45.9408021],[25.9221879,45.9421087],[25.9225146,45.9423548],[25.9228129,45.9429247],[25.9219785,45.9443056],[25.9214178,45.9449618],[25.9213933,45.9457101],[25.9211699,45.9463207],[25.9205749,45.9467607],[25.9202927,45.947166],[25.9192045,45.9480751],[25.9187542,45.9481602],[25.9184572,45.9484155],[25.9178859,45.9486173],[25.9176163,45.9488574],[25.9171644,45.9488439],[25.9156643,45.949379],[25.9153641,45.9500009],[25.9146664,45.9507461],[25.9137603,45.9513343],[25.9135636,45.952084],[25.9133395,45.9524717],[25.9126559,45.9529509],[25.9124966,45.9533616],[25.9128343,45.9542743],[25.9124947,45.9545557],[25.9121204,45.9545951],[25.9116827,45.9545193],[25.9111955,45.9546089],[25.9100158,45.9548803],[25.9095944,45.9551096],[25.9080261,45.9549667],[25.9072312,45.9550577],[25.9067882,45.9552072],[25.9065616,45.9553879],[25.9053239,45.9556472],[25.9047547,45.95592],[25.9045957,45.9561049],[25.9046031,45.9568585],[25.9049731,45.9575801],[25.905114,45.958375],[25.9055367,45.9588749],[25.9063261,45.9592684],[25.906513,45.9597452],[25.9075225,45.9601334],[25.9080797,45.9600897],[25.9085379,45.9599433],[25.9085549,45.959729],[25.908348,45.959595],[25.9089411,45.9589336],[25.9094104,45.9588442],[25.9100544,45.9591032],[25.9106054,45.9589953],[25.9109757,45.9594206],[25.9115472,45.9596267],[25.9123813,45.9602375],[25.9133585,45.9611542],[25.9136919,45.961819],[25.9137391,45.9625111],[25.9141033,45.9628722],[25.9147341,45.9632563],[25.9150872,45.9632534],[25.9154624,45.9639679],[25.9169539,45.9648972],[25.9189086,45.9664339],[25.9207445,45.9670487],[25.9203822,45.9674299],[25.9201845,45.9678563],[25.9199718,45.9679901],[25.9191405,45.9681752],[25.9187522,45.9685317],[25.9184266,45.9686485],[25.9173808,45.9688675],[25.9180949,45.969333],[25.9184293,45.9697443],[25.9190769,45.9698997],[25.9194882,45.9703176],[25.9191066,45.9707669],[25.9191191,45.970906],[25.9194091,45.9711035],[25.9195524,45.9711024],[25.920293,45.9706931],[25.9236635,45.970516],[25.9241456,45.9705728],[25.9243185,45.9708141],[25.9247836,45.9710744],[25.9256461,45.9727593],[25.9256992,45.9741046],[25.9260884,45.9744155],[25.926129,45.9747007],[25.9264245,45.9749802],[25.9265494,45.9749354],[25.9266269,45.974555],[25.927423,45.974977],[25.9274126,45.9751913],[25.9270762,45.9755348],[25.925942,45.9757826],[25.9264172,45.9773308],[25.9275643,45.9772185],[25.9283128,45.9773212],[25.9294039,45.9772951],[25.931008,45.9770246],[25.9325916,45.977006],[25.9328058,45.9770557],[25.9336568,45.9778784],[25.9343968,45.9781433],[25.9343311,45.9783922],[25.9345467,45.9791088],[25.9341705,45.9795683],[25.9341782,45.9797329],[25.9343373,45.9798277],[25.9341893,45.9800966],[25.934227,45.9802884],[25.9345242,45.9804027],[25.9344769,45.9805163],[25.9347057,45.9806585],[25.9349273,45.9806601],[25.93506,45.9809405],[25.9355601,45.9811148],[25.9358728,45.9815652],[25.9361663,45.9817447],[25.936758,45.9823918],[25.936893,45.9830976],[25.9366863,45.9836826],[25.9359059,45.9846945],[25.9356374,45.9848305],[25.9344414,45.9851319],[25.9329397,45.9857001],[25.9323743,45.9857425],[25.931958,45.9858728],[25.9309843,45.986519],[25.9300567,45.9869761],[25.9289938,45.987297],[25.9286997,45.987264]]]}},{"type":"Feature","properties":{"entity_id":"osm-r14735717","jurisdiction":"RO","display_name":"MOACȘA","display_type":"commune","admin_level":8,"tier":"local","legal_registry":"SIRUTA","legal_id":"64568","legal_type":"commune","parent_catalog_id":"osm-r2248621","osm_relation_id":14735717,"legal_identity_status":"reconciled","geometry_source":"OpenStreetMap","canonical_geometry_role":null,"geometry_scope":null,"geometry_precision":"master_coordinate_fidelity"},"geometry":{"type":"Polygon","coordinates":[[[25.9065831,45.8640467],[25.9090295,45.8639352],[25.9187703,45.8635131],[25.919252,45.8633841],[25.9263327,45.8631099],[25.9263437,45.8632195],[25.9283979,45.8630181],[25.9294881,45.8627359],[25.9305627,45.8622637],[25.9372981,45.8585524],[25.9369333,45.8584611],[25.9376643,45.8580046],[25.940231,45.8566025],[25.9408935,45.856448],[25.9439053,45.8548963],[25.9530327,45.8497379],[25.959081,45.8464895],[25.9667035,45.8433409],[25.9671661,45.8439401],[25.9672912,45.8447522],[25.9680199,45.8465303],[25.9682916,45.8476102],[25.9702441,45.8521508],[25.9701656,45.8528833],[25.9691454,45.8547612],[25.9712879,45.8548048],[25.9712607,45.8550794],[25.9707804,45.8556914],[25.9795918,45.8591988],[25.9797537,45.8590188],[25.9878779,45.8623666],[25.9853319,45.8650343],[25.9844784,45.8656509],[25.989767,45.8705544],[25.9876369,45.8727348],[25.9981618,45.8728441],[25.9951821,45.8763841],[25.9963031,45.8763893],[26.0014462,45.881823],[26.0017814,45.8820088],[26.0019199,45.8819971],[26.0020583,45.8819854],[26.001929,45.8830584],[26.0015314,45.8840655],[25.9992516,45.8858575],[25.9988537,45.8870359],[25.9980566,45.8872987],[25.9963365,45.8874087],[25.9948779,45.8876498],[25.9909018,45.8871672],[25.9882748,45.8872404],[25.9865298,45.8877585],[25.9860572,45.8880339],[25.9828843,45.892451],[25.9818829,45.8935498],[25.9811124,45.893759],[25.9791168,45.8945651],[25.9781501,45.8950973],[25.9772525,45.8954639],[25.9736552,45.8964509],[25.9729727,45.8964431],[25.9724139,45.8962641],[25.9717788,45.8961878],[25.9695329,45.8970834],[25.9652976,45.897747],[25.9646858,45.8977335],[25.9631987,45.8982816],[25.9623572,45.8983224],[25.9608241,45.8986986],[25.9599877,45.8987281],[25.9581336,45.8991519],[25.9569131,45.8993045],[25.9560598,45.8995963],[25.9538928,45.8993127],[25.9526331,45.8992489],[25.9509742,45.8999084],[25.9501192,45.900732],[25.9478921,45.9022636],[25.9484058,45.9028174],[25.9485644,45.9045489],[25.949231,45.904437],[25.9499531,45.9045356],[25.95027,45.9051969],[25.9505527,45.9054988],[25.9508152,45.9055961],[25.9502329,45.906425],[25.9503255,45.9068389],[25.9501529,45.9072112],[25.9490278,45.9084297],[25.9483957,45.9086655],[25.9483603,45.9090154],[25.9481892,45.909217],[25.9484,45.9099381],[25.9484119,45.9114611],[25.947811,45.911505],[25.9480767,45.9120705],[25.9473913,45.9129904],[25.9475941,45.9131849],[25.9482998,45.9130684],[25.9491008,45.9132237],[25.949808,45.9139978],[25.9503285,45.9149779],[25.9504396,45.9158468],[25.950749,45.9166286],[25.9505429,45.917435],[25.9504166,45.9176913],[25.9499581,45.9177521],[25.9494601,45.9179539],[25.9479208,45.9192213],[25.9463284,45.9199586],[25.9450462,45.9201672],[25.9452533,45.920871],[25.9448955,45.9212143],[25.9453037,45.9217494],[25.9448101,45.9224465],[25.9443964,45.9227736],[25.9439942,45.9224695],[25.9435533,45.9224429],[25.9429553,45.9219326],[25.9426698,45.9219263],[25.9420879,45.9216324],[25.9414571,45.9210099],[25.9408795,45.9206077],[25.9401318,45.9196787],[25.939505,45.9192899],[25.9388875,45.9190915],[25.9378073,45.9190441],[25.9363507,45.9191123],[25.9358648,45.9189907],[25.9341341,45.9182473],[25.9335711,45.9183385],[25.9334369,45.9184738],[25.9333826,45.9182494],[25.9335637,45.9180935],[25.9334798,45.9171155],[25.9336403,45.9162906],[25.9336244,45.9158506],[25.9333977,45.915549],[25.9334859,45.9152152],[25.9336023,45.9150417],[25.9338308,45.9149447],[25.9342211,45.9141107],[25.9345534,45.9138887],[25.9343009,45.9136435],[25.9342697,45.9133072],[25.9341371,45.9132446],[25.9343995,45.9127733],[25.9347197,45.9126993],[25.935035,45.9127707],[25.9353853,45.9118806],[25.935609,45.9117156],[25.9355092,45.9112117],[25.9351222,45.9110058],[25.9350402,45.9111237],[25.9348175,45.9111306],[25.9346327,45.910997],[25.9346637,45.9108897],[25.9349147,45.9108265],[25.9345275,45.9103886],[25.9349497,45.9096509],[25.9345327,45.9093943],[25.9345452,45.9092667],[25.9337668,45.9083706],[25.93405,45.9082688],[25.9339049,45.9081145],[25.9338973,45.9078774],[25.9340487,45.9077589],[25.9342594,45.9079076],[25.934575,45.9075634],[25.9343042,45.907535],[25.9346044,45.9073567],[25.9346451,45.9067368],[25.9353995,45.9059913],[25.9354487,45.9054365],[25.9351837,45.9053763],[25.9350701,45.9050792],[25.9349097,45.9050046],[25.9347727,45.9044746],[25.9343602,45.9039409],[25.9345522,45.9034072],[25.9343313,45.9034622],[25.9339997,45.9031118],[25.933632,45.9018473],[25.933597,45.9009961],[25.9333874,45.9000689],[25.9334592,45.8999036],[25.9331539,45.8996292],[25.932618,45.8992956],[25.9323551,45.8992549],[25.9318425,45.8993662],[25.9312753,45.8997731],[25.9311937,45.8999662],[25.9305305,45.9002474],[25.9299314,45.9009902],[25.9280565,45.9015531],[25.9275255,45.9018355],[25.9271047,45.9018661],[25.9268379,45.9020392],[25.9246805,45.902339],[25.9236557,45.9026767],[25.9231711,45.9025693],[25.9228508,45.902659],[25.9223906,45.9026333],[25.9197214,45.9035199],[25.9193064,45.9036007],[25.9183672,45.9035739],[25.9171941,45.9031998],[25.9146718,45.9031093],[25.9136097,45.9029788],[25.9130824,45.9030146],[25.9116136,45.9021805],[25.9101663,45.9012597],[25.9088256,45.8988654],[25.9080448,45.8985233],[25.9072304,45.8979108],[25.9067007,45.8969277],[25.9066014,45.8966884],[25.9067092,45.8965285],[25.9098675,45.8947575],[25.9098102,45.8946139],[25.908754,45.8939405],[25.9070803,45.8933489],[25.9062872,45.892779],[25.9061322,45.8925498],[25.9060977,45.8921179],[25.9063283,45.8919241],[25.9066299,45.891864],[25.9070508,45.8915342],[25.9067972,45.8911617],[25.9068308,45.8906909],[25.9070739,45.8904201],[25.9079481,45.8900579],[25.9087037,45.8891684],[25.9087112,45.8887843],[25.90957,45.8874811],[25.9096453,45.8870388],[25.9094587,45.8865601],[25.9095741,45.8860503],[25.9110006,45.8849922],[25.911043,45.8847666],[25.9104662,45.8850704],[25.9101997,45.8849195],[25.9100623,45.8845163],[25.9060311,45.8857378],[25.9050356,45.8857891],[25.9045145,45.8849027],[25.9037517,45.8852966],[25.9033759,45.8846994],[25.9035806,45.8846786],[25.9035137,45.8843434],[25.9037097,45.8831856],[25.9039649,45.8829416],[25.9042693,45.8829084],[25.9049333,45.881821],[25.9050681,45.8812334],[25.9056102,45.8804446],[25.9050909,45.8797645],[25.9048234,45.8790107],[25.904801,45.8782621],[25.9042874,45.8768113],[25.9042736,45.8765903],[25.9049177,45.8753871],[25.9050063,45.874552],[25.9057734,45.8740111],[25.9075016,45.8723],[25.9082081,45.8717952],[25.9088461,45.8714763],[25.909089,45.8708704],[25.9090769,45.8707686],[25.9074986,45.8707085],[25.9065831,45.8640467]]]}},{"type":"Feature","properties":{"entity_id":"osm-r14735718","jurisdiction":"RO","display_name":"DALNIC","display_type":"commune","admin_level":8,"tier":"local","legal_registry":"SIRUTA","legal_id":"65147","legal_type":"commune","parent_catalog_id":"osm-r2248621","osm_relation_id":14735718,"legal_identity_status":"reconciled","geometry_source":"OpenStreetMap","canonical_geometry_role":null,"geometry_scope":null,"geometry_precision":"master_coordinate_fidelity"},"geometry":{"type":"Polygon","coordinates":[[[26.0596345,45.8740985],[26.0597722,45.8742461],[26.0600749,45.8745558],[26.0601616,45.8749201],[26.0605492,45.8752662],[26.061012,45.8753794],[26.061508,45.8753686],[26.0624797,45.8749821],[26.0634848,45.8749542],[26.0647779,45.8753939],[26.0652001,45.8756994],[26.0661927,45.8759438],[26.0669339,45.8762494],[26.0691371,45.878169],[26.0698886,45.8785487],[26.0701403,45.8789641],[26.0708602,45.8795391],[26.0730406,45.8804995],[26.0735679,45.8809587],[26.0741423,45.8812717],[26.0755342,45.8816389],[26.0760565,45.8821217],[26.076511,45.8823627],[26.0765956,45.8826567],[26.0763914,45.8833228],[26.0765325,45.8842942],[26.0770715,45.8850337],[26.0738984,45.8866487],[26.0725731,45.887218],[26.0710525,45.8881419],[26.0740145,45.8909214],[26.0715159,45.8924372],[26.072247,45.8937449],[26.071726,45.894421],[26.0668704,45.8982203],[26.0633552,45.9008013],[26.0613995,45.8994793],[26.0607941,45.8978152],[26.0589209,45.8953904],[26.0494971,45.900599],[26.0456016,45.9026409],[26.046808,45.9046644],[26.0467192,45.9047293],[26.0422965,45.9046084],[26.0419513,45.9096719],[26.0418338,45.9142874],[26.0430152,45.9140469],[26.044054,45.9137189],[26.0445342,45.9136676],[26.044869,45.9137205],[26.0473582,45.9147257],[26.0475042,45.9147811],[26.047422,45.9150008],[26.0471086,45.9156509],[26.0469749,45.9165015],[26.0467588,45.9168637],[26.0351853,45.9180942],[26.0140952,45.9201668],[26.0134928,45.9194735],[26.007293,45.9215239],[26.0085477,45.9240726],[26.0051924,45.9247085],[26.0040559,45.9246132],[25.9996424,45.9258938],[25.9985517,45.927046],[25.9977372,45.9282394],[25.9944316,45.9317302],[25.9937773,45.9318507],[25.9915712,45.9315868],[25.9910263,45.9316498],[25.9906593,45.9328968],[25.9907178,45.9342564],[25.9881292,45.9350312],[25.988131,45.9364652],[25.9888013,45.9370426],[25.9898978,45.9375603],[25.9905595,45.9376539],[25.9894729,45.937891],[25.9866877,45.9381276],[25.9859303,45.9382889],[25.9852602,45.9385761],[25.9825939,45.9389719],[25.9816618,45.9393162],[25.9810753,45.9393639],[25.9802823,45.9397236],[25.9797645,45.9398334],[25.9805019,45.9399655],[25.9822064,45.9406442],[25.983035,45.9408179],[25.9836427,45.9411445],[25.9846004,45.9411279],[25.9849818,45.941234],[25.9860733,45.9423296],[25.9866239,45.9431402],[25.9868297,45.9435378],[25.9867744,45.9437981],[25.9859939,45.9439694],[25.9854868,45.9442384],[25.9839897,45.944743],[25.9828909,45.9456266],[25.9814026,45.9462823],[25.9805558,45.9468024],[25.9801294,45.9468438],[25.9799772,45.946757],[25.9798498,45.9463799],[25.9794214,45.9460011],[25.9791861,45.9453011],[25.978728,45.944927],[25.9782154,45.9449061],[25.9772693,45.9452336],[25.9767463,45.9453095],[25.9758951,45.9448759],[25.9758207,45.9450735],[25.9748687,45.946086],[25.9745437,45.9460973],[25.9743711,45.9462248],[25.9741924,45.9466886],[25.9732752,45.9476336],[25.9727317,45.9486007],[25.9726843,45.9496813],[25.9718508,45.9502428],[25.9718361,45.9504365],[25.9720278,45.9507287],[25.971872,45.9511168],[25.9705985,45.953397],[25.9703458,45.9537647],[25.9699102,45.9540038],[25.968949,45.9541675],[25.9676541,45.9541995],[25.9661579,45.9540693],[25.9657081,45.9542033],[25.964947,45.9547812],[25.9643291,45.9549378],[25.9620132,45.9544698],[25.9615465,45.9543057],[25.9610347,45.9539738],[25.9600731,45.9541121],[25.9589408,45.9541469],[25.9573663,45.9543828],[25.9553079,45.9552111],[25.9544311,45.9553739],[25.9534361,45.954983],[25.9524327,45.9547981],[25.9514135,45.9547435],[25.9499316,45.955113],[25.9490753,45.9554227],[25.9483837,45.9554999],[25.9476419,45.9554304],[25.9475181,45.9556162],[25.9475195,45.9560576],[25.9471134,45.9566198],[25.9461315,45.956981],[25.9459423,45.9571968],[25.944479,45.9576125],[25.9440007,45.9578307],[25.9435603,45.9577966],[25.9420754,45.9580147],[25.941155,45.9577115],[25.9410531,45.9577457],[25.9408589,45.9580287],[25.9413224,45.9587269],[25.9410153,45.959448],[25.9393991,45.9604406],[25.9390913,45.9607669],[25.9396226,45.9615482],[25.9401542,45.961985],[25.9402614,45.9622615],[25.9401389,45.9624978],[25.9401578,45.9629092],[25.9405851,45.9632296],[25.9406156,45.9639646],[25.9410647,45.9641833],[25.9403097,45.9651104],[25.9398691,45.9665051],[25.9395969,45.966793],[25.9395735,45.9679069],[25.939833,45.9682872],[25.9419462,45.9695851],[25.9423198,45.969935],[25.9424938,45.9702445],[25.9424856,45.9708203],[25.9421711,45.9714531],[25.9422898,45.9717129],[25.9429739,45.9722412],[25.9429903,45.9725055],[25.9424742,45.9733419],[25.9416974,45.9758782],[25.9413593,45.9765534],[25.9411634,45.9774417],[25.9408631,45.977856],[25.9402722,45.9792729],[25.9399135,45.9815872],[25.9394929,45.9830909],[25.9394991,45.9841837],[25.9389142,45.9852304],[25.937626,45.9864177],[25.936269,45.9881685],[25.9358448,45.9883948],[25.9346521,45.989501],[25.9344093,45.9894237],[25.9342478,45.9895089],[25.9336362,45.9904258],[25.9336209,45.9905983],[25.9339199,45.991188],[25.9344484,45.9910496],[25.9347081,45.9910852],[25.9347945,45.9911979],[25.9347164,45.9915643],[25.9345807,45.9917546],[25.9340189,45.9920322],[25.9336264,45.9923548],[25.9327818,45.9926853],[25.9324952,45.9931574],[25.9316842,45.9923077],[25.9315641,45.9916195],[25.9308894,45.9905786],[25.9294924,45.9892452],[25.929183,45.9887645],[25.9291361,45.9884874],[25.9292104,45.9882431],[25.9292799,45.9880787],[25.92928,45.9880786],[25.9292963,45.9879735],[25.9292963,45.9879734],[25.9292935,45.9878096],[25.9292675,45.9876921],[25.9292298,45.987596],[25.9290225,45.987463],[25.9288948,45.9873968],[25.9286997,45.987264],[25.9289938,45.987297],[25.9300567,45.9869761],[25.9309843,45.986519],[25.931958,45.9858728],[25.9323743,45.9857425],[25.9329397,45.9857001],[25.9344414,45.9851319],[25.9356374,45.9848305],[25.9359059,45.9846945],[25.9366863,45.9836826],[25.936893,45.9830976],[25.936758,45.9823918],[25.9361663,45.9817447],[25.9358728,45.9815652],[25.9355601,45.9811148],[25.93506,45.9809405],[25.9349273,45.9806601],[25.9347057,45.9806585],[25.9344769,45.9805163],[25.9345242,45.9804027],[25.934227,45.9802884],[25.9341893,45.9800966],[25.9343373,45.9798277],[25.9341782,45.9797329],[25.9341705,45.9795683],[25.9345467,45.9791088],[25.9343311,45.9783922],[25.9343968,45.9781433],[25.9336568,45.9778784],[25.9328058,45.9770557],[25.9325916,45.977006],[25.931008,45.9770246],[25.9294039,45.9772951],[25.9283128,45.9773212],[25.9275643,45.9772185],[25.9264172,45.9773308],[25.925942,45.9757826],[25.9270762,45.9755348],[25.9274126,45.9751913],[25.927423,45.974977],[25.9266269,45.974555],[25.9265494,45.9749354],[25.9264245,45.9749802],[25.926129,45.9747007],[25.9260884,45.9744155],[25.9256992,45.9741046],[25.9256461,45.9727593],[25.9247836,45.9710744],[25.9243185,45.9708141],[25.9241456,45.9705728],[25.9236635,45.970516],[25.920293,45.9706931],[25.9195524,45.9711024],[25.9194091,45.9711035],[25.9191191,45.970906],[25.9191066,45.9707669],[25.9194882,45.9703176],[25.9190769,45.9698997],[25.9184293,45.9697443],[25.9180949,45.969333],[25.9173808,45.9688675],[25.9184266,45.9686485],[25.9187522,45.9685317],[25.9191405,45.9681752],[25.9199718,45.9679901],[25.9201845,45.9678563],[25.9203822,45.9674299],[25.9207445,45.9670487],[25.9189086,45.9664339],[25.9169539,45.9648972],[25.9154624,45.9639679],[25.9150872,45.9632534],[25.9147341,45.9632563],[25.9141033,45.9628722],[25.9137391,45.9625111],[25.9136919,45.961819],[25.9133585,45.9611542],[25.9123813,45.9602375],[25.9115472,45.9596267],[25.9109757,45.9594206],[25.9106054,45.9589953],[25.9100544,45.9591032],[25.9094104,45.9588442],[25.9089411,45.9589336],[25.908348,45.959595],[25.9085549,45.959729],[25.9085379,45.9599433],[25.9080797,45.9600897],[25.9075225,45.9601334],[25.906513,45.9597452],[25.9063261,45.9592684],[25.9055367,45.9588749],[25.905114,45.958375],[25.9049731,45.9575801],[25.9046031,45.9568585],[25.9045957,45.9561049],[25.9047547,45.95592],[25.9053239,45.9556472],[25.9065616,45.9553879],[25.9067882,45.9552072],[25.9072312,45.9550577],[25.9080261,45.9549667],[25.9095944,45.9551096],[25.9100158,45.9548803],[25.9111955,45.9546089],[25.9116827,45.9545193],[25.9121204,45.9545951],[25.9124947,45.9545557],[25.9128343,45.9542743],[25.9124966,45.9533616],[25.9126559,45.9529509],[25.9133395,45.9524717],[25.9135636,45.952084],[25.9137603,45.9513343],[25.9146664,45.9507461],[25.9153641,45.9500009],[25.9156643,45.949379],[25.9171644,45.9488439],[25.9176163,45.9488574],[25.9178859,45.9486173],[25.9184572,45.9484155],[25.9187542,45.9481602],[25.9192045,45.9480751],[25.9202927,45.947166],[25.9205749,45.9467607],[25.9211699,45.9463207],[25.9213933,45.9457101],[25.9214178,45.9449618],[25.9219785,45.9443056],[25.9228129,45.9429247],[25.9225146,45.9423548],[25.9221879,45.9421087],[25.9220587,45.9408021],[25.9215937,45.9401842],[25.9212778,45.9392928],[25.9206811,45.938333],[25.9207089,45.9381527],[25.9202527,45.9378819],[25.9201905,45.9372758],[25.9198513,45.9372013],[25.9199643,45.9369753],[25.9198655,45.9367618],[25.9199161,45.9364805],[25.9202399,45.9359956],[25.9204997,45.9347952],[25.9208889,45.9345519],[25.9211934,45.9342001],[25.9214118,45.9336624],[25.9220386,45.9334751],[25.9223778,45.9331391],[25.9222255,45.9322527],[25.9224193,45.9319427],[25.922333,45.9316247],[25.9227468,45.9309599],[25.9228812,45.9294406],[25.9232551,45.9288824],[25.9235572,45.9285938],[25.9249241,45.9285399],[25.9251072,45.9281769],[25.9257179,45.9275413],[25.9259433,45.9275155],[25.926242,45.9273143],[25.9261111,45.92712],[25.9263982,45.9268127],[25.9266825,45.9267795],[25.9271609,45.9264604],[25.9279449,45.9262072],[25.9281816,45.9258232],[25.9283641,45.925868],[25.9284634,45.9257866],[25.928495,45.9254745],[25.9291088,45.9248783],[25.9301291,45.9245153],[25.9309306,45.9239879],[25.9311838,45.9236758],[25.9318805,45.9235027],[25.9326198,45.9230922],[25.9325404,45.9227302],[25.9328839,45.9225554],[25.9329489,45.922062],[25.9328347,45.9216073],[25.9329359,45.9212857],[25.9334676,45.9205239],[25.9333344,45.9195474],[25.9330044,45.9189486],[25.933135,45.9186858],[25.9334369,45.9184738],[25.9335711,45.9183385],[25.9341341,45.9182473],[25.9358648,45.9189907],[25.9363507,45.9191123],[25.9378073,45.9190441],[25.9388875,45.9190915],[25.939505,45.9192899],[25.9401318,45.9196787],[25.9408795,45.9206077],[25.9414571,45.9210099],[25.9420879,45.9216324],[25.9426698,45.9219263],[25.9429553,45.9219326],[25.9435533,45.9224429],[25.9439942,45.9224695],[25.9443964,45.9227736],[25.9448101,45.9224465],[25.9453037,45.9217494],[25.9448955,45.9212143],[25.9452533,45.920871],[25.9450462,45.9201672],[25.9463284,45.9199586],[25.9479208,45.9192213],[25.9494601,45.9179539],[25.9499581,45.9177521],[25.9504166,45.9176913],[25.9505429,45.917435],[25.950749,45.9166286],[25.9504396,45.9158468],[25.9503285,45.9149779],[25.949808,45.9139978],[25.9491008,45.9132237],[25.9482998,45.9130684],[25.9475941,45.9131849],[25.9473913,45.9129904],[25.9480767,45.9120705],[25.947811,45.911505],[25.9484119,45.9114611],[25.9484,45.9099381],[25.9481892,45.909217],[25.9483603,45.9090154],[25.9483957,45.9086655],[25.9490278,45.9084297],[25.9501529,45.9072112],[25.9503255,45.9068389],[25.9502329,45.906425],[25.9508152,45.9055961],[25.9505527,45.9054988],[25.95027,45.9051969],[25.9499531,45.9045356],[25.949231,45.904437],[25.9485644,45.9045489],[25.9484058,45.9028174],[25.9478921,45.9022636],[25.9501192,45.900732],[25.9509742,45.8999084],[25.9526331,45.8992489],[25.9538928,45.8993127],[25.9560598,45.8995963],[25.9569131,45.8993045],[25.9581336,45.8991519],[25.9599877,45.8987281],[25.9608241,45.8986986],[25.9623572,45.8983224],[25.9631987,45.8982816],[25.9646858,45.8977335],[25.9652976,45.897747],[25.9695329,45.8970834],[25.9717788,45.8961878],[25.9724139,45.8962641],[25.9729727,45.8964431],[25.9736552,45.8964509],[25.9772525,45.8954639],[25.9781501,45.8950973],[25.9791168,45.8945651],[25.9811124,45.893759],[25.9818829,45.8935498],[25.9828843,45.892451],[25.9860572,45.8880339],[25.9865298,45.8877585],[25.9882748,45.8872404],[25.9909018,45.8871672],[25.9948779,45.8876498],[25.9963365,45.8874087],[25.9980566,45.8872987],[25.9988537,45.8870359],[25.9992516,45.8858575],[26.0015314,45.8840655],[26.001929,45.8830584],[26.0020583,45.8819854],[26.0025945,45.8811028],[26.0047444,45.8816562],[26.0101257,45.8832545],[26.0178521,45.8856917],[26.0235915,45.8873535],[26.0229179,45.8883111],[26.0235638,45.888807],[26.0240156,45.8890407],[26.0250328,45.889344],[26.0265652,45.8895469],[26.0280219,45.8898695],[26.0284768,45.8901104],[26.0294258,45.8910786],[26.0324526,45.8887227],[26.0367284,45.8878674],[26.037466,45.8879454],[26.0388242,45.8884103],[26.0484983,45.8882861],[26.0495061,45.888152],[26.0507705,45.8881753],[26.0512341,45.8879015],[26.0510975,45.887364],[26.0512123,45.8867716],[26.0505492,45.8859233],[26.0501219,45.8856293],[26.0496881,45.8854841],[26.0480732,45.885505],[26.0464453,45.8851923],[26.0455556,45.8846112],[26.0454481,45.8842728],[26.0450663,45.8838208],[26.0454657,45.8827022],[26.0453671,45.8826656],[26.0456644,45.8822959],[26.0458699,45.8817569],[26.0462737,45.8813752],[26.0462963,45.8811219],[26.0452285,45.8800557],[26.0456863,45.8789469],[26.044956,45.8785272],[26.0457384,45.877962],[26.0458203,45.8780372],[26.0459258,45.8779324],[26.0463755,45.8783135],[26.0467875,45.8780431],[26.0471556,45.8781613],[26.0483407,45.8790468],[26.0488046,45.8789679],[26.0492759,45.8787389],[26.0502342,45.8779348],[26.0504859,45.87787],[26.0517299,45.8771044],[26.0521288,45.8774362],[26.0524167,45.8772342],[26.0540709,45.8766107],[26.0595366,45.8741196],[26.0596345,45.8740985]]]}},{"type":"Feature","properties":{"entity_id":"osm-r14735719","jurisdiction":"RO","display_name":"CATALINA","display_type":"commune","admin_level":8,"tier":"local","legal_registry":"SIRUTA","legal_id":"64130","legal_type":"commune","parent_catalog_id":"osm-r2248621","osm_relation_id":14735719,"legal_identity_status":"reconciled","geometry_source":"OpenStreetMap","canonical_geometry_role":null,"geometry_scope":null,"geometry_precision":"master_coordinate_fidelity"},"geometry":{"type":"Polygon","coordinates":[[[26.0770715,45.8850337],[26.0772282,45.8851723],[26.0772974,45.8854858],[26.0770863,45.8861987],[26.0771883,45.8865753],[26.0773677,45.8866728],[26.0781751,45.8867975],[26.0791446,45.8871438],[26.0798668,45.8871452],[26.0803231,45.8872732],[26.080591,45.8874553],[26.0806072,45.8880862],[26.0808085,45.888291],[26.081844,45.8883749],[26.0825029,45.8887792],[26.0833321,45.8890083],[26.0833794,45.8894102],[26.0832434,45.8897202],[26.0818403,45.8904224],[26.0817841,45.8909796],[26.0820617,45.8914565],[26.0820495,45.8916412],[26.0818119,45.8920045],[26.0811456,45.8924434],[26.0809755,45.8928281],[26.0810008,45.8931172],[26.0812719,45.8932579],[26.0819763,45.8933559],[26.0823347,45.8933222],[26.0827991,45.8930533],[26.0836742,45.8932021],[26.0839298,45.8935579],[26.0846395,45.8939314],[26.0855781,45.8943],[26.0862217,45.8943187],[26.0863017,45.8947754],[26.0860442,45.8949321],[26.0858374,45.8952565],[26.0859468,45.8955999],[26.0866444,45.8959598],[26.0876421,45.8959145],[26.0879327,45.896044],[26.0883161,45.8966769],[26.0883255,45.8969579],[26.0871725,45.8971315],[26.0869321,45.8973514],[26.0869268,45.8974838],[26.0871631,45.8978646],[26.0883064,45.8988071],[26.0883182,45.8994105],[26.0887794,45.8999848],[26.0887518,45.9007952],[26.0894816,45.9015847],[26.0908976,45.9019349],[26.0909705,45.9020279],[26.0909874,45.9022868],[26.0905226,45.9029388],[26.0905095,45.9032806],[26.0926028,45.9041507],[26.0931593,45.9041481],[26.0941853,45.9037332],[26.0953269,45.903973],[26.0960095,45.903961],[26.0973236,45.9045463],[26.0984111,45.9048445],[26.0990313,45.9046732],[26.0993744,45.9044549],[26.1004965,45.9035127],[26.1012492,45.9034476],[26.1020739,45.9038337],[26.1025416,45.9043307],[26.1030408,45.9046235],[26.1031608,45.9049034],[26.1030782,45.9051164],[26.1024605,45.9056157],[26.1021314,45.9063381],[26.1013619,45.9071529],[26.1012372,45.9074297],[26.1014751,45.9076864],[26.1025908,45.9076123],[26.1032019,45.9081685],[26.1033457,45.9084565],[26.1035478,45.9094907],[26.1034697,45.9099296],[26.1032844,45.9101436],[26.1023915,45.9107033],[26.1021729,45.9112263],[26.1022505,45.9115589],[26.1025136,45.9118843],[26.1027887,45.9120222],[26.1047613,45.9125515],[26.1050725,45.9127166],[26.105464,45.9131482],[26.1057863,45.9132719],[26.1069561,45.9133377],[26.1072311,45.9134673],[26.1075817,45.9138249],[26.1075545,45.9140429],[26.1073686,45.9142238],[26.1058716,45.9149823],[26.1039356,45.9163018],[26.1038214,45.916515],[26.104042,45.9178852],[26.1042412,45.9181754],[26.1044797,45.9182558],[26.1052499,45.9182676],[26.1057382,45.9180039],[26.1061744,45.9175036],[26.1064483,45.9173797],[26.106806,45.9173018],[26.107535,45.9174271],[26.1077246,45.9176291],[26.1079701,45.9182633],[26.1079305,45.9184538],[26.1073866,45.9190957],[26.1070941,45.9202725],[26.1074926,45.920456],[26.1089461,45.9206761],[26.1092128,45.9205881],[26.1097694,45.9199902],[26.1103971,45.9199841],[26.1107465,45.9200799],[26.1109788,45.920243],[26.1110709,45.9209007],[26.1115524,45.9218826],[26.1119888,45.9221814],[26.1122256,45.9221736],[26.1125735,45.9219994],[26.1126672,45.921158],[26.1129934,45.9208848],[26.1136372,45.9208923],[26.1141631,45.9211269],[26.1143803,45.9213259],[26.1144455,45.9218241],[26.1140565,45.9223101],[26.1140231,45.9226163],[26.1148366,45.9241957],[26.1146941,45.9249686],[26.1148976,45.9254682],[26.1155114,45.9261456],[26.1158903,45.9273186],[26.1158422,45.9274761],[26.1152989,45.9279554],[26.1150629,45.9283959],[26.1150865,45.9285858],[26.1152356,45.9287359],[26.1156952,45.9288141],[26.1167277,45.9285064],[26.1170314,45.9284924],[26.1178925,45.9286989],[26.1181835,45.9292279],[26.1181439,45.9296141],[26.117808,45.930389],[26.1177555,45.9311143],[26.1180423,45.9314339],[26.1186549,45.9314582],[26.119311,45.9312892],[26.1205129,45.9307676],[26.1211855,45.9306342],[26.1218251,45.9308208],[26.1226583,45.9314051],[26.1228205,45.9316157],[26.122804,45.9319714],[26.1212396,45.9329237],[26.12077,45.933529],[26.1203407,45.9337868],[26.120288,45.9341125],[26.1206005,45.9343298],[26.1218449,45.9343479],[26.1222041,45.9345318],[26.1225688,45.9349912],[26.1226486,45.9356187],[26.1234155,45.9360438],[26.1240351,45.9362168],[26.1248922,45.9362194],[26.127336,45.935782],[26.1276016,45.9358317],[26.1279535,45.9360459],[26.1286518,45.9360087],[26.1299711,45.9362106],[26.1304174,45.9364046],[26.1309798,45.936479],[26.1330465,45.9363428],[26.1342404,45.9363943],[26.134952,45.9362357],[26.1356566,45.9359255],[26.1370225,45.9357053],[26.1372145,45.9358219],[26.1374597,45.9364174],[26.1387569,45.9368387],[26.1426232,45.9353353],[26.1421267,45.9351942],[26.142133,45.9349484],[26.1460491,45.9342099],[26.1481784,45.9337027],[26.1477976,45.9330877],[26.1471237,45.9324477],[26.1477802,45.9322247],[26.147936,45.9311595],[26.1485453,45.9306408],[26.1495571,45.930683],[26.1514177,45.9310914],[26.1542561,45.9312308],[26.1555639,45.9316392],[26.1559924,45.9319242],[26.1563055,45.9323565],[26.1568444,45.9326349],[26.1596424,45.9331163],[26.1619511,45.9249001],[26.1630973,45.9245743],[26.16449,45.924516],[26.1654736,45.9243434],[26.1688533,45.9233911],[26.169467,45.9234621],[26.1717648,45.9234158],[26.1781474,45.9246818],[26.1782473,45.9246978],[26.1774994,45.9276216],[26.1776238,45.9328027],[26.178395,45.933079],[26.1791253,45.9335164],[26.1794267,45.9335759],[26.1798848,45.9334457],[26.1808286,45.9336887],[26.1824018,45.9344197],[26.1827924,45.9344468],[26.1840742,45.9352399],[26.1835038,45.9355446],[26.1844961,45.9380764],[26.1842098,45.938088],[26.1855681,45.9402939],[26.1849301,45.9406357],[26.1850964,45.9414678],[26.1847802,45.9416554],[26.1846463,45.9418825],[26.1847462,45.9423837],[26.185412,45.9432613],[26.1850062,45.9437401],[26.184589,45.9461259],[26.1836206,45.9462024],[26.1835132,45.9466768],[26.1843742,45.9467809],[26.187321,45.9475411],[26.1869848,45.9484902],[26.1858215,45.9506652],[26.1826812,45.9505263],[26.1831911,45.9522368],[26.1820559,45.951895],[26.1812411,45.9524326],[26.181134,45.9526272],[26.1834073,45.9533457],[26.1857461,45.954245],[26.1831924,45.9560039],[26.1812375,45.9571786],[26.17944,45.9580753],[26.1770383,45.9591046],[26.1739277,45.9599186],[26.1691289,45.9617812],[26.1689051,45.963165],[26.1690377,45.9639866],[26.1704581,45.9659442],[26.1704731,45.9663117],[26.1711577,45.968285],[26.1715899,45.9687653],[26.1715498,45.9689893],[26.1729933,45.9690408],[26.1757105,45.9699768],[26.1827937,45.971627],[26.1829538,45.9718035],[26.1831267,45.9719006],[26.1831256,45.9719815],[26.1832657,45.9737295],[26.1817281,45.9752245],[26.181264,45.9750646],[26.180335,45.9753056],[26.1772881,45.9763777],[26.1768241,45.9766372],[26.1755928,45.9775872],[26.1734172,45.9799265],[26.171209,45.981606],[26.1701781,45.9819631],[26.1690333,45.9821734],[26.1689565,45.9818586],[26.1693101,45.9814083],[26.1692492,45.981259],[26.1686126,45.9812301],[26.1681089,45.9815634],[26.1678573,45.9814773],[26.1678254,45.9812825],[26.1663727,45.9827305],[26.1655919,45.98327],[26.1646827,45.9833409],[26.1642059,45.9839113],[26.162207,45.9831671],[26.1624608,45.9819415],[26.1599383,45.9800761],[26.1589143,45.9811334],[26.15699,45.9798076],[26.1555754,45.979101],[26.1554495,45.9792019],[26.1522672,45.9769816],[26.1511171,45.9768739],[26.1494169,45.9770538],[26.1481573,45.9779539],[26.1478055,45.9783224],[26.1477631,45.9786255],[26.1482552,45.9795236],[26.1488482,45.980038],[26.1489657,45.9807281],[26.1496635,45.9809462],[26.1498039,45.9812363],[26.1497136,45.9813046],[26.1487704,45.9812079],[26.1482602,45.9812559],[26.1479356,45.9813938],[26.1470022,45.9821478],[26.1470052,45.9822718],[26.1474798,45.9824879],[26.1469135,45.9828264],[26.1466371,45.9834837],[26.1471355,45.9842953],[26.1468403,45.9847633],[26.1464883,45.9859844],[26.1464017,45.986119],[26.1456738,45.9857316],[26.1442797,45.9869174],[26.1447503,45.9871396],[26.1446984,45.9875277],[26.1461274,45.987931],[26.1457969,45.9883256],[26.144812,45.9886302],[26.1438013,45.9892508],[26.1413905,45.9878929],[26.1414434,45.9877972],[26.1390426,45.9863656],[26.1384889,45.9873393],[26.138116,45.9872494],[26.1388311,45.9860529],[26.1371089,45.9847941],[26.1362716,45.9844527],[26.13359,45.982447],[26.1320258,45.9811869],[26.1303018,45.9795494],[26.1225474,45.9830927],[26.1166157,45.9770161],[26.107035,45.9667551],[26.1048673,45.9646728],[26.1027393,45.9621187],[26.1035854,45.9594575],[26.1036325,45.9588792],[26.1028718,45.9567239],[26.1021642,45.9554201],[26.1011321,45.9529335],[26.1004255,45.9517835],[26.0999519,45.9491225],[26.0997017,45.9486605],[26.0961071,45.948366],[26.0961433,45.9481425],[26.0880506,45.9474009],[26.0888467,45.9427593],[26.0832156,45.9421413],[26.0820868,45.943666],[26.0794506,45.9422833],[26.0778981,45.9416475],[26.077828,45.9411877],[26.0777334,45.9411528],[26.0765085,45.9417389],[26.0719291,45.9383493],[26.0717656,45.9383756],[26.0698698,45.9397456],[26.066933,45.9378316],[26.0635683,45.940134],[26.0596916,45.9380744],[26.0582603,45.9388064],[26.0577405,45.9389109],[26.0570689,45.9386396],[26.056019,45.9397493],[26.0526956,45.938208],[26.0525919,45.9384559],[26.0517536,45.938334],[26.0513384,45.9380909],[26.0512496,45.937918],[26.0516479,45.937836],[26.051986,45.9374909],[26.0516498,45.9371655],[26.052082,45.9369177],[26.0518991,45.9367467],[26.051096,45.936545],[26.0504329,45.9361305],[26.0503271,45.9357524],[26.0500699,45.9356034],[26.0501038,45.9352753],[26.0497808,45.934845],[26.0504511,45.9346408],[26.0505838,45.9348593],[26.0508978,45.93481],[26.051552,45.9344667],[26.0516231,45.9342402],[26.0515177,45.9340586],[26.0512656,45.9340949],[26.0512312,45.9339158],[26.0510292,45.9337877],[26.0516141,45.9335255],[26.0517829,45.9330752],[26.0511391,45.9316238],[26.0513743,45.9311667],[26.0508856,45.9306483],[26.0510994,45.9299934],[26.0503497,45.9288029],[26.0498235,45.9286499],[26.0494146,45.9283597],[26.0472883,45.9275345],[26.0466782,45.9273946],[26.0465553,45.9272256],[26.0466018,45.9268693],[26.0463011,45.9266771],[26.0463688,45.9258008],[26.0472946,45.9240998],[26.0469724,45.9232394],[26.0471757,45.9227332],[26.0474376,45.9225142],[26.0474829,45.9220898],[26.0476613,45.9219118],[26.0479409,45.9212192],[26.0480527,45.9208005],[26.0479508,45.9200959],[26.0481907,45.9194192],[26.0486856,45.9188577],[26.0492717,45.9184345],[26.0495677,45.9183792],[26.0501075,45.9176162],[26.0506693,45.9172053],[26.0506622,45.9170572],[26.0499085,45.9167957],[26.0494001,45.9162335],[26.0488773,45.9158635],[26.0490361,45.9151981],[26.0480686,45.9149367],[26.0475042,45.9147811],[26.0473582,45.9147257],[26.044869,45.9137205],[26.0445342,45.9136676],[26.044054,45.9137189],[26.0430152,45.9140469],[26.0418338,45.9142874],[26.0419513,45.9096719],[26.0422965,45.9046084],[26.0467192,45.9047293],[26.046808,45.9046644],[26.0456016,45.9026409],[26.0494971,45.900599],[26.0589209,45.8953904],[26.0607941,45.8978152],[26.0613995,45.8994793],[26.0633552,45.9008013],[26.0668704,45.8982203],[26.071726,45.894421],[26.072247,45.8937449],[26.0715159,45.8924372],[26.0740145,45.8909214],[26.0710525,45.8881419],[26.0725731,45.887218],[26.0738984,45.8866487],[26.0770715,45.8850337]]]}},{"type":"Feature","properties":{"entity_id":"osm-r14735720","jurisdiction":"RO","display_name":"CERNAT","display_type":"commune","admin_level":8,"tier":"local","legal_registry":"SIRUTA","legal_id":"64194","legal_type":"commune","parent_catalog_id":"osm-r2248621","osm_relation_id":14735720,"legal_identity_status":"reconciled","geometry_source":"OpenStreetMap","canonical_geometry_role":null,"geometry_scope":null,"geometry_precision":"master_coordinate_fidelity"},"geometry":{"type":"Polygon","coordinates":[[[26.0475042,45.9147811],[26.0480686,45.9149367],[26.0490361,45.9151981],[26.0488773,45.9158635],[26.0494001,45.9162335],[26.0499085,45.9167957],[26.0506622,45.9170572],[26.0506693,45.9172053],[26.0501075,45.9176162],[26.0495677,45.9183792],[26.0492717,45.9184345],[26.0486856,45.9188577],[26.0481907,45.9194192],[26.0479508,45.9200959],[26.0480527,45.9208005],[26.0479409,45.9212192],[26.0476613,45.9219118],[26.0474829,45.9220898],[26.0474376,45.9225142],[26.0471757,45.9227332],[26.0469724,45.9232394],[26.0472946,45.9240998],[26.0463688,45.9258008],[26.0463011,45.9266771],[26.0466018,45.9268693],[26.0465553,45.9272256],[26.0466782,45.9273946],[26.0472883,45.9275345],[26.0494146,45.9283597],[26.0498235,45.9286499],[26.0503497,45.9288029],[26.0510994,45.9299934],[26.0508856,45.9306483],[26.0513743,45.9311667],[26.0511391,45.9316238],[26.0517829,45.9330752],[26.0516141,45.9335255],[26.0510292,45.9337877],[26.0512312,45.9339158],[26.0512656,45.9340949],[26.0515177,45.9340586],[26.0516231,45.9342402],[26.051552,45.9344667],[26.0508978,45.93481],[26.0505838,45.9348593],[26.0504511,45.9346408],[26.0497808,45.934845],[26.0501038,45.9352753],[26.0500699,45.9356034],[26.0503271,45.9357524],[26.0504329,45.9361305],[26.051096,45.936545],[26.0518991,45.9367467],[26.052082,45.9369177],[26.0516498,45.9371655],[26.051986,45.9374909],[26.0516479,45.937836],[26.0512496,45.937918],[26.0513384,45.9380909],[26.0517536,45.938334],[26.0525919,45.9384559],[26.0526956,45.938208],[26.056019,45.9397493],[26.0570689,45.9386396],[26.0577405,45.9389109],[26.0582603,45.9388064],[26.0596916,45.9380744],[26.0635683,45.940134],[26.066933,45.9378316],[26.0698698,45.9397456],[26.0717656,45.9383756],[26.0719291,45.9383493],[26.0765085,45.9417389],[26.0777334,45.9411528],[26.077828,45.9411877],[26.0778981,45.9416475],[26.0794506,45.9422833],[26.0820868,45.943666],[26.0832156,45.9421413],[26.0888467,45.9427593],[26.0880506,45.9474009],[26.0961433,45.9481425],[26.0961071,45.948366],[26.0997017,45.9486605],[26.0999519,45.9491225],[26.1004255,45.9517835],[26.1011321,45.9529335],[26.1021642,45.9554201],[26.1028718,45.9567239],[26.1036325,45.9588792],[26.1035854,45.9594575],[26.1027393,45.9621187],[26.1048673,45.9646728],[26.107035,45.9667551],[26.0926552,45.9800993],[26.0940743,45.9808478],[26.0902,45.9847355],[26.0898043,45.9849229],[26.0888809,45.9850689],[26.0844216,45.9857743],[26.0815343,45.9863917],[26.0788228,45.9866283],[26.0782546,45.9895396],[26.0769119,45.9919498],[26.0766501,45.9931675],[26.0718371,45.9946537],[26.0640506,45.9968933],[26.063246,45.9972361],[26.061147,45.9984701],[26.059335,45.9992602],[26.0567887,46.0001243],[26.0508329,46.0015072],[26.050688,46.0015001],[26.0504599,46.0012375],[26.049679,46.0000511],[26.0316942,46.005187],[26.0283314,46.0059088],[26.02858,46.0066581],[26.0293817,46.0081107],[26.0288231,46.0082255],[26.0242936,46.0088671],[26.0240894,46.0086987],[26.0223032,46.0088786],[26.0219358,46.0089407],[26.0215003,46.0091643],[26.0208083,46.0092014],[26.0204578,46.0094614],[26.0195686,46.0096395],[26.0190274,46.0096623],[26.0188495,46.009587],[26.0183719,46.0097066],[26.0175369,46.0094234],[26.0161826,46.0092421],[26.0157245,46.0092546],[26.014543,46.0096223],[26.0143068,46.0098975],[26.0104182,46.0093184],[26.0086712,46.0094305],[26.0068335,46.0098585],[26.0059034,46.0104551],[26.0058544,46.0107455],[26.0052443,46.0116922],[26.0049939,46.0118541],[26.0042018,46.0120796],[26.004073,46.012295],[26.0035132,46.0126866],[26.0041034,46.0133034],[26.0039486,46.0137502],[26.0040198,46.0140185],[26.0036435,46.0145555],[26.0036279,46.0150264],[26.003333,46.0157308],[26.0033479,46.0158861],[26.0037246,46.0160383],[26.003721,46.0161728],[26.0025432,46.0170867],[26.0024086,46.017651],[26.0021964,46.017926],[26.0016554,46.0180274],[26.0006078,46.0188099],[26.0004697,46.0191767],[26.0007342,46.0194643],[26.0002501,46.0200443],[25.9994343,46.0199674],[25.9990978,46.0200376],[25.9987342,46.0199483],[25.9986873,46.0203563],[25.9982941,46.0202967],[25.9981714,46.0205205],[25.9978792,46.0207038],[25.9961994,46.0208865],[25.9962535,46.0212097],[25.9944504,46.0212464],[25.994478,46.0214394],[25.9943256,46.0216887],[25.9930316,46.0221875],[25.9925447,46.0222883],[25.9922693,46.022068],[25.9921011,46.0221073],[25.9920107,46.0224485],[25.9918328,46.0226181],[25.9912134,46.0227285],[25.9907021,46.0231532],[25.9897391,46.0236112],[25.9894481,46.0238701],[25.9883041,46.0243338],[25.9884137,46.0246881],[25.9877037,46.0251711],[25.9875909,46.0256134],[25.9867472,46.0260031],[25.9864299,46.0264807],[25.9865027,46.0268457],[25.9854853,46.0273083],[25.9843803,46.0282718],[25.9833476,46.0288942],[25.9830463,46.029254],[25.9826702,46.02948],[25.9805141,46.0300406],[25.9790553,46.0301119],[25.9786138,46.0303931],[25.9772296,46.0302494],[25.9740131,46.0302096],[25.97276,46.0303127],[25.9719921,46.0305672],[25.971669,46.030717],[25.9715468,46.0309744],[25.9713077,46.0311067],[25.9710107,46.0317144],[25.9703953,46.0324088],[25.9695797,46.0330377],[25.9691405,46.0331087],[25.9690164,46.033261],[25.9688119,46.0332964],[25.9690399,46.0335676],[25.9681093,46.0341806],[25.9676143,46.0341638],[25.9672597,46.0338979],[25.9668486,46.0338551],[25.9664834,46.0336733],[25.966533,46.0334039],[25.9663962,46.0331697],[25.9664847,46.0327067],[25.9662158,46.0325115],[25.9655397,46.032492],[25.9646876,46.0327639],[25.9641364,46.0322895],[25.963414,46.0320392],[25.9630043,46.0317233],[25.9623879,46.0316696],[25.9619175,46.0320266],[25.961507,46.0320132],[25.9604982,46.0322949],[25.9598349,46.0323173],[25.9594045,46.032552],[25.9589713,46.0333205],[25.9588988,46.0340103],[25.9596271,46.0342563],[25.9597541,46.0346251],[25.9583611,46.0364186],[25.9577119,46.0365585],[25.956022,46.036539],[25.9539968,46.0366736],[25.9515094,46.0358875],[25.9500853,46.0351807],[25.9487992,46.0351283],[25.9482334,46.0352129],[25.9476999,46.035419],[25.9466261,46.0352903],[25.9426885,46.0364422],[25.9415834,46.0366266],[25.9405581,46.0370108],[25.940364,46.0372824],[25.9398376,46.0375515],[25.9381372,46.0379857],[25.9374252,46.0383446],[25.9367636,46.0381147],[25.9361847,46.0381404],[25.9346606,46.0379301],[25.9333338,46.0379746],[25.932536,46.0379013],[25.9299824,46.0367538],[25.9294809,46.0367158],[25.9290196,46.0365515],[25.9284882,46.0365306],[25.9266817,46.0371126],[25.9243404,46.0371105],[25.9232238,46.0378171],[25.9221415,46.0387756],[25.9219611,46.0388149],[25.9214847,46.0384699],[25.9211968,46.0385731],[25.9208699,46.0388741],[25.9203333,46.0389036],[25.9202248,46.0389087],[25.9196542,46.0383417],[25.9191409,46.0376239],[25.9175148,46.0364063],[25.917105,46.0362581],[25.9162444,46.0361334],[25.9156713,46.0359128],[25.9157376,46.0353788],[25.9156352,46.0352088],[25.9147906,46.0349901],[25.9134096,46.0347897],[25.9132092,46.0345918],[25.9133483,46.0333376],[25.9130933,46.0320834],[25.913359,46.0308362],[25.9134085,46.029887],[25.9138544,46.0286826],[25.9151689,46.026828],[25.9154898,46.0245084],[25.9158251,46.0238846],[25.9159991,46.0227317],[25.9158686,46.0214048],[25.9158018,46.0210103],[25.9154668,46.0204499],[25.9151867,46.0202924],[25.9148037,46.0200205],[25.9144981,46.0197792],[25.9144245,46.0197083],[25.9143201,46.0195874],[25.9142757,46.0194616],[25.9142051,46.0192058],[25.9141307,46.0190803],[25.9136845,46.0187225],[25.9123563,46.0186574],[25.9119099,46.0186568],[25.9108965,46.0186607],[25.9103801,46.0188035],[25.9099375,46.0189876],[25.9097596,46.0188504],[25.908992,46.01839],[25.9087649,46.0181481],[25.9085567,46.0179648],[25.9084167,46.0178945],[25.9081643,46.0179343],[25.9080204,46.0179901],[25.9076304,46.0181193],[25.9073535,46.0181593],[25.9069804,46.0182085],[25.9066208,46.01835],[25.9061642,46.0184587],[25.9057357,46.0184537],[25.9052993,46.0183185],[25.9048158,46.0178895],[25.9045951,46.0176727],[25.9047042,46.0173398],[25.9048163,46.0171834],[25.9049528,46.0170479],[25.9051494,46.016912],[25.9052245,46.0166927],[25.9052852,46.0163518],[25.9048871,46.0156068],[25.9049259,46.0154007],[25.9049274,46.0151192],[25.9049799,46.0150138],[25.9052414,46.0147848],[25.90547,46.0147282],[25.9055655,46.014677],[25.9055713,46.0146602],[25.9055392,46.0141729],[25.9054751,46.0139929],[25.9049887,46.0140723],[25.9045187,46.0141096],[25.9041194,46.014012],[25.9034989,46.0136726],[25.9031256,46.0137424],[25.9027421,46.0138967],[25.9015386,46.0140659],[25.9015385,46.0140659],[25.9013585,46.0141177],[25.9008534,46.0142058],[25.9004904,46.0141581],[25.9003806,46.0140749],[25.9003424,46.0139493],[25.9003424,46.0139492],[25.900339,46.0137392],[25.900339,46.0137391],[25.9005038,46.0134772],[25.9012588,46.013177],[25.9013166,46.0130338],[25.9012178,46.0128834],[25.9012177,46.0128833],[25.901155,46.0127326],[25.9009208,46.0124234],[25.9008799,46.012138],[25.9008795,46.0113647],[25.9008548,46.0105832],[25.9009978,46.0104813],[25.9012245,46.0103367],[25.9015249,46.0102586],[25.9018137,46.0101976],[25.902313,46.0105045],[25.9024468,46.0105874],[25.903001,46.0105327],[25.9039451,46.0099958],[25.9050842,46.0095749],[25.9054322,46.0094629],[25.9060181,46.0091473],[25.9068983,46.0083923],[25.9070025,46.0081225],[25.907132,46.0079281],[25.9074757,46.0075641],[25.9078361,46.0067291],[25.9078361,46.006729],[25.9079264,46.0063501],[25.9080039,46.0059293],[25.9080039,46.0059292],[25.9080143,46.0050888],[25.9078767,46.0047872],[25.9078093,46.0043507],[25.9077907,46.0039559],[25.9078955,46.0037281],[25.9078956,46.003728],[25.9086432,46.0029824],[25.9088403,46.0025017],[25.9088102,46.0021323],[25.9087096,46.001881],[25.9087312,46.0017297],[25.9087316,46.0017292],[25.9089343,46.0016186],[25.9091241,46.0014152],[25.9093193,46.0008171],[25.9092883,46.0003971],[25.9092882,46.0003969],[25.9092019,46.0002718],[25.9092111,46.0001035],[25.9092111,46.0001034],[25.9091512,45.9993897],[25.9093177,45.9992537],[25.9089167,45.9975927],[25.9085384,45.99731],[25.9085383,45.9973098],[25.9084966,45.9969741],[25.9083573,45.9965717],[25.9083746,45.9961515],[25.9084914,45.9959236],[25.9084915,45.9959235],[25.9087272,45.9955939],[25.9088057,45.9952319],[25.9089492,45.9949926],[25.9089493,45.9949926],[25.9089507,45.9949922],[25.9089509,45.9949917],[25.909066,45.9946517],[25.9090766,45.9945591],[25.9091529,45.9944325],[25.9091529,45.9944324],[25.9092828,45.9942633],[25.9095175,45.9938706],[25.9095401,45.993778],[25.9095927,45.9936767],[25.9097757,45.9934357],[25.9098999,45.9932876],[25.9100351,45.9930807],[25.9102856,45.9929148],[25.9105011,45.9928164],[25.9105786,45.9927611],[25.9107217,45.9926802],[25.9108855,45.9927251],[25.9111103,45.9928284],[25.9111668,45.9929707],[25.9111669,45.9929708],[25.9111596,45.993265],[25.911259,45.9934324],[25.9114214,45.9934184],[25.9115413,45.9933712],[25.9117812,45.9932979],[25.9118889,45.9932508],[25.911889,45.9932508],[25.9125654,45.9929554],[25.9135414,45.9918173],[25.9139052,45.9915705],[25.9142806,45.9913028],[25.9142807,45.9913028],[25.9144717,45.991192],[25.9144718,45.991192],[25.9146752,45.9910979],[25.9149067,45.9908797],[25.915314,45.9907167],[25.915428,45.9906779],[25.9155534,45.9906097],[25.9157263,45.9904906],[25.9159462,45.9902998],[25.9160343,45.9901562],[25.9160808,45.990055],[25.9161571,45.9899283],[25.9163356,45.9894228],[25.9160924,45.9892775],[25.9156689,45.989201],[25.9155455,45.9890339],[25.9154412,45.9889213],[25.9154411,45.9889212],[25.9152703,45.9888007],[25.9151846,45.9887049],[25.9151846,45.9887045],[25.9153675,45.9884764],[25.9158371,45.9880734],[25.9160038,45.987946],[25.916123,45.9878652],[25.9162103,45.9876712],[25.916346,45.9874894],[25.9164395,45.9873122],[25.9164395,45.9873121],[25.9165028,45.9871309],[25.9166558,45.9869028],[25.9167981,45.9868515],[25.9171219,45.9867396],[25.918323,45.9864736],[25.9192428,45.9866722],[25.9194303,45.9867085],[25.9195461,45.9867874],[25.9196135,45.9868499],[25.9198286,45.9870836],[25.9200289,45.9871785],[25.9202665,45.9873279],[25.9204427,45.9874105],[25.9205219,45.9874603],[25.9211601,45.9877746],[25.921422,45.9879384],[25.9214221,45.9879385],[25.9215073,45.9879841],[25.9215568,45.9880634],[25.9216122,45.9881344],[25.9216922,45.9882221],[25.9219796,45.9882451],[25.9219801,45.9882454],[25.9219803,45.9882459],[25.921857,45.9883552],[25.9215889,45.9885465],[25.921395,45.9888464],[25.9213964,45.9889346],[25.9214286,45.9890563],[25.9214718,45.9891189],[25.9215332,45.9891898],[25.9215584,45.9892527],[25.9214956,45.9894462],[25.9214956,45.9894465],[25.9220081,45.9894676],[25.9220082,45.9894676],[25.9221044,45.9894542],[25.9223376,45.9893304],[25.922639,45.9893364],[25.9230003,45.9893083],[25.9233068,45.9892554],[25.9233373,45.9892803],[25.9233723,45.9895658],[25.9233723,45.9895659],[25.9234562,45.9898805],[25.9238124,45.9899153],[25.9242022,45.9898029],[25.9244082,45.9894986],[25.9244544,45.9893806],[25.9244882,45.9892333],[25.9244882,45.9892332],[25.9244914,45.9890651],[25.9245416,45.9888251],[25.9244892,45.9885693],[25.9244892,45.9885692],[25.9244873,45.9884602],[25.9244874,45.98846],[25.9245347,45.9883965],[25.9249237,45.9882338],[25.9253601,45.9880159],[25.9253602,45.9880159],[25.925635,45.9878624],[25.9258926,45.9877636],[25.9269559,45.9875407],[25.9274012,45.9874909],[25.9277678,45.9874164],[25.9280793,45.9873005],[25.9284995,45.987213],[25.9286997,45.9872639],[25.9286997,45.987264],[25.9288948,45.9873968],[25.9290225,45.987463],[25.9292298,45.987596],[25.9292675,45.9876921],[25.9292935,45.9878096],[25.9292963,45.9879734],[25.9292963,45.9879735],[25.92928,45.9880786],[25.9292799,45.9880787],[25.9292104,45.9882431],[25.9291361,45.9884874],[25.929183,45.9887645],[25.9294924,45.9892452],[25.9308894,45.9905786],[25.9315641,45.9916195],[25.9316842,45.9923077],[25.9324952,45.9931574],[25.9327818,45.9926853],[25.9336264,45.9923548],[25.9340189,45.9920322],[25.9345807,45.9917546],[25.9347164,45.9915643],[25.9347945,45.9911979],[25.9347081,45.9910852],[25.9344484,45.9910496],[25.9339199,45.991188],[25.9336209,45.9905983],[25.9336362,45.9904258],[25.9342478,45.9895089],[25.9344093,45.9894237],[25.9346521,45.989501],[25.9358448,45.9883948],[25.936269,45.9881685],[25.937626,45.9864177],[25.9389142,45.9852304],[25.9394991,45.9841837],[25.9394929,45.9830909],[25.9399135,45.9815872],[25.9402722,45.9792729],[25.9408631,45.977856],[25.9411634,45.9774417],[25.9413593,45.9765534],[25.9416974,45.9758782],[25.9424742,45.9733419],[25.9429903,45.9725055],[25.9429739,45.9722412],[25.9422898,45.9717129],[25.9421711,45.9714531],[25.9424856,45.9708203],[25.9424938,45.9702445],[25.9423198,45.969935],[25.9419462,45.9695851],[25.939833,45.9682872],[25.9395735,45.9679069],[25.9395969,45.966793],[25.9398691,45.9665051],[25.9403097,45.9651104],[25.9410647,45.9641833],[25.9406156,45.9639646],[25.9405851,45.9632296],[25.9401578,45.9629092],[25.9401389,45.9624978],[25.9402614,45.9622615],[25.9401542,45.961985],[25.9396226,45.9615482],[25.9390913,45.9607669],[25.9393991,45.9604406],[25.9410153,45.959448],[25.9413224,45.9587269],[25.9408589,45.9580287],[25.9410531,45.9577457],[25.941155,45.9577115],[25.9420754,45.9580147],[25.9435603,45.9577966],[25.9440007,45.9578307],[25.944479,45.9576125],[25.9459423,45.9571968],[25.9461315,45.956981],[25.9471134,45.9566198],[25.9475195,45.9560576],[25.9475181,45.9556162],[25.9476419,45.9554304],[25.9483837,45.9554999],[25.9490753,45.9554227],[25.9499316,45.955113],[25.9514135,45.9547435],[25.9524327,45.9547981],[25.9534361,45.954983],[25.9544311,45.9553739],[25.9553079,45.9552111],[25.9573663,45.9543828],[25.9589408,45.9541469],[25.9600731,45.9541121],[25.9610347,45.9539738],[25.9615465,45.9543057],[25.9620132,45.9544698],[25.9643291,45.9549378],[25.964947,45.9547812],[25.9657081,45.9542033],[25.9661579,45.9540693],[25.9676541,45.9541995],[25.968949,45.9541675],[25.9699102,45.9540038],[25.9703458,45.9537647],[25.9705985,45.953397],[25.971872,45.9511168],[25.9720278,45.9507287],[25.9718361,45.9504365],[25.9718508,45.9502428],[25.9726843,45.9496813],[25.9727317,45.9486007],[25.9732752,45.9476336],[25.9741924,45.9466886],[25.9743711,45.9462248],[25.9745437,45.9460973],[25.9748687,45.946086],[25.9758207,45.9450735],[25.9758951,45.9448759],[25.9767463,45.9453095],[25.9772693,45.9452336],[25.9782154,45.9449061],[25.978728,45.944927],[25.9791861,45.9453011],[25.9794214,45.9460011],[25.9798498,45.9463799],[25.9799772,45.946757],[25.9801294,45.9468438],[25.9805558,45.9468024],[25.9814026,45.9462823],[25.9828909,45.9456266],[25.9839897,45.944743],[25.9854868,45.9442384],[25.9859939,45.9439694],[25.9867744,45.9437981],[25.9868297,45.9435378],[25.9866239,45.9431402],[25.9860733,45.9423296],[25.9849818,45.941234],[25.9846004,45.9411279],[25.9836427,45.9411445],[25.983035,45.9408179],[25.9822064,45.9406442],[25.9805019,45.9399655],[25.9797645,45.9398334],[25.9802823,45.9397236],[25.9810753,45.9393639],[25.9816618,45.9393162],[25.9825939,45.9389719],[25.9852602,45.9385761],[25.9859303,45.9382889],[25.9866877,45.9381276],[25.9894729,45.937891],[25.9905595,45.9376539],[25.9898978,45.9375603],[25.9888013,45.9370426],[25.988131,45.9364652],[25.9881292,45.9350312],[25.9907178,45.9342564],[25.9906593,45.9328968],[25.9910263,45.9316498],[25.9915712,45.9315868],[25.9937773,45.9318507],[25.9944316,45.9317302],[25.9977372,45.9282394],[25.9985517,45.927046],[25.9996424,45.9258938],[26.0040559,45.9246132],[26.0051924,45.9247085],[26.0085477,45.9240726],[26.007293,45.9215239],[26.0134928,45.9194735],[26.0140952,45.9201668],[26.0351853,45.9180942],[26.0467588,45.9168637],[26.0469749,45.9165015],[26.0471086,45.9156509],[26.047422,45.9150008],[26.0475042,45.9147811]]]}},{"type":"Feature","properties":{"entity_id":"osm-r14735721","jurisdiction":"RO","display_name":"MALNAȘ","display_type":"commune","admin_level":8,"tier":"local","legal_registry":"SIRUTA","legal_id":"64504","legal_type":"commune","parent_catalog_id":"osm-r2248621","osm_relation_id":14735721,"legal_identity_status":"reconciled","geometry_source":"OpenStreetMap","canonical_geometry_role":null,"geometry_scope":null,"geometry_precision":"master_coordinate_fidelity"},"geometry":{"type":"Polygon","coordinates":[[[25.7495574,45.9958439],[25.7496463,45.9958495],[25.7501121,45.9968118],[25.7505946,45.9970376],[25.7508839,45.9980754],[25.7521271,45.9987356],[25.7537646,45.9990094],[25.7542706,45.9996497],[25.7551818,46.0000583],[25.7562699,46.0004101],[25.7573286,46.0005516],[25.7583819,46.0003094],[25.7587282,46.0003071],[25.7600026,46.0006452],[25.7608006,46.001203],[25.7618344,46.0021244],[25.7623885,46.0030304],[25.763473,46.0037565],[25.7639546,46.0045516],[25.7643617,46.0057433],[25.7649566,46.0063767],[25.7649791,46.0067231],[25.7646863,46.0080308],[25.7644055,46.0082802],[25.7630031,46.0089827],[25.7631106,46.0090438],[25.7649909,46.0088704],[25.7667438,46.0091062],[25.7677166,46.008815],[25.7680098,46.0088192],[25.7693142,46.0093798],[25.7710042,46.0095664],[25.7714501,46.0096996],[25.7725067,46.0096801],[25.7735297,46.0098031],[25.7744051,46.0101685],[25.7747933,46.0106176],[25.7775181,46.0117625],[25.779225,46.0118747],[25.779976,46.0122285],[25.7801879,46.0127716],[25.7813762,46.0139022],[25.7817963,46.0140911],[25.7823206,46.0147435],[25.7834759,46.0154163],[25.7836859,46.0158172],[25.7844984,46.016746],[25.78528,46.0173719],[25.7857494,46.0179009],[25.7859434,46.0184317],[25.786141,46.0185851],[25.7859552,46.0192609],[25.7866009,46.0203209],[25.7865858,46.0211378],[25.786166,46.0222299],[25.7864043,46.0233731],[25.7876174,46.0237175],[25.7881462,46.023423],[25.7883552,46.0231307],[25.7898637,46.0230089],[25.7903884,46.0230548],[25.7907705,46.0236834],[25.7911692,46.0236064],[25.79339,46.0236034],[25.7963585,46.0237065],[25.7956913,46.0242619],[25.7952404,46.0250262],[25.7942358,46.0262214],[25.7941298,46.0275031],[25.7935946,46.0279709],[25.793431,46.0283372],[25.7929765,46.0288602],[25.7928689,46.0294117],[25.7932792,46.0301453],[25.7956861,46.0319479],[25.7955243,46.0324379],[25.7951714,46.0326075],[25.7951637,46.0326942],[25.7960693,46.0326445],[25.7968367,46.0322555],[25.7974405,46.0322328],[25.7980236,46.0320059],[25.7995308,46.0317788],[25.8006312,46.0316906],[25.8022685,46.0318586],[25.8035719,46.0316762],[25.8049394,46.0316295],[25.8058932,46.0312329],[25.806611,46.0311041],[25.8076454,46.0307502],[25.8081368,46.0305081],[25.809099,46.0302911],[25.8098943,46.0302183],[25.8105587,46.0302724],[25.8112324,46.0301331],[25.8116067,46.0301473],[25.8121223,46.0299251],[25.8125696,46.0299808],[25.8132866,46.0299169],[25.8136521,46.0300181],[25.813825,46.0299449],[25.8132429,46.0294087],[25.8153909,46.0281915],[25.8155055,46.0273628],[25.8158907,46.0268936],[25.8164812,46.0256118],[25.8163637,46.0241923],[25.8154162,46.0233373],[25.8159126,46.0226153],[25.81645,46.0226493],[25.8169936,46.0222966],[25.8175109,46.0222006],[25.8179481,46.0223865],[25.8186038,46.0222559],[25.8193575,46.0226327],[25.8195737,46.0225766],[25.8206421,46.0226235],[25.8211717,46.0225397],[25.8213684,46.0223912],[25.8213869,46.0220381],[25.8211489,46.0218341],[25.8205181,46.0207963],[25.8200138,46.0205477],[25.8197502,46.0202596],[25.8197438,46.0201589],[25.8205208,46.020145],[25.8209531,46.0200074],[25.8217043,46.0194136],[25.821762,46.019245],[25.821575,46.0188556],[25.8210176,46.018679],[25.820543,46.0183753],[25.8212022,46.0176691],[25.822294,46.0176779],[25.8227456,46.0172126],[25.8231255,46.0172141],[25.8239925,46.0175104],[25.824903,46.0174871],[25.8252553,46.0176484],[25.825514,46.0176297],[25.8259446,46.01737],[25.825892,46.0170678],[25.8271809,46.0157639],[25.8268547,46.0153043],[25.8273222,46.0146959],[25.8292534,46.0135514],[25.8299479,46.0132145],[25.8308724,46.0129175],[25.8316961,46.0119452],[25.8322663,46.0101593],[25.832631,46.0095346],[25.8339071,46.0085714],[25.8346453,46.0079314],[25.834953,46.0075257],[25.8362408,46.0069532],[25.8366527,46.0066727],[25.8368133,46.0061295],[25.8365301,46.0053583],[25.8361489,46.0052773],[25.8354288,46.0055215],[25.8353831,46.0052574],[25.8365017,46.0038584],[25.8369194,46.0027626],[25.8378153,46.0009953],[25.8383314,46.0004284],[25.83866,46.0002158],[25.838931,46.0001888],[25.8393184,46.0002866],[25.8399713,46.0000087],[25.8405007,45.9995341],[25.8408063,45.9990023],[25.8410566,45.9988114],[25.841434,45.9986322],[25.8419709,45.9986576],[25.8423601,45.9984823],[25.8423633,45.9983226],[25.8419484,45.9979853],[25.8419423,45.9975903],[25.8417434,45.9971799],[25.8423234,45.9964487],[25.8434924,45.9956926],[25.8444687,45.9967202],[25.845388,45.9972128],[25.8452483,45.9982022],[25.8453799,45.999085],[25.846121,45.9993344],[25.8466155,45.9993676],[25.8485926,45.9987456],[25.8504445,45.9984785],[25.8520569,45.997461],[25.8527797,45.9975749],[25.8537021,45.9979477],[25.8542729,45.9980318],[25.8558393,45.9986676],[25.8568205,45.9988572],[25.8577578,45.9989007],[25.8580036,45.9987712],[25.858868,45.9987623],[25.859501,45.9986272],[25.8600288,45.998756],[25.8608597,45.9986367],[25.862959,45.9979446],[25.8641635,45.9971],[25.8642375,45.9972332],[25.866223,45.9965968],[25.8680289,45.9958798],[25.8686655,45.9955233],[25.8704196,45.9948829],[25.8724339,45.9937363],[25.8735054,45.9935251],[25.8741998,45.9936653],[25.8752961,45.9936587],[25.8762552,45.9937918],[25.8770232,45.9936599],[25.877448,45.9936825],[25.8792557,45.992893],[25.8806393,45.9925963],[25.88395,45.9922624],[25.8850532,45.9923174],[25.8859464,45.9922007],[25.8873171,45.992229],[25.8907747,45.9916379],[25.8922075,45.9916974],[25.8931963,45.9918877],[25.8944129,45.9918292],[25.8965261,45.9921304],[25.8972763,45.992789],[25.8977967,45.99296],[25.898764,45.9930433],[25.8997425,45.9932606],[25.9005097,45.9937125],[25.9007662,45.9940621],[25.9010544,45.9941271],[25.9021218,45.9939635],[25.903782,45.9933784],[25.9049884,45.9938016],[25.9052935,45.9943748],[25.9058198,45.9941227],[25.9063986,45.9941226],[25.9063192,45.9944423],[25.905968,45.9947268],[25.9059347,45.9948657],[25.9067738,45.9949429],[25.9070001,45.9947731],[25.9072706,45.9947164],[25.9082549,45.9948095],[25.9089492,45.9949926],[25.9088057,45.9952319],[25.9087272,45.9955939],[25.9084915,45.9959235],[25.9084914,45.9959236],[25.9083746,45.9961515],[25.9083573,45.9965717],[25.9084966,45.9969741],[25.9085383,45.9973098],[25.9085384,45.99731],[25.9089167,45.9975927],[25.9093177,45.9992537],[25.9091512,45.9993897],[25.9092111,46.0001034],[25.9092111,46.0001035],[25.9092019,46.0002718],[25.9092882,46.0003969],[25.9092883,46.0003971],[25.9093193,46.0008171],[25.9091241,46.0014152],[25.9089343,46.0016186],[25.9087316,46.0017292],[25.9087312,46.0017297],[25.9087096,46.001881],[25.9088102,46.0021323],[25.9088403,46.0025017],[25.9086432,46.0029824],[25.9078956,46.003728],[25.9078955,46.0037281],[25.9077907,46.0039559],[25.9078093,46.0043507],[25.9078767,46.0047872],[25.9080143,46.0050888],[25.9080039,46.0059292],[25.9080039,46.0059293],[25.9079264,46.0063501],[25.9078361,46.006729],[25.9078361,46.0067291],[25.9074757,46.0075641],[25.907132,46.0079281],[25.9070025,46.0081225],[25.9068983,46.0083923],[25.9060181,46.0091473],[25.9054322,46.0094629],[25.9050842,46.0095749],[25.9039451,46.0099958],[25.903001,46.0105327],[25.9024468,46.0105874],[25.902313,46.0105045],[25.9018137,46.0101976],[25.9015249,46.0102586],[25.9012245,46.0103367],[25.9009978,46.0104813],[25.9008548,46.0105832],[25.9008795,46.0113647],[25.9008799,46.012138],[25.9009208,46.0124234],[25.901155,46.0127326],[25.9012177,46.0128833],[25.9012178,46.0128834],[25.9013166,46.0130338],[25.9012588,46.013177],[25.9005038,46.0134772],[25.900339,46.0137391],[25.900339,46.0137392],[25.9003424,46.0139492],[25.9003424,46.0139493],[25.9003806,46.0140749],[25.9004904,46.0141581],[25.9008534,46.0142058],[25.9013585,46.0141177],[25.9015385,46.0140659],[25.9015386,46.0140659],[25.9027421,46.0138967],[25.9031256,46.0137424],[25.9034989,46.0136726],[25.9041194,46.014012],[25.9045187,46.0141096],[25.9049887,46.0140723],[25.9054751,46.0139929],[25.9055392,46.0141729],[25.9055713,46.0146602],[25.9055655,46.014677],[25.90547,46.0147282],[25.9052414,46.0147848],[25.9049799,46.0150138],[25.9049274,46.0151192],[25.9049259,46.0154007],[25.9048871,46.0156068],[25.9052852,46.0163518],[25.9052245,46.0166927],[25.9051494,46.016912],[25.9049528,46.0170479],[25.9048163,46.0171834],[25.9047042,46.0173398],[25.9045951,46.0176727],[25.9048158,46.0178895],[25.9052993,46.0183185],[25.9057357,46.0184537],[25.9061642,46.0184587],[25.9066208,46.01835],[25.9069804,46.0182085],[25.9073535,46.0181593],[25.9076304,46.0181193],[25.9080204,46.0179901],[25.9081643,46.0179343],[25.9084167,46.0178945],[25.9085567,46.0179648],[25.9087649,46.0181481],[25.908992,46.01839],[25.9097596,46.0188504],[25.9099375,46.0189876],[25.9103801,46.0188035],[25.9108965,46.0186607],[25.9119099,46.0186568],[25.9123563,46.0186574],[25.9136845,46.0187225],[25.9141307,46.0190803],[25.9142051,46.0192058],[25.9142757,46.0194616],[25.9143201,46.0195874],[25.9144245,46.0197083],[25.9144981,46.0197792],[25.9148037,46.0200205],[25.9151867,46.0202924],[25.9127442,46.0207927],[25.9120179,46.0217194],[25.9102001,46.0228015],[25.909716,46.0232],[25.9072759,46.0242973],[25.90733,46.0248848],[25.9072172,46.0252363],[25.906615,46.0255402],[25.9050624,46.0266045],[25.9049567,46.027053],[25.9046864,46.0272051],[25.9027509,46.0277734],[25.9015506,46.0278983],[25.8998606,46.0279091],[25.8987012,46.0277048],[25.8982078,46.0277213],[25.8969653,46.0281743],[25.8961635,46.0286793],[25.8957239,46.0288361],[25.8955696,46.0290571],[25.8951408,46.0293183],[25.8937953,46.0291501],[25.8933674,46.0292087],[25.8920832,46.028809],[25.8916176,46.028765],[25.8904362,46.0283576],[25.8887811,46.0273398],[25.888002,46.0267344],[25.8879167,46.0262946],[25.8873673,46.0261743],[25.8872391,46.025921],[25.8867879,46.0255533],[25.8851182,46.0252357],[25.8846039,46.0248967],[25.8831576,46.0243892],[25.8817076,46.0241157],[25.880196,46.0240917],[25.8797414,46.0239681],[25.8788344,46.0241983],[25.8780056,46.0245677],[25.8772968,46.0246899],[25.8766197,46.0246186],[25.8762854,46.0246735],[25.8758113,46.0245082],[25.8738041,46.0243626],[25.8730669,46.0243786],[25.8715998,46.0247287],[25.8713169,46.0246654],[25.8710175,46.024441],[25.8705883,46.0244237],[25.8690321,46.0248139],[25.8678211,46.0248487],[25.8668704,46.024663],[25.8637065,46.0250761],[25.8624048,46.0253303],[25.8604541,46.0260061],[25.8597851,46.026324],[25.8592088,46.0267339],[25.858875,46.0271349],[25.8584833,46.0272308],[25.858423,46.027412],[25.8575368,46.0277608],[25.8570505,46.0276374],[25.8567067,46.0276497],[25.8557724,46.0280673],[25.8541893,46.0280165],[25.8533929,46.0282668],[25.8523989,46.0283089],[25.8521481,46.0284379],[25.8516583,46.0289987],[25.8512206,46.0288407],[25.8503163,46.0289305],[25.8495433,46.0288776],[25.8490853,46.0290087],[25.8484097,46.0297143],[25.8469861,46.0298177],[25.8464493,46.030066],[25.8457651,46.0301107],[25.8451581,46.0298953],[25.8446254,46.029953],[25.8440691,46.0298447],[25.8419963,46.0302078],[25.8413415,46.0301415],[25.8409989,46.0299053],[25.840245,46.0298377],[25.8398531,46.0295813],[25.8391515,46.0294553],[25.8390163,46.0293965],[25.839017,46.029086],[25.8388651,46.0289678],[25.8384578,46.0289206],[25.8376882,46.0292803],[25.8373399,46.0292179],[25.8369848,46.0289816],[25.8365653,46.0288484],[25.8359246,46.0283689],[25.8357164,46.028339],[25.8351488,46.02857],[25.8347365,46.0284683],[25.8344009,46.0282139],[25.8342342,46.0277113],[25.8338091,46.02743],[25.8330396,46.0272193],[25.8327775,46.0269473],[25.8324958,46.026869],[25.8322992,46.0264535],[25.8324054,46.0261841],[25.8322054,46.0260424],[25.832058,46.0257312],[25.8317559,46.0256322],[25.8316959,46.0253047],[25.8309483,46.0250724],[25.830383,46.0246636],[25.8275224,46.027667],[25.8259407,46.0298426],[25.8261806,46.0301723],[25.8260625,46.030526],[25.8262762,46.0307746],[25.8276772,46.0320431],[25.8282534,46.0327674],[25.8293476,46.0337197],[25.8299029,46.0343658],[25.8298892,46.0344782],[25.8291449,46.0348541],[25.8286975,46.0352093],[25.8283439,46.0362641],[25.8279302,46.0369059],[25.8284699,46.0380345],[25.8280996,46.0386169],[25.8281111,46.038794],[25.8290517,46.0391529],[25.8291786,46.0394301],[25.8289918,46.0396815],[25.8288662,46.0406724],[25.8286972,46.0410957],[25.8276539,46.0412477],[25.8273087,46.0418202],[25.8282802,46.0436314],[25.8282711,46.0441777],[25.8276453,46.0455846],[25.827247,46.0474283],[25.8264096,46.0481536],[25.8260089,46.0487214],[25.8255291,46.0503066],[25.8255524,46.0510612],[25.8257312,46.0517425],[25.8256605,46.0523174],[25.8254497,46.052717],[25.8235314,46.0528523],[25.8234667,46.0527469],[25.8200784,46.0543202],[25.8195196,46.0544717],[25.8185209,46.0545848],[25.8184788,46.0547399],[25.8164734,46.0546706],[25.8145796,46.0537219],[25.8133221,46.0528304],[25.8116966,46.0522881],[25.8110465,46.0522029],[25.8086477,46.0522725],[25.8076832,46.0525671],[25.8064674,46.0526933],[25.8032445,46.0538546],[25.8017442,46.0542921],[25.7998928,46.0553385],[25.7982325,46.0573242],[25.7961018,46.0584344],[25.7956961,46.058035],[25.7949106,46.0559488],[25.7945524,46.0554531],[25.7944321,46.0544978],[25.7940591,46.0535907],[25.7938635,46.0532796],[25.7930711,46.0528735],[25.7928313,46.052572],[25.7929708,46.050829],[25.7920033,46.0496723],[25.7912348,46.0496961],[25.7902726,46.0501545],[25.7897767,46.0502848],[25.7898144,46.0504331],[25.7896516,46.0505456],[25.7893582,46.0505383],[25.7889743,46.0507297],[25.788796,46.0506938],[25.7887542,46.0508798],[25.7882705,46.0509295],[25.7879945,46.0512068],[25.7873117,46.0513136],[25.7870305,46.0515414],[25.7869316,46.0514616],[25.7868352,46.0515582],[25.786719,46.0515095],[25.786529,46.0515851],[25.7854176,46.0512493],[25.7847329,46.051223],[25.7843211,46.0510123],[25.7839505,46.0512005],[25.782684,46.051203],[25.7824274,46.0512883],[25.7823288,46.0512271],[25.7816312,46.0515444],[25.7802951,46.0516556],[25.7798001,46.0518508],[25.7797356,46.0523216],[25.7788102,46.0528787],[25.7785489,46.0526267],[25.7782235,46.0525516],[25.7780316,46.0521785],[25.7771829,46.0518717],[25.7765714,46.0513592],[25.7759227,46.0513667],[25.7750226,46.0515151],[25.7744724,46.0512558],[25.7742425,46.0510191],[25.7735966,46.0509152],[25.7735066,46.0508323],[25.7736152,46.0506551],[25.7730865,46.0503431],[25.7722745,46.0488325],[25.7708935,46.047307],[25.7702493,46.0469958],[25.7686896,46.0466721],[25.7689506,46.0462743],[25.7690067,46.0458284],[25.7691288,46.0456604],[25.7695632,46.0455895],[25.770225,46.0452446],[25.7703735,46.0450642],[25.7703357,46.0448973],[25.7709542,46.0446395],[25.7716758,46.0441333],[25.7717265,46.0439411],[25.7725466,46.0434839],[25.7729508,46.0431593],[25.7731844,46.042706],[25.773413,46.0425312],[25.7738113,46.0424171],[25.7745165,46.0420039],[25.7749113,46.0416423],[25.7757803,46.0415126],[25.7774055,46.0408085],[25.7776071,46.0406091],[25.7776637,46.0402065],[25.7775232,46.0396938],[25.7777119,46.0392098],[25.7782175,46.0391445],[25.7786368,46.0386342],[25.7786956,46.0383863],[25.7790129,46.0382046],[25.779134,46.0379687],[25.7806277,46.0374015],[25.7806883,46.0372897],[25.7803743,46.0370753],[25.7805219,46.0368329],[25.7811222,46.0365503],[25.7813848,46.0362701],[25.781981,46.0363341],[25.7821306,46.036234],[25.7822508,46.0359362],[25.7824361,46.0358421],[25.7825813,46.0354265],[25.7824289,46.0353347],[25.7821029,46.0355287],[25.7817658,46.035562],[25.7820185,46.0352137],[25.782336,46.0350445],[25.7821654,46.0349157],[25.782243,46.034748],[25.78269,46.034318],[25.7824312,46.0336019],[25.7820451,46.0333199],[25.7820242,46.0330972],[25.7829978,46.0328307],[25.7841954,46.0326987],[25.7838176,46.0323733],[25.7843022,46.0320853],[25.7843618,46.0318993],[25.7842546,46.0312316],[25.7838751,46.0307825],[25.7843173,46.0300121],[25.7838966,46.0297922],[25.7840488,46.0292404],[25.7839747,46.0290305],[25.783656,46.029107],[25.7831719,46.0288008],[25.782897,46.0282086],[25.7815837,46.0270542],[25.7810117,46.0268106],[25.779107,46.0265636],[25.7781123,46.0265828],[25.775098,46.0270241],[25.7749022,46.0270006],[25.7742382,46.0265286],[25.770112,46.0275095],[25.7686611,46.0279524],[25.7669521,46.0277164],[25.7655597,46.027243],[25.7644488,46.0265697],[25.7641406,46.0261262],[25.764038,46.0251244],[25.7642055,46.0230935],[25.7639635,46.0222906],[25.7638424,46.0212394],[25.7639674,46.0200009],[25.7637666,46.0196062],[25.7632106,46.0192262],[25.7630267,46.0187695],[25.7623934,46.0179321],[25.761673,46.017219],[25.7605253,46.0164346],[25.7600816,46.0164623],[25.7590216,46.0168901],[25.7584581,46.0172528],[25.7573549,46.0184235],[25.7570086,46.0190818],[25.7562738,46.0199159],[25.7560383,46.0208828],[25.7538363,46.0209592],[25.7531633,46.0211122],[25.7534181,46.0215561],[25.7535322,46.0221123],[25.7534995,46.0223229],[25.7530782,46.022697],[25.7533707,46.0233015],[25.7536908,46.0233242],[25.7539099,46.0237559],[25.7537261,46.0239613],[25.7532405,46.0241811],[25.7531986,46.0243671],[25.7526223,46.0244513],[25.751618,46.0244146],[25.7508752,46.025323],[25.7503894,46.0255304],[25.7503935,46.0258336],[25.7501552,46.0259527],[25.7495665,46.0257709],[25.7485898,46.0258145],[25.7483304,46.02568],[25.7480414,46.0253292],[25.7472599,46.0253467],[25.7466304,46.0254436],[25.7465382,46.0258526],[25.7460268,46.0261406],[25.7449263,46.0262221],[25.7446086,46.0263789],[25.74366,46.0265212],[25.7427748,46.0254316],[25.7428726,46.024775],[25.7432747,46.0242897],[25.7434114,46.0238803],[25.7433242,46.0226804],[25.7430148,46.0221254],[25.7423306,46.0214491],[25.7416845,46.0209583],[25.740951,46.0205793],[25.7400604,46.0204057],[25.7392038,46.0201142],[25.7387554,46.0198014],[25.7385184,46.019345],[25.7378082,46.018706],[25.7368954,46.0181983],[25.737258,46.01741],[25.7366637,46.0174695],[25.7356849,46.0159968],[25.7355274,46.015509],[25.733534,46.0152185],[25.7316135,46.0150668],[25.7309974,46.0148232],[25.7302423,46.0148157],[25.730169,46.0146429],[25.729955,46.0145824],[25.7295573,46.0147272],[25.7293001,46.0140853],[25.7294357,46.0129148],[25.7283193,46.0124393],[25.7279418,46.0121013],[25.7276608,46.0116637],[25.727595,46.0113918],[25.7281496,46.011017],[25.7297411,46.0104685],[25.7312105,46.0101638],[25.7314973,46.0099622],[25.7312965,46.0088743],[25.7313687,46.0076176],[25.7315448,46.0068305],[25.7322755,46.0049941],[25.7321721,46.0045616],[25.7311725,46.0035097],[25.7305921,46.0025914],[25.7293531,46.0015596],[25.7288131,46.0003316],[25.7285217,45.999102],[25.7282915,45.9991529],[25.7279062,45.9995638],[25.7275958,45.9995967],[25.7277428,45.9979435],[25.7276933,45.9975477],[25.7274931,45.9971839],[25.7276067,45.9970408],[25.7277483,45.997009],[25.7285027,45.9969795],[25.7290199,45.9971494],[25.7297271,45.9975905],[25.7313039,45.9979826],[25.7322498,45.9983355],[25.7342313,45.9984466],[25.735246,45.9986319],[25.7356932,45.9968653],[25.7372589,45.996422],[25.739217,45.9961062],[25.7405743,45.9966853],[25.7412689,45.9974976],[25.7421213,45.9981666],[25.7431044,45.9999673],[25.7432805,46.00052],[25.743223,46.0012011],[25.7428696,46.0016675],[25.7428223,46.0021134],[25.7418788,46.0026084],[25.7415328,46.0029665],[25.7411272,46.0035137],[25.7409492,46.0041461],[25.7405496,46.004817],[25.740875,46.0062444],[25.7407187,46.0071706],[25.7428864,46.0069028],[25.7457323,46.0058818],[25.7468652,46.0056021],[25.7498066,46.0050877],[25.7512637,46.0051401],[25.7519902,46.0050115],[25.7520935,46.0047757],[25.7502696,46.0032096],[25.7495012,46.0028619],[25.7491322,46.002493],[25.748353,46.0013409],[25.7474788,45.9997253],[25.7469417,45.999407],[25.746507,45.9987786],[25.7451502,45.9982429],[25.7450768,45.9980701],[25.7451807,45.9978714],[25.7454454,45.9977459],[25.7464728,45.9975535],[25.7494686,45.9958383],[25.7495574,45.9958439]]]}},{"type":"Feature","properties":{"entity_id":"osm-r14735722","jurisdiction":"RO","display_name":"MICFALĂU","display_type":"commune","admin_level":8,"tier":"local","legal_registry":"SIRUTA","legal_id":"65139","legal_type":"commune","parent_catalog_id":"osm-r2248621","osm_relation_id":14735722,"legal_identity_status":"reconciled","geometry_source":"OpenStreetMap","canonical_geometry_role":null,"geometry_scope":null,"geometry_precision":"master_coordinate_fidelity"},"geometry":{"type":"Polygon","coordinates":[[[25.9151867,46.0202924],[25.9154668,46.0204499],[25.9158018,46.0210103],[25.9158686,46.0214048],[25.9159991,46.0227317],[25.9158251,46.0238846],[25.9154898,46.0245084],[25.9151689,46.026828],[25.9138544,46.0286826],[25.9134085,46.029887],[25.913359,46.0308362],[25.9130933,46.0320834],[25.9133483,46.0333376],[25.9132092,46.0345918],[25.9134096,46.0347897],[25.9147906,46.0349901],[25.9156352,46.0352088],[25.9157376,46.0353788],[25.9156713,46.0359128],[25.9162444,46.0361334],[25.917105,46.0362581],[25.9175148,46.0364063],[25.9191409,46.0376239],[25.9196542,46.0383417],[25.9202248,46.0389087],[25.9206552,46.0391219],[25.9208891,46.0393974],[25.9209641,46.0395481],[25.9213615,46.0398601],[25.9218185,46.0401295],[25.922219,46.0406264],[25.9222762,46.0407982],[25.9222762,46.0407983],[25.9222972,46.0409746],[25.9223515,46.0413355],[25.9225706,46.0418128],[25.9225707,46.0418129],[25.9225741,46.0420187],[25.9225882,46.0421405],[25.9227514,46.0425216],[25.9228232,46.0428446],[25.922827,46.0430715],[25.9228545,46.0432772],[25.9227628,46.0439293],[25.9227323,46.0442742],[25.9226707,46.0445604],[25.9226401,46.0448968],[25.9226914,46.0450814],[25.9228585,46.0453321],[25.9228586,46.0453322],[25.9231061,46.0457],[25.923638,46.0464773],[25.923638,46.0464774],[25.9236837,46.0466828],[25.9236564,46.0468554],[25.9236219,46.0469608],[25.9234932,46.0472055],[25.9233989,46.0473408],[25.9233964,46.0479123],[25.923479,46.0481596],[25.923526,46.0484492],[25.9235374,46.0487684],[25.9234629,46.0490044],[25.9234586,46.0491095],[25.9234309,46.049261],[25.9234122,46.0495889],[25.9234122,46.049589],[25.9233256,46.049825],[25.9232189,46.0499393],[25.922902,46.0501226],[25.9226767,46.0503597],[25.9226023,46.050604],[25.9226023,46.0506041],[25.9226228,46.050751],[25.9226201,46.0509527],[25.9226347,46.0511039],[25.9227358,46.0513762],[25.9228164,46.0515058],[25.9234602,46.05211],[25.9236752,46.0523311],[25.9237142,46.0528602],[25.9238023,46.053078],[25.9238523,46.0531785],[25.9239796,46.0535725],[25.9240552,46.0541266],[25.9240395,46.0542738],[25.9239757,46.0544256],[25.9239289,46.0545184],[25.9238521,46.0546157],[25.9237512,46.0547216],[25.9236684,46.0548189],[25.9236683,46.0548189],[25.9235154,46.0550597],[25.9229413,46.0557409],[25.9224761,46.0564465],[25.9223647,46.0566406],[25.9222521,46.0567677],[25.9221698,46.0568942],[25.9217134,46.0570409],[25.9212751,46.0571789],[25.9208239,46.057275],[25.9202918,46.0575861],[25.9201608,46.0576922],[25.9197063,46.057948],[25.9195626,46.0580206],[25.9189121,46.0584713],[25.9186145,46.0587216],[25.9182879,46.0590478],[25.9182878,46.0590478],[25.9180204,46.0592979],[25.9180203,46.0592979],[25.9179261,46.0594374],[25.9178569,46.0596354],[25.9177658,46.0599681],[25.9177675,46.0600689],[25.9177675,46.060069],[25.9177808,46.0601445],[25.9177478,46.0603381],[25.9176786,46.0605277],[25.9176787,46.060528],[25.9177352,46.060666],[25.9177667,46.0607497],[25.9177442,46.0608466],[25.9176503,46.0610113],[25.9175678,46.0611338],[25.9174552,46.0612565],[25.9174027,46.0613662],[25.9174026,46.0613663],[25.9173457,46.0615726],[25.9173296,46.0616946],[25.917332,46.0618375],[25.9173523,46.0619718],[25.9173719,46.0620558],[25.9174334,46.0621267],[25.9177336,46.0623974],[25.9181495,46.0630916],[25.9185671,46.0635169],[25.9185672,46.063517],[25.9189392,46.0637409],[25.9191395,46.0638149],[25.9191396,46.0638149],[25.9193526,46.0639183],[25.919493,46.0640138],[25.9195729,46.0640972],[25.9197503,46.0642428],[25.9198,46.0643223],[25.9198436,46.064406],[25.919908,46.0646367],[25.9202425,46.0647936],[25.9204004,46.0648512],[25.9216532,46.0650386],[25.9224165,46.0651922],[25.9225387,46.0652796],[25.9225902,46.0654724],[25.9226282,46.0655856],[25.922612,46.0656908],[25.9226799,46.0657869],[25.9227553,46.0659627],[25.9232835,46.0665089],[25.9232835,46.0665092],[25.9232363,46.066753],[25.9227057,46.0669885],[25.9222111,46.0669966],[25.9215288,46.0669895],[25.9212896,46.067147],[25.9210531,46.0671069],[25.9204347,46.0672799],[25.9202727,46.0673484],[25.9193839,46.0672673],[25.9187052,46.0674703],[25.9163337,46.0679137],[25.9154405,46.0679293],[25.914565,46.0679363],[25.9137356,46.0681572],[25.9124476,46.0683987],[25.9120151,46.0685281],[25.9101669,46.0692237],[25.9083235,46.0694779],[25.9074389,46.0696614],[25.9066323,46.0697938],[25.9061178,46.0697307],[25.905581,46.0697601],[25.9053284,46.069821],[25.904449,46.0699498],[25.9040697,46.0700158],[25.9025947,46.0706452],[25.9009819,46.0709689],[25.9009818,46.0709689],[25.8994186,46.0710064],[25.8978985,46.0707158],[25.8948211,46.0704583],[25.8944954,46.0704735],[25.893221,46.0708154],[25.8919511,46.0707034],[25.8912819,46.0707633],[25.8895525,46.0709785],[25.8890255,46.0712516],[25.8885919,46.0716962],[25.8870523,46.0724477],[25.8866674,46.0725389],[25.8852066,46.0725544],[25.8851168,46.0726225],[25.8848222,46.0730657],[25.8841081,46.0733573],[25.8840138,46.0734966],[25.8823025,46.0744486],[25.8812748,46.0747501],[25.8805975,46.0747664],[25.8800035,46.074888],[25.8783451,46.0757461],[25.877175,46.0757046],[25.8762036,46.0760302],[25.8752633,46.0761687],[25.874749,46.0759202],[25.8746322,46.0755033],[25.8737693,46.0750398],[25.8734974,46.0751938],[25.8728491,46.0752439],[25.8720756,46.0755732],[25.8703707,46.0759645],[25.8691154,46.0760577],[25.8689259,46.0762391],[25.8687434,46.0762738],[25.8675942,46.0763697],[25.8672135,46.0762339],[25.8667818,46.0763683],[25.8664975,46.0766078],[25.8663524,46.0765429],[25.865464,46.0766947],[25.8649926,46.0765119],[25.8649255,46.0768235],[25.8646295,46.0768046],[25.8639374,46.0771474],[25.8636763,46.0771757],[25.863375,46.0775418],[25.8632117,46.0775763],[25.8625603,46.0781006],[25.862616,46.0785115],[25.8623416,46.0786612],[25.8623735,46.0790378],[25.8625439,46.0792738],[25.8623934,46.0793435],[25.8623835,46.0799236],[25.8622335,46.0800302],[25.8623112,46.0801509],[25.862058,46.0802274],[25.86211,46.0804036],[25.861777,46.0804352],[25.8618248,46.0805851],[25.8616008,46.0805657],[25.8612132,46.0807452],[25.8612313,46.0809402],[25.8609339,46.0808291],[25.8606976,46.0808851],[25.860631,46.0809885],[25.8603917,46.0809613],[25.8603774,46.0812567],[25.8602086,46.0813713],[25.8602906,46.0815289],[25.8598606,46.0816692],[25.8594048,46.0811761],[25.8591658,46.0811621],[25.8591829,46.0810406],[25.8585671,46.0811771],[25.8584343,46.0809223],[25.8582361,46.0808553],[25.8582986,46.0807309],[25.8575373,46.0808679],[25.8574445,46.0807526],[25.8572054,46.0807359],[25.8568454,46.080496],[25.8569706,46.0802578],[25.8563314,46.0804778],[25.8561399,46.0803474],[25.8555516,46.0803017],[25.8553864,46.0799153],[25.8551866,46.0797428],[25.8546766,46.0798547],[25.854492,46.0796847],[25.8542917,46.0798807],[25.8542219,46.0797784],[25.8535418,46.0796807],[25.8532807,46.0794664],[25.8529439,46.0795032],[25.8528441,46.0796648],[25.8527,46.0796632],[25.852545,46.0795449],[25.8524611,46.0790182],[25.85211,46.0788679],[25.8519438,46.078906],[25.8518268,46.0791864],[25.8513987,46.0792001],[25.8513381,46.0787075],[25.8510065,46.0786143],[25.8508485,46.0784467],[25.8506172,46.0784458],[25.8505383,46.0782434],[25.8501813,46.0781959],[25.8501996,46.0779084],[25.8497756,46.0777889],[25.8496862,46.0776472],[25.8491934,46.0774004],[25.8485937,46.0773442],[25.8484357,46.0774271],[25.8483504,46.0772959],[25.8482031,46.0773366],[25.8479877,46.0772155],[25.8480622,46.0768828],[25.8478868,46.0768208],[25.8478685,46.07661],[25.8476766,46.0764532],[25.8473499,46.0764082],[25.8474493,46.0762609],[25.8473414,46.0761404],[25.8474536,46.0760446],[25.8472744,46.0759774],[25.8473598,46.0758581],[25.8472658,46.0754159],[25.8467323,46.0752846],[25.8463117,46.0755408],[25.8462185,46.075146],[25.8451441,46.0746885],[25.8448552,46.074137],[25.8442765,46.0739699],[25.8443573,46.0737979],[25.8442472,46.0737882],[25.844049,46.0739636],[25.8436956,46.0739082],[25.8435558,46.0741861],[25.8430973,46.0739469],[25.8431027,46.073554],[25.8426649,46.0732151],[25.8425785,46.0730154],[25.8423649,46.0729247],[25.8425394,46.0726861],[25.8425449,46.0724464],[25.8417227,46.0720148],[25.8417838,46.0718226],[25.840848,46.0719805],[25.8406383,46.0718379],[25.8400675,46.0717261],[25.8393607,46.0717216],[25.8389552,46.0715463],[25.8386163,46.0717071],[25.8384283,46.0715056],[25.8368361,46.0713531],[25.8366334,46.071117],[25.8362935,46.0712234],[25.8355659,46.0710803],[25.8353538,46.071166],[25.8349955,46.0709855],[25.8341058,46.0709475],[25.8337224,46.0707365],[25.8329727,46.070549],[25.8326147,46.0708634],[25.8322025,46.0708862],[25.8318375,46.0707354],[25.8315731,46.0711233],[25.8311629,46.0712796],[25.8311027,46.0715324],[25.8306102,46.0718474],[25.8304871,46.0719534],[25.8303364,46.0717675],[25.8287517,46.0699678],[25.827932,46.0688475],[25.8271877,46.0675249],[25.8268582,46.0660733],[25.8259892,46.064075],[25.8257069,46.0625516],[25.8251795,46.0615888],[25.8240106,46.0602599],[25.8233639,46.0599403],[25.8223809,46.0588464],[25.821313,46.0580007],[25.8209639,46.0573532],[25.8202358,46.0565901],[25.8197222,46.055459],[25.8193656,46.0550203],[25.8184788,46.0547399],[25.8185209,46.0545848],[25.8195196,46.0544717],[25.8200784,46.0543202],[25.8234667,46.0527469],[25.8235314,46.0528523],[25.8254497,46.052717],[25.8256605,46.0523174],[25.8257312,46.0517425],[25.8255524,46.0510612],[25.8255291,46.0503066],[25.8260089,46.0487214],[25.8264096,46.0481536],[25.827247,46.0474283],[25.8276453,46.0455846],[25.8282711,46.0441777],[25.8282802,46.0436314],[25.8273087,46.0418202],[25.8276539,46.0412477],[25.8286972,46.0410957],[25.8288662,46.0406724],[25.8289918,46.0396815],[25.8291786,46.0394301],[25.8290517,46.0391529],[25.8281111,46.038794],[25.8280996,46.0386169],[25.8284699,46.0380345],[25.8279302,46.0369059],[25.8283439,46.0362641],[25.8286975,46.0352093],[25.8291449,46.0348541],[25.8298892,46.0344782],[25.8299029,46.0343658],[25.8293476,46.0337197],[25.8282534,46.0327674],[25.8276772,46.0320431],[25.8262762,46.0307746],[25.8260625,46.030526],[25.8261806,46.0301723],[25.8259407,46.0298426],[25.8275224,46.027667],[25.830383,46.0246636],[25.8309483,46.0250724],[25.8316959,46.0253047],[25.8317559,46.0256322],[25.832058,46.0257312],[25.8322054,46.0260424],[25.8324054,46.0261841],[25.8322992,46.0264535],[25.8324958,46.026869],[25.8327775,46.0269473],[25.8330396,46.0272193],[25.8338091,46.02743],[25.8342342,46.0277113],[25.8344009,46.0282139],[25.8347365,46.0284683],[25.8351488,46.02857],[25.8357164,46.028339],[25.8359246,46.0283689],[25.8365653,46.0288484],[25.8369848,46.0289816],[25.8373399,46.0292179],[25.8376882,46.0292803],[25.8384578,46.0289206],[25.8388651,46.0289678],[25.839017,46.029086],[25.8390163,46.0293965],[25.8391515,46.0294553],[25.8398531,46.0295813],[25.840245,46.0298377],[25.8409989,46.0299053],[25.8413415,46.0301415],[25.8419963,46.0302078],[25.8440691,46.0298447],[25.8446254,46.029953],[25.8451581,46.0298953],[25.8457651,46.0301107],[25.8464493,46.030066],[25.8469861,46.0298177],[25.8484097,46.0297143],[25.8490853,46.0290087],[25.8495433,46.0288776],[25.8503163,46.0289305],[25.8512206,46.0288407],[25.8516583,46.0289987],[25.8521481,46.0284379],[25.8523989,46.0283089],[25.8533929,46.0282668],[25.8541893,46.0280165],[25.8557724,46.0280673],[25.8567067,46.0276497],[25.8570505,46.0276374],[25.8575368,46.0277608],[25.858423,46.027412],[25.8584833,46.0272308],[25.858875,46.0271349],[25.8592088,46.0267339],[25.8597851,46.026324],[25.8604541,46.0260061],[25.8624048,46.0253303],[25.8637065,46.0250761],[25.8668704,46.024663],[25.8678211,46.0248487],[25.8690321,46.0248139],[25.8705883,46.0244237],[25.8710175,46.024441],[25.8713169,46.0246654],[25.8715998,46.0247287],[25.8730669,46.0243786],[25.8738041,46.0243626],[25.8758113,46.0245082],[25.8762854,46.0246735],[25.8766197,46.0246186],[25.8772968,46.0246899],[25.8780056,46.0245677],[25.8788344,46.0241983],[25.8797414,46.0239681],[25.880196,46.0240917],[25.8817076,46.0241157],[25.8831576,46.0243892],[25.8846039,46.0248967],[25.8851182,46.0252357],[25.8867879,46.0255533],[25.8872391,46.025921],[25.8873673,46.0261743],[25.8879167,46.0262946],[25.888002,46.0267344],[25.8887811,46.0273398],[25.8904362,46.0283576],[25.8916176,46.028765],[25.8920832,46.028809],[25.8933674,46.0292087],[25.8937953,46.0291501],[25.8951408,46.0293183],[25.8955696,46.0290571],[25.8957239,46.0288361],[25.8961635,46.0286793],[25.8969653,46.0281743],[25.8982078,46.0277213],[25.8987012,46.0277048],[25.8998606,46.0279091],[25.9015506,46.0278983],[25.9027509,46.0277734],[25.9046864,46.0272051],[25.9049567,46.027053],[25.9050624,46.0266045],[25.906615,46.0255402],[25.9072172,46.0252363],[25.90733,46.0248848],[25.9072759,46.0242973],[25.909716,46.0232],[25.9102001,46.0228015],[25.9120179,46.0217194],[25.9127442,46.0207927],[25.9151867,46.0202924]]]}},{"type":"Feature","properties":{"entity_id":"osm-r14735723","jurisdiction":"RO","display_name":"POIAN","display_type":"commune","admin_level":8,"tier":"local","legal_registry":"SIRUTA","legal_id":"64719","legal_type":"commune","parent_catalog_id":"osm-r2248621","osm_relation_id":14735723,"legal_identity_status":"reconciled","geometry_source":"OpenStreetMap","canonical_geometry_role":null,"geometry_scope":null,"geometry_precision":"master_coordinate_fidelity"},"geometry":{"type":"Polygon","coordinates":[[[26.2050349,46.0432159],[26.206074,46.0439944],[26.2070338,46.0453663],[26.207354,46.0460862],[26.2086513,46.0514338],[26.2087869,46.0516509],[26.2092319,46.051965],[26.2113783,46.0532128],[26.2105798,46.0549836],[26.2102659,46.0547764],[26.2101401,46.0548632],[26.1985008,46.063367],[26.1988201,46.0636447],[26.1999288,46.0642502],[26.2001465,46.0643875],[26.2007996,46.0647996],[26.1979029,46.065001],[26.1952252,46.0668093],[26.1993994,46.0702966],[26.2027,46.0775129],[26.2027823,46.0775062],[26.2028311,46.0777103],[26.2031855,46.0776757],[26.2033202,46.0797905],[26.1985889,46.079932],[26.1998197,46.0804568],[26.1995386,46.080966],[26.1997508,46.0812137],[26.1998836,46.0813108],[26.2005388,46.0813948],[26.2007099,46.0815066],[26.2006425,46.0828792],[26.1987707,46.0827129],[26.1992819,46.0864356],[26.1979646,46.086214],[26.1954135,46.0896968],[26.1948555,46.0894094],[26.1925674,46.0892868],[26.1904314,46.0906887],[26.1914978,46.0907881],[26.1911779,46.0940815],[26.1900189,46.093529],[26.1893246,46.0925458],[26.1888816,46.0916381],[26.1859186,46.0935875],[26.1843593,46.0915262],[26.1808697,46.0933894],[26.1804796,46.0937612],[26.1802205,46.0943168],[26.1791316,46.094925],[26.1790117,46.0956551],[26.1786914,46.0958846],[26.1786943,46.0960228],[26.1783548,46.096196],[26.1776501,46.0970316],[26.1773155,46.0981364],[26.1761238,46.0997089],[26.1742973,46.1004392],[26.1743077,46.1009276],[26.1727258,46.1013916],[26.1704021,46.1016515],[26.1698685,46.1018768],[26.1660577,46.1026648],[26.1659919,46.1034308],[26.1661248,46.1036248],[26.1661889,46.1044465],[26.1676148,46.1054579],[26.1681056,46.1059739],[26.1682417,46.1063227],[26.1683792,46.1078438],[26.1694082,46.1100072],[26.1706087,46.1103124],[26.171451,46.1108412],[26.1718906,46.1122534],[26.1719509,46.1128878],[26.1713257,46.1132199],[26.1712256,46.1134652],[26.1713254,46.1148646],[26.1703476,46.1156806],[26.1698357,46.1158324],[26.1687118,46.1163894],[26.1684381,46.1167342],[26.1685672,46.1173028],[26.1692315,46.1177112],[26.1693194,46.1179953],[26.1692895,46.1187935],[26.1691245,46.1193],[26.168667,46.1198095],[26.1686513,46.120176],[26.1687866,46.120484],[26.1696632,46.1209636],[26.1697158,46.1212399],[26.1696826,46.1218834],[26.1695153,46.122276],[26.1687903,46.1228777],[26.1686459,46.1232456],[26.1689895,46.1234375],[26.1695786,46.1236106],[26.1703416,46.1237005],[26.1705433,46.1238287],[26.1709037,46.1248102],[26.1708934,46.1254291],[26.1707159,46.125895],[26.1701439,46.1265359],[26.170109,46.127098],[26.1708548,46.1274812],[26.1712608,46.1278516],[26.1714146,46.1284769],[26.1715945,46.1286786],[26.1723531,46.1291105],[26.1729528,46.1292265],[26.1732611,46.1294106],[26.1733448,46.1300448],[26.1728528,46.1311409],[26.1731481,46.1318136],[26.1733269,46.1319583],[26.1733959,46.1324543],[26.1727691,46.1338204],[26.1732709,46.1353948],[26.17321,46.1358351],[26.1733228,46.1367377],[26.1737468,46.1374009],[26.1737562,46.1383941],[26.1735124,46.139048],[26.1738871,46.1390442],[26.1744688,46.1397816],[26.1752677,46.1401401],[26.1765019,46.1402955],[26.177504,46.1398726],[26.1781285,46.1392703],[26.180093,46.1406863],[26.1805576,46.141858],[26.1806047,46.143034],[26.1803953,46.1435251],[26.1807602,46.1451715],[26.1826666,46.1459158],[26.1845308,46.1446895],[26.1849047,46.1447009],[26.1849181,46.1453272],[26.1855046,46.1460239],[26.1867964,46.1457814],[26.1869748,46.1459017],[26.1885532,46.145702],[26.1887537,46.1458222],[26.1897417,46.1457661],[26.1902275,46.145868],[26.1909707,46.1456769],[26.1910902,46.1461187],[26.1916203,46.1462355],[26.1947807,46.1460039],[26.1925565,46.1468369],[26.1907744,46.1477875],[26.1903345,46.1477768],[26.1870381,46.14885],[26.1863633,46.1491625],[26.1842605,46.1505442],[26.1844678,46.1509851],[26.1852935,46.1515572],[26.1854905,46.1525705],[26.1848053,46.1552205],[26.1839131,46.1568735],[26.1829743,46.1606865],[26.1825839,46.1617918],[26.1823603,46.1620878],[26.1830811,46.1625029],[26.1835513,46.1626424],[26.1847496,46.1628413],[26.1860273,46.1632866],[26.1867011,46.1633405],[26.185842,46.1644397],[26.1870486,46.1658242],[26.1883025,46.1682644],[26.189383,46.1688027],[26.1899772,46.1678456],[26.1910643,46.1672814],[26.1924898,46.1668163],[26.1936348,46.1662743],[26.1957558,46.1660005],[26.1983914,46.1653831],[26.200996,46.1651482],[26.20187,46.164855],[26.2024284,46.1645106],[26.2029444,46.1636586],[26.2031709,46.1628698],[26.2044394,46.1637303],[26.2050798,46.1646192],[26.2051563,46.1652465],[26.2049818,46.1655323],[26.2048514,46.1664021],[26.2032408,46.1661854],[26.2031317,46.1662303],[26.2026647,46.1686052],[26.2038326,46.1688168],[26.2036799,46.1690259],[26.2040734,46.1694095],[26.2040954,46.1696987],[26.2040407,46.1698549],[26.2035665,46.1699678],[26.203473,46.1700991],[26.2041223,46.1706504],[26.2045399,46.170393],[26.2051416,46.1707252],[26.2061082,46.1718202],[26.2063027,46.1723912],[26.2046452,46.1722991],[26.2035781,46.1740454],[26.202812,46.1744573],[26.2022758,46.1745526],[26.2020922,46.1746892],[26.2019825,46.1745956],[26.2010003,46.1746458],[26.2010505,46.1753034],[26.2007102,46.1753452],[26.2002493,46.1758111],[26.1997485,46.175642],[26.1992237,46.175705],[26.1990809,46.1755317],[26.1977311,46.1753918],[26.1974473,46.1754293],[26.1956684,46.1738341],[26.194403,46.174135],[26.1951065,46.1746928],[26.1945371,46.1750326],[26.1952501,46.1755793],[26.1935068,46.1762715],[26.1929219,46.1759225],[26.1923249,46.1762197],[26.1926394,46.1771143],[26.1946219,46.1768876],[26.1961381,46.1763566],[26.198028,46.1759659],[26.1996739,46.1759487],[26.2004968,46.1762801],[26.2012719,46.1764574],[26.2024563,46.1763625],[26.2039045,46.1761206],[26.2046772,46.1757137],[26.2049441,46.1758779],[26.2056752,46.1758065],[26.2063665,46.1754851],[26.2065568,46.1752843],[26.2073005,46.1750061],[26.2077105,46.1751688],[26.2077969,46.1753259],[26.2083876,46.1754846],[26.2087609,46.1753569],[26.2091438,46.1753666],[26.2092389,46.175494],[26.2091492,46.1756141],[26.2093231,46.1757223],[26.2105987,46.175811],[26.2111952,46.1757474],[26.2117434,46.1758276],[26.213111,46.1756699],[26.213985,46.176033],[26.2161377,46.1764112],[26.2166326,46.1764131],[26.2165929,46.1750815],[26.2142606,46.1749701],[26.2131789,46.1750031],[26.2120673,46.1750865],[26.2111974,46.175375],[26.2108281,46.1749922],[26.2098084,46.1749303],[26.2098987,46.174674],[26.2097338,46.1744426],[26.2095573,46.1735878],[26.2093506,46.1735542],[26.2092227,46.1734227],[26.2090247,46.1734503],[26.2089183,46.1732931],[26.2090813,46.1733475],[26.2093352,46.1731865],[26.2091185,46.1730304],[26.209332,46.1727062],[26.2090712,46.1725506],[26.2093297,46.1725989],[26.2094451,46.1721583],[26.2094059,46.1720463],[26.2090726,46.1719426],[26.2089808,46.17178],[26.2090054,46.1715601],[26.2091773,46.171686],[26.2092109,46.1715375],[26.2085413,46.1715241],[26.2087588,46.1713787],[26.2086257,46.1713495],[26.2086889,46.1712109],[26.2095974,46.1713903],[26.2098299,46.1715973],[26.2099319,46.1718875],[26.2103629,46.1720924],[26.2109691,46.1722342],[26.2121431,46.1721093],[26.2140496,46.1721862],[26.2143392,46.1723109],[26.2144165,46.1724838],[26.2142707,46.1732109],[26.2165812,46.173263],[26.2179568,46.1736111],[26.2193488,46.1736985],[26.219643,46.1737005],[26.2206675,46.1734276],[26.2207413,46.1751809],[26.2211335,46.1754691],[26.2214447,46.1768545],[26.2233117,46.1772244],[26.2250088,46.1778397],[26.2258418,46.1932526],[26.2260291,46.1937866],[26.2253799,46.1945732],[26.2253238,46.1952072],[26.2244378,46.1963861],[26.2238193,46.1969774],[26.223652,46.1973446],[26.2236817,46.1986843],[26.2239791,46.1994363],[26.2237038,46.1996829],[26.2237465,46.2000235],[26.2234712,46.2002701],[26.2232208,46.2016371],[26.2235058,46.201829],[26.2232105,46.2043415],[26.2229709,46.204612],[26.2223427,46.2047649],[26.2221057,46.2051573],[26.2208503,46.2055117],[26.219952,46.2061548],[26.2195701,46.2060334],[26.219145,46.2054882],[26.219146,46.2053427],[26.2194249,46.2051479],[26.2199421,46.2050116],[26.2200835,46.2045376],[26.2197924,46.204461],[26.2194784,46.2041073],[26.2193347,46.2042035],[26.2193225,46.2044112],[26.2191626,46.2044262],[26.2191216,46.2041942],[26.2187224,46.2040955],[26.2188332,46.203807],[26.2187565,46.2036916],[26.2179879,46.2034374],[26.2179449,46.2033299],[26.2181382,46.2033096],[26.2181498,46.2031849],[26.2179134,46.2029848],[26.2175583,46.2029321],[26.217697,46.2027164],[26.2171411,46.2026675],[26.2173079,46.2025329],[26.2172816,46.2024269],[26.2172128,46.2023413],[26.216875,46.2023183],[26.2172396,46.2020371],[26.2169566,46.2017877],[26.2172556,46.2016782],[26.2173167,46.2015232],[26.2171224,46.2013891],[26.217162,46.2012292],[26.2167364,46.2011274],[26.2165809,46.2006907],[26.2167374,46.2005197],[26.2171596,46.2005799],[26.2173094,46.2003243],[26.2166918,46.1994291],[26.216834,46.198936],[26.2161714,46.198226],[26.2161957,46.1981075],[26.2166487,46.1979075],[26.2164334,46.1976337],[26.2166371,46.1973825],[26.216649,46.1971083],[26.2164577,46.1961597],[26.2160221,46.1956516],[26.2162875,46.1954868],[26.2161863,46.1950998],[26.2165305,46.194984],[26.2165631,46.1948363],[26.2163354,46.1944028],[26.215941,46.1940043],[26.2158908,46.1937619],[26.2154925,46.1934548],[26.2148078,46.1924948],[26.2145725,46.1913078],[26.2143991,46.1909007],[26.2141427,46.1906585],[26.2142782,46.1902959],[26.2142078,46.1898179],[26.213226,46.1885308],[26.2127355,46.1881821],[26.2124087,46.1881064],[26.2121638,46.1875613],[26.2116763,46.1872378],[26.2115702,46.1867132],[26.2116182,46.186138],[26.2113718,46.1858542],[26.2108723,46.1856471],[26.2106838,46.1849077],[26.2103321,46.1844682],[26.2103633,46.1842286],[26.2098243,46.1834372],[26.2100479,46.1830135],[26.2088902,46.1819928],[26.2088716,46.181811],[26.2091525,46.1817861],[26.2095047,46.1815818],[26.209398,46.1810319],[26.2088608,46.1804309],[26.2072902,46.179416],[26.2070342,46.1791201],[26.2066366,46.1790825],[26.2047605,46.1796348],[26.204324,46.1794681],[26.2036909,46.1796664],[26.203209,46.1796271],[26.2026376,46.1794477],[26.2020169,46.1795926],[26.2006147,46.1792236],[26.1998071,46.1794148],[26.1990737,46.179908],[26.1983936,46.179725],[26.1977282,46.1797342],[26.1967102,46.1801024],[26.1957352,46.1811477],[26.1950213,46.1816587],[26.1947111,46.1817771],[26.1940352,46.1818566],[26.1923161,46.1818975],[26.1913028,46.1821516],[26.1899687,46.1829126],[26.1892951,46.1836808],[26.1882924,46.1836429],[26.1872477,46.1842034],[26.1874211,46.1847743],[26.1872504,46.18499],[26.186264,46.1851714],[26.1853495,46.1851742],[26.1836336,46.184932],[26.1853525,46.1839893],[26.1867633,46.1834876],[26.1872578,46.183127],[26.187303,46.182804],[26.1867084,46.181652],[26.1866331,46.1809709],[26.1869426,46.1807333],[26.1877045,46.1789973],[26.1859225,46.179481],[26.1847735,46.1796377],[26.1834635,46.1800614],[26.1831811,46.1810386],[26.1826748,46.1816441],[26.1823572,46.1816817],[26.1819761,46.1814091],[26.1817477,46.1813667],[26.1811703,46.181844],[26.1805472,46.1819531],[26.1802951,46.1816871],[26.1797086,46.1820881],[26.1795589,46.1820908],[26.1792699,46.1819909],[26.1792572,46.1818304],[26.1789378,46.1816086],[26.1782763,46.1814033],[26.1776269,46.1804586],[26.1767776,46.1796895],[26.1770094,46.1792757],[26.1767824,46.1790466],[26.1765874,46.1785794],[26.1762162,46.1785317],[26.1759727,46.1779621],[26.1765565,46.1766962],[26.176698,46.1748135],[26.1767296,46.174393],[26.1764997,46.172696],[26.1764331,46.172204],[26.1765101,46.1715908],[26.1761718,46.1703662],[26.1757188,46.1695759],[26.1765829,46.1678796],[26.1760123,46.1666291],[26.1753583,46.1661687],[26.1748523,46.1655208],[26.1730739,46.1641649],[26.1727863,46.1638433],[26.1728191,46.1608779],[26.1723645,46.1603411],[26.1688899,46.1604256],[26.1665483,46.1607865],[26.164605,46.1607097],[26.1636278,46.16126],[26.1631188,46.1616997],[26.1632205,46.1620942],[26.1630997,46.1625366],[26.1626704,46.1629497],[26.1619716,46.1631245],[26.1613814,46.1634266],[26.1591177,46.1629575],[26.1574725,46.1631099],[26.1566409,46.163391],[26.1559105,46.1639931],[26.1545592,46.164634],[26.1521809,46.1650732],[26.1475739,46.167475],[26.1468691,46.1676126],[26.1454104,46.1675589],[26.1434752,46.1680884],[26.1424103,46.1685512],[26.140946,46.1685486],[26.140645,46.1687205],[26.1395038,46.1706632],[26.1381931,46.1712616],[26.1357342,46.171498],[26.1347001,46.1713559],[26.1333267,46.1717959],[26.1324721,46.1716407],[26.1314098,46.1717213],[26.130134,46.1714574],[26.1296905,46.1712731],[26.1267755,46.170883],[26.1251772,46.1704699],[26.1245653,46.1701652],[26.1235967,46.1692562],[26.1227071,46.1689241],[26.1222803,46.1684019],[26.1220211,46.1674639],[26.1217366,46.1670443],[26.1208506,46.1662021],[26.1197826,46.1648483],[26.1185504,46.1629845],[26.1181021,46.1624431],[26.1175459,46.1622038],[26.1174767,46.161676],[26.1173364,46.1615108],[26.11705,46.1614214],[26.1166852,46.161474],[26.1164936,46.1614179],[26.1164186,46.1613071],[26.1165318,46.161086],[26.1162941,46.1609723],[26.1142842,46.1618274],[26.1134767,46.1620792],[26.1109098,46.1622474],[26.1098419,46.162518],[26.1083249,46.1630694],[26.1071164,46.1631694],[26.1044984,46.1636756],[26.1031414,46.1637026],[26.1012152,46.1640325],[26.100142,46.1644076],[26.0989883,46.1652839],[26.0972373,46.1653448],[26.0964622,46.1652105],[26.0931092,46.1633978],[26.0922625,46.1624784],[26.0903178,46.1618817],[26.0891491,46.1611668],[26.0878847,46.1606796],[26.086003,46.1605488],[26.0850269,46.1598393],[26.0849169,46.159123],[26.0843605,46.1586028],[26.0849359,46.1582553],[26.0870261,46.1577267],[26.0875437,46.1574966],[26.0883774,46.1568271],[26.088723,46.1566992],[26.0891062,46.1566311],[26.090704,46.1567423],[26.0912249,46.1563844],[26.0917869,46.1557664],[26.091667,46.1549386],[26.091264,46.1541046],[26.0899372,46.1533321],[26.0898895,46.1531558],[26.090469,46.1516717],[26.0908584,46.1512468],[26.0910816,46.1507907],[26.0911519,46.1504489],[26.090954,46.1501181],[26.091019,46.1498092],[26.0916561,46.1489018],[26.0921216,46.1486765],[26.0924693,46.1486917],[26.0928829,46.1491058],[26.0925295,46.149995],[26.0926652,46.1500633],[26.0931214,46.1500267],[26.0933285,46.1498278],[26.0936144,46.1490065],[26.0942388,46.1482091],[26.0942408,46.1473813],[26.0946139,46.1451569],[26.0951287,46.1450444],[26.0961654,46.1450676],[26.0968195,46.1452413],[26.0975387,46.1452297],[26.0985054,46.1449328],[26.0991847,46.1450156],[26.0997826,46.1454328],[26.1002201,46.1453109],[26.1005298,46.1450414],[26.1004492,46.144913],[26.100547,46.1448768],[26.1012824,46.1450596],[26.1017965,46.1449656],[26.1020143,46.1450666],[26.1028536,46.1459768],[26.1049509,46.1457222],[26.1060153,46.1454592],[26.1066352,46.1451016],[26.1084958,46.1446038],[26.1092253,46.1441975],[26.1096354,46.144157],[26.1101379,46.144251],[26.1108275,46.1439586],[26.1112214,46.1438962],[26.111762,46.1435247],[26.1124474,46.1432873],[26.1152309,46.142579],[26.1159685,46.1425755],[26.1169191,46.1421633],[26.1178188,46.1415759],[26.1189576,46.141356],[26.1200204,46.1412797],[26.1203263,46.141295],[26.1214958,46.1418073],[26.1221634,46.1422512],[26.1226788,46.1424659],[26.1234785,46.1424068],[26.125776,46.1426772],[26.1257276,46.1428901],[26.1260439,46.143158],[26.1260308,46.14329],[26.1270737,46.1435288],[26.1279661,46.1438826],[26.1307514,46.144562],[26.1338198,46.1460257],[26.1351711,46.1468553],[26.1374566,46.148877],[26.1402815,46.1505772],[26.1399996,46.1516127],[26.1400178,46.1524977],[26.1412722,46.1530332],[26.1425834,46.1533784],[26.1452279,46.1536681],[26.1461146,46.1540176],[26.1472703,46.1541746],[26.1489018,46.1553385],[26.1495711,46.1554372],[26.1501832,46.155705],[26.1520697,46.1574564],[26.1532061,46.1581405],[26.158732,46.1584219],[26.1604148,46.1591215],[26.1602271,46.1588494],[26.16067,46.1582758],[26.1608896,46.1571777],[26.161068,46.1570072],[26.1606446,46.1556205],[26.1606924,46.1550088],[26.1605583,46.154399],[26.1598534,46.1540478],[26.1584226,46.1537883],[26.1575719,46.1537126],[26.1555448,46.1539438],[26.1542375,46.1537884],[26.1532114,46.1525763],[26.152975,46.1514195],[26.1525984,46.1508121],[26.1521964,46.1504368],[26.1516806,46.1489667],[26.1511199,46.1482557],[26.1508229,46.1470995],[26.1509043,46.1461429],[26.1501432,46.1457738],[26.1498864,46.1455008],[26.1491835,46.1453884],[26.1484471,46.1449364],[26.1466235,46.1443208],[26.1457578,46.1437962],[26.1450304,46.1435962],[26.1444178,46.1435401],[26.1441917,46.1434232],[26.143797,46.1427274],[26.1439111,46.1421147],[26.1432096,46.1417226],[26.143168,46.1415157],[26.1434957,46.1411392],[26.1445226,46.140678],[26.145066,46.1402735],[26.1453724,46.1399498],[26.1454609,46.1394887],[26.1462072,46.1388164],[26.1471346,46.1386025],[26.1485531,46.1384178],[26.1496266,46.1381513],[26.1509651,46.1376605],[26.1523733,46.1369815],[26.1539125,46.1355341],[26.1543964,46.1352223],[26.1548704,46.1332571],[26.1552775,46.1327927],[26.1559771,46.1322401],[26.1568994,46.1317876],[26.1571367,46.1314101],[26.1572251,46.130949],[26.1581023,46.1307524],[26.1583435,46.1303734],[26.1588998,46.1300363],[26.1590779,46.1297483],[26.1591039,46.1289196],[26.1585774,46.1280152],[26.1566795,46.1271376],[26.1545985,46.126313],[26.154827,46.12608],[26.1547732,46.1252691],[26.155259,46.1249994],[26.1556373,46.1245654],[26.1560332,46.1236256],[26.1579782,46.1235154],[26.1586566,46.123336],[26.158061,46.1227297],[26.1579057,46.1224208],[26.1571848,46.120867],[26.1571275,46.1202035],[26.1569138,46.1197701],[26.1580973,46.1188353],[26.1573535,46.1176655],[26.1563525,46.1172401],[26.1553189,46.1164441],[26.1547395,46.1156606],[26.1544243,46.1154375],[26.1544879,46.1152308],[26.154294,46.1151083],[26.1544036,46.1150343],[26.1546642,46.1151003],[26.1546929,46.114997],[26.1541437,46.1147064],[26.1536431,46.1137843],[26.1536476,46.113707],[26.1541122,46.1137882],[26.1542512,46.1136451],[26.153575,46.1134802],[26.1534488,46.1133441],[26.1534627,46.1125328],[26.1531839,46.1121836],[26.1532009,46.1115181],[26.154137,46.1114272],[26.1537082,46.1104343],[26.1527506,46.1103466],[26.1523446,46.1101103],[26.1516492,46.1103383],[26.1511941,46.1103383],[26.1509832,46.1105032],[26.1504587,46.1104034],[26.1501684,46.1102389],[26.1498447,46.1103683],[26.1489308,46.1103957],[26.1484216,46.1107014],[26.1478099,46.1106227],[26.1474336,46.1108493],[26.1468028,46.1107983],[26.1464777,46.1110217],[26.1458353,46.1109754],[26.145317,46.1112649],[26.1448634,46.1112254],[26.1441675,46.1118967],[26.1440106,46.1117997],[26.1436027,46.1118519],[26.1434561,46.1119382],[26.1433854,46.1121888],[26.1425655,46.1123399],[26.1422661,46.1122145],[26.1417852,46.1124707],[26.1405144,46.1124765],[26.140056,46.1123698],[26.1396969,46.1124833],[26.1394465,46.1123344],[26.1386694,46.1124429],[26.1385445,46.1121415],[26.1382216,46.1122133],[26.1378569,46.1119555],[26.1375464,46.1122498],[26.1374015,46.1122604],[26.136377,46.1118945],[26.1359737,46.112004],[26.1361064,46.1122022],[26.1359299,46.1123508],[26.1356041,46.1122234],[26.1353055,46.1122951],[26.1351206,46.112446],[26.1345854,46.1123023],[26.1340414,46.1124681],[26.1338498,46.1124517],[26.1335988,46.112273],[26.1333843,46.1123323],[26.133483,46.1119989],[26.1328206,46.1120146],[26.1327094,46.111901],[26.1328475,46.1114354],[26.1325188,46.111324],[26.1320825,46.1114911],[26.1318942,46.1114701],[26.1312554,46.1110338],[26.1311528,46.1106395],[26.1318139,46.1106894],[26.1331903,46.1099099],[26.1339321,46.1097647],[26.1339154,46.1095508],[26.1335782,46.1093644],[26.1324806,46.1092659],[26.1323793,46.1091411],[26.1326076,46.1090631],[26.133135,46.1090883],[26.1334006,46.1088193],[26.1341313,46.1086661],[26.1341972,46.1080186],[26.133859,46.10774],[26.1338981,46.1074476],[26.1326675,46.1071607],[26.1323973,46.1066695],[26.132172,46.1065484],[26.1318013,46.1066915],[26.1314526,46.1070317],[26.1308856,46.1069653],[26.1303001,46.1070975],[26.1296838,46.1068795],[26.1296265,46.1063185],[26.129948,46.1057167],[26.1300375,46.1056121],[26.1303571,46.1055494],[26.1311217,46.104924],[26.1314209,46.1042241],[26.1312356,46.1038703],[26.1306745,46.1038134],[26.130565,46.1037144],[26.1307564,46.1032408],[26.1307265,46.1028203],[26.1308914,46.102265],[26.1306381,46.1021635],[26.1301958,46.1021446],[26.1296902,46.1024247],[26.1294487,46.1024492],[26.1292377,46.1021203],[26.128907,46.1018768],[26.1287874,46.1015938],[26.1290139,46.1013103],[26.1302073,46.101016],[26.1323683,46.1015382],[26.132412,46.1000654],[26.131765,46.0992435],[26.1311715,46.0989375],[26.1310559,46.0985732],[26.1297033,46.0977756],[26.1300777,46.0974931],[26.1307165,46.0964995],[26.1313585,46.0967425],[26.1316164,46.0972667],[26.1320397,46.0975636],[26.1322309,46.0978412],[26.1327599,46.0980187],[26.1340327,46.0976225],[26.1351492,46.0970885],[26.1355631,46.0970156],[26.1360607,46.0961988],[26.1363257,46.0951365],[26.1366406,46.094576],[26.1367318,46.0937219],[26.1365496,46.0935173],[26.1369789,46.0927493],[26.1368354,46.092503],[26.1354562,46.0913194],[26.1352623,46.0910255],[26.1351514,46.0904417],[26.1351769,46.090235],[26.135457,46.0899089],[26.1360121,46.0894905],[26.136492,46.0892656],[26.1364354,46.0889152],[26.1369458,46.0887312],[26.1371499,46.0885572],[26.1373333,46.0872241],[26.1372745,46.0867451],[26.1366174,46.0854984],[26.1366643,46.0843128],[26.138071,46.083089],[26.1383729,46.0824176],[26.1389287,46.0817684],[26.1399992,46.0809324],[26.1404109,46.0802816],[26.140376,46.0795457],[26.1416864,46.0793193],[26.143394,46.078222],[26.1438349,46.0775501],[26.1433131,46.0771769],[26.1432992,46.0769844],[26.1441955,46.0768171],[26.1441113,46.0765703],[26.1442557,46.0763831],[26.1450509,46.0765884],[26.1450535,46.0762375],[26.1443357,46.0759488],[26.1435647,46.0754748],[26.1436433,46.0749717],[26.1434807,46.074173],[26.1430654,46.0740843],[26.1423633,46.0736674],[26.1419127,46.0735914],[26.1412557,46.0736382],[26.1411692,46.0733234],[26.1407215,46.0731763],[26.1409417,46.0726419],[26.1408694,46.0723672],[26.1403323,46.0715433],[26.1395607,46.0707743],[26.1394663,46.0705091],[26.1393333,46.0696626],[26.1395296,46.0688314],[26.1393658,46.0682141],[26.1397613,46.0671272],[26.1394008,46.0668894],[26.1389509,46.0661946],[26.141017,46.0667991],[26.1413725,46.0663332],[26.141641,46.0664463],[26.1431519,46.0659918],[26.1433408,46.0656681],[26.1432583,46.0655452],[26.1426219,46.0652978],[26.1428723,46.0649364],[26.1422989,46.0647383],[26.1423861,46.0645137],[26.1436176,46.0634988],[26.1441983,46.0633186],[26.1448314,46.0626439],[26.1451902,46.0618266],[26.147394,46.0609419],[26.1492105,46.0597832],[26.1512494,46.0588958],[26.1532952,46.0578136],[26.1540381,46.0578323],[26.1542742,46.0583403],[26.1548624,46.0581512],[26.1559504,46.0575232],[26.1560378,46.0573915],[26.1573413,46.0567492],[26.1569917,46.0556183],[26.1556095,46.0539156],[26.1559971,46.0537062],[26.1567114,46.0530675],[26.1602924,46.0475484],[26.1686986,46.0351829],[26.1726631,46.0368422],[26.1770323,46.0304166],[26.1818742,46.0323144],[26.1821116,46.0319622],[26.1903644,46.0344405],[26.1900619,46.034857],[26.1892011,46.0354733],[26.1886464,46.0358645],[26.1844728,46.0381587],[26.1812052,46.0386987],[26.1802545,46.0385202],[26.1798614,46.0394564],[26.1808771,46.0398932],[26.1807162,46.040374],[26.1793492,46.0417215],[26.1812784,46.0426266],[26.1815599,46.0423309],[26.1827935,46.0425967],[26.1824514,46.0438554],[26.1830677,46.0441107],[26.1824593,46.0449703],[26.1818115,46.0456416],[26.1786895,46.045024],[26.1767043,46.0470718],[26.1755575,46.0485471],[26.1798254,46.0513202],[26.1812563,46.0486245],[26.1815941,46.0485339],[26.1819635,46.0478177],[26.1834875,46.0487431],[26.1858408,46.0457601],[26.1870199,46.0472864],[26.189225,46.0464533],[26.1901065,46.046221],[26.1895006,46.0459115],[26.1892081,46.0454986],[26.1883373,46.0447475],[26.1874076,46.0433265],[26.1888904,46.042883],[26.1925167,46.0424899],[26.1945631,46.0420348],[26.1947128,46.0420083],[26.1951858,46.042069],[26.1988626,46.0438398],[26.1999677,46.0435491],[26.2009997,46.0429123],[26.2021708,46.0426265],[26.2032474,46.0426418],[26.2042384,46.0429046],[26.2047584,46.0432076],[26.2050349,46.0432159]]]}},{"type":"Feature","properties":{"entity_id":"osm-r14735724","jurisdiction":"RO","display_name":"SÂNZIENI","display_type":"commune","admin_level":8,"tier":"local","legal_registry":"SIRUTA","legal_id":"64826","legal_type":"commune","parent_catalog_id":"osm-r2248621","osm_relation_id":14735724,"legal_identity_status":"reconciled","geometry_source":"OpenStreetMap","canonical_geometry_role":null,"geometry_scope":null,"geometry_precision":"master_coordinate_fidelity"},"geometry":{"type":"Polygon","coordinates":[[[26.0356415,46.144179],[26.0361244,46.1440735],[26.0361245,46.1440735],[26.0364611,46.1439696],[26.0367258,46.1439],[26.0377153,46.1437902],[26.0381024,46.1438035],[26.0381025,46.1438035],[26.0385134,46.1437829],[26.039078,46.1435929],[26.0393751,46.1433213],[26.0393751,46.1433212],[26.0393853,46.1432205],[26.0393857,46.1432201],[26.039457,46.1431774],[26.0394525,46.1429342],[26.0395592,46.1428323],[26.040741,46.1426449],[26.0418312,46.1427442],[26.0420836,46.1426662],[26.0424279,46.1423353],[26.0429473,46.1410278],[26.0437546,46.1402389],[26.0443301,46.1393427],[26.0442491,46.1382508],[26.0447949,46.1370607],[26.0451147,46.1367048],[26.0463932,46.1359113],[26.0467876,46.1343613],[26.0470272,46.1342749],[26.0470429,46.1338211],[26.047278,46.1334744],[26.0475749,46.1331775],[26.0485966,46.1328739],[26.049359,46.1316483],[26.0490146,46.1306932],[26.0494703,46.1298654],[26.0497322,46.1290142],[26.0504078,46.1283102],[26.0503238,46.1276976],[26.0508521,46.1262388],[26.0508707,46.1259611],[26.0506498,46.1257782],[26.050478,46.1249855],[26.0510253,46.1245352],[26.0517434,46.1241587],[26.0518959,46.1239219],[26.0518122,46.1233345],[26.0515722,46.1227904],[26.0512941,46.1202378],[26.0507682,46.1192761],[26.0505201,46.1183118],[26.0494408,46.1174727],[26.0496529,46.1162311],[26.0494078,46.1157334],[26.0493974,46.1151787],[26.0497733,46.1146079],[26.0501217,46.1135458],[26.0513032,46.1118035],[26.0514388,46.110987],[26.0524091,46.1098728],[26.0525707,46.1098209],[26.0532308,46.1089492],[26.054692,46.1076287],[26.0549672,46.1071723],[26.0553625,46.105723],[26.0552373,46.1051736],[26.0552457,46.1037153],[26.054979,46.1033479],[26.0550574,46.1027085],[26.0556353,46.1013289],[26.0564674,46.1002958],[26.0563514,46.098969],[26.0568914,46.0978251],[26.0569441,46.0974169],[26.0594306,46.0944565],[26.0604713,46.0936021],[26.0615865,46.0915914],[26.0619588,46.0905289],[26.0625188,46.0894983],[26.0627331,46.0887103],[26.0626107,46.0883123],[26.0621042,46.0877243],[26.0620795,46.0873759],[26.0623906,46.0865955],[26.0624511,46.0856536],[26.06271,46.0846635],[26.0636195,46.0839072],[26.0646285,46.0833052],[26.0657521,46.0823743],[26.0664071,46.0815824],[26.0670684,46.0805295],[26.0645405,46.0794225],[26.0642348,46.0786324],[26.0636243,46.0776305],[26.0635827,46.0772336],[26.063292,46.0766072],[26.0633345,46.0763419],[26.0623217,46.0745633],[26.0621931,46.0738834],[26.0626616,46.0717316],[26.0631341,46.0708569],[26.0631524,46.0707479],[26.0627369,46.0703372],[26.0632196,46.0687356],[26.0636217,46.067984],[26.0639393,46.067841],[26.0649026,46.0677564],[26.0652368,46.0643715],[26.0659225,46.0629867],[26.0663396,46.0617557],[26.0667317,46.0614284],[26.0674608,46.05948],[26.067416,46.0593331],[26.0683818,46.0571475],[26.069222,46.0546847],[26.0698732,46.0556508],[26.0705073,46.0571634],[26.0710862,46.0579618],[26.0715288,46.0588673],[26.0748089,46.0577659],[26.0778637,46.057661],[26.0797258,46.0574463],[26.0800863,46.0576176],[26.0815214,46.0573806],[26.0822831,46.0567315],[26.0832236,46.0561982],[26.0828111,46.0555786],[26.0830701,46.0553561],[26.0842027,46.0548154],[26.0848826,46.0542973],[26.0872236,46.0528581],[26.088426,46.052503],[26.0895877,46.0524051],[26.0897691,46.0516084],[26.090858,46.0491602],[26.0923495,46.0480151],[26.0949155,46.0465446],[26.095581,46.0459089],[26.0965671,46.0441928],[26.0964881,46.0438591],[26.0966327,46.0432386],[26.0965605,46.0425474],[26.096747,46.0413399],[26.0965991,46.0409492],[26.0961794,46.040531],[26.0960963,46.0401821],[26.0962514,46.0396373],[26.0960976,46.0395669],[26.0959301,46.0392721],[26.0958514,46.0387707],[26.0960522,46.0384812],[26.096743,46.0380557],[26.0978517,46.0364568],[26.0979275,46.0354054],[26.0982586,46.0347594],[26.0987825,46.0340986],[26.0971975,46.0299455],[26.1048849,46.0286348],[26.1038527,46.0254116],[26.1057284,46.0253446],[26.106676,46.0252225],[26.1113756,46.0241155],[26.1137968,46.0227886],[26.1163852,46.0215255],[26.1173067,46.024586],[26.1197895,46.0243115],[26.1265096,46.0227505],[26.1272225,46.0223275],[26.1292342,46.0196077],[26.1334513,46.0199771],[26.139339,46.0211955],[26.1393352,46.0202964],[26.140193,46.0170416],[26.1405996,46.0162635],[26.141459,46.0152261],[26.1417306,46.0146775],[26.1418331,46.0140326],[26.141749,46.0127679],[26.1441386,46.0135638],[26.1527186,46.0175789],[26.1534176,46.0172645],[26.1532454,46.0169111],[26.1528906,46.0166762],[26.152847,46.0162695],[26.1532099,46.0160415],[26.1541707,46.0159046],[26.153784,46.0154774],[26.1532592,46.0153297],[26.1530175,46.0151171],[26.1532454,46.0148529],[26.1543323,46.0145592],[26.1548499,46.0146953],[26.1553088,46.0145723],[26.1558621,46.0148371],[26.1558263,46.0147014],[26.1551694,46.0143281],[26.1551023,46.0137857],[26.1552051,46.0136097],[26.1548072,46.0133932],[26.1549019,46.0129724],[26.1552185,46.0126865],[26.154771,46.0123449],[26.1549595,46.0118086],[26.1544533,46.0115509],[26.1540939,46.011196],[26.1537988,46.0111277],[26.1535347,46.0106883],[26.1537783,46.0102945],[26.1547732,46.0100544],[26.1552878,46.0101199],[26.1553558,46.0094052],[26.1556683,46.0094091],[26.1562709,46.0098073],[26.1563378,46.0099974],[26.1560198,46.0102169],[26.1562213,46.0103477],[26.1564737,46.0102915],[26.1564908,46.0096841],[26.1567591,46.009401],[26.1571479,46.0092116],[26.157543,46.009315],[26.1574802,46.009515],[26.1578652,46.0097386],[26.1578199,46.0099988],[26.158093,46.0102063],[26.1581699,46.0104697],[26.1578881,46.0111591],[26.1586699,46.0136792],[26.1626265,46.0111824],[26.1637654,46.0105719],[26.1668702,46.0096428],[26.1706641,46.0081861],[26.171238,46.0089805],[26.1727349,46.0081303],[26.1747632,46.0071992],[26.1838044,46.0130966],[26.1751433,46.0218006],[26.1766417,46.0223876],[26.1783023,46.0228572],[26.1799857,46.0235341],[26.1773964,46.0260225],[26.1843712,46.0289003],[26.1835821,46.0299282],[26.1925462,46.0327471],[26.1931813,46.0320046],[26.1935028,46.0314069],[26.1941638,46.0309568],[26.1943333,46.0309866],[26.1942747,46.0313616],[26.1944727,46.0316875],[26.1942215,46.0328134],[26.1945029,46.0337078],[26.1942383,46.0344192],[26.1944643,46.0348036],[26.1948445,46.0349203],[26.1953898,46.035484],[26.1955034,46.0358108],[26.1953075,46.0362027],[26.1959943,46.0364702],[26.1913718,46.0392534],[26.1952267,46.0417065],[26.1942811,46.0419152],[26.1943769,46.0419861],[26.1947128,46.0420083],[26.1945631,46.0420348],[26.1925167,46.0424899],[26.1888904,46.042883],[26.1874076,46.0433265],[26.1883373,46.0447475],[26.1892081,46.0454986],[26.1895006,46.0459115],[26.1901065,46.046221],[26.189225,46.0464533],[26.1870199,46.0472864],[26.1858408,46.0457601],[26.1834875,46.0487431],[26.1819635,46.0478177],[26.1815941,46.0485339],[26.1812563,46.0486245],[26.1798254,46.0513202],[26.1755575,46.0485471],[26.1767043,46.0470718],[26.1786895,46.045024],[26.1818115,46.0456416],[26.1824593,46.0449703],[26.1830677,46.0441107],[26.1824514,46.0438554],[26.1827935,46.0425967],[26.1815599,46.0423309],[26.1812784,46.0426266],[26.1793492,46.0417215],[26.1807162,46.040374],[26.1808771,46.0398932],[26.1798614,46.0394564],[26.1802545,46.0385202],[26.1812052,46.0386987],[26.1844728,46.0381587],[26.1886464,46.0358645],[26.1892011,46.0354733],[26.1900619,46.034857],[26.1903644,46.0344405],[26.1821116,46.0319622],[26.1818742,46.0323144],[26.1770323,46.0304166],[26.1726631,46.0368422],[26.1686986,46.0351829],[26.1602924,46.0475484],[26.1567114,46.0530675],[26.1559971,46.0537062],[26.1556095,46.0539156],[26.1569917,46.0556183],[26.1573413,46.0567492],[26.1560378,46.0573915],[26.1559504,46.0575232],[26.1548624,46.0581512],[26.1542742,46.0583403],[26.1540381,46.0578323],[26.1532952,46.0578136],[26.1512494,46.0588958],[26.1492105,46.0597832],[26.147394,46.0609419],[26.1451902,46.0618266],[26.1448314,46.0626439],[26.1441983,46.0633186],[26.1436176,46.0634988],[26.1423861,46.0645137],[26.1422989,46.0647383],[26.1428723,46.0649364],[26.1426219,46.0652978],[26.1432583,46.0655452],[26.1433408,46.0656681],[26.1431519,46.0659918],[26.141641,46.0664463],[26.1413725,46.0663332],[26.141017,46.0667991],[26.1389509,46.0661946],[26.1394008,46.0668894],[26.1397613,46.0671272],[26.1393658,46.0682141],[26.1395296,46.0688314],[26.1393333,46.0696626],[26.1394663,46.0705091],[26.1395607,46.0707743],[26.1403323,46.0715433],[26.1408694,46.0723672],[26.1409417,46.0726419],[26.1407215,46.0731763],[26.1411692,46.0733234],[26.1412557,46.0736382],[26.1419127,46.0735914],[26.1423633,46.0736674],[26.1430654,46.0740843],[26.1434807,46.074173],[26.1436433,46.0749717],[26.1435647,46.0754748],[26.1443357,46.0759488],[26.1450535,46.0762375],[26.1450509,46.0765884],[26.1442557,46.0763831],[26.1441113,46.0765703],[26.1441955,46.0768171],[26.1432992,46.0769844],[26.1433131,46.0771769],[26.1438349,46.0775501],[26.143394,46.078222],[26.1416864,46.0793193],[26.140376,46.0795457],[26.1404109,46.0802816],[26.1399992,46.0809324],[26.1389287,46.0817684],[26.1383729,46.0824176],[26.138071,46.083089],[26.1366643,46.0843128],[26.1366174,46.0854984],[26.1372745,46.0867451],[26.1373333,46.0872241],[26.1371499,46.0885572],[26.1369458,46.0887312],[26.1364354,46.0889152],[26.136492,46.0892656],[26.1360121,46.0894905],[26.135457,46.0899089],[26.1351769,46.090235],[26.1351514,46.0904417],[26.1352623,46.0910255],[26.1354562,46.0913194],[26.1368354,46.092503],[26.1369789,46.0927493],[26.1365496,46.0935173],[26.1367318,46.0937219],[26.1366406,46.094576],[26.1363257,46.0951365],[26.1360607,46.0961988],[26.1355631,46.0970156],[26.1351492,46.0970885],[26.1340327,46.0976225],[26.1327599,46.0980187],[26.1322309,46.0978412],[26.1320397,46.0975636],[26.1316164,46.0972667],[26.1313585,46.0967425],[26.1307165,46.0964995],[26.1300777,46.0974931],[26.1297033,46.0977756],[26.1310559,46.0985732],[26.1311715,46.0989375],[26.131765,46.0992435],[26.132412,46.1000654],[26.1323683,46.1015382],[26.1302073,46.101016],[26.1290139,46.1013103],[26.1287874,46.1015938],[26.128907,46.1018768],[26.1292377,46.1021203],[26.1294487,46.1024492],[26.1296902,46.1024247],[26.1301958,46.1021446],[26.1306381,46.1021635],[26.1308914,46.102265],[26.1307265,46.1028203],[26.1307564,46.1032408],[26.130565,46.1037144],[26.1306745,46.1038134],[26.1312356,46.1038703],[26.1314209,46.1042241],[26.1311217,46.104924],[26.1303571,46.1055494],[26.1300375,46.1056121],[26.129948,46.1057167],[26.1296265,46.1063185],[26.1296838,46.1068795],[26.1303001,46.1070975],[26.1308856,46.1069653],[26.1314526,46.1070317],[26.1318013,46.1066915],[26.132172,46.1065484],[26.1323973,46.1066695],[26.1326675,46.1071607],[26.1338981,46.1074476],[26.133859,46.10774],[26.1341972,46.1080186],[26.1341313,46.1086661],[26.1334006,46.1088193],[26.133135,46.1090883],[26.1326076,46.1090631],[26.1323793,46.1091411],[26.1324806,46.1092659],[26.1335782,46.1093644],[26.1339154,46.1095508],[26.1339321,46.1097647],[26.1331903,46.1099099],[26.1318139,46.1106894],[26.1311528,46.1106395],[26.1312554,46.1110338],[26.1318942,46.1114701],[26.1320825,46.1114911],[26.1325188,46.111324],[26.1328475,46.1114354],[26.1327094,46.111901],[26.1328206,46.1120146],[26.133483,46.1119989],[26.1333843,46.1123323],[26.1335988,46.112273],[26.1338498,46.1124517],[26.1340414,46.1124681],[26.1345854,46.1123023],[26.1351206,46.112446],[26.1353055,46.1122951],[26.1356041,46.1122234],[26.1359299,46.1123508],[26.1361064,46.1122022],[26.1359737,46.112004],[26.136377,46.1118945],[26.1374015,46.1122604],[26.1375464,46.1122498],[26.1378569,46.1119555],[26.1382216,46.1122133],[26.1385445,46.1121415],[26.1386694,46.1124429],[26.1394465,46.1123344],[26.1396969,46.1124833],[26.140056,46.1123698],[26.1405144,46.1124765],[26.1417852,46.1124707],[26.1422661,46.1122145],[26.1425655,46.1123399],[26.1433854,46.1121888],[26.1434561,46.1119382],[26.1436027,46.1118519],[26.1440106,46.1117997],[26.1441675,46.1118967],[26.1448634,46.1112254],[26.145317,46.1112649],[26.1458353,46.1109754],[26.1464777,46.1110217],[26.1468028,46.1107983],[26.1474336,46.1108493],[26.1478099,46.1106227],[26.1484216,46.1107014],[26.1489308,46.1103957],[26.1498447,46.1103683],[26.1501684,46.1102389],[26.1504587,46.1104034],[26.1509832,46.1105032],[26.1511941,46.1103383],[26.1516492,46.1103383],[26.1523446,46.1101103],[26.1527506,46.1103466],[26.1537082,46.1104343],[26.154137,46.1114272],[26.1532009,46.1115181],[26.1531839,46.1121836],[26.1534627,46.1125328],[26.1534488,46.1133441],[26.153575,46.1134802],[26.1542512,46.1136451],[26.1541122,46.1137882],[26.1536476,46.113707],[26.1536431,46.1137843],[26.1541437,46.1147064],[26.1546929,46.114997],[26.1546642,46.1151003],[26.1544036,46.1150343],[26.154294,46.1151083],[26.1544879,46.1152308],[26.1544243,46.1154375],[26.1547395,46.1156606],[26.1553189,46.1164441],[26.1563525,46.1172401],[26.1573535,46.1176655],[26.1580973,46.1188353],[26.1569138,46.1197701],[26.1571275,46.1202035],[26.1571848,46.120867],[26.1579057,46.1224208],[26.158061,46.1227297],[26.1586566,46.123336],[26.1579782,46.1235154],[26.1560332,46.1236256],[26.1556373,46.1245654],[26.155259,46.1249994],[26.1547732,46.1252691],[26.154827,46.12608],[26.1545985,46.126313],[26.1566795,46.1271376],[26.1585774,46.1280152],[26.1591039,46.1289196],[26.1590779,46.1297483],[26.1588998,46.1300363],[26.1583435,46.1303734],[26.1581023,46.1307524],[26.1572251,46.130949],[26.1571367,46.1314101],[26.1568994,46.1317876],[26.1559771,46.1322401],[26.1552775,46.1327927],[26.1548704,46.1332571],[26.1543964,46.1352223],[26.1539125,46.1355341],[26.1523733,46.1369815],[26.1509651,46.1376605],[26.1496266,46.1381513],[26.1485531,46.1384178],[26.1471346,46.1386025],[26.1462072,46.1388164],[26.1454609,46.1394887],[26.1453724,46.1399498],[26.145066,46.1402735],[26.1445226,46.140678],[26.1434957,46.1411392],[26.143168,46.1415157],[26.1432096,46.1417226],[26.1439111,46.1421147],[26.143797,46.1427274],[26.1441917,46.1434232],[26.1444178,46.1435401],[26.1450304,46.1435962],[26.1457578,46.1437962],[26.1466235,46.1443208],[26.1484471,46.1449364],[26.1491835,46.1453884],[26.1498864,46.1455008],[26.1501432,46.1457738],[26.1509043,46.1461429],[26.1508229,46.1470995],[26.1511199,46.1482557],[26.1516806,46.1489667],[26.1521964,46.1504368],[26.1525984,46.1508121],[26.152975,46.1514195],[26.1532114,46.1525763],[26.1542375,46.1537884],[26.1555448,46.1539438],[26.1575719,46.1537126],[26.1584226,46.1537883],[26.1598534,46.1540478],[26.1605583,46.154399],[26.1606924,46.1550088],[26.1606446,46.1556205],[26.161068,46.1570072],[26.1608896,46.1571777],[26.16067,46.1582758],[26.1602271,46.1588494],[26.1604148,46.1591215],[26.158732,46.1584219],[26.1532061,46.1581405],[26.1520697,46.1574564],[26.1501832,46.155705],[26.1495711,46.1554372],[26.1489018,46.1553385],[26.1472703,46.1541746],[26.1461146,46.1540176],[26.1452279,46.1536681],[26.1425834,46.1533784],[26.1412722,46.1530332],[26.1400178,46.1524977],[26.1399996,46.1516127],[26.1402815,46.1505772],[26.1374566,46.148877],[26.1351711,46.1468553],[26.1338198,46.1460257],[26.1307514,46.144562],[26.1279661,46.1438826],[26.1270737,46.1435288],[26.1260308,46.14329],[26.1260439,46.143158],[26.1257276,46.1428901],[26.125776,46.1426772],[26.1234785,46.1424068],[26.1226788,46.1424659],[26.1221634,46.1422512],[26.1214958,46.1418073],[26.1203263,46.141295],[26.1200204,46.1412797],[26.1189576,46.141356],[26.1178188,46.1415759],[26.1169191,46.1421633],[26.1159685,46.1425755],[26.1152309,46.142579],[26.1124474,46.1432873],[26.111762,46.1435247],[26.1112214,46.1438962],[26.1108275,46.1439586],[26.1101379,46.144251],[26.1096354,46.144157],[26.1092253,46.1441975],[26.1084958,46.1446038],[26.1066352,46.1451016],[26.1060153,46.1454592],[26.1049509,46.1457222],[26.1028536,46.1459768],[26.1020143,46.1450666],[26.1017965,46.1449656],[26.1012824,46.1450596],[26.100547,46.1448768],[26.1004492,46.144913],[26.1005298,46.1450414],[26.1002201,46.1453109],[26.0997826,46.1454328],[26.0991847,46.1450156],[26.0985054,46.1449328],[26.0975387,46.1452297],[26.0968195,46.1452413],[26.0961654,46.1450676],[26.0951287,46.1450444],[26.0946139,46.1451569],[26.0942408,46.1473813],[26.0942388,46.1482091],[26.0936144,46.1490065],[26.0933285,46.1498278],[26.0931214,46.1500267],[26.0926652,46.1500633],[26.0925295,46.149995],[26.0928829,46.1491058],[26.0924693,46.1486917],[26.0921216,46.1486765],[26.0916561,46.1489018],[26.091019,46.1498092],[26.090954,46.1501181],[26.0911519,46.1504489],[26.0910816,46.1507907],[26.0908584,46.1512468],[26.090469,46.1516717],[26.0898895,46.1531558],[26.0899372,46.1533321],[26.091264,46.1541046],[26.091667,46.1549386],[26.0917869,46.1557664],[26.0912249,46.1563844],[26.090704,46.1567423],[26.0891062,46.1566311],[26.088723,46.1566992],[26.0886379,46.1566389],[26.0881421,46.156481],[26.0876586,46.1565421],[26.0871292,46.1567629],[26.0865829,46.1566062],[26.0863634,46.1566236],[26.0855211,46.1572805],[26.0850587,46.1574142],[26.0844015,46.1573443],[26.084022,46.1574328],[26.0835052,46.1579436],[26.0830658,46.1579974],[26.0823813,46.1583352],[26.0821572,46.1582725],[26.08197,46.1579088],[26.0817775,46.1579569],[26.0814383,46.1583164],[26.0812351,46.1583264],[26.0810629,46.1580772],[26.0808772,46.1580338],[26.0805487,46.1583973],[26.0800237,46.1582941],[26.0794297,46.1584114],[26.0789041,46.1583539],[26.0777352,46.1588176],[26.0767895,46.1590009],[26.0756073,46.1588277],[26.0750095,46.159231],[26.0747852,46.1591911],[26.0747006,46.1589617],[26.0744881,46.1588609],[26.0731064,46.1588272],[26.072444,46.1591499],[26.0715449,46.1591314],[26.0711486,46.1592312],[26.0708894,46.1597477],[26.0706682,46.159887],[26.0703612,46.1598733],[26.0694657,46.1595802],[26.0690704,46.1596152],[26.0684311,46.1598428],[26.0681059,46.1603702],[26.0678521,46.1604826],[26.067086,46.1603584],[26.0662324,46.1606185],[26.0655416,46.1601936],[26.0645968,46.1603081],[26.0642482,46.1601338],[26.0639415,46.1600971],[26.0634774,46.160345],[26.062918,46.1603482],[26.0625516,46.1606732],[26.0617851,46.1605756],[26.0613223,46.1607359],[26.0609597,46.1607271],[26.0607576,46.1606628],[26.0608028,46.1603046],[26.0606298,46.1601694],[26.0601862,46.1601343],[26.0592979,46.1598277],[26.0585724,46.1598928],[26.0583765,46.1598144],[26.0581947,46.1595646],[26.0569341,46.1597959],[26.0559454,46.159286],[26.0556976,46.1587646],[26.0548412,46.1582217],[26.0540052,46.1568932],[26.0524244,46.1557973],[26.0515361,46.1554906],[26.0497645,46.1552015],[26.049414,46.1551712],[26.0486655,46.1553008],[26.047466,46.1552121],[26.0445401,46.1544761],[26.0439713,46.154104],[26.0434282,46.1529691],[26.0427565,46.1522412],[26.0415687,46.1518321],[26.0403409,46.1517926],[26.0395972,46.1516742],[26.0382412,46.1511757],[26.0377617,46.1504382],[26.0372122,46.1499289],[26.0371088,46.1481806],[26.0369803,46.1477367],[26.0371079,46.1473795],[26.0370488,46.1470279],[26.0368264,46.1466135],[26.0362873,46.1461272],[26.0360536,46.1457432],[26.0359108,46.1446125],[26.0356415,46.144179]]]}},{"type":"Feature","properties":{"entity_id":"osm-r14735725","jurisdiction":"RO","display_name":"TURIA","display_type":"commune","admin_level":8,"tier":"local","legal_registry":"SIRUTA","legal_id":"64871","legal_type":"commune","parent_catalog_id":"osm-r2248621","osm_relation_id":14735725,"legal_identity_status":"reconciled","geometry_source":"OpenStreetMap","canonical_geometry_role":null,"geometry_scope":null,"geometry_precision":"master_coordinate_fidelity"},"geometry":{"type":"Polygon","coordinates":[[[25.9202248,46.0389087],[25.9203333,46.0389036],[25.9208699,46.0388741],[25.9211968,46.0385731],[25.9214847,46.0384699],[25.9219611,46.0388149],[25.9221415,46.0387756],[25.9232238,46.0378171],[25.9243404,46.0371105],[25.9266817,46.0371126],[25.9284882,46.0365306],[25.9290196,46.0365515],[25.9294809,46.0367158],[25.9299824,46.0367538],[25.932536,46.0379013],[25.9333338,46.0379746],[25.9346606,46.0379301],[25.9361847,46.0381404],[25.9367636,46.0381147],[25.9374252,46.0383446],[25.9381372,46.0379857],[25.9398376,46.0375515],[25.940364,46.0372824],[25.9405581,46.0370108],[25.9415834,46.0366266],[25.9426885,46.0364422],[25.9466261,46.0352903],[25.9476999,46.035419],[25.9482334,46.0352129],[25.9487992,46.0351283],[25.9500853,46.0351807],[25.9515094,46.0358875],[25.9539968,46.0366736],[25.956022,46.036539],[25.9577119,46.0365585],[25.9583611,46.0364186],[25.9597541,46.0346251],[25.9596271,46.0342563],[25.9588988,46.0340103],[25.9589713,46.0333205],[25.9594045,46.032552],[25.9598349,46.0323173],[25.9604982,46.0322949],[25.961507,46.0320132],[25.9619175,46.0320266],[25.9623879,46.0316696],[25.9630043,46.0317233],[25.963414,46.0320392],[25.9641364,46.0322895],[25.9646876,46.0327639],[25.9655397,46.032492],[25.9662158,46.0325115],[25.9664847,46.0327067],[25.9663962,46.0331697],[25.966533,46.0334039],[25.9664834,46.0336733],[25.9668486,46.0338551],[25.9672597,46.0338979],[25.9676143,46.0341638],[25.9681093,46.0341806],[25.9690399,46.0335676],[25.9688119,46.0332964],[25.9690164,46.033261],[25.9691405,46.0331087],[25.9695797,46.0330377],[25.9703953,46.0324088],[25.9710107,46.0317144],[25.9713077,46.0311067],[25.9715468,46.0309744],[25.971669,46.030717],[25.9719921,46.0305672],[25.97276,46.0303127],[25.9740131,46.0302096],[25.9772296,46.0302494],[25.9786138,46.0303931],[25.9790553,46.0301119],[25.9805141,46.0300406],[25.9826702,46.02948],[25.9830463,46.029254],[25.9833476,46.0288942],[25.9843803,46.0282718],[25.9854853,46.0273083],[25.9865027,46.0268457],[25.9864299,46.0264807],[25.9867472,46.0260031],[25.9875909,46.0256134],[25.9877037,46.0251711],[25.9884137,46.0246881],[25.9883041,46.0243338],[25.9894481,46.0238701],[25.9897391,46.0236112],[25.9907021,46.0231532],[25.9912134,46.0227285],[25.9918328,46.0226181],[25.9920107,46.0224485],[25.9921011,46.0221073],[25.9922693,46.022068],[25.9925447,46.0222883],[25.9930316,46.0221875],[25.9943256,46.0216887],[25.994478,46.0214394],[25.9944504,46.0212464],[25.9962535,46.0212097],[25.9961994,46.0208865],[25.9978792,46.0207038],[25.9981714,46.0205205],[25.9982941,46.0202967],[25.9986873,46.0203563],[25.9987342,46.0199483],[25.9990978,46.0200376],[25.9994343,46.0199674],[26.0002501,46.0200443],[26.0007342,46.0194643],[26.0004697,46.0191767],[26.0006078,46.0188099],[26.0016554,46.0180274],[26.0021964,46.017926],[26.0024086,46.017651],[26.0025432,46.0170867],[26.003721,46.0161728],[26.0037246,46.0160383],[26.0033479,46.0158861],[26.003333,46.0157308],[26.0036279,46.0150264],[26.0036435,46.0145555],[26.0040198,46.0140185],[26.0039486,46.0137502],[26.0041034,46.0133034],[26.0035132,46.0126866],[26.004073,46.012295],[26.0042018,46.0120796],[26.0049939,46.0118541],[26.0052443,46.0116922],[26.0058544,46.0107455],[26.0059034,46.0104551],[26.0068335,46.0098585],[26.0086712,46.0094305],[26.0104182,46.0093184],[26.0143068,46.0098975],[26.014543,46.0096223],[26.0157245,46.0092546],[26.0161826,46.0092421],[26.0175369,46.0094234],[26.0183719,46.0097066],[26.0188495,46.009587],[26.0190274,46.0096623],[26.0195686,46.0096395],[26.0204578,46.0094614],[26.0208083,46.0092014],[26.0215003,46.0091643],[26.0219358,46.0089407],[26.0223032,46.0088786],[26.0240894,46.0086987],[26.0242936,46.0088671],[26.0288231,46.0082255],[26.0293817,46.0081107],[26.02858,46.0066581],[26.0283314,46.0059088],[26.0316942,46.005187],[26.049679,46.0000511],[26.0504599,46.0012375],[26.050688,46.0015001],[26.0508329,46.0015072],[26.0567887,46.0001243],[26.059335,45.9992602],[26.061147,45.9984701],[26.063246,45.9972361],[26.0640506,45.9968933],[26.0718371,45.9946537],[26.0766501,45.9931675],[26.0769119,45.9919498],[26.0782546,45.9895396],[26.0788228,45.9866283],[26.0815343,45.9863917],[26.0844216,45.9857743],[26.0888809,45.9850689],[26.1116294,46.012698],[26.1156133,46.0114232],[26.117839,46.0100505],[26.1224204,46.0154541],[26.1223246,46.0155479],[26.1218268,46.015528],[26.1211931,46.0158158],[26.1207394,46.0157832],[26.1203363,46.0160563],[26.1192204,46.0164355],[26.1183888,46.0166045],[26.1179444,46.0168131],[26.114497,46.0178193],[26.1163671,46.0209201],[26.1165727,46.0210246],[26.1174803,46.0209026],[26.1172068,46.0213074],[26.1165165,46.0214362],[26.1163852,46.0215255],[26.1137968,46.0227886],[26.1113756,46.0241155],[26.106676,46.0252225],[26.1057284,46.0253446],[26.1038527,46.0254116],[26.1048849,46.0286348],[26.0971975,46.0299455],[26.0987825,46.0340986],[26.0982586,46.0347594],[26.0979275,46.0354054],[26.0978517,46.0364568],[26.096743,46.0380557],[26.0960522,46.0384812],[26.0958514,46.0387707],[26.0959301,46.0392721],[26.0960976,46.0395669],[26.0962514,46.0396373],[26.0960963,46.0401821],[26.0961794,46.040531],[26.0965991,46.0409492],[26.096747,46.0413399],[26.0965605,46.0425474],[26.0966327,46.0432386],[26.0964881,46.0438591],[26.0965671,46.0441928],[26.095581,46.0459089],[26.0949155,46.0465446],[26.0923495,46.0480151],[26.090858,46.0491602],[26.0897691,46.0516084],[26.0895877,46.0524051],[26.088426,46.052503],[26.0872236,46.0528581],[26.0848826,46.0542973],[26.0842027,46.0548154],[26.0830701,46.0553561],[26.0828111,46.0555786],[26.0832236,46.0561982],[26.0822831,46.0567315],[26.0815214,46.0573806],[26.0800863,46.0576176],[26.0797258,46.0574463],[26.0778637,46.057661],[26.0748089,46.0577659],[26.0715288,46.0588673],[26.0710862,46.0579618],[26.0705073,46.0571634],[26.0698732,46.0556508],[26.069222,46.0546847],[26.0683818,46.0571475],[26.067416,46.0593331],[26.0674608,46.05948],[26.0667317,46.0614284],[26.0663396,46.0617557],[26.0659225,46.0629867],[26.0652368,46.0643715],[26.0649026,46.0677564],[26.0639393,46.067841],[26.0636217,46.067984],[26.0632196,46.0687356],[26.0627369,46.0703372],[26.0631524,46.0707479],[26.0631341,46.0708569],[26.0626616,46.0717316],[26.0621931,46.0738834],[26.0623217,46.0745633],[26.0633345,46.0763419],[26.063292,46.0766072],[26.0635827,46.0772336],[26.0636243,46.0776305],[26.0642348,46.0786324],[26.0645405,46.0794225],[26.0670684,46.0805295],[26.0664071,46.0815824],[26.0657521,46.0823743],[26.0646285,46.0833052],[26.0636195,46.0839072],[26.06271,46.0846635],[26.0624511,46.0856536],[26.0623906,46.0865955],[26.0620795,46.0873759],[26.0621042,46.0877243],[26.0626107,46.0883123],[26.0627331,46.0887103],[26.0625188,46.0894983],[26.0619588,46.0905289],[26.0615865,46.0915914],[26.0604713,46.0936021],[26.0594306,46.0944565],[26.0569441,46.0974169],[26.0568914,46.0978251],[26.0563514,46.098969],[26.0564674,46.1002958],[26.0556353,46.1013289],[26.0550574,46.1027085],[26.054979,46.1033479],[26.0552457,46.1037153],[26.0552373,46.1051736],[26.0553625,46.105723],[26.0549672,46.1071723],[26.054692,46.1076287],[26.0532308,46.1089492],[26.0525707,46.1098209],[26.0524091,46.1098728],[26.0514388,46.110987],[26.0513032,46.1118035],[26.0501217,46.1135458],[26.0497733,46.1146079],[26.0493974,46.1151787],[26.0494078,46.1157334],[26.0496529,46.1162311],[26.0494408,46.1174727],[26.0505201,46.1183118],[26.0507682,46.1192761],[26.0512941,46.1202378],[26.0515722,46.1227904],[26.0518122,46.1233345],[26.0518959,46.1239219],[26.0517434,46.1241587],[26.0510253,46.1245352],[26.050478,46.1249855],[26.0506498,46.1257782],[26.0508707,46.1259611],[26.0508521,46.1262388],[26.0503238,46.1276976],[26.0504078,46.1283102],[26.0497322,46.1290142],[26.0494703,46.1298654],[26.0490146,46.1306932],[26.049359,46.1316483],[26.0485966,46.1328739],[26.0475749,46.1331775],[26.047278,46.1334744],[26.0470429,46.1338211],[26.0470272,46.1342749],[26.0467876,46.1343613],[26.0463932,46.1359113],[26.0451147,46.1367048],[26.0447949,46.1370607],[26.0442491,46.1382508],[26.0443301,46.1393427],[26.0437546,46.1402389],[26.0429473,46.1410278],[26.0424279,46.1423353],[26.0420836,46.1426662],[26.0418312,46.1427442],[26.040741,46.1426449],[26.0395592,46.1428323],[26.0394525,46.1429342],[26.039457,46.1431774],[26.0393857,46.1432201],[26.0393853,46.1432205],[26.0393751,46.1433212],[26.0393751,46.1433213],[26.039078,46.1435929],[26.0385134,46.1437829],[26.0381025,46.1438035],[26.0381024,46.1438035],[26.0377153,46.1437902],[26.0367258,46.1439],[26.0364611,46.1439696],[26.0361245,46.1440735],[26.0361244,46.1440735],[26.0356415,46.144179],[26.0354295,46.1439781],[26.0347393,46.1436543],[26.0340842,46.1429339],[26.0337464,46.1428198],[26.0328108,46.1429931],[26.0325165,46.1431885],[26.0323186,46.1434916],[26.032032,46.1435687],[26.0314908,46.1434791],[26.0308219,46.1431898],[26.0300528,46.1432581],[26.0296825,46.1431282],[26.0294645,46.142775],[26.0293361,46.1409119],[26.0287049,46.1395319],[26.0287313,46.1387387],[26.0285176,46.1381718],[26.0268929,46.1371209],[26.0261365,46.1368268],[26.0249213,46.1361578],[26.0238566,46.1353684],[26.0219716,46.1342735],[26.0217394,46.1333193],[26.0217623,46.1326987],[26.0223068,46.1324434],[26.0219791,46.1323548],[26.0219639,46.1321562],[26.0214448,46.1319302],[26.0213361,46.1322413],[26.0210165,46.1322879],[26.0204877,46.1316902],[26.0202433,46.1311595],[26.0195635,46.1309071],[26.0202845,46.1301392],[26.0202073,46.1299848],[26.0198914,46.1299161],[26.0193348,46.1295194],[26.0193879,46.1291432],[26.0197343,46.1286908],[26.019468,46.128208],[26.0195388,46.1280165],[26.0150118,46.1282596],[26.0136332,46.1284328],[26.0124771,46.1287254],[26.0113484,46.1288009],[26.0100593,46.1290151],[26.0086687,46.1297888],[26.0064455,46.1304029],[26.0035065,46.1298799],[26.0017106,46.1300806],[26.0009091,46.1300518],[25.9999687,46.1291474],[25.9993545,46.1287233],[25.9989335,46.128222],[25.9971626,46.1274655],[25.9963055,46.1265798],[25.995059,46.1262525],[25.9941667,46.1259111],[25.9934659,46.1253328],[25.9927017,46.1252034],[25.991737,46.1252485],[25.9902462,46.1257539],[25.9882056,46.1261354],[25.9871747,46.1264714],[25.9854673,46.1271514],[25.9848371,46.1277081],[25.9836729,46.1284422],[25.9831064,46.1291637],[25.9824035,46.1314412],[25.9829321,46.1332008],[25.9828424,46.1338117],[25.9824086,46.1342602],[25.9819418,46.1344957],[25.9799096,46.1350755],[25.9787088,46.1351286],[25.9778854,46.1349974],[25.9768905,46.1348611],[25.9766479,46.1346004],[25.9763135,46.1338079],[25.9755788,46.1331282],[25.9749081,46.1329213],[25.9734768,46.1329335],[25.9708575,46.1325596],[25.969721,46.1327335],[25.9683543,46.1324648],[25.9671569,46.1314267],[25.9656024,46.13103],[25.9649688,46.1310684],[25.9642977,46.1308325],[25.9633781,46.1306953],[25.9613663,46.1308861],[25.9593899,46.1307094],[25.9587945,46.13084],[25.9580164,46.1308465],[25.9573056,46.1307269],[25.9566207,46.1305007],[25.9563767,46.1300486],[25.9558708,46.1297244],[25.9551434,46.1294502],[25.9546505,46.1298795],[25.9539004,46.1298954],[25.95323,46.1296981],[25.9520332,46.1296017],[25.9502913,46.1293263],[25.9485314,46.1296115],[25.9477657,46.1295309],[25.9471101,46.1293914],[25.9464233,46.1290492],[25.9451019,46.1281615],[25.944318,46.1278299],[25.9416535,46.1272238],[25.9407764,46.1271247],[25.9395108,46.1267171],[25.9401105,46.1260042],[25.9407932,46.1249228],[25.9422587,46.1235825],[25.9426269,46.1232013],[25.9430083,46.1228872],[25.9435092,46.122488],[25.9435908,46.1223194],[25.9435908,46.122319],[25.9428064,46.1209642],[25.9428063,46.1209641],[25.941319,46.1194972],[25.9413189,46.1194971],[25.9410349,46.1191382],[25.9410073,46.1189366],[25.9415768,46.1183099],[25.9418358,46.1177779],[25.941272,46.1174604],[25.9405958,46.1168379],[25.9409132,46.116417],[25.9406382,46.1162468],[25.9402221,46.1156752],[25.9399318,46.1155529],[25.9396788,46.1124765],[25.939354,46.1119991],[25.9381702,46.1111855],[25.9378702,46.1108779],[25.9379538,46.110306],[25.9375973,46.1094366],[25.9375355,46.1089821],[25.9377713,46.1081812],[25.9383645,46.1074758],[25.9383664,46.1068478],[25.9385611,46.1065929],[25.9384831,46.1060589],[25.9390157,46.1045362],[25.9389702,46.1043968],[25.9374511,46.1030597],[25.9365957,46.1024951],[25.9364112,46.1023032],[25.9363726,46.1021608],[25.9361676,46.1007506],[25.9359561,46.1003908],[25.9356008,46.1001078],[25.9352158,46.0994807],[25.9351036,46.0992716],[25.9354331,46.0980416],[25.935437,46.0975542],[25.9354813,46.0973185],[25.9355504,46.0971162],[25.9355824,46.0968638],[25.9355287,46.0965449],[25.9355713,46.0962083],[25.9368539,46.0941807],[25.9369187,46.0937263],[25.9369187,46.0937262],[25.9367451,46.0927443],[25.9369432,46.0915996],[25.9369324,46.090961],[25.9362347,46.0889915],[25.9346399,46.0861132],[25.9345362,46.0856939],[25.9346482,46.0851719],[25.9346482,46.0851718],[25.934847,46.0847836],[25.9352005,46.0842596],[25.9352795,46.0839311],[25.9351527,46.0835874],[25.934189,46.0830155],[25.9335689,46.0827684],[25.9327693,46.0826237],[25.9321721,46.0823008],[25.9318608,46.0817486],[25.9316386,46.0814646],[25.9314299,46.0812646],[25.9311372,46.0810739],[25.9306536,46.0810776],[25.9300597,46.0809312],[25.9297543,46.0807403],[25.9290623,46.080519],[25.9285292,46.0804225],[25.9266966,46.079891],[25.9258849,46.0797463],[25.9254325,46.0794138],[25.9252163,46.07876],[25.9248551,46.0781072],[25.9248034,46.0778974],[25.9257514,46.0760912],[25.9268039,46.0747547],[25.9268216,46.074368],[25.9266515,46.0735878],[25.9258633,46.0726696],[25.9252478,46.070523],[25.9252315,46.0695479],[25.9250319,46.0691631],[25.9248336,46.0681309],[25.9248108,46.0674926],[25.9245782,46.0673009],[25.9235672,46.0667628],[25.9232363,46.066753],[25.9232835,46.0665092],[25.9232835,46.0665089],[25.9227553,46.0659627],[25.9226799,46.0657869],[25.922612,46.0656908],[25.9226282,46.0655856],[25.9225902,46.0654724],[25.9225387,46.0652796],[25.9224165,46.0651922],[25.9216532,46.0650386],[25.9204004,46.0648512],[25.9202425,46.0647936],[25.919908,46.0646367],[25.9198436,46.064406],[25.9198,46.0643223],[25.9197503,46.0642428],[25.9195729,46.0640972],[25.919493,46.0640138],[25.9193526,46.0639183],[25.9191396,46.0638149],[25.9191395,46.0638149],[25.9189392,46.0637409],[25.9185672,46.063517],[25.9185671,46.0635169],[25.9181495,46.0630916],[25.9177336,46.0623974],[25.9174334,46.0621267],[25.9173719,46.0620558],[25.9173523,46.0619718],[25.917332,46.0618375],[25.9173296,46.0616946],[25.9173457,46.0615726],[25.9174026,46.0613663],[25.9174027,46.0613662],[25.9174552,46.0612565],[25.9175678,46.0611338],[25.9176503,46.0610113],[25.9177442,46.0608466],[25.9177667,46.0607497],[25.9177352,46.060666],[25.9176787,46.060528],[25.9176786,46.0605277],[25.9177478,46.0603381],[25.9177808,46.0601445],[25.9177675,46.060069],[25.9177675,46.0600689],[25.9177658,46.0599681],[25.9178569,46.0596354],[25.9179261,46.0594374],[25.9180203,46.0592979],[25.9180204,46.0592979],[25.9182878,46.0590478],[25.9182879,46.0590478],[25.9186145,46.0587216],[25.9189121,46.0584713],[25.9195626,46.0580206],[25.9197063,46.057948],[25.9201608,46.0576922],[25.9202918,46.0575861],[25.9208239,46.057275],[25.9212751,46.0571789],[25.9217134,46.0570409],[25.9221698,46.0568942],[25.9222521,46.0567677],[25.9223647,46.0566406],[25.9224761,46.0564465],[25.9229413,46.0557409],[25.9235154,46.0550597],[25.9236683,46.0548189],[25.9236684,46.0548189],[25.9237512,46.0547216],[25.9238521,46.0546157],[25.9239289,46.0545184],[25.9239757,46.0544256],[25.9240395,46.0542738],[25.9240552,46.0541266],[25.9239796,46.0535725],[25.9238523,46.0531785],[25.9238023,46.053078],[25.9237142,46.0528602],[25.9236752,46.0523311],[25.9234602,46.05211],[25.9228164,46.0515058],[25.9227358,46.0513762],[25.9226347,46.0511039],[25.9226201,46.0509527],[25.9226228,46.050751],[25.9226023,46.0506041],[25.9226023,46.050604],[25.9226767,46.0503597],[25.922902,46.0501226],[25.9232189,46.0499393],[25.9233256,46.049825],[25.9234122,46.049589],[25.9234122,46.0495889],[25.9234309,46.049261],[25.9234586,46.0491095],[25.9234629,46.0490044],[25.9235374,46.0487684],[25.923526,46.0484492],[25.923479,46.0481596],[25.9233964,46.0479123],[25.9233989,46.0473408],[25.9234932,46.0472055],[25.9236219,46.0469608],[25.9236564,46.0468554],[25.9236837,46.0466828],[25.923638,46.0464774],[25.923638,46.0464773],[25.9231061,46.0457],[25.9228586,46.0453322],[25.9228585,46.0453321],[25.9226914,46.0450814],[25.9226401,46.0448968],[25.9226707,46.0445604],[25.9227323,46.0442742],[25.9227628,46.0439293],[25.9228545,46.0432772],[25.922827,46.0430715],[25.9228232,46.0428446],[25.9227514,46.0425216],[25.9225882,46.0421405],[25.9225741,46.0420187],[25.9225707,46.0418129],[25.9225706,46.0418128],[25.9223515,46.0413355],[25.9222972,46.0409746],[25.9222762,46.0407983],[25.9222762,46.0407982],[25.922219,46.0406264],[25.9218185,46.0401295],[25.9213615,46.0398601],[25.9209641,46.0395481],[25.9208891,46.0393974],[25.9206552,46.0391219],[25.9202248,46.0389087]]]}},{"type":"Feature","properties":{"entity_id":"osm-r14735726","jurisdiction":"RO","display_name":"BĂȚANI","display_type":"commune","admin_level":8,"tier":"local","legal_registry":"SIRUTA","legal_id":"63802","legal_type":"commune","parent_catalog_id":"osm-r2248621","osm_relation_id":14735726,"legal_identity_status":"reconciled","geometry_source":"OpenStreetMap","canonical_geometry_role":null,"geometry_scope":null,"geometry_precision":"master_coordinate_fidelity"},"geometry":{"type":"Polygon","coordinates":[[[25.8218932,46.1529256],[25.8218557,46.1531099],[25.821038,46.1546866],[25.8177885,46.1563732],[25.8163349,46.1575491],[25.8147383,46.1597683],[25.8126637,46.1615845],[25.8106807,46.1628971],[25.809056,46.163612],[25.8073821,46.1641812],[25.806095,46.1643256],[25.8053924,46.1647468],[25.8043828,46.1676324],[25.8035422,46.1694421],[25.8038576,46.1701326],[25.8041307,46.1717387],[25.803962,46.1727921],[25.8022253,46.1733633],[25.800032,46.173772],[25.7984452,46.1742341],[25.7976208,46.1743297],[25.7950477,46.1743832],[25.7936947,46.1739772],[25.7921327,46.1757928],[25.7917393,46.1758877],[25.7913687,46.1762771],[25.7910668,46.1769128],[25.7886548,46.1797384],[25.7895328,46.181959],[25.7910124,46.184433],[25.7916882,46.1853222],[25.7896673,46.187798],[25.7905469,46.1900262],[25.7907146,46.1914489],[25.7906501,46.1929374],[25.7898933,46.1939545],[25.7885322,46.1946781],[25.7875155,46.1955184],[25.7865074,46.1969539],[25.7850706,46.1983923],[25.7844026,46.1996469],[25.7831262,46.2003104],[25.781501,46.2005596],[25.7800497,46.2009862],[25.7788647,46.2020658],[25.7776856,46.2035619],[25.7764182,46.2048802],[25.7754945,46.2062555],[25.7738933,46.2082308],[25.7719846,46.2091777],[25.7707776,46.2099427],[25.7691774,46.2103011],[25.7661536,46.2107561],[25.7652351,46.2134885],[25.7646022,46.2137828],[25.7645606,46.2144308],[25.7649888,46.2147026],[25.765317,46.2154258],[25.7614075,46.218241],[25.7522097,46.2160177],[25.7510216,46.2163449],[25.7507793,46.2163338],[25.7500222,46.2158555],[25.7482931,46.2160181],[25.7469799,46.2155981],[25.7461667,46.2154521],[25.7453304,46.2153819],[25.7443943,46.2155435],[25.7436004,46.2154772],[25.7434859,46.2150703],[25.7428448,46.2151081],[25.7404894,46.2146107],[25.7393198,46.2145131],[25.7381509,46.2140164],[25.7372048,46.2138838],[25.7364253,46.2135359],[25.735789,46.2134769],[25.7354663,46.2133403],[25.7351779,46.213048],[25.7353003,46.21269],[25.73522,46.2125687],[25.7348993,46.2125792],[25.7346677,46.2124588],[25.7341917,46.2126257],[25.7336055,46.2122429],[25.7330365,46.2122423],[25.7326837,46.2121143],[25.7323762,46.2122003],[25.7322461,46.2124323],[25.7324177,46.2125908],[25.7323659,46.2127929],[25.7321374,46.212912],[25.7310517,46.2122928],[25.7310374,46.2121248],[25.7312711,46.2119468],[25.7302995,46.2112513],[25.7292682,46.2106233],[25.7279056,46.2101067],[25.7254034,46.2099334],[25.7250632,46.2098389],[25.7244832,46.209456],[25.723065,46.2093137],[25.7227183,46.2091898],[25.7222039,46.2091931],[25.720875,46.2093989],[25.7187574,46.2094669],[25.7173448,46.2092866],[25.7161924,46.2086425],[25.7136328,46.2068221],[25.7122304,46.206024],[25.7115968,46.2057002],[25.7087888,46.2047847],[25.7060704,46.2023432],[25.7056205,46.202182],[25.7046461,46.2021796],[25.7005105,46.202974],[25.6989263,46.2035594],[25.6985994,46.203553],[25.6983963,46.2032853],[25.6974576,46.2032364],[25.6957028,46.2037471],[25.6948417,46.2031304],[25.6947659,46.2023955],[25.6941042,46.2017523],[25.6929574,46.2010323],[25.6928217,46.2008272],[25.6933221,46.2006813],[25.693186,46.1999593],[25.6932333,46.1989085],[25.694012,46.1977944],[25.6939852,46.1971054],[25.6935412,46.1964484],[25.6935757,46.1958178],[25.6934384,46.1954867],[25.6936678,46.1939977],[25.6934835,46.1933012],[25.6935794,46.1927418],[25.6935112,46.1921329],[25.6932061,46.1914497],[25.6928222,46.1892963],[25.6930135,46.188627],[25.6930111,46.1879547],[25.6928321,46.1871909],[25.691669,46.1856221],[25.6915535,46.1841268],[25.6916252,46.1835759],[25.6914438,46.1830937],[25.6910504,46.1826003],[25.6906813,46.1806569],[25.6905081,46.1803553],[25.6897366,46.179612],[25.6880475,46.1785338],[25.6842505,46.1767412],[25.6834495,46.1765358],[25.6827907,46.1760943],[25.6817258,46.1755838],[25.679592,46.1742266],[25.6778307,46.1726612],[25.6775159,46.172142],[25.6767523,46.1715329],[25.6761544,46.1701203],[25.6755165,46.1693971],[25.6750354,46.1686267],[25.6746658,46.1670867],[25.6742853,46.166135],[25.6728761,46.1646473],[25.6726278,46.1631276],[25.6718147,46.1624011],[25.6714727,46.1616299],[25.6713748,46.161038],[25.6709071,46.1603684],[25.6706672,46.1595419],[25.6702033,46.1591875],[25.6697118,46.1590433],[25.6693766,46.1588309],[25.6714247,46.15668],[25.6719218,46.156282],[25.6723835,46.1554641],[25.6725744,46.1542569],[25.6734039,46.1539866],[25.6741595,46.1533315],[25.6767424,46.1524254],[25.6779138,46.1518007],[25.6788004,46.151619],[25.6802371,46.1509381],[25.6805893,46.1500745],[25.680804,46.1498379],[25.6808566,46.1491989],[25.6809871,46.1489922],[25.6820285,46.1476371],[25.6826739,46.1470281],[25.6831614,46.1468445],[25.6832555,46.1466296],[25.6829251,46.1448414],[25.6820359,46.1433339],[25.6810048,46.1420794],[25.6798308,46.1409937],[25.6781242,46.1398609],[25.6769825,46.1384472],[25.6765137,46.1371809],[25.6758586,46.136504],[25.675011,46.1358997],[25.6736791,46.135231],[25.6736107,46.1350717],[25.6738336,46.1350116],[25.674439,46.1350878],[25.6751688,46.1349533],[25.6753003,46.134839],[25.6754538,46.1345356],[25.675396,46.1342585],[25.675917,46.1333646],[25.6760408,46.1326074],[25.6765364,46.1321171],[25.6766455,46.1316416],[25.6769167,46.1315769],[25.6769425,46.131527],[25.6771855,46.1316285],[25.6790385,46.1323992],[25.6794069,46.132376],[25.6790996,46.1319618],[25.6786246,46.1301955],[25.6788068,46.1292825],[25.6797152,46.1284429],[25.6798288,46.1268622],[25.6794144,46.1255956],[25.6787899,46.1249437],[25.6782571,46.1238711],[25.6779536,46.1217886],[25.6775493,46.1213455],[25.6773505,46.1209013],[25.6777235,46.1196053],[25.6785376,46.1181543],[25.6817347,46.1147567],[25.6821063,46.1135274],[25.6820075,46.1133599],[25.680767,46.1127117],[25.6800407,46.1126152],[25.6788875,46.1121934],[25.6786754,46.1116484],[25.6779071,46.111073],[25.6773998,46.1110928],[25.6769624,46.1108937],[25.6761074,46.1101507],[25.6758215,46.1094969],[25.6752358,46.1090297],[25.6740236,46.108709],[25.673214,46.1077137],[25.673243,46.1071168],[25.6728153,46.1067243],[25.6712713,46.1059433],[25.6709391,46.1054494],[25.6713434,46.1049133],[25.6713549,46.1043628],[25.6718188,46.104255],[25.6720642,46.1040728],[25.6723853,46.1041424],[25.67265,46.1040526],[25.6725967,46.1036453],[25.6729306,46.1032819],[25.672933,46.1029793],[25.6733326,46.1030526],[25.6736133,46.1032863],[25.6737514,46.103214],[25.6738493,46.1028226],[25.6737511,46.1021971],[25.6739409,46.101906],[25.6739676,46.10112],[25.6741097,46.1008839],[25.6749282,46.100131],[25.6753139,46.1000615],[25.6757092,46.0992817],[25.6782793,46.0980311],[25.6783232,46.0971777],[25.6790978,46.0967991],[25.6787564,46.0965406],[25.6786353,46.0960202],[25.6788218,46.0959603],[25.6789386,46.0961319],[25.6792413,46.0961847],[25.6794699,46.0956119],[25.6792314,46.0953737],[25.6791012,46.0946097],[25.6785308,46.0943946],[25.677897,46.0939319],[25.677594,46.0938496],[25.6772636,46.0940029],[25.6771294,46.0938944],[25.6770429,46.0937352],[25.6771837,46.0933898],[25.6769883,46.0932187],[25.6769611,46.0929667],[25.6772225,46.0926121],[25.6768613,46.0922192],[25.6768644,46.0919713],[25.6766428,46.0916364],[25.676492,46.0916457],[25.6761862,46.0913408],[25.6756837,46.0912345],[25.675269,46.0909091],[25.6751507,46.0906241],[25.6744893,46.0903674],[25.6740748,46.0900547],[25.6743493,46.0892841],[25.674246,46.0882425],[25.6738861,46.0874504],[25.6730166,46.086968],[25.6720696,46.0860701],[25.6710778,46.085454],[25.6706394,46.0856583],[25.6704527,46.0862014],[25.6701448,46.0862117],[25.6700318,46.085355],[25.670369,46.0847689],[25.6717437,46.0850887],[25.6720478,46.0852634],[25.6728244,46.0850655],[25.6732316,46.0852732],[25.6735497,46.0851158],[25.6745961,46.0852442],[25.6750454,46.0849473],[25.6754128,46.0848695],[25.6765251,46.0849596],[25.6758092,46.0841906],[25.6750786,46.0842033],[25.6742277,46.0837503],[25.673982,46.0834156],[25.6735113,46.0819517],[25.674031,46.0814864],[25.6752581,46.0810841],[25.6753185,46.0805963],[25.6758148,46.0796983],[25.6783864,46.0776533],[25.6783697,46.0767793],[25.6792215,46.0753371],[25.6795164,46.0752597],[25.6799024,46.0747279],[25.6802825,46.0747088],[25.6804136,46.074561],[25.6805481,46.0732196],[25.681007,46.0732253],[25.6810724,46.0731409],[25.6810106,46.0725319],[25.6811521,46.0722579],[25.680834,46.0719194],[25.6814673,46.0713777],[25.6810741,46.071317],[25.6808732,46.0711796],[25.6805672,46.0698618],[25.6801578,46.0689692],[25.681539,46.0683684],[25.6822859,46.0677336],[25.6840229,46.0666138],[25.6867135,46.0654799],[25.6872622,46.0654261],[25.6866919,46.064711],[25.6865839,46.0642788],[25.6874886,46.0627479],[25.6886369,46.059459],[25.6889802,46.0569607],[25.6884351,46.0573044],[25.6876202,46.0572967],[25.6863022,46.0561489],[25.6861193,46.0555197],[25.6855194,46.0558133],[25.6845675,46.0559576],[25.6827569,46.0554894],[25.6827802,46.0554178],[25.6826304,46.0555028],[25.6814438,46.0552115],[25.6801148,46.0546353],[25.6799657,46.054779],[25.6790119,46.054272],[25.6793436,46.0537616],[25.678352,46.0526328],[25.6773361,46.0519791],[25.6757224,46.0517995],[25.6734058,46.0508887],[25.6713472,46.0503461],[25.6709301,46.0502939],[25.6707509,46.0504504],[25.6678546,46.0515054],[25.6668621,46.0522844],[25.6663687,46.0529176],[25.6662727,46.0534687],[25.6657725,46.0535262],[25.6653219,46.0532011],[25.6645398,46.0529073],[25.6634407,46.0528548],[25.6640247,46.0512209],[25.6639003,46.0504106],[25.66245,46.0492423],[25.6620307,46.0490052],[25.6613421,46.0489546],[25.6612083,46.0488671],[25.6607945,46.049088],[25.6600589,46.0491511],[25.6596576,46.0488971],[25.6580086,46.0487805],[25.6575899,46.0485854],[25.6544366,46.0478261],[25.6541135,46.0475506],[25.6531665,46.0470854],[25.6522311,46.0460611],[25.6513193,46.045499],[25.6509478,46.0446943],[25.6503138,46.0441516],[25.6492856,46.0439515],[25.6472141,46.0432951],[25.6454939,46.0432628],[25.6454919,46.0430989],[25.6462182,46.0427586],[25.6461381,46.0426204],[25.6457874,46.0425593],[25.645874,46.0422227],[25.6454812,46.0421787],[25.6452685,46.0420454],[25.6447916,46.0415144],[25.6448079,46.0413546],[25.6452338,46.0411421],[25.6446721,46.0410906],[25.6441905,46.0406773],[25.6439599,46.0400398],[25.6427683,46.038748],[25.6427102,46.0384248],[25.641049,46.037472],[25.6416522,46.0372036],[25.6431771,46.0370606],[25.6433741,46.0368788],[25.6437891,46.036763],[25.6446811,46.0366781],[25.6456247,46.0363576],[25.6466013,46.0362806],[25.6472494,46.0359786],[25.6481612,46.0344858],[25.6487063,46.0341465],[25.6495006,46.0339697],[25.6504733,46.0335608],[25.6513561,46.0326984],[25.6517149,46.0319148],[25.6516632,46.0311082],[25.651973,46.0302618],[25.6521579,46.03008],[25.6551122,46.0278695],[25.6559162,46.0269908],[25.6563198,46.026938],[25.6568293,46.0266577],[25.655391,46.0259348],[25.6546856,46.0254598],[25.653559,46.0250754],[25.6531003,46.025057],[25.6497094,46.0219162],[25.6489012,46.0214081],[25.6480655,46.021127],[25.647464,46.0207607],[25.6469326,46.0201879],[25.6455087,46.0191244],[25.6452393,46.0187855],[25.6459419,46.0179915],[25.6460561,46.0174403],[25.6465319,46.017383],[25.6466382,46.0171849],[25.6468365,46.017125],[25.6459794,46.0165541],[25.6459352,46.0163778],[25.6463923,46.0157491],[25.6466072,46.015563],[25.6474159,46.0156046],[25.6496019,46.0153064],[25.6512753,46.0155365],[25.6519007,46.0153732],[25.6524383,46.0154458],[25.6534623,46.0148138],[25.6545875,46.0145888],[25.6567834,46.0146266],[25.6573242,46.0144554],[25.6578983,46.0145488],[25.658362,46.0144915],[25.6587435,46.0146195],[25.6602826,46.0138254],[25.662546,46.0134594],[25.6633494,46.0130597],[25.6634332,46.0120002],[25.6636953,46.0117213],[25.6637291,46.0115194],[25.6634471,46.0111428],[25.663479,46.0107812],[25.664612,46.0097072],[25.6647835,46.0089162],[25.6648287,46.0086638],[25.6646412,46.0081102],[25.664885,46.00581],[25.6646854,46.0052607],[25.6650347,46.0047123],[25.6653385,46.0033952],[25.6656345,46.0034397],[25.6677181,46.0021963],[25.66889,46.00187],[25.6694863,46.0018119],[25.6705732,46.0019358],[25.6715557,46.0019006],[25.6720701,46.0015614],[25.6725333,46.0004703],[25.6727919,46.0004141],[25.6732207,46.0004662],[25.6738804,46.0006682],[25.6751582,46.000127],[25.6756353,46.0001914],[25.6760368,46.000479],[25.6765148,46.0006148],[25.6773717,46.0006644],[25.6776994,46.0003473],[25.6779758,46.0002616],[25.6785622,46.0003884],[25.6793873,46.0007953],[25.6796163,46.0007898],[25.6800358,46.0005729],[25.6803484,46.0009913],[25.6810309,46.0010797],[25.681204,46.0009358],[25.6818312,46.0009405],[25.6819175,46.0010996],[25.6826817,46.0014523],[25.683525,46.00138],[25.6843122,46.0016484],[25.6847416,46.0012592],[25.6846335,46.0008102],[25.6850319,46.000354],[25.6850377,45.9998455],[25.6853473,45.9995284],[25.685926,45.9995165],[25.6860517,45.9994401],[25.6864055,45.9983034],[25.6866339,45.9982474],[25.6873233,45.9984113],[25.6877509,45.9983709],[25.688681,45.9980039],[25.6899075,45.9972359],[25.6904594,45.9965265],[25.6907951,45.9963648],[25.6910344,45.995733],[25.6913837,45.995214],[25.6918785,45.9947614],[25.692149,45.9946967],[25.6928068,45.9942641],[25.6935282,45.9936083],[25.6939712,45.9928786],[25.693734,45.9922287],[25.6940833,45.9917181],[25.6944427,45.9915268],[25.6957824,45.9901865],[25.6962733,45.9899145],[25.6964442,45.9896025],[25.6972787,45.9893243],[25.698554,45.9886189],[25.7014512,45.9874623],[25.7036052,45.9871339],[25.7044323,45.9872296],[25.7050312,45.9869192],[25.705736,45.986877],[25.7076477,45.9869282],[25.7083126,45.987067],[25.709012,45.9870753],[25.7100794,45.9875771],[25.7122056,45.9879001],[25.7132593,45.9877968],[25.7140263,45.9879013],[25.7147105,45.9876659],[25.7156367,45.987492],[25.7185046,45.9873648],[25.7191804,45.9874109],[25.720547,45.9872636],[25.722286,45.9874838],[25.7243536,45.9874665],[25.7244808,45.9875119],[25.7243306,45.987663],[25.7242472,45.987735],[25.7240852,45.9877992],[25.7240498,45.987854],[25.7240624,45.9879043],[25.7240624,45.9879044],[25.7240304,45.9882239],[25.7240304,45.988224],[25.7240081,45.9883586],[25.7241434,45.9885678],[25.7242425,45.9887731],[25.724238,45.9888866],[25.7244194,45.9893855],[25.724735,45.9904719],[25.724735,45.990472],[25.7247773,45.9909381],[25.7247773,45.9909382],[25.7246994,45.9914387],[25.724513,45.99194],[25.7244305,45.9920833],[25.7243177,45.9922101],[25.7243176,45.9922103],[25.7242894,45.9923617],[25.7243002,45.9927229],[25.7243002,45.992723],[25.7242632,45.9931224],[25.7242245,45.9933875],[25.7243317,45.9937523],[25.7243317,45.9937524],[25.7243521,45.9939245],[25.7244505,45.9940414],[25.7249601,45.9938079],[25.7251919,45.9940579],[25.7254867,45.9944762],[25.7256857,45.9949371],[25.7256723,45.9952901],[25.7256723,45.9952903],[25.7256724,45.9952905],[25.7258492,45.9954489],[25.7261413,45.9956571],[25.7263067,45.9958578],[25.7264837,45.9960206],[25.7267883,45.9962582],[25.7269948,45.9963745],[25.7274876,45.9967118],[25.7276217,45.9968202],[25.7276218,45.9968203],[25.7277483,45.997009],[25.7276067,45.9970408],[25.7274931,45.9971839],[25.7276933,45.9975477],[25.7277428,45.9979435],[25.7275958,45.9995967],[25.7279062,45.9995638],[25.7282915,45.9991529],[25.7285217,45.999102],[25.7288131,46.0003316],[25.7293531,46.0015596],[25.7305921,46.0025914],[25.7311725,46.0035097],[25.7321721,46.0045616],[25.7322755,46.0049941],[25.7315448,46.0068305],[25.7313687,46.0076176],[25.7312965,46.0088743],[25.7314973,46.0099622],[25.7312105,46.0101638],[25.7297411,46.0104685],[25.7281496,46.011017],[25.727595,46.0113918],[25.7276608,46.0116637],[25.7279418,46.0121013],[25.7283193,46.0124393],[25.7294357,46.0129148],[25.7293001,46.0140853],[25.7295573,46.0147272],[25.729955,46.0145824],[25.730169,46.0146429],[25.7302423,46.0148157],[25.7309974,46.0148232],[25.7316135,46.0150668],[25.733534,46.0152185],[25.7355274,46.015509],[25.7356849,46.0159968],[25.7366637,46.0174695],[25.737258,46.01741],[25.7368954,46.0181983],[25.7378082,46.018706],[25.7385184,46.019345],[25.7387554,46.0198014],[25.7392038,46.0201142],[25.7400604,46.0204057],[25.740951,46.0205793],[25.7416845,46.0209583],[25.7423306,46.0214491],[25.7430148,46.0221254],[25.7433242,46.0226804],[25.7434114,46.0238803],[25.7432747,46.0242897],[25.7428726,46.024775],[25.7427748,46.0254316],[25.74366,46.0265212],[25.7446086,46.0263789],[25.7449263,46.0262221],[25.7460268,46.0261406],[25.7465382,46.0258526],[25.7466304,46.0254436],[25.7472599,46.0253467],[25.7480414,46.0253292],[25.7483304,46.02568],[25.7485898,46.0258145],[25.7495665,46.0257709],[25.7501552,46.0259527],[25.7503935,46.0258336],[25.7503894,46.0255304],[25.7508752,46.025323],[25.751618,46.0244146],[25.7526223,46.0244513],[25.7531986,46.0243671],[25.7532405,46.0241811],[25.7537261,46.0239613],[25.7539099,46.0237559],[25.7536908,46.0233242],[25.7533707,46.0233015],[25.7530782,46.022697],[25.7534995,46.0223229],[25.7535322,46.0221123],[25.7534181,46.0215561],[25.7531633,46.0211122],[25.7538363,46.0209592],[25.7560383,46.0208828],[25.7562738,46.0199159],[25.7570086,46.0190818],[25.7573549,46.0184235],[25.7584581,46.0172528],[25.7590216,46.0168901],[25.7600816,46.0164623],[25.7605253,46.0164346],[25.761673,46.017219],[25.7623934,46.0179321],[25.7630267,46.0187695],[25.7632106,46.0192262],[25.7637666,46.0196062],[25.7639674,46.0200009],[25.7638424,46.0212394],[25.7639635,46.0222906],[25.7642055,46.0230935],[25.764038,46.0251244],[25.7641406,46.0261262],[25.7644488,46.0265697],[25.7655597,46.027243],[25.7669521,46.0277164],[25.7686611,46.0279524],[25.770112,46.0275095],[25.7742382,46.0265286],[25.7749022,46.0270006],[25.775098,46.0270241],[25.7781123,46.0265828],[25.779107,46.0265636],[25.7810117,46.0268106],[25.7815837,46.0270542],[25.782897,46.0282086],[25.7831719,46.0288008],[25.783656,46.029107],[25.7839747,46.0290305],[25.7840488,46.0292404],[25.7838966,46.0297922],[25.7843173,46.0300121],[25.7838751,46.0307825],[25.7842546,46.0312316],[25.7843618,46.0318993],[25.7843022,46.0320853],[25.7838176,46.0323733],[25.7841954,46.0326987],[25.7829978,46.0328307],[25.7820242,46.0330972],[25.7820451,46.0333199],[25.7824312,46.0336019],[25.78269,46.034318],[25.782243,46.034748],[25.7821654,46.0349157],[25.782336,46.0350445],[25.7820185,46.0352137],[25.7817658,46.035562],[25.7821029,46.0355287],[25.7824289,46.0353347],[25.7825813,46.0354265],[25.7824361,46.0358421],[25.7822508,46.0359362],[25.7821306,46.036234],[25.781981,46.0363341],[25.7813848,46.0362701],[25.7811222,46.0365503],[25.7805219,46.0368329],[25.7803743,46.0370753],[25.7806883,46.0372897],[25.7806277,46.0374015],[25.779134,46.0379687],[25.7790129,46.0382046],[25.7786956,46.0383863],[25.7786368,46.0386342],[25.7782175,46.0391445],[25.7777119,46.0392098],[25.7775232,46.0396938],[25.7776637,46.0402065],[25.7776071,46.0406091],[25.7774055,46.0408085],[25.7757803,46.0415126],[25.7749113,46.0416423],[25.7745165,46.0420039],[25.7738113,46.0424171],[25.773413,46.0425312],[25.7731844,46.042706],[25.7729508,46.0431593],[25.7725466,46.0434839],[25.7717265,46.0439411],[25.7716758,46.0441333],[25.7709542,46.0446395],[25.7703357,46.0448973],[25.7703735,46.0450642],[25.770225,46.0452446],[25.7695632,46.0455895],[25.7691288,46.0456604],[25.7690067,46.0458284],[25.7689506,46.0462743],[25.7686896,46.0466721],[25.7702493,46.0469958],[25.7708935,46.047307],[25.7722745,46.0488325],[25.7730865,46.0503431],[25.7736152,46.0506551],[25.7735066,46.0508323],[25.7735966,46.0509152],[25.7742425,46.0510191],[25.7744724,46.0512558],[25.7750226,46.0515151],[25.7759227,46.0513667],[25.7765714,46.0513592],[25.7771829,46.0518717],[25.7780316,46.0521785],[25.7782235,46.0525516],[25.7785489,46.0526267],[25.7788102,46.0528787],[25.7797356,46.0523216],[25.7798001,46.0518508],[25.7802951,46.0516556],[25.7816312,46.0515444],[25.7823288,46.0512271],[25.7824274,46.0512883],[25.782684,46.051203],[25.7839505,46.0512005],[25.7843211,46.0510123],[25.7847329,46.051223],[25.7854176,46.0512493],[25.786529,46.0515851],[25.786719,46.0515095],[25.7868352,46.0515582],[25.7869316,46.0514616],[25.7870305,46.0515414],[25.7873117,46.0513136],[25.7879945,46.0512068],[25.7882705,46.0509295],[25.7887542,46.0508798],[25.788796,46.0506938],[25.7889743,46.0507297],[25.7893582,46.0505383],[25.7896516,46.0505456],[25.7898144,46.0504331],[25.7897767,46.0502848],[25.7902726,46.0501545],[25.7912348,46.0496961],[25.7920033,46.0496723],[25.7929708,46.050829],[25.7928313,46.052572],[25.7930711,46.0528735],[25.7938635,46.0532796],[25.7940591,46.0535907],[25.7944321,46.0544978],[25.7945524,46.0554531],[25.7949106,46.0559488],[25.7956961,46.058035],[25.7961018,46.0584344],[25.7982325,46.0573242],[25.7998928,46.0553385],[25.8017442,46.0542921],[25.8032445,46.0538546],[25.8064674,46.0526933],[25.8076832,46.0525671],[25.8086477,46.0522725],[25.8110465,46.0522029],[25.8116966,46.0522881],[25.8133221,46.0528304],[25.8145796,46.0537219],[25.8164734,46.0546706],[25.8184788,46.0547399],[25.8193656,46.0550203],[25.8197222,46.055459],[25.8202358,46.0565901],[25.8209639,46.0573532],[25.821313,46.0580007],[25.8223809,46.0588464],[25.8233639,46.0599403],[25.8240106,46.0602599],[25.8251795,46.0615888],[25.8257069,46.0625516],[25.8259892,46.064075],[25.8268582,46.0660733],[25.8271877,46.0675249],[25.827932,46.0688475],[25.8287517,46.0699678],[25.8303364,46.0717675],[25.8304871,46.0719534],[25.8306378,46.0721394],[25.8338917,46.0745153],[25.8364351,46.0778082],[25.8370412,46.0791569],[25.8363657,46.0792081],[25.8356154,46.0795077],[25.8346132,46.0803219],[25.8336651,46.0807238],[25.8330224,46.0813377],[25.8329216,46.0816412],[25.8303438,46.082805],[25.8284962,46.0819548],[25.8270676,46.0825367],[25.8244168,46.0833669],[25.8241631,46.0833687],[25.8233643,46.0840678],[25.8230288,46.0846544],[25.8221727,46.0851606],[25.8219056,46.0854735],[25.8217473,46.085794],[25.8216357,46.0868244],[25.821429,46.0871411],[25.8213308,46.0878478],[25.8211056,46.088547],[25.8207465,46.0891757],[25.8207721,46.0896798],[25.8209391,46.0899434],[25.8204668,46.0902704],[25.8202723,46.0914148],[25.8201476,46.0915586],[25.8202026,46.0920078],[25.820433,46.0924768],[25.8197815,46.0933514],[25.819301,46.0935355],[25.8191452,46.094436],[25.8189979,46.094685],[25.8178353,46.0957187],[25.8166664,46.0971516],[25.8162242,46.0974783],[25.8146054,46.0983051],[25.8148612,46.0984462],[25.8151378,46.1004151],[25.815818,46.103125],[25.8167275,46.1033497],[25.8171716,46.1035608],[25.8170378,46.1043182],[25.8138409,46.105484],[25.8117663,46.1065577],[25.811015,46.1072354],[25.8065061,46.1100156],[25.8060548,46.1105609],[25.8057633,46.1112857],[25.8070828,46.1131045],[25.8068284,46.1134803],[25.8055089,46.1145696],[25.8048545,46.1152802],[25.8043432,46.115435],[25.8028644,46.1172188],[25.8026254,46.1178172],[25.8023892,46.1190333],[25.8006268,46.1200206],[25.7996112,46.1220869],[25.7992156,46.1231528],[25.7976963,46.1246594],[25.7971154,46.1254493],[25.7963863,46.1260259],[25.79602,46.1261881],[25.7950831,46.1270225],[25.7949294,46.1272589],[25.7949252,46.1282339],[25.7946439,46.1288451],[25.7948806,46.1297512],[25.7956712,46.130935],[25.7970004,46.1313165],[25.7971311,46.1315762],[25.7982395,46.1321568],[25.79901,46.1327734],[25.7996542,46.1330126],[25.7999611,46.1333424],[25.800465,46.1334944],[25.8005784,46.1338088],[25.8012509,46.1339175],[25.8012125,46.1341868],[25.8020115,46.1346812],[25.8021666,46.1349575],[25.8025667,46.1350346],[25.8026749,46.135412],[25.802913,46.13557],[25.8035634,46.1358218],[25.8044878,46.1357901],[25.8048483,46.1356405],[25.8048697,46.135447],[25.8050084,46.135425],[25.8054353,46.1356826],[25.806088,46.1356738],[25.8065238,46.136133],[25.8068935,46.1361934],[25.8074092,46.1367403],[25.8068387,46.1374167],[25.8069516,46.1376932],[25.8073308,46.1379931],[25.8075663,46.1383949],[25.807806,46.139074],[25.8076765,46.1393186],[25.807254,46.1393636],[25.8069549,46.1395758],[25.8075429,46.1401012],[25.807355,46.1413128],[25.8074309,46.1415392],[25.8080189,46.1420645],[25.8083421,46.1426674],[25.8089015,46.1428903],[25.8100833,46.1443276],[25.8104988,46.1446272],[25.8115094,46.1451075],[25.8119866,46.1454907],[25.8167999,46.1471795],[25.8170579,46.147455],[25.8169416,46.1485904],[25.8170616,46.149346],[25.8182955,46.1510097],[25.8197604,46.1519405],[25.8218932,46.1529256]]]}},{"type":"Feature","properties":{"entity_id":"osm-r14735727","jurisdiction":"RO","display_name":"BIXAD","display_type":"commune","admin_level":8,"tier":"local","legal_registry":"SIRUTA","legal_id":"65121","legal_type":"commune","parent_catalog_id":"osm-r2248621","osm_relation_id":14735727,"legal_identity_status":"reconciled","geometry_source":"OpenStreetMap","canonical_geometry_role":null,"geometry_scope":null,"geometry_precision":"master_coordinate_fidelity"},"geometry":{"type":"Polygon","coordinates":[[[25.9232363,46.066753],[25.9235672,46.0667628],[25.9245782,46.0673009],[25.9248108,46.0674926],[25.9248336,46.0681309],[25.9250319,46.0691631],[25.9252315,46.0695479],[25.9252478,46.070523],[25.9258633,46.0726696],[25.9266515,46.0735878],[25.9268216,46.074368],[25.9268039,46.0747547],[25.9257514,46.0760912],[25.9248034,46.0778974],[25.9248551,46.0781072],[25.9252163,46.07876],[25.9254325,46.0794138],[25.9258849,46.0797463],[25.9266966,46.079891],[25.9285292,46.0804225],[25.9290623,46.080519],[25.9297543,46.0807403],[25.9300597,46.0809312],[25.9306536,46.0810776],[25.9311372,46.0810739],[25.9314299,46.0812646],[25.9316386,46.0814646],[25.9318608,46.0817486],[25.9321721,46.0823008],[25.9327693,46.0826237],[25.9335689,46.0827684],[25.934189,46.0830155],[25.9351527,46.0835874],[25.9352795,46.0839311],[25.9352005,46.0842596],[25.934847,46.0847836],[25.9346482,46.0851718],[25.9346482,46.0851719],[25.9345362,46.0856939],[25.9346399,46.0861132],[25.9362347,46.0889915],[25.9369324,46.090961],[25.9369432,46.0915996],[25.9367451,46.0927443],[25.9369187,46.0937262],[25.9369187,46.0937263],[25.9368539,46.0941807],[25.9355713,46.0962083],[25.9355287,46.0965449],[25.9355824,46.0968638],[25.9355504,46.0971162],[25.9354813,46.0973185],[25.935437,46.0975542],[25.9354331,46.0980416],[25.9351036,46.0992716],[25.9352158,46.0994807],[25.9356008,46.1001078],[25.9359561,46.1003908],[25.9361676,46.1007506],[25.9363726,46.1021608],[25.9364112,46.1023032],[25.9365957,46.1024951],[25.9374511,46.1030597],[25.9389702,46.1043968],[25.9390157,46.1045362],[25.9384831,46.1060589],[25.9385611,46.1065929],[25.9383664,46.1068478],[25.9383645,46.1074758],[25.9377713,46.1081812],[25.9375355,46.1089821],[25.9375973,46.1094366],[25.9379538,46.110306],[25.9378702,46.1108779],[25.9381702,46.1111855],[25.939354,46.1119991],[25.9396788,46.1124765],[25.9399318,46.1155529],[25.9402221,46.1156752],[25.9406382,46.1162468],[25.9409132,46.116417],[25.9405958,46.1168379],[25.941272,46.1174604],[25.9418358,46.1177779],[25.9415768,46.1183099],[25.9410073,46.1189366],[25.9410349,46.1191382],[25.9413189,46.1194971],[25.941319,46.1194972],[25.9428063,46.1209641],[25.9428064,46.1209642],[25.9435908,46.122319],[25.9435908,46.1223194],[25.9435092,46.122488],[25.9430083,46.1228872],[25.9426269,46.1232013],[25.9422587,46.1235825],[25.9407932,46.1249228],[25.9401105,46.1260042],[25.9395108,46.1267171],[25.9377758,46.127784],[25.9359202,46.1284522],[25.9329637,46.1289908],[25.930418,46.1295916],[25.928839,46.1298106],[25.9282863,46.1298207],[25.9273915,46.1296198],[25.9266685,46.1297317],[25.9259646,46.1299997],[25.9245955,46.1301417],[25.9241782,46.130266],[25.9236474,46.1305606],[25.923258,46.1306534],[25.923059,46.1308634],[25.9220054,46.1310162],[25.9208664,46.130966],[25.9195216,46.1310594],[25.918199,46.1309185],[25.9169865,46.1304239],[25.9159575,46.1302319],[25.9141431,46.1304868],[25.913336,46.1304508],[25.9134204,46.1299804],[25.9133118,46.1297435],[25.9133096,46.1287359],[25.9130146,46.1282392],[25.9126074,46.1279434],[25.9123944,46.1274794],[25.9116041,46.1273136],[25.9093412,46.1264147],[25.908817,46.1259869],[25.9077459,46.1254534],[25.907247,46.1249216],[25.9058226,46.1242893],[25.9050157,46.1235789],[25.9048617,46.1232121],[25.9048319,46.1226369],[25.9046001,46.1224156],[25.9037835,46.1222656],[25.9033168,46.1220823],[25.9021334,46.1226156],[25.9003001,46.1230323],[25.8986334,46.1236656],[25.8973334,46.1239823],[25.8967,46.1238823],[25.8961501,46.1238989],[25.8953,46.1236156],[25.8942834,46.1228322],[25.8928667,46.1219822],[25.8925,46.1218656],[25.8919167,46.1214489],[25.8903834,46.1214655],[25.8898,46.1213322],[25.8868167,46.1211655],[25.8837333,46.1219322],[25.88265,46.1224655],[25.8822666,46.1225488],[25.8814666,46.1230155],[25.8786166,46.1234988],[25.8779166,46.1238655],[25.8778032,46.1239385],[25.8777766,46.1239603],[25.87675,46.1236988],[25.8755167,46.1237821],[25.8732667,46.1231821],[25.87085,46.1230654],[25.8705666,46.1232988],[25.8702833,46.1232988],[25.8689167,46.1224154],[25.8685,46.1222654],[25.8654666,46.1213487],[25.8644666,46.121232],[25.8628,46.1206153],[25.8616666,46.120332],[25.8606833,46.1198487],[25.8599,46.1196987],[25.8584333,46.1198153],[25.857204,46.1196519],[25.85655,46.1201051],[25.8553836,46.1204865],[25.8552088,46.1208184],[25.8548948,46.1209398],[25.8543357,46.1213045],[25.8537701,46.1216745],[25.8534319,46.1221212],[25.8529933,46.1227028],[25.8531975,46.1233438],[25.8529074,46.1235764],[25.851943,46.123645],[25.8510547,46.1234122],[25.8505169,46.1230459],[25.85021,46.1230268],[25.8491144,46.1232632],[25.8470668,46.1243044],[25.8468973,46.1245485],[25.8468973,46.1248952],[25.8475259,46.1266582],[25.847362,46.1280753],[25.8458637,46.1305436],[25.8453926,46.1317279],[25.8450972,46.1319339],[25.8444345,46.1321466],[25.8416158,46.1326522],[25.8401277,46.1332358],[25.8390182,46.1340341],[25.8385016,46.1345616],[25.8376517,46.1350466],[25.8374579,46.1353646],[25.8375996,46.1361141],[25.8372385,46.1375134],[25.8375702,46.138586],[25.8377048,46.1398848],[25.8372898,46.1407646],[25.836805,46.1413383],[25.8368279,46.14201],[25.8366154,46.1426634],[25.8342813,46.145197],[25.8330157,46.1460963],[25.8320222,46.1463696],[25.8305484,46.1465488],[25.8287279,46.1474867],[25.8271746,46.1473062],[25.8264671,46.147545],[25.8253168,46.1484305],[25.823784,46.1492574],[25.8232529,46.1496931],[25.8229259,46.1505434],[25.8228519,46.1513665],[25.8218932,46.1529256],[25.8197604,46.1519405],[25.8182955,46.1510097],[25.8170616,46.149346],[25.8169416,46.1485904],[25.8170579,46.147455],[25.8167999,46.1471795],[25.8119866,46.1454907],[25.8115094,46.1451075],[25.8104988,46.1446272],[25.8100833,46.1443276],[25.8089015,46.1428903],[25.8083421,46.1426674],[25.8080189,46.1420645],[25.8074309,46.1415392],[25.807355,46.1413128],[25.8075429,46.1401012],[25.8069549,46.1395758],[25.807254,46.1393636],[25.8076765,46.1393186],[25.807806,46.139074],[25.8075663,46.1383949],[25.8073308,46.1379931],[25.8069516,46.1376932],[25.8068387,46.1374167],[25.8074092,46.1367403],[25.8068935,46.1361934],[25.8065238,46.136133],[25.806088,46.1356738],[25.8054353,46.1356826],[25.8050084,46.135425],[25.8048697,46.135447],[25.8048483,46.1356405],[25.8044878,46.1357901],[25.8035634,46.1358218],[25.802913,46.13557],[25.8026749,46.135412],[25.8025667,46.1350346],[25.8021666,46.1349575],[25.8020115,46.1346812],[25.8012125,46.1341868],[25.8012509,46.1339175],[25.8005784,46.1338088],[25.800465,46.1334944],[25.7999611,46.1333424],[25.7996542,46.1330126],[25.79901,46.1327734],[25.7982395,46.1321568],[25.7971311,46.1315762],[25.7970004,46.1313165],[25.7956712,46.130935],[25.7948806,46.1297512],[25.7946439,46.1288451],[25.7949252,46.1282339],[25.7949294,46.1272589],[25.7950831,46.1270225],[25.79602,46.1261881],[25.7963863,46.1260259],[25.7971154,46.1254493],[25.7976963,46.1246594],[25.7992156,46.1231528],[25.7996112,46.1220869],[25.8006268,46.1200206],[25.8023892,46.1190333],[25.8026254,46.1178172],[25.8028644,46.1172188],[25.8043432,46.115435],[25.8048545,46.1152802],[25.8055089,46.1145696],[25.8068284,46.1134803],[25.8070828,46.1131045],[25.8057633,46.1112857],[25.8060548,46.1105609],[25.8065061,46.1100156],[25.811015,46.1072354],[25.8117663,46.1065577],[25.8138409,46.105484],[25.8170378,46.1043182],[25.8171716,46.1035608],[25.8167275,46.1033497],[25.815818,46.103125],[25.8151378,46.1004151],[25.8148612,46.0984462],[25.8146054,46.0983051],[25.8162242,46.0974783],[25.8166664,46.0971516],[25.8178353,46.0957187],[25.8189979,46.094685],[25.8191452,46.094436],[25.819301,46.0935355],[25.8197815,46.0933514],[25.820433,46.0924768],[25.8202026,46.0920078],[25.8201476,46.0915586],[25.8202723,46.0914148],[25.8204668,46.0902704],[25.8209391,46.0899434],[25.8207721,46.0896798],[25.8207465,46.0891757],[25.8211056,46.088547],[25.8213308,46.0878478],[25.821429,46.0871411],[25.8216357,46.0868244],[25.8217473,46.085794],[25.8219056,46.0854735],[25.8221727,46.0851606],[25.8230288,46.0846544],[25.8233643,46.0840678],[25.8241631,46.0833687],[25.8244168,46.0833669],[25.8270676,46.0825367],[25.8284962,46.0819548],[25.8303438,46.082805],[25.8329216,46.0816412],[25.8330224,46.0813377],[25.8336651,46.0807238],[25.8346132,46.0803219],[25.8356154,46.0795077],[25.8363657,46.0792081],[25.8370412,46.0791569],[25.8364351,46.0778082],[25.8338917,46.0745153],[25.8306378,46.0721394],[25.8304871,46.0719534],[25.8306102,46.0718474],[25.8311027,46.0715324],[25.8311629,46.0712796],[25.8315731,46.0711233],[25.8318375,46.0707354],[25.8322025,46.0708862],[25.8326147,46.0708634],[25.8329727,46.070549],[25.8337224,46.0707365],[25.8341058,46.0709475],[25.8349955,46.0709855],[25.8353538,46.071166],[25.8355659,46.0710803],[25.8362935,46.0712234],[25.8366334,46.071117],[25.8368361,46.0713531],[25.8384283,46.0715056],[25.8386163,46.0717071],[25.8389552,46.0715463],[25.8393607,46.0717216],[25.8400675,46.0717261],[25.8406383,46.0718379],[25.840848,46.0719805],[25.8417838,46.0718226],[25.8417227,46.0720148],[25.8425449,46.0724464],[25.8425394,46.0726861],[25.8423649,46.0729247],[25.8425785,46.0730154],[25.8426649,46.0732151],[25.8431027,46.073554],[25.8430973,46.0739469],[25.8435558,46.0741861],[25.8436956,46.0739082],[25.844049,46.0739636],[25.8442472,46.0737882],[25.8443573,46.0737979],[25.8442765,46.0739699],[25.8448552,46.074137],[25.8451441,46.0746885],[25.8462185,46.075146],[25.8463117,46.0755408],[25.8467323,46.0752846],[25.8472658,46.0754159],[25.8473598,46.0758581],[25.8472744,46.0759774],[25.8474536,46.0760446],[25.8473414,46.0761404],[25.8474493,46.0762609],[25.8473499,46.0764082],[25.8476766,46.0764532],[25.8478685,46.07661],[25.8478868,46.0768208],[25.8480622,46.0768828],[25.8479877,46.0772155],[25.8482031,46.0773366],[25.8483504,46.0772959],[25.8484357,46.0774271],[25.8485937,46.0773442],[25.8491934,46.0774004],[25.8496862,46.0776472],[25.8497756,46.0777889],[25.8501996,46.0779084],[25.8501813,46.0781959],[25.8505383,46.0782434],[25.8506172,46.0784458],[25.8508485,46.0784467],[25.8510065,46.0786143],[25.8513381,46.0787075],[25.8513987,46.0792001],[25.8518268,46.0791864],[25.8519438,46.078906],[25.85211,46.0788679],[25.8524611,46.0790182],[25.852545,46.0795449],[25.8527,46.0796632],[25.8528441,46.0796648],[25.8529439,46.0795032],[25.8532807,46.0794664],[25.8535418,46.0796807],[25.8542219,46.0797784],[25.8542917,46.0798807],[25.854492,46.0796847],[25.8546766,46.0798547],[25.8551866,46.0797428],[25.8553864,46.0799153],[25.8555516,46.0803017],[25.8561399,46.0803474],[25.8563314,46.0804778],[25.8569706,46.0802578],[25.8568454,46.080496],[25.8572054,46.0807359],[25.8574445,46.0807526],[25.8575373,46.0808679],[25.8582986,46.0807309],[25.8582361,46.0808553],[25.8584343,46.0809223],[25.8585671,46.0811771],[25.8591829,46.0810406],[25.8591658,46.0811621],[25.8594048,46.0811761],[25.8598606,46.0816692],[25.8602906,46.0815289],[25.8602086,46.0813713],[25.8603774,46.0812567],[25.8603917,46.0809613],[25.860631,46.0809885],[25.8606976,46.0808851],[25.8609339,46.0808291],[25.8612313,46.0809402],[25.8612132,46.0807452],[25.8616008,46.0805657],[25.8618248,46.0805851],[25.861777,46.0804352],[25.86211,46.0804036],[25.862058,46.0802274],[25.8623112,46.0801509],[25.8622335,46.0800302],[25.8623835,46.0799236],[25.8623934,46.0793435],[25.8625439,46.0792738],[25.8623735,46.0790378],[25.8623416,46.0786612],[25.862616,46.0785115],[25.8625603,46.0781006],[25.8632117,46.0775763],[25.863375,46.0775418],[25.8636763,46.0771757],[25.8639374,46.0771474],[25.8646295,46.0768046],[25.8649255,46.0768235],[25.8649926,46.0765119],[25.865464,46.0766947],[25.8663524,46.0765429],[25.8664975,46.0766078],[25.8667818,46.0763683],[25.8672135,46.0762339],[25.8675942,46.0763697],[25.8687434,46.0762738],[25.8689259,46.0762391],[25.8691154,46.0760577],[25.8703707,46.0759645],[25.8720756,46.0755732],[25.8728491,46.0752439],[25.8734974,46.0751938],[25.8737693,46.0750398],[25.8746322,46.0755033],[25.874749,46.0759202],[25.8752633,46.0761687],[25.8762036,46.0760302],[25.877175,46.0757046],[25.8783451,46.0757461],[25.8800035,46.074888],[25.8805975,46.0747664],[25.8812748,46.0747501],[25.8823025,46.0744486],[25.8840138,46.0734966],[25.8841081,46.0733573],[25.8848222,46.0730657],[25.8851168,46.0726225],[25.8852066,46.0725544],[25.8866674,46.0725389],[25.8870523,46.0724477],[25.8885919,46.0716962],[25.8890255,46.0712516],[25.8895525,46.0709785],[25.8912819,46.0707633],[25.8919511,46.0707034],[25.893221,46.0708154],[25.8944954,46.0704735],[25.8948211,46.0704583],[25.8978985,46.0707158],[25.8994186,46.0710064],[25.9009818,46.0709689],[25.9009819,46.0709689],[25.9025947,46.0706452],[25.9040697,46.0700158],[25.904449,46.0699498],[25.9053284,46.069821],[25.905581,46.0697601],[25.9061178,46.0697307],[25.9066323,46.0697938],[25.9074389,46.0696614],[25.9083235,46.0694779],[25.9101669,46.0692237],[25.9120151,46.0685281],[25.9124476,46.0683987],[25.9137356,46.0681572],[25.914565,46.0679363],[25.9154405,46.0679293],[25.9163337,46.0679137],[25.9187052,46.0674703],[25.9193839,46.0672673],[25.9202727,46.0673484],[25.9204347,46.0672799],[25.9210531,46.0671069],[25.9212896,46.067147],[25.9215288,46.0669895],[25.9222111,46.0669966],[25.9227057,46.0669885],[25.9232363,46.066753]]]}},{"type":"Feature","properties":{"entity_id":"osm-r14735728","jurisdiction":"RO","display_name":"MERENI","display_type":"commune","admin_level":8,"tier":"local","legal_registry":"SIRUTA","legal_id":"65105","legal_type":"commune","parent_catalog_id":"osm-r2248621","osm_relation_id":14735728,"legal_identity_status":"reconciled","geometry_source":"OpenStreetMap","canonical_geometry_role":null,"geometry_scope":null,"geometry_precision":"master_coordinate_fidelity"},"geometry":{"type":"Polygon","coordinates":[[[26.2050349,46.0432159],[26.2044168,46.0426925],[26.2029762,46.0416254],[26.2046988,46.0400546],[26.2177791,46.0464043],[26.2178377,46.0468557],[26.2172812,46.0483043],[26.2155753,46.0513256],[26.2156367,46.0516903],[26.2236592,46.0522945],[26.2336922,46.0532861],[26.2338893,46.0533648],[26.2334606,46.055137],[26.2365285,46.0558044],[26.2397037,46.0568384],[26.2400553,46.0558192],[26.2418156,46.0569781],[26.2437843,46.0563319],[26.2500218,46.0600799],[26.2501887,46.0600871],[26.2519451,46.061059],[26.2485616,46.0656958],[26.2476607,46.0661462],[26.2474634,46.0663986],[26.2476188,46.0666009],[26.2485462,46.0668949],[26.2510565,46.0681834],[26.2515711,46.0689204],[26.2524537,46.0694182],[26.250914,46.0709265],[26.2511489,46.071091],[26.2541548,46.0750436],[26.2543941,46.07501],[26.25439,46.0752205],[26.2555277,46.0755917],[26.2563637,46.075991],[26.2560457,46.0768671],[26.2587489,46.0776481],[26.2590287,46.0782206],[26.2603949,46.0792514],[26.2609059,46.0798213],[26.2609262,46.0799325],[26.260627,46.0800719],[26.2611487,46.0807222],[26.2616697,46.0817314],[26.2598558,46.082135],[26.2586661,46.0822224],[26.2586153,46.0823344],[26.2589899,46.0831657],[26.2597061,46.0841542],[26.260472,46.0845913],[26.2608049,46.0851508],[26.2609985,46.0858418],[26.2623586,46.0869841],[26.2623648,46.0876462],[26.262788,46.0882604],[26.262762,46.0886815],[26.2621088,46.0896789],[26.2617727,46.0905428],[26.2617158,46.0911685],[26.2615137,46.0916658],[26.2617152,46.0919235],[26.2616791,46.092289],[26.2618992,46.0930563],[26.2621823,46.0930812],[26.2621526,46.0934644],[26.2618033,46.094392],[26.2622882,46.0953764],[26.2626919,46.0955959],[26.2627059,46.0958979],[26.2629525,46.0959904],[26.2630168,46.0961804],[26.2645763,46.0970429],[26.2653048,46.0971886],[26.2656579,46.097118],[26.2672331,46.0975421],[26.267755,46.0979832],[26.2681375,46.0981196],[26.2682506,46.098359],[26.268607,46.0984318],[26.268962,46.0986968],[26.2694427,46.0986722],[26.2702968,46.099146],[26.2705135,46.0990869],[26.2712082,46.0995345],[26.2717672,46.0995687],[26.27205,46.0997253],[26.2727235,46.0998688],[26.2730406,46.1001282],[26.2731564,46.1007186],[26.2735243,46.1014181],[26.2744895,46.1017234],[26.2748294,46.1019603],[26.2751131,46.1020319],[26.2759793,46.1020202],[26.2765322,46.10289],[26.2771368,46.1029896],[26.278646,46.1038144],[26.2798633,46.1050247],[26.2801053,46.1054258],[26.2807268,46.1057954],[26.2818847,46.1072491],[26.2824033,46.1075606],[26.2823797,46.1078898],[26.2826185,46.1086052],[26.2829653,46.1089001],[26.2830411,46.1093855],[26.2835435,46.1095011],[26.283718,46.1096591],[26.2841402,46.1097332],[26.2842285,46.1098544],[26.2841858,46.1104627],[26.2845748,46.1106605],[26.2846015,46.1108898],[26.2854022,46.1113864],[26.2855685,46.1118741],[26.2858252,46.1119672],[26.2860871,46.1123304],[26.2862385,46.1130021],[26.2859023,46.113317],[26.2857937,46.1131127],[26.2854955,46.1129993],[26.2851513,46.1129699],[26.2844447,46.1131612],[26.2843218,46.1133737],[26.2843555,46.11379],[26.2845893,46.1138818],[26.2831496,46.1138091],[26.2821307,46.1139649],[26.2815716,46.1143157],[26.280585,46.1144878],[26.2797567,46.1149471],[26.2794513,46.1145143],[26.2786379,46.1145478],[26.278459,46.1144113],[26.2778499,46.1146666],[26.2772115,46.1146737],[26.2770452,46.1148263],[26.2769206,46.1147584],[26.276411,46.1147601],[26.2762433,46.1151041],[26.2758299,46.1152147],[26.2757678,46.1153172],[26.2759662,46.1152824],[26.2759843,46.11558],[26.2762128,46.1155656],[26.2762944,46.1154291],[26.2765022,46.1156154],[26.2769018,46.1152985],[26.2769789,46.115333],[26.2768028,46.1157831],[26.2770532,46.1159807],[26.2771525,46.1162391],[26.2773478,46.1162546],[26.2773624,46.1165197],[26.2764282,46.1168261],[26.2760409,46.1167832],[26.2756451,46.1169234],[26.2752337,46.1169397],[26.2753516,46.1170801],[26.2761035,46.1171511],[26.2762019,46.1176143],[26.2761069,46.1177204],[26.2758019,46.1175984],[26.275756,46.1177175],[26.2755347,46.1176319],[26.2754839,46.1177544],[26.2743065,46.1174151],[26.2740269,46.1175504],[26.2744989,46.1179417],[26.2744221,46.11799],[26.2733126,46.1176397],[26.2731276,46.1180721],[26.2740575,46.1180313],[26.2736615,46.1184017],[26.2727158,46.1188122],[26.2718892,46.1195297],[26.2717748,46.1198529],[26.2718577,46.1200689],[26.2723731,46.1204393],[26.2723755,46.1205444],[26.2712268,46.1210316],[26.2714554,46.1212256],[26.2715009,46.1215064],[26.2716977,46.1213754],[26.2717365,46.1215817],[26.2719104,46.121512],[26.2720735,46.1218254],[26.2724573,46.1217703],[26.272677,46.1219983],[26.2727642,46.1221871],[26.2724645,46.1222955],[26.2720425,46.1228052],[26.2721599,46.1230377],[26.2723959,46.1231266],[26.2727759,46.123119],[26.2729257,46.1232732],[26.2731795,46.1230772],[26.2733749,46.1230987],[26.2736812,46.1226412],[26.2742008,46.1223897],[26.2748382,46.1224694],[26.2759493,46.1229721],[26.2759404,46.1232623],[26.2763618,46.1242906],[26.2762676,46.1244327],[26.2760875,46.1243994],[26.275875,46.1244858],[26.2758032,46.1249204],[26.275584,46.125053],[26.2749594,46.125022],[26.27449,46.1244525],[26.2741582,46.1246026],[26.2734715,46.1245831],[26.2728072,46.1247882],[26.2727634,46.125076],[26.272369,46.1254589],[26.2722328,46.1261123],[26.2721444,46.1262114],[26.2715231,46.1263725],[26.2716066,46.1264977],[26.2734253,46.1262392],[26.2733826,46.1265761],[26.2740315,46.1267371],[26.2743288,46.1269511],[26.2746637,46.1274871],[26.2756424,46.1275252],[26.2757354,46.1276223],[26.2756387,46.1277986],[26.2757207,46.1282954],[26.274308,46.1286756],[26.272563,46.1286319],[26.2720215,46.1287571],[26.2721967,46.1289234],[26.2728371,46.1291546],[26.2743217,46.1292712],[26.2746272,46.129401],[26.2744494,46.1298413],[26.2734613,46.1300811],[26.2730337,46.1302832],[26.2729977,46.1304048],[26.2731151,46.1304573],[26.2745402,46.1304235],[26.274859,46.1299758],[26.2753111,46.1297151],[26.2755689,46.1297033],[26.2757322,46.1297911],[26.2759214,46.1301614],[26.2756732,46.1308684],[26.2752474,46.1311513],[26.2726757,46.1315522],[26.2722086,46.1317189],[26.2717961,46.1320196],[26.2719891,46.1322776],[26.2724076,46.1325197],[26.2740484,46.1328782],[26.2740062,46.1332869],[26.2743832,46.1334083],[26.2744411,46.1336813],[26.2749858,46.134079],[26.2752852,46.1344704],[26.2749692,46.1347566],[26.2739727,46.1349157],[26.2736094,46.13483],[26.2735405,46.1346424],[26.2733311,46.1345146],[26.2714981,46.1344946],[26.2715636,46.1348169],[26.2712714,46.1353001],[26.2713204,46.1360263],[26.2704297,46.1363008],[26.2702924,46.1364997],[26.2706374,46.1369131],[26.2708533,46.1376015],[26.2712059,46.1377815],[26.2716201,46.1375571],[26.2716518,46.1372517],[26.2711633,46.1364901],[26.2713069,46.1362821],[26.2719217,46.1360779],[26.2724787,46.1364485],[26.2733635,46.1367617],[26.273554,46.1369076],[26.273734,46.1371613],[26.2736524,46.137539],[26.2737616,46.137798],[26.2733921,46.1380039],[26.273185,46.1382575],[26.272747,46.1382937],[26.272267,46.1381869],[26.2720432,46.1382746],[26.2715693,46.138715],[26.2712096,46.1387863],[26.2708751,46.139113],[26.270335,46.1391997],[26.2701201,46.139395],[26.2703052,46.1395859],[26.2708035,46.1396476],[26.2711572,46.139877],[26.2713774,46.1399104],[26.2714593,46.1392635],[26.2717382,46.1390406],[26.2736546,46.1387546],[26.2739268,46.1385273],[26.2742408,46.1384296],[26.274688,46.1385144],[26.2755074,46.139066],[26.2753669,46.1396911],[26.2750731,46.1398244],[26.2747079,46.1404969],[26.2739016,46.1410756],[26.2738992,46.1412505],[26.2743155,46.1416721],[26.2742727,46.1417757],[26.2738832,46.141955],[26.2738174,46.14218],[26.2742047,46.1424628],[26.274427,46.1428686],[26.2751412,46.143058],[26.2753128,46.143222],[26.2752968,46.1433658],[26.2744924,46.1440252],[26.2742956,46.1447272],[26.274461,46.1449048],[26.2748287,46.1448962],[26.2763656,46.1452155],[26.2774153,46.1456748],[26.2776153,46.1456726],[26.2777228,46.1458553],[26.2771535,46.1466377],[26.2769347,46.1466626],[26.2765886,46.146487],[26.2763693,46.1464939],[26.2748704,46.146708],[26.2747245,46.1468173],[26.2747154,46.1469834],[26.275417,46.1477382],[26.2755216,46.1480779],[26.2757604,46.1483579],[26.2748456,46.148709],[26.2749156,46.1489459],[26.2752395,46.1492788],[26.2747358,46.1496699],[26.2747868,46.1500136],[26.2749101,46.1502217],[26.2752708,46.1504571],[26.2755426,46.1505738],[26.2759199,46.1505921],[26.2762705,46.1513215],[26.2769371,46.151748],[26.2773046,46.1518113],[26.2774707,46.1520114],[26.2769106,46.1524666],[26.2765714,46.152231],[26.2762588,46.1526834],[26.2757125,46.1528018],[26.2752126,46.1530692],[26.2752832,46.1537942],[26.2753727,46.1539429],[26.2759368,46.1541237],[26.2786238,46.155869],[26.2789262,46.1568539],[26.2794113,46.1577107],[26.2796139,46.1580507],[26.2802838,46.1586158],[26.2803606,46.1588389],[26.280675,46.1590097],[26.2820856,46.1590769],[26.2825575,46.1593454],[26.2826211,46.1595106],[26.2818969,46.1607219],[26.2819754,46.1610198],[26.2822196,46.1612494],[26.2844476,46.1622402],[26.28349,46.1639261],[26.2839001,46.1661121],[26.2856969,46.1676141],[26.2864026,46.1685485],[26.2869606,46.1696133],[26.288014,46.1705438],[26.2886368,46.1713985],[26.288929,46.1719992],[26.2911797,46.1725699],[26.2931566,46.1733288],[26.294645,46.1740126],[26.2959065,46.1744171],[26.2970252,46.1746622],[26.298683,46.1746595],[26.2992218,46.1773594],[26.2999799,46.1780434],[26.3004617,46.1788111],[26.3006005,46.1802753],[26.3008371,46.1809652],[26.3013141,46.1812573],[26.3022351,46.1818212],[26.3013512,46.1816086],[26.3007428,46.1814979],[26.2994646,46.1816981],[26.2984112,46.181611],[26.2979247,46.1817589],[26.2969919,46.1822521],[26.2948305,46.1820229],[26.2946802,46.1820741],[26.294543,46.1823046],[26.2945661,46.1825271],[26.2947099,46.1825812],[26.2950277,46.1824538],[26.2961452,46.1826206],[26.2962925,46.1828232],[26.2962275,46.18309],[26.2953607,46.1833598],[26.2945296,46.1840127],[26.2928295,46.1848426],[26.2916358,46.1848499],[26.2893745,46.1856923],[26.2887947,46.1860453],[26.2878111,46.1870404],[26.2874318,46.1872055],[26.2846931,46.1874467],[26.2841114,46.1877193],[26.2834161,46.1877085],[26.2822275,46.1879384],[26.2799974,46.1886008],[26.2783846,46.1893676],[26.2777713,46.18982],[26.2745778,46.1904373],[26.2731273,46.1909114],[26.2714956,46.1912513],[26.2702643,46.1913117],[26.2697599,46.1915656],[26.2692283,46.1920346],[26.2684483,46.1921485],[26.2681404,46.1925017],[26.2674855,46.1929821],[26.2666907,46.1932931],[26.265922,46.1933139],[26.2650451,46.192772],[26.2647916,46.1927553],[26.2654827,46.1919381],[26.2652281,46.1915963],[26.2646521,46.1918944],[26.2633088,46.1915811],[26.2630168,46.1911826],[26.2627547,46.1911877],[26.2623749,46.1909544],[26.2622732,46.1906645],[26.2620061,46.1904024],[26.2609075,46.1899583],[26.2607186,46.1902045],[26.2568692,46.1897282],[26.2546783,46.1893545],[26.2537235,46.189063],[26.2522941,46.1891629],[26.2524802,46.1883767],[26.2524337,46.1880391],[26.2521607,46.1875451],[26.2524651,46.1870385],[26.2525424,46.1864054],[26.2528139,46.1861503],[26.2527832,46.1856847],[26.2529211,46.185566],[26.2529266,46.1852717],[26.2531742,46.1849432],[26.2532912,46.1844479],[26.2529593,46.1834749],[26.2529815,46.1827719],[26.2527495,46.1825728],[26.2527192,46.1822734],[26.2531998,46.1808545],[26.2538841,46.1802385],[26.253743,46.1796468],[26.2538391,46.1793896],[26.2542545,46.1790254],[26.254171,46.1766298],[26.2543851,46.1758048],[26.2535511,46.1753508],[26.2527821,46.1745923],[26.2522374,46.1731541],[26.2512913,46.171874],[26.2511022,46.1717261],[26.2497495,46.1715223],[26.2491326,46.1708838],[26.2486159,46.1699895],[26.2482694,46.1688011],[26.247614,46.1679994],[26.2461671,46.1666662],[26.2460271,46.1661852],[26.2451662,46.1654557],[26.2442999,46.1650204],[26.2436453,46.1641691],[26.2430349,46.1636172],[26.2425372,46.163282],[26.2421287,46.1632181],[26.2413473,46.1633458],[26.2405483,46.1632352],[26.2391131,46.1621408],[26.2373346,46.1618658],[26.2371012,46.1616705],[26.2369967,46.1611075],[26.2366417,46.1604297],[26.2359311,46.1592804],[26.2351092,46.1586769],[26.2347056,46.1577499],[26.2344501,46.1565953],[26.2343027,46.1542291],[26.2325168,46.1505706],[26.2324343,46.1496713],[26.2317941,46.1467399],[26.2312612,46.1316547],[26.2293836,46.1303598],[26.2303414,46.1229124],[26.2307469,46.1219499],[26.2321868,46.1203661],[26.2332766,46.1198919],[26.2324626,46.1150282],[26.2340658,46.1101312],[26.2314814,46.1073885],[26.2311254,46.1062719],[26.2308735,46.1058659],[26.2292434,46.104579],[26.2286405,46.1042995],[26.2284154,46.1039584],[26.2288155,46.1036315],[26.2292427,46.1036793],[26.2291053,46.1034192],[26.2296381,46.1028603],[26.227987,46.1016745],[26.227066,46.100271],[26.2266235,46.1004502],[26.2258891,46.1005398],[26.2235552,46.1016274],[26.2233129,46.1016518],[26.2229457,46.1014469],[26.2225431,46.100921],[26.220884,46.099374],[26.219621,46.0971603],[26.2205679,46.0968206],[26.2218326,46.0966173],[26.2223513,46.0962699],[26.2215603,46.093879],[26.2178463,46.0923244],[26.2205729,46.0909277],[26.2198457,46.0902175],[26.2176872,46.0875175],[26.2169606,46.0856192],[26.2155269,46.0839139],[26.2143805,46.0827379],[26.214178,46.0821202],[26.2126156,46.0822873],[26.2129325,46.0811875],[26.2130741,46.0811551],[26.2136161,46.0799178],[26.2137481,46.0792365],[26.213373,46.0793873],[26.2124639,46.0795207],[26.2113299,46.0770438],[26.2108033,46.0770714],[26.2105337,46.0767778],[26.2108903,46.0765869],[26.210959,46.0760461],[26.2108575,46.0758852],[26.2111104,46.0753282],[26.2111645,46.0748219],[26.2115866,46.0739578],[26.2117522,46.0731953],[26.2126331,46.0636089],[26.209925,46.0572461],[26.2076806,46.0592892],[26.2074103,46.0598196],[26.2071069,46.0600852],[26.2069315,46.0606456],[26.2060535,46.0603151],[26.2102904,46.0643129],[26.2102852,46.0645241],[26.2099276,46.065175],[26.2096017,46.065485],[26.2090348,46.0652733],[26.2071038,46.0636674],[26.1999288,46.0642502],[26.1988201,46.0636447],[26.1985008,46.063367],[26.2101401,46.0548632],[26.2102659,46.0547764],[26.2105798,46.0549836],[26.2113783,46.0532128],[26.2092319,46.051965],[26.2087869,46.0516509],[26.2086513,46.0514338],[26.207354,46.0460862],[26.2070338,46.0453663],[26.206074,46.0439944],[26.2050349,46.0432159]]]}},{"type":"Feature","properties":{"entity_id":"osm-r14735729","jurisdiction":"RO","display_name":"ESTELNIC","display_type":"commune","admin_level":8,"tier":"local","legal_registry":"SIRUTA","legal_id":"65154","legal_type":"commune","parent_catalog_id":"osm-r2248621","osm_relation_id":14735729,"legal_identity_status":"reconciled","geometry_source":"OpenStreetMap","canonical_geometry_role":null,"geometry_scope":null,"geometry_precision":"master_coordinate_fidelity"},"geometry":{"type":"Polygon","coordinates":[[[26.3414721,46.2009747],[26.341517,46.201922],[26.3415548,46.2028555],[26.3414671,46.2036956],[26.3411077,46.2047002],[26.3408681,46.2053821],[26.3405558,46.2062966],[26.3402057,46.2073411],[26.3402553,46.208498],[26.3402216,46.2087329],[26.3401262,46.2091092],[26.3400578,46.2096446],[26.3396771,46.2104128],[26.3390422,46.2112443],[26.3377291,46.2122479],[26.3381921,46.21297],[26.3384113,46.2146805],[26.3381134,46.2151961],[26.3374913,46.2158351],[26.3354102,46.2170244],[26.3348385,46.217586],[26.3341366,46.218308],[26.3335949,46.2203407],[26.33286,46.2219079],[26.3308596,46.2233376],[26.3300865,46.2240456],[26.3294771,46.2258225],[26.3276694,46.2280649],[26.326723,46.2299973],[26.3260317,46.2305741],[26.3249533,46.2311765],[26.3248642,46.231167],[26.3174521,46.2347696],[26.3143673,46.2359093],[26.3120145,46.2376427],[26.3111128,46.237929],[26.3101456,46.2388868],[26.3098304,46.2389549],[26.3087128,46.2387773],[26.3074623,46.2391772],[26.3059644,46.2390107],[26.3056595,46.2395315],[26.3046706,46.2403231],[26.303059,46.2405527],[26.3014216,46.2410111],[26.3001573,46.2409392],[26.2997518,46.2411507],[26.2994231,46.241189],[26.2991697,46.2415238],[26.2985242,46.2415786],[26.2976896,46.242058],[26.2962692,46.2422249],[26.2951888,46.2425691],[26.2947985,46.2429012],[26.2942375,46.2428472],[26.2938568,46.2430584],[26.292667,46.2432486],[26.2917018,46.2437294],[26.2909999,46.2437718],[26.2902349,46.2443064],[26.289458,46.2445997],[26.288699,46.244591],[26.2883745,46.2448102],[26.2875721,46.2450779],[26.2873052,46.2451025],[26.2866356,46.2449289],[26.2864653,46.2450947],[26.286038,46.2451771],[26.2848742,46.2456816],[26.282557,46.2458068],[26.2819047,46.2461115],[26.2811257,46.2463143],[26.2791979,46.2466031],[26.2788623,46.2466155],[26.2784498,46.2462622],[26.2772432,46.2462671],[26.2763441,46.2466608],[26.2756026,46.2466044],[26.2751493,46.2469069],[26.2748815,46.2468926],[26.2736205,46.2464281],[26.273323,46.2464745],[26.2728936,46.2467337],[26.2722863,46.2468353],[26.2718117,46.2462111],[26.2714578,46.2462409],[26.2712043,46.2465757],[26.2706958,46.246646],[26.2701437,46.2461692],[26.2698198,46.2461513],[26.2683541,46.2462494],[26.2676026,46.2465681],[26.2666263,46.2463116],[26.26596,46.2462802],[26.2641121,46.2465291],[26.2634646,46.246349],[26.2640365,46.2453789],[26.2639986,46.2449141],[26.2622446,46.2428453],[26.2620732,46.2423663],[26.2617773,46.2420917],[26.2619886,46.2409013],[26.2627315,46.2402371],[26.2626377,46.2398598],[26.2622668,46.2392847],[26.2619133,46.2390994],[26.2605618,46.2388542],[26.2590603,46.2387584],[26.2586374,46.2385148],[26.258028,46.2373963],[26.2570105,46.2369535],[26.2539901,46.2372318],[26.2531325,46.237111],[26.2522945,46.2365059],[26.2517545,46.2363514],[26.2506475,46.2358036],[26.2503081,46.2354532],[26.2504763,46.2349884],[26.2507651,46.2348369],[26.2521386,46.2350186],[26.2534475,46.2350406],[26.2541438,46.2351692],[26.2546424,46.2350397],[26.2549147,46.2345494],[26.2553238,46.2327867],[26.2557639,46.2321948],[26.2560897,46.2319461],[26.2566524,46.2317644],[26.2582727,46.231677],[26.2584707,46.2315629],[26.2584808,46.2314326],[26.2569887,46.229488],[26.2569376,46.2285837],[26.2567437,46.2281107],[26.2554629,46.2273984],[26.2551465,46.2270992],[26.2551573,46.2269962],[26.2555442,46.2267559],[26.2562508,46.2265696],[26.2568705,46.2260211],[26.2570725,46.2255075],[26.2570949,46.2247688],[26.2569548,46.2245494],[26.2565265,46.2243181],[26.2546187,46.224009],[26.2543506,46.2238787],[26.2541424,46.2231595],[26.2543965,46.2229825],[26.254689,46.2229623],[26.2558682,46.2231242],[26.2563605,46.2231067],[26.2569472,46.2237903],[26.2572906,46.2237411],[26.2585661,46.2232701],[26.2595439,46.2231262],[26.2597247,46.2230274],[26.2598305,46.2226933],[26.259666,46.2221716],[26.2586374,46.2206607],[26.2584955,46.2194063],[26.2587323,46.2188923],[26.2588799,46.2188665],[26.2594059,46.2189908],[26.2598829,46.2192579],[26.2604092,46.2192037],[26.2599918,46.2184911],[26.2601281,46.217966],[26.2600091,46.2169566],[26.2603531,46.2165533],[26.2615128,46.2159837],[26.2616406,46.2158522],[26.2615348,46.2156112],[26.2612393,46.2154602],[26.2604059,46.21543],[26.2582017,46.2156963],[26.2574736,46.2158859],[26.2573239,46.215821],[26.2575655,46.2147561],[26.2581094,46.2141327],[26.2578314,46.2139875],[26.2576738,46.2137683],[26.257231,46.2138488],[26.2571319,46.2133264],[26.2564998,46.2127523],[26.2563035,46.2127484],[26.2560627,46.2128932],[26.2548065,46.2124803],[26.2540309,46.2124949],[26.2536467,46.2122751],[26.252899,46.2123711],[26.2526474,46.2122346],[26.2524972,46.2119548],[26.2525705,46.2114841],[26.2529401,46.21125],[26.253026,46.211004],[26.2526576,46.2107114],[26.2521694,46.2107137],[26.2518136,46.2101377],[26.2466476,46.2094759],[26.245656,46.2089968],[26.2447102,46.2090354],[26.2439175,46.208912],[26.2431463,46.2090585],[26.2409728,46.2084607],[26.2385773,46.208319],[26.2379699,46.2075274],[26.2378926,46.207237],[26.2375583,46.2070805],[26.2359136,46.2068176],[26.2332364,46.2065435],[26.2313304,46.2057208],[26.2310918,46.2054983],[26.2293912,46.2057963],[26.2265004,46.2067403],[26.2259397,46.2070568],[26.2252512,46.2072603],[26.2228918,46.2068846],[26.222226,46.2065875],[26.2213478,46.2065988],[26.2201922,46.2062313],[26.219952,46.2061548],[26.2208503,46.2055117],[26.2221057,46.2051573],[26.2223427,46.2047649],[26.2229709,46.204612],[26.2232105,46.2043415],[26.2235058,46.201829],[26.2232208,46.2016371],[26.2234712,46.2002701],[26.2237465,46.2000235],[26.2237038,46.1996829],[26.2239791,46.1994363],[26.2236817,46.1986843],[26.223652,46.1973446],[26.2238193,46.1969774],[26.2244378,46.1963861],[26.2253238,46.1952072],[26.2253799,46.1945732],[26.2260291,46.1937866],[26.2258418,46.1932526],[26.2250088,46.1778397],[26.2233117,46.1772244],[26.2214447,46.1768545],[26.2211335,46.1754691],[26.2207413,46.1751809],[26.2206675,46.1734276],[26.219643,46.1737005],[26.2193488,46.1736985],[26.2179568,46.1736111],[26.2165812,46.173263],[26.2142707,46.1732109],[26.2144165,46.1724838],[26.2143392,46.1723109],[26.2140496,46.1721862],[26.2121431,46.1721093],[26.2109691,46.1722342],[26.2103629,46.1720924],[26.2099319,46.1718875],[26.2098299,46.1715973],[26.2095974,46.1713903],[26.2086889,46.1712109],[26.2086257,46.1713495],[26.2087588,46.1713787],[26.2085413,46.1715241],[26.2092109,46.1715375],[26.2091773,46.171686],[26.2090054,46.1715601],[26.2089808,46.17178],[26.2090726,46.1719426],[26.2094059,46.1720463],[26.2094451,46.1721583],[26.2093297,46.1725989],[26.2090712,46.1725506],[26.209332,46.1727062],[26.2091185,46.1730304],[26.2093352,46.1731865],[26.2090813,46.1733475],[26.2089183,46.1732931],[26.2090247,46.1734503],[26.2092227,46.1734227],[26.2093506,46.1735542],[26.2095573,46.1735878],[26.2097338,46.1744426],[26.2098987,46.174674],[26.2098084,46.1749303],[26.2108281,46.1749922],[26.2111974,46.175375],[26.2120673,46.1750865],[26.2131789,46.1750031],[26.2142606,46.1749701],[26.2165929,46.1750815],[26.2166326,46.1764131],[26.2161377,46.1764112],[26.213985,46.176033],[26.213111,46.1756699],[26.2117434,46.1758276],[26.2111952,46.1757474],[26.2105987,46.175811],[26.2093231,46.1757223],[26.2091492,46.1756141],[26.2092389,46.175494],[26.2091438,46.1753666],[26.2087609,46.1753569],[26.2083876,46.1754846],[26.2077969,46.1753259],[26.2077105,46.1751688],[26.2073005,46.1750061],[26.2065568,46.1752843],[26.2063665,46.1754851],[26.2056752,46.1758065],[26.2049441,46.1758779],[26.2046772,46.1757137],[26.2039045,46.1761206],[26.2024563,46.1763625],[26.2012719,46.1764574],[26.2004968,46.1762801],[26.1996739,46.1759487],[26.198028,46.1759659],[26.1961381,46.1763566],[26.1946219,46.1768876],[26.1926394,46.1771143],[26.1923249,46.1762197],[26.1929219,46.1759225],[26.1935068,46.1762715],[26.1952501,46.1755793],[26.1945371,46.1750326],[26.1951065,46.1746928],[26.194403,46.174135],[26.1956684,46.1738341],[26.1974473,46.1754293],[26.1977311,46.1753918],[26.1990809,46.1755317],[26.1992237,46.175705],[26.1997485,46.175642],[26.2002493,46.1758111],[26.2007102,46.1753452],[26.2010505,46.1753034],[26.2010003,46.1746458],[26.2019825,46.1745956],[26.2020922,46.1746892],[26.2022758,46.1745526],[26.202812,46.1744573],[26.2035781,46.1740454],[26.2046452,46.1722991],[26.2063027,46.1723912],[26.2061082,46.1718202],[26.2051416,46.1707252],[26.2045399,46.170393],[26.2041223,46.1706504],[26.203473,46.1700991],[26.2035665,46.1699678],[26.2040407,46.1698549],[26.2040954,46.1696987],[26.2040734,46.1694095],[26.2036799,46.1690259],[26.2038326,46.1688168],[26.2026647,46.1686052],[26.2031317,46.1662303],[26.2032408,46.1661854],[26.2048514,46.1664021],[26.2049818,46.1655323],[26.2051563,46.1652465],[26.2050798,46.1646192],[26.2044394,46.1637303],[26.2031709,46.1628698],[26.2029444,46.1636586],[26.2024284,46.1645106],[26.20187,46.164855],[26.200996,46.1651482],[26.1983914,46.1653831],[26.1957558,46.1660005],[26.1936348,46.1662743],[26.1924898,46.1668163],[26.1910643,46.1672814],[26.1899772,46.1678456],[26.189383,46.1688027],[26.1883025,46.1682644],[26.1870486,46.1658242],[26.185842,46.1644397],[26.1867011,46.1633405],[26.1860273,46.1632866],[26.1847496,46.1628413],[26.1835513,46.1626424],[26.1830811,46.1625029],[26.1823603,46.1620878],[26.1825839,46.1617918],[26.1829743,46.1606865],[26.1839131,46.1568735],[26.1848053,46.1552205],[26.1854905,46.1525705],[26.1852935,46.1515572],[26.1844678,46.1509851],[26.1842605,46.1505442],[26.1863633,46.1491625],[26.1870381,46.14885],[26.1903345,46.1477768],[26.1907744,46.1477875],[26.1925565,46.1468369],[26.1947807,46.1460039],[26.1916203,46.1462355],[26.1910902,46.1461187],[26.1909707,46.1456769],[26.1902275,46.145868],[26.1897417,46.1457661],[26.1887537,46.1458222],[26.1885532,46.145702],[26.1869748,46.1459017],[26.1867964,46.1457814],[26.1855046,46.1460239],[26.1849181,46.1453272],[26.1849047,46.1447009],[26.1845308,46.1446895],[26.1826666,46.1459158],[26.1807602,46.1451715],[26.1803953,46.1435251],[26.1806047,46.143034],[26.1805576,46.141858],[26.180093,46.1406863],[26.1781285,46.1392703],[26.177504,46.1398726],[26.1765019,46.1402955],[26.1752677,46.1401401],[26.1744688,46.1397816],[26.1738871,46.1390442],[26.1735124,46.139048],[26.1737562,46.1383941],[26.1737468,46.1374009],[26.1733228,46.1367377],[26.17321,46.1358351],[26.1732709,46.1353948],[26.1727691,46.1338204],[26.1733959,46.1324543],[26.1733269,46.1319583],[26.1731481,46.1318136],[26.1728528,46.1311409],[26.1733448,46.1300448],[26.1732611,46.1294106],[26.1729528,46.1292265],[26.1723531,46.1291105],[26.1715945,46.1286786],[26.1714146,46.1284769],[26.1712608,46.1278516],[26.1708548,46.1274812],[26.170109,46.127098],[26.1701439,46.1265359],[26.1707159,46.125895],[26.1708934,46.1254291],[26.1709037,46.1248102],[26.1705433,46.1238287],[26.1703416,46.1237005],[26.1695786,46.1236106],[26.1689895,46.1234375],[26.1686459,46.1232456],[26.1687903,46.1228777],[26.1695153,46.122276],[26.1696826,46.1218834],[26.1697158,46.1212399],[26.1696632,46.1209636],[26.1687866,46.120484],[26.1686513,46.120176],[26.168667,46.1198095],[26.1691245,46.1193],[26.1692895,46.1187935],[26.1693194,46.1179953],[26.1692315,46.1177112],[26.1685672,46.1173028],[26.1684381,46.1167342],[26.1687118,46.1163894],[26.1698357,46.1158324],[26.1703476,46.1156806],[26.1713254,46.1148646],[26.1712256,46.1134652],[26.1713257,46.1132199],[26.1719509,46.1128878],[26.1718906,46.1122534],[26.171451,46.1108412],[26.1706087,46.1103124],[26.1694082,46.1100072],[26.1683792,46.1078438],[26.1682417,46.1063227],[26.1681056,46.1059739],[26.1676148,46.1054579],[26.1661889,46.1044465],[26.1661248,46.1036248],[26.1659919,46.1034308],[26.1660577,46.1026648],[26.1698685,46.1018768],[26.1704021,46.1016515],[26.1727258,46.1013916],[26.1743077,46.1009276],[26.1742973,46.1004392],[26.1761238,46.0997089],[26.1773155,46.0981364],[26.1776501,46.0970316],[26.1783548,46.096196],[26.1786943,46.0960228],[26.1786914,46.0958846],[26.1790117,46.0956551],[26.1791316,46.094925],[26.1802205,46.0943168],[26.1804796,46.0937612],[26.1808697,46.0933894],[26.1843593,46.0915262],[26.1859186,46.0935875],[26.1888816,46.0916381],[26.1893246,46.0925458],[26.1900189,46.093529],[26.1911779,46.0940815],[26.1914978,46.0907881],[26.1904314,46.0906887],[26.1925674,46.0892868],[26.1948555,46.0894094],[26.1954135,46.0896968],[26.1979646,46.086214],[26.1992819,46.0864356],[26.1987707,46.0827129],[26.2006425,46.0828792],[26.2007099,46.0815066],[26.2005388,46.0813948],[26.1998836,46.0813108],[26.1997508,46.0812137],[26.1995386,46.080966],[26.1998197,46.0804568],[26.1985889,46.079932],[26.2033202,46.0797905],[26.2031855,46.0776757],[26.2028311,46.0777103],[26.2027823,46.0775062],[26.2027,46.0775129],[26.1993994,46.0702966],[26.1952252,46.0668093],[26.1979029,46.065001],[26.2007996,46.0647996],[26.2001465,46.0643875],[26.1999288,46.0642502],[26.2071038,46.0636674],[26.2090348,46.0652733],[26.2096017,46.065485],[26.2099276,46.065175],[26.2102852,46.0645241],[26.2102904,46.0643129],[26.2060535,46.0603151],[26.2069315,46.0606456],[26.2071069,46.0600852],[26.2074103,46.0598196],[26.2076806,46.0592892],[26.209925,46.0572461],[26.2126331,46.0636089],[26.2117522,46.0731953],[26.2115866,46.0739578],[26.2111645,46.0748219],[26.2111104,46.0753282],[26.2108575,46.0758852],[26.210959,46.0760461],[26.2108903,46.0765869],[26.2105337,46.0767778],[26.2108033,46.0770714],[26.2113299,46.0770438],[26.2124639,46.0795207],[26.213373,46.0793873],[26.2137481,46.0792365],[26.2136161,46.0799178],[26.2130741,46.0811551],[26.2129325,46.0811875],[26.2126156,46.0822873],[26.214178,46.0821202],[26.2143805,46.0827379],[26.2155269,46.0839139],[26.2169606,46.0856192],[26.2176872,46.0875175],[26.2198457,46.0902175],[26.2205729,46.0909277],[26.2178463,46.0923244],[26.2215603,46.093879],[26.2223513,46.0962699],[26.2218326,46.0966173],[26.2205679,46.0968206],[26.219621,46.0971603],[26.220884,46.099374],[26.2225431,46.100921],[26.2229457,46.1014469],[26.2233129,46.1016518],[26.2235552,46.1016274],[26.2258891,46.1005398],[26.2266235,46.1004502],[26.227066,46.100271],[26.227987,46.1016745],[26.2296381,46.1028603],[26.2291053,46.1034192],[26.2292427,46.1036793],[26.2288155,46.1036315],[26.2284154,46.1039584],[26.2286405,46.1042995],[26.2292434,46.104579],[26.2308735,46.1058659],[26.2311254,46.1062719],[26.2314814,46.1073885],[26.2340658,46.1101312],[26.2324626,46.1150282],[26.2332766,46.1198919],[26.2321868,46.1203661],[26.2307469,46.1219499],[26.2303414,46.1229124],[26.2293836,46.1303598],[26.2312612,46.1316547],[26.2317941,46.1467399],[26.2324343,46.1496713],[26.2325168,46.1505706],[26.2343027,46.1542291],[26.2344501,46.1565953],[26.2347056,46.1577499],[26.2351092,46.1586769],[26.2359311,46.1592804],[26.2366417,46.1604297],[26.2369967,46.1611075],[26.2371012,46.1616705],[26.2373346,46.1618658],[26.2391131,46.1621408],[26.2405483,46.1632352],[26.2413473,46.1633458],[26.2421287,46.1632181],[26.2425372,46.163282],[26.2430349,46.1636172],[26.2436453,46.1641691],[26.2442999,46.1650204],[26.2451662,46.1654557],[26.2460271,46.1661852],[26.2461671,46.1666662],[26.247614,46.1679994],[26.2482694,46.1688011],[26.2486159,46.1699895],[26.2491326,46.1708838],[26.2497495,46.1715223],[26.2511022,46.1717261],[26.2512913,46.171874],[26.2522374,46.1731541],[26.2527821,46.1745923],[26.2535511,46.1753508],[26.2543851,46.1758048],[26.254171,46.1766298],[26.2542545,46.1790254],[26.2538391,46.1793896],[26.253743,46.1796468],[26.2538841,46.1802385],[26.2531998,46.1808545],[26.2527192,46.1822734],[26.2527495,46.1825728],[26.2529815,46.1827719],[26.2529593,46.1834749],[26.2532912,46.1844479],[26.2531742,46.1849432],[26.2529266,46.1852717],[26.2529211,46.185566],[26.2527832,46.1856847],[26.2528139,46.1861503],[26.2525424,46.1864054],[26.2524651,46.1870385],[26.2521607,46.1875451],[26.2524337,46.1880391],[26.2524802,46.1883767],[26.2522941,46.1891629],[26.2537235,46.189063],[26.2546783,46.1893545],[26.2568692,46.1897282],[26.2607186,46.1902045],[26.2609075,46.1899583],[26.2620061,46.1904024],[26.2622732,46.1906645],[26.2623749,46.1909544],[26.2627547,46.1911877],[26.2630168,46.1911826],[26.2633088,46.1915811],[26.2646521,46.1918944],[26.2652281,46.1915963],[26.2654827,46.1919381],[26.2647916,46.1927553],[26.2650451,46.192772],[26.265922,46.1933139],[26.2666907,46.1932931],[26.2674855,46.1929821],[26.2681404,46.1925017],[26.2684483,46.1921485],[26.2692283,46.1920346],[26.2697599,46.1915656],[26.2702643,46.1913117],[26.2714956,46.1912513],[26.2731273,46.1909114],[26.2745778,46.1904373],[26.2777713,46.18982],[26.2783846,46.1893676],[26.2799974,46.1886008],[26.2822275,46.1879384],[26.2834161,46.1877085],[26.2841114,46.1877193],[26.2846931,46.1874467],[26.2874318,46.1872055],[26.2878111,46.1870404],[26.2887947,46.1860453],[26.2893745,46.1856923],[26.2916358,46.1848499],[26.2928295,46.1848426],[26.2945296,46.1840127],[26.2953607,46.1833598],[26.2962275,46.18309],[26.2962925,46.1828232],[26.2961452,46.1826206],[26.2950277,46.1824538],[26.2947099,46.1825812],[26.2945661,46.1825271],[26.294543,46.1823046],[26.2946802,46.1820741],[26.2948305,46.1820229],[26.2969919,46.1822521],[26.2979247,46.1817589],[26.2984112,46.181611],[26.2994646,46.1816981],[26.3007428,46.1814979],[26.3013512,46.1816086],[26.3022351,46.1818212],[26.3028036,46.1818562],[26.3028037,46.1818562],[26.3034641,46.1818949],[26.3039221,46.1818183],[26.3044551,46.1815853],[26.3048299,46.1815726],[26.3053811,46.1818563],[26.3056979,46.1819535],[26.305698,46.1819535],[26.3060314,46.1819833],[26.3063827,46.1820003],[26.3081615,46.1817489],[26.3087589,46.1814269],[26.3090497,46.181184],[26.3096811,46.1810255],[26.3099888,46.1809884],[26.3101766,46.181003],[26.3106618,46.1810479],[26.3109213,46.1810239],[26.3111444,46.1809836],[26.3114519,46.1806551],[26.3126518,46.1799839],[26.3137056,46.1796027],[26.3146051,46.1794659],[26.3167673,46.1797698],[26.3198888,46.1798805],[26.3208807,46.1798033],[26.3213557,46.1798787],[26.3228305,46.1806607],[26.3238197,46.1816556],[26.3242558,46.1819287],[26.3247111,46.1820903],[26.3259952,46.1822019],[26.3266557,46.1824218],[26.3281763,46.1825913],[26.3292906,46.1835139],[26.3300632,46.184756],[26.3304243,46.185147],[26.3306508,46.1856484],[26.3310258,46.1859576],[26.3310506,46.1860143],[26.3317843,46.1873177],[26.3317343,46.1879728],[26.3330629,46.1922246],[26.3332754,46.1941631],[26.3331114,46.1950609],[26.3332896,46.1958365],[26.3343849,46.1968691],[26.3362013,46.1977488],[26.3374033,46.1986452],[26.3384272,46.1990596],[26.3402086,46.1994961],[26.3407177,46.199713],[26.3414721,46.2009747]]]}},{"type":"Feature","properties":{"entity_id":"osm-r14735730","jurisdiction":"RO","display_name":"LEMNIA","display_type":"commune","admin_level":8,"tier":"local","legal_registry":"SIRUTA","legal_id":"64461","legal_type":"commune","parent_catalog_id":"osm-r2248621","osm_relation_id":14735730,"legal_identity_status":"reconciled","geometry_source":"OpenStreetMap","canonical_geometry_role":null,"geometry_scope":null,"geometry_precision":"master_coordinate_fidelity"},"geometry":{"type":"Polygon","coordinates":[[[26.385354,46.1450202],[26.3850469,46.1450133],[26.3841528,46.1449465],[26.3838154,46.1445279],[26.3817719,46.1447037],[26.3801957,46.1442991],[26.3794499,46.144251],[26.3788421,46.1443591],[26.3787618,46.1446185],[26.3788614,46.144744],[26.3787523,46.1448167],[26.3781384,46.144818],[26.3771969,46.1450257],[26.3767036,46.1450344],[26.3766442,46.1451489],[26.3769097,46.1454914],[26.3761978,46.1455996],[26.3760621,46.1457752],[26.3756886,46.1456845],[26.3749003,46.1458386],[26.3737362,46.145555],[26.3729716,46.1459503],[26.3715405,46.1459913],[26.3712799,46.1457077],[26.371293,46.145479],[26.3714921,46.1452896],[26.3717178,46.144605],[26.3704061,46.1441778],[26.3695847,46.1435447],[26.3686214,46.1433438],[26.3678482,46.1427751],[26.364984,46.1419193],[26.3592073,46.1406532],[26.3571237,46.1407205],[26.3551659,46.1413755],[26.3548895,46.1416178],[26.3544733,46.1415771],[26.3518016,46.140665],[26.3499514,46.1398303],[26.3481742,46.1393924],[26.3454854,46.1380035],[26.3442825,46.1371461],[26.3434349,46.1369502],[26.3430327,46.1377101],[26.3435977,46.1393411],[26.3435101,46.1404421],[26.3436624,46.1416933],[26.3443419,46.1428295],[26.3453387,46.1434798],[26.3456569,46.1440116],[26.3452421,46.144939],[26.3453013,46.1456103],[26.3455183,46.1464121],[26.3460747,46.1472464],[26.3462269,46.1479487],[26.3458036,46.1491734],[26.3457968,46.1498747],[26.3460122,46.1502725],[26.3466313,46.1508709],[26.3469408,46.1517418],[26.3477374,46.1527073],[26.3470506,46.1539837],[26.3464184,46.1547078],[26.3451318,46.155081],[26.3447215,46.1555472],[26.3451439,46.1566323],[26.3453085,46.1577502],[26.3458349,46.1588626],[26.3459857,46.1597021],[26.3473087,46.1612348],[26.347481,46.1615714],[26.3474427,46.16212],[26.3471304,46.1626554],[26.3459432,46.1640469],[26.34427,46.1652258],[26.3435526,46.1669757],[26.3407857,46.1690786],[26.339129,46.1697671],[26.3386197,46.1703566],[26.3385023,46.1714227],[26.3380213,46.1722716],[26.3363172,46.1731539],[26.3342093,46.1754653],[26.3338984,46.1759958],[26.3337424,46.1767565],[26.3331363,46.1775432],[26.3332966,46.1783986],[26.3331123,46.1788998],[26.3319904,46.1803216],[26.3305805,46.1831432],[26.3306169,46.1841804],[26.3309735,46.1857303],[26.3310258,46.1859576],[26.3306508,46.1856484],[26.3304243,46.185147],[26.3300632,46.184756],[26.3292906,46.1835139],[26.3281763,46.1825913],[26.3266557,46.1824218],[26.3259952,46.1822019],[26.3247111,46.1820903],[26.3242558,46.1819287],[26.3238197,46.1816556],[26.3228305,46.1806607],[26.3213557,46.1798787],[26.3208807,46.1798033],[26.3198888,46.1798805],[26.3167673,46.1797698],[26.3146051,46.1794659],[26.3137056,46.1796027],[26.3126518,46.1799839],[26.3114519,46.1806551],[26.3111444,46.1809836],[26.3109213,46.1810239],[26.3106618,46.1810479],[26.3101766,46.181003],[26.3099888,46.1809884],[26.3096811,46.1810255],[26.3090497,46.181184],[26.3087589,46.1814269],[26.3081615,46.1817489],[26.3063827,46.1820003],[26.3060314,46.1819833],[26.305698,46.1819535],[26.3056979,46.1819535],[26.3053811,46.1818563],[26.3048299,46.1815726],[26.3044551,46.1815853],[26.3039221,46.1818183],[26.3034641,46.1818949],[26.3028037,46.1818562],[26.3028036,46.1818562],[26.3022351,46.1818212],[26.3013141,46.1812573],[26.3008371,46.1809652],[26.3006005,46.1802753],[26.3004617,46.1788111],[26.2999799,46.1780434],[26.2992218,46.1773594],[26.298683,46.1746595],[26.2970252,46.1746622],[26.2959065,46.1744171],[26.294645,46.1740126],[26.2931566,46.1733288],[26.2911797,46.1725699],[26.288929,46.1719992],[26.2886368,46.1713985],[26.288014,46.1705438],[26.2869606,46.1696133],[26.2864026,46.1685485],[26.2856969,46.1676141],[26.2839001,46.1661121],[26.28349,46.1639261],[26.2844476,46.1622402],[26.2822196,46.1612494],[26.2819754,46.1610198],[26.2818969,46.1607219],[26.2826211,46.1595106],[26.2825575,46.1593454],[26.2820856,46.1590769],[26.280675,46.1590097],[26.2803606,46.1588389],[26.2802838,46.1586158],[26.2796139,46.1580507],[26.2794113,46.1577107],[26.2789262,46.1568539],[26.2786238,46.155869],[26.2759368,46.1541237],[26.2753727,46.1539429],[26.2752832,46.1537942],[26.2752126,46.1530692],[26.2757125,46.1528018],[26.2762588,46.1526834],[26.2765714,46.152231],[26.2769106,46.1524666],[26.2774707,46.1520114],[26.2773046,46.1518113],[26.2769371,46.151748],[26.2762705,46.1513215],[26.2759199,46.1505921],[26.2755426,46.1505738],[26.2752708,46.1504571],[26.2749101,46.1502217],[26.2747868,46.1500136],[26.2747358,46.1496699],[26.2752395,46.1492788],[26.2749156,46.1489459],[26.2748456,46.148709],[26.2757604,46.1483579],[26.2755216,46.1480779],[26.275417,46.1477382],[26.2747154,46.1469834],[26.2747245,46.1468173],[26.2748704,46.146708],[26.2763693,46.1464939],[26.2765886,46.146487],[26.2769347,46.1466626],[26.2771535,46.1466377],[26.2777228,46.1458553],[26.2776153,46.1456726],[26.2774153,46.1456748],[26.2763656,46.1452155],[26.2748287,46.1448962],[26.274461,46.1449048],[26.2742956,46.1447272],[26.2744924,46.1440252],[26.2752968,46.1433658],[26.2753128,46.143222],[26.2751412,46.143058],[26.274427,46.1428686],[26.2742047,46.1424628],[26.2738174,46.14218],[26.2738832,46.141955],[26.2742727,46.1417757],[26.2743155,46.1416721],[26.2738992,46.1412505],[26.2739016,46.1410756],[26.2747079,46.1404969],[26.2750731,46.1398244],[26.2753669,46.1396911],[26.2755074,46.139066],[26.274688,46.1385144],[26.2742408,46.1384296],[26.2739268,46.1385273],[26.2736546,46.1387546],[26.2717382,46.1390406],[26.2714593,46.1392635],[26.2713774,46.1399104],[26.2711572,46.139877],[26.2708035,46.1396476],[26.2703052,46.1395859],[26.2701201,46.139395],[26.270335,46.1391997],[26.2708751,46.139113],[26.2712096,46.1387863],[26.2715693,46.138715],[26.2720432,46.1382746],[26.272267,46.1381869],[26.272747,46.1382937],[26.273185,46.1382575],[26.2733921,46.1380039],[26.2737616,46.137798],[26.2736524,46.137539],[26.273734,46.1371613],[26.273554,46.1369076],[26.2733635,46.1367617],[26.2724787,46.1364485],[26.2719217,46.1360779],[26.2713069,46.1362821],[26.2711633,46.1364901],[26.2716518,46.1372517],[26.2716201,46.1375571],[26.2712059,46.1377815],[26.2708533,46.1376015],[26.2706374,46.1369131],[26.2702924,46.1364997],[26.2704297,46.1363008],[26.2713204,46.1360263],[26.2712714,46.1353001],[26.2715636,46.1348169],[26.2714981,46.1344946],[26.2733311,46.1345146],[26.2735405,46.1346424],[26.2736094,46.13483],[26.2739727,46.1349157],[26.2749692,46.1347566],[26.2752852,46.1344704],[26.2749858,46.134079],[26.2744411,46.1336813],[26.2743832,46.1334083],[26.2740062,46.1332869],[26.2740484,46.1328782],[26.2724076,46.1325197],[26.2719891,46.1322776],[26.2717961,46.1320196],[26.2722086,46.1317189],[26.2726757,46.1315522],[26.2752474,46.1311513],[26.2756732,46.1308684],[26.2759214,46.1301614],[26.2757322,46.1297911],[26.2755689,46.1297033],[26.2753111,46.1297151],[26.274859,46.1299758],[26.2745402,46.1304235],[26.2731151,46.1304573],[26.2729977,46.1304048],[26.2730337,46.1302832],[26.2734613,46.1300811],[26.2744494,46.1298413],[26.2746272,46.129401],[26.2743217,46.1292712],[26.2728371,46.1291546],[26.2721967,46.1289234],[26.2720215,46.1287571],[26.272563,46.1286319],[26.274308,46.1286756],[26.2757207,46.1282954],[26.2756387,46.1277986],[26.2757354,46.1276223],[26.2756424,46.1275252],[26.2746637,46.1274871],[26.2743288,46.1269511],[26.2740315,46.1267371],[26.2733826,46.1265761],[26.2734253,46.1262392],[26.2716066,46.1264977],[26.2715231,46.1263725],[26.2721444,46.1262114],[26.2722328,46.1261123],[26.272369,46.1254589],[26.2727634,46.125076],[26.2728072,46.1247882],[26.2734715,46.1245831],[26.2741582,46.1246026],[26.27449,46.1244525],[26.2749594,46.125022],[26.275584,46.125053],[26.2758032,46.1249204],[26.275875,46.1244858],[26.2760875,46.1243994],[26.2762676,46.1244327],[26.2763618,46.1242906],[26.2759404,46.1232623],[26.2759493,46.1229721],[26.2748382,46.1224694],[26.2742008,46.1223897],[26.2736812,46.1226412],[26.2733749,46.1230987],[26.2731795,46.1230772],[26.2729257,46.1232732],[26.2727759,46.123119],[26.2723959,46.1231266],[26.2721599,46.1230377],[26.2720425,46.1228052],[26.2724645,46.1222955],[26.2727642,46.1221871],[26.272677,46.1219983],[26.2724573,46.1217703],[26.2720735,46.1218254],[26.2719104,46.121512],[26.2717365,46.1215817],[26.2716977,46.1213754],[26.2715009,46.1215064],[26.2714554,46.1212256],[26.2712268,46.1210316],[26.2723755,46.1205444],[26.2723731,46.1204393],[26.2718577,46.1200689],[26.2717748,46.1198529],[26.2718892,46.1195297],[26.2727158,46.1188122],[26.2736615,46.1184017],[26.2740575,46.1180313],[26.2731276,46.1180721],[26.2733126,46.1176397],[26.2744221,46.11799],[26.2744989,46.1179417],[26.2740269,46.1175504],[26.2743065,46.1174151],[26.2754839,46.1177544],[26.2755347,46.1176319],[26.275756,46.1177175],[26.2758019,46.1175984],[26.2761069,46.1177204],[26.2762019,46.1176143],[26.2761035,46.1171511],[26.2753516,46.1170801],[26.2752337,46.1169397],[26.2756451,46.1169234],[26.2760409,46.1167832],[26.2764282,46.1168261],[26.2773624,46.1165197],[26.2773478,46.1162546],[26.2771525,46.1162391],[26.2770532,46.1159807],[26.2768028,46.1157831],[26.2769789,46.115333],[26.2769018,46.1152985],[26.2765022,46.1156154],[26.2762944,46.1154291],[26.2762128,46.1155656],[26.2759843,46.11558],[26.2759662,46.1152824],[26.2757678,46.1153172],[26.2758299,46.1152147],[26.2762433,46.1151041],[26.276411,46.1147601],[26.2769206,46.1147584],[26.2770452,46.1148263],[26.2772115,46.1146737],[26.2778499,46.1146666],[26.278459,46.1144113],[26.2786379,46.1145478],[26.2794513,46.1145143],[26.2797567,46.1149471],[26.280585,46.1144878],[26.2815716,46.1143157],[26.2821307,46.1139649],[26.2831496,46.1138091],[26.2845893,46.1138818],[26.2843555,46.11379],[26.2843218,46.1133737],[26.2844447,46.1131612],[26.2851513,46.1129699],[26.2854955,46.1129993],[26.2857937,46.1131127],[26.2859023,46.113317],[26.2862385,46.1130021],[26.2860871,46.1123304],[26.2858252,46.1119672],[26.2855685,46.1118741],[26.2854022,46.1113864],[26.2846015,46.1108898],[26.2845748,46.1106605],[26.2841858,46.1104627],[26.2842285,46.1098544],[26.2841402,46.1097332],[26.283718,46.1096591],[26.2835435,46.1095011],[26.2830411,46.1093855],[26.2829653,46.1089001],[26.2826185,46.1086052],[26.2823797,46.1078898],[26.2824033,46.1075606],[26.2818847,46.1072491],[26.2807268,46.1057954],[26.2801053,46.1054258],[26.2798633,46.1050247],[26.278646,46.1038144],[26.2771368,46.1029896],[26.2765322,46.10289],[26.2759793,46.1020202],[26.2751131,46.1020319],[26.2748294,46.1019603],[26.2744895,46.1017234],[26.2735243,46.1014181],[26.2731564,46.1007186],[26.2730406,46.1001282],[26.2727235,46.0998688],[26.27205,46.0997253],[26.2717672,46.0995687],[26.2712082,46.0995345],[26.2705135,46.0990869],[26.2702968,46.099146],[26.2694427,46.0986722],[26.268962,46.0986968],[26.268607,46.0984318],[26.2682506,46.098359],[26.2681375,46.0981196],[26.267755,46.0979832],[26.2672331,46.0975421],[26.2656579,46.097118],[26.2653048,46.0971886],[26.2645763,46.0970429],[26.2630168,46.0961804],[26.2629525,46.0959904],[26.2627059,46.0958979],[26.2626919,46.0955959],[26.2622882,46.0953764],[26.2618033,46.094392],[26.2621526,46.0934644],[26.2621823,46.0930812],[26.2618992,46.0930563],[26.2616791,46.092289],[26.2617152,46.0919235],[26.2615137,46.0916658],[26.2617158,46.0911685],[26.2617727,46.0905428],[26.2621088,46.0896789],[26.262762,46.0886815],[26.262788,46.0882604],[26.2623648,46.0876462],[26.2623586,46.0869841],[26.2609985,46.0858418],[26.2608049,46.0851508],[26.260472,46.0845913],[26.2597061,46.0841542],[26.2589899,46.0831657],[26.2586153,46.0823344],[26.2586661,46.0822224],[26.2598558,46.082135],[26.2616697,46.0817314],[26.2611487,46.0807222],[26.260627,46.0800719],[26.2609262,46.0799325],[26.2609059,46.0798213],[26.2603949,46.0792514],[26.2590287,46.0782206],[26.2587489,46.0776481],[26.2560457,46.0768671],[26.2563637,46.075991],[26.2555277,46.0755917],[26.25439,46.0752205],[26.2543941,46.07501],[26.2541548,46.0750436],[26.2511489,46.071091],[26.250914,46.0709265],[26.2524537,46.0694182],[26.2515711,46.0689204],[26.2510565,46.0681834],[26.2485462,46.0668949],[26.2476188,46.0666009],[26.2474634,46.0663986],[26.2476607,46.0661462],[26.2485616,46.0656958],[26.2519451,46.061059],[26.2501887,46.0600871],[26.2500218,46.0600799],[26.2437843,46.0563319],[26.2418156,46.0569781],[26.2400553,46.0558192],[26.2397037,46.0568384],[26.2365285,46.0558044],[26.2334606,46.055137],[26.2338893,46.0533648],[26.2336922,46.0532861],[26.2236592,46.0522945],[26.2156367,46.0516903],[26.2155753,46.0513256],[26.2172812,46.0483043],[26.2178377,46.0468557],[26.2177791,46.0464043],[26.2367862,46.0312544],[26.2380072,46.032118],[26.2397779,46.0340892],[26.2408627,46.0348992],[26.2423495,46.0342843],[26.2456031,46.0333394],[26.2460454,46.0332542],[26.246553,46.0333043],[26.2473753,46.0335182],[26.248141,46.0335903],[26.248495,46.0335245],[26.2491962,46.0330991],[26.2501896,46.0328253],[26.2500505,46.0327447],[26.2520929,46.0321131],[26.2548355,46.0316271],[26.2574074,46.0309948],[26.2596631,46.030824],[26.2631426,46.0302098],[26.2633336,46.0302059],[26.2633943,46.0302283],[26.2639781,46.0296469],[26.2641969,46.0288024],[26.2651512,46.0265398],[26.2659531,46.0281267],[26.2662209,46.0295969],[26.2682777,46.0291663],[26.2698126,46.0315149],[26.2692384,46.031819],[26.2697437,46.0321906],[26.2686195,46.0338994],[26.2679587,46.0346243],[26.2690002,46.0352585],[26.2697425,46.0354307],[26.2697705,46.0355604],[26.2692493,46.0357749],[26.2701698,46.0364356],[26.2710055,46.0372037],[26.2713434,46.0376255],[26.2714559,46.0381237],[26.2730399,46.0388498],[26.2738025,46.0393491],[26.2740241,46.0397935],[26.2741262,46.0404272],[26.2754842,46.0404991],[26.2756184,46.0410999],[26.2768996,46.0411573],[26.2774537,46.0414884],[26.2777237,46.0418289],[26.2779555,46.0428226],[26.2778439,46.0435727],[26.2775292,46.0436041],[26.2775446,46.0442754],[26.2778771,46.0459645],[26.2782913,46.0459389],[26.2784948,46.0458017],[26.278734,46.0458366],[26.2787814,46.0459644],[26.2795313,46.0460887],[26.2795709,46.0461547],[26.279248,46.0463463],[26.2792789,46.0464455],[26.2794635,46.0464589],[26.2795559,46.0463296],[26.2799244,46.0464302],[26.2809063,46.0476724],[26.2812973,46.0478937],[26.2814574,46.0482393],[26.2816868,46.0482196],[26.2818265,46.0484008],[26.2816401,46.0485058],[26.2817687,46.0492756],[26.2819862,46.0494346],[26.2819336,46.0498208],[26.2826044,46.0502504],[26.282682,46.0504095],[26.2825791,46.0505319],[26.2827334,46.0507772],[26.2829736,46.0508147],[26.2838372,46.0506786],[26.2848191,46.0517303],[26.2857903,46.0523168],[26.2863539,46.0520983],[26.2875809,46.0524588],[26.2881371,46.0527354],[26.2889141,46.052918],[26.2904841,46.0529216],[26.2914925,46.0530697],[26.2939427,46.053227],[26.2950814,46.0532035],[26.2976091,46.0528755],[26.2983457,46.0551628],[26.2985494,46.0553828],[26.2991055,46.0556882],[26.3030348,46.0565119],[26.3029619,46.0566359],[26.3043714,46.0570633],[26.3041428,46.0575455],[26.3045154,46.0577022],[26.3058688,46.0579475],[26.3064007,46.0578895],[26.3079764,46.0586878],[26.3102342,46.0595251],[26.3112467,46.0601521],[26.3117713,46.0609653],[26.3126418,46.0616954],[26.313615,46.0627543],[26.3141031,46.0630645],[26.3148478,46.0639139],[26.3149793,46.0648882],[26.3159209,46.0651838],[26.3164492,46.0657575],[26.3174334,46.0658546],[26.3186992,46.0658306],[26.3211996,46.0657389],[26.3222771,46.0655672],[26.3235719,46.0657791],[26.3247612,46.0665134],[26.3249456,46.066685],[26.3249992,46.0677655],[26.3247157,46.0688568],[26.3269013,46.0705276],[26.3265124,46.0706249],[26.3264203,46.0708612],[26.3268707,46.0711035],[26.3270629,46.0720729],[26.3274547,46.0732132],[26.3278268,46.0738959],[26.3277292,46.0750171],[26.3279427,46.0757635],[26.3277458,46.076824],[26.3281804,46.0775183],[26.3285695,46.0777985],[26.3286232,46.0781815],[26.3290306,46.0784862],[26.3295963,46.07964],[26.3306716,46.0810881],[26.3313381,46.0814392],[26.3319647,46.0816052],[26.3337563,46.0825127],[26.3349203,46.0839472],[26.3347252,46.0850758],[26.3354218,46.0877783],[26.3355658,46.0889525],[26.3355005,46.0891946],[26.3357747,46.0895008],[26.3369968,46.0903839],[26.3388883,46.090993],[26.3391576,46.0914664],[26.3387609,46.0919785],[26.3386768,46.0925488],[26.3387794,46.0927456],[26.339455,46.0934618],[26.3402714,46.0937493],[26.3414044,46.0949861],[26.3420725,46.0953929],[26.3429173,46.095383],[26.3436346,46.0956159],[26.3446136,46.0956354],[26.3451506,46.0957714],[26.3456027,46.0957042],[26.3460077,46.0958975],[26.346274,46.0958758],[26.3464912,46.0956628],[26.3464986,46.0952357],[26.3472506,46.0947008],[26.3479543,46.0943769],[26.349511,46.094012],[26.3498757,46.094379],[26.3499996,46.0943528],[26.3502616,46.0941517],[26.3511288,46.0939682],[26.351178,46.0937943],[26.35095,46.0935691],[26.3510629,46.09342],[26.3517674,46.0937278],[26.3521216,46.0940569],[26.3528017,46.0941273],[26.3535669,46.0944642],[26.3542285,46.0950547],[26.3546874,46.0951413],[26.3550262,46.0953583],[26.3552348,46.0958195],[26.3555572,46.096088],[26.3565043,46.0973454],[26.3575581,46.0979685],[26.3579431,46.098646],[26.3583287,46.0988529],[26.3588219,46.0989593],[26.3603241,46.0989369],[26.3611509,46.0987353],[26.3614958,46.0984712],[26.3624717,46.0983637],[26.3630901,46.0985513],[26.3642055,46.0986865],[26.3655132,46.0979654],[26.3665158,46.097678],[26.3667163,46.0976942],[26.3675616,46.0986],[26.3682416,46.0991179],[26.3702579,46.1000716],[26.3710126,46.1007309],[26.3713257,46.1008014],[26.3718673,46.1014756],[26.3726543,46.1019984],[26.3738326,46.1032344],[26.3745736,46.1036958],[26.3747471,46.1038732],[26.3752622,46.1052718],[26.3755515,46.105454],[26.3763091,46.1067514],[26.3752902,46.1071703],[26.3746322,46.1072406],[26.3732432,46.1078371],[26.3731348,46.1081503],[26.3726743,46.1081778],[26.3719504,46.1085721],[26.3707685,46.1097922],[26.3703315,46.1110868],[26.3695506,46.1119688],[26.3691373,46.1127299],[26.3687696,46.1145734],[26.3684445,46.1151568],[26.3681872,46.1161311],[26.3683249,46.1167531],[26.3680985,46.1169617],[26.3675482,46.118149],[26.3676567,46.1185506],[26.3683241,46.1194988],[26.3692745,46.1199548],[26.3710121,46.1201274],[26.3730276,46.1209391],[26.3731578,46.1214034],[26.3734791,46.1218247],[26.3740195,46.1222091],[26.3775257,46.1240993],[26.3777731,46.1244289],[26.3778779,46.1250346],[26.378546,46.1259679],[26.3787139,46.1266133],[26.3786083,46.1266755],[26.3789939,46.1269078],[26.3793182,46.1276938],[26.3796102,46.1277258],[26.3797876,46.1279789],[26.3800243,46.1279798],[26.3800849,46.128326],[26.3802976,46.1283263],[26.3808866,46.1278389],[26.381154,46.1279038],[26.3814208,46.1281081],[26.3812044,46.1285839],[26.3813823,46.1286456],[26.3815598,46.1285413],[26.3820047,46.1286917],[26.3823668,46.1286209],[26.3824,46.1283344],[26.3834507,46.1276799],[26.3843511,46.1269384],[26.3845904,46.1264839],[26.3844749,46.1255845],[26.3842788,46.1251789],[26.3844846,46.1252464],[26.3848511,46.1251226],[26.3857364,46.125143],[26.3861624,46.1247149],[26.3868818,46.1248835],[26.3874523,46.124795],[26.3905218,46.1238409],[26.390971,46.1237833],[26.3922323,46.1227007],[26.3925781,46.1231387],[26.392491,46.1233955],[26.39204,46.123686],[26.3913476,46.1239866],[26.3911344,46.123899],[26.3910055,46.1240494],[26.3905619,46.1241554],[26.39017,46.1245186],[26.389496,46.1245749],[26.3887936,46.1251336],[26.3884818,46.12525],[26.3881547,46.1259084],[26.3882809,46.1263775],[26.3864647,46.1277942],[26.3865433,46.1280101],[26.3861793,46.1282519],[26.3860419,46.1286528],[26.3857684,46.1287398],[26.3857588,46.1291284],[26.3859741,46.1292013],[26.3858203,46.1294727],[26.3861515,46.1297319],[26.3860012,46.1300592],[26.386108,46.130223],[26.3866246,46.130471],[26.3868751,46.130984],[26.3871724,46.131063],[26.3870854,46.1311778],[26.3872636,46.1313719],[26.3876658,46.1315388],[26.388745,46.1325562],[26.388986,46.1326036],[26.3890444,46.1327664],[26.3895615,46.1329898],[26.3888069,46.1337964],[26.3884643,46.1338869],[26.3885947,46.1345019],[26.3881485,46.1352369],[26.3878723,46.1377267],[26.3869443,46.1380161],[26.3864414,46.1379498],[26.3863558,46.1380593],[26.3854743,46.1383248],[26.3848784,46.1383039],[26.3846941,46.1387979],[26.38401,46.1387501],[26.3837334,46.1388517],[26.383584,46.1390925],[26.3840158,46.1395037],[26.3836692,46.1395994],[26.3835887,46.1398063],[26.3840071,46.1404694],[26.3839794,46.1406802],[26.3844292,46.1418097],[26.3849029,46.1420557],[26.3848755,46.1422757],[26.3862847,46.1433829],[26.3859066,46.1438165],[26.3855722,46.1439324],[26.3855889,46.1441372],[26.3875287,46.1449667],[26.3862973,46.1450906],[26.3854179,46.1450216],[26.385354,46.1450202]]]}},{"type":"Feature","properties":{"entity_id":"osm-r14735731","jurisdiction":"RO","display_name":"OJDULA","display_type":"commune","admin_level":8,"tier":"local","legal_registry":"SIRUTA","legal_id":"64602","legal_type":"commune","parent_catalog_id":"osm-r2248621","osm_relation_id":14735731,"legal_identity_status":"reconciled","geometry_source":"OpenStreetMap","canonical_geometry_role":null,"geometry_scope":null,"geometry_precision":"master_coordinate_fidelity"},"geometry":{"type":"Polygon","coordinates":[[[26.4306568,46.0780198],[26.4304901,46.0781935],[26.428945,46.0787531],[26.4294718,46.0792898],[26.4271881,46.0797401],[26.426484,46.0797263],[26.4249844,46.0807768],[26.4255221,46.0816532],[26.4252949,46.0819164],[26.4244885,46.0821],[26.4239604,46.0824918],[26.4241374,46.0827012],[26.4236373,46.0832716],[26.4221123,46.0828077],[26.4214205,46.0828236],[26.4204462,46.0830173],[26.4179581,46.084585],[26.4176614,46.0851792],[26.4166264,46.0857485],[26.4159213,46.0863613],[26.4136484,46.0878671],[26.4127188,46.0883406],[26.4099568,46.0892893],[26.4103296,46.0898602],[26.4100203,46.0902036],[26.4091467,46.0905021],[26.4089638,46.0908477],[26.4086072,46.0911488],[26.4075313,46.0914955],[26.4064281,46.0920138],[26.4050637,46.0922583],[26.4051285,46.0926015],[26.4054449,46.0930444],[26.4059734,46.093463],[26.4066223,46.093841],[26.4078677,46.0945861],[26.4083074,46.095274],[26.4084114,46.0962582],[26.4083221,46.0981176],[26.408275,46.0988073],[26.408302,46.0995099],[26.4075659,46.1012126],[26.4075462,46.1014072],[26.407542,46.1015696],[26.4076895,46.101839],[26.4079827,46.102173],[26.4080688,46.102419],[26.4081398,46.1032338],[26.4079093,46.1035745],[26.4075693,46.1036881],[26.4066275,46.1035523],[26.4058386,46.1036191],[26.4046922,46.1032235],[26.4042164,46.1031681],[26.4025738,46.1035654],[26.4021575,46.1035415],[26.4014242,46.1032805],[26.3999405,46.1021696],[26.3995639,46.102014],[26.3986299,46.1020631],[26.3978672,46.1019682],[26.3973964,46.1018717],[26.3962474,46.1013771],[26.39508,46.1015108],[26.394388,46.1014816],[26.3931566,46.1009882],[26.3924103,46.1011307],[26.3905803,46.101828],[26.3894622,46.1018142],[26.3888699,46.1013724],[26.3886424,46.1016361],[26.3875264,46.1017734],[26.3837837,46.1027438],[26.3832505,46.1029373],[26.3831176,46.1031048],[26.3817355,46.1035864],[26.3806749,46.1041594],[26.3805451,46.1044026],[26.3795176,46.1050136],[26.3795437,46.1053464],[26.3785723,46.1063798],[26.3765218,46.1067179],[26.3763091,46.1067514],[26.3755515,46.105454],[26.3752622,46.1052718],[26.3747471,46.1038732],[26.3745736,46.1036958],[26.3738326,46.1032344],[26.3726543,46.1019984],[26.3718673,46.1014756],[26.3713257,46.1008014],[26.3710126,46.1007309],[26.3702579,46.1000716],[26.3682416,46.0991179],[26.3675616,46.0986],[26.3667163,46.0976942],[26.3665158,46.097678],[26.3655132,46.0979654],[26.3642055,46.0986865],[26.3630901,46.0985513],[26.3624717,46.0983637],[26.3614958,46.0984712],[26.3611509,46.0987353],[26.3603241,46.0989369],[26.3588219,46.0989593],[26.3583287,46.0988529],[26.3579431,46.098646],[26.3575581,46.0979685],[26.3565043,46.0973454],[26.3555572,46.096088],[26.3552348,46.0958195],[26.3550262,46.0953583],[26.3546874,46.0951413],[26.3542285,46.0950547],[26.3535669,46.0944642],[26.3528017,46.0941273],[26.3521216,46.0940569],[26.3517674,46.0937278],[26.3510629,46.09342],[26.35095,46.0935691],[26.351178,46.0937943],[26.3511288,46.0939682],[26.3502616,46.0941517],[26.3499996,46.0943528],[26.3498757,46.094379],[26.349511,46.094012],[26.3479543,46.0943769],[26.3472506,46.0947008],[26.3464986,46.0952357],[26.3464912,46.0956628],[26.346274,46.0958758],[26.3460077,46.0958975],[26.3456027,46.0957042],[26.3451506,46.0957714],[26.3446136,46.0956354],[26.3436346,46.0956159],[26.3429173,46.095383],[26.3420725,46.0953929],[26.3414044,46.0949861],[26.3402714,46.0937493],[26.339455,46.0934618],[26.3387794,46.0927456],[26.3386768,46.0925488],[26.3387609,46.0919785],[26.3391576,46.0914664],[26.3388883,46.090993],[26.3369968,46.0903839],[26.3357747,46.0895008],[26.3355005,46.0891946],[26.3355658,46.0889525],[26.3354218,46.0877783],[26.3347252,46.0850758],[26.3349203,46.0839472],[26.3337563,46.0825127],[26.3319647,46.0816052],[26.3313381,46.0814392],[26.3306716,46.0810881],[26.3295963,46.07964],[26.3290306,46.0784862],[26.3286232,46.0781815],[26.3285695,46.0777985],[26.3281804,46.0775183],[26.3277458,46.076824],[26.3279427,46.0757635],[26.3277292,46.0750171],[26.3278268,46.0738959],[26.3274547,46.0732132],[26.3270629,46.0720729],[26.3268707,46.0711035],[26.3264203,46.0708612],[26.3265124,46.0706249],[26.3269013,46.0705276],[26.3247157,46.0688568],[26.3249992,46.0677655],[26.3249456,46.066685],[26.3247612,46.0665134],[26.3235719,46.0657791],[26.3222771,46.0655672],[26.3211996,46.0657389],[26.3186992,46.0658306],[26.3174334,46.0658546],[26.3164492,46.0657575],[26.3159209,46.0651838],[26.3149793,46.0648882],[26.3148478,46.0639139],[26.3141031,46.0630645],[26.313615,46.0627543],[26.3126418,46.0616954],[26.3117713,46.0609653],[26.3112467,46.0601521],[26.3102342,46.0595251],[26.3079764,46.0586878],[26.3064007,46.0578895],[26.3058688,46.0579475],[26.3045154,46.0577022],[26.3041428,46.0575455],[26.3043714,46.0570633],[26.3029619,46.0566359],[26.3030348,46.0565119],[26.2991055,46.0556882],[26.2985494,46.0553828],[26.2983457,46.0551628],[26.2976091,46.0528755],[26.2950814,46.0532035],[26.2939427,46.053227],[26.2914925,46.0530697],[26.2904841,46.0529216],[26.2889141,46.052918],[26.2881371,46.0527354],[26.2875809,46.0524588],[26.2863539,46.0520983],[26.2857903,46.0523168],[26.2848191,46.0517303],[26.2838372,46.0506786],[26.2829736,46.0508147],[26.2827334,46.0507772],[26.2825791,46.0505319],[26.282682,46.0504095],[26.2826044,46.0502504],[26.2819336,46.0498208],[26.2819862,46.0494346],[26.2817687,46.0492756],[26.2816401,46.0485058],[26.2818265,46.0484008],[26.2816868,46.0482196],[26.2814574,46.0482393],[26.2812973,46.0478937],[26.2809063,46.0476724],[26.2799244,46.0464302],[26.2795559,46.0463296],[26.2794635,46.0464589],[26.2792789,46.0464455],[26.279248,46.0463463],[26.2795709,46.0461547],[26.2795313,46.0460887],[26.2787814,46.0459644],[26.278734,46.0458366],[26.2784948,46.0458017],[26.2782913,46.0459389],[26.2778771,46.0459645],[26.2775446,46.0442754],[26.2775292,46.0436041],[26.2778439,46.0435727],[26.2779555,46.0428226],[26.2777237,46.0418289],[26.2774537,46.0414884],[26.2768996,46.0411573],[26.2756184,46.0410999],[26.2754842,46.0404991],[26.2741262,46.0404272],[26.2740241,46.0397935],[26.2738025,46.0393491],[26.2730399,46.0388498],[26.2714559,46.0381237],[26.2713434,46.0376255],[26.2710055,46.0372037],[26.2701698,46.0364356],[26.2692493,46.0357749],[26.2697705,46.0355604],[26.2697425,46.0354307],[26.2690002,46.0352585],[26.2679587,46.0346243],[26.2686195,46.0338994],[26.2697437,46.0321906],[26.2692384,46.031819],[26.2698126,46.0315149],[26.2682777,46.0291663],[26.2662209,46.0295969],[26.2659531,46.0281267],[26.2651512,46.0265398],[26.2641969,46.0288024],[26.2639781,46.0296469],[26.2633943,46.0302283],[26.2633336,46.0302059],[26.263098,46.0301042],[26.2570303,46.0275759],[26.2592776,46.0248777],[26.2573255,46.0240717],[26.2546641,46.0233013],[26.2494562,46.0209773],[26.2491938,46.020861],[26.2487033,46.0206792],[26.2477679,46.0205594],[26.2467336,46.0201901],[26.2432047,46.0185049],[26.2308569,46.0136782],[26.2306796,46.0134913],[26.2297682,46.0130463],[26.2287823,46.011847],[26.2277614,46.0112669],[26.2262414,46.010625],[26.2266646,46.0100427],[26.2264289,46.0096036],[26.2246535,46.0087564],[26.2209024,46.0077024],[26.2200845,46.0067292],[26.2188412,46.0062779],[26.2177061,46.0055296],[26.2170809,46.0049322],[26.2156934,46.0057225],[26.2155383,46.0048363],[26.215641,46.0045604],[26.2173523,46.00277],[26.2178311,46.0024176],[26.2172218,46.0018848],[26.2188267,46.0010376],[26.212675,45.9969902],[26.2147205,45.9948952],[26.2112178,45.9941245],[26.2088924,45.9942383],[26.2077176,45.9941202],[26.2054236,45.9942588],[26.2053089,45.993939],[26.206337,45.9932019],[26.2066028,45.9931428],[26.2057247,45.9920005],[26.2040718,45.9919635],[26.2003472,45.9895276],[26.2003084,45.9895867],[26.1970093,45.9885675],[26.1969247,45.9886165],[26.1949638,45.9869904],[26.192135,45.9837883],[26.1910835,45.9819726],[26.1921651,45.9820901],[26.1923063,45.9818133],[26.1981876,45.9824525],[26.1993211,45.9828308],[26.1997737,45.9834428],[26.2012428,45.9840315],[26.2045909,45.9838494],[26.2059067,45.9840243],[26.206562,45.9839923],[26.2077719,45.9843256],[26.2080294,45.9837608],[26.2076076,45.9831135],[26.2076203,45.9828505],[26.2103582,45.9767415],[26.2194866,45.9781552],[26.2204387,45.9778238],[26.2194526,45.9702178],[26.2188284,45.9683601],[26.2253962,45.9671976],[26.2332821,45.963638],[26.2330799,45.9630516],[26.2331892,45.9607397],[26.2349152,45.9607428],[26.2354958,45.9603157],[26.2366858,45.9601605],[26.2377999,45.9601794],[26.2401907,45.9599523],[26.240709,45.9597177],[26.2410597,45.9591322],[26.2413696,45.9589029],[26.2423992,45.9585173],[26.2430228,45.9586297],[26.2439414,45.9590343],[26.2448605,45.9592626],[26.2450827,45.9595766],[26.2459346,45.9600748],[26.2478094,45.9601843],[26.2497993,45.9604813],[26.2503982,45.9604747],[26.2519813,45.9600528],[26.2523066,45.9601142],[26.2538418,45.959992],[26.257001,45.9599301],[26.2582829,45.9593884],[26.2595342,45.9584544],[26.2616499,45.9572308],[26.2621896,45.9564584],[26.2630697,45.9554691],[26.2633772,45.9552798],[26.2633371,45.9546381],[26.2635215,45.9538138],[26.2634012,45.9531869],[26.2635928,45.952846],[26.2636726,45.9520783],[26.2638913,45.9514264],[26.2644442,45.9503553],[26.2646574,45.9500811],[26.2651438,45.9499505],[26.2673751,45.9485635],[26.26784,45.9477227],[26.2677091,45.9474315],[26.2677711,45.9467222],[26.2682379,45.9462746],[26.2691041,45.9451141],[26.27089,45.9446025],[26.2719561,45.9439937],[26.2735518,45.9425286],[26.273985,45.9419833],[26.2766366,45.9399851],[26.2777972,45.9393387],[26.2792222,45.9389786],[26.2801367,45.9385873],[26.2808297,45.938145],[26.2821837,45.9377072],[26.2828223,45.9371066],[26.2829565,45.9365414],[26.2836925,45.9354685],[26.2843303,45.9350244],[26.2855158,45.9347635],[26.2865387,45.9346778],[26.2875649,45.9343479],[26.2883125,45.9339759],[26.2893856,45.9328913],[26.2899255,45.9329537],[26.2909999,45.9321343],[26.2914354,45.9322713],[26.2920445,45.9322201],[26.2938041,45.9307652],[26.2948349,45.9306393],[26.2987503,45.9306653],[26.3014222,45.9312376],[26.3018923,45.931752],[26.3026,45.9317351],[26.3037645,45.9311988],[26.3054861,45.9307014],[26.3073683,45.9306725],[26.3080205,45.930765],[26.3091809,45.9302135],[26.3094949,45.9302132],[26.3095504,45.9298024],[26.3109069,45.9273214],[26.3117972,45.9263426],[26.3132758,45.9259177],[26.3140408,45.9254036],[26.3147932,45.9251313],[26.3168568,45.9248164],[26.3181691,45.9250582],[26.3199824,45.9251332],[26.3203426,45.9252449],[26.3209621,45.9252811],[26.3221174,45.9259006],[26.3226912,45.9260246],[26.3255399,45.92566],[26.3266575,45.9249824],[26.3281142,45.9245848],[26.3286007,45.9241366],[26.3292671,45.9229218],[26.3297763,45.9225923],[26.330533,45.9225462],[26.3310447,45.9226926],[26.3326263,45.9234022],[26.3332521,45.923846],[26.3336317,45.923686],[26.334049,45.9232425],[26.3346071,45.9230929],[26.3380008,45.9231496],[26.3388891,45.9234919],[26.3402688,45.9231782],[26.3408736,45.9226603],[26.3421,45.9228502],[26.3423254,45.9226611],[26.3432884,45.9230433],[26.3441045,45.9230523],[26.3443157,45.9231705],[26.3451989,45.9241194],[26.3459871,45.9251777],[26.3462365,45.9252212],[26.3468348,45.9250253],[26.348537,45.9251909],[26.3498172,45.9255038],[26.3511964,45.9260569],[26.3522452,45.9263354],[26.3537537,45.9265527],[26.354853,45.9265397],[26.3552232,45.926625],[26.356824,45.9273549],[26.357842,45.9283671],[26.3589632,45.9287034],[26.3593139,45.9292624],[26.3606304,45.9297852],[26.3612374,45.9301245],[26.3617476,45.930858],[26.3634422,45.9317878],[26.3645315,45.9326227],[26.3658982,45.9333769],[26.3676805,45.9339002],[26.3682212,45.9342465],[26.3686114,45.9347833],[26.3691861,45.9352499],[26.3694858,45.9357136],[26.3694981,45.9362147],[26.3690756,45.937244],[26.3690487,45.937594],[26.3692223,45.9377993],[26.371547,45.9372005],[26.3727779,45.9371145],[26.3738135,45.9368483],[26.374592,45.9367616],[26.3762344,45.9370018],[26.3781835,45.9370835],[26.3788349,45.9372397],[26.381117,45.9382333],[26.3813915,45.9385703],[26.3824052,45.9393767],[26.3860934,45.9403763],[26.3871836,45.9408403],[26.3872344,45.9408637],[26.3872269,45.9414632],[26.3874187,45.9421728],[26.3883232,45.9431659],[26.390068,45.9446926],[26.3914627,45.9458664],[26.3915808,45.9471746],[26.3916944,45.9483043],[26.3913993,45.9501533],[26.3911955,45.9522393],[26.3897793,45.9536256],[26.3893824,45.954821],[26.3896636,45.9558296],[26.3907247,45.9573051],[26.3918682,45.9586605],[26.3935223,45.9599501],[26.3950043,45.9611824],[26.3963451,45.9630369],[26.3966165,45.9641989],[26.3972497,45.96562],[26.3989805,45.9665516],[26.4010647,45.9679551],[26.4028031,45.9691843],[26.404534,45.9701158],[26.4062876,45.9719401],[26.4078435,45.9726952],[26.4096555,45.9734472],[26.4117266,45.9743151],[26.4130099,45.9744187],[26.415313,45.9743314],[26.4170413,45.9751439],[26.4186978,45.9764922],[26.4206152,45.9780156],[26.4224535,45.979778],[26.4239336,45.9808903],[26.4261013,45.9821723],[26.4281868,45.9835745],[26.4301824,45.9847992],[26.432082,45.9856085],[26.4338201,45.9867769],[26.4356406,45.9878253],[26.4369443,45.9887016],[26.4375743,45.9899438],[26.4378721,45.9915473],[26.4373907,45.992744],[26.435987,45.9946073],[26.4349809,45.9953345],[26.4337494,45.9972551],[26.4332908,45.9993445],[26.4336708,46.0008279],[26.4337154,46.0025537],[26.4343578,46.0042719],[26.4351634,46.0056904],[26.4362313,46.0073436],[26.4378955,46.0089297],[26.4390336,46.0099868],[26.4401855,46.0115794],[26.4413314,46.012934],[26.4429137,46.0146402],[26.4455179,46.0162144],[26.445802,46.0172823],[26.4460148,46.0188869],[26.4445998,46.0203336],[26.443177,46.0214828],[26.4417449,46.0222749],[26.4411779,46.0234728],[26.4409664,46.0252018],[26.4408388,46.0268703],[26.4398507,46.0283116],[26.4391584,46.0309573],[26.4387331,46.0318135],[26.4385009,46.0325908],[26.4384973,46.0337009],[26.4375645,46.0355433],[26.4376489,46.0357311],[26.4393877,46.0376969],[26.4400116,46.0388885],[26.4398217,46.0398238],[26.4398776,46.0405512],[26.4389741,46.0416111],[26.4389493,46.0450457],[26.438813,46.0454612],[26.4383492,46.0458264],[26.4378592,46.0466234],[26.437692,46.0473303],[26.4377191,46.0478117],[26.438257,46.0485561],[26.4383519,46.0492515],[26.4393747,46.0495103],[26.440615,46.0497233],[26.4417963,46.0505755],[26.4419889,46.0508152],[26.4418167,46.051243],[26.4406767,46.0517735],[26.4402294,46.0524086],[26.4393014,46.0529578],[26.4378583,46.0535776],[26.4372491,46.054481],[26.4363499,46.0568015],[26.4355676,46.0576548],[26.4353688,46.0579036],[26.4345476,46.0581272],[26.4326441,46.0584617],[26.4323866,46.0585957],[26.432333,46.0588563],[26.4327299,46.0591318],[26.4334415,46.0591659],[26.4343003,46.0589219],[26.4342544,46.0592266],[26.4333113,46.0597253],[26.432966,46.0598242],[26.432371,46.0597373],[26.4314664,46.0594036],[26.4312786,46.0593937],[26.4311185,46.0595028],[26.4319031,46.0600105],[26.4323234,46.0610774],[26.4320808,46.0618368],[26.4327951,46.0626106],[26.4326918,46.0630425],[26.4321906,46.0631789],[26.4311703,46.0628805],[26.4308631,46.0624893],[26.4310803,46.0620014],[26.4309543,46.06189],[26.4307855,46.0618969],[26.4303355,46.0627367],[26.430028,46.0639808],[26.4283227,46.0646585],[26.4274439,46.0658398],[26.4265067,46.0661894],[26.4253753,46.0666269],[26.4251141,46.0669589],[26.4253721,46.0680046],[26.4258643,46.0701398],[26.4262112,46.0715894],[26.4268805,46.0723711],[26.427349,46.0738476],[26.4279234,46.0744736],[26.428225,46.0746547],[26.428669,46.0749049],[26.4288837,46.0752328],[26.428712,46.0755081],[26.4284974,46.0755416],[26.4277464,46.0753444],[26.4275318,46.0754114],[26.4275302,46.0755744],[26.4280897,46.0760031],[26.4286655,46.0769726],[26.429078,46.0774387],[26.4306568,46.0780198]]]}},{"type":"Feature","properties":{"entity_id":"osm-r14735732","jurisdiction":"RO","display_name":"GHELINȚA","display_type":"commune","admin_level":8,"tier":"local","legal_registry":"SIRUTA","legal_id":"64318","legal_type":"commune","parent_catalog_id":"osm-r2248621","osm_relation_id":14735732,"legal_identity_status":"reconciled","geometry_source":"OpenStreetMap","canonical_geometry_role":null,"geometry_scope":null,"geometry_precision":"master_coordinate_fidelity"},"geometry":{"type":"Polygon","coordinates":[[[26.1782473,45.9246978],[26.1787654,45.9237557],[26.1800932,45.9235166],[26.1833847,45.9225257],[26.1853232,45.9204627],[26.1864174,45.9196331],[26.1877696,45.9188409],[26.1915842,45.9181817],[26.1927342,45.9178291],[26.1943227,45.9174795],[26.1996934,45.9170983],[26.2003053,45.917262],[26.2018086,45.9171835],[26.2020336,45.9170738],[26.2030583,45.9171688],[26.2042527,45.9171506],[26.2073241,45.9160431],[26.2090153,45.9157432],[26.2097487,45.9153824],[26.2113845,45.9148868],[26.2118882,45.9146425],[26.2132575,45.9144253],[26.2143289,45.9136561],[26.2146851,45.913637],[26.2149878,45.9135139],[26.2156736,45.9136871],[26.216154,45.9139144],[26.2192737,45.9141864],[26.2216881,45.9138176],[26.2223262,45.9138535],[26.2231159,45.9140464],[26.2242112,45.9144825],[26.2247711,45.9148765],[26.2252465,45.9150496],[26.2267706,45.9153843],[26.2283516,45.9159119],[26.2306134,45.9163517],[26.2317737,45.9158937],[26.2347048,45.9157259],[26.2358777,45.9154409],[26.2365435,45.9150809],[26.2372432,45.9142502],[26.2375318,45.9140676],[26.2383505,45.913805],[26.2392884,45.9137206],[26.2398519,45.9139435],[26.2405006,45.9144068],[26.2412772,45.9146397],[26.2419593,45.9145704],[26.2431746,45.913805],[26.2453638,45.9138276],[26.2481743,45.9129908],[26.2485202,45.9127981],[26.2492759,45.9120395],[26.2505484,45.911386],[26.2510351,45.9113117],[26.2510895,45.910182],[26.2507788,45.9091766],[26.2510996,45.9082665],[26.2518252,45.9074169],[26.2524553,45.907051],[26.2531469,45.9058768],[26.2538565,45.9053028],[26.254239,45.9041815],[26.2543052,45.9030932],[26.2547814,45.9025218],[26.2553161,45.9014336],[26.2558027,45.9009649],[26.2560424,45.9005719],[26.2562537,45.8996686],[26.2572702,45.8986519],[26.2575767,45.8979644],[26.258995,45.8972291],[26.25987,45.8962022],[26.2612162,45.8951662],[26.2616087,45.8951748],[26.2620839,45.8958219],[26.2626721,45.8961418],[26.2633941,45.8960633],[26.2637913,45.8961038],[26.2643445,45.8963678],[26.2646538,45.8959783],[26.2660002,45.8957062],[26.2667605,45.8954255],[26.2672889,45.8950823],[26.2672701,45.8948412],[26.2665095,45.8947197],[26.2661603,45.8943677],[26.2661351,45.8942349],[26.2662925,45.894076],[26.2662931,45.8922566],[26.2681018,45.8909854],[26.2684511,45.8906742],[26.2689733,45.8896758],[26.2700303,45.8888446],[26.2705007,45.8883296],[26.2708175,45.888131],[26.2713036,45.8879988],[26.271519,45.8876012],[26.2710995,45.8873206],[26.2706822,45.8868593],[26.2704674,45.8859913],[26.2698043,45.8854096],[26.2696864,45.8849467],[26.2702838,45.884319],[26.2704469,45.8838839],[26.2702685,45.8837558],[26.2703309,45.8833989],[26.2719339,45.8815612],[26.2718272,45.8811349],[26.2719286,45.8809202],[26.2725415,45.8805946],[26.2728948,45.8801606],[26.2726881,45.8792593],[26.2730541,45.8787973],[26.2732769,45.8782687],[26.2731143,45.8773577],[26.2732301,45.8766106],[26.2738906,45.8760493],[26.2740399,45.8756021],[26.2740004,45.8752343],[26.2742277,45.8749068],[26.2748601,45.8746646],[26.2754841,45.8746391],[26.2782239,45.874822],[26.2788529,45.875013],[26.2792987,45.874748],[26.2798094,45.8746123],[26.2807339,45.8747443],[26.2820655,45.8740857],[26.2826393,45.8728415],[26.2838916,45.8722085],[26.2846428,45.871934],[26.2851351,45.8715788],[26.2852125,45.8712921],[26.2848171,45.8709626],[26.2850614,45.8703649],[26.2868535,45.8697603],[26.286964,45.8693385],[26.2868969,45.8687752],[26.2872834,45.8678313],[26.2873863,45.8671009],[26.2878115,45.8667414],[26.2881954,45.8665657],[26.2894038,45.8655398],[26.2896984,45.8649626],[26.2906502,45.8641557],[26.2922479,45.86216],[26.2917744,45.8604834],[26.2921985,45.860242],[26.2932737,45.8602039],[26.2950216,45.8592824],[26.2960591,45.8588715],[26.297623,45.8584494],[26.2982059,45.8583951],[26.2989391,45.8580247],[26.299947,45.8577745],[26.3003103,45.8572414],[26.3010278,45.8570731],[26.301894,45.8566206],[26.3025201,45.8564553],[26.3027558,45.8563034],[26.3042834,45.8558496],[26.306214,45.8554466],[26.306548,45.85554],[26.3082838,45.8554548],[26.3089002,45.8552511],[26.3099827,45.8552574],[26.3111115,45.8553896],[26.3137566,45.8551966],[26.3151715,45.8551964],[26.316346,45.856122],[26.3170978,45.8565376],[26.3178096,45.8567177],[26.3192666,45.8568606],[26.3203423,45.8567835],[26.3210491,45.8584778],[26.3210221,45.8591287],[26.320837,45.8595393],[26.3211045,45.859988],[26.3221343,45.8604588],[26.3226405,45.8608857],[26.3233464,45.8611441],[26.3243203,45.8618693],[26.3256519,45.8623614],[26.3259166,45.8626925],[26.3262582,45.862899],[26.3268338,45.8628923],[26.3281585,45.8630935],[26.3293625,45.8630671],[26.331429,45.8624303],[26.3320594,45.862491],[26.3325778,45.862683],[26.3327943,45.8624763],[26.3335118,45.8628454],[26.3343556,45.8629408],[26.3347312,45.8630911],[26.3350394,45.8633846],[26.3350797,45.8635884],[26.3349294,45.8639676],[26.335014,45.8641709],[26.3361389,45.8645353],[26.3364389,45.8648536],[26.3368644,45.8648672],[26.3369994,45.8645871],[26.337378,45.8644898],[26.3384686,45.864985],[26.3388303,45.8652902],[26.3393215,45.8654577],[26.340082,45.8653993],[26.3409795,45.8651474],[26.3423408,45.8650262],[26.3436005,45.8647329],[26.3440264,45.864765],[26.3447777,45.8650594],[26.3458185,45.8648738],[26.3477554,45.8647458],[26.3483545,45.8646088],[26.3490936,45.8640368],[26.3501646,45.8636343],[26.3505967,45.8631897],[26.3520558,45.8627207],[26.3522645,45.8621922],[26.35233,45.8608793],[26.3526878,45.8602933],[26.3534156,45.8599876],[26.3549753,45.8596535],[26.3571721,45.8596522],[26.3576492,45.8596032],[26.3588105,45.8592799],[26.3607293,45.8596841],[26.3628325,45.8593001],[26.3629662,45.8593356],[26.3629435,45.8596763],[26.3630807,45.859851],[26.3637618,45.8599945],[26.3640167,45.8602731],[26.3644548,45.8602617],[26.3648372,45.8605016],[26.3655571,45.8604187],[26.3663028,45.860484],[26.3675348,45.8608747],[26.3680373,45.8607789],[26.3687114,45.8609936],[26.3694843,45.8607275],[26.370467,45.8607064],[26.3710135,45.8609567],[26.3714146,45.8608776],[26.3717015,45.8610165],[26.3717173,45.8611185],[26.3709099,45.8614252],[26.3709513,45.8614866],[26.3719507,45.8616015],[26.3724608,45.861812],[26.3730176,45.8615825],[26.3742476,45.8613511],[26.3748779,45.8610464],[26.3751251,45.8606566],[26.3753513,45.8605466],[26.3761956,45.8605533],[26.3768397,45.8602632],[26.3769525,45.8601438],[26.3788222,45.8615803],[26.3809865,45.8624809],[26.3813053,45.8627754],[26.3818768,45.8639693],[26.3819696,45.8653791],[26.3833484,45.8666699],[26.3854403,45.8685497],[26.3859077,45.8702109],[26.3866337,45.8719881],[26.3870204,45.8738288],[26.3871308,45.8748395],[26.3869826,45.8757343],[26.3864951,45.8766927],[26.3865248,45.8778829],[26.3865573,45.8791922],[26.3864988,45.8802645],[26.3855881,45.881347],[26.3851079,45.8826029],[26.38487,45.8833202],[26.3835362,45.8845269],[26.3821067,45.885318],[26.3803614,45.887125],[26.3785953,45.8880988],[26.3780311,45.8894153],[26.3779886,45.8911422],[26.378015,45.8922134],[26.3781327,45.8935217],[26.3783355,45.8948289],[26.3782738,45.8957822],[26.3782151,45.8968544],[26.3781607,45.8981052],[26.3775171,45.8996608],[26.376869,45.9010378],[26.3759754,45.9028345],[26.3760063,45.9040843],[26.3760417,45.9055126],[26.375811,45.9065274],[26.3760109,45.9077156],[26.3774824,45.9085908],[26.3791992,45.9090463],[26.3811807,45.9098558],[26.3817337,45.911516],[26.3817707,45.9130038],[26.3813784,45.9143777],[26.3811611,45.9159281],[26.3824771,45.9174005],[26.3836063,45.9182202],[26.3851574,45.9188564],[26.3868731,45.9192524],[26.3889389,45.9200013],[26.3909135,45.9205132],[26.3928778,45.9206086],[26.3940865,45.9211893],[26.3942016,45.9223785],[26.3938934,45.9236919],[26.3929866,45.924953],[26.3919049,45.9260376],[26.3903892,45.9268298],[26.3892984,45.9275573],[26.3893222,45.9285095],[26.3893504,45.9296402],[26.3900655,45.9309412],[26.3915392,45.9318759],[26.3918249,45.9330631],[26.3916766,45.9339578],[26.3906021,45.93534],[26.3890246,45.9370854],[26.3877823,45.9385886],[26.3872344,45.9408637],[26.3871836,45.9408403],[26.3860934,45.9403763],[26.3824052,45.9393767],[26.3813915,45.9385703],[26.381117,45.9382333],[26.3788349,45.9372397],[26.3781835,45.9370835],[26.3762344,45.9370018],[26.374592,45.9367616],[26.3738135,45.9368483],[26.3727779,45.9371145],[26.371547,45.9372005],[26.3692223,45.9377993],[26.3690487,45.937594],[26.3690756,45.937244],[26.3694981,45.9362147],[26.3694858,45.9357136],[26.3691861,45.9352499],[26.3686114,45.9347833],[26.3682212,45.9342465],[26.3676805,45.9339002],[26.3658982,45.9333769],[26.3645315,45.9326227],[26.3634422,45.9317878],[26.3617476,45.930858],[26.3612374,45.9301245],[26.3606304,45.9297852],[26.3593139,45.9292624],[26.3589632,45.9287034],[26.357842,45.9283671],[26.356824,45.9273549],[26.3552232,45.926625],[26.354853,45.9265397],[26.3537537,45.9265527],[26.3522452,45.9263354],[26.3511964,45.9260569],[26.3498172,45.9255038],[26.348537,45.9251909],[26.3468348,45.9250253],[26.3462365,45.9252212],[26.3459871,45.9251777],[26.3451989,45.9241194],[26.3443157,45.9231705],[26.3441045,45.9230523],[26.3432884,45.9230433],[26.3423254,45.9226611],[26.3421,45.9228502],[26.3408736,45.9226603],[26.3402688,45.9231782],[26.3388891,45.9234919],[26.3380008,45.9231496],[26.3346071,45.9230929],[26.334049,45.9232425],[26.3336317,45.923686],[26.3332521,45.923846],[26.3326263,45.9234022],[26.3310447,45.9226926],[26.330533,45.9225462],[26.3297763,45.9225923],[26.3292671,45.9229218],[26.3286007,45.9241366],[26.3281142,45.9245848],[26.3266575,45.9249824],[26.3255399,45.92566],[26.3226912,45.9260246],[26.3221174,45.9259006],[26.3209621,45.9252811],[26.3203426,45.9252449],[26.3199824,45.9251332],[26.3181691,45.9250582],[26.3168568,45.9248164],[26.3147932,45.9251313],[26.3140408,45.9254036],[26.3132758,45.9259177],[26.3117972,45.9263426],[26.3109069,45.9273214],[26.3095504,45.9298024],[26.3094949,45.9302132],[26.3091809,45.9302135],[26.3080205,45.930765],[26.3073683,45.9306725],[26.3054861,45.9307014],[26.3037645,45.9311988],[26.3026,45.9317351],[26.3018923,45.931752],[26.3014222,45.9312376],[26.2987503,45.9306653],[26.2948349,45.9306393],[26.2938041,45.9307652],[26.2920445,45.9322201],[26.2914354,45.9322713],[26.2909999,45.9321343],[26.2899255,45.9329537],[26.2893856,45.9328913],[26.2883125,45.9339759],[26.2875649,45.9343479],[26.2865387,45.9346778],[26.2855158,45.9347635],[26.2843303,45.9350244],[26.2836925,45.9354685],[26.2829565,45.9365414],[26.2828223,45.9371066],[26.2821837,45.9377072],[26.2808297,45.938145],[26.2801367,45.9385873],[26.2792222,45.9389786],[26.2777972,45.9393387],[26.2766366,45.9399851],[26.273985,45.9419833],[26.2735518,45.9425286],[26.2719561,45.9439937],[26.27089,45.9446025],[26.2691041,45.9451141],[26.2682379,45.9462746],[26.2677711,45.9467222],[26.2677091,45.9474315],[26.26784,45.9477227],[26.2673751,45.9485635],[26.2651438,45.9499505],[26.2646574,45.9500811],[26.2644442,45.9503553],[26.2638913,45.9514264],[26.2636726,45.9520783],[26.2635928,45.952846],[26.2634012,45.9531869],[26.2635215,45.9538138],[26.2633371,45.9546381],[26.2633772,45.9552798],[26.2630697,45.9554691],[26.2621896,45.9564584],[26.2616499,45.9572308],[26.2595342,45.9584544],[26.2582829,45.9593884],[26.257001,45.9599301],[26.2538418,45.959992],[26.2523066,45.9601142],[26.2519813,45.9600528],[26.2503982,45.9604747],[26.2497993,45.9604813],[26.2478094,45.9601843],[26.2459346,45.9600748],[26.2450827,45.9595766],[26.2448605,45.9592626],[26.2439414,45.9590343],[26.2430228,45.9586297],[26.2423992,45.9585173],[26.2413696,45.9589029],[26.2410597,45.9591322],[26.240709,45.9597177],[26.2401907,45.9599523],[26.2377999,45.9601794],[26.2366858,45.9601605],[26.2354958,45.9603157],[26.2349152,45.9607428],[26.2331892,45.9607397],[26.2330799,45.9630516],[26.2332821,45.963638],[26.2253962,45.9671976],[26.2188284,45.9683601],[26.2194526,45.9702178],[26.2204387,45.9778238],[26.2194866,45.9781552],[26.2103582,45.9767415],[26.2076203,45.9828505],[26.2076076,45.9831135],[26.2080294,45.9837608],[26.2077719,45.9843256],[26.206562,45.9839923],[26.2059067,45.9840243],[26.2045909,45.9838494],[26.2012428,45.9840315],[26.1997737,45.9834428],[26.1993211,45.9828308],[26.1981876,45.9824525],[26.1923063,45.9818133],[26.1950334,45.9790312],[26.1925748,45.9782794],[26.1918316,45.9773636],[26.189928,45.975663],[26.1876568,45.9750932],[26.1856882,45.9738188],[26.1831267,45.9719006],[26.1829538,45.9718035],[26.1827937,45.971627],[26.1757105,45.9699768],[26.1729933,45.9690408],[26.1715498,45.9689893],[26.1715899,45.9687653],[26.1711577,45.968285],[26.1704731,45.9663117],[26.1704581,45.9659442],[26.1690377,45.9639866],[26.1689051,45.963165],[26.1691289,45.9617812],[26.1739277,45.9599186],[26.1770383,45.9591046],[26.17944,45.9580753],[26.1812375,45.9571786],[26.1831924,45.9560039],[26.1857461,45.954245],[26.1834073,45.9533457],[26.181134,45.9526272],[26.1812411,45.9524326],[26.1820559,45.951895],[26.1831911,45.9522368],[26.1826812,45.9505263],[26.1858215,45.9506652],[26.1869848,45.9484902],[26.187321,45.9475411],[26.1843742,45.9467809],[26.1835132,45.9466768],[26.1836206,45.9462024],[26.184589,45.9461259],[26.1850062,45.9437401],[26.185412,45.9432613],[26.1847462,45.9423837],[26.1846463,45.9418825],[26.1847802,45.9416554],[26.1850964,45.9414678],[26.1849301,45.9406357],[26.1855681,45.9402939],[26.1842098,45.938088],[26.1844961,45.9380764],[26.1835038,45.9355446],[26.1840742,45.9352399],[26.1827924,45.9344468],[26.1824018,45.9344197],[26.1808286,45.9336887],[26.1798848,45.9334457],[26.1794267,45.9335759],[26.1791253,45.9335164],[26.178395,45.933079],[26.1776238,45.9328027],[26.1774994,45.9276216],[26.1782473,45.9246978]]]}},{"type":"Feature","properties":{"entity_id":"osm-r14735733","jurisdiction":"RO","display_name":"ZĂBALA","display_type":"commune","admin_level":8,"tier":"local","legal_registry":"SIRUTA","legal_id":"65048","legal_type":"commune","parent_catalog_id":"osm-r2248621","osm_relation_id":14735733,"legal_identity_status":"reconciled","geometry_source":"OpenStreetMap","canonical_geometry_role":null,"geometry_scope":null,"geometry_precision":"master_coordinate_fidelity"},"geometry":{"type":"Polygon","coordinates":[[[26.3769525,45.8601438],[26.3768397,45.8602632],[26.3761956,45.8605533],[26.3753513,45.8605466],[26.3751251,45.8606566],[26.3748779,45.8610464],[26.3742476,45.8613511],[26.3730176,45.8615825],[26.3724608,45.861812],[26.3719507,45.8616015],[26.3709513,45.8614866],[26.3709099,45.8614252],[26.3717173,45.8611185],[26.3717015,45.8610165],[26.3714146,45.8608776],[26.3710135,45.8609567],[26.370467,45.8607064],[26.3694843,45.8607275],[26.3687114,45.8609936],[26.3680373,45.8607789],[26.3675348,45.8608747],[26.3663028,45.860484],[26.3655571,45.8604187],[26.3648372,45.8605016],[26.3644548,45.8602617],[26.3640167,45.8602731],[26.3637618,45.8599945],[26.3630807,45.859851],[26.3629435,45.8596763],[26.3629662,45.8593356],[26.3628325,45.8593001],[26.3607293,45.8596841],[26.3588105,45.8592799],[26.3576492,45.8596032],[26.3571721,45.8596522],[26.3549753,45.8596535],[26.3534156,45.8599876],[26.3526878,45.8602933],[26.35233,45.8608793],[26.3522645,45.8621922],[26.3520558,45.8627207],[26.3505967,45.8631897],[26.3501646,45.8636343],[26.3490936,45.8640368],[26.3483545,45.8646088],[26.3477554,45.8647458],[26.3458185,45.8648738],[26.3447777,45.8650594],[26.3440264,45.864765],[26.3436005,45.8647329],[26.3423408,45.8650262],[26.3409795,45.8651474],[26.340082,45.8653993],[26.3393215,45.8654577],[26.3388303,45.8652902],[26.3384686,45.864985],[26.337378,45.8644898],[26.3369994,45.8645871],[26.3368644,45.8648672],[26.3364389,45.8648536],[26.3361389,45.8645353],[26.335014,45.8641709],[26.3349294,45.8639676],[26.3350797,45.8635884],[26.3350394,45.8633846],[26.3347312,45.8630911],[26.3343556,45.8629408],[26.3335118,45.8628454],[26.3327943,45.8624763],[26.3325778,45.862683],[26.3320594,45.862491],[26.331429,45.8624303],[26.3293625,45.8630671],[26.3281585,45.8630935],[26.3268338,45.8628923],[26.3262582,45.862899],[26.3259166,45.8626925],[26.3256519,45.8623614],[26.3243203,45.8618693],[26.3233464,45.8611441],[26.3226405,45.8608857],[26.3221343,45.8604588],[26.3211045,45.859988],[26.320837,45.8595393],[26.3210221,45.8591287],[26.3210491,45.8584778],[26.3203423,45.8567835],[26.3192666,45.8568606],[26.3178096,45.8567177],[26.3170978,45.8565376],[26.316346,45.856122],[26.3151715,45.8551964],[26.3137566,45.8551966],[26.3111115,45.8553896],[26.3099827,45.8552574],[26.3089002,45.8552511],[26.3082838,45.8554548],[26.306548,45.85554],[26.306214,45.8554466],[26.3042834,45.8558496],[26.3027558,45.8563034],[26.3025201,45.8564553],[26.301894,45.8566206],[26.3010278,45.8570731],[26.3003103,45.8572414],[26.299947,45.8577745],[26.2989391,45.8580247],[26.2982059,45.8583951],[26.297623,45.8584494],[26.2960591,45.8588715],[26.2950216,45.8592824],[26.2932737,45.8602039],[26.2921985,45.860242],[26.2917744,45.8604834],[26.2922479,45.86216],[26.2906502,45.8641557],[26.2896984,45.8649626],[26.2894038,45.8655398],[26.2881954,45.8665657],[26.2878115,45.8667414],[26.2873863,45.8671009],[26.2872834,45.8678313],[26.2868969,45.8687752],[26.286964,45.8693385],[26.2868535,45.8697603],[26.2850614,45.8703649],[26.2848171,45.8709626],[26.2852125,45.8712921],[26.2851351,45.8715788],[26.2846428,45.871934],[26.2838916,45.8722085],[26.2826393,45.8728415],[26.2820655,45.8740857],[26.2807339,45.8747443],[26.2798094,45.8746123],[26.2792987,45.874748],[26.2788529,45.875013],[26.2782239,45.874822],[26.2754841,45.8746391],[26.2748601,45.8746646],[26.2742277,45.8749068],[26.2740004,45.8752343],[26.2740399,45.8756021],[26.2738906,45.8760493],[26.2732301,45.8766106],[26.2731143,45.8773577],[26.2732769,45.8782687],[26.2730541,45.8787973],[26.2726881,45.8792593],[26.2728948,45.8801606],[26.2725415,45.8805946],[26.2719286,45.8809202],[26.2718272,45.8811349],[26.2719339,45.8815612],[26.2703309,45.8833989],[26.2702685,45.8837558],[26.2704469,45.8838839],[26.2702838,45.884319],[26.2696864,45.8849467],[26.2698043,45.8854096],[26.2704674,45.8859913],[26.2706822,45.8868593],[26.2710995,45.8873206],[26.271519,45.8876012],[26.2713036,45.8879988],[26.2708175,45.888131],[26.2705007,45.8883296],[26.2700303,45.8888446],[26.2689733,45.8896758],[26.2684511,45.8906742],[26.2681018,45.8909854],[26.2662931,45.8922566],[26.2662925,45.894076],[26.2661351,45.8942349],[26.2661603,45.8943677],[26.2665095,45.8947197],[26.2672701,45.8948412],[26.2672889,45.8950823],[26.2667605,45.8954255],[26.2660002,45.8957062],[26.2646538,45.8959783],[26.2643445,45.8963678],[26.2637913,45.8961038],[26.2633941,45.8960633],[26.2626721,45.8961418],[26.2620839,45.8958219],[26.2616087,45.8951748],[26.2612162,45.8951662],[26.25987,45.8962022],[26.258995,45.8972291],[26.2575767,45.8979644],[26.2572702,45.8986519],[26.2562537,45.8996686],[26.2560424,45.9005719],[26.2558027,45.9009649],[26.2553161,45.9014336],[26.2547814,45.9025218],[26.2543052,45.9030932],[26.254239,45.9041815],[26.2538565,45.9053028],[26.2531469,45.9058768],[26.2524553,45.907051],[26.2518252,45.9074169],[26.2510996,45.9082665],[26.2507788,45.9091766],[26.2510895,45.910182],[26.2510351,45.9113117],[26.2505484,45.911386],[26.2492759,45.9120395],[26.2485202,45.9127981],[26.2481743,45.9129908],[26.2453638,45.9138276],[26.2431746,45.913805],[26.2419593,45.9145704],[26.2412772,45.9146397],[26.2405006,45.9144068],[26.2398519,45.9139435],[26.2392884,45.9137206],[26.2383505,45.913805],[26.2375318,45.9140676],[26.2372432,45.9142502],[26.2365435,45.9150809],[26.2358777,45.9154409],[26.2347048,45.9157259],[26.2317737,45.9158937],[26.2306134,45.9163517],[26.2283516,45.9159119],[26.2267706,45.9153843],[26.2252465,45.9150496],[26.2247711,45.9148765],[26.2242112,45.9144825],[26.2231159,45.9140464],[26.2223262,45.9138535],[26.2216881,45.9138176],[26.2192737,45.9141864],[26.216154,45.9139144],[26.2156736,45.9136871],[26.2149878,45.9135139],[26.2146851,45.913637],[26.2143289,45.9136561],[26.2132575,45.9144253],[26.2118882,45.9146425],[26.2113845,45.9148868],[26.2097487,45.9153824],[26.2090153,45.9157432],[26.2073241,45.9160431],[26.2042527,45.9171506],[26.2030583,45.9171688],[26.2020336,45.9170738],[26.2018086,45.9171835],[26.2003053,45.917262],[26.1996934,45.9170983],[26.1943227,45.9174795],[26.1927342,45.9178291],[26.1915842,45.9181817],[26.1877696,45.9188409],[26.1864174,45.9196331],[26.1853232,45.9204627],[26.1833847,45.9225257],[26.1800932,45.9235166],[26.1787654,45.9237557],[26.1782473,45.9246978],[26.1781474,45.9246818],[26.1717648,45.9234158],[26.169467,45.9234621],[26.1688533,45.9233911],[26.1654736,45.9243434],[26.16449,45.924516],[26.1630973,45.9245743],[26.1619511,45.9249001],[26.1596424,45.9331163],[26.1568444,45.9326349],[26.1563055,45.9323565],[26.1559924,45.9319242],[26.1555639,45.9316392],[26.1542561,45.9312308],[26.1514177,45.9310914],[26.1495571,45.930683],[26.1485453,45.9306408],[26.147936,45.9311595],[26.1477802,45.9322247],[26.1471237,45.9324477],[26.1477976,45.9330877],[26.1481784,45.9337027],[26.1460491,45.9342099],[26.142133,45.9349484],[26.1421267,45.9351942],[26.1426232,45.9353353],[26.1387569,45.9368387],[26.1374597,45.9364174],[26.1372145,45.9358219],[26.1370225,45.9357053],[26.1356566,45.9359255],[26.134952,45.9362357],[26.1342404,45.9363943],[26.1330465,45.9363428],[26.1309798,45.936479],[26.1304174,45.9364046],[26.1299711,45.9362106],[26.1286518,45.9360087],[26.1279535,45.9360459],[26.1276016,45.9358317],[26.127336,45.935782],[26.1248922,45.9362194],[26.1240351,45.9362168],[26.1234155,45.9360438],[26.1226486,45.9356187],[26.1225688,45.9349912],[26.1222041,45.9345318],[26.1218449,45.9343479],[26.1206005,45.9343298],[26.120288,45.9341125],[26.1203407,45.9337868],[26.12077,45.933529],[26.1212396,45.9329237],[26.122804,45.9319714],[26.1228205,45.9316157],[26.1226583,45.9314051],[26.1218251,45.9308208],[26.1211855,45.9306342],[26.1205129,45.9307676],[26.119311,45.9312892],[26.1186549,45.9314582],[26.1180423,45.9314339],[26.1177555,45.9311143],[26.117808,45.930389],[26.1181439,45.9296141],[26.1181835,45.9292279],[26.1178925,45.9286989],[26.1170314,45.9284924],[26.1167277,45.9285064],[26.1156952,45.9288141],[26.1152356,45.9287359],[26.1150865,45.9285858],[26.1150629,45.9283959],[26.1152989,45.9279554],[26.1158422,45.9274761],[26.1158903,45.9273186],[26.1155114,45.9261456],[26.1148976,45.9254682],[26.1146941,45.9249686],[26.1148366,45.9241957],[26.1140231,45.9226163],[26.1140565,45.9223101],[26.1144455,45.9218241],[26.1143803,45.9213259],[26.1141631,45.9211269],[26.1136372,45.9208923],[26.1129934,45.9208848],[26.1126672,45.921158],[26.1125735,45.9219994],[26.1122256,45.9221736],[26.1119888,45.9221814],[26.1115524,45.9218826],[26.1110709,45.9209007],[26.1109788,45.920243],[26.1107465,45.9200799],[26.1103971,45.9199841],[26.1097694,45.9199902],[26.1092128,45.9205881],[26.1089461,45.9206761],[26.1074926,45.920456],[26.1070941,45.9202725],[26.1073866,45.9190957],[26.1079305,45.9184538],[26.1079701,45.9182633],[26.1077246,45.9176291],[26.107535,45.9174271],[26.106806,45.9173018],[26.1064483,45.9173797],[26.1061744,45.9175036],[26.1057382,45.9180039],[26.1052499,45.9182676],[26.1044797,45.9182558],[26.1042412,45.9181754],[26.104042,45.9178852],[26.1038214,45.916515],[26.1039356,45.9163018],[26.1058716,45.9149823],[26.1073686,45.9142238],[26.1075545,45.9140429],[26.1075817,45.9138249],[26.1072311,45.9134673],[26.1069561,45.9133377],[26.1057863,45.9132719],[26.105464,45.9131482],[26.1050725,45.9127166],[26.1047613,45.9125515],[26.1027887,45.9120222],[26.1025136,45.9118843],[26.1022505,45.9115589],[26.1021729,45.9112263],[26.1023915,45.9107033],[26.1032844,45.9101436],[26.1034697,45.9099296],[26.1035478,45.9094907],[26.1033457,45.9084565],[26.1032019,45.9081685],[26.1025908,45.9076123],[26.1014751,45.9076864],[26.1012372,45.9074297],[26.1013619,45.9071529],[26.1021314,45.9063381],[26.1024605,45.9056157],[26.1030782,45.9051164],[26.1031608,45.9049034],[26.1030408,45.9046235],[26.1025416,45.9043307],[26.1020739,45.9038337],[26.1012492,45.9034476],[26.1004965,45.9035127],[26.0993744,45.9044549],[26.0990313,45.9046732],[26.0984111,45.9048445],[26.0973236,45.9045463],[26.0960095,45.903961],[26.0953269,45.903973],[26.0941853,45.9037332],[26.0931593,45.9041481],[26.0926028,45.9041507],[26.0905095,45.9032806],[26.0905226,45.9029388],[26.0909874,45.9022868],[26.0909705,45.9020279],[26.0908976,45.9019349],[26.0894816,45.9015847],[26.0887518,45.9007952],[26.0887794,45.8999848],[26.0883182,45.8994105],[26.0883064,45.8988071],[26.0871631,45.8978646],[26.0869268,45.8974838],[26.0869321,45.8973514],[26.0871725,45.8971315],[26.0883255,45.8969579],[26.0883161,45.8966769],[26.0879327,45.896044],[26.0876421,45.8959145],[26.0866444,45.8959598],[26.0859468,45.8955999],[26.0858374,45.8952565],[26.0860442,45.8949321],[26.0863017,45.8947754],[26.0862217,45.8943187],[26.0855781,45.8943],[26.0846395,45.8939314],[26.0839298,45.8935579],[26.0836742,45.8932021],[26.0827991,45.8930533],[26.0823347,45.8933222],[26.0819763,45.8933559],[26.0812719,45.8932579],[26.0810008,45.8931172],[26.0809755,45.8928281],[26.0811456,45.8924434],[26.0818119,45.8920045],[26.0820495,45.8916412],[26.0820617,45.8914565],[26.0817841,45.8909796],[26.0818403,45.8904224],[26.0832434,45.8897202],[26.0833794,45.8894102],[26.0833321,45.8890083],[26.0825029,45.8887792],[26.081844,45.8883749],[26.0808085,45.888291],[26.0806072,45.8880862],[26.080591,45.8874553],[26.0803231,45.8872732],[26.0798668,45.8871452],[26.0791446,45.8871438],[26.0781751,45.8867975],[26.0773677,45.8866728],[26.0771883,45.8865753],[26.0770863,45.8861987],[26.0772974,45.8854858],[26.0772282,45.8851723],[26.0770715,45.8850337],[26.0765325,45.8842942],[26.0763914,45.8833228],[26.0765956,45.8826567],[26.076511,45.8823627],[26.0760565,45.8821217],[26.0755342,45.8816389],[26.0741423,45.8812717],[26.0735679,45.8809587],[26.0730406,45.8804995],[26.0708602,45.8795391],[26.0701403,45.8789641],[26.0698886,45.8785487],[26.0691371,45.878169],[26.0669339,45.8762494],[26.0661927,45.8759438],[26.0652001,45.8756994],[26.0647779,45.8753939],[26.0634848,45.8749542],[26.0624797,45.8749821],[26.061508,45.8753686],[26.061012,45.8753794],[26.0605492,45.8752662],[26.0601616,45.8749201],[26.0600749,45.8745558],[26.0597722,45.8742461],[26.0596345,45.8740985],[26.0595272,45.8738179],[26.0591941,45.8735394],[26.0582498,45.8732666],[26.0579583,45.8730774],[26.0578339,45.8728249],[26.0579705,45.8725544],[26.0585669,45.8722363],[26.0589001,45.8715896],[26.0592574,45.8712738],[26.0590111,45.8709016],[26.0585078,45.8705257],[26.0582676,45.8695408],[26.0580197,45.8693142],[26.0577568,45.869233],[26.0565499,45.8691235],[26.0561875,45.868935],[26.0559867,45.8686244],[26.0568876,45.8675454],[26.0569934,45.8672845],[26.0568856,45.866973],[26.0566257,45.8668145],[26.0563856,45.8667672],[26.0564777,45.8666737],[26.0567826,45.8663642],[26.0583994,45.8659751],[26.0605461,45.8657736],[26.063389,45.8653338],[26.06432,45.8654133],[26.0659502,45.8652925],[26.0677302,45.8657537],[26.0691962,45.866495],[26.0695404,45.8674675],[26.0693591,45.8680424],[26.0698386,45.8683655],[26.0700466,45.8683986],[26.0706927,45.8679808],[26.0712334,45.8679259],[26.071802,45.8680329],[26.0725788,45.8684844],[26.0729561,45.8685247],[26.074347,45.8684019],[26.0751274,45.868529],[26.0770233,45.8679908],[26.0782442,45.868278],[26.0790753,45.8683562],[26.0797541,45.8679983],[26.0801802,45.8678817],[26.0812622,45.8677999],[26.0820782,45.8675606],[26.0828084,45.8666362],[26.0831239,45.866416],[26.0841199,45.8661377],[26.084661,45.8657085],[26.0849996,45.8651585],[26.0853181,45.8649776],[26.0859235,45.8648899],[26.0864908,45.8650396],[26.0875039,45.8651081],[26.0878705,45.8650222],[26.0883468,45.8645217],[26.0893344,45.8644318],[26.0894892,45.863126],[26.0888099,45.8616971],[26.0888442,45.8611809],[26.0891607,45.8609025],[26.0927166,45.8588155],[26.0913593,45.8569078],[26.0938368,45.8570606],[26.0953002,45.8576124],[26.0953709,45.8576493],[26.0958411,45.8579451],[26.0967701,45.8582475],[26.1009909,45.859024],[26.1036204,45.8587667],[26.1079254,45.8590748],[26.1099139,45.859076],[26.1129459,45.858609],[26.1142034,45.8581398],[26.1150449,45.8592038],[26.1159599,45.8600601],[26.1165191,45.8603563],[26.117447,45.8604466],[26.1176553,45.8606114],[26.1181463,45.8607337],[26.1186104,45.8619436],[26.1186992,45.8625398],[26.1181328,45.8650629],[26.1182949,45.8653694],[26.1194228,45.8649668],[26.1202952,45.8645019],[26.122089,45.8640234],[26.1230234,45.8643149],[26.1235771,45.8651791],[26.1239355,45.865389],[26.1279581,45.8653833],[26.1289518,45.8658898],[26.1301361,45.8654628],[26.1312392,45.8652602],[26.1327099,45.8647553],[26.1330411,45.8647536],[26.1340052,45.8651299],[26.1380775,45.8645902],[26.1426903,45.8645708],[26.142396,45.8671023],[26.1451512,45.8672264],[26.1448386,45.8692868],[26.1486102,45.8693886],[26.1511969,45.8684886],[26.1544648,45.8667471],[26.1569657,45.8662246],[26.1577905,45.8662537],[26.1594703,45.8655979],[26.1646932,45.8646621],[26.1657088,45.8643261],[26.1667964,45.8642687],[26.170735,45.8625805],[26.1779305,45.8614574],[26.179944,45.8619841],[26.1832307,45.8621475],[26.1835612,45.8624298],[26.1835774,45.8626271],[26.1824421,45.8632651],[26.1820876,45.8641345],[26.1826387,45.8640279],[26.1845514,45.8640165],[26.1865541,45.8642815],[26.1911032,45.8643518],[26.1923868,45.863808],[26.1934304,45.8636232],[26.1955319,45.8629557],[26.1962344,45.8624431],[26.1968078,45.8623928],[26.1971084,45.8621864],[26.1976504,45.8621032],[26.1981589,45.8623061],[26.1991527,45.8629545],[26.2000583,45.8631133],[26.2011304,45.8626633],[26.2022587,45.8624484],[26.2041569,45.8626645],[26.2059031,45.8622295],[26.2095296,45.8619222],[26.2109631,45.8620078],[26.2117008,45.8621849],[26.2142523,45.8642254],[26.2144847,45.8640634],[26.2156254,45.8639103],[26.2177751,45.8640068],[26.2185757,45.8638686],[26.2198987,45.8641211],[26.2210702,45.8641656],[26.2219167,45.8644146],[26.222303,45.8644264],[26.2230217,45.8646025],[26.2236096,45.8649217],[26.2254838,45.8653581],[26.2266047,45.8653391],[26.228645,45.8649937],[26.2298349,45.8646602],[26.2302194,45.8643548],[26.231507,45.8639432],[26.2325234,45.8640224],[26.2338426,45.8645447],[26.2348101,45.8646516],[26.2354003,45.8643265],[26.236569,45.863952],[26.2384876,45.8640016],[26.2403366,45.8643205],[26.2423769,45.8643805],[26.2448296,45.8639859],[26.2458223,45.8635172],[26.2458554,45.8632888],[26.2461213,45.8634661],[26.2468251,45.8635384],[26.2489094,45.8635522],[26.2488596,45.86133],[26.2506012,45.8599797],[26.2520279,45.8592351],[26.2556516,45.8583455],[26.2565974,45.8582314],[26.2561124,45.8576559],[26.2561503,45.856328],[26.2552039,45.8553294],[26.2549812,45.854914],[26.2548271,45.8540594],[26.2549813,45.8535242],[26.2556386,45.8528216],[26.2555448,45.852164],[26.2556395,45.8511299],[26.2553334,45.8502983],[26.2553332,45.8492793],[26.2562239,45.8488329],[26.2564893,45.8484797],[26.2568417,45.8483502],[26.2573777,45.8486509],[26.2578168,45.8491324],[26.2593697,45.849503],[26.2602059,45.8499654],[26.2609471,45.8499728],[26.2612325,45.8498218],[26.2617203,45.8499331],[26.2621205,45.8498639],[26.2628143,45.8499766],[26.2630804,45.8503547],[26.2631519,45.8507812],[26.2630153,45.8510304],[26.263577,45.8516107],[26.2638839,45.8517657],[26.2648873,45.8518446],[26.2656184,45.8520565],[26.2659467,45.8523201],[26.2663054,45.8528098],[26.2660391,45.8539106],[26.2675849,45.8525944],[26.2689488,45.8508204],[26.2711121,45.8495382],[26.2735049,45.8483121],[26.2743844,45.8475788],[26.2746117,45.8470395],[26.2745201,45.8461859],[26.2753735,45.8455464],[26.2753859,45.8452106],[26.273858,45.8433355],[26.2732266,45.842357],[26.2725467,45.8418944],[26.2719481,45.8410717],[26.2712391,45.8405059],[26.270839,45.8398957],[26.2702753,45.8394001],[26.2699465,45.8392109],[26.2691688,45.8390132],[26.2697952,45.8387921],[26.2701681,45.838142],[26.2712068,45.8376973],[26.2708161,45.8373051],[26.2697247,45.8370338],[26.2697979,45.8366903],[26.270269,45.8362521],[26.2701802,45.8352613],[26.2696084,45.8349693],[26.2693866,45.8347322],[26.2683169,45.8331722],[26.26798,45.8328986],[26.267565,45.8320459],[26.2666324,45.8316007],[26.2661401,45.831597],[26.2653361,45.8313729],[26.2629501,45.8310058],[26.2628296,45.8309388],[26.2627826,45.8305535],[26.2623025,45.8300554],[26.2620732,45.8291105],[26.2615958,45.8284888],[26.262313,45.8268427],[26.2624484,45.8253504],[26.2626934,45.8248333],[26.2624493,45.8243066],[26.2619214,45.8238349],[26.2619481,45.8228158],[26.2627839,45.8225937],[26.263584,45.8226906],[26.2642878,45.8228817],[26.2647042,45.823167],[26.2647836,45.8235431],[26.2660543,45.824207],[26.2664383,45.8242944],[26.2676787,45.8242549],[26.2701296,45.8245277],[26.271495,45.8245188],[26.2737042,45.8255207],[26.2750569,45.8258998],[26.2760123,45.826048],[26.2766804,45.8259968],[26.277252,45.8260969],[26.2787992,45.8258811],[26.2809128,45.8263222],[26.2817576,45.8262683],[26.2829505,45.8263852],[26.2843541,45.8262517],[26.2862197,45.82634],[26.2887564,45.8262127],[26.2888542,45.8260614],[26.2894117,45.8259003],[26.2898572,45.8258328],[26.2902853,45.8259069],[26.2913406,45.825714],[26.2924609,45.8258527],[26.2931273,45.8253879],[26.2943979,45.8250184],[26.2950978,45.824963],[26.2964575,45.8246495],[26.2969512,45.8246011],[26.2981727,45.8247143],[26.2999372,45.8245734],[26.3021057,45.8239956],[26.3032761,45.8240487],[26.3050774,45.8238962],[26.3050904,45.8237531],[26.3068139,45.8228111],[26.3070641,45.8222923],[26.308713,45.8208755],[26.3097172,45.8189087],[26.3102342,45.8185909],[26.3111609,45.8173582],[26.3118232,45.8167641],[26.3114454,45.8158689],[26.3129399,45.8163836],[26.3147843,45.8172502],[26.3151357,45.818349],[26.3161934,45.818762],[26.3166061,45.8191223],[26.318239,45.8201138],[26.3186321,45.8205519],[26.3189249,45.8214414],[26.3192167,45.8218281],[26.3198567,45.8221208],[26.3204162,45.8226395],[26.3213789,45.8229635],[26.3216516,45.8236005],[26.3225963,45.8240723],[26.3227619,45.8242654],[26.3228402,45.8248522],[26.3233076,45.825557],[26.3239754,45.8259619],[26.3253149,45.8263315],[26.3254528,45.826565],[26.3251685,45.8273961],[26.3252869,45.8278598],[26.3275759,45.8291962],[26.3274181,45.8299283],[26.3280623,45.8303909],[26.3278604,45.830926],[26.3285395,45.8313507],[26.3287641,45.8316207],[26.3288056,45.8320103],[26.3295063,45.8334902],[26.3294482,45.8339895],[26.3300213,45.8342387],[26.3304413,45.8348334],[26.3311124,45.8349764],[26.3318567,45.8355997],[26.3321259,45.8356863],[26.3335073,45.8356702],[26.3344429,45.8361332],[26.3349317,45.836167],[26.3359651,45.8357779],[26.3373784,45.8355398],[26.3383458,45.8356702],[26.3388558,45.8353304],[26.3392228,45.8352253],[26.3408058,45.835473],[26.3412959,45.8351879],[26.3415285,45.8351609],[26.341829,45.8352951],[26.3418377,45.8350916],[26.3420994,45.834915],[26.3439199,45.8342586],[26.3443489,45.833853],[26.3446787,45.8333565],[26.3448402,45.8325194],[26.345097,45.8322993],[26.3457161,45.8320821],[26.3461946,45.8315562],[26.3469772,45.8310891],[26.3469008,45.8303893],[26.3470699,45.8302035],[26.3476401,45.8299817],[26.3484355,45.8288103],[26.3504467,45.8283044],[26.3519958,45.8280901],[26.3532589,45.827563],[26.3539648,45.8275672],[26.3552363,45.8270284],[26.3560255,45.8264816],[26.3565379,45.8263936],[26.357575,45.825834],[26.3631238,45.8244751],[26.3657772,45.8243632],[26.3697217,45.8245903],[26.3703456,45.8244515],[26.3717591,45.8243779],[26.3731866,45.8231359],[26.3734234,45.8225556],[26.3736974,45.8223551],[26.3744575,45.8212997],[26.3749404,45.8209102],[26.3748372,45.8214574],[26.3749444,45.8222388],[26.3755227,45.8234842],[26.3761562,45.8243565],[26.3776452,45.8259923],[26.3781898,45.8270177],[26.377888,45.8283684],[26.3776974,45.8292568],[26.3771552,45.830414],[26.3769769,45.8315255],[26.3774803,45.8330755],[26.3773513,45.8335043],[26.3773133,45.8345834],[26.3771933,45.8363637],[26.3770825,45.837112],[26.3761514,45.8376463],[26.3759678,45.8385927],[26.3756686,45.8390216],[26.3754429,45.8398574],[26.3745514,45.8411624],[26.3738622,45.8416929],[26.3730526,45.8417332],[26.372339,45.8420897],[26.3715119,45.8426738],[26.3710472,45.8432632],[26.3710409,45.8437353],[26.3714046,45.8452495],[26.3714041,45.8458099],[26.3718313,45.8480275],[26.3722911,45.8495386],[26.3723803,45.8503718],[26.3731644,45.8510767],[26.3736959,45.8519037],[26.3737238,45.8530345],[26.3736709,45.8543448],[26.3732788,45.8557187],[26.3742715,45.857752],[26.3755006,45.8589822],[26.3769525,45.8601438]]]}},{"type":"Feature","properties":{"entity_id":"osm-r14735734","jurisdiction":"RO","display_name":"BOROȘNEU MARE","display_type":"commune","admin_level":8,"tier":"local","legal_registry":"SIRUTA","legal_id":"63937","legal_type":"commune","parent_catalog_id":"osm-r2248621","osm_relation_id":14735734,"legal_identity_status":"reconciled","geometry_source":"OpenStreetMap","canonical_geometry_role":null,"geometry_scope":null,"geometry_precision":"master_coordinate_fidelity"},"geometry":{"type":"Polygon","coordinates":[[[26.0525999,45.7513501],[26.0523832,45.7515318],[26.0520132,45.7518883],[26.0521742,45.7526414],[26.0521695,45.7534654],[26.0517851,45.7545181],[26.0513655,45.755269],[26.0518036,45.7566153],[26.051749,45.7587023],[26.0516021,45.7593534],[26.0514904,45.7595216],[26.0510767,45.7596182],[26.0509465,45.7597494],[26.0507877,45.7602397],[26.0508718,45.7604803],[26.0518522,45.7613625],[26.0522439,45.7619715],[26.0529396,45.7622931],[26.0530901,45.7627683],[26.0530486,45.7633813],[26.0532512,45.7642768],[26.0518813,45.7666567],[26.0517462,45.7676976],[26.0518408,45.7684951],[26.0523458,45.7687782],[26.0523671,45.7694371],[26.0529395,45.7702457],[26.0531131,45.770309],[26.0532012,45.7705248],[26.0540413,45.7712773],[26.0541729,45.7716522],[26.0540444,45.7718672],[26.0543244,45.77245],[26.054215,45.7726768],[26.0546557,45.773131],[26.0566136,45.7757868],[26.056799,45.7762151],[26.0564359,45.777994],[26.0543634,45.7804764],[26.054605,45.7810953],[26.0545888,45.7821276],[26.0540173,45.7824706],[26.0539968,45.7835404],[26.0537865,45.783668],[26.0535754,45.7842076],[26.0530148,45.7848025],[26.0520323,45.7855408],[26.0499822,45.7877509],[26.0498429,45.7900939],[26.050222,45.7914885],[26.0496589,45.7981046],[26.0499784,45.799706],[26.0476467,45.8025377],[26.0454519,45.8047638],[26.0438623,45.8068767],[26.0418244,45.8051441],[26.0412691,45.8058434],[26.0398658,45.8071347],[26.0395771,45.806887],[26.0371041,45.808316],[26.0383439,45.8093746],[26.0370864,45.8118699],[26.0355687,45.8105365],[26.0336613,45.8113093],[26.0370345,45.8141647],[26.0390366,45.8134691],[26.0394242,45.813843],[26.041163,45.8219447],[26.0440149,45.821644],[26.0440337,45.8217057],[26.0440697,45.8217558],[26.0492614,45.8300432],[26.0455623,45.829912],[26.0464604,45.834873],[26.0465936,45.8348965],[26.0466749,45.8371051],[26.046452,45.8372792],[26.0464054,45.8385496],[26.0470113,45.8386646],[26.0467845,45.8426486],[26.0461185,45.8426023],[26.0461195,45.8426737],[26.0432145,45.8424558],[26.0401875,45.8424699],[26.0304151,45.8417806],[26.0260685,45.8432644],[26.0258153,45.8429591],[26.0222944,45.8435582],[26.0219019,45.8438835],[26.0212604,45.8441554],[26.0202021,45.8448765],[26.0211546,45.8464511],[26.0223674,45.8480342],[26.0232484,45.8487085],[26.0246349,45.8493273],[26.0280346,45.8516186],[26.0274894,45.8519808],[26.0302086,45.8539006],[26.03131,45.8537596],[26.0316495,45.8536036],[26.031893,45.8537611],[26.0326118,45.8539311],[26.0332398,45.8543877],[26.0334674,45.854663],[26.0335153,45.8553014],[26.03338,45.8557859],[26.032803,45.8567829],[26.0322869,45.8568464],[26.03199,45.8570508],[26.0315141,45.8579839],[26.0319356,45.8586609],[26.0322826,45.8588847],[26.032657,45.8589654],[26.0342036,45.859006],[26.0349699,45.8591377],[26.036088,45.8590982],[26.0367122,45.8593489],[26.0373103,45.8598141],[26.038334,45.8601999],[26.038547,45.8603324],[26.0389432,45.860934],[26.0391559,45.8616969],[26.0396857,45.8626881],[26.0409118,45.8632779],[26.0413114,45.8637365],[26.0420012,45.8642723],[26.0430218,45.86449],[26.043709,45.8648871],[26.0438342,45.8654701],[26.0434349,45.8659907],[26.043117,45.8660356],[26.0420303,45.8655076],[26.0417715,45.8655016],[26.0414549,45.8656222],[26.0412679,45.8659138],[26.0412855,45.8662121],[26.0417275,45.8666871],[26.0431635,45.8669136],[26.0439287,45.8673016],[26.0447455,45.8672269],[26.0459905,45.8665725],[26.0464749,45.8657822],[26.0466163,45.8649824],[26.0469523,45.8646137],[26.0471797,45.8645527],[26.0479754,45.8646379],[26.0485259,45.8648009],[26.0488911,45.8650287],[26.049095,45.8653168],[26.0491383,45.8660183],[26.0493222,45.8662015],[26.0495326,45.8661911],[26.0502222,45.8657561],[26.0506484,45.865706],[26.0514453,45.8658583],[26.0520233,45.8662018],[26.0523572,45.8666821],[26.0526535,45.8680367],[26.0530175,45.8685167],[26.0533465,45.8687364],[26.0537679,45.8687493],[26.0542991,45.8685259],[26.0549608,45.8678894],[26.0553148,45.8672011],[26.0560883,45.8667526],[26.0563856,45.8667672],[26.0566257,45.8668145],[26.0568856,45.866973],[26.0569934,45.8672845],[26.0568876,45.8675454],[26.0559867,45.8686244],[26.0561875,45.868935],[26.0565499,45.8691235],[26.0577568,45.869233],[26.0580197,45.8693142],[26.0582676,45.8695408],[26.0585078,45.8705257],[26.0590111,45.8709016],[26.0592574,45.8712738],[26.0589001,45.8715896],[26.0585669,45.8722363],[26.0579705,45.8725544],[26.0578339,45.8728249],[26.0579583,45.8730774],[26.0582498,45.8732666],[26.0591941,45.8735394],[26.0595272,45.8738179],[26.0596345,45.8740985],[26.0595366,45.8741196],[26.0540709,45.8766107],[26.0524167,45.8772342],[26.0521288,45.8774362],[26.0517299,45.8771044],[26.0504859,45.87787],[26.0502342,45.8779348],[26.0492759,45.8787389],[26.0488046,45.8789679],[26.0483407,45.8790468],[26.0471556,45.8781613],[26.0467875,45.8780431],[26.0463755,45.8783135],[26.0459258,45.8779324],[26.0458203,45.8780372],[26.0457384,45.877962],[26.044956,45.8785272],[26.0456863,45.8789469],[26.0452285,45.8800557],[26.0462963,45.8811219],[26.0462737,45.8813752],[26.0458699,45.8817569],[26.0456644,45.8822959],[26.0453671,45.8826656],[26.0454657,45.8827022],[26.0450663,45.8838208],[26.0454481,45.8842728],[26.0455556,45.8846112],[26.0464453,45.8851923],[26.0480732,45.885505],[26.0496881,45.8854841],[26.0501219,45.8856293],[26.0505492,45.8859233],[26.0512123,45.8867716],[26.0510975,45.887364],[26.0512341,45.8879015],[26.0507705,45.8881753],[26.0495061,45.888152],[26.0484983,45.8882861],[26.0388242,45.8884103],[26.037466,45.8879454],[26.0367284,45.8878674],[26.0324526,45.8887227],[26.0294258,45.8910786],[26.0284768,45.8901104],[26.0280219,45.8898695],[26.0265652,45.8895469],[26.0250328,45.889344],[26.0240156,45.8890407],[26.0235638,45.888807],[26.0229179,45.8883111],[26.0235915,45.8873535],[26.0178521,45.8856917],[26.0101257,45.8832545],[26.0047444,45.8816562],[26.0025945,45.8811028],[26.0020583,45.8819854],[26.0019199,45.8819971],[26.0017814,45.8820088],[26.0014462,45.881823],[25.9963031,45.8763893],[25.9951821,45.8763841],[25.9981618,45.8728441],[25.9876369,45.8727348],[25.989767,45.8705544],[25.9844784,45.8656509],[25.9853319,45.8650343],[25.9878779,45.8623666],[25.9901749,45.8601125],[25.9906616,45.8602772],[25.9907248,45.8597818],[25.9918381,45.8566457],[25.9920421,45.8556358],[25.9926505,45.854474],[25.9940636,45.8428652],[25.9934891,45.8427466],[25.994176,45.8398948],[25.993955,45.8386074],[25.9940137,45.8374718],[25.9943327,45.8374662],[25.9938248,45.8361309],[25.9940031,45.8357788],[25.9943068,45.8355941],[25.995136,45.8356655],[25.996173,45.8359414],[25.9959412,45.8345474],[25.9950521,45.8341151],[25.9944823,45.8331434],[25.9938601,45.8328951],[25.9938626,45.8314707],[25.9865435,45.8314356],[25.9866314,45.830833],[25.9864355,45.8304795],[25.9854841,45.8270976],[25.9831423,45.8275039],[25.982655,45.8253034],[25.9821157,45.8253685],[25.9799099,45.8210291],[25.9809066,45.8204002],[25.9836056,45.8181645],[25.9830565,45.8180272],[25.9832482,45.8173726],[25.9831725,45.8169234],[25.9836438,45.8167637],[25.9836954,45.8166685],[25.983184,45.8164767],[25.983562,45.815966],[25.9821415,45.816543],[25.9808265,45.816897],[25.97999,45.8173764],[25.9797927,45.8167958],[25.979602,45.8152434],[25.9797831,45.8121334],[25.9781281,45.8121522],[25.9780528,45.8104463],[25.9778163,45.8105845],[25.9765687,45.8071737],[25.97549,45.8073616],[25.9752339,45.8058723],[25.9770693,45.8055781],[25.9768545,45.8044288],[25.9785058,45.8042352],[25.9789177,45.8040088],[25.9787777,45.8020792],[25.9789022,45.8016078],[25.9804806,45.798277],[25.9817922,45.7961368],[25.9825274,45.7961831],[25.9834329,45.7958566],[25.9839672,45.7957994],[25.9842893,45.795252],[25.9845375,45.7937769],[25.9835121,45.7935753],[25.9829171,45.7929461],[25.9826763,45.7903242],[25.9819715,45.7879786],[25.9815662,45.7855561],[25.9812688,45.7847417],[25.9809514,45.7842989],[25.9799917,45.7839259],[25.9791835,45.7836117],[25.9772239,45.7833376],[25.9768059,45.7832112],[25.9761821,45.7829443],[25.9756306,45.782262],[25.9751045,45.782019],[25.9740858,45.7819349],[25.9727896,45.7821687],[25.9718912,45.7818793],[25.970445,45.7816193],[25.9699812,45.7814005],[25.9694378,45.7806687],[25.9689728,45.7803756],[25.9688604,45.7801842],[25.9695886,45.7779248],[25.971664,45.7760902],[25.972196,45.7754847],[25.9724718,45.7747968],[25.9731354,45.7741993],[25.9734113,45.7736362],[25.973361,45.7718176],[25.973011,45.7714601],[25.9730232,45.7703808],[25.9723477,45.7693051],[25.9725551,45.7687659],[25.9734755,45.7678976],[25.9736579,45.7673412],[25.973363,45.7667738],[25.9734161,45.7662662],[25.9730942,45.7659265],[25.9726877,45.7657089],[25.972553,45.7654435],[25.972615,45.7647365],[25.9729698,45.7641201],[25.9721563,45.7625862],[25.9721836,45.7602388],[25.972038,45.7593493],[25.9716858,45.7589975],[25.9713991,45.7590496],[25.9710621,45.7587446],[25.9710925,45.7584203],[25.9707684,45.7578805],[25.969578,45.7566106],[25.9688948,45.7556022],[25.9679971,45.7538047],[25.9678925,45.7533428],[25.9675069,45.7530207],[25.9670277,45.7519172],[25.9669424,45.7516604],[25.9671409,45.7515929],[25.9676507,45.7514664],[25.9685469,45.7514751],[25.9689254,45.7518303],[25.9693238,45.7519898],[25.970363,45.7521928],[25.9717906,45.752645],[25.9720809,45.7526099],[25.9721827,45.7524461],[25.972437,45.7523462],[25.9734,45.7528512],[25.9754783,45.7532489],[25.9762991,45.7532877],[25.9770617,45.7530899],[25.9772636,45.7532129],[25.9787651,45.7531623],[25.9794167,45.7535721],[25.9797155,45.7535746],[25.9801427,45.7537399],[25.9814092,45.7536453],[25.9821715,45.7534544],[25.983202,45.7535461],[25.9839655,45.7534222],[25.9840343,45.7532541],[25.9842937,45.7532155],[25.9849183,45.7543972],[25.9857473,45.7552827],[25.9863849,45.7557296],[25.986995,45.7560043],[25.988056,45.7568291],[25.9894503,45.7574128],[25.9910221,45.7579294],[25.9917573,45.7585141],[25.9927642,45.7586976],[25.9932681,45.7586278],[25.9945132,45.7590516],[25.9956136,45.7595508],[25.995729,45.759941],[25.9955122,45.7600174],[25.9949688,45.759888],[25.9942153,45.7602454],[25.9941969,45.7601201],[25.9938633,45.7601124],[25.9936588,45.7599939],[25.9933927,45.7601825],[25.9936302,45.760501],[25.9930819,45.7605425],[25.9927032,45.7603795],[25.9919613,45.7603276],[25.9914929,45.7604931],[25.9911744,45.7603414],[25.9907904,45.7604722],[25.9909426,45.7609406],[25.9933543,45.760933],[25.9936882,45.7610293],[25.9944584,45.7608776],[25.9945851,45.7607543],[25.9950281,45.7606295],[25.9961298,45.7605565],[25.9968021,45.7606677],[25.9971285,45.761037],[25.9978548,45.7611562],[25.9985268,45.7615763],[25.998844,45.7614547],[26.0001649,45.7614141],[26.0018866,45.7615773],[26.003222,45.7618912],[26.0033483,45.7622515],[26.0032755,45.7624809],[26.0041872,45.7626301],[26.0051526,45.7629645],[26.0060908,45.763656],[26.0060174,45.7638293],[26.0064251,45.7641215],[26.0065191,45.7643689],[26.0067312,45.7644523],[26.0066253,45.7646236],[26.0067625,45.7646937],[26.0070755,45.7645555],[26.0082548,45.7653874],[26.0090948,45.7671274],[26.0087516,45.7677157],[26.0086965,45.7680264],[26.009085,45.7686707],[26.0090712,45.7693247],[26.0085611,45.7694266],[26.0082779,45.7697706],[26.008536,45.7698127],[26.0087669,45.7704497],[26.0088006,45.7709909],[26.0086748,45.7709774],[26.0086104,45.771077],[26.0088181,45.7711169],[26.0085325,45.7715878],[26.008132,45.7716436],[26.0080798,45.7717426],[26.0084866,45.7720207],[26.0099819,45.7723327],[26.0101968,45.7731211],[26.0098415,45.7739678],[26.0092917,45.7744134],[26.0089649,45.7743924],[26.0088173,45.774648],[26.0085538,45.7747355],[26.0083241,45.7749562],[26.0078932,45.7747732],[26.0072845,45.7746568],[26.0071596,45.7747001],[26.0071015,45.7749699],[26.0074652,45.7752375],[26.0078477,45.7753295],[26.0081,45.7756961],[26.008265,45.7757708],[26.0078638,45.7765788],[26.0066991,45.7765084],[26.0061463,45.7763383],[26.0059721,45.7763969],[26.0063249,45.7775606],[26.0062429,45.778363],[26.0060616,45.7785873],[26.0056115,45.7788186],[26.0050647,45.7789623],[26.0045653,45.7789316],[26.0042013,45.7787484],[26.0039539,45.7788451],[26.0039862,45.7791434],[26.0038481,45.7793103],[26.0052536,45.7816645],[26.0069496,45.7809405],[26.008769,45.7818792],[26.0099787,45.7823565],[26.0122643,45.7798281],[26.0135201,45.7804924],[26.0138871,45.7802201],[26.0148751,45.7806837],[26.0149983,45.7802665],[26.015607,45.7797422],[26.0157014,45.7790615],[26.0161031,45.7789468],[26.0163378,45.7787497],[26.0165882,45.7782635],[26.0168026,45.7781861],[26.0168619,45.7780388],[26.0176569,45.7782877],[26.0176133,45.7784453],[26.0177529,45.778556],[26.0191378,45.7792316],[26.0195185,45.7787018],[26.0200128,45.7791875],[26.0206537,45.7794557],[26.0208796,45.7801909],[26.0206106,45.7807918],[26.0202243,45.7809256],[26.0207717,45.781596],[26.0208662,45.7820555],[26.020406,45.7822957],[26.0206834,45.7828787],[26.0206483,45.7831846],[26.0196044,45.7832769],[26.0189673,45.7831515],[26.0173392,45.7841735],[26.0177368,45.7844799],[26.0178397,45.784428],[26.0180555,45.7845882],[26.0168147,45.7852281],[26.0183796,45.786661],[26.0182895,45.7868184],[26.0178949,45.7869898],[26.0162622,45.7872969],[26.015853,45.7874512],[26.0145037,45.7885643],[26.0144608,45.7887559],[26.0149283,45.7892066],[26.0149206,45.7893977],[26.0147302,45.7896109],[26.0132888,45.7907897],[26.0129695,45.7906093],[26.0123026,45.7904801],[26.0116683,45.7917549],[26.0105079,45.7912415],[26.00834,45.7909919],[26.0077008,45.7913912],[26.0069937,45.7915814],[26.0068914,45.7918115],[26.0072142,45.791997],[26.00685,45.7930611],[26.0064222,45.7933086],[26.0063793,45.7936078],[26.0060142,45.7938961],[26.005815,45.79422],[26.0040695,45.7957712],[26.0040389,45.7959266],[26.0036884,45.7962324],[26.0034712,45.796391],[26.0025653,45.7966814],[26.001978,45.7966468],[26.001343,45.796731],[26.00127,45.7968412],[26.0006745,45.7970393],[25.9998419,45.7976895],[25.9994549,45.7977524],[25.9995451,45.7979558],[25.9991138,45.7980733],[25.9989667,45.798433],[25.9986717,45.7985679],[25.9981424,45.7991664],[25.9979395,45.800522],[26.0012152,45.8002739],[26.0013228,45.8004661],[26.0010399,45.8012295],[26.0010131,45.8018286],[26.000724,45.80285],[26.0010974,45.8032226],[26.0016338,45.8035202],[26.0018746,45.8043935],[26.0024878,45.804441],[26.0026785,45.8043613],[26.0030637,45.8028754],[26.0031819,45.8022559],[26.0030802,45.8019447],[26.0031438,45.8011264],[26.0035564,45.8011799],[26.0037204,45.8009812],[26.005185,45.8002994],[26.0073168,45.8010505],[26.008324,45.8004856],[26.0112922,45.8007834],[26.0121943,45.7994847],[26.012806,45.798805],[26.0133237,45.7978616],[26.0142196,45.7980356],[26.0143358,45.7979653],[26.014292,45.7978059],[26.0146801,45.7977187],[26.0165952,45.7977041],[26.0155903,45.7963486],[26.0147634,45.7964272],[26.0142143,45.7962812],[26.0145093,45.7961596],[26.0145327,45.79601],[26.014351,45.7946246],[26.0144601,45.7940387],[26.0158898,45.7932821],[26.0166835,45.7923341],[26.0174689,45.7917219],[26.020048,45.7909154],[26.0206798,45.7909076],[26.0212968,45.7907263],[26.0230466,45.7898485],[26.0238185,45.7895932],[26.0242417,45.7892239],[26.0245663,45.7884239],[26.0255755,45.7873992],[26.0259304,45.7864907],[26.0262265,45.78404],[26.0257888,45.7809238],[26.0249042,45.7803841],[26.0237294,45.778814],[26.0237678,45.7785523],[26.0240304,45.7783372],[26.0241137,45.7781083],[26.0239482,45.7770694],[26.0236639,45.776681],[26.0236089,45.7759439],[26.0227579,45.7746582],[26.0227606,45.7742365],[26.0232831,45.7734972],[26.0248086,45.7725739],[26.0249171,45.7723592],[26.0240328,45.7720954],[26.0240143,45.7717252],[26.0251489,45.7706277],[26.0249343,45.7700345],[26.0238391,45.7693324],[26.023955,45.7690109],[26.023856,45.7687404],[26.0235219,45.7684557],[26.0237149,45.7680922],[26.0234108,45.7681689],[26.0231489,45.7683768],[26.02298,45.7683783],[26.022453,45.7677975],[26.0224197,45.7673211],[26.0222549,45.7671957],[26.0222104,45.7669556],[26.0223642,45.7667781],[26.0230424,45.766672],[26.0230307,45.7665196],[26.0219357,45.7663862],[26.0217204,45.7661835],[26.0219101,45.7656388],[26.0222598,45.765271],[26.0223857,45.7640207],[26.0226482,45.7637828],[26.0227367,45.7635243],[26.0224313,45.7635498],[26.0219251,45.7639686],[26.0217666,45.7643086],[26.0213038,45.7637073],[26.0209052,45.7635016],[26.0206792,45.7636292],[26.0206455,45.7637554],[26.0202962,45.7638217],[26.0193501,45.7642475],[26.0189063,45.7642492],[26.0186565,45.764142],[26.0184314,45.7639212],[26.0180949,45.7630057],[26.0186661,45.7634966],[26.0192493,45.7636289],[26.0195904,45.7635128],[26.0209188,45.7625121],[26.0206643,45.7623644],[26.0198878,45.7627719],[26.0195326,45.7627592],[26.0181687,45.7605914],[26.0175986,45.7601234],[26.0194143,45.7609925],[26.0201733,45.7615615],[26.0203566,45.7615385],[26.0204201,45.761476],[26.019552,45.7601614],[26.0191986,45.7593823],[26.0197086,45.7598522],[26.0202928,45.7601407],[26.0203891,45.7600565],[26.0200876,45.759546],[26.0201098,45.7590558],[26.0202699,45.758673],[26.0205822,45.758367],[26.0211382,45.7580858],[26.0221413,45.7580381],[26.0227218,45.7579009],[26.0231765,45.7576084],[26.0227668,45.7568473],[26.0230798,45.7563628],[26.0268869,45.7527917],[26.0285063,45.7506467],[26.0294188,45.7497258],[26.0313268,45.7497085],[26.0475394,45.751536],[26.04841,45.7510497],[26.0489046,45.7508812],[26.0496803,45.7508782],[26.0505302,45.7505989],[26.0507959,45.7507064],[26.0508873,45.7509196],[26.051328,45.7509245],[26.0521037,45.7513241],[26.0525999,45.7513501]]]}},{"type":"Feature","properties":{"entity_id":"osm-r14735735","jurisdiction":"RO","display_name":"RECI","display_type":"commune","admin_level":8,"tier":"local","legal_registry":"SIRUTA","legal_id":"64773","legal_type":"commune","parent_catalog_id":"osm-r2248621","osm_relation_id":14735735,"legal_identity_status":"reconciled","geometry_source":"OpenStreetMap","canonical_geometry_role":null,"geometry_scope":null,"geometry_precision":"master_coordinate_fidelity"},"geometry":{"type":"Polygon","coordinates":[[[25.9669424,45.7516604],[25.9670277,45.7519172],[25.9675069,45.7530207],[25.9678925,45.7533428],[25.9679971,45.7538047],[25.9688948,45.7556022],[25.969578,45.7566106],[25.9707684,45.7578805],[25.9710925,45.7584203],[25.9710621,45.7587446],[25.9713991,45.7590496],[25.9716858,45.7589975],[25.972038,45.7593493],[25.9721836,45.7602388],[25.9721563,45.7625862],[25.9729698,45.7641201],[25.972615,45.7647365],[25.972553,45.7654435],[25.9726877,45.7657089],[25.9730942,45.7659265],[25.9734161,45.7662662],[25.973363,45.7667738],[25.9736579,45.7673412],[25.9734755,45.7678976],[25.9725551,45.7687659],[25.9723477,45.7693051],[25.9730232,45.7703808],[25.973011,45.7714601],[25.973361,45.7718176],[25.9734113,45.7736362],[25.9731354,45.7741993],[25.9724718,45.7747968],[25.972196,45.7754847],[25.971664,45.7760902],[25.9695886,45.7779248],[25.9688604,45.7801842],[25.9689728,45.7803756],[25.9694378,45.7806687],[25.9699812,45.7814005],[25.970445,45.7816193],[25.9718912,45.7818793],[25.9727896,45.7821687],[25.9740858,45.7819349],[25.9751045,45.782019],[25.9756306,45.782262],[25.9761821,45.7829443],[25.9768059,45.7832112],[25.9772239,45.7833376],[25.9791835,45.7836117],[25.9799917,45.7839259],[25.9809514,45.7842989],[25.9812688,45.7847417],[25.9815662,45.7855561],[25.9819715,45.7879786],[25.9826763,45.7903242],[25.9829171,45.7929461],[25.9835121,45.7935753],[25.9845375,45.7937769],[25.9842893,45.795252],[25.9839672,45.7957994],[25.9834329,45.7958566],[25.9825274,45.7961831],[25.9817922,45.7961368],[25.9804806,45.798277],[25.9789022,45.8016078],[25.9787777,45.8020792],[25.9789177,45.8040088],[25.9785058,45.8042352],[25.9768545,45.8044288],[25.9770693,45.8055781],[25.9752339,45.8058723],[25.97549,45.8073616],[25.9765687,45.8071737],[25.9778163,45.8105845],[25.9780528,45.8104463],[25.9781281,45.8121522],[25.9797831,45.8121334],[25.979602,45.8152434],[25.9797927,45.8167958],[25.97999,45.8173764],[25.9808265,45.816897],[25.9821415,45.816543],[25.983562,45.815966],[25.983184,45.8164767],[25.9836954,45.8166685],[25.9836438,45.8167637],[25.9831725,45.8169234],[25.9832482,45.8173726],[25.9830565,45.8180272],[25.9836056,45.8181645],[25.9809066,45.8204002],[25.9799099,45.8210291],[25.9821157,45.8253685],[25.982655,45.8253034],[25.9831423,45.8275039],[25.9854841,45.8270976],[25.9864355,45.8304795],[25.9866314,45.830833],[25.9865435,45.8314356],[25.9938626,45.8314707],[25.9938601,45.8328951],[25.9944823,45.8331434],[25.9950521,45.8341151],[25.9959412,45.8345474],[25.996173,45.8359414],[25.995136,45.8356655],[25.9943068,45.8355941],[25.9940031,45.8357788],[25.9938248,45.8361309],[25.9943327,45.8374662],[25.9940137,45.8374718],[25.993955,45.8386074],[25.994176,45.8398948],[25.9934891,45.8427466],[25.9940636,45.8428652],[25.9926505,45.854474],[25.9920421,45.8556358],[25.9918381,45.8566457],[25.9907248,45.8597818],[25.9906616,45.8602772],[25.9901749,45.8601125],[25.9878779,45.8623666],[25.9797537,45.8590188],[25.9795918,45.8591988],[25.9707804,45.8556914],[25.9712607,45.8550794],[25.9712879,45.8548048],[25.9691454,45.8547612],[25.9701656,45.8528833],[25.9702441,45.8521508],[25.9682916,45.8476102],[25.9680199,45.8465303],[25.9672912,45.8447522],[25.9671661,45.8439401],[25.9667035,45.8433409],[25.959081,45.8464895],[25.9530327,45.8497379],[25.9439053,45.8548963],[25.9408935,45.856448],[25.940231,45.8566025],[25.9376643,45.8580046],[25.9369333,45.8584611],[25.9372981,45.8585524],[25.9305627,45.8622637],[25.9294881,45.8627359],[25.9283979,45.8630181],[25.9263437,45.8632195],[25.9263327,45.8631099],[25.919252,45.8633841],[25.9187703,45.8635131],[25.9090295,45.8639352],[25.9065831,45.8640467],[25.9056253,45.8640903],[25.9046211,45.8641376],[25.9044829,45.8579289],[25.8903817,45.8581088],[25.8898794,45.8590635],[25.8872973,45.8587776],[25.8853462,45.8586798],[25.8852409,45.8597526],[25.882827,45.8600728],[25.883768,45.8636876],[25.8833366,45.8646128],[25.8834755,45.8650031],[25.8586112,45.8660834],[25.8585815,45.865595],[25.8583916,45.8595153],[25.8618193,45.859022],[25.8651003,45.8585465],[25.8650961,45.8584759],[25.8796108,45.8565205],[25.8775786,45.853298],[25.8770788,45.850235],[25.8818064,45.8499822],[25.8819774,45.8487207],[25.8835565,45.8470081],[25.8824775,45.845067],[25.8870744,45.8391491],[25.8896752,45.841496],[25.8897645,45.8413379],[25.8916929,45.8398314],[25.8915652,45.8384895],[25.8943692,45.8372112],[25.8943786,45.8369867],[25.8988254,45.8307834],[25.900427,45.8312844],[25.9010531,45.8305864],[25.9018056,45.8294912],[25.9032704,45.8281058],[25.9071722,45.8257912],[25.9071064,45.8255566],[25.9072005,45.8253578],[25.9081537,45.8240939],[25.9079013,45.8238175],[25.9080295,45.8235318],[25.9086359,45.823267],[25.9094795,45.8223444],[25.913218,45.8198329],[25.914412,45.8186908],[25.9149827,45.8178755],[25.9156588,45.8164653],[25.9155559,45.8161257],[25.9147236,45.8150246],[25.916289,45.814418],[25.9182032,45.8140313],[25.9224504,45.81344],[25.9250768,45.8133136],[25.9259359,45.8133499],[25.9283037,45.8131079],[25.9292367,45.8127971],[25.9298431,45.8125446],[25.9306474,45.8114179],[25.9309532,45.8111802],[25.9330521,45.809684],[25.9346135,45.8088543],[25.9351626,45.8083547],[25.935857,45.8070184],[25.9364405,45.8054046],[25.9372981,45.8043021],[25.9380579,45.8037079],[25.9389712,45.803292],[25.9399225,45.8030366],[25.9405577,45.80292],[25.9420781,45.8028332],[25.9444513,45.8024113],[25.9460057,45.8022437],[25.9468781,45.8020322],[25.9479639,45.8016189],[25.9456547,45.7993299],[25.9443142,45.79659],[25.9419473,45.7936055],[25.9416212,45.7929909],[25.9413833,45.7894912],[25.9406765,45.7863471],[25.9406713,45.7859036],[25.9411329,45.7846744],[25.941233,45.7833133],[25.9411342,45.7817776],[25.9406151,45.7804203],[25.9386651,45.7768932],[25.9383616,45.7759063],[25.9386229,45.7750223],[25.9407188,45.7730511],[25.9417477,45.7722911],[25.9429633,45.7717914],[25.9445494,45.7708765],[25.9457897,45.770303],[25.9477038,45.7696116],[25.9482502,45.7692703],[25.9487643,45.7688204],[25.948858,45.7686093],[25.9485673,45.7681537],[25.9484512,45.7675668],[25.9497087,45.7666342],[25.9500791,45.7660555],[25.9502179,45.76486],[25.9505734,45.7639287],[25.9505615,45.7627096],[25.9508231,45.7619772],[25.950954,45.7603175],[25.9509803,45.7597851],[25.9506006,45.7582535],[25.9505957,45.7569291],[25.9502834,45.7562386],[25.9502663,45.7552362],[25.9505418,45.7527213],[25.9511817,45.7518867],[25.9510666,45.7503157],[25.9509161,45.7497847],[25.9513731,45.7485927],[25.9511372,45.747196],[25.9512395,45.746597],[25.9516382,45.7456414],[25.9519107,45.745397],[25.9525635,45.7443644],[25.953366,45.7441623],[25.9539844,45.7441343],[25.9580447,45.744431],[25.9597527,45.744314],[25.9607101,45.7441121],[25.965,45.7435513],[25.9669887,45.7430113],[25.9674992,45.7428828],[25.9673387,45.7431486],[25.9672755,45.7432533],[25.9676918,45.7437037],[25.9685618,45.7443785],[25.968565,45.7454356],[25.9684069,45.7461304],[25.9674227,45.7486695],[25.9677381,45.7493228],[25.9669924,45.7507399],[25.9671233,45.7511924],[25.9668727,45.7514504],[25.9669424,45.7516604]]]}},{"type":"Feature","properties":{"entity_id":"osm-r14735736","jurisdiction":"RO","display_name":"OZUN","display_type":"commune","admin_level":8,"tier":"local","legal_registry":"SIRUTA","legal_id":"64639","legal_type":"commune","parent_catalog_id":"osm-r2248621","osm_relation_id":14735736,"legal_identity_status":"reconciled","geometry_source":"OpenStreetMap","canonical_geometry_role":null,"geometry_scope":null,"geometry_precision":"master_coordinate_fidelity"},"geometry":{"type":"Polygon","coordinates":[[[25.8557281,45.7441361],[25.8572334,45.7445365],[25.8585795,45.7441513],[25.8610465,45.7432328],[25.8641977,45.74233],[25.8654271,45.7421116],[25.8674002,45.7420041],[25.8687185,45.7452006],[25.8685494,45.7469704],[25.8689453,45.7477215],[25.8689775,45.7480642],[25.8687629,45.7486995],[25.868758,45.7491531],[25.8689209,45.749596],[25.8694064,45.750141],[25.8698696,45.7499468],[25.8720182,45.749465],[25.8719565,45.7493747],[25.8728174,45.7491471],[25.8739875,45.749232],[25.8741258,45.7490583],[25.874439,45.7492178],[25.8756152,45.7491025],[25.877252,45.7497831],[25.8783986,45.750088],[25.8797086,45.7502094],[25.8804197,45.7503861],[25.8815761,45.7503923],[25.8822144,45.7505391],[25.8831242,45.7504866],[25.884448,45.750112],[25.885586,45.7489496],[25.8859913,45.748987],[25.8865484,45.7481175],[25.8873869,45.7481312],[25.8876813,45.7480075],[25.8883758,45.7480577],[25.8893268,45.7479168],[25.8901042,45.7480888],[25.8903485,45.7482875],[25.8914969,45.7486669],[25.8923916,45.7496597],[25.8949522,45.7511347],[25.8955749,45.7513606],[25.8972141,45.7513139],[25.8975416,45.7511875],[25.9000091,45.7511568],[25.9002724,45.7512138],[25.901377,45.7511483],[25.9012591,45.7513836],[25.9017678,45.7521039],[25.9027475,45.7530974],[25.9040947,45.75423],[25.904556,45.7543226],[25.9068725,45.7543483],[25.908884,45.7545087],[25.9095105,45.754444],[25.9115106,45.7546683],[25.9127263,45.7546635],[25.914167,45.7549682],[25.9158205,45.7546964],[25.9165121,45.7544382],[25.9193802,45.754367],[25.9205967,45.7542302],[25.9215593,45.7534149],[25.9226267,45.7530815],[25.9262167,45.7523691],[25.9269201,45.7519822],[25.9286749,45.7512734],[25.9309252,45.7498066],[25.9308434,45.7497338],[25.9309096,45.7493521],[25.9312159,45.7487378],[25.9310389,45.7477116],[25.9313575,45.7472105],[25.9314492,45.7461719],[25.9319899,45.7454807],[25.9324056,45.7451364],[25.9329971,45.7448722],[25.9346227,45.744752],[25.9380599,45.7453716],[25.9390335,45.7454263],[25.9395706,45.7453807],[25.9404997,45.7450031],[25.941099,45.7448938],[25.9424955,45.7453179],[25.9430625,45.7453595],[25.9448425,45.7448485],[25.9468406,45.7453727],[25.9512603,45.7450671],[25.9525635,45.7443644],[25.9519107,45.745397],[25.9516382,45.7456414],[25.9512395,45.746597],[25.9511372,45.747196],[25.9513731,45.7485927],[25.9509161,45.7497847],[25.9510666,45.7503157],[25.9511817,45.7518867],[25.9505418,45.7527213],[25.9502663,45.7552362],[25.9502834,45.7562386],[25.9505957,45.7569291],[25.9506006,45.7582535],[25.9509803,45.7597851],[25.950954,45.7603175],[25.9508231,45.7619772],[25.9505615,45.7627096],[25.9505734,45.7639287],[25.9502179,45.76486],[25.9500791,45.7660555],[25.9497087,45.7666342],[25.9484512,45.7675668],[25.9485673,45.7681537],[25.948858,45.7686093],[25.9487643,45.7688204],[25.9482502,45.7692703],[25.9477038,45.7696116],[25.9457897,45.770303],[25.9445494,45.7708765],[25.9429633,45.7717914],[25.9417477,45.7722911],[25.9407188,45.7730511],[25.9386229,45.7750223],[25.9383616,45.7759063],[25.9386651,45.7768932],[25.9406151,45.7804203],[25.9411342,45.7817776],[25.941233,45.7833133],[25.9411329,45.7846744],[25.9406713,45.7859036],[25.9406765,45.7863471],[25.9413833,45.7894912],[25.9416212,45.7929909],[25.9419473,45.7936055],[25.9443142,45.79659],[25.9456547,45.7993299],[25.9479639,45.8016189],[25.9468781,45.8020322],[25.9460057,45.8022437],[25.9444513,45.8024113],[25.9420781,45.8028332],[25.9405577,45.80292],[25.9399225,45.8030366],[25.9389712,45.803292],[25.9380579,45.8037079],[25.9372981,45.8043021],[25.9364405,45.8054046],[25.935857,45.8070184],[25.9351626,45.8083547],[25.9346135,45.8088543],[25.9330521,45.809684],[25.9309532,45.8111802],[25.9306474,45.8114179],[25.9298431,45.8125446],[25.9292367,45.8127971],[25.9283037,45.8131079],[25.9259359,45.8133499],[25.9250768,45.8133136],[25.9224504,45.81344],[25.9182032,45.8140313],[25.916289,45.814418],[25.9147236,45.8150246],[25.9155559,45.8161257],[25.9156588,45.8164653],[25.9149827,45.8178755],[25.914412,45.8186908],[25.913218,45.8198329],[25.9094795,45.8223444],[25.9086359,45.823267],[25.9080295,45.8235318],[25.9079013,45.8238175],[25.9081537,45.8240939],[25.9072005,45.8253578],[25.9071064,45.8255566],[25.9071722,45.8257912],[25.9032704,45.8281058],[25.9018056,45.8294912],[25.9010531,45.8305864],[25.900427,45.8312844],[25.8988254,45.8307834],[25.8943786,45.8369867],[25.8943692,45.8372112],[25.8915652,45.8384895],[25.8916929,45.8398314],[25.8897645,45.8413379],[25.8896752,45.841496],[25.8870744,45.8391491],[25.8824775,45.845067],[25.8835565,45.8470081],[25.8819774,45.8487207],[25.8818064,45.8499822],[25.8770788,45.850235],[25.8775786,45.853298],[25.8796108,45.8565205],[25.8650961,45.8584759],[25.8651003,45.8585465],[25.8618193,45.859022],[25.8583916,45.8595153],[25.8581396,45.8557739],[25.8581212,45.854608],[25.8582542,45.8542295],[25.8580615,45.8486183],[25.8509802,45.8488162],[25.8504743,45.8359679],[25.8480331,45.8355973],[25.8479859,45.8345678],[25.8282547,45.8323118],[25.8238579,45.8316651],[25.8253901,45.8295001],[25.8219979,45.8280453],[25.8258405,45.8227247],[25.8211429,45.8205793],[25.8232611,45.8186844],[25.8149619,45.8176175],[25.8162272,45.8118831],[25.8175239,45.8121371],[25.822698,45.8033914],[25.822939,45.7987196],[25.8234519,45.7979917],[25.824204,45.7972815],[25.8242112,45.797227],[25.8242318,45.7971836],[25.8258107,45.7955762],[25.8259688,45.7952633],[25.8261498,45.7931721],[25.8260127,45.7931504],[25.8260274,45.7926274],[25.8263076,45.7923166],[25.8280844,45.7912991],[25.8285304,45.7909442],[25.8304899,45.7871232],[25.8264475,45.7846319],[25.8271261,45.78431],[25.8266472,45.7834824],[25.8264694,45.7828218],[25.8264932,45.7821111],[25.8269808,45.7808933],[25.8269462,45.7802185],[25.8239981,45.77397],[25.8225392,45.7699964],[25.8225996,45.7680808],[25.8228703,45.7662601],[25.8227058,45.7653457],[25.8209815,45.7636032],[25.8221016,45.7632731],[25.8226593,45.7629492],[25.8234338,45.7618642],[25.823403,45.7613779],[25.823001,45.7609945],[25.8227088,45.7609883],[25.8223737,45.7599924],[25.8229061,45.7594725],[25.8235926,45.7593965],[25.824205,45.7596562],[25.8256658,45.7605462],[25.8268621,45.7609488],[25.8293193,45.7614029],[25.8283962,45.7621058],[25.8275202,45.7625622],[25.8273409,45.7628497],[25.827227,45.7632702],[25.8275266,45.7636326],[25.828181,45.7640789],[25.8289094,45.7642849],[25.8294044,45.7643084],[25.8298077,45.7641994],[25.8301593,45.7639612],[25.8305214,45.7635947],[25.8306181,45.7632367],[25.8303966,45.7628413],[25.8301375,45.7628713],[25.830407,45.7625693],[25.8302602,45.7625307],[25.8303475,45.7620311],[25.8308838,45.761638],[25.8313812,45.7616634],[25.8316673,45.7617289],[25.832302,45.7622275],[25.832292,45.7629202],[25.8320117,45.763536],[25.8320566,45.7639008],[25.832246,45.7642452],[25.8329521,45.764817],[25.8337259,45.7649371],[25.8351929,45.7646046],[25.8363504,45.7648569],[25.8385818,45.7645799],[25.8390928,45.7647235],[25.8393926,45.7651171],[25.8393727,45.7655408],[25.8388835,45.7656855],[25.8386433,45.7654633],[25.8382285,45.7653037],[25.8378597,45.7652849],[25.8366166,45.7654689],[25.8360769,45.7657552],[25.835599,45.7662082],[25.8350495,45.7670452],[25.8354241,45.7677221],[25.8360835,45.768107],[25.8366956,45.768256],[25.8374776,45.7688105],[25.8375683,45.7690062],[25.837337,45.7695483],[25.8389924,45.7694505],[25.8386766,45.7684521],[25.8386987,45.7681865],[25.8404363,45.7680608],[25.841454,45.7681906],[25.8416441,45.7680763],[25.8417008,45.7677891],[25.842738,45.7684493],[25.8433241,45.7685426],[25.8445625,45.7684921],[25.845253,45.7690712],[25.8479689,45.7668993],[25.8457377,45.7653679],[25.8466505,45.7643296],[25.8463796,45.7640408],[25.8443737,45.7641176],[25.8440325,45.761615],[25.8444579,45.761549],[25.8435458,45.7585934],[25.8530123,45.7571214],[25.8518016,45.7563332],[25.8510353,45.7553578],[25.8474984,45.7550891],[25.8510878,45.7532701],[25.8530058,45.7526277],[25.855565,45.7520468],[25.854632,45.7508575],[25.8531136,45.7512593],[25.8539574,45.7484612],[25.8566639,45.7474988],[25.8557405,45.7441819],[25.8557281,45.7441361]]]}},{"type":"Feature","properties":{"entity_id":"osm-r14735737","jurisdiction":"RO","display_name":"ILIENI","display_type":"commune","admin_level":8,"tier":"local","legal_registry":"SIRUTA","legal_id":"64425","legal_type":"commune","parent_catalog_id":"osm-r2248621","osm_relation_id":14735737,"legal_identity_status":"reconciled","geometry_source":"OpenStreetMap","canonical_geometry_role":null,"geometry_scope":null,"geometry_precision":"master_coordinate_fidelity"},"geometry":{"type":"Polygon","coordinates":[[[25.7567066,45.7602191],[25.7567393,45.7602174],[25.7569592,45.7602105],[25.757593,45.7604481],[25.7583775,45.7604142],[25.7590533,45.760687],[25.7598864,45.7602897],[25.7602367,45.7604208],[25.7604775,45.7608235],[25.761268,45.7611535],[25.761357,45.7613346],[25.7611262,45.7614633],[25.7605339,45.761353],[25.7599296,45.7616047],[25.7595862,45.7619933],[25.7596374,45.7622432],[25.7599849,45.7624021],[25.7605118,45.7623855],[25.7610487,45.7622497],[25.7615722,45.7623264],[25.7617422,45.7624896],[25.7616551,45.7630406],[25.761761,45.7633095],[25.7630026,45.7641912],[25.7632465,45.7641803],[25.7636026,45.7638461],[25.7639034,45.7637828],[25.7643361,45.7642218],[25.7645796,45.7643024],[25.7651851,45.7641947],[25.7656648,45.7642273],[25.7661029,45.7645189],[25.7667774,45.7647712],[25.766758,45.7652414],[25.7662167,45.7656642],[25.7664104,45.7658847],[25.7668225,45.7659456],[25.7673393,45.7658767],[25.7676971,45.7655902],[25.7680813,45.76551],[25.7703123,45.7656787],[25.7706418,45.7656019],[25.7713186,45.7651055],[25.7716388,45.7650448],[25.7727349,45.7650936],[25.7728122,45.765271],[25.7727255,45.7655619],[25.7720987,45.7659207],[25.7719994,45.7660944],[25.7719229,45.7667867],[25.7720954,45.7673983],[25.7723401,45.7675101],[25.7736602,45.7676288],[25.7740647,45.767838],[25.7744299,45.7682758],[25.7757623,45.7691212],[25.7770444,45.7711697],[25.7797363,45.7713194],[25.782602,45.7723284],[25.7844415,45.7742255],[25.7846214,45.7744746],[25.7845525,45.7755037],[25.7855958,45.777564],[25.7859131,45.778875],[25.7851829,45.7796485],[25.7849736,45.7805896],[25.7853829,45.7836025],[25.786849,45.7843321],[25.7868021,45.7854718],[25.7893781,45.7865591],[25.7913574,45.7872602],[25.7912366,45.7885164],[25.7946414,45.7886231],[25.7947693,45.7889375],[25.7947133,45.7895004],[25.7961371,45.7914984],[25.7959167,45.7927437],[25.7909431,45.7926434],[25.7909355,45.7927754],[25.7917114,45.7928126],[25.7915293,45.7942822],[25.7916039,45.7957791],[25.7914429,45.7992226],[25.7914725,45.7994272],[25.7890532,45.7994839],[25.7889658,45.8005584],[25.7895005,45.8010786],[25.7888229,45.8015753],[25.7894416,45.8020772],[25.7890976,45.8033315],[25.7901058,45.8036855],[25.78947,45.8046352],[25.7893594,45.805149],[25.7896806,45.80574],[25.7903198,45.8058278],[25.7905916,45.8060654],[25.7905744,45.8063595],[25.7903167,45.8065156],[25.7883511,45.806764],[25.7881924,45.8069913],[25.7882355,45.8072411],[25.788766,45.8075188],[25.7890226,45.8074943],[25.7902252,45.808347],[25.7899771,45.809313],[25.7901982,45.810283],[25.7894156,45.8105071],[25.7891797,45.811174],[25.7891428,45.8120834],[25.7871839,45.8123984],[25.7860629,45.8129939],[25.784444,45.8142445],[25.7840778,45.8146876],[25.7838006,45.8148097],[25.7834948,45.8152572],[25.7830655,45.8151053],[25.7821415,45.8150495],[25.7814749,45.814781],[25.7812094,45.8148366],[25.7811421,45.8151019],[25.7812036,45.815267],[25.781639,45.8155082],[25.7816197,45.8158228],[25.7819001,45.8159801],[25.782039,45.8167613],[25.7822365,45.8169647],[25.7846133,45.8181236],[25.7877097,45.818258],[25.7890564,45.8187763],[25.7892987,45.8200041],[25.7897986,45.8210934],[25.7896118,45.8221533],[25.7896861,45.8225392],[25.79177,45.8247323],[25.7909047,45.825311],[25.7906377,45.8256935],[25.790899,45.8262609],[25.7885535,45.8270257],[25.7894907,45.8275324],[25.7900217,45.8279582],[25.7912481,45.8282538],[25.7903798,45.8289642],[25.7889369,45.8306332],[25.7879703,45.8311446],[25.7877164,45.8311414],[25.7874933,45.8308406],[25.7876879,45.8302083],[25.7876106,45.8300401],[25.7871143,45.8299681],[25.786202,45.8304174],[25.7848202,45.8300791],[25.7843618,45.8302082],[25.7841071,45.8307175],[25.7831241,45.8312712],[25.7821276,45.831077],[25.7815975,45.8316405],[25.7815087,45.8320972],[25.7804162,45.8317264],[25.7792212,45.8331696],[25.7788272,45.833168],[25.7785103,45.8356577],[25.7757232,45.8356045],[25.775722,45.8357122],[25.7735,45.8357904],[25.7732789,45.8375392],[25.771737,45.8376629],[25.7685819,45.8374457],[25.7682281,45.83779],[25.7673402,45.8378631],[25.7663158,45.8375649],[25.7638993,45.8374618],[25.7623582,45.8377512],[25.7614028,45.8381132],[25.7602294,45.8381537],[25.7588294,45.83799],[25.756253,45.8380376],[25.754397,45.8385994],[25.7523756,45.8398543],[25.7509137,45.8404949],[25.7486374,45.8411542],[25.7475032,45.8412175],[25.7468212,45.8414147],[25.7453605,45.8425976],[25.7431374,45.842936],[25.7419389,45.8428628],[25.7414693,45.8433788],[25.7412363,45.8442533],[25.741357,45.8446125],[25.740503,45.845275],[25.7403212,45.8459224],[25.7400146,45.8462754],[25.7399781,45.8466739],[25.7390047,45.8474956],[25.7383012,45.847094],[25.7384003,45.8468901],[25.7383054,45.8468389],[25.7381563,45.8467918],[25.7378422,45.8469359],[25.7375263,45.8468136],[25.7375023,45.8466622],[25.7371979,45.8467164],[25.7372695,45.846579],[25.7370067,45.8464114],[25.7362795,45.846592],[25.7362792,45.8464585],[25.7358616,45.8462662],[25.7357561,45.8464358],[25.7355,45.8463149],[25.7352438,45.8459198],[25.7348139,45.8457904],[25.7344812,45.8459403],[25.7343429,45.845821],[25.734157,45.8459865],[25.7336975,45.8459475],[25.7334685,45.8461157],[25.7333162,45.8460917],[25.7331844,45.8458102],[25.7321355,45.8458844],[25.7319204,45.8457858],[25.7315581,45.8452608],[25.7313271,45.8452462],[25.7309409,45.8453615],[25.7309052,45.8454618],[25.7312126,45.8456663],[25.7305831,45.8458897],[25.730159,45.8455859],[25.7297627,45.8456368],[25.7289489,45.8455291],[25.7286218,45.8455796],[25.7283797,45.845778],[25.7281719,45.8457696],[25.7278911,45.8454778],[25.7267897,45.8452687],[25.7264769,45.8453545],[25.7263031,45.8451234],[25.7252053,45.8448335],[25.7241776,45.8449594],[25.7238486,45.8445131],[25.7236455,45.8445079],[25.7232912,45.8447414],[25.723106,45.8445769],[25.7229019,45.8448352],[25.7222008,45.8448784],[25.7215763,45.8451308],[25.7214309,45.8453123],[25.7207362,45.8454942],[25.7195727,45.8461919],[25.7188547,45.8469454],[25.718569,45.8471867],[25.7176282,45.8472976],[25.7173535,45.8474849],[25.7166625,45.8476265],[25.7163415,45.847806],[25.7141964,45.8480131],[25.7126755,45.8482728],[25.7102715,45.8490059],[25.7102588,45.8475535],[25.7099217,45.8471546],[25.708185,45.8463323],[25.7066549,45.8465414],[25.7065644,45.8466953],[25.7043598,45.8467554],[25.7040985,45.8466359],[25.7041129,45.8464099],[25.7044112,45.8462547],[25.7046306,45.8462534],[25.7049447,45.8464451],[25.705089,45.8464361],[25.7049482,45.8462635],[25.7049742,45.8460334],[25.7041855,45.8452958],[25.7041462,45.844933],[25.7044462,45.844915],[25.705556,45.845473],[25.7093648,45.843089],[25.7089137,45.8421154],[25.7082709,45.8415061],[25.7080822,45.8402807],[25.7075674,45.8397513],[25.7078864,45.8394104],[25.7084757,45.8380874],[25.7093311,45.8374951],[25.7106339,45.8369039],[25.7111138,45.8365096],[25.7112799,45.8359598],[25.7109223,45.8355263],[25.7105286,45.8354319],[25.7104332,45.8351944],[25.7095271,45.8347482],[25.7091346,45.8342947],[25.7087749,45.8341517],[25.7077669,45.8334075],[25.7074428,45.8328849],[25.7074425,45.8324048],[25.7070541,45.8318181],[25.7070513,45.8316003],[25.7063089,45.8308544],[25.7055908,45.8297574],[25.7052526,45.8294851],[25.7048489,45.8285959],[25.7041487,45.8279869],[25.704227,45.8273328],[25.7034041,45.8259237],[25.7031034,45.8244993],[25.702748,45.8242392],[25.7030368,45.8224258],[25.70267,45.8217099],[25.7027358,45.8209751],[25.7025439,45.8199434],[25.7030171,45.8176528],[25.7030316,45.8163515],[25.7027687,45.8147412],[25.7024144,45.8139074],[25.7023929,45.8120745],[25.7026129,45.8109918],[25.7024788,45.8104197],[25.7027811,45.8101394],[25.7028707,45.8090132],[25.7044374,45.8065221],[25.7042016,45.8056642],[25.7041313,45.804668],[25.7029526,45.803602],[25.7030036,45.8026132],[25.7027489,45.8020862],[25.702185,45.8017467],[25.701657,45.8010439],[25.7013106,45.8010218],[25.7006841,45.8007432],[25.7003605,45.8006968],[25.6994417,45.8010333],[25.6986816,45.8011428],[25.6978915,45.8016157],[25.6968623,45.8014283],[25.6966973,45.8011469],[25.6963545,45.7977113],[25.6963502,45.7973724],[25.6967393,45.7961919],[25.6964391,45.7952496],[25.6959483,45.7947442],[25.6958635,45.794422],[25.6959413,45.7932595],[25.6974596,45.7929032],[25.6977255,45.79295],[25.6981488,45.792673],[25.6974431,45.7899092],[25.6972463,45.7878054],[25.6968267,45.7873974],[25.6963433,45.7862247],[25.6970969,45.786055],[25.6978377,45.7861352],[25.6984378,45.7859218],[25.6986261,45.7838311],[25.698081,45.783331],[25.6977183,45.7815337],[25.6977364,45.7810941],[25.6982236,45.7804372],[25.6994815,45.7799683],[25.6997363,45.7796653],[25.7012414,45.7787523],[25.7017757,45.7779098],[25.7026825,45.7779148],[25.7035629,45.7774837],[25.7039083,45.7774357],[25.7040903,45.7762631],[25.7039321,45.7754253],[25.7042068,45.7750273],[25.7038203,45.7743302],[25.7028935,45.7738451],[25.7027273,45.7737581],[25.7030057,45.7732746],[25.7031203,45.7730719],[25.706206,45.7717985],[25.708048,45.7707752],[25.7081971,45.7709201],[25.7097634,45.7699558],[25.710277,45.7698153],[25.710921,45.7697984],[25.7118324,45.770063],[25.7125074,45.770076],[25.7136717,45.7698711],[25.7146384,45.7701439],[25.71829,45.7699969],[25.7185961,45.7709044],[25.7180597,45.7729073],[25.720668,45.7727536],[25.7211617,45.7722221],[25.7217875,45.7720535],[25.7227608,45.7712708],[25.7229435,45.7709815],[25.7229017,45.7707758],[25.7255693,45.7690949],[25.7262983,45.7690294],[25.7287431,45.769176],[25.7288593,45.7688271],[25.729757,45.7687267],[25.7303281,45.7687941],[25.7320855,45.7700073],[25.7326874,45.7694661],[25.7369416,45.770741],[25.7386887,45.7711295],[25.7397516,45.770369],[25.7418449,45.7691734],[25.743569,45.7700449],[25.7497332,45.7632861],[25.7541353,45.7608385],[25.7545165,45.7609705],[25.7549703,45.7610912],[25.755234,45.7611069],[25.7554743,45.7610822],[25.7559098,45.7609487],[25.756259,45.7607025],[25.7565764,45.7603105],[25.7566415,45.7602648],[25.7567066,45.7602191]]]}},{"type":"Feature","properties":{"entity_id":"osm-r14735738","jurisdiction":"RO","display_name":"CHICHIȘ","display_type":"commune","admin_level":8,"tier":"local","legal_registry":"SIRUTA","legal_id":"64238","legal_type":"commune","parent_catalog_id":"osm-r2248621","osm_relation_id":14735738,"legal_identity_status":"reconciled","geometry_source":"OpenStreetMap","canonical_geometry_role":null,"geometry_scope":null,"geometry_precision":"master_coordinate_fidelity"},"geometry":{"type":"Polygon","coordinates":[[[25.8557281,45.7441361],[25.8557405,45.7441819],[25.8566639,45.7474988],[25.8539574,45.7484612],[25.8531136,45.7512593],[25.854632,45.7508575],[25.855565,45.7520468],[25.8530058,45.7526277],[25.8510878,45.7532701],[25.8474984,45.7550891],[25.8510353,45.7553578],[25.8518016,45.7563332],[25.8530123,45.7571214],[25.8435458,45.7585934],[25.8444579,45.761549],[25.8440325,45.761615],[25.8443737,45.7641176],[25.8463796,45.7640408],[25.8466505,45.7643296],[25.8457377,45.7653679],[25.8479689,45.7668993],[25.845253,45.7690712],[25.8445625,45.7684921],[25.8433241,45.7685426],[25.842738,45.7684493],[25.8417008,45.7677891],[25.8416441,45.7680763],[25.841454,45.7681906],[25.8404363,45.7680608],[25.8386987,45.7681865],[25.8386766,45.7684521],[25.8389924,45.7694505],[25.837337,45.7695483],[25.8375683,45.7690062],[25.8374776,45.7688105],[25.8366956,45.768256],[25.8360835,45.768107],[25.8354241,45.7677221],[25.8350495,45.7670452],[25.835599,45.7662082],[25.8360769,45.7657552],[25.8366166,45.7654689],[25.8378597,45.7652849],[25.8382285,45.7653037],[25.8386433,45.7654633],[25.8388835,45.7656855],[25.8393727,45.7655408],[25.8393926,45.7651171],[25.8390928,45.7647235],[25.8385818,45.7645799],[25.8363504,45.7648569],[25.8351929,45.7646046],[25.8337259,45.7649371],[25.8329521,45.764817],[25.832246,45.7642452],[25.8320566,45.7639008],[25.8320117,45.763536],[25.832292,45.7629202],[25.832302,45.7622275],[25.8316673,45.7617289],[25.8313812,45.7616634],[25.8308838,45.761638],[25.8303475,45.7620311],[25.8302602,45.7625307],[25.830407,45.7625693],[25.8301375,45.7628713],[25.8303966,45.7628413],[25.8306181,45.7632367],[25.8305214,45.7635947],[25.8301593,45.7639612],[25.8298077,45.7641994],[25.8294044,45.7643084],[25.8289094,45.7642849],[25.828181,45.7640789],[25.8275266,45.7636326],[25.827227,45.7632702],[25.8273409,45.7628497],[25.8275202,45.7625622],[25.8283962,45.7621058],[25.8293193,45.7614029],[25.8268621,45.7609488],[25.8256658,45.7605462],[25.824205,45.7596562],[25.8235926,45.7593965],[25.8229061,45.7594725],[25.8223737,45.7599924],[25.8227088,45.7609883],[25.823001,45.7609945],[25.823403,45.7613779],[25.8234338,45.7618642],[25.8226593,45.7629492],[25.8221016,45.7632731],[25.8209815,45.7636032],[25.8227058,45.7653457],[25.8228703,45.7662601],[25.8225996,45.7680808],[25.8225392,45.7699964],[25.8239981,45.77397],[25.8269462,45.7802185],[25.8269808,45.7808933],[25.8264932,45.7821111],[25.8264694,45.7828218],[25.8266472,45.7834824],[25.8271261,45.78431],[25.8264475,45.7846319],[25.8304899,45.7871232],[25.8285304,45.7909442],[25.8280844,45.7912991],[25.8263076,45.7923166],[25.8260274,45.7926274],[25.8260127,45.7931504],[25.8261498,45.7931721],[25.8259688,45.7952633],[25.8258107,45.7955762],[25.8242318,45.7971836],[25.8242112,45.797227],[25.8239692,45.7972312],[25.8170342,45.7972874],[25.8044596,45.7983994],[25.8035339,45.7983826],[25.7972495,45.7993048],[25.7914429,45.7992226],[25.7916039,45.7957791],[25.7915293,45.7942822],[25.7917114,45.7928126],[25.7909355,45.7927754],[25.7909431,45.7926434],[25.7959167,45.7927437],[25.7961371,45.7914984],[25.7947133,45.7895004],[25.7947693,45.7889375],[25.7946414,45.7886231],[25.7912366,45.7885164],[25.7913574,45.7872602],[25.7893781,45.7865591],[25.7868021,45.7854718],[25.786849,45.7843321],[25.7853829,45.7836025],[25.7849736,45.7805896],[25.7851829,45.7796485],[25.7859131,45.778875],[25.7855958,45.777564],[25.7845525,45.7755037],[25.7846214,45.7744746],[25.7844415,45.7742255],[25.782602,45.7723284],[25.7797363,45.7713194],[25.7770444,45.7711697],[25.7757623,45.7691212],[25.7744299,45.7682758],[25.7740647,45.767838],[25.7736602,45.7676288],[25.7723401,45.7675101],[25.7720954,45.7673983],[25.7719229,45.7667867],[25.7719994,45.7660944],[25.7720987,45.7659207],[25.7727255,45.7655619],[25.7728122,45.765271],[25.7727349,45.7650936],[25.7716388,45.7650448],[25.7713186,45.7651055],[25.7706418,45.7656019],[25.7703123,45.7656787],[25.7680813,45.76551],[25.7676971,45.7655902],[25.7673393,45.7658767],[25.7668225,45.7659456],[25.7664104,45.7658847],[25.7662167,45.7656642],[25.766758,45.7652414],[25.7667774,45.7647712],[25.7661029,45.7645189],[25.7656648,45.7642273],[25.7651851,45.7641947],[25.7645796,45.7643024],[25.7643361,45.7642218],[25.7639034,45.7637828],[25.7636026,45.7638461],[25.7632465,45.7641803],[25.7630026,45.7641912],[25.761761,45.7633095],[25.7616551,45.7630406],[25.7617422,45.7624896],[25.7615722,45.7623264],[25.7610487,45.7622497],[25.7605118,45.7623855],[25.7599849,45.7624021],[25.7596374,45.7622432],[25.7595862,45.7619933],[25.7599296,45.7616047],[25.7605339,45.761353],[25.7611262,45.7614633],[25.761357,45.7613346],[25.761268,45.7611535],[25.7604775,45.7608235],[25.7602367,45.7604208],[25.7598864,45.7602897],[25.7590533,45.760687],[25.7583775,45.7604142],[25.757593,45.7604481],[25.7569592,45.7602105],[25.7567393,45.7602174],[25.7567066,45.7602191],[25.7568768,45.7600997],[25.7569696,45.760033],[25.7571868,45.759926],[25.7575674,45.759792],[25.757611,45.7597805],[25.7577035,45.7597689],[25.7581174,45.7597778],[25.7583513,45.7597432],[25.758471,45.7597353],[25.7586562,45.7597389],[25.7587542,45.7597311],[25.7588603,45.75971],[25.7590098,45.759664],[25.7591948,45.7596218],[25.7592545,45.7596027],[25.7594855,45.7595089],[25.7597327,45.7593827],[25.7599823,45.7591994],[25.7601775,45.7590313],[25.7602371,45.7589702],[25.7603481,45.758829],[25.7603832,45.7587641],[25.7603993,45.7587069],[25.7603959,45.7585849],[25.7603491,45.7584477],[25.7602887,45.7583487],[25.7602886,45.7583335],[25.7602227,45.7582115],[25.7601322,45.7580821],[25.7600361,45.7578991],[25.7599754,45.7577467],[25.7599477,45.7576476],[25.7599366,45.7575638],[25.7599413,45.7574418],[25.7599629,45.7573903],[25.7599872,45.7573579],[25.7600984,45.7572719],[25.7601745,45.7572432],[25.7602943,45.7572259],[25.7603813,45.7571952],[25.7605877,45.7571072],[25.76074,45.7570765],[25.7608706,45.7570649],[25.7610176,45.7570265],[25.7611971,45.7570034],[25.7614695,45.7570144],[25.7615892,45.7570256],[25.7616547,45.7570408],[25.7617309,45.7570445],[25.7617417,45.7570406],[25.7618181,45.7570596],[25.7619163,45.7570976],[25.76208,45.7571927],[25.7622547,45.7572534],[25.7623529,45.7572971],[25.7625819,45.7573673],[25.7627235,45.7574014],[25.7628435,45.7574202],[25.7629306,45.7574201],[25.7630231,45.7574086],[25.7631536,45.7573664],[25.7632733,45.7573434],[25.7634172,45.7572821],[25.7635259,45.757219],[25.7637293,45.7570682],[25.7638461,45.7569994],[25.7639682,45.7569134],[25.7641963,45.7567987],[25.7642506,45.7567776],[25.764343,45.7567222],[25.7644787,45.7566552],[25.7646745,45.7565901],[25.7648267,45.756548],[25.7649791,45.7565115],[25.7652673,45.7564577],[25.7653762,45.7564461],[25.7656702,45.7564418],[25.7657459,45.7564498],[25.7658009,45.7564512],[25.7659425,45.7564738],[25.7660189,45.7564927],[25.7660844,45.7565155],[25.7661499,45.7565478],[25.7662564,45.756624],[25.7663165,45.7566772],[25.7663795,45.7567496],[25.7663823,45.7567801],[25.7664374,45.7569096],[25.7664734,45.7570315],[25.7664686,45.7571688],[25.7664419,45.7572833],[25.766275,45.7576571],[25.7661973,45.7579165],[25.7661903,45.7581529],[25.766126,45.7583894],[25.7661209,45.7584351],[25.7661212,45.7585266],[25.7661323,45.7585647],[25.7661461,45.7585952],[25.7661816,45.758639],[25.7662527,45.7586847],[25.7663291,45.7587113],[25.7665471,45.7587623],[25.7667215,45.7587849],[25.7668522,45.7587924],[25.767002,45.7587921],[25.7672115,45.7587766],[25.7674863,45.7587343],[25.7676196,45.7587035],[25.7679025,45.7586687],[25.7684579,45.7586603],[25.7688555,45.7586901],[25.7689427,45.7587053],[25.7690409,45.7587356],[25.7690845,45.7587546],[25.769202,45.7588288],[25.7693661,45.7589867],[25.7694483,45.7590857],[25.7694483,45.759101],[25.7695224,45.7592152],[25.7695831,45.7593905],[25.7696271,45.7594896],[25.7696523,45.7596116],[25.7696827,45.7596972],[25.769768,45.7599088],[25.769801,45.7599697],[25.7698804,45.7600572],[25.7699571,45.7601258],[25.7703122,45.7603769],[25.7705196,45.7604681],[25.7705796,45.7605022],[25.7708304,45.7605648],[25.7711629,45.7606214],[25.7712936,45.7606346],[25.7714461,45.7606286],[25.7715548,45.760617],[25.7717018,45.7605881],[25.7717344,45.7605729],[25.7718486,45.7605403],[25.7719301,45.760502],[25.772063,45.7604065],[25.772307,45.7602079],[25.7724046,45.7601009],[25.7725184,45.7599921],[25.7726672,45.7598088],[25.7729246,45.7595511],[25.7729571,45.7595205],[25.7731986,45.7593524],[25.77328,45.7593103],[25.7733507,45.7592835],[25.7734486,45.7592548],[25.7735573,45.7592355],[25.7736445,45.7592316],[25.7737316,45.759241],[25.7738625,45.7592789],[25.7739362,45.759315],[25.7740675,45.7594349],[25.7741444,45.7595472],[25.7741608,45.7595853],[25.774161,45.7596234],[25.7741832,45.7596939],[25.7742409,45.7598139],[25.7742686,45.759913],[25.7743347,45.760073],[25.7743653,45.7601797],[25.7744974,45.760477],[25.7745306,45.7605837],[25.7745966,45.7607208],[25.7747285,45.7609512],[25.7748601,45.7611188],[25.7749667,45.7612253],[25.7751144,45.7613547],[25.7752424,45.7614483],[25.7752674,45.7614727],[25.7754695,45.7615886],[25.7754859,45.7616038],[25.7755187,45.7616133],[25.7757643,45.7617387],[25.7758844,45.7617805],[25.7760151,45.7617955],[25.776342,45.761816],[25.7764944,45.7618139],[25.7767665,45.7617943],[25.7768835,45.761775],[25.7769461,45.7617578],[25.7770656,45.7617175],[25.7772449,45.7616353],[25.7773482,45.7615818],[25.7774702,45.7614996],[25.777996,45.7610088],[25.7781476,45.7608255],[25.7782692,45.7606595],[25.7783505,45.7605755],[25.7784698,45.7604742],[25.7786706,45.7603328],[25.7788063,45.7602564],[25.778866,45.7602315],[25.779127,45.7601586],[25.779176,45.7601395],[25.7794044,45.7600743],[25.7795023,45.7600531],[25.7796546,45.7600338],[25.7796873,45.7600242],[25.7797179,45.7600262],[25.7798214,45.7600622],[25.7799738,45.7600486],[25.7804147,45.7600361],[25.7805998,45.7600548],[25.7809377,45.7601188],[25.7810249,45.7601262],[25.7814063,45.7601883],[25.7815371,45.7602223],[25.7818535,45.7603399],[25.7820827,45.7604385],[25.7822301,45.7605239],[25.7825688,45.7607711],[25.7827763,45.7608868],[25.7829238,45.76098],[25.783085,45.761094],[25.7831588,45.7611625],[25.7832356,45.761269],[25.7832742,45.7613452],[25.7832964,45.7614462],[25.783324,45.7615129],[25.7833406,45.7615815],[25.7833635,45.761772],[25.7833347,45.7620009],[25.7832028,45.762291],[25.7830868,45.7625123],[25.7830413,45.7626574],[25.7829827,45.7629091],[25.7829706,45.7631913],[25.7829962,45.763382],[25.7830209,45.7634505],[25.7830456,45.763481],[25.7831253,45.7636238],[25.7832431,45.7637645],[25.7833143,45.7638312],[25.7834017,45.7638957],[25.7835818,45.7640021],[25.7838218,45.7640817],[25.7840725,45.7641193],[25.7842794,45.7641226],[25.7844998,45.7641126],[25.7846249,45.764097],[25.7848343,45.7640546],[25.7852476,45.7639545],[25.7855413,45.7638929],[25.7856664,45.7638697],[25.7857697,45.7638599],[25.7859329,45.7638291],[25.7859874,45.763829],[25.7861125,45.7638115],[25.7861778,45.7638114],[25.7862268,45.7638036],[25.7862486,45.7638074],[25.7865478,45.7637801],[25.7868255,45.7637756],[25.7869017,45.7637811],[25.7873049,45.7638298],[25.7875339,45.7638827],[25.7876537,45.7639015],[25.7878063,45.7639392],[25.7880245,45.7640074],[25.7880681,45.7640282],[25.7883409,45.764123],[25.7883517,45.7641172],[25.7885044,45.7641683],[25.7889082,45.7643351],[25.7890172,45.7643673],[25.7891374,45.7644262],[25.789301,45.7644811],[25.7897152,45.7645773],[25.7899113,45.7645788],[25.7900636,45.764567],[25.7901833,45.7645515],[25.79039,45.7645129],[25.7906103,45.7644571],[25.7907978,45.7643957],[25.7909581,45.7643552],[25.7909879,45.7643399],[25.7910152,45.7643379],[25.7912026,45.7642422],[25.7914222,45.7640968],[25.7916769,45.7638808],[25.7917473,45.7638101],[25.7918287,45.763747],[25.7919315,45.7636324],[25.7921017,45.7633822],[25.7921531,45.7633269],[25.7923429,45.7631719],[25.7924051,45.7631108],[25.7926243,45.7628682],[25.7926513,45.7628281],[25.7926594,45.7627956],[25.7926565,45.7627842],[25.792621,45.7627633],[25.7924955,45.7627045],[25.7924163,45.7626571],[25.7920587,45.7624729],[25.7915644,45.7621843],[25.7913923,45.7620475],[25.7911651,45.7618192],[25.7910144,45.7616289],[25.7907675,45.7612863],[25.7907291,45.7612025],[25.7906577,45.7610959],[25.7887906,45.7559908],[25.7883348,45.7547031],[25.7878589,45.7535666],[25.7888866,45.7534171],[25.7896025,45.7533267],[25.7907604,45.7531614],[25.7937026,45.7527603],[25.7952987,45.7525469],[25.7964976,45.7523976],[25.8006276,45.7518367],[25.8039994,45.7513964],[25.8057022,45.7511641],[25.8073838,45.7509469],[25.8093281,45.7506888],[25.8112701,45.7504233],[25.8139624,45.7500804],[25.8147851,45.7499801],[25.8158917,45.7498253],[25.8176803,45.7496102],[25.8196138,45.749352],[25.820981,45.7491639],[25.8212783,45.7491453],[25.8226521,45.748963],[25.8242948,45.7487354],[25.8284074,45.748184],[25.8311332,45.747806],[25.8332358,45.7475477],[25.8335214,45.7478901],[25.8324696,45.7503339],[25.8321401,45.7522984],[25.832867,45.7523401],[25.8335356,45.7515064],[25.8382729,45.7515254],[25.83886,45.7516653],[25.8391336,45.750541],[25.839025,45.7501628],[25.8384688,45.7499242],[25.8377149,45.7498653],[25.8376107,45.7497037],[25.837665,45.7493539],[25.8381121,45.7486027],[25.8376901,45.7476567],[25.8394322,45.7471985],[25.8401148,45.7468008],[25.8405941,45.7461439],[25.8410747,45.7459264],[25.8410737,45.7455076],[25.8416912,45.7443211],[25.8428535,45.7432963],[25.8438149,45.7427066],[25.8449779,45.7422624],[25.8499692,45.7388732],[25.8523217,45.7407895],[25.8522507,45.740844],[25.85473,45.7439114],[25.8555047,45.7440608],[25.8557281,45.7441361]]]}},{"type":"Feature","properties":{"entity_id":"osm-r14735739","jurisdiction":"RO","display_name":"DOBÂRLĂU","display_type":"commune","admin_level":8,"tier":"local","legal_registry":"SIRUTA","legal_id":"64265","legal_type":"commune","parent_catalog_id":"osm-r2248621","osm_relation_id":14735739,"legal_identity_status":"reconciled","geometry_source":"OpenStreetMap","canonical_geometry_role":null,"geometry_scope":null,"geometry_precision":"master_coordinate_fidelity"},"geometry":{"type":"Polygon","coordinates":[[[25.9674992,45.7428828],[25.9669887,45.7430113],[25.965,45.7435513],[25.9607101,45.7441121],[25.9597527,45.744314],[25.9580447,45.744431],[25.9539844,45.7441343],[25.953366,45.7441623],[25.9525635,45.7443644],[25.9512603,45.7450671],[25.9468406,45.7453727],[25.9448425,45.7448485],[25.9430625,45.7453595],[25.9424955,45.7453179],[25.941099,45.7448938],[25.9404997,45.7450031],[25.9395706,45.7453807],[25.9390335,45.7454263],[25.9380599,45.7453716],[25.9346227,45.744752],[25.9329971,45.7448722],[25.9324056,45.7451364],[25.9319899,45.7454807],[25.9314492,45.7461719],[25.9313575,45.7472105],[25.9310389,45.7477116],[25.9312159,45.7487378],[25.9309096,45.7493521],[25.9308434,45.7497338],[25.9309252,45.7498066],[25.9286749,45.7512734],[25.9269201,45.7519822],[25.9262167,45.7523691],[25.9226267,45.7530815],[25.9215593,45.7534149],[25.9205967,45.7542302],[25.9193802,45.754367],[25.9165121,45.7544382],[25.9158205,45.7546964],[25.914167,45.7549682],[25.9127263,45.7546635],[25.9115106,45.7546683],[25.9095105,45.754444],[25.908884,45.7545087],[25.9068725,45.7543483],[25.904556,45.7543226],[25.9040947,45.75423],[25.9027475,45.7530974],[25.9017678,45.7521039],[25.9012591,45.7513836],[25.901377,45.7511483],[25.9002724,45.7512138],[25.9000091,45.7511568],[25.8975416,45.7511875],[25.8972141,45.7513139],[25.8955749,45.7513606],[25.8949522,45.7511347],[25.8923916,45.7496597],[25.8914969,45.7486669],[25.8903485,45.7482875],[25.8901042,45.7480888],[25.8893268,45.7479168],[25.8883758,45.7480577],[25.8876813,45.7480075],[25.8873869,45.7481312],[25.8865484,45.7481175],[25.8859913,45.748987],[25.885586,45.7489496],[25.884448,45.750112],[25.8831242,45.7504866],[25.8822144,45.7505391],[25.8815761,45.7503923],[25.8804197,45.7503861],[25.8797086,45.7502094],[25.8783986,45.750088],[25.877252,45.7497831],[25.8756152,45.7491025],[25.874439,45.7492178],[25.8741258,45.7490583],[25.8739875,45.749232],[25.8728174,45.7491471],[25.8719565,45.7493747],[25.8720182,45.749465],[25.8698696,45.7499468],[25.8694064,45.750141],[25.8689209,45.749596],[25.868758,45.7491531],[25.8687629,45.7486995],[25.8689775,45.7480642],[25.8689453,45.7477215],[25.8685494,45.7469704],[25.8687185,45.7452006],[25.8674002,45.7420041],[25.8654271,45.7421116],[25.8641977,45.74233],[25.8610465,45.7432328],[25.8585795,45.7441513],[25.8572334,45.7445365],[25.8557281,45.7441361],[25.8555047,45.7440608],[25.85473,45.7439114],[25.8522507,45.740844],[25.8523217,45.7407895],[25.8499692,45.7388732],[25.8449779,45.7422624],[25.8438149,45.7427066],[25.8428535,45.7432963],[25.8416912,45.7443211],[25.8410737,45.7455076],[25.8410747,45.7459264],[25.8405941,45.7461439],[25.8401148,45.7468008],[25.8394322,45.7471985],[25.8376901,45.7476567],[25.8381121,45.7486027],[25.837665,45.7493539],[25.8376107,45.7497037],[25.8377149,45.7498653],[25.8384688,45.7499242],[25.839025,45.7501628],[25.8391336,45.750541],[25.83886,45.7516653],[25.8382729,45.7515254],[25.8335356,45.7515064],[25.832867,45.7523401],[25.8321401,45.7522984],[25.8324696,45.7503339],[25.8335214,45.7478901],[25.8332358,45.7475477],[25.8328522,45.7470242],[25.8315392,45.7465228],[25.8314363,45.7462025],[25.8315621,45.745255],[25.830449,45.7443957],[25.8299944,45.7438556],[25.8302873,45.7425058],[25.8267695,45.7429749],[25.8265664,45.7419855],[25.8268624,45.7406415],[25.8291566,45.7386772],[25.8294506,45.7380869],[25.8293867,45.7367843],[25.8267029,45.7372763],[25.8266537,45.7331229],[25.8264725,45.7322687],[25.826174,45.7322379],[25.8210822,45.7333101],[25.8208183,45.7320052],[25.822811,45.7301377],[25.8228687,45.729908],[25.8226871,45.7294356],[25.8227203,45.7287311],[25.8219215,45.7274038],[25.8216003,45.7257987],[25.8325434,45.7234583],[25.8371337,45.7223802],[25.8373037,45.7226525],[25.8372703,45.7234165],[25.8367513,45.7239332],[25.8362892,45.7247354],[25.8368761,45.7263305],[25.8371668,45.7266512],[25.838123,45.7272052],[25.8386429,45.7277169],[25.83899,45.7288777],[25.8403762,45.7303937],[25.8403808,45.7305595],[25.8399988,45.7307966],[25.841095,45.7306175],[25.8409604,45.7294256],[25.8425381,45.7293354],[25.8427902,45.7295828],[25.8466345,45.7266306],[25.8492715,45.7253721],[25.8508257,45.7244476],[25.8521223,45.7239484],[25.8543056,45.722542],[25.854232,45.7223423],[25.8543864,45.7222602],[25.852027,45.7195252],[25.851602,45.7187958],[25.853871,45.7180526],[25.8539984,45.7176967],[25.8544825,45.7176267],[25.8545502,45.7170867],[25.8567443,45.7171193],[25.8567384,45.7150468],[25.8575775,45.7121631],[25.8580665,45.7116139],[25.8581847,45.7112957],[25.8583218,45.7096668],[25.8588054,45.7089648],[25.859228,45.7087223],[25.8594972,45.708247],[25.8603604,45.7077101],[25.8616137,45.7074178],[25.8633011,45.7072543],[25.8643513,45.706984],[25.8652991,45.7064432],[25.8661756,45.7063885],[25.8678124,45.7074069],[25.8685046,45.7080208],[25.8694869,45.7085533],[25.8705436,45.7087487],[25.8716352,45.7092002],[25.8740377,45.7092077],[25.8745592,45.7092538],[25.8752994,45.709498],[25.8767137,45.7095945],[25.8781727,45.7104032],[25.8784417,45.7104256],[25.8787725,45.7106262],[25.8797386,45.7109077],[25.880336,45.7108377],[25.8813017,45.7095345],[25.8816519,45.7093467],[25.8827346,45.7095343],[25.8835904,45.7094369],[25.8848016,45.7097804],[25.8872615,45.7099333],[25.8894679,45.7099331],[25.8909581,45.7093962],[25.8916128,45.7094412],[25.8919029,45.7095852],[25.8934425,45.7098878],[25.894651,45.709922],[25.8957909,45.7101829],[25.8998824,45.7099793],[25.9010155,45.7102905],[25.9018205,45.7106772],[25.9028143,45.7107933],[25.9071891,45.7104417],[25.9078741,45.710241],[25.9083464,45.7102617],[25.9095936,45.7095537],[25.9102166,45.7094348],[25.9107502,45.7095871],[25.9124292,45.7092802],[25.9134417,45.709223],[25.9134722,45.7080506],[25.9133117,45.7077008],[25.9133839,45.7067795],[25.9137106,45.705752],[25.9138584,45.7034507],[25.9141773,45.702441],[25.917784,45.7029728],[25.9185583,45.702864],[25.9203534,45.7028576],[25.9209078,45.7026506],[25.922929,45.7023607],[25.9236701,45.7021544],[25.9251085,45.7014298],[25.9255675,45.7009218],[25.9265133,45.7001861],[25.9279981,45.6996912],[25.9289762,45.698931],[25.9294733,45.698817],[25.9299782,45.6984794],[25.9300244,45.6978804],[25.9308948,45.6972202],[25.93307,45.6962926],[25.9333938,45.6960547],[25.933591,45.6954834],[25.9341738,45.6950909],[25.9341827,45.6949067],[25.9363986,45.6939837],[25.9376558,45.6930126],[25.9392093,45.6926328],[25.9410567,45.6917605],[25.9423018,45.6914412],[25.9462711,45.6910257],[25.9477483,45.6905827],[25.9482015,45.6899599],[25.9504963,45.6897127],[25.9528703,45.6899578],[25.9534819,45.6899201],[25.9536922,45.6896959],[25.9543575,45.6893493],[25.9559676,45.6892793],[25.9574567,45.6887882],[25.9580059,45.6883306],[25.958875,45.6879694],[25.9604544,45.687827],[25.9619428,45.6872467],[25.9631334,45.6872699],[25.9631336,45.6872699],[25.9639328,45.6872094],[25.964693,45.6873087],[25.9655056,45.6872039],[25.9658439,45.6873534],[25.9684723,45.6882091],[25.9716071,45.6875899],[25.9779181,45.6912091],[25.9784402,45.6932477],[25.9778591,45.6943349],[25.9771585,45.6985095],[25.9761167,45.7000435],[25.9729418,45.7023572],[25.9683328,45.7063495],[25.9683219,45.7080304],[25.9703252,45.7108602],[25.9745791,45.7121597],[25.9710021,45.718801],[25.9701878,45.7235532],[25.9713315,45.7251062],[25.9696723,45.7319767],[25.9672259,45.7335093],[25.9665354,45.7345689],[25.9664974,45.735058],[25.9667996,45.7363914],[25.9677381,45.7384493],[25.9676426,45.7399467],[25.9679898,45.7410577],[25.9680785,45.7419753],[25.9674992,45.7428828]]]}},{"type":"Feature","properties":{"entity_id":"osm-r14735740","jurisdiction":"RO","display_name":"BRATEȘ","display_type":"commune","admin_level":8,"tier":"local","legal_registry":"SIRUTA","legal_id":"64005","legal_type":"commune","parent_catalog_id":"osm-r2248621","osm_relation_id":14735740,"legal_identity_status":"reconciled","geometry_source":"OpenStreetMap","canonical_geometry_role":null,"geometry_scope":null,"geometry_precision":"master_coordinate_fidelity"},"geometry":{"type":"Polygon","coordinates":[[[26.1195532,45.8151911],[26.1198709,45.8159701],[26.1201887,45.8167491],[26.1221802,45.8191857],[26.1250175,45.818323],[26.1267041,45.8198783],[26.1265317,45.8200846],[26.1264313,45.8207948],[26.1266321,45.8224128],[26.1283024,45.8240647],[26.1298679,45.8253117],[26.1299731,45.8257006],[26.1297668,45.8259997],[26.1298316,45.8262086],[26.1284698,45.8267394],[26.1262765,45.8278053],[26.1252397,45.8279159],[26.1250963,45.8280258],[26.1258489,45.8286841],[26.1270978,45.8301495],[26.1277901,45.8306397],[26.1284513,45.8314608],[26.128836,45.8316237],[26.1299068,45.8315757],[26.1304066,45.8317061],[26.1302833,45.8321675],[26.1294622,45.8319244],[26.1261801,45.8352219],[26.1302152,45.8370725],[26.1319641,45.837277],[26.1314603,45.8387466],[26.1280724,45.8385718],[26.1259275,45.8382271],[26.1247011,45.8399334],[26.1243944,45.839834],[26.1206592,45.8463903],[26.1201782,45.8462937],[26.1191126,45.8468326],[26.1184059,45.846968],[26.1175375,45.8473748],[26.1174468,45.8477149],[26.1162151,45.8484166],[26.1123081,45.8486503],[26.1090357,45.8484689],[26.1010356,45.8472271],[26.1002892,45.8485782],[26.099501,45.8491502],[26.1003087,45.8494429],[26.1006938,45.8500013],[26.1011183,45.8501421],[26.1010399,45.8502946],[26.1016682,45.8504245],[26.1013602,45.8510952],[26.1050417,45.8517831],[26.0953002,45.8576124],[26.0938368,45.8570606],[26.0913593,45.8569078],[26.0927166,45.8588155],[26.0891607,45.8609025],[26.0888442,45.8611809],[26.0888099,45.8616971],[26.0894892,45.863126],[26.0893344,45.8644318],[26.0883468,45.8645217],[26.0878705,45.8650222],[26.0875039,45.8651081],[26.0864908,45.8650396],[26.0859235,45.8648899],[26.0853181,45.8649776],[26.0849996,45.8651585],[26.084661,45.8657085],[26.0841199,45.8661377],[26.0831239,45.866416],[26.0828084,45.8666362],[26.0820782,45.8675606],[26.0812622,45.8677999],[26.0801802,45.8678817],[26.0797541,45.8679983],[26.0790753,45.8683562],[26.0782442,45.868278],[26.0770233,45.8679908],[26.0751274,45.868529],[26.074347,45.8684019],[26.0729561,45.8685247],[26.0725788,45.8684844],[26.071802,45.8680329],[26.0712334,45.8679259],[26.0706927,45.8679808],[26.0700466,45.8683986],[26.0698386,45.8683655],[26.0693591,45.8680424],[26.0695404,45.8674675],[26.0691962,45.866495],[26.0677302,45.8657537],[26.0659502,45.8652925],[26.06432,45.8654133],[26.063389,45.8653338],[26.0605461,45.8657736],[26.0583994,45.8659751],[26.0567826,45.8663642],[26.0564777,45.8666737],[26.0563856,45.8667672],[26.0560883,45.8667526],[26.0553148,45.8672011],[26.0549608,45.8678894],[26.0542991,45.8685259],[26.0537679,45.8687493],[26.0533465,45.8687364],[26.0530175,45.8685167],[26.0526535,45.8680367],[26.0523572,45.8666821],[26.0520233,45.8662018],[26.0514453,45.8658583],[26.0506484,45.865706],[26.0502222,45.8657561],[26.0495326,45.8661911],[26.0493222,45.8662015],[26.0491383,45.8660183],[26.049095,45.8653168],[26.0488911,45.8650287],[26.0485259,45.8648009],[26.0479754,45.8646379],[26.0471797,45.8645527],[26.0469523,45.8646137],[26.0466163,45.8649824],[26.0464749,45.8657822],[26.0459905,45.8665725],[26.0447455,45.8672269],[26.0439287,45.8673016],[26.0431635,45.8669136],[26.0417275,45.8666871],[26.0412855,45.8662121],[26.0412679,45.8659138],[26.0414549,45.8656222],[26.0417715,45.8655016],[26.0420303,45.8655076],[26.043117,45.8660356],[26.0434349,45.8659907],[26.0438342,45.8654701],[26.043709,45.8648871],[26.0430218,45.86449],[26.0420012,45.8642723],[26.0413114,45.8637365],[26.0409118,45.8632779],[26.0396857,45.8626881],[26.0391559,45.8616969],[26.0389432,45.860934],[26.038547,45.8603324],[26.038334,45.8601999],[26.0373103,45.8598141],[26.0367122,45.8593489],[26.036088,45.8590982],[26.0349699,45.8591377],[26.0342036,45.859006],[26.032657,45.8589654],[26.0322826,45.8588847],[26.0319356,45.8586609],[26.0315141,45.8579839],[26.03199,45.8570508],[26.0322869,45.8568464],[26.032803,45.8567829],[26.03338,45.8557859],[26.0335153,45.8553014],[26.0334674,45.854663],[26.0332398,45.8543877],[26.0326118,45.8539311],[26.031893,45.8537611],[26.0316495,45.8536036],[26.03131,45.8537596],[26.0302086,45.8539006],[26.0274894,45.8519808],[26.0280346,45.8516186],[26.0246349,45.8493273],[26.0232484,45.8487085],[26.0223674,45.8480342],[26.0211546,45.8464511],[26.0202021,45.8448765],[26.0212604,45.8441554],[26.0219019,45.8438835],[26.0222944,45.8435582],[26.0258153,45.8429591],[26.0260685,45.8432644],[26.0304151,45.8417806],[26.0401875,45.8424699],[26.0432145,45.8424558],[26.0461195,45.8426737],[26.0461185,45.8426023],[26.0467845,45.8426486],[26.0470113,45.8386646],[26.0464054,45.8385496],[26.046452,45.8372792],[26.0466749,45.8371051],[26.0465936,45.8348965],[26.0464604,45.834873],[26.0455623,45.829912],[26.0492614,45.8300432],[26.0440697,45.8217558],[26.0440337,45.8217057],[26.0507115,45.821021],[26.0491655,45.8137659],[26.0535815,45.8131256],[26.0575404,45.8124241],[26.0577555,45.8139166],[26.0655804,45.8142589],[26.0658905,45.8157594],[26.0709615,45.8142192],[26.0710067,45.8148607],[26.0777769,45.8146007],[26.0878551,45.813594],[26.0882416,45.8134336],[26.0901233,45.8136335],[26.0920189,45.8140006],[26.093597,45.814416],[26.0967782,45.8157486],[26.0982027,45.8162547],[26.0991058,45.8149756],[26.0997774,45.8130563],[26.1001153,45.8145982],[26.1008587,45.8154915],[26.1015481,45.8170135],[26.1023361,45.818031],[26.103749,45.817228],[26.1043536,45.8166691],[26.108161,45.8124004],[26.1097822,45.8085203],[26.1122301,45.8096597],[26.111952,45.8106712],[26.1120474,45.8107393],[26.1132846,45.8112801],[26.1135439,45.8109682],[26.1140109,45.8126408],[26.1141517,45.8143722],[26.1150173,45.8142833],[26.1153498,45.8140944],[26.116889,45.8136152],[26.1177752,45.8136746],[26.1186914,45.8134676],[26.1190345,45.813926],[26.1195206,45.8151112],[26.1195532,45.8151911]]]}},{"type":"Feature","properties":{"entity_id":"osm-r14735741","jurisdiction":"RO","display_name":"VALEA MARE","display_type":"commune","admin_level":8,"tier":"local","legal_registry":"SIRUTA","legal_id":"65099","legal_type":"commune","parent_catalog_id":"osm-r2248621","osm_relation_id":14735741,"legal_identity_status":"reconciled","geometry_source":"OpenStreetMap","canonical_geometry_role":null,"geometry_scope":null,"geometry_precision":"master_coordinate_fidelity"},"geometry":{"type":"Polygon","coordinates":[[[25.9685618,45.7443785],[25.9716471,45.7454509],[25.9738547,45.7456184],[25.9778443,45.7480688],[25.9795951,45.7466275],[25.9826068,45.7458194],[25.9835113,45.7448914],[25.9856427,45.7463913],[25.9872682,45.745319],[25.9869077,45.7435278],[25.9900497,45.7426724],[25.9940912,45.7421748],[26.0004512,45.7411188],[26.0024164,45.7381076],[26.0049222,45.7383578],[26.0093433,45.7377446],[26.0139146,45.7360014],[26.02107,45.73642],[26.0234854,45.7366466],[26.0277992,45.7364628],[26.0315761,45.7358553],[26.0341885,45.7305246],[26.0344252,45.7294819],[26.0346585,45.7280525],[26.0348275,45.728159],[26.0350828,45.7280667],[26.0357529,45.7281686],[26.036086,45.7281115],[26.0362265,45.7273723],[26.0365011,45.7269378],[26.036916,45.7250621],[26.036885,45.7247744],[26.0369999,45.7247373],[26.0375031,45.7227708],[26.0374333,45.7224744],[26.0378435,45.7217327],[26.0425452,45.7216808],[26.0423963,45.7233381],[26.0441826,45.7233578],[26.0443163,45.7236355],[26.0467425,45.7235143],[26.0468206,45.7235675],[26.0471533,45.7234925],[26.048414,45.7235709],[26.0489772,45.7234577],[26.052096,45.723267],[26.0519848,45.723502],[26.0520656,45.7236992],[26.0515017,45.7251444],[26.0502691,45.7272437],[26.0497655,45.7284813],[26.049198,45.7304215],[26.0487175,45.7315239],[26.0480828,45.7346796],[26.0481499,45.735516],[26.0477626,45.7361045],[26.0477088,45.736663],[26.0475116,45.7371148],[26.0479857,45.7390904],[26.0476286,45.7399217],[26.047849,45.7413956],[26.0478,45.742206],[26.0475453,45.7430183],[26.0477086,45.7455548],[26.0480503,45.7466406],[26.0484983,45.7472215],[26.0495657,45.7479316],[26.0497717,45.7493157],[26.050066,45.7499249],[26.050274,45.750049],[26.0513836,45.7502638],[26.0518761,45.7504752],[26.0524615,45.7511761],[26.0525999,45.7513501],[26.0521037,45.7513241],[26.051328,45.7509245],[26.0508873,45.7509196],[26.0507959,45.7507064],[26.0505302,45.7505989],[26.0496803,45.7508782],[26.0489046,45.7508812],[26.04841,45.7510497],[26.0475394,45.751536],[26.0313268,45.7497085],[26.0294188,45.7497258],[26.0285063,45.7506467],[26.0268869,45.7527917],[26.0230798,45.7563628],[26.0227668,45.7568473],[26.0231765,45.7576084],[26.0227218,45.7579009],[26.0221413,45.7580381],[26.0211382,45.7580858],[26.0205822,45.758367],[26.0202699,45.758673],[26.0201098,45.7590558],[26.0200876,45.759546],[26.0203891,45.7600565],[26.0202928,45.7601407],[26.0197086,45.7598522],[26.0191986,45.7593823],[26.019552,45.7601614],[26.0204201,45.761476],[26.0203566,45.7615385],[26.0201733,45.7615615],[26.0194143,45.7609925],[26.0175986,45.7601234],[26.0181687,45.7605914],[26.0195326,45.7627592],[26.0198878,45.7627719],[26.0206643,45.7623644],[26.0209188,45.7625121],[26.0195904,45.7635128],[26.0192493,45.7636289],[26.0186661,45.7634966],[26.0180949,45.7630057],[26.0184314,45.7639212],[26.0186565,45.764142],[26.0189063,45.7642492],[26.0193501,45.7642475],[26.0202962,45.7638217],[26.0206455,45.7637554],[26.0206792,45.7636292],[26.0209052,45.7635016],[26.0213038,45.7637073],[26.0217666,45.7643086],[26.0219251,45.7639686],[26.0224313,45.7635498],[26.0227367,45.7635243],[26.0226482,45.7637828],[26.0223857,45.7640207],[26.0222598,45.765271],[26.0219101,45.7656388],[26.0217204,45.7661835],[26.0219357,45.7663862],[26.0230307,45.7665196],[26.0230424,45.766672],[26.0223642,45.7667781],[26.0222104,45.7669556],[26.0222549,45.7671957],[26.0224197,45.7673211],[26.022453,45.7677975],[26.02298,45.7683783],[26.0231489,45.7683768],[26.0234108,45.7681689],[26.0237149,45.7680922],[26.0235219,45.7684557],[26.023856,45.7687404],[26.023955,45.7690109],[26.0238391,45.7693324],[26.0249343,45.7700345],[26.0251489,45.7706277],[26.0240143,45.7717252],[26.0240328,45.7720954],[26.0249171,45.7723592],[26.0248086,45.7725739],[26.0232831,45.7734972],[26.0227606,45.7742365],[26.0227579,45.7746582],[26.0236089,45.7759439],[26.0236639,45.776681],[26.0239482,45.7770694],[26.0241137,45.7781083],[26.0240304,45.7783372],[26.0237678,45.7785523],[26.0237294,45.778814],[26.0249042,45.7803841],[26.0257888,45.7809238],[26.0262265,45.78404],[26.0259304,45.7864907],[26.0255755,45.7873992],[26.0245663,45.7884239],[26.0242417,45.7892239],[26.0238185,45.7895932],[26.0230466,45.7898485],[26.0212968,45.7907263],[26.0206798,45.7909076],[26.020048,45.7909154],[26.0174689,45.7917219],[26.0166835,45.7923341],[26.0158898,45.7932821],[26.0144601,45.7940387],[26.014351,45.7946246],[26.0145327,45.79601],[26.0145093,45.7961596],[26.0142143,45.7962812],[26.0147634,45.7964272],[26.0155903,45.7963486],[26.0165952,45.7977041],[26.0146801,45.7977187],[26.014292,45.7978059],[26.0143358,45.7979653],[26.0142196,45.7980356],[26.0133237,45.7978616],[26.012806,45.798805],[26.0121943,45.7994847],[26.0112922,45.8007834],[26.008324,45.8004856],[26.0073168,45.8010505],[26.005185,45.8002994],[26.0037204,45.8009812],[26.0035564,45.8011799],[26.0031438,45.8011264],[26.0030802,45.8019447],[26.0031819,45.8022559],[26.0030637,45.8028754],[26.0026785,45.8043613],[26.0024878,45.804441],[26.0018746,45.8043935],[26.0016338,45.8035202],[26.0010974,45.8032226],[26.000724,45.80285],[26.0010131,45.8018286],[26.0010399,45.8012295],[26.0013228,45.8004661],[26.0012152,45.8002739],[25.9979395,45.800522],[25.9981424,45.7991664],[25.9986717,45.7985679],[25.9989667,45.798433],[25.9991138,45.7980733],[25.9995451,45.7979558],[25.9994549,45.7977524],[25.9998419,45.7976895],[26.0006745,45.7970393],[26.00127,45.7968412],[26.001343,45.796731],[26.001978,45.7966468],[26.0025653,45.7966814],[26.0034712,45.796391],[26.0036884,45.7962324],[26.0040389,45.7959266],[26.0040695,45.7957712],[26.005815,45.79422],[26.0060142,45.7938961],[26.0063793,45.7936078],[26.0064222,45.7933086],[26.00685,45.7930611],[26.0072142,45.791997],[26.0068914,45.7918115],[26.0069937,45.7915814],[26.0077008,45.7913912],[26.00834,45.7909919],[26.0105079,45.7912415],[26.0116683,45.7917549],[26.0123026,45.7904801],[26.0129695,45.7906093],[26.0132888,45.7907897],[26.0147302,45.7896109],[26.0149206,45.7893977],[26.0149283,45.7892066],[26.0144608,45.7887559],[26.0145037,45.7885643],[26.015853,45.7874512],[26.0162622,45.7872969],[26.0178949,45.7869898],[26.0182895,45.7868184],[26.0183796,45.786661],[26.0168147,45.7852281],[26.0180555,45.7845882],[26.0178397,45.784428],[26.0177368,45.7844799],[26.0173392,45.7841735],[26.0189673,45.7831515],[26.0196044,45.7832769],[26.0206483,45.7831846],[26.0206834,45.7828787],[26.020406,45.7822957],[26.0208662,45.7820555],[26.0207717,45.781596],[26.0202243,45.7809256],[26.0206106,45.7807918],[26.0208796,45.7801909],[26.0206537,45.7794557],[26.0200128,45.7791875],[26.0195185,45.7787018],[26.0191378,45.7792316],[26.0177529,45.778556],[26.0176133,45.7784453],[26.0176569,45.7782877],[26.0168619,45.7780388],[26.0168026,45.7781861],[26.0165882,45.7782635],[26.0163378,45.7787497],[26.0161031,45.7789468],[26.0157014,45.7790615],[26.015607,45.7797422],[26.0149983,45.7802665],[26.0148751,45.7806837],[26.0138871,45.7802201],[26.0135201,45.7804924],[26.0122643,45.7798281],[26.0099787,45.7823565],[26.008769,45.7818792],[26.0069496,45.7809405],[26.0052536,45.7816645],[26.0038481,45.7793103],[26.0039862,45.7791434],[26.0039539,45.7788451],[26.0042013,45.7787484],[26.0045653,45.7789316],[26.0050647,45.7789623],[26.0056115,45.7788186],[26.0060616,45.7785873],[26.0062429,45.778363],[26.0063249,45.7775606],[26.0059721,45.7763969],[26.0061463,45.7763383],[26.0066991,45.7765084],[26.0078638,45.7765788],[26.008265,45.7757708],[26.0081,45.7756961],[26.0078477,45.7753295],[26.0074652,45.7752375],[26.0071015,45.7749699],[26.0071596,45.7747001],[26.0072845,45.7746568],[26.0078932,45.7747732],[26.0083241,45.7749562],[26.0085538,45.7747355],[26.0088173,45.774648],[26.0089649,45.7743924],[26.0092917,45.7744134],[26.0098415,45.7739678],[26.0101968,45.7731211],[26.0099819,45.7723327],[26.0084866,45.7720207],[26.0080798,45.7717426],[26.008132,45.7716436],[26.0085325,45.7715878],[26.0088181,45.7711169],[26.0086104,45.771077],[26.0086748,45.7709774],[26.0088006,45.7709909],[26.0087669,45.7704497],[26.008536,45.7698127],[26.0082779,45.7697706],[26.0085611,45.7694266],[26.0090712,45.7693247],[26.009085,45.7686707],[26.0086965,45.7680264],[26.0087516,45.7677157],[26.0090948,45.7671274],[26.0082548,45.7653874],[26.0070755,45.7645555],[26.0067625,45.7646937],[26.0066253,45.7646236],[26.0067312,45.7644523],[26.0065191,45.7643689],[26.0064251,45.7641215],[26.0060174,45.7638293],[26.0060908,45.763656],[26.0051526,45.7629645],[26.0041872,45.7626301],[26.0032755,45.7624809],[26.0033483,45.7622515],[26.003222,45.7618912],[26.0018866,45.7615773],[26.0001649,45.7614141],[25.998844,45.7614547],[25.9985268,45.7615763],[25.9978548,45.7611562],[25.9971285,45.761037],[25.9968021,45.7606677],[25.9961298,45.7605565],[25.9950281,45.7606295],[25.9945851,45.7607543],[25.9944584,45.7608776],[25.9936882,45.7610293],[25.9933543,45.760933],[25.9909426,45.7609406],[25.9907904,45.7604722],[25.9911744,45.7603414],[25.9914929,45.7604931],[25.9919613,45.7603276],[25.9927032,45.7603795],[25.9930819,45.7605425],[25.9936302,45.760501],[25.9933927,45.7601825],[25.9936588,45.7599939],[25.9938633,45.7601124],[25.9941969,45.7601201],[25.9942153,45.7602454],[25.9949688,45.759888],[25.9955122,45.7600174],[25.995729,45.759941],[25.9956136,45.7595508],[25.9945132,45.7590516],[25.9932681,45.7586278],[25.9927642,45.7586976],[25.9917573,45.7585141],[25.9910221,45.7579294],[25.9894503,45.7574128],[25.988056,45.7568291],[25.986995,45.7560043],[25.9863849,45.7557296],[25.9857473,45.7552827],[25.9849183,45.7543972],[25.9842937,45.7532155],[25.9840343,45.7532541],[25.9839655,45.7534222],[25.983202,45.7535461],[25.9821715,45.7534544],[25.9814092,45.7536453],[25.9801427,45.7537399],[25.9797155,45.7535746],[25.9794167,45.7535721],[25.9787651,45.7531623],[25.9772636,45.7532129],[25.9770617,45.7530899],[25.9762991,45.7532877],[25.9754783,45.7532489],[25.9734,45.7528512],[25.972437,45.7523462],[25.9721827,45.7524461],[25.9720809,45.7526099],[25.9717906,45.752645],[25.970363,45.7521928],[25.9693238,45.7519898],[25.9689254,45.7518303],[25.9685469,45.7514751],[25.9676507,45.7514664],[25.9671409,45.7515929],[25.9669424,45.7516604],[25.9668727,45.7514504],[25.9671233,45.7511924],[25.9669924,45.7507399],[25.9677381,45.7493228],[25.9674227,45.7486695],[25.9684069,45.7461304],[25.968565,45.7454356],[25.9685618,45.7443785]]]}},{"type":"Feature","properties":{"entity_id":"osm-r14735742","jurisdiction":"RO","display_name":"BARCANI","display_type":"commune","admin_level":8,"tier":"local","legal_registry":"SIRUTA","legal_id":"63633","legal_type":"commune","parent_catalog_id":"osm-r2248621","osm_relation_id":14735742,"legal_identity_status":"reconciled","geometry_source":"OpenStreetMap","canonical_geometry_role":null,"geometry_scope":null,"geometry_precision":"master_coordinate_fidelity"},"geometry":{"type":"Polygon","coordinates":[[[26.067072,45.6650046],[26.0670967,45.6648651],[26.0671584,45.6641125],[26.0673505,45.663521],[26.0680931,45.663128],[26.0684717,45.6630825],[26.0685978,45.6628923],[26.0697268,45.6624126],[26.0699416,45.6621586],[26.0706736,45.6618017],[26.0711009,45.6616997],[26.0714315,45.6617596],[26.069757,45.6642353],[26.0695003,45.6656008],[26.0696262,45.6666405],[26.0688897,45.6680551],[26.0688148,45.6685763],[26.0685453,45.668901],[26.0710686,45.6696749],[26.0731343,45.6705433],[26.0743757,45.6709314],[26.0782931,45.6692977],[26.0783881,45.6695383],[26.0792468,45.6701321],[26.0792868,45.6707416],[26.0795697,45.6713487],[26.0798588,45.6716985],[26.0804917,45.6721479],[26.080284,45.6722132],[26.08037,45.6725727],[26.0811322,45.6734288],[26.0815188,45.6741419],[26.0822945,45.6739444],[26.0829387,45.6739581],[26.0851218,45.6762777],[26.0852727,45.6767753],[26.0852381,45.6773181],[26.0846261,45.6784755],[26.0846707,45.6791467],[26.084851,45.6795854],[26.0868556,45.6801777],[26.0870984,45.6803433],[26.0871178,45.6804821],[26.0880926,45.6805419],[26.0883657,45.6809091],[26.0884103,45.6812184],[26.0887856,45.681326],[26.0892913,45.6813031],[26.0895033,45.6807359],[26.0900932,45.6807991],[26.0908758,45.6804103],[26.0908667,45.6799396],[26.0918386,45.6798337],[26.0929578,45.6793541],[26.0931476,45.6796534],[26.0931711,45.6800421],[26.093903,45.6799695],[26.0941351,45.6798203],[26.094489,45.6797966],[26.0950895,45.6798111],[26.0957231,45.6799495],[26.0962484,45.6798177],[26.096705,45.6798691],[26.0973689,45.6797968],[26.0987788,45.6795094],[26.1001289,45.6794026],[26.1007121,45.679179],[26.1009369,45.6792123],[26.1013825,45.6790762],[26.1014812,45.6789435],[26.1020631,45.6787503],[26.1034969,45.6778468],[26.1039063,45.677341],[26.1041651,45.677265],[26.1042171,45.6771479],[26.1057764,45.6760835],[26.1065557,45.6757275],[26.1069442,45.6757174],[26.1073886,45.6755642],[26.1076802,45.6753427],[26.1081303,45.6752496],[26.1085268,45.6749638],[26.1088612,45.6742794],[26.1093921,45.6741602],[26.1095329,45.6739656],[26.1100773,45.673729],[26.1103284,45.6734034],[26.1111528,45.6729043],[26.1114935,45.6724258],[26.1124526,45.6717986],[26.1127735,45.671744],[26.1129727,45.6715322],[26.1132536,45.671173],[26.113155,45.6708421],[26.1128214,45.6705991],[26.1104741,45.6701587],[26.1103986,45.6700525],[26.1104127,45.6696511],[26.1107617,45.6687679],[26.111064,45.6683696],[26.1110145,45.6680043],[26.1111505,45.6677559],[26.1110743,45.66747],[26.1111969,45.6672513],[26.1108809,45.6662461],[26.1109872,45.6659189],[26.1109126,45.6657121],[26.1111451,45.6653539],[26.1111518,45.6649782],[26.1116541,45.6647163],[26.1118457,45.6644278],[26.1115918,45.6637087],[26.1121383,45.6628335],[26.1121054,45.6625966],[26.1119617,45.6624596],[26.1114022,45.6625435],[26.1096119,45.6624627],[26.1079876,45.6624949],[26.1074532,45.662664],[26.1075346,45.6590975],[26.1071787,45.6572692],[26.1084726,45.6563528],[26.1089611,45.6557789],[26.1095628,45.6553438],[26.110252,45.6550642],[26.1105915,45.6548076],[26.1111813,45.6545641],[26.1123217,45.6544789],[26.1139894,45.6544937],[26.1167663,45.6553669],[26.1200898,45.6566126],[26.1221435,45.6570289],[26.122966,45.6570208],[26.1245884,45.6574102],[26.1250053,45.658244],[26.1259698,45.65894],[26.1269838,45.6600604],[26.1276652,45.6614647],[26.1272802,45.6625082],[26.1274629,45.6626825],[26.1283155,45.662731],[26.1295552,45.662399],[26.1312314,45.6614608],[26.1314858,45.6613443],[26.1317157,45.6614315],[26.1319196,45.6613888],[26.1320934,45.6611214],[26.1326226,45.6610493],[26.1326186,45.660909],[26.1327962,45.6607531],[26.1337409,45.6604223],[26.134674,45.6603616],[26.1347701,45.6604716],[26.1350431,45.6604871],[26.1364837,45.6603611],[26.1367562,45.6602147],[26.1374306,45.6603098],[26.1378744,45.65953],[26.1387335,45.658879],[26.1390926,45.6587454],[26.1400462,45.6587668],[26.142081,45.6594395],[26.1426819,45.6594768],[26.1438956,45.6584064],[26.1443866,45.6582467],[26.1452363,45.6570685],[26.1461229,45.6568367],[26.1462963,45.6566865],[26.1467207,45.6567255],[26.1474585,45.656551],[26.1479527,45.6565522],[26.1488523,45.6560913],[26.1495564,45.6559976],[26.1503448,45.6561443],[26.1508888,45.6564173],[26.1513576,45.6564683],[26.1523995,45.6569219],[26.1527878,45.6569242],[26.1534004,45.6570974],[26.1542187,45.6569777],[26.1551623,45.6573704],[26.157094,45.6577469],[26.1586943,45.6578853],[26.1598111,45.6585424],[26.1629893,45.6607132],[26.1639697,45.6611735],[26.1642455,45.6617029],[26.1647323,45.662193],[26.1647296,45.662911],[26.1639334,45.664522],[26.1627172,45.6654628],[26.1625813,45.6665658],[26.1627449,45.6672201],[26.162585,45.6675931],[26.1630851,45.6682966],[26.1633815,45.6693952],[26.1632636,45.6698807],[26.1629636,45.670416],[26.1635457,45.6711326],[26.1635482,45.6714667],[26.1638897,45.6717572],[26.1636508,45.6727916],[26.1640156,45.6729486],[26.165115,45.6729165],[26.1661314,45.6731883],[26.1678997,45.6732271],[26.1701861,45.6730485],[26.1711618,45.6732604],[26.1716416,45.6732749],[26.1718023,45.6735837],[26.1723147,45.674024],[26.1723591,45.6752985],[26.1727259,45.6759507],[26.1727374,45.6765014],[26.1719286,45.6766297],[26.1720956,45.6794873],[26.172872,45.6801953],[26.1739167,45.6801904],[26.1742274,45.6802608],[26.1749443,45.6809019],[26.1748426,45.6813058],[26.1751442,45.6818182],[26.1754362,45.6830554],[26.1756666,45.6834359],[26.1748159,45.6843092],[26.1713704,45.6852888],[26.1705146,45.6853305],[26.1700478,45.6854587],[26.1692001,45.6853275],[26.1679883,45.685743],[26.166912,45.6864697],[26.1664306,45.6875851],[26.1662579,45.6877431],[26.1647586,45.6884494],[26.1632795,45.6889992],[26.1619494,45.6893747],[26.1609382,45.6898539],[26.1598971,45.6900208],[26.1591465,45.6900449],[26.158437,45.6903564],[26.1565464,45.6908774],[26.1550107,45.690967],[26.1546024,45.6910863],[26.1537563,45.6916049],[26.153174,45.6918246],[26.1507921,45.6925857],[26.1503007,45.6925676],[26.1497145,45.6927754],[26.1493321,45.6928113],[26.1493508,45.6954624],[26.1481563,45.6974401],[26.1468441,45.6990326],[26.1473805,45.6998667],[26.1474143,45.7007451],[26.1472263,45.7013796],[26.1473234,45.70169],[26.1478053,45.7020541],[26.1476825,45.702643],[26.147717,45.7033619],[26.1474983,45.7036465],[26.1469595,45.7038548],[26.1459829,45.7046917],[26.1455142,45.7052466],[26.1455413,45.7059897],[26.1450577,45.7061331],[26.1447948,45.7063846],[26.1436998,45.7088044],[26.1437292,45.7092835],[26.1438854,45.7094094],[26.1439178,45.7096582],[26.1438483,45.7101586],[26.1435146,45.7102964],[26.1431586,45.710657],[26.142888,45.7109996],[26.1428361,45.7112697],[26.1417456,45.7123237],[26.1414656,45.7128596],[26.1400848,45.7142215],[26.1395907,45.7145105],[26.1389123,45.7146325],[26.1380027,45.7152158],[26.1373054,45.7154757],[26.1373605,45.7155578],[26.1360208,45.7158497],[26.1335406,45.7160322],[26.1323655,45.7163616],[26.1313132,45.7167589],[26.1300491,45.7174025],[26.1287539,45.7185715],[26.1281643,45.7192636],[26.1277115,45.7208175],[26.1264999,45.7220985],[26.1262571,45.7227228],[26.1261057,45.7240877],[26.1265668,45.7263991],[26.1261273,45.7280592],[26.1253975,45.7290005],[26.1244515,45.7296653],[26.1241339,45.7301601],[26.123374,45.730774],[26.123059,45.7313998],[26.1227597,45.7342736],[26.1224526,45.7349249],[26.1221641,45.735262],[26.1210992,45.7361926],[26.1193069,45.736527],[26.1157594,45.736464],[26.1147961,45.7368243],[26.1140637,45.7369419],[26.113344,45.7369473],[26.1117497,45.7366259],[26.1110812,45.7365773],[26.1103168,45.7367398],[26.1101118,45.7371306],[26.1069738,45.7396931],[26.1051288,45.7431519],[26.1040958,45.7441945],[26.1033693,45.7440472],[26.1027587,45.7440433],[26.1010879,45.7442517],[26.0994356,45.7441349],[26.0974405,45.7437428],[26.0967352,45.7433405],[26.0961872,45.7422097],[26.0946609,45.7402091],[26.0949423,45.7393065],[26.0944973,45.7382699],[26.0933968,45.7372206],[26.0929402,45.737019],[26.0924004,45.7370465],[26.0901279,45.7387053],[26.0895173,45.7386699],[26.088437,45.7382625],[26.0873186,45.7380885],[26.0866885,45.7378511],[26.0847652,45.7365825],[26.0830753,45.7367412],[26.0809487,45.7371472],[26.0788474,45.7373062],[26.0780509,45.7376121],[26.0774414,45.7384342],[26.0773326,45.7388069],[26.0773532,45.7398708],[26.0768785,45.7406434],[26.0757611,45.7413716],[26.0744506,45.741871],[26.0726329,45.7428333],[26.0712838,45.7434135],[26.0709179,45.7438447],[26.0700073,45.7457534],[26.0684337,45.7467468],[26.0668332,45.7467481],[26.0639275,45.746225],[26.0605533,45.7465283],[26.0594615,45.7474673],[26.0576563,45.7486987],[26.0535636,45.7507931],[26.0525999,45.7513501],[26.0524615,45.7511761],[26.0518761,45.7504752],[26.0513836,45.7502638],[26.050274,45.750049],[26.050066,45.7499249],[26.0497717,45.7493157],[26.0495657,45.7479316],[26.0484983,45.7472215],[26.0480503,45.7466406],[26.0477086,45.7455548],[26.0475453,45.7430183],[26.0478,45.742206],[26.047849,45.7413956],[26.0476286,45.7399217],[26.0479857,45.7390904],[26.0475116,45.7371148],[26.0477088,45.736663],[26.0477626,45.7361045],[26.0481499,45.735516],[26.0480828,45.7346796],[26.0487175,45.7315239],[26.049198,45.7304215],[26.0497655,45.7284813],[26.0502691,45.7272437],[26.0515017,45.7251444],[26.0520656,45.7236992],[26.0519848,45.723502],[26.052096,45.723267],[26.0489772,45.7234577],[26.048414,45.7235709],[26.0471533,45.7234925],[26.0468206,45.7235675],[26.0467425,45.7235143],[26.0443163,45.7236355],[26.0441826,45.7233578],[26.0423963,45.7233381],[26.0425452,45.7216808],[26.0378435,45.7217327],[26.0374333,45.7224744],[26.0375031,45.7227708],[26.0369999,45.7247373],[26.036885,45.7247744],[26.036916,45.7250621],[26.0365011,45.7269378],[26.0362265,45.7273723],[26.036086,45.7281115],[26.0357529,45.7281686],[26.0350828,45.7280667],[26.0348275,45.728159],[26.0346585,45.7280525],[26.0358047,45.7237585],[26.0356189,45.7227443],[26.0358045,45.7223209],[26.0356278,45.7215621],[26.0359237,45.7214055],[26.035997,45.7210909],[26.0364905,45.7210402],[26.0365907,45.7207591],[26.0363849,45.7193757],[26.0369615,45.7182438],[26.0371163,45.7171126],[26.0374277,45.7164863],[26.0367899,45.7157495],[26.0366961,45.7151459],[26.0342889,45.7143967],[26.0337983,45.7140687],[26.0334493,45.7144459],[26.031668,45.7148984],[26.0313548,45.7150744],[26.0312501,45.715297],[26.0303877,45.7157135],[26.0297319,45.7152531],[26.031194,45.7129414],[26.0311247,45.7117085],[26.033318,45.7098917],[26.0342134,45.7094396],[26.0336234,45.707327],[26.0328817,45.70623],[26.0327127,45.7057231],[26.0327251,45.7055723],[26.0335583,45.7052934],[26.0328018,45.6993285],[26.033531,45.6985775],[26.0349554,45.6960735],[26.0367987,45.6902594],[26.0484237,45.6885828],[26.0535132,45.6893161],[26.0655548,45.6892734],[26.0617779,45.6858315],[26.0609981,45.6849592],[26.0608841,45.6844872],[26.0601012,45.6831723],[26.0601161,45.6827921],[26.0598566,45.6828178],[26.0599797,45.682014],[26.0603387,45.681111],[26.0603625,45.6794511],[26.0605757,45.6793134],[26.060725,45.6787304],[26.0602826,45.6775712],[26.0603097,45.6772491],[26.0605164,45.677065],[26.0608297,45.6772482],[26.0609778,45.6771809],[26.060875,45.6770112],[26.0610271,45.6768663],[26.0608344,45.6764953],[26.0600083,45.6769009],[26.0596593,45.6767703],[26.0598551,45.6765009],[26.060402,45.6761999],[26.0623573,45.675795],[26.0645127,45.6749191],[26.0639486,45.6735727],[26.0639466,45.6727229],[26.0641515,45.6723811],[26.0642136,45.6715011],[26.0645456,45.67117],[26.0653751,45.6693619],[26.0661807,45.6683387],[26.0663957,45.6671122],[26.066841,45.6660772],[26.067051,45.6651405],[26.067072,45.6650046]]]}},{"type":"Feature","properties":{"entity_id":"osm-r14735743","jurisdiction":"RO","display_name":"ZAGON","display_type":"commune","admin_level":8,"tier":"local","legal_registry":"SIRUTA","legal_id":"65011","legal_type":"commune","parent_catalog_id":"osm-r2248621","osm_relation_id":14735743,"legal_identity_status":"reconciled","geometry_source":"OpenStreetMap","canonical_geometry_role":null,"geometry_scope":null,"geometry_precision":"master_coordinate_fidelity"},"geometry":{"type":"Polygon","coordinates":[[[26.3279507,45.6289001],[26.3291567,45.6318274],[26.3292303,45.6328675],[26.3290141,45.6334416],[26.328547,45.6339659],[26.3286153,45.6355291],[26.3299976,45.6373144],[26.3300948,45.6377514],[26.3299521,45.6380907],[26.3283912,45.6394619],[26.3269163,45.6403995],[26.3266364,45.6411242],[26.3263506,45.6429351],[26.3257906,45.6446816],[26.3252015,45.6454419],[26.3241969,45.6491317],[26.3243064,45.6494353],[26.3249857,45.6501757],[26.3255213,45.6510254],[26.325508,45.6516821],[26.3257534,45.6521342],[26.3257501,45.6528457],[26.3259927,45.653564],[26.3281083,45.6549772],[26.3289875,45.6562053],[26.3290601,45.6565163],[26.3287969,45.6576357],[26.3297491,45.6585343],[26.3298825,45.6600032],[26.3296761,45.6606675],[26.329679,45.6613053],[26.3299229,45.6628848],[26.3308461,45.6647123],[26.3312376,45.6666812],[26.3320256,45.667669],[26.3332315,45.6688269],[26.3322352,45.6707691],[26.332949,45.6720409],[26.3325796,45.6735193],[26.3326605,45.673832],[26.3333478,45.6745975],[26.3341175,45.67499],[26.3345134,45.676699],[26.3342414,45.6776306],[26.3339964,45.6798261],[26.333421,45.6814679],[26.3334936,45.6828393],[26.3332959,45.6832039],[26.3321517,45.6842026],[26.3323329,45.6855909],[26.3329367,45.6864095],[26.3334689,45.6865674],[26.334218,45.6866083],[26.3355549,45.686475],[26.3365366,45.6867487],[26.3367004,45.6870476],[26.3367683,45.6879887],[26.3373289,45.6888537],[26.336656,45.6900385],[26.3366194,45.6919678],[26.336906,45.6925737],[26.337265,45.6929579],[26.3378407,45.6932926],[26.3395964,45.6941339],[26.34055,45.6952523],[26.340886,45.696063],[26.3412539,45.6988866],[26.3414645,45.6995173],[26.341887,45.7001606],[26.3425923,45.7006582],[26.3458453,45.7023897],[26.3452469,45.7028166],[26.3442672,45.7031582],[26.3427524,45.7032243],[26.3406941,45.7036188],[26.3393504,45.7036346],[26.3384859,45.7041237],[26.3378945,45.7042393],[26.336821,45.7040412],[26.3361042,45.7037351],[26.3358703,45.7037515],[26.3356771,45.7038404],[26.3356416,45.7039912],[26.3356606,45.7042372],[26.3358281,45.7044404],[26.3357513,45.7045568],[26.3349868,45.7049806],[26.3345783,45.7053227],[26.3340734,45.7052883],[26.3337095,45.7058624],[26.3323709,45.7062337],[26.3312166,45.7061469],[26.3303967,45.7063356],[26.3298564,45.7063374],[26.3289329,45.706649],[26.3284123,45.7066551],[26.327566,45.706483],[26.3269471,45.7064629],[26.3263878,45.7070347],[26.3256325,45.7073034],[26.3253526,45.7073021],[26.3249847,45.7071605],[26.3246272,45.7063918],[26.3243671,45.7061304],[26.3233613,45.7058776],[26.3226764,45.7058171],[26.3219685,45.7058892],[26.3212054,45.7060986],[26.3201959,45.7062014],[26.3194785,45.7061459],[26.3179702,45.7056755],[26.3175548,45.706004],[26.3167305,45.7062734],[26.3164371,45.706254],[26.3160164,45.7057891],[26.3154783,45.7056154],[26.3148245,45.7061477],[26.3123917,45.7072827],[26.3113573,45.7074242],[26.3106624,45.707179],[26.310019,45.7074629],[26.3093474,45.7081827],[26.3082534,45.7084954],[26.3080056,45.7085078],[26.307562,45.7083648],[26.3068477,45.7088617],[26.3060557,45.7088578],[26.3053903,45.7090087],[26.3048569,45.7094381],[26.3047116,45.709949],[26.3049075,45.7103241],[26.3050292,45.7114442],[26.3047772,45.7121055],[26.3040393,45.7133261],[26.3040227,45.7135429],[26.3049895,45.7140398],[26.3053641,45.7140507],[26.3055477,45.7142462],[26.3056262,45.7146687],[26.305527,45.7149836],[26.3048765,45.7155748],[26.3032822,45.7165316],[26.3025536,45.7173646],[26.302146,45.7176414],[26.3017351,45.7184023],[26.301737,45.7187139],[26.3024318,45.7194279],[26.3025691,45.720147],[26.3039943,45.7218658],[26.3050169,45.7229028],[26.3049725,45.7230933],[26.3015575,45.723844],[26.2993137,45.7238553],[26.2986515,45.7240795],[26.2984208,45.7242666],[26.2981014,45.7245287],[26.2975493,45.7252912],[26.2971639,45.7269252],[26.2967162,45.7279753],[26.2968955,45.7282164],[26.2975976,45.7283073],[26.2979324,45.7284706],[26.2980122,45.730277],[26.297771,45.7304567],[26.2973435,45.7314419],[26.2968249,45.7317784],[26.2963245,45.7322695],[26.2946778,45.7347795],[26.2945227,45.7355793],[26.2946737,45.7360069],[26.2946023,45.7365125],[26.2948603,45.7375735],[26.2944341,45.7379204],[26.2914219,45.7390088],[26.2909017,45.7392807],[26.2906214,45.7395993],[26.290193,45.7398473],[26.2877716,45.7408882],[26.287565,45.7411071],[26.2874629,45.741625],[26.2876173,45.7422111],[26.2884577,45.742878],[26.2884024,45.7433042],[26.2882265,45.743443],[26.2876701,45.7435595],[26.2867274,45.7433991],[26.2864187,45.7428783],[26.286156,45.7427863],[26.285852,45.7427859],[26.2847674,45.7432997],[26.2840534,45.7434066],[26.2838507,45.7439583],[26.2841068,45.7447078],[26.2843183,45.7449372],[26.2848885,45.7451021],[26.2853217,45.7449031],[26.2857851,45.7449929],[26.2861888,45.7457863],[26.2862602,45.7460591],[26.2861663,45.7462235],[26.285156,45.7465445],[26.284577,45.7461545],[26.282169,45.7454903],[26.2801776,45.7452666],[26.2797025,45.7453353],[26.278952,45.7456155],[26.2783742,45.7455299],[26.2779042,45.745351],[26.2770979,45.7452679],[26.2763429,45.7455436],[26.2754767,45.7464306],[26.2750329,45.7466379],[26.2746591,45.7470063],[26.2743293,45.7471453],[26.2738388,45.7475346],[26.2737938,45.7477048],[26.2740571,45.7482036],[26.274737,45.7488875],[26.2747066,45.7493484],[26.2736244,45.7498979],[26.2727062,45.7501019],[26.2724016,45.7503143],[26.272107,45.7507242],[26.2718688,45.7520215],[26.2714592,45.7528893],[26.2698592,45.7537754],[26.2693414,45.7544213],[26.2686794,45.7548905],[26.2683099,45.7555774],[26.2682639,45.7562665],[26.2684158,45.756416],[26.2692189,45.7567164],[26.2694834,45.7573462],[26.2683644,45.7587612],[26.2674846,45.7592826],[26.2671871,45.7596444],[26.2672194,45.7598186],[26.2680091,45.760602],[26.2682175,45.7606274],[26.2690184,45.7617241],[26.2683906,45.7619193],[26.2691722,45.7630197],[26.2694433,45.7629038],[26.2696531,45.7631823],[26.2697256,45.7631463],[26.2707256,45.7640148],[26.2709631,45.7639277],[26.2712247,45.7639671],[26.2712377,45.76378],[26.2715131,45.7635151],[26.2717856,45.7637936],[26.2718657,45.7644593],[26.2723688,45.7650337],[26.2725078,45.7655369],[26.2728511,45.7660637],[26.2734302,45.7666496],[26.273097,45.7667851],[26.2729304,45.7670987],[26.2729593,45.7673333],[26.273419,45.7677121],[26.2736152,45.7681672],[26.2738175,45.7683184],[26.2741192,45.7683543],[26.2749286,45.768711],[26.2750496,45.7688108],[26.2751176,45.7693296],[26.2754681,45.7695773],[26.2760226,45.7694959],[26.276369,45.7690268],[26.2766573,45.7690419],[26.2766595,45.7695984],[26.2764014,45.7699856],[26.2765225,45.7702442],[26.2767067,45.7702861],[26.2774882,45.769986],[26.2777566,45.7697459],[26.2781485,45.7697237],[26.2793922,45.7704081],[26.2795078,45.7708993],[26.2789359,45.7718327],[26.2782511,45.7721572],[26.277582,45.7728441],[26.2775088,45.7730611],[26.2777455,45.7734324],[26.2778057,45.7735219],[26.2779239,45.7736976],[26.2778694,45.7742004],[26.2777211,45.7743326],[26.2763836,45.774944],[26.2762621,45.7751465],[26.2765687,45.7755419],[26.2763015,45.7757636],[26.2759036,45.7753481],[26.2756874,45.7753753],[26.2752867,45.775715],[26.274863,45.7754904],[26.2744282,45.7758869],[26.2732999,45.7759454],[26.2726928,45.7763016],[26.2719492,45.7764263],[26.2714325,45.7767673],[26.270648,45.7768643],[26.2699122,45.7771089],[26.2695214,45.7774415],[26.2676517,45.7770446],[26.2675289,45.7774182],[26.266646,45.7774118],[26.2658368,45.7772838],[26.2642053,45.776502],[26.2594947,45.7756547],[26.2587889,45.7755028],[26.2580831,45.7752107],[26.2575827,45.7752543],[26.2573545,45.7754449],[26.256575,45.7752419],[26.2557947,45.7753995],[26.2555858,45.775622],[26.2552089,45.7757672],[26.2543685,45.7754108],[26.2536683,45.7756088],[26.2535006,45.7761417],[26.2518084,45.7771731],[26.2514775,45.7769496],[26.2494866,45.7772335],[26.2478822,45.7776922],[26.2471412,45.7776051],[26.2463872,45.7778038],[26.2451012,45.7785663],[26.2444992,45.7793837],[26.2434466,45.7800817],[26.2427345,45.7804098],[26.2421242,45.7804164],[26.241015,45.7811735],[26.2405135,45.7820631],[26.2401539,45.7833563],[26.2408113,45.7842355],[26.2405065,45.7847523],[26.2373649,45.7884446],[26.23757,45.7894258],[26.2372874,45.7898435],[26.2360695,45.7907727],[26.2360032,45.7911618],[26.2352969,45.7910502],[26.2338156,45.791041],[26.2330305,45.7911421],[26.2299287,45.7952893],[26.2296401,45.7950285],[26.2281799,45.7944139],[26.2274842,45.7938147],[26.2270774,45.7974978],[26.2243895,45.7977373],[26.224726,45.8001075],[26.2247693,45.8018646],[26.2244427,45.8017436],[26.2242086,45.8023695],[26.2243034,45.8026418],[26.2230152,45.8029129],[26.2228668,45.801638],[26.2185741,45.8020389],[26.2160257,45.8019856],[26.2135352,45.8021609],[26.2125932,45.8023364],[26.2113103,45.802751],[26.2089552,45.8031658],[26.2072363,45.8031369],[26.204077,45.8033452],[26.2014812,45.8031162],[26.2005313,45.8031224],[26.1996971,45.8028296],[26.1991272,45.8028013],[26.1975942,45.8028018],[26.1952621,45.8030475],[26.193269,45.8029459],[26.1925154,45.8027668],[26.1911334,45.8021378],[26.1905259,45.8023682],[26.1887713,45.8027628],[26.1864947,45.8037663],[26.1821602,45.8034769],[26.1807331,45.8049057],[26.1802266,45.8052527],[26.1791559,45.8056114],[26.177626,45.8053679],[26.1764477,45.8050207],[26.1745488,45.8039131],[26.173226,45.803341],[26.17232,45.8035413],[26.1706005,45.8031515],[26.169324,45.80305],[26.1674288,45.802089],[26.1653845,45.8018298],[26.1647657,45.8015049],[26.1641296,45.8015519],[26.163767,45.8017514],[26.1634027,45.8023289],[26.1628688,45.8026449],[26.1623012,45.8031975],[26.1620043,45.8037744],[26.1619696,45.8044228],[26.1613525,45.805381],[26.1601629,45.8058177],[26.1583737,45.8068245],[26.1574662,45.8072],[26.156393,45.8079257],[26.1558564,45.8080378],[26.1555773,45.8080655],[26.1543186,45.8076432],[26.153188,45.8068872],[26.1528748,45.8063802],[26.1507092,45.806838],[26.149365,45.8068763],[26.1483258,45.8066887],[26.1468391,45.8060272],[26.14488,45.8057473],[26.1421328,45.8051251],[26.1411858,45.8050314],[26.1377297,45.8053584],[26.1375595,45.8052569],[26.1362745,45.8054834],[26.1351417,45.8054727],[26.1348845,45.8056335],[26.1345929,45.8054475],[26.1327938,45.8064605],[26.1328473,45.8088317],[26.1323421,45.8092978],[26.12836,45.8106183],[26.1281503,45.8107504],[26.1277923,45.8114357],[26.1271063,45.8122835],[26.1265259,45.8128257],[26.1255116,45.8130537],[26.1216163,45.8150591],[26.1195532,45.8151911],[26.1195206,45.8151112],[26.1190345,45.813926],[26.1186914,45.8134676],[26.1177752,45.8136746],[26.116889,45.8136152],[26.1153498,45.8140944],[26.1150173,45.8142833],[26.1141517,45.8143722],[26.1140109,45.8126408],[26.1135439,45.8109682],[26.1132846,45.8112801],[26.1120474,45.8107393],[26.111952,45.8106712],[26.1122301,45.8096597],[26.1097822,45.8085203],[26.108161,45.8124004],[26.1043536,45.8166691],[26.103749,45.817228],[26.1023361,45.818031],[26.1015481,45.8170135],[26.1008587,45.8154915],[26.1001153,45.8145982],[26.0997774,45.8130563],[26.0991058,45.8149756],[26.0982027,45.8162547],[26.0967782,45.8157486],[26.093597,45.814416],[26.0920189,45.8140006],[26.0901233,45.8136335],[26.0882416,45.8134336],[26.0878551,45.813594],[26.0777769,45.8146007],[26.0710067,45.8148607],[26.0709615,45.8142192],[26.0658905,45.8157594],[26.0655804,45.8142589],[26.0577555,45.8139166],[26.0575404,45.8124241],[26.0535815,45.8131256],[26.0491655,45.8137659],[26.0507115,45.821021],[26.0440337,45.8217057],[26.0440149,45.821644],[26.041163,45.8219447],[26.0394242,45.813843],[26.0390366,45.8134691],[26.0370345,45.8141647],[26.0336613,45.8113093],[26.0355687,45.8105365],[26.0370864,45.8118699],[26.0383439,45.8093746],[26.0371041,45.808316],[26.0395771,45.806887],[26.0398658,45.8071347],[26.0412691,45.8058434],[26.0418244,45.8051441],[26.0438623,45.8068767],[26.0454519,45.8047638],[26.0476467,45.8025377],[26.0499784,45.799706],[26.0496589,45.7981046],[26.050222,45.7914885],[26.0498429,45.7900939],[26.0499822,45.7877509],[26.0520323,45.7855408],[26.0530148,45.7848025],[26.0535754,45.7842076],[26.0537865,45.783668],[26.0539968,45.7835404],[26.0540173,45.7824706],[26.0545888,45.7821276],[26.054605,45.7810953],[26.0543634,45.7804764],[26.0564359,45.777994],[26.056799,45.7762151],[26.0566136,45.7757868],[26.0546557,45.773131],[26.054215,45.7726768],[26.0543244,45.77245],[26.0540444,45.7718672],[26.0541729,45.7716522],[26.0540413,45.7712773],[26.0532012,45.7705248],[26.0531131,45.770309],[26.0529395,45.7702457],[26.0523671,45.7694371],[26.0523458,45.7687782],[26.0518408,45.7684951],[26.0517462,45.7676976],[26.0518813,45.7666567],[26.0532512,45.7642768],[26.0530486,45.7633813],[26.0530901,45.7627683],[26.0529396,45.7622931],[26.0522439,45.7619715],[26.0518522,45.7613625],[26.0508718,45.7604803],[26.0507877,45.7602397],[26.0509465,45.7597494],[26.0510767,45.7596182],[26.0514904,45.7595216],[26.0516021,45.7593534],[26.051749,45.7587023],[26.0518036,45.7566153],[26.0513655,45.755269],[26.0517851,45.7545181],[26.0521695,45.7534654],[26.0521742,45.7526414],[26.0520132,45.7518883],[26.0523832,45.7515318],[26.0525999,45.7513501],[26.0535636,45.7507931],[26.0576563,45.7486987],[26.0594615,45.7474673],[26.0605533,45.7465283],[26.0639275,45.746225],[26.0668332,45.7467481],[26.0684337,45.7467468],[26.0700073,45.7457534],[26.0709179,45.7438447],[26.0712838,45.7434135],[26.0726329,45.7428333],[26.0744506,45.741871],[26.0757611,45.7413716],[26.0768785,45.7406434],[26.0773532,45.7398708],[26.0773326,45.7388069],[26.0774414,45.7384342],[26.0780509,45.7376121],[26.0788474,45.7373062],[26.0809487,45.7371472],[26.0830753,45.7367412],[26.0847652,45.7365825],[26.0866885,45.7378511],[26.0873186,45.7380885],[26.088437,45.7382625],[26.0895173,45.7386699],[26.0901279,45.7387053],[26.0924004,45.7370465],[26.0929402,45.737019],[26.0933968,45.7372206],[26.0944973,45.7382699],[26.0949423,45.7393065],[26.0946609,45.7402091],[26.0961872,45.7422097],[26.0967352,45.7433405],[26.0974405,45.7437428],[26.0994356,45.7441349],[26.1010879,45.7442517],[26.1027587,45.7440433],[26.1033693,45.7440472],[26.1040958,45.7441945],[26.1051288,45.7431519],[26.1069738,45.7396931],[26.1101118,45.7371306],[26.1103168,45.7367398],[26.1110812,45.7365773],[26.1117497,45.7366259],[26.113344,45.7369473],[26.1140637,45.7369419],[26.1147961,45.7368243],[26.1157594,45.736464],[26.1193069,45.736527],[26.1210992,45.7361926],[26.1221641,45.735262],[26.1224526,45.7349249],[26.1227597,45.7342736],[26.123059,45.7313998],[26.123374,45.730774],[26.1241339,45.7301601],[26.1244515,45.7296653],[26.1253975,45.7290005],[26.1261273,45.7280592],[26.1265668,45.7263991],[26.1261057,45.7240877],[26.1262571,45.7227228],[26.1264999,45.7220985],[26.1277115,45.7208175],[26.1281643,45.7192636],[26.1287539,45.7185715],[26.1300491,45.7174025],[26.1313132,45.7167589],[26.1323655,45.7163616],[26.1335406,45.7160322],[26.1360208,45.7158497],[26.1373605,45.7155578],[26.1373054,45.7154757],[26.1380027,45.7152158],[26.1389123,45.7146325],[26.1395907,45.7145105],[26.1400848,45.7142215],[26.1414656,45.7128596],[26.1417456,45.7123237],[26.1428361,45.7112697],[26.142888,45.7109996],[26.1431586,45.710657],[26.1435146,45.7102964],[26.1438483,45.7101586],[26.1439178,45.7096582],[26.1438854,45.7094094],[26.1437292,45.7092835],[26.1436998,45.7088044],[26.1447948,45.7063846],[26.1450577,45.7061331],[26.1455413,45.7059897],[26.1455142,45.7052466],[26.1459829,45.7046917],[26.1469595,45.7038548],[26.1474983,45.7036465],[26.147717,45.7033619],[26.1476825,45.702643],[26.1478053,45.7020541],[26.1473234,45.70169],[26.1472263,45.7013796],[26.1474143,45.7007451],[26.1473805,45.6998667],[26.1468441,45.6990326],[26.1481563,45.6974401],[26.1493508,45.6954624],[26.1493321,45.6928113],[26.1497145,45.6927754],[26.1503007,45.6925676],[26.1507921,45.6925857],[26.153174,45.6918246],[26.1537563,45.6916049],[26.1546024,45.6910863],[26.1550107,45.690967],[26.1565464,45.6908774],[26.158437,45.6903564],[26.1591465,45.6900449],[26.1598971,45.6900208],[26.1609382,45.6898539],[26.1619494,45.6893747],[26.1632795,45.6889992],[26.1647586,45.6884494],[26.1662579,45.6877431],[26.1664306,45.6875851],[26.166912,45.6864697],[26.1679883,45.685743],[26.1692001,45.6853275],[26.1700478,45.6854587],[26.1705146,45.6853305],[26.1713704,45.6852888],[26.1748159,45.6843092],[26.1756666,45.6834359],[26.1754362,45.6830554],[26.1751442,45.6818182],[26.1748426,45.6813058],[26.1749443,45.6809019],[26.1742274,45.6802608],[26.1739167,45.6801904],[26.172872,45.6801953],[26.1720956,45.6794873],[26.1719286,45.6766297],[26.1727374,45.6765014],[26.1728288,45.6764728],[26.1731058,45.6763862],[26.1738483,45.6764281],[26.1746711,45.6760916],[26.1762444,45.6761992],[26.1781227,45.6754004],[26.1788127,45.6753049],[26.1795634,45.6750727],[26.1799969,45.6747324],[26.1805573,45.6747248],[26.1814123,45.6742456],[26.1826587,45.6739047],[26.1834049,45.6732904],[26.1841813,45.6720136],[26.1842698,45.6707749],[26.1841288,45.6703679],[26.1835281,45.6695139],[26.1827924,45.6689522],[26.1831324,45.6683329],[26.1831303,45.666566],[26.1836254,45.6653478],[26.185001,45.6644485],[26.1860183,45.6633938],[26.1860076,45.6630084],[26.1856989,45.6628136],[26.1855282,45.6624626],[26.1854025,45.6623618],[26.1851068,45.6623587],[26.1848707,45.6620486],[26.184536,45.6618695],[26.1830417,45.6619562],[26.1812291,45.6623247],[26.1809062,45.6620774],[26.1808355,45.6618677],[26.1804404,45.6617542],[26.1803796,45.661594],[26.1799621,45.6612579],[26.1778877,45.6604068],[26.1771855,45.6605873],[26.1763136,45.6610976],[26.1761023,45.6611246],[26.1756567,45.6604979],[26.1756351,45.6594708],[26.1754022,45.6588852],[26.1751591,45.6586588],[26.1746791,45.6584966],[26.1743982,45.6577259],[26.1741004,45.6574134],[26.1738739,45.6569089],[26.1734903,45.6565773],[26.1732016,45.6559484],[26.1731085,45.6555593],[26.1735329,45.6543372],[26.1733071,45.6528294],[26.1737144,45.6520516],[26.1750603,45.6510772],[26.1767285,45.6501824],[26.1776323,45.6499379],[26.1784167,45.6498926],[26.1801642,45.6507471],[26.1813879,45.6510253],[26.1819501,45.6513227],[26.1824783,45.651472],[26.1855112,45.6513414],[26.1860713,45.6515398],[26.1882442,45.6528849],[26.1899203,45.6536843],[26.1908434,45.6539346],[26.1916554,45.6539384],[26.1927132,45.6533673],[26.1930287,45.6532634],[26.1935404,45.6532549],[26.1943613,45.6528502],[26.1955369,45.6525284],[26.19571,45.6523657],[26.1960207,45.6512113],[26.1962084,45.6509123],[26.1975272,45.6498587],[26.1980257,45.6492345],[26.1983754,45.6490823],[26.1990469,45.6491248],[26.1995468,45.6493918],[26.2014564,45.6495573],[26.2022454,45.6493138],[26.2027438,45.6486897],[26.2044276,45.6473846],[26.2072568,45.6468223],[26.2082323,45.6470472],[26.2098638,45.6465966],[26.2117629,45.6454624],[26.2131823,45.6441848],[26.2177073,45.6412772],[26.2182435,45.6407763],[26.2186286,45.640636],[26.2193593,45.6401578],[26.2197492,45.6394234],[26.2206587,45.6390547],[26.2214892,45.6391076],[26.2223942,45.6385286],[26.2238315,45.6380923],[26.2240715,45.6377679],[26.2243074,45.6364533],[26.2241056,45.6352919],[26.2235212,45.6343823],[26.2226716,45.6334507],[26.2225549,45.6329568],[26.2227763,45.6317785],[26.2223929,45.6311885],[26.2225469,45.6301595],[26.2215837,45.6288702],[26.2213475,45.6277463],[26.2204078,45.6267167],[26.2206792,45.6262187],[26.22065,45.6256867],[26.2196225,45.6238658],[26.2191765,45.622155],[26.219942,45.6221061],[26.2237095,45.6222122],[26.2280321,45.6227024],[26.2305949,45.6228837],[26.231282,45.6228088],[26.2323014,45.6223713],[26.2346709,45.6220971],[26.2376021,45.6230931],[26.2387428,45.6230985],[26.2393337,45.6232553],[26.2403225,45.6239698],[26.2413886,45.6243862],[26.2416375,45.6247592],[26.2422343,45.6264708],[26.242972,45.6271634],[26.2433272,45.6272512],[26.2442718,45.6270345],[26.2448773,45.6265964],[26.2461012,45.6262355],[26.2470864,45.6248599],[26.2466852,45.6233283],[26.2468717,45.6221229],[26.2473397,45.6214005],[26.2485824,45.6204288],[26.2500697,45.6197955],[26.2512206,45.6195749],[26.2533337,45.6193647],[26.2540665,45.6191662],[26.2553033,45.6182123],[26.2553148,45.6168984],[26.2543476,45.6158369],[26.2529987,45.6152317],[26.250592,45.6134762],[26.2497159,45.6122924],[26.2495863,45.6118453],[26.2495194,45.6110623],[26.2498883,45.6074648],[26.2505826,45.6035533],[26.2530478,45.6007326],[26.254049,45.6000899],[26.2560462,45.5998342],[26.264073,45.5972419],[26.2663688,45.5962362],[26.2688059,45.5947631],[26.2705162,45.5935518],[26.273135,45.5929876],[26.2743835,45.5924635],[26.2759024,45.5913533],[26.2759243,45.5907386],[26.2766733,45.5901693],[26.2768435,45.5896203],[26.2767625,45.5889303],[26.2780047,45.5872906],[26.2787585,45.5866886],[26.2796018,45.586244],[26.2816797,45.585785],[26.2817535,45.5858606],[26.2827267,45.5869525],[26.2831178,45.5881126],[26.2834108,45.5900008],[26.2836927,45.5905719],[26.2841391,45.5911028],[26.2848764,45.5916589],[26.2850745,45.5921526],[26.2848585,45.5926671],[26.2848939,45.5930844],[26.2852521,45.5937427],[26.2867385,45.5943291],[26.2872831,45.5952146],[26.2884509,45.5961657],[26.2895703,45.59642],[26.2905108,45.596813],[26.2914542,45.5969142],[26.2931054,45.5975114],[26.2947768,45.5975224],[26.2956636,45.5979943],[26.2961163,45.5986254],[26.2965929,45.6004899],[26.2967569,45.6007341],[26.2974479,45.6010107],[26.2975472,45.6012053],[26.2976989,45.6019459],[26.2976784,45.6029915],[26.2978269,45.6031991],[26.2980975,45.6035548],[26.298613,45.6038636],[26.2996731,45.6044237],[26.3001453,45.604498],[26.3010226,45.6053215],[26.3015565,45.6054675],[26.3019556,45.6058477],[26.3023454,45.6060268],[26.3033319,45.6059912],[26.3034773,45.606075],[26.3035687,45.6064687],[26.3042346,45.606906],[26.3047157,45.6070403],[26.305802,45.6070705],[26.306784,45.6067636],[26.3075531,45.606263],[26.3081665,45.6050002],[26.3084081,45.6040131],[26.308868,45.6034122],[26.3096966,45.6030242],[26.3104104,45.6029388],[26.3107378,45.6030601],[26.3108605,45.603952],[26.3103019,45.6053802],[26.310434,45.605715],[26.3103139,45.6065714],[26.3116303,45.60864],[26.312657,45.6107877],[26.313342,45.6119024],[26.313954,45.6126983],[26.3152528,45.6138309],[26.3165905,45.6152735],[26.3166303,45.6164314],[26.3171441,45.6175479],[26.3177699,45.6207697],[26.3188089,45.6218984],[26.3193746,45.6222611],[26.3211654,45.6227812],[26.3222234,45.6228719],[26.3237549,45.6236341],[26.3246556,45.624333],[26.3261955,45.6247035],[26.3261326,45.6255395],[26.3263165,45.6263499],[26.3269538,45.6277165],[26.3279507,45.6289001]]]}},{"type":"Feature","properties":{"entity_id":"osm-r14735744","jurisdiction":"RO","display_name":"COMANDĂU","display_type":"commune","admin_level":8,"tier":"local","legal_registry":"SIRUTA","legal_id":"63553","legal_type":"commune","parent_catalog_id":"osm-r2248621","osm_relation_id":14735744,"legal_identity_status":"reconciled","geometry_source":"OpenStreetMap","canonical_geometry_role":null,"geometry_scope":null,"geometry_precision":"master_coordinate_fidelity"},"geometry":{"type":"Polygon","coordinates":[[[26.3458453,45.7023897],[26.3461987,45.7022944],[26.3479561,45.7020645],[26.3487272,45.7021718],[26.3500481,45.7032851],[26.3503359,45.7036116],[26.3504678,45.7040965],[26.3511671,45.7052617],[26.3515501,45.7063287],[26.3536024,45.7079766],[26.3547817,45.7087554],[26.3572264,45.7120732],[26.3582813,45.7143912],[26.3566688,45.7157402],[26.3539317,45.7173884],[26.3532886,45.7174867],[26.3537183,45.7181546],[26.3535644,45.7189619],[26.3538754,45.7199264],[26.3539275,45.7207512],[26.3534096,45.7225166],[26.3535128,45.7225635],[26.3541183,45.7222475],[26.3556397,45.7218809],[26.3592811,45.7216252],[26.3617743,45.7223512],[26.3648479,45.7227137],[26.3652797,45.7231194],[26.365406,45.7234812],[26.3654114,45.7239026],[26.3650414,45.7248084],[26.3651274,45.7253319],[26.3656793,45.7261199],[26.3660507,45.7273343],[26.3663281,45.7278025],[26.3680652,45.7287314],[26.3682488,45.7289379],[26.3681736,45.7291407],[26.3676283,45.7294432],[26.3665319,45.7306107],[26.3665814,45.7311579],[26.3674125,45.7328989],[26.3676325,45.7340449],[26.3674812,45.7342789],[26.3651607,45.7364371],[26.3637769,45.737415],[26.3622967,45.7387361],[26.3605446,45.7398854],[26.3591454,45.7407167],[26.3581429,45.7411197],[26.3567334,45.7415275],[26.3558289,45.7416523],[26.3552607,45.7422131],[26.3552546,45.7433985],[26.354984,45.7439824],[26.3546746,45.7441628],[26.3542589,45.7440824],[26.354677,45.7430917],[26.3546204,45.7426769],[26.3544649,45.7424995],[26.3540112,45.7425049],[26.353666,45.7426638],[26.3528817,45.7434307],[26.3519776,45.7440525],[26.3508088,45.7443189],[26.350684,45.7444507],[26.350564,45.744778],[26.3507199,45.7449716],[26.3513936,45.7449229],[26.3521903,45.7446691],[26.3524142,45.7446731],[26.3522298,45.7448704],[26.3516023,45.7448694],[26.351017,45.7450623],[26.350607,45.7450222],[26.3487969,45.7455397],[26.3485565,45.745728],[26.3474042,45.7454752],[26.3461126,45.7454742],[26.344988,45.7456423],[26.3422007,45.7471311],[26.3402848,45.747587],[26.3389806,45.748902],[26.3377805,45.7495919],[26.3363409,45.7502265],[26.3336024,45.7503151],[26.3311621,45.75013],[26.3305155,45.7502377],[26.3296013,45.7509589],[26.3278299,45.7518162],[26.3270478,45.7519559],[26.3260057,45.7517069],[26.3255728,45.751696],[26.324708,45.7521109],[26.3241956,45.7521069],[26.3221772,45.7533602],[26.3203823,45.7541525],[26.3194387,45.7543916],[26.3168167,45.755338],[26.3154518,45.7567317],[26.3145747,45.7588908],[26.313955,45.7593741],[26.3137794,45.760381],[26.3129652,45.7611662],[26.3129834,45.7622025],[26.313364,45.7628355],[26.3134031,45.7636225],[26.3130798,45.7645343],[26.3121805,45.7649306],[26.3100287,45.7668074],[26.3092487,45.7671542],[26.3081489,45.7672678],[26.3077831,45.7674564],[26.307305,45.7678821],[26.3068311,45.768056],[26.306045,45.7686062],[26.3060739,45.7688065],[26.3055284,45.7691614],[26.3046131,45.7691984],[26.303439,45.7687578],[26.3014581,45.7689892],[26.3003037,45.7688203],[26.2996797,45.7688336],[26.2990761,45.768568],[26.298467,45.768497],[26.2973734,45.7688112],[26.2968362,45.769254],[26.2961257,45.7690719],[26.2956136,45.7691146],[26.2951974,45.7691904],[26.2943989,45.7697321],[26.2935368,45.7696151],[26.292473,45.7699051],[26.2921884,45.7702903],[26.2840532,45.7709849],[26.2812517,45.7703968],[26.2806477,45.770138],[26.281634,45.7713459],[26.2817142,45.7716784],[26.2816373,45.7719779],[26.2799347,45.7743561],[26.2784529,45.7734912],[26.2781312,45.7734214],[26.2778057,45.7735219],[26.2777455,45.7734324],[26.2775088,45.7730611],[26.277582,45.7728441],[26.2782511,45.7721572],[26.2789359,45.7718327],[26.2795078,45.7708993],[26.2793922,45.7704081],[26.2781485,45.7697237],[26.2777566,45.7697459],[26.2774882,45.769986],[26.2767067,45.7702861],[26.2765225,45.7702442],[26.2764014,45.7699856],[26.2766595,45.7695984],[26.2766573,45.7690419],[26.276369,45.7690268],[26.2760226,45.7694959],[26.2754681,45.7695773],[26.2751176,45.7693296],[26.2750496,45.7688108],[26.2749286,45.768711],[26.2741192,45.7683543],[26.2738175,45.7683184],[26.2736152,45.7681672],[26.273419,45.7677121],[26.2729593,45.7673333],[26.2729304,45.7670987],[26.273097,45.7667851],[26.2734302,45.7666496],[26.2728511,45.7660637],[26.2725078,45.7655369],[26.2723688,45.7650337],[26.2718657,45.7644593],[26.2717856,45.7637936],[26.2715131,45.7635151],[26.2712377,45.76378],[26.2712247,45.7639671],[26.2709631,45.7639277],[26.2707256,45.7640148],[26.2697256,45.7631463],[26.2696531,45.7631823],[26.2694433,45.7629038],[26.2691722,45.7630197],[26.2683906,45.7619193],[26.2690184,45.7617241],[26.2682175,45.7606274],[26.2680091,45.760602],[26.2672194,45.7598186],[26.2671871,45.7596444],[26.2674846,45.7592826],[26.2683644,45.7587612],[26.2694834,45.7573462],[26.2692189,45.7567164],[26.2684158,45.756416],[26.2682639,45.7562665],[26.2683099,45.7555774],[26.2686794,45.7548905],[26.2693414,45.7544213],[26.2698592,45.7537754],[26.2714592,45.7528893],[26.2718688,45.7520215],[26.272107,45.7507242],[26.2724016,45.7503143],[26.2727062,45.7501019],[26.2736244,45.7498979],[26.2747066,45.7493484],[26.274737,45.7488875],[26.2740571,45.7482036],[26.2737938,45.7477048],[26.2738388,45.7475346],[26.2743293,45.7471453],[26.2746591,45.7470063],[26.2750329,45.7466379],[26.2754767,45.7464306],[26.2763429,45.7455436],[26.2770979,45.7452679],[26.2779042,45.745351],[26.2783742,45.7455299],[26.278952,45.7456155],[26.2797025,45.7453353],[26.2801776,45.7452666],[26.282169,45.7454903],[26.284577,45.7461545],[26.285156,45.7465445],[26.2861663,45.7462235],[26.2862602,45.7460591],[26.2861888,45.7457863],[26.2857851,45.7449929],[26.2853217,45.7449031],[26.2848885,45.7451021],[26.2843183,45.7449372],[26.2841068,45.7447078],[26.2838507,45.7439583],[26.2840534,45.7434066],[26.2847674,45.7432997],[26.285852,45.7427859],[26.286156,45.7427863],[26.2864187,45.7428783],[26.2867274,45.7433991],[26.2876701,45.7435595],[26.2882265,45.743443],[26.2884024,45.7433042],[26.2884577,45.742878],[26.2876173,45.7422111],[26.2874629,45.741625],[26.287565,45.7411071],[26.2877716,45.7408882],[26.290193,45.7398473],[26.2906214,45.7395993],[26.2909017,45.7392807],[26.2914219,45.7390088],[26.2944341,45.7379204],[26.2948603,45.7375735],[26.2946023,45.7365125],[26.2946737,45.7360069],[26.2945227,45.7355793],[26.2946778,45.7347795],[26.2963245,45.7322695],[26.2968249,45.7317784],[26.2973435,45.7314419],[26.297771,45.7304567],[26.2980122,45.730277],[26.2979324,45.7284706],[26.2975976,45.7283073],[26.2968955,45.7282164],[26.2967162,45.7279753],[26.2971639,45.7269252],[26.2975493,45.7252912],[26.2981014,45.7245287],[26.2984208,45.7242666],[26.2986515,45.7240795],[26.2993137,45.7238553],[26.3015575,45.723844],[26.3049725,45.7230933],[26.3050169,45.7229028],[26.3039943,45.7218658],[26.3025691,45.720147],[26.3024318,45.7194279],[26.301737,45.7187139],[26.3017351,45.7184023],[26.302146,45.7176414],[26.3025536,45.7173646],[26.3032822,45.7165316],[26.3048765,45.7155748],[26.305527,45.7149836],[26.3056262,45.7146687],[26.3055477,45.7142462],[26.3053641,45.7140507],[26.3049895,45.7140398],[26.3040227,45.7135429],[26.3040393,45.7133261],[26.3047772,45.7121055],[26.3050292,45.7114442],[26.3049075,45.7103241],[26.3047116,45.709949],[26.3048569,45.7094381],[26.3053903,45.7090087],[26.3060557,45.7088578],[26.3068477,45.7088617],[26.307562,45.7083648],[26.3080056,45.7085078],[26.3082534,45.7084954],[26.3093474,45.7081827],[26.310019,45.7074629],[26.3106624,45.707179],[26.3113573,45.7074242],[26.3123917,45.7072827],[26.3148245,45.7061477],[26.3154783,45.7056154],[26.3160164,45.7057891],[26.3164371,45.706254],[26.3167305,45.7062734],[26.3175548,45.706004],[26.3179702,45.7056755],[26.3194785,45.7061459],[26.3201959,45.7062014],[26.3212054,45.7060986],[26.3219685,45.7058892],[26.3226764,45.7058171],[26.3233613,45.7058776],[26.3243671,45.7061304],[26.3246272,45.7063918],[26.3249847,45.7071605],[26.3253526,45.7073021],[26.3256325,45.7073034],[26.3263878,45.7070347],[26.3269471,45.7064629],[26.327566,45.706483],[26.3284123,45.7066551],[26.3289329,45.706649],[26.3298564,45.7063374],[26.3303967,45.7063356],[26.3312166,45.7061469],[26.3323709,45.7062337],[26.3337095,45.7058624],[26.3340734,45.7052883],[26.3345783,45.7053227],[26.3349868,45.7049806],[26.3357513,45.7045568],[26.3358281,45.7044404],[26.3356606,45.7042372],[26.3356416,45.7039912],[26.3356771,45.7038404],[26.3358703,45.7037515],[26.3361042,45.7037351],[26.336821,45.7040412],[26.3378945,45.7042393],[26.3384859,45.7041237],[26.3393504,45.7036346],[26.3406941,45.7036188],[26.3427524,45.7032243],[26.3442672,45.7031582],[26.3452469,45.7028166],[26.3458453,45.7023897]]]}},{"type":"Feature","properties":{"entity_id":"osm-r14735745","jurisdiction":"RO","display_name":"SITA BUZĂULUI","display_type":"commune","admin_level":8,"tier":"local","legal_registry":"SIRUTA","legal_id":"63688","legal_type":"commune","parent_catalog_id":"osm-r2248621","osm_relation_id":14735745,"legal_identity_status":"reconciled","geometry_source":"OpenStreetMap","canonical_geometry_role":null,"geometry_scope":null,"geometry_precision":"master_coordinate_fidelity"},"geometry":{"type":"Polygon","coordinates":[[[26.0933592,45.5163124],[26.0959338,45.5176148],[26.0953511,45.5186299],[26.09588,45.5190547],[26.0963583,45.5199699],[26.0963113,45.5205788],[26.0971184,45.5222811],[26.0970857,45.5227991],[26.0973866,45.5244415],[26.097891,45.5252639],[26.0976832,45.5259128],[26.0979954,45.5266589],[26.0981874,45.526747],[26.0985325,45.5273428],[26.0983963,45.5277192],[26.0985133,45.5281644],[26.0983853,45.5287053],[26.0987302,45.5289176],[26.0987905,45.5292402],[26.1003317,45.5298636],[26.1003527,45.5303942],[26.1005198,45.5306306],[26.1011315,45.5310383],[26.1010861,45.5316474],[26.1012398,45.5318809],[26.1019737,45.5323409],[26.1019364,45.5327017],[26.1021706,45.5330161],[26.1028377,45.5334772],[26.1034702,45.5335421],[26.1046388,45.5341998],[26.1054765,45.5352724],[26.1058299,45.535436],[26.106812,45.5355369],[26.107477,45.5369249],[26.1072896,45.5377099],[26.10785,45.5379675],[26.108242,45.5383942],[26.1083221,45.5387644],[26.1087188,45.5392997],[26.1092394,45.5397037],[26.1096192,45.5402263],[26.1108208,45.5408514],[26.1117078,45.5416461],[26.1127073,45.5422006],[26.1128522,45.5424986],[26.1132921,45.5427645],[26.1138873,45.5443764],[26.1144541,45.5449104],[26.1161791,45.5457473],[26.1178423,45.5470984],[26.1182131,45.5471168],[26.1187811,45.5475928],[26.1194425,45.5476775],[26.1198182,45.5481959],[26.1208377,45.5486123],[26.1212355,45.5490294],[26.1218558,45.5491137],[26.1221928,45.5499103],[26.1220303,45.5504654],[26.1223455,45.5515292],[26.1221369,45.5518],[26.1222084,45.5521859],[26.1220977,45.5525239],[26.1227288,45.5532746],[26.1226866,45.5536207],[26.1232645,45.5539972],[26.1231426,45.5543204],[26.1242201,45.5560392],[26.1244563,45.5568792],[26.1248746,45.5571491],[26.1248925,45.5577852],[26.1258228,45.5582],[26.1257341,45.5586954],[26.1260358,45.5594292],[26.1271019,45.5600113],[26.1283934,45.5619181],[26.1299709,45.5625323],[26.1306196,45.5631894],[26.1315185,45.5634429],[26.1319772,45.5634568],[26.1323037,45.563774],[26.1335369,45.5642278],[26.1339205,45.5654399],[26.1346018,45.5661608],[26.1368565,45.5671138],[26.1375915,45.5672151],[26.1380964,45.5674037],[26.1384426,45.5681278],[26.138035,45.5682694],[26.1380037,45.5687183],[26.1392241,45.5701405],[26.1401471,45.5702933],[26.1399304,45.5708097],[26.1400926,45.5711649],[26.1412774,45.5718883],[26.1411838,45.572487],[26.1422623,45.5736267],[26.1426353,45.5742987],[26.1424217,45.5748152],[26.1419271,45.5753408],[26.141972,45.5756709],[26.1423286,45.5760276],[26.1422531,45.576745],[26.1424895,45.5772054],[26.1429534,45.5776128],[26.1429547,45.5788438],[26.1436661,45.5797684],[26.1432137,45.5801747],[26.143267,45.5808344],[26.1439654,45.5815221],[26.1457083,45.5827532],[26.1457937,45.5829356],[26.1469972,45.5837034],[26.1477189,45.5849252],[26.1488366,45.5845499],[26.1493151,45.5846281],[26.149582,45.5848518],[26.151461,45.5849339],[26.1523593,45.584878],[26.1535665,45.5852411],[26.1542514,45.5852889],[26.154914,45.5852374],[26.1555415,45.5849529],[26.1557198,45.5839917],[26.1549616,45.5819053],[26.1549951,45.5814457],[26.1557712,45.5800827],[26.1560276,45.5784359],[26.1551384,45.5777833],[26.1548949,45.5774549],[26.1551712,45.5767654],[26.1555574,45.5763998],[26.1560697,45.5762688],[26.1568801,45.5763483],[26.1588379,45.5771543],[26.1595492,45.5772043],[26.1603256,45.5771229],[26.1608137,45.5768502],[26.1619525,45.5757754],[26.1622667,45.5752],[26.1622564,45.5746995],[26.1617369,45.5731577],[26.1611363,45.5720842],[26.1617608,45.5705945],[26.1622984,45.5699444],[26.1630763,45.5693488],[26.1638442,45.5689428],[26.1662443,45.5684294],[26.1671489,45.5684201],[26.1676751,45.5683132],[26.1683813,45.5679772],[26.1690775,45.5672042],[26.1696069,45.5655187],[26.1691142,45.5650096],[26.1691083,45.5647244],[26.1694927,45.5643308],[26.1697995,45.5632115],[26.1704563,45.5624104],[26.1722535,45.5633372],[26.173315,45.564352],[26.1736567,45.5656291],[26.1736737,45.5663875],[26.1742162,45.5669051],[26.1746504,45.5675428],[26.1753005,45.5688535],[26.1774531,45.5696125],[26.1781086,45.5699208],[26.1784594,45.5702591],[26.1786327,45.570787],[26.1784755,45.5717422],[26.1799275,45.5737574],[26.1800514,45.5741222],[26.1797605,45.5745933],[26.1766256,45.575304],[26.1758147,45.5758624],[26.1751504,45.5767308],[26.1749028,45.5778971],[26.1748816,45.579447],[26.1755619,45.5815722],[26.1773953,45.5835443],[26.1787122,45.5862054],[26.1789885,45.5873294],[26.1777421,45.5892397],[26.1779698,45.5900411],[26.1780576,45.5923287],[26.1783141,45.5927841],[26.1782998,45.5931667],[26.1777775,45.5938618],[26.1776382,45.5946872],[26.1809169,45.5950131],[26.1825191,45.5953652],[26.1839847,45.595122],[26.1843952,45.5955171],[26.1843684,45.5974646],[26.1845059,45.5981],[26.1848487,45.5989546],[26.1859649,45.6008376],[26.1859336,45.6011651],[26.1855182,45.6017594],[26.1850643,45.6019733],[26.1842423,45.6021267],[26.18401,45.6023437],[26.1839514,45.602827],[26.1841304,45.6037047],[26.184862,45.6050594],[26.1848707,45.6062903],[26.1854493,45.6083077],[26.1859526,45.6085719],[26.1868105,45.6083055],[26.1877476,45.6085317],[26.1898566,45.6085257],[26.1914436,45.6088423],[26.1943777,45.60983],[26.1949985,45.6115393],[26.197967,45.6115594],[26.1981841,45.6117319],[26.1983662,45.6126629],[26.1992393,45.6131042],[26.1999816,45.61315],[26.201431,45.6137408],[26.2037757,45.6140217],[26.2046357,45.614211],[26.2051145,45.614442],[26.2063154,45.6159096],[26.2076377,45.6159116],[26.208676,45.616217],[26.2089554,45.6164125],[26.2095393,45.6172952],[26.2095736,45.6180715],[26.2092308,45.6189735],[26.2096134,45.6200043],[26.2103746,45.6206832],[26.2109168,45.6208863],[26.2118066,45.6210323],[26.2123247,45.6213057],[26.2128406,45.6218366],[26.2134331,45.622018],[26.2142833,45.6221001],[26.2152526,45.6220307],[26.2169948,45.6223554],[26.2172394,45.6223581],[26.2180576,45.6220222],[26.2187225,45.6220151],[26.2191765,45.622155],[26.2196225,45.6238658],[26.22065,45.6256867],[26.2206792,45.6262187],[26.2204078,45.6267167],[26.2213475,45.6277463],[26.2215837,45.6288702],[26.2225469,45.6301595],[26.2223929,45.6311885],[26.2227763,45.6317785],[26.2225549,45.6329568],[26.2226716,45.6334507],[26.2235212,45.6343823],[26.2241056,45.6352919],[26.2243074,45.6364533],[26.2240715,45.6377679],[26.2238315,45.6380923],[26.2223942,45.6385286],[26.2214892,45.6391076],[26.2206587,45.6390547],[26.2197492,45.6394234],[26.2193593,45.6401578],[26.2186286,45.640636],[26.2182435,45.6407763],[26.2177073,45.6412772],[26.2131823,45.6441848],[26.2117629,45.6454624],[26.2098638,45.6465966],[26.2082323,45.6470472],[26.2072568,45.6468223],[26.2044276,45.6473846],[26.2027438,45.6486897],[26.2022454,45.6493138],[26.2014564,45.6495573],[26.1995468,45.6493918],[26.1990469,45.6491248],[26.1983754,45.6490823],[26.1980257,45.6492345],[26.1975272,45.6498587],[26.1962084,45.6509123],[26.1960207,45.6512113],[26.19571,45.6523657],[26.1955369,45.6525284],[26.1943613,45.6528502],[26.1935404,45.6532549],[26.1930287,45.6532634],[26.1927132,45.6533673],[26.1916554,45.6539384],[26.1908434,45.6539346],[26.1899203,45.6536843],[26.1882442,45.6528849],[26.1860713,45.6515398],[26.1855112,45.6513414],[26.1824783,45.651472],[26.1819501,45.6513227],[26.1813879,45.6510253],[26.1801642,45.6507471],[26.1784167,45.6498926],[26.1776323,45.6499379],[26.1767285,45.6501824],[26.1750603,45.6510772],[26.1737144,45.6520516],[26.1733071,45.6528294],[26.1735329,45.6543372],[26.1731085,45.6555593],[26.1732016,45.6559484],[26.1734903,45.6565773],[26.1738739,45.6569089],[26.1741004,45.6574134],[26.1743982,45.6577259],[26.1746791,45.6584966],[26.1751591,45.6586588],[26.1754022,45.6588852],[26.1756351,45.6594708],[26.1756567,45.6604979],[26.1761023,45.6611246],[26.1763136,45.6610976],[26.1771855,45.6605873],[26.1778877,45.6604068],[26.1799621,45.6612579],[26.1803796,45.661594],[26.1804404,45.6617542],[26.1808355,45.6618677],[26.1809062,45.6620774],[26.1812291,45.6623247],[26.1830417,45.6619562],[26.184536,45.6618695],[26.1848707,45.6620486],[26.1851068,45.6623587],[26.1854025,45.6623618],[26.1855282,45.6624626],[26.1856989,45.6628136],[26.1860076,45.6630084],[26.1860183,45.6633938],[26.185001,45.6644485],[26.1836254,45.6653478],[26.1831303,45.666566],[26.1831324,45.6683329],[26.1827924,45.6689522],[26.1835281,45.6695139],[26.1841288,45.6703679],[26.1842698,45.6707749],[26.1841813,45.6720136],[26.1834049,45.6732904],[26.1826587,45.6739047],[26.1814123,45.6742456],[26.1805573,45.6747248],[26.1799969,45.6747324],[26.1795634,45.6750727],[26.1788127,45.6753049],[26.1781227,45.6754004],[26.1762444,45.6761992],[26.1746711,45.6760916],[26.1738483,45.6764281],[26.1731058,45.6763862],[26.1728288,45.6764728],[26.1727374,45.6765014],[26.1727259,45.6759507],[26.1723591,45.6752985],[26.1723147,45.674024],[26.1718023,45.6735837],[26.1716416,45.6732749],[26.1711618,45.6732604],[26.1701861,45.6730485],[26.1678997,45.6732271],[26.1661314,45.6731883],[26.165115,45.6729165],[26.1640156,45.6729486],[26.1636508,45.6727916],[26.1638897,45.6717572],[26.1635482,45.6714667],[26.1635457,45.6711326],[26.1629636,45.670416],[26.1632636,45.6698807],[26.1633815,45.6693952],[26.1630851,45.6682966],[26.162585,45.6675931],[26.1627449,45.6672201],[26.1625813,45.6665658],[26.1627172,45.6654628],[26.1639334,45.664522],[26.1647296,45.662911],[26.1647323,45.662193],[26.1642455,45.6617029],[26.1639697,45.6611735],[26.1629893,45.6607132],[26.1598111,45.6585424],[26.1586943,45.6578853],[26.157094,45.6577469],[26.1551623,45.6573704],[26.1542187,45.6569777],[26.1534004,45.6570974],[26.1527878,45.6569242],[26.1523995,45.6569219],[26.1513576,45.6564683],[26.1508888,45.6564173],[26.1503448,45.6561443],[26.1495564,45.6559976],[26.1488523,45.6560913],[26.1479527,45.6565522],[26.1474585,45.656551],[26.1467207,45.6567255],[26.1462963,45.6566865],[26.1461229,45.6568367],[26.1452363,45.6570685],[26.1443866,45.6582467],[26.1438956,45.6584064],[26.1426819,45.6594768],[26.142081,45.6594395],[26.1400462,45.6587668],[26.1390926,45.6587454],[26.1387335,45.658879],[26.1378744,45.65953],[26.1374306,45.6603098],[26.1367562,45.6602147],[26.1364837,45.6603611],[26.1350431,45.6604871],[26.1347701,45.6604716],[26.134674,45.6603616],[26.1337409,45.6604223],[26.1327962,45.6607531],[26.1326186,45.660909],[26.1326226,45.6610493],[26.1320934,45.6611214],[26.1319196,45.6613888],[26.1317157,45.6614315],[26.1314858,45.6613443],[26.1312314,45.6614608],[26.1295552,45.662399],[26.1283155,45.662731],[26.1274629,45.6626825],[26.1272802,45.6625082],[26.1276652,45.6614647],[26.1269838,45.6600604],[26.1259698,45.65894],[26.1250053,45.658244],[26.1245884,45.6574102],[26.122966,45.6570208],[26.1221435,45.6570289],[26.1200898,45.6566126],[26.1167663,45.6553669],[26.1139894,45.6544937],[26.1123217,45.6544789],[26.1111813,45.6545641],[26.1105915,45.6548076],[26.110252,45.6550642],[26.1095628,45.6553438],[26.1089611,45.6557789],[26.1084726,45.6563528],[26.1071787,45.6572692],[26.1075346,45.6590975],[26.1074532,45.662664],[26.1079876,45.6624949],[26.1096119,45.6624627],[26.1114022,45.6625435],[26.1119617,45.6624596],[26.1121054,45.6625966],[26.1121383,45.6628335],[26.1115918,45.6637087],[26.1118457,45.6644278],[26.1116541,45.6647163],[26.1111518,45.6649782],[26.1111451,45.6653539],[26.1109126,45.6657121],[26.1109872,45.6659189],[26.1108809,45.6662461],[26.1111969,45.6672513],[26.1110743,45.66747],[26.1111505,45.6677559],[26.1110145,45.6680043],[26.111064,45.6683696],[26.1107617,45.6687679],[26.1104127,45.6696511],[26.1103986,45.6700525],[26.1104741,45.6701587],[26.1128214,45.6705991],[26.113155,45.6708421],[26.1132536,45.671173],[26.1129727,45.6715322],[26.1127735,45.671744],[26.1124526,45.6717986],[26.1114935,45.6724258],[26.1111528,45.6729043],[26.1103284,45.6734034],[26.1100773,45.673729],[26.1095329,45.6739656],[26.1093921,45.6741602],[26.1088612,45.6742794],[26.1085268,45.6749638],[26.1081303,45.6752496],[26.1076802,45.6753427],[26.1073886,45.6755642],[26.1069442,45.6757174],[26.1065557,45.6757275],[26.1057764,45.6760835],[26.1042171,45.6771479],[26.1041651,45.677265],[26.1039063,45.677341],[26.1034969,45.6778468],[26.1020631,45.6787503],[26.1014812,45.6789435],[26.1013825,45.6790762],[26.1009369,45.6792123],[26.1007121,45.679179],[26.1001289,45.6794026],[26.0987788,45.6795094],[26.0973689,45.6797968],[26.096705,45.6798691],[26.0962484,45.6798177],[26.0957231,45.6799495],[26.0950895,45.6798111],[26.094489,45.6797966],[26.0941351,45.6798203],[26.093903,45.6799695],[26.0931711,45.6800421],[26.0931476,45.6796534],[26.0929578,45.6793541],[26.0918386,45.6798337],[26.0908667,45.6799396],[26.0908758,45.6804103],[26.0900932,45.6807991],[26.0895033,45.6807359],[26.0892913,45.6813031],[26.0887856,45.681326],[26.0884103,45.6812184],[26.0883657,45.6809091],[26.0880926,45.6805419],[26.0871178,45.6804821],[26.0870984,45.6803433],[26.0868556,45.6801777],[26.084851,45.6795854],[26.0846707,45.6791467],[26.0846261,45.6784755],[26.0852381,45.6773181],[26.0852727,45.6767753],[26.0851218,45.6762777],[26.0829387,45.6739581],[26.0822945,45.6739444],[26.0815188,45.6741419],[26.0811322,45.6734288],[26.08037,45.6725727],[26.080284,45.6722132],[26.0804917,45.6721479],[26.0798588,45.6716985],[26.0795697,45.6713487],[26.0792868,45.6707416],[26.0792468,45.6701321],[26.0783881,45.6695383],[26.0782931,45.6692977],[26.0743757,45.6709314],[26.0731343,45.6705433],[26.0710686,45.6696749],[26.0685453,45.668901],[26.0688148,45.6685763],[26.0688897,45.6680551],[26.0696262,45.6666405],[26.0695003,45.6656008],[26.069757,45.6642353],[26.0714315,45.6617596],[26.0711009,45.6616997],[26.0706736,45.6618017],[26.0699416,45.6621586],[26.0697268,45.6624126],[26.0685978,45.6628923],[26.0684717,45.6630825],[26.0680931,45.663128],[26.0673505,45.663521],[26.0671584,45.6641125],[26.0670967,45.6648651],[26.067072,45.6650046],[26.0665591,45.6652581],[26.0660516,45.6651212],[26.0645289,45.6643567],[26.0625733,45.6642497],[26.0617229,45.664392],[26.060151,45.6651722],[26.0598806,45.6652751],[26.0596364,45.6651899],[26.0587483,45.6643645],[26.0576499,45.6640171],[26.0575353,45.6638923],[26.0570019,45.6639971],[26.0556108,45.6639314],[26.0530548,45.6614146],[26.0524962,45.6615357],[26.0519325,45.661216],[26.0461194,45.6610096],[26.0439122,45.661662],[26.0417402,45.6586095],[26.0397148,45.6554502],[26.0398168,45.6548339],[26.0388342,45.653401],[26.038615,45.653354],[26.0373309,45.6536688],[26.0352794,45.6532068],[26.0344054,45.6528045],[26.0329402,45.6526495],[26.0322254,45.6524723],[26.0315486,45.6524662],[26.030663,45.6521405],[26.0299515,45.6521439],[26.0293281,45.6519505],[26.0289561,45.65166],[26.0283699,45.6515918],[26.027695,45.6510652],[26.0269172,45.6507845],[26.0258114,45.6499893],[26.0246863,45.6482636],[26.0238442,45.6476834],[26.0232565,45.6475294],[26.0231087,45.6473226],[26.0231955,45.6470555],[26.0230582,45.6467077],[26.0220953,45.6465663],[26.0223313,45.6463463],[26.0221357,45.6459749],[26.0221107,45.6455448],[26.0216979,45.6452626],[26.0211083,45.6454003],[26.0209093,45.6453088],[26.0205762,45.6449265],[26.0202724,45.6440294],[26.0204841,45.6436393],[26.0205987,45.6428618],[26.020999,45.642461],[26.021441,45.6413862],[26.0216509,45.6404656],[26.0209732,45.6394349],[26.0202426,45.6374531],[26.02021,45.6374068],[26.0191174,45.6356719],[26.0186995,45.6355302],[26.0180002,45.6347437],[26.0171353,45.6342873],[26.0170717,45.6339214],[26.0161143,45.6328094],[26.0160165,45.6319402],[26.0162534,45.6305368],[26.017399,45.6300361],[26.0176322,45.6298007],[26.0175165,45.6290844],[26.0167537,45.627268],[26.0158295,45.6261785],[26.0154085,45.6258661],[26.014398,45.6252356],[26.0133482,45.6247772],[26.012904,45.62382],[26.0130638,45.6224002],[26.0128692,45.6216977],[26.012903,45.6208846],[26.013824,45.6193438],[26.0146074,45.6188526],[26.0150757,45.6183151],[26.0167565,45.6174015],[26.0183175,45.6167282],[26.0185788,45.6164232],[26.0188303,45.6155418],[26.0195963,45.6156689],[26.0198843,45.6156197],[26.0203033,45.6153035],[26.0207872,45.6152393],[26.0211083,45.6148543],[26.0214778,45.6149579],[26.0223305,45.6155087],[26.0234051,45.6166402],[26.0238445,45.6173471],[26.0245185,45.6173709],[26.0261051,45.6177359],[26.0273877,45.6178331],[26.0281923,45.6177121],[26.0292028,45.6181066],[26.0311808,45.6186132],[26.0321157,45.6186565],[26.0327465,45.6183749],[26.034029,45.6186477],[26.0353771,45.6185808],[26.0370517,45.6181593],[26.0393023,45.6178798],[26.0397805,45.6179071],[26.0407267,45.6176412],[26.0426625,45.6166817],[26.0437931,45.6166793],[26.0466405,45.6174693],[26.0486296,45.6177694],[26.050369,45.6178555],[26.051184,45.6181466],[26.0518362,45.6182543],[26.053554,45.6179776],[26.0550545,45.6175366],[26.0566149,45.6169238],[26.05674,45.6167942],[26.0565446,45.6163817],[26.0556374,45.6156936],[26.0553283,45.614884],[26.0552591,45.6127768],[26.055412,45.6119105],[26.0609782,45.6105376],[26.0640149,45.6078404],[26.0650198,45.6070469],[26.0658304,45.6066284],[26.0659612,45.6064302],[26.062957,45.6047347],[26.0612998,45.6039879],[26.0605589,45.6034154],[26.0604125,45.6031022],[26.0609557,45.6026988],[26.060598,45.6019343],[26.0583498,45.5996873],[26.0578285,45.5994042],[26.0575136,45.5990374],[26.0551939,45.5984202],[26.0544227,45.597923],[26.0537383,45.5976817],[26.0534359,45.5974167],[26.0535543,45.5967577],[26.054185,45.5962012],[26.0544624,45.595774],[26.0546157,45.5942625],[26.0547954,45.5938085],[26.0555837,45.5931948],[26.0561162,45.5930465],[26.056986,45.5923605],[26.0595399,45.5918824],[26.0609854,45.5911375],[26.0617276,45.5905246],[26.0632073,45.5896568],[26.064307,45.5884526],[26.065108,45.5870494],[26.0656142,45.5865579],[26.0660709,45.5863449],[26.0680718,45.5858252],[26.0685847,45.584391],[26.0692507,45.5811231],[26.0707234,45.5798032],[26.0712161,45.5785289],[26.0717611,45.5778499],[26.0733706,45.5777146],[26.0741409,45.5772627],[26.0753566,45.576929],[26.0775002,45.5761395],[26.0798423,45.5759336],[26.0808325,45.5754511],[26.0821512,45.5750792],[26.0840348,45.5749878],[26.0861727,45.5743354],[26.0888435,45.5742459],[26.0897905,45.5740895],[26.0907749,45.5734389],[26.092925,45.572587],[26.0933052,45.5717789],[26.0943452,45.5710918],[26.0951626,45.5700496],[26.0950919,45.5694696],[26.0937482,45.5677702],[26.0936424,45.5670682],[26.0932244,45.5666709],[26.0931077,45.5663884],[26.0931512,45.5653585],[26.0936997,45.5638562],[26.0938329,45.5630936],[26.0938995,45.5611344],[26.094163,45.5606749],[26.0949668,45.5602425],[26.0951871,45.5593726],[26.0951576,45.5586208],[26.0947972,45.5576454],[26.0949329,45.55701],[26.0953946,45.556667],[26.0970559,45.556495],[26.0982397,45.5559982],[26.0992929,45.5557321],[26.1010958,45.5545087],[26.1015139,45.5541351],[26.1019349,45.5533818],[26.1026218,45.5526726],[26.1029315,45.5521138],[26.1031081,45.5513412],[26.1033986,45.5512079],[26.1041585,45.5511399],[26.1043811,45.5510008],[26.1046751,45.5499478],[26.104156,45.5498811],[26.1035684,45.5495857],[26.1033239,45.5492325],[26.102316,45.5488691],[26.1018094,45.5482677],[26.1016679,45.5480177],[26.1016508,45.5471534],[26.101202,45.5461727],[26.101107,45.5454849],[26.1012965,45.5440296],[26.0999307,45.5419734],[26.0985962,45.5405828],[26.0982972,45.5400881],[26.0978265,45.5397732],[26.0969281,45.5394032],[26.0966506,45.5391284],[26.0968312,45.5383879],[26.0966401,45.5372687],[26.0962855,45.5367358],[26.0955628,45.5362891],[26.0944483,45.5352487],[26.0944253,45.5340141],[26.094998,45.5333346],[26.094904,45.5324579],[26.0952032,45.5319959],[26.094751,45.5314636],[26.0946521,45.5309446],[26.0941497,45.5302977],[26.0940459,45.529404],[26.093443,45.528934],[26.0929896,45.5278358],[26.0927142,45.527547],[26.0929768,45.5264372],[26.0926243,45.5256911],[26.0927118,45.5248262],[26.0923551,45.5228488],[26.0920103,45.5221934],[26.0920932,45.521937],[26.091675,45.5218667],[26.0913907,45.5216929],[26.0909475,45.5218557],[26.0894217,45.5215697],[26.0895848,45.5209108],[26.0899434,45.5205837],[26.0899549,45.5204098],[26.0894606,45.5203249],[26.0891938,45.5200779],[26.0898802,45.5191983],[26.0906491,45.5185282],[26.0915656,45.5174828],[26.0917943,45.5170558],[26.0917973,45.5167195],[26.0923982,45.5164759],[26.0933592,45.5163124]]]}},{"type":"Feature","properties":{"entity_id":"osm-r14735797","jurisdiction":"RO","display_name":"BELIN","display_type":"commune","admin_level":8,"tier":"local","legal_registry":"SIRUTA","legal_id":"63866","legal_type":"commune","parent_catalog_id":"osm-r2248621","osm_relation_id":14735797,"legal_identity_status":"reconciled","geometry_source":"OpenStreetMap","canonical_geometry_role":null,"geometry_scope":null,"geometry_precision":"master_coordinate_fidelity"},"geometry":{"type":"Polygon","coordinates":[[[25.6732471,45.8939525],[25.6733852,45.8940858],[25.674368,45.8941243],[25.6746493,45.8944495],[25.6748388,45.8946558],[25.6748362,45.8950727],[25.6751642,45.8957147],[25.6761103,45.8968059],[25.6761449,45.897663],[25.6765781,45.8986396],[25.6764912,45.8989217],[25.6767415,45.8992144],[25.6770134,45.8992926],[25.6772156,45.8995898],[25.6779494,45.9000393],[25.6783229,45.9005624],[25.6782983,45.901008],[25.6786806,45.9012663],[25.6786749,45.9022749],[25.6786103,45.9024097],[25.678317,45.9025375],[25.6781814,45.9032654],[25.6782438,45.9034457],[25.6784431,45.9035033],[25.6786838,45.9039894],[25.6784798,45.9050328],[25.679513,45.9053419],[25.6801557,45.9057246],[25.6811956,45.9065841],[25.6820159,45.9069554],[25.6825185,45.9074461],[25.6826706,45.9078214],[25.6830895,45.9083484],[25.6856,45.9098294],[25.6859729,45.9102936],[25.6861604,45.9108472],[25.6867635,45.9119068],[25.6867883,45.9129446],[25.6873374,45.9142588],[25.6873964,45.9146493],[25.6873122,45.9156247],[25.6871389,45.9159746],[25.6862568,45.9164568],[25.6853773,45.9171576],[25.6850534,45.9177395],[25.6850542,45.9180526],[25.6857946,45.9192584],[25.6871225,45.919761],[25.6878487,45.9210342],[25.6880933,45.9218207],[25.688812,45.9224824],[25.6898448,45.92322],[25.6904239,45.9240276],[25.6910271,45.9245976],[25.6911786,45.9251556],[25.6917183,45.9254591],[25.6922886,45.9260419],[25.692211,45.9268177],[25.6918737,45.9277842],[25.6922106,45.9287193],[25.6925952,45.9291372],[25.6928168,45.929762],[25.6954943,45.9312607],[25.6957506,45.9315281],[25.6958699,45.9319119],[25.6962767,45.9321805],[25.697527,45.9334273],[25.6978915,45.9341542],[25.6978403,45.9348773],[25.6979605,45.9353304],[25.6992736,45.9365369],[25.7000286,45.9381439],[25.7000904,45.9387402],[25.7003253,45.9389825],[25.7010259,45.9393754],[25.7019578,45.9397121],[25.7026396,45.9398046],[25.703964,45.9402188],[25.7055876,45.9402424],[25.7065982,45.9401416],[25.7087272,45.9403553],[25.7097616,45.9406977],[25.7102165,45.9409407],[25.711268,45.9419197],[25.7118862,45.9426869],[25.7118617,45.9428888],[25.7118253,45.9428659],[25.7114765,45.9429143],[25.7111488,45.9431895],[25.7107014,45.943062],[25.7103734,45.9428497],[25.7104553,45.9426601],[25.7102786,45.9425015],[25.7094159,45.941927],[25.7086119,45.9412343],[25.7080915,45.9410443],[25.7071231,45.941626],[25.7059534,45.9415408],[25.7048161,45.9416276],[25.7043113,45.9417232],[25.7037262,45.9421345],[25.7031151,45.9423946],[25.7020377,45.94246],[25.7015338,45.9426228],[25.7001506,45.9428036],[25.6987219,45.9436738],[25.6973917,45.9437618],[25.6963378,45.9442557],[25.6950229,45.9450874],[25.694608,45.9456236],[25.6943506,45.9457555],[25.6909276,45.9466188],[25.6894227,45.9476785],[25.6884053,45.9482183],[25.6875703,45.9484083],[25.6871949,45.9487425],[25.6849479,45.95021],[25.6843768,45.9503101],[25.6835392,45.9507858],[25.68265,45.9514719],[25.680229,45.9530202],[25.6794902,45.9532053],[25.6784058,45.9537077],[25.677497,45.9537803],[25.6757849,45.9546897],[25.6730244,45.9555927],[25.6719468,45.9556621],[25.67124,45.9560109],[25.6705615,45.956204],[25.6700319,45.9562491],[25.6693364,45.9565347],[25.6685589,45.9565141],[25.6674836,45.9567767],[25.6662145,45.9569606],[25.6653807,45.9567722],[25.664737,45.9568516],[25.6642062,45.9568042],[25.6634121,45.9564012],[25.6628094,45.9558794],[25.6620107,45.9555941],[25.6608273,45.9553824],[25.659739,45.9550693],[25.6586164,45.9548993],[25.6581686,45.9547338],[25.6576201,45.9547159],[25.657091,45.9543029],[25.6563636,45.9539247],[25.6556216,45.9538491],[25.6553546,45.9536825],[25.6549328,45.9536765],[25.6541986,45.9532395],[25.654148,45.9530339],[25.6536371,45.952625],[25.6528668,45.9521881],[25.6522025,45.952049],[25.6507031,45.9521122],[25.6492271,45.9510868],[25.6488305,45.9506562],[25.6488992,45.9503449],[25.6481369,45.9500676],[25.6475226,45.9500837],[25.6459841,45.9509245],[25.6454952,45.9508474],[25.6453366,45.9512013],[25.6451452,45.9513201],[25.6446384,45.9512557],[25.6442809,45.9510728],[25.6440829,45.9511496],[25.6437504,45.9515633],[25.6439636,45.9517722],[25.6438986,45.9518734],[25.6430122,45.9523281],[25.6425549,45.9523811],[25.6421784,45.9526479],[25.6416798,45.9527642],[25.6416583,45.9529955],[25.6422273,45.9532276],[25.6421033,45.9534468],[25.6410685,45.9535661],[25.6405303,45.9528757],[25.6406038,45.9524593],[25.6404912,45.9520985],[25.6398485,45.9517407],[25.6399033,45.9512697],[25.6394995,45.9507341],[25.6395208,45.9504902],[25.6390972,45.9503245],[25.6386886,45.9498897],[25.6385262,45.9496571],[25.6384668,45.9492039],[25.6370953,45.9488586],[25.6362343,45.9483675],[25.635145,45.9479365],[25.6343435,45.9473863],[25.6339084,45.947271],[25.6332816,45.9472409],[25.6328729,45.9473272],[25.6318902,45.9477865],[25.6313337,45.9475879],[25.6307555,45.9475911],[25.6299157,45.9479151],[25.6295816,45.9482027],[25.6291261,45.948407],[25.6263878,45.9491785],[25.6245157,45.9498443],[25.6232218,45.950507],[25.6219368,45.9519596],[25.6204668,45.953035],[25.6202027,45.9531289],[25.6187079,45.9530698],[25.617482,45.9533454],[25.6161469,45.954647],[25.614397,45.9554969],[25.6125722,45.9561118],[25.6118546,45.9566032],[25.610751,45.957063],[25.6102267,45.9576037],[25.6096524,45.9579765],[25.6090476,45.9577697],[25.6085068,45.9584575],[25.6074744,45.9588202],[25.6059922,45.9588239],[25.6054948,45.9590703],[25.6046279,45.9591379],[25.6040671,45.9590947],[25.6037578,45.9589156],[25.602624,45.9588166],[25.6021706,45.9586803],[25.6018876,45.9587028],[25.6016816,45.9585904],[25.6014234,45.95868],[25.600772,45.958612],[25.6003821,45.958778],[25.5998986,45.9586376],[25.5992303,45.9586916],[25.5986975,45.9590095],[25.5980148,45.958845],[25.5978467,45.9588963],[25.5976995,45.9592165],[25.5973997,45.9593525],[25.5970893,45.9590684],[25.5967205,45.9589527],[25.5965826,45.959008],[25.5965191,45.9592689],[25.5961686,45.9591741],[25.5959917,45.9589775],[25.5956839,45.9589245],[25.5955155,45.958959],[25.595349,45.9591573],[25.5951445,45.959192],[25.5944532,45.9587838],[25.5939233,45.9588202],[25.5937892,45.9586738],[25.5920726,45.9581616],[25.5917992,45.9579487],[25.5916502,45.9581092],[25.5914197,45.9579591],[25.5910779,45.9581163],[25.5908729,45.9581006],[25.5906719,45.9578957],[25.5902199,45.9578897],[25.5901858,45.9575116],[25.5900459,45.9573905],[25.5897283,45.957556],[25.5894395,45.9575911],[25.5890946,45.9574584],[25.5885579,45.957415],[25.5882057,45.9571562],[25.588165,45.9567236],[25.587496,45.9567102],[25.5872533,45.9565476],[25.5873112,45.9563204],[25.587022,45.9563219],[25.5866919,45.9564454],[25.5866098,45.9560929],[25.5863734,45.9559554],[25.5861505,45.9559607],[25.5857017,45.9562488],[25.5852001,45.9561085],[25.5847257,45.956258],[25.5845372,45.9560951],[25.5846975,45.9558631],[25.5845337,45.9557631],[25.5841914,45.9558699],[25.5840222,45.9558204],[25.5839776,45.9555853],[25.5834556,45.9552223],[25.5830799,45.9544468],[25.5828746,45.9544016],[25.582721,45.9541167],[25.5823152,45.953917],[25.5823853,45.9537023],[25.5814419,45.953371],[25.5814914,45.9529169],[25.5810082,45.9527974],[25.5808655,45.9524073],[25.5804796,45.9523757],[25.5802949,45.9519942],[25.5798901,45.9518828],[25.5800368,45.9515081],[25.5792804,45.9511925],[25.579088,45.9512229],[25.5789052,45.9510305],[25.5786603,45.9512293],[25.5784612,45.9512009],[25.5783623,45.9509576],[25.5781704,45.9510511],[25.5779166,45.9509725],[25.5773221,45.9511562],[25.577119,45.9513253],[25.5768175,45.9512975],[25.5761933,45.9509434],[25.5757402,45.9508238],[25.5751508,45.9503393],[25.5750087,45.9499954],[25.5745511,45.950023],[25.5744938,45.9497207],[25.574199,45.94976],[25.5738951,45.9495052],[25.5736137,45.9496747],[25.5734147,45.9496589],[25.5732918,45.9494199],[25.5728675,45.9491699],[25.5727412,45.9486033],[25.5725088,45.9482661],[25.5719194,45.9480737],[25.570884,45.9475599],[25.5703856,45.9474258],[25.5701452,45.9474732],[25.5684681,45.9484187],[25.5657282,45.9485374],[25.5629247,45.9489127],[25.5578952,45.9507906],[25.5576195,45.9509349],[25.556847,45.9519976],[25.5569628,45.9527283],[25.5564914,45.9537896],[25.5550215,45.955007],[25.5532191,45.956005],[25.5510366,45.9573896],[25.5505979,45.95748],[25.5485207,45.9569133],[25.5457672,45.9570428],[25.5448821,45.956869],[25.5443547,45.9564295],[25.5432106,45.9549123],[25.5422428,45.9541754],[25.5420635,45.9532803],[25.542849,45.9526886],[25.5447426,45.9512891],[25.5459545,45.9499782],[25.5465516,45.9482977],[25.5463886,45.9477374],[25.5454285,45.9461808],[25.54498,45.9447302],[25.5444456,45.9437034],[25.5430659,45.9423055],[25.5425034,45.9412211],[25.5420285,45.9406269],[25.5417474,45.9403355],[25.5405824,45.9397158],[25.5403698,45.9391396],[25.5407058,45.9382241],[25.5417897,45.9361836],[25.5434102,45.9340114],[25.5440634,45.9328856],[25.5445731,45.9314113],[25.5452404,45.9301978],[25.5458422,45.9297317],[25.5462079,45.9287432],[25.5457837,45.9267112],[25.5459538,45.9264612],[25.546948,45.9261485],[25.5492974,45.9260279],[25.5500786,45.9257956],[25.5506871,45.9253754],[25.5522309,45.9236462],[25.554067,45.9222468],[25.5564377,45.9217623],[25.5572058,45.9214805],[25.5577398,45.9208352],[25.5574296,45.9193866],[25.5574667,45.9186384],[25.5577077,45.9181619],[25.5588495,45.9172758],[25.562266,45.9165701],[25.5624968,45.916432],[25.5634431,45.9146459],[25.5634007,45.9139859],[25.5629091,45.9130541],[25.5621941,45.9121439],[25.5615274,45.9116756],[25.5604842,45.9115825],[25.5587465,45.9124458],[25.5571278,45.9125421],[25.5563804,45.9124475],[25.5558848,45.9121847],[25.5542852,45.9099623],[25.5530939,45.9092338],[25.5515247,45.9085724],[25.5496673,45.9074913],[25.5486625,45.9067354],[25.548084,45.9056976],[25.5480063,45.9050167],[25.5480455,45.9035919],[25.5482894,45.90312],[25.54894,45.9024727],[25.549576,45.9022587],[25.5509241,45.9019734],[25.5528815,45.901725],[25.5531657,45.9016041],[25.5534679,45.901377],[25.5536687,45.9005263],[25.5534363,45.9001159],[25.551553,45.9001516],[25.5506299,45.8998354],[25.5491899,45.8988947],[25.5477532,45.8982806],[25.5436879,45.8959062],[25.5476208,45.8967967],[25.5485852,45.8968508],[25.5494468,45.8966342],[25.5500684,45.8961614],[25.5502983,45.8958075],[25.5503962,45.894891],[25.5500415,45.8935055],[25.5492071,45.892702],[25.5481248,45.8923951],[25.5474253,45.8924528],[25.545366,45.8929671],[25.5421112,45.8931797],[25.5416269,45.8929717],[25.5413072,45.8926576],[25.5411905,45.8919857],[25.5415507,45.8914983],[25.5425533,45.8909353],[25.5439274,45.890371],[25.5457024,45.8890368],[25.5462827,45.8908522],[25.5470529,45.8909152],[25.5500658,45.8907575],[25.5510693,45.8904305],[25.55222,45.8903882],[25.5537064,45.890078],[25.5543208,45.890133],[25.5537936,45.8908268],[25.5537109,45.8911612],[25.5538962,45.8921759],[25.554818,45.8947321],[25.5550636,45.8961734],[25.5577256,45.8957152],[25.559468,45.8955693],[25.5609038,45.895915],[25.5620359,45.8960662],[25.565296,45.8962098],[25.5661581,45.8963939],[25.5658954,45.8967243],[25.56824,45.8968165],[25.570816,45.8972004],[25.5709089,45.8959003],[25.5717781,45.8957424],[25.5727603,45.8957219],[25.5745187,45.8953162],[25.5762694,45.89528],[25.576836,45.8956969],[25.577338,45.8958192],[25.5790291,45.8955638],[25.5802571,45.8957803],[25.58113,45.8961011],[25.582063,45.8960252],[25.5826523,45.8961875],[25.5830124,45.8960275],[25.5838363,45.8961078],[25.5846656,45.8958107],[25.5868663,45.8955038],[25.5875264,45.895106],[25.5884317,45.895081],[25.5889095,45.8947731],[25.5894331,45.8939545],[25.5905656,45.8936622],[25.5910732,45.8937067],[25.5922844,45.8941693],[25.5928411,45.8941328],[25.5938465,45.8939411],[25.5954005,45.8934576],[25.5956314,45.8932913],[25.5957189,45.8930251],[25.5965931,45.8926153],[25.5990584,45.892553],[25.5997429,45.8927897],[25.6011207,45.8924365],[25.6023093,45.8924516],[25.6031258,45.8920814],[25.6033086,45.8918215],[25.6049286,45.8912735],[25.6058007,45.8912961],[25.6089696,45.8916971],[25.6096478,45.8915051],[25.6102684,45.8918463],[25.6115077,45.8919378],[25.6121567,45.8921706],[25.6129382,45.8922688],[25.613539,45.892665],[25.6146773,45.8930323],[25.6158673,45.8936571],[25.6164621,45.893615],[25.6170377,45.8938281],[25.6174197,45.8938038],[25.6184319,45.8939873],[25.6204907,45.8949432],[25.6224073,45.8954561],[25.6228976,45.8954954],[25.6239239,45.8961143],[25.6246326,45.8962842],[25.6252144,45.8968332],[25.6270091,45.8970691],[25.6282792,45.8974618],[25.6296319,45.8976583],[25.6303392,45.8982439],[25.6307533,45.8984301],[25.6316804,45.8986044],[25.6335106,45.8995344],[25.6339892,45.8999611],[25.6351727,45.9002028],[25.6368238,45.9008921],[25.6390389,45.901129],[25.6396335,45.900996],[25.6412381,45.9020227],[25.6435721,45.9025459],[25.6452243,45.9024879],[25.6471493,45.9018594],[25.6496837,45.9016012],[25.6517601,45.900988],[25.6523965,45.9006674],[25.6533942,45.9003854],[25.6547465,45.8995731],[25.6556377,45.8993963],[25.6571929,45.8994453],[25.6592179,45.8984051],[25.6600935,45.8982004],[25.6606518,45.8981647],[25.6620439,45.8974192],[25.6641732,45.8965139],[25.6654438,45.8956131],[25.6673652,45.8948962],[25.6678735,45.8948327],[25.6684502,45.8945575],[25.6684504,45.8945575],[25.6710469,45.8936252],[25.6730489,45.8939497],[25.6732471,45.8939525]]]}},{"type":"Feature","properties":{"entity_id":"osm-r14735798","jurisdiction":"RO","display_name":"HĂGHIG","display_type":"commune","admin_level":8,"tier":"local","legal_registry":"SIRUTA","legal_id":"64390","legal_type":"commune","parent_catalog_id":"osm-r2248621","osm_relation_id":14735798,"legal_identity_status":"reconciled","geometry_source":"OpenStreetMap","canonical_geometry_role":null,"geometry_scope":null,"geometry_precision":"master_coordinate_fidelity"},"geometry":{"type":"Polygon","coordinates":[[[25.6732471,45.8939525],[25.6730489,45.8939497],[25.6710469,45.8936252],[25.6684504,45.8945575],[25.6684502,45.8945575],[25.6678735,45.8948327],[25.6673652,45.8948962],[25.6654438,45.8956131],[25.6641732,45.8965139],[25.6620439,45.8974192],[25.6606518,45.8981647],[25.6600935,45.8982004],[25.6592179,45.8984051],[25.6571929,45.8994453],[25.6556377,45.8993963],[25.6547465,45.8995731],[25.6533942,45.9003854],[25.6523965,45.9006674],[25.6517601,45.900988],[25.6496837,45.9016012],[25.6471493,45.9018594],[25.6452243,45.9024879],[25.6435721,45.9025459],[25.6412381,45.9020227],[25.6396335,45.900996],[25.6398311,45.9002461],[25.640221,45.8996179],[25.6405393,45.899161],[25.6412154,45.8986021],[25.6421428,45.8973154],[25.6421289,45.8959041],[25.6410066,45.8952293],[25.6395889,45.8950992],[25.638566,45.8946952],[25.6368506,45.8944958],[25.635251,45.8941404],[25.6341817,45.8941484],[25.6326047,45.8935153],[25.6275274,45.8923731],[25.6257664,45.8916722],[25.6240293,45.8912832],[25.6229632,45.8909343],[25.6212977,45.8899122],[25.6207195,45.8896838],[25.6192353,45.8895356],[25.6178862,45.8890089],[25.6132354,45.8879055],[25.6111574,45.887557],[25.6101122,45.8872497],[25.6039919,45.8872548],[25.6016188,45.8871819],[25.6009034,45.8870667],[25.6002171,45.8862463],[25.5999722,45.8856369],[25.6006213,45.884924],[25.6006635,45.8845699],[25.5998806,45.8829148],[25.5994052,45.8825143],[25.5992971,45.8817069],[25.5975864,45.8801641],[25.5959774,45.8783017],[25.5958015,45.8772883],[25.5942261,45.8779514],[25.5932421,45.877912],[25.5926453,45.8776356],[25.5904644,45.8751296],[25.5900434,45.8739437],[25.5901625,45.8736575],[25.5896723,45.8734109],[25.5894932,45.8731732],[25.5896225,45.8728219],[25.5889675,45.8729086],[25.5881549,45.8725039],[25.5877439,45.8724439],[25.5874887,45.8721397],[25.5867643,45.872301],[25.585944,45.8721229],[25.5848982,45.8724328],[25.5845133,45.8723287],[25.5839323,45.8727],[25.5832854,45.8729477],[25.5819879,45.8741193],[25.5807283,45.8755479],[25.5812685,45.8759308],[25.5826094,45.8761848],[25.5830381,45.8765455],[25.585318,45.8775108],[25.587304,45.8791288],[25.5899061,45.8802498],[25.5896306,45.8808387],[25.5891834,45.8827018],[25.5881414,45.8828438],[25.5864561,45.8827208],[25.5854848,45.8828783],[25.5835434,45.8829564],[25.5831936,45.8829184],[25.5823527,45.8825541],[25.5802158,45.8822339],[25.5799057,45.8821107],[25.5778643,45.8805646],[25.5766939,45.8805478],[25.5756519,45.8803659],[25.572815,45.878903],[25.5716832,45.8771999],[25.5577814,45.8764588],[25.5581504,45.8754985],[25.5581604,45.8750407],[25.5573193,45.874007],[25.5570957,45.8735096],[25.5569564,45.8731354],[25.5569145,45.871421],[25.5576352,45.870624],[25.5586639,45.8700289],[25.5593863,45.8692375],[25.559614,45.868687],[25.5599656,45.866825],[25.5608415,45.8653575],[25.5611706,45.8638746],[25.5615724,45.8634268],[25.5633601,45.8622833],[25.5638197,45.861815],[25.5644284,45.8603095],[25.5645513,45.8584964],[25.5638707,45.8545565],[25.5638503,45.8535433],[25.5636347,45.8531433],[25.56178,45.8510464],[25.5613353,45.8500811],[25.5615512,45.8491238],[25.5619838,45.8488966],[25.5626734,45.8485895],[25.5644007,45.8482659],[25.567235,45.8473724],[25.5676982,45.8469871],[25.567756,45.8466748],[25.5671414,45.846153],[25.565552,45.8456361],[25.5651223,45.8453262],[25.5639508,45.8439561],[25.5637599,45.8431485],[25.563993,45.8420555],[25.5642775,45.84174],[25.5646713,45.8415496],[25.5668842,45.8416266],[25.5673681,45.8414609],[25.5679022,45.8409306],[25.5679125,45.8401769],[25.5670983,45.8381855],[25.5670716,45.8376653],[25.5670644,45.837077],[25.5672404,45.8365534],[25.5677613,45.8361037],[25.5686336,45.8355995],[25.5698976,45.8355054],[25.5716825,45.8356501],[25.5734749,45.8355916],[25.57464,45.8353049],[25.5754526,45.8349323],[25.5760702,45.8343471],[25.576417,45.833514],[25.5761995,45.8314075],[25.5768097,45.830748],[25.5777593,45.8303612],[25.5786553,45.8302194],[25.5802657,45.8294754],[25.5852299,45.8277901],[25.5859412,45.8276407],[25.5885843,45.8276756],[25.5894918,45.827574],[25.5898329,45.8283491],[25.5930721,45.8278631],[25.599842,45.8263797],[25.6017349,45.8292035],[25.606053,45.8278107],[25.6060521,45.8252993],[25.6104834,45.8244447],[25.6105003,45.8245092],[25.610618,45.8249571],[25.6104743,45.8254224],[25.6096675,45.8269104],[25.6100028,45.8276435],[25.6104543,45.8281264],[25.6117504,45.8287504],[25.612147,45.8287413],[25.6143239,45.827982],[25.614604,45.8277218],[25.6149619,45.8270586],[25.6152783,45.8268269],[25.6157302,45.8266912],[25.6169956,45.8265976],[25.6183403,45.826194],[25.6186002,45.8259698],[25.6187539,45.8253528],[25.6204145,45.8244422],[25.6237919,45.8240518],[25.6296199,45.8234135],[25.631073,45.8232794],[25.6315783,45.8233102],[25.6332315,45.8238642],[25.6349205,45.8249222],[25.6355112,45.825066],[25.6356415,45.8259478],[25.6361935,45.8263817],[25.6377494,45.8268311],[25.6386708,45.826973],[25.6390538,45.8273533],[25.6391617,45.8278486],[25.6395595,45.8284599],[25.639585,45.8291154],[25.6397339,45.8295222],[25.6395916,45.8302122],[25.6389511,45.8309722],[25.6389435,45.8313589],[25.6387658,45.831591],[25.6385386,45.8327522],[25.6386772,45.8338272],[25.6384112,45.8342195],[25.6383973,45.834581],[25.638689,45.8361679],[25.6385967,45.8365046],[25.6378359,45.8372737],[25.637437,45.8381417],[25.6375698,45.8392336],[25.6379259,45.8398788],[25.6380048,45.8404751],[25.6377216,45.8409389],[25.6369575,45.8414223],[25.6365526,45.8417691],[25.6363758,45.8420895],[25.6362142,45.8426788],[25.6363239,45.8438548],[25.6360578,45.8447809],[25.6361469,45.845209],[25.6362695,45.84541],[25.6367654,45.8456594],[25.6376454,45.8458394],[25.6380348,45.8462407],[25.6382183,45.8465086],[25.6384118,45.8476506],[25.6387196,45.8482792],[25.6402972,45.8495059],[25.6404543,45.8495722],[25.6409818,45.8494264],[25.6413742,45.8495503],[25.6415969,45.8506122],[25.6413562,45.850601],[25.6413633,45.8506976],[25.641094,45.8508084],[25.6413433,45.8510465],[25.6412551,45.8512235],[25.6415486,45.8516421],[25.6453283,45.8550164],[25.6458854,45.8553494],[25.647817,45.8569901],[25.651519,45.8582843],[25.658926,45.860591],[25.6609375,45.8618191],[25.6604118,45.8621247],[25.6610002,45.8625374],[25.6611055,45.8627931],[25.6615471,45.8630049],[25.6617179,45.8632098],[25.6625461,45.8645624],[25.6630118,45.865791],[25.6623344,45.865984],[25.6620245,45.8662254],[25.6619662,45.8663812],[25.6622585,45.8666821],[25.6622749,45.8670476],[25.6624325,45.8671518],[25.662799,45.867116],[25.6633531,45.8666631],[25.6636055,45.8666491],[25.6636512,45.866943],[25.6642148,45.8672927],[25.6643251,45.8674686],[25.6643931,45.8681195],[25.6650385,45.8687756],[25.664955,45.8688349],[25.6647665,45.8686637],[25.6646165,45.868694],[25.6646789,45.8688827],[25.6643022,45.869074],[25.6642794,45.8691792],[25.6645794,45.8696229],[25.665169,45.8701238],[25.6650114,45.8705281],[25.6652294,45.8716615],[25.6656436,45.8720836],[25.6657373,45.8723772],[25.6657147,45.8730035],[25.6653111,45.8734597],[25.6649331,45.8735502],[25.6649162,45.8736427],[25.6650988,45.8743225],[25.6659959,45.8758847],[25.6660088,45.8764646],[25.6666026,45.8778185],[25.6672055,45.8784244],[25.6685703,45.878845],[25.6691234,45.8793083],[25.6690913,45.8796362],[25.6685468,45.8803959],[25.6686453,45.8805802],[25.6690641,45.8808803],[25.6687642,45.8814578],[25.6687903,45.8816258],[25.6692209,45.8819132],[25.6692536,45.8821273],[25.6699452,45.8830983],[25.6699339,45.8836615],[25.6704341,45.8842175],[25.6702993,45.884525],[25.670387,45.8853104],[25.6705898,45.885658],[25.6709662,45.8859289],[25.671176,45.8863606],[25.6712088,45.8880876],[25.6709946,45.8887864],[25.6706319,45.8891542],[25.6705517,45.8894866],[25.670629,45.8899064],[25.6711747,45.8912438],[25.6715404,45.8916283],[25.6714545,45.8924861],[25.6725297,45.8935229],[25.6728833,45.893688],[25.6729636,45.8938598],[25.6732475,45.8939485],[25.6732471,45.8939525]]]}},{"type":"Feature","properties":{"entity_id":"osm-r14735799","jurisdiction":"RO","display_name":"VÂLCELE","display_type":"commune","admin_level":8,"tier":"local","legal_registry":"SIRUTA","legal_id":"64942","legal_type":"commune","parent_catalog_id":"osm-r2248621","osm_relation_id":14735799,"legal_identity_status":"reconciled","geometry_source":"OpenStreetMap","canonical_geometry_role":null,"geometry_scope":null,"geometry_precision":"master_coordinate_fidelity"},"geometry":{"type":"Polygon","coordinates":[[[25.673645,45.7464441],[25.6741339,45.7468566],[25.6746173,45.7472713],[25.6763719,45.7478218],[25.6769541,45.7477548],[25.6777026,45.747846],[25.6779654,45.7494019],[25.6786636,45.7501828],[25.6815447,45.7515371],[25.6816665,45.7514775],[25.6818308,45.751647],[25.6831786,45.7521681],[25.6847546,45.7536062],[25.6851275,45.7536116],[25.6851624,45.7537802],[25.685355,45.7538365],[25.6856442,45.7537274],[25.6856315,45.7540343],[25.6858304,45.7541635],[25.6857335,45.7544186],[25.6860577,45.7548443],[25.6865368,45.755248],[25.6873446,45.7555136],[25.6878532,45.7558447],[25.6883813,45.7560304],[25.6887225,45.7563242],[25.6890728,45.7569869],[25.6894633,45.7571421],[25.6896501,45.7576572],[25.6898563,45.7577914],[25.6898617,45.7579738],[25.6906424,45.7590627],[25.6908161,45.7597474],[25.6909722,45.7597995],[25.6912846,45.7596227],[25.6916782,45.759797],[25.6922577,45.7595478],[25.6927774,45.7595818],[25.6937302,45.7599685],[25.6946121,45.7605655],[25.6956231,45.7604915],[25.6962831,45.7609452],[25.696811,45.7610056],[25.6973082,45.761297],[25.6974379,45.7616059],[25.6973268,45.7619036],[25.6977236,45.7621386],[25.6980375,45.7625266],[25.6979585,45.7633727],[25.6981656,45.76491],[25.6987118,45.765884],[25.6987526,45.7662398],[25.6993446,45.7669968],[25.6993284,45.7676369],[25.6996371,45.7694553],[25.6997193,45.7695899],[25.7007717,45.7700378],[25.7010053,45.7702616],[25.7011505,45.7713244],[25.7010778,45.7720019],[25.7012452,45.7723986],[25.7018502,45.7731382],[25.7027273,45.7737581],[25.7028935,45.7738451],[25.7038203,45.7743302],[25.7042068,45.7750273],[25.7039321,45.7754253],[25.7040903,45.7762631],[25.7039083,45.7774357],[25.7035629,45.7774837],[25.7026825,45.7779148],[25.7017757,45.7779098],[25.7012414,45.7787523],[25.6997363,45.7796653],[25.6994815,45.7799683],[25.6982236,45.7804372],[25.6977364,45.7810941],[25.6977183,45.7815337],[25.698081,45.783331],[25.6986261,45.7838311],[25.6984378,45.7859218],[25.6978377,45.7861352],[25.6970969,45.786055],[25.6963433,45.7862247],[25.6968267,45.7873974],[25.6972463,45.7878054],[25.6974431,45.7899092],[25.6981488,45.792673],[25.6977255,45.79295],[25.6974596,45.7929032],[25.6959413,45.7932595],[25.6958635,45.794422],[25.6959483,45.7947442],[25.6964391,45.7952496],[25.6967393,45.7961919],[25.6963502,45.7973724],[25.6963545,45.7977113],[25.6966973,45.8011469],[25.6968623,45.8014283],[25.6978915,45.8016157],[25.6986816,45.8011428],[25.6994417,45.8010333],[25.7003605,45.8006968],[25.7006841,45.8007432],[25.7013106,45.8010218],[25.701657,45.8010439],[25.702185,45.8017467],[25.7027489,45.8020862],[25.7030036,45.8026132],[25.7029526,45.803602],[25.7041313,45.804668],[25.7042016,45.8056642],[25.7044374,45.8065221],[25.7028707,45.8090132],[25.7027811,45.8101394],[25.7024788,45.8104197],[25.7026129,45.8109918],[25.7023929,45.8120745],[25.7024144,45.8139074],[25.7027687,45.8147412],[25.7030316,45.8163515],[25.7030171,45.8176528],[25.7025439,45.8199434],[25.7027358,45.8209751],[25.70267,45.8217099],[25.7030368,45.8224258],[25.702748,45.8242392],[25.7031034,45.8244993],[25.7034041,45.8259237],[25.704227,45.8273328],[25.7041487,45.8279869],[25.7048489,45.8285959],[25.7052526,45.8294851],[25.7055908,45.8297574],[25.7063089,45.8308544],[25.7070513,45.8316003],[25.7070541,45.8318181],[25.7074425,45.8324048],[25.7074428,45.8328849],[25.7077669,45.8334075],[25.7087749,45.8341517],[25.7091346,45.8342947],[25.7095271,45.8347482],[25.7104332,45.8351944],[25.7105286,45.8354319],[25.7109223,45.8355263],[25.7112799,45.8359598],[25.7111138,45.8365096],[25.7106339,45.8369039],[25.7093311,45.8374951],[25.7084757,45.8380874],[25.7078864,45.8394104],[25.7075674,45.8397513],[25.7080822,45.8402807],[25.7082709,45.8415061],[25.7089137,45.8421154],[25.7093648,45.843089],[25.705556,45.845473],[25.7044462,45.844915],[25.7041462,45.844933],[25.7041855,45.8452958],[25.7049742,45.8460334],[25.7049482,45.8462635],[25.705089,45.8464361],[25.7049447,45.8464451],[25.7046306,45.8462534],[25.7044112,45.8462547],[25.7041129,45.8464099],[25.7040985,45.8466359],[25.7043598,45.8467554],[25.7065644,45.8466953],[25.7066549,45.8465414],[25.708185,45.8463323],[25.7099217,45.8471546],[25.7102588,45.8475535],[25.7102715,45.8490059],[25.7126755,45.8482728],[25.7141964,45.8480131],[25.7163415,45.847806],[25.7166625,45.8476265],[25.7173535,45.8474849],[25.7176282,45.8472976],[25.718569,45.8471867],[25.7188538,45.8476824],[25.7195436,45.8488806],[25.7188636,45.8491904],[25.717226,45.8496771],[25.7090363,45.8516042],[25.7095875,45.8525178],[25.7087456,45.853153],[25.7094018,45.8541209],[25.7087729,45.8542868],[25.7080901,45.854273],[25.7069918,45.8539918],[25.7058448,45.853927],[25.7051137,45.8541655],[25.7046706,45.8547711],[25.7050133,45.85539],[25.7050415,45.8566047],[25.704929,45.8568754],[25.7045931,45.8567875],[25.7046104,45.8561214],[25.7044735,45.8565002],[25.7036438,45.8570903],[25.7018685,45.8572542],[25.701241,45.8575461],[25.700131,45.8577149],[25.7027608,45.8657082],[25.702728,45.8661764],[25.7031455,45.8665878],[25.7030987,45.866966],[25.7033768,45.8675673],[25.7033616,45.8694212],[25.7035478,45.8698881],[25.7030094,45.8700984],[25.7027802,45.8703068],[25.7025058,45.8710284],[25.7020246,45.8716883],[25.7013718,45.8720253],[25.7010242,45.8720454],[25.70052,45.8719045],[25.6994163,45.8713123],[25.6984348,45.8712188],[25.6980589,45.8713148],[25.6972737,45.87218],[25.6970691,45.8725735],[25.6969072,45.8735195],[25.6969752,45.8738071],[25.698034,45.8750246],[25.6983191,45.8761837],[25.6985811,45.8765241],[25.6986125,45.8769739],[25.6983123,45.8776957],[25.69836,45.8784153],[25.6993006,45.8794445],[25.6996226,45.8804595],[25.6999111,45.8808537],[25.6999014,45.8811147],[25.7004859,45.8814801],[25.7005913,45.8816684],[25.700504,45.881894],[25.6994992,45.8819181],[25.6972372,45.8823819],[25.6963286,45.8828824],[25.6927265,45.8843893],[25.6895976,45.886658],[25.6884762,45.8876817],[25.6852381,45.8917113],[25.6846836,45.8928115],[25.6841842,45.8934869],[25.6826839,45.894973],[25.6815159,45.894923],[25.6795313,45.8938819],[25.6785478,45.8935548],[25.678122,45.8935123],[25.6776035,45.8932724],[25.6769351,45.8934203],[25.6762815,45.8937212],[25.6757917,45.8937151],[25.6750237,45.8942713],[25.6748388,45.8946558],[25.6746493,45.8944495],[25.674368,45.8941243],[25.6733852,45.8940858],[25.6732471,45.8939525],[25.6732475,45.8939485],[25.6729636,45.8938598],[25.6728833,45.893688],[25.6725297,45.8935229],[25.6714545,45.8924861],[25.6715404,45.8916283],[25.6711747,45.8912438],[25.670629,45.8899064],[25.6705517,45.8894866],[25.6706319,45.8891542],[25.6709946,45.8887864],[25.6712088,45.8880876],[25.671176,45.8863606],[25.6709662,45.8859289],[25.6705898,45.885658],[25.670387,45.8853104],[25.6702993,45.884525],[25.6704341,45.8842175],[25.6699339,45.8836615],[25.6699452,45.8830983],[25.6692536,45.8821273],[25.6692209,45.8819132],[25.6687903,45.8816258],[25.6687642,45.8814578],[25.6690641,45.8808803],[25.6686453,45.8805802],[25.6685468,45.8803959],[25.6690913,45.8796362],[25.6691234,45.8793083],[25.6685703,45.878845],[25.6672055,45.8784244],[25.6666026,45.8778185],[25.6660088,45.8764646],[25.6659959,45.8758847],[25.6650988,45.8743225],[25.6649162,45.8736427],[25.6649331,45.8735502],[25.6653111,45.8734597],[25.6657147,45.8730035],[25.6657373,45.8723772],[25.6656436,45.8720836],[25.6652294,45.8716615],[25.6650114,45.8705281],[25.665169,45.8701238],[25.6645794,45.8696229],[25.6642794,45.8691792],[25.6643022,45.869074],[25.6646789,45.8688827],[25.6646165,45.868694],[25.6647665,45.8686637],[25.664955,45.8688349],[25.6650385,45.8687756],[25.6643931,45.8681195],[25.6643251,45.8674686],[25.6642148,45.8672927],[25.6636512,45.866943],[25.6636055,45.8666491],[25.6633531,45.8666631],[25.662799,45.867116],[25.6624325,45.8671518],[25.6622749,45.8670476],[25.6622585,45.8666821],[25.6619662,45.8663812],[25.6620245,45.8662254],[25.6623344,45.865984],[25.6630118,45.865791],[25.6625461,45.8645624],[25.6617179,45.8632098],[25.6615471,45.8630049],[25.6611055,45.8627931],[25.6610002,45.8625374],[25.6604118,45.8621247],[25.6609375,45.8618191],[25.658926,45.860591],[25.651519,45.8582843],[25.647817,45.8569901],[25.6458854,45.8553494],[25.6453283,45.8550164],[25.6415486,45.8516421],[25.6412551,45.8512235],[25.6413433,45.8510465],[25.641094,45.8508084],[25.6413633,45.8506976],[25.6413562,45.850601],[25.6415969,45.8506122],[25.6413742,45.8495503],[25.6409818,45.8494264],[25.6404543,45.8495722],[25.6402972,45.8495059],[25.6387196,45.8482792],[25.6384118,45.8476506],[25.6382183,45.8465086],[25.6380348,45.8462407],[25.6376454,45.8458394],[25.6367654,45.8456594],[25.6362695,45.84541],[25.6361469,45.845209],[25.6360578,45.8447809],[25.6363239,45.8438548],[25.6362142,45.8426788],[25.6363758,45.8420895],[25.6365526,45.8417691],[25.6369575,45.8414223],[25.6377216,45.8409389],[25.6380048,45.8404751],[25.6379259,45.8398788],[25.6375698,45.8392336],[25.637437,45.8381417],[25.6378359,45.8372737],[25.6385967,45.8365046],[25.638689,45.8361679],[25.6383973,45.834581],[25.6384112,45.8342195],[25.6386772,45.8338272],[25.6385386,45.8327522],[25.6387658,45.831591],[25.6389435,45.8313589],[25.6389511,45.8309722],[25.6395916,45.8302122],[25.6397339,45.8295222],[25.639585,45.8291154],[25.6395595,45.8284599],[25.6391617,45.8278486],[25.6390538,45.8273533],[25.6386708,45.826973],[25.6377494,45.8268311],[25.6361935,45.8263817],[25.6356415,45.8259478],[25.6355112,45.825066],[25.6349205,45.8249222],[25.6332315,45.8238642],[25.6315783,45.8233102],[25.631073,45.8232794],[25.6296199,45.8234135],[25.6237919,45.8240518],[25.6213074,45.8231912],[25.6190402,45.8224405],[25.6185597,45.8223796],[25.616225,45.8213266],[25.6162581,45.8211691],[25.6168995,45.8197241],[25.6173457,45.8190723],[25.6185779,45.8177508],[25.6194382,45.8170825],[25.6213637,45.8163262],[25.6218878,45.8160337],[25.6221108,45.8157605],[25.6222835,45.8154787],[25.6223388,45.8148115],[25.6219648,45.8139272],[25.6216608,45.8122914],[25.62171,45.8106364],[25.6220999,45.8095797],[25.6224484,45.8090828],[25.6237534,45.8081951],[25.6248092,45.8079133],[25.6334205,45.8081309],[25.6343318,45.8082406],[25.6355883,45.808578],[25.6372931,45.8094526],[25.6383937,45.8096633],[25.6419949,45.8093595],[25.642876,45.8091711],[25.6439205,45.8086647],[25.6453856,45.8073719],[25.6459746,45.8067013],[25.6469055,45.8049895],[25.6451085,45.803953],[25.6435062,45.8034284],[25.6428563,45.8033584],[25.641244,45.8034963],[25.6400131,45.8032333],[25.6388193,45.8023812],[25.6387455,45.8020688],[25.6389228,45.8014666],[25.6393224,45.8011269],[25.6403052,45.8007491],[25.6410619,45.8001659],[25.6418616,45.7981252],[25.6426102,45.7976353],[25.6435321,45.7974274],[25.6440756,45.7971027],[25.6445208,45.7970262],[25.6448291,45.7970437],[25.645529,45.7975191],[25.6471011,45.7959166],[25.6487234,45.7947495],[25.6494832,45.7993157],[25.6497408,45.7998221],[25.6502441,45.7999897],[25.6524127,45.7973295],[25.654227,45.795739],[25.6559093,45.7945396],[25.6583658,45.7924784],[25.6603158,45.7901855],[25.6614226,45.7897698],[25.663393,45.7894769],[25.6645822,45.7890161],[25.66489,45.7886875],[25.6651452,45.7883138],[25.6652904,45.7874142],[25.6646581,45.7851718],[25.6640651,45.7839617],[25.6639506,45.78285],[25.664661,45.7817739],[25.6661197,45.7810178],[25.6669727,45.7801787],[25.6683041,45.7770945],[25.6702653,45.7752449],[25.6711046,45.7750088],[25.6724912,45.7751273],[25.6728368,45.7750702],[25.6753803,45.7742971],[25.6758776,45.7737729],[25.6757479,45.7730411],[25.6748654,45.7717079],[25.6748,45.7712997],[25.6748758,45.7709048],[25.6760273,45.7685809],[25.6761126,45.7678206],[25.675984,45.7676012],[25.6753485,45.7671315],[25.6741295,45.7665881],[25.6715087,45.7646767],[25.6713205,45.7643983],[25.6712693,45.7637598],[25.6717741,45.7630511],[25.6724038,45.7626093],[25.6746914,45.7618718],[25.6760307,45.7609484],[25.6771703,45.7594308],[25.677358,45.7583861],[25.677264,45.7579818],[25.676383,45.7569434],[25.6753106,45.7559641],[25.6740071,45.7555274],[25.6732831,45.7550487],[25.6727058,45.7540196],[25.6728325,45.7533116],[25.6715823,45.7530812],[25.6686343,45.7534098],[25.6679667,45.7533575],[25.6660883,45.7527546],[25.6651048,45.7520989],[25.6649032,45.7517629],[25.6648732,45.750799],[25.6647145,45.7504411],[25.6634132,45.7495452],[25.6627755,45.7488788],[25.6627161,45.7485549],[25.6628491,45.7483207],[25.6632413,45.7480677],[25.6641016,45.7478627],[25.6644135,45.7478413],[25.6651407,45.7477108],[25.6657228,45.747518],[25.6663048,45.7471624],[25.6670693,45.7464062],[25.6674769,45.7461648],[25.6678981,45.7460394],[25.6683138,45.7460413],[25.6687966,45.7462209],[25.6693947,45.7463164],[25.6698829,45.7463089],[25.6721574,45.7459308],[25.6727743,45.7460244],[25.673645,45.7464441]]]}},{"type":"Feature","properties":{"entity_id":"osm-r14735800","jurisdiction":"RO","display_name":"ARCUȘ","display_type":"commune","admin_level":8,"tier":"local","legal_registry":"SIRUTA","legal_id":"65113","legal_type":"commune","parent_catalog_id":"osm-r2248621","osm_relation_id":14735800,"legal_identity_status":"reconciled","geometry_source":"OpenStreetMap","canonical_geometry_role":null,"geometry_scope":null,"geometry_precision":"master_coordinate_fidelity"},"geometry":{"type":"Polygon","coordinates":[[[25.6748388,45.8946558],[25.6771735,45.8942704],[25.6826316,45.8962816],[25.6834881,45.8964622],[25.6855159,45.8973692],[25.6863732,45.8976085],[25.6873308,45.8982359],[25.6884026,45.8983914],[25.6895673,45.8987714],[25.6897342,45.8987164],[25.689738,45.8990223],[25.6903722,45.8992345],[25.6909459,45.899762],[25.6915278,45.8999114],[25.6917107,45.9001083],[25.6919298,45.900107],[25.6924156,45.8997891],[25.6943887,45.8998671],[25.6946638,45.9002254],[25.6948708,45.9002871],[25.694964,45.9005205],[25.6954053,45.9007698],[25.6961426,45.9009723],[25.6961961,45.901125],[25.6965335,45.9013119],[25.6968817,45.9013188],[25.697091,45.9015695],[25.6975954,45.9017014],[25.6977649,45.9018533],[25.6982028,45.9018237],[25.6982571,45.9020483],[25.7012929,45.9031095],[25.7020797,45.902931],[25.7026302,45.902628],[25.7039203,45.9024005],[25.7048096,45.902386],[25.7056821,45.9020747],[25.7089105,45.9015237],[25.7103469,45.9009568],[25.712279,45.8998571],[25.7128531,45.8997011],[25.7133058,45.9000245],[25.7135489,45.8999273],[25.7144099,45.9001108],[25.7145197,45.9002954],[25.7158069,45.900727],[25.7158778,45.9009276],[25.7162727,45.9009676],[25.7172872,45.9016747],[25.7176407,45.9020749],[25.7175074,45.9022356],[25.7178378,45.9024937],[25.7186693,45.9022173],[25.7186646,45.9020768],[25.7191225,45.90186],[25.7193666,45.9013547],[25.7197863,45.9009957],[25.7211034,45.8980989],[25.7207165,45.8978815],[25.7192103,45.897683],[25.7181598,45.8979551],[25.7172214,45.8967711],[25.7169474,45.8961683],[25.7185891,45.8949734],[25.719783,45.8942972],[25.7206011,45.893635],[25.722908,45.8931296],[25.7239861,45.893202],[25.7244676,45.8933294],[25.725085,45.893249],[25.7257488,45.8933208],[25.7274959,45.8928537],[25.7282099,45.8925463],[25.7285756,45.8921099],[25.729148,45.8919598],[25.729857,45.8914839],[25.7304359,45.8907077],[25.7315016,45.8899111],[25.7318122,45.8895361],[25.7324832,45.8891739],[25.7343757,45.8892276],[25.7351731,45.8891365],[25.7360693,45.8893607],[25.7371834,45.8892104],[25.738141,45.8892851],[25.7401778,45.8891592],[25.7417897,45.8881721],[25.7429716,45.8876641],[25.7436459,45.8868405],[25.7444688,45.8862696],[25.7448979,45.8857557],[25.7454245,45.885542],[25.7469475,45.8853073],[25.7479,45.885324],[25.7480758,45.8850784],[25.7486493,45.8849476],[25.7501445,45.8853025],[25.7509602,45.8853054],[25.7520111,45.8855546],[25.7528848,45.8856398],[25.7540198,45.8855561],[25.7545292,45.8860816],[25.7551082,45.8863402],[25.7582858,45.8871247],[25.7605806,45.886359],[25.7617269,45.8858256],[25.7629371,45.8856208],[25.7688494,45.8838483],[25.7718313,45.8832972],[25.7727087,45.8852442],[25.7734948,45.8861748],[25.7736876,45.8861375],[25.7738986,45.8863743],[25.7745123,45.8861319],[25.7764546,45.8886566],[25.7767525,45.8889633],[25.7770611,45.8890005],[25.7777925,45.8888188],[25.7777585,45.8882898],[25.7784879,45.8880946],[25.7789627,45.8878102],[25.7787481,45.8875359],[25.7789828,45.8874916],[25.7794818,45.8876041],[25.7798049,45.887454],[25.7799966,45.8871138],[25.7797884,45.8869229],[25.7797976,45.8867156],[25.7804884,45.886123],[25.7811391,45.8860084],[25.7812325,45.8861597],[25.7808642,45.8864698],[25.7809789,45.8865351],[25.7817516,45.8860794],[25.7827169,45.8858898],[25.7831,45.8856383],[25.7833211,45.8857905],[25.783372,45.8860703],[25.7837681,45.8856444],[25.7843684,45.885605],[25.784315,45.8852712],[25.7840473,45.8851104],[25.7842036,45.8848644],[25.7846495,45.8849334],[25.7847812,45.8852314],[25.7849973,45.8849353],[25.7847104,45.8849062],[25.7848213,45.8848003],[25.7854945,45.8848686],[25.7856059,45.8849498],[25.785535,45.8852212],[25.7861755,45.8851007],[25.7863745,45.8851697],[25.7870552,45.8850009],[25.7871646,45.8848117],[25.7870332,45.8846595],[25.7872819,45.8845403],[25.7877944,45.8846931],[25.7879749,45.8845365],[25.7876534,45.8843121],[25.7885098,45.8839132],[25.7882209,45.8835856],[25.7884638,45.8834007],[25.7894734,45.8833609],[25.7895486,45.8832227],[25.7899414,45.8830909],[25.7903204,45.8832326],[25.7903973,45.8831335],[25.789969,45.8828999],[25.7901945,45.8825953],[25.7905629,45.8826868],[25.7911909,45.8826463],[25.7917835,45.8823719],[25.7919699,45.8824825],[25.7918821,45.882719],[25.7924092,45.8823469],[25.7922805,45.8821361],[25.7924742,45.8820624],[25.7933277,45.8819681],[25.7946774,45.8815741],[25.7975262,45.8814272],[25.7981427,45.8812773],[25.7989485,45.8821129],[25.803788,45.8813856],[25.8051004,45.8833757],[25.8056569,45.8849881],[25.8074995,45.8866],[25.8080048,45.885937],[25.8087986,45.8854689],[25.8093159,45.8847864],[25.810052,45.8844154],[25.8106242,45.8839638],[25.8108122,45.8839754],[25.8112021,45.883544],[25.8117818,45.8833211],[25.8122262,45.8823347],[25.8126888,45.8820689],[25.8131941,45.8814405],[25.8131729,45.8811427],[25.8146698,45.8823621],[25.8152769,45.8827276],[25.8152607,45.882858],[25.8147423,45.8832063],[25.8147216,45.8834334],[25.8152023,45.8842116],[25.8158938,45.885001],[25.8159035,45.8852531],[25.8162137,45.8854778],[25.8177955,45.8858279],[25.8196586,45.8864827],[25.8202419,45.8868652],[25.8218699,45.887488],[25.8224531,45.8880659],[25.8227357,45.888253],[25.8235762,45.8885264],[25.8241679,45.88906],[25.8255238,45.89],[25.8271064,45.890392],[25.8272844,45.8906303],[25.8270948,45.8908292],[25.8264916,45.8907369],[25.825884,45.8907497],[25.8256746,45.8908352],[25.8256401,45.8909447],[25.8261632,45.8913192],[25.8262796,45.8918647],[25.8264638,45.8921071],[25.8268942,45.8923183],[25.8280338,45.8924613],[25.8300324,45.8920896],[25.8306459,45.8924676],[25.830798,45.8929834],[25.831609,45.8936919],[25.833097,45.893782],[25.8329192,45.8939682],[25.8321203,45.8940706],[25.8314733,45.8942729],[25.8281219,45.8959572],[25.8200558,45.899558],[25.819575,45.8997836],[25.8186803,45.8986844],[25.8136156,45.900028],[25.8032652,45.9029623],[25.7960898,45.9051473],[25.7889671,45.9071124],[25.7875088,45.9077079],[25.7867694,45.9077845],[25.7834498,45.9076013],[25.7824895,45.9078054],[25.7815302,45.9076565],[25.779656,45.9083711],[25.7776182,45.9085783],[25.7771623,45.908699],[25.7749241,45.9102985],[25.77515,45.9104256],[25.7714761,45.9114792],[25.7673083,45.9125432],[25.7687999,45.915103],[25.7676424,45.9155104],[25.7639389,45.9158924],[25.7617594,45.9163314],[25.7614497,45.9165772],[25.7616263,45.9176014],[25.7615464,45.9179255],[25.7613906,45.9179812],[25.7605376,45.9181255],[25.7603443,45.9180764],[25.7600729,45.9171663],[25.7595722,45.9166569],[25.7591111,45.9150756],[25.7586415,45.9150746],[25.755697,45.9159345],[25.7519243,45.9174387],[25.7496444,45.918042],[25.7485665,45.9184735],[25.7482507,45.9187235],[25.7477418,45.918937],[25.7472357,45.9193605],[25.7465412,45.9201047],[25.7461171,45.9208093],[25.7458906,45.9214243],[25.7462486,45.9229769],[25.746652,45.9238651],[25.7465771,45.9245674],[25.7462196,45.9248513],[25.7454971,45.9257617],[25.7443287,45.9266434],[25.7436822,45.9269334],[25.7428494,45.9270291],[25.7424388,45.9269435],[25.74119,45.9270063],[25.7397401,45.9266543],[25.739404,45.9267363],[25.7380558,45.9277032],[25.7378383,45.9285577],[25.7378507,45.9290367],[25.7371819,45.930827],[25.7356305,45.9319128],[25.7336663,45.9327617],[25.7328502,45.9329855],[25.7311596,45.9340343],[25.7295542,45.9347002],[25.7289256,45.9345277],[25.7285846,45.9342441],[25.7276028,45.9342377],[25.7261715,45.9343981],[25.7257396,45.9345311],[25.7243457,45.9352586],[25.7234037,45.9359916],[25.7228313,45.9373652],[25.72214,45.9379327],[25.7220897,45.9382356],[25.7223042,45.9389822],[25.7221427,45.9395296],[25.7217003,45.9397845],[25.7208298,45.9400086],[25.7195539,45.9405587],[25.7189463,45.9410794],[25.7176454,45.9424954],[25.717364,45.9426275],[25.7167631,45.9427405],[25.7160146,45.9426233],[25.7149441,45.9427519],[25.7143324,45.9429616],[25.7136205,45.9433485],[25.7132421,45.9434307],[25.7128821,45.9436567],[25.7128056,45.9436835],[25.7126474,45.9435626],[25.7118617,45.9428888],[25.7118862,45.9426869],[25.711268,45.9419197],[25.7102165,45.9409407],[25.7097616,45.9406977],[25.7087272,45.9403553],[25.7065982,45.9401416],[25.7055876,45.9402424],[25.703964,45.9402188],[25.7026396,45.9398046],[25.7019578,45.9397121],[25.7010259,45.9393754],[25.7003253,45.9389825],[25.7000904,45.9387402],[25.7000286,45.9381439],[25.6992736,45.9365369],[25.6979605,45.9353304],[25.6978403,45.9348773],[25.6978915,45.9341542],[25.697527,45.9334273],[25.6962767,45.9321805],[25.6958699,45.9319119],[25.6957506,45.9315281],[25.6954943,45.9312607],[25.6928168,45.929762],[25.6925952,45.9291372],[25.6922106,45.9287193],[25.6918737,45.9277842],[25.692211,45.9268177],[25.6922886,45.9260419],[25.6917183,45.9254591],[25.6911786,45.9251556],[25.6910271,45.9245976],[25.6904239,45.9240276],[25.6898448,45.92322],[25.688812,45.9224824],[25.6880933,45.9218207],[25.6878487,45.9210342],[25.6871225,45.919761],[25.6857946,45.9192584],[25.6850542,45.9180526],[25.6850534,45.9177395],[25.6853773,45.9171576],[25.6862568,45.9164568],[25.6871389,45.9159746],[25.6873122,45.9156247],[25.6873964,45.9146493],[25.6873374,45.9142588],[25.6867883,45.9129446],[25.6867635,45.9119068],[25.6861604,45.9108472],[25.6859729,45.9102936],[25.6856,45.9098294],[25.6830895,45.9083484],[25.6826706,45.9078214],[25.6825185,45.9074461],[25.6820159,45.9069554],[25.6811956,45.9065841],[25.6801557,45.9057246],[25.679513,45.9053419],[25.6784798,45.9050328],[25.6786838,45.9039894],[25.6784431,45.9035033],[25.6782438,45.9034457],[25.6781814,45.9032654],[25.678317,45.9025375],[25.6786103,45.9024097],[25.6786749,45.9022749],[25.6786806,45.9012663],[25.6782983,45.901008],[25.6783229,45.9005624],[25.6779494,45.9000393],[25.6772156,45.8995898],[25.6770134,45.8992926],[25.6767415,45.8992144],[25.6764912,45.8989217],[25.6765781,45.8986396],[25.6761449,45.897663],[25.6761103,45.8968059],[25.6751642,45.8957147],[25.6748362,45.8950727],[25.6748388,45.8946558]]]}},{"type":"Feature","properties":{"entity_id":"osm-r14735801","jurisdiction":"RO","display_name":"VALEA CRIȘULUI","display_type":"commune","admin_level":8,"tier":"local","legal_registry":"SIRUTA","legal_id":"64906","legal_type":"commune","parent_catalog_id":"osm-r2248621","osm_relation_id":14735801,"legal_identity_status":"reconciled","geometry_source":"OpenStreetMap","canonical_geometry_role":null,"geometry_scope":null,"geometry_precision":"master_coordinate_fidelity"},"geometry":{"type":"Polygon","coordinates":[[[25.7244808,45.9875119],[25.7245406,45.9874737],[25.7249029,45.9875219],[25.7254557,45.9873797],[25.7260675,45.9871405],[25.7265216,45.9868308],[25.7276887,45.9852727],[25.7286048,45.9843339],[25.729191,45.9839898],[25.7295892,45.9835586],[25.7278767,45.9830611],[25.7266595,45.983094],[25.7249562,45.9823736],[25.7244702,45.9820867],[25.7242877,45.9814996],[25.7237083,45.9805157],[25.722956,45.9801464],[25.7219813,45.9798206],[25.7208573,45.979605],[25.7202431,45.9796509],[25.7186215,45.9791736],[25.7179695,45.9790978],[25.7173192,45.9786817],[25.7170771,45.9781411],[25.7168047,45.9761845],[25.7164999,45.9759175],[25.7154319,45.975361],[25.7153641,45.9752438],[25.714912,45.975234],[25.7145108,45.9749718],[25.7140997,45.9748735],[25.7129293,45.9743177],[25.7117504,45.9740351],[25.7115373,45.9738683],[25.7107877,45.9736923],[25.7109628,45.972775],[25.7112948,45.9718779],[25.7121443,45.9709144],[25.7138713,45.9692983],[25.7139567,45.9689154],[25.713746,45.9679922],[25.7131448,45.9671681],[25.7118705,45.9660119],[25.711545,45.9650684],[25.710942,45.964093],[25.7106557,45.9638511],[25.7101983,45.962486],[25.7099716,45.9621975],[25.7096938,45.9621446],[25.7087945,45.9610869],[25.708187,45.9607041],[25.7077268,45.9600514],[25.7070272,45.9585807],[25.706991,45.958106],[25.7071917,45.957777],[25.7064681,45.9567855],[25.7062296,45.9565138],[25.7044821,45.9555412],[25.7038908,45.9554776],[25.7035454,45.9553201],[25.7039296,45.9547336],[25.7052969,45.9537586],[25.7067547,45.9532705],[25.7086741,45.9530737],[25.7107683,45.9524093],[25.7121512,45.9503121],[25.7137458,45.9492264],[25.7142238,45.9484543],[25.7134588,45.9479927],[25.712476,45.9469902],[25.712639,45.9460731],[25.7130291,45.9454907],[25.7131231,45.9448387],[25.713092,45.9442926],[25.7128056,45.9436835],[25.7128821,45.9436567],[25.7132421,45.9434307],[25.7136205,45.9433485],[25.7143324,45.9429616],[25.7149441,45.9427519],[25.7160146,45.9426233],[25.7167631,45.9427405],[25.717364,45.9426275],[25.7176454,45.9424954],[25.7189463,45.9410794],[25.7195539,45.9405587],[25.7208298,45.9400086],[25.7217003,45.9397845],[25.7221427,45.9395296],[25.7223042,45.9389822],[25.7220897,45.9382356],[25.72214,45.9379327],[25.7228313,45.9373652],[25.7234037,45.9359916],[25.7243457,45.9352586],[25.7257396,45.9345311],[25.7261715,45.9343981],[25.7276028,45.9342377],[25.7285846,45.9342441],[25.7289256,45.9345277],[25.7295542,45.9347002],[25.7311596,45.9340343],[25.7328502,45.9329855],[25.7336663,45.9327617],[25.7356305,45.9319128],[25.7371819,45.930827],[25.7378507,45.9290367],[25.7378383,45.9285577],[25.7380558,45.9277032],[25.739404,45.9267363],[25.7397401,45.9266543],[25.74119,45.9270063],[25.7424388,45.9269435],[25.7428494,45.9270291],[25.7436822,45.9269334],[25.7443287,45.9266434],[25.7454971,45.9257617],[25.7462196,45.9248513],[25.7465771,45.9245674],[25.746652,45.9238651],[25.7462486,45.9229769],[25.7458906,45.9214243],[25.7461171,45.9208093],[25.7465412,45.9201047],[25.7472357,45.9193605],[25.7477418,45.918937],[25.7482507,45.9187235],[25.7485665,45.9184735],[25.7496444,45.918042],[25.7519243,45.9174387],[25.755697,45.9159345],[25.7586415,45.9150746],[25.7591111,45.9150756],[25.7595722,45.9166569],[25.7600729,45.9171663],[25.7603443,45.9180764],[25.7605376,45.9181255],[25.7613906,45.9179812],[25.7615464,45.9179255],[25.7616263,45.9176014],[25.7614497,45.9165772],[25.7617594,45.9163314],[25.7639389,45.9158924],[25.7676424,45.9155104],[25.7687999,45.915103],[25.7673083,45.9125432],[25.7714761,45.9114792],[25.77515,45.9104256],[25.7749241,45.9102985],[25.7771623,45.908699],[25.7776182,45.9085783],[25.779656,45.9083711],[25.7815302,45.9076565],[25.7824895,45.9078054],[25.7834498,45.9076013],[25.7867694,45.9077845],[25.7875088,45.9077079],[25.7889671,45.9071124],[25.7960898,45.9051473],[25.8032652,45.9029623],[25.8136156,45.900028],[25.8186803,45.8986844],[25.819575,45.8997836],[25.8247624,45.9057198],[25.8235669,45.9063411],[25.822897,45.9061231],[25.822523,45.9062241],[25.8221219,45.9070375],[25.8221899,45.9078257],[25.8220417,45.9079644],[25.8204776,45.9088539],[25.8191584,45.9094498],[25.8187568,45.909526],[25.8214127,45.9124767],[25.8222096,45.9135245],[25.8231182,45.9141569],[25.8234769,45.9145241],[25.8237778,45.9164452],[25.824281,45.9173475],[25.8244486,45.918371],[25.825407,45.919522],[25.8280157,45.9217704],[25.8283565,45.9221956],[25.8286071,45.922922],[25.8288251,45.9252373],[25.8302771,45.9293926],[25.8310605,45.9305087],[25.8328306,45.9322632],[25.8337116,45.933293],[25.825837,45.9356234],[25.8262005,45.9345242],[25.8265482,45.934009],[25.827081,45.9333873],[25.8273962,45.9323405],[25.827396,45.9323399],[25.8224776,45.9340678],[25.8200755,45.9349549],[25.8178361,45.9358493],[25.8159787,45.9365055],[25.8154559,45.9365976],[25.8153908,45.9366778],[25.8087931,45.938994],[25.8070975,45.939502],[25.8070973,45.9395022],[25.8070971,45.9395027],[25.8070971,45.939503],[25.8071813,45.9395811],[25.8072434,45.9397109],[25.8072435,45.939711],[25.8072919,45.9397729],[25.807292,45.9397733],[25.8072919,45.9397736],[25.8047013,45.9405189],[25.8032752,45.9410417],[25.8025122,45.9411857],[25.7946838,45.9437951],[25.7946834,45.9437954],[25.7946833,45.9437956],[25.7946832,45.9437959],[25.7946833,45.9437962],[25.795602,45.9451513],[25.7953093,45.945117],[25.7950301,45.9451947],[25.7935506,45.946362],[25.7931154,45.9465453],[25.7922922,45.9467113],[25.7917126,45.9473463],[25.7900768,45.9484242],[25.7892059,45.9487658],[25.7878743,45.9490253],[25.7871076,45.9496365],[25.7868909,45.9500437],[25.7863339,45.9502528],[25.7853322,45.9510008],[25.7850447,45.9514885],[25.7850068,45.9518544],[25.7846798,45.9525927],[25.7845603,45.9532796],[25.7846041,45.9538402],[25.7857708,45.9556199],[25.786159,45.9566689],[25.7864948,45.9570571],[25.7862671,45.9571989],[25.7862812,45.957805],[25.7878619,45.9574945],[25.7880303,45.9579434],[25.7884886,45.9585746],[25.7873507,45.9596655],[25.7862459,45.9615714],[25.7858425,45.9619367],[25.7852297,45.9621951],[25.7835347,45.962638],[25.7824735,45.9632108],[25.7809889,45.9643265],[25.7803495,45.9652418],[25.780144,45.9652482],[25.7769903,45.9676776],[25.7762954,45.967968],[25.7755126,45.9684313],[25.7749545,45.9686201],[25.7748349,45.9686839],[25.7747038,45.9687856],[25.7745364,45.9688877],[25.7741031,45.9693614],[25.7740872,45.9695126],[25.7741929,45.9701844],[25.7741172,45.9703486],[25.7744401,45.9706238],[25.7745144,45.9707579],[25.7745755,45.9708247],[25.7745771,45.9709339],[25.7746385,45.9710175],[25.7748643,45.9712219],[25.7752058,45.9715012],[25.7760606,45.971857],[25.7764939,45.9726818],[25.7765208,45.9728832],[25.7765042,45.9734125],[25.776504,45.9734128],[25.7765038,45.973413],[25.7763244,45.9734814],[25.7763243,45.9734817],[25.7762841,45.9736203],[25.7764316,45.974258],[25.7763485,45.9743511],[25.7763016,45.9744438],[25.7762248,45.9745536],[25.776202,45.9746504],[25.7761376,45.9747853],[25.7761207,45.9748563],[25.7761207,45.9748566],[25.7761209,45.9748569],[25.7764296,45.9749725],[25.7764131,45.9751029],[25.776028,45.9751349],[25.7760472,45.9752228],[25.7760474,45.975223],[25.7761741,45.9752807],[25.7761744,45.9752809],[25.7761746,45.9752813],[25.7761693,45.9753272],[25.7761636,45.9753437],[25.7761631,45.9753441],[25.7759711,45.9753748],[25.7758274,45.975426],[25.7758272,45.9754262],[25.7758158,45.9754767],[25.7757401,45.975662],[25.7757401,45.9756623],[25.7757712,45.9757415],[25.7758444,45.9758041],[25.7758442,45.9758044],[25.775844,45.9758046],[25.7755376,45.9758569],[25.7754603,45.975895],[25.775425,45.9759665],[25.775425,45.9759668],[25.7755959,45.9761337],[25.775596,45.9761338],[25.775645,45.9762089],[25.7756449,45.9762092],[25.7754307,45.9763828],[25.7753357,45.9764885],[25.7752583,45.9765563],[25.7749494,45.9768777],[25.7748794,45.9770463],[25.7748794,45.9770464],[25.7748631,45.9771726],[25.7749498,45.9773483],[25.7748965,45.9774076],[25.7745314,45.977595],[25.7742649,45.977933],[25.7741891,45.9781142],[25.7741241,45.9782113],[25.7740647,45.9782705],[25.7740116,45.9783507],[25.7739824,45.9784224],[25.7739652,45.9784813],[25.7739651,45.9784814],[25.7738884,45.9785953],[25.7738408,45.9786419],[25.7735058,45.9787827],[25.7733177,45.9787337],[25.7729028,45.9788122],[25.7728554,45.9788671],[25.7728025,45.9789598],[25.7725933,45.9790958],[25.7721891,45.9790775],[25.771625,45.979241],[25.770789,45.9793811],[25.7705544,45.9794207],[25.770382,45.9795771],[25.7698103,45.9796482],[25.7694962,45.9796041],[25.768955,45.9797044],[25.7680985,45.9796471],[25.767816,45.9797206],[25.767625,45.9798605],[25.7672811,45.9798249],[25.7671906,45.9798171],[25.7669496,45.9798356],[25.7668544,45.9798906],[25.7668542,45.9798908],[25.7668263,45.9800633],[25.7668455,45.9801472],[25.7668533,45.9802771],[25.7668532,45.9802775],[25.766853,45.9802777],[25.7664125,45.9806459],[25.7660524,45.9807788],[25.7657846,45.9810201],[25.7656977,45.9812727],[25.7656212,45.9814077],[25.7648999,45.9815512],[25.7646738,45.9817627],[25.7641083,45.981855],[25.7632743,45.9821336],[25.7629075,45.9821991],[25.7625707,45.982256],[25.7622176,45.9824348],[25.7622175,45.9824351],[25.7622252,45.9825609],[25.7621662,45.9826495],[25.7617184,45.9833962],[25.7613422,45.9836594],[25.7613309,45.983714],[25.761417,45.9838437],[25.7614322,45.9840707],[25.7609248,45.9844356],[25.7609019,45.9845196],[25.7608574,45.984793],[25.7608574,45.9847931],[25.7607639,45.9850079],[25.7607639,45.985008],[25.7605605,45.9851186],[25.76003,45.9851179],[25.7598083,45.9852118],[25.7596244,45.9854358],[25.7595506,45.9857724],[25.7594981,45.9858989],[25.7594395,45.9860169],[25.7594394,45.986017],[25.7592068,45.986195],[25.7589482,45.9862429],[25.75844,45.9865404],[25.7584057,45.9866837],[25.7585404,45.9868589],[25.7585406,45.9868592],[25.7583985,45.9870451],[25.7576934,45.9875036],[25.7575985,45.9876134],[25.7571674,45.9878264],[25.7571673,45.9878265],[25.7568942,45.9881308],[25.7563556,45.9884286],[25.7559026,45.9888098],[25.7555196,45.9890055],[25.7550222,45.9896728],[25.7546287,45.9899948],[25.7538738,45.9903024],[25.7538736,45.9903027],[25.7538735,45.990303],[25.7539229,45.9904194],[25.7539229,45.9904198],[25.7530284,45.9911274],[25.752639,45.9913149],[25.7518227,45.9915851],[25.7516747,45.9917793],[25.7516697,45.991859],[25.7518166,45.9920263],[25.7518297,45.9920976],[25.7518299,45.9920978],[25.7518536,45.992114],[25.7518538,45.9921142],[25.7518539,45.9921144],[25.7518199,45.9922657],[25.7518198,45.9922659],[25.7517366,45.9923419],[25.7511028,45.99251],[25.7508909,45.9928896],[25.7505801,45.9930934],[25.7504495,45.9932201],[25.7504495,45.9932205],[25.7504496,45.9932207],[25.7505223,45.9932872],[25.7504172,45.9935316],[25.7503159,45.9940616],[25.7503158,45.9940618],[25.7497896,45.99476],[25.7496227,45.9954194],[25.7495574,45.9958439],[25.7494686,45.9958383],[25.7464728,45.9975535],[25.7454454,45.9977459],[25.7451807,45.9978714],[25.7450768,45.9980701],[25.7451502,45.9982429],[25.746507,45.9987786],[25.7469417,45.999407],[25.7474788,45.9997253],[25.748353,46.0013409],[25.7491322,46.002493],[25.7495012,46.0028619],[25.7502696,46.0032096],[25.7520935,46.0047757],[25.7519902,46.0050115],[25.7512637,46.0051401],[25.7498066,46.0050877],[25.7468652,46.0056021],[25.7457323,46.0058818],[25.7428864,46.0069028],[25.7407187,46.0071706],[25.740875,46.0062444],[25.7405496,46.004817],[25.7409492,46.0041461],[25.7411272,46.0035137],[25.7415328,46.0029665],[25.7418788,46.0026084],[25.7428223,46.0021134],[25.7428696,46.0016675],[25.743223,46.0012011],[25.7432805,46.00052],[25.7431044,45.9999673],[25.7421213,45.9981666],[25.7412689,45.9974976],[25.7405743,45.9966853],[25.739217,45.9961062],[25.7372589,45.996422],[25.7356932,45.9968653],[25.735246,45.9986319],[25.7342313,45.9984466],[25.7322498,45.9983355],[25.7313039,45.9979826],[25.7297271,45.9975905],[25.7290199,45.9971494],[25.7285027,45.9969795],[25.7277483,45.997009],[25.7276218,45.9968203],[25.7276217,45.9968202],[25.7274876,45.9967118],[25.7269948,45.9963745],[25.7267883,45.9962582],[25.7264837,45.9960206],[25.7263067,45.9958578],[25.7261413,45.9956571],[25.7258492,45.9954489],[25.7256724,45.9952905],[25.7256723,45.9952903],[25.7256723,45.9952901],[25.7256857,45.9949371],[25.7254867,45.9944762],[25.7251919,45.9940579],[25.7249601,45.9938079],[25.7244505,45.9940414],[25.7243521,45.9939245],[25.7243317,45.9937524],[25.7243317,45.9937523],[25.7242245,45.9933875],[25.7242632,45.9931224],[25.7243002,45.992723],[25.7243002,45.9927229],[25.7242894,45.9923617],[25.7243176,45.9922103],[25.7243177,45.9922101],[25.7244305,45.9920833],[25.724513,45.99194],[25.7246994,45.9914387],[25.7247773,45.9909382],[25.7247773,45.9909381],[25.724735,45.990472],[25.724735,45.9904719],[25.7244194,45.9893855],[25.724238,45.9888866],[25.7242425,45.9887731],[25.7241434,45.9885678],[25.7240081,45.9883586],[25.7240304,45.988224],[25.7240304,45.9882239],[25.7240624,45.9879044],[25.7240624,45.9879043],[25.7240498,45.987854],[25.7240852,45.9877992],[25.7242472,45.987735],[25.7243306,45.987663],[25.7244808,45.9875119]]]}},{"type":"Feature","properties":{"entity_id":"osm-r14735802","jurisdiction":"RO","display_name":"AITA MARE","display_type":"commune","admin_level":8,"tier":"local","legal_registry":"SIRUTA","legal_id":"63777","legal_type":"commune","parent_catalog_id":"osm-r2248621","osm_relation_id":14735802,"legal_identity_status":"reconciled","geometry_source":"OpenStreetMap","canonical_geometry_role":null,"geometry_scope":null,"geometry_precision":"master_coordinate_fidelity"},"geometry":{"type":"Polygon","coordinates":[[[25.7244808,45.9875119],[25.7243536,45.9874665],[25.722286,45.9874838],[25.720547,45.9872636],[25.7191804,45.9874109],[25.7185046,45.9873648],[25.7156367,45.987492],[25.7147105,45.9876659],[25.7140263,45.9879013],[25.7132593,45.9877968],[25.7122056,45.9879001],[25.7100794,45.9875771],[25.709012,45.9870753],[25.7083126,45.987067],[25.7076477,45.9869282],[25.705736,45.986877],[25.7050312,45.9869192],[25.7044323,45.9872296],[25.7036052,45.9871339],[25.7014512,45.9874623],[25.698554,45.9886189],[25.6972787,45.9893243],[25.6964442,45.9896025],[25.6962733,45.9899145],[25.6957824,45.9901865],[25.6944427,45.9915268],[25.6940833,45.9917181],[25.693734,45.9922287],[25.6939712,45.9928786],[25.6935282,45.9936083],[25.6928068,45.9942641],[25.692149,45.9946967],[25.6918785,45.9947614],[25.6913837,45.995214],[25.6910344,45.995733],[25.6907951,45.9963648],[25.6904594,45.9965265],[25.6899075,45.9972359],[25.688681,45.9980039],[25.6877509,45.9983709],[25.6873233,45.9984113],[25.6866339,45.9982474],[25.6864055,45.9983034],[25.6860517,45.9994401],[25.685926,45.9995165],[25.6853473,45.9995284],[25.6850377,45.9998455],[25.6850319,46.000354],[25.6846335,46.0008102],[25.6847416,46.0012592],[25.6843122,46.0016484],[25.683525,46.00138],[25.6826817,46.0014523],[25.6819175,46.0010996],[25.6818312,46.0009405],[25.681204,46.0009358],[25.6810309,46.0010797],[25.6803484,46.0009913],[25.6800358,46.0005729],[25.6796163,46.0007898],[25.6793873,46.0007953],[25.6785622,46.0003884],[25.6779758,46.0002616],[25.6776994,46.0003473],[25.6773717,46.0006644],[25.6765148,46.0006148],[25.6760368,46.000479],[25.6756353,46.0001914],[25.6751582,46.000127],[25.6738804,46.0006682],[25.6732207,46.0004662],[25.6727919,46.0004141],[25.6725333,46.0004703],[25.6720701,46.0015614],[25.6715557,46.0019006],[25.6705732,46.0019358],[25.6694863,46.0018119],[25.66889,46.00187],[25.6677181,46.0021963],[25.6656345,46.0034397],[25.6653385,46.0033952],[25.6650347,46.0047123],[25.6646854,46.0052607],[25.664885,46.00581],[25.6646412,46.0081102],[25.6648287,46.0086638],[25.6647835,46.0089162],[25.664612,46.0097072],[25.663479,46.0107812],[25.6634471,46.0111428],[25.6637291,46.0115194],[25.6636953,46.0117213],[25.6634332,46.0120002],[25.6633494,46.0130597],[25.662546,46.0134594],[25.6602826,46.0138254],[25.6595839,46.0138966],[25.6582769,46.0135428],[25.6564182,46.0134526],[25.6543256,46.0129603],[25.6525776,46.0130543],[25.6511897,46.012995],[25.6503969,46.0132769],[25.6495828,46.0138026],[25.6486421,46.0138164],[25.6478406,46.0133587],[25.6470201,46.0123043],[25.6463776,46.0120306],[25.6454375,46.011061],[25.6425973,46.0095305],[25.635605,46.0094015],[25.6356083,46.0082837],[25.6354027,46.0077049],[25.6356804,46.0072075],[25.6356444,46.0061655],[25.6357723,46.0057488],[25.6356541,46.0054343],[25.6363794,46.0045267],[25.6359986,46.004449],[25.6360299,46.0040202],[25.6364513,46.0034337],[25.6366013,46.0023192],[25.6363036,46.0015939],[25.6350217,45.9997015],[25.6348703,45.9991182],[25.6340322,45.9985934],[25.6337992,45.9982501],[25.6335455,45.9976884],[25.6334717,45.997029],[25.6332838,45.996946],[25.6329654,45.9970486],[25.6328127,45.9970027],[25.6328897,45.9967193],[25.6306249,45.9916176],[25.6301694,45.9909883],[25.6286362,45.990108],[25.6264941,45.9883561],[25.6254685,45.9882903],[25.6249545,45.9881544],[25.6233779,45.9873436],[25.6225369,45.9870708],[25.6192302,45.9873283],[25.6176676,45.9877655],[25.6168817,45.9881059],[25.6155521,45.9883484],[25.6140866,45.9882975],[25.6137713,45.9886816],[25.6130085,45.9889965],[25.6118228,45.9892219],[25.6116991,45.9904753],[25.6112156,45.9909058],[25.6111039,45.9917132],[25.6106583,45.991766],[25.6105898,45.9915647],[25.6094577,45.9916842],[25.609512,45.9922386],[25.6073029,45.9925614],[25.6032825,45.9915489],[25.6028789,45.9915721],[25.6026645,45.9918212],[25.6020702,45.9920596],[25.6010611,45.9912959],[25.5988676,45.9925009],[25.597983,45.9920979],[25.5964316,45.9930432],[25.595141,45.993571],[25.5934871,45.9921081],[25.5929657,45.991014],[25.5892167,45.9922625],[25.5870149,45.9928364],[25.5881236,45.9944054],[25.5876455,45.9945848],[25.5879305,45.9953061],[25.5873854,45.9956451],[25.5862991,45.9961256],[25.5841889,45.9967037],[25.5841198,45.9964436],[25.5811592,45.997005],[25.5807748,45.997154],[25.5807313,45.9970282],[25.5796128,45.9973154],[25.5784084,45.9945648],[25.578006,45.9941382],[25.5734454,45.9921441],[25.5711233,45.9920591],[25.5706608,45.9916369],[25.5693623,45.9896557],[25.5670821,45.9903076],[25.563093,45.9922538],[25.5597817,45.9932589],[25.5593725,45.9936695],[25.5591562,45.9937247],[25.5592481,45.9951999],[25.5591556,45.9955491],[25.5580576,45.9967289],[25.5577256,45.997264],[25.5569424,45.9966191],[25.5561838,45.9961924],[25.5554206,45.9959517],[25.5537858,45.9956919],[25.5523889,45.9957914],[25.551542,45.9959693],[25.5472943,45.9971612],[25.5464179,45.9970999],[25.5456611,45.9966905],[25.5450859,45.9961402],[25.5446931,45.9943361],[25.546192,45.9936901],[25.5477148,45.9935702],[25.5485475,45.9934061],[25.5488438,45.9932446],[25.5494366,45.9926711],[25.5497147,45.991743],[25.5499964,45.9914438],[25.5516271,45.9907232],[25.5530551,45.9897078],[25.5535053,45.989089],[25.5535639,45.9881685],[25.5529637,45.9874031],[25.5523882,45.9870358],[25.5513587,45.9867534],[25.5502727,45.9867587],[25.5489684,45.9872424],[25.5483265,45.987782],[25.547279,45.989002],[25.5469677,45.990108],[25.5466117,45.9902433],[25.5456276,45.9902601],[25.5432873,45.9897576],[25.5434399,45.9888384],[25.5440729,45.9880416],[25.5443334,45.9874664],[25.5444313,45.9865383],[25.5441977,45.9861181],[25.5437073,45.9857261],[25.5422811,45.985081],[25.5414691,45.9845902],[25.5412664,45.9842366],[25.5412061,45.983309],[25.5412468,45.9830052],[25.5417565,45.9773207],[25.5422326,45.9754689],[25.5418412,45.9744182],[25.5399878,45.973315],[25.5395792,45.9725178],[25.5390984,45.9711623],[25.5388735,45.9699197],[25.5385647,45.9652359],[25.5386992,45.964558],[25.5405188,45.9630857],[25.5418335,45.9616548],[25.5419417,45.961364],[25.5418832,45.9610548],[25.5403666,45.9592529],[25.5396476,45.9579782],[25.5392064,45.9559543],[25.5397086,45.9551168],[25.5416291,45.9535827],[25.5420635,45.9532803],[25.5422428,45.9541754],[25.5432106,45.9549123],[25.5443547,45.9564295],[25.5448821,45.956869],[25.5457672,45.9570428],[25.5485207,45.9569133],[25.5505979,45.95748],[25.5510366,45.9573896],[25.5532191,45.956005],[25.5550215,45.955007],[25.5564914,45.9537896],[25.5569628,45.9527283],[25.556847,45.9519976],[25.5576195,45.9509349],[25.5578952,45.9507906],[25.5629247,45.9489127],[25.5657282,45.9485374],[25.5684681,45.9484187],[25.5701452,45.9474732],[25.5703856,45.9474258],[25.570884,45.9475599],[25.5719194,45.9480737],[25.5725088,45.9482661],[25.5727412,45.9486033],[25.5728675,45.9491699],[25.5732918,45.9494199],[25.5734147,45.9496589],[25.5736137,45.9496747],[25.5738951,45.9495052],[25.574199,45.94976],[25.5744938,45.9497207],[25.5745511,45.950023],[25.5750087,45.9499954],[25.5751508,45.9503393],[25.5757402,45.9508238],[25.5761933,45.9509434],[25.5768175,45.9512975],[25.577119,45.9513253],[25.5773221,45.9511562],[25.5779166,45.9509725],[25.5781704,45.9510511],[25.5783623,45.9509576],[25.5784612,45.9512009],[25.5786603,45.9512293],[25.5789052,45.9510305],[25.579088,45.9512229],[25.5792804,45.9511925],[25.5800368,45.9515081],[25.5798901,45.9518828],[25.5802949,45.9519942],[25.5804796,45.9523757],[25.5808655,45.9524073],[25.5810082,45.9527974],[25.5814914,45.9529169],[25.5814419,45.953371],[25.5823853,45.9537023],[25.5823152,45.953917],[25.582721,45.9541167],[25.5828746,45.9544016],[25.5830799,45.9544468],[25.5834556,45.9552223],[25.5839776,45.9555853],[25.5840222,45.9558204],[25.5841914,45.9558699],[25.5845337,45.9557631],[25.5846975,45.9558631],[25.5845372,45.9560951],[25.5847257,45.956258],[25.5852001,45.9561085],[25.5857017,45.9562488],[25.5861505,45.9559607],[25.5863734,45.9559554],[25.5866098,45.9560929],[25.5866919,45.9564454],[25.587022,45.9563219],[25.5873112,45.9563204],[25.5872533,45.9565476],[25.587496,45.9567102],[25.588165,45.9567236],[25.5882057,45.9571562],[25.5885579,45.957415],[25.5890946,45.9574584],[25.5894395,45.9575911],[25.5897283,45.957556],[25.5900459,45.9573905],[25.5901858,45.9575116],[25.5902199,45.9578897],[25.5906719,45.9578957],[25.5908729,45.9581006],[25.5910779,45.9581163],[25.5914197,45.9579591],[25.5916502,45.9581092],[25.5917992,45.9579487],[25.5920726,45.9581616],[25.5937892,45.9586738],[25.5939233,45.9588202],[25.5944532,45.9587838],[25.5951445,45.959192],[25.595349,45.9591573],[25.5955155,45.958959],[25.5956839,45.9589245],[25.5959917,45.9589775],[25.5961686,45.9591741],[25.5965191,45.9592689],[25.5965826,45.959008],[25.5967205,45.9589527],[25.5970893,45.9590684],[25.5973997,45.9593525],[25.5976995,45.9592165],[25.5978467,45.9588963],[25.5980148,45.958845],[25.5986975,45.9590095],[25.5992303,45.9586916],[25.5998986,45.9586376],[25.6003821,45.958778],[25.600772,45.958612],[25.6014234,45.95868],[25.6016816,45.9585904],[25.6018876,45.9587028],[25.6021706,45.9586803],[25.602624,45.9588166],[25.6037578,45.9589156],[25.6040671,45.9590947],[25.6046279,45.9591379],[25.6054948,45.9590703],[25.6059922,45.9588239],[25.6074744,45.9588202],[25.6085068,45.9584575],[25.6090476,45.9577697],[25.6096524,45.9579765],[25.6102267,45.9576037],[25.610751,45.957063],[25.6118546,45.9566032],[25.6125722,45.9561118],[25.614397,45.9554969],[25.6161469,45.954647],[25.617482,45.9533454],[25.6187079,45.9530698],[25.6202027,45.9531289],[25.6204668,45.953035],[25.6219368,45.9519596],[25.6232218,45.950507],[25.6245157,45.9498443],[25.6263878,45.9491785],[25.6291261,45.948407],[25.6295816,45.9482027],[25.6299157,45.9479151],[25.6307555,45.9475911],[25.6313337,45.9475879],[25.6318902,45.9477865],[25.6328729,45.9473272],[25.6332816,45.9472409],[25.6339084,45.947271],[25.6343435,45.9473863],[25.635145,45.9479365],[25.6362343,45.9483675],[25.6370953,45.9488586],[25.6384668,45.9492039],[25.6385262,45.9496571],[25.6386886,45.9498897],[25.6390972,45.9503245],[25.6395208,45.9504902],[25.6394995,45.9507341],[25.6399033,45.9512697],[25.6398485,45.9517407],[25.6404912,45.9520985],[25.6406038,45.9524593],[25.6405303,45.9528757],[25.6410685,45.9535661],[25.6421033,45.9534468],[25.6422273,45.9532276],[25.6416583,45.9529955],[25.6416798,45.9527642],[25.6421784,45.9526479],[25.6425549,45.9523811],[25.6430122,45.9523281],[25.6438986,45.9518734],[25.6439636,45.9517722],[25.6437504,45.9515633],[25.6440829,45.9511496],[25.6442809,45.9510728],[25.6446384,45.9512557],[25.6451452,45.9513201],[25.6453366,45.9512013],[25.6454952,45.9508474],[25.6459841,45.9509245],[25.6475226,45.9500837],[25.6481369,45.9500676],[25.6488992,45.9503449],[25.6488305,45.9506562],[25.6492271,45.9510868],[25.6507031,45.9521122],[25.6522025,45.952049],[25.6528668,45.9521881],[25.6536371,45.952625],[25.654148,45.9530339],[25.6541986,45.9532395],[25.6549328,45.9536765],[25.6553546,45.9536825],[25.6556216,45.9538491],[25.6563636,45.9539247],[25.657091,45.9543029],[25.6576201,45.9547159],[25.6581686,45.9547338],[25.6586164,45.9548993],[25.659739,45.9550693],[25.6608273,45.9553824],[25.6620107,45.9555941],[25.6628094,45.9558794],[25.6634121,45.9564012],[25.6642062,45.9568042],[25.664737,45.9568516],[25.6653807,45.9567722],[25.6662145,45.9569606],[25.6674836,45.9567767],[25.6685589,45.9565141],[25.6693364,45.9565347],[25.6700319,45.9562491],[25.6705615,45.956204],[25.67124,45.9560109],[25.6719468,45.9556621],[25.6730244,45.9555927],[25.6757849,45.9546897],[25.677497,45.9537803],[25.6784058,45.9537077],[25.6794902,45.9532053],[25.680229,45.9530202],[25.68265,45.9514719],[25.6835392,45.9507858],[25.6843768,45.9503101],[25.6849479,45.95021],[25.6871949,45.9487425],[25.6875703,45.9484083],[25.6884053,45.9482183],[25.6894227,45.9476785],[25.6909276,45.9466188],[25.6943506,45.9457555],[25.694608,45.9456236],[25.6950229,45.9450874],[25.6963378,45.9442557],[25.6973917,45.9437618],[25.6987219,45.9436738],[25.7001506,45.9428036],[25.7015338,45.9426228],[25.7020377,45.94246],[25.7031151,45.9423946],[25.7037262,45.9421345],[25.7043113,45.9417232],[25.7048161,45.9416276],[25.7059534,45.9415408],[25.7071231,45.941626],[25.7080915,45.9410443],[25.7086119,45.9412343],[25.7094159,45.941927],[25.7102786,45.9425015],[25.7104553,45.9426601],[25.7103734,45.9428497],[25.7107014,45.943062],[25.7111488,45.9431895],[25.7114765,45.9429143],[25.7118253,45.9428659],[25.7118617,45.9428888],[25.7126474,45.9435626],[25.7128056,45.9436835],[25.713092,45.9442926],[25.7131231,45.9448387],[25.7130291,45.9454907],[25.712639,45.9460731],[25.712476,45.9469902],[25.7134588,45.9479927],[25.7142238,45.9484543],[25.7137458,45.9492264],[25.7121512,45.9503121],[25.7107683,45.9524093],[25.7086741,45.9530737],[25.7067547,45.9532705],[25.7052969,45.9537586],[25.7039296,45.9547336],[25.7035454,45.9553201],[25.7038908,45.9554776],[25.7044821,45.9555412],[25.7062296,45.9565138],[25.7064681,45.9567855],[25.7071917,45.957777],[25.706991,45.958106],[25.7070272,45.9585807],[25.7077268,45.9600514],[25.708187,45.9607041],[25.7087945,45.9610869],[25.7096938,45.9621446],[25.7099716,45.9621975],[25.7101983,45.962486],[25.7106557,45.9638511],[25.710942,45.964093],[25.711545,45.9650684],[25.7118705,45.9660119],[25.7131448,45.9671681],[25.713746,45.9679922],[25.7139567,45.9689154],[25.7138713,45.9692983],[25.7121443,45.9709144],[25.7112948,45.9718779],[25.7109628,45.972775],[25.7107877,45.9736923],[25.7115373,45.9738683],[25.7117504,45.9740351],[25.7129293,45.9743177],[25.7140997,45.9748735],[25.7145108,45.9749718],[25.714912,45.975234],[25.7153641,45.9752438],[25.7154319,45.975361],[25.7164999,45.9759175],[25.7168047,45.9761845],[25.7170771,45.9781411],[25.7173192,45.9786817],[25.7179695,45.9790978],[25.7186215,45.9791736],[25.7202431,45.9796509],[25.7208573,45.979605],[25.7219813,45.9798206],[25.722956,45.9801464],[25.7237083,45.9805157],[25.7242877,45.9814996],[25.7244702,45.9820867],[25.7249562,45.9823736],[25.7266595,45.983094],[25.7278767,45.9830611],[25.7295892,45.9835586],[25.729191,45.9839898],[25.7286048,45.9843339],[25.7276887,45.9852727],[25.7265216,45.9868308],[25.7260675,45.9871405],[25.7254557,45.9873797],[25.7249029,45.9875219],[25.7245406,45.9874737],[25.7244808,45.9875119]]]}},{"type":"Feature","properties":{"entity_id":"osm-r14735811","jurisdiction":"RO","display_name":"VÂRGHIȘ","display_type":"commune","admin_level":8,"tier":"local","legal_registry":"SIRUTA","legal_id":"64997","legal_type":"commune","parent_catalog_id":"osm-r2248621","osm_relation_id":14735811,"legal_identity_status":"reconciled","geometry_source":"OpenStreetMap","canonical_geometry_role":null,"geometry_scope":null,"geometry_precision":"master_coordinate_fidelity"},"geometry":{"type":"Polygon","coordinates":[[[25.4514737,46.1024813],[25.451717,46.1023923],[25.453927,46.1019092],[25.45631,46.1007903],[25.4568825,46.0998803],[25.4572912,46.0996266],[25.4576285,46.0995076],[25.4589109,46.0997209],[25.4600937,46.0995817],[25.4605758,46.0994453],[25.461562,46.0989035],[25.4640515,46.0989942],[25.4653596,46.0994029],[25.4655308,46.0997689],[25.4660837,46.1000026],[25.4663077,46.0996648],[25.4666482,46.0997133],[25.4670453,46.0999147],[25.4695676,46.1005631],[25.4707123,46.1006844],[25.4718206,46.1007418],[25.4727262,46.1006219],[25.4744928,46.1006922],[25.4770105,46.1004328],[25.4779749,46.100115],[25.4794068,46.100424],[25.4814266,46.1006228],[25.4825544,46.100327],[25.4839973,46.1002216],[25.4874727,46.1006721],[25.4883204,46.1006483],[25.4892061,46.1004744],[25.4902027,46.1005243],[25.4945175,46.1011249],[25.4960461,46.101001],[25.4973849,46.1012751],[25.4980747,46.1017378],[25.5015867,46.1008808],[25.5022317,46.1008915],[25.5046899,46.101293],[25.5087222,46.1009725],[25.5104773,46.1006336],[25.5112248,46.1003755],[25.5121796,46.1003131],[25.5138499,46.1004815],[25.5152345,46.1004409],[25.5166593,46.100268],[25.5195474,46.0997211],[25.5229193,46.0983204],[25.5246861,46.0979762],[25.5251127,46.0982259],[25.5251002,46.0984774],[25.5287046,46.0978318],[25.5317888,46.0977524],[25.5363592,46.0972947],[25.5391097,46.0971866],[25.5395029,46.0972002],[25.5405469,46.0976101],[25.5413391,46.0976204],[25.5428633,46.0984225],[25.5428453,46.0986183],[25.5431343,46.0988927],[25.5439367,46.0990104],[25.5445297,46.0993267],[25.5460162,46.0994494],[25.5460238,46.0997063],[25.5461937,46.0997507],[25.5482339,46.1000647],[25.5516073,46.1001158],[25.5529968,46.0998596],[25.5532084,46.0996937],[25.5567847,46.0988362],[25.5579251,46.0983806],[25.5607038,46.0976701],[25.5612961,46.0976159],[25.5620858,46.0980292],[25.5638469,46.0974488],[25.5654637,46.0960628],[25.5655281,46.096066],[25.5667454,46.0968285],[25.5669509,46.0968359],[25.5675441,46.0963665],[25.5671942,46.0958177],[25.5669509,46.0956592],[25.5677424,46.0950838],[25.5699837,46.0939464],[25.5709615,46.0944668],[25.571712,46.0951985],[25.5719343,46.0956722],[25.5716179,46.096031],[25.5711128,46.0962562],[25.5697751,46.0965739],[25.5698561,46.0968172],[25.5701969,46.0970634],[25.5705406,46.0969987],[25.5707056,46.097187],[25.5705755,46.0974608],[25.5699981,46.0977032],[25.5697589,46.0979397],[25.5696676,46.0988676],[25.5724097,46.1001872],[25.5727387,46.1004588],[25.5728457,46.1008784],[25.5737725,46.1011217],[25.5752364,46.1013119],[25.575395,46.1014666],[25.5753333,46.1019249],[25.5755536,46.1021969],[25.5764818,46.1025705],[25.5768782,46.1029257],[25.5775856,46.1029851],[25.5777987,46.1031437],[25.577948,46.1035632],[25.5779619,46.1043111],[25.578447,46.1044894],[25.5784303,46.1046239],[25.5781917,46.1049193],[25.577326,46.1053229],[25.5759226,46.1057334],[25.5747952,46.108294],[25.5797408,46.1126772],[25.5798762,46.112916],[25.5799706,46.1132728],[25.5793809,46.1135027],[25.5793699,46.113612],[25.5794595,46.1140864],[25.5799936,46.1148947],[25.580064,46.1152684],[25.579719,46.1163753],[25.5802099,46.1176629],[25.5797527,46.1184426],[25.5803832,46.1186327],[25.5802852,46.1190871],[25.5799083,46.1194462],[25.5798259,46.1196609],[25.5801517,46.1207602],[25.5799056,46.1215053],[25.5807407,46.1227659],[25.5800716,46.1235089],[25.5794212,46.1231466],[25.579003,46.123611],[25.5783034,46.1249004],[25.5770582,46.1266212],[25.5768304,46.1279587],[25.5769398,46.1285969],[25.5768662,46.1290763],[25.5772448,46.1300283],[25.5793217,46.1315474],[25.579684,46.132096],[25.5801013,46.1321191],[25.5790149,46.132839],[25.5766702,46.1340569],[25.5755752,46.1351298],[25.5748655,46.1354653],[25.5713267,46.1363782],[25.5700507,46.136914],[25.569559,46.1373031],[25.5693809,46.1376149],[25.5690812,46.139041],[25.5687327,46.1392444],[25.567854,46.1390387],[25.5676579,46.1387791],[25.5676038,46.1382163],[25.5669856,46.1386522],[25.5663036,46.1393405],[25.5660687,46.1394299],[25.5632912,46.1397504],[25.5627003,46.1398962],[25.5612922,46.1405334],[25.5609503,46.1407998],[25.5606365,46.1414527],[25.5591035,46.1423007],[25.5587564,46.1426469],[25.5586812,46.1429793],[25.5590657,46.1433472],[25.5591115,46.1436916],[25.558487,46.1453083],[25.5586372,46.145816],[25.5593744,46.1463755],[25.5604028,46.1482236],[25.5606109,46.1484747],[25.5610599,46.1486364],[25.5608328,46.1488981],[25.5615966,46.1502853],[25.5614737,46.1506809],[25.5616405,46.1516256],[25.5615034,46.1524163],[25.5616652,46.153466],[25.5619079,46.1541456],[25.5617531,46.1549742],[25.5619213,46.1560617],[25.5617389,46.157151],[25.5625568,46.1579034],[25.5634877,46.1584619],[25.5637935,46.1587965],[25.5653501,46.1596335],[25.5654437,46.1599146],[25.5650098,46.1606521],[25.5653645,46.1616295],[25.565229,46.1625798],[25.5650504,46.1628539],[25.565783,46.1635268],[25.5674161,46.1647331],[25.5676632,46.1652362],[25.5676949,46.1659672],[25.5679353,46.1664114],[25.5687105,46.1670967],[25.5692458,46.1679892],[25.5709105,46.1698844],[25.5715154,46.171058],[25.5720838,46.1727991],[25.5721748,46.173408],[25.5712902,46.1750302],[25.5701109,46.1756412],[25.5676054,46.1772883],[25.5670332,46.1775265],[25.5654081,46.1789297],[25.5653543,46.1795813],[25.5654726,46.1799084],[25.5658715,46.1804654],[25.5671281,46.1814803],[25.5677253,46.18249],[25.5677457,46.1827126],[25.5671862,46.1836063],[25.5672823,46.1841227],[25.5670261,46.1845147],[25.566842,46.1854359],[25.5664648,46.1864211],[25.5662503,46.1879223],[25.5656508,46.1890515],[25.5654199,46.190141],[25.5653676,46.1915364],[25.5659208,46.1923825],[25.565969,46.1929537],[25.5654412,46.1940027],[25.5631933,46.1972662],[25.5628039,46.1972037],[25.561087,46.1989443],[25.5621079,46.199421],[25.5623281,46.1996552],[25.5631118,46.1999539],[25.5643837,46.200641],[25.5647374,46.2009124],[25.5656945,46.2021726],[25.5665494,46.2029163],[25.5690708,46.2038661],[25.5697015,46.2039974],[25.5700121,46.2041766],[25.5701358,46.2044407],[25.5700605,46.2047604],[25.5699125,46.2050848],[25.569577,46.2054142],[25.5694716,46.2075158],[25.5695729,46.2079481],[25.570055,46.2083281],[25.5702391,46.2085709],[25.5702537,46.2088146],[25.5705578,46.2089559],[25.5706139,46.2091111],[25.5710974,46.2094116],[25.5714403,46.2097922],[25.5716166,46.2098628],[25.5720246,46.2098061],[25.5721919,46.2098956],[25.5722051,46.2100027],[25.5719044,46.210187],[25.5723027,46.2105107],[25.5741779,46.2115603],[25.5748194,46.2128808],[25.5719572,46.214689],[25.5714252,46.214877],[25.5658494,46.2159238],[25.5634531,46.2175925],[25.5629144,46.2181368],[25.5624177,46.2177687],[25.5605823,46.2170436],[25.5605911,46.2169046],[25.5609273,46.2166393],[25.5608437,46.2164972],[25.5600515,46.2163514],[25.5599864,46.2160096],[25.5602215,46.2159016],[25.5601544,46.2153674],[25.5597391,46.2149133],[25.5594955,46.2141912],[25.559553,46.2137776],[25.5597982,46.2136552],[25.5597525,46.2132065],[25.5593841,46.212321],[25.5587429,46.211868],[25.5584815,46.2114132],[25.5579343,46.2111166],[25.5575111,46.2098857],[25.5574125,46.2092769],[25.5575088,46.2086421],[25.5568889,46.2082603],[25.556608,46.2078067],[25.5548959,46.2076735],[25.5536838,46.2081445],[25.5532595,46.2082139],[25.5523213,46.2078554],[25.5519011,46.2080636],[25.5515988,46.2084092],[25.5501642,46.2088508],[25.5498393,46.209168],[25.5479614,46.2092779],[25.5471667,46.2095819],[25.5463518,46.2086155],[25.5451387,46.2066079],[25.544269,46.2067329],[25.5432752,46.2065051],[25.5402053,46.2049898],[25.5393987,46.2047146],[25.5381381,46.2045997],[25.5374644,46.2042122],[25.5364021,46.2038173],[25.5361724,46.2036231],[25.5361437,46.2034279],[25.5365273,46.2029146],[25.5366258,46.2023869],[25.5350511,46.2026537],[25.5348285,46.2026993],[25.5345439,46.2009523],[25.534972,46.2000343],[25.5344053,46.1996277],[25.5331689,46.199229],[25.5308996,46.1986908],[25.5296017,46.1982225],[25.5274888,46.1978649],[25.5257056,46.1977151],[25.5250571,46.1971414],[25.5239726,46.1958026],[25.5185962,46.1924837],[25.5177089,46.1921437],[25.5156832,46.1918134],[25.5120581,46.1894675],[25.5110765,46.1890673],[25.5081752,46.1881875],[25.507634,46.1875947],[25.5061197,46.1863694],[25.5056735,46.1853432],[25.5060341,46.1851879],[25.5068447,46.1843077],[25.5069973,46.1840258],[25.5072057,46.1823225],[25.5079143,46.1816013],[25.5089005,46.1801339],[25.5090466,46.1791548],[25.5103013,46.1787962],[25.5103509,46.1785686],[25.5102413,46.1769625],[25.5098492,46.1764915],[25.509658,46.1763068],[25.5086645,46.17603],[25.5069295,46.1747542],[25.5081646,46.1722625],[25.5083179,46.1711249],[25.5079051,46.170268],[25.5068424,46.1690042],[25.5054875,46.166865],[25.5050266,46.1663957],[25.5048278,46.1663836],[25.50467,46.1659683],[25.5052256,46.1647845],[25.5068566,46.1629198],[25.5075967,46.1622728],[25.508337,46.1618397],[25.5089824,46.1616356],[25.5082189,46.161277],[25.5066924,46.1599782],[25.5064747,46.1596853],[25.5062441,46.1587889],[25.5040031,46.1568739],[25.5017113,46.1559202],[25.5012194,46.1556198],[25.5006435,46.1547228],[25.5005237,46.1535607],[25.4996446,46.1520528],[25.4995589,46.1515172],[25.4997337,46.1508705],[25.4991988,46.1503176],[25.4988872,46.1502715],[25.4984335,46.1499099],[25.4984494,46.1497091],[25.4981491,46.1496542],[25.4977885,46.1498279],[25.4977021,46.1497555],[25.497998,46.1492741],[25.4976769,46.1490702],[25.4978206,46.148626],[25.497652,46.1484214],[25.4974557,46.1483229],[25.4970082,46.1483679],[25.4966324,46.147906],[25.4957987,46.1479196],[25.4956017,46.1477384],[25.4951391,46.1482237],[25.4936453,46.1478519],[25.4928899,46.1481276],[25.4913882,46.1482339],[25.4905516,46.1481921],[25.4898573,46.1479953],[25.4894626,46.1476792],[25.4883355,46.1473027],[25.4877055,46.1469786],[25.4870781,46.146954],[25.4868809,46.1468187],[25.4868658,46.1465827],[25.4853617,46.1464166],[25.4826161,46.1467461],[25.4803942,46.1466646],[25.4798018,46.1461587],[25.4789351,46.1456458],[25.4786272,46.1448018],[25.478152,46.1442409],[25.4781412,46.1433094],[25.4785166,46.1429084],[25.4785715,46.1417006],[25.4789731,46.1413086],[25.479468,46.1396178],[25.4800732,46.1385984],[25.4802116,46.1379932],[25.4805476,46.1375742],[25.4808362,46.1362021],[25.4806225,46.1356582],[25.4801488,46.1352698],[25.4789025,46.1346577],[25.4781786,46.1340252],[25.4779532,46.1336448],[25.4773492,46.1332842],[25.4774827,46.1322691],[25.4782639,46.1304591],[25.4776379,46.1290636],[25.4779349,46.1286629],[25.47742,46.1265254],[25.4776871,46.125689],[25.4782041,46.1250604],[25.4782742,46.1241068],[25.4774745,46.1237561],[25.4771577,46.123367],[25.4766725,46.1231421],[25.4761446,46.1225087],[25.475713,46.1224379],[25.475263,46.1219902],[25.4745694,46.1218206],[25.474106,46.1210871],[25.4735301,46.1209351],[25.4737367,46.1206619],[25.4733809,46.1202911],[25.473211,46.1202737],[25.4735227,46.1200727],[25.4735986,46.1197818],[25.4731537,46.1196838],[25.4730867,46.1194843],[25.4725899,46.1194228],[25.4724826,46.1190874],[25.4722992,46.1190246],[25.4721169,46.1190889],[25.4721283,46.1188891],[25.4725183,46.1186787],[25.4727767,46.1183598],[25.473169,46.1184127],[25.4733636,46.1182666],[25.4729974,46.1182046],[25.4724857,46.1179252],[25.470932,46.1167006],[25.4706818,46.1164565],[25.4704399,46.1156495],[25.4696502,46.1149173],[25.4683936,46.1145684],[25.4677754,46.1140352],[25.4675748,46.1134823],[25.4677397,46.1129518],[25.4675509,46.1122444],[25.467781,46.1116533],[25.4675027,46.1096208],[25.4672007,46.1090409],[25.4657879,46.1083207],[25.4667945,46.1075862],[25.4672953,46.107015],[25.4670466,46.106569],[25.4667508,46.1064499],[25.466447,46.1058712],[25.4654862,46.1057439],[25.4652174,46.1055918],[25.4645082,46.1054524],[25.4643339,46.1053],[25.4636633,46.1050784],[25.463472,46.1047728],[25.4626822,46.104404],[25.4621314,46.1043953],[25.4615669,46.1042018],[25.455493,46.1041445],[25.4512607,46.1041043],[25.4514737,46.1024813]]]}},{"type":"Feature","properties":{"entity_id":"osm-r14735812","jurisdiction":"RO","display_name":"BRĂDUȚ","display_type":"commune","admin_level":8,"tier":"local","legal_registry":"SIRUTA","legal_id":"64041","legal_type":"commune","parent_catalog_id":"osm-r2248621","osm_relation_id":14735812,"legal_identity_status":"reconciled","geometry_source":"OpenStreetMap","canonical_geometry_role":null,"geometry_scope":null,"geometry_precision":"master_coordinate_fidelity"},"geometry":{"type":"Polygon","coordinates":[[[25.6801335,46.2717314],[25.6800291,46.2716618],[25.679398,46.2705437],[25.6755238,46.2675299],[25.6757026,46.2661624],[25.6755575,46.2648187],[25.6752253,46.2640383],[25.6743491,46.2627354],[25.6734976,46.2622069],[25.6717353,46.2615693],[25.6706206,46.2609971],[25.6680162,46.2599912],[25.6673365,46.2593381],[25.6662683,46.2580338],[25.6658324,46.2577065],[25.6651163,46.2573659],[25.6632105,46.256811],[25.6591967,46.2560965],[25.6553175,46.2546543],[25.6548822,46.2542736],[25.654166,46.2539558],[25.6515839,46.252984],[25.6498974,46.2524915],[25.6489079,46.2520535],[25.6477067,46.2513889],[25.6452559,46.2497259],[25.6427029,46.2494596],[25.6412336,46.248952],[25.6370658,46.2477691],[25.6360122,46.2476326],[25.6329381,46.2475014],[25.6324772,46.2474086],[25.6319185,46.2471018],[25.6314274,46.2464215],[25.6309558,46.2450625],[25.6308328,46.2442912],[25.6286933,46.2439575],[25.6262589,46.2432484],[25.6245912,46.2429574],[25.6207871,46.2418218],[25.6179366,46.2406765],[25.6168572,46.2401124],[25.6156785,46.2396968],[25.6145152,46.2394949],[25.612517,46.2393131],[25.6108688,46.2394491],[25.6087346,46.2401403],[25.6049094,46.2407154],[25.6035005,46.2413135],[25.6029496,46.2416474],[25.6027303,46.2415742],[25.6022003,46.2410233],[25.6005317,46.2397325],[25.5986419,46.2387614],[25.5978324,46.2380951],[25.5975276,46.2375754],[25.5973309,46.236278],[25.5968625,46.2355289],[25.5962818,46.2352333],[25.5937598,46.2344545],[25.5927252,46.2338141],[25.5923,46.2332101],[25.5919327,46.2320342],[25.5909213,46.2311764],[25.5904526,46.2304883],[25.5888289,46.2270273],[25.5871538,46.2249926],[25.5848659,46.2226202],[25.584092,46.2215496],[25.5822425,46.2203839],[25.5803478,46.2184474],[25.5796584,46.2180331],[25.578431,46.217617],[25.5778351,46.2171496],[25.577197,46.2163693],[25.57654,46.2150397],[25.5748194,46.2128808],[25.5741779,46.2115603],[25.5723027,46.2105107],[25.5719044,46.210187],[25.5722051,46.2100027],[25.5721919,46.2098956],[25.5720246,46.2098061],[25.5716166,46.2098628],[25.5714403,46.2097922],[25.5710974,46.2094116],[25.5706139,46.2091111],[25.5705578,46.2089559],[25.5702537,46.2088146],[25.5702391,46.2085709],[25.570055,46.2083281],[25.5695729,46.2079481],[25.5694716,46.2075158],[25.569577,46.2054142],[25.5699125,46.2050848],[25.5700605,46.2047604],[25.5701358,46.2044407],[25.5700121,46.2041766],[25.5697015,46.2039974],[25.5690708,46.2038661],[25.5665494,46.2029163],[25.5656945,46.2021726],[25.5647374,46.2009124],[25.5643837,46.200641],[25.5631118,46.1999539],[25.5623281,46.1996552],[25.5621079,46.199421],[25.561087,46.1989443],[25.5628039,46.1972037],[25.5631933,46.1972662],[25.5654412,46.1940027],[25.565969,46.1929537],[25.5659208,46.1923825],[25.5653676,46.1915364],[25.5654199,46.190141],[25.5656508,46.1890515],[25.5662503,46.1879223],[25.5664648,46.1864211],[25.566842,46.1854359],[25.5670261,46.1845147],[25.5672823,46.1841227],[25.5671862,46.1836063],[25.5677457,46.1827126],[25.5677253,46.18249],[25.5671281,46.1814803],[25.5658715,46.1804654],[25.5654726,46.1799084],[25.5653543,46.1795813],[25.5654081,46.1789297],[25.5670332,46.1775265],[25.5676054,46.1772883],[25.5701109,46.1756412],[25.5712902,46.1750302],[25.5721748,46.173408],[25.5720838,46.1727991],[25.5715154,46.171058],[25.5709105,46.1698844],[25.5692458,46.1679892],[25.5687105,46.1670967],[25.5679353,46.1664114],[25.5676949,46.1659672],[25.5676632,46.1652362],[25.5674161,46.1647331],[25.565783,46.1635268],[25.5650504,46.1628539],[25.565229,46.1625798],[25.5653645,46.1616295],[25.5650098,46.1606521],[25.5654437,46.1599146],[25.5653501,46.1596335],[25.5637935,46.1587965],[25.5634877,46.1584619],[25.5625568,46.1579034],[25.5617389,46.157151],[25.5619213,46.1560617],[25.5617531,46.1549742],[25.5619079,46.1541456],[25.5616652,46.153466],[25.5615034,46.1524163],[25.5616405,46.1516256],[25.5614737,46.1506809],[25.5615966,46.1502853],[25.5608328,46.1488981],[25.5610599,46.1486364],[25.5606109,46.1484747],[25.5604028,46.1482236],[25.5593744,46.1463755],[25.5586372,46.145816],[25.558487,46.1453083],[25.5591115,46.1436916],[25.5590657,46.1433472],[25.5586812,46.1429793],[25.5587564,46.1426469],[25.5591035,46.1423007],[25.5606365,46.1414527],[25.5609503,46.1407998],[25.5612922,46.1405334],[25.5627003,46.1398962],[25.5632912,46.1397504],[25.5660687,46.1394299],[25.5663036,46.1393405],[25.5669856,46.1386522],[25.5676038,46.1382163],[25.5676579,46.1387791],[25.567854,46.1390387],[25.5687327,46.1392444],[25.5690812,46.139041],[25.5693809,46.1376149],[25.569559,46.1373031],[25.5700507,46.136914],[25.5713267,46.1363782],[25.5748655,46.1354653],[25.5755752,46.1351298],[25.5766702,46.1340569],[25.5790149,46.132839],[25.5801013,46.1321191],[25.579684,46.132096],[25.5793217,46.1315474],[25.5772448,46.1300283],[25.5768662,46.1290763],[25.5769398,46.1285969],[25.5768304,46.1279587],[25.5770582,46.1266212],[25.5783034,46.1249004],[25.579003,46.123611],[25.5794212,46.1231466],[25.5800716,46.1235089],[25.5807407,46.1227659],[25.5799056,46.1215053],[25.5801517,46.1207602],[25.5798259,46.1196609],[25.5799083,46.1194462],[25.5802852,46.1190871],[25.5803832,46.1186327],[25.5797527,46.1184426],[25.5802099,46.1176629],[25.579719,46.1163753],[25.580064,46.1152684],[25.5799936,46.1148947],[25.5794595,46.1140864],[25.5793699,46.113612],[25.5793809,46.1135027],[25.5799706,46.1132728],[25.5798762,46.112916],[25.5797408,46.1126772],[25.5747952,46.108294],[25.5759226,46.1057334],[25.577326,46.1053229],[25.5781917,46.1049193],[25.5784303,46.1046239],[25.578447,46.1044894],[25.5779619,46.1043111],[25.577948,46.1035632],[25.5777987,46.1031437],[25.5775856,46.1029851],[25.5768782,46.1029257],[25.5764818,46.1025705],[25.5755536,46.1021969],[25.5753333,46.1019249],[25.575395,46.1014666],[25.5752364,46.1013119],[25.5737725,46.1011217],[25.5728457,46.1008784],[25.5727387,46.1004588],[25.5724097,46.1001872],[25.5696676,46.0988676],[25.5697589,46.0979397],[25.5699981,46.0977032],[25.5705755,46.0974608],[25.5707056,46.097187],[25.5705406,46.0969987],[25.5701969,46.0970634],[25.5698561,46.0968172],[25.5697751,46.0965739],[25.5711128,46.0962562],[25.5716179,46.096031],[25.5719343,46.0956722],[25.571712,46.0951985],[25.5709615,46.0944668],[25.5699837,46.0939464],[25.5677424,46.0950838],[25.5669509,46.0956592],[25.5671942,46.0958177],[25.5675441,46.0963665],[25.5669509,46.0968359],[25.5667454,46.0968285],[25.5655281,46.096066],[25.5654637,46.0960628],[25.5668102,46.0949706],[25.566727,46.0939277],[25.5660319,46.0918684],[25.5664535,46.0916567],[25.5718272,46.0900255],[25.5719526,46.0898862],[25.5726807,46.089622],[25.5689326,46.0863377],[25.5740399,46.0843959],[25.5752098,46.0842388],[25.5758237,46.0840382],[25.5782045,46.0835933],[25.5793819,46.0835747],[25.5822066,46.082846],[25.5829101,46.0825566],[25.5833825,46.0826887],[25.5837788,46.0830523],[25.5842815,46.0831884],[25.5846597,46.0835436],[25.5852697,46.0835573],[25.5859197,46.0839112],[25.587179,46.0836484],[25.5880057,46.0835895],[25.5884664,46.0837468],[25.5890097,46.0837314],[25.5899056,46.0839285],[25.5905446,46.0838243],[25.5913326,46.0835261],[25.5925785,46.0837087],[25.594699,46.0837818],[25.5949615,46.0840493],[25.5953307,46.0841231],[25.595788,46.0845241],[25.5978378,46.0870053],[25.5983375,46.087423],[25.6016493,46.0892924],[25.6041851,46.0908801],[25.6060562,46.0915972],[25.6066681,46.0912157],[25.6080873,46.0906535],[25.6100692,46.0896343],[25.6107557,46.0894542],[25.6110872,46.0888389],[25.6117308,46.0886001],[25.6128505,46.0882705],[25.614834,46.0879573],[25.615944,46.0878462],[25.6164116,46.0878896],[25.617003,46.0877202],[25.6181661,46.087607],[25.6204713,46.0870488],[25.6211889,46.0869984],[25.6212095,46.0872252],[25.6207388,46.0877951],[25.6211139,46.0889361],[25.6210774,46.0894489],[25.6208089,46.0897446],[25.6215773,46.0904086],[25.6216881,46.0911308],[25.6215465,46.0919678],[25.6208008,46.0922618],[25.6210369,46.0928446],[25.6215603,46.0932032],[25.6216604,46.0935094],[25.6226908,46.0943695],[25.6234301,46.0945798],[25.6234876,46.0948568],[25.6239097,46.0953336],[25.6239382,46.09572],[25.6246718,46.0959597],[25.625184,46.096394],[25.6266153,46.0963651],[25.627193,46.0967107],[25.627896,46.0974507],[25.6287976,46.0975844],[25.629119,46.0976961],[25.6294182,46.0979802],[25.6310795,46.0985215],[25.6318017,46.0998832],[25.6327946,46.1006047],[25.633168,46.1010397],[25.6334696,46.102055],[25.6333699,46.1028456],[25.6336018,46.1030544],[25.6339044,46.1041621],[25.6344437,46.1048315],[25.6351492,46.1052394],[25.6368701,46.1067426],[25.6377007,46.1071064],[25.6396196,46.1074506],[25.6397636,46.1073657],[25.6401504,46.1073804],[25.6417362,46.107632],[25.6426642,46.1074167],[25.643777,46.1075197],[25.6448795,46.107774],[25.64544,46.1081743],[25.6460348,46.1084062],[25.646073,46.1085741],[25.6457009,46.1087863],[25.6455707,46.1090224],[25.6454223,46.110805],[25.6456785,46.1110136],[25.6466107,46.1111597],[25.6466483,46.1112771],[25.6460104,46.1114992],[25.6457607,46.1118452],[25.6463165,46.1118421],[25.6475585,46.1116166],[25.6478622,46.1117493],[25.6479364,46.1119002],[25.6476134,46.1121793],[25.646987,46.1123426],[25.6467003,46.11263],[25.6461451,46.1126919],[25.6456973,46.1126272],[25.6455057,46.1127796],[25.646029,46.113096],[25.6459356,46.1133739],[25.6464069,46.1133796],[25.6479853,46.1140136],[25.6489224,46.1140545],[25.6492394,46.1163598],[25.6492084,46.1183603],[25.6500709,46.1202842],[25.6502808,46.1211697],[25.6508278,46.1219566],[25.6510891,46.1236192],[25.6540506,46.1262035],[25.6552665,46.1270643],[25.6566562,46.1277981],[25.6570715,46.1279113],[25.6579183,46.1279652],[25.65847,46.1278549],[25.6602867,46.1271363],[25.6610162,46.1269913],[25.6614598,46.1269321],[25.662071,46.1269979],[25.6623508,46.1271559],[25.6628702,46.1271172],[25.6632425,46.1274239],[25.6640263,46.1275223],[25.6644463,46.1277699],[25.6658387,46.1282136],[25.6685993,46.1298468],[25.6701113,46.1304221],[25.6733964,46.1311845],[25.6758936,46.1312622],[25.6766995,46.1314255],[25.6769425,46.131527],[25.6769167,46.1315769],[25.6766455,46.1316416],[25.6765364,46.1321171],[25.6760408,46.1326074],[25.675917,46.1333646],[25.675396,46.1342585],[25.6754538,46.1345356],[25.6753003,46.134839],[25.6751688,46.1349533],[25.674439,46.1350878],[25.6738336,46.1350116],[25.6736107,46.1350717],[25.6736791,46.135231],[25.675011,46.1358997],[25.6758586,46.136504],[25.6765137,46.1371809],[25.6769825,46.1384472],[25.6781242,46.1398609],[25.6798308,46.1409937],[25.6810048,46.1420794],[25.6820359,46.1433339],[25.6829251,46.1448414],[25.6832555,46.1466296],[25.6831614,46.1468445],[25.6826739,46.1470281],[25.6820285,46.1476371],[25.6809871,46.1489922],[25.6808566,46.1491989],[25.680804,46.1498379],[25.6805893,46.1500745],[25.6802371,46.1509381],[25.6788004,46.151619],[25.6779138,46.1518007],[25.6767424,46.1524254],[25.6741595,46.1533315],[25.6734039,46.1539866],[25.6725744,46.1542569],[25.6723835,46.1554641],[25.6719218,46.156282],[25.6714247,46.15668],[25.6693766,46.1588309],[25.6697118,46.1590433],[25.6702033,46.1591875],[25.6706672,46.1595419],[25.6709071,46.1603684],[25.6713748,46.161038],[25.6714727,46.1616299],[25.6718147,46.1624011],[25.6726278,46.1631276],[25.6728761,46.1646473],[25.6742853,46.166135],[25.6746658,46.1670867],[25.6750354,46.1686267],[25.6755165,46.1693971],[25.6761544,46.1701203],[25.6767523,46.1715329],[25.6775159,46.172142],[25.6778307,46.1726612],[25.679592,46.1742266],[25.6817258,46.1755838],[25.6827907,46.1760943],[25.6834495,46.1765358],[25.6842505,46.1767412],[25.6880475,46.1785338],[25.6897366,46.179612],[25.6905081,46.1803553],[25.6906813,46.1806569],[25.6910504,46.1826003],[25.6914438,46.1830937],[25.6916252,46.1835759],[25.6915535,46.1841268],[25.691669,46.1856221],[25.6928321,46.1871909],[25.6930111,46.1879547],[25.6930135,46.188627],[25.6928222,46.1892963],[25.6932061,46.1914497],[25.6935112,46.1921329],[25.6935794,46.1927418],[25.6934835,46.1933012],[25.6936678,46.1939977],[25.6934384,46.1954867],[25.6935757,46.1958178],[25.6935412,46.1964484],[25.6939852,46.1971054],[25.694012,46.1977944],[25.6932333,46.1989085],[25.693186,46.1999593],[25.6933221,46.2006813],[25.6928217,46.2008272],[25.6929574,46.2010323],[25.6941042,46.2017523],[25.6947659,46.2023955],[25.6948417,46.2031304],[25.6957028,46.2037471],[25.6974576,46.2032364],[25.6983963,46.2032853],[25.6985994,46.203553],[25.6989263,46.2035594],[25.7005105,46.202974],[25.7046461,46.2021796],[25.7056205,46.202182],[25.7060704,46.2023432],[25.7087888,46.2047847],[25.7115968,46.2057002],[25.7122304,46.206024],[25.7136328,46.2068221],[25.7161924,46.2086425],[25.7173448,46.2092866],[25.7187574,46.2094669],[25.720875,46.2093989],[25.7222039,46.2091931],[25.7227183,46.2091898],[25.723065,46.2093137],[25.7244832,46.209456],[25.7250632,46.2098389],[25.7254034,46.2099334],[25.7279056,46.2101067],[25.7292682,46.2106233],[25.7302995,46.2112513],[25.7312711,46.2119468],[25.7310374,46.2121248],[25.7310517,46.2122928],[25.7321374,46.212912],[25.7323659,46.2127929],[25.7324177,46.2125908],[25.7322461,46.2124323],[25.7323762,46.2122003],[25.7326837,46.2121143],[25.7330365,46.2122423],[25.7336055,46.2122429],[25.7341917,46.2126257],[25.7346677,46.2124588],[25.7348993,46.2125792],[25.73522,46.2125687],[25.7353003,46.21269],[25.7351779,46.213048],[25.7354663,46.2133403],[25.735789,46.2134769],[25.7364253,46.2135359],[25.7372048,46.2138838],[25.7381509,46.2140164],[25.7393198,46.2145131],[25.7404894,46.2146107],[25.7428448,46.2151081],[25.7434859,46.2150703],[25.7436004,46.2154772],[25.7443943,46.2155435],[25.7453304,46.2153819],[25.7461667,46.2154521],[25.7469799,46.2155981],[25.7482931,46.2160181],[25.7500222,46.2158555],[25.7507793,46.2163338],[25.7510216,46.2163449],[25.7522097,46.2160177],[25.7614075,46.218241],[25.7387993,46.2412811],[25.7380445,46.2424146],[25.7362434,46.2444869],[25.7344326,46.2471419],[25.7333918,46.2479644],[25.7307084,46.2511397],[25.730267,46.2513396],[25.7297842,46.2520976],[25.7288853,46.2528428],[25.7284128,46.253046],[25.7274204,46.2542664],[25.726923,46.2546502],[25.7266953,46.2550078],[25.7263317,46.2552179],[25.7257076,46.255257],[25.7250321,46.2554708],[25.723906,46.2555679],[25.7231727,46.2558198],[25.7231852,46.2565833],[25.7241518,46.2568499],[25.7271185,46.2584333],[25.7284519,46.2588666],[25.7296852,46.2594999],[25.7299352,46.2594999],[25.7315995,46.2600241],[25.7319961,46.2607549],[25.7327819,46.2622503],[25.734105,46.2631619],[25.7341062,46.263681],[25.7326922,46.2658719],[25.7319374,46.2667381],[25.7311574,46.2686728],[25.73071,46.2689414],[25.7298958,46.2689981],[25.7280006,46.2694612],[25.7272213,46.269957],[25.726944,46.2702608],[25.7265888,46.2713428],[25.7264172,46.2728228],[25.7257897,46.2735523],[25.7260533,46.2742865],[25.7260013,46.2745763],[25.7237393,46.2754992],[25.7203038,46.2760225],[25.7173494,46.2768612],[25.7153903,46.2770413],[25.7142249,46.2770005],[25.7116584,46.2761734],[25.7087143,46.2757983],[25.7075701,46.2758492],[25.705322,46.2763939],[25.7024861,46.2762177],[25.7014068,46.2763834],[25.7005026,46.276657],[25.7000628,46.2766622],[25.6987678,46.2763419],[25.6952595,46.275093],[25.693627,46.2743929],[25.6914039,46.273968],[25.6892154,46.2733677],[25.6873234,46.2734218],[25.6861635,46.2727663],[25.6851648,46.2725171],[25.6841424,46.2724591],[25.6801335,46.2717314]]]}}]}