{"type":"FeatureCollection","metadata":{"schema_version":1,"contract":"actual-public-geometry-chunk-v1","mode":"ACTUAL","jurisdiction":"RO","tier":"local","root_entity_id":"osm-r2366970","feature_count":111,"geometry_source":"OpenStreetMap","geometry_precision":"master_coordinate_fidelity"},"features":[{"type":"Feature","properties":{"entity_id":"osm-r2021225","jurisdiction":"RO","display_name":"CALAFAT","display_type":"municipality","admin_level":8,"tier":"local","legal_registry":"SIRUTA","legal_id":"70352","legal_type":"municipality","parent_catalog_id":"osm-r2366970","osm_relation_id":2021225,"legal_identity_status":"reconciled","geometry_source":"OpenStreetMap","geometry_precision":"master_coordinate_fidelity"},"geometry":{"type":"Polygon","coordinates":[[[23.0129279,43.946167],[23.0151439,43.9451196],[23.0278909,43.9634768],[23.0313241,43.9680558],[23.0366552,43.9756359],[23.0383654,43.9758679],[23.0396417,43.9760724],[23.0411055,43.9764804],[23.0439484,43.9776521],[23.0457457,43.978401],[23.0460854,43.9790443],[23.04722,43.9795172],[23.0471797,43.9800673],[23.0558717,43.9833665],[23.0562118,43.9828071],[23.0629288,43.9854982],[23.062596,43.9858889],[23.0640337,43.9864602],[23.064312,43.9861159],[23.0726087,43.9897891],[23.0745828,43.9879365],[23.0783765,43.9838173],[23.0856147,43.9818324],[23.08686,43.9823299],[23.0911577,43.9841127],[23.0909007,43.9843919],[23.0862965,43.989152],[23.084963,43.9905274],[23.0840398,43.9914656],[23.0995654,43.9980702],[23.1017551,43.9989794],[23.1018268,43.999069],[23.1018665,43.9991581],[23.10189,43.9992674],[23.1018485,43.9994317],[23.101439,43.999893],[23.1012365,44.0001551],[23.1009239,44.0001015],[23.1005425,44.0001096],[23.1002042,44.0002294],[23.1000162,44.0004579],[23.0998616,44.000687],[23.099246,44.0013138],[23.0987672,44.0014361],[23.0971901,44.00181],[23.0942251,44.0024935],[23.0913743,44.0031595],[23.0901607,44.0034575],[23.0884693,44.0038439],[23.0862654,44.0043566],[23.0843375,44.0048162],[23.0829009,44.0051827],[23.0807247,44.0056668],[23.0793223,44.0060049],[23.0794394,44.0073297],[23.07952,44.0089483],[23.0795389,44.0097983],[23.079626,44.0104032],[23.0797981,44.0126993],[23.0798006,44.0136407],[23.0797457,44.0153119],[23.0746866,44.0149078],[23.0694025,44.0144654],[23.0693573,44.0145381],[23.068869,44.0152466],[23.0681582,44.0163109],[23.0678172,44.0168492],[23.0665107,44.0163229],[23.0652647,44.0172052],[23.0632132,44.0161201],[23.0629764,44.0160915],[23.0609628,44.0156554],[23.0518612,44.0269135],[23.0509667,44.0281022],[23.0303494,44.0354346],[23.023908,44.027241],[23.0211532,44.0233192],[23.0172133,44.0176059],[23.0143031,44.015269],[23.0107456,44.0138743],[23.0104547,44.0137001],[23.0077006,44.012548],[23.0059597,44.0119028],[23.0040476,44.0113837],[23.0022914,44.0109939],[23.0010215,44.0107485],[22.996001,44.0099598],[22.9948158,44.009683],[22.9942537,44.0094989],[22.9918421,44.0091466],[22.9907577,44.0089423],[22.9884975,44.0084518],[22.9871844,44.0082413],[22.9865482,44.0081082],[22.9857466,44.0079909],[22.9844315,44.0078681],[22.9834088,44.0076387],[22.9830528,44.0075065],[22.9824374,44.007349],[22.981763,44.0072738],[22.9799537,44.0069631],[22.9795947,44.0068556],[22.9791073,44.0067476],[22.9781772,44.0066547],[22.9769867,44.0066402],[22.9756849,44.0064774],[22.9749714,44.0063339],[22.9735297,44.0063251],[22.9728043,44.0062862],[22.9709815,44.0058764],[22.9699501,44.0089325],[22.9695215,44.0088466],[22.9688132,44.0086213],[22.9674562,44.0083206],[22.9653671,44.0077619],[22.9637045,44.0073939],[22.9601772,44.0068984],[22.9578257,44.0063921],[22.9565311,44.006311],[22.9541432,44.0059856],[22.952699,44.0057744],[22.9496456,44.0052206],[22.9481547,44.0049938],[22.9471972,44.0048294],[22.9465663,44.0046627],[22.9459741,44.0045424],[22.9449055,44.0044282],[22.944103,44.0042306],[22.9422491,44.0039497],[22.9417083,44.0038478],[22.9406784,44.0036966],[22.9394081,44.003465],[22.9371207,44.0030452],[22.9364169,44.0028261],[22.9342024,44.0019525],[22.9331253,44.0016221],[22.9302199,44.0007485],[22.9269841,43.9997792],[22.9263894,44.0004116],[22.9180567,43.9975445],[22.9125284,43.9960032],[22.905696,43.9942631],[22.9011981,43.9928935],[22.8971902,43.9916372],[22.8936238,43.9902889],[22.8918058,43.989895],[22.8905511,43.9894985],[22.8876014,43.9879391],[22.8856215,43.9866268],[22.8839113,43.9852372],[22.8829561,43.9843054],[22.8816717,43.9828576],[22.8807306,43.9813789],[22.8800111,43.9800249],[22.8777514,43.9759868],[22.8770505,43.9747261],[22.8752608,43.9690163],[22.874029,43.9649869],[22.872685,43.9611922],[22.8705771,43.9562175],[22.8685779,43.951524],[22.8670593,43.9479736],[22.8643573,43.9413213],[22.8621879,43.9371549],[22.8620746,43.9348997],[22.8620299,43.9339177],[22.8654778,43.9307244],[22.8637846,43.928251],[22.8621671,43.9262755],[22.8596701,43.9232685],[22.8561445,43.9188684],[22.8537099,43.91598],[22.8504355,43.9121027],[22.849173,43.9103424],[22.8482637,43.9083086],[22.8477037,43.9069802],[22.8455894,43.9007501],[22.8437303,43.8949542],[22.8428057,43.8911262],[22.8421174,43.8878256],[22.8418349,43.8856965],[22.8417399,43.8849809],[22.8414526,43.8819659],[22.8414337,43.8774033],[22.8457262,43.8771886],[22.8516136,43.8766914],[22.8537774,43.8764063],[22.8541178,43.8763527],[22.8544215,43.876355],[22.8562739,43.876067],[22.8566824,43.8760237],[22.8577855,43.8759686],[22.8589506,43.8757625],[22.8599001,43.8756151],[22.8606049,43.8754519],[22.8612264,43.8753939],[22.8616633,43.8754104],[22.8621444,43.8753909],[22.8628591,43.8754251],[22.8632286,43.8754198],[22.8635131,43.8754088],[22.8638551,43.8753783],[22.8640188,43.8754102],[22.8642265,43.8754799],[22.8644419,43.8754923],[22.8648186,43.875446],[22.8653481,43.8755056],[22.8655596,43.875542],[22.865676,43.8755491],[22.8658,43.8755391],[22.8660096,43.8756275],[22.8661302,43.8756124],[22.8662316,43.8755622],[22.8663321,43.8755368],[22.8665345,43.8755382],[22.8666713,43.8755532],[22.8668049,43.8754946],[22.8672155,43.8754367],[22.8674223,43.8753668],[22.8677416,43.8753236],[22.8681144,43.8753718],[22.8687718,43.8753925],[22.8692045,43.8753515],[22.869295,43.8753614],[22.8693914,43.8754511],[22.8697727,43.8753898],[22.8699868,43.8752362],[22.8702251,43.8751996],[22.8704015,43.8752989],[22.8706612,43.8754547],[22.8708499,43.8754788],[22.8711302,43.8756067],[22.8713605,43.8756503],[22.8716154,43.8756551],[22.8718491,43.8756036],[22.8719686,43.8755053],[22.8722517,43.8751585],[22.8724439,43.8747596],[22.8724408,43.874631],[22.8723298,43.8744947],[22.8721004,43.8744288],[22.8718671,43.8743362],[22.8718301,43.8742661],[22.8718544,43.8741639],[22.8718564,43.8740479],[22.871756,43.8738608],[22.871751,43.8738349],[22.8718078,43.8737455],[22.8718186,43.8736122],[22.87176,43.8735404],[22.8716172,43.8734532],[22.8715841,43.8733575],[22.8716454,43.8732795],[22.8717132,43.8732466],[22.8719623,43.8732447],[22.8719795,43.8731868],[22.8719574,43.8731027],[22.8719287,43.8729254],[22.8720255,43.8728909],[22.8721026,43.8728451],[22.8722596,43.8728153],[22.872427,43.8727748],[22.8725759,43.8726904],[22.8726252,43.8725785],[22.8725345,43.8724459],[22.8724448,43.8722841],[22.8726689,43.8722047],[22.8729747,43.8721978],[22.8735462,43.8715685],[22.8743606,43.8710264],[22.8751432,43.8705245],[22.8755281,43.8699335],[22.8754346,43.8696025],[22.8754366,43.869409],[22.8755877,43.8693479],[22.8757045,43.8691913],[22.8753915,43.8689342],[22.8752521,43.8686775],[22.8753965,43.8686027],[22.8756758,43.8685347],[22.875981,43.8685143],[22.8762143,43.8684838],[22.8763428,43.8684225],[22.8764769,43.8683066],[22.8763576,43.8681995],[22.8761664,43.8680753],[22.8762645,43.8679671],[22.87644,43.8679233],[22.8771334,43.8677844],[22.8773297,43.8677672],[22.8778793,43.8675859],[22.8788039,43.8673028],[22.8791759,43.8672515],[22.8801424,43.8671771],[22.8803309,43.8671329],[22.8807175,43.8670677],[22.8813305,43.8668908],[22.8831271,43.86647],[22.8835805,43.8663583],[22.8840331,43.8661758],[22.8842631,43.8661105],[22.8844564,43.8660889],[22.8846138,43.866095],[22.8848087,43.8661525],[22.8853679,43.8663024],[22.8857038,43.866334],[22.8859233,43.866316],[22.8861407,43.8662346],[22.8863721,43.8660079],[22.8866484,43.8656388],[22.8868466,43.8654155],[22.8868483,43.865246],[22.8865922,43.8651133],[22.8863129,43.8651336],[22.886005,43.8651906],[22.8856811,43.8651994],[22.8855253,43.8651317],[22.8854738,43.8650312],[22.8858212,43.8649431],[22.8866873,43.8647851],[22.8870855,43.8646233],[22.8877404,43.8643143],[22.8880542,43.8641566],[22.8887347,43.8640153],[22.8891495,43.863946],[22.8895259,43.8639078],[22.889689,43.8638657],[22.8898603,43.8638086],[22.8901438,43.8635667],[22.8905334,43.8636116],[22.8910309,43.8636543],[22.8911229,43.8636534],[22.8917578,43.863524],[22.8919715,43.8635245],[22.8924395,43.8635821],[22.892773,43.8636382],[22.893253,43.8636685],[22.8937294,43.8636647],[22.8940618,43.8636882],[22.8943308,43.8637548],[22.8945914,43.8637597],[22.8947566,43.8637513],[22.8947793,43.8638163],[22.9009793,43.8714082],[22.9026401,43.8707311],[22.90283,43.8706094],[22.9030152,43.8703892],[22.9032569,43.8703161],[22.9036305,43.8702456],[22.9041487,43.8700426],[22.9057792,43.86935],[22.909216,43.8678339],[22.9101367,43.8674667],[22.9112134,43.8670705],[22.9117969,43.8668475],[22.913025,43.86628],[22.9233287,43.8785665],[22.9229117,43.8788002],[22.9223999,43.8789927],[22.921802,43.8791281],[22.9215213,43.8792052],[22.9212429,43.8793078],[22.921192,43.8793963],[22.9211626,43.8795651],[22.9210266,43.87977],[22.9208254,43.8799949],[22.9205562,43.8801856],[22.9184459,43.8796377],[22.9182468,43.879645],[22.9179231,43.879689],[22.9171953,43.8796921],[22.9161351,43.8797776],[22.9151709,43.8797486],[22.9141446,43.8797239],[22.913781,43.8797977],[22.9131613,43.8800528],[22.9129204,43.8801963],[22.9124645,43.8804364],[22.9116446,43.8810129],[22.9114747,43.8811237],[22.9112571,43.881206],[22.9110694,43.881242],[22.9106622,43.8813684],[22.9104755,43.8814457],[22.910075,43.88162],[22.9098961,43.8816671],[22.9094475,43.881747],[22.9092576,43.8817535],[22.9086268,43.8817264],[22.9079586,43.8816802],[22.9075594,43.8817003],[22.9069873,43.8818325],[22.906749,43.8819477],[22.9064115,43.8821374],[22.9063386,43.8822763],[22.9063503,43.8825972],[22.9062568,43.8827058],[22.9058985,43.8828965],[22.9057884,43.8830205],[22.9055291,43.8832405],[22.9048723,43.8836048],[22.9043584,43.8838718],[22.9040549,43.8840455],[22.903496,43.8841586],[22.9025592,43.8843202],[22.9019669,43.8843795],[22.9015856,43.8843444],[22.9013282,43.884302],[22.9010355,43.8842958],[22.9009473,43.8843153],[22.9007523,43.8843773],[22.9006369,43.8844326],[22.9005378,43.8845267],[22.9003639,43.8847446],[22.9000952,43.8849292],[22.899862,43.885017],[22.8993678,43.8852379],[22.8988616,43.8855154],[22.8982636,43.8856552],[22.8976521,43.8857642],[22.8970956,43.885977],[22.8965294,43.886184],[22.8962388,43.8863359],[22.8960636,43.8864686],[22.895805,43.8867125],[22.8956391,43.8868157],[22.8954133,43.8869969],[22.8952466,43.8871981],[22.8950113,43.8874125],[22.8947751,43.8875455],[22.8942953,43.8877128],[22.8940901,43.887794],[22.8938005,43.8879631],[22.8937322,43.8880283],[22.8935312,43.888383],[22.8932763,43.8885852],[22.8930721,43.8886789],[22.8924838,43.8888782],[22.8919508,43.8891127],[22.8917907,43.8892432],[22.8916622,43.8894268],[22.891684,43.8895362],[22.891686,43.889991],[22.8916447,43.8902585],[22.8916465,43.8904948],[22.8917329,43.8907305],[22.8916138,43.8908835],[22.8913562,43.8910247],[22.8912583,43.8912876],[22.8914922,43.8914564],[22.8917568,43.8914705],[22.8919803,43.8915751],[22.8923946,43.8919937],[22.8925153,43.8924981],[22.8925293,43.8927282],[22.8927653,43.8930214],[22.8932379,43.8932242],[22.8938124,43.8934096],[22.8941453,43.8935863],[22.8942975,43.8937557],[22.8946017,43.8942065],[22.8947005,43.8944016],[22.8950385,43.8955085],[22.8955296,43.8965641],[22.8956558,43.8969383],[22.8956446,43.8970662],[22.8955263,43.8974608],[22.8954817,43.8976658],[22.8954814,43.8978683],[22.8957048,43.8982695],[22.8960815,43.8987545],[22.8966972,43.8984811],[22.9005562,43.8967922],[22.9033662,43.8955195],[22.9036791,43.8957712],[22.904466,43.8965361],[22.9065091,43.8985573],[22.9062157,43.8986982],[22.9073909,43.9002392],[22.9089685,43.9022392],[22.9092741,43.9025286],[22.9104669,43.9038818],[22.9111057,43.9043649],[22.9113577,43.9046541],[22.9114882,43.9047513],[22.911676,43.9047631],[22.9117802,43.9047176],[22.9118467,43.9046941],[22.9120995,43.9050545],[22.9127716,43.9059394],[22.9135716,43.906925],[22.9143595,43.9077341],[22.9158511,43.9096468],[22.9165657,43.9104925],[22.9168487,43.9109179],[22.9151781,43.9116436],[22.9140851,43.9121374],[22.9282124,43.9337407],[22.9344459,43.942842],[22.9356753,43.9442328],[22.9367635,43.9454502],[22.9373206,43.9462423],[22.9376236,43.9467762],[22.9380952,43.9472286],[22.9382272,43.9475972],[22.9384557,43.9479254],[22.9385785,43.9482061],[22.9382558,43.9485789],[22.9382711,43.9489917],[22.9401032,43.9518514],[22.9406952,43.9532482],[22.9490739,43.9508291],[22.9512472,43.9507973],[22.9544941,43.9505991],[22.9551304,43.9505494],[22.9558435,43.9548542],[22.9558776,43.9552754],[22.9560039,43.9560643],[22.9561625,43.9568249],[22.9609338,43.9548962],[22.9673104,43.9521335],[22.9691483,43.9543715],[22.970908,43.9538286],[22.9711715,43.9537861],[22.9714531,43.9537641],[22.9716069,43.9539156],[22.9718426,43.9541363],[22.9726606,43.9547055],[22.9729973,43.9548468],[22.9732961,43.9548691],[22.9735788,43.9549486],[22.9738061,43.9550068],[22.9741508,43.9551889],[22.974558,43.9554565],[22.9747889,43.9555792],[22.9737424,43.9560954],[22.9727241,43.9566319],[22.9739332,43.9579758],[22.9796976,43.9638343],[22.9845713,43.9611851],[22.9909227,43.9577822],[23.0038986,43.9508961],[23.0129279,43.946167]]]}},{"type":"Feature","properties":{"entity_id":"osm-r6689723","jurisdiction":"RO","display_name":"BĂILEȘTI","display_type":"municipality","admin_level":8,"tier":"local","legal_registry":"SIRUTA","legal_id":"70316","legal_type":"municipality","parent_catalog_id":"osm-r2366970","osm_relation_id":6689723,"legal_identity_status":"reconciled","geometry_source":"OpenStreetMap","geometry_precision":"master_coordinate_fidelity"},"geometry":{"type":"Polygon","coordinates":[[[23.2547649,44.075726],[23.2472802,44.0645853],[23.2424951,44.0589573],[23.2385898,44.0589881],[23.2380963,44.0475917],[23.2380963,44.0461573],[23.2355428,44.0469285],[23.2322813,44.0417306],[23.2303286,44.0394169],[23.2305003,44.0345115],[23.2275391,44.0345115],[23.2226468,44.0269984],[23.218205,44.0200553],[23.2305647,44.0164136],[23.2412077,44.0131576],[23.2440615,44.0123243],[23.2368732,44.0019529],[23.2291055,43.9898508],[23.2218314,43.9787962],[23.2185913,43.9737931],[23.2153448,43.9690233],[23.2288482,43.967582],[23.2390366,43.9665588],[23.2405373,43.966374],[23.2409716,43.9664309],[23.2411888,43.9666014],[23.2414258,43.9668572],[23.2417615,43.9669141],[23.2478232,43.9661608],[23.2494225,43.9659335],[23.2603416,43.9644981],[23.2607365,43.9640149],[23.2593395,43.9563589],[23.2766096,43.954161],[23.2834192,43.9533328],[23.2852376,43.9529588],[23.2959438,43.9514894],[23.3086658,43.9497327],[23.3117557,43.9493619],[23.314792,43.948858],[23.3161116,43.9486513],[23.3275583,43.9473194],[23.3309295,43.9469249],[23.3413478,43.945711],[23.347701,43.945036],[23.3549644,43.9442725],[23.3557773,43.9440944],[23.3640303,43.9433818],[23.370633,43.9427517],[23.3801584,43.9419118],[23.3805,43.9442159],[23.380736,43.9456914],[23.3814227,43.9496231],[23.3815746,43.9511586],[23.381671,43.9520352],[23.3820639,43.9546671],[23.3825395,43.9579312],[23.383077,43.9604503],[23.3832118,43.961302],[23.383303,43.9617777],[23.3833958,43.9624469],[23.383434,43.9628134],[23.3835282,43.9633627],[23.3835763,43.963739],[23.3838836,43.965641],[23.3842401,43.9668699],[23.3849613,43.9698943],[23.3873251,43.9792217],[23.3884588,43.9839437],[23.3889259,43.9859746],[23.3898296,43.9892485],[23.3903282,43.9915364],[23.3903347,43.9915852],[23.39047,43.992167],[23.3918315,43.991806],[23.3925084,43.9916619],[23.3935132,43.9914253],[23.4011526,43.9896792],[23.4022912,43.989431],[23.4023343,43.9924894],[23.4023582,43.9932038],[23.4022912,43.9941987],[23.4023857,43.997762],[23.4025871,44.0035979],[23.4027305,44.0083778],[23.4028097,44.0103907],[23.4031939,44.0184325],[23.4033062,44.0212573],[23.403366,44.0216651],[23.4033897,44.0225186],[23.4034143,44.0251622],[23.4034912,44.0282805],[23.4037039,44.0328932],[23.3978399,44.0329514],[23.3980627,44.0420336],[23.4020002,44.0419404],[23.4020999,44.0450327],[23.4019932,44.0470216],[23.4021703,44.0520982],[23.4023826,44.0572007],[23.3921399,44.057367],[23.3795811,44.0575348],[23.3718778,44.057689],[23.3705474,44.0577353],[23.3664061,44.057797],[23.3657803,44.0579301],[23.3651744,44.0581755],[23.3569933,44.0578625],[23.3365441,44.0582788],[23.3225966,44.0584484],[23.3013321,44.0587568],[23.2997013,44.0587877],[23.291998,44.0587414],[23.2921696,44.0658496],[23.2923842,44.0740516],[23.2923198,44.0747299],[23.2850886,44.0748994],[23.2664419,44.0754082],[23.2547649,44.075726]]]}},{"type":"Feature","properties":{"entity_id":"osm-r9624263","jurisdiction":"RO","display_name":"CRAIOVA","display_type":"municipality","admin_level":8,"tier":"local","legal_registry":"SIRUTA","legal_id":"69900","legal_type":"municipality","parent_catalog_id":"osm-r2366970","osm_relation_id":9624263,"legal_identity_status":"reconciled","geometry_source":"OpenStreetMap","geometry_precision":"master_coordinate_fidelity"},"geometry":{"type":"Polygon","coordinates":[[[23.8986374,44.3226681],[23.8975039,44.3223666],[23.8951493,44.3243415],[23.8942324,44.3236784],[23.8914825,44.3250533],[23.8909611,44.3238525],[23.8952732,44.3213671],[23.8936381,44.3203461],[23.8817443,44.3200941],[23.8817304,44.3213231],[23.8753128,44.321655],[23.8755377,44.3223729],[23.8685629,44.322654],[23.8678597,44.3226823],[23.8666297,44.3228274],[23.8634801,44.3226823],[23.8551263,44.3229338],[23.8551593,44.3242203],[23.8554372,44.3254964],[23.8556399,44.3282427],[23.8556805,44.3296931],[23.8557346,44.3305344],[23.8546396,44.3320041],[23.8539502,44.3327873],[23.8526279,44.3330908],[23.852585,44.3372638],[23.8521753,44.3373006],[23.8520416,44.3374943],[23.8505863,44.3371068],[23.8499115,44.336925],[23.8480972,44.3367321],[23.8475661,44.3383464],[23.848519,44.3386692],[23.846568,44.3411273],[23.8448935,44.3410633],[23.8393409,44.3415472],[23.8391425,44.341564],[23.8390797,44.3415693],[23.838944,44.3413945],[23.8387016,44.3411319],[23.8384473,44.3409441],[23.8382492,44.3409096],[23.8379526,44.3407439],[23.8376765,44.3405482],[23.8377952,44.3416065],[23.8377915,44.3418777],[23.8377688,44.3422249],[23.8375982,44.3423924],[23.8375157,44.3424564],[23.8373058,44.3426522],[23.8370494,44.3429302],[23.8369661,44.3430939],[23.8368644,44.3433123],[23.8366549,44.3436111],[23.8363733,44.3438932],[23.8362004,44.3443865],[23.8361961,44.3446032],[23.836227,44.3447623],[23.8362234,44.3449433],[23.8352325,44.3448585],[23.8342856,44.3447459],[23.833199,44.3445795],[23.8326167,44.3445055],[23.8318681,44.3444977],[23.8315952,44.3444712],[23.8312203,44.3444239],[23.8310406,44.3443885],[23.8309775,44.3443523],[23.8307903,44.3443269],[23.8305985,44.3445044],[23.830452,44.3446638],[23.8296771,44.3454733],[23.82959,44.3458656],[23.8293927,44.3461585],[23.8275669,44.3489227],[23.8274423,44.349079],[23.8270638,44.3496475],[23.8268362,44.3499627],[23.8267765,44.3500378],[23.8267032,44.3500964],[23.826643,44.350176],[23.8265759,44.3502469],[23.8265115,44.3503342],[23.8263818,44.3504611],[23.8263067,44.3505413],[23.8260549,44.3507872],[23.8258757,44.3509943],[23.8255536,44.3512605],[23.8253238,44.3514415],[23.8251601,44.351597],[23.8249515,44.3515629],[23.821049,44.3508555],[23.8204123,44.3507489],[23.8205367,44.3515393],[23.8205425,44.3516078],[23.8205567,44.3516127],[23.8205815,44.3517089],[23.820845,44.3530355],[23.8208358,44.3530654],[23.8208184,44.3530774],[23.8208406,44.3531946],[23.8206517,44.3532187],[23.8206389,44.353259],[23.8206171,44.3532972],[23.8205869,44.3533324],[23.820549,44.3533636],[23.8205046,44.3533899],[23.8204547,44.3534106],[23.8204008,44.3534253],[23.8203443,44.3534333],[23.8196145,44.3535782],[23.8192407,44.3536164],[23.8184947,44.3536706],[23.818494,44.3536651],[23.8182478,44.3536842],[23.8179972,44.3536949],[23.8172483,44.3537494],[23.8168724,44.3537631],[23.8160039,44.3538248],[23.8157637,44.3538459],[23.8154963,44.3523819],[23.8122397,44.3531478],[23.8123038,44.3542683],[23.8125245,44.3542571],[23.8126487,44.3542438],[23.8131493,44.3542174],[23.8132734,44.3542044],[23.8135208,44.3541911],[23.813647,44.3541912],[23.8137743,44.354183],[23.8139526,44.3541668],[23.8142961,44.3541472],[23.8147723,44.354107],[23.8152706,44.3540732],[23.8153945,44.354067],[23.8155109,44.3540681],[23.8155233,44.3540744],[23.8157744,44.3540623],[23.816155,44.3540277],[23.8166471,44.3540016],[23.8168973,44.3539853],[23.8171468,44.353963],[23.8176464,44.3539362],[23.8181459,44.3539026],[23.8185237,44.3538839],[23.8193815,44.3538698],[23.8195221,44.3538542],[23.8204439,44.3537768],[23.8211252,44.3537793],[23.8211752,44.3544218],[23.8212673,44.3551735],[23.8212602,44.3552637],[23.8216322,44.3570978],[23.8216694,44.3570982],[23.8220101,44.3571739],[23.8231389,44.357458],[23.8244366,44.3577898],[23.825703,44.3582386],[23.8269669,44.3587852],[23.8276798,44.359128],[23.828105,44.359299],[23.8282888,44.3594312],[23.8283724,44.359552],[23.8280976,44.3600496],[23.827995,44.3603459],[23.8275867,44.3610701],[23.827617,44.3612785],[23.8275524,44.3613824],[23.827746,44.3617353],[23.8278525,44.3619065],[23.8278508,44.36199],[23.8279375,44.3621139],[23.8279802,44.3622053],[23.8280207,44.3622444],[23.827553,44.363665],[23.826873,44.3635551],[23.8267192,44.3634176],[23.8265939,44.363241],[23.8264846,44.3631074],[23.8263993,44.3630171],[23.8263219,44.3629498],[23.8262352,44.3628894],[23.8261773,44.362873],[23.8260593,44.3628576],[23.8258501,44.3628159],[23.8257294,44.3628037],[23.8248482,44.3628599],[23.8238293,44.3628211],[23.821744,44.3627187],[23.8219025,44.3628981],[23.8220621,44.3631546],[23.8220701,44.3631788],[23.82216,44.3633185],[23.8221257,44.3634564],[23.8231422,44.3642976],[23.8235504,44.3647322],[23.8237759,44.3654314],[23.8235872,44.3663034],[23.8235382,44.3669559],[23.8236889,44.3674311],[23.8237432,44.3677558],[23.8238623,44.3680958],[23.8239029,44.3682427],[23.8241649,44.3685321],[23.8241971,44.368561],[23.8244586,44.3688558],[23.8245203,44.3689641],[23.8247081,44.3698044],[23.8248098,44.3701753],[23.8247497,44.3702606],[23.824575,44.3703091],[23.82326,44.3704493],[23.8230385,44.3704821],[23.8228092,44.3705098],[23.8223455,44.3705232],[23.8221777,44.3705252],[23.8214999,44.3704884],[23.8201806,44.3703221],[23.8196243,44.3703162],[23.8190644,44.3703852],[23.8189313,44.3703882],[23.8187767,44.3703729],[23.8185752,44.3703195],[23.8178299,44.3700036],[23.816969,44.36969],[23.8151226,44.3692501],[23.8148998,44.3691546],[23.8125291,44.3687775],[23.8105921,44.3685337],[23.808897,44.3682616],[23.8072422,44.3680026],[23.8057402,44.3677468],[23.8053727,44.3677489],[23.8038086,44.3674494],[23.8035501,44.3673684],[23.803708,44.3670919],[23.8038106,44.3668594],[23.8039206,44.3665066],[23.8040242,44.3662472],[23.8042217,44.3658568],[23.8042823,44.365572],[23.8043957,44.3651442],[23.8044557,44.3651173],[23.8046775,44.3647246],[23.8047151,44.3644749],[23.8048701,44.3640107],[23.8050407,44.3636658],[23.805116,44.3634932],[23.8052436,44.3630615],[23.8053309,44.3628659],[23.8053287,44.3628354],[23.8064648,44.3593035],[23.8064361,44.3589768],[23.8064566,44.3586071],[23.8064093,44.3583809],[23.8063379,44.3583837],[23.8058613,44.3583631],[23.8046263,44.3583033],[23.8010121,44.3579381],[23.8009924,44.3578445],[23.8011098,44.3574101],[23.8013126,44.3570388],[23.8016099,44.3562951],[23.8016241,44.3556107],[23.8015895,44.3550052],[23.8005268,44.3549337],[23.7999286,44.354883],[23.7990979,44.3548299],[23.7978425,44.3547152],[23.7961604,44.3545099],[23.7961364,44.353576],[23.7963343,44.3513531],[23.7964177,44.3494246],[23.7964277,44.3489513],[23.7953999,44.3485546],[23.7952858,44.3485171],[23.7950672,44.3484293],[23.7947312,44.3483073],[23.794337,44.3481444],[23.7940777,44.3480416],[23.7935477,44.3478415],[23.7931968,44.3476987],[23.792699,44.3475124],[23.7926318,44.3474807],[23.7924619,44.3474165],[23.791805,44.3470773],[23.790891,44.3466785],[23.7907923,44.3466199],[23.7906321,44.3465563],[23.7902795,44.3464252],[23.7900998,44.3463696],[23.7898218,44.3462938],[23.7896634,44.3462581],[23.7893328,44.3462148],[23.7887393,44.3461646],[23.7876834,44.3461738],[23.7874354,44.3462335],[23.7871193,44.3462676],[23.7868583,44.3463033],[23.786556,44.3463548],[23.786036,44.3464869],[23.7858553,44.3465417],[23.7856786,44.3466027],[23.7855062,44.3466698],[23.7853346,44.3467421],[23.7851758,44.3468213],[23.7847725,44.3469776],[23.784476,44.3471473],[23.7842452,44.3473275],[23.7838638,44.3475756],[23.7837699,44.3476531],[23.7833873,44.3479065],[23.7829498,44.3482075],[23.782856,44.3482608],[23.7827957,44.3483105],[23.7823096,44.3486328],[23.7822097,44.3486943],[23.7821109,44.348747],[23.7816405,44.349029],[23.781436,44.3491456],[23.7813452,44.3492044],[23.7797533,44.350131],[23.779124,44.3504752],[23.7784924,44.3508305],[23.7782043,44.3509988],[23.7780192,44.3511165],[23.7778363,44.3512243],[23.7777341,44.3512823],[23.777619,44.3513393],[23.7774332,44.3514569],[23.7773307,44.3515101],[23.7767574,44.3518593],[23.7766504,44.3519057],[23.7764511,44.3520135],[23.7762451,44.3521276],[23.7760613,44.3522386],[23.7756049,44.3525247],[23.7752847,44.352717],[23.7749201,44.3529458],[23.774786,44.3530236],[23.7745186,44.3531928],[23.7744369,44.353238],[23.7743772,44.3532762],[23.7742545,44.3533578],[23.7741595,44.3534276],[23.7733302,44.3539778],[23.7726206,44.354439],[23.7723177,44.3546464],[23.7720573,44.3548183],[23.7718108,44.3549757],[23.7715113,44.3551583],[23.7713794,44.3552376],[23.7711426,44.355367],[23.7708697,44.3555255],[23.7706319,44.355675],[23.7702881,44.3558644],[23.7698897,44.356098],[23.7689329,44.3566365],[23.7685436,44.3568637],[23.7681203,44.3570914],[23.7679366,44.3571803],[23.7678347,44.3572355],[23.7674416,44.3574583],[23.7673382,44.3575094],[23.7670437,44.3576783],[23.7669419,44.3577296],[23.7666416,44.3579014],[23.7664429,44.3580062],[23.7660497,44.358233],[23.7658838,44.3583192],[23.765762,44.3584125],[23.765666,44.358471],[23.7655913,44.3585233],[23.7640617,44.3594773],[23.7634233,44.3598611],[23.7628097,44.360247],[23.7624648,44.3604756],[23.7622677,44.3605902],[23.7621707,44.3606579],[23.7619211,44.3608075],[23.7618704,44.3608453],[23.7616803,44.3609635],[23.7616126,44.3610122],[23.7613227,44.3611867],[23.761134,44.3613095],[23.7610311,44.3613686],[23.7604684,44.3617254],[23.7602862,44.3618481],[23.760198,44.3618954],[23.7598963,44.3620872],[23.7598018,44.3621409],[23.7597079,44.3622062],[23.7596078,44.3622609],[23.7594347,44.3623818],[23.7592472,44.3624995],[23.7588635,44.362727],[23.7587683,44.3627856],[23.7586745,44.3628508],[23.758583,44.3629041],[23.7584855,44.3629692],[23.758389,44.3630272],[23.7582993,44.3630901],[23.7580096,44.3632615],[23.7576274,44.3634949],[23.7574196,44.3635954],[23.7571282,44.3637694],[23.757051,44.3638355],[23.7568738,44.3639453],[23.7568535,44.3639495],[23.7568027,44.3639735],[23.7566108,44.3640851],[23.7565005,44.3641437],[23.7563091,44.3642415],[23.7561101,44.3643367],[23.755796,44.3644729],[23.7555109,44.3645825],[23.7558218,44.3648123],[23.7558516,44.3648701],[23.7551593,44.3652903],[23.7541478,44.3659326],[23.7536547,44.3661683],[23.7528428,44.3666028],[23.7525143,44.366747],[23.752534,44.3668406],[23.7526145,44.3671293],[23.7530226,44.3673205],[23.7532472,44.3674631],[23.7535111,44.3678005],[23.7536083,44.3679161],[23.753776,44.3680061],[23.7541748,44.3682046],[23.7542464,44.3684077],[23.7543932,44.3686427],[23.7547103,44.3690275],[23.754993,44.3694974],[23.755569,44.3699472],[23.7559098,44.3702388],[23.7563801,44.370563],[23.7570579,44.3708194],[23.7574016,44.3709788],[23.7576766,44.3713008],[23.7576101,44.3713701],[23.7550795,44.372473],[23.7537215,44.3730606],[23.7533004,44.3731743],[23.7531803,44.3733123],[23.7529829,44.3735628],[23.7527815,44.3737224],[23.7525162,44.3739055],[23.7523504,44.3740057],[23.7522809,44.3740693],[23.7522647,44.3742066],[23.7523793,44.3744142],[23.7524559,44.3745407],[23.752445,44.3745856],[23.7522228,44.3747887],[23.7519324,44.3750078],[23.7517975,44.3750586],[23.7516795,44.3750865],[23.7515402,44.3750803],[23.7509964,44.3757481],[23.7501495,44.3759819],[23.7494567,44.3760314],[23.7479591,44.3767934],[23.7462789,44.3776502],[23.7438593,44.3783359],[23.7411889,44.3786461],[23.7404412,44.3783835],[23.7402837,44.3775091],[23.740595,44.3754289],[23.7408921,44.3733766],[23.7407278,44.373151],[23.74016,44.3725036],[23.7400384,44.3718079],[23.7380571,44.3699935],[23.7372538,44.3688994],[23.7336716,44.367189],[23.7314683,44.3667735],[23.7288843,44.3664208],[23.7272643,44.3668315],[23.7264823,44.3674875],[23.7228576,44.3678558],[23.7215128,44.3676492],[23.7187618,44.3655849],[23.7152203,44.3637005],[23.7111927,44.3618128],[23.7133413,44.3598058],[23.7161665,44.3577182],[23.7168559,44.3565971],[23.7171127,44.3552246],[23.7165585,44.3536588],[23.7145714,44.3512134],[23.7138685,44.3488259],[23.7140983,44.3466606],[23.7149769,44.3432482],[23.7148823,44.3417884],[23.7142876,44.3395842],[23.7137874,44.3378439],[23.7133143,44.3360359],[23.7123275,44.3342183],[23.7120301,44.3322071],[23.7114894,44.3312692],[23.709259,44.3296931],[23.7079884,44.3279719],[23.7079153,44.3273836],[23.7084886,44.3250032],[23.7101512,44.322779],[23.7109893,44.3219087],[23.7151662,44.3201873],[23.7188835,44.3195586],[23.722371,44.3189493],[23.726994,44.3175083],[23.7320495,44.3154386],[23.7374836,44.3102929],[23.7397951,44.3076039],[23.7426202,44.3049727],[23.7456076,44.3031444],[23.7469728,44.3020706],[23.7476487,44.3010742],[23.747892,44.300068],[23.7480137,44.299149],[23.7479731,44.297572],[23.7484733,44.2961014],[23.7485949,44.2958402],[23.7490005,44.2941083],[23.7494736,44.2917862],[23.7496223,44.2909251],[23.7500278,44.2899768],[23.7508794,44.2892318],[23.752542,44.2884673],[23.7545021,44.2870643],[23.7588479,44.2834946],[23.761318,44.2859075],[23.7602839,44.2871059],[23.75942,44.2880846],[23.7598604,44.288277],[23.7611323,44.2888057],[23.7618822,44.2892729],[23.7624606,44.2896806],[23.7634576,44.2899013],[23.7640725,44.290122],[23.7650817,44.2905158],[23.7664514,44.2918405],[23.7677205,44.2915696],[23.7678881,44.2919386],[23.7687766,44.2918636],[23.7690067,44.291852],[23.7692497,44.2920087],[23.7701834,44.2927216],[23.7706704,44.2937449],[23.7712113,44.2943845],[23.7717688,44.2946947],[23.7726704,44.2950196],[23.7734215,44.2952241],[23.7736118,44.2952042],[23.7738329,44.2951975],[23.7743214,44.295237],[23.7744216,44.2953018],[23.7744725,44.2953711],[23.774971,44.295402],[23.7753533,44.2953669],[23.7754397,44.295314],[23.7756062,44.2952964],[23.7757299,44.2953319],[23.7758554,44.2953219],[23.7764092,44.2951289],[23.7770704,44.2948367],[23.7775466,44.2945333],[23.7777788,44.2943729],[23.7779849,44.2940947],[23.7780237,44.2939445],[23.7780241,44.2938468],[23.7780554,44.2937492],[23.7781914,44.2936527],[23.7782904,44.2935539],[23.7792624,44.2921939],[23.7794332,44.2919288],[23.7797447,44.2913748],[23.7797889,44.2909329],[23.779714,44.2905238],[23.7792798,44.2900948],[23.7789562,44.2895064],[23.7784909,44.2889069],[23.7780629,44.2887033],[23.777597,44.2881938],[23.7771364,44.2873325],[23.7770599,44.2870385],[23.7772518,44.286645],[23.7770834,44.2863593],[23.7769424,44.286111],[23.7778324,44.2858388],[23.7778583,44.2856099],[23.7786091,44.2850778],[23.7785956,44.2848018],[23.778766,44.2837935],[23.7790977,44.2837797],[23.7790973,44.2834814],[23.7792168,44.2828077],[23.7791666,44.282391],[23.7790005,44.2819339],[23.7788812,44.2816514],[23.7785616,44.2811566],[23.7781261,44.2805453],[23.7771982,44.2789211],[23.7831587,44.2799404],[23.7845895,44.280198],[23.7849145,44.2803234],[23.7848986,44.280596],[23.7869013,44.2809343],[23.7886541,44.2812484],[23.7895933,44.2813871],[23.7907083,44.2814919],[23.7913867,44.2815408],[23.7937261,44.2817734],[23.7941392,44.2818077],[23.794898,44.2815727],[23.7961042,44.2811533],[23.7961661,44.2812478],[23.7946829,44.2817434],[23.7950472,44.2823657],[23.7930918,44.2830428],[23.7919986,44.2834998],[23.7884589,44.2860638],[23.7870583,44.2872067],[23.7860057,44.2880284],[23.7853317,44.2885486],[23.7842726,44.289445],[23.7828999,44.290641],[23.7866061,44.2929183],[23.7892387,44.2944811],[23.7901899,44.2929819],[23.7918469,44.2905135],[23.7934436,44.288372],[23.7974384,44.2832229],[23.7975492,44.2831312],[23.79953,44.2808915],[23.7997669,44.2810163],[23.8003534,44.2814613],[23.8011002,44.2815068],[23.8016442,44.2814899],[23.8019201,44.2814999],[23.80236,44.2815591],[23.8022751,44.2813763],[23.8025538,44.2813285],[23.8027227,44.2815631],[23.8035713,44.2814697],[23.8036799,44.2814113],[23.80382,44.2814982],[23.8041286,44.2813053],[23.8043676,44.2814609],[23.8044563,44.2813939],[23.8050532,44.2817372],[23.8102162,44.2779272],[23.809433,44.2772167],[23.8118201,44.2760529],[23.8121884,44.2764546],[23.8124643,44.2762695],[23.8120424,44.2756986],[23.8118715,44.2754192],[23.8102482,44.2732807],[23.8094506,44.2721172],[23.8103959,44.2719118],[23.8111333,44.2725231],[23.8119694,44.2730771],[23.8121842,44.2733135],[23.8126438,44.2730135],[23.8128796,44.2728583],[23.8129628,44.272707],[23.8136929,44.2724477],[23.8145663,44.2714222],[23.8153359,44.2709403],[23.8163531,44.2705103],[23.8174908,44.2705844],[23.8185121,44.2701638],[23.8199446,44.2695569],[23.8206816,44.2692365],[23.8213816,44.2688807],[23.8225215,44.2692934],[23.8242804,44.2680756],[23.8243816,44.2681198],[23.8245767,44.2682017],[23.8247119,44.2693536],[23.8249958,44.2694504],[23.8261583,44.2694504],[23.8264692,44.2705442],[23.8274019,44.2712991],[23.8274425,44.2720831],[23.8273884,44.2740189],[23.8273501,44.2749967],[23.8275647,44.2755421],[23.8277149,44.2758724],[23.8281621,44.2760386],[23.8317816,44.2761094],[23.8305515,44.280929],[23.8281211,44.2808007],[23.8213596,44.2812968],[23.8168988,44.2817129],[23.8186831,44.2838225],[23.8207648,44.2866482],[23.8215828,44.288453],[23.8219138,44.2891834],[23.8236846,44.2958112],[23.8254148,44.2957821],[23.8351684,44.2939189],[23.8378096,44.296785],[23.8388568,44.2962647],[23.8377973,44.2951781],[23.8398948,44.2941395],[23.8409527,44.2952314],[23.8473066,44.2920355],[23.847464,44.2921189],[23.8479718,44.2918114],[23.8479912,44.2920478],[23.8480441,44.2923107],[23.8490176,44.2929358],[23.8506851,44.2939815],[23.851372,44.2947126],[23.8523859,44.2957454],[23.85333,44.2967092],[23.8535017,44.296736],[23.8546765,44.2961639],[23.8550134,44.2955559],[23.8574154,44.2965777],[23.8579718,44.2960953],[23.8585876,44.295765],[23.8592054,44.2955566],[23.8598245,44.2954041],[23.8603655,44.2952054],[23.8610969,44.2949632],[23.8616348,44.2951777],[23.8590877,44.2976656],[23.8585143,44.2981918],[23.8577458,44.2988436],[23.856281,44.3002437],[23.855185,44.3011113],[23.8553372,44.3012406],[23.8548401,44.3017409],[23.8546405,44.3016611],[23.8536936,44.3026123],[23.8511024,44.3051866],[23.8541859,44.3061286],[23.8570811,44.3070573],[23.8539898,44.3105681],[23.8534886,44.3106466],[23.8529009,44.3112629],[23.852976,44.3115623],[23.8511419,44.3127614],[23.8530752,44.3127598],[23.8547982,44.3127774],[23.8554968,44.3127423],[23.8581326,44.3127034],[23.8597946,44.3128284],[23.8612332,44.3128429],[23.8626222,44.312811],[23.8631255,44.3127875],[23.863722,44.3126757],[23.8641423,44.3125708],[23.8652285,44.3122458],[23.864982,44.311902],[23.866423,44.3117],[23.8660481,44.3101995],[23.8667515,44.3100869],[23.8668376,44.3102869],[23.8667612,44.3103042],[23.8667867,44.3103694],[23.8670012,44.3103349],[23.8672118,44.3102236],[23.8674465,44.31038],[23.8674679,44.3106708],[23.8676489,44.3113884],[23.8682464,44.3117203],[23.8690567,44.3121742],[23.8691463,44.3122035],[23.8698956,44.3121542],[23.8705259,44.3121037],[23.8716845,44.3120132],[23.8716695,44.3115849],[23.871612,44.3114433],[23.8715495,44.310398],[23.8739777,44.3103186],[23.8740353,44.3107101],[23.8748722,44.3106708],[23.8749862,44.3119883],[23.8816385,44.3122867],[23.8873405,44.3125878],[23.8898539,44.3127466],[23.8901009,44.3127622],[23.8978294,44.3133653],[23.8999868,44.313486],[23.900677,44.3134827],[23.9016481,44.3135392],[23.9024052,44.3135827],[23.9026743,44.3136291],[23.9036811,44.3154483],[23.9044786,44.3163864],[23.9058168,44.3193362],[23.8986374,44.3226681]]]}},{"type":"Feature","properties":{"entity_id":"osm-r9625059","jurisdiction":"RO","display_name":"CÂRCEA","display_type":"commune","admin_level":8,"tier":"local","legal_registry":"SIRUTA","legal_id":"74859","legal_type":"commune","parent_catalog_id":"osm-r2366970","osm_relation_id":9625059,"legal_identity_status":"reconciled","geometry_source":"OpenStreetMap","geometry_precision":"master_coordinate_fidelity"},"geometry":{"type":"Polygon","coordinates":[[[23.9478241,44.2932038],[23.9472219,44.2933852],[23.9401353,44.2953519],[23.9337557,44.2971296],[23.9282571,44.2988143],[23.9242614,44.2996881],[23.9111639,44.3028822],[23.9101309,44.3028135],[23.9067771,44.3032657],[23.903617,44.3037236],[23.9006443,44.3041328],[23.8980575,44.3045862],[23.8979612,44.3045963],[23.8978567,44.3048894],[23.8978334,44.3049339],[23.8977094,44.3052746],[23.8975792,44.305583],[23.8974589,44.3057561],[23.8961771,44.3068015],[23.8951561,44.307606],[23.8945515,44.3080607],[23.8935664,44.3088484],[23.8929106,44.3093161],[23.8926484,44.3095279],[23.8914017,44.3104898],[23.8903614,44.3113204],[23.890143,44.3115136],[23.8900285,44.3116698],[23.8899646,44.311796],[23.8898995,44.3121236],[23.8901009,44.3127622],[23.8898539,44.3127466],[23.8873405,44.3125878],[23.8816385,44.3122867],[23.8749862,44.3119883],[23.8748722,44.3106708],[23.8740353,44.3107101],[23.8739777,44.3103186],[23.8715495,44.310398],[23.871612,44.3114433],[23.8716695,44.3115849],[23.8716845,44.3120132],[23.8705259,44.3121037],[23.8698956,44.3121542],[23.8691463,44.3122035],[23.8690567,44.3121742],[23.8682464,44.3117203],[23.8676489,44.3113884],[23.8674679,44.3106708],[23.8674465,44.31038],[23.8672118,44.3102236],[23.8670012,44.3103349],[23.8667867,44.3103694],[23.8667612,44.3103042],[23.8668376,44.3102869],[23.8667515,44.3100869],[23.8660481,44.3101995],[23.866423,44.3117],[23.864982,44.311902],[23.8652285,44.3122458],[23.8641423,44.3125708],[23.863722,44.3126757],[23.8631255,44.3127875],[23.8626222,44.312811],[23.8612332,44.3128429],[23.8597946,44.3128284],[23.8581326,44.3127034],[23.8554968,44.3127423],[23.8547982,44.3127774],[23.8530752,44.3127598],[23.8511419,44.3127614],[23.852976,44.3115623],[23.8529009,44.3112629],[23.8534886,44.3106466],[23.8539898,44.3105681],[23.8570811,44.3070573],[23.8541859,44.3061286],[23.8511024,44.3051866],[23.8536936,44.3026123],[23.8546405,44.3016611],[23.8548401,44.3017409],[23.8553372,44.3012406],[23.855185,44.3011113],[23.856281,44.3002437],[23.8577458,44.2988436],[23.8585143,44.2981918],[23.8590877,44.2976656],[23.8616348,44.2951777],[23.8610969,44.2949632],[23.8603655,44.2952054],[23.8598245,44.2954041],[23.8592054,44.2955566],[23.8585876,44.295765],[23.8579718,44.2960953],[23.8574154,44.2965777],[23.8550134,44.2955559],[23.8546765,44.2961639],[23.8535017,44.296736],[23.85333,44.2967092],[23.8523859,44.2957454],[23.851372,44.2947126],[23.8506851,44.2939815],[23.8490176,44.2929358],[23.8480441,44.2923107],[23.8479912,44.2920478],[23.8479718,44.2918114],[23.8491368,44.2909054],[23.8513654,44.2893329],[23.8552631,44.2865036],[23.8629138,44.2809863],[23.863501,44.2805482],[23.8639239,44.2802601],[23.8643603,44.2800599],[23.8662055,44.27945],[23.8685974,44.2786514],[23.8708493,44.2779195],[23.8713856,44.2777095],[23.8716294,44.2775886],[23.8723503,44.2771483],[23.8727192,44.2768746],[23.8738193,44.2758494],[23.8764137,44.2735172],[23.8768728,44.2730612],[23.8773865,44.2725683],[23.8779396,44.2721695],[23.8770837,44.2718753],[23.8742335,44.2708843],[23.8732095,44.2705418],[23.8756917,44.2665085],[23.8742408,44.266532],[23.8739368,44.266527],[23.8737815,44.266488],[23.8722454,44.2660047],[23.8717352,44.2658896],[23.8708542,44.2658332],[23.8704943,44.2658598],[23.8701868,44.2659446],[23.8699544,44.2659393],[23.869764,44.2658759],[23.8696033,44.2657512],[23.8694159,44.2654954],[23.8690446,44.2652564],[23.8686039,44.2650545],[23.868291,44.2649898],[23.8668737,44.2645414],[23.8662675,44.2643767],[23.8659984,44.2643612],[23.8657898,44.2644163],[23.8653254,44.2645034],[23.8649181,44.2645606],[23.8645394,44.2645561],[23.8641828,44.2645222],[23.8637701,44.2644455],[23.8635219,44.2635155],[23.8636471,44.2635012],[23.8635962,44.2632491],[23.8638388,44.2632259],[23.8641537,44.2631853],[23.8645303,44.2631293],[23.8651188,44.263066],[23.8654968,44.2629982],[23.8663656,44.2628771],[23.867147,44.2627626],[23.8672847,44.2626799],[23.8674013,44.2625683],[23.8674987,44.2623863],[23.8675535,44.262225],[23.8676057,44.2621269],[23.8676844,44.2620576],[23.8677817,44.2620159],[23.8679374,44.2619714],[23.8686409,44.2619116],[23.8688938,44.261895],[23.8693014,44.2619326],[23.869668,44.2620096],[23.8705175,44.2623577],[23.871112,44.26256],[23.8712965,44.2625892],[23.8722273,44.2619192],[23.8728774,44.2614254],[23.8720557,44.2610406],[23.8721881,44.2609975],[23.8723676,44.2609606],[23.8725063,44.2609394],[23.8727261,44.2609337],[23.87306,44.2609678],[23.8733986,44.2610337],[23.8739529,44.2611962],[23.8745603,44.2614123],[23.8749765,44.2615016],[23.8752494,44.2615452],[23.8753438,44.2615449],[23.8757018,44.2606358],[23.8758805,44.2602066],[23.8762379,44.2597016],[23.8767797,44.2589872],[23.8773324,44.2582733],[23.8781729,44.2571404],[23.8787487,44.2563799],[23.8792219,44.2557878],[23.8797099,44.2551892],[23.8804824,44.2542835],[23.8809191,44.2537006],[23.8812078,44.2533363],[23.8816643,44.2527772],[23.8830804,44.2510948],[23.8834478,44.2506491],[23.8836225,44.2504217],[23.8839737,44.250547],[23.8866142,44.2509882],[23.888549,44.2512996],[23.8906545,44.2515581],[23.8924491,44.251937],[23.8942261,44.2522382],[23.8951822,44.2522476],[23.8956696,44.2524242],[23.8972133,44.2526384],[23.8984708,44.2528857],[23.8987617,44.2526114],[23.8994201,44.252161],[23.8997823,44.251804],[23.901403,44.2504473],[23.9020441,44.2506425],[23.9078389,44.2511427],[23.9109222,44.2515303],[23.9154158,44.2522094],[23.9160745,44.2523361],[23.9167224,44.2525704],[23.915441,44.253484],[23.914125,44.2548622],[23.9133414,44.255461],[23.9139447,44.2561352],[23.9152352,44.2589671],[23.9164709,44.2612825],[23.9167853,44.2622738],[23.9188636,44.2666233],[23.9193138,44.2674069],[23.9205968,44.2703674],[23.9210258,44.2711949],[23.9217181,44.2728532],[23.9218719,44.272973],[23.9222622,44.272983],[23.9231843,44.2758166],[23.9232217,44.2760393],[23.9231777,44.2761758],[23.9232336,44.2762348],[23.9250838,44.2762197],[23.9265289,44.2761513],[23.92752,44.2761841],[23.9297879,44.2761195],[23.9348056,44.2757847],[23.9370158,44.2755476],[23.9376842,44.2754478],[23.9384517,44.2752714],[23.9388847,44.2774826],[23.9392106,44.2781717],[23.9411739,44.2816949],[23.9414134,44.2823246],[23.9418873,44.2831353],[23.9420704,44.2839416],[23.9431427,44.2853717],[23.9438684,44.2864555],[23.9440495,44.2865825],[23.9440524,44.2869023],[23.9441996,44.2872931],[23.9450351,44.2887776],[23.9453453,44.2892023],[23.9454153,44.289723],[23.9461366,44.2907776],[23.9469554,44.2925069],[23.9476465,44.2930403],[23.9478241,44.2932038]]]}},{"type":"Feature","properties":{"entity_id":"osm-r9625326","jurisdiction":"RO","display_name":"PIELEȘTI","display_type":"commune","admin_level":8,"tier":"local","legal_registry":"SIRUTA","legal_id":"73629","legal_type":"commune","parent_catalog_id":"osm-r2366970","osm_relation_id":9625326,"legal_identity_status":"reconciled","geometry_source":"OpenStreetMap","geometry_precision":"master_coordinate_fidelity"},"geometry":{"type":"Polygon","coordinates":[[[23.8901009,44.3127622],[23.8898995,44.3121236],[23.8899646,44.311796],[23.8900285,44.3116698],[23.890143,44.3115136],[23.8903614,44.3113204],[23.8914017,44.3104898],[23.8926484,44.3095279],[23.8929106,44.3093161],[23.8935664,44.3088484],[23.8945515,44.3080607],[23.8951561,44.307606],[23.8961771,44.3068015],[23.8974589,44.3057561],[23.8975792,44.305583],[23.8977094,44.3052746],[23.8978334,44.3049339],[23.8978567,44.3048894],[23.8979612,44.3045963],[23.8980575,44.3045862],[23.9006443,44.3041328],[23.903617,44.3037236],[23.9067771,44.3032657],[23.9101309,44.3028135],[23.9111639,44.3028822],[23.9242614,44.2996881],[23.9282571,44.2988143],[23.9337557,44.2971296],[23.9401353,44.2953519],[23.9461433,44.3006426],[23.9513304,44.3049996],[23.9536466,44.3068248],[23.9554623,44.3081823],[23.9568567,44.3093614],[23.9596018,44.3114117],[23.9628232,44.3141915],[23.963661,44.3142731],[23.9648932,44.3142123],[23.9660736,44.3142636],[23.9679166,44.3142292],[23.9692108,44.3143162],[23.9713351,44.3142834],[23.971576,44.314412],[23.9720325,44.3143877],[23.9724186,44.3144233],[23.9874515,44.3217172],[23.988976,44.3226119],[23.9902882,44.3232537],[23.9913178,44.3239279],[23.9935259,44.325703],[23.9940607,44.3263113],[24.0005343,44.3324983],[24.0034695,44.3356404],[24.0054857,44.3374792],[24.0063734,44.3377005],[24.0071652,44.3404065],[24.0080272,44.3433526],[24.0080408,44.3435554],[24.007959,44.3436852],[24.0079279,44.3439104],[24.0121285,44.3447492],[24.0145909,44.3451822],[24.016367,44.3455647],[24.0174101,44.3459503],[24.0188752,44.3465858],[24.0197179,44.3468715],[24.0206689,44.3471172],[24.0215863,44.3472213],[24.0229549,44.3472159],[24.0242932,44.347026],[24.0272129,44.3465003],[24.028284,44.3464315],[24.0288667,44.3464608],[24.0297752,44.3468336],[24.0308522,44.3470172],[24.0316922,44.3473796],[24.0323067,44.3477724],[24.033809,44.348471],[24.0352303,44.3490644],[24.036112,44.3493322],[24.0366854,44.3494921],[24.0374847,44.3495958],[24.0391218,44.3495648],[24.0417296,44.3490827],[24.0489891,44.3544708],[24.0484634,44.3547988],[24.0481147,44.3548812],[24.0476587,44.3542445],[24.0473088,44.3538578],[24.045839,44.3544932],[24.0462224,44.3549033],[24.0467307,44.3558843],[24.0482998,44.3602682],[24.049243,44.3618596],[24.0480904,44.3620612],[24.0492187,44.3645972],[24.0484902,44.3646787],[24.0480289,44.3647362],[24.0472913,44.3647515],[24.0463015,44.3649548],[24.0453284,44.3653645],[24.0451501,44.3681672],[24.0359109,44.3716004],[24.0298905,44.3737801],[24.0240345,44.3759266],[24.0315614,44.3796736],[24.0299447,44.3818263],[24.0288272,44.3847808],[24.0267547,44.3851702],[24.0249915,44.3858306],[24.0245217,44.3851707],[24.0218107,44.3824656],[24.0211504,44.3817789],[24.0151026,44.3771391],[24.0077974,44.3761622],[23.9938026,44.3743658],[23.9841894,44.3731127],[23.9810298,44.3779488],[23.9796567,44.379054],[23.9783169,44.3797983],[23.9777883,44.3801389],[23.9776845,44.380206],[23.9686639,44.3808623],[23.9669854,44.3808253],[23.9629324,44.3814137],[23.9579577,44.3817513],[23.9589925,44.3840076],[23.9294116,44.3831758],[23.9175395,44.3829543],[23.9159381,44.3829389],[23.9168587,44.3819206],[23.9188097,44.3795702],[23.9202301,44.3776513],[23.9210389,44.3766274],[23.9221245,44.37545],[23.9228627,44.3746804],[23.9231238,44.3743666],[23.9236971,44.3738125],[23.9242388,44.373127],[23.925524,44.3715433],[23.9261285,44.3708384],[23.9264934,44.3703738],[23.9268272,44.3698999],[23.9275304,44.3689174],[23.9280682,44.3683315],[23.9294318,44.3666081],[23.9301539,44.3658069],[23.9304666,44.3653927],[23.9305682,44.3653173],[23.9308957,44.3649888],[23.9314502,44.364288],[23.932187,44.3633566],[23.9334005,44.36196],[23.9340422,44.3612904],[23.9350721,44.360245],[23.9358169,44.3594609],[23.9350681,44.3586487],[23.9329698,44.3564443],[23.931262,44.3546735],[23.9298293,44.3531974],[23.9272082,44.3500973],[23.9267363,44.3495005],[23.9260375,44.3488891],[23.9253458,44.3481528],[23.9239935,44.3466789],[23.9233282,44.3459254],[23.9195705,44.3419059],[23.9191733,44.3415085],[23.9181708,44.3405709],[23.9170977,44.3395146],[23.9166872,44.3391026],[23.9165928,44.3389992],[23.9127851,44.3353335],[23.9099828,44.3327322],[23.9041378,44.327278],[23.9020184,44.3253718],[23.9004957,44.323873],[23.8994815,44.3228309],[23.8986374,44.3226681],[23.9058168,44.3193362],[23.9044786,44.3163864],[23.9036811,44.3154483],[23.9026743,44.3136291],[23.9024052,44.3135827],[23.9016481,44.3135392],[23.900677,44.3134827],[23.8999868,44.313486],[23.8978294,44.3133653],[23.8901009,44.3127622]]]}},{"type":"Feature","properties":{"entity_id":"osm-r9628654","jurisdiction":"RO","display_name":"IȘALNIȚA","display_type":"commune","admin_level":8,"tier":"local","legal_registry":"SIRUTA","legal_id":"70094","legal_type":"commune","parent_catalog_id":"osm-r2366970","osm_relation_id":9628654,"legal_identity_status":"reconciled","geometry_source":"OpenStreetMap","geometry_precision":"master_coordinate_fidelity"},"geometry":{"type":"Polygon","coordinates":[[[23.6935933,44.4038991],[23.6930202,44.4035359],[23.6930855,44.4034178],[23.6926823,44.4031788],[23.6937819,44.4022544],[23.6937271,44.4021484],[23.6936223,44.4020827],[23.6942585,44.4014107],[23.6944248,44.4011907],[23.6945184,44.4009962],[23.6947919,44.4005204],[23.6951675,44.3999228],[23.6954642,44.3993753],[23.6957603,44.3988145],[23.6989474,44.3933175],[23.6987176,44.3933069],[23.6984246,44.3933095],[23.6982743,44.3932867],[23.6981538,44.3932387],[23.6980529,44.3931595],[23.6979555,44.3931118],[23.6978058,44.393062],[23.697228,44.3928976],[23.696326,44.392628],[23.6946567,44.3921004],[23.6940915,44.3918741],[23.6940523,44.3917211],[23.6940554,44.3915869],[23.6938604,44.391548],[23.6937313,44.3916136],[23.6935435,44.3916359],[23.6929381,44.3912862],[23.6908396,44.3903235],[23.6889297,44.3895132],[23.6873254,44.388863],[23.6871006,44.3889326],[23.6869206,44.3889331],[23.6869076,44.388871],[23.6867607,44.3888409],[23.6862994,44.3888691],[23.685934,44.3889474],[23.6843281,44.3894728],[23.6837357,44.3897183],[23.6832912,44.3898248],[23.6829036,44.3897186],[23.6828619,44.3894724],[23.6828218,44.3891584],[23.6827209,44.38892],[23.6825975,44.3888015],[23.6826057,44.3886139],[23.6826672,44.3884858],[23.6828153,44.3883334],[23.6829498,44.3882566],[23.6830425,44.3879607],[23.6830577,44.3878096],[23.6831261,44.3876846],[23.6817583,44.38672],[23.6815342,44.3864395],[23.6814077,44.3860929],[23.6813771,44.3859354],[23.6813707,44.3858027],[23.6814129,44.3856572],[23.6814516,44.3854562],[23.6814684,44.3853183],[23.6815046,44.3852269],[23.6815544,44.3851447],[23.6816828,44.384997],[23.6817065,44.3849369],[23.6817184,44.3848888],[23.6817235,44.384833],[23.6817246,44.3846583],[23.681733,44.3846015],[23.6818079,44.3843714],[23.6818254,44.3842906],[23.6818457,44.3841278],[23.6818642,44.3840513],[23.6818773,44.3839578],[23.6818786,44.3838547],[23.6818547,44.3837228],[23.6817436,44.3834796],[23.6814962,44.383065],[23.6812997,44.3827938],[23.6811938,44.3826605],[23.6810501,44.3825007],[23.6809379,44.3824019],[23.6807784,44.3822879],[23.680458,44.3820725],[23.6802518,44.3819408],[23.6801361,44.3818776],[23.6800651,44.3818442],[23.6799968,44.3818137],[23.6796644,44.381692],[23.679097,44.3815054],[23.6790173,44.3814705],[23.6786188,44.381317],[23.6784839,44.381252],[23.6784034,44.3812063],[23.6782163,44.3810759],[23.678117,44.3810132],[23.677944,44.3808769],[23.6778506,44.3807962],[23.677637,44.3806246],[23.6775595,44.3804965],[23.6775394,44.3804503],[23.6774862,44.3802235],[23.6774677,44.3801074],[23.6774184,44.3799544],[23.6773411,44.379815],[23.6773191,44.3797664],[23.6773041,44.3797244],[23.6772725,44.3795859],[23.6772495,44.3795196],[23.6772275,44.3794959],[23.6771702,44.3794523],[23.6771158,44.379418],[23.6770516,44.3793637],[23.6769697,44.3792785],[23.6769324,44.3792564],[23.6768862,44.3792654],[23.6768141,44.379288],[23.6767471,44.3792498],[23.6769202,44.3791266],[23.6774438,44.378756],[23.677661,44.3786204],[23.6777586,44.3785241],[23.6778674,44.3784785],[23.6779429,44.3784408],[23.6780783,44.3784643],[23.6781142,44.3784873],[23.6782077,44.3785693],[23.6782678,44.3785928],[23.6783124,44.3785974],[23.6783563,44.3785969],[23.6783839,44.3785825],[23.6784088,44.3785529],[23.6784221,44.3785042],[23.6784305,44.378333],[23.6784628,44.378215],[23.6785196,44.3780465],[23.6785552,44.3778815],[23.6786053,44.3777428],[23.6786679,44.3775901],[23.6788266,44.3772759],[23.6789071,44.3771316],[23.6789993,44.3770064],[23.6791699,44.3768028],[23.6793018,44.3766623],[23.6794483,44.3765177],[23.6796013,44.3763862],[23.6798902,44.3761693],[23.6801205,44.3760023],[23.6803636,44.3757749],[23.6804833,44.375655],[23.6807702,44.3753504],[23.6808857,44.3752479],[23.6810556,44.3751332],[23.6811596,44.3750713],[23.6811999,44.3750505],[23.6812978,44.3750209],[23.6813574,44.3750155],[23.6813935,44.3750192],[23.6814297,44.3750372],[23.6814743,44.3750845],[23.6815049,44.375087],[23.6815092,44.3751152],[23.6815007,44.3751526],[23.6814766,44.3752124],[23.6814257,44.3753104],[23.6818792,44.3758423],[23.6822783,44.3764017],[23.6821436,44.376553],[23.6820285,44.3766328],[23.6819247,44.3767193],[23.681885,44.3767707],[23.6818847,44.376886],[23.6819435,44.3769873],[23.6821155,44.3771874],[23.682604,44.3777367],[23.6827012,44.3777924],[23.6827817,44.3777933],[23.6827028,44.37725],[23.6826905,44.3769056],[23.6827096,44.3768234],[23.6828028,44.3767709],[23.6829955,44.3767669],[23.6830545,44.3767017],[23.6831027,44.3766033],[23.6832429,44.3765039],[23.6856708,44.3748443],[23.6861893,44.3745964],[23.6862877,44.3745842],[23.6864241,44.3745489],[23.6865403,44.3743759],[23.6867113,44.3743003],[23.6871361,44.3741364],[23.6873067,44.3740994],[23.6873661,44.3740774],[23.6874356,44.3740051],[23.6876737,44.3738909],[23.6878649,44.3738825],[23.6879744,44.3738436],[23.6879984,44.3738026],[23.6880145,44.3737473],[23.6882006,44.3736739],[23.6883384,44.3736085],[23.6885923,44.3736047],[23.6886799,44.3735585],[23.6888331,44.3734349],[23.6891857,44.3732082],[23.6893667,44.3730694],[23.6888889,44.3725845],[23.6891445,44.3724388],[23.6914051,44.3713039],[23.6954686,44.36933],[23.6953854,44.3692202],[23.6952611,44.3691496],[23.6949261,44.3690459],[23.6947042,44.3689089],[23.6946206,44.3688196],[23.6950517,44.3685807],[23.6959123,44.3683379],[23.6961466,44.3682919],[23.6964058,44.3682706],[23.6963016,44.3681903],[23.6963355,44.3680021],[23.6963258,44.3678682],[23.6965322,44.3677398],[23.6975582,44.3672215],[23.697312,44.366844],[23.6960079,44.3673016],[23.6959091,44.3673495],[23.6955973,44.3670936],[23.6951779,44.366374],[23.6969943,44.3654232],[23.6979375,44.3649414],[23.6986063,44.3646592],[23.6992152,44.3644309],[23.7016559,44.3632796],[23.7042203,44.3620451],[23.7047897,44.3618833],[23.7058744,44.3616181],[23.70637,44.3615537],[23.7064052,44.3618204],[23.7063817,44.3622284],[23.706378,44.3623963],[23.7064158,44.3624816],[23.7064941,44.3625986],[23.7067535,44.3626861],[23.7072006,44.3627704],[23.7077115,44.362969],[23.7080684,44.3631394],[23.7082246,44.3632055],[23.7083538,44.3633441],[23.7085295,44.3634849],[23.7085566,44.3636209],[23.709361,44.3637549],[23.7111927,44.3618128],[23.7152203,44.3637005],[23.7187618,44.3655849],[23.7215128,44.3676492],[23.7228576,44.3678558],[23.7264823,44.3674875],[23.7272643,44.3668315],[23.7288843,44.3664208],[23.7314683,44.3667735],[23.7336716,44.367189],[23.7372538,44.3688994],[23.7380571,44.3699935],[23.7400384,44.3718079],[23.74016,44.3725036],[23.7407278,44.373151],[23.7408921,44.3733766],[23.740595,44.3754289],[23.7402837,44.3775091],[23.7404412,44.3783835],[23.7411889,44.3786461],[23.7438593,44.3783359],[23.7462789,44.3776502],[23.7479591,44.3767934],[23.7494567,44.3760314],[23.7501495,44.3759819],[23.7509964,44.3757481],[23.7506204,44.3763059],[23.7507352,44.3763469],[23.7508837,44.3764146],[23.751035,44.3764216],[23.7513758,44.376452],[23.7520691,44.3765051],[23.752573,44.3765373],[23.7529511,44.3765463],[23.7531526,44.3765651],[23.7533004,44.3766124],[23.753391,44.3766857],[23.7535092,44.3767803],[23.7536351,44.3770047],[23.7537214,44.3772455],[23.7537591,44.3774352],[23.7537701,44.3775985],[23.7536812,44.3779003],[23.7535637,44.3781225],[23.7534841,44.3782328],[23.7534984,44.3784562],[23.7535549,44.3786531],[23.7536607,44.3788538],[23.7537133,44.3789258],[23.7539542,44.3790226],[23.7540575,44.3790741],[23.7541338,44.3791253],[23.7543104,44.3791983],[23.7544931,44.3792429],[23.7546572,44.3793071],[23.7548599,44.3794194],[23.7550879,44.379557],[23.7554813,44.3797723],[23.7557102,44.37982],[23.7558819,44.3798218],[23.7561844,44.3799345],[23.7563648,44.380032],[23.7564501,44.3800591],[23.7565258,44.3800368],[23.7567478,44.3800034],[23.7571713,44.379985],[23.7574322,44.3800239],[23.7575217,44.3800326],[23.7576552,44.3799955],[23.7577251,44.3799774],[23.757806,44.3799655],[23.7579163,44.3799633],[23.758769,44.380049],[23.759268,44.3800841],[23.7595037,44.3800719],[23.7596904,44.3800325],[23.7600118,44.3800284],[23.7601993,44.3800133],[23.7603621,44.3800323],[23.7605242,44.3800508],[23.7606128,44.3800528],[23.7607728,44.3800272],[23.7609787,44.379958],[23.7611113,44.3799412],[23.7612531,44.3799428],[23.761385,44.3799477],[23.7614462,44.3799672],[23.7615183,44.3801465],[23.7615898,44.380337],[23.761692,44.3804652],[23.7617549,44.380546],[23.7617971,44.380635],[23.7618238,44.3807336],[23.7617979,44.3808254],[23.7617988,44.3809445],[23.7621021,44.382058],[23.7623062,44.382626],[23.7625889,44.383617],[23.7627514,44.3842647],[23.7629875,44.3851675],[23.7632157,44.3858587],[23.7636192,44.3869783],[23.763991,44.3881154],[23.7641116,44.3885052],[23.7641453,44.3886555],[23.7641082,44.3887366],[23.7642735,44.3895696],[23.7646062,44.3907879],[23.7649263,44.3916631],[23.765132,44.3922941],[23.7651833,44.3926948],[23.7653351,44.3930537],[23.7654071,44.3934117],[23.7656135,44.3940142],[23.7658281,44.3942309],[23.7678421,44.3941815],[23.7677361,44.3944804],[23.7676647,44.3950226],[23.7675176,44.3953783],[23.7677748,44.3954668],[23.7674822,44.3961067],[23.7675313,44.3966073],[23.7678824,44.3969684],[23.768693,44.3972774],[23.7693291,44.3973558],[23.7695796,44.3977586],[23.769901,44.3995198],[23.7701628,44.401266],[23.7707673,44.4047165],[23.7714016,44.4076958],[23.7717278,44.4092284],[23.7724215,44.4131657],[23.772557,44.4142961],[23.7728633,44.4158285],[23.7732608,44.4182864],[23.773079,44.4184188],[23.772893,44.4184803],[23.7725584,44.4185773],[23.7720887,44.4187734],[23.7718267,44.4189294],[23.7715958,44.4190169],[23.771216,44.4191557],[23.7709261,44.4192372],[23.7707594,44.4194313],[23.7706136,44.4196839],[23.770373,44.4198772],[23.7696203,44.4204351],[23.7692452,44.4209002],[23.7690864,44.4211315],[23.7687415,44.421472],[23.7684446,44.4216448],[23.7683318,44.421725],[23.7683809,44.4218755],[23.7681879,44.422035],[23.7678802,44.4222073],[23.767764,44.4222927],[23.767721,44.4223157],[23.7676753,44.4223105],[23.7676433,44.4222797],[23.7676385,44.4221977],[23.7675941,44.4221316],[23.7675201,44.4220769],[23.7673536,44.4220681],[23.7671901,44.4220686],[23.7670822,44.4220674],[23.7669872,44.4220804],[23.7669512,44.4220824],[23.7669462,44.4221596],[23.7670049,44.4222288],[23.7671547,44.4222853],[23.767291,44.4223319],[23.7673344,44.4223666],[23.7673431,44.4224151],[23.7673402,44.4224606],[23.7673159,44.4225883],[23.7672915,44.4226637],[23.7672877,44.4227214],[23.7672677,44.4228232],[23.7672619,44.4228577],[23.767276,44.4229995],[23.7672723,44.4231461],[23.7672704,44.4232945],[23.7672812,44.4233526],[23.767281,44.4234517],[23.7672772,44.4235992],[23.7672299,44.4236951],[23.7671525,44.423801],[23.7671047,44.4239122],[23.7670566,44.4240407],[23.7669582,44.4242007],[23.7668985,44.4242701],[23.7668422,44.4243183],[23.7667401,44.4243837],[23.7666443,44.4244223],[23.7665644,44.4244437],[23.7664834,44.424454],[23.7663964,44.4244744],[23.7662623,44.424511],[23.7661665,44.4245486],[23.7660906,44.4245823],[23.7659342,44.4246008],[23.7656974,44.424586],[23.7654143,44.4245604],[23.7652851,44.4245509],[23.7651209,44.4245486],[23.7648844,44.424554],[23.7645984,44.4245612],[23.7643548,44.4245715],[23.7640961,44.4245679],[23.763829,44.4245563],[23.7632823,44.4245387],[23.763006,44.4245237],[23.7627376,44.4244999],[23.7624693,44.4244734],[23.7621915,44.4244562],[23.7619034,44.4244494],[23.7616162,44.424436],[23.7613595,44.4244107],[23.7611609,44.4244043],[23.761031,44.4244048],[23.7608543,44.4244153],[23.7606492,44.4244336],[23.7605861,44.4244461],[23.76047,44.4244603],[23.7603093,44.4244806],[23.7601051,44.424511],[23.7599311,44.4245443],[23.759716,44.4245777],[23.7594668,44.4246335],[23.759332,44.4246568],[23.7589902,44.4247103],[23.7588863,44.4247118],[23.7587054,44.4247111],[23.7585243,44.4247177],[23.7583248,44.4247217],[23.7581243,44.4247272],[23.757943,44.4247428],[23.7578013,44.4247581],[23.757622,44.4247744],[23.7535952,44.4254699],[23.7520183,44.4255454],[23.7509396,44.4256334],[23.749998,44.4257069],[23.7479248,44.4256953],[23.7453491,44.4254383],[23.7443927,44.4253188],[23.7443412,44.4252789],[23.7443351,44.4252126],[23.7451562,44.4240301],[23.7454552,44.4234923],[23.7479622,44.4207227],[23.7464926,44.420268],[23.7366912,44.4175166],[23.7344173,44.4170059],[23.733094,44.4165656],[23.7321422,44.416323],[23.7289436,44.4151778],[23.7279795,44.4151443],[23.7270807,44.414908],[23.7261706,44.4144354],[23.7258888,44.4143438],[23.7244714,44.4141061],[23.7172273,44.4120144],[23.7112957,44.410459],[23.7106193,44.411956],[23.7096157,44.4117499],[23.7080589,44.4107364],[23.7077329,44.4105711],[23.705911,44.4093322],[23.7053247,44.4090036],[23.7045119,44.4087626],[23.703369,44.4082876],[23.7026663,44.4078068],[23.7018356,44.4068733],[23.700224,44.4056041],[23.6988991,44.4043096],[23.6983366,44.4039324],[23.6978054,44.4031402],[23.696478,44.4018848],[23.6935933,44.4038991]]]}},{"type":"Feature","properties":{"entity_id":"osm-r9628655","jurisdiction":"RO","display_name":"ȘIMNICU DE SUS","display_type":"commune","admin_level":8,"tier":"local","legal_registry":"SIRUTA","legal_id":"70174","legal_type":"commune","parent_catalog_id":"osm-r2366970","osm_relation_id":9628655,"legal_identity_status":"reconciled","geometry_source":"OpenStreetMap","geometry_precision":"master_coordinate_fidelity"},"geometry":{"type":"Polygon","coordinates":[[[23.749998,44.4257069],[23.7509396,44.4256334],[23.7520183,44.4255454],[23.7535952,44.4254699],[23.757622,44.4247744],[23.7578013,44.4247581],[23.757943,44.4247428],[23.7581243,44.4247272],[23.7583248,44.4247217],[23.7585243,44.4247177],[23.7587054,44.4247111],[23.7588863,44.4247118],[23.7589902,44.4247103],[23.759332,44.4246568],[23.7594668,44.4246335],[23.759716,44.4245777],[23.7599311,44.4245443],[23.7601051,44.424511],[23.7603093,44.4244806],[23.76047,44.4244603],[23.7605861,44.4244461],[23.7606492,44.4244336],[23.7608543,44.4244153],[23.761031,44.4244048],[23.7611609,44.4244043],[23.7613595,44.4244107],[23.7616162,44.424436],[23.7619034,44.4244494],[23.7621915,44.4244562],[23.7624693,44.4244734],[23.7627376,44.4244999],[23.763006,44.4245237],[23.7632823,44.4245387],[23.763829,44.4245563],[23.7640961,44.4245679],[23.7643548,44.4245715],[23.7645984,44.4245612],[23.7648844,44.424554],[23.7651209,44.4245486],[23.7652851,44.4245509],[23.7654143,44.4245604],[23.7656974,44.424586],[23.7659342,44.4246008],[23.7660906,44.4245823],[23.7661665,44.4245486],[23.7662623,44.424511],[23.7663964,44.4244744],[23.7664834,44.424454],[23.7665644,44.4244437],[23.7666443,44.4244223],[23.7667401,44.4243837],[23.7668422,44.4243183],[23.7668985,44.4242701],[23.7669582,44.4242007],[23.7670566,44.4240407],[23.7671047,44.4239122],[23.7671525,44.423801],[23.7672299,44.4236951],[23.7672772,44.4235992],[23.767281,44.4234517],[23.7672812,44.4233526],[23.7672704,44.4232945],[23.7672723,44.4231461],[23.767276,44.4229995],[23.7672619,44.4228577],[23.7672677,44.4228232],[23.7672877,44.4227214],[23.7672915,44.4226637],[23.7673159,44.4225883],[23.7673402,44.4224606],[23.7673431,44.4224151],[23.7673344,44.4223666],[23.767291,44.4223319],[23.7671547,44.4222853],[23.7670049,44.4222288],[23.7669462,44.4221596],[23.7669512,44.4220824],[23.7669872,44.4220804],[23.7670822,44.4220674],[23.7671901,44.4220686],[23.7673536,44.4220681],[23.7675201,44.4220769],[23.7675941,44.4221316],[23.7676385,44.4221977],[23.7676433,44.4222797],[23.7676753,44.4223105],[23.767721,44.4223157],[23.767764,44.4222927],[23.7678802,44.4222073],[23.7681879,44.422035],[23.7683809,44.4218755],[23.7683318,44.421725],[23.7684446,44.4216448],[23.7687415,44.421472],[23.7690864,44.4211315],[23.7692452,44.4209002],[23.7696203,44.4204351],[23.770373,44.4198772],[23.7706136,44.4196839],[23.7707594,44.4194313],[23.7709261,44.4192372],[23.771216,44.4191557],[23.7715958,44.4190169],[23.7718267,44.4189294],[23.7720887,44.4187734],[23.7725584,44.4185773],[23.772893,44.4184803],[23.773079,44.4184188],[23.7732608,44.4182864],[23.7728633,44.4158285],[23.772557,44.4142961],[23.7724215,44.4131657],[23.7717278,44.4092284],[23.7714016,44.4076958],[23.7707673,44.4047165],[23.7701628,44.401266],[23.769901,44.3995198],[23.7695796,44.3977586],[23.7693291,44.3973558],[23.768693,44.3972774],[23.7678824,44.3969684],[23.7675313,44.3966073],[23.7674822,44.3961067],[23.7677748,44.3954668],[23.7675176,44.3953783],[23.7676647,44.3950226],[23.7677361,44.3944804],[23.7678421,44.3941815],[23.7658281,44.3942309],[23.7656135,44.3940142],[23.7654071,44.3934117],[23.7653351,44.3930537],[23.7651833,44.3926948],[23.765132,44.3922941],[23.7649263,44.3916631],[23.7646062,44.3907879],[23.7642735,44.3895696],[23.7641082,44.3887366],[23.7641453,44.3886555],[23.7641116,44.3885052],[23.763991,44.3881154],[23.7636192,44.3869783],[23.7632157,44.3858587],[23.7629875,44.3851675],[23.7627514,44.3842647],[23.7625889,44.383617],[23.7623062,44.382626],[23.7621021,44.382058],[23.7617988,44.3809445],[23.7617979,44.3808254],[23.7618238,44.3807336],[23.7617971,44.380635],[23.7617549,44.380546],[23.761692,44.3804652],[23.7615898,44.380337],[23.7615183,44.3801465],[23.7614462,44.3799672],[23.761385,44.3799477],[23.7612531,44.3799428],[23.7611113,44.3799412],[23.7609787,44.379958],[23.7607728,44.3800272],[23.7606128,44.3800528],[23.7605242,44.3800508],[23.7603621,44.3800323],[23.7601993,44.3800133],[23.7600118,44.3800284],[23.7596904,44.3800325],[23.7595037,44.3800719],[23.759268,44.3800841],[23.758769,44.380049],[23.7579163,44.3799633],[23.757806,44.3799655],[23.7577251,44.3799774],[23.7576552,44.3799955],[23.7575217,44.3800326],[23.7574322,44.3800239],[23.7571713,44.379985],[23.7567478,44.3800034],[23.7565258,44.3800368],[23.7564501,44.3800591],[23.7563648,44.380032],[23.7561844,44.3799345],[23.7558819,44.3798218],[23.7557102,44.37982],[23.7554813,44.3797723],[23.7550879,44.379557],[23.7548599,44.3794194],[23.7546572,44.3793071],[23.7544931,44.3792429],[23.7543104,44.3791983],[23.7541338,44.3791253],[23.7540575,44.3790741],[23.7539542,44.3790226],[23.7537133,44.3789258],[23.7536607,44.3788538],[23.7535549,44.3786531],[23.7534984,44.3784562],[23.7534841,44.3782328],[23.7535637,44.3781225],[23.7536812,44.3779003],[23.7537701,44.3775985],[23.7537591,44.3774352],[23.7537214,44.3772455],[23.7536351,44.3770047],[23.7535092,44.3767803],[23.753391,44.3766857],[23.7533004,44.3766124],[23.7531526,44.3765651],[23.7529511,44.3765463],[23.752573,44.3765373],[23.7520691,44.3765051],[23.7513758,44.376452],[23.751035,44.3764216],[23.7508837,44.3764146],[23.7507352,44.3763469],[23.7506204,44.3763059],[23.7509964,44.3757481],[23.7515402,44.3750803],[23.7516795,44.3750865],[23.7517975,44.3750586],[23.7519324,44.3750078],[23.7522228,44.3747887],[23.752445,44.3745856],[23.7524559,44.3745407],[23.7523793,44.3744142],[23.7522647,44.3742066],[23.7522809,44.3740693],[23.7523504,44.3740057],[23.7525162,44.3739055],[23.7527815,44.3737224],[23.7529829,44.3735628],[23.7531803,44.3733123],[23.7533004,44.3731743],[23.7537215,44.3730606],[23.7550795,44.372473],[23.7576101,44.3713701],[23.7576766,44.3713008],[23.7574016,44.3709788],[23.7570579,44.3708194],[23.7563801,44.370563],[23.7559098,44.3702388],[23.755569,44.3699472],[23.754993,44.3694974],[23.7547103,44.3690275],[23.7543932,44.3686427],[23.7542464,44.3684077],[23.7541748,44.3682046],[23.753776,44.3680061],[23.7536083,44.3679161],[23.7535111,44.3678005],[23.7532472,44.3674631],[23.7530226,44.3673205],[23.7526145,44.3671293],[23.752534,44.3668406],[23.7525143,44.366747],[23.7528428,44.3666028],[23.7536547,44.3661683],[23.7541478,44.3659326],[23.7551593,44.3652903],[23.7558516,44.3648701],[23.7558218,44.3648123],[23.7555109,44.3645825],[23.755796,44.3644729],[23.7561101,44.3643367],[23.7563091,44.3642415],[23.7565005,44.3641437],[23.7566108,44.3640851],[23.7568027,44.3639735],[23.7568535,44.3639495],[23.7568738,44.3639453],[23.757051,44.3638355],[23.7571282,44.3637694],[23.7574196,44.3635954],[23.7576274,44.3634949],[23.7580096,44.3632615],[23.7582993,44.3630901],[23.758389,44.3630272],[23.7584855,44.3629692],[23.758583,44.3629041],[23.7586745,44.3628508],[23.7587683,44.3627856],[23.7588635,44.362727],[23.7592472,44.3624995],[23.7594347,44.3623818],[23.7596078,44.3622609],[23.7597079,44.3622062],[23.7598018,44.3621409],[23.7598963,44.3620872],[23.760198,44.3618954],[23.7602862,44.3618481],[23.7604684,44.3617254],[23.7610311,44.3613686],[23.761134,44.3613095],[23.7613227,44.3611867],[23.7616126,44.3610122],[23.7616803,44.3609635],[23.7618704,44.3608453],[23.7619211,44.3608075],[23.7621707,44.3606579],[23.7622677,44.3605902],[23.7624648,44.3604756],[23.7628097,44.360247],[23.7634233,44.3598611],[23.7640617,44.3594773],[23.7655913,44.3585233],[23.765666,44.358471],[23.765762,44.3584125],[23.7658838,44.3583192],[23.7660497,44.358233],[23.7664429,44.3580062],[23.7666416,44.3579014],[23.7669419,44.3577296],[23.7670437,44.3576783],[23.7673382,44.3575094],[23.7674416,44.3574583],[23.7678347,44.3572355],[23.7679366,44.3571803],[23.7681203,44.3570914],[23.7685436,44.3568637],[23.7689329,44.3566365],[23.7698897,44.356098],[23.7702881,44.3558644],[23.7706319,44.355675],[23.7708697,44.3555255],[23.7711426,44.355367],[23.7713794,44.3552376],[23.7715113,44.3551583],[23.7718108,44.3549757],[23.7720573,44.3548183],[23.7723177,44.3546464],[23.7726206,44.354439],[23.7733302,44.3539778],[23.7741595,44.3534276],[23.7742545,44.3533578],[23.7743772,44.3532762],[23.7744369,44.353238],[23.7745186,44.3531928],[23.774786,44.3530236],[23.7749201,44.3529458],[23.7752847,44.352717],[23.7756049,44.3525247],[23.7760613,44.3522386],[23.7762451,44.3521276],[23.7764511,44.3520135],[23.7766504,44.3519057],[23.7767574,44.3518593],[23.7773307,44.3515101],[23.7774332,44.3514569],[23.777619,44.3513393],[23.7777341,44.3512823],[23.7778363,44.3512243],[23.7780192,44.3511165],[23.7782043,44.3509988],[23.7784924,44.3508305],[23.779124,44.3504752],[23.7797533,44.350131],[23.7813452,44.3492044],[23.781436,44.3491456],[23.7816405,44.349029],[23.7821109,44.348747],[23.7822097,44.3486943],[23.7823096,44.3486328],[23.7827957,44.3483105],[23.782856,44.3482608],[23.7829498,44.3482075],[23.7833873,44.3479065],[23.7837699,44.3476531],[23.7838638,44.3475756],[23.7842452,44.3473275],[23.784476,44.3471473],[23.7847725,44.3469776],[23.7851758,44.3468213],[23.7853346,44.3467421],[23.7855062,44.3466698],[23.7856786,44.3466027],[23.7858553,44.3465417],[23.786036,44.3464869],[23.786556,44.3463548],[23.7868583,44.3463033],[23.7871193,44.3462676],[23.7874354,44.3462335],[23.7876834,44.3461738],[23.7887393,44.3461646],[23.7893328,44.3462148],[23.7896634,44.3462581],[23.7898218,44.3462938],[23.7900998,44.3463696],[23.7902795,44.3464252],[23.7906321,44.3465563],[23.7907923,44.3466199],[23.790891,44.3466785],[23.791805,44.3470773],[23.7924619,44.3474165],[23.7926318,44.3474807],[23.792699,44.3475124],[23.7931968,44.3476987],[23.7935477,44.3478415],[23.7940777,44.3480416],[23.794337,44.3481444],[23.7947312,44.3483073],[23.7950672,44.3484293],[23.7952858,44.3485171],[23.7953999,44.3485546],[23.7964277,44.3489513],[23.7964177,44.3494246],[23.7963343,44.3513531],[23.7961364,44.353576],[23.7961604,44.3545099],[23.7978425,44.3547152],[23.7990979,44.3548299],[23.7999286,44.354883],[23.8005268,44.3549337],[23.8015895,44.3550052],[23.8016241,44.3556107],[23.8016099,44.3562951],[23.8013126,44.3570388],[23.8011098,44.3574101],[23.8009924,44.3578445],[23.8010121,44.3579381],[23.8046263,44.3583033],[23.8058613,44.3583631],[23.8063379,44.3583837],[23.8064093,44.3583809],[23.8064566,44.3586071],[23.8064361,44.3589768],[23.8064648,44.3593035],[23.8053287,44.3628354],[23.8053309,44.3628659],[23.8052436,44.3630615],[23.805116,44.3634932],[23.8050407,44.3636658],[23.8048701,44.3640107],[23.8047151,44.3644749],[23.8046775,44.3647246],[23.8044557,44.3651173],[23.8043957,44.3651442],[23.8042823,44.365572],[23.8042217,44.3658568],[23.8040242,44.3662472],[23.8039206,44.3665066],[23.8038106,44.3668594],[23.803708,44.3670919],[23.8035501,44.3673684],[23.8038086,44.3674494],[23.8053727,44.3677489],[23.8057402,44.3677468],[23.8072422,44.3680026],[23.808897,44.3682616],[23.8105921,44.3685337],[23.8125291,44.3687775],[23.8148998,44.3691546],[23.8151226,44.3692501],[23.816969,44.36969],[23.8178299,44.3700036],[23.8185752,44.3703195],[23.8187767,44.3703729],[23.8189313,44.3703882],[23.8190644,44.3703852],[23.8196243,44.3703162],[23.8201806,44.3703221],[23.8214999,44.3704884],[23.8221777,44.3705252],[23.8223455,44.3705232],[23.8228092,44.3705098],[23.8230385,44.3704821],[23.82326,44.3704493],[23.824575,44.3703091],[23.8247497,44.3702606],[23.8248098,44.3701753],[23.8247081,44.3698044],[23.8245203,44.3689641],[23.8244586,44.3688558],[23.8241971,44.368561],[23.8241649,44.3685321],[23.8239029,44.3682427],[23.8238623,44.3680958],[23.8237432,44.3677558],[23.8236889,44.3674311],[23.8235382,44.3669559],[23.8235872,44.3663034],[23.8237759,44.3654314],[23.8235504,44.3647322],[23.8231422,44.3642976],[23.8221257,44.3634564],[23.82216,44.3633185],[23.8220701,44.3631788],[23.8220621,44.3631546],[23.8219025,44.3628981],[23.821744,44.3627187],[23.8238293,44.3628211],[23.8248482,44.3628599],[23.8257294,44.3628037],[23.8258501,44.3628159],[23.8260593,44.3628576],[23.8261773,44.362873],[23.8262352,44.3628894],[23.8263219,44.3629498],[23.8263993,44.3630171],[23.8264846,44.3631074],[23.8265939,44.363241],[23.8267192,44.3634176],[23.826873,44.3635551],[23.827553,44.363665],[23.8280207,44.3622444],[23.8279802,44.3622053],[23.8279375,44.3621139],[23.8278508,44.36199],[23.8278525,44.3619065],[23.827746,44.3617353],[23.8275524,44.3613824],[23.827617,44.3612785],[23.8275867,44.3610701],[23.827995,44.3603459],[23.8280976,44.3600496],[23.8283724,44.359552],[23.8282888,44.3594312],[23.828105,44.359299],[23.8276798,44.359128],[23.8269669,44.3587852],[23.825703,44.3582386],[23.8244366,44.3577898],[23.8231389,44.357458],[23.8220101,44.3571739],[23.8216694,44.3570982],[23.8216322,44.3570978],[23.8212602,44.3552637],[23.8212673,44.3551735],[23.8211752,44.3544218],[23.8211252,44.3537793],[23.8204439,44.3537768],[23.8195221,44.3538542],[23.8193815,44.3538698],[23.8185237,44.3538839],[23.8181459,44.3539026],[23.8176464,44.3539362],[23.8171468,44.353963],[23.8168973,44.3539853],[23.8166471,44.3540016],[23.816155,44.3540277],[23.8157744,44.3540623],[23.8155233,44.3540744],[23.8155109,44.3540681],[23.8153945,44.354067],[23.8152706,44.3540732],[23.8147723,44.354107],[23.8142961,44.3541472],[23.8139526,44.3541668],[23.8137743,44.354183],[23.813647,44.3541912],[23.8135208,44.3541911],[23.8132734,44.3542044],[23.8131493,44.3542174],[23.8126487,44.3542438],[23.8125245,44.3542571],[23.8123038,44.3542683],[23.8122397,44.3531478],[23.8154963,44.3523819],[23.8157637,44.3538459],[23.8160039,44.3538248],[23.8168724,44.3537631],[23.8172483,44.3537494],[23.8179972,44.3536949],[23.8182478,44.3536842],[23.818494,44.3536651],[23.8184947,44.3536706],[23.8192407,44.3536164],[23.8196145,44.3535782],[23.8203443,44.3534333],[23.8204008,44.3534253],[23.8204547,44.3534106],[23.8205046,44.3533899],[23.820549,44.3533636],[23.8205869,44.3533324],[23.8206171,44.3532972],[23.8206389,44.353259],[23.8206517,44.3532187],[23.8208406,44.3531946],[23.8208184,44.3530774],[23.8208358,44.3530654],[23.820845,44.3530355],[23.8205815,44.3517089],[23.8205567,44.3516127],[23.8205425,44.3516078],[23.8205367,44.3515393],[23.8204123,44.3507489],[23.821049,44.3508555],[23.8249515,44.3515629],[23.8251601,44.351597],[23.8253238,44.3514415],[23.8255536,44.3512605],[23.8258757,44.3509943],[23.8260549,44.3507872],[23.8263067,44.3505413],[23.8263818,44.3504611],[23.8265115,44.3503342],[23.8265759,44.3502469],[23.826643,44.350176],[23.8267032,44.3500964],[23.8267765,44.3500378],[23.8268362,44.3499627],[23.8270638,44.3496475],[23.8274423,44.349079],[23.8275669,44.3489227],[23.8293927,44.3461585],[23.82959,44.3458656],[23.8296771,44.3454733],[23.830452,44.3446638],[23.8305985,44.3445044],[23.8307903,44.3443269],[23.8309775,44.3443523],[23.8310406,44.3443885],[23.8312203,44.3444239],[23.8315952,44.3444712],[23.8318681,44.3444977],[23.8326167,44.3445055],[23.833199,44.3445795],[23.8342856,44.3447459],[23.8352325,44.3448585],[23.8362234,44.3449433],[23.836227,44.3447623],[23.8361961,44.3446032],[23.8362004,44.3443865],[23.8363733,44.3438932],[23.8366549,44.3436111],[23.8368644,44.3433123],[23.8369661,44.3430939],[23.8370494,44.3429302],[23.8373058,44.3426522],[23.8375157,44.3424564],[23.8375982,44.3423924],[23.8377688,44.3422249],[23.8377915,44.3418777],[23.8377952,44.3416065],[23.8376765,44.3405482],[23.8379526,44.3407439],[23.8382492,44.3409096],[23.8384473,44.3409441],[23.8387016,44.3411319],[23.838944,44.3413945],[23.8390797,44.3415693],[23.8391425,44.341564],[23.8393409,44.3415472],[23.8394358,44.3417895],[23.8403329,44.3430221],[23.8409394,44.3434472],[23.8415248,44.3439676],[23.842104,44.3443142],[23.8426568,44.3445916],[23.8438754,44.3453289],[23.8453127,44.3458683],[23.8464746,44.3464097],[23.8506434,44.3486521],[23.8520982,44.3495102],[23.8561078,44.3514244],[23.8567056,44.3518701],[23.8571895,44.3524059],[23.8582746,44.3530161],[23.8587823,44.3533628],[23.8598571,44.3541506],[23.866743,44.3588686],[23.8688215,44.3604027],[23.852589,44.371711],[23.852341,44.3714191],[23.8520488,44.3710614],[23.8515732,44.3704358],[23.8514167,44.3701261],[23.8513028,44.3699616],[23.8511935,44.3698952],[23.8510216,44.3697067],[23.8505598,44.3690439],[23.8504451,44.3689214],[23.8502408,44.3687233],[23.8500453,44.3684132],[23.8499373,44.3682814],[23.8499001,44.3681877],[23.8492875,44.3680794],[23.8455063,44.3706657],[23.8455975,44.3707363],[23.8459349,44.3709451],[23.8470611,44.3717361],[23.8475108,44.3720231],[23.8477545,44.372203],[23.8479081,44.3723352],[23.848088,44.3724491],[23.8474283,44.3728997],[23.8449771,44.3744428],[23.8433683,44.3754997],[23.829094,44.3854815],[23.8292409,44.3857435],[23.8296002,44.3861872],[23.8315469,44.3883781],[23.8349356,44.3918772],[23.8371705,44.3941432],[23.8375375,44.3945331],[23.8372969,44.3946478],[23.8368582,44.394774],[23.836392,44.3949792],[23.8358867,44.3951793],[23.8355645,44.3953394],[23.8353805,44.3954261],[23.8351908,44.3954755],[23.8347836,44.3956533],[23.8345315,44.3957185],[23.8351002,44.3967119],[23.8350825,44.3980598],[23.8351554,44.3982056],[23.8352525,44.3985566],[23.8353995,44.3986935],[23.8356112,44.3988497],[23.8358469,44.3991042],[23.835897,44.3992027],[23.8359732,44.3992968],[23.8360954,44.3993728],[23.8361338,44.3994059],[23.8359036,44.3995248],[23.8356292,44.3995733],[23.8351071,44.3996379],[23.8346889,44.3997176],[23.8339848,44.3997663],[23.8339194,44.3997797],[23.833886,44.399826],[23.8339031,44.3999428],[23.833984,44.4001304],[23.833947,44.4006761],[23.8338405,44.4040261],[23.8338585,44.4050718],[23.8338984,44.405679],[23.8339624,44.4063798],[23.8340648,44.4071089],[23.8340571,44.4074916],[23.83421,44.4076612],[23.8341629,44.4080575],[23.8340435,44.4084903],[23.8339563,44.4089375],[23.8337442,44.4097707],[23.8334062,44.4110274],[23.8332436,44.4116652],[23.8331577,44.412047],[23.8330059,44.4127969],[23.832651,44.4139227],[23.8325113,44.4143927],[23.8323548,44.4150492],[23.832185,44.4160369],[23.8320152,44.4167073],[23.8317281,44.4173811],[23.831536,44.4181819],[23.8312695,44.4184825],[23.8310067,44.4185964],[23.8304762,44.4187449],[23.8306157,44.4192551],[23.8309703,44.4216812],[23.83074,44.4221222],[23.8304276,44.4230758],[23.8301997,44.4237175],[23.8300233,44.4243878],[23.8298678,44.4246709],[23.8297139,44.42487],[23.8295419,44.4250036],[23.8294771,44.4250372],[23.8293358,44.4253908],[23.8292525,44.4256703],[23.8290504,44.4262487],[23.8289632,44.4268445],[23.8288794,44.4271491],[23.8288155,44.4272754],[23.8286933,44.427433],[23.8286267,44.4275691],[23.8286058,44.4277304],[23.8285741,44.4280589],[23.8285133,44.4287142],[23.8284878,44.4290419],[23.8284373,44.429372],[23.8283664,44.4300564],[23.8282117,44.4313894],[23.8281379,44.4316426],[23.8280418,44.4318833],[23.8279554,44.4321241],[23.8278304,44.4326231],[23.8277687,44.4328111],[23.8277619,44.4328833],[23.8275935,44.4334095],[23.8275591,44.433624],[23.8275508,44.4338741],[23.8275784,44.4339424],[23.827616,44.4339904],[23.8276939,44.434065],[23.8277434,44.4340997],[23.8276424,44.4342585],[23.8275852,44.4343621],[23.8274976,44.4345566],[23.8273935,44.4347474],[23.8272801,44.4349411],[23.8271381,44.4351405],[23.8269819,44.4353439],[23.8268431,44.4355493],[23.8267143,44.4357614],[23.8266324,44.4358824],[23.8265769,44.4359429],[23.8263955,44.4361107],[23.8267027,44.436245],[23.8281799,44.4366705],[23.8292697,44.4369703],[23.8295229,44.4369937],[23.830179,44.4370782],[23.830433,44.4371827],[23.8304968,44.4374025],[23.83064,44.4376776],[23.8310014,44.4378447],[23.8312131,44.4380056],[23.8315477,44.4382098],[23.8325285,44.4386727],[23.8334004,44.4390458],[23.8336094,44.4390199],[23.8340712,44.4393748],[23.8347418,44.4397178],[23.8355034,44.440071],[23.8357621,44.4401624],[23.8359598,44.4403745],[23.8361636,44.4406053],[23.8365579,44.4407587],[23.8370267,44.4407729],[23.8377979,44.4406455],[23.838308,44.4405481],[23.8391489,44.4405241],[23.8398773,44.4405829],[23.8407329,44.4407971],[23.8413289,44.4412886],[23.8417792,44.4415733],[23.8426084,44.4418059],[23.8437877,44.442126],[23.8443131,44.4422388],[23.8447302,44.4422337],[23.8454325,44.4422969],[23.8464244,44.4425405],[23.8482248,44.443077],[23.8490158,44.4432671],[23.849692,44.4433347],[23.8502198,44.443326],[23.8507531,44.4433735],[23.8513455,44.4433982],[23.8512591,44.4454463],[23.8512185,44.4461786],[23.8511658,44.4465328],[23.8508874,44.4474308],[23.8505895,44.44842],[23.8505627,44.4484856],[23.8506452,44.4484952],[23.8556719,44.449401],[23.8547314,44.4516867],[23.854451,44.4525033],[23.8529104,44.4569894],[23.8521257,44.4591449],[23.8507417,44.4631577],[23.8504446,44.4634999],[23.8501812,44.4638777],[23.8499211,44.4643366],[23.8495422,44.4655795],[23.8491079,44.4670606],[23.8456148,44.4630687],[23.8453382,44.4630781],[23.8450629,44.4629846],[23.8433855,44.4621243],[23.8426993,44.4618305],[23.8359114,44.4593034],[23.8307092,44.458226],[23.8299769,44.4580382],[23.8288549,44.4591107],[23.8272385,44.4607689],[23.8266751,44.4614601],[23.8265682,44.4616922],[23.8263829,44.4617767],[23.8260566,44.4618024],[23.8258148,44.4618974],[23.8257801,44.4618557],[23.825337,44.462237],[23.8250541,44.4626045],[23.8247597,44.4632466],[23.8240122,44.4643926],[23.8237826,44.4646341],[23.8235041,44.464792],[23.8228982,44.4650139],[23.8226997,44.4651519],[23.8223919,44.4656534],[23.8222852,44.46593],[23.8219715,44.4660598],[23.8206357,44.4669227],[23.8201565,44.4670287],[23.8199435,44.4671975],[23.8198133,44.4681593],[23.8202357,44.4683513],[23.8190678,44.4726451],[23.8177549,44.4724907],[23.8152555,44.4719716],[23.8121714,44.4712324],[23.8083081,44.4704761],[23.8015111,44.4687717],[23.7986135,44.4681653],[23.7938789,44.4670467],[23.7889394,44.4659373],[23.7884194,44.4669449],[23.7878279,44.4678381],[23.787067,44.4686689],[23.7864666,44.4690249],[23.7782338,44.4665225],[23.7741106,44.4654299],[23.7696679,44.4640634],[23.7697352,44.4639428],[23.7681622,44.4634533],[23.7686122,44.4626907],[23.7667573,44.4621352],[23.7668426,44.4619659],[23.7687296,44.4625344],[23.7688568,44.4622994],[23.7681122,44.4620591],[23.7682844,44.4617693],[23.7689443,44.4619638],[23.7690885,44.461679],[23.7675382,44.4611836],[23.7677382,44.4608743],[23.7689587,44.4612573],[23.769053,44.4610776],[23.7683629,44.4608478],[23.7684569,44.4606934],[23.771206,44.4615796],[23.7766538,44.452817],[23.7666407,44.4504637],[23.7656676,44.4501137],[23.7654624,44.4499972],[23.7651402,44.4497081],[23.7650608,44.4495221],[23.7647222,44.4491664],[23.7643285,44.4489644],[23.7637006,44.4487588],[23.7632366,44.4487298],[23.7619722,44.4491621],[23.760502,44.4487975],[23.7592479,44.4484052],[23.7581838,44.4482725],[23.7585405,44.4477765],[23.7585709,44.4475446],[23.7584993,44.4473253],[23.7582475,44.4469082],[23.7580477,44.4467375],[23.757736,44.4466272],[23.7573249,44.4463367],[23.7568598,44.4458982],[23.7566942,44.4452424],[23.7561635,44.4451478],[23.7561909,44.4452736],[23.7559812,44.4455613],[23.7557662,44.446024],[23.7556406,44.4461357],[23.7553864,44.4461984],[23.7539578,44.445601],[23.7534843,44.4453164],[23.7525857,44.4449885],[23.7525455,44.4447973],[23.7517939,44.4445446],[23.7515742,44.444898],[23.752474,44.445346],[23.7528873,44.445607],[23.7523843,44.4469028],[23.7501185,44.4463288],[23.7495892,44.4461369],[23.7482207,44.4459032],[23.7501531,44.4411165],[23.7512351,44.4413254],[23.7515868,44.4413293],[23.7522368,44.441574],[23.7522925,44.4416512],[23.7522069,44.4417214],[23.7522011,44.4418116],[23.7527306,44.4422362],[23.7529588,44.4421074],[23.7531893,44.442047],[23.7534108,44.441877],[23.753464,44.4418886],[23.753446,44.442017],[23.7535182,44.4420315],[23.7535928,44.4419392],[23.7538382,44.4420761],[23.7546576,44.4414817],[23.755714,44.4405811],[23.7556967,44.4404961],[23.75528,44.4403327],[23.7551373,44.440219],[23.755123,44.4401723],[23.7553095,44.4400266],[23.7561769,44.4394303],[23.756609,44.4392325],[23.7574992,44.4389358],[23.7581643,44.4389213],[23.7582173,44.4389437],[23.7581885,44.4390365],[23.758035,44.4392455],[23.7580047,44.4394121],[23.7582062,44.4411025],[23.7583952,44.4411798],[23.7586535,44.4411185],[23.7588789,44.4411378],[23.7590949,44.4412294],[23.758614,44.4416869],[23.7585458,44.4420167],[23.7583854,44.442206],[23.7579917,44.4425872],[23.7576396,44.4427164],[23.7577046,44.4428218],[23.7585575,44.4427491],[23.7589194,44.4426744],[23.7594239,44.4424871],[23.7594905,44.44239],[23.759513,44.4416969],[23.7593983,44.4412735],[23.7593357,44.4399764],[23.7594452,44.4394714],[23.7594678,44.4389902],[23.7597778,44.4380263],[23.7591134,44.437775],[23.7586315,44.4378569],[23.7572237,44.437751],[23.7564521,44.4377536],[23.7562687,44.4378104],[23.7561639,44.4379735],[23.7559251,44.4381268],[23.7555565,44.4382501],[23.7552794,44.4384242],[23.7550817,44.4387378],[23.7546545,44.4391012],[23.7541662,44.4393537],[23.7538427,44.43942],[23.753305,44.4402574],[23.7502314,44.4399275],[23.7498648,44.4398541],[23.7493796,44.439648],[23.7451698,44.4377517],[23.7395231,44.4350579],[23.7382826,44.4345058],[23.7375795,44.4342097],[23.737751,44.4339805],[23.7384786,44.4330331],[23.7391637,44.4321521],[23.7394958,44.4322923],[23.7399934,44.4324566],[23.7402999,44.4325385],[23.741348,44.4326986],[23.7422656,44.4329517],[23.7431484,44.4335059],[23.743803,44.4339503],[23.7443655,44.434425],[23.7453605,44.4329983],[23.7462442,44.4316693],[23.7469839,44.4305241],[23.7472585,44.4302728],[23.7478916,44.4292506],[23.7480132,44.4290613],[23.7482492,44.4286227],[23.7485639,44.4281444],[23.7488193,44.4277922],[23.7491326,44.4273747],[23.749317,44.4270319],[23.7494875,44.4266737],[23.7496175,44.4265535],[23.7497986,44.4263628],[23.7498866,44.4262167],[23.749947,44.4260449],[23.7500289,44.4258582],[23.749998,44.4257069]]]}},{"type":"Feature","properties":{"entity_id":"osm-r9628656","jurisdiction":"RO","display_name":"GHERCEȘTI","display_type":"commune","admin_level":8,"tier":"local","legal_registry":"SIRUTA","legal_id":"72409","legal_type":"commune","parent_catalog_id":"osm-r2366970","osm_relation_id":9628656,"legal_identity_status":"reconciled","geometry_source":"OpenStreetMap","geometry_precision":"master_coordinate_fidelity"},"geometry":{"type":"Polygon","coordinates":[[[23.9589925,44.3840076],[23.9605459,44.3887428],[23.9619914,44.3929222],[23.9634399,44.3970797],[23.9638335,44.3982633],[23.9648607,44.4013523],[23.9664753,44.4055527],[23.9682574,44.4103657],[23.9673774,44.4104027],[23.9646049,44.4107439],[23.9629873,44.4107699],[23.9615199,44.4108955],[23.9603129,44.4112812],[23.957076,44.4125246],[23.9547921,44.4131935],[23.953539,44.4137463],[23.9524022,44.4157523],[23.9510463,44.4161449],[23.9458637,44.4169581],[23.9385207,44.4181333],[23.929769,44.4198681],[23.9284,44.4199575],[23.9263299,44.4202315],[23.9256995,44.4203703],[23.9176943,44.4219633],[23.913939,44.4226472],[23.9112734,44.4231127],[23.9072348,44.4237596],[23.9049333,44.4242039],[23.9039336,44.4242794],[23.9024608,44.4246107],[23.9014143,44.4250899],[23.9008493,44.425051],[23.9003701,44.4250068],[23.8999315,44.425004],[23.899502,44.425043],[23.8967574,44.4208897],[23.8904897,44.4127917],[23.8921836,44.4106988],[23.8932724,44.409307],[23.8974592,44.4037863],[23.9040754,44.3960556],[23.9048823,44.394906],[23.9082467,44.3906067],[23.9088691,44.3895593],[23.9080409,44.3888233],[23.9072604,44.3879932],[23.9065718,44.3871991],[23.9041081,44.3847606],[23.9034194,44.3841332],[23.9031526,44.383911],[23.9028972,44.3835059],[23.9017419,44.3823255],[23.9013204,44.3819218],[23.9003584,44.3808626],[23.8992204,44.379724],[23.8981704,44.378761],[23.8977813,44.3784185],[23.8973972,44.3781606],[23.896809,44.3778291],[23.8954072,44.3770534],[23.8954854,44.3769679],[23.8956015,44.3768946],[23.8956085,44.3765262],[23.895559,44.3764124],[23.8887175,44.3723405],[23.8894374,44.3741812],[23.8888555,44.3737672],[23.8884661,44.3734714],[23.887845,44.3728438],[23.8868827,44.3717454],[23.8855595,44.3706978],[23.8826781,44.368775],[23.8812438,44.3677598],[23.8774093,44.3659245],[23.8767113,44.365576],[23.8759906,44.3652474],[23.8755076,44.3650162],[23.8750215,44.3647448],[23.874477,44.3644078],[23.873826,44.3640456],[23.8734133,44.3637345],[23.8728877,44.3633745],[23.8688215,44.3604027],[23.866743,44.3588686],[23.8598571,44.3541506],[23.8587823,44.3533628],[23.8582746,44.3530161],[23.8571895,44.3524059],[23.8567056,44.3518701],[23.8561078,44.3514244],[23.8520982,44.3495102],[23.8506434,44.3486521],[23.8464746,44.3464097],[23.8453127,44.3458683],[23.8438754,44.3453289],[23.8426568,44.3445916],[23.842104,44.3443142],[23.8415248,44.3439676],[23.8409394,44.3434472],[23.8403329,44.3430221],[23.8394358,44.3417895],[23.8393409,44.3415472],[23.8448935,44.3410633],[23.846568,44.3411273],[23.848519,44.3386692],[23.8475661,44.3383464],[23.8480972,44.3367321],[23.8499115,44.336925],[23.8505863,44.3371068],[23.8520416,44.3374943],[23.8521753,44.3373006],[23.852585,44.3372638],[23.8526279,44.3330908],[23.8539502,44.3327873],[23.8546396,44.3320041],[23.8557346,44.3305344],[23.8556805,44.3296931],[23.8556399,44.3282427],[23.8554372,44.3254964],[23.8551593,44.3242203],[23.8551263,44.3229338],[23.8634801,44.3226823],[23.8666297,44.3228274],[23.8678597,44.3226823],[23.8685629,44.322654],[23.8755377,44.3223729],[23.8753128,44.321655],[23.8817304,44.3213231],[23.8817443,44.3200941],[23.8936381,44.3203461],[23.8952732,44.3213671],[23.8909611,44.3238525],[23.8914825,44.3250533],[23.8942324,44.3236784],[23.8951493,44.3243415],[23.8975039,44.3223666],[23.8986374,44.3226681],[23.8994815,44.3228309],[23.9004957,44.323873],[23.9020184,44.3253718],[23.9041378,44.327278],[23.9099828,44.3327322],[23.9127851,44.3353335],[23.9165928,44.3389992],[23.9166872,44.3391026],[23.9170977,44.3395146],[23.9181708,44.3405709],[23.9191733,44.3415085],[23.9195705,44.3419059],[23.9233282,44.3459254],[23.9239935,44.3466789],[23.9253458,44.3481528],[23.9260375,44.3488891],[23.9267363,44.3495005],[23.9272082,44.3500973],[23.9298293,44.3531974],[23.931262,44.3546735],[23.9329698,44.3564443],[23.9350681,44.3586487],[23.9358169,44.3594609],[23.9350721,44.360245],[23.9340422,44.3612904],[23.9334005,44.36196],[23.932187,44.3633566],[23.9314502,44.364288],[23.9308957,44.3649888],[23.9305682,44.3653173],[23.9304666,44.3653927],[23.9301539,44.3658069],[23.9294318,44.3666081],[23.9280682,44.3683315],[23.9275304,44.3689174],[23.9268272,44.3698999],[23.9264934,44.3703738],[23.9261285,44.3708384],[23.925524,44.3715433],[23.9242388,44.373127],[23.9236971,44.3738125],[23.9231238,44.3743666],[23.9228627,44.3746804],[23.9221245,44.37545],[23.9210389,44.3766274],[23.9202301,44.3776513],[23.9188097,44.3795702],[23.9168587,44.3819206],[23.9159381,44.3829389],[23.9175395,44.3829543],[23.9294116,44.3831758],[23.9589925,44.3840076]]]}},{"type":"Feature","properties":{"entity_id":"osm-r9628657","jurisdiction":"RO","display_name":"MALU MARE","display_type":"commune","admin_level":8,"tier":"local","legal_registry":"SIRUTA","legal_id":"73068","legal_type":"commune","parent_catalog_id":"osm-r2366970","osm_relation_id":9628657,"legal_identity_status":"reconciled","geometry_source":"OpenStreetMap","geometry_precision":"master_coordinate_fidelity"},"geometry":{"type":"Polygon","coordinates":[[[23.8243816,44.2681198],[23.8255421,44.2673376],[23.826193,44.266895],[23.8269861,44.2662437],[23.8269501,44.266224],[23.8268588,44.2660964],[23.8267448,44.2659489],[23.8265991,44.2658181],[23.8264977,44.2657327],[23.8264073,44.2656659],[23.8263058,44.265601],[23.8261938,44.2655288],[23.8260659,44.2654546],[23.8259533,44.2654118],[23.8259075,44.2653729],[23.8258402,44.2653151],[23.8257597,44.2652609],[23.8255909,44.26517],[23.8253811,44.2650377],[23.8252759,44.2649876],[23.8252087,44.2649411],[23.8251528,44.2648859],[23.8251185,44.2648453],[23.8250728,44.2647505],[23.8250647,44.2647046],[23.8249866,44.2642368],[23.8249086,44.2637691],[23.8246984,44.2635961],[23.8244882,44.2634231],[23.8257526,44.2615086],[23.8262929,44.2601128],[23.8255561,44.2591018],[23.8252227,44.2584405],[23.8243659,44.258542],[23.824498,44.2579915],[23.8243863,44.2575341],[23.8247143,44.2566506],[23.8250342,44.2554195],[23.8251206,44.255087],[23.8249246,44.2551249],[23.8239379,44.2553213],[23.8228379,44.2555418],[23.8212532,44.2554999],[23.8197824,44.2550539],[23.8187747,44.2543596],[23.8180152,44.253592],[23.8177784,44.2531083],[23.8160984,44.2525589],[23.8165376,44.2517531],[23.8169766,44.2492254],[23.817126,44.2470745],[23.8160463,44.2447334],[23.8156199,44.2431842],[23.8156228,44.2413103],[23.8164736,44.2393187],[23.8180074,44.2383726],[23.8200893,44.2381919],[23.822091,44.2384914],[23.8241524,44.2393233],[23.8259061,44.2396961],[23.8283575,44.2404054],[23.830394,44.2407305],[23.833606,44.2404093],[23.8368224,44.2398603],[23.838827,44.2395771],[23.8408059,44.2388189],[23.8405598,44.2386168],[23.8401364,44.2384124],[23.8409193,44.2381181],[23.8421635,44.2378529],[23.8435527,44.2375352],[23.8452461,44.2373289],[23.8468508,44.2371754],[23.8481612,44.2367354],[23.8494186,44.2358406],[23.8505383,44.2349488],[23.8510552,44.233866],[23.8511376,44.2317217],[23.8507504,44.2304986],[23.8499437,44.2298962],[23.8490859,44.2293427],[23.8481743,44.2286672],[23.8474937,44.2280167],[23.845742,44.2271431],[23.8450874,44.2267447],[23.8440856,44.2262343],[23.8449519,44.2259554],[23.8543182,44.224921],[23.8572768,44.2245841],[23.859489,44.2243003],[23.8606578,44.224167],[23.8623428,44.2240121],[23.8646463,44.2237542],[23.8672533,44.2234302],[23.8675303,44.2234203],[23.8678541,44.223432],[23.8682909,44.2233813],[23.8690532,44.2232535],[23.8693259,44.2231631],[23.8704069,44.2230403],[23.8720132,44.2228329],[23.8724228,44.2227736],[23.873256,44.2226452],[23.8736744,44.2226093],[23.874133,44.2226072],[23.8752844,44.222466],[23.8756933,44.222404],[23.8763712,44.2222611],[23.877774,44.2221248],[23.8790718,44.2219556],[23.8795671,44.223775],[23.8799476,44.2250804],[23.8805376,44.2273949],[23.8805929,44.2276977],[23.8825367,44.2274459],[23.8836912,44.2273335],[23.8842478,44.22732],[23.8848003,44.2271902],[23.8854789,44.2270408],[23.8858856,44.2269789],[23.8860456,44.2269423],[23.8894431,44.2266036],[23.889912,44.2265231],[23.8906943,44.2263722],[23.8908835,44.2263679],[23.8914574,44.2263241],[23.8938038,44.2260718],[23.9014369,44.225091],[23.9022367,44.2249755],[23.903123,44.2248991],[23.9037582,44.2248271],[23.9039943,44.2247892],[23.9041293,44.2246892],[23.9043476,44.224769],[23.9044186,44.2247727],[23.9046302,44.2247354],[23.9049356,44.2247111],[23.9055712,44.2247014],[23.9007916,44.2306967],[23.899512,44.2320928],[23.8987464,44.2329394],[23.8978647,44.2339511],[23.8968834,44.235145],[23.8965721,44.2356019],[23.89625,44.2361706],[23.8955021,44.2370557],[23.8939183,44.2389953],[23.8937158,44.2389404],[23.892948,44.2387703],[23.8925933,44.2386741],[23.8922544,44.2385919],[23.8876327,44.2448455],[23.8871432,44.245574],[23.8863834,44.2465742],[23.8859235,44.2472218],[23.885547,44.2476627],[23.8853363,44.2478902],[23.8850882,44.2482258],[23.8846684,44.2487661],[23.8844565,44.2490685],[23.8844148,44.2491616],[23.8843392,44.2493707],[23.8842353,44.2495672],[23.8839646,44.2499381],[23.8836225,44.2504217],[23.8834478,44.2506491],[23.8830804,44.2510948],[23.8816643,44.2527772],[23.8812078,44.2533363],[23.8809191,44.2537006],[23.8804824,44.2542835],[23.8797099,44.2551892],[23.8792219,44.2557878],[23.8787487,44.2563799],[23.8781729,44.2571404],[23.8773324,44.2582733],[23.8767797,44.2589872],[23.8762379,44.2597016],[23.8758805,44.2602066],[23.8757018,44.2606358],[23.8753438,44.2615449],[23.8752494,44.2615452],[23.8749765,44.2615016],[23.8745603,44.2614123],[23.8739529,44.2611962],[23.8733986,44.2610337],[23.87306,44.2609678],[23.8727261,44.2609337],[23.8725063,44.2609394],[23.8723676,44.2609606],[23.8721881,44.2609975],[23.8720557,44.2610406],[23.8728774,44.2614254],[23.8722273,44.2619192],[23.8712965,44.2625892],[23.871112,44.26256],[23.8705175,44.2623577],[23.869668,44.2620096],[23.8693014,44.2619326],[23.8688938,44.261895],[23.8686409,44.2619116],[23.8679374,44.2619714],[23.8677817,44.2620159],[23.8676844,44.2620576],[23.8676057,44.2621269],[23.8675535,44.262225],[23.8674987,44.2623863],[23.8674013,44.2625683],[23.8672847,44.2626799],[23.867147,44.2627626],[23.8663656,44.2628771],[23.8654968,44.2629982],[23.8651188,44.263066],[23.8645303,44.2631293],[23.8641537,44.2631853],[23.8638388,44.2632259],[23.8635962,44.2632491],[23.8636471,44.2635012],[23.8635219,44.2635155],[23.8637701,44.2644455],[23.8641828,44.2645222],[23.8645394,44.2645561],[23.8649181,44.2645606],[23.8653254,44.2645034],[23.8657898,44.2644163],[23.8659984,44.2643612],[23.8662675,44.2643767],[23.8668737,44.2645414],[23.868291,44.2649898],[23.8686039,44.2650545],[23.8690446,44.2652564],[23.8694159,44.2654954],[23.8696033,44.2657512],[23.869764,44.2658759],[23.8699544,44.2659393],[23.8701868,44.2659446],[23.8704943,44.2658598],[23.8708542,44.2658332],[23.8717352,44.2658896],[23.8722454,44.2660047],[23.8737815,44.266488],[23.8739368,44.266527],[23.8742408,44.266532],[23.8756917,44.2665085],[23.8732095,44.2705418],[23.8742335,44.2708843],[23.8770837,44.2718753],[23.8779396,44.2721695],[23.8773865,44.2725683],[23.8768728,44.2730612],[23.8764137,44.2735172],[23.8738193,44.2758494],[23.8727192,44.2768746],[23.8723503,44.2771483],[23.8716294,44.2775886],[23.8713856,44.2777095],[23.8708493,44.2779195],[23.8685974,44.2786514],[23.8662055,44.27945],[23.8643603,44.2800599],[23.8639239,44.2802601],[23.863501,44.2805482],[23.8629138,44.2809863],[23.8552631,44.2865036],[23.8513654,44.2893329],[23.8491368,44.2909054],[23.8479718,44.2918114],[23.847464,44.2921189],[23.8473066,44.2920355],[23.8409527,44.2952314],[23.8398948,44.2941395],[23.8377973,44.2951781],[23.8388568,44.2962647],[23.8378096,44.296785],[23.8351684,44.2939189],[23.8254148,44.2957821],[23.8236846,44.2958112],[23.8219138,44.2891834],[23.8215828,44.288453],[23.8207648,44.2866482],[23.8186831,44.2838225],[23.8168988,44.2817129],[23.8213596,44.2812968],[23.8281211,44.2808007],[23.8305515,44.280929],[23.8317816,44.2761094],[23.8281621,44.2760386],[23.8277149,44.2758724],[23.8275647,44.2755421],[23.8273501,44.2749967],[23.8273884,44.2740189],[23.8274425,44.2720831],[23.8274019,44.2712991],[23.8264692,44.2705442],[23.8261583,44.2694504],[23.8249958,44.2694504],[23.8247119,44.2693536],[23.8245767,44.2682017],[23.8243816,44.2681198]]]}},{"type":"Feature","properties":{"entity_id":"osm-r9628658","jurisdiction":"RO","display_name":"PODARI","display_type":"commune","admin_level":8,"tier":"local","legal_registry":"SIRUTA","legal_id":"70110","legal_type":"commune","parent_catalog_id":"osm-r2366970","osm_relation_id":9628658,"legal_identity_status":"reconciled","geometry_source":"OpenStreetMap","geometry_precision":"master_coordinate_fidelity"},"geometry":{"type":"Polygon","coordinates":[[[23.8401364,44.2384124],[23.8405598,44.2386168],[23.8408059,44.2388189],[23.838827,44.2395771],[23.8368224,44.2398603],[23.833606,44.2404093],[23.830394,44.2407305],[23.8283575,44.2404054],[23.8259061,44.2396961],[23.8241524,44.2393233],[23.822091,44.2384914],[23.8200893,44.2381919],[23.8180074,44.2383726],[23.8164736,44.2393187],[23.8156228,44.2413103],[23.8156199,44.2431842],[23.8160463,44.2447334],[23.817126,44.2470745],[23.8169766,44.2492254],[23.8165376,44.2517531],[23.8160984,44.2525589],[23.8177784,44.2531083],[23.8180152,44.253592],[23.8187747,44.2543596],[23.8197824,44.2550539],[23.8212532,44.2554999],[23.8228379,44.2555418],[23.8239379,44.2553213],[23.8249246,44.2551249],[23.8251206,44.255087],[23.8250342,44.2554195],[23.8247143,44.2566506],[23.8243863,44.2575341],[23.824498,44.2579915],[23.8243659,44.258542],[23.8252227,44.2584405],[23.8255561,44.2591018],[23.8262929,44.2601128],[23.8257526,44.2615086],[23.8244882,44.2634231],[23.8246984,44.2635961],[23.8249086,44.2637691],[23.8249866,44.2642368],[23.8250647,44.2647046],[23.8250728,44.2647505],[23.8251185,44.2648453],[23.8251528,44.2648859],[23.8252087,44.2649411],[23.8252759,44.2649876],[23.8253811,44.2650377],[23.8255909,44.26517],[23.8257597,44.2652609],[23.8258402,44.2653151],[23.8259075,44.2653729],[23.8259533,44.2654118],[23.8260659,44.2654546],[23.8261938,44.2655288],[23.8263058,44.265601],[23.8264073,44.2656659],[23.8264977,44.2657327],[23.8265991,44.2658181],[23.8267448,44.2659489],[23.8268588,44.2660964],[23.8269501,44.266224],[23.8269861,44.2662437],[23.826193,44.266895],[23.8255421,44.2673376],[23.8243816,44.2681198],[23.8242804,44.2680756],[23.8225215,44.2692934],[23.8213816,44.2688807],[23.8206816,44.2692365],[23.8199446,44.2695569],[23.8185121,44.2701638],[23.8174908,44.2705844],[23.8163531,44.2705103],[23.8153359,44.2709403],[23.8145663,44.2714222],[23.8136929,44.2724477],[23.8129628,44.272707],[23.8128796,44.2728583],[23.8126438,44.2730135],[23.8121842,44.2733135],[23.8119694,44.2730771],[23.8111333,44.2725231],[23.8103959,44.2719118],[23.8094506,44.2721172],[23.8102482,44.2732807],[23.8118715,44.2754192],[23.8120424,44.2756986],[23.8124643,44.2762695],[23.8121884,44.2764546],[23.8118201,44.2760529],[23.809433,44.2772167],[23.8102162,44.2779272],[23.8050532,44.2817372],[23.8044563,44.2813939],[23.8043676,44.2814609],[23.8041286,44.2813053],[23.80382,44.2814982],[23.8036799,44.2814113],[23.8035713,44.2814697],[23.8027227,44.2815631],[23.8025538,44.2813285],[23.8022751,44.2813763],[23.80236,44.2815591],[23.8019201,44.2814999],[23.8016442,44.2814899],[23.8011002,44.2815068],[23.8003534,44.2814613],[23.7997669,44.2810163],[23.79953,44.2808915],[23.7975492,44.2831312],[23.7974384,44.2832229],[23.7934436,44.288372],[23.7918469,44.2905135],[23.7901899,44.2929819],[23.7892387,44.2944811],[23.7866061,44.2929183],[23.7828999,44.290641],[23.7842726,44.289445],[23.7853317,44.2885486],[23.7860057,44.2880284],[23.7870583,44.2872067],[23.7884589,44.2860638],[23.7919986,44.2834998],[23.7930918,44.2830428],[23.7950472,44.2823657],[23.7946829,44.2817434],[23.7961661,44.2812478],[23.7961042,44.2811533],[23.794898,44.2815727],[23.7941392,44.2818077],[23.7937261,44.2817734],[23.7913867,44.2815408],[23.7907083,44.2814919],[23.7895933,44.2813871],[23.7886541,44.2812484],[23.7869013,44.2809343],[23.7848986,44.280596],[23.7849145,44.2803234],[23.7845895,44.280198],[23.7831587,44.2799404],[23.7771982,44.2789211],[23.7781261,44.2805453],[23.7785616,44.2811566],[23.7788812,44.2816514],[23.7790005,44.2819339],[23.7791666,44.282391],[23.7792168,44.2828077],[23.7790973,44.2834814],[23.7790977,44.2837797],[23.778766,44.2837935],[23.7785956,44.2848018],[23.7786091,44.2850778],[23.7778583,44.2856099],[23.7778324,44.2858388],[23.7769424,44.286111],[23.7770834,44.2863593],[23.7772518,44.286645],[23.7770599,44.2870385],[23.7771364,44.2873325],[23.777597,44.2881938],[23.7780629,44.2887033],[23.7784909,44.2889069],[23.7789562,44.2895064],[23.7792798,44.2900948],[23.779714,44.2905238],[23.7797889,44.2909329],[23.7797447,44.2913748],[23.7794332,44.2919288],[23.7792624,44.2921939],[23.7782904,44.2935539],[23.7781914,44.2936527],[23.7780554,44.2937492],[23.7780241,44.2938468],[23.7780237,44.2939445],[23.7779849,44.2940947],[23.7777788,44.2943729],[23.7775466,44.2945333],[23.7770704,44.2948367],[23.7764092,44.2951289],[23.7758554,44.2953219],[23.7757299,44.2953319],[23.7756062,44.2952964],[23.7754397,44.295314],[23.7753533,44.2953669],[23.774971,44.295402],[23.7744725,44.2953711],[23.7744216,44.2953018],[23.7743214,44.295237],[23.7738329,44.2951975],[23.7736118,44.2952042],[23.7734215,44.2952241],[23.7726704,44.2950196],[23.7717688,44.2946947],[23.7712113,44.2943845],[23.7706704,44.2937449],[23.7701834,44.2927216],[23.7692497,44.2920087],[23.7690067,44.291852],[23.7687766,44.2918636],[23.7678881,44.2919386],[23.7677205,44.2915696],[23.7664514,44.2918405],[23.7650817,44.2905158],[23.7640725,44.290122],[23.7634576,44.2899013],[23.7624606,44.2896806],[23.7618822,44.2892729],[23.7611323,44.2888057],[23.7598604,44.288277],[23.75942,44.2880846],[23.7602839,44.2871059],[23.761318,44.2859075],[23.7588479,44.2834946],[23.7595337,44.2830168],[23.7607953,44.2818099],[23.7617781,44.2797134],[23.7628973,44.2776597],[23.7654706,44.2766101],[23.7676847,44.2737381],[23.7706245,44.27071],[23.7720485,44.2694382],[23.7688859,44.2674749],[23.7685121,44.2673392],[23.7681193,44.2672977],[23.7677965,44.2673142],[23.7673522,44.2673695],[23.7661248,44.2676305],[23.7658835,44.2676387],[23.7656906,44.2657518],[23.7638702,44.2658888],[23.7631612,44.2658916],[23.7624764,44.2658517],[23.7612773,44.2657049],[23.7601388,44.2656665],[23.760132,44.2644847],[23.7627986,44.2643692],[23.7634506,44.2644651],[23.7634259,44.2635194],[23.7635118,44.2633508],[23.7635049,44.2631659],[23.7632012,44.2622667],[23.7625683,44.2621509],[23.7604836,44.2620191],[23.7590116,44.2621133],[23.7582109,44.2620997],[23.758134,44.2618592],[23.7565768,44.2616612],[23.7559046,44.2612651],[23.7552655,44.2605252],[23.7555633,44.2598715],[23.7561589,44.2596829],[23.7563128,44.2595644],[23.7564238,44.2592164],[23.7550472,44.2584055],[23.7559596,44.2574596],[23.7521434,44.2574917],[23.7495515,44.2572683],[23.74959,44.2558491],[23.7492105,44.2557189],[23.7469948,44.2554137],[23.7456925,44.2551526],[23.7452196,44.2551256],[23.7454062,44.2539029],[23.7472849,44.2539646],[23.7472925,44.2540283],[23.747517,44.2538862],[23.7475057,44.2536379],[23.7476022,44.2532748],[23.7479703,44.252745],[23.7480958,44.2524356],[23.7480136,44.2518402],[23.7483459,44.2502904],[23.7490207,44.2482908],[23.7480485,44.2482227],[23.7471282,44.2479819],[23.7465605,44.2479125],[23.7423336,44.2477729],[23.7405142,44.2474164],[23.7397289,44.24731],[23.7374494,44.2467315],[23.7360638,44.2460592],[23.7350325,44.2454659],[23.7341601,44.2451411],[23.7332779,44.2446966],[23.7321024,44.2443047],[23.7308973,44.2440324],[23.7293075,44.2434659],[23.7287631,44.2434244],[23.7266479,44.2428146],[23.7250585,44.242446],[23.7247274,44.2426441],[23.7241808,44.242574],[23.7228747,44.2425829],[23.7218871,44.2422846],[23.7215298,44.2419783],[23.721221,44.241908],[23.7202715,44.2418639],[23.7196636,44.2415163],[23.7194445,44.241484],[23.7191224,44.2415133],[23.719249,44.2419403],[23.719139,44.2422096],[23.7186166,44.2423934],[23.7187806,44.2424129],[23.7188282,44.2424626],[23.7199012,44.2424791],[23.7213228,44.2426269],[23.722876,44.2432226],[23.7230271,44.2434936],[23.7234309,44.2437381],[23.7241278,44.2440202],[23.7247375,44.2444132],[23.7249054,44.2446257],[23.7251244,44.2451696],[23.7252768,44.2456766],[23.7252532,44.2457906],[23.7248372,44.2457235],[23.7247206,44.2457854],[23.7245028,44.2460311],[23.7241146,44.2461508],[23.7233902,44.2461636],[23.723283,44.2463927],[23.7234061,44.2465212],[23.7226654,44.2468153],[23.7219861,44.2471738],[23.7212121,44.2474481],[23.7211741,44.24756],[23.7222141,44.2474336],[23.7229888,44.2472295],[23.7236116,44.2469888],[23.7249131,44.2469048],[23.7252734,44.2470958],[23.7265376,44.246783],[23.7277559,44.2474421],[23.7278154,44.2482039],[23.72772,44.2482534],[23.7269859,44.2482599],[23.7271291,44.2488842],[23.7268498,44.2492128],[23.7267537,44.2494383],[23.726512,44.249571],[23.7260473,44.2496575],[23.7251365,44.2496729],[23.7245127,44.2497898],[23.7238135,44.2497407],[23.7226122,44.2500928],[23.7220649,44.2503649],[23.7220426,44.2504508],[23.7224273,44.2504107],[23.7231845,44.2504247],[23.7235605,44.2506104],[23.7241481,44.2507575],[23.7241972,44.2508051],[23.7241919,44.2509925],[23.7240546,44.2511991],[23.7230397,44.2521268],[23.7224444,44.2527637],[23.7216699,44.2527764],[23.7206743,44.2526846],[23.7207925,44.2528031],[23.7213508,44.2530318],[23.72165,44.2532658],[23.7216885,44.2535797],[23.7215036,44.2537844],[23.7211706,44.2540253],[23.7209951,44.2540833],[23.7177407,44.2545591],[23.7177237,44.2546048],[23.7156684,44.2554654],[23.7145274,44.255892],[23.7138676,44.2552353],[23.7132146,44.2546905],[23.7122603,44.253607],[23.7104994,44.2519706],[23.7095397,44.2509951],[23.7077314,44.2485313],[23.7066757,44.2472035],[23.7064839,44.2468151],[23.7052296,44.2453536],[23.704907,44.2451377],[23.7044465,44.244977],[23.7035487,44.2449483],[23.7034287,44.2448947],[23.7034004,44.2446954],[23.7034975,44.2441751],[23.7034646,44.2437042],[23.7032689,44.2431819],[23.7028967,44.2428379],[23.7022176,44.2427425],[23.7006253,44.2426542],[23.699569,44.2425104],[23.6978088,44.2423835],[23.6968536,44.2422529],[23.6952608,44.242146],[23.6932003,44.2417731],[23.6925615,44.2416167],[23.6922184,44.241485],[23.6915593,44.2413764],[23.6913725,44.2411549],[23.6911797,44.240691],[23.6908697,44.240217],[23.6905311,44.2399029],[23.6901609,44.2392747],[23.689785,44.2389617],[23.6896332,44.2384887],[23.6894102,44.2381593],[23.6892129,44.2380538],[23.688202,44.2378435],[23.6875172,44.2375873],[23.6873718,44.237589],[23.6867809,44.2377392],[23.6860898,44.2377245],[23.6859812,44.2376799],[23.6856002,44.237705],[23.6844595,44.2379214],[23.6833446,44.2380594],[23.6802216,44.2381206],[23.6769748,44.2384015],[23.6754151,44.238734],[23.6745617,44.239011],[23.6715883,44.2394556],[23.6712845,44.23935],[23.671363,44.2392131],[23.6714756,44.238554],[23.6715882,44.2366986],[23.6715603,44.2359313],[23.6715055,44.2357053],[23.671372,44.2355738],[23.6712484,44.2355086],[23.671259,44.235436],[23.6713553,44.235416],[23.6713835,44.2353964],[23.671426,44.2353511],[23.6714599,44.2352815],[23.6714875,44.235193],[23.6714995,44.2351368],[23.6715279,44.2350906],[23.6716328,44.234995],[23.6717058,44.2349086],[23.671799,44.2347263],[23.671888,44.2344279],[23.6719274,44.2343308],[23.6719877,44.2341491],[23.6719908,44.2340609],[23.6720057,44.234014],[23.672015,44.233948],[23.6721579,44.2336304],[23.6722365,44.2334431],[23.6723558,44.2330758],[23.6724717,44.2327568],[23.6725587,44.232492],[23.6726518,44.2322617],[23.6726929,44.2321125],[23.672745,44.2319567],[23.672752,44.2319181],[23.6728066,44.2317532],[23.6729421,44.2314359],[23.673021,44.2312896],[23.6730879,44.2311474],[23.6731547,44.2310292],[23.6731748,44.2310124],[23.6732035,44.2309743],[23.6732827,44.2309038],[23.6733428,44.2308624],[23.6734526,44.2307963],[23.6735484,44.2307295],[23.6735747,44.2307072],[23.6736186,44.2306529],[23.6736771,44.2305542],[23.6737135,44.2305044],[23.6737341,44.230465],[23.6738863,44.2303033],[23.673913,44.230245],[23.6738996,44.2301317],[23.6738966,44.2300607],[23.6739002,44.2300382],[23.6739208,44.2299828],[23.6739525,44.2299274],[23.674003,44.2298607],[23.6740716,44.2297814],[23.6741016,44.2297344],[23.6741723,44.2296416],[23.6743806,44.2293801],[23.6744113,44.2293344],[23.6744923,44.2292366],[23.6745242,44.2291901],[23.674681,44.2290536],[23.6747342,44.2289999],[23.6748312,44.2289729],[23.6748676,44.2289105],[23.6748666,44.2288395],[23.6748404,44.2288025],[23.6748071,44.2287849],[23.6747286,44.2287583],[23.6745003,44.2287139],[23.6744252,44.2286779],[23.6743573,44.2286132],[23.6743204,44.2285431],[23.6742536,44.2283848],[23.6741949,44.2282723],[23.6740241,44.2280353],[23.6738443,44.2275991],[23.6736961,44.2271103],[23.6736395,44.226905],[23.6735897,44.226685],[23.6734487,44.2259504],[23.6733417,44.2254605],[23.6732817,44.2252154],[23.6730053,44.224003],[23.6729581,44.2237636],[23.6728131,44.2232771],[23.672575,44.2225702],[23.6723617,44.2218697],[23.6721384,44.2211809],[23.6720355,44.2209135],[23.6720236,44.2208674],[23.6718993,44.220538],[23.6718515,44.2204279],[23.6718368,44.2203769],[23.6718488,44.220327],[23.6718537,44.2202481],[23.6718346,44.2201881],[23.6717961,44.2200256],[23.6717297,44.2198027],[23.6717161,44.2197016],[23.6716389,44.2193593],[23.6716288,44.2192919],[23.6716358,44.2192208],[23.6716464,44.2191829],[23.6716868,44.21914],[23.6717456,44.2191045],[23.6718587,44.2190778],[23.6719471,44.219066],[23.6720807,44.2190579],[23.6723343,44.21906],[23.6726275,44.2190766],[23.6729334,44.219102],[23.6730531,44.2191076],[23.6732496,44.2191502],[23.6734941,44.2191951],[23.6735867,44.2191965],[23.6736612,44.2191867],[23.6737369,44.2191655],[23.673779,44.219144],[23.6738424,44.2190992],[23.6738854,44.2190132],[23.673897,44.2189407],[23.673879,44.2187501],[23.6738466,44.2185863],[23.6737023,44.2179899],[23.6736824,44.2177985],[23.6736779,44.2176476],[23.6736587,44.2176021],[23.6736338,44.2174128],[23.6735822,44.217219],[23.6734892,44.2169363],[23.6733948,44.2166035],[23.6733502,44.2164076],[23.6732108,44.216008],[23.673144,44.2157898],[23.6730977,44.215691],[23.6730631,44.2155386],[23.6730592,44.215451],[23.6730629,44.2153727],[23.673099,44.2152529],[23.6730693,44.2152054],[23.6730444,44.2151845],[23.6709813,44.2137255],[23.6698815,44.2129153],[23.6686381,44.2120689],[23.6680769,44.2116591],[23.6679542,44.2115439],[23.6685741,44.2112863],[23.6687377,44.2112552],[23.6690064,44.211133],[23.6692506,44.2109615],[23.6694918,44.2107078],[23.6695535,44.210542],[23.6696413,44.2100944],[23.6700543,44.2098092],[23.670679,44.2094659],[23.6713085,44.2092934],[23.6717297,44.2090857],[23.6721767,44.2088371],[23.6729518,44.208435],[23.6730988,44.2083262],[23.6734584,44.2081359],[23.6736895,44.2079379],[23.6738058,44.2078311],[23.6738902,44.2077695],[23.6741985,44.2076699],[23.6743353,44.2075205],[23.674452,44.2074445],[23.6747053,44.2073492],[23.67538,44.2072273],[23.6756573,44.2071191],[23.6762327,44.2067742],[23.6764814,44.2066872],[23.6767433,44.2066524],[23.6776386,44.206568],[23.6781741,44.2065304],[23.6785619,44.206499],[23.6786731,44.2064458],[23.6789815,44.206388],[23.6792576,44.2063252],[23.6797817,44.2062806],[23.6810516,44.2063351],[23.6812558,44.2063373],[23.6816604,44.2061926],[23.6821395,44.2060508],[23.682766,44.2059648],[23.6829976,44.2059471],[23.6832584,44.2058329],[23.6835411,44.2057353],[23.6837521,44.2055822],[23.6839616,44.2054718],[23.6842544,44.2054295],[23.684764,44.205453],[23.6851309,44.2054483],[23.685363,44.2055496],[23.6855166,44.2055927],[23.6856302,44.205533],[23.6857954,44.2055062],[23.686102,44.205508],[23.6864615,44.2056001],[23.686658,44.205675],[23.6867574,44.2057234],[23.686924,44.2058907],[23.687173,44.2060471],[23.6875459,44.2061666],[23.688008,44.2062507],[23.6885265,44.2062253],[23.6885164,44.2063802],[23.6889151,44.2067507],[23.6892244,44.206941],[23.6891644,44.2070999],[23.68907,44.2071449],[23.6890837,44.2072277],[23.6890215,44.2073068],[23.6889892,44.2073596],[23.6890678,44.2074123],[23.688877,44.2074996],[23.6883654,44.2077176],[23.6867093,44.2084072],[23.6864392,44.2085746],[23.6863593,44.2086851],[23.6864118,44.2088316],[23.6865526,44.2088907],[23.6871256,44.2088382],[23.6877243,44.2087404],[23.6889441,44.208514],[23.6908972,44.2081633],[23.6929472,44.2078073],[23.6953511,44.2073667],[23.6958815,44.2072652],[23.6976125,44.2070004],[23.69824,44.206881],[23.7008554,44.2064238],[23.7014654,44.2063042],[23.7025296,44.205943],[23.7045721,44.2051245],[23.7058246,44.2046071],[23.7108397,44.2026894],[23.7134148,44.2016553],[23.7141238,44.2014292],[23.7152592,44.2009525],[23.7153034,44.2015069],[23.7153348,44.2020242],[23.7154938,44.2042069],[23.7155406,44.2047568],[23.7155571,44.2050317],[23.7157006,44.2069495],[23.7157287,44.2075133],[23.7157664,44.2080058],[23.7158442,44.2088865],[23.7158891,44.2096317],[23.715983,44.2107635],[23.7160084,44.2111463],[23.7159774,44.21191],[23.7159825,44.2122892],[23.715943,44.214188],[23.7159234,44.215718],[23.715908,44.2164897],[23.7158768,44.2172613],[23.7158546,44.2179772],[23.7159965,44.2179986],[23.7161144,44.2180098],[23.716333,44.2180412],[23.7164096,44.2180566],[23.7165146,44.2180934],[23.7166368,44.2181547],[23.7166856,44.2181868],[23.7167548,44.2182251],[23.7168282,44.2183004],[23.7169199,44.2184186],[23.7169839,44.2184885],[23.7170172,44.2185106],[23.7170464,44.2185175],[23.7171307,44.2185165],[23.7171794,44.2185052],[23.7172315,44.2184985],[23.7173797,44.2184919],[23.7176456,44.2184169],[23.7178788,44.2183869],[23.7180615,44.2183551],[23.718485,44.218311],[23.7189465,44.2182754],[23.7191041,44.218278],[23.7192094,44.2182723],[23.7192793,44.2182277],[23.7193811,44.2182083],[23.7193815,44.218189],[23.7194259,44.2181689],[23.7194371,44.2180975],[23.7194343,44.2180493],[23.7194097,44.2180353],[23.7194149,44.2179762],[23.7194007,44.2179238],[23.7194304,44.2178787],[23.7194258,44.2178278],[23.7194051,44.2178124],[23.7194037,44.2177863],[23.7194682,44.2177278],[23.71953,44.217701],[23.7195631,44.2176935],[23.7196146,44.217693],[23.7196766,44.2177828],[23.719788,44.2180342],[23.719876,44.2181442],[23.7199708,44.2181874],[23.7201646,44.2181979],[23.7207196,44.2181917],[23.7212159,44.2182295],[23.721665,44.2182073],[23.7217877,44.218143],[23.7218693,44.2181072],[23.7219429,44.2181447],[23.7221625,44.2181243],[23.7224295,44.2180722],[23.722633,44.2180608],[23.7226466,44.218027],[23.7226355,44.2179451],[23.7224464,44.2176637],[23.7222839,44.2174396],[23.7224159,44.2173665],[23.7224421,44.217361],[23.7228208,44.2175651],[23.7231985,44.2176848],[23.7234807,44.2178281],[23.7240238,44.2179933],[23.7244121,44.2179977],[23.7252294,44.218022],[23.7258081,44.2181318],[23.7259257,44.2181096],[23.725987,44.2179476],[23.7259491,44.217753],[23.7259069,44.2176829],[23.7258726,44.2176129],[23.7259602,44.2175331],[23.726016,44.2175011],[23.7260306,44.2174974],[23.7262815,44.2176344],[23.7268797,44.2181313],[23.7273321,44.2182457],[23.7275218,44.2182387],[23.7276297,44.2182233],[23.7276249,44.2180925],[23.7276652,44.2180046],[23.7277991,44.2179748],[23.7284307,44.2180415],[23.7287191,44.218064],[23.7289524,44.2180639],[23.7290342,44.2179122],[23.7290764,44.2178437],[23.7293189,44.2178418],[23.7294833,44.2179526],[23.7296502,44.2180737],[23.7298915,44.2180052],[23.7299059,44.2179826],[23.7298228,44.2178833],[23.7296476,44.21783],[23.7295962,44.2178223],[23.729602,44.2177397],[23.7296706,44.2176849],[23.7297057,44.2176169],[23.729804,44.2175653],[23.7298329,44.2174902],[23.7299429,44.2173661],[23.7301196,44.2172588],[23.7302063,44.2171794],[23.730832,44.2176044],[23.7309415,44.21761],[23.7311867,44.2175031],[23.7314262,44.2173922],[23.7318116,44.2171976],[23.7323171,44.2169016],[23.7325876,44.2167649],[23.7326851,44.2167044],[23.7326879,44.2165737],[23.7326951,44.216515],[23.732578,44.2164755],[23.7325692,44.2163375],[23.7325693,44.2161262],[23.732554,44.2159305],[23.7325223,44.2158154],[23.7324747,44.2157117],[23.7323791,44.215585],[23.7325709,44.2156428],[23.7330507,44.2157357],[23.7339944,44.2158755],[23.7342663,44.2159219],[23.7350339,44.2160729],[23.7353698,44.216131],[23.7359133,44.2163045],[23.7361692,44.216351],[23.7365691,44.2163977],[23.7367292,44.2163634],[23.7370014,44.2163294],[23.7371775,44.2162951],[23.7373058,44.2162148],[23.7375301,44.2161346],[23.7378344,44.2160431],[23.7382348,44.2159516],[23.7385391,44.2158601],[23.7386513,44.2158142],[23.7388598,44.215665],[23.7390843,44.2155157],[23.7393408,44.2153781],[23.7395171,44.2152748],[23.7393583,44.2149177],[23.7392146,44.2148024],[23.7390228,44.214733],[23.7388631,44.2146407],[23.7391195,44.214503],[23.7393279,44.2143998],[23.7396166,44.2141931],[23.7397609,44.2141013],[23.7397546,44.2140642],[23.7397711,44.2139221],[23.7399935,44.2138138],[23.7402006,44.2135977],[23.740441,44.2134707],[23.7407282,44.2132175],[23.7409096,44.2129694],[23.7411913,44.2127637],[23.741577,44.212635],[23.7418146,44.2126345],[23.7423043,44.2123805],[23.7424473,44.2122776],[23.7427393,44.2122049],[23.743024,44.2120688],[23.7432315,44.2118306],[23.7435075,44.211688],[23.7439046,44.2116418],[23.744098,44.2116503],[23.7444863,44.211604],[23.7450949,44.2115475],[23.7457895,44.2115806],[23.7463349,44.2115993],[23.7469771,44.2116128],[23.747847,44.2116858],[23.7484765,44.2118827],[23.7491764,44.2120804],[23.749676,44.2121809],[23.7504699,44.2125126],[23.7512187,44.2128944],[23.7517685,44.2131158],[23.7521368,44.2135884],[23.752893,44.2140399],[23.7535294,44.2143255],[23.7537974,44.2145564],[23.7538304,44.214658],[23.7537647,44.2148472],[23.7539211,44.2149439],[23.7545087,44.2150454],[23.7551907,44.2152619],[23.755751,44.2154073],[23.7563642,44.2155471],[23.7570866,44.2155171],[23.7578383,44.2153544],[23.7584064,44.2151328],[23.7588986,44.2151699],[23.7599373,44.2151687],[23.7609747,44.2152308],[23.761721,44.2153213],[23.7621791,44.215301],[23.7625133,44.2153173],[23.762696,44.2154206],[23.7630834,44.2154122],[23.7633671,44.2153204],[23.7636234,44.2152726],[23.7639534,44.2150673],[23.7644741,44.2150034],[23.765196,44.2149986],[23.7657145,44.2150423],[23.7661628,44.2150726],[23.7666679,44.2149135],[23.7669448,44.2147203],[23.7669266,44.2143339],[23.7670934,44.2143547],[23.7672568,44.2145401],[23.7675536,44.2146573],[23.7680004,44.2147572],[23.7685727,44.2147508],[23.7689179,44.2146596],[23.7693414,44.2146136],[23.7697474,44.2145611],[23.7701353,44.2145336],[23.7707351,44.2144769],[23.7710351,44.2144422],[23.7713066,44.2145085],[23.7715184,44.2144791],[23.7717389,44.2144625],[23.7719939,44.2144717],[23.7721527,44.2144544],[23.7722509,44.2143922],[23.7719194,44.2142493],[23.7715622,44.2140744],[23.7712987,44.2140462],[23.7712387,44.2139696],[23.7713625,44.2139456],[23.7716703,44.2139553],[23.7718382,44.2139255],[23.7719886,44.2138892],[23.7721204,44.2139033],[23.7722069,44.2139738],[23.7723469,44.2140134],[23.772603,44.2139718],[23.7728609,44.213848],[23.7729153,44.2137727],[23.77302,44.2138181],[23.7731693,44.2138324],[23.7733395,44.213695],[23.7735457,44.2135137],[23.7736249,44.2135145],[23.7736835,44.2136608],[23.7738075,44.2136241],[23.7740826,44.2135195],[23.7742706,44.2133696],[23.7745199,44.2132331],[23.7749363,44.2131046],[23.7751301,44.2131004],[23.7751637,44.2131768],[23.7748342,44.2133568],[23.7747257,44.2134949],[23.7745362,44.2137144],[23.7744269,44.2138904],[23.7742824,44.2140598],[23.7744395,44.2141248],[23.7743501,44.2141935],[23.7739687,44.2143286],[23.7740372,44.214418],[23.7744845,44.2144988],[23.7748786,44.2145917],[23.775079,44.2146889],[23.7753266,44.2146346],[23.7755308,44.2145545],[23.7761371,44.2146054],[23.7769275,44.21469],[23.7778223,44.214839],[23.7789021,44.2149774],[23.7792164,44.215101],[23.7797502,44.2152525],[23.7799628,44.2151851],[23.7802455,44.2151375],[23.7806759,44.2151802],[23.7811945,44.2152175],[23.7813984,44.21515],[23.7816036,44.2150193],[23.7818422,44.2149713],[23.7822739,44.2149569],[23.7828102,44.2149881],[23.7828963,44.2150776],[23.7827952,44.2152854],[23.7828101,44.2154122],[23.7829481,44.2155467],[23.7832196,44.2156129],[23.783563,44.2156103],[23.7840813,44.2156602],[23.7846015,44.2156215],[23.7850504,44.21562],[23.7855257,44.2156252],[23.7859485,44.2156107],[23.7863468,44.2155074],[23.7866996,44.2154732],[23.787081,44.2153317],[23.7871933,44.2152423],[23.7872213,44.2150741],[23.7872766,44.215055],[23.7873958,44.2150047],[23.7874539,44.2148101],[23.7870977,44.2147761],[23.7871041,44.2146989],[23.7881424,44.2148015],[23.7883054,44.2148256],[23.7883247,44.214788],[23.7884515,44.2146185],[23.7884711,44.2145237],[23.7886997,44.2145325],[23.7889291,44.2145097],[23.7890038,44.2143016],[23.7891038,44.2141507],[23.7891348,44.2139295],[23.7891822,44.2137654],[23.7891338,44.2135559],[23.7888799,44.2134899],[23.7879682,44.2133092],[23.7859855,44.2129902],[23.7842214,44.2127433],[23.7798535,44.2119996],[23.7795696,44.2119297],[23.780096,44.2117099],[23.7804366,44.2115414],[23.7807997,44.2113961],[23.7809745,44.2112943],[23.7810672,44.2112162],[23.781091,44.2109878],[23.7810812,44.2106065],[23.7811363,44.2101059],[23.7811455,44.2095701],[23.7811417,44.2094424],[23.7811182,44.2093253],[23.7809659,44.2089352],[23.7810749,44.2089221],[23.7811484,44.2089236],[23.7812596,44.2089348],[23.7815943,44.2089943],[23.7824383,44.2091298],[23.7826524,44.2091709],[23.7829242,44.2092299],[23.7830007,44.2092415],[23.7831411,44.209271],[23.783807,44.209383],[23.7840205,44.2094249],[23.7841456,44.2094426],[23.7845225,44.2094747],[23.7847341,44.2095006],[23.7849288,44.2095155],[23.7853426,44.2095652],[23.7857435,44.2096051],[23.7857728,44.2095532],[23.7858918,44.2095742],[23.7859894,44.2095812],[23.7861937,44.2096064],[23.7862939,44.2096139],[23.7863987,44.2096265],[23.787307,44.2097062],[23.7875262,44.20972],[23.7877274,44.2097397],[23.788137,44.2097964],[23.7885682,44.209845],[23.7887049,44.2098651],[23.7891173,44.2099142],[23.7892783,44.2099366],[23.7902435,44.2100379],[23.7913347,44.2101731],[23.790988,44.2105121],[23.7911129,44.2105726],[23.7913021,44.2107008],[23.7922875,44.2107744],[23.7924898,44.2108151],[23.792787,44.2109021],[23.7930334,44.2110053],[23.7931712,44.2107086],[23.7934508,44.2107152],[23.7934812,44.2106264],[23.79305,44.2105815],[23.7931291,44.2103392],[23.7939595,44.210423],[23.7945327,44.2104921],[23.7961735,44.2106713],[23.7985949,44.2109108],[23.8007967,44.2111209],[23.807327,44.2116578],[23.8077918,44.2124714],[23.8077148,44.2125585],[23.8070782,44.2125793],[23.8072189,44.2127998],[23.8073148,44.2129608],[23.8074462,44.2131511],[23.8074989,44.2132431],[23.8073248,44.213635],[23.8065982,44.2153748],[23.8048548,44.2192724],[23.8053882,44.2194676],[23.8051763,44.2196696],[23.8051223,44.2197613],[23.8051189,44.2198256],[23.8051242,44.2198556],[23.8050865,44.2198961],[23.8050629,44.2199601],[23.8050502,44.2200859],[23.8050636,44.2201952],[23.8060258,44.2202917],[23.8082772,44.2205585],[23.8096748,44.2207244],[23.8138344,44.2212356],[23.8155377,44.2215011],[23.8169013,44.2205983],[23.8170809,44.2204895],[23.8171906,44.220411],[23.8174642,44.2205486],[23.819715,44.2214164],[23.8204431,44.2217014],[23.8215519,44.2221419],[23.8227032,44.2225858],[23.8245742,44.2232875],[23.8256018,44.2236266],[23.8249212,44.2250843],[23.8247562,44.2254903],[23.8246228,44.2258597],[23.8245677,44.2259687],[23.8245344,44.22606],[23.8244717,44.2261558],[23.8244334,44.2261975],[23.8244049,44.2262365],[23.8242752,44.2264654],[23.8237995,44.22682],[23.8236929,44.2269428],[23.8230171,44.2283066],[23.8229889,44.2295027],[23.8247667,44.2307048],[23.8257597,44.231337],[23.8273181,44.2321504],[23.8287857,44.2330475],[23.8316915,44.2346991],[23.8340561,44.2361135],[23.8344628,44.2363272],[23.835616,44.2367107],[23.8358095,44.2368276],[23.8359665,44.2369718],[23.8361553,44.237053],[23.8363302,44.237075],[23.8365334,44.2370861],[23.8366967,44.2371351],[23.8372241,44.2373572],[23.8380341,44.2375781],[23.8387899,44.2378403],[23.8391606,44.2380105],[23.8401364,44.2384124]]]}},{"type":"Feature","properties":{"entity_id":"osm-r9642713","jurisdiction":"RO","display_name":"BREASTA","display_type":"commune","admin_level":8,"tier":"local","legal_registry":"SIRUTA","legal_id":"71260","legal_type":"commune","parent_catalog_id":"osm-r2366970","osm_relation_id":9642713,"legal_identity_status":"reconciled","geometry_source":"OpenStreetMap","geometry_precision":"master_coordinate_fidelity"},"geometry":{"type":"Polygon","coordinates":[[[23.7079153,44.3273836],[23.7079884,44.3279719],[23.709259,44.3296931],[23.7114894,44.3312692],[23.7120301,44.3322071],[23.7123275,44.3342183],[23.7133143,44.3360359],[23.7137874,44.3378439],[23.7142876,44.3395842],[23.7148823,44.3417884],[23.7149769,44.3432482],[23.7140983,44.3466606],[23.7138685,44.3488259],[23.7145714,44.3512134],[23.7165585,44.3536588],[23.7171127,44.3552246],[23.7168559,44.3565971],[23.7161665,44.3577182],[23.7133413,44.3598058],[23.7111927,44.3618128],[23.709361,44.3637549],[23.7085566,44.3636209],[23.7085295,44.3634849],[23.7083538,44.3633441],[23.7082246,44.3632055],[23.7080684,44.3631394],[23.7077115,44.362969],[23.7072006,44.3627704],[23.7067535,44.3626861],[23.7064941,44.3625986],[23.7064158,44.3624816],[23.706378,44.3623963],[23.7063817,44.3622284],[23.7064052,44.3618204],[23.70637,44.3615537],[23.7058744,44.3616181],[23.7047897,44.3618833],[23.7042203,44.3620451],[23.7016559,44.3632796],[23.6992152,44.3644309],[23.6986063,44.3646592],[23.6979375,44.3649414],[23.6969943,44.3654232],[23.6951779,44.366374],[23.6955973,44.3670936],[23.6959091,44.3673495],[23.6960079,44.3673016],[23.697312,44.366844],[23.6975582,44.3672215],[23.6965322,44.3677398],[23.6963258,44.3678682],[23.6963355,44.3680021],[23.6963016,44.3681903],[23.6964058,44.3682706],[23.6961466,44.3682919],[23.6959123,44.3683379],[23.6950517,44.3685807],[23.6946206,44.3688196],[23.6947042,44.3689089],[23.6949261,44.3690459],[23.6952611,44.3691496],[23.6953854,44.3692202],[23.6954686,44.36933],[23.6914051,44.3713039],[23.6891445,44.3724388],[23.6888889,44.3725845],[23.6893667,44.3730694],[23.6891857,44.3732082],[23.6888331,44.3734349],[23.6886799,44.3735585],[23.6885923,44.3736047],[23.6883384,44.3736085],[23.6882006,44.3736739],[23.6880145,44.3737473],[23.6879984,44.3738026],[23.6879744,44.3738436],[23.6878649,44.3738825],[23.6876737,44.3738909],[23.6874356,44.3740051],[23.6873661,44.3740774],[23.6873067,44.3740994],[23.6871361,44.3741364],[23.6867113,44.3743003],[23.6865403,44.3743759],[23.6864241,44.3745489],[23.6862877,44.3745842],[23.6861893,44.3745964],[23.6856708,44.3748443],[23.6832429,44.3765039],[23.6831027,44.3766033],[23.6830545,44.3767017],[23.6829955,44.3767669],[23.6828028,44.3767709],[23.6827096,44.3768234],[23.6826905,44.3769056],[23.6827028,44.37725],[23.6827817,44.3777933],[23.6827012,44.3777924],[23.682604,44.3777367],[23.6821155,44.3771874],[23.6819435,44.3769873],[23.6818847,44.376886],[23.681885,44.3767707],[23.6819247,44.3767193],[23.6820285,44.3766328],[23.6821436,44.376553],[23.6822783,44.3764017],[23.6818792,44.3758423],[23.6814257,44.3753104],[23.6814766,44.3752124],[23.6815007,44.3751526],[23.6815092,44.3751152],[23.6815049,44.375087],[23.6814743,44.3750845],[23.6814297,44.3750372],[23.6813935,44.3750192],[23.6813574,44.3750155],[23.6812978,44.3750209],[23.6811999,44.3750505],[23.6811596,44.3750713],[23.6810556,44.3751332],[23.6808857,44.3752479],[23.6807702,44.3753504],[23.6804833,44.375655],[23.6803636,44.3757749],[23.6801205,44.3760023],[23.6798902,44.3761693],[23.6796013,44.3763862],[23.6794483,44.3765177],[23.6793018,44.3766623],[23.6791699,44.3768028],[23.6789993,44.3770064],[23.6789071,44.3771316],[23.6788266,44.3772759],[23.6786679,44.3775901],[23.6786053,44.3777428],[23.6785552,44.3778815],[23.6785196,44.3780465],[23.6784628,44.378215],[23.6784305,44.378333],[23.6784221,44.3785042],[23.6784088,44.3785529],[23.6783839,44.3785825],[23.6783563,44.3785969],[23.6783124,44.3785974],[23.6782678,44.3785928],[23.6782077,44.3785693],[23.6781142,44.3784873],[23.6780783,44.3784643],[23.6779429,44.3784408],[23.6778674,44.3784785],[23.6777586,44.3785241],[23.677661,44.3786204],[23.6774438,44.378756],[23.6769202,44.3791266],[23.6767471,44.3792498],[23.6766406,44.3791958],[23.6759992,44.379823],[23.6744902,44.3815728],[23.6700026,44.3803264],[23.669461,44.3802826],[23.6690612,44.3801207],[23.6675655,44.3799601],[23.6673683,44.379872],[23.6661199,44.3795715],[23.6660739,44.3796245],[23.6658453,44.3796004],[23.6657447,44.379642],[23.6656309,44.3798229],[23.6636115,44.3796918],[23.6628685,44.3795115],[23.6626048,44.3794977],[23.6612265,44.3796492],[23.6604546,44.3796401],[23.6599199,44.3797123],[23.6590724,44.3797415],[23.6588864,44.3798143],[23.6582126,44.3798706],[23.6577965,44.3799871],[23.6576274,44.3799744],[23.6568161,44.3797289],[23.656637,44.3797197],[23.656115,44.3798921],[23.65587,44.3799284],[23.6548157,44.3798551],[23.654559,44.37997],[23.6532956,44.3801049],[23.6526645,44.380251],[23.6520622,44.3802331],[23.6517,44.3801716],[23.6516193,44.3802135],[23.6516044,44.3804241],[23.6515182,44.3804909],[23.6507435,44.3806031],[23.6504418,44.380721],[23.6494439,44.3807912],[23.6492502,44.3809818],[23.6484812,44.3808475],[23.6448569,44.3805397],[23.6429596,44.3805133],[23.6413126,44.380647],[23.6390874,44.3805845],[23.6369638,44.3802266],[23.6338501,44.3798209],[23.6317856,44.3794922],[23.6309951,44.3794254],[23.6291189,44.3791577],[23.629603,44.3785414],[23.6300331,44.3781927],[23.633016,44.3748954],[23.635259,44.3735983],[23.6380373,44.3718682],[23.6394601,44.3712632],[23.6400837,44.3709285],[23.640101,44.3697396],[23.6400095,44.3691659],[23.6400134,44.3684843],[23.6388638,44.3684927],[23.6384418,44.3675489],[23.6392312,44.3674588],[23.6406942,44.3671683],[23.6414762,44.367075],[23.6430896,44.3669888],[23.6447535,44.3667862],[23.6459058,44.3665176],[23.6457961,44.366265],[23.6454065,44.3655754],[23.6426476,44.3603644],[23.6407581,44.3581735],[23.6410345,44.3578683],[23.6410058,44.3575283],[23.6396692,44.3566168],[23.640406,44.3563966],[23.6404231,44.3563455],[23.640282,44.3559185],[23.6397923,44.3550878],[23.6395057,44.3549245],[23.638677,44.3546434],[23.6383443,44.3544139],[23.637853,44.3541625],[23.6367049,44.3537576],[23.6355423,44.3534696],[23.6354214,44.3533654],[23.6344063,44.353062],[23.6336863,44.352725],[23.6334094,44.3524905],[23.6333763,44.3522075],[23.6334788,44.3510643],[23.6333815,44.3509747],[23.6304872,44.3495725],[23.6309272,44.3481194],[23.6311794,44.3468724],[23.6313966,44.3444092],[23.6313952,44.3441352],[23.6312399,44.3439735],[23.6312369,44.3437623],[23.6306745,44.3436641],[23.630533,44.3435939],[23.6305271,44.3435082],[23.6310447,44.3434802],[23.6313139,44.3435349],[23.6324328,44.3439823],[23.6310845,44.3411233],[23.6304096,44.3393913],[23.6294209,44.3391567],[23.6282235,44.3386683],[23.6264238,44.337756],[23.6220237,44.33583],[23.621401,44.3355941],[23.6198505,44.335244],[23.6193378,44.3350665],[23.6194323,44.3347709],[23.6195788,44.333631],[23.6201246,44.3330841],[23.6193589,44.3331774],[23.6186032,44.3331853],[23.6183579,44.3331366],[23.6183144,44.3329591],[23.617383,44.3329991],[23.6172007,44.3326372],[23.6158668,44.3325771],[23.6158745,44.3298925],[23.6129254,44.3301759],[23.6117627,44.3302472],[23.6052896,44.3309036],[23.6043424,44.3309375],[23.6043337,44.3286607],[23.6041119,44.3286754],[23.604094,44.3280876],[23.6035928,44.3280993],[23.6037424,44.3267258],[23.6034284,44.3234858],[23.6053454,44.3236331],[23.6054586,44.322102],[23.6038455,44.3218619],[23.603551,44.3217904],[23.6035313,44.3217482],[23.6043523,44.3215454],[23.6066353,44.3213328],[23.6068005,44.3212707],[23.6069465,44.3209162],[23.6071439,44.3207362],[23.609453,44.3208139],[23.6095348,44.3195519],[23.6091759,44.3130068],[23.6135161,44.3129679],[23.6145061,44.3129397],[23.6155399,44.3128481],[23.6170983,44.3128572],[23.6189138,44.3130052],[23.6189368,44.3134667],[23.6192096,44.3134717],[23.6193331,44.3134448],[23.6194668,44.3133413],[23.6208477,44.3132111],[23.621531,44.3131604],[23.622269,44.3132173],[23.6227366,44.3131415],[23.6235381,44.3131049],[23.6283746,44.3130944],[23.628372,44.3131364],[23.6292329,44.3131321],[23.6407574,44.3128912],[23.6407386,44.3135568],[23.6407881,44.3136319],[23.6416416,44.3140123],[23.6421571,44.31431],[23.6425842,44.3144578],[23.6432031,44.3145814],[23.6444037,44.3146546],[23.6448078,44.3147194],[23.6461777,44.3151855],[23.6481384,44.3159908],[23.6493372,44.3169607],[23.649521,44.3172664],[23.6498475,44.317559],[23.6500042,44.3179857],[23.6506155,44.3179343],[23.651662,44.3179759],[23.6516493,44.3183227],[23.6520687,44.3183927],[23.6523874,44.3182778],[23.6528317,44.3182734],[23.6533296,44.3184081],[23.65353,44.3186217],[23.6536056,44.3186099],[23.6536876,44.3184794],[23.654237,44.3184353],[23.6544927,44.3185134],[23.6546806,44.3186261],[23.6554626,44.3188102],[23.6563711,44.3188567],[23.6571378,44.3191291],[23.6571775,44.3193241],[23.6572467,44.3193673],[23.6575665,44.3193487],[23.6575949,44.3191401],[23.6578605,44.3192468],[23.6587509,44.3194294],[23.6601779,44.3194886],[23.6607757,44.3196758],[23.6617949,44.319685],[23.6627288,44.3196023],[23.664235,44.3193763],[23.6654705,44.3190992],[23.6653486,44.3178188],[23.6653721,44.3162252],[23.665578,44.3161488],[23.6669829,44.3159486],[23.6671298,44.3158715],[23.6669568,44.3149869],[23.6666814,44.3140274],[23.6665251,44.3127437],[23.6663904,44.3122622],[23.6663704,44.3114376],[23.6660669,44.3107865],[23.6673748,44.310697],[23.6684488,44.3105497],[23.6690271,44.312126],[23.6697613,44.3147678],[23.6708226,44.3179576],[23.6710672,44.3182559],[23.6776528,44.3171935],[23.6767363,44.3153845],[23.6766319,44.3150758],[23.6763958,44.3147027],[23.6760658,44.3145109],[23.6759819,44.3143863],[23.6770522,44.3142949],[23.6785673,44.3137058],[23.6779917,44.3132193],[23.6768043,44.312432],[23.6761528,44.3120817],[23.676019,44.3119659],[23.6760448,44.3118291],[23.679234,44.3133938],[23.6794398,44.3134241],[23.6802069,44.313298],[23.6816841,44.3133427],[23.6839779,44.3135075],[23.6852287,44.3134302],[23.6853563,44.3141191],[23.6854156,44.3150725],[23.6867453,44.3188095],[23.6869551,44.3190605],[23.6876534,44.319317],[23.6878986,44.319495],[23.6894133,44.3201473],[23.6900989,44.3203049],[23.6910243,44.3203317],[23.6917082,44.320421],[23.692774,44.320687],[23.6936944,44.3207749],[23.6939782,44.3208533],[23.6943258,44.3210228],[23.6946212,44.3208919],[23.6950197,44.32091],[23.6954759,44.3210092],[23.6964252,44.321391],[23.6966209,44.3215426],[23.6972118,44.3217371],[23.6981524,44.3221402],[23.6986713,44.3224485],[23.6989586,44.3225632],[23.6995169,44.3227049],[23.6998454,44.3225534],[23.7000045,44.322552],[23.7001535,44.3227063],[23.7001136,44.3230328],[23.7002469,44.3231224],[23.7006076,44.3232396],[23.7008191,44.3232201],[23.7010964,44.3229835],[23.7012351,44.3229489],[23.702105,44.3231013],[23.7029432,44.3233077],[23.7048291,44.323498],[23.7055221,44.3236615],[23.7053414,44.3242153],[23.7051064,44.3243518],[23.7049514,44.3247841],[23.7048792,44.3252451],[23.7047743,44.3252624],[23.7046137,44.3254216],[23.7042418,44.3255819],[23.7041536,44.3255485],[23.7041437,44.3252542],[23.7037719,44.3254661],[23.7028868,44.3256634],[23.7028393,44.3257054],[23.7028817,44.3257703],[23.7032822,44.3258866],[23.7033657,44.3259912],[23.7030789,44.3264646],[23.7028032,44.3265663],[23.701833,44.3266953],[23.7019331,44.3269033],[23.702098,44.3270042],[23.7026742,44.3268567],[23.7031739,44.3268307],[23.7030872,44.3269096],[23.7023326,44.3270672],[23.7023626,44.3271094],[23.7025774,44.3271112],[23.7026823,44.3272248],[23.7028042,44.3272706],[23.7030325,44.3272434],[23.7036361,44.3269897],[23.7038494,44.3269566],[23.7038215,44.3270443],[23.7032407,44.3272569],[23.7031439,44.327376],[23.703297,44.3274106],[23.7036993,44.3272653],[23.7042729,44.3273392],[23.7041583,44.3274397],[23.7038659,44.3275127],[23.7040047,44.3279907],[23.7041706,44.3280741],[23.7049813,44.3282784],[23.7055133,44.3282387],[23.7058153,44.3281282],[23.706272,44.3276347],[23.7064391,44.32752],[23.7071898,44.3274627],[23.7079153,44.3273836]]]}},{"type":"Feature","properties":{"entity_id":"osm-r9642714","jurisdiction":"RO","display_name":"BUCOVĂȚ","display_type":"commune","admin_level":8,"tier":"local","legal_registry":"SIRUTA","legal_id":"69964","legal_type":"commune","parent_catalog_id":"osm-r2366970","osm_relation_id":9642714,"legal_identity_status":"reconciled","geometry_source":"OpenStreetMap","geometry_precision":"master_coordinate_fidelity"},"geometry":{"type":"Polygon","coordinates":[[[23.7079153,44.3273836],[23.7071898,44.3274627],[23.7064391,44.32752],[23.706272,44.3276347],[23.7058153,44.3281282],[23.7055133,44.3282387],[23.7049813,44.3282784],[23.7041706,44.3280741],[23.7040047,44.3279907],[23.7038659,44.3275127],[23.7041583,44.3274397],[23.7042729,44.3273392],[23.7036993,44.3272653],[23.703297,44.3274106],[23.7031439,44.327376],[23.7032407,44.3272569],[23.7038215,44.3270443],[23.7038494,44.3269566],[23.7036361,44.3269897],[23.7030325,44.3272434],[23.7028042,44.3272706],[23.7026823,44.3272248],[23.7025774,44.3271112],[23.7023626,44.3271094],[23.7023326,44.3270672],[23.7030872,44.3269096],[23.7031739,44.3268307],[23.7026742,44.3268567],[23.702098,44.3270042],[23.7019331,44.3269033],[23.701833,44.3266953],[23.7028032,44.3265663],[23.7030789,44.3264646],[23.7033657,44.3259912],[23.7032822,44.3258866],[23.7028817,44.3257703],[23.7028393,44.3257054],[23.7028868,44.3256634],[23.7037719,44.3254661],[23.7041437,44.3252542],[23.7041536,44.3255485],[23.7042418,44.3255819],[23.7046137,44.3254216],[23.7047743,44.3252624],[23.7048792,44.3252451],[23.7049514,44.3247841],[23.7051064,44.3243518],[23.7053414,44.3242153],[23.7055221,44.3236615],[23.7048291,44.323498],[23.7029432,44.3233077],[23.702105,44.3231013],[23.7012351,44.3229489],[23.7010964,44.3229835],[23.7008191,44.3232201],[23.7006076,44.3232396],[23.7002469,44.3231224],[23.7001136,44.3230328],[23.7001535,44.3227063],[23.7000045,44.322552],[23.6998454,44.3225534],[23.6995169,44.3227049],[23.6989586,44.3225632],[23.6986713,44.3224485],[23.6981524,44.3221402],[23.6972118,44.3217371],[23.6966209,44.3215426],[23.6964252,44.321391],[23.6954759,44.3210092],[23.6950197,44.32091],[23.6946212,44.3208919],[23.6943258,44.3210228],[23.6939782,44.3208533],[23.6936944,44.3207749],[23.692774,44.320687],[23.6917082,44.320421],[23.6910243,44.3203317],[23.6900989,44.3203049],[23.6894133,44.3201473],[23.6878986,44.319495],[23.6876534,44.319317],[23.6869551,44.3190605],[23.6867453,44.3188095],[23.6854156,44.3150725],[23.6853563,44.3141191],[23.6852287,44.3134302],[23.6839779,44.3135075],[23.6816841,44.3133427],[23.6802069,44.313298],[23.6794398,44.3134241],[23.679234,44.3133938],[23.6760448,44.3118291],[23.676019,44.3119659],[23.6761528,44.3120817],[23.6768043,44.312432],[23.6779917,44.3132193],[23.6785673,44.3137058],[23.6770522,44.3142949],[23.6759819,44.3143863],[23.6760658,44.3145109],[23.6763958,44.3147027],[23.6766319,44.3150758],[23.6767363,44.3153845],[23.6776528,44.3171935],[23.6710672,44.3182559],[23.6708226,44.3179576],[23.6697613,44.3147678],[23.6690271,44.312126],[23.6684488,44.3105497],[23.6673748,44.310697],[23.6660669,44.3107865],[23.6663704,44.3114376],[23.6663904,44.3122622],[23.6665251,44.3127437],[23.6666814,44.3140274],[23.6669568,44.3149869],[23.6671298,44.3158715],[23.6669829,44.3159486],[23.665578,44.3161488],[23.6653721,44.3162252],[23.6653486,44.3178188],[23.6654705,44.3190992],[23.664235,44.3193763],[23.6627288,44.3196023],[23.6617949,44.319685],[23.6607757,44.3196758],[23.6601779,44.3194886],[23.6587509,44.3194294],[23.6578605,44.3192468],[23.6575949,44.3191401],[23.6575665,44.3193487],[23.6572467,44.3193673],[23.6571775,44.3193241],[23.6571378,44.3191291],[23.6563711,44.3188567],[23.6554626,44.3188102],[23.6546806,44.3186261],[23.6544927,44.3185134],[23.654237,44.3184353],[23.6536876,44.3184794],[23.6536056,44.3186099],[23.65353,44.3186217],[23.6533296,44.3184081],[23.6528317,44.3182734],[23.6523874,44.3182778],[23.6520687,44.3183927],[23.6516493,44.3183227],[23.651662,44.3179759],[23.6506155,44.3179343],[23.6500042,44.3179857],[23.6498475,44.317559],[23.649521,44.3172664],[23.6493372,44.3169607],[23.6481384,44.3159908],[23.6461777,44.3151855],[23.6448078,44.3147194],[23.6444037,44.3146546],[23.6432031,44.3145814],[23.6425842,44.3144578],[23.6421571,44.31431],[23.6416416,44.3140123],[23.6407881,44.3136319],[23.6407386,44.3135568],[23.6407574,44.3128912],[23.6292329,44.3131321],[23.628372,44.3131364],[23.6283746,44.3130944],[23.6235381,44.3131049],[23.6227366,44.3131415],[23.622269,44.3132173],[23.621531,44.3131604],[23.6208477,44.3132111],[23.6194668,44.3133413],[23.6193331,44.3134448],[23.6192096,44.3134717],[23.6189368,44.3134667],[23.6189138,44.3130052],[23.6170983,44.3128572],[23.6155399,44.3128481],[23.6145061,44.3129397],[23.6135161,44.3129679],[23.6091759,44.3130068],[23.6095348,44.3195519],[23.609453,44.3208139],[23.6071439,44.3207362],[23.6069465,44.3209162],[23.6068005,44.3212707],[23.6066353,44.3213328],[23.6043523,44.3215454],[23.6035313,44.3217482],[23.603551,44.3217904],[23.6038455,44.3218619],[23.6054586,44.322102],[23.6053454,44.3236331],[23.6034284,44.3234858],[23.5981081,44.3233685],[23.588876,44.3230592],[23.5881151,44.3229583],[23.588018,44.3229023],[23.5880792,44.3224579],[23.588292,44.316116],[23.5884827,44.315258],[23.5885894,44.3136735],[23.5884714,44.3135024],[23.5881506,44.3132742],[23.5881461,44.3128256],[23.5880785,44.3125963],[23.5875469,44.3119047],[23.5872207,44.3077786],[23.5870411,44.3034354],[23.5870793,44.301875],[23.5866754,44.3007833],[23.5864825,44.299934],[23.5861781,44.2996442],[23.5859207,44.2993029],[23.5859977,44.298926],[23.5851474,44.2958274],[23.5850136,44.2951428],[23.5849835,44.2945616],[23.5850713,44.2929707],[23.586109,44.2885698],[23.58695,44.2884917],[23.5872323,44.2885694],[23.5878118,44.2886416],[23.5886114,44.288698],[23.5902283,44.2891448],[23.5913759,44.2892349],[23.5926108,44.2889323],[23.5942602,44.2883097],[23.5949785,44.2881127],[23.595988,44.2880408],[23.5975339,44.2881102],[23.5984627,44.2879945],[23.5986392,44.288025],[23.5990604,44.2879878],[23.5994502,44.2878553],[23.599814,44.2876638],[23.6002914,44.2875322],[23.6007515,44.2875208],[23.6015865,44.28782],[23.6018523,44.2878473],[23.6021542,44.2878442],[23.6028887,44.2876745],[23.6033387,44.2876852],[23.6034934,44.2876199],[23.6037889,44.287581],[23.6039933,44.28749],[23.6043143,44.2872216],[23.6044542,44.2869545],[23.6046144,44.2868149],[23.6051926,44.2866904],[23.6057826,44.2864085],[23.6060415,44.2863627],[23.6063446,44.2862167],[23.6064202,44.2860557],[23.6064386,44.2857736],[23.6067247,44.2855438],[23.6067969,44.2854177],[23.6066805,44.2851111],[23.6064084,44.2847187],[23.6062634,44.2845866],[23.6059354,44.284498],[23.6071333,44.2844449],[23.6084876,44.2843206],[23.6110005,44.2842291],[23.6110285,44.2841434],[23.6112311,44.2841059],[23.6112919,44.2842608],[23.6121076,44.2842158],[23.6130402,44.2842438],[23.6138244,44.2841783],[23.6140354,44.2841252],[23.6141605,44.2840586],[23.6141692,44.2839983],[23.6144054,44.2839789],[23.6158145,44.2839272],[23.6218391,44.2835078],[23.6227744,44.2834952],[23.6310697,44.2829379],[23.6340117,44.2828533],[23.6383547,44.2825427],[23.6463088,44.2821086],[23.6471316,44.282023],[23.6517839,44.2817384],[23.6529063,44.2816282],[23.6547247,44.2816041],[23.6577263,44.2814293],[23.6598726,44.2812921],[23.660096,44.2811982],[23.6592144,44.2806006],[23.6558281,44.2784864],[23.6536174,44.2769882],[23.6502561,44.2739738],[23.6482431,44.2722853],[23.6462043,44.2703764],[23.6463832,44.2703337],[23.6470315,44.2703415],[23.6486187,44.2704319],[23.6492415,44.2703797],[23.6500552,44.2702351],[23.6510305,44.2700617],[23.6552979,44.2689587],[23.6556391,44.2688955],[23.6564951,44.2688691],[23.6568696,44.2659663],[23.6565926,44.2658723],[23.6572903,44.2652107],[23.6576769,44.2645422],[23.658073,44.2632462],[23.6581624,44.262475],[23.657905,44.261445],[23.6575512,44.2609825],[23.6571341,44.2606969],[23.6566931,44.260237],[23.6549165,44.256234],[23.6549475,44.2528742],[23.6556948,44.2508671],[23.6563576,44.2497118],[23.6563479,44.2489424],[23.6573386,44.2476129],[23.6575912,44.246176],[23.6577676,44.2456652],[23.6582469,44.2450989],[23.66271,44.2418382],[23.6688023,44.238064],[23.6712901,44.2360025],[23.6712484,44.2355086],[23.671372,44.2355738],[23.6715055,44.2357053],[23.6715603,44.2359313],[23.6715882,44.2366986],[23.6714756,44.238554],[23.671363,44.2392131],[23.6712845,44.23935],[23.6715883,44.2394556],[23.6745617,44.239011],[23.6754151,44.238734],[23.6769748,44.2384015],[23.6802216,44.2381206],[23.6833446,44.2380594],[23.6844595,44.2379214],[23.6856002,44.237705],[23.6859812,44.2376799],[23.6860898,44.2377245],[23.6867809,44.2377392],[23.6873718,44.237589],[23.6875172,44.2375873],[23.688202,44.2378435],[23.6892129,44.2380538],[23.6894102,44.2381593],[23.6896332,44.2384887],[23.689785,44.2389617],[23.6901609,44.2392747],[23.6905311,44.2399029],[23.6908697,44.240217],[23.6911797,44.240691],[23.6913725,44.2411549],[23.6915593,44.2413764],[23.6922184,44.241485],[23.6925615,44.2416167],[23.6932003,44.2417731],[23.6952608,44.242146],[23.6968536,44.2422529],[23.6978088,44.2423835],[23.699569,44.2425104],[23.7006253,44.2426542],[23.7022176,44.2427425],[23.7028967,44.2428379],[23.7032689,44.2431819],[23.7034646,44.2437042],[23.7034975,44.2441751],[23.7034004,44.2446954],[23.7034287,44.2448947],[23.7035487,44.2449483],[23.7044465,44.244977],[23.704907,44.2451377],[23.7052296,44.2453536],[23.7064839,44.2468151],[23.7066757,44.2472035],[23.7077314,44.2485313],[23.7095397,44.2509951],[23.7104994,44.2519706],[23.7122603,44.253607],[23.7132146,44.2546905],[23.7138676,44.2552353],[23.7145274,44.255892],[23.7156684,44.2554654],[23.7177237,44.2546048],[23.7177407,44.2545591],[23.7209951,44.2540833],[23.7211706,44.2540253],[23.7215036,44.2537844],[23.7216885,44.2535797],[23.72165,44.2532658],[23.7213508,44.2530318],[23.7207925,44.2528031],[23.7206743,44.2526846],[23.7216699,44.2527764],[23.7224444,44.2527637],[23.7230397,44.2521268],[23.7240546,44.2511991],[23.7241919,44.2509925],[23.7241972,44.2508051],[23.7241481,44.2507575],[23.7235605,44.2506104],[23.7231845,44.2504247],[23.7224273,44.2504107],[23.7220426,44.2504508],[23.7220649,44.2503649],[23.7226122,44.2500928],[23.7238135,44.2497407],[23.7245127,44.2497898],[23.7251365,44.2496729],[23.7260473,44.2496575],[23.726512,44.249571],[23.7267537,44.2494383],[23.7268498,44.2492128],[23.7271291,44.2488842],[23.7269859,44.2482599],[23.72772,44.2482534],[23.7278154,44.2482039],[23.7277559,44.2474421],[23.7265376,44.246783],[23.7252734,44.2470958],[23.7249131,44.2469048],[23.7236116,44.2469888],[23.7229888,44.2472295],[23.7222141,44.2474336],[23.7211741,44.24756],[23.7212121,44.2474481],[23.7219861,44.2471738],[23.7226654,44.2468153],[23.7234061,44.2465212],[23.723283,44.2463927],[23.7233902,44.2461636],[23.7241146,44.2461508],[23.7245028,44.2460311],[23.7247206,44.2457854],[23.7248372,44.2457235],[23.7252532,44.2457906],[23.7252768,44.2456766],[23.7251244,44.2451696],[23.7249054,44.2446257],[23.7247375,44.2444132],[23.7241278,44.2440202],[23.7234309,44.2437381],[23.7230271,44.2434936],[23.722876,44.2432226],[23.7213228,44.2426269],[23.7199012,44.2424791],[23.7188282,44.2424626],[23.7187806,44.2424129],[23.7186166,44.2423934],[23.719139,44.2422096],[23.719249,44.2419403],[23.7191224,44.2415133],[23.7194445,44.241484],[23.7196636,44.2415163],[23.7202715,44.2418639],[23.721221,44.241908],[23.7215298,44.2419783],[23.7218871,44.2422846],[23.7228747,44.2425829],[23.7241808,44.242574],[23.7247274,44.2426441],[23.7250585,44.242446],[23.7266479,44.2428146],[23.7287631,44.2434244],[23.7293075,44.2434659],[23.7308973,44.2440324],[23.7321024,44.2443047],[23.7332779,44.2446966],[23.7341601,44.2451411],[23.7350325,44.2454659],[23.7360638,44.2460592],[23.7374494,44.2467315],[23.7397289,44.24731],[23.7405142,44.2474164],[23.7423336,44.2477729],[23.7465605,44.2479125],[23.7471282,44.2479819],[23.7480485,44.2482227],[23.7490207,44.2482908],[23.7483459,44.2502904],[23.7480136,44.2518402],[23.7480958,44.2524356],[23.7479703,44.252745],[23.7476022,44.2532748],[23.7475057,44.2536379],[23.747517,44.2538862],[23.7472925,44.2540283],[23.7472849,44.2539646],[23.7454062,44.2539029],[23.7452196,44.2551256],[23.7456925,44.2551526],[23.7469948,44.2554137],[23.7492105,44.2557189],[23.74959,44.2558491],[23.7495515,44.2572683],[23.7521434,44.2574917],[23.7559596,44.2574596],[23.7550472,44.2584055],[23.7564238,44.2592164],[23.7563128,44.2595644],[23.7561589,44.2596829],[23.7555633,44.2598715],[23.7552655,44.2605252],[23.7559046,44.2612651],[23.7565768,44.2616612],[23.758134,44.2618592],[23.7582109,44.2620997],[23.7590116,44.2621133],[23.7604836,44.2620191],[23.7625683,44.2621509],[23.7632012,44.2622667],[23.7635049,44.2631659],[23.7635118,44.2633508],[23.7634259,44.2635194],[23.7634506,44.2644651],[23.7627986,44.2643692],[23.760132,44.2644847],[23.7601388,44.2656665],[23.7612773,44.2657049],[23.7624764,44.2658517],[23.7631612,44.2658916],[23.7638702,44.2658888],[23.7656906,44.2657518],[23.7658835,44.2676387],[23.7661248,44.2676305],[23.7673522,44.2673695],[23.7677965,44.2673142],[23.7681193,44.2672977],[23.7685121,44.2673392],[23.7688859,44.2674749],[23.7720485,44.2694382],[23.7706245,44.27071],[23.7676847,44.2737381],[23.7654706,44.2766101],[23.7628973,44.2776597],[23.7617781,44.2797134],[23.7607953,44.2818099],[23.7595337,44.2830168],[23.7588479,44.2834946],[23.7545021,44.2870643],[23.752542,44.2884673],[23.7508794,44.2892318],[23.7500278,44.2899768],[23.7496223,44.2909251],[23.7494736,44.2917862],[23.7490005,44.2941083],[23.7485949,44.2958402],[23.7484733,44.2961014],[23.7479731,44.297572],[23.7480137,44.299149],[23.747892,44.300068],[23.7476487,44.3010742],[23.7469728,44.3020706],[23.7456076,44.3031444],[23.7426202,44.3049727],[23.7397951,44.3076039],[23.7374836,44.3102929],[23.7320495,44.3154386],[23.726994,44.3175083],[23.722371,44.3189493],[23.7188835,44.3195586],[23.7151662,44.3201873],[23.7109893,44.3219087],[23.7101512,44.322779],[23.7084886,44.3250032],[23.7079153,44.3273836]]]}},{"type":"Feature","properties":{"entity_id":"osm-r9642715","jurisdiction":"RO","display_name":"MISCHII","display_type":"commune","admin_level":8,"tier":"local","legal_registry":"SIRUTA","legal_id":"73246","legal_type":"commune","parent_catalog_id":"osm-r2366970","osm_relation_id":9642715,"legal_identity_status":"reconciled","geometry_source":"OpenStreetMap","geometry_precision":"master_coordinate_fidelity"},"geometry":{"type":"Polygon","coordinates":[[[23.8688215,44.3604027],[23.8728877,44.3633745],[23.8734133,44.3637345],[23.873826,44.3640456],[23.874477,44.3644078],[23.8750215,44.3647448],[23.8755076,44.3650162],[23.8759906,44.3652474],[23.8767113,44.365576],[23.8774093,44.3659245],[23.8812438,44.3677598],[23.8826781,44.368775],[23.8855595,44.3706978],[23.8868827,44.3717454],[23.887845,44.3728438],[23.8884661,44.3734714],[23.8888555,44.3737672],[23.8894374,44.3741812],[23.8887175,44.3723405],[23.895559,44.3764124],[23.8956085,44.3765262],[23.8956015,44.3768946],[23.8954854,44.3769679],[23.8954072,44.3770534],[23.896809,44.3778291],[23.8973972,44.3781606],[23.8977813,44.3784185],[23.8981704,44.378761],[23.8992204,44.379724],[23.9003584,44.3808626],[23.9013204,44.3819218],[23.9017419,44.3823255],[23.9028972,44.3835059],[23.9031526,44.383911],[23.9034194,44.3841332],[23.9041081,44.3847606],[23.9065718,44.3871991],[23.9072604,44.3879932],[23.9080409,44.3888233],[23.9088691,44.3895593],[23.9082467,44.3906067],[23.9048823,44.394906],[23.9040754,44.3960556],[23.8974592,44.4037863],[23.8932724,44.409307],[23.8921836,44.4106988],[23.8904897,44.4127917],[23.8840253,44.4211661],[23.8821317,44.4236189],[23.884029,44.4258869],[23.8840804,44.4277716],[23.883805,44.428522],[23.8822783,44.4307869],[23.8822417,44.4333435],[23.8843353,44.436779],[23.8848996,44.4369687],[23.8853816,44.43697],[23.8854941,44.4371079],[23.8876355,44.4397322],[23.8883006,44.4401382],[23.8884616,44.4402963],[23.8887182,44.4405483],[23.8899851,44.4418617],[23.8900608,44.4419395],[23.891284,44.4431975],[23.891486,44.4434053],[23.8923454,44.4444354],[23.893311,44.4451477],[23.89418,44.4455613],[23.8944995,44.4472952],[23.894974,44.4485485],[23.8951993,44.4484719],[23.8952261,44.4487514],[23.8954943,44.4489123],[23.8958861,44.4493201],[23.8961166,44.4498773],[23.8967011,44.4527523],[23.8969427,44.4528106],[23.8970311,44.4539271],[23.8976562,44.4575357],[23.8969488,44.4576829],[23.8962239,44.4577884],[23.8953955,44.4578927],[23.8946575,44.4578114],[23.893953,44.4580384],[23.8930111,44.4581136],[23.8922116,44.4580296],[23.891235,44.4580258],[23.8905904,44.4580647],[23.889649,44.4584029],[23.8895559,44.4587303],[23.8890141,44.4596684],[23.8887137,44.4600168],[23.8883928,44.4602593],[23.8876247,44.4608324],[23.8868844,44.461089],[23.8858974,44.4613109],[23.8908166,44.4644328],[23.8914107,44.4654618],[23.89095,44.4666808],[23.8926601,44.466988],[23.9017868,44.4664986],[23.9029455,44.4668202],[23.9032191,44.4666211],[23.9056706,44.4675706],[23.9089268,44.4688205],[23.9082804,44.4693411],[23.9081007,44.4692512],[23.9077923,44.4691535],[23.9077172,44.4692684],[23.9073336,44.4692818],[23.9070466,44.4700053],[23.9061964,44.4697297],[23.9061052,44.4697909],[23.9048177,44.4697335],[23.9042759,44.4701584],[23.9050162,44.4712533],[23.9042437,44.4714753],[23.9043724,44.4718964],[23.900789,44.4732132],[23.9011752,44.473619],[23.9013216,44.4743473],[23.901799,44.4748192],[23.9009353,44.4752916],[23.8998851,44.4740075],[23.8985833,44.474697],[23.8985808,44.4748621],[23.8974631,44.4760535],[23.8965726,44.4767501],[23.8937487,44.4782885],[23.891408,44.4789158],[23.8907706,44.4791304],[23.8898989,44.4793798],[23.8892233,44.4795596],[23.8883328,44.4790084],[23.8882095,44.4790821],[23.8882698,44.4791433],[23.8881075,44.4792687],[23.887378,44.4794294],[23.8868348,44.479927],[23.8863406,44.4796967],[23.8859671,44.4798591],[23.8856873,44.4800619],[23.8852489,44.4797765],[23.8842264,44.4801892],[23.883073,44.4805872],[23.8843216,44.4814503],[23.8840677,44.4816002],[23.8823101,44.4804562],[23.881174,44.4797294],[23.8802109,44.4791528],[23.879738,44.4789051],[23.8730866,44.475765],[23.8717357,44.475099],[23.8716429,44.475026],[23.8709767,44.4747044],[23.8702173,44.4743277],[23.869625,44.4740833],[23.868792,44.4736159],[23.8685695,44.4734247],[23.8684233,44.4731892],[23.8683452,44.4730039],[23.8680464,44.4728569],[23.8678471,44.4727649],[23.8675998,44.4725554],[23.8674027,44.4723509],[23.8670778,44.4722576],[23.8668171,44.4720885],[23.8665582,44.4718339],[23.8663985,44.4716433],[23.8661967,44.4713622],[23.8659394,44.4710221],[23.8654095,44.4704858],[23.8643819,44.4693729],[23.8638271,44.4688227],[23.8635828,44.4687843],[23.8579859,44.4680257],[23.8542566,44.4675288],[23.8534354,44.4674304],[23.8529713,44.4673807],[23.8527084,44.4673285],[23.8524952,44.4673083],[23.8523836,44.4672307],[23.8522331,44.4672157],[23.85197,44.4671725],[23.8516324,44.4670835],[23.8511192,44.4669793],[23.8507427,44.466953],[23.8505991,44.4669065],[23.8503861,44.4668728],[23.8500787,44.4668472],[23.8497584,44.4668349],[23.8493382,44.4669106],[23.8491079,44.4670606],[23.8495422,44.4655795],[23.8499211,44.4643366],[23.8501812,44.4638777],[23.8504446,44.4634999],[23.8507417,44.4631577],[23.8521257,44.4591449],[23.8529104,44.4569894],[23.854451,44.4525033],[23.8547314,44.4516867],[23.8556719,44.449401],[23.8506452,44.4484952],[23.8505627,44.4484856],[23.8505895,44.44842],[23.8508874,44.4474308],[23.8511658,44.4465328],[23.8512185,44.4461786],[23.8512591,44.4454463],[23.8513455,44.4433982],[23.8507531,44.4433735],[23.8502198,44.443326],[23.849692,44.4433347],[23.8490158,44.4432671],[23.8482248,44.443077],[23.8464244,44.4425405],[23.8454325,44.4422969],[23.8447302,44.4422337],[23.8443131,44.4422388],[23.8437877,44.442126],[23.8426084,44.4418059],[23.8417792,44.4415733],[23.8413289,44.4412886],[23.8407329,44.4407971],[23.8398773,44.4405829],[23.8391489,44.4405241],[23.838308,44.4405481],[23.8377979,44.4406455],[23.8370267,44.4407729],[23.8365579,44.4407587],[23.8361636,44.4406053],[23.8359598,44.4403745],[23.8357621,44.4401624],[23.8355034,44.440071],[23.8347418,44.4397178],[23.8340712,44.4393748],[23.8336094,44.4390199],[23.8334004,44.4390458],[23.8325285,44.4386727],[23.8315477,44.4382098],[23.8312131,44.4380056],[23.8310014,44.4378447],[23.83064,44.4376776],[23.8304968,44.4374025],[23.830433,44.4371827],[23.830179,44.4370782],[23.8295229,44.4369937],[23.8292697,44.4369703],[23.8281799,44.4366705],[23.8267027,44.436245],[23.8263955,44.4361107],[23.8265769,44.4359429],[23.8266324,44.4358824],[23.8267143,44.4357614],[23.8268431,44.4355493],[23.8269819,44.4353439],[23.8271381,44.4351405],[23.8272801,44.4349411],[23.8273935,44.4347474],[23.8274976,44.4345566],[23.8275852,44.4343621],[23.8276424,44.4342585],[23.8277434,44.4340997],[23.8276939,44.434065],[23.827616,44.4339904],[23.8275784,44.4339424],[23.8275508,44.4338741],[23.8275591,44.433624],[23.8275935,44.4334095],[23.8277619,44.4328833],[23.8277687,44.4328111],[23.8278304,44.4326231],[23.8279554,44.4321241],[23.8280418,44.4318833],[23.8281379,44.4316426],[23.8282117,44.4313894],[23.8283664,44.4300564],[23.8284373,44.429372],[23.8284878,44.4290419],[23.8285133,44.4287142],[23.8285741,44.4280589],[23.8286058,44.4277304],[23.8286267,44.4275691],[23.8286933,44.427433],[23.8288155,44.4272754],[23.8288794,44.4271491],[23.8289632,44.4268445],[23.8290504,44.4262487],[23.8292525,44.4256703],[23.8293358,44.4253908],[23.8294771,44.4250372],[23.8295419,44.4250036],[23.8297139,44.42487],[23.8298678,44.4246709],[23.8300233,44.4243878],[23.8301997,44.4237175],[23.8304276,44.4230758],[23.83074,44.4221222],[23.8309703,44.4216812],[23.8306157,44.4192551],[23.8304762,44.4187449],[23.8310067,44.4185964],[23.8312695,44.4184825],[23.831536,44.4181819],[23.8317281,44.4173811],[23.8320152,44.4167073],[23.832185,44.4160369],[23.8323548,44.4150492],[23.8325113,44.4143927],[23.832651,44.4139227],[23.8330059,44.4127969],[23.8331577,44.412047],[23.8332436,44.4116652],[23.8334062,44.4110274],[23.8337442,44.4097707],[23.8339563,44.4089375],[23.8340435,44.4084903],[23.8341629,44.4080575],[23.83421,44.4076612],[23.8340571,44.4074916],[23.8340648,44.4071089],[23.8339624,44.4063798],[23.8338984,44.405679],[23.8338585,44.4050718],[23.8338405,44.4040261],[23.833947,44.4006761],[23.833984,44.4001304],[23.8339031,44.3999428],[23.833886,44.399826],[23.8339194,44.3997797],[23.8339848,44.3997663],[23.8346889,44.3997176],[23.8351071,44.3996379],[23.8356292,44.3995733],[23.8359036,44.3995248],[23.8361338,44.3994059],[23.8360954,44.3993728],[23.8359732,44.3992968],[23.835897,44.3992027],[23.8358469,44.3991042],[23.8356112,44.3988497],[23.8353995,44.3986935],[23.8352525,44.3985566],[23.8351554,44.3982056],[23.8350825,44.3980598],[23.8351002,44.3967119],[23.8345315,44.3957185],[23.8347836,44.3956533],[23.8351908,44.3954755],[23.8353805,44.3954261],[23.8355645,44.3953394],[23.8358867,44.3951793],[23.836392,44.3949792],[23.8368582,44.394774],[23.8372969,44.3946478],[23.8375375,44.3945331],[23.8371705,44.3941432],[23.8349356,44.3918772],[23.8315469,44.3883781],[23.8296002,44.3861872],[23.8292409,44.3857435],[23.829094,44.3854815],[23.8433683,44.3754997],[23.8449771,44.3744428],[23.8474283,44.3728997],[23.848088,44.3724491],[23.8479081,44.3723352],[23.8477545,44.372203],[23.8475108,44.3720231],[23.8470611,44.3717361],[23.8459349,44.3709451],[23.8455975,44.3707363],[23.8455063,44.3706657],[23.8492875,44.3680794],[23.8499001,44.3681877],[23.8499373,44.3682814],[23.8500453,44.3684132],[23.8502408,44.3687233],[23.8504451,44.3689214],[23.8505598,44.3690439],[23.8510216,44.3697067],[23.8511935,44.3698952],[23.8513028,44.3699616],[23.8514167,44.3701261],[23.8515732,44.3704358],[23.8520488,44.3710614],[23.852341,44.3714191],[23.852589,44.371711],[23.8688215,44.3604027]]]}},{"type":"Feature","properties":{"entity_id":"osm-r9642794","jurisdiction":"RO","display_name":"COȘOVENI","display_type":"commune","admin_level":8,"tier":"local","legal_registry":"SIRUTA","legal_id":"71885","legal_type":"commune","parent_catalog_id":"osm-r2366970","osm_relation_id":9642794,"legal_identity_status":"reconciled","geometry_source":"OpenStreetMap","geometry_precision":"master_coordinate_fidelity"},"geometry":{"type":"Polygon","coordinates":[[[23.8836225,44.2504217],[23.8839646,44.2499381],[23.8842353,44.2495672],[23.8843392,44.2493707],[23.8844148,44.2491616],[23.8844565,44.2490685],[23.8846684,44.2487661],[23.8850882,44.2482258],[23.8853363,44.2478902],[23.885547,44.2476627],[23.8859235,44.2472218],[23.8863834,44.2465742],[23.8871432,44.245574],[23.8876327,44.2448455],[23.8922544,44.2385919],[23.8925933,44.2386741],[23.892948,44.2387703],[23.8937158,44.2389404],[23.8939183,44.2389953],[23.8955021,44.2370557],[23.89625,44.2361706],[23.8965721,44.2356019],[23.8968834,44.235145],[23.8978647,44.2339511],[23.8987464,44.2329394],[23.899512,44.2320928],[23.9007916,44.2306967],[23.9055712,44.2247014],[23.9063147,44.2234323],[23.9064905,44.2235314],[23.9073225,44.2243848],[23.9080722,44.2245836],[23.9093556,44.2248051],[23.910826,44.2248894],[23.9115231,44.2247137],[23.9122181,44.2245994],[23.9160897,44.2244171],[23.9163238,44.2243831],[23.9172088,44.2240861],[23.9183112,44.2238416],[23.9202626,44.2237363],[23.9216088,44.2237707],[23.9220058,44.2236694],[23.9225044,44.2234492],[23.9226249,44.223772],[23.9227056,44.2238712],[23.9229182,44.2239713],[23.9239149,44.2240312],[23.9240847,44.2241175],[23.9242188,44.2244062],[23.9243327,44.2251824],[23.9245064,44.2254761],[23.9251626,44.2258509],[23.9256776,44.2260324],[23.926487,44.2256384],[23.9267895,44.2253657],[23.927056,44.225207],[23.9282095,44.2248013],[23.9286246,44.2243947],[23.9285726,44.2239051],[23.9286455,44.2237675],[23.9324288,44.2233542],[23.9360342,44.2233803],[23.9391528,44.2244472],[23.9392226,44.2246577],[23.9393061,44.2257038],[23.9392423,44.2258698],[23.9388986,44.2259759],[23.9385546,44.2262549],[23.9384966,44.2263885],[23.9385353,44.2266501],[23.9384708,44.2267416],[23.9374927,44.227416],[23.9368148,44.2284517],[23.936616,44.2285413],[23.9363213,44.2288356],[23.9361013,44.229228],[23.9358661,44.2298296],[23.9357251,44.2305983],[23.9357634,44.2306955],[23.9376123,44.2297997],[23.9381126,44.2302289],[23.949874,44.2242506],[23.9542634,44.2219774],[23.9651581,44.2157279],[23.9667288,44.2149046],[23.9671081,44.214771],[23.9752427,44.2254448],[23.9786361,44.2300116],[23.9817144,44.2343639],[23.987816,44.2427418],[23.9895528,44.2452733],[23.9949603,44.2522142],[23.9975799,44.2558342],[24.0002968,44.2594094],[23.9947046,44.26155],[23.9864878,44.2649302],[23.989962,44.2719178],[23.993886,44.2809155],[23.9918078,44.2813283],[23.9770893,44.285193],[23.9684115,44.287326],[23.955268,44.291013],[23.9478854,44.2932609],[23.9478241,44.2932038],[23.9476465,44.2930403],[23.9469554,44.2925069],[23.9461366,44.2907776],[23.9454153,44.289723],[23.9453453,44.2892023],[23.9450351,44.2887776],[23.9441996,44.2872931],[23.9440524,44.2869023],[23.9440495,44.2865825],[23.9438684,44.2864555],[23.9431427,44.2853717],[23.9420704,44.2839416],[23.9418873,44.2831353],[23.9414134,44.2823246],[23.9411739,44.2816949],[23.9392106,44.2781717],[23.9388847,44.2774826],[23.9384517,44.2752714],[23.9376842,44.2754478],[23.9370158,44.2755476],[23.9348056,44.2757847],[23.9297879,44.2761195],[23.92752,44.2761841],[23.9265289,44.2761513],[23.9250838,44.2762197],[23.9232336,44.2762348],[23.9231777,44.2761758],[23.9232217,44.2760393],[23.9231843,44.2758166],[23.9222622,44.272983],[23.9218719,44.272973],[23.9217181,44.2728532],[23.9210258,44.2711949],[23.9205968,44.2703674],[23.9193138,44.2674069],[23.9188636,44.2666233],[23.9167853,44.2622738],[23.9164709,44.2612825],[23.9152352,44.2589671],[23.9139447,44.2561352],[23.9133414,44.255461],[23.914125,44.2548622],[23.915441,44.253484],[23.9167224,44.2525704],[23.9160745,44.2523361],[23.9154158,44.2522094],[23.9109222,44.2515303],[23.9078389,44.2511427],[23.9020441,44.2506425],[23.901403,44.2504473],[23.8997823,44.251804],[23.8994201,44.252161],[23.8987617,44.2526114],[23.8984708,44.2528857],[23.8972133,44.2526384],[23.8956696,44.2524242],[23.8951822,44.2522476],[23.8942261,44.2522382],[23.8924491,44.251937],[23.8906545,44.2515581],[23.888549,44.2512996],[23.8866142,44.2509882],[23.8839737,44.250547],[23.8836225,44.2504217]]]}},{"type":"Feature","properties":{"entity_id":"osm-r9642795","jurisdiction":"RO","display_name":"DRĂGOTEȘTI","display_type":"commune","admin_level":8,"tier":"local","legal_registry":"SIRUTA","legal_id":"72150","legal_type":"commune","parent_catalog_id":"osm-r2366970","osm_relation_id":9642795,"legal_identity_status":"reconciled","geometry_source":"OpenStreetMap","geometry_precision":"master_coordinate_fidelity"},"geometry":{"type":"Polygon","coordinates":[[[24.0856249,44.3076296],[24.0849877,44.3072044],[24.0819828,44.3047258],[24.0789319,44.3021167],[24.0764918,44.2999779],[24.0757833,44.2994122],[24.0754679,44.2991327],[24.0752479,44.2988528],[24.074814,44.2995087],[24.074252,44.3008673],[24.0728199,44.306912],[24.0723454,44.3064947],[24.0720338,44.3063207],[24.0715264,44.306276],[24.0712723,44.3063004],[24.070915,44.3064299],[24.0705698,44.3066722],[24.0701461,44.3074035],[24.0700437,44.307479],[24.0699576,44.3074782],[24.0695224,44.3070312],[24.0692613,44.3069019],[24.0688364,44.3068875],[24.0680024,44.3067018],[24.0659474,44.3043505],[24.0644565,44.3042351],[24.0630631,44.3042742],[24.0509385,44.2986748],[24.052176,44.2979707],[24.0533747,44.29686],[24.0486971,44.2908902],[24.0459346,44.2872547],[24.0408719,44.280881],[24.0396865,44.2792954],[24.0360764,44.2749641],[24.0350483,44.2735688],[24.0333438,44.2715154],[24.0308733,44.2683918],[24.0290333,44.2662486],[24.0263417,44.2629835],[24.0250215,44.2611939],[24.0242754,44.2603268],[24.0180955,44.2526215],[24.022271,44.2508765],[24.0248913,44.2499149],[24.0264022,44.2521587],[24.032748,44.249817],[24.0344544,44.2491517],[24.0342522,44.2487534],[24.034331,44.2486256],[24.0348968,44.2484865],[24.0353301,44.2487029],[24.0359371,44.2484912],[24.0363397,44.2484462],[24.0477133,44.2439316],[24.0550375,44.2410968],[24.0546663,44.2406368],[24.0600527,44.2385329],[24.0693464,44.2347727],[24.0706084,44.2343374],[24.0723297,44.2336208],[24.0743992,44.2328738],[24.0776402,44.2315828],[24.0786075,44.231279],[24.0843572,44.2290575],[24.085323,44.2286099],[24.0894794,44.2269128],[24.0937245,44.2249249],[24.0967715,44.2238129],[24.099656,44.222673],[24.102828,44.221261],[24.1051219,44.2204004],[24.1132429,44.2172088],[24.1199891,44.2146516],[24.129153,44.2110411],[24.1308091,44.2136441],[24.1371052,44.2219635],[24.1378248,44.2228141],[24.1392955,44.2247732],[24.1384975,44.2254229],[24.1377465,44.2263822],[24.1368521,44.2272594],[24.1358031,44.2280025],[24.1352424,44.2283236],[24.1348799,44.2286715],[24.134478,44.2289397],[24.1332667,44.2294778],[24.1329673,44.229495],[24.1327338,44.2294698],[24.1323988,44.2293147],[24.1320859,44.2291441],[24.1316613,44.2288109],[24.1352199,44.2333458],[24.1363769,44.2347164],[24.1394182,44.2385217],[24.139776,44.2390567],[24.1410914,44.2406531],[24.1436647,44.2432064],[24.145592,44.2457117],[24.1443449,44.2460096],[24.1429797,44.2464693],[24.1384475,44.247797],[24.1386898,44.2483663],[24.1413948,44.2488361],[24.1413847,44.2488433],[24.145125,44.2494684],[24.1468334,44.2519084],[24.1491466,44.2525561],[24.149268,44.2538175],[24.1495554,44.2552141],[24.1495956,44.2561046],[24.1492322,44.2605378],[24.1484035,44.2620972],[24.1475082,44.2634827],[24.1463292,44.263518],[24.1430752,44.2637952],[24.141688,44.2633347],[24.1398433,44.2628274],[24.1386316,44.2627176],[24.1371597,44.2634164],[24.134736,44.2648068],[24.1321601,44.2652925],[24.1295373,44.2652912],[24.127193,44.2658088],[24.1251268,44.2662629],[24.1238429,44.2666156],[24.1226687,44.2665805],[24.1217997,44.2666127],[24.1208129,44.2666886],[24.1184406,44.2669311],[24.1159971,44.2671021],[24.1135449,44.2669377],[24.1119434,44.2668103],[24.1117015,44.2697125],[24.1115948,44.2711736],[24.1106557,44.2824783],[24.1099725,44.28833],[24.1097149,44.2931333],[24.1095485,44.2966276],[24.1089007,44.3007502],[24.0973527,44.2981484],[24.0912744,44.2991792],[24.0856249,44.3076296]]]}},{"type":"Feature","properties":{"entity_id":"osm-r9642796","jurisdiction":"RO","display_name":"ROBĂNEȘTI","display_type":"commune","admin_level":8,"tier":"local","legal_registry":"SIRUTA","legal_id":"73923","legal_type":"commune","parent_catalog_id":"osm-r2366970","osm_relation_id":9642796,"legal_identity_status":"reconciled","geometry_source":"OpenStreetMap","geometry_precision":"master_coordinate_fidelity"},"geometry":{"type":"Polygon","coordinates":[[[23.9478241,44.2932038],[23.9478854,44.2932609],[23.955268,44.291013],[23.9684115,44.287326],[23.9770893,44.285193],[23.9918078,44.2813283],[23.993886,44.2809155],[23.989962,44.2719178],[23.9864878,44.2649302],[23.9947046,44.26155],[24.0002968,44.2594094],[24.0036064,44.2581918],[24.0107606,44.2552925],[24.0129196,44.2544694],[24.0141629,44.2540045],[24.0157937,44.2535241],[24.0164513,44.2532871],[24.0180955,44.2526215],[24.0242754,44.2603268],[24.0250215,44.2611939],[24.0263417,44.2629835],[24.0290333,44.2662486],[24.0308733,44.2683918],[24.0333438,44.2715154],[24.0350483,44.2735688],[24.0360764,44.2749641],[24.0396865,44.2792954],[24.0408719,44.280881],[24.0459346,44.2872547],[24.0486971,44.2908902],[24.0533747,44.29686],[24.052176,44.2979707],[24.0509385,44.2986748],[24.0630631,44.3042742],[24.0644565,44.3042351],[24.0659474,44.3043505],[24.0680024,44.3067018],[24.0688364,44.3068875],[24.0692613,44.3069019],[24.0695224,44.3070312],[24.0699576,44.3074782],[24.0700437,44.307479],[24.0701461,44.3074035],[24.0705698,44.3066722],[24.070915,44.3064299],[24.0712723,44.3063004],[24.0715264,44.306276],[24.0720338,44.3063207],[24.0723454,44.3064947],[24.0728199,44.306912],[24.074252,44.3008673],[24.074814,44.2995087],[24.0752479,44.2988528],[24.0754679,44.2991327],[24.0757833,44.2994122],[24.0764918,44.2999779],[24.0789319,44.3021167],[24.0819828,44.3047258],[24.0849877,44.3072044],[24.0856249,44.3076296],[24.0784895,44.318699],[24.0770943,44.3209485],[24.0759967,44.322643],[24.0724415,44.3278194],[24.0712412,44.3295205],[24.0698433,44.3320679],[24.0696448,44.3326924],[24.0696253,44.3327576],[24.0668929,44.3341783],[24.0653479,44.335291],[24.063992,44.335517],[24.0635744,44.3361088],[24.0621959,44.3371946],[24.0626013,44.3375471],[24.057162,44.3406187],[24.054383,44.3383605],[24.0516489,44.339597],[24.0508017,44.3401373],[24.05266,44.3414969],[24.0541931,44.3422514],[24.0526986,44.34321],[24.0532136,44.3433635],[24.053278,44.3439389],[24.0534282,44.3445067],[24.0539646,44.3447139],[24.0534358,44.3456498],[24.0499607,44.3450113],[24.0484902,44.3459261],[24.0472725,44.3466857],[24.0467307,44.3470636],[24.0464088,44.3474453],[24.0459326,44.3477913],[24.0454137,44.3476217],[24.0450095,44.3484789],[24.0448431,44.3489027],[24.0440119,44.3488409],[24.042191,44.3490319],[24.0417296,44.3490827],[24.0391218,44.3495648],[24.0374847,44.3495958],[24.0366854,44.3494921],[24.036112,44.3493322],[24.0352303,44.3490644],[24.033809,44.348471],[24.0323067,44.3477724],[24.0316922,44.3473796],[24.0308522,44.3470172],[24.0297752,44.3468336],[24.0288667,44.3464608],[24.028284,44.3464315],[24.0272129,44.3465003],[24.0242932,44.347026],[24.0229549,44.3472159],[24.0215863,44.3472213],[24.0206689,44.3471172],[24.0197179,44.3468715],[24.0188752,44.3465858],[24.0174101,44.3459503],[24.016367,44.3455647],[24.0145909,44.3451822],[24.0121285,44.3447492],[24.0079279,44.3439104],[24.007959,44.3436852],[24.0080408,44.3435554],[24.0080272,44.3433526],[24.0071652,44.3404065],[24.0063734,44.3377005],[24.0054857,44.3374792],[24.0034695,44.3356404],[24.0005343,44.3324983],[23.9940607,44.3263113],[23.9935259,44.325703],[23.9913178,44.3239279],[23.9902882,44.3232537],[23.988976,44.3226119],[23.9874515,44.3217172],[23.9724186,44.3144233],[23.9720325,44.3143877],[23.971576,44.314412],[23.9713351,44.3142834],[23.9692108,44.3143162],[23.9679166,44.3142292],[23.9660736,44.3142636],[23.9648932,44.3142123],[23.963661,44.3142731],[23.9628232,44.3141915],[23.9596018,44.3114117],[23.9568567,44.3093614],[23.9554623,44.3081823],[23.9536466,44.3068248],[23.9513304,44.3049996],[23.9461433,44.3006426],[23.9401353,44.2953519],[23.9472219,44.2933852],[23.9478241,44.2932038]]]}},{"type":"Feature","properties":{"entity_id":"osm-r9664751","jurisdiction":"RO","display_name":"DĂBULENI","display_type":"town","admin_level":8,"tier":"local","legal_registry":"SIRUTA","legal_id":"72007","legal_type":"town","parent_catalog_id":"osm-r2366970","osm_relation_id":9664751,"legal_identity_status":"reconciled","geometry_source":"OpenStreetMap","geometry_precision":"master_coordinate_fidelity"},"geometry":{"type":"Polygon","coordinates":[[[24.1920873,43.8104415],[24.1994311,43.8256184],[24.1922489,43.8269207],[24.1993869,43.8424065],[24.2015075,43.8467844],[24.1941261,43.8486104],[24.1990505,43.8583574],[24.2268258,43.8517259],[24.2317199,43.8617625],[24.2248976,43.8634566],[24.2294954,43.8733162],[24.2260706,43.8741495],[24.2220163,43.8751657],[24.2145361,43.8769656],[24.2107019,43.8778829],[24.20886,43.8783578],[24.211169,43.8832332],[24.2123395,43.88576],[24.2133473,43.8878915],[24.213424,43.8880665],[24.2135714,43.8883552],[24.2136358,43.8885063],[24.2134688,43.8885852],[24.2132127,43.8886329],[24.2127783,43.888628],[24.2126565,43.8885877],[24.1861134,43.8951335],[24.1861089,43.8952166],[24.1858743,43.8952594],[24.1858117,43.8952078],[24.1586521,43.9018975],[24.1586099,43.9019643],[24.1585203,43.9019995],[24.1584046,43.9020191],[24.1583147,43.9019807],[24.15264,43.903379],[24.1526049,43.9032818],[24.1526014,43.9031934],[24.1517278,43.9007057],[24.150525,43.8972022],[24.15035,43.8967161],[24.1500463,43.8959322],[24.1490746,43.8931245],[24.1490703,43.8930937],[24.1485658,43.8916536],[24.1477852,43.8894008],[24.1473088,43.8880672],[24.1472633,43.8880174],[24.1472168,43.8878846],[24.1472176,43.8878056],[24.1454444,43.8827135],[24.1439466,43.8784589],[24.1419608,43.872791],[24.1388184,43.8735296],[24.13418,43.874679],[24.1285064,43.8760407],[24.1268062,43.8764826],[24.124069,43.8771508],[24.1263096,43.8820101],[24.126814,43.8818618],[24.1275734,43.8816895],[24.1284775,43.8814779],[24.1309269,43.8809913],[24.131606,43.8808806],[24.133197,43.880582],[24.1332695,43.8808124],[24.1379271,43.8800166],[24.1380998,43.8807002],[24.1385202,43.8818033],[24.1387189,43.8822939],[24.1388256,43.8822787],[24.1442659,43.8812251],[24.1447121,43.8811439],[24.1452952,43.8828034],[24.1470523,43.8878511],[24.1470642,43.8878824],[24.1470995,43.8879055],[24.1471456,43.8880382],[24.1471322,43.8880751],[24.1471397,43.8880977],[24.1476164,43.8894319],[24.1488912,43.8931071],[24.1489011,43.893147],[24.1399515,43.8953422],[24.139958,43.8953569],[24.1305312,43.8975723],[24.126785,43.8985347],[24.119553,43.9002552],[24.1128897,43.9020509],[24.1057915,43.90384],[24.0965375,43.8841093],[24.0618209,43.8924137],[24.048183,43.8957436],[24.0433627,43.885907],[24.0387596,43.8756753],[24.0353292,43.868348],[24.0341254,43.8656571],[24.0271489,43.8673412],[24.0261152,43.8651063],[24.0242246,43.8613891],[24.0223516,43.8572889],[24.0247596,43.856708],[24.0454681,43.8513957],[24.0459327,43.8514872],[24.0501349,43.8504665],[24.0500587,43.8501864],[24.0525356,43.8495678],[24.058843,43.848075],[24.0713788,43.8453031],[24.0774234,43.8439206],[24.0736914,43.8358866],[24.0725626,43.833216],[24.0719367,43.8320079],[24.0650049,43.8170715],[24.0626612,43.8124018],[24.0610946,43.8087185],[24.0589367,43.8040055],[24.0586606,43.8023942],[24.0585865,43.8016097],[24.0585028,43.7994064],[24.0617481,43.7992799],[24.0621589,43.7991542],[24.0623656,43.799156],[24.0625587,43.7992712],[24.0625859,43.7993488],[24.0624362,43.8001291],[24.0627225,43.8001315],[24.0631969,43.8002148],[24.0642959,43.8008493],[24.0691264,43.7996831],[24.0680969,43.797693],[24.0667067,43.7973907],[24.066834,43.7924359],[24.0669285,43.7914179],[24.0670157,43.7859174],[24.0599664,43.785938],[24.0600656,43.77973],[24.0606245,43.7797347],[24.0603821,43.7783056],[24.0601081,43.7783033],[24.0601361,43.7745695],[24.0600169,43.7685323],[24.0600533,43.7662502],[24.0599881,43.7651542],[24.060103,43.7626206],[24.0600417,43.7610176],[24.0600928,43.7578179],[24.0599999,43.7563172],[24.0600246,43.7547666],[24.0599075,43.7528208],[24.0599026,43.7497788],[24.0605248,43.749784],[24.0623639,43.7499484],[24.0682135,43.750743],[24.0694883,43.7512006],[24.0714108,43.752023],[24.0806277,43.749171],[24.0793702,43.7459608],[24.074017,43.7346919],[24.0638082,43.7373181],[24.0610031,43.7316666],[24.0597772,43.7288311],[24.0590087,43.7274517],[24.0588598,43.7270913],[24.0584026,43.7266177],[24.0579305,43.7253855],[24.0575498,43.7247574],[24.05375,43.719691],[24.0589773,43.7170583],[24.0651655,43.7136736],[24.0694571,43.7113936],[24.0750298,43.7080153],[24.0798338,43.7050697],[24.0816235,43.7041344],[24.0841019,43.7029787],[24.0865397,43.7023565],[24.0927949,43.7013966],[24.105673,43.700387],[24.1100552,43.7001333],[24.1129185,43.6999408],[24.1132118,43.7015814],[24.1140754,43.7050886],[24.1142246,43.7057365],[24.1145309,43.7070182],[24.114746,43.7078583],[24.1147864,43.7079674],[24.1153717,43.7114888],[24.1153819,43.7115205],[24.1153821,43.7115502],[24.1154423,43.7117298],[24.1155959,43.7120881],[24.1156461,43.7122393],[24.1157082,43.7123776],[24.1159695,43.7124518],[24.1160784,43.7125304],[24.1161108,43.7126231],[24.1161111,43.7127403],[24.1160464,43.7128984],[24.1160388,43.7129914],[24.1160455,43.7131344],[24.115963,43.7133347],[24.1159276,43.7134917],[24.1159278,43.7135412],[24.1159483,43.7136514],[24.1159621,43.7136962],[24.1161258,43.7139613],[24.1161928,43.71419],[24.1162835,43.7142466],[24.1163831,43.7143249],[24.1164405,43.7144326],[24.1164555,43.7146179],[24.1164073,43.7148317],[24.116336,43.7149181],[24.1161515,43.7150531],[24.1162704,43.7151383],[24.1162738,43.7152474],[24.1162948,43.7152664],[24.1162818,43.7153647],[24.1162909,43.7155153],[24.1162655,43.7155902],[24.1161998,43.7156862],[24.1161158,43.7157793],[24.1159882,43.7158819],[24.1157735,43.7159493],[24.1156137,43.7159786],[24.1154459,43.7159943],[24.1153795,43.7160065],[24.1153073,43.7160317],[24.115213,43.7160819],[24.1151637,43.7161161],[24.1149903,43.7162153],[24.1149433,43.7162532],[24.1148811,43.7163258],[24.1148008,43.7164363],[24.1146612,43.7166709],[24.1145241,43.7168714],[24.1148024,43.7171771],[24.1150097,43.7173751],[24.1151048,43.7174802],[24.1152136,43.7176039],[24.11532,43.717762],[24.1158212,43.7194302],[24.1162801,43.7210384],[24.1164867,43.7217404],[24.1166117,43.7221973],[24.1169416,43.7232951],[24.117027,43.7236157],[24.1173767,43.7245629],[24.1176151,43.7254253],[24.1198902,43.7316329],[24.1216953,43.7365995],[24.1223833,43.7384232],[24.1231336,43.7419219],[24.1251628,43.7520269],[24.1261466,43.7574698],[24.1264182,43.7594214],[24.1266777,43.7613671],[24.1274504,43.7654363],[24.1288761,43.7725052],[24.1293369,43.7746216],[24.1293692,43.7746901],[24.1309573,43.7745948],[24.1337301,43.7744513],[24.1347357,43.7744972],[24.1365423,43.7747543],[24.1359732,43.7760335],[24.1368143,43.7758271],[24.1381648,43.7754342],[24.1381747,43.7755115],[24.1388334,43.7772357],[24.1399937,43.7800623],[24.1414792,43.7832205],[24.1422252,43.7850315],[24.1433026,43.7874876],[24.1442625,43.7896018],[24.1451834,43.7919673],[24.1457258,43.7931416],[24.1461132,43.7940881],[24.1463943,43.7946096],[24.1482332,43.7987989],[24.1491061,43.8005753],[24.1517083,43.8063353],[24.1528808,43.8088103],[24.1534597,43.8099805],[24.1542355,43.8113044],[24.1552002,43.8130837],[24.155545,43.8137056],[24.1562908,43.8135359],[24.1701066,43.8101174],[24.1762348,43.8086142],[24.1768937,43.809869],[24.1775967,43.8116351],[24.1786517,43.8137527],[24.1790648,43.8136697],[24.1793197,43.8136068],[24.1797712,43.8134866],[24.1802928,43.8133824],[24.1808991,43.8132412],[24.1815343,43.8131101],[24.181697,43.8130709],[24.1820162,43.8130024],[24.1820807,43.8129834],[24.1822345,43.8129225],[24.1824346,43.8128365],[24.1826732,43.8127502],[24.1830274,43.8126653],[24.1837028,43.8124926],[24.1842351,43.8123728],[24.1850712,43.8121686],[24.1861404,43.81192],[24.1863203,43.8118837],[24.1867236,43.8117833],[24.187046,43.8116915],[24.1871454,43.8116416],[24.1874171,43.8115812],[24.1880454,43.8114331],[24.1892947,43.8111291],[24.1899302,43.8109707],[24.190571,43.8108175],[24.1920873,43.8104415]]]}},{"type":"Feature","properties":{"entity_id":"osm-r9664752","jurisdiction":"RO","display_name":"CĂLĂRAȘI","display_type":"commune","admin_level":8,"tier":"local","legal_registry":"SIRUTA","legal_id":"71607","legal_type":"commune","parent_catalog_id":"osm-r2366970","osm_relation_id":9664752,"legal_identity_status":"reconciled","geometry_source":"OpenStreetMap","geometry_precision":"master_coordinate_fidelity"},"geometry":{"type":"Polygon","coordinates":[[[23.978461,43.7456662],[23.9840555,43.745894],[23.988052,43.7458785],[23.9900152,43.7455402],[23.9919519,43.7450957],[23.9955997,43.7439408],[24.0012538,43.7416775],[24.0028417,43.7409489],[24.00635,43.73898],[24.0100407,43.7370421],[24.0143811,43.7358398],[24.020952,43.7339025],[24.0277138,43.731399],[24.0338695,43.7290805],[24.0393914,43.7264626],[24.0482308,43.7222434],[24.05375,43.719691],[24.0575498,43.7247574],[24.0579305,43.7253855],[24.0584026,43.7266177],[24.0588598,43.7270913],[24.0590087,43.7274517],[24.0597772,43.7288311],[24.0610031,43.7316666],[24.0638082,43.7373181],[24.074017,43.7346919],[24.0793702,43.7459608],[24.0806277,43.749171],[24.0714108,43.752023],[24.0694883,43.7512006],[24.0682135,43.750743],[24.0623639,43.7499484],[24.0605248,43.749784],[24.0599026,43.7497788],[24.0599075,43.7528208],[24.0600246,43.7547666],[24.0599999,43.7563172],[24.0600928,43.7578179],[24.0600417,43.7610176],[24.060103,43.7626206],[24.0599881,43.7651542],[24.0600533,43.7662502],[24.0600169,43.7685323],[24.0601361,43.7745695],[24.0601081,43.7783033],[24.0603821,43.7783056],[24.0606245,43.7797347],[24.0600656,43.77973],[24.0599664,43.785938],[24.0670157,43.7859174],[24.0669285,43.7914179],[24.066834,43.7924359],[24.0667067,43.7973907],[24.0680969,43.797693],[24.0691264,43.7996831],[24.0642959,43.8008493],[24.0631969,43.8002148],[24.0627225,43.8001315],[24.0624362,43.8001291],[24.0625859,43.7993488],[24.0625587,43.7992712],[24.0623656,43.799156],[24.0621589,43.7991542],[24.0617481,43.7992799],[24.0585028,43.7994064],[24.0585865,43.8016097],[24.0586606,43.8023942],[24.0589367,43.8040055],[24.0610946,43.8087185],[24.0626612,43.8124018],[24.0650049,43.8170715],[24.0719367,43.8320079],[24.0725626,43.833216],[24.0736914,43.8358866],[24.0774234,43.8439206],[24.0713788,43.8453031],[24.058843,43.848075],[24.0525356,43.8495678],[24.0500587,43.8501864],[24.0501349,43.8504665],[24.0459327,43.8514872],[24.0454681,43.8513957],[24.0247596,43.856708],[24.0223516,43.8572889],[24.0180579,43.8479645],[24.017962,43.8470917],[24.0138657,43.8384226],[24.013423,43.837385],[24.0176735,43.8362691],[24.0200165,43.8357101],[24.0176949,43.8307184],[23.9901417,43.8374709],[23.9891799,43.8352202],[23.9853051,43.8269666],[23.9843941,43.8247015],[23.9812995,43.8155786],[23.980231,43.812229],[23.9774512,43.8044829],[23.9764415,43.8045097],[23.9753891,43.8046064],[23.9734455,43.8003257],[23.9721594,43.7975728],[23.9786395,43.7959819],[23.9776025,43.7939383],[23.9772975,43.7932692],[23.9771854,43.7928635],[23.9765013,43.7916093],[23.9744756,43.7875423],[23.9769684,43.7870748],[23.9778606,43.7870083],[23.9772841,43.7847981],[23.9769813,43.7833815],[23.9788609,43.78395],[23.9807628,43.7841165],[23.9833939,43.784222],[23.9836033,43.7815032],[23.9838875,43.7790777],[23.9842455,43.7713912],[23.9846583,43.7699749],[23.9817952,43.7632183],[23.9800052,43.7571597],[23.9783446,43.7512494],[23.9781112,43.7497605],[23.978461,43.7456662]]]}},{"type":"Feature","properties":{"entity_id":"osm-r9664753","jurisdiction":"RO","display_name":"BECHET","display_type":"town","admin_level":8,"tier":"local","legal_registry":"SIRUTA","legal_id":"70879","legal_type":"town","parent_catalog_id":"osm-r2366970","osm_relation_id":9664753,"legal_identity_status":"reconciled","geometry_source":"OpenStreetMap","geometry_precision":"master_coordinate_fidelity"},"geometry":{"type":"Polygon","coordinates":[[[23.9101446,43.7471263],[23.920121,43.7463586],[23.926313,43.7454444],[23.9324713,43.7449174],[23.9439241,43.7454546],[23.9628063,43.7452594],[23.9697325,43.745398],[23.978461,43.7456662],[23.9781112,43.7497605],[23.9783446,43.7512494],[23.9800052,43.7571597],[23.9817952,43.7632183],[23.9846583,43.7699749],[23.9842455,43.7713912],[23.9838875,43.7790777],[23.9836033,43.7815032],[23.9833939,43.784222],[23.9807628,43.7841165],[23.9788609,43.78395],[23.9769813,43.7833815],[23.9772841,43.7847981],[23.9778606,43.7870083],[23.9769684,43.7870748],[23.9744756,43.7875423],[23.9765013,43.7916093],[23.9771854,43.7928635],[23.9772975,43.7932692],[23.9776025,43.7939383],[23.9786395,43.7959819],[23.9721594,43.7975728],[23.9734455,43.8003257],[23.9753891,43.8046064],[23.9716711,43.8049993],[23.9680867,43.8054646],[23.9677617,43.8044424],[23.9638396,43.8052988],[23.9616197,43.8057393],[23.9608788,43.8059503],[23.9606174,43.8062675],[23.9582766,43.8065982],[23.9537627,43.8077394],[23.9527842,43.8078481],[23.9512901,43.8083271],[23.9473691,43.8092992],[23.9465911,43.8094821],[23.9405419,43.7961397],[23.9402305,43.7967473],[23.93954,43.7984955],[23.9385779,43.798363],[23.9376147,43.7963919],[23.933574,43.7876218],[23.9323917,43.7852496],[23.9305646,43.7811956],[23.9301621,43.7786199],[23.9267963,43.7715],[23.9266269,43.7713541],[23.9263036,43.7712],[23.9253916,43.7708786],[23.9248296,43.7707608],[23.9233625,43.7707773],[23.9215457,43.770627],[23.92059,43.7704441],[23.9184427,43.7698613],[23.9182445,43.7692523],[23.9166419,43.7654944],[23.9132376,43.7579915],[23.9101446,43.7471263]]]}},{"type":"Feature","properties":{"entity_id":"osm-r9664754","jurisdiction":"RO","display_name":"OSTROVENI","display_type":"commune","admin_level":8,"tier":"local","legal_registry":"SIRUTA","legal_id":"73567","legal_type":"commune","parent_catalog_id":"osm-r2366970","osm_relation_id":9664754,"legal_identity_status":"reconciled","geometry_source":"OpenStreetMap","geometry_precision":"master_coordinate_fidelity"},"geometry":{"type":"Polygon","coordinates":[[[23.8749573,43.750818],[23.8779613,43.7500572],[23.88067,43.7494241],[23.8847494,43.7486067],[23.8868415,43.7482502],[23.888558,43.7480507],[23.9007185,43.7475278],[23.9101446,43.7471263],[23.9132376,43.7579915],[23.9166419,43.7654944],[23.9182445,43.7692523],[23.9184427,43.7698613],[23.92059,43.7704441],[23.9215457,43.770627],[23.9233625,43.7707773],[23.9248296,43.7707608],[23.9253916,43.7708786],[23.9263036,43.7712],[23.9266269,43.7713541],[23.9267963,43.7715],[23.9301621,43.7786199],[23.9305646,43.7811956],[23.9323917,43.7852496],[23.933574,43.7876218],[23.9376147,43.7963919],[23.9385779,43.798363],[23.93954,43.7984955],[23.9402305,43.7967473],[23.9405419,43.7961397],[23.9465911,43.8094821],[23.9473787,43.8111007],[23.9502817,43.8175068],[23.9529513,43.823054],[23.9531616,43.8236722],[23.9591016,43.8226153],[23.9622808,43.831945],[23.9632371,43.834389],[23.9633868,43.8349212],[23.9627016,43.8349399],[23.9622956,43.8348109],[23.9618302,43.8347898],[23.9603342,43.8350437],[23.9557875,43.8360301],[23.9540335,43.8363396],[23.9531627,43.8341696],[23.9484786,43.8353501],[23.9404832,43.8371241],[23.942164,43.840946],[23.939662,43.8415433],[23.9335482,43.8431338],[23.9311419,43.8436859],[23.9312506,43.8442358],[23.9291511,43.8450147],[23.9248712,43.8465107],[23.9247778,43.847337],[23.9242862,43.8496029],[23.92367,43.8509463],[23.9230779,43.8516757],[23.922521,43.8521356],[23.9228254,43.8524506],[23.9236472,43.8528373],[23.924539,43.8533453],[23.9252843,43.8542103],[23.9251357,43.8544051],[23.9252486,43.8547851],[23.925238,43.8550178],[23.925759,43.8552874],[23.9257124,43.8557195],[23.925972,43.8559915],[23.9261004,43.8562264],[23.9258399,43.857],[23.9259917,43.8573798],[23.9259944,43.8575172],[23.9258329,43.85767],[23.9256817,43.8579237],[23.9249847,43.858311],[23.9249082,43.8584207],[23.924856,43.8585564],[23.9251559,43.8590702],[23.9177707,43.8594011],[23.9095274,43.8598784],[23.9090836,43.8602037],[23.9083264,43.8605712],[23.9079845,43.856876],[23.903417,43.8571354],[23.8950646,43.8575257],[23.8935845,43.8556788],[23.8928748,43.8546655],[23.8903887,43.8544765],[23.8853585,43.8541782],[23.8855471,43.8538307],[23.8862497,43.8530456],[23.8863114,43.8529124],[23.8863263,43.8523404],[23.8866092,43.8515815],[23.8871779,43.8496806],[23.8875145,43.8491569],[23.8880447,43.8487982],[23.887874,43.8486998],[23.8876386,43.8483523],[23.8857508,43.844295],[23.8856134,43.8440375],[23.8854995,43.8439476],[23.8828273,43.8387915],[23.8827331,43.8387385],[23.8818895,43.837105],[23.8814884,43.8367554],[23.8850853,43.8368973],[23.8866378,43.8361924],[23.8873925,43.8352907],[23.8876575,43.8346905],[23.8876059,43.8345373],[23.8881439,43.8334509],[23.8882588,43.8328527],[23.8878096,43.8315852],[23.8875358,43.8288639],[23.887275,43.828583],[23.8868816,43.8282794],[23.8865303,43.828094],[23.8865815,43.8277306],[23.8859356,43.8274887],[23.885052,43.8273087],[23.8843618,43.8270663],[23.8783807,43.8244057],[23.8772953,43.824732],[23.8757992,43.8252789],[23.8755215,43.8254955],[23.8725868,43.8285913],[23.8689011,43.8326642],[23.8678991,43.8336388],[23.8673241,43.833938],[23.8619169,43.8360077],[23.8562379,43.8383474],[23.8560641,43.8381583],[23.85561,43.8379396],[23.8554653,43.8377776],[23.8554347,43.8370709],[23.8549562,43.8358244],[23.8548754,43.8354168],[23.8546179,43.8349754],[23.8544139,43.8348235],[23.8541342,43.8347564],[23.8540495,43.8345521],[23.853701,43.8342275],[23.8522061,43.8335486],[23.8512729,43.8331838],[23.850972,43.8334809],[23.8507607,43.8336174],[23.8502571,43.8334108],[23.8480258,43.8318359],[23.8477352,43.8315761],[23.8475495,43.828984],[23.8476117,43.8280749],[23.8476033,43.8269938],[23.8473736,43.8246177],[23.8465532,43.8129634],[23.8464525,43.8128117],[23.8463943,43.8125028],[23.8462483,43.8123935],[23.8433903,43.8123792],[23.842248,43.8124258],[23.8390352,43.8123694],[23.8389121,43.8122895],[23.8389627,43.8121625],[23.8390266,43.8121387],[23.8390601,43.8119669],[23.8384006,43.8120651],[23.8371679,43.8080388],[23.8407481,43.8074827],[23.834204,43.7852449],[23.8332943,43.7849675],[23.8318845,43.7850526],[23.8318549,43.7851767],[23.8314236,43.7854721],[23.831049,43.7859044],[23.8302961,43.7861051],[23.8298491,43.7863615],[23.829487,43.7867122],[23.8289678,43.7873545],[23.8282665,43.7877845],[23.8277729,43.7882079],[23.8273118,43.7884733],[23.8269523,43.7886118],[23.8263714,43.7886561],[23.8251115,43.7885458],[23.8253584,43.7879268],[23.8238911,43.7879743],[23.8198251,43.7883243],[23.819675,43.7873335],[23.819166,43.7870906],[23.8191654,43.786756],[23.8188992,43.7859863],[23.8146623,43.7804483],[23.813186,43.7786548],[23.8102434,43.7736986],[23.8127919,43.7722614],[23.8184237,43.769095],[23.8225221,43.7671735],[23.8265454,43.7656316],[23.8320352,43.763646],[23.8418326,43.7603731],[23.8489901,43.7579915],[23.8559464,43.7558901],[23.8658219,43.7532525],[23.870418,43.7520722],[23.8749573,43.750818]]]}},{"type":"Feature","properties":{"entity_id":"osm-r9664755","jurisdiction":"RO","display_name":"GIGHERA","display_type":"commune","admin_level":8,"tier":"local","legal_registry":"SIRUTA","legal_id":"72463","legal_type":"commune","parent_catalog_id":"osm-r2366970","osm_relation_id":9664755,"legal_identity_status":"reconciled","geometry_source":"OpenStreetMap","geometry_precision":"master_coordinate_fidelity"},"geometry":{"type":"Polygon","coordinates":[[[23.8866092,43.8515815],[23.8819881,43.8528758],[23.8786679,43.8535996],[23.8781138,43.8538314],[23.8768868,43.854056],[23.8760987,43.8541334],[23.875503,43.8542451],[23.8734977,43.8546908],[23.8732896,43.8548134],[23.8722326,43.8550956],[23.8689658,43.8558737],[23.8670347,43.8562394],[23.8664218,43.8562979],[23.8644274,43.8567845],[23.8642415,43.8567798],[23.8622585,43.8571608],[23.8611257,43.8574367],[23.8589578,43.8581182],[23.8568209,43.8586882],[23.8553391,43.8591691],[23.856742,43.8600596],[23.8566457,43.8600978],[23.8490069,43.8609015],[23.835106,43.8628257],[23.8312553,43.8633388],[23.8311243,43.8633463],[23.831114,43.8632941],[23.830599,43.8633573],[23.8300014,43.8634752],[23.826996,43.8638976],[23.8206592,43.8647305],[23.8204759,43.8647992],[23.8174346,43.8653019],[23.8161745,43.8655587],[23.8175791,43.8733718],[23.8177334,43.8746642],[23.8182978,43.8778603],[23.8182343,43.8781137],[23.815675,43.8784932],[23.8157944,43.8788797],[23.8163289,43.8818707],[23.8168103,43.8840819],[23.8168557,43.8842199],[23.8170088,43.8843242],[23.8170808,43.884455],[23.817107,43.8847073],[23.8172798,43.8850916],[23.8173113,43.8854983],[23.8171838,43.8859164],[23.8183543,43.8921643],[23.8186332,43.8926006],[23.8216331,43.89529],[23.8218698,43.8956675],[23.8229964,43.8968068],[23.8234159,43.8981697],[23.8233927,43.8983594],[23.8237272,43.9000073],[23.8197382,43.9009316],[23.8193347,43.901112],[23.8191845,43.9014297],[23.8192098,43.9039149],[23.8191752,43.9040685],[23.8190198,43.9042337],[23.8186992,43.9043076],[23.812031,43.9048771],[23.7943689,43.9062394],[23.7671501,43.9084203],[23.7657926,43.9007709],[23.764422,43.8942077],[23.7636912,43.890335],[23.7631139,43.8894651],[23.7629864,43.8883222],[23.7624191,43.88479],[23.7570503,43.8852418],[23.7552443,43.8710283],[23.7536803,43.8711684],[23.7529532,43.8675915],[23.7524512,43.8676482],[23.7519724,43.8678031],[23.7504523,43.868392],[23.7476334,43.8693316],[23.7457194,43.8705192],[23.7442551,43.8661595],[23.741846,43.8670558],[23.7348681,43.8692032],[23.7324719,43.8655496],[23.7208179,43.8687084],[23.7199392,43.8671414],[23.7196287,43.867265],[23.717717,43.8641519],[23.7204101,43.8632054],[23.7193876,43.8619284],[23.717666,43.8602469],[23.7171429,43.8595214],[23.7160241,43.858227],[23.7193777,43.8558166],[23.7195621,43.855535],[23.7212634,43.8542722],[23.7211437,43.8494639],[23.7133094,43.8531278],[23.7119608,43.8496888],[23.7075543,43.8517807],[23.6974014,43.8418689],[23.694001,43.83712],[23.6911458,43.833478],[23.688008,43.8299601],[23.6855167,43.8262048],[23.66824,43.8057662],[23.666119,43.8029339],[23.6640572,43.7993631],[23.6762754,43.80189],[23.6825648,43.8037622],[23.6923063,43.8062334],[23.6983251,43.8066128],[23.7045829,43.8067329],[23.7150697,43.8066973],[23.7192356,43.8064812],[23.7265348,43.8052576],[23.737383,43.8042429],[23.7427266,43.8035394],[23.7493898,43.803092],[23.7527756,43.802721],[23.7550807,43.802478],[23.7537989,43.7978624],[23.757363,43.7941852],[23.762162,43.7885729],[23.7653001,43.7858677],[23.773073,43.7827366],[23.7817738,43.7797129],[23.8023923,43.7753594],[23.8076646,43.7742359],[23.8102434,43.7736986],[23.813186,43.7786548],[23.8146623,43.7804483],[23.8188992,43.7859863],[23.8191654,43.786756],[23.819166,43.7870906],[23.819675,43.7873335],[23.8198251,43.7883243],[23.8238911,43.7879743],[23.8253584,43.7879268],[23.8251115,43.7885458],[23.8263714,43.7886561],[23.8269523,43.7886118],[23.8273118,43.7884733],[23.8277729,43.7882079],[23.8282665,43.7877845],[23.8289678,43.7873545],[23.829487,43.7867122],[23.8298491,43.7863615],[23.8302961,43.7861051],[23.831049,43.7859044],[23.8314236,43.7854721],[23.8318549,43.7851767],[23.8318845,43.7850526],[23.8332943,43.7849675],[23.834204,43.7852449],[23.8407481,43.8074827],[23.8371679,43.8080388],[23.8384006,43.8120651],[23.8390601,43.8119669],[23.8390266,43.8121387],[23.8389627,43.8121625],[23.8389121,43.8122895],[23.8390352,43.8123694],[23.842248,43.8124258],[23.8433903,43.8123792],[23.8462483,43.8123935],[23.8463943,43.8125028],[23.8464525,43.8128117],[23.8465532,43.8129634],[23.8473736,43.8246177],[23.8476033,43.8269938],[23.8476117,43.8280749],[23.8475495,43.828984],[23.8477352,43.8315761],[23.8480258,43.8318359],[23.8502571,43.8334108],[23.8507607,43.8336174],[23.850972,43.8334809],[23.8512729,43.8331838],[23.8522061,43.8335486],[23.853701,43.8342275],[23.8540495,43.8345521],[23.8541342,43.8347564],[23.8544139,43.8348235],[23.8546179,43.8349754],[23.8548754,43.8354168],[23.8549562,43.8358244],[23.8554347,43.8370709],[23.8554653,43.8377776],[23.85561,43.8379396],[23.8560641,43.8381583],[23.8562379,43.8383474],[23.8619169,43.8360077],[23.8673241,43.833938],[23.8678991,43.8336388],[23.8689011,43.8326642],[23.8725868,43.8285913],[23.8755215,43.8254955],[23.8757992,43.8252789],[23.8772953,43.824732],[23.8783807,43.8244057],[23.8843618,43.8270663],[23.885052,43.8273087],[23.8859356,43.8274887],[23.8865815,43.8277306],[23.8865303,43.828094],[23.8868816,43.8282794],[23.887275,43.828583],[23.8875358,43.8288639],[23.8878096,43.8315852],[23.8882588,43.8328527],[23.8881439,43.8334509],[23.8876059,43.8345373],[23.8876575,43.8346905],[23.8873925,43.8352907],[23.8866378,43.8361924],[23.8850853,43.8368973],[23.8814884,43.8367554],[23.8818895,43.837105],[23.8827331,43.8387385],[23.8828273,43.8387915],[23.8854995,43.8439476],[23.8856134,43.8440375],[23.8857508,43.844295],[23.8876386,43.8483523],[23.887874,43.8486998],[23.8880447,43.8487982],[23.8875145,43.8491569],[23.8871779,43.8496806],[23.8866092,43.8515815]]]}},{"type":"Feature","properties":{"entity_id":"osm-r9679411","jurisdiction":"RO","display_name":"SEGARCEA","display_type":"town","admin_level":8,"tier":"local","legal_registry":"SIRUTA","legal_id":"70502","legal_type":"town","parent_catalog_id":"osm-r2366970","osm_relation_id":9679411,"legal_identity_status":"reconciled","geometry_source":"OpenStreetMap","geometry_precision":"master_coordinate_fidelity"},"geometry":{"type":"Polygon","coordinates":[[[23.645567,44.1552575],[23.6457889,44.1548311],[23.6463129,44.1521384],[23.6470574,44.1493041],[23.6507113,44.1373535],[23.6457004,44.1284992],[23.6617392,44.1254521],[23.6587452,44.1181975],[23.6715885,44.1196445],[23.6715784,44.1196225],[23.6683939,44.111535],[23.6624349,44.1126866],[23.6608389,44.108347],[23.6652657,44.1074396],[23.6644194,44.1051863],[23.6646583,44.1051414],[23.6638326,44.102944],[23.6713239,44.1014326],[23.6690944,44.0951905],[23.6717354,44.0938972],[23.6844821,44.0880845],[23.6992075,44.0816619],[23.7000517,44.0805429],[23.6960891,44.0735087],[23.6962141,44.0733549],[23.6972803,44.0738202],[23.7014784,44.0689591],[23.710941,44.073892],[23.7109834,44.0737489],[23.7136758,44.0709884],[23.7149541,44.070533],[23.7164363,44.0698159],[23.7170992,44.0684234],[23.7182092,44.0669808],[23.7194702,44.0660067],[23.7205888,44.0654637],[23.7216284,44.0646544],[23.7238914,44.0632544],[23.7232317,44.0622209],[23.7220943,44.055974],[23.7206958,44.0544747],[23.7200681,44.0539536],[23.7182106,44.0531736],[23.7165934,44.0548185],[23.7142738,44.0552865],[23.7111119,44.0400686],[23.7224555,44.038833],[23.7195111,44.0235536],[23.7376539,44.0211457],[23.750389,44.0204283],[23.7517315,44.0203899],[23.7786517,44.0177664],[23.7819723,44.0409822],[23.7773083,44.0412032],[23.7831735,44.0689803],[23.7821849,44.069046],[23.7847123,44.0829296],[23.7976674,44.0704947],[23.8041889,44.0753651],[23.8049256,44.0888789],[23.8243105,44.0888148],[23.8249412,44.0936452],[23.8308943,44.0930622],[23.8315494,44.0893024],[23.8316564,44.0892543],[23.8348441,44.0895333],[23.8443822,44.0899192],[23.8489798,44.0879021],[23.8526366,44.0872719],[23.8532135,44.0873089],[23.8546294,44.0869438],[23.8574681,44.0866676],[23.8596195,44.086293],[23.8607948,44.0861903],[23.8618143,44.0862608],[23.8635224,44.0858804],[23.8667708,44.0855455],[23.8696136,44.0853265],[23.8726502,44.0851591],[23.8732144,44.0849496],[23.875079,44.0848831],[23.8752189,44.0866037],[23.8755384,44.0883047],[23.8759012,44.0896558],[23.8745481,44.0909838],[23.8743387,44.0918714],[23.8692427,44.0919594],[23.8678677,44.0928575],[23.8667734,44.0962182],[23.8600609,44.0959056],[23.8598347,44.0976161],[23.8590838,44.0974458],[23.8580403,44.0974465],[23.8513909,44.0967],[23.8509931,44.0968121],[23.8427926,44.0973833],[23.8371568,44.0984976],[23.8357592,44.0988666],[23.8344083,44.09942],[23.8295811,44.1004917],[23.8294647,44.1005569],[23.82785,44.1044307],[23.8283032,44.1061038],[23.823394,44.1065701],[23.8246378,44.1136291],[23.8216772,44.1139416],[23.7753765,44.1184981],[23.7777243,44.138736],[23.741132,44.1457979],[23.7386486,44.1369412],[23.7384933,44.135984],[23.7318771,44.1372716],[23.7318104,44.1373773],[23.7331848,44.1417349],[23.712674,44.1457923],[23.7114379,44.1462667],[23.7034678,44.1475806],[23.7035649,44.1477213],[23.7032438,44.1476843],[23.6994469,44.1481135],[23.6996707,44.1482972],[23.6987708,44.1485084],[23.6946544,44.1489488],[23.6907995,44.1500336],[23.6894289,44.1507692],[23.6884544,44.1511222],[23.6878773,44.1509553],[23.6874094,44.1510622],[23.6877356,44.1513894],[23.6879513,44.1517988],[23.6878492,44.1519788],[23.6851936,44.152421],[23.6842622,44.1526726],[23.6818621,44.1530957],[23.6813592,44.1531162],[23.681071,44.1526594],[23.6791985,44.1530806],[23.6782797,44.1530444],[23.6780056,44.1521081],[23.6746779,44.1529471],[23.674419,44.1527099],[23.6737764,44.1527033],[23.6712367,44.1535788],[23.6699383,44.1541323],[23.665468,44.1540615],[23.663615,44.1552918],[23.6631071,44.1554527],[23.6587108,44.1554009],[23.6551453,44.1558152],[23.6535342,44.1561927],[23.6476842,44.1551382],[23.645567,44.1552575]]]}},{"type":"Feature","properties":{"entity_id":"osm-r9685769","jurisdiction":"RO","display_name":"GOGOȘU","display_type":"commune","admin_level":8,"tier":"local","legal_registry":"SIRUTA","legal_id":"72604","legal_type":"commune","parent_catalog_id":"osm-r2366970","osm_relation_id":9685769,"legal_identity_status":"reconciled","geometry_source":"OpenStreetMap","geometry_precision":"master_coordinate_fidelity"},"geometry":{"type":"Polygon","coordinates":[[[23.3479254,44.4362828],[23.3472927,44.4340186],[23.3470396,44.4329057],[23.3468853,44.4327999],[23.3466598,44.4328026],[23.3460223,44.4329365],[23.3412004,44.4333562],[23.3383624,44.4332564],[23.3375446,44.4332992],[23.3366543,44.4332038],[23.336313,44.4332414],[23.3351964,44.4331761],[23.3348675,44.4332261],[23.3347026,44.4331932],[23.3270898,44.4333516],[23.3262204,44.4334118],[23.3250939,44.433395],[23.3199434,44.433556],[23.3170769,44.4335589],[23.3146463,44.4336353],[23.3142282,44.4336808],[23.3133191,44.4336459],[23.3103196,44.4336893],[23.3067659,44.4337791],[23.305841,44.4338475],[23.3041651,44.4338558],[23.3026368,44.4339089],[23.302359,44.4339535],[23.301022,44.4338663],[23.2994449,44.4338394],[23.2984162,44.4335344],[23.2974294,44.4333976],[23.2943443,44.4333143],[23.2933146,44.4333322],[23.2923462,44.4334333],[23.2914381,44.4333647],[23.2895346,44.4328757],[23.2885069,44.4326803],[23.2882012,44.4326634],[23.285804,44.4320967],[23.286011,44.4312451],[23.2861256,44.4303405],[23.2862743,44.4302418],[23.2869023,44.427658],[23.2875803,44.4252403],[23.2871384,44.4252731],[23.2866642,44.4254632],[23.2862218,44.4255157],[23.2852604,44.4253534],[23.2848067,44.4251909],[23.2833891,44.4248523],[23.2829548,44.4248619],[23.2830926,44.424289],[23.2839777,44.4196554],[23.2857631,44.4198886],[23.2872416,44.4200221],[23.2886548,44.4201228],[23.290056,44.4121633],[23.2927732,44.4124186],[23.2933524,44.4125108],[23.3035438,44.4134654],[23.3142693,44.4144301],[23.3141985,44.4001427],[23.314258,44.3932008],[23.3142994,44.3903721],[23.3184647,44.3901075],[23.322376,44.3897492],[23.3254789,44.3895859],[23.3287584,44.3896415],[23.3304454,44.3895906],[23.3310019,44.3896633],[23.3322008,44.3896166],[23.335762,44.3897039],[23.3362569,44.3897987],[23.3368828,44.3898033],[23.3393284,44.3900581],[23.3396009,44.3900691],[23.339612,44.3900186],[23.3397923,44.3900028],[23.3403286,44.3901074],[23.3417317,44.3902528],[23.3441028,44.3903362],[23.3447322,44.390406],[23.3461453,44.3906909],[23.3472851,44.3906957],[23.3483245,44.3906356],[23.3484822,44.3906678],[23.3497074,44.3906459],[23.3500048,44.3906871],[23.3512111,44.3906058],[23.3513418,44.3906376],[23.3519462,44.3906096],[23.3521189,44.3905178],[23.3524991,44.3904727],[23.3528575,44.3905148],[23.3534778,44.3904893],[23.3547284,44.3904316],[23.3558937,44.3903244],[23.3606762,44.3892338],[23.3609201,44.3891223],[23.3618409,44.3890298],[23.3631639,44.3887958],[23.3640978,44.388692],[23.364812,44.3885274],[23.3703255,44.388181],[23.3766618,44.3876658],[23.3797698,44.3874997],[23.3799692,44.3913149],[23.3813563,44.3912556],[23.3814599,44.3935782],[23.3799725,44.3938936],[23.3800543,44.3949719],[23.3791229,44.3951413],[23.3794176,44.399617],[23.3821167,44.3992918],[23.3839952,44.3991278],[23.393627,44.3983818],[23.3978598,44.3982977],[23.3986381,44.3983208],[23.3988833,44.4015525],[23.3989746,44.402574],[23.3988168,44.4065404],[23.3987032,44.406643],[23.398239,44.4068152],[23.3982185,44.4071942],[23.3979452,44.4073263],[23.3969501,44.4075554],[23.3961088,44.4080014],[23.3945455,44.4085189],[23.3943028,44.4084702],[23.3942676,44.4082344],[23.3942046,44.4081588],[23.3941134,44.4081575],[23.3941483,44.4076518],[23.3942827,44.4075042],[23.3941056,44.4075932],[23.3940746,44.407675],[23.3938055,44.4077907],[23.3938096,44.4080168],[23.3935052,44.4080909],[23.3934547,44.4080322],[23.3935725,44.40792],[23.3935102,44.4079098],[23.3934581,44.4078138],[23.3932223,44.4078156],[23.3931585,44.4077661],[23.392742,44.4078323],[23.3923624,44.4078324],[23.391771,44.4075302],[23.3916116,44.4072559],[23.3917597,44.4071166],[23.391755,44.4070131],[23.3914067,44.406981],[23.3913774,44.4072145],[23.3901388,44.4069792],[23.3900508,44.4067591],[23.3896581,44.4066828],[23.3891369,44.4098769],[23.3876804,44.4144819],[23.393346,44.4151826],[23.3959444,44.4155771],[23.397951,44.4157028],[23.3982929,44.4157597],[23.3988291,44.4159614],[23.4000488,44.4161161],[23.4046732,44.4161001],[23.4069078,44.4158515],[23.4078443,44.4158099],[23.4086302,44.4159855],[23.4100844,44.4165972],[23.4116712,44.4167172],[23.4123148,44.4168116],[23.4128038,44.4169647],[23.4143504,44.4173095],[23.4152841,44.4173714],[23.4156674,44.4173464],[23.4162999,44.4172273],[23.417295,44.4169061],[23.4198394,44.4158997],[23.4205074,44.4157262],[23.421481,44.4155692],[23.4215001,44.4170504],[23.421446,44.4174763],[23.4215516,44.4176545],[23.4217773,44.4177978],[23.4218008,44.4181821],[23.4221573,44.4182054],[23.4229546,44.4179667],[23.423003,44.4180649],[23.4225582,44.4181622],[23.4219558,44.418422],[23.4216433,44.4186553],[23.4216242,44.4187342],[23.421972,44.4187635],[23.4223682,44.4185801],[23.422761,44.4185186],[23.4233079,44.4187334],[23.4239417,44.4191872],[23.4246018,44.4193061],[23.4251967,44.4190036],[23.4255534,44.4190208],[23.426882,44.4186311],[23.4268791,44.4187407],[23.4272951,44.4190756],[23.4273006,44.4191854],[23.427196,44.4192814],[23.4269735,44.4193332],[23.4268515,44.4194412],[23.426794,44.419678],[23.4270209,44.4197787],[23.4270274,44.419852],[23.4266517,44.4199076],[23.4263162,44.4200492],[23.4263724,44.4201719],[23.4260519,44.4203868],[23.4260195,44.4206423],[23.4257413,44.4205531],[23.4253488,44.4206025],[23.4249793,44.4207436],[23.4248633,44.4209431],[23.4247736,44.4211124],[23.4247873,44.4212345],[23.4249123,44.4213277],[23.4255977,44.4214531],[23.4257047,44.4212717],[23.4267037,44.4208103],[23.4268027,44.4209214],[23.4268817,44.4211419],[23.4261114,44.4213262],[23.4255499,44.4216261],[23.4257415,44.4219544],[23.4259677,44.4220458],[23.4264425,44.4220524],[23.4266873,44.4221062],[23.4270153,44.4223376],[23.4270676,44.4224365],[23.4275733,44.422602],[23.4284131,44.4229916],[23.4290886,44.4231717],[23.4297323,44.423266],[23.4304483,44.4232028],[23.430587,44.4231072],[23.4312274,44.4233234],[23.4328245,44.4232552],[23.4328605,44.42699],[23.4354331,44.4272335],[23.4367121,44.4271111],[23.438082,44.4270874],[23.4422841,44.42739],[23.4422919,44.4283427],[23.4423246,44.4301298],[23.4413368,44.4302322],[23.4401486,44.4305647],[23.4389604,44.4307363],[23.4369234,44.4311626],[23.4356019,44.4315987],[23.4352192,44.4317675],[23.4352007,44.431951],[23.4350481,44.4321036],[23.4329989,44.4323853],[23.4298309,44.4326893],[23.429382,44.4328088],[23.4288408,44.4328496],[23.427861,44.4330102],[23.4274918,44.4332017],[23.4272345,44.4332358],[23.4263537,44.4332329],[23.4246726,44.4335155],[23.4236206,44.4335389],[23.4226401,44.4334946],[23.4214087,44.4335824],[23.4211128,44.4336702],[23.4208274,44.4336873],[23.4196217,44.4335901],[23.4174401,44.4335337],[23.4164181,44.4333474],[23.4156185,44.4334042],[23.4142511,44.4351889],[23.4135476,44.4366508],[23.4136275,44.4368378],[23.4130105,44.4368504],[23.4127149,44.4369255],[23.411145,44.4378754],[23.4105631,44.4381567],[23.4088027,44.4384517],[23.4080086,44.4384039],[23.4073761,44.4382061],[23.4059413,44.4381065],[23.4051642,44.4382174],[23.4046452,44.4383746],[23.4037675,44.4384292],[23.4019365,44.438199],[23.4009488,44.437929],[23.4002753,44.4378281],[23.3988868,44.4378997],[23.3977908,44.438006],[23.3970339,44.4381537],[23.3964115,44.4382058],[23.3951797,44.4384564],[23.393358,44.4385035],[23.3925735,44.4385715],[23.3916814,44.4385344],[23.3895944,44.4383339],[23.3888766,44.4384516],[23.3884908,44.4385619],[23.386562,44.4387903],[23.3830449,44.4395382],[23.3825407,44.4396223],[23.382166,44.4396352],[23.381989,44.4395778],[23.3818816,44.4394666],[23.3809777,44.4392403],[23.3800004,44.439208],[23.3796997,44.4390086],[23.3793363,44.4389242],[23.378453,44.4388749],[23.3769081,44.4384565],[23.3749763,44.4384895],[23.3742918,44.4383273],[23.3739939,44.4383352],[23.3739153,44.4384072],[23.3730753,44.4386327],[23.3723618,44.438598],[23.371862,44.4385238],[23.3703103,44.4380443],[23.3696538,44.4377971],[23.3678893,44.4373266],[23.367236,44.4372684],[23.3670282,44.4370947],[23.3666822,44.4369983],[23.3662246,44.4369368],[23.3654171,44.436916],[23.3647644,44.4368364],[23.3642488,44.4367222],[23.3636356,44.4367469],[23.3620356,44.4369278],[23.3616407,44.4369068],[23.3611351,44.4367379],[23.3608713,44.4365939],[23.360096,44.4364851],[23.3599583,44.4362424],[23.3598319,44.4362009],[23.3596364,44.4361981],[23.3589499,44.4364105],[23.3574663,44.4365352],[23.3563506,44.4367322],[23.355835,44.4367673],[23.3554695,44.4367589],[23.3548969,44.4365555],[23.3539605,44.4361335],[23.3531421,44.4358991],[23.3526189,44.4359006],[23.3514685,44.4361245],[23.3499201,44.4362816],[23.34831,44.4362214],[23.3479254,44.4362828]]]}},{"type":"Feature","properties":{"entity_id":"osm-r9685770","jurisdiction":"RO","display_name":"UNIREA","display_type":"commune","admin_level":8,"tier":"local","legal_registry":"SIRUTA","legal_id":"74536","legal_type":"commune","parent_catalog_id":"osm-r2366970","osm_relation_id":9685770,"legal_identity_status":"reconciled","geometry_source":"OpenStreetMap","geometry_precision":"master_coordinate_fidelity"},"geometry":{"type":"Polygon","coordinates":[[[23.1098744,44.1501682],[23.111658,44.1506751],[23.1108151,44.141356],[23.1107641,44.1396856],[23.1189067,44.1396712],[23.1230633,44.1397387],[23.1335983,44.1396257],[23.1494164,44.1391895],[23.1562355,44.13908],[23.1572125,44.1391685],[23.1594041,44.1390784],[23.1639493,44.1389906],[23.1646958,44.1389766],[23.165447,44.1389593],[23.1657634,44.139005],[23.1659181,44.1389481],[23.1670485,44.1389521],[23.1681482,44.1388469],[23.1683636,44.1387794],[23.1687335,44.1387869],[23.1682991,44.1361562],[23.1683727,44.1361561],[23.1679581,44.133719],[23.1691185,44.1341369],[23.1708094,44.1351181],[23.1715872,44.1356713],[23.1721529,44.1358671],[23.1742653,44.1361156],[23.1747442,44.1362499],[23.1754579,44.1365833],[23.176399,44.1364678],[23.1766402,44.1371644],[23.1771573,44.1374469],[23.1773078,44.1372799],[23.1775576,44.1371798],[23.1794379,44.137099],[23.1869568,44.1370016],[23.1946263,44.1369607],[23.1946785,44.1368119],[23.1946855,44.1358825],[23.194652,44.1314197],[23.1945339,44.1264965],[23.2022622,44.1263296],[23.2167716,44.1262657],[23.2173377,44.1262747],[23.2174686,44.1263342],[23.2253065,44.1262551],[23.2253182,44.1262554],[23.2253305,44.1275482],[23.225669,44.1331095],[23.2254486,44.1387358],[23.2255062,44.1388419],[23.2256509,44.1388994],[23.2265869,44.1388988],[23.2265224,44.1404567],[23.2265276,44.1464548],[23.2263791,44.157481],[23.2264407,44.1629969],[23.22641,44.1676809],[23.2263437,44.1680652],[23.2199632,44.1660696],[23.2167516,44.1670926],[23.2124877,44.1685527],[23.2228033,44.172022],[23.2174191,44.1798444],[23.2167853,44.1808508],[23.2156916,44.1803522],[23.2152699,44.1803654],[23.1990882,44.175183],[23.1986085,44.1750787],[23.1980925,44.1750608],[23.197688,44.1751267],[23.1967307,44.1754976],[23.1962782,44.1755965],[23.1938499,44.1749033],[23.1929302,44.1759283],[23.1927979,44.1759628],[23.1838196,44.1751205],[23.1838493,44.175348],[23.1835682,44.1753289],[23.1819907,44.1751489],[23.177949,44.1748324],[23.1723136,44.1742146],[23.1693782,44.1739745],[23.1694114,44.1743908],[23.1695567,44.1742724],[23.1697703,44.1742405],[23.1707659,44.1742293],[23.1712573,44.1749339],[23.1713962,44.1754151],[23.1713005,44.1757704],[23.1708741,44.1766457],[23.1705188,44.1771095],[23.1704959,44.1778113],[23.1704043,44.1778716],[23.1700383,44.1779167],[23.1707583,44.1822598],[23.171316,44.1849254],[23.1636581,44.1855779],[23.1642209,44.1888166],[23.1555842,44.1895637],[23.1506979,44.1900532],[23.1491728,44.1901148],[23.1472041,44.1903285],[23.1412791,44.1907909],[23.135704,44.1913167],[23.122406,44.1924774],[23.1185955,44.1927698],[23.1184947,44.1926969],[23.1184579,44.1925598],[23.1179724,44.1900102],[23.1178438,44.1895052],[23.1139468,44.1695846],[23.1098744,44.1501682]]]}},{"type":"Feature","properties":{"entity_id":"osm-r9685771","jurisdiction":"RO","display_name":"PLENIȚA","display_type":"commune","admin_level":8,"tier":"local","legal_registry":"SIRUTA","legal_id":"73709","legal_type":"commune","parent_catalog_id":"osm-r2366970","osm_relation_id":9685771,"legal_identity_status":"reconciled","geometry_source":"OpenStreetMap","geometry_precision":"master_coordinate_fidelity"},"geometry":{"type":"Polygon","coordinates":[[[23.0890544,44.2429509],[23.0918533,44.2421411],[23.0946156,44.241183],[23.0972373,44.2403693],[23.0974995,44.2403579],[23.0977468,44.2404425],[23.0967384,44.2360216],[23.0966494,44.2351824],[23.0953221,44.2288289],[23.0941751,44.2227034],[23.1014085,44.220126],[23.111029,44.2177069],[23.1121244,44.2173752],[23.1101668,44.2152245],[23.1035086,44.2082101],[23.0951136,44.1992251],[23.1102803,44.1917393],[23.113955,44.1901473],[23.1144605,44.1898861],[23.1165568,44.1896431],[23.1178438,44.1895052],[23.1179724,44.1900102],[23.1184579,44.1925598],[23.1184947,44.1926969],[23.1185955,44.1927698],[23.122406,44.1924774],[23.135704,44.1913167],[23.1412791,44.1907909],[23.1472041,44.1903285],[23.1491728,44.1901148],[23.1506979,44.1900532],[23.1555842,44.1895637],[23.1642209,44.1888166],[23.1636581,44.1855779],[23.171316,44.1849254],[23.1707583,44.1822598],[23.1700383,44.1779167],[23.1704043,44.1778716],[23.1704959,44.1778113],[23.1705188,44.1771095],[23.1708741,44.1766457],[23.1713005,44.1757704],[23.1713962,44.1754151],[23.1712573,44.1749339],[23.1707659,44.1742293],[23.1697703,44.1742405],[23.1695567,44.1742724],[23.1694114,44.1743908],[23.1693782,44.1739745],[23.1723136,44.1742146],[23.177949,44.1748324],[23.1819907,44.1751489],[23.1835682,44.1753289],[23.1838493,44.175348],[23.1838196,44.1751205],[23.1927979,44.1759628],[23.1929302,44.1759283],[23.1938499,44.1749033],[23.1962782,44.1755965],[23.1967307,44.1754976],[23.197688,44.1751267],[23.1980925,44.1750608],[23.1986085,44.1750787],[23.1990882,44.175183],[23.2152699,44.1803654],[23.2156916,44.1803522],[23.2159709,44.1838263],[23.2170529,44.1916755],[23.2179165,44.195959],[23.2182174,44.196468],[23.2183161,44.1965672],[23.2218189,44.1958826],[23.2254314,44.1951182],[23.2270548,44.2047244],[23.2360186,44.203487],[23.2371071,44.2058097],[23.237195,44.2058924],[23.237526,44.2059789],[23.2377986,44.2063085],[23.2379104,44.2063509],[23.2384946,44.2072221],[23.2385055,44.2073823],[23.2378659,44.2078222],[23.2376251,44.2079323],[23.2362373,44.2070891],[23.2361449,44.2071527],[23.2361977,44.2072756],[23.2366351,44.2078548],[23.2360565,44.2084599],[23.2354714,44.2086849],[23.234989,44.2089328],[23.2344492,44.2091063],[23.2320279,44.2101744],[23.2283408,44.2118731],[23.2267388,44.2126814],[23.2253589,44.2137175],[23.224262,44.2143125],[23.2242338,44.2144654],[23.2244039,44.2147566],[23.2240481,44.2163025],[23.223705,44.2170582],[23.2234136,44.2175419],[23.2233876,44.2181958],[23.223243,44.2188437],[23.2230534,44.2193125],[23.2227106,44.2197991],[23.2223881,44.2210993],[23.222021,44.2220084],[23.2219844,44.2222803],[23.2210578,44.2252138],[23.2202425,44.2274618],[23.2197673,44.2293127],[23.2167141,44.2374012],[23.2160765,44.2393755],[23.215633,44.2401795],[23.2153779,44.2408109],[23.2162487,44.2413171],[23.2168025,44.241552],[23.2170845,44.2415926],[23.2191468,44.2415282],[23.219586,44.2415659],[23.2198723,44.241705],[23.2200791,44.2419509],[23.2201553,44.2426492],[23.2214745,44.2442611],[23.2221205,44.2449328],[23.2233297,44.2458432],[23.2247276,44.2468084],[23.2257995,44.2472776],[23.2265423,44.2476606],[23.2259009,44.2479949],[23.2219863,44.2494664],[23.2211581,44.2501418],[23.2204371,44.2508177],[23.2203616,44.2510644],[23.2198014,44.2520636],[23.2193013,44.253275],[23.2180776,44.2538691],[23.2178121,44.2540177],[23.2176524,44.2541819],[23.2171899,44.2544455],[23.2160758,44.2546969],[23.2160616,44.2538057],[23.2161041,44.2531177],[23.2160337,44.2531143],[23.2156177,44.2528434],[23.2153973,44.2528358],[23.213709,44.2534637],[23.2122884,44.2520992],[23.2115433,44.2512838],[23.2110526,44.2504193],[23.210229,44.2493388],[23.2095618,44.2485757],[23.2082971,44.2475599],[23.2073092,44.2466738],[23.1890219,44.2541405],[23.188615,44.2542504],[23.1873997,44.2543903],[23.1868636,44.2545619],[23.1866766,44.2545546],[23.1859909,44.254902],[23.1857,44.2549799],[23.1854755,44.2551023],[23.1851864,44.2551247],[23.1823416,44.2560033],[23.1796593,44.2565622],[23.1774491,44.2570999],[23.176593,44.2571082],[23.1757998,44.2569842],[23.1746633,44.256214],[23.1745642,44.2561884],[23.1743011,44.2558981],[23.1740902,44.2557938],[23.1735282,44.2557351],[23.1729066,44.2555842],[23.1726952,44.2555729],[23.1694731,44.2559249],[23.169039,44.2560413],[23.1658931,44.2564817],[23.1647307,44.2567112],[23.1638802,44.2564093],[23.1625893,44.2560445],[23.1609483,44.2556484],[23.1601884,44.255359],[23.1601817,44.2581618],[23.1607348,44.2600941],[23.1610337,44.2624281],[23.1613042,44.2633815],[23.1615889,44.2650957],[23.1618274,44.2656591],[23.1639445,44.2696865],[23.165819,44.2729266],[23.1662771,44.2735999],[23.1668429,44.2741459],[23.1669443,44.2743387],[23.1672148,44.2745546],[23.1676609,44.2747692],[23.1680996,44.2753749],[23.1680447,44.2754034],[23.1678286,44.2753738],[23.1671304,44.2755251],[23.1661695,44.2756639],[23.1641203,44.2758501],[23.1628248,44.2760266],[23.1630774,44.2766784],[23.1624579,44.2766932],[23.1620436,44.2765482],[23.1606022,44.2766669],[23.1590355,44.2764502],[23.1586227,44.2764394],[23.1581685,44.2764848],[23.1579343,44.2765501],[23.1577767,44.2765231],[23.1572426,44.2765876],[23.1571755,44.2760253],[23.1570343,44.2754821],[23.1569266,44.2753096],[23.1569418,44.2752315],[23.1567905,44.2751386],[23.1568398,44.2748781],[23.156722,44.2748144],[23.1556567,44.2746389],[23.1548503,44.274693],[23.1544862,44.2748345],[23.1536936,44.2750424],[23.1529003,44.2753825],[23.1501348,44.2763662],[23.1500772,44.2763998],[23.150131,44.2769198],[23.1499589,44.2769242],[23.1491186,44.2771884],[23.147839,44.2772727],[23.1475034,44.2775669],[23.1463457,44.2779475],[23.1455237,44.27827],[23.144005,44.2787918],[23.1407165,44.2797815],[23.1393566,44.2774903],[23.1381305,44.2778025],[23.1352346,44.2787544],[23.1326254,44.2795137],[23.1314441,44.2799221],[23.1232915,44.2823514],[23.121463,44.2827801],[23.1158124,44.2844421],[23.1144655,44.281926],[23.113516,44.2800167],[23.1131953,44.2796132],[23.1119182,44.277412],[23.1117088,44.2768798],[23.1113487,44.2762002],[23.1107306,44.275176],[23.1106094,44.2747451],[23.1101146,44.2740211],[23.1098087,44.2732509],[23.1093422,44.2724076],[23.1090549,44.2717038],[23.1090549,44.2711135],[23.1086362,44.2703649],[23.1084539,44.2697051],[23.1083916,44.2690999],[23.108497,44.2670455],[23.1083742,44.265981],[23.108427,44.2630273],[23.1084122,44.2627504],[23.1082809,44.2625157],[23.1081721,44.26248],[23.1061951,44.2627529],[23.1047482,44.2627643],[23.1024495,44.2625873],[23.098848,44.2622161],[23.0977269,44.2622278],[23.0957786,44.2623792],[23.0939048,44.2624476],[23.0936833,44.2621207],[23.09356,44.261906],[23.0931094,44.2594854],[23.0917378,44.2539142],[23.0913149,44.2519705],[23.0910859,44.2512303],[23.0891485,44.2434962],[23.0890544,44.2429509]]]}},{"type":"Feature","properties":{"entity_id":"osm-r9685772","jurisdiction":"RO","display_name":"VERBIȚA","display_type":"commune","admin_level":8,"tier":"local","legal_registry":"SIRUTA","legal_id":"74705","legal_type":"commune","parent_catalog_id":"osm-r2366970","osm_relation_id":9685772,"legal_identity_status":"reconciled","geometry_source":"OpenStreetMap","geometry_precision":"master_coordinate_fidelity"},"geometry":{"type":"Polygon","coordinates":[[[23.1158124,44.2844421],[23.121463,44.2827801],[23.1232915,44.2823514],[23.1314441,44.2799221],[23.1326254,44.2795137],[23.1352346,44.2787544],[23.1381305,44.2778025],[23.1393566,44.2774903],[23.1407165,44.2797815],[23.144005,44.2787918],[23.1455237,44.27827],[23.1463457,44.2779475],[23.1475034,44.2775669],[23.147839,44.2772727],[23.1491186,44.2771884],[23.1499589,44.2769242],[23.150131,44.2769198],[23.1500772,44.2763998],[23.1501348,44.2763662],[23.1529003,44.2753825],[23.1536936,44.2750424],[23.1544862,44.2748345],[23.1548503,44.274693],[23.1556567,44.2746389],[23.156722,44.2748144],[23.1568398,44.2748781],[23.1567905,44.2751386],[23.1569418,44.2752315],[23.1569266,44.2753096],[23.1570343,44.2754821],[23.1571755,44.2760253],[23.1572426,44.2765876],[23.1577767,44.2765231],[23.1579343,44.2765501],[23.1581685,44.2764848],[23.1586227,44.2764394],[23.1590355,44.2764502],[23.1606022,44.2766669],[23.1620436,44.2765482],[23.1624579,44.2766932],[23.1630774,44.2766784],[23.1628248,44.2760266],[23.1641203,44.2758501],[23.1661695,44.2756639],[23.1671304,44.2755251],[23.1678286,44.2753738],[23.1680447,44.2754034],[23.1680996,44.2753749],[23.1676609,44.2747692],[23.1672148,44.2745546],[23.1669443,44.2743387],[23.1668429,44.2741459],[23.1662771,44.2735999],[23.165819,44.2729266],[23.1639445,44.2696865],[23.1618274,44.2656591],[23.1615889,44.2650957],[23.1613042,44.2633815],[23.1610337,44.2624281],[23.1607348,44.2600941],[23.1601817,44.2581618],[23.1601884,44.255359],[23.1609483,44.2556484],[23.1625893,44.2560445],[23.1638802,44.2564093],[23.1647307,44.2567112],[23.1658931,44.2564817],[23.169039,44.2560413],[23.1694731,44.2559249],[23.1726952,44.2555729],[23.1729066,44.2555842],[23.1735282,44.2557351],[23.1740902,44.2557938],[23.1743011,44.2558981],[23.1745642,44.2561884],[23.1746633,44.256214],[23.1757998,44.2569842],[23.176593,44.2571082],[23.1774491,44.2570999],[23.1796593,44.2565622],[23.1823416,44.2560033],[23.1851864,44.2551247],[23.1854755,44.2551023],[23.1857,44.2549799],[23.1859909,44.254902],[23.1866766,44.2545546],[23.1868636,44.2545619],[23.1873997,44.2543903],[23.188615,44.2542504],[23.1890219,44.2541405],[23.2073092,44.2466738],[23.2082971,44.2475599],[23.2095618,44.2485757],[23.210229,44.2493388],[23.2110526,44.2504193],[23.2115433,44.2512838],[23.2122884,44.2520992],[23.213709,44.2534637],[23.2153973,44.2528358],[23.2156177,44.2528434],[23.2160337,44.2531143],[23.2161041,44.2531177],[23.2160616,44.2538057],[23.2160758,44.2546969],[23.2160285,44.2553825],[23.2158729,44.2561677],[23.2156824,44.2566609],[23.2153993,44.2569557],[23.2151346,44.2577234],[23.2150057,44.2583515],[23.2150123,44.2595646],[23.2147739,44.2605454],[23.2145223,44.2626681],[23.2145732,44.2640434],[23.2145144,44.264708],[23.2147284,44.2657708],[23.2151407,44.2671558],[23.2151912,44.2676528],[23.2158475,44.2698411],[23.2156844,44.2701536],[23.2161758,44.2712878],[23.216573,44.2719163],[23.2169538,44.2727258],[23.2183218,44.2745867],[23.2189321,44.2756006],[23.219193,44.2758528],[23.2205853,44.2769264],[23.2212468,44.2775197],[23.2215104,44.2778626],[23.221863,44.2781635],[23.2221571,44.2785857],[23.2224878,44.2792446],[23.2233112,44.2802816],[23.2237938,44.2806358],[23.2244058,44.2812362],[23.2255366,44.2826246],[23.2261337,44.2831775],[23.2265795,44.2834799],[23.2270545,44.2839048],[23.2273287,44.2842597],[23.228524,44.2862319],[23.2297689,44.2874668],[23.2300361,44.2879319],[23.2304283,44.2889133],[23.2306089,44.289544],[23.2314908,44.2908119],[23.2318045,44.2916874],[23.2320603,44.2921177],[23.2321861,44.2922644],[23.2331634,44.2930237],[23.2340517,44.2934956],[23.2342542,44.293664],[23.2348701,44.2945449],[23.2349242,44.2946393],[23.2349071,44.294867],[23.2351143,44.2955727],[23.2353658,44.2960547],[23.2356403,44.2964312],[23.2356724,44.2966398],[23.2359614,44.2971214],[23.2364857,44.2982905],[23.2365346,44.2984044],[23.2363406,44.2985154],[23.2356022,44.2987958],[23.2344102,44.2994194],[23.2320752,44.3002225],[23.2317563,44.3004658],[23.2314435,44.3008301],[23.2304301,44.301492],[23.2280961,44.3026129],[23.2268302,44.3033321],[23.2257204,44.303891],[23.2240107,44.3041453],[23.2220245,44.3042467],[23.2216373,44.3043556],[23.2213849,44.3043595],[23.2204418,44.3045701],[23.2189527,44.3050639],[23.2179206,44.3052224],[23.216026,44.3056714],[23.2150745,44.3057886],[23.2130698,44.3058775],[23.2127238,44.3057516],[23.2121374,44.305449],[23.2108372,44.3051978],[23.209746,44.3054628],[23.2083303,44.3058869],[23.2079617,44.3060873],[23.2074855,44.3064892],[23.2064429,44.3063116],[23.2058472,44.3061383],[23.2056054,44.3061418],[23.2052476,44.3059815],[23.2046127,44.3057963],[23.2034674,44.3056135],[23.2028674,44.305634],[23.1991836,44.3055356],[23.1986493,44.3055711],[23.194155,44.3054709],[23.1890751,44.3056244],[23.1860549,44.3069817],[23.1836989,44.3081331],[23.1836532,44.3081914],[23.18398,44.3086142],[23.1840711,44.3088559],[23.1840317,44.3092412],[23.1837178,44.3098072],[23.1837534,44.3100716],[23.18393,44.3102123],[23.1836819,44.3109527],[23.1835582,44.3110491],[23.1831862,44.3111928],[23.1831303,44.3114006],[23.1827431,44.3115047],[23.1826529,44.311582],[23.1825892,44.3119899],[23.1826434,44.3120762],[23.182154,44.312417],[23.1811369,44.3129045],[23.1810276,44.3135603],[23.1811381,44.3140623],[23.1811125,44.3143533],[23.1809673,44.3144337],[23.1802662,44.314576],[23.1785188,44.315548],[23.1761366,44.3166437],[23.1744179,44.3175689],[23.1720193,44.3186564],[23.1738929,44.3213492],[23.1739822,44.3216499],[23.1743086,44.3219112],[23.1761721,44.3244359],[23.1750651,44.3243009],[23.1715023,44.3236655],[23.1699244,44.3233708],[23.1602723,44.3217283],[23.1563095,44.3210608],[23.1494105,44.3197607],[23.1473304,44.3193334],[23.1459177,44.3190529],[23.1458092,44.3190179],[23.1453262,44.3188262],[23.1449245,44.3186043],[23.1439751,44.318052],[23.1417725,44.3168008],[23.1402011,44.3159437],[23.1398213,44.3155719],[23.1397322,44.3154782],[23.1397088,44.3154296],[23.1394081,44.3154742],[23.1385557,44.3156215],[23.1362299,44.3159701],[23.135805,44.3160393],[23.1343679,44.3162165],[23.1338284,44.3162184],[23.1332469,44.3162255],[23.1320292,44.3162688],[23.1311301,44.3162832],[23.1309704,44.3160946],[23.1305655,44.3156593],[23.1297498,44.314757],[23.1289467,44.3139665],[23.1283557,44.3133501],[23.1277169,44.312628],[23.1267818,44.3116119],[23.1261731,44.3110283],[23.1258816,44.3107583],[23.1248427,44.3096481],[23.1238271,44.3085357],[23.1232706,44.3079795],[23.1223133,44.3069655],[23.120817,44.3053375],[23.1193763,44.3036886],[23.118758,44.3030553],[23.1196225,44.3028119],[23.1200741,44.3027242],[23.1203535,44.3026447],[23.1206148,44.3025563],[23.120914,44.3024647],[23.1213056,44.30233],[23.1216554,44.3021899],[23.1218755,44.3020915],[23.1219934,44.302029],[23.1221392,44.3019815],[23.122314,44.3019314],[23.1225094,44.3018883],[23.1227911,44.301843],[23.122975,44.3018005],[23.1232645,44.3017052],[23.1235925,44.3015875],[23.1237729,44.3015019],[23.1238936,44.3014379],[23.1239597,44.3013623],[23.123962,44.3012896],[23.1239281,44.3011946],[23.1237014,44.3008244],[23.1233733,44.3002027],[23.1225554,44.2985408],[23.1223176,44.2980691],[23.1222244,44.2977805],[23.1215264,44.2964476],[23.120225,44.2939951],[23.1199757,44.293457],[23.1195775,44.2926972],[23.118751,44.2909956],[23.1187219,44.2909155],[23.1187104,44.2907802],[23.1187119,44.2907347],[23.1186762,44.2906743],[23.1185492,44.290537],[23.1184978,44.2904555],[23.118345,44.2901219],[23.117981,44.2893623],[23.117822,44.289053],[23.1177125,44.2888151],[23.1176216,44.2884739],[23.1174077,44.287887],[23.117198,44.2873871],[23.1170351,44.2870418],[23.1169382,44.286803],[23.1168505,44.2865129],[23.1167684,44.2861532],[23.1167247,44.2860469],[23.1166596,44.2859819],[23.1158124,44.2844421]]]}},{"type":"Feature","properties":{"entity_id":"osm-r9685773","jurisdiction":"RO","display_name":"BOTOȘEȘTI-PAIA","display_type":"commune","admin_level":8,"tier":"local","legal_registry":"SIRUTA","legal_id":"70968","legal_type":"commune","parent_catalog_id":"osm-r2366970","osm_relation_id":9685773,"legal_identity_status":"reconciled","geometry_source":"OpenStreetMap","geometry_precision":"master_coordinate_fidelity"},"geometry":{"type":"Polygon","coordinates":[[[23.2101756,44.4362702],[23.2081131,44.4363958],[23.2071126,44.4364134],[23.205532,44.4362389],[23.2053258,44.436178],[23.2051779,44.4360585],[23.2039461,44.4322943],[23.2038476,44.4317327],[23.2033564,44.4300652],[23.2027989,44.4277607],[23.2005188,44.4209534],[23.1991313,44.4182785],[23.1971854,44.4137723],[23.1970382,44.4138116],[23.1945746,44.4152324],[23.1875466,44.4190668],[23.1782634,44.4242219],[23.1760089,44.4230218],[23.1739689,44.4210836],[23.172274,44.4193107],[23.171746,44.4188914],[23.1708948,44.4176227],[23.1708738,44.4172801],[23.170783,44.4171303],[23.1704424,44.4168282],[23.16993,44.4159186],[23.1694061,44.4153739],[23.1691138,44.4149855],[23.1688779,44.4144496],[23.1686385,44.4141389],[23.16832,44.4137803],[23.1678553,44.4134512],[23.1675641,44.4131499],[23.1672544,44.4129499],[23.1663815,44.412136],[23.1671628,44.4119966],[23.1675983,44.411827],[23.1682247,44.4114877],[23.1692825,44.4108413],[23.1703983,44.4102542],[23.171589,44.4093882],[23.1773991,44.4060694],[23.1784747,44.4052309],[23.189205,44.3983991],[23.1933543,44.395904],[23.1957575,44.3945582],[23.1998422,44.3920529],[23.2006112,44.3917698],[23.201551,44.3915253],[23.2022406,44.3914044],[23.2054608,44.3903243],[23.2093116,44.3891539],[23.2100344,44.3888146],[23.2112531,44.3883719],[23.2130667,44.3878167],[23.2149,44.3873028],[23.2153447,44.3872188],[23.2167118,44.3867343],[23.2173975,44.3865157],[23.2175783,44.3863377],[23.2180906,44.385175],[23.2192119,44.3847777],[23.2229421,44.3831965],[23.2335245,44.3814216],[23.2418223,44.3800832],[23.2448176,44.3796667],[23.2452112,44.3810056],[23.2462695,44.3838122],[23.2472061,44.3836843],[23.2472449,44.3834109],[23.2474469,44.3833045],[23.2480303,44.3832259],[23.2482366,44.3839606],[23.2486022,44.3846432],[23.2488874,44.3856218],[23.2428621,44.3885045],[23.2443997,44.3921839],[23.2460402,44.3973349],[23.2483604,44.3969308],[23.2525488,44.3958617],[23.2533064,44.3957334],[23.253529,44.3957568],[23.2561186,44.3953635],[23.2581577,44.3951549],[23.2587914,44.3951247],[23.2604471,44.3951503],[23.260741,44.3961305],[23.2608575,44.3970973],[23.261895,44.3969672],[23.261996,44.3979651],[23.2680831,44.3973477],[23.2692143,44.3972619],[23.2701955,44.3972491],[23.2729423,44.3969387],[23.274281,44.3968707],[23.2809554,44.3963185],[23.2881756,44.3956112],[23.2947136,44.3948789],[23.2950856,44.394663],[23.295492,44.394525],[23.2961111,44.3944527],[23.2974333,44.3944102],[23.2990261,44.3945896],[23.3000261,44.3944368],[23.3023058,44.394301],[23.3019193,44.3931034],[23.3015352,44.393022],[23.3013923,44.3923065],[23.3015511,44.3920823],[23.3020536,44.3917206],[23.3038134,44.3916128],[23.3051162,44.3924662],[23.3062596,44.3930122],[23.3063716,44.3935846],[23.3067879,44.3937671],[23.3104487,44.3935284],[23.314258,44.3932008],[23.3141985,44.4001427],[23.3142693,44.4144301],[23.3035438,44.4134654],[23.2933524,44.4125108],[23.2927732,44.4124186],[23.290056,44.4121633],[23.2886548,44.4201228],[23.2872416,44.4200221],[23.2857631,44.4198886],[23.2839777,44.4196554],[23.2830926,44.424289],[23.2829548,44.4248619],[23.2833891,44.4248523],[23.2848067,44.4251909],[23.2852604,44.4253534],[23.2828048,44.4253054],[23.2819439,44.4253567],[23.2802397,44.4253665],[23.2785383,44.4252832],[23.269548,44.4253316],[23.2694579,44.4248361],[23.2688347,44.4239564],[23.2682003,44.4236172],[23.2663655,44.4238218],[23.2571195,44.4267227],[23.253028,44.4278518],[23.2519757,44.4282794],[23.251689,44.4283458],[23.250608,44.4284903],[23.2500293,44.4285089],[23.2481753,44.4282132],[23.2463638,44.4277894],[23.2476405,44.4310207],[23.2449116,44.4310532],[23.2431533,44.4309945],[23.2414095,44.43109],[23.2395237,44.4311286],[23.2396117,44.4323992],[23.2389155,44.4324266],[23.2395838,44.4341918],[23.2392278,44.434091],[23.2387312,44.4341993],[23.2386333,44.433927],[23.238532,44.433865],[23.238576,44.4341655],[23.2385347,44.4342902],[23.238243,44.4343448],[23.2381259,44.4345956],[23.2378904,44.43474],[23.2376591,44.4347451],[23.2373943,44.4346538],[23.2372428,44.4344337],[23.2365665,44.434275],[23.2354841,44.4342667],[23.2352267,44.4343324],[23.2349685,44.4334076],[23.2349219,44.4330434],[23.2341373,44.4334358],[23.2327538,44.4334224],[23.2323872,44.4333423],[23.2319472,44.4333276],[23.2314958,44.4333783],[23.2316494,44.4336368],[23.2318055,44.4345643],[23.231183,44.4345545],[23.2310681,44.4334129],[23.230096,44.4335216],[23.2301431,44.4346208],[23.2294306,44.4345353],[23.2293844,44.4341629],[23.2292468,44.4341359],[23.2289859,44.4343714],[23.2287072,44.4344331],[23.2265581,44.4343213],[23.2237035,44.434365],[23.2229746,44.4343218],[23.2218806,44.4343741],[23.2213418,44.4343308],[23.220691,44.4340946],[23.2205628,44.4341186],[23.2203338,44.4342628],[23.2195582,44.4350112],[23.2193186,44.435103],[23.2182718,44.4351995],[23.2172475,44.4351529],[23.2167571,44.4350539],[23.2163703,44.4351426],[23.2156463,44.4352086],[23.2152122,44.4351243],[23.2150002,44.4349909],[23.214815,44.4349663],[23.2145232,44.4351753],[23.2139491,44.4352869],[23.2135895,44.4354515],[23.2125692,44.4356791],[23.2111612,44.4358576],[23.2103669,44.4360087],[23.2101618,44.436091],[23.2101335,44.436165],[23.2101756,44.4362702]]]}},{"type":"Feature","properties":{"entity_id":"osm-r9685774","jurisdiction":"RO","display_name":"GRECEȘTI","display_type":"commune","admin_level":8,"tier":"local","legal_registry":"SIRUTA","legal_id":"72819","legal_type":"commune","parent_catalog_id":"osm-r2366970","osm_relation_id":9685774,"legal_identity_status":"reconciled","geometry_source":"OpenStreetMap","geometry_precision":"master_coordinate_fidelity"},"geometry":{"type":"Polygon","coordinates":[[[23.3479254,44.4362828],[23.3483143,44.4375204],[23.3489283,44.4394018],[23.3493046,44.4419479],[23.3492311,44.4421035],[23.3495264,44.4438565],[23.349621,44.4452958],[23.350078,44.4480866],[23.3508368,44.4500753],[23.3513224,44.4515637],[23.3512787,44.4517078],[23.3508613,44.4518806],[23.3508716,44.4519375],[23.3509139,44.4519835],[23.3515705,44.4521183],[23.3518082,44.4522621],[23.352609,44.4532553],[23.3536353,44.4540127],[23.3548793,44.4544103],[23.3573617,44.4549909],[23.3582507,44.4553173],[23.3600437,44.4582799],[23.360067,44.4586762],[23.359964,44.4598932],[23.3597544,44.4616816],[23.3599621,44.4643593],[23.3605402,44.4666094],[23.360886,44.4675799],[23.3611784,44.4692482],[23.3615387,44.4706424],[23.3625715,44.4739781],[23.3633136,44.4776881],[23.3642787,44.4789681],[23.3657445,44.4805334],[23.367099,44.4821093],[23.3584533,44.4848532],[23.3355119,44.4664691],[23.3312686,44.4632453],[23.326499,44.4593319],[23.3223605,44.4583786],[23.3201097,44.4583644],[23.3197508,44.4583148],[23.3189281,44.4581034],[23.3183047,44.4581236],[23.3147354,44.4580112],[23.3131546,44.4580281],[23.3121948,44.4579289],[23.3103788,44.4578907],[23.3096748,44.4576736],[23.3087,44.4577364],[23.3081523,44.4576286],[23.3080026,44.4576448],[23.3074063,44.4578792],[23.3070406,44.4579733],[23.3059732,44.4579498],[23.3053339,44.4579826],[23.3042751,44.4582782],[23.3028787,44.4583235],[23.3015888,44.4582488],[23.3000611,44.4585576],[23.2995575,44.4585278],[23.2992104,44.4586037],[23.2987832,44.458601],[23.2982818,44.4588441],[23.2977311,44.4590164],[23.2971045,44.4593166],[23.2955743,44.4598567],[23.2944142,44.4577691],[23.2938661,44.4578741],[23.2933869,44.4580304],[23.293469,44.4582267],[23.2928071,44.4583173],[23.2928639,44.4584755],[23.2921721,44.4585333],[23.2921323,44.4583831],[23.2919126,44.4583395],[23.291921,44.4584604],[23.2917118,44.4584687],[23.2918187,44.4587177],[23.2905435,44.4588358],[23.2902623,44.4581107],[23.2885048,44.4583431],[23.2888474,44.4594413],[23.2880364,44.4595255],[23.2875181,44.4595267],[23.2868548,44.459398],[23.2866217,44.4592363],[23.286362,44.4588248],[23.2857608,44.4584659],[23.2858951,44.4590632],[23.2844576,44.4590049],[23.2840442,44.4590576],[23.2819124,44.4590767],[23.2804513,44.4593936],[23.2778892,44.4596862],[23.2772761,44.4595294],[23.2771721,44.4595647],[23.2756521,44.4594382],[23.2751779,44.4591138],[23.2741744,44.4592754],[23.2738821,44.4590645],[23.2737348,44.4588263],[23.2726932,44.458884],[23.2698821,44.4585534],[23.2694705,44.458547],[23.2687449,44.4587129],[23.2676174,44.4588873],[23.2660486,44.459018],[23.2651734,44.4590193],[23.2646056,44.4590695],[23.2644004,44.4585798],[23.2635359,44.4587802],[23.2633538,44.466107],[23.2631269,44.4686907],[23.2629838,44.469633],[23.2630228,44.4702414],[23.2629836,44.4725862],[23.2626528,44.4749646],[23.2620742,44.4822478],[23.2581511,44.48191],[23.2547032,44.481488],[23.2508318,44.4809125],[23.2494961,44.4805414],[23.2488421,44.4803113],[23.2478806,44.4800295],[23.2464188,44.4799219],[23.2457816,44.4798231],[23.2442705,44.4794506],[23.2418702,44.478728],[23.2399108,44.4784557],[23.2395223,44.4782987],[23.2392456,44.4782532],[23.2390063,44.4780165],[23.2387064,44.4778156],[23.2374692,44.4770991],[23.236772,44.476502],[23.2366199,44.476292],[23.236348,44.4757002],[23.2361261,44.4745838],[23.2359378,44.4744259],[23.2350743,44.4742689],[23.2349081,44.4741986],[23.2347366,44.4742756],[23.2286112,44.4735786],[23.2231836,44.4728433],[23.2235482,44.4707199],[23.2230452,44.4706901],[23.2230345,44.4705424],[23.2226024,44.4704427],[23.2217667,44.4703418],[23.2140924,44.4703858],[23.2141208,44.4669938],[23.2134244,44.4670874],[23.2127324,44.4670689],[23.2117151,44.4671355],[23.2112572,44.4671232],[23.2110232,44.4670675],[23.2100965,44.467138],[23.209692,44.4670934],[23.2087598,44.4672096],[23.2084825,44.4673235],[23.208142,44.467237],[23.2076837,44.4673448],[23.2067301,44.4674762],[23.2064428,44.46743],[23.2052709,44.4675667],[23.2045205,44.4674851],[23.2039763,44.4677585],[23.2034387,44.4677231],[23.2026238,44.4677842],[23.2012706,44.467972],[23.2005573,44.4679362],[23.1998203,44.4680163],[23.1988243,44.4657261],[23.1973195,44.4626866],[23.1961052,44.4599512],[23.1966075,44.4599029],[23.1965155,44.4596672],[23.1964721,44.4590713],[23.1970261,44.4573623],[23.1965094,44.4564431],[23.1964772,44.4560196],[23.196548,44.4552073],[23.1964239,44.4528737],[23.1963897,44.4525337],[23.1962086,44.4524889],[23.1962282,44.4521909],[23.1963251,44.4519918],[23.1964673,44.4518775],[23.1965881,44.4518464],[23.1969211,44.4519615],[23.1971235,44.452127],[23.1972482,44.4521553],[23.1973709,44.452136],[23.1974849,44.4518931],[23.1976684,44.4518408],[23.1978119,44.4518927],[23.1978055,44.4520931],[23.197878,44.4521566],[23.1981679,44.4522257],[23.1983428,44.4521973],[23.1985307,44.4518512],[23.1986306,44.4517688],[23.1988583,44.4517838],[23.1989377,44.4517451],[23.1989397,44.4515846],[23.1990082,44.4515264],[23.1994253,44.451416],[23.200097,44.4511003],[23.2002606,44.4511324],[23.2004375,44.4512486],[23.2008281,44.4512378],[23.2010135,44.4507108],[23.2011398,44.4506738],[23.2014127,44.4507206],[23.2012019,44.4501104],[23.2013326,44.4500749],[23.2012439,44.4494234],[23.2016653,44.4494496],[23.2020367,44.4493663],[23.2024989,44.4491302],[23.2027195,44.4490745],[23.2054428,44.4484126],[23.2057663,44.4484283],[23.2061739,44.4483452],[23.2072614,44.4478479],[23.2081508,44.4475021],[23.2077665,44.4471811],[23.2074909,44.4467304],[23.2069941,44.4461003],[23.2071723,44.4458857],[23.2080977,44.4456045],[23.2085581,44.4454155],[23.2102068,44.4451777],[23.2123493,44.4447996],[23.2139058,44.4444061],[23.215124,44.4440444],[23.2165242,44.4437943],[23.2161799,44.4431755],[23.2151366,44.4401654],[23.2230498,44.4390914],[23.2222398,44.4360854],[23.2198986,44.436463],[23.2190262,44.4364665],[23.2173496,44.4366136],[23.2157909,44.4368666],[23.2138533,44.4368359],[23.2105006,44.4363315],[23.2101756,44.4362702],[23.2101335,44.436165],[23.2101618,44.436091],[23.2103669,44.4360087],[23.2111612,44.4358576],[23.2125692,44.4356791],[23.2135895,44.4354515],[23.2139491,44.4352869],[23.2145232,44.4351753],[23.214815,44.4349663],[23.2150002,44.4349909],[23.2152122,44.4351243],[23.2156463,44.4352086],[23.2163703,44.4351426],[23.2167571,44.4350539],[23.2172475,44.4351529],[23.2182718,44.4351995],[23.2193186,44.435103],[23.2195582,44.4350112],[23.2203338,44.4342628],[23.2205628,44.4341186],[23.220691,44.4340946],[23.2213418,44.4343308],[23.2218806,44.4343741],[23.2229746,44.4343218],[23.2237035,44.434365],[23.2265581,44.4343213],[23.2287072,44.4344331],[23.2289859,44.4343714],[23.2292468,44.4341359],[23.2293844,44.4341629],[23.2294306,44.4345353],[23.2301431,44.4346208],[23.230096,44.4335216],[23.2310681,44.4334129],[23.231183,44.4345545],[23.2318055,44.4345643],[23.2316494,44.4336368],[23.2314958,44.4333783],[23.2319472,44.4333276],[23.2323872,44.4333423],[23.2327538,44.4334224],[23.2341373,44.4334358],[23.2349219,44.4330434],[23.2349685,44.4334076],[23.2352267,44.4343324],[23.2354841,44.4342667],[23.2365665,44.434275],[23.2372428,44.4344337],[23.2373943,44.4346538],[23.2376591,44.4347451],[23.2378904,44.43474],[23.2381259,44.4345956],[23.238243,44.4343448],[23.2385347,44.4342902],[23.238576,44.4341655],[23.238532,44.433865],[23.2386333,44.433927],[23.2387312,44.4341993],[23.2392278,44.434091],[23.2395838,44.4341918],[23.2389155,44.4324266],[23.2396117,44.4323992],[23.2395237,44.4311286],[23.2414095,44.43109],[23.2431533,44.4309945],[23.2449116,44.4310532],[23.2476405,44.4310207],[23.2463638,44.4277894],[23.2481753,44.4282132],[23.2500293,44.4285089],[23.250608,44.4284903],[23.251689,44.4283458],[23.2519757,44.4282794],[23.253028,44.4278518],[23.2571195,44.4267227],[23.2663655,44.4238218],[23.2682003,44.4236172],[23.2688347,44.4239564],[23.2694579,44.4248361],[23.269548,44.4253316],[23.2785383,44.4252832],[23.2802397,44.4253665],[23.2819439,44.4253567],[23.2828048,44.4253054],[23.2852604,44.4253534],[23.2862218,44.4255157],[23.2866642,44.4254632],[23.2871384,44.4252731],[23.2875803,44.4252403],[23.2869023,44.427658],[23.2862743,44.4302418],[23.2861256,44.4303405],[23.286011,44.4312451],[23.285804,44.4320967],[23.2882012,44.4326634],[23.2885069,44.4326803],[23.2895346,44.4328757],[23.2914381,44.4333647],[23.2923462,44.4334333],[23.2933146,44.4333322],[23.2943443,44.4333143],[23.2974294,44.4333976],[23.2984162,44.4335344],[23.2994449,44.4338394],[23.301022,44.4338663],[23.302359,44.4339535],[23.3026368,44.4339089],[23.3041651,44.4338558],[23.305841,44.4338475],[23.3067659,44.4337791],[23.3103196,44.4336893],[23.3133191,44.4336459],[23.3142282,44.4336808],[23.3146463,44.4336353],[23.3170769,44.4335589],[23.3199434,44.433556],[23.3250939,44.433395],[23.3262204,44.4334118],[23.3270898,44.4333516],[23.3347026,44.4331932],[23.3348675,44.4332261],[23.3351964,44.4331761],[23.336313,44.4332414],[23.3366543,44.4332038],[23.3375446,44.4332992],[23.3383624,44.4332564],[23.3412004,44.4333562],[23.3460223,44.4329365],[23.3466598,44.4328026],[23.3468853,44.4327999],[23.3470396,44.4329057],[23.3472927,44.4340186],[23.3479254,44.4362828]]]}},{"type":"Feature","properties":{"entity_id":"osm-r9685775","jurisdiction":"RO","display_name":"SECU","display_type":"commune","admin_level":8,"tier":"local","legal_registry":"SIRUTA","legal_id":"74171","legal_type":"commune","parent_catalog_id":"osm-r2366970","osm_relation_id":9685775,"legal_identity_status":"reconciled","geometry_source":"OpenStreetMap","geometry_precision":"master_coordinate_fidelity"},"geometry":{"type":"Polygon","coordinates":[[[23.2438763,44.4954846],[23.2441765,44.4953283],[23.2441892,44.4952016],[23.244213,44.4951442],[23.2442388,44.4950137],[23.2444514,44.4943087],[23.2446351,44.4934333],[23.2449422,44.4920327],[23.2450486,44.4920408],[23.2450944,44.4915491],[23.2451588,44.4911908],[23.2451773,44.4911152],[23.2451965,44.490991],[23.2452662,44.4906405],[23.245308,44.490305],[23.2453255,44.4901066],[23.2453775,44.4899002],[23.2455913,44.489376],[23.2458804,44.4887482],[23.2459265,44.4886525],[23.2460312,44.4885137],[23.2466556,44.4868782],[23.2467214,44.4866643],[23.246679,44.486522],[23.2465358,44.4864594],[23.2460208,44.4863071],[23.2458644,44.4862683],[23.2466626,44.4839908],[23.2466916,44.4839257],[23.2467703,44.483864],[23.2466209,44.4838222],[23.2464986,44.4837434],[23.2464783,44.4837046],[23.2465076,44.4836589],[23.2466404,44.4836041],[23.2467174,44.4835827],[23.2469604,44.4835339],[23.2472261,44.48349],[23.2473154,44.4834486],[23.2474222,44.4833466],[23.2474542,44.4832255],[23.2474189,44.4830919],[23.2472815,44.4829378],[23.2471002,44.4827221],[23.2470565,44.4826605],[23.2470011,44.4825543],[23.2469837,44.4824782],[23.2469874,44.4824648],[23.2469578,44.4823644],[23.2469944,44.4822566],[23.2471481,44.4820555],[23.2475884,44.4816263],[23.2479027,44.4812957],[23.2480896,44.4811109],[23.2481504,44.4810611],[23.2486365,44.4805345],[23.2488421,44.4803113],[23.2494961,44.4805414],[23.2508318,44.4809125],[23.2547032,44.481488],[23.2581511,44.48191],[23.2620742,44.4822478],[23.2626528,44.4749646],[23.2629836,44.4725862],[23.2630228,44.4702414],[23.2629838,44.469633],[23.2631269,44.4686907],[23.2633538,44.466107],[23.2635359,44.4587802],[23.2644004,44.4585798],[23.2646056,44.4590695],[23.2651734,44.4590193],[23.2660486,44.459018],[23.2676174,44.4588873],[23.2687449,44.4587129],[23.2694705,44.458547],[23.2698821,44.4585534],[23.2726932,44.458884],[23.2737348,44.4588263],[23.2738821,44.4590645],[23.2741744,44.4592754],[23.2751779,44.4591138],[23.2756521,44.4594382],[23.2771721,44.4595647],[23.2772761,44.4595294],[23.2778892,44.4596862],[23.2804513,44.4593936],[23.2819124,44.4590767],[23.2840442,44.4590576],[23.2844576,44.4590049],[23.2858951,44.4590632],[23.2857608,44.4584659],[23.286362,44.4588248],[23.2866217,44.4592363],[23.2868548,44.459398],[23.2875181,44.4595267],[23.2880364,44.4595255],[23.2888474,44.4594413],[23.2885048,44.4583431],[23.2902623,44.4581107],[23.2905435,44.4588358],[23.2918187,44.4587177],[23.2917118,44.4584687],[23.291921,44.4584604],[23.2919126,44.4583395],[23.2921323,44.4583831],[23.2921721,44.4585333],[23.2928639,44.4584755],[23.2928071,44.4583173],[23.293469,44.4582267],[23.2933869,44.4580304],[23.2938661,44.4578741],[23.2944142,44.4577691],[23.2955743,44.4598567],[23.2971045,44.4593166],[23.2977311,44.4590164],[23.2982818,44.4588441],[23.2987832,44.458601],[23.2992104,44.4586037],[23.2995575,44.4585278],[23.3000611,44.4585576],[23.3015888,44.4582488],[23.3028787,44.4583235],[23.3042751,44.4582782],[23.3053339,44.4579826],[23.3059732,44.4579498],[23.3070406,44.4579733],[23.3074063,44.4578792],[23.3080026,44.4576448],[23.3081523,44.4576286],[23.3087,44.4577364],[23.3096748,44.4576736],[23.3103788,44.4578907],[23.3121948,44.4579289],[23.3131546,44.4580281],[23.3147354,44.4580112],[23.3183047,44.4581236],[23.3189281,44.4581034],[23.3197508,44.4583148],[23.3201097,44.4583644],[23.3223605,44.4583786],[23.326499,44.4593319],[23.3312686,44.4632453],[23.3355119,44.4664691],[23.3584533,44.4848532],[23.367099,44.4821093],[23.3677231,44.4831526],[23.3676196,44.4835593],[23.3670667,44.4842362],[23.3672752,44.4846738],[23.3669622,44.4853277],[23.3666161,44.4858495],[23.3656123,44.486849],[23.3650108,44.4872881],[23.3645426,44.4880656],[23.3640029,44.4899864],[23.3634531,44.4913024],[23.3626526,44.4927147],[23.3620544,44.4922894],[23.3614144,44.4919704],[23.3609447,44.4918235],[23.3597858,44.4916444],[23.3594182,44.4915284],[23.358796,44.4913129],[23.3576685,44.4907508],[23.3564986,44.4905936],[23.3549806,44.4907263],[23.3539824,44.4906896],[23.3536861,44.4906042],[23.3520997,44.4906031],[23.3510128,44.4907863],[23.3494092,44.4913896],[23.3486211,44.4915698],[23.3478999,44.4915739],[23.3473985,44.491456],[23.3466287,44.4913562],[23.3397093,44.4912471],[23.3392338,44.4913064],[23.3392014,44.4942186],[23.3387374,44.4942339],[23.3369957,44.4938985],[23.3369226,44.4939343],[23.3366671,44.4938641],[23.3350042,44.4936552],[23.3332527,44.4933049],[23.3304153,44.4931007],[23.3276633,44.4927944],[23.3264916,44.4927032],[23.3265014,44.4923642],[23.3259336,44.4924074],[23.3251516,44.4923736],[23.3240554,44.4921656],[23.3231304,44.4920929],[23.3226428,44.492211],[23.3197081,44.4918133],[23.3172267,44.4914149],[23.3150985,44.4912725],[23.3121692,44.4909193],[23.3113529,44.490874],[23.3104786,44.4907246],[23.3082505,44.4908381],[23.3069897,44.490974],[23.3064716,44.4910768],[23.3059664,44.4910913],[23.3051774,44.4909468],[23.3045715,44.490886],[23.3034161,44.4905884],[23.3018902,44.4902852],[23.2998496,44.4903114],[23.2987683,44.4904632],[23.297495,44.490486],[23.2939554,44.4903484],[23.2920546,44.4904799],[23.2913832,44.4906204],[23.2911838,44.4907428],[23.2913116,44.4909512],[23.2916516,44.4909489],[23.2917633,44.4910022],[23.2916534,44.4915831],[23.2910121,44.4927163],[23.2910384,44.4932182],[23.2906993,44.4935375],[23.2904449,44.4958637],[23.2905628,44.4960573],[23.2903306,44.4962454],[23.2904049,44.4965194],[23.2903366,44.4970862],[23.2901745,44.4976884],[23.2896318,44.4989632],[23.2895475,44.4993748],[23.2892941,44.4999314],[23.2892523,44.5002994],[23.289423,44.5004495],[23.289303,44.5004993],[23.2890731,44.5007834],[23.2889473,44.5010285],[23.2887413,44.5017222],[23.2885176,44.5019695],[23.2882259,44.502532],[23.2872892,44.5024089],[23.2853801,44.5023199],[23.2845209,44.5021078],[23.2834726,44.5020181],[23.2816327,44.5020982],[23.2801571,44.5017849],[23.2794704,44.5015331],[23.278796,44.5015012],[23.2775224,44.501293],[23.2770804,44.5012706],[23.2765855,44.5012636],[23.2763187,44.5012437],[23.2756522,44.5010257],[23.2751194,44.5008244],[23.2745659,44.500639],[23.2743126,44.5005602],[23.2735778,44.500395],[23.2729511,44.5002794],[23.2724229,44.5002593],[23.2719937,44.5001566],[23.2715451,44.5000916],[23.2704065,44.4999978],[23.268863,44.4998554],[23.2681497,44.499773],[23.2679966,44.4997437],[23.267641,44.4997345],[23.267383,44.4997186],[23.2669813,44.4996511],[23.2664915,44.4995997],[23.2662012,44.4995781],[23.2659847,44.4995515],[23.2655295,44.4993701],[23.2651338,44.4991005],[23.264948,44.4990068],[23.2645982,44.4988898],[23.26408,44.4988053],[23.2635904,44.498757],[23.2624009,44.4987547],[23.2618983,44.4987376],[23.2615659,44.4987122],[23.2610929,44.4986862],[23.2607389,44.4987065],[23.2602021,44.4986795],[23.25852,44.4984461],[23.2582999,44.4983838],[23.2581018,44.4982733],[23.2573485,44.4979988],[23.2570691,44.4978437],[23.2567946,44.4977625],[23.2565446,44.4977145],[23.2557814,44.4976343],[23.255014,44.4974085],[23.2538119,44.4972261],[23.2536077,44.4971923],[23.2534635,44.4971508],[23.2529237,44.4969336],[23.2523679,44.4967955],[23.2521462,44.4967831],[23.2519438,44.4968179],[23.2512555,44.4967004],[23.2509722,44.4966617],[23.2503787,44.4966365],[23.2500339,44.4967008],[23.2496564,44.4969026],[23.2493149,44.497054],[23.2491355,44.4970927],[23.2484216,44.4970034],[23.2469855,44.4968659],[23.2457925,44.4968304],[23.2448313,44.4968165],[23.2445352,44.4968055],[23.2446389,44.4964225],[23.2447355,44.4961762],[23.2445785,44.4959973],[23.2444693,44.4957966],[23.2443393,44.4957109],[23.2440392,44.4956355],[23.2439098,44.4955562],[23.2438763,44.4954846]]]}},{"type":"Feature","properties":{"entity_id":"osm-r9685776","jurisdiction":"RO","display_name":"ARGETOAIA","display_type":"commune","admin_level":8,"tier":"local","legal_registry":"SIRUTA","legal_id":"70744","legal_type":"commune","parent_catalog_id":"osm-r2366970","osm_relation_id":9685776,"legal_identity_status":"reconciled","geometry_source":"OpenStreetMap","geometry_precision":"master_coordinate_fidelity"},"geometry":{"type":"Polygon","coordinates":[[[23.3633136,44.4776881],[23.3698464,44.476365],[23.371905,44.4758352],[23.3734391,44.4756285],[23.3816119,44.4737877],[23.3830716,44.4735205],[23.3849672,44.4730777],[23.3865712,44.4728054],[23.3985669,44.470284],[23.4016739,44.4695026],[23.4027576,44.4693884],[23.4057815,44.4693223],[23.4073556,44.4693319],[23.4092107,44.4694167],[23.4107216,44.4694129],[23.411479,44.4694821],[23.4121101,44.4694743],[23.4135559,44.4693609],[23.4143392,44.4692168],[23.4164634,44.4690711],[23.4203485,44.4689498],[23.4219471,44.468985],[23.4237751,44.4689583],[23.4260055,44.4690556],[23.4271312,44.4690355],[23.429946,44.4685704],[23.4347725,44.4676338],[23.4371192,44.4672751],[23.4378892,44.4670887],[23.4393989,44.4669056],[23.4415185,44.4664747],[23.4425776,44.4661701],[23.4450294,44.4652867],[23.4452758,44.4652474],[23.4460449,44.4649923],[23.4473047,44.4647297],[23.4500576,44.464283],[23.4522408,44.4640939],[23.4540451,44.463878],[23.4549622,44.4637294],[23.4565921,44.4632772],[23.4580156,44.4630614],[23.4594259,44.4629743],[23.4611426,44.4630099],[23.463981,44.4627339],[23.4682082,44.4625167],[23.4698388,44.4622266],[23.4708411,44.4619404],[23.4728202,44.4614645],[23.4736563,44.4614428],[23.4738001,44.4613977],[23.4741873,44.4627911],[23.474356,44.4627925],[23.4742495,44.4628566],[23.4742374,44.4630673],[23.4744596,44.4633281],[23.4746235,44.4633209],[23.4746454,44.4634853],[23.4750096,44.4638229],[23.475404,44.464011],[23.4759579,44.4646043],[23.4774099,44.465859],[23.4790641,44.4672523],[23.4811639,44.4688486],[23.482191,44.4700523],[23.4824265,44.470239],[23.4834754,44.4715137],[23.4816582,44.4719978],[23.4823715,44.4728139],[23.4816583,44.4729104],[23.4813656,44.472995],[23.4823755,44.4739417],[23.4824578,44.4742068],[23.4824722,44.475126],[23.4831015,44.476215],[23.4831655,44.4766194],[23.4833958,44.4771398],[23.4835874,44.4774415],[23.484063,44.4779099],[23.4842067,44.4781597],[23.4816914,44.4783473],[23.4816001,44.4787896],[23.4808718,44.4788749],[23.4790619,44.4777349],[23.478588,44.4774847],[23.4787693,44.4772371],[23.4783205,44.4770247],[23.4778266,44.4765482],[23.4774473,44.4764035],[23.4769699,44.4761478],[23.4762251,44.4756229],[23.4759436,44.4756601],[23.4752229,44.4759292],[23.4750079,44.4761578],[23.4751215,44.4768631],[23.4752483,44.4770497],[23.4761941,44.4778976],[23.4764966,44.4780795],[23.4754917,44.4788934],[23.4758366,44.4792097],[23.4755705,44.4794608],[23.4763747,44.4800256],[23.4767055,44.4804488],[23.4769656,44.4811672],[23.4772284,44.4814413],[23.4774333,44.4817962],[23.475458,44.4822252],[23.475756,44.4830016],[23.4762712,44.4829199],[23.4785182,44.4870998],[23.4799434,44.490442],[23.4806154,44.4903248],[23.4809564,44.4900655],[23.481443,44.4899648],[23.4814839,44.4901633],[23.4819311,44.4902436],[23.4840955,44.4894396],[23.4848836,44.4892688],[23.4859972,44.489424],[23.4864929,44.4894141],[23.4876193,44.4890828],[23.4875098,44.4888669],[23.4873488,44.4879739],[23.4875735,44.4877542],[23.4883287,44.4875169],[23.4886812,44.4868123],[23.4889837,44.4867009],[23.4892865,44.4870184],[23.4904909,44.4867871],[23.4912823,44.4864842],[23.4918777,44.486187],[23.4923072,44.4865062],[23.4926927,44.4863051],[23.4953941,44.4898633],[23.4961695,44.4907377],[23.4942763,44.4911362],[23.4928673,44.4912806],[23.4909629,44.4914424],[23.4901415,44.4914678],[23.489275,44.4916044],[23.4878046,44.4916769],[23.486706,44.4916724],[23.4856854,44.491761],[23.480185,44.4926237],[23.4757129,44.4935558],[23.4750605,44.4937414],[23.47294,44.4945095],[23.4721108,44.4947156],[23.4680464,44.4954809],[23.4635125,44.4966229],[23.4627552,44.4967555],[23.462518,44.4967596],[23.4601645,44.4967119],[23.4578394,44.4966059],[23.457442,44.4966004],[23.4569677,44.4966682],[23.4518613,44.4975673],[23.4512387,44.4977938],[23.4485079,44.4990595],[23.4478098,44.4993056],[23.4466592,44.4994506],[23.4464759,44.4994109],[23.4462219,44.499428],[23.4459138,44.4995269],[23.4431579,44.499794],[23.4413749,44.5000952],[23.4401099,44.50042],[23.4398573,44.500598],[23.4389259,44.5018017],[23.4386735,44.5019714],[23.4379462,44.5026542],[23.4377992,44.503928],[23.4372714,44.5042049],[23.4371701,44.5043281],[23.4365434,44.5045569],[23.4330814,44.5062328],[23.4324537,44.5063863],[23.4334072,44.5077611],[23.4332036,44.5077938],[23.4331783,44.5078367],[23.4323489,44.5079117],[23.4317848,44.5080163],[23.4309609,44.5081023],[23.4305304,44.5080946],[23.4302837,44.5081828],[23.4302549,44.5082638],[23.4300741,44.508327],[23.4299656,44.5082269],[23.4299122,44.5082313],[23.4294817,44.5084768],[23.428279,44.5088919],[23.4280849,44.5090187],[23.4299284,44.510619],[23.4316754,44.5120087],[23.4317402,44.512115],[23.4323304,44.5124913],[23.4323249,44.5126957],[23.4324654,44.5127863],[23.4326216,44.5129998],[23.4328765,44.5130919],[23.4329262,44.5133653],[23.433001,44.5134208],[23.4333714,44.5134669],[23.4336312,44.5137295],[23.4339877,44.513939],[23.43433,44.5143186],[23.4346675,44.5144724],[23.4333133,44.5153335],[23.4331391,44.515323],[23.432575,44.5154182],[23.4323867,44.5153641],[23.4315654,44.5148696],[23.4312724,44.5147624],[23.4310388,44.5144954],[23.4288109,44.5127169],[23.4242829,44.5141665],[23.42458,44.5144215],[23.4251323,44.5147469],[23.4259325,44.5151341],[23.4256952,44.5153193],[23.4254983,44.5152493],[23.4248123,44.516108],[23.4235479,44.5173993],[23.4228278,44.5177781],[23.4215444,44.5181476],[23.4195454,44.5187999],[23.4140615,44.5206893],[23.4140849,44.5207998],[23.4163251,44.5240765],[23.4170847,44.524502],[23.4182081,44.5259664],[23.4176695,44.526163],[23.4159978,44.5266372],[23.4156015,44.5269261],[23.4152553,44.527144],[23.4142371,44.5274941],[23.4133284,44.5277606],[23.4126416,44.5279304],[23.4087425,44.5291475],[23.4065509,44.5301912],[23.4056032,44.5307819],[23.4048361,44.53109],[23.4047544,44.5311941],[23.4052033,44.5315943],[23.4054908,44.5317663],[23.4047478,44.532494],[23.4045712,44.5327922],[23.4041765,44.5328174],[23.4038719,44.5329287],[23.4038045,44.5330313],[23.4040305,44.5331198],[23.4040531,44.5333218],[23.403296,44.5337134],[23.4016955,44.5346658],[23.4001341,44.5353612],[23.4000007,44.5353836],[23.3992282,44.5360041],[23.3988565,44.5358767],[23.3978954,44.536098],[23.396989,44.5361328],[23.3966793,44.5362003],[23.3963798,44.5363439],[23.3958793,44.5362583],[23.3955486,44.5362856],[23.3953561,44.536365],[23.3945687,44.5369145],[23.3941732,44.5370522],[23.3937179,44.5369895],[23.3931208,44.5366311],[23.3929729,44.5366677],[23.3927463,44.5369843],[23.3919529,44.5374308],[23.3919149,44.5375201],[23.3916693,44.5375802],[23.3911899,44.5375346],[23.3909957,44.5378463],[23.3906474,44.5380927],[23.3895962,44.5381056],[23.3887707,44.5387825],[23.3877478,44.5393038],[23.3864927,44.5394952],[23.3845515,44.5404419],[23.3833987,44.5406561],[23.383196,44.5407808],[23.3829648,44.5411897],[23.3804345,44.5421227],[23.3796921,44.5422997],[23.3782612,44.542379],[23.3765372,44.5427789],[23.373542,44.5438147],[23.3704149,44.5444227],[23.3684402,44.5439121],[23.3668337,44.5435909],[23.3641004,44.5414131],[23.3638542,44.5412769],[23.3632031,44.5411983],[23.3628197,44.5409106],[23.3624292,44.5408204],[23.3621794,44.5407055],[23.3613143,44.5405585],[23.360309,44.5405438],[23.3598285,44.5403765],[23.3588098,44.5403526],[23.3586088,44.5402794],[23.3566392,44.5401805],[23.3566229,44.5405681],[23.3563932,44.5407908],[23.3538404,44.5387959],[23.3533635,44.5383107],[23.3530596,44.5378712],[23.3532017,44.537767],[23.3537764,44.5375352],[23.3560416,44.5367943],[23.3568354,44.5364718],[23.3569149,44.5362055],[23.3563269,44.5354847],[23.3559624,44.5357631],[23.3557958,44.5357739],[23.3556201,44.5356036],[23.3551631,44.5354587],[23.3550519,44.5353782],[23.3550079,44.5352313],[23.3551974,44.5348664],[23.3549151,44.5345489],[23.354814,44.5342093],[23.3545373,44.5338576],[23.354116,44.5339148],[23.3525736,44.5326075],[23.3524279,44.5326782],[23.3510813,44.5314261],[23.3500189,44.5303144],[23.3471431,44.5319017],[23.346713,44.5315069],[23.3438441,44.5293105],[23.3412185,44.5271496],[23.3382778,44.5248226],[23.3373411,44.5241456],[23.3368001,44.5236679],[23.3365411,44.5237777],[23.3360296,44.5242106],[23.3350772,44.5248596],[23.334436,44.5251397],[23.3339759,44.5254299],[23.3320969,44.5259581],[23.3309746,44.5263773],[23.3298593,44.5266948],[23.3283961,44.5271917],[23.3280968,44.5277776],[23.327798,44.5287293],[23.3275509,44.5290639],[23.3274585,44.5293609],[23.3272435,44.5296575],[23.3271452,44.5300535],[23.3269302,44.5303653],[23.3268159,44.5307765],[23.3267058,44.5309],[23.3252675,44.5307701],[23.3244797,44.5305793],[23.3238494,44.5308232],[23.3232122,44.5308576],[23.3231501,44.5309793],[23.3231976,44.5310785],[23.3231699,44.5312385],[23.3229607,44.5319085],[23.3228853,44.5320283],[23.3227276,44.5321155],[23.3230466,44.5322479],[23.3232372,44.5324751],[23.3239395,44.5326943],[23.3244654,44.5329778],[23.3254828,44.5330989],[23.3261654,44.5332358],[23.3255306,44.5340344],[23.3252384,44.5343098],[23.3245133,44.5348012],[23.3218182,44.5361975],[23.3215719,44.5363873],[23.3209734,44.5366256],[23.3200322,44.5371277],[23.3190474,44.5377783],[23.3187479,44.5379451],[23.318577,44.5379846],[23.3185918,44.5381751],[23.3184835,44.538472],[23.3181445,44.538974],[23.3181025,44.5393015],[23.3179946,44.5395222],[23.3178796,44.5395962],[23.3175913,44.5396696],[23.3168219,44.5397283],[23.316721,44.5399584],[23.316642,44.5399739],[23.3163788,44.5396796],[23.3161731,44.5396712],[23.3155177,44.539509],[23.3154814,44.539316],[23.3142356,44.5391921],[23.3139838,44.5392616],[23.3127665,44.539137],[23.3122102,44.5389317],[23.3119,44.538866],[23.311731,44.5394808],[23.3115321,44.539869],[23.3108736,44.5397863],[23.3102844,44.5399215],[23.3099205,44.5399161],[23.3095855,44.5396842],[23.3090163,44.5393871],[23.3087972,44.5390606],[23.308617,44.5389024],[23.307826,44.5387407],[23.3077556,44.538667],[23.3072038,44.538551],[23.3070952,44.5384671],[23.306326,44.5384612],[23.3061972,44.5383884],[23.306156,44.5382802],[23.3057482,44.5381431],[23.3047379,44.5379465],[23.3025823,44.5376828],[23.3020493,44.537561],[23.3012605,44.5374964],[23.3009834,44.5374108],[23.3004636,44.5370241],[23.300189,44.5369022],[23.2976311,44.5373104],[23.2957656,44.5374936],[23.2932292,44.5378142],[23.2922379,44.5378563],[23.2902768,44.5382052],[23.2895573,44.5382567],[23.2882751,44.5381727],[23.2879175,44.5382159],[23.287657,44.5383227],[23.2874148,44.5383522],[23.2867779,44.538095],[23.2858638,44.537554],[23.2850696,44.5369482],[23.2824981,44.5353556],[23.2819758,44.534885],[23.280401,44.5342317],[23.2798201,44.5340716],[23.2790256,44.5337256],[23.2779496,44.5331775],[23.2776298,44.5331105],[23.2773685,44.5331256],[23.2771555,44.5330415],[23.2762279,44.5329053],[23.2759082,44.5328041],[23.2742447,44.5327645],[23.2741115,44.5327072],[23.2737656,44.5323351],[23.2735152,44.5322033],[23.2727053,44.5319357],[23.272087,44.5318551],[23.2716607,44.531706],[23.2712023,44.5316541],[23.2707817,44.5313811],[23.2697153,44.5313535],[23.2694488,44.5313113],[23.2691609,44.5313454],[23.2680948,44.5312091],[23.2681112,44.5309841],[23.2680504,44.5307896],[23.2678347,44.5306464],[23.2674191,44.5305373],[23.2670946,44.5301614],[23.2669105,44.5302489],[23.2667373,44.5302526],[23.2661512,44.530008],[23.2654797,44.5298625],[23.2649785,44.5299326],[23.2648127,44.5301727],[23.2646606,44.5302393],[23.2642633,44.5302523],[23.2641509,44.5304562],[23.2631375,44.5306365],[23.2623165,44.5306071],[23.2616982,44.5305149],[23.2613465,44.530406],[23.2612507,44.5303372],[23.2612163,44.5302304],[23.2610858,44.530175],[23.2605899,44.5302355],[23.2602188,44.5304468],[23.2592991,44.5304345],[23.2586377,44.530575],[23.2585474,44.5304224],[23.2585721,44.5300868],[23.258431,44.5300237],[23.2577911,44.5300155],[23.2574762,44.5301677],[23.2564529,44.5300123],[23.2562794,44.5301189],[23.2560794,44.5301473],[23.2555677,44.530101],[23.2551947,44.5300131],[23.2549603,44.5299516],[23.2538621,44.5298839],[23.2567895,44.520508],[23.2570027,44.5202104],[23.2571681,44.5201979],[23.2576997,44.5203096],[23.2590204,44.5203874],[23.2593512,44.5203607],[23.2597467,44.5202636],[23.2600769,44.5202846],[23.2612375,44.5205443],[23.2616241,44.5205333],[23.2622608,44.520654],[23.2634147,44.5207427],[23.2642997,44.5207321],[23.2648858,44.5208927],[23.265168,44.5210608],[23.2654185,44.521082],[23.2673058,44.5209522],[23.2680843,44.5208308],[23.2689266,44.5208315],[23.2702386,44.5205428],[23.2714647,44.5205324],[23.2730212,44.5203132],[23.273834,44.5200886],[23.275536,44.519472],[23.2760798,44.5194598],[23.2762514,44.5193672],[23.2764242,44.5191792],[23.2771532,44.5188245],[23.2786778,44.5183271],[23.2791475,44.5182667],[23.2797168,44.5183365],[23.2799848,44.5181891],[23.2802834,44.5180998],[23.2811163,44.5176565],[23.2814683,44.517554],[23.2816982,44.5173541],[23.2822743,44.5171583],[23.2830869,44.5164004],[23.2835243,44.516256],[23.2838049,44.5160314],[23.2839737,44.5157036],[23.2839502,44.5155739],[23.2837548,44.5150552],[23.2833809,44.5145133],[23.2800951,44.5107348],[23.2797524,44.509621],[23.2794813,44.5091013],[23.2791172,44.5081145],[23.2790024,44.5076945],[23.2789502,44.5071449],[23.2789437,44.5065572],[23.2788224,44.5055492],[23.2788538,44.5049103],[23.279358,44.5032665],[23.2794116,44.502786],[23.2794704,44.5015331],[23.2801571,44.5017849],[23.2816327,44.5020982],[23.2834726,44.5020181],[23.2845209,44.5021078],[23.2853801,44.5023199],[23.2872892,44.5024089],[23.2882259,44.502532],[23.2885176,44.5019695],[23.2887413,44.5017222],[23.2889473,44.5010285],[23.2890731,44.5007834],[23.289303,44.5004993],[23.289423,44.5004495],[23.2892523,44.5002994],[23.2892941,44.4999314],[23.2895475,44.4993748],[23.2896318,44.4989632],[23.2901745,44.4976884],[23.2903366,44.4970862],[23.2904049,44.4965194],[23.2903306,44.4962454],[23.2905628,44.4960573],[23.2904449,44.4958637],[23.2906993,44.4935375],[23.2910384,44.4932182],[23.2910121,44.4927163],[23.2916534,44.4915831],[23.2917633,44.4910022],[23.2916516,44.4909489],[23.2913116,44.4909512],[23.2911838,44.4907428],[23.2913832,44.4906204],[23.2920546,44.4904799],[23.2939554,44.4903484],[23.297495,44.490486],[23.2987683,44.4904632],[23.2998496,44.4903114],[23.3018902,44.4902852],[23.3034161,44.4905884],[23.3045715,44.490886],[23.3051774,44.4909468],[23.3059664,44.4910913],[23.3064716,44.4910768],[23.3069897,44.490974],[23.3082505,44.4908381],[23.3104786,44.4907246],[23.3113529,44.490874],[23.3121692,44.4909193],[23.3150985,44.4912725],[23.3172267,44.4914149],[23.3197081,44.4918133],[23.3226428,44.492211],[23.3231304,44.4920929],[23.3240554,44.4921656],[23.3251516,44.4923736],[23.3259336,44.4924074],[23.3265014,44.4923642],[23.3264916,44.4927032],[23.3276633,44.4927944],[23.3304153,44.4931007],[23.3332527,44.4933049],[23.3350042,44.4936552],[23.3366671,44.4938641],[23.3369226,44.4939343],[23.3369957,44.4938985],[23.3387374,44.4942339],[23.3392014,44.4942186],[23.3392338,44.4913064],[23.3397093,44.4912471],[23.3466287,44.4913562],[23.3473985,44.491456],[23.3478999,44.4915739],[23.3486211,44.4915698],[23.3494092,44.4913896],[23.3510128,44.4907863],[23.3520997,44.4906031],[23.3536861,44.4906042],[23.3539824,44.4906896],[23.3549806,44.4907263],[23.3564986,44.4905936],[23.3576685,44.4907508],[23.358796,44.4913129],[23.3594182,44.4915284],[23.3597858,44.4916444],[23.3609447,44.4918235],[23.3614144,44.4919704],[23.3620544,44.4922894],[23.3626526,44.4927147],[23.3634531,44.4913024],[23.3640029,44.4899864],[23.3645426,44.4880656],[23.3650108,44.4872881],[23.3656123,44.486849],[23.3666161,44.4858495],[23.3669622,44.4853277],[23.3672752,44.4846738],[23.3670667,44.4842362],[23.3676196,44.4835593],[23.3677231,44.4831526],[23.367099,44.4821093],[23.3657445,44.4805334],[23.3642787,44.4789681],[23.3633136,44.4776881]]]}},{"type":"Feature","properties":{"entity_id":"osm-r9685777","jurisdiction":"RO","display_name":"BRALOȘTIȚA","display_type":"commune","admin_level":8,"tier":"local","legal_registry":"SIRUTA","legal_id":"71126","legal_type":"commune","parent_catalog_id":"osm-r2366970","osm_relation_id":9685777,"legal_identity_status":"reconciled","geometry_source":"OpenStreetMap","geometry_precision":"master_coordinate_fidelity"},"geometry":{"type":"Polygon","coordinates":[[[23.4156015,44.5269261],[23.4159978,44.5266372],[23.4176695,44.526163],[23.4182081,44.5259664],[23.4170847,44.524502],[23.4163251,44.5240765],[23.4140849,44.5207998],[23.4140615,44.5206893],[23.4195454,44.5187999],[23.4215444,44.5181476],[23.4228278,44.5177781],[23.4235479,44.5173993],[23.4248123,44.516108],[23.4254983,44.5152493],[23.4256952,44.5153193],[23.4259325,44.5151341],[23.4251323,44.5147469],[23.42458,44.5144215],[23.4242829,44.5141665],[23.4288109,44.5127169],[23.4310388,44.5144954],[23.4312724,44.5147624],[23.4315654,44.5148696],[23.4323867,44.5153641],[23.432575,44.5154182],[23.4331391,44.515323],[23.4333133,44.5153335],[23.4346675,44.5144724],[23.43433,44.5143186],[23.4339877,44.513939],[23.4336312,44.5137295],[23.4333714,44.5134669],[23.433001,44.5134208],[23.4329262,44.5133653],[23.4328765,44.5130919],[23.4326216,44.5129998],[23.4324654,44.5127863],[23.4323249,44.5126957],[23.4323304,44.5124913],[23.4317402,44.512115],[23.4316754,44.5120087],[23.4299284,44.510619],[23.4280849,44.5090187],[23.428279,44.5088919],[23.4294817,44.5084768],[23.4299122,44.5082313],[23.4299656,44.5082269],[23.4300741,44.508327],[23.4302549,44.5082638],[23.4302837,44.5081828],[23.4305304,44.5080946],[23.4309609,44.5081023],[23.4317848,44.5080163],[23.4323489,44.5079117],[23.4331783,44.5078367],[23.4332036,44.5077938],[23.4334072,44.5077611],[23.4324537,44.5063863],[23.4330814,44.5062328],[23.4365434,44.5045569],[23.4371701,44.5043281],[23.4372714,44.5042049],[23.4377992,44.503928],[23.4379462,44.5026542],[23.4386735,44.5019714],[23.4389259,44.5018017],[23.4398573,44.500598],[23.4401099,44.50042],[23.4413749,44.5000952],[23.4431579,44.499794],[23.4459138,44.4995269],[23.4462219,44.499428],[23.4464759,44.4994109],[23.4466592,44.4994506],[23.4478098,44.4993056],[23.4485079,44.4990595],[23.4512387,44.4977938],[23.4518613,44.4975673],[23.4569677,44.4966682],[23.457442,44.4966004],[23.4578394,44.4966059],[23.4601645,44.4967119],[23.462518,44.4967596],[23.4627552,44.4967555],[23.4635125,44.4966229],[23.4680464,44.4954809],[23.4721108,44.4947156],[23.47294,44.4945095],[23.4750605,44.4937414],[23.4757129,44.4935558],[23.480185,44.4926237],[23.4856854,44.491761],[23.486706,44.4916724],[23.4878046,44.4916769],[23.489275,44.4916044],[23.4901415,44.4914678],[23.4909629,44.4914424],[23.4928673,44.4912806],[23.4942763,44.4911362],[23.4961695,44.4907377],[23.497069,44.4906405],[23.5040395,44.4892002],[23.5054312,44.4888289],[23.5086623,44.4881454],[23.5105613,44.4877903],[23.5110001,44.4876601],[23.5134395,44.487124],[23.5146418,44.4868008],[23.515862,44.4868499],[23.5163501,44.4867081],[23.5166871,44.486717],[23.5168789,44.4865329],[23.5173365,44.486302],[23.5208879,44.4854019],[23.5307328,44.4831991],[23.5308121,44.483028],[23.5312003,44.4828009],[23.531696,44.4826302],[23.5325237,44.4824632],[23.532838,44.482313],[23.5332249,44.4818579],[23.5343131,44.4808946],[23.5345489,44.480574],[23.5349468,44.4801785],[23.5353754,44.479884],[23.5356196,44.4797631],[23.5376219,44.4790552],[23.5379644,44.4788096],[23.5389391,44.478527],[23.5403615,44.4778373],[23.5406827,44.477785],[23.5408161,44.4775871],[23.5409814,44.4774928],[23.5418136,44.4772916],[23.5430074,44.4768541],[23.5438866,44.4764685],[23.5450729,44.4760773],[23.5461431,44.4759431],[23.5471808,44.4756672],[23.5487027,44.4754508],[23.5503349,44.4749527],[23.5511475,44.4749076],[23.5516446,44.474826],[23.5521074,44.4746645],[23.5528079,44.474298],[23.5550821,44.473546],[23.5555028,44.4735793],[23.5574879,44.4743284],[23.5582079,44.4734695],[23.5599619,44.4738208],[23.5604616,44.4720181],[23.5610969,44.4727275],[23.5613267,44.472864],[23.5620539,44.4730069],[23.5624918,44.4729011],[23.5626342,44.4728027],[23.5631315,44.4728091],[23.563378,44.4729013],[23.5635434,44.473126],[23.5639739,44.4733208],[23.5670078,44.4744837],[23.5686015,44.4747934],[23.5690883,44.4745992],[23.5720107,44.4739906],[23.5728985,44.4739239],[23.5734556,44.4740311],[23.5734769,44.4740392],[23.57535,44.4747564],[23.5771809,44.4755365],[23.5780442,44.4758368],[23.5808118,44.4770962],[23.5831356,44.4780717],[23.5841906,44.4787974],[23.5853414,44.4794241],[23.586337,44.4794032],[23.5870226,44.479345],[23.5874688,44.479252],[23.5885501,44.4792721],[23.5887014,44.479228],[23.5888009,44.4791064],[23.5888229,44.4786461],[23.5893033,44.478299],[23.5899533,44.4780385],[23.5908935,44.4777509],[23.5910305,44.4778524],[23.5912549,44.4778859],[23.5915892,44.4778133],[23.5918938,44.4776405],[23.592575,44.4774188],[23.5928071,44.4772823],[23.5928852,44.4771604],[23.5933495,44.4770357],[23.5942647,44.4768936],[23.5946499,44.4769291],[23.5953377,44.4768763],[23.5963112,44.476543],[23.5965915,44.4764851],[23.5975377,44.4760876],[23.5980451,44.4761018],[23.598127,44.4767993],[23.5983315,44.4774202],[23.5986895,44.4780779],[23.5990953,44.4786096],[23.5995188,44.478919],[23.6015244,44.4796997],[23.6026099,44.4802602],[23.603533,44.4813266],[23.6036832,44.4822153],[23.6033457,44.4836615],[23.6026413,44.4850734],[23.601885,44.4861085],[23.5997112,44.4882928],[23.593718,44.4953858],[23.5933274,44.4956325],[23.592823,44.4961519],[23.5922314,44.4965075],[23.5917254,44.4969729],[23.5898652,44.4982935],[23.5893177,44.4984392],[23.5886944,44.4985003],[23.5881881,44.498473],[23.5870598,44.4983004],[23.5858372,44.4979639],[23.5846724,44.4977689],[23.5841385,44.4976192],[23.5826184,44.4973872],[23.5818257,44.4973795],[23.5812491,44.4975166],[23.5807139,44.4975779],[23.5794297,44.4979286],[23.57766,44.4988623],[23.5768881,44.4994574],[23.5766976,44.4996827],[23.5766579,44.4999182],[23.5758962,44.5003533],[23.5753054,44.5009445],[23.5745953,44.5013507],[23.5735638,44.5020653],[23.5721253,44.5027637],[23.571588,44.5029113],[23.5708269,44.5028945],[23.568386,44.5023151],[23.5678226,44.5021076],[23.5667476,44.5015485],[23.5656184,44.5008548],[23.5645193,44.5003975],[23.5639527,44.5002454],[23.5621967,44.4999241],[23.5610723,44.4998588],[23.560408,44.4997425],[23.5593188,44.4997095],[23.5575382,44.4997322],[23.5562601,44.4998124],[23.555673,44.499927],[23.5552095,44.5001237],[23.5544911,44.5005381],[23.5536392,44.5011579],[23.5501798,44.5025162],[23.5493227,44.5030796],[23.5486993,44.5034061],[23.54774,44.5037195],[23.5464466,44.5048594],[23.5461151,44.5052543],[23.5445246,44.5081166],[23.5418354,44.5116525],[23.5412004,44.5120614],[23.5407971,44.5122102],[23.535426,44.5134836],[23.5346936,44.5137463],[23.5329306,44.5142502],[23.531937,44.5147399],[23.5315454,44.51523],[23.5310825,44.5161946],[23.5299156,44.5195808],[23.5297221,44.5200281],[23.5293643,44.5205083],[23.5294009,44.5209142],[23.5293469,44.5215729],[23.5290173,44.5225322],[23.5259214,44.5242542],[23.5206174,44.5253212],[23.5170619,44.5251381],[23.5159378,44.5243505],[23.5153018,44.5218874],[23.5143894,44.5202843],[23.5146845,44.5186972],[23.5147581,44.5158343],[23.5142906,44.5142371],[23.5136681,44.5137288],[23.5109616,44.512693],[23.5086094,44.5127074],[23.5076293,44.51374],[23.5065645,44.5155896],[23.5051984,44.5167989],[23.5036427,44.5179602],[23.5010821,44.5186535],[23.498925,44.5184884],[23.492908,44.5195575],[23.491231,44.5185119],[23.4909846,44.5185815],[23.4907165,44.5185429],[23.4902143,44.5185683],[23.4890554,44.5185119],[23.4873459,44.518556],[23.4870289,44.5185168],[23.4868139,44.5184731],[23.486713,44.5180839],[23.4864458,44.517956],[23.4853902,44.5178606],[23.4847797,44.5176407],[23.4837976,44.5174499],[23.4836815,44.5173932],[23.4834024,44.5173692],[23.4831068,44.5172029],[23.4828672,44.5171589],[23.4822065,44.5171529],[23.4815597,44.517237],[23.4808524,44.5170042],[23.4804823,44.5170485],[23.4803604,44.5169048],[23.4797463,44.5167278],[23.4796674,44.5166455],[23.4794181,44.5165668],[23.4786582,44.5164811],[23.4783851,44.5163847],[23.4780627,44.5164644],[23.4779088,44.5164594],[23.4775677,44.5163273],[23.4767265,44.5164574],[23.4764254,44.5163461],[23.4757441,44.5162006],[23.4755803,44.5161085],[23.475297,44.5160902],[23.4749889,44.5159382],[23.4743127,44.5159087],[23.473728,44.5157836],[23.4735383,44.5156609],[23.4734016,44.5156546],[23.4729053,44.5158348],[23.4714942,44.5161458],[23.4709542,44.516094],[23.4687338,44.5165222],[23.4680759,44.5166957],[23.4677403,44.5166778],[23.4676741,44.5165923],[23.466121,44.5166071],[23.4651558,44.5163981],[23.4634412,44.5162902],[23.4627905,44.51642],[23.4612804,44.5160951],[23.4608043,44.5160471],[23.4605561,44.5161637],[23.460381,44.5164381],[23.4592611,44.5165842],[23.4588314,44.5167352],[23.4585192,44.5167225],[23.458005,44.5168954],[23.457552,44.5169491],[23.4552238,44.5174109],[23.4546153,44.517671],[23.4535631,44.5176566],[23.4526956,44.5177922],[23.4516137,44.5178038],[23.4515236,44.5178465],[23.4501034,44.5180486],[23.4489292,44.5181643],[23.4456561,44.5181983],[23.4460629,44.5223466],[23.4458786,44.5222872],[23.4456253,44.5223267],[23.4423103,44.5234018],[23.4397915,44.5240571],[23.4393533,44.5242631],[23.4388873,44.5243539],[23.4338898,44.5258738],[23.4326046,44.5263112],[23.4246451,44.5287931],[23.4230927,44.5293548],[23.4224453,44.5301326],[23.4219581,44.5306007],[23.4217611,44.5313636],[23.4215541,44.5317452],[23.4208882,44.5321565],[23.4201157,44.532103],[23.4192681,44.5324012],[23.4176587,44.5325447],[23.417257,44.5322182],[23.4168756,44.5314835],[23.4168005,44.5302062],[23.4171331,44.5288907],[23.4170151,44.5285694],[23.4156015,44.5269261]]]}},{"type":"Feature","properties":{"entity_id":"osm-r9685778","jurisdiction":"RO","display_name":"FILIAȘI","display_type":"town","admin_level":8,"tier":"local","legal_registry":"SIRUTA","legal_id":"70414","legal_type":"town","parent_catalog_id":"osm-r2366970","osm_relation_id":9685778,"legal_identity_status":"reconciled","geometry_source":"OpenStreetMap","geometry_precision":"master_coordinate_fidelity"},"geometry":{"type":"Polygon","coordinates":[[[23.6148283,44.59004],[23.6140865,44.5906962],[23.6139135,44.591065],[23.6138588,44.5915419],[23.6135318,44.5923563],[23.6134516,44.5924974],[23.6131146,44.5926619],[23.6128607,44.5927608],[23.6116179,44.5929818],[23.6105525,44.5932555],[23.6098002,44.59327],[23.6087526,44.593459],[23.6070351,44.593671],[23.6065953,44.5936625],[23.605656,44.593904],[23.6047772,44.5942143],[23.6044009,44.5946803],[23.6040158,44.5954269],[23.603602,44.59601],[23.6027896,44.5966325],[23.6019856,44.5971613],[23.6013664,44.5978736],[23.6009335,44.598183],[23.6000018,44.5986304],[23.5989769,44.5994317],[23.5985791,44.5998116],[23.5984988,44.6001435],[23.5984555,44.6010038],[23.5986819,44.6017414],[23.5989695,44.6021068],[23.5990901,44.6025106],[23.5994626,44.6029639],[23.6006051,44.6040289],[23.6009329,44.6049646],[23.600997,44.6052995],[23.6003847,44.6061701],[23.600114,44.606413],[23.5997103,44.6066745],[23.5993368,44.6071211],[23.5987924,44.6084691],[23.5985557,44.6088043],[23.5974223,44.6096125],[23.5954598,44.6108632],[23.5948944,44.6111125],[23.5932213,44.6115429],[23.5918719,44.612201],[23.59073,44.6126679],[23.5902058,44.6129946],[23.5898083,44.6132663],[23.5895619,44.6135257],[23.5891075,44.6142091],[23.5888961,44.6144327],[23.5887932,44.6147335],[23.588842,44.6151097],[23.5834249,44.6147191],[23.583459,44.6139842],[23.5828012,44.6136177],[23.5826929,44.6134678],[23.5820144,44.6132954],[23.5815238,44.6130721],[23.5811878,44.6130678],[23.5801348,44.6127231],[23.577639,44.6122687],[23.5748719,44.6119976],[23.5738433,44.6119618],[23.5738288,44.61147],[23.573528,44.6106928],[23.5729415,44.6106854],[23.5681612,44.6102971],[23.5653595,44.6101396],[23.5644418,44.6086496],[23.5640548,44.6074825],[23.5625438,44.6075471],[23.5609777,44.6074662],[23.5604238,44.6075105],[23.5596258,44.6076413],[23.5583683,44.6075947],[23.5576215,44.6073832],[23.5569146,44.6072828],[23.556242,44.6070951],[23.5556872,44.606886],[23.5555011,44.6068608],[23.55486,44.6069059],[23.5538738,44.6070952],[23.5532442,44.6071062],[23.5528288,44.6072952],[23.5523745,44.6073313],[23.5522871,44.607414],[23.5516149,44.6076302],[23.5509564,44.6077284],[23.5505935,44.6078905],[23.5503341,44.6079183],[23.5497482,44.6078386],[23.5493053,44.6078482],[23.5488788,44.6080523],[23.5480356,44.6080719],[23.5478745,44.6079022],[23.5474757,44.6078551],[23.5471265,44.6077401],[23.5478559,44.6063131],[23.5467867,44.6062003],[23.5470589,44.6058101],[23.5416027,44.6051104],[23.5373659,44.6047825],[23.5361304,44.6045942],[23.5339816,44.604087],[23.533252,44.6052385],[23.533089,44.6050742],[23.5329282,44.6050481],[23.532876,44.6049849],[23.5328762,44.6047111],[23.5327166,44.6046369],[23.5321505,44.6045476],[23.5317332,44.6043898],[23.5296919,44.6040705],[23.5279274,44.6035646],[23.5275868,44.6035373],[23.526875,44.6036309],[23.5264548,44.6035873],[23.5253538,44.6032605],[23.5241861,44.6026241],[23.5234875,44.6024131],[23.5229449,44.6023564],[23.5217397,44.6023521],[23.5178513,44.6018255],[23.5155538,44.6015475],[23.5145089,44.6014734],[23.5145874,44.6009917],[23.514778,44.600551],[23.5153932,44.5996499],[23.5156416,44.5985202],[23.5149943,44.5984941],[23.5149612,44.5978835],[23.5118639,44.5978282],[23.5103908,44.5978614],[23.5098842,44.5979216],[23.508061,44.5943264],[23.5073309,44.5925072],[23.5069357,44.5909705],[23.5070044,44.5906816],[23.5064337,44.5892528],[23.5061435,44.5888985],[23.5054002,44.586654],[23.505264,44.5859772],[23.5052958,44.5856797],[23.505638,44.5853178],[23.5058775,44.5851178],[23.5067163,44.5846614],[23.5069616,44.5844547],[23.5073248,44.5839312],[23.5076681,44.5835527],[23.5077328,44.5833306],[23.5066386,44.582788],[23.5040833,44.5820239],[23.5013518,44.5816286],[23.5015435,44.5802304],[23.4942086,44.5792921],[23.4949633,44.5771774],[23.4969376,44.5712109],[23.4961387,44.5712477],[23.4956584,44.5711236],[23.4928495,44.5709192],[23.4926755,44.5712396],[23.4924032,44.5720784],[23.491988,44.5730775],[23.4920256,44.5731231],[23.491958,44.5734165],[23.4913848,44.5756843],[23.4910278,44.5756893],[23.4902972,44.5755773],[23.4899317,44.5759593],[23.4896274,44.5767943],[23.4896615,44.577175],[23.4895262,44.5777467],[23.4895657,44.578135],[23.4894189,44.5785582],[23.4894305,44.5787296],[23.4847599,44.5782337],[23.4784748,44.5777311],[23.4783336,44.5782228],[23.477699,44.5781257],[23.4773947,44.57802],[23.4772786,44.5782298],[23.4765748,44.5781481],[23.4758202,44.5785274],[23.4748678,44.5787893],[23.4735732,44.5788426],[23.4720773,44.5791137],[23.4710438,44.5791548],[23.4692204,44.5789621],[23.4673174,44.5788382],[23.4669208,44.5787532],[23.4656617,44.5785983],[23.4655866,44.5783585],[23.4653995,44.5780882],[23.4650513,44.5771974],[23.4646822,44.5765503],[23.4643776,44.5762041],[23.464324,44.5760366],[23.4641638,44.5759682],[23.4638441,44.5756975],[23.4628609,44.575063],[23.4621937,44.5747933],[23.4595689,44.5743655],[23.4592915,44.5743467],[23.4585022,44.5744046],[23.459632,44.5737903],[23.4612363,44.5731033],[23.4615351,44.5731868],[23.4619622,44.5734415],[23.4626347,44.5737455],[23.4629655,44.5737757],[23.4630939,44.5740117],[23.4636062,44.5742054],[23.464161,44.5742734],[23.4644757,44.5742426],[23.4650142,44.5741164],[23.4653286,44.5739828],[23.4660152,44.5731023],[23.4663126,44.5723137],[23.4663114,44.5716053],[23.4660115,44.5709086],[23.4660113,44.5707906],[23.4662083,44.5705466],[23.4666229,44.5697655],[23.4666971,44.5694417],[23.4665472,44.5691143],[23.4662374,44.5688442],[23.4658745,44.5686884],[23.4647114,44.5683887],[23.4636072,44.568268],[23.4630205,44.5682571],[23.4625087,44.5683376],[23.4616504,44.5685479],[23.4605363,44.568888],[23.4604191,44.5689528],[23.4604246,44.5690785],[23.46035,44.5691357],[23.4578288,44.5700636],[23.4575355,44.5700943],[23.4571834,44.5700032],[23.4570979,44.5699081],[23.456996,44.5695235],[23.4569213,44.5694665],[23.4566332,44.5694439],[23.45594,44.5695017],[23.4550416,44.5695655],[23.4543446,44.5661861],[23.4537105,44.5642312],[23.4532666,44.5623826],[23.4531283,44.562185],[23.4522866,44.5588001],[23.4519147,44.5540663],[23.4519217,44.5537006],[23.4521669,44.5526176],[23.450925,44.5523916],[23.4508498,44.5526453],[23.4506199,44.5527836],[23.4501851,44.5528659],[23.4492042,44.5528531],[23.4487678,44.5526687],[23.4450845,44.5503719],[23.444249,44.5506015],[23.444094,44.5506981],[23.4439676,44.5509092],[23.4437598,44.5508799],[23.443386,44.5504519],[23.4430876,44.5499021],[23.4426687,44.549453],[23.4425422,44.5491496],[23.4425594,44.5489248],[23.4420292,44.5483228],[23.4416035,44.5476488],[23.4412109,44.5472531],[23.4407831,44.5469849],[23.4399708,44.5463381],[23.4398595,44.5461796],[23.4399322,44.5460427],[23.4399032,44.5459683],[23.4396431,44.545754],[23.4376315,44.5450955],[23.4363111,44.5447765],[23.4360267,44.5446155],[23.4356565,44.5444971],[23.4353609,44.5445638],[23.4352384,44.544682],[23.4352225,44.5448193],[23.4349801,44.5449317],[23.4344417,44.5444037],[23.4335195,44.5438795],[23.4331785,44.5438261],[23.4325178,44.5438337],[23.4322807,44.5437402],[23.4319529,44.5434753],[23.4316916,44.5433533],[23.4307085,44.5432198],[23.4300078,44.5429643],[23.4291552,44.5428327],[23.428609,44.5426821],[23.4283239,44.5425581],[23.4280039,44.5421273],[23.4277981,44.5419727],[23.4278599,44.5418452],[23.4278412,44.5417117],[23.4274575,44.5414562],[23.427636,44.5414677],[23.428009,44.5416222],[23.4282061,44.5416526],[23.4285364,44.5414945],[23.4292182,44.541384],[23.4300268,44.5411052],[23.4303041,44.541094],[23.4311171,44.5409233],[23.4317872,44.5410087],[23.4325486,44.540725],[23.4328473,44.5407103],[23.4334796,44.5404999],[23.4339423,44.540231],[23.4342029,44.5402674],[23.4345776,44.5401618],[23.4348009,44.5402035],[23.434862,44.5400421],[23.4351716,44.540014],[23.4353435,44.5399372],[23.4350058,44.539561],[23.4346286,44.5393274],[23.4334533,44.5383537],[23.4329338,44.5380198],[23.4321921,44.5377433],[23.4313863,44.5378093],[23.4311843,44.5377772],[23.4309571,44.5376572],[23.4307461,44.537362],[23.4304434,44.5366411],[23.4303098,44.536499],[23.4298075,44.5362568],[23.4295114,44.5357894],[23.4294426,44.5355983],[23.4294299,44.5352322],[23.4296554,44.5346393],[23.4295365,44.5342572],[23.4293664,44.5340672],[23.4287201,44.5336618],[23.4281067,44.533047],[23.4268472,44.5325128],[23.4261663,44.5324369],[23.4249981,44.5321874],[23.4239665,44.5320552],[23.4230755,44.5317946],[23.4215541,44.5317452],[23.4217611,44.5313636],[23.4219581,44.5306007],[23.4224453,44.5301326],[23.4230927,44.5293548],[23.4246451,44.5287931],[23.4326046,44.5263112],[23.4338898,44.5258738],[23.4388873,44.5243539],[23.4393533,44.5242631],[23.4397915,44.5240571],[23.4423103,44.5234018],[23.4456253,44.5223267],[23.4458786,44.5222872],[23.4460629,44.5223466],[23.4456561,44.5181983],[23.4489292,44.5181643],[23.4501034,44.5180486],[23.4515236,44.5178465],[23.4516137,44.5178038],[23.4526956,44.5177922],[23.4535631,44.5176566],[23.4546153,44.517671],[23.4552238,44.5174109],[23.457552,44.5169491],[23.458005,44.5168954],[23.4585192,44.5167225],[23.4588314,44.5167352],[23.4592611,44.5165842],[23.460381,44.5164381],[23.4605561,44.5161637],[23.4608043,44.5160471],[23.4612804,44.5160951],[23.4627905,44.51642],[23.4634412,44.5162902],[23.4651558,44.5163981],[23.466121,44.5166071],[23.4676741,44.5165923],[23.4677403,44.5166778],[23.4680759,44.5166957],[23.4687338,44.5165222],[23.4709542,44.516094],[23.4714942,44.5161458],[23.4729053,44.5158348],[23.4734016,44.5156546],[23.4735383,44.5156609],[23.473728,44.5157836],[23.4743127,44.5159087],[23.4749889,44.5159382],[23.475297,44.5160902],[23.4755803,44.5161085],[23.4757441,44.5162006],[23.4764254,44.5163461],[23.4767265,44.5164574],[23.4775677,44.5163273],[23.4779088,44.5164594],[23.4780627,44.5164644],[23.4783851,44.5163847],[23.4786582,44.5164811],[23.4794181,44.5165668],[23.4796674,44.5166455],[23.4797463,44.5167278],[23.4803604,44.5169048],[23.4804823,44.5170485],[23.4808524,44.5170042],[23.4815597,44.517237],[23.4822065,44.5171529],[23.4828672,44.5171589],[23.4831068,44.5172029],[23.4834024,44.5173692],[23.4836815,44.5173932],[23.4837976,44.5174499],[23.4847797,44.5176407],[23.4853902,44.5178606],[23.4864458,44.517956],[23.486713,44.5180839],[23.4868139,44.5184731],[23.4870289,44.5185168],[23.4873459,44.518556],[23.4890554,44.5185119],[23.4902143,44.5185683],[23.4907165,44.5185429],[23.4909846,44.5185815],[23.491231,44.5185119],[23.492908,44.5195575],[23.498925,44.5184884],[23.5010821,44.5186535],[23.5036427,44.5179602],[23.5051984,44.5167989],[23.5065645,44.5155896],[23.5076293,44.51374],[23.5086094,44.5127074],[23.5109616,44.512693],[23.5136681,44.5137288],[23.5142906,44.5142371],[23.5147581,44.5158343],[23.5146845,44.5186972],[23.5143894,44.5202843],[23.5153018,44.5218874],[23.5159378,44.5243505],[23.5170619,44.5251381],[23.5206174,44.5253212],[23.5259214,44.5242542],[23.5290173,44.5225322],[23.5293469,44.5215729],[23.5294009,44.5209142],[23.5293643,44.5205083],[23.5297221,44.5200281],[23.5299156,44.5195808],[23.5310825,44.5161946],[23.5315454,44.51523],[23.531937,44.5147399],[23.5329306,44.5142502],[23.5346936,44.5137463],[23.535426,44.5134836],[23.5407971,44.5122102],[23.5412004,44.5120614],[23.5418354,44.5116525],[23.5445246,44.5081166],[23.5461151,44.5052543],[23.5464466,44.5048594],[23.54774,44.5037195],[23.5489223,44.5044784],[23.548818,44.5045884],[23.5487148,44.5048888],[23.5489138,44.5052385],[23.5481471,44.506209],[23.5476117,44.5070541],[23.5466538,44.5080461],[23.546267,44.5086642],[23.5461572,44.5090583],[23.5461759,44.5092971],[23.5468153,44.5094047],[23.5474801,44.5099118],[23.5478302,44.5103336],[23.5484654,44.510935],[23.5485982,44.5111755],[23.5491174,44.5125724],[23.5492293,44.513271],[23.5492164,44.5135815],[23.5488428,44.514299],[23.5516444,44.5163685],[23.55447,44.5188663],[23.5569184,44.5174417],[23.5575797,44.5186525],[23.5594967,44.5168638],[23.5600855,44.5173582],[23.5612862,44.5181493],[23.5628188,44.5193212],[23.5700609,44.5242623],[23.5709571,44.5243937],[23.5707089,44.5248546],[23.5706298,44.5251287],[23.5708153,44.5253414],[23.5699505,44.5257176],[23.5690777,44.526267],[23.5676552,44.5270398],[23.5663516,44.5278878],[23.5663924,44.5279343],[23.5669984,44.5284078],[23.567794,44.5288684],[23.5680721,44.5291902],[23.5693739,44.5298113],[23.5696355,44.529867],[23.5698538,44.530121],[23.5696534,44.5300655],[23.5721675,44.5316218],[23.5726172,44.5321547],[23.573795,44.5328561],[23.5749022,44.5330762],[23.5749129,44.532984],[23.5750318,44.5329544],[23.5758365,44.5331186],[23.5759621,44.5331864],[23.5760498,44.5334605],[23.575504,44.5339266],[23.5784684,44.5353856],[23.5784208,44.5355091],[23.5784691,44.5355396],[23.5788277,44.5356637],[23.5793627,44.5356724],[23.5794488,44.5360139],[23.5810472,44.5358632],[23.5820499,44.5358298],[23.5823015,44.5360645],[23.5821661,44.5361486],[23.5821549,44.5363338],[23.5820228,44.5363451],[23.5818679,44.5365021],[23.5816872,44.5364996],[23.5811899,44.536785],[23.5809795,44.53697],[23.5807873,44.5370514],[23.5807971,44.5375115],[23.5808634,44.5377016],[23.58058,44.537937],[23.5805735,44.5382325],[23.5804815,44.538383],[23.5804699,44.5386176],[23.5801417,44.5388088],[23.5801402,44.5391197],[23.580086,44.5392053],[23.5798092,44.5394816],[23.5796632,44.5397267],[23.5794641,44.539786],[23.5792957,44.5399908],[23.5793152,44.5402578],[23.5795639,44.5406968],[23.5795891,44.5408548],[23.5794615,44.5413472],[23.5794179,44.5422359],[23.5793284,44.5428339],[23.5792402,44.5429161],[23.5788999,44.5429673],[23.578861,44.5430075],[23.5788335,44.5435494],[23.5789185,44.5437902],[23.5793658,44.5445446],[23.5795083,44.5451944],[23.579503,44.545579],[23.5796142,44.5458587],[23.5800974,44.5461837],[23.5803776,44.5478943],[23.5804412,44.5479633],[23.5806756,44.5480273],[23.5805764,44.5482839],[23.5806635,44.5485256],[23.5805588,44.5486421],[23.5807433,44.5490326],[23.5807499,44.5497514],[23.5806815,44.5502037],[23.5804242,44.5506387],[23.5802222,44.5512036],[23.5802491,44.551698],[23.5799476,44.5523429],[23.5799913,44.5526386],[23.579811,44.5529516],[23.5793003,44.5546071],[23.5790847,44.5548859],[23.5789042,44.5550287],[23.5788697,44.5552372],[23.578655,44.5556708],[23.5784123,44.5567494],[23.5784253,44.5572095],[23.5785788,44.5576823],[23.578354,44.5580713],[23.5781736,44.5585734],[23.5791181,44.5586886],[23.5811384,44.5592279],[23.5812499,44.5591048],[23.5814215,44.5590183],[23.5815423,44.5590275],[23.5817261,44.5591452],[23.5818947,44.5591524],[23.5821647,44.5590539],[23.5824294,44.5588543],[23.5828953,44.558093],[23.582923,44.5570508],[23.5833721,44.5565453],[23.5839646,44.5560723],[23.584246,44.5553021],[23.5844163,44.5550195],[23.5852263,44.5541232],[23.5859499,44.5530801],[23.5866824,44.5524385],[23.5869074,44.5520045],[23.5870111,44.5515443],[23.5873303,44.5508993],[23.587454,44.5508562],[23.5883626,44.5517303],[23.5883444,44.5508782],[23.5895599,44.549286],[23.5909958,44.5480007],[23.5913185,44.5475318],[23.5915222,44.5470299],[23.5918068,44.5456986],[23.5918344,44.5452768],[23.5921291,44.5444205],[23.5922843,44.5443161],[23.5928375,44.5435491],[23.5937527,44.5425789],[23.5939559,44.5421244],[23.5959355,44.5422945],[23.5964035,44.5424183],[23.5971437,44.5423498],[23.5974548,44.5424805],[23.5982966,44.5426771],[23.5996989,44.5428273],[23.6001654,44.5427876],[23.6005,44.5428322],[23.6006834,44.5427675],[23.6009881,44.5425128],[23.6011978,44.5424506],[23.6013694,44.542492],[23.6015817,44.5424604],[23.601614,44.5426121],[23.6017661,44.5427333],[23.6019022,44.543152],[23.6018278,44.5431942],[23.6018115,44.5433037],[23.6017093,44.5434175],[23.6015703,44.5434223],[23.6010969,44.5436947],[23.6011288,44.5437685],[23.6010763,44.5438745],[23.6012455,44.5441759],[23.600955,44.5443241],[23.6008614,44.5444366],[23.6010308,44.5448466],[23.6010171,44.544975],[23.6008574,44.5451399],[23.6008374,44.5453386],[23.6006153,44.5454133],[23.6002627,44.5458799],[23.5999464,44.5461265],[23.5998795,44.5463019],[23.5999625,44.546879],[23.5998276,44.547032],[23.5995611,44.5471795],[23.5994986,44.5475122],[23.5995992,44.5475961],[23.5996214,44.5477858],[23.600713,44.5481466],[23.6010136,44.5482988],[23.6013747,44.5483826],[23.6018051,44.5486155],[23.6016105,44.5488314],[23.6014836,44.5488433],[23.6012083,44.5491874],[23.6011294,44.5492274],[23.6006802,44.5492081],[23.6005668,44.5492804],[23.6004162,44.5496636],[23.600357,44.5500426],[23.599982,44.5505452],[23.5998445,44.5508726],[23.6000555,44.5510503],[23.6008813,44.5514496],[23.6011508,44.5515239],[23.6014826,44.5518012],[23.6025388,44.5522982],[23.6024681,44.5523584],[23.6040893,44.5529074],[23.6045488,44.5531311],[23.604858,44.5530345],[23.6050963,44.5528503],[23.605122,44.5528868],[23.6051312,44.5530112],[23.6052752,44.5531356],[23.6052625,44.5532212],[23.6058552,44.5534626],[23.6062636,44.5538242],[23.6063419,44.5541328],[23.6067778,44.5545777],[23.6068837,44.5548235],[23.6073221,44.5551029],[23.6073958,44.5552178],[23.6074414,44.5556541],[23.6076195,44.5558601],[23.6072006,44.5562793],[23.606972,44.5567732],[23.6070476,44.5570052],[23.6071779,44.5571567],[23.6072432,44.5578369],[23.6071633,44.5585817],[23.6050109,44.5586668],[23.6032157,44.5588633],[23.6029458,44.5589358],[23.602329,44.5588463],[23.6015412,44.558458],[23.6009691,44.558303],[23.599668,44.5583463],[23.5995769,44.5585072],[23.5993277,44.5584941],[23.5992976,44.5582559],[23.5988683,44.5579579],[23.5982988,44.557821],[23.5980279,44.5576773],[23.5976286,44.5575816],[23.597353,44.5578326],[23.5974034,44.5579498],[23.597703,44.5581905],[23.5977286,44.5584038],[23.5979225,44.5585116],[23.5977727,44.5589379],[23.5980083,44.5591332],[23.5985661,44.5592768],[23.5989895,44.5595302],[23.599173,44.5595793],[23.5992085,44.5599426],[23.5994461,44.5600685],[23.5995811,44.5602244],[23.5996403,44.5606099],[23.5993493,44.561014],[23.5994129,44.5614365],[23.5995907,44.5616133],[23.5994924,44.5618146],[23.599548,44.5621808],[23.5993412,44.5623494],[23.5993235,44.56244],[23.5995946,44.5627247],[23.5996089,44.5632264],[23.5998154,44.5633241],[23.5998501,44.5633839],[23.599682,44.5634902],[23.5996539,44.5640101],[23.5994089,44.5640278],[23.599221,44.5640839],[23.599155,44.564151],[23.5991521,44.5642139],[23.5993011,44.5643231],[23.5993812,44.56448],[23.5992027,44.564721],[23.5992349,44.5647763],[23.5993694,44.56482],[23.5993827,44.5649355],[23.5989928,44.5652612],[23.5989143,44.5659646],[23.5986351,44.5664541],[23.5982601,44.5679791],[23.5980057,44.5685182],[23.5976685,44.5687483],[23.5971445,44.5688547],[23.5967296,44.5690247],[23.5955481,44.5701907],[23.5944172,44.570961],[23.5943576,44.5711103],[23.594179,44.5712809],[23.5939369,44.5712905],[23.5938028,44.571339],[23.5929323,44.5721841],[23.5929795,44.5724201],[23.5929467,44.5727776],[23.5927924,44.5729531],[23.5926377,44.5733888],[23.5924922,44.5735941],[23.5923404,44.5736884],[23.5922965,44.5737992],[23.5925501,44.5745584],[23.5924593,44.5746444],[23.5922226,44.5747034],[23.5920397,44.5750533],[23.5916974,44.5754456],[23.5914678,44.5759882],[23.5910689,44.5781806],[23.5908611,44.579013],[23.5906963,44.5801779],[23.5907155,44.5805437],[23.5904314,44.5813222],[23.5904195,44.5816526],[23.5906154,44.5825874],[23.590823,44.5830448],[23.5910237,44.5832872],[23.5911976,44.5834159],[23.5917699,44.5836515],[23.5930921,44.5839209],[23.5937046,44.5841185],[23.5949941,44.5843307],[23.5960682,44.5845891],[23.5961555,44.5845228],[23.5969563,44.584735],[23.5983899,44.585256],[23.6000593,44.5857485],[23.5998523,44.585795],[23.6057396,44.5865792],[23.6073859,44.5868168],[23.6079294,44.586942],[23.6084049,44.5871378],[23.6109937,44.5885913],[23.6117708,44.5890788],[23.6124995,44.5894432],[23.6148283,44.59004]]]}},{"type":"Feature","properties":{"entity_id":"osm-r9685779","jurisdiction":"RO","display_name":"MELINEȘTI","display_type":"commune","admin_level":8,"tier":"local","legal_registry":"SIRUTA","legal_id":"73102","legal_type":"commune","parent_catalog_id":"osm-r2366970","osm_relation_id":9685779,"legal_identity_status":"reconciled","geometry_source":"OpenStreetMap","geometry_precision":"master_coordinate_fidelity"},"geometry":{"type":"Polygon","coordinates":[[[23.7966857,44.5324064],[23.7962794,44.532764],[23.794502,44.5342705],[23.7923244,44.5360228],[23.7918569,44.536399],[23.7899496,44.5378256],[23.7895173,44.5382162],[23.7875734,44.5395603],[23.7873509,44.539782],[23.7868593,44.5405425],[23.7863793,44.5410711],[23.7862222,44.5413495],[23.7862149,44.5414763],[23.7861272,44.5415883],[23.7859025,44.5417186],[23.7858271,44.5418566],[23.7857525,44.5418528],[23.7856121,44.5416097],[23.7839152,44.5424152],[23.7828803,44.5427452],[23.7808738,44.5432445],[23.7802446,44.543505],[23.7797257,44.5438139],[23.7796643,44.5437884],[23.7788325,44.5439455],[23.776583,44.544748],[23.7752007,44.5450651],[23.7740571,44.5457022],[23.7734454,44.5461479],[23.7731352,44.5463117],[23.7721613,44.5467794],[23.7712806,44.5470827],[23.7707797,44.5473955],[23.7703849,44.5477478],[23.7695359,44.5483778],[23.7686881,44.5488563],[23.7669178,44.5497239],[23.7657114,44.5500487],[23.7639656,44.5503927],[23.76299,44.5506476],[23.7622532,44.5507407],[23.7609372,44.5507135],[23.7606804,44.5507592],[23.7603485,44.5509395],[23.7602266,44.5510717],[23.7594671,44.5515843],[23.7583842,44.5527805],[23.7583217,44.5533108],[23.7581363,44.5537911],[23.757986,44.5539705],[23.7575447,44.5543144],[23.7566882,44.5553196],[23.7564902,44.5558455],[23.7556692,44.5574866],[23.7553389,44.5578551],[23.7550276,44.5580383],[23.7548583,44.5583217],[23.7542622,44.5587131],[23.7517705,44.5597773],[23.7510244,44.560333],[23.7507473,44.5607115],[23.7495601,44.5612642],[23.7487618,44.5618026],[23.7479062,44.5620643],[23.7484217,44.562182],[23.7488527,44.5623697],[23.7497097,44.5624091],[23.7498424,44.5624531],[23.7499315,44.5625788],[23.7501214,44.5626284],[23.7498882,44.5628224],[23.7493654,44.5629443],[23.7492232,44.5631549],[23.7492284,44.5636746],[23.7493389,44.5638689],[23.7493653,44.5640524],[23.7492944,44.5646056],[23.749227,44.5646853],[23.7491346,44.5647401],[23.7489797,44.5647071],[23.7487945,44.5647545],[23.7481891,44.5647825],[23.7480454,44.5648358],[23.7478236,44.5650465],[23.7471933,44.5649678],[23.7469948,44.565073],[23.7464541,44.5649342],[23.7462638,44.5649329],[23.7460943,44.5650668],[23.7457966,44.5655069],[23.7433893,44.5651334],[23.7428958,44.5660355],[23.742698,44.5670932],[23.7427487,44.5677138],[23.7429233,44.5684255],[23.7420315,44.5682008],[23.7414308,44.5680956],[23.7409524,44.5681046],[23.7399559,44.5682144],[23.7397521,44.5680224],[23.7393493,44.5678584],[23.7390206,44.567587],[23.7389092,44.56758],[23.7389209,44.5677738],[23.7388106,44.5677156],[23.7379544,44.5671535],[23.7378372,44.567044],[23.7378245,44.5668958],[23.737565,44.5669213],[23.7368648,44.5663325],[23.7360314,44.5660013],[23.7356835,44.5660601],[23.7355222,44.5661523],[23.7353247,44.5664349],[23.7348913,44.5665781],[23.7345087,44.5665852],[23.7341076,44.566706],[23.7337357,44.5669524],[23.7329971,44.5672062],[23.7326722,44.5674873],[23.7324075,44.5679286],[23.7314463,44.5685159],[23.7313228,44.5685174],[23.7311621,44.5683988],[23.7308842,44.568353],[23.7305608,44.5683835],[23.7301872,44.5685245],[23.7298064,44.5688107],[23.7292481,44.5690152],[23.7291621,44.5682139],[23.7290582,44.5680476],[23.7287958,44.5678453],[23.7277857,44.5699505],[23.7222379,44.5690642],[23.7198314,44.5685698],[23.7188054,44.5681252],[23.7184043,44.5678871],[23.7181788,44.5676396],[23.7176053,44.5672685],[23.717185,44.5671783],[23.7166718,44.5673263],[23.7162513,44.5676006],[23.7158444,44.5679833],[23.7154548,44.5686624],[23.7152438,44.5695486],[23.7150007,44.5700869],[23.7148542,44.5705808],[23.7147554,44.5714398],[23.7145639,44.5718079],[23.7142104,44.5722937],[23.713303,44.57332],[23.7124162,44.574489],[23.7119573,44.5754122],[23.7117666,44.5764581],[23.7118347,44.5776892],[23.7115855,44.5792129],[23.7115655,44.5797481],[23.7113903,44.5800993],[23.7107973,44.5809583],[23.7098068,44.5817672],[23.7091512,44.5825742],[23.7081448,44.5844874],[23.7077048,44.5850926],[23.7075276,44.5863176],[23.7071111,44.5875134],[23.70604,44.5901413],[23.706241,44.5909453],[23.7061684,44.5914334],[23.7056097,44.5915946],[23.7035502,44.5917751],[23.7029556,44.5919322],[23.7020783,44.5923033],[23.6994069,44.5936324],[23.6988244,44.5940477],[23.6982068,44.5946434],[23.6975328,44.5949847],[23.6969337,44.5954469],[23.6963091,44.5961021],[23.6961591,44.5965843],[23.6961793,44.5971424],[23.6964644,44.597709],[23.6968613,44.5981168],[23.6974453,44.5985692],[23.6979939,44.5988373],[23.6987702,44.599108],[23.7001356,44.5994154],[23.6995382,44.6000704],[23.6989585,44.6005451],[23.6986756,44.6010214],[23.6983668,44.6013551],[23.6982133,44.6014215],[23.6980915,44.6013783],[23.6976306,44.6014014],[23.69742,44.6015097],[23.6971957,44.6017807],[23.6971267,44.6020501],[23.6868471,44.5993115],[23.6866533,44.5996122],[23.6866978,44.6000599],[23.686487,44.6006015],[23.6746056,44.5985264],[23.6745064,44.5985982],[23.6744464,44.5987624],[23.6740336,44.5993098],[23.673942,44.5995503],[23.6733242,44.5995327],[23.6731997,44.6000111],[23.6731165,44.6000329],[23.6709684,44.6003278],[23.6705107,44.6003107],[23.6696646,44.6003817],[23.6689852,44.6004835],[23.6689141,44.6005527],[23.6686604,44.6006047],[23.6675755,44.6006925],[23.6671604,44.6006405],[23.6661744,44.6006985],[23.6630062,44.6004604],[23.662107,44.60026],[23.6615462,44.6000026],[23.6615265,44.6000258],[23.6614713,44.5999224],[23.6609044,44.5995478],[23.6606525,44.5992138],[23.6598902,44.5986466],[23.6594399,44.5984317],[23.6590622,44.5980987],[23.6586866,44.5979817],[23.6565126,44.5976488],[23.6556072,44.5973626],[23.6543209,44.5970601],[23.6517329,44.5970371],[23.6507394,44.596799],[23.6494019,44.596283],[23.6481204,44.5960771],[23.6468726,44.5958079],[23.6455639,44.5958586],[23.6452117,44.5959771],[23.6450218,44.5961267],[23.6437975,44.5962798],[23.6424668,44.5963523],[23.6419616,44.5962689],[23.6408311,44.5960012],[23.6400956,44.595876],[23.6397332,44.5956979],[23.6396284,44.5955709],[23.6392414,44.5954037],[23.6375477,44.5944882],[23.6372571,44.5942088],[23.6366607,44.5938387],[23.6360948,44.5936588],[23.6351401,44.5930899],[23.6343056,44.5929675],[23.6318088,44.5929449],[23.6307752,44.5930127],[23.6303694,44.5929895],[23.6299172,44.5929019],[23.629058,44.592593],[23.6285732,44.5923363],[23.6282626,44.5921218],[23.627877,44.5917441],[23.6269423,44.5911007],[23.6262087,44.5903604],[23.6258054,44.589602],[23.6252828,44.5890294],[23.624844,44.5887909],[23.6241717,44.5886597],[23.6238193,44.5885422],[23.6189257,44.5896901],[23.6174139,44.5899852],[23.6150151,44.5900521],[23.6148283,44.59004],[23.6124995,44.5894432],[23.6117708,44.5890788],[23.6109937,44.5885913],[23.6084049,44.5871378],[23.6079294,44.586942],[23.6073859,44.5868168],[23.6057396,44.5865792],[23.5998523,44.585795],[23.6000593,44.5857485],[23.5983899,44.585256],[23.5969563,44.584735],[23.5961555,44.5845228],[23.5960682,44.5845891],[23.5949941,44.5843307],[23.5937046,44.5841185],[23.5930921,44.5839209],[23.5917699,44.5836515],[23.5911976,44.5834159],[23.5910237,44.5832872],[23.590823,44.5830448],[23.5906154,44.5825874],[23.5904195,44.5816526],[23.5904314,44.5813222],[23.5907155,44.5805437],[23.5906963,44.5801779],[23.5908611,44.579013],[23.5910689,44.5781806],[23.5914678,44.5759882],[23.5916974,44.5754456],[23.5920397,44.5750533],[23.5922226,44.5747034],[23.5924593,44.5746444],[23.5925501,44.5745584],[23.5922965,44.5737992],[23.5923404,44.5736884],[23.5924922,44.5735941],[23.5926377,44.5733888],[23.5927924,44.5729531],[23.5929467,44.5727776],[23.5929795,44.5724201],[23.5929323,44.5721841],[23.5938028,44.571339],[23.5939369,44.5712905],[23.594179,44.5712809],[23.5943576,44.5711103],[23.5944172,44.570961],[23.5955481,44.5701907],[23.5967296,44.5690247],[23.5971445,44.5688547],[23.5976685,44.5687483],[23.5980057,44.5685182],[23.5982601,44.5679791],[23.5986351,44.5664541],[23.5989143,44.5659646],[23.5989928,44.5652612],[23.5993827,44.5649355],[23.5993694,44.56482],[23.5992349,44.5647763],[23.5992027,44.564721],[23.5993812,44.56448],[23.5993011,44.5643231],[23.5991521,44.5642139],[23.599155,44.564151],[23.599221,44.5640839],[23.5994089,44.5640278],[23.5996539,44.5640101],[23.599682,44.5634902],[23.5998501,44.5633839],[23.5998154,44.5633241],[23.5996089,44.5632264],[23.5995946,44.5627247],[23.5993235,44.56244],[23.5993412,44.5623494],[23.599548,44.5621808],[23.5994924,44.5618146],[23.5995907,44.5616133],[23.5994129,44.5614365],[23.5993493,44.561014],[23.5996403,44.5606099],[23.5995811,44.5602244],[23.5994461,44.5600685],[23.5992085,44.5599426],[23.599173,44.5595793],[23.5989895,44.5595302],[23.5985661,44.5592768],[23.5980083,44.5591332],[23.5977727,44.5589379],[23.5979225,44.5585116],[23.5977286,44.5584038],[23.597703,44.5581905],[23.5974034,44.5579498],[23.597353,44.5578326],[23.5976286,44.5575816],[23.5980279,44.5576773],[23.5982988,44.557821],[23.5988683,44.5579579],[23.5992976,44.5582559],[23.5993277,44.5584941],[23.5995769,44.5585072],[23.599668,44.5583463],[23.6009691,44.558303],[23.6015412,44.558458],[23.602329,44.5588463],[23.6029458,44.5589358],[23.6032157,44.5588633],[23.6050109,44.5586668],[23.6071633,44.5585817],[23.6072432,44.5578369],[23.6071779,44.5571567],[23.6070476,44.5570052],[23.606972,44.5567732],[23.6072006,44.5562793],[23.6076195,44.5558601],[23.6074414,44.5556541],[23.6073958,44.5552178],[23.6073221,44.5551029],[23.6068837,44.5548235],[23.6067778,44.5545777],[23.6063419,44.5541328],[23.6062636,44.5538242],[23.6058552,44.5534626],[23.6052625,44.5532212],[23.6052752,44.5531356],[23.6051312,44.5530112],[23.605122,44.5528868],[23.6050963,44.5528503],[23.6052414,44.5527472],[23.606051,44.5523761],[23.6062133,44.5521342],[23.6069258,44.5518282],[23.6081681,44.5516059],[23.6085575,44.5514856],[23.6102134,44.5513679],[23.6097717,44.5501976],[23.6095244,44.5490605],[23.6094931,44.548614],[23.6095169,44.5484189],[23.6098467,44.5477007],[23.6097168,44.5464137],[23.610055,44.5456452],[23.6101543,44.5450757],[23.6097698,44.5441975],[23.6095425,44.543465],[23.6093981,44.5432324],[23.6097414,44.5433013],[23.6102136,44.5435113],[23.6104333,44.5433948],[23.6106526,44.5434151],[23.6106505,44.5433586],[23.6104902,44.5432657],[23.6105472,44.5432329],[23.6107257,44.5432619],[23.6110102,44.5433957],[23.6110786,44.5433946],[23.6112312,44.5432847],[23.6117414,44.543423],[23.6118684,44.5433328],[23.6120486,44.5433356],[23.612951,44.5438619],[23.6136338,44.5440126],[23.6138999,44.5441985],[23.6145316,44.5444139],[23.6154594,44.5449871],[23.6160087,44.5452644],[23.6166353,44.545689],[23.6167347,44.5456963],[23.6166938,44.5459123],[23.61769,44.5464013],[23.6181676,44.5466019],[23.6185726,44.5466941],[23.6185512,44.5467277],[23.6197333,44.5470073],[23.6198517,44.5470807],[23.6216346,44.5473733],[23.6234728,44.5473081],[23.62461,44.5474718],[23.6257222,44.5477841],[23.6261601,44.5480129],[23.6264738,44.5481185],[23.6274096,44.548158],[23.6278822,44.548225],[23.6280225,44.5482878],[23.628075,44.5482326],[23.6283072,44.5483783],[23.6286069,44.5484636],[23.6289961,44.5484566],[23.6309287,44.5486808],[23.631571,44.548623],[23.6326783,44.548674],[23.6333728,44.5488386],[23.6345056,44.5489127],[23.6347591,44.5490221],[23.6363108,44.5493905],[23.6375964,44.5494596],[23.6389718,44.5497362],[23.6395131,44.5497687],[23.6407393,44.5496999],[23.6436599,44.5499868],[23.6447467,44.5499652],[23.6452481,44.5501057],[23.6453511,44.5500891],[23.6455064,44.5499607],[23.6463534,44.5495012],[23.6474212,44.5492055],[23.6481628,44.5490861],[23.6490433,44.5487686],[23.6496217,44.5482859],[23.6496903,44.5481749],[23.6496764,44.5479551],[23.6495321,44.5473598],[23.6495382,44.5470012],[23.6493074,44.5457014],[23.6491877,44.5453862],[23.6492164,44.5448695],[23.6491584,44.5445402],[23.6489755,44.5441978],[23.6486251,44.5431473],[23.6484437,44.5423259],[23.648126,44.5418113],[23.6480776,44.5413476],[23.6481475,44.5400413],[23.6480734,44.5397185],[23.648078,44.5393118],[23.6482016,44.5384184],[23.6481694,44.5382139],[23.6479494,44.5378594],[23.6479391,44.5374366],[23.6481371,44.537239],[23.648803,44.5370341],[23.6491463,44.5361919],[23.6493865,44.5358061],[23.6502406,44.5349829],[23.6509181,44.5344624],[23.6517973,44.5339845],[23.6522136,44.5338483],[23.6535915,44.5335254],[23.6557428,44.5331423],[23.6562123,44.5330203],[23.6562059,44.5329637],[23.6559505,44.5328749],[23.6560603,44.532677],[23.655883,44.5326257],[23.6558763,44.5325855],[23.6563142,44.5326108],[23.6570111,44.5323267],[23.6575403,44.531908],[23.6580964,44.5312678],[23.6580759,44.5312201],[23.6575771,44.531018],[23.6553654,44.5302314],[23.6547232,44.5300491],[23.6542853,44.5298608],[23.6535905,44.5296785],[23.653121,44.5294703],[23.6533411,44.529347],[23.6534647,44.5287597],[23.65362,44.5284118],[23.6544846,44.527275],[23.6546507,44.5270949],[23.6547962,44.5270439],[23.6549397,44.5269201],[23.6552348,44.5265135],[23.655417,44.5264596],[23.6558287,44.5264984],[23.6583247,44.527093],[23.6589492,44.5271479],[23.6596519,44.5269754],[23.6609414,44.5268403],[23.6616578,44.526643],[23.6621536,44.5263994],[23.6634736,44.526021],[23.6640155,44.5256798],[23.6641444,44.5251382],[23.6644346,44.524807],[23.6646216,44.5243881],[23.6647658,44.5242096],[23.6652099,44.5238829],[23.6658022,44.5235926],[23.6664604,44.5231158],[23.6672161,44.5226717],[23.6675684,44.5223566],[23.6678426,44.5219183],[23.6679474,44.5216324],[23.6681083,44.5204538],[23.6682314,44.5203283],[23.6687603,44.5200604],[23.6690946,44.5198065],[23.6697208,44.5190729],[23.6699565,44.5186851],[23.6699506,44.5183755],[23.6697669,44.5179735],[23.6697633,44.5177744],[23.6697995,44.517574],[23.6700621,44.5170129],[23.6699738,44.5165826],[23.6700288,44.5160719],[23.6701428,44.5157068],[23.6701642,44.5153445],[23.6700896,44.5151451],[23.6698611,44.5148283],[23.6695305,44.5146402],[23.6688806,44.514494],[23.6676532,44.5141227],[23.6676992,44.5140818],[23.6712387,44.5141461],[23.6803405,44.5141178],[23.6809288,44.514053],[23.6828477,44.5141358],[23.7062518,44.5138863],[23.7100009,44.5138941],[23.7117206,44.513978],[23.7222593,44.5138077],[23.7225464,44.5137584],[23.7227076,44.5137923],[23.7250101,44.5137571],[23.7310306,44.5138168],[23.7327375,44.514085],[23.7334493,44.5140728],[23.7344612,44.5137224],[23.7358113,44.5128436],[23.737381,44.5135797],[23.7420992,44.5153587],[23.7464671,44.5163546],[23.7484319,44.5169563],[23.7508048,44.5177107],[23.7619181,44.5216153],[23.7623125,44.5221292],[23.7627926,44.5235774],[23.763839,44.5236285],[23.7640466,44.5236794],[23.7641917,44.5238119],[23.7642158,44.5241408],[23.7643647,44.5244655],[23.764672,44.5246639],[23.765351,44.5255021],[23.7658557,44.525848],[23.7660178,44.5261137],[23.766038,44.5264503],[23.766151,44.5267637],[23.7663943,44.527014],[23.7667144,44.5272297],[23.7673803,44.5279717],[23.7680127,44.5282412],[23.7699775,44.5294603],[23.7713278,44.5301506],[23.7719775,44.5304101],[23.7729695,44.5305563],[23.7775741,44.5262491],[23.7851461,44.5284889],[23.7917042,44.5302414],[23.7947771,44.5314126],[23.7958645,44.5317687],[23.7962745,44.5320851],[23.7966857,44.5324064]]]}},{"type":"Feature","properties":{"entity_id":"osm-r9685780","jurisdiction":"RO","display_name":"BULZEȘTI","display_type":"commune","admin_level":8,"tier":"local","legal_registry":"SIRUTA","legal_id":"71340","legal_type":"commune","parent_catalog_id":"osm-r2366970","osm_relation_id":9685780,"legal_identity_status":"reconciled","geometry_source":"OpenStreetMap","geometry_precision":"master_coordinate_fidelity"},"geometry":{"type":"Polygon","coordinates":[[[23.8062203,44.6424239],[23.8061581,44.6422782],[23.8061151,44.6421907],[23.8060405,44.6419577],[23.8059476,44.6417724],[23.8058596,44.6416744],[23.8056651,44.6415165],[23.8055876,44.641423],[23.8054933,44.6412125],[23.8054681,44.6410972],[23.8054717,44.6410531],[23.8054551,44.6409374],[23.8053647,44.6406485],[23.8052998,44.6405416],[23.8052201,44.640458],[23.8051946,44.6404074],[23.8051804,44.6403411],[23.8051842,44.6402828],[23.8052466,44.6401755],[23.8052874,44.6401318],[23.8053198,44.6400747],[23.8053263,44.6400338],[23.8053053,44.6398777],[23.8053183,44.6397967],[23.8054187,44.6396491],[23.8055083,44.6395758],[23.8056316,44.6394469],[23.8059161,44.6391856],[23.8061686,44.6389345],[23.8063802,44.6386649],[23.8066361,44.6382796],[23.8066748,44.638206],[23.8067342,44.6380344],[23.8067393,44.6379689],[23.8066965,44.6378896],[23.8064982,44.6377567],[23.8065185,44.6376212],[23.8065631,44.6375481],[23.8068291,44.6375756],[23.8069072,44.6375727],[23.8071314,44.637514],[23.8072004,44.6375079],[23.8073064,44.6374645],[23.8075172,44.6373983],[23.8076087,44.6373778],[23.8077425,44.6373605],[23.80794,44.6373165],[23.808054,44.6372657],[23.8083927,44.637049],[23.8085361,44.6369726],[23.8085431,44.6369437],[23.8085266,44.6369106],[23.808499,44.636885],[23.8084251,44.6368541],[23.8081613,44.6367929],[23.8075872,44.6366172],[23.8071337,44.6365089],[23.8068886,44.6364236],[23.8065122,44.6363226],[23.8063734,44.6362687],[23.8063367,44.6362486],[23.8063174,44.6362258],[23.8063165,44.6361931],[23.8063359,44.6361569],[23.8064018,44.6361012],[23.8064303,44.6360031],[23.806408,44.6359752],[23.806401,44.6359283],[23.8064284,44.6358466],[23.8064546,44.6358051],[23.8064768,44.635723],[23.8064816,44.6356241],[23.8064561,44.6355023],[23.8064726,44.6354285],[23.8065088,44.6353418],[23.8066402,44.6351573],[23.8066593,44.6351113],[23.8067007,44.6347931],[23.8067151,44.634747],[23.8067159,44.6346119],[23.8066208,44.634396],[23.8066261,44.6343695],[23.8066491,44.6343641],[23.8066789,44.6343752],[23.8067761,44.6344357],[23.8068637,44.6344755],[23.8069243,44.6344892],[23.8069631,44.6344817],[23.8069952,44.6344589],[23.8070272,44.6344045],[23.8069524,44.6341914],[23.8069188,44.634131],[23.8068333,44.633879],[23.8068172,44.6337719],[23.8066209,44.6330835],[23.8065814,44.63298],[23.8064969,44.6326788],[23.8064773,44.6325692],[23.8063716,44.6322764],[23.8064683,44.6323358],[23.8065341,44.6323933],[23.8066206,44.6324504],[23.8070331,44.6326922],[23.8073023,44.6328804],[23.8076093,44.6330563],[23.8080363,44.6332869],[23.8087499,44.6336461],[23.8090167,44.6337725],[23.8099874,44.6341438],[23.8103406,44.6342621],[23.8106626,44.6343593],[23.8108886,44.6344413],[23.8110556,44.6344708],[23.8116419,44.6346115],[23.8119811,44.63468],[23.8124109,44.6347986],[23.8133417,44.6351317],[23.8136316,44.635257],[23.8145159,44.6356004],[23.8146811,44.6354707],[23.8148983,44.6352672],[23.8150943,44.6351385],[23.8156255,44.6348837],[23.8158873,44.6347757],[23.8160214,44.6347082],[23.8161917,44.6345863],[23.8164175,44.6344877],[23.8167087,44.634319],[23.8168079,44.6342728],[23.8169979,44.6341574],[23.8172455,44.6339568],[23.8175312,44.6336673],[23.8175828,44.6335847],[23.8176257,44.633486],[23.8177307,44.6333175],[23.8178971,44.6330695],[23.8179593,44.6329979],[23.8180505,44.632916],[23.8183909,44.6326689],[23.8186974,44.6324885],[23.8193107,44.6321822],[23.8194209,44.6321307],[23.8197439,44.6320042],[23.8199045,44.6319321],[23.819984,44.6318814],[23.820113,44.6318387],[23.8201655,44.631809],[23.8202488,44.6317388],[23.8204481,44.6314306],[23.8205073,44.6313811],[23.8207207,44.6311561],[23.8208043,44.6310127],[23.8208557,44.6308983],[23.8209545,44.6307839],[23.8210864,44.6306792],[23.821166,44.630636],[23.821361,44.6305831],[23.8214466,44.6305416],[23.8215064,44.6304961],[23.8216007,44.6303844],[23.8217055,44.6301827],[23.821732,44.6300895],[23.8217859,44.6298092],[23.8217964,44.6296794],[23.8217836,44.6295467],[23.8217262,44.6292607],[23.8217233,44.6291733],[23.8217389,44.6290757],[23.8218053,44.6289829],[23.8218519,44.6289456],[23.8219919,44.6288753],[23.8220462,44.6288359],[23.8221229,44.628736],[23.8222632,44.6285155],[23.8222877,44.628495],[23.82237,44.6284614],[23.8225962,44.6284149],[23.8227462,44.6283358],[23.8229982,44.6281694],[23.8231492,44.6281082],[23.8233642,44.6280462],[23.823442,44.6280124],[23.8235433,44.6279461],[23.8237082,44.6277446],[23.8239053,44.6275878],[23.8241336,44.6273739],[23.8243122,44.6271449],[23.8243972,44.6270194],[23.8246168,44.6266443],[23.8246538,44.6265525],[23.8246477,44.6264464],[23.8246573,44.6263508],[23.8248376,44.6260997],[23.8248407,44.6260566],[23.8248321,44.6260193],[23.8247898,44.6259396],[23.8247619,44.6259056],[23.8247432,44.6257733],[23.8247475,44.6256706],[23.8247073,44.6255957],[23.8247135,44.6255334],[23.8247585,44.6254303],[23.8247583,44.6253841],[23.8246711,44.6252149],[23.8247277,44.6250528],[23.8247135,44.6249405],[23.8247547,44.6248602],[23.8247599,44.6247924],[23.8247421,44.624753],[23.8247141,44.6247237],[23.8247283,44.624682],[23.8247215,44.6244209],[23.8246677,44.6241094],[23.82469,44.624042],[23.8247314,44.6239949],[23.8247438,44.6239652],[23.8247407,44.6239232],[23.8246875,44.623718],[23.8245884,44.6235165],[23.8245653,44.6234338],[23.8245649,44.6233909],[23.8246375,44.6232233],[23.824668,44.6229453],[23.8246699,44.6227868],[23.8246198,44.6226828],[23.824675,44.6224722],[23.8246776,44.6222816],[23.8246654,44.6221742],[23.8246797,44.6221142],[23.8247806,44.621967],[23.8247828,44.621927],[23.824732,44.6217917],[23.8247325,44.6217013],[23.8248014,44.6215887],[23.8248195,44.6214714],[23.8248172,44.6213903],[23.8248419,44.6213313],[23.8248841,44.621246],[23.824955,44.6211628],[23.8250131,44.6210716],[23.8250333,44.6209729],[23.8251517,44.6208054],[23.8251517,44.6207397],[23.8251273,44.6206574],[23.8251338,44.6205912],[23.8252122,44.620462],[23.8252751,44.6203862],[23.8253194,44.6202006],[23.8253494,44.6201357],[23.8254073,44.6200533],[23.8254644,44.6200036],[23.8255034,44.6199499],[23.82552,44.619902],[23.8255286,44.6198033],[23.8255214,44.6197081],[23.8255402,44.6196174],[23.8256708,44.6192948],[23.8257316,44.6191947],[23.8257635,44.6191699],[23.8257779,44.6191033],[23.8257681,44.6190091],[23.825752,44.6189651],[23.8257432,44.61882],[23.8257027,44.6186918],[23.8257064,44.6186373],[23.8257382,44.6185519],[23.8257087,44.6183973],[23.8257605,44.6182878],[23.8257593,44.6182225],[23.8257366,44.6181732],[23.8256738,44.6181334],[23.825648,44.618093],[23.8256427,44.6180634],[23.8256845,44.6179714],[23.8256914,44.617925],[23.8255597,44.6176358],[23.8255362,44.6175542],[23.8255524,44.6174735],[23.8255971,44.6174127],[23.8256283,44.6173176],[23.8256095,44.6172842],[23.8255102,44.6171887],[23.8254811,44.6171439],[23.8254795,44.6171107],[23.8255008,44.6170614],[23.8256405,44.6169755],[23.8256587,44.6169326],[23.8256452,44.6168918],[23.8255967,44.6168425],[23.8255718,44.6167424],[23.8254959,44.6166741],[23.8254939,44.6166272],[23.8255121,44.6165428],[23.8255027,44.6164894],[23.8253634,44.6161457],[23.8252826,44.6160244],[23.8252202,44.6159597],[23.8251833,44.6158924],[23.8251958,44.6158331],[23.825221,44.6158106],[23.8253227,44.6157522],[23.8253458,44.6157219],[23.8254,44.6155996],[23.8254195,44.6155248],[23.8253781,44.6154255],[23.8253722,44.6153837],[23.8253772,44.6153554],[23.8254303,44.6152935],[23.825444,44.6151721],[23.8254875,44.6150989],[23.8254888,44.6150684],[23.8254337,44.6149765],[23.825424,44.6149384],[23.825426,44.6147287],[23.8253862,44.6146209],[23.8253343,44.6145529],[23.8253636,44.6144796],[23.8253315,44.6143967],[23.8253789,44.6143145],[23.8253523,44.6142601],[23.8253513,44.6142339],[23.8253684,44.6142043],[23.825398,44.6141859],[23.8254075,44.6141619],[23.8253889,44.6141194],[23.8251537,44.6139188],[23.8251492,44.6138844],[23.8252314,44.6137868],[23.8252395,44.6137577],[23.8252351,44.6137185],[23.8251928,44.6136198],[23.8251699,44.6134948],[23.8251229,44.6134453],[23.8250696,44.6134083],[23.8250455,44.6133384],[23.8250549,44.6132488],[23.825045,44.6132166],[23.8249712,44.613124],[23.8249657,44.6130955],[23.8250225,44.6129593],[23.8250577,44.6127783],[23.825063,44.612663],[23.8251446,44.6125238],[23.8252388,44.6124632],[23.8252535,44.6124446],[23.8252487,44.6124207],[23.8252036,44.6123886],[23.8250517,44.6123351],[23.8250438,44.612277],[23.8250846,44.6122208],[23.8252034,44.6121486],[23.8252469,44.6121088],[23.8252877,44.6120526],[23.8252824,44.6120144],[23.8252278,44.6119235],[23.8252402,44.6118393],[23.8252986,44.611743],[23.8253954,44.6116308],[23.8254039,44.6115879],[23.8253974,44.611529],[23.8253562,44.6113817],[23.8253596,44.6112886],[23.8254193,44.6111413],[23.8254168,44.6110566],[23.825457,44.6108583],[23.8254453,44.6106795],[23.8255162,44.6104556],[23.8255413,44.6103074],[23.8255306,44.6102608],[23.8254852,44.6101702],[23.8255002,44.6100963],[23.8255341,44.6100348],[23.8255362,44.6099635],[23.8254232,44.6097527],[23.8254155,44.6096941],[23.8254213,44.6096568],[23.8254993,44.6095432],[23.8255232,44.6094832],[23.8255222,44.6094075],[23.8256126,44.6094301],[23.8256643,44.6094279],[23.8260336,44.6093728],[23.8262544,44.6093035],[23.8263583,44.6092785],[23.8267628,44.6092255],[23.8269298,44.6091962],[23.8270934,44.6091501],[23.8273829,44.6090464],[23.8274577,44.6090292],[23.8275422,44.6090265],[23.8276064,44.6090326],[23.8277355,44.6090082],[23.8277951,44.608989],[23.8278848,44.6089828],[23.8279615,44.6089899],[23.8284911,44.6091443],[23.8286319,44.6091441],[23.8292456,44.6092201],[23.8297003,44.6092667],[23.8304354,44.6094115],[23.8307593,44.6094539],[23.8308729,44.6094592],[23.8309064,44.609027],[23.8309424,44.6088036],[23.8310469,44.6086353],[23.8311001,44.6085201],[23.8311232,44.6084175],[23.8313189,44.6078942],[23.831338,44.6078303],[23.8313495,44.6077037],[23.8313271,44.6072924],[23.8312738,44.6070113],[23.8312535,44.6068139],[23.8312332,44.6063372],[23.8312396,44.6059792],[23.8312156,44.6057798],[23.8311425,44.6054841],[23.8310848,44.6051865],[23.8310575,44.6049794],[23.8310786,44.6047545],[23.8310985,44.6046753],[23.8311437,44.6045744],[23.8312569,44.6043919],[23.8313599,44.6042471],[23.8314622,44.6041324],[23.8316011,44.6040264],[23.8316887,44.6039486],[23.8317684,44.6038612],[23.8317584,44.6038484],[23.8318334,44.6037753],[23.8318839,44.6036944],[23.8319066,44.6036166],[23.8318909,44.6035273],[23.8318698,44.6034922],[23.8317746,44.6034042],[23.8316065,44.6033112],[23.8315408,44.6032386],[23.8315105,44.6031843],[23.8314832,44.6030825],[23.8314632,44.6029269],[23.8314992,44.6027051],[23.8315007,44.6022182],[23.8315216,44.6020157],[23.831554,44.6018149],[23.8316065,44.6016061],[23.8317068,44.6013153],[23.8317372,44.6011944],[23.8317588,44.6007215],[23.8319116,44.6000276],[23.8320751,44.5998676],[23.8321646,44.5997662],[23.832214,44.599684],[23.8323336,44.5993898],[23.8323628,44.5993519],[23.8324688,44.5992751],[23.8325791,44.5991614],[23.8326724,44.5990415],[23.8328739,44.5987404],[23.833025,44.5985769],[23.8331021,44.5984722],[23.8331437,44.5984353],[23.8333688,44.5979807],[23.8335492,44.5977159],[23.8336644,44.5975228],[23.8338397,44.5973399],[23.8340667,44.5971252],[23.8341959,44.5969731],[23.8342753,44.5967536],[23.8344989,44.5963161],[23.8345459,44.5962411],[23.834617,44.596153],[23.8347085,44.5960638],[23.8347761,44.5959825],[23.8348673,44.5957956],[23.8349512,44.5956938],[23.8352486,44.5954814],[23.8352951,44.59543],[23.8353868,44.5952775],[23.8354679,44.5952025],[23.8355712,44.59515],[23.8358084,44.5951049],[23.8359125,44.5950679],[23.8361936,44.5949892],[23.8365892,44.5949223],[23.8367977,44.5948956],[23.8368878,44.5948754],[23.8370345,44.5946996],[23.8373968,44.594371],[23.8375464,44.5942163],[23.8375942,44.594156],[23.8378198,44.593955],[23.8379327,44.5938214],[23.8380164,44.5936701],[23.8380702,44.5935944],[23.8381264,44.593569],[23.8382139,44.5935699],[23.8382631,44.5935509],[23.8382874,44.5935317],[23.8382929,44.5934234],[23.8382785,44.5932959],[23.8382089,44.5930277],[23.8382142,44.5929357],[23.8382346,44.5928255],[23.8382778,44.5927087],[23.8383602,44.5925667],[23.8383686,44.5924905],[23.8383615,44.5924446],[23.8383394,44.5923591],[23.8382971,44.5922581],[23.8382242,44.5921595],[23.8379959,44.5919279],[23.8379313,44.5918112],[23.8379072,44.5916515],[23.8379035,44.5914989],[23.8379074,44.5913597],[23.837926,44.5912293],[23.837894,44.5911806],[23.8378616,44.5911535],[23.8376747,44.5910704],[23.8375416,44.590964],[23.8375308,44.5909387],[23.8375315,44.5909038],[23.8375632,44.5907942],[23.8375624,44.5907252],[23.8375487,44.5906682],[23.8373967,44.5905462],[23.8373065,44.5904551],[23.8372171,44.5903812],[23.8370291,44.5902409],[23.836951,44.5901711],[23.836898,44.5900959],[23.8368566,44.5900226],[23.8368549,44.5899627],[23.8367477,44.5897788],[23.8366828,44.589601],[23.8366302,44.5893874],[23.8366164,44.5892789],[23.8366238,44.5890545],[23.8366519,44.5888209],[23.8366451,44.588649],[23.8366539,44.5885751],[23.836685,44.5884822],[23.8367958,44.5882635],[23.8368039,44.588225],[23.836808,44.5881683],[23.8367708,44.5880616],[23.8367665,44.5879824],[23.8367836,44.5878591],[23.8368187,44.5877803],[23.836868,44.5877246],[23.8370553,44.5876207],[23.8372576,44.5874936],[23.8374663,44.58734],[23.8375674,44.5872473],[23.8376859,44.5871548],[23.8379181,44.5869941],[23.8380279,44.5868994],[23.8382408,44.5867558],[23.8383208,44.5866915],[23.8384967,44.5865776],[23.8385881,44.5865286],[23.838726,44.5864836],[23.8387851,44.5864478],[23.8388091,44.5864116],[23.8388225,44.5863283],[23.8388471,44.586264],[23.8388957,44.5862437],[23.8390213,44.5862314],[23.8391004,44.586214],[23.8391755,44.5861773],[23.8392315,44.5861466],[23.8392597,44.5860531],[23.8391213,44.5858272],[23.8390836,44.5857455],[23.8390816,44.5856283],[23.8390558,44.5855312],[23.8390637,44.5854323],[23.8391449,44.5851648],[23.8392135,44.585014],[23.8392771,44.5848281],[23.8393019,44.5846101],[23.8393528,44.5843955],[23.8393648,44.5842352],[23.8393908,44.5841058],[23.8393861,44.5839776],[23.8393095,44.5837262],[23.8392594,44.5836069],[23.8392439,44.5835047],[23.8392339,44.5832801],[23.8392033,44.5832048],[23.839155,44.5831438],[23.8390883,44.5830144],[23.8390461,44.582972],[23.8389826,44.5828856],[23.8389,44.582702],[23.8388478,44.582462],[23.8388643,44.5822186],[23.8388413,44.5820876],[23.8388211,44.5820508],[23.8387065,44.5819534],[23.8385893,44.5818698],[23.838459,44.5818002],[23.8384511,44.5817868],[23.8385904,44.5817603],[23.838811,44.5816966],[23.8389898,44.5815965],[23.8392291,44.5815151],[23.8395771,44.5813773],[23.8398843,44.5812685],[23.8400451,44.581224],[23.8403514,44.5811119],[23.8406725,44.581056],[23.8410296,44.5810212],[23.8413488,44.5809653],[23.8415358,44.5809268],[23.8420162,44.5808104],[23.8423143,44.5808148],[23.8425316,44.5808831],[23.8426236,44.5808844],[23.842698,44.5808776],[23.8428816,44.5808771],[23.8430282,44.5807959],[23.8430733,44.5808042],[23.8431301,44.5807773],[23.8435703,44.5804343],[23.8440076,44.5799398],[23.8442836,44.5796548],[23.8450039,44.578949],[23.8451269,44.5788101],[23.8453659,44.5785692],[23.844765,44.5783561],[23.8439793,44.578033],[23.8434207,44.5778372],[23.8432607,44.5777649],[23.8430905,44.5777034],[23.8427412,44.5775549],[23.8426862,44.577524],[23.8425201,44.577468],[23.8425234,44.577433],[23.8425111,44.5774141],[23.842497,44.5774089],[23.8424619,44.5774184],[23.8423174,44.5775398],[23.8422203,44.5775962],[23.8421205,44.5775955],[23.8420783,44.5775884],[23.8419867,44.5775004],[23.8419372,44.5774794],[23.8416862,44.577413],[23.841588,44.5773575],[23.8414047,44.5772131],[23.8412634,44.577144],[23.8409822,44.5770635],[23.8406053,44.5769766],[23.840089,44.5768958],[23.8399675,44.5768941],[23.8398876,44.5769165],[23.8396704,44.576831],[23.8391361,44.5767113],[23.838746,44.5765872],[23.8384589,44.5765106],[23.8383794,44.5764728],[23.8382246,44.5764191],[23.838148,44.5763818],[23.8379467,44.5762213],[23.8378755,44.5761964],[23.8378237,44.576187],[23.8377139,44.5761827],[23.8376748,44.5761917],[23.8376326,44.5761916],[23.837568,44.5761809],[23.8375231,44.5761594],[23.837489,44.576109],[23.8374951,44.5759097],[23.8375256,44.5758113],[23.8376527,44.5756253],[23.8377056,44.5755128],[23.8377765,44.5753994],[23.8378894,44.5752898],[23.838041,44.5750935],[23.8381813,44.5748285],[23.8383411,44.5745725],[23.8384106,44.5745035],[23.8384871,44.5744798],[23.8385217,44.5744794],[23.8385592,44.5744884],[23.8385767,44.5745493],[23.8386297,44.5746415],[23.8387636,44.5747855],[23.8388508,44.5748306],[23.838913,44.5748461],[23.8389582,44.5748761],[23.8389597,44.5748975],[23.8389386,44.574916],[23.8388425,44.5749542],[23.8388154,44.5749829],[23.838824,44.5750143],[23.8389034,44.5750718],[23.8389933,44.5751202],[23.8392591,44.5752207],[23.8395523,44.5753025],[23.8396118,44.5753264],[23.8397361,44.575394],[23.8398545,44.5754787],[23.8399883,44.5755389],[23.8400483,44.5755415],[23.8401334,44.5755309],[23.8401999,44.5754903],[23.8403149,44.5753177],[23.8403394,44.5752627],[23.8403368,44.5752119],[23.8403508,44.5751841],[23.8404392,44.5750797],[23.8404712,44.5750116],[23.8405184,44.5748062],[23.8405749,44.5746809],[23.8406178,44.5746052],[23.8406592,44.5745581],[23.8407591,44.5743757],[23.840869,44.574275],[23.8409217,44.5742441],[23.8410424,44.5742318],[23.841117,44.5742329],[23.8411819,44.5742683],[23.8413589,44.5744085],[23.8414817,44.5744734],[23.8416128,44.5745232],[23.8417757,44.5746014],[23.841971,44.5747257],[23.8422204,44.5749326],[23.8425435,44.5751292],[23.8427257,44.5752203],[23.8430168,44.5753518],[23.8430718,44.5753875],[23.8432369,44.5754539],[23.8433892,44.5754943],[23.8435113,44.5755083],[23.8436374,44.5755392],[23.8438549,44.5755772],[23.8440002,44.575579],[23.8440143,44.5756229],[23.844097,44.5756485],[23.8443663,44.5756622],[23.8447345,44.5755969],[23.8447931,44.5755723],[23.8449696,44.5754716],[23.845005,44.5754299],[23.8450054,44.5754057],[23.8449944,44.5753688],[23.8449705,44.5753478],[23.8446547,44.5752275],[23.8444072,44.5751062],[23.8442934,44.5750259],[23.8441727,44.5748902],[23.8441218,44.574767],[23.8441032,44.5742235],[23.8441096,44.5740438],[23.8440951,44.5739514],[23.8440713,44.5739042],[23.8440048,44.5738294],[23.8437471,44.5735877],[23.8436177,44.5734532],[23.8435169,44.5733181],[23.8432174,44.5727432],[23.8431558,44.5725215],[23.8431242,44.5724498],[23.8430902,44.5724128],[23.8430328,44.5723916],[23.8429659,44.5723947],[23.842873,44.5724156],[23.8427828,44.5724194],[23.8425285,44.5724082],[23.8422204,44.5723494],[23.8422204,44.5723265],[23.8421301,44.5722732],[23.8420709,44.5721822],[23.8420273,44.5721528],[23.8419949,44.5721175],[23.8419569,44.5720645],[23.8419308,44.5720079],[23.8419267,44.5719571],[23.8419043,44.5718974],[23.8418769,44.5718687],[23.8418304,44.5718404],[23.8416698,44.5717722],[23.8415013,44.5717334],[23.841445,44.5717128],[23.8412956,44.5716358],[23.8412131,44.5716039],[23.8410311,44.5715749],[23.8408743,44.5715736],[23.8407835,44.5715516],[23.8406784,44.5715053],[23.8406553,44.5714824],[23.8406386,44.5714328],[23.8406419,44.5713939],[23.8407369,44.5712522],[23.8408739,44.5709863],[23.8409141,44.5709479],[23.8409696,44.5709214],[23.8410104,44.5709271],[23.8410486,44.570948],[23.8410793,44.570977],[23.8411252,44.5710588],[23.8411522,44.5710877],[23.8411854,44.5711],[23.8412469,44.5711081],[23.8413443,44.5711107],[23.8414546,44.5710967],[23.841582,44.5710478],[23.841728,44.5709616],[23.8418122,44.5709511],[23.841992,44.5709587],[23.8420552,44.5709678],[23.8424017,44.5710675],[23.8425839,44.5710814],[23.8428364,44.5711119],[23.843058,44.5711676],[23.8431638,44.5711766],[23.843238,44.5711668],[23.8432769,44.5711526],[23.8433053,44.5711311],[23.8433169,44.5710807],[23.8434426,44.571003],[23.843562,44.5708272],[23.8435512,44.5707492],[23.8435664,44.5707288],[23.8436214,44.5706924],[23.84368,44.5706005],[23.8437897,44.5705394],[23.8439079,44.5705039],[23.8440605,44.5704367],[23.8441612,44.5704122],[23.844273,44.5703693],[23.8443234,44.5703593],[23.8443719,44.5703562],[23.8445031,44.570372],[23.8445882,44.5703942],[23.8450069,44.5705633],[23.8452462,44.5706245],[23.845481,44.5706967],[23.8457007,44.570737],[23.8458372,44.5707693],[23.8459052,44.5707971],[23.8459851,44.5708149],[23.8463375,44.5708649],[23.8465851,44.570881],[23.8467924,44.5709083],[23.8469273,44.5709674],[23.8470054,44.571018],[23.8475814,44.5713337],[23.8476748,44.5714131],[23.8478572,44.5716271],[23.847913,44.5717404],[23.8481128,44.5719818],[23.8483617,44.5722494],[23.8484819,44.5723622],[23.8485064,44.5724035],[23.8485372,44.5724988],[23.8485713,44.5726903],[23.8485886,44.5727198],[23.8486928,44.5727831],[23.848774,44.5728694],[23.8487921,44.5729382],[23.848818,44.5731732],[23.8488926,44.5733313],[23.8488963,44.5734069],[23.8489136,44.5734744],[23.8489181,44.5735853],[23.8488683,44.5736868],[23.8488678,44.5737524],[23.8489415,44.5738523],[23.8489479,44.573877],[23.8489452,44.5739019],[23.848883,44.5739552],[23.8488708,44.5739847],[23.8488759,44.5741132],[23.8488513,44.5741527],[23.848847,44.574179],[23.8488597,44.5742538],[23.8488898,44.5742814],[23.8489456,44.5743023],[23.8489892,44.5743389],[23.849016,44.5743516],[23.8490555,44.5743542],[23.8492614,44.5742892],[23.849355,44.5742901],[23.8493912,44.5742841],[23.8494319,44.5742587],[23.8495659,44.5742209],[23.8496227,44.5741416],[23.8497578,44.5739863],[23.8499234,44.5737465],[23.8500359,44.5736606],[23.8500735,44.5735925],[23.8500939,44.5735298],[23.8501323,44.5734888],[23.8502707,44.5733812],[23.8504866,44.5729317],[23.8505899,44.572771],[23.8506771,44.5726788],[23.8509211,44.5725209],[23.8509667,44.5724765],[23.8510051,44.572452],[23.8510641,44.5724296],[23.8511948,44.5723535],[23.8513642,44.5722171],[23.8514596,44.5721627],[23.8515377,44.5721431],[23.8516634,44.5721601],[23.8517225,44.5721788],[23.8518282,44.5722319],[23.8518584,44.5722413],[23.8519235,44.5722465],[23.8521228,44.5722277],[23.852169,44.5722161],[23.8522212,44.5721767],[23.8522418,44.5721518],[23.8522482,44.5721215],[23.8522455,44.5720998],[23.8521957,44.5720426],[23.8522149,44.5719564],[23.8521787,44.5719098],[23.8521076,44.5718472],[23.8521026,44.5717789],[23.8521397,44.5714565],[23.8521143,44.5714151],[23.8520546,44.5713647],[23.851898,44.5712948],[23.8517736,44.5712669],[23.8516165,44.5712197],[23.8513304,44.5711016],[23.8507888,44.5709873],[23.8506305,44.5709349],[23.8505979,44.5709075],[23.8505751,44.5708732],[23.8505632,44.5707747],[23.850575,44.570705],[23.8506258,44.57058],[23.8507594,44.5703146],[23.8509105,44.5696972],[23.8509712,44.5695935],[23.8510812,44.5692672],[23.8510932,44.5691181],[23.8510777,44.5690632],[23.8510424,44.5690308],[23.8510054,44.569022],[23.850932,44.5690324],[23.8508549,44.5690942],[23.8508179,44.5691116],[23.8504391,44.5691437],[23.8501056,44.5692215],[23.8500378,44.5692314],[23.8497586,44.5692495],[23.8495274,44.5692523],[23.8493293,44.5692525],[23.8492206,44.5692356],[23.8491686,44.5692159],[23.8491237,44.5691802],[23.8489964,44.5689209],[23.8489341,44.5688261],[23.8488699,44.5687581],[23.8488337,44.5687035],[23.8487935,44.5686111],[23.8487539,44.5685525],[23.8486817,44.5684741],[23.8486408,44.5684456],[23.8483466,44.568285],[23.8482424,44.5682521],[23.8481341,44.5682495],[23.8480649,44.5682594],[23.8478652,44.568307],[23.8476733,44.5683778],[23.8475324,44.5684153],[23.8472019,44.5684509],[23.8470136,44.5684433],[23.8469065,44.568417],[23.8465745,44.5682469],[23.8460533,44.5679467],[23.8459558,44.5678877],[23.8459123,44.5678518],[23.8459232,44.5677567],[23.8457989,44.5676561],[23.8458038,44.5676216],[23.8459138,44.5675002],[23.8462081,44.5672462],[23.8463525,44.5670961],[23.846374,44.5670568],[23.8464395,44.5667838],[23.8465612,44.5665678],[23.8466492,44.5664461],[23.8466636,44.5664137],[23.8466485,44.5663433],[23.8466089,44.5662877],[23.8465572,44.5662472],[23.8464623,44.5661986],[23.8460961,44.5660807],[23.8458902,44.5659911],[23.8458275,44.565951],[23.845817,44.5659245],[23.8458179,44.5658826],[23.8458418,44.5658261],[23.8458909,44.5657859],[23.845929,44.5657404],[23.8459353,44.5657015],[23.8459821,44.5656396],[23.846015,44.5656173],[23.8460747,44.5655987],[23.8462939,44.5653366],[23.8464646,44.5651847],[23.846592,44.5650945],[23.8466835,44.5649699],[23.8467994,44.5647672],[23.8469073,44.5646507],[23.8469949,44.56458],[23.8470444,44.5645586],[23.8471099,44.5645578],[23.8471691,44.5645663],[23.8473272,44.5646653],[23.8474136,44.5647093],[23.8475356,44.5647928],[23.8476649,44.5649047],[23.8480103,44.5652327],[23.8480821,44.5653345],[23.8481101,44.5654023],[23.8481673,44.5654757],[23.8481951,44.5654997],[23.848233,44.5655159],[23.8483288,44.5655168],[23.8484267,44.5654838],[23.8484961,44.565437],[23.848841,44.5652792],[23.8491335,44.5651728],[23.8492706,44.5651122],[23.8494031,44.5650414],[23.8495392,44.5649567],[23.8501162,44.5646551],[23.8504333,44.564522],[23.8507341,44.5643675],[23.8508845,44.5642756],[23.8510804,44.5641355],[23.8512131,44.5640511],[23.8512553,44.5640456],[23.8513096,44.5640655],[23.8513381,44.5640847],[23.8514041,44.5641582],[23.8517401,44.5644434],[23.8518437,44.5645467],[23.8521358,44.5648797],[23.8523686,44.5650948],[23.8526053,44.5652863],[23.8527832,44.5655089],[23.8530699,44.5658205],[23.8531112,44.5658828],[23.8534193,44.5661471],[23.8535791,44.5662992],[23.8536777,44.5663772],[23.8537692,44.5664253],[23.8538822,44.5664693],[23.8540779,44.5665107],[23.8541785,44.5665191],[23.854208,44.5665119],[23.8542225,44.5664921],[23.8542231,44.5664655],[23.8541639,44.5663439],[23.8541552,44.5662874],[23.8541655,44.5660134],[23.8541969,44.565789],[23.854361,44.5654998],[23.8544646,44.5653822],[23.8545232,44.5653342],[23.8546171,44.5652101],[23.8546779,44.5651012],[23.8547109,44.5650157],[23.8547568,44.564824],[23.8548299,44.5645865],[23.8548563,44.5645378],[23.8548857,44.5645095],[23.8549246,44.5644955],[23.8549998,44.5645159],[23.8550921,44.5645517],[23.8551501,44.5645859],[23.8554756,44.5647402],[23.8556148,44.564784],[23.8557451,44.5647833],[23.8558571,44.564763],[23.8563145,44.5646568],[23.8565287,44.5646187],[23.8565671,44.564607],[23.8566341,44.5645692],[23.8566396,44.5645403],[23.8566263,44.564518],[23.8565439,44.5644706],[23.8563828,44.5643948],[23.8563244,44.5643421],[23.856288,44.5642918],[23.856273,44.564233],[23.8562665,44.5641251],[23.8562618,44.5638103],[23.8563034,44.5636006],[23.8564145,44.5633203],[23.8564124,44.5632496],[23.856376,44.5631102],[23.8563379,44.5630533],[23.8562757,44.5629948],[23.8561398,44.5628974],[23.8561,44.562856],[23.8560681,44.5627909],[23.8560823,44.5625537],[23.8560689,44.5624788],[23.8560239,44.5624132],[23.8559615,44.5623535],[23.8558726,44.5623138],[23.8557207,44.5622751],[23.8556045,44.562262],[23.8552298,44.5622461],[23.8552106,44.5622359],[23.8552044,44.5622228],[23.8552239,44.5621815],[23.8552193,44.5621058],[23.8552324,44.5620083],[23.8552624,44.5619235],[23.8553359,44.5617829],[23.8553222,44.5616506],[23.8554095,44.5615639],[23.8554407,44.561494],[23.8554303,44.5614175],[23.85541,44.5613902],[23.8553749,44.5613568],[23.8552745,44.561317],[23.8552355,44.5612929],[23.8552243,44.5612577],[23.8552424,44.5612062],[23.8553464,44.5611049],[23.8554102,44.5609674],[23.8555186,44.5606423],[23.8555869,44.5605065],[23.8556572,44.5604131],[23.855754,44.5603768],[23.8557919,44.5603764],[23.8567483,44.5604385],[23.8570141,44.5604367],[23.8570591,44.5604303],[23.8571114,44.5603967],[23.857135,44.5603611],[23.8571416,44.5603195],[23.8571348,44.5602743],[23.8571107,44.5602352],[23.8570488,44.5601782],[23.8568417,44.5600661],[23.856759,44.5599973],[23.8565699,44.5597983],[23.8564964,44.5597429],[23.8561855,44.5593777],[23.8560896,44.5592975],[23.8560525,44.5592391],[23.8560506,44.5591892],[23.8560953,44.5590592],[23.8562025,44.5589413],[23.8562126,44.5588946],[23.8562158,44.5586415],[23.8561937,44.5583989],[23.8561856,44.5583479],[23.8561502,44.5582584],[23.8560921,44.5581737],[23.8560335,44.5581193],[23.85596,44.5580706],[23.855764,44.557966],[23.8557333,44.5579156],[23.8557297,44.5578805],[23.8557477,44.5577423],[23.8558164,44.5574767],[23.8558223,44.5574215],[23.8559044,44.5571883],[23.8559037,44.5571321],[23.8558319,44.5570605],[23.8558382,44.5570231],[23.855929,44.5568691],[23.8559266,44.556807],[23.8559036,44.5567689],[23.8558438,44.5567382],[23.8556227,44.5566695],[23.8555858,44.5566515],[23.855508,44.556581],[23.8554931,44.556469],[23.8555288,44.5563907],[23.8555589,44.5563479],[23.8556261,44.5561579],[23.8556378,44.5560297],[23.8556232,44.5559378],[23.8555919,44.5558547],[23.8555233,44.5557479],[23.8553936,44.555617],[23.8552801,44.5555311],[23.8550058,44.5553468],[23.8549362,44.5553195],[23.8548523,44.5553102],[23.8544429,44.5553256],[23.8543247,44.5553214],[23.8542787,44.5553061],[23.8542542,44.5552836],[23.8542446,44.5552436],[23.8542647,44.5549972],[23.8542626,44.5547364],[23.8542805,44.5547235],[23.8546111,44.5547473],[23.8547488,44.5547502],[23.8548939,44.5547482],[23.8549465,44.5547407],[23.8555093,44.5547632],[23.855702,44.5547612],[23.85577,44.5547513],[23.8558845,44.554581],[23.8559859,44.5544783],[23.8560421,44.5544073],[23.8560964,44.5543141],[23.8561151,44.5542757],[23.8561189,44.5542047],[23.8561006,44.5541421],[23.8560518,44.5540756],[23.8555577,44.5537361],[23.8552384,44.5535019],[23.8551699,44.5534407],[23.8550911,44.5533502],[23.8550189,44.5532448],[23.8549645,44.5531853],[23.8546217,44.5529136],[23.8545479,44.5528454],[23.8544952,44.5528208],[23.8544452,44.5528164],[23.854398,44.5528277],[23.854322,44.5528741],[23.8540421,44.5530937],[23.8537559,44.5532443],[23.8534201,44.5534426],[23.8533705,44.5534594],[23.8532901,44.5534499],[23.8531159,44.5533533],[23.8528423,44.5531047],[23.8527141,44.5530186],[23.8526034,44.5529554],[23.8525163,44.5528913],[23.8524497,44.5527751],[23.852441,44.5527046],[23.8524641,44.5526447],[23.8525038,44.5526149],[23.8526451,44.5525503],[23.8526754,44.5525249],[23.8526837,44.5525009],[23.8526652,44.5524836],[23.8525306,44.5524073],[23.8523578,44.5522833],[23.8520087,44.5520104],[23.8519264,44.5519797],[23.8518655,44.5519751],[23.8517644,44.5520217],[23.8514641,44.5522054],[23.8513491,44.5522423],[23.8513045,44.5522452],[23.8512328,44.5522299],[23.8508611,44.5519783],[23.8507168,44.5518968],[23.8503601,44.5517156],[23.8502064,44.5516263],[23.8500595,44.5515184],[23.8498732,44.5514074],[23.8495935,44.5512161],[23.8495017,44.5511429],[23.8494594,44.5510971],[23.8494573,44.5510762],[23.8494736,44.5510564],[23.8497468,44.5509394],[23.8502093,44.5507822],[23.8507063,44.550546],[23.8507509,44.5505063],[23.8508379,44.5504038],[23.850894,44.5503606],[23.850973,44.5502485],[23.8509767,44.5502204],[23.8509608,44.5501739],[23.8509175,44.550122],[23.8507734,44.5499903],[23.8503814,44.5496607],[23.850225,44.5495431],[23.8502255,44.5495106],[23.8502359,44.5494975],[23.8508414,44.5491864],[23.8511287,44.5489997],[23.851336,44.548889],[23.8514029,44.5488463],[23.8514791,44.548781],[23.8515204,44.5487364],[23.8515298,44.5487143],[23.8515275,44.5486803],[23.8515008,44.5486484],[23.8513028,44.5484681],[23.8510889,44.5482829],[23.8507901,44.5480483],[23.8508947,44.5479576],[23.8508943,44.5479203],[23.8508534,44.5478665],[23.8511984,44.5476201],[23.8516804,44.5473103],[23.8518736,44.5471583],[23.8519521,44.5473001],[23.8524175,44.54766],[23.8526225,44.5478526],[23.8531866,44.5482779],[23.8532718,44.5483285],[23.8534946,44.5485262],[23.8539278,44.5488704],[23.8541119,44.5490065],[23.8547763,44.5495872],[23.8554772,44.5501277],[23.8556565,44.5502501],[23.8562036,44.5507006],[23.8564384,44.5508852],[23.8567306,44.5510966],[23.8571553,44.5514581],[23.8576265,44.5518084],[23.8579829,44.5521182],[23.858511,44.5525126],[23.8588688,44.5528062],[23.8594079,44.5521705],[23.8595161,44.5520097],[23.859873,44.5515551],[23.8600707,44.5513321],[23.8605164,44.5507957],[23.8607366,44.5505624],[23.8608691,44.5504523],[23.8609191,44.5504239],[23.8609932,44.5503893],[23.8612915,44.5503051],[23.8613941,44.5502654],[23.8614291,44.5502379],[23.861463,44.5501911],[23.8614974,44.5500431],[23.8614909,44.5496282],[23.8615329,44.5495291],[23.861648,44.5493484],[23.8617546,44.5491586],[23.8618582,44.5490145],[23.8619864,44.5488812],[23.8620559,44.5487615],[23.8621117,44.5486235],[23.8621802,44.5484968],[23.8623377,44.5482542],[23.8624609,44.5481022],[23.862504,44.5480016],[23.8625048,44.5479056],[23.862477,44.5477788],[23.8624622,44.5475421],[23.8624732,44.547312],[23.8625036,44.5470913],[23.8625488,44.5468862],[23.8626271,44.5466459],[23.8627514,44.5463851],[23.8628494,44.5461345],[23.8629085,44.546142],[23.8629425,44.5460581],[23.8629564,44.54585],[23.862848,44.5455814],[23.8627455,44.5453686],[23.8626414,44.5450258],[23.862597,44.5449275],[23.8625141,44.5447881],[23.8623674,44.5446095],[23.8623144,44.5445206],[23.8622673,44.5444158],[23.8622486,44.5442976],[23.8622449,44.5441992],[23.8622699,44.544072],[23.8623594,44.5438757],[23.8624258,44.543783],[23.8624621,44.5436554],[23.8624668,44.5435571],[23.8624507,44.5434486],[23.8623291,44.5430654],[23.8623179,44.5429243],[23.8624055,44.5428208],[23.862445,44.5427409],[23.8624544,44.5426211],[23.8624034,44.5425001],[23.8623623,44.5424495],[23.8621294,44.5423001],[23.8620728,44.5422534],[23.8620261,44.5422017],[23.8618856,44.5419772],[23.8618168,44.5417828],[23.8618168,44.5415581],[23.8618742,44.5413644],[23.8618373,44.5412274],[23.8617899,44.5411112],[23.8617287,44.5410072],[23.8616656,44.5409269],[23.8610851,44.5403613],[23.8607356,44.5399913],[23.8606282,44.5398642],[23.8605715,44.5397609],[23.8604531,44.5395842],[23.8603575,44.5394718],[23.860169,44.5393354],[23.8600583,44.5392234],[23.8599295,44.5390342],[23.8596626,44.5387544],[23.8595466,44.5386025],[23.8595015,44.5385272],[23.8594829,44.5384754],[23.8594738,44.5382519],[23.859488,44.5376127],[23.8594615,44.5369719],[23.8594852,44.5366885],[23.8594809,44.5363725],[23.8595107,44.5360079],[23.8595087,44.5358034],[23.8594746,44.5356057],[23.8596685,44.5357197],[23.8604341,44.5363961],[23.8605742,44.5364917],[23.860858,44.5366035],[23.8612732,44.5367809],[23.8617058,44.5368916],[23.8619722,44.5368891],[23.8621363,44.5367134],[23.8623623,44.5366275],[23.8624218,44.5365951],[23.8624671,44.5365546],[23.8625267,44.5364347],[23.8625804,44.5363738],[23.8628119,44.5362385],[23.8628593,44.5362025],[23.8629735,44.5360598],[23.8630485,44.5360244],[23.8633911,44.5359304],[23.8637543,44.535789],[23.8639498,44.5357348],[23.8641575,44.5357055],[23.8642329,44.5356882],[23.8643174,44.5356554],[23.8644294,44.5356249],[23.8652558,44.5355283],[23.8653254,44.5354852],[23.8653827,44.535427],[23.8654411,44.5352704],[23.8654738,44.5352387],[23.8657149,44.5350903],[23.8658525,44.5349345],[23.8661748,44.5347552],[23.8662928,44.5346809],[23.866447,44.5345696],[23.8664759,44.5345266],[23.8665433,44.5344777],[23.8667576,44.5343843],[23.8671755,44.5342249],[23.8672501,44.534184],[23.8673907,44.5340883],[23.8675638,44.5339909],[23.867711,44.5338588],[23.8678392,44.5336443],[23.8678854,44.5335445],[23.8679906,44.5333762],[23.86813,44.5331866],[23.8681563,44.5331288],[23.8681664,44.5330619],[23.8682258,44.5329675],[23.868249,44.5328432],[23.8682972,44.5327904],[23.868819,44.5325229],[23.8689311,44.5324501],[23.8689719,44.5324009],[23.86911,44.5321285],[23.8691813,44.5318817],[23.8693551,44.5315959],[23.8693974,44.5313959],[23.8695384,44.5311382],[23.8696159,44.53102],[23.8697646,44.5309678],[23.8698012,44.530948],[23.8698645,44.530868],[23.8699107,44.5308382],[23.8701844,44.5307757],[23.8702821,44.5307186],[23.8705017,44.5305385],[23.8707247,44.5304577],[23.8708727,44.5303709],[23.8709546,44.5303016],[23.8710236,44.530204],[23.8710688,44.5300902],[23.8711142,44.530034],[23.871147,44.5299369],[23.8711603,44.5298018],[23.8711856,44.5297473],[23.8713227,44.5295994],[23.8714057,44.5295398],[23.8714829,44.5294326],[23.871551,44.5292452],[23.871699,44.5290926],[23.8717804,44.5289792],[23.871819,44.5287882],[23.8718534,44.5286743],[23.8718884,44.5286012],[23.8720601,44.5283299],[23.8722826,44.5279334],[23.8723978,44.5278054],[23.8724393,44.5277444],[23.8724822,44.5276086],[23.8725179,44.5275667],[23.8727224,44.5274032],[23.8728243,44.527338],[23.8729666,44.5272669],[23.8733956,44.5271532],[23.8737937,44.5268927],[23.8739762,44.526832],[23.874041,44.526793],[23.8741254,44.5267263],[23.8742106,44.5266242],[23.8742516,44.5265476],[23.8743179,44.5264815],[23.8745954,44.5263085],[23.874681,44.5262407],[23.8747267,44.5261931],[23.8747394,44.5261421],[23.8747444,44.5260506],[23.8750859,44.525726],[23.8751768,44.5256149],[23.8752419,44.5254886],[23.8752777,44.5253502],[23.8752929,44.5251961],[23.875289,44.5250368],[23.8752058,44.5248424],[23.8752233,44.5247493],[23.8752618,44.5246489],[23.8753546,44.5245322],[23.875456,44.5244162],[23.875679,44.5242243],[23.8757144,44.5241046],[23.8757205,44.5238819],[23.8757393,44.5237197],[23.8756522,44.5234575],[23.8756832,44.5233838],[23.8757242,44.5233332],[23.8758341,44.5232285],[23.8758598,44.5231591],[23.8758582,44.5230664],[23.875785,44.5228043],[23.8757191,44.522701],[23.8756742,44.522596],[23.8756781,44.522484],[23.8757178,44.5222349],[23.8758573,44.5219532],[23.8760096,44.5217245],[23.8761371,44.5214302],[23.8761553,44.5213505],[23.8761552,44.5212615],[23.8761214,44.5211866],[23.8760682,44.521125],[23.8760138,44.5210875],[23.8759373,44.5210483],[23.8758156,44.5210052],[23.8756469,44.5209615],[23.8755714,44.52093],[23.8754425,44.520846],[23.8754274,44.520825],[23.8756172,44.520801],[23.8757018,44.5207824],[23.8758219,44.5207367],[23.875783,44.5206884],[23.8756851,44.5206045],[23.8755805,44.5204908],[23.8753722,44.5203993],[23.8750149,44.5203381],[23.8748996,44.5202955],[23.874757,44.5202275],[23.8746327,44.5201587],[23.8745382,44.5200822],[23.8744732,44.5200037],[23.8744569,44.5199575],[23.8743204,44.5198911],[23.8741515,44.5198365],[23.8739941,44.519774],[23.8736037,44.5195622],[23.8734726,44.5195042],[23.8734726,44.5194247],[23.8732997,44.5195277],[23.8731108,44.5195646],[23.8730723,44.5195596],[23.8730192,44.519409],[23.8730246,44.5193697],[23.8730785,44.5193374],[23.8732309,44.5192913],[23.8732378,44.5192677],[23.8732176,44.5192176],[23.8731736,44.5191679],[23.8731055,44.5191321],[23.8730542,44.5191224],[23.8729871,44.519127],[23.8729057,44.5191583],[23.87287,44.5191527],[23.8728311,44.5191205],[23.8727016,44.5189369],[23.8725923,44.5187497],[23.8724901,44.5184836],[23.8724642,44.5183517],[23.8723476,44.5179762],[23.8723265,44.5178821],[23.8723332,44.5176815],[23.8723496,44.5175441],[23.8723979,44.5173315],[23.8724323,44.5171174],[23.8724484,44.5169057],[23.8724891,44.5167035],[23.8725893,44.5163204],[23.8725984,44.5162338],[23.8727462,44.5158097],[23.8728127,44.5156484],[23.8729015,44.5154769],[23.8772219,44.5144568],[23.8766167,44.5136217],[23.8769767,44.5135206],[23.8769784,44.5134334],[23.8775649,44.5132552],[23.8780672,44.5138981],[23.8785339,44.5138536],[23.878639,44.5138741],[23.8787594,44.5140507],[23.8791712,44.5143828],[23.8835916,44.5136456],[23.8852105,44.5133493],[23.8855618,44.5129891],[23.8854462,44.51264],[23.8847748,44.5126938],[23.8846164,44.5124802],[23.8832392,44.5126233],[23.8830376,44.5122652],[23.8832188,44.5122053],[23.8839665,44.5121009],[23.8847434,44.512064],[23.885295,44.5120537],[23.8853044,44.5109551],[23.8853397,44.510772],[23.8853666,44.510711],[23.8854333,44.5106348],[23.8855562,44.5105663],[23.8858014,44.510477],[23.8860469,44.5103495],[23.8864098,44.5101267],[23.8868155,44.5098392],[23.887477,44.5094985],[23.8879253,44.5092529],[23.8885017,44.508895],[23.8887257,44.5087808],[23.8890777,44.5086267],[23.8897179,44.5083185],[23.8903261,44.5080102],[23.8903841,44.5080306],[23.8904017,44.508043],[23.8904077,44.5080748],[23.8905198,44.5096365],[23.8905101,44.5097464],[23.8905633,44.5102458],[23.8906612,44.510684],[23.8907899,44.5109902],[23.8910956,44.5114136],[23.8926795,44.5126344],[23.8942532,44.5137787],[23.8951124,44.5143732],[23.8955282,44.5146517],[23.8957407,44.5147462],[23.8958399,44.514751],[23.8959889,44.5147493],[23.8961698,44.514759],[23.8962871,44.5147572],[23.8965426,44.5147804],[23.8966065,44.5147805],[23.8966652,44.5147481],[23.8967452,44.5147253],[23.8968559,44.5147179],[23.8970011,44.5147237],[23.8973201,44.5147774],[23.8975011,44.5148233],[23.8977977,44.5149186],[23.8980328,44.5150109],[23.8983167,44.5151393],[23.8984157,44.5151771],[23.8986018,44.5152728],[23.8989645,44.5154806],[23.8991584,44.5156042],[23.8992724,44.5156891],[23.8997005,44.5157508],[23.9008504,44.5160083],[23.9014461,44.5162131],[23.901868,44.5163442],[23.9020488,44.5162736],[23.9027852,44.5159637],[23.9031772,44.515822],[23.9027729,44.5156566],[23.9025282,44.5155724],[23.902358,44.5155055],[23.9020604,44.5153564],[23.9016459,44.5151061],[23.9016115,44.5150953],[23.9015635,44.5150679],[23.901489,44.515041],[23.9013399,44.5150181],[23.9011398,44.5150071],[23.9010924,44.5149949],[23.901026,44.5149624],[23.9009011,44.5148765],[23.9007124,44.5147752],[23.9004864,44.5146967],[23.9003508,44.5146222],[23.9001757,44.5144542],[23.8999631,44.5143071],[23.8997531,44.5142115],[23.8996494,44.5141771],[23.8993806,44.514131],[23.8992317,44.5140889],[23.8991253,44.5140507],[23.8990669,44.5139991],[23.8990378,44.5139457],[23.8990569,44.5138236],[23.8990704,44.5137645],[23.8990784,44.5137588],[23.899068,44.5136977],[23.8990123,44.5136214],[23.8989168,44.5135469],[23.8987492,44.5134704],[23.8985072,44.51339],[23.8980922,44.5133095],[23.8979645,44.5132789],[23.897773,44.5132444],[23.8975467,44.5132136],[23.8974057,44.5131696],[23.8973578,44.513139],[23.8973447,44.5131161],[23.8973453,44.5130539],[23.8973663,44.5129978],[23.8973666,44.5129521],[23.8973559,44.5129311],[23.8973055,44.5128948],[23.8972577,44.5128718],[23.8970661,44.5128163],[23.8969038,44.5127933],[23.8968453,44.512778],[23.8967974,44.5127569],[23.8967842,44.5127417],[23.896787,44.512694],[23.8968218,44.5126578],[23.8968324,44.5126597],[23.8968537,44.5126464],[23.8969602,44.5126541],[23.8970347,44.5126733],[23.8970984,44.5127],[23.8972687,44.5127556],[23.8978646,44.5128896],[23.8980668,44.51293],[23.8983117,44.5129588],[23.8984182,44.5129799],[23.8985755,44.5130291],[23.8988011,44.5131176],[23.8989819,44.5131807],[23.8991735,44.5132344],[23.8995353,44.5133034],[23.8997163,44.5133284],[23.8999611,44.513382],[23.9000462,44.5133935],[23.9000728,44.5133917],[23.9000755,44.5134012],[23.9002192,44.5134243],[23.9002432,44.513409],[23.9002409,44.5133852],[23.9002729,44.513287],[23.9003514,44.5129285],[23.9003677,44.5128217],[23.9004726,44.5124136],[23.9005245,44.5121657],[23.9006431,44.5117596],[23.9006726,44.5116814],[23.9007032,44.5115662],[23.9020591,44.5117257],[23.9031682,44.5119342],[23.9040979,44.5121788],[23.9046933,44.5123183],[23.9055177,44.5125346],[23.9056113,44.5125698],[23.9056714,44.5125841],[23.9068323,44.5127619],[23.9080357,44.5130308],[23.909485,44.513595],[23.9121467,44.5147756],[23.9118293,44.515779],[23.9119115,44.5157946],[23.9133179,44.5162214],[23.9140033,44.5164389],[23.9144939,44.5165852],[23.9152721,44.5168246],[23.9153626,44.5166644],[23.9175837,44.5174592],[23.9172143,44.5180603],[23.9177336,44.5182722],[23.9181715,44.5185202],[23.9184703,44.5186968],[23.9185214,44.5187437],[23.9182843,44.5189401],[23.9188047,44.5194033],[23.9189093,44.5194752],[23.9198031,44.5202942],[23.921192,44.5216181],[23.9217173,44.5220073],[23.9219626,44.5220403],[23.9223215,44.5221833],[23.922385,44.5222941],[23.9225738,44.5223883],[23.9229237,44.5227312],[23.9232878,44.5229357],[23.9235894,44.5230121],[23.9239151,44.523075],[23.9241634,44.5231661],[23.9240173,44.5233014],[23.9246656,44.5237132],[23.9253724,44.5242137],[23.925437,44.5242546],[23.925703,44.5239676],[23.9259282,44.5237705],[23.9263797,44.5239249],[23.927074,44.524355],[23.9268002,44.5245818],[23.9265688,44.5248664],[23.9281012,44.5256085],[23.9306331,44.5267891],[23.9303174,44.5268655],[23.9292342,44.5272912],[23.9291334,44.5273987],[23.929064,44.5281254],[23.9289734,44.528129],[23.9286007,44.5281569],[23.928404,44.5283308],[23.9284069,44.5284222],[23.9285989,44.5285096],[23.9286528,44.5287459],[23.928238,44.5290021],[23.9281505,44.5291549],[23.9281696,44.529376],[23.9284976,44.5295183],[23.9285431,44.529604],[23.9284746,44.5299092],[23.9282036,44.5302287],[23.9278599,44.5305643],[23.927849,44.5308474],[23.9276962,44.5310408],[23.9274608,44.5312148],[23.9271692,44.5313489],[23.9267758,44.531891],[23.9267556,44.5325849],[23.9265802,44.5331114],[23.9264254,44.5333938],[23.9264028,44.5336149],[23.926731,44.5339765],[23.9266445,44.5344418],[23.9266452,44.5348686],[23.9269226,44.5351655],[23.9269254,44.535295],[23.926814,44.5355545],[23.9268994,44.5358059],[23.9268253,44.5359433],[23.9264998,44.5362642],[23.9263202,44.5365695],[23.9265157,44.5374039],[23.9263919,44.53761],[23.9263975,44.5377626],[23.9262199,44.5379554],[23.9260455,44.5379564],[23.9257207,44.5383472],[23.9254987,44.5384487],[23.9252544,44.5384682],[23.9251329,44.5385237],[23.9251384,44.5387295],[23.9249817,44.5389586],[23.9251297,44.5393472],[23.9248525,44.5395689],[23.9245005,44.5401529],[23.9240677,44.5403635],[23.9239304,44.5405925],[23.9239576,44.5407374],[23.9242937,44.5408816],[23.9243425,44.5411331],[23.924207,44.5412402],[23.9241816,44.5413905],[23.9243557,44.5414504],[23.9244302,44.5415269],[23.924403,44.541649],[23.9241125,44.5419039],[23.9240811,44.5420104],[23.9241689,44.5421192],[23.9243775,44.5421142],[23.9244736,44.5422135],[23.9244966,44.5428401],[23.9246823,44.5432805],[23.9248532,44.5434223],[23.9249114,44.5435449],[23.9247933,44.5437159],[23.9241788,44.5440998],[23.9237993,44.5445734],[23.9235508,44.5446699],[23.9236084,44.5448226],[23.9234817,44.5448947],[23.9234397,44.5450894],[23.9232796,44.5451731],[23.923306,44.5454102],[23.9231084,44.5456544],[23.9231507,44.5459297],[23.9229851,44.5462045],[23.9230296,44.5469205],[23.9236606,44.5474424],[23.9237537,44.5476561],[23.9237397,44.5482509],[23.9240431,44.548533],[23.9242132,44.5489214],[23.9238955,44.5494037],[23.9237221,44.5495543],[23.9238259,44.5496837],[23.9238205,44.5497656],[23.9235456,44.5499889],[23.9233345,44.5503931],[23.9229795,44.5508126],[23.9228911,44.5511862],[23.9226725,44.5512816],[23.9225122,44.5514494],[23.9226107,44.551678],[23.9226025,44.5518151],[23.9224343,44.5520363],[23.9223752,44.5523793],[23.922188,44.5528365],[23.9220492,44.5529966],[23.9219477,44.5532404],[23.9217581,44.5534232],[23.9215953,44.5536822],[23.9215733,44.5542611],[23.9214023,44.5545199],[23.9213724,44.5549922],[23.9215611,44.5554418],[23.921438,44.5557768],[23.9216962,44.5561123],[23.9218735,44.5572548],[23.92159,44.5579191],[23.9211072,44.5582133],[23.9209779,44.5583963],[23.9211079,44.5588305],[23.9210853,44.5591887],[23.9211512,44.5593718],[23.9209372,44.5596077],[23.9208914,44.5597772],[23.9209389,44.5599298],[23.9211358,44.5601417],[23.92121,44.5603649],[23.9213801,44.5605921],[23.9214332,44.5607676],[23.9214009,44.5609448],[23.9215606,44.5611338],[23.9216133,44.5616391],[23.9217408,44.562034],[23.921719,44.5622815],[23.9218054,44.5627702],[23.9217519,44.5631132],[23.9215562,44.5632572],[23.9213728,44.563508],[23.9209596,44.563834],[23.9201371,44.5640302],[23.9196015,44.5643346],[23.9193483,44.5646518],[23.9190321,44.5648657],[23.918827,44.5651547],[23.9178122,44.5653975],[23.9175154,44.565518],[23.9171852,44.5657872],[23.9168639,44.5659649],[23.9163396,44.5665039],[23.9159947,44.5669447],[23.915794,44.5673557],[23.9157417,44.5678589],[23.9154042,44.5686888],[23.9154509,44.5691545],[23.9153975,44.5698008],[23.9150684,44.5699441],[23.9148136,44.5701278],[23.9144116,44.5707056],[23.9143348,44.5709417],[23.9142479,44.5717576],[23.9140574,44.5722221],[23.9123997,44.5753112],[23.9123086,44.5756769],[23.911898,44.5764081],[23.9114591,44.5774503],[23.9110963,44.5781045],[23.9110637,44.5782747],[23.9109064,44.578485],[23.9110837,44.5789358],[23.9103415,44.5787626],[23.9088313,44.5782932],[23.9078835,44.5781548],[23.9069447,44.5778962],[23.9065817,44.5776426],[23.9057325,44.5765815],[23.9052977,44.5762855],[23.9050388,44.5760324],[23.9036305,44.5753572],[23.9029079,44.5751097],[23.9021507,44.5749728],[23.9010714,44.5749447],[23.9006475,44.5748535],[23.8997414,44.5748272],[23.8994538,44.5749075],[23.8991393,44.5749343],[23.8984356,44.5748126],[23.8980516,44.5746812],[23.8978198,44.5747138],[23.8977775,44.5748663],[23.8978981,44.5752476],[23.8977758,44.5754001],[23.8979306,44.5754917],[23.8979627,44.5756174],[23.8976911,44.5757015],[23.8974834,44.5758427],[23.8972176,44.5762165],[23.8972312,44.5763214],[23.8974047,44.5765139],[23.8972726,44.5771241],[23.8974339,44.5779096],[23.8973942,44.5780621],[23.8972212,44.5781919],[23.8971734,44.5782949],[23.8974351,44.5785502],[23.8974515,44.5787866],[23.8973504,44.5788935],[23.8972439,44.5789221],[23.897041,44.5787888],[23.8968812,44.578766],[23.89637,44.5790998],[23.8961356,44.5791419],[23.896029,44.5792106],[23.8959495,44.5793879],[23.8961365,44.5796605],[23.8960597,44.579897],[23.8961211,44.5799771],[23.8963051,44.5800513],[23.8963507,44.5802095],[23.896271,44.5803126],[23.8959781,44.5804386],[23.8957491,44.5806217],[23.8953654,44.5806047],[23.8951549,44.5806906],[23.8951418,44.5807993],[23.8954859,44.5809803],[23.8954143,44.5812091],[23.8952813,44.581316],[23.894748,44.581198],[23.8945563,44.5812476],[23.8943619,44.5813697],[23.8942105,44.5816215],[23.8942559,44.5817035],[23.8945333,44.5818845],[23.8944965,44.582079],[23.8943234,44.5821954],[23.8945662,44.5823459],[23.8945584,44.5824794],[23.8939139,44.5827758],[23.8938918,44.5828782],[23.893979,44.583059],[23.8939075,44.5832233],[23.8934715,44.5834547],[23.8929283,44.583551],[23.892699,44.5836666],[23.8921641,44.5840282],[23.8919394,44.5843738],[23.8915622,44.5847094],[23.8914396,44.5849149],[23.8916784,44.5853743],[23.8916706,44.5856287],[23.8913579,44.5857698],[23.891307,44.5859453],[23.8909182,44.5865002],[23.8907041,44.5873708],[23.8909106,44.5875085],[23.8909257,44.5875712],[23.8907772,44.5879663],[23.8905904,44.5881956],[23.8905134,44.5885713],[23.8905114,44.5891374],[23.8903753,44.5891944],[23.8898534,44.5892614],[23.889732,44.5894044],[23.8897628,44.5895754],[23.8901165,44.5902362],[23.8900607,44.5903597],[23.8902158,44.5907027],[23.890134,44.5910189],[23.8903595,44.5910953],[23.8907044,44.5913627],[23.8911584,44.5924339],[23.891156,44.5929428],[23.8914968,44.5934211],[23.8914636,44.5936827],[23.8912711,44.5939724],[23.8912506,44.594268],[23.8911427,44.5945532],[23.8908619,44.5948113],[23.8909035,44.5952666],[23.8905129,44.5954269],[23.8901491,44.5957246],[23.8900221,44.5959477],[23.8899315,44.595978],[23.8896703,44.595958],[23.8895053,44.5960193],[23.8882201,44.5971396],[23.8874439,44.5976458],[23.8872735,44.5976957],[23.8864632,44.5977413],[23.8859735,44.5979023],[23.8855276,44.5983658],[23.8852965,44.5986898],[23.8849902,44.5991933],[23.8847423,44.599784],[23.8850034,44.6003356],[23.8850356,44.60096],[23.8853788,44.6013628],[23.8856045,44.6017431],[23.8857481,44.6022378],[23.8859662,44.6027094],[23.8859739,44.6032292],[23.8860497,44.6034861],[23.8860038,44.6038782],[23.8861221,44.6041909],[23.886131,44.6045184],[23.8862151,44.6047776],[23.8861971,44.6051546],[23.8860524,44.6052894],[23.8854778,44.6055598],[23.8851298,44.6058292],[23.8850218,44.6060916],[23.8847758,44.606226],[23.8846766,44.606338],[23.8840957,44.6073111],[23.8835317,44.6080824],[23.8826361,44.6090393],[23.8822746,44.6093428],[23.882113,44.6096432],[23.8813337,44.610311],[23.8811611,44.6106836],[23.8809038,44.6109266],[23.8809703,44.61146],[23.8808192,44.6118061],[23.8808485,44.6123012],[23.8807917,44.612461],[23.8805395,44.612761],[23.8804657,44.6131035],[23.8805445,44.6133247],[23.8807087,44.6135461],[23.8808028,44.6139044],[23.8811689,44.6142521],[23.8813356,44.614504],[23.8815429,44.6146361],[23.881921,44.6147325],[23.8820372,44.614967],[23.8825804,44.6150944],[23.882878,44.6153067],[23.8835808,44.6155299],[23.8837802,44.6156371],[23.884762,44.6165638],[23.8850715,44.6170675],[23.8854382,44.6173048],[23.8860062,44.6178168],[23.8863521,44.6179626],[23.8874483,44.6187235],[23.8880938,44.6189526],[23.8884725,44.6192225],[23.8891204,44.6194029],[23.8891483,44.6197538],[23.8894209,44.6201506],[23.8894944,44.6203794],[23.8896964,44.6205171],[23.889839,44.6207804],[23.8901157,44.6209145],[23.8901815,44.6210747],[23.8905211,44.6214223],[23.8908749,44.6215784],[23.8909302,44.6217045],[23.8913348,44.6218073],[23.8913737,44.621888],[23.8917528,44.6221161],[23.892837,44.6222616],[23.8932097,44.6223884],[23.8936788,44.6224661],[23.8939631,44.6226611],[23.8942722,44.6227116],[23.8943616,44.6229766],[23.8946,44.623282],[23.8947424,44.6236099],[23.8950662,44.6239099],[23.8962313,44.6240048],[23.896977,44.6242203],[23.8980478,44.6244336],[23.8988994,44.6244334],[23.8990894,44.6245014],[23.8996588,44.6250944],[23.8997202,44.625291],[23.899675,44.625542],[23.8990553,44.6256976],[23.8987414,44.6258117],[23.8954356,44.6268518],[23.892007,44.6280271],[23.883478,44.6298748],[23.8826777,44.6300307],[23.8819415,44.6300998],[23.8762174,44.6303894],[23.8758547,44.6303349],[23.8753806,44.6301046],[23.8737059,44.6294401],[23.8726288,44.6291394],[23.8722828,44.6290937],[23.8717628,44.628859],[23.870756,44.6284973],[23.8700835,44.6283271],[23.869942,44.6278802],[23.8696802,44.6274901],[23.8691559,44.6271698],[23.8685437,44.6266659],[23.8671929,44.6263429],[23.8653524,44.6260015],[23.8652035,44.6259058],[23.8642111,44.6255729],[23.8637402,44.6255547],[23.8629354,44.625264],[23.8604012,44.6247406],[23.8597804,44.6246806],[23.8591067,44.6244316],[23.8588601,44.6245098],[23.8582154,44.6258603],[23.8572261,44.6273535],[23.8568173,44.627738],[23.8565516,44.6281341],[23.856334,44.6289909],[23.8560211,44.6296012],[23.8559106,44.6301114],[23.85544,44.6308335],[23.8546539,44.6311107],[23.8530324,44.6312422],[23.8515609,44.6317262],[23.8511001,44.6320333],[23.8496761,44.6332232],[23.8485374,44.6339947],[23.8482054,44.6341917],[23.8473709,44.6345297],[23.8468687,44.6346194],[23.8463555,44.6347756],[23.8460458,44.634803],[23.8448575,44.6345602],[23.8447152,44.6347045],[23.8436532,44.6364009],[23.8432311,44.6373371],[23.8428696,44.637961],[23.8424154,44.6384682],[23.841981,44.6386404],[23.8418273,44.6386891],[23.8411451,44.638638],[23.8407766,44.6386555],[23.8384232,44.6389014],[23.8366483,44.638963],[23.8363715,44.6389332],[23.8357075,44.6387239],[23.8334873,44.6377905],[23.8325213,44.6371246],[23.8322049,44.6369568],[23.8315158,44.6367304],[23.8304423,44.6362474],[23.829652,44.636109],[23.8283909,44.6359812],[23.8283977,44.6361356],[23.8283263,44.6362222],[23.828245,44.6362355],[23.8279892,44.6360938],[23.8278571,44.6365057],[23.827392,44.636379],[23.8271373,44.6363946],[23.8270366,44.6364525],[23.8272377,44.6365571],[23.8271386,44.6368201],[23.8271554,44.6371086],[23.827096,44.6371669],[23.8268012,44.6372613],[23.8267578,44.6374396],[23.8268347,44.6375023],[23.8271203,44.6374393],[23.8272944,44.6374756],[23.8273783,44.6375445],[23.8273824,44.6377608],[23.8272305,44.6380313],[23.8270553,44.638189],[23.8269671,44.6381921],[23.826702,44.6380147],[23.8265508,44.6379705],[23.8263753,44.6380722],[23.8262901,44.6383465],[23.826475,44.6384814],[23.8264816,44.6385759],[23.8262837,44.6389374],[23.8263021,44.6391538],[23.8262359,44.6393608],[23.8258615,44.6396933],[23.8254522,44.6396863],[23.8253127,44.6400125],[23.8248477,44.64004],[23.8248053,44.6401204],[23.824896,44.6402297],[23.824831,44.6403066],[23.8242794,44.6402443],[23.8241624,44.6403191],[23.8242436,44.6405236],[23.8245389,44.6405911],[23.8244965,44.6407748],[23.8246503,44.6408224],[23.8246815,44.6408734],[23.8243265,44.6415187],[23.8236733,44.6419198],[23.8231644,44.641938],[23.8230592,44.6418952],[23.8231925,44.6415962],[23.8230172,44.641415],[23.822136,44.6414097],[23.8219811,44.6414408],[23.8218838,44.6415112],[23.8218279,44.6417962],[23.8221946,44.6421148],[23.8220528,44.6424272],[23.8222109,44.6424979],[23.822287,44.6426196],[23.822214,44.6426903],[23.8220239,44.6427301],[23.8214747,44.6428299],[23.8211412,44.6428429],[23.8208323,44.6429204],[23.8207337,44.642973],[23.8205525,44.6432833],[23.8203566,44.6433327],[23.8201733,44.6433214],[23.8200723,44.6440441],[23.8196745,44.6441548],[23.8195522,44.6443036],[23.8196275,44.6444674],[23.8197829,44.6446237],[23.8197887,44.6447456],[23.819709,44.6448639],[23.8194853,44.6449899],[23.8191219,44.6449062],[23.8187377,44.6449409],[23.8185939,44.6450248],[23.8184931,44.6451888],[23.8184832,44.6454481],[23.8186824,44.6458902],[23.8184753,44.6461801],[23.8185298,44.6465155],[23.8183118,44.6467597],[23.8181474,44.6470838],[23.818009,44.6471945],[23.8179396,44.6471907],[23.8178218,44.6470727],[23.8177677,44.6468973],[23.8176019,44.6468212],[23.8174685,44.6468366],[23.8171118,44.6470999],[23.8168716,44.647142],[23.8167652,44.6472107],[23.8165768,44.6475664],[23.8125747,44.6454343],[23.8129309,44.6450854],[23.8086954,44.64337],[23.8062203,44.6424239]]]}},{"type":"Feature","properties":{"entity_id":"osm-r9685781","jurisdiction":"RO","display_name":"MURGAȘI","display_type":"commune","admin_level":8,"tier":"local","legal_registry":"SIRUTA","legal_id":"73371","legal_type":"commune","parent_catalog_id":"osm-r2366970","osm_relation_id":9685781,"legal_identity_status":"reconciled","geometry_source":"OpenStreetMap","geometry_precision":"master_coordinate_fidelity"},"geometry":{"type":"Polygon","coordinates":[[[23.7882022,44.6373057],[23.7874871,44.6370973],[23.787362,44.6369763],[23.7873894,44.6368114],[23.7875368,44.6366307],[23.788123,44.6364491],[23.7879098,44.6359683],[23.7877596,44.635904],[23.7870718,44.6359821],[23.7870358,44.6357994],[23.7869122,44.6356101],[23.7870483,44.6352072],[23.7870581,44.6347402],[23.7868001,44.6344925],[23.7866818,44.6340469],[23.7873093,44.6337974],[23.7871372,44.633636],[23.7868134,44.6334787],[23.7867293,44.633307],[23.7868133,44.6331085],[23.786582,44.633106],[23.7862249,44.6330167],[23.7858947,44.6324094],[23.7858579,44.6322609],[23.7865825,44.6323257],[23.7866413,44.6321839],[23.7865021,44.6319773],[23.7863273,44.6319413],[23.7861858,44.6318429],[23.7863077,44.631736],[23.786611,44.6317279],[23.7869766,44.6314128],[23.7868128,44.6312345],[23.7865485,44.6312886],[23.7862541,44.6312513],[23.7863137,44.6310753],[23.786756,44.6309035],[23.7868229,44.6307562],[23.7866905,44.6306066],[23.786322,44.6306767],[23.785898,44.6305913],[23.7860797,44.6298442],[23.7804655,44.6292465],[23.7798622,44.629109],[23.7790188,44.6290087],[23.776543,44.6287769],[23.7751159,44.6285563],[23.7749239,44.6283947],[23.7744538,44.6281817],[23.7737325,44.6281597],[23.7735004,44.6281942],[23.7723979,44.627342],[23.7717503,44.6270388],[23.771016,44.6263131],[23.7708404,44.6255707],[23.77123,44.6245041],[23.7715428,44.6240518],[23.7717144,44.623484],[23.7716804,44.6228343],[23.7715666,44.6221837],[23.7712907,44.6216567],[23.771464,44.6210093],[23.7711507,44.6207438],[23.7705474,44.6194898],[23.7701761,44.6189503],[23.7700499,44.6181344],[23.7692283,44.6173964],[23.7694378,44.6169202],[23.7692971,44.6160415],[23.7693385,44.6155976],[23.769277,44.6147426],[23.769137,44.6141999],[23.7693742,44.6128013],[23.7693201,44.6115988],[23.7693611,44.6111721],[23.7694619,44.610934],[23.7693046,44.6104595],[23.7694333,44.6104039],[23.76947,44.6101822],[23.7690743,44.6100412],[23.7692925,44.609155],[23.7692638,44.6086306],[23.7693131,44.6081926],[23.769253,44.6076451],[23.7693469,44.6073556],[23.7695114,44.6071182],[23.769542,44.6068052],[23.7695099,44.6064403],[23.7690139,44.6057685],[23.7689097,44.6054199],[23.7689007,44.6050951],[23.7691017,44.6050176],[23.7692632,44.6045466],[23.7689862,44.6044524],[23.768925,44.6043321],[23.7693191,44.6041712],[23.7691188,44.6038444],[23.769685,44.6027171],[23.7703067,44.6019777],[23.7705156,44.60153],[23.7711391,44.6007051],[23.7713672,44.6001038],[23.7721302,44.5987166],[23.7720989,44.5983176],[23.7722808,44.597636],[23.7728722,44.5971925],[23.7732801,44.5971343],[23.7731116,44.5968078],[23.7730634,44.5964541],[23.7738458,44.5963999],[23.7737858,44.5954708],[23.7740799,44.595138],[23.7737208,44.594029],[23.7739871,44.5938781],[23.7736948,44.5933794],[23.7737385,44.5931976],[23.773851,44.593159],[23.7743115,44.5932437],[23.7744481,44.5931939],[23.7744667,44.5930688],[23.7741123,44.5928656],[23.7735876,44.5927972],[23.7735175,44.5927224],[23.7738491,44.5924982],[23.7736356,44.5924161],[23.7733406,44.5924186],[23.7732801,44.5922642],[23.7734984,44.5921184],[23.7742486,44.592081],[23.7743313,44.5919395],[23.7745808,44.5918283],[23.7747302,44.5919211],[23.7750398,44.5919814],[23.7757252,44.5916129],[23.7756167,44.5914693],[23.7757694,44.5914083],[23.7763172,44.5915168],[23.7765087,44.5911316],[23.7762801,44.5910095],[23.7758041,44.5909018],[23.7756881,44.5907353],[23.7757074,44.590576],[23.7758443,44.5905092],[23.7761704,44.5905469],[23.7765227,44.590471],[23.7765682,44.5902037],[23.7759126,44.5899232],[23.7758595,44.5897973],[23.7760081,44.589554],[23.776169,44.5894874],[23.776567,44.5891386],[23.7764089,44.5890742],[23.7761226,44.5890426],[23.7760685,44.5889623],[23.7761744,44.5888552],[23.7765996,44.5887288],[23.7765225,44.5886027],[23.7767736,44.5884174],[23.7766741,44.5882227],[23.7764919,44.5881694],[23.7762608,44.5881669],[23.7762556,44.5880359],[23.7766778,44.5872943],[23.776244,44.5870788],[23.776203,44.5867594],[23.7759936,44.5864837],[23.7757703,44.5857408],[23.7756056,44.5856137],[23.7754118,44.5853553],[23.775329,44.5851265],[23.7748424,44.5847738],[23.7747827,44.5845795],[23.7748593,44.5843525],[23.7747925,44.5841182],[23.7739545,44.5837958],[23.7737422,44.5836625],[23.7736915,44.5834227],[23.7735198,44.58325],[23.7732828,44.5831506],[23.7731761,44.5829216],[23.7732989,44.5827691],[23.7737485,44.5826145],[23.7742649,44.5826942],[23.7743303,44.5826151],[23.7742623,44.5824435],[23.7736929,44.5822323],[23.7732683,44.5819599],[23.7722749,44.5814536],[23.7716043,44.580757],[23.7703214,44.5796266],[23.7696746,44.579312],[23.7692132,44.5792728],[23.76736,44.5787228],[23.7671447,44.5783559],[23.7660561,44.5770909],[23.7634535,44.5765611],[23.7624782,44.575958],[23.7622409,44.5751352],[23.7635977,44.5713223],[23.764111,44.5693116],[23.763773,44.5679807],[23.7628124,44.5678163],[23.7618045,44.5679989],[23.7600854,44.5686465],[23.7592751,44.5674215],[23.7591955,44.5674177],[23.7579334,44.5675605],[23.7567578,44.5679434],[23.7564544,44.5681565],[23.7556079,44.5682469],[23.7545134,44.5685595],[23.7533146,44.5687256],[23.7501312,44.5689125],[23.7475527,44.5689494],[23.7464397,44.569014],[23.7453459,44.5689278],[23.7441716,44.5686982],[23.7432647,44.5684489],[23.7429233,44.5684255],[23.7427487,44.5677138],[23.742698,44.5670932],[23.7428958,44.5660355],[23.7433893,44.5651334],[23.7457966,44.5655069],[23.7460943,44.5650668],[23.7462638,44.5649329],[23.7464541,44.5649342],[23.7469948,44.565073],[23.7471933,44.5649678],[23.7478236,44.5650465],[23.7480454,44.5648358],[23.7481891,44.5647825],[23.7487945,44.5647545],[23.7489797,44.5647071],[23.7491346,44.5647401],[23.749227,44.5646853],[23.7492944,44.5646056],[23.7493653,44.5640524],[23.7493389,44.5638689],[23.7492284,44.5636746],[23.7492232,44.5631549],[23.7493654,44.5629443],[23.7498882,44.5628224],[23.7501214,44.5626284],[23.7499315,44.5625788],[23.7498424,44.5624531],[23.7497097,44.5624091],[23.7488527,44.5623697],[23.7484217,44.562182],[23.7479062,44.5620643],[23.7487618,44.5618026],[23.7495601,44.5612642],[23.7507473,44.5607115],[23.7510244,44.560333],[23.7517705,44.5597773],[23.7542622,44.5587131],[23.7548583,44.5583217],[23.7550276,44.5580383],[23.7553389,44.5578551],[23.7556692,44.5574866],[23.7564902,44.5558455],[23.7566882,44.5553196],[23.7575447,44.5543144],[23.757986,44.5539705],[23.7581363,44.5537911],[23.7583217,44.5533108],[23.7583842,44.5527805],[23.7594671,44.5515843],[23.7602266,44.5510717],[23.7603485,44.5509395],[23.7606804,44.5507592],[23.7609372,44.5507135],[23.7622532,44.5507407],[23.76299,44.5506476],[23.7639656,44.5503927],[23.7657114,44.5500487],[23.7669178,44.5497239],[23.7686881,44.5488563],[23.7695359,44.5483778],[23.7703849,44.5477478],[23.7707797,44.5473955],[23.7712806,44.5470827],[23.7721613,44.5467794],[23.7731352,44.5463117],[23.7734454,44.5461479],[23.7740571,44.5457022],[23.7752007,44.5450651],[23.776583,44.544748],[23.7788325,44.5439455],[23.7796643,44.5437884],[23.7797257,44.5438139],[23.7802446,44.543505],[23.7808738,44.5432445],[23.7828803,44.5427452],[23.7839152,44.5424152],[23.7856121,44.5416097],[23.7857525,44.5418528],[23.7858271,44.5418566],[23.7859025,44.5417186],[23.7861272,44.5415883],[23.7862149,44.5414763],[23.7862222,44.5413495],[23.7863793,44.5410711],[23.7868593,44.5405425],[23.7873509,44.539782],[23.7875734,44.5395603],[23.7895173,44.5382162],[23.7899496,44.5378256],[23.7918569,44.536399],[23.7923244,44.5360228],[23.794502,44.5342705],[23.7962794,44.532764],[23.7966857,44.5324064],[23.7980136,44.5313908],[23.8012241,44.5286615],[23.8021907,44.5277824],[23.8031479,44.5270225],[23.8042765,44.5259827],[23.804684,44.525524],[23.8054026,44.5249711],[23.8056297,44.5247322],[23.8063797,44.5234406],[23.807582,44.5211692],[23.8079471,44.5206089],[23.8093958,44.5177958],[23.8106822,44.515521],[23.810829,44.5146215],[23.8109461,44.5142754],[23.8109776,44.5138688],[23.8112269,44.5132548],[23.8129938,44.5112539],[23.8146449,44.5092429],[23.8151295,44.5082908],[23.8157409,44.5073426],[23.8160551,44.5070343],[23.8166889,44.506596],[23.814522,44.505056],[23.8133944,44.5041469],[23.8111971,44.5025107],[23.811906,44.5013294],[23.8124197,44.5002147],[23.8128326,44.4996866],[23.8134687,44.4985689],[23.8113386,44.4974428],[23.8109787,44.4971944],[23.8117686,44.496364],[23.8122034,44.495738],[23.8129969,44.4949471],[23.8133516,44.4944089],[23.8137991,44.4935412],[23.813841,44.4934927],[23.8145927,44.4938826],[23.817708,44.4952254],[23.8181018,44.4954545],[23.8205807,44.4966143],[23.8228897,44.4975871],[23.8247622,44.4984964],[23.8263987,44.4991924],[23.8264226,44.4991515],[23.8272098,44.4995744],[23.8273082,44.4993341],[23.8278334,44.4986325],[23.8285536,44.4981739],[23.8292078,44.4978525],[23.8296031,44.4975434],[23.829852,44.4971456],[23.8299939,44.4970702],[23.8300892,44.4969295],[23.8308781,44.4965119],[23.8309188,44.4963459],[23.8311994,44.4961118],[23.831333,44.4958882],[23.8313784,44.4953557],[23.8317521,44.4943114],[23.8318186,44.4939478],[23.8325069,44.4933318],[23.8338914,44.4926925],[23.8341039,44.492544],[23.8344607,44.492137],[23.8346354,44.4916123],[23.8348025,44.4914009],[23.8351686,44.4911053],[23.8354315,44.4908104],[23.8358159,44.4905544],[23.8357888,44.4903092],[23.83623,44.4901513],[23.8368062,44.489702],[23.8371794,44.4895619],[23.8378114,44.4890917],[23.8380845,44.4889681],[23.838499,44.4889174],[23.8390987,44.4887677],[23.8395938,44.4887416],[23.8403794,44.4885859],[23.8406676,44.4886061],[23.8405889,44.4887411],[23.8420139,44.4886569],[23.8420865,44.4886343],[23.8422297,44.4884412],[23.8426895,44.4883484],[23.8437373,44.4879809],[23.8442441,44.4876475],[23.8445442,44.4875504],[23.8448635,44.487568],[23.8449223,44.4875244],[23.8454803,44.4867407],[23.8453769,44.4865833],[23.8451843,44.4864813],[23.8397781,44.4844017],[23.832773,44.4819831],[23.8327928,44.4813477],[23.8327042,44.4806205],[23.8323584,44.4793975],[23.8346808,44.4804481],[23.8380349,44.4820553],[23.8379749,44.4817984],[23.8379387,44.480915],[23.8380083,44.4805356],[23.8381268,44.4802881],[23.8388474,44.4794194],[23.839109,44.4789718],[23.8390756,44.4789559],[23.8391802,44.4788529],[23.8404448,44.4780773],[23.8398451,44.4772446],[23.8394651,44.4766191],[23.8394818,44.4765568],[23.8403585,44.4758863],[23.8423663,44.474537],[23.842964,44.4740829],[23.8430646,44.4738057],[23.8425167,44.47337],[23.8429884,44.4733228],[23.8434087,44.4730478],[23.8450883,44.4722814],[23.8456631,44.4718914],[23.8466328,44.4713979],[23.8473632,44.4712605],[23.8489703,44.4711347],[23.8492963,44.4709716],[23.8500695,44.4704565],[23.8506467,44.4704303],[23.8505486,44.4702754],[23.8505058,44.4698954],[23.8509639,44.4689689],[23.8511368,44.4682105],[23.8511055,44.4679737],[23.8510577,44.4678637],[23.85086,44.4677282],[23.849273,44.4671779],[23.8491079,44.4670606],[23.8493382,44.4669106],[23.8497584,44.4668349],[23.8500787,44.4668472],[23.8503861,44.4668728],[23.8505991,44.4669065],[23.8507427,44.466953],[23.8511192,44.4669793],[23.8516324,44.4670835],[23.85197,44.4671725],[23.8522331,44.4672157],[23.8523836,44.4672307],[23.8524952,44.4673083],[23.8527084,44.4673285],[23.8529713,44.4673807],[23.8534354,44.4674304],[23.8542566,44.4675288],[23.8579859,44.4680257],[23.8635828,44.4687843],[23.8638271,44.4688227],[23.8643819,44.4693729],[23.8654095,44.4704858],[23.8659394,44.4710221],[23.8661967,44.4713622],[23.8663985,44.4716433],[23.8665582,44.4718339],[23.8668171,44.4720885],[23.8670778,44.4722576],[23.8674027,44.4723509],[23.8675998,44.4725554],[23.8678471,44.4727649],[23.8680464,44.4728569],[23.8683452,44.4730039],[23.8684233,44.4731892],[23.8685695,44.4734247],[23.868792,44.4736159],[23.869625,44.4740833],[23.8702173,44.4743277],[23.8709767,44.4747044],[23.8716429,44.475026],[23.8717357,44.475099],[23.8730866,44.475765],[23.879738,44.4789051],[23.8802109,44.4791528],[23.881174,44.4797294],[23.8823101,44.4804562],[23.8840677,44.4816002],[23.8836421,44.4818444],[23.8854306,44.483247],[23.8884575,44.4852799],[23.8906933,44.4868492],[23.8909009,44.4866194],[23.8918302,44.4873672],[23.893727,44.4890071],[23.8972319,44.4919927],[23.8982142,44.4929112],[23.9020655,44.4970356],[23.9023173,44.4972218],[23.9027449,44.4976292],[23.9032873,44.4981985],[23.9034825,44.4984051],[23.9041111,44.4990022],[23.9038351,44.4992479],[23.90363,44.499453],[23.9028868,44.5004111],[23.9028279,44.5005331],[23.9027739,44.5007314],[23.9027494,44.5008688],[23.9027307,44.5009222],[23.9026395,44.5011147],[23.9026395,44.501128],[23.9025778,44.5012424],[23.9025213,44.5013262],[23.9024119,44.5015093],[23.9023396,44.5016084],[23.9022164,44.5018372],[23.9021416,44.5019363],[23.9020986,44.5020278],[23.902045,44.5021117],[23.9019431,44.5023252],[23.9018894,44.5024777],[23.9017928,44.5026913],[23.9016643,44.50292],[23.9016131,44.5030802],[23.9015031,44.5033242],[23.901508,44.5034463],[23.9014756,44.5035607],[23.9014059,44.5037208],[23.901264,44.5039267],[23.9011863,44.5040868],[23.900987,44.5047428],[23.9009333,44.5048877],[23.9008981,44.505025],[23.9008741,44.5050708],[23.9008309,44.5052157],[23.9007505,44.5053682],[23.9005368,44.5056044],[23.900296,44.5058942],[23.9001759,44.5060161],[23.8998688,44.5062752],[23.8997378,44.5064047],[23.8994976,44.5066162],[23.8993934,44.5066885],[23.8993187,44.5067228],[23.8992548,44.5067647],[23.8990734,44.5068599],[23.8989586,44.5069304],[23.8988038,44.5070485],[23.8987584,44.5070942],[23.8986593,44.5072543],[23.8985338,44.5073686],[23.8982216,44.5075666],[23.8980962,44.50766],[23.8978934,44.5077818],[23.8976053,44.5079303],[23.8974986,44.5079683],[23.8969871,44.508088],[23.8965821,44.5081486],[23.8965608,44.5081562],[23.8962625,44.5081959],[23.8961773,44.5082035],[23.8956661,44.508201],[23.8954743,44.5082122],[23.8952721,44.5082121],[23.8950164,44.5082232],[23.8948566,44.5082479],[23.8948034,44.5082439],[23.8947133,44.5082202],[23.8946144,44.5081999],[23.8942555,44.5080717],[23.8940322,44.5079646],[23.8938807,44.5079015],[23.8937771,44.507848],[23.8936388,44.5078002],[23.8934792,44.50776],[23.8933089,44.5077292],[23.8930427,44.5077099],[23.8929043,44.5077079],[23.8925635,44.5077208],[23.8922653,44.5077243],[23.8918817,44.5077964],[23.8918284,44.5077982],[23.8914874,44.5078607],[23.8912637,44.5078949],[23.890944,44.5079174],[23.8904967,44.5079627],[23.8903261,44.5080102],[23.8897179,44.5083185],[23.8890777,44.5086267],[23.8887257,44.5087808],[23.8885017,44.508895],[23.8879253,44.5092529],[23.887477,44.5094985],[23.8868155,44.5098392],[23.8864098,44.5101267],[23.8860469,44.5103495],[23.8858014,44.510477],[23.8855562,44.5105663],[23.8854333,44.5106348],[23.8853666,44.510711],[23.8853397,44.510772],[23.8853044,44.5109551],[23.885295,44.5120537],[23.8847434,44.512064],[23.8839665,44.5121009],[23.8832188,44.5122053],[23.8830376,44.5122652],[23.8832392,44.5126233],[23.8846164,44.5124802],[23.8847748,44.5126938],[23.8854462,44.51264],[23.8855618,44.5129891],[23.8852105,44.5133493],[23.8835916,44.5136456],[23.8791712,44.5143828],[23.8787594,44.5140507],[23.878639,44.5138741],[23.8785339,44.5138536],[23.8780672,44.5138981],[23.8775649,44.5132552],[23.8769784,44.5134334],[23.8769767,44.5135206],[23.8766167,44.5136217],[23.8772219,44.5144568],[23.8729015,44.5154769],[23.8728127,44.5156484],[23.8727462,44.5158097],[23.8725984,44.5162338],[23.8725893,44.5163204],[23.8724891,44.5167035],[23.8724484,44.5169057],[23.8724323,44.5171174],[23.8723979,44.5173315],[23.8723496,44.5175441],[23.8723332,44.5176815],[23.8723265,44.5178821],[23.8723476,44.5179762],[23.8724642,44.5183517],[23.8724901,44.5184836],[23.8725923,44.5187497],[23.8727016,44.5189369],[23.8728311,44.5191205],[23.87287,44.5191527],[23.8729057,44.5191583],[23.8729871,44.519127],[23.8730542,44.5191224],[23.8731055,44.5191321],[23.8731736,44.5191679],[23.8732176,44.5192176],[23.8732378,44.5192677],[23.8732309,44.5192913],[23.8730785,44.5193374],[23.8730246,44.5193697],[23.8730192,44.519409],[23.8730723,44.5195596],[23.8731108,44.5195646],[23.8732997,44.5195277],[23.8734726,44.5194247],[23.8734726,44.5195042],[23.8736037,44.5195622],[23.8739941,44.519774],[23.8741515,44.5198365],[23.8743204,44.5198911],[23.8744569,44.5199575],[23.8744732,44.5200037],[23.8745382,44.5200822],[23.8746327,44.5201587],[23.874757,44.5202275],[23.8748996,44.5202955],[23.8750149,44.5203381],[23.8753722,44.5203993],[23.8755805,44.5204908],[23.8756851,44.5206045],[23.875783,44.5206884],[23.8758219,44.5207367],[23.8757018,44.5207824],[23.8756172,44.520801],[23.8754274,44.520825],[23.8754425,44.520846],[23.8755714,44.52093],[23.8756469,44.5209615],[23.8758156,44.5210052],[23.8759373,44.5210483],[23.8760138,44.5210875],[23.8760682,44.521125],[23.8761214,44.5211866],[23.8761552,44.5212615],[23.8761553,44.5213505],[23.8761371,44.5214302],[23.8760096,44.5217245],[23.8758573,44.5219532],[23.8757178,44.5222349],[23.8756781,44.522484],[23.8756742,44.522596],[23.8757191,44.522701],[23.875785,44.5228043],[23.8758582,44.5230664],[23.8758598,44.5231591],[23.8758341,44.5232285],[23.8757242,44.5233332],[23.8756832,44.5233838],[23.8756522,44.5234575],[23.8757393,44.5237197],[23.8757205,44.5238819],[23.8757144,44.5241046],[23.875679,44.5242243],[23.875456,44.5244162],[23.8753546,44.5245322],[23.8752618,44.5246489],[23.8752233,44.5247493],[23.8752058,44.5248424],[23.875289,44.5250368],[23.8752929,44.5251961],[23.8752777,44.5253502],[23.8752419,44.5254886],[23.8751768,44.5256149],[23.8750859,44.525726],[23.8747444,44.5260506],[23.8747394,44.5261421],[23.8747267,44.5261931],[23.874681,44.5262407],[23.8745954,44.5263085],[23.8743179,44.5264815],[23.8742516,44.5265476],[23.8742106,44.5266242],[23.8741254,44.5267263],[23.874041,44.526793],[23.8739762,44.526832],[23.8737937,44.5268927],[23.8733956,44.5271532],[23.8729666,44.5272669],[23.8728243,44.527338],[23.8727224,44.5274032],[23.8725179,44.5275667],[23.8724822,44.5276086],[23.8724393,44.5277444],[23.8723978,44.5278054],[23.8722826,44.5279334],[23.8720601,44.5283299],[23.8718884,44.5286012],[23.8718534,44.5286743],[23.871819,44.5287882],[23.8717804,44.5289792],[23.871699,44.5290926],[23.871551,44.5292452],[23.8714829,44.5294326],[23.8714057,44.5295398],[23.8713227,44.5295994],[23.8711856,44.5297473],[23.8711603,44.5298018],[23.871147,44.5299369],[23.8711142,44.530034],[23.8710688,44.5300902],[23.8710236,44.530204],[23.8709546,44.5303016],[23.8708727,44.5303709],[23.8707247,44.5304577],[23.8705017,44.5305385],[23.8702821,44.5307186],[23.8701844,44.5307757],[23.8699107,44.5308382],[23.8698645,44.530868],[23.8698012,44.530948],[23.8697646,44.5309678],[23.8696159,44.53102],[23.8695384,44.5311382],[23.8693974,44.5313959],[23.8693551,44.5315959],[23.8691813,44.5318817],[23.86911,44.5321285],[23.8689719,44.5324009],[23.8689311,44.5324501],[23.868819,44.5325229],[23.8682972,44.5327904],[23.868249,44.5328432],[23.8682258,44.5329675],[23.8681664,44.5330619],[23.8681563,44.5331288],[23.86813,44.5331866],[23.8679906,44.5333762],[23.8678854,44.5335445],[23.8678392,44.5336443],[23.867711,44.5338588],[23.8675638,44.5339909],[23.8673907,44.5340883],[23.8672501,44.534184],[23.8671755,44.5342249],[23.8667576,44.5343843],[23.8665433,44.5344777],[23.8664759,44.5345266],[23.866447,44.5345696],[23.8662928,44.5346809],[23.8661748,44.5347552],[23.8658525,44.5349345],[23.8657149,44.5350903],[23.8654738,44.5352387],[23.8654411,44.5352704],[23.8653827,44.535427],[23.8653254,44.5354852],[23.8652558,44.5355283],[23.8644294,44.5356249],[23.8643174,44.5356554],[23.8642329,44.5356882],[23.8641575,44.5357055],[23.8639498,44.5357348],[23.8637543,44.535789],[23.8633911,44.5359304],[23.8630485,44.5360244],[23.8629735,44.5360598],[23.8628593,44.5362025],[23.8628119,44.5362385],[23.8625804,44.5363738],[23.8625267,44.5364347],[23.8624671,44.5365546],[23.8624218,44.5365951],[23.8623623,44.5366275],[23.8621363,44.5367134],[23.8619722,44.5368891],[23.8617058,44.5368916],[23.8612732,44.5367809],[23.860858,44.5366035],[23.8605742,44.5364917],[23.8604341,44.5363961],[23.8596685,44.5357197],[23.8594746,44.5356057],[23.8595087,44.5358034],[23.8595107,44.5360079],[23.8594809,44.5363725],[23.8594852,44.5366885],[23.8594615,44.5369719],[23.859488,44.5376127],[23.8594738,44.5382519],[23.8594829,44.5384754],[23.8595015,44.5385272],[23.8595466,44.5386025],[23.8596626,44.5387544],[23.8599295,44.5390342],[23.8600583,44.5392234],[23.860169,44.5393354],[23.8603575,44.5394718],[23.8604531,44.5395842],[23.8605715,44.5397609],[23.8606282,44.5398642],[23.8607356,44.5399913],[23.8610851,44.5403613],[23.8616656,44.5409269],[23.8617287,44.5410072],[23.8617899,44.5411112],[23.8618373,44.5412274],[23.8618742,44.5413644],[23.8618168,44.5415581],[23.8618168,44.5417828],[23.8618856,44.5419772],[23.8620261,44.5422017],[23.8620728,44.5422534],[23.8621294,44.5423001],[23.8623623,44.5424495],[23.8624034,44.5425001],[23.8624544,44.5426211],[23.862445,44.5427409],[23.8624055,44.5428208],[23.8623179,44.5429243],[23.8623291,44.5430654],[23.8624507,44.5434486],[23.8624668,44.5435571],[23.8624621,44.5436554],[23.8624258,44.543783],[23.8623594,44.5438757],[23.8622699,44.544072],[23.8622449,44.5441992],[23.8622486,44.5442976],[23.8622673,44.5444158],[23.8623144,44.5445206],[23.8623674,44.5446095],[23.8625141,44.5447881],[23.862597,44.5449275],[23.8626414,44.5450258],[23.8627455,44.5453686],[23.862848,44.5455814],[23.8629564,44.54585],[23.8629425,44.5460581],[23.8629085,44.546142],[23.8628494,44.5461345],[23.8627514,44.5463851],[23.8626271,44.5466459],[23.8625488,44.5468862],[23.8625036,44.5470913],[23.8624732,44.547312],[23.8624622,44.5475421],[23.862477,44.5477788],[23.8625048,44.5479056],[23.862504,44.5480016],[23.8624609,44.5481022],[23.8623377,44.5482542],[23.8621802,44.5484968],[23.8621117,44.5486235],[23.8620559,44.5487615],[23.8619864,44.5488812],[23.8618582,44.5490145],[23.8617546,44.5491586],[23.861648,44.5493484],[23.8615329,44.5495291],[23.8614909,44.5496282],[23.8614974,44.5500431],[23.861463,44.5501911],[23.8614291,44.5502379],[23.8613941,44.5502654],[23.8612915,44.5503051],[23.8609932,44.5503893],[23.8609191,44.5504239],[23.8608691,44.5504523],[23.8607366,44.5505624],[23.8605164,44.5507957],[23.8600707,44.5513321],[23.859873,44.5515551],[23.8595161,44.5520097],[23.8594079,44.5521705],[23.8588688,44.5528062],[23.858511,44.5525126],[23.8579829,44.5521182],[23.8576265,44.5518084],[23.8571553,44.5514581],[23.8567306,44.5510966],[23.8564384,44.5508852],[23.8562036,44.5507006],[23.8556565,44.5502501],[23.8554772,44.5501277],[23.8547763,44.5495872],[23.8541119,44.5490065],[23.8539278,44.5488704],[23.8534946,44.5485262],[23.8532718,44.5483285],[23.8531866,44.5482779],[23.8526225,44.5478526],[23.8524175,44.54766],[23.8519521,44.5473001],[23.8518736,44.5471583],[23.8516804,44.5473103],[23.8511984,44.5476201],[23.8508534,44.5478665],[23.8508943,44.5479203],[23.8508947,44.5479576],[23.8507901,44.5480483],[23.8510889,44.5482829],[23.8513028,44.5484681],[23.8515008,44.5486484],[23.8515275,44.5486803],[23.8515298,44.5487143],[23.8515204,44.5487364],[23.8514791,44.548781],[23.8514029,44.5488463],[23.851336,44.548889],[23.8511287,44.5489997],[23.8508414,44.5491864],[23.8502359,44.5494975],[23.8502255,44.5495106],[23.850225,44.5495431],[23.8503814,44.5496607],[23.8507734,44.5499903],[23.8509175,44.550122],[23.8509608,44.5501739],[23.8509767,44.5502204],[23.850973,44.5502485],[23.850894,44.5503606],[23.8508379,44.5504038],[23.8507509,44.5505063],[23.8507063,44.550546],[23.8502093,44.5507822],[23.8497468,44.5509394],[23.8494736,44.5510564],[23.8494573,44.5510762],[23.8494594,44.5510971],[23.8495017,44.5511429],[23.8495935,44.5512161],[23.8498732,44.5514074],[23.8500595,44.5515184],[23.8502064,44.5516263],[23.8503601,44.5517156],[23.8507168,44.5518968],[23.8508611,44.5519783],[23.8512328,44.5522299],[23.8513045,44.5522452],[23.8513491,44.5522423],[23.8514641,44.5522054],[23.8517644,44.5520217],[23.8518655,44.5519751],[23.8519264,44.5519797],[23.8520087,44.5520104],[23.8523578,44.5522833],[23.8525306,44.5524073],[23.8526652,44.5524836],[23.8526837,44.5525009],[23.8526754,44.5525249],[23.8526451,44.5525503],[23.8525038,44.5526149],[23.8524641,44.5526447],[23.852441,44.5527046],[23.8524497,44.5527751],[23.8525163,44.5528913],[23.8526034,44.5529554],[23.8527141,44.5530186],[23.8528423,44.5531047],[23.8531159,44.5533533],[23.8532901,44.5534499],[23.8533705,44.5534594],[23.8534201,44.5534426],[23.8537559,44.5532443],[23.8540421,44.5530937],[23.854322,44.5528741],[23.854398,44.5528277],[23.8544452,44.5528164],[23.8544952,44.5528208],[23.8545479,44.5528454],[23.8546217,44.5529136],[23.8549645,44.5531853],[23.8550189,44.5532448],[23.8550911,44.5533502],[23.8551699,44.5534407],[23.8552384,44.5535019],[23.8555577,44.5537361],[23.8560518,44.5540756],[23.8561006,44.5541421],[23.8561189,44.5542047],[23.8561151,44.5542757],[23.8560964,44.5543141],[23.8560421,44.5544073],[23.8559859,44.5544783],[23.8558845,44.554581],[23.85577,44.5547513],[23.855702,44.5547612],[23.8555093,44.5547632],[23.8549465,44.5547407],[23.8548939,44.5547482],[23.8547488,44.5547502],[23.8546111,44.5547473],[23.8542805,44.5547235],[23.8542626,44.5547364],[23.8542647,44.5549972],[23.8542446,44.5552436],[23.8542542,44.5552836],[23.8542787,44.5553061],[23.8543247,44.5553214],[23.8544429,44.5553256],[23.8548523,44.5553102],[23.8549362,44.5553195],[23.8550058,44.5553468],[23.8552801,44.5555311],[23.8553936,44.555617],[23.8555233,44.5557479],[23.8555919,44.5558547],[23.8556232,44.5559378],[23.8556378,44.5560297],[23.8556261,44.5561579],[23.8555589,44.5563479],[23.8555288,44.5563907],[23.8554931,44.556469],[23.855508,44.556581],[23.8555858,44.5566515],[23.8556227,44.5566695],[23.8558438,44.5567382],[23.8559036,44.5567689],[23.8559266,44.556807],[23.855929,44.5568691],[23.8558382,44.5570231],[23.8558319,44.5570605],[23.8559037,44.5571321],[23.8559044,44.5571883],[23.8558223,44.5574215],[23.8558164,44.5574767],[23.8557477,44.5577423],[23.8557297,44.5578805],[23.8557333,44.5579156],[23.855764,44.557966],[23.85596,44.5580706],[23.8560335,44.5581193],[23.8560921,44.5581737],[23.8561502,44.5582584],[23.8561856,44.5583479],[23.8561937,44.5583989],[23.8562158,44.5586415],[23.8562126,44.5588946],[23.8562025,44.5589413],[23.8560953,44.5590592],[23.8560506,44.5591892],[23.8560525,44.5592391],[23.8560896,44.5592975],[23.8561855,44.5593777],[23.8564964,44.5597429],[23.8565699,44.5597983],[23.856759,44.5599973],[23.8568417,44.5600661],[23.8570488,44.5601782],[23.8571107,44.5602352],[23.8571348,44.5602743],[23.8571416,44.5603195],[23.857135,44.5603611],[23.8571114,44.5603967],[23.8570591,44.5604303],[23.8570141,44.5604367],[23.8567483,44.5604385],[23.8557919,44.5603764],[23.855754,44.5603768],[23.8556572,44.5604131],[23.8555869,44.5605065],[23.8555186,44.5606423],[23.8554102,44.5609674],[23.8553464,44.5611049],[23.8552424,44.5612062],[23.8552243,44.5612577],[23.8552355,44.5612929],[23.8552745,44.561317],[23.8553749,44.5613568],[23.85541,44.5613902],[23.8554303,44.5614175],[23.8554407,44.561494],[23.8554095,44.5615639],[23.8553222,44.5616506],[23.8553359,44.5617829],[23.8552624,44.5619235],[23.8552324,44.5620083],[23.8552193,44.5621058],[23.8552239,44.5621815],[23.8552044,44.5622228],[23.8552106,44.5622359],[23.8552298,44.5622461],[23.8556045,44.562262],[23.8557207,44.5622751],[23.8558726,44.5623138],[23.8559615,44.5623535],[23.8560239,44.5624132],[23.8560689,44.5624788],[23.8560823,44.5625537],[23.8560681,44.5627909],[23.8561,44.562856],[23.8561398,44.5628974],[23.8562757,44.5629948],[23.8563379,44.5630533],[23.856376,44.5631102],[23.8564124,44.5632496],[23.8564145,44.5633203],[23.8563034,44.5636006],[23.8562618,44.5638103],[23.8562665,44.5641251],[23.856273,44.564233],[23.856288,44.5642918],[23.8563244,44.5643421],[23.8563828,44.5643948],[23.8565439,44.5644706],[23.8566263,44.564518],[23.8566396,44.5645403],[23.8566341,44.5645692],[23.8565671,44.564607],[23.8565287,44.5646187],[23.8563145,44.5646568],[23.8558571,44.564763],[23.8557451,44.5647833],[23.8556148,44.564784],[23.8554756,44.5647402],[23.8551501,44.5645859],[23.8550921,44.5645517],[23.8549998,44.5645159],[23.8549246,44.5644955],[23.8548857,44.5645095],[23.8548563,44.5645378],[23.8548299,44.5645865],[23.8547568,44.564824],[23.8547109,44.5650157],[23.8546779,44.5651012],[23.8546171,44.5652101],[23.8545232,44.5653342],[23.8544646,44.5653822],[23.854361,44.5654998],[23.8541969,44.565789],[23.8541655,44.5660134],[23.8541552,44.5662874],[23.8541639,44.5663439],[23.8542231,44.5664655],[23.8542225,44.5664921],[23.854208,44.5665119],[23.8541785,44.5665191],[23.8540779,44.5665107],[23.8538822,44.5664693],[23.8537692,44.5664253],[23.8536777,44.5663772],[23.8535791,44.5662992],[23.8534193,44.5661471],[23.8531112,44.5658828],[23.8530699,44.5658205],[23.8527832,44.5655089],[23.8526053,44.5652863],[23.8523686,44.5650948],[23.8521358,44.5648797],[23.8518437,44.5645467],[23.8517401,44.5644434],[23.8514041,44.5641582],[23.8513381,44.5640847],[23.8513096,44.5640655],[23.8512553,44.5640456],[23.8512131,44.5640511],[23.8510804,44.5641355],[23.8508845,44.5642756],[23.8507341,44.5643675],[23.8504333,44.564522],[23.8501162,44.5646551],[23.8495392,44.5649567],[23.8494031,44.5650414],[23.8492706,44.5651122],[23.8491335,44.5651728],[23.848841,44.5652792],[23.8484961,44.565437],[23.8484267,44.5654838],[23.8483288,44.5655168],[23.848233,44.5655159],[23.8481951,44.5654997],[23.8481673,44.5654757],[23.8481101,44.5654023],[23.8480821,44.5653345],[23.8480103,44.5652327],[23.8476649,44.5649047],[23.8475356,44.5647928],[23.8474136,44.5647093],[23.8473272,44.5646653],[23.8471691,44.5645663],[23.8471099,44.5645578],[23.8470444,44.5645586],[23.8469949,44.56458],[23.8469073,44.5646507],[23.8467994,44.5647672],[23.8466835,44.5649699],[23.846592,44.5650945],[23.8464646,44.5651847],[23.8462939,44.5653366],[23.8460747,44.5655987],[23.846015,44.5656173],[23.8459821,44.5656396],[23.8459353,44.5657015],[23.845929,44.5657404],[23.8458909,44.5657859],[23.8458418,44.5658261],[23.8458179,44.5658826],[23.845817,44.5659245],[23.8458275,44.565951],[23.8458902,44.5659911],[23.8460961,44.5660807],[23.8464623,44.5661986],[23.8465572,44.5662472],[23.8466089,44.5662877],[23.8466485,44.5663433],[23.8466636,44.5664137],[23.8466492,44.5664461],[23.8465612,44.5665678],[23.8464395,44.5667838],[23.846374,44.5670568],[23.8463525,44.5670961],[23.8462081,44.5672462],[23.8459138,44.5675002],[23.8458038,44.5676216],[23.8457989,44.5676561],[23.8459232,44.5677567],[23.8459123,44.5678518],[23.8459558,44.5678877],[23.8460533,44.5679467],[23.8465745,44.5682469],[23.8469065,44.568417],[23.8470136,44.5684433],[23.8472019,44.5684509],[23.8475324,44.5684153],[23.8476733,44.5683778],[23.8478652,44.568307],[23.8480649,44.5682594],[23.8481341,44.5682495],[23.8482424,44.5682521],[23.8483466,44.568285],[23.8486408,44.5684456],[23.8486817,44.5684741],[23.8487539,44.5685525],[23.8487935,44.5686111],[23.8488337,44.5687035],[23.8488699,44.5687581],[23.8489341,44.5688261],[23.8489964,44.5689209],[23.8491237,44.5691802],[23.8491686,44.5692159],[23.8492206,44.5692356],[23.8493293,44.5692525],[23.8495274,44.5692523],[23.8497586,44.5692495],[23.8500378,44.5692314],[23.8501056,44.5692215],[23.8504391,44.5691437],[23.8508179,44.5691116],[23.8508549,44.5690942],[23.850932,44.5690324],[23.8510054,44.569022],[23.8510424,44.5690308],[23.8510777,44.5690632],[23.8510932,44.5691181],[23.8510812,44.5692672],[23.8509712,44.5695935],[23.8509105,44.5696972],[23.8507594,44.5703146],[23.8506258,44.57058],[23.850575,44.570705],[23.8505632,44.5707747],[23.8505751,44.5708732],[23.8505979,44.5709075],[23.8506305,44.5709349],[23.8507888,44.5709873],[23.8513304,44.5711016],[23.8516165,44.5712197],[23.8517736,44.5712669],[23.851898,44.5712948],[23.8520546,44.5713647],[23.8521143,44.5714151],[23.8521397,44.5714565],[23.8521026,44.5717789],[23.8521076,44.5718472],[23.8521787,44.5719098],[23.8522149,44.5719564],[23.8521957,44.5720426],[23.8522455,44.5720998],[23.8522482,44.5721215],[23.8522418,44.5721518],[23.8522212,44.5721767],[23.852169,44.5722161],[23.8521228,44.5722277],[23.8519235,44.5722465],[23.8518584,44.5722413],[23.8518282,44.5722319],[23.8517225,44.5721788],[23.8516634,44.5721601],[23.8515377,44.5721431],[23.8514596,44.5721627],[23.8513642,44.5722171],[23.8511948,44.5723535],[23.8510641,44.5724296],[23.8510051,44.572452],[23.8509667,44.5724765],[23.8509211,44.5725209],[23.8506771,44.5726788],[23.8505899,44.572771],[23.8504866,44.5729317],[23.8502707,44.5733812],[23.8501323,44.5734888],[23.8500939,44.5735298],[23.8500735,44.5735925],[23.8500359,44.5736606],[23.8499234,44.5737465],[23.8497578,44.5739863],[23.8496227,44.5741416],[23.8495659,44.5742209],[23.8494319,44.5742587],[23.8493912,44.5742841],[23.849355,44.5742901],[23.8492614,44.5742892],[23.8490555,44.5743542],[23.849016,44.5743516],[23.8489892,44.5743389],[23.8489456,44.5743023],[23.8488898,44.5742814],[23.8488597,44.5742538],[23.848847,44.574179],[23.8488513,44.5741527],[23.8488759,44.5741132],[23.8488708,44.5739847],[23.848883,44.5739552],[23.8489452,44.5739019],[23.8489479,44.573877],[23.8489415,44.5738523],[23.8488678,44.5737524],[23.8488683,44.5736868],[23.8489181,44.5735853],[23.8489136,44.5734744],[23.8488963,44.5734069],[23.8488926,44.5733313],[23.848818,44.5731732],[23.8487921,44.5729382],[23.848774,44.5728694],[23.8486928,44.5727831],[23.8485886,44.5727198],[23.8485713,44.5726903],[23.8485372,44.5724988],[23.8485064,44.5724035],[23.8484819,44.5723622],[23.8483617,44.5722494],[23.8481128,44.5719818],[23.847913,44.5717404],[23.8478572,44.5716271],[23.8476748,44.5714131],[23.8475814,44.5713337],[23.8470054,44.571018],[23.8469273,44.5709674],[23.8467924,44.5709083],[23.8465851,44.570881],[23.8463375,44.5708649],[23.8459851,44.5708149],[23.8459052,44.5707971],[23.8458372,44.5707693],[23.8457007,44.570737],[23.845481,44.5706967],[23.8452462,44.5706245],[23.8450069,44.5705633],[23.8445882,44.5703942],[23.8445031,44.570372],[23.8443719,44.5703562],[23.8443234,44.5703593],[23.844273,44.5703693],[23.8441612,44.5704122],[23.8440605,44.5704367],[23.8439079,44.5705039],[23.8437897,44.5705394],[23.84368,44.5706005],[23.8436214,44.5706924],[23.8435664,44.5707288],[23.8435512,44.5707492],[23.843562,44.5708272],[23.8434426,44.571003],[23.8433169,44.5710807],[23.8433053,44.5711311],[23.8432769,44.5711526],[23.843238,44.5711668],[23.8431638,44.5711766],[23.843058,44.5711676],[23.8428364,44.5711119],[23.8425839,44.5710814],[23.8424017,44.5710675],[23.8420552,44.5709678],[23.841992,44.5709587],[23.8418122,44.5709511],[23.841728,44.5709616],[23.841582,44.5710478],[23.8414546,44.5710967],[23.8413443,44.5711107],[23.8412469,44.5711081],[23.8411854,44.5711],[23.8411522,44.5710877],[23.8411252,44.5710588],[23.8410793,44.570977],[23.8410486,44.570948],[23.8410104,44.5709271],[23.8409696,44.5709214],[23.8409141,44.5709479],[23.8408739,44.5709863],[23.8407369,44.5712522],[23.8406419,44.5713939],[23.8406386,44.5714328],[23.8406553,44.5714824],[23.8406784,44.5715053],[23.8407835,44.5715516],[23.8408743,44.5715736],[23.8410311,44.5715749],[23.8412131,44.5716039],[23.8412956,44.5716358],[23.841445,44.5717128],[23.8415013,44.5717334],[23.8416698,44.5717722],[23.8418304,44.5718404],[23.8418769,44.5718687],[23.8419043,44.5718974],[23.8419267,44.5719571],[23.8419308,44.5720079],[23.8419569,44.5720645],[23.8419949,44.5721175],[23.8420273,44.5721528],[23.8420709,44.5721822],[23.8421301,44.5722732],[23.8422204,44.5723265],[23.8422204,44.5723494],[23.8425285,44.5724082],[23.8427828,44.5724194],[23.842873,44.5724156],[23.8429659,44.5723947],[23.8430328,44.5723916],[23.8430902,44.5724128],[23.8431242,44.5724498],[23.8431558,44.5725215],[23.8432174,44.5727432],[23.8435169,44.5733181],[23.8436177,44.5734532],[23.8437471,44.5735877],[23.8440048,44.5738294],[23.8440713,44.5739042],[23.8440951,44.5739514],[23.8441096,44.5740438],[23.8441032,44.5742235],[23.8441218,44.574767],[23.8441727,44.5748902],[23.8442934,44.5750259],[23.8444072,44.5751062],[23.8446547,44.5752275],[23.8449705,44.5753478],[23.8449944,44.5753688],[23.8450054,44.5754057],[23.845005,44.5754299],[23.8449696,44.5754716],[23.8447931,44.5755723],[23.8447345,44.5755969],[23.8443663,44.5756622],[23.844097,44.5756485],[23.8440143,44.5756229],[23.8440002,44.575579],[23.8438549,44.5755772],[23.8436374,44.5755392],[23.8435113,44.5755083],[23.8433892,44.5754943],[23.8432369,44.5754539],[23.8430718,44.5753875],[23.8430168,44.5753518],[23.8427257,44.5752203],[23.8425435,44.5751292],[23.8422204,44.5749326],[23.841971,44.5747257],[23.8417757,44.5746014],[23.8416128,44.5745232],[23.8414817,44.5744734],[23.8413589,44.5744085],[23.8411819,44.5742683],[23.841117,44.5742329],[23.8410424,44.5742318],[23.8409217,44.5742441],[23.840869,44.574275],[23.8407591,44.5743757],[23.8406592,44.5745581],[23.8406178,44.5746052],[23.8405749,44.5746809],[23.8405184,44.5748062],[23.8404712,44.5750116],[23.8404392,44.5750797],[23.8403508,44.5751841],[23.8403368,44.5752119],[23.8403394,44.5752627],[23.8403149,44.5753177],[23.8401999,44.5754903],[23.8401334,44.5755309],[23.8400483,44.5755415],[23.8399883,44.5755389],[23.8398545,44.5754787],[23.8397361,44.575394],[23.8396118,44.5753264],[23.8395523,44.5753025],[23.8392591,44.5752207],[23.8389933,44.5751202],[23.8389034,44.5750718],[23.838824,44.5750143],[23.8388154,44.5749829],[23.8388425,44.5749542],[23.8389386,44.574916],[23.8389597,44.5748975],[23.8389582,44.5748761],[23.838913,44.5748461],[23.8388508,44.5748306],[23.8387636,44.5747855],[23.8386297,44.5746415],[23.8385767,44.5745493],[23.8385592,44.5744884],[23.8385217,44.5744794],[23.8384871,44.5744798],[23.8384106,44.5745035],[23.8383411,44.5745725],[23.8381813,44.5748285],[23.838041,44.5750935],[23.8378894,44.5752898],[23.8377765,44.5753994],[23.8377056,44.5755128],[23.8376527,44.5756253],[23.8375256,44.5758113],[23.8374951,44.5759097],[23.837489,44.576109],[23.8375231,44.5761594],[23.837568,44.5761809],[23.8376326,44.5761916],[23.8376748,44.5761917],[23.8377139,44.5761827],[23.8378237,44.576187],[23.8378755,44.5761964],[23.8379467,44.5762213],[23.838148,44.5763818],[23.8382246,44.5764191],[23.8383794,44.5764728],[23.8384589,44.5765106],[23.838746,44.5765872],[23.8391361,44.5767113],[23.8396704,44.576831],[23.8398876,44.5769165],[23.8399675,44.5768941],[23.840089,44.5768958],[23.8406053,44.5769766],[23.8409822,44.5770635],[23.8412634,44.577144],[23.8414047,44.5772131],[23.841588,44.5773575],[23.8416862,44.577413],[23.8419372,44.5774794],[23.8419867,44.5775004],[23.8420783,44.5775884],[23.8421205,44.5775955],[23.8422203,44.5775962],[23.8423174,44.5775398],[23.8424619,44.5774184],[23.842497,44.5774089],[23.8425111,44.5774141],[23.8425234,44.577433],[23.8425201,44.577468],[23.8426862,44.577524],[23.8427412,44.5775549],[23.8430905,44.5777034],[23.8432607,44.5777649],[23.8434207,44.5778372],[23.8439793,44.578033],[23.844765,44.5783561],[23.8453659,44.5785692],[23.8451269,44.5788101],[23.8450039,44.578949],[23.8442836,44.5796548],[23.8440076,44.5799398],[23.8435703,44.5804343],[23.8431301,44.5807773],[23.8430733,44.5808042],[23.8430282,44.5807959],[23.8428816,44.5808771],[23.842698,44.5808776],[23.8426236,44.5808844],[23.8425316,44.5808831],[23.8423143,44.5808148],[23.8420162,44.5808104],[23.8415358,44.5809268],[23.8413488,44.5809653],[23.8410296,44.5810212],[23.8406725,44.581056],[23.8403514,44.5811119],[23.8400451,44.581224],[23.8398843,44.5812685],[23.8395771,44.5813773],[23.8392291,44.5815151],[23.8389898,44.5815965],[23.838811,44.5816966],[23.8385904,44.5817603],[23.8384511,44.5817868],[23.838459,44.5818002],[23.8385893,44.5818698],[23.8387065,44.5819534],[23.8388211,44.5820508],[23.8388413,44.5820876],[23.8388643,44.5822186],[23.8388478,44.582462],[23.8389,44.582702],[23.8389826,44.5828856],[23.8390461,44.582972],[23.8390883,44.5830144],[23.839155,44.5831438],[23.8392033,44.5832048],[23.8392339,44.5832801],[23.8392439,44.5835047],[23.8392594,44.5836069],[23.8393095,44.5837262],[23.8393861,44.5839776],[23.8393908,44.5841058],[23.8393648,44.5842352],[23.8393528,44.5843955],[23.8393019,44.5846101],[23.8392771,44.5848281],[23.8392135,44.585014],[23.8391449,44.5851648],[23.8390637,44.5854323],[23.8390558,44.5855312],[23.8390816,44.5856283],[23.8390836,44.5857455],[23.8391213,44.5858272],[23.8392597,44.5860531],[23.8392315,44.5861466],[23.8391755,44.5861773],[23.8391004,44.586214],[23.8390213,44.5862314],[23.8388957,44.5862437],[23.8388471,44.586264],[23.8388225,44.5863283],[23.8388091,44.5864116],[23.8387851,44.5864478],[23.838726,44.5864836],[23.8385881,44.5865286],[23.8384967,44.5865776],[23.8383208,44.5866915],[23.8382408,44.5867558],[23.8380279,44.5868994],[23.8379181,44.5869941],[23.8376859,44.5871548],[23.8375674,44.5872473],[23.8374663,44.58734],[23.8372576,44.5874936],[23.8370553,44.5876207],[23.836868,44.5877246],[23.8368187,44.5877803],[23.8367836,44.5878591],[23.8367665,44.5879824],[23.8367708,44.5880616],[23.836808,44.5881683],[23.8368039,44.588225],[23.8367958,44.5882635],[23.836685,44.5884822],[23.8366539,44.5885751],[23.8366451,44.588649],[23.8366519,44.5888209],[23.8366238,44.5890545],[23.8366164,44.5892789],[23.8366302,44.5893874],[23.8366828,44.589601],[23.8367477,44.5897788],[23.8368549,44.5899627],[23.8368566,44.5900226],[23.836898,44.5900959],[23.836951,44.5901711],[23.8370291,44.5902409],[23.8372171,44.5903812],[23.8373065,44.5904551],[23.8373967,44.5905462],[23.8375487,44.5906682],[23.8375624,44.5907252],[23.8375632,44.5907942],[23.8375315,44.5909038],[23.8375308,44.5909387],[23.8375416,44.590964],[23.8376747,44.5910704],[23.8378616,44.5911535],[23.837894,44.5911806],[23.837926,44.5912293],[23.8379074,44.5913597],[23.8379035,44.5914989],[23.8379072,44.5916515],[23.8379313,44.5918112],[23.8379959,44.5919279],[23.8382242,44.5921595],[23.8382971,44.5922581],[23.8383394,44.5923591],[23.8383615,44.5924446],[23.8383686,44.5924905],[23.8383602,44.5925667],[23.8382778,44.5927087],[23.8382346,44.5928255],[23.8382142,44.5929357],[23.8382089,44.5930277],[23.8382785,44.5932959],[23.8382929,44.5934234],[23.8382874,44.5935317],[23.8382631,44.5935509],[23.8382139,44.5935699],[23.8381264,44.593569],[23.8380702,44.5935944],[23.8380164,44.5936701],[23.8379327,44.5938214],[23.8378198,44.593955],[23.8375942,44.594156],[23.8375464,44.5942163],[23.8373968,44.594371],[23.8370345,44.5946996],[23.8368878,44.5948754],[23.8367977,44.5948956],[23.8365892,44.5949223],[23.8361936,44.5949892],[23.8359125,44.5950679],[23.8358084,44.5951049],[23.8355712,44.59515],[23.8354679,44.5952025],[23.8353868,44.5952775],[23.8352951,44.59543],[23.8352486,44.5954814],[23.8349512,44.5956938],[23.8348673,44.5957956],[23.8347761,44.5959825],[23.8347085,44.5960638],[23.834617,44.596153],[23.8345459,44.5962411],[23.8344989,44.5963161],[23.8342753,44.5967536],[23.8341959,44.5969731],[23.8340667,44.5971252],[23.8338397,44.5973399],[23.8336644,44.5975228],[23.8335492,44.5977159],[23.8333688,44.5979807],[23.8331437,44.5984353],[23.8331021,44.5984722],[23.833025,44.5985769],[23.8328739,44.5987404],[23.8326724,44.5990415],[23.8325791,44.5991614],[23.8324688,44.5992751],[23.8323628,44.5993519],[23.8323336,44.5993898],[23.832214,44.599684],[23.8321646,44.5997662],[23.8320751,44.5998676],[23.8319116,44.6000276],[23.8317588,44.6007215],[23.8317372,44.6011944],[23.8317068,44.6013153],[23.8316065,44.6016061],[23.831554,44.6018149],[23.8315216,44.6020157],[23.8315007,44.6022182],[23.8314992,44.6027051],[23.8314632,44.6029269],[23.8314832,44.6030825],[23.8315105,44.6031843],[23.8315408,44.6032386],[23.8316065,44.6033112],[23.8317746,44.6034042],[23.8318698,44.6034922],[23.8318909,44.6035273],[23.8319066,44.6036166],[23.8318839,44.6036944],[23.8318334,44.6037753],[23.8317584,44.6038484],[23.8317684,44.6038612],[23.8316887,44.6039486],[23.8316011,44.6040264],[23.8314622,44.6041324],[23.8313599,44.6042471],[23.8312569,44.6043919],[23.8311437,44.6045744],[23.8310985,44.6046753],[23.8310786,44.6047545],[23.8310575,44.6049794],[23.8310848,44.6051865],[23.8311425,44.6054841],[23.8312156,44.6057798],[23.8312396,44.6059792],[23.8312332,44.6063372],[23.8312535,44.6068139],[23.8312738,44.6070113],[23.8313271,44.6072924],[23.8313495,44.6077037],[23.831338,44.6078303],[23.8313189,44.6078942],[23.8311232,44.6084175],[23.8311001,44.6085201],[23.8310469,44.6086353],[23.8309424,44.6088036],[23.8309064,44.609027],[23.8308729,44.6094592],[23.8307593,44.6094539],[23.8304354,44.6094115],[23.8297003,44.6092667],[23.8292456,44.6092201],[23.8286319,44.6091441],[23.8284911,44.6091443],[23.8279615,44.6089899],[23.8278848,44.6089828],[23.8277951,44.608989],[23.8277355,44.6090082],[23.8276064,44.6090326],[23.8275422,44.6090265],[23.8274577,44.6090292],[23.8273829,44.6090464],[23.8270934,44.6091501],[23.8269298,44.6091962],[23.8267628,44.6092255],[23.8263583,44.6092785],[23.8262544,44.6093035],[23.8260336,44.6093728],[23.8256643,44.6094279],[23.8256126,44.6094301],[23.8255222,44.6094075],[23.8255232,44.6094832],[23.8254993,44.6095432],[23.8254213,44.6096568],[23.8254155,44.6096941],[23.8254232,44.6097527],[23.8255362,44.6099635],[23.8255341,44.6100348],[23.8255002,44.6100963],[23.8254852,44.6101702],[23.8255306,44.6102608],[23.8255413,44.6103074],[23.8255162,44.6104556],[23.8254453,44.6106795],[23.825457,44.6108583],[23.8254168,44.6110566],[23.8254193,44.6111413],[23.8253596,44.6112886],[23.8253562,44.6113817],[23.8253974,44.611529],[23.8254039,44.6115879],[23.8253954,44.6116308],[23.8252986,44.611743],[23.8252402,44.6118393],[23.8252278,44.6119235],[23.8252824,44.6120144],[23.8252877,44.6120526],[23.8252469,44.6121088],[23.8252034,44.6121486],[23.8250846,44.6122208],[23.8250438,44.612277],[23.8250517,44.6123351],[23.8252036,44.6123886],[23.8252487,44.6124207],[23.8252535,44.6124446],[23.8252388,44.6124632],[23.8251446,44.6125238],[23.825063,44.612663],[23.8250577,44.6127783],[23.8250225,44.6129593],[23.8249657,44.6130955],[23.8249712,44.613124],[23.825045,44.6132166],[23.8250549,44.6132488],[23.8250455,44.6133384],[23.8250696,44.6134083],[23.8251229,44.6134453],[23.8251699,44.6134948],[23.8251928,44.6136198],[23.8252351,44.6137185],[23.8252395,44.6137577],[23.8252314,44.6137868],[23.8251492,44.6138844],[23.8251537,44.6139188],[23.8253889,44.6141194],[23.8254075,44.6141619],[23.825398,44.6141859],[23.8253684,44.6142043],[23.8253513,44.6142339],[23.8253523,44.6142601],[23.8253789,44.6143145],[23.8253315,44.6143967],[23.8253636,44.6144796],[23.8253343,44.6145529],[23.8253862,44.6146209],[23.825426,44.6147287],[23.825424,44.6149384],[23.8254337,44.6149765],[23.8254888,44.6150684],[23.8254875,44.6150989],[23.825444,44.6151721],[23.8254303,44.6152935],[23.8253772,44.6153554],[23.8253722,44.6153837],[23.8253781,44.6154255],[23.8254195,44.6155248],[23.8254,44.6155996],[23.8253458,44.6157219],[23.8253227,44.6157522],[23.825221,44.6158106],[23.8251958,44.6158331],[23.8251833,44.6158924],[23.8252202,44.6159597],[23.8252826,44.6160244],[23.8253634,44.6161457],[23.8255027,44.6164894],[23.8255121,44.6165428],[23.8254939,44.6166272],[23.8254959,44.6166741],[23.8255718,44.6167424],[23.8255967,44.6168425],[23.8256452,44.6168918],[23.8256587,44.6169326],[23.8256405,44.6169755],[23.8255008,44.6170614],[23.8254795,44.6171107],[23.8254811,44.6171439],[23.8255102,44.6171887],[23.8256095,44.6172842],[23.8256283,44.6173176],[23.8255971,44.6174127],[23.8255524,44.6174735],[23.8255362,44.6175542],[23.8255597,44.6176358],[23.8256914,44.617925],[23.8256845,44.6179714],[23.8256427,44.6180634],[23.825648,44.618093],[23.8256738,44.6181334],[23.8257366,44.6181732],[23.8257593,44.6182225],[23.8257605,44.6182878],[23.8257087,44.6183973],[23.8257382,44.6185519],[23.8257064,44.6186373],[23.8257027,44.6186918],[23.8257432,44.61882],[23.825752,44.6189651],[23.8257681,44.6190091],[23.8257779,44.6191033],[23.8257635,44.6191699],[23.8257316,44.6191947],[23.8256708,44.6192948],[23.8255402,44.6196174],[23.8255214,44.6197081],[23.8255286,44.6198033],[23.82552,44.619902],[23.8255034,44.6199499],[23.8254644,44.6200036],[23.8254073,44.6200533],[23.8253494,44.6201357],[23.8253194,44.6202006],[23.8252751,44.6203862],[23.8252122,44.620462],[23.8251338,44.6205912],[23.8251273,44.6206574],[23.8251517,44.6207397],[23.8251517,44.6208054],[23.8250333,44.6209729],[23.8250131,44.6210716],[23.824955,44.6211628],[23.8248841,44.621246],[23.8248419,44.6213313],[23.8248172,44.6213903],[23.8248195,44.6214714],[23.8248014,44.6215887],[23.8247325,44.6217013],[23.824732,44.6217917],[23.8247828,44.621927],[23.8247806,44.621967],[23.8246797,44.6221142],[23.8246654,44.6221742],[23.8246776,44.6222816],[23.824675,44.6224722],[23.8246198,44.6226828],[23.8246699,44.6227868],[23.824668,44.6229453],[23.8246375,44.6232233],[23.8245649,44.6233909],[23.8245653,44.6234338],[23.8245884,44.6235165],[23.8246875,44.623718],[23.8247407,44.6239232],[23.8247438,44.6239652],[23.8247314,44.6239949],[23.82469,44.624042],[23.8246677,44.6241094],[23.8247215,44.6244209],[23.8247283,44.624682],[23.8247141,44.6247237],[23.8247421,44.624753],[23.8247599,44.6247924],[23.8247547,44.6248602],[23.8247135,44.6249405],[23.8247277,44.6250528],[23.8246711,44.6252149],[23.8247583,44.6253841],[23.8247585,44.6254303],[23.8247135,44.6255334],[23.8247073,44.6255957],[23.8247475,44.6256706],[23.8247432,44.6257733],[23.8247619,44.6259056],[23.8247898,44.6259396],[23.8248321,44.6260193],[23.8248407,44.6260566],[23.8248376,44.6260997],[23.8246573,44.6263508],[23.8246477,44.6264464],[23.8246538,44.6265525],[23.8246168,44.6266443],[23.8243972,44.6270194],[23.8243122,44.6271449],[23.8241336,44.6273739],[23.8239053,44.6275878],[23.8237082,44.6277446],[23.8235433,44.6279461],[23.823442,44.6280124],[23.8233642,44.6280462],[23.8231492,44.6281082],[23.8229982,44.6281694],[23.8227462,44.6283358],[23.8225962,44.6284149],[23.82237,44.6284614],[23.8222877,44.628495],[23.8222632,44.6285155],[23.8221229,44.628736],[23.8220462,44.6288359],[23.8219919,44.6288753],[23.8218519,44.6289456],[23.8218053,44.6289829],[23.8217389,44.6290757],[23.8217233,44.6291733],[23.8217262,44.6292607],[23.8217836,44.6295467],[23.8217964,44.6296794],[23.8217859,44.6298092],[23.821732,44.6300895],[23.8217055,44.6301827],[23.8216007,44.6303844],[23.8215064,44.6304961],[23.8214466,44.6305416],[23.821361,44.6305831],[23.821166,44.630636],[23.8210864,44.6306792],[23.8209545,44.6307839],[23.8208557,44.6308983],[23.8208043,44.6310127],[23.8207207,44.6311561],[23.8205073,44.6313811],[23.8204481,44.6314306],[23.8202488,44.6317388],[23.8201655,44.631809],[23.820113,44.6318387],[23.819984,44.6318814],[23.8199045,44.6319321],[23.8197439,44.6320042],[23.8194209,44.6321307],[23.8193107,44.6321822],[23.8186974,44.6324885],[23.8183909,44.6326689],[23.8180505,44.632916],[23.8179593,44.6329979],[23.8178971,44.6330695],[23.8177307,44.6333175],[23.8176257,44.633486],[23.8175828,44.6335847],[23.8175312,44.6336673],[23.8172455,44.6339568],[23.8169979,44.6341574],[23.8168079,44.6342728],[23.8167087,44.634319],[23.8164175,44.6344877],[23.8161917,44.6345863],[23.8160214,44.6347082],[23.8158873,44.6347757],[23.8156255,44.6348837],[23.8150943,44.6351385],[23.8148983,44.6352672],[23.8146811,44.6354707],[23.8145159,44.6356004],[23.8136316,44.635257],[23.8133417,44.6351317],[23.8124109,44.6347986],[23.8119811,44.63468],[23.8116419,44.6346115],[23.8110556,44.6344708],[23.8108886,44.6344413],[23.8106626,44.6343593],[23.8103406,44.6342621],[23.8099874,44.6341438],[23.8090167,44.6337725],[23.8087499,44.6336461],[23.8080363,44.6332869],[23.8076093,44.6330563],[23.8073023,44.6328804],[23.8070331,44.6326922],[23.8066206,44.6324504],[23.8065341,44.6323933],[23.8064683,44.6323358],[23.8063716,44.6322764],[23.8064773,44.6325692],[23.8064969,44.6326788],[23.8065814,44.63298],[23.8066209,44.6330835],[23.8068172,44.6337719],[23.8068333,44.633879],[23.8069188,44.634131],[23.8069524,44.6341914],[23.8070272,44.6344045],[23.8069952,44.6344589],[23.8069631,44.6344817],[23.8069243,44.6344892],[23.8068637,44.6344755],[23.8067761,44.6344357],[23.8066789,44.6343752],[23.8066491,44.6343641],[23.8066261,44.6343695],[23.8066208,44.634396],[23.8067159,44.6346119],[23.8067151,44.634747],[23.8067007,44.6347931],[23.8066593,44.6351113],[23.8066402,44.6351573],[23.8065088,44.6353418],[23.8064726,44.6354285],[23.8064561,44.6355023],[23.8064816,44.6356241],[23.8064768,44.635723],[23.8064546,44.6358051],[23.8064284,44.6358466],[23.806401,44.6359283],[23.806408,44.6359752],[23.8064303,44.6360031],[23.8064018,44.6361012],[23.8063359,44.6361569],[23.8063165,44.6361931],[23.8063174,44.6362258],[23.8063367,44.6362486],[23.8063734,44.6362687],[23.8065122,44.6363226],[23.8068886,44.6364236],[23.8071337,44.6365089],[23.8075872,44.6366172],[23.8081613,44.6367929],[23.8084251,44.6368541],[23.808499,44.636885],[23.8085266,44.6369106],[23.8085431,44.6369437],[23.8085361,44.6369726],[23.8083927,44.637049],[23.808054,44.6372657],[23.80794,44.6373165],[23.8077425,44.6373605],[23.8076087,44.6373778],[23.8075172,44.6373983],[23.8073064,44.6374645],[23.8072004,44.6375079],[23.8071314,44.637514],[23.8069072,44.6375727],[23.8068291,44.6375756],[23.8065631,44.6375481],[23.8065185,44.6376212],[23.8064982,44.6377567],[23.8066965,44.6378896],[23.8067393,44.6379689],[23.8067342,44.6380344],[23.8066748,44.638206],[23.8066361,44.6382796],[23.8063802,44.6386649],[23.8061686,44.6389345],[23.8059161,44.6391856],[23.8056316,44.6394469],[23.8055083,44.6395758],[23.8054187,44.6396491],[23.8053183,44.6397967],[23.8053053,44.6398777],[23.8053263,44.6400338],[23.8053198,44.6400747],[23.8052874,44.6401318],[23.8052466,44.6401755],[23.8051842,44.6402828],[23.8051804,44.6403411],[23.8051946,44.6404074],[23.8052201,44.640458],[23.8052998,44.6405416],[23.8053647,44.6406485],[23.8054551,44.6409374],[23.8054717,44.6410531],[23.8054681,44.6410972],[23.8054933,44.6412125],[23.8055876,44.641423],[23.8056651,44.6415165],[23.8058596,44.6416744],[23.8059476,44.6417724],[23.8060405,44.6419577],[23.8061151,44.6421907],[23.8061581,44.6422782],[23.8062203,44.6424239],[23.8038027,44.641713],[23.8035061,44.641608],[23.8033946,44.6415282],[23.8016008,44.6407159],[23.8010091,44.6405023],[23.800324,44.64023],[23.7998908,44.6400278],[23.7997889,44.6399877],[23.7995651,44.639919],[23.7992823,44.6398131],[23.7989423,44.639671],[23.7982863,44.6394297],[23.7978364,44.639238],[23.7975272,44.6391282],[23.7969263,44.638949],[23.7963991,44.6388073],[23.795947,44.6387209],[23.7949869,44.6385225],[23.7942822,44.6383966],[23.7936936,44.6382625],[23.793183,44.6381198],[23.7929998,44.6380859],[23.7924765,44.6379986],[23.7914866,44.6377999],[23.7914838,44.637775],[23.7914335,44.6377284],[23.7913611,44.6377051],[23.7912766,44.6377018],[23.7910702,44.6376736],[23.7910471,44.6376662],[23.7910095,44.6376445],[23.7909867,44.637623],[23.7909472,44.6376107],[23.7909158,44.6376057],[23.7907189,44.6375988],[23.790494,44.6375775],[23.7900499,44.6375065],[23.7899195,44.6374802],[23.7897164,44.637452],[23.789474,44.6373973],[23.7893138,44.6373743],[23.7882022,44.6373057]]]}},{"type":"Feature","properties":{"entity_id":"osm-r9685782","jurisdiction":"RO","display_name":"FĂRCAȘ","display_type":"commune","admin_level":8,"tier":"local","legal_registry":"SIRUTA","legal_id":"72276","legal_type":"commune","parent_catalog_id":"osm-r2366970","osm_relation_id":9685782,"legal_identity_status":"reconciled","geometry_source":"OpenStreetMap","geometry_precision":"master_coordinate_fidelity"},"geometry":{"type":"Polygon","coordinates":[[[23.7892891,44.6582153],[23.7889763,44.6581298],[23.7821799,44.6561291],[23.7737439,44.6530994],[23.7710536,44.6523098],[23.770771,44.652241],[23.7704045,44.652144],[23.7694343,44.6519144],[23.7692423,44.6519078],[23.7691153,44.6514992],[23.7690449,44.6511427],[23.7690393,44.6506758],[23.7690066,44.6500195],[23.7690683,44.6493198],[23.7692236,44.6484491],[23.7627511,44.6459076],[23.7611308,44.6453357],[23.7597345,44.6451429],[23.7594092,44.6450939],[23.7590678,44.6450942],[23.7587704,44.6451348],[23.7583062,44.6453208],[23.7578694,44.645527],[23.7577702,44.6456257],[23.7577186,44.6457656],[23.7577059,44.6460539],[23.7568071,44.6459445],[23.7561263,44.645957],[23.7541794,44.6460568],[23.7541853,44.6458971],[23.7541843,44.6456856],[23.7541493,44.6452811],[23.748599,44.6453359],[23.7481425,44.6453362],[23.7482752,44.6448505],[23.7487877,44.6447938],[23.7491813,44.64459],[23.749616,44.6439233],[23.7439241,44.6440587],[23.7440477,44.6452654],[23.7440202,44.6455623],[23.744112,44.646693],[23.7441028,44.6470796],[23.74401,44.6476965],[23.743909,44.64815],[23.7438477,44.6483761],[23.7438081,44.6486748],[23.7439014,44.6490684],[23.7439,44.6492571],[23.7428832,44.6491916],[23.7375827,44.6497397],[23.733672,44.6497822],[23.7328055,44.6498653],[23.7319036,44.6497965],[23.7320802,44.6511939],[23.732266,44.6519794],[23.7324463,44.652787],[23.7333054,44.6551605],[23.7334694,44.6557427],[23.7333878,44.656207],[23.7329292,44.6569836],[23.7326825,44.657432],[23.7323202,44.658457],[23.7316515,44.6597697],[23.7315293,44.6600895],[23.7315499,44.6604032],[23.7315805,44.6605306],[23.7316653,44.6607194],[23.7317757,44.6609288],[23.7319494,44.6612173],[23.7320125,44.6614195],[23.7320005,44.6615665],[23.7319566,44.6617028],[23.7318705,44.6619141],[23.7318453,44.6620164],[23.731803,44.6625748],[23.7317905,44.6626578],[23.7315627,44.663569],[23.7314555,44.6638519],[23.7313801,44.6639758],[23.7312821,44.6640963],[23.7311591,44.6641871],[23.7308165,44.6643664],[23.73053,44.6645051],[23.7301653,44.6647091],[23.7298966,44.6648308],[23.728763,44.6652248],[23.7285822,44.6653412],[23.7284644,44.6654817],[23.7281289,44.665994],[23.7279662,44.6661905],[23.7278018,44.6664214],[23.7276822,44.6666494],[23.727604,44.6669936],[23.7275579,44.6673321],[23.7274927,44.6675137],[23.7271721,44.6681184],[23.7267435,44.669045],[23.7266462,44.6693013],[23.7264308,44.6698256],[23.7262414,44.6699102],[23.7255852,44.6700327],[23.7248719,44.6701553],[23.7238166,44.6703125],[23.7223191,44.6706237],[23.7214592,44.670789],[23.7208515,44.6709465],[23.7198442,44.671256],[23.7196287,44.6713122],[23.7194534,44.6713373],[23.7193077,44.6713395],[23.7190649,44.6713214],[23.7188389,44.671289],[23.7184036,44.6711882],[23.71734,44.6709083],[23.7159575,44.6705048],[23.7154185,44.670263],[23.7145056,44.6696488],[23.7141,44.6692523],[23.7137051,44.6685816],[23.7134225,44.6678274],[23.7133095,44.6667999],[23.7128137,44.6660355],[23.7121747,44.6654834],[23.7109269,44.6646995],[23.7104596,44.6643474],[23.7094908,44.6630294],[23.709252,44.6624895],[23.7089799,44.6612938],[23.7084358,44.6603198],[23.7084549,44.6599466],[23.7082954,44.659438],[23.7081589,44.6586249],[23.7081333,44.6583388],[23.7081898,44.6579584],[23.708325,44.6576437],[23.708579,44.6572694],[23.7091047,44.6568681],[23.7093884,44.6565706],[23.7100964,44.6561538],[23.7102604,44.655796],[23.7106174,44.6553514],[23.7112381,44.6548575],[23.7115787,44.6546633],[23.7121714,44.6544186],[23.7137324,44.6533293],[23.7139063,44.6532374],[23.7141199,44.6532139],[23.7142874,44.6528844],[23.7143699,44.6525386],[23.7144667,44.6508327],[23.7143931,44.6503061],[23.7141855,44.6498008],[23.7134994,44.6489431],[23.7127763,44.6483277],[23.7119331,44.6478171],[23.7103288,44.6471252],[23.7098555,44.6467386],[23.7091653,44.645494],[23.7091376,44.6453032],[23.7092395,44.6445651],[23.7090762,44.6434467],[23.7089067,44.6427412],[23.7085338,44.642186],[23.7084736,44.6419714],[23.7085847,44.6418753],[23.7089941,44.6417047],[23.7097032,44.6412464],[23.7114021,44.641416],[23.711681,44.6413544],[23.7125319,44.6407623],[23.7128671,44.6403392],[23.7131038,44.6401649],[23.7145712,44.6397071],[23.7152966,44.639171],[23.7166427,44.6384748],[23.7170352,44.6381615],[23.7176674,44.6375153],[23.7183294,44.6367025],[23.7194423,44.6345616],[23.7195614,44.6342467],[23.7195962,44.6338813],[23.7197293,44.6334142],[23.7196565,44.6326056],[23.719465,44.6318056],[23.7193682,44.6316397],[23.7195659,44.6306622],[23.7195874,44.6302322],[23.719424,44.6294844],[23.7195317,44.6284278],[23.7196218,44.6280975],[23.7199266,44.627551],[23.719906,44.6273893],[23.7197205,44.6270492],[23.7193901,44.626638],[23.719536,44.6259827],[23.7192246,44.6255707],[23.7190687,44.6252962],[23.7190495,44.6250011],[23.7185591,44.6242697],[23.7182687,44.6227249],[23.7176717,44.6215027],[23.717629,44.621266],[23.7174128,44.6209092],[23.7164461,44.6185625],[23.7160511,44.617857],[23.7150708,44.6163636],[23.7147975,44.6154613],[23.714453,44.6148821],[23.7141713,44.6141206],[23.713926,44.6138778],[23.7138132,44.6134345],[23.713181,44.6128406],[23.7126225,44.6125294],[23.7110338,44.6110596],[23.7106707,44.6103581],[23.7104497,44.6095098],[23.7104255,44.6089227],[23.7104883,44.6082605],[23.710633,44.6077516],[23.7107835,44.6074599],[23.7111851,44.606912],[23.7116434,44.6066925],[23.7121824,44.6061995],[23.7133765,44.6045519],[23.7135434,44.6042452],[23.7136566,44.6037765],[23.7136661,44.6033508],[23.7139464,44.6015423],[23.7139651,44.6007427],[23.7142231,44.6005068],[23.7140499,44.5995917],[23.7141194,44.5993439],[23.7141945,44.5992047],[23.7145533,44.5990774],[23.7148665,44.5988409],[23.7164214,44.5980371],[23.7147921,44.5959024],[23.7136987,44.5939982],[23.7122758,44.5903785],[23.7122633,44.5902241],[23.7121051,44.5899651],[23.7110185,44.5874094],[23.7105775,44.5865124],[23.7101937,44.5866162],[23.7099461,44.5865999],[23.7090313,44.5860414],[23.7084443,44.5856018],[23.7077048,44.5850926],[23.7081448,44.5844874],[23.7091512,44.5825742],[23.7098068,44.5817672],[23.7107973,44.5809583],[23.7113903,44.5800993],[23.7115655,44.5797481],[23.7115855,44.5792129],[23.7118347,44.5776892],[23.7117666,44.5764581],[23.7119573,44.5754122],[23.7124162,44.574489],[23.713303,44.57332],[23.7142104,44.5722937],[23.7145639,44.5718079],[23.7147554,44.5714398],[23.7148542,44.5705808],[23.7150007,44.5700869],[23.7152438,44.5695486],[23.7154548,44.5686624],[23.7158444,44.5679833],[23.7162513,44.5676006],[23.7166718,44.5673263],[23.717185,44.5671783],[23.7176053,44.5672685],[23.7181788,44.5676396],[23.7184043,44.5678871],[23.7188054,44.5681252],[23.7198314,44.5685698],[23.7222379,44.5690642],[23.7277857,44.5699505],[23.7287958,44.5678453],[23.7290582,44.5680476],[23.7291621,44.5682139],[23.7292481,44.5690152],[23.7298064,44.5688107],[23.7301872,44.5685245],[23.7305608,44.5683835],[23.7308842,44.568353],[23.7311621,44.5683988],[23.7313228,44.5685174],[23.7314463,44.5685159],[23.7324075,44.5679286],[23.7326722,44.5674873],[23.7329971,44.5672062],[23.7337357,44.5669524],[23.7341076,44.566706],[23.7345087,44.5665852],[23.7348913,44.5665781],[23.7353247,44.5664349],[23.7355222,44.5661523],[23.7356835,44.5660601],[23.7360314,44.5660013],[23.7368648,44.5663325],[23.737565,44.5669213],[23.7378245,44.5668958],[23.7378372,44.567044],[23.7379544,44.5671535],[23.7388106,44.5677156],[23.7389209,44.5677738],[23.7389092,44.56758],[23.7390206,44.567587],[23.7393493,44.5678584],[23.7397521,44.5680224],[23.7399559,44.5682144],[23.7409524,44.5681046],[23.7414308,44.5680956],[23.7420315,44.5682008],[23.7429233,44.5684255],[23.7432647,44.5684489],[23.7441716,44.5686982],[23.7453459,44.5689278],[23.7464397,44.569014],[23.7475527,44.5689494],[23.7501312,44.5689125],[23.7533146,44.5687256],[23.7545134,44.5685595],[23.7556079,44.5682469],[23.7564544,44.5681565],[23.7567578,44.5679434],[23.7579334,44.5675605],[23.7591955,44.5674177],[23.7592751,44.5674215],[23.7600854,44.5686465],[23.7618045,44.5679989],[23.7628124,44.5678163],[23.763773,44.5679807],[23.764111,44.5693116],[23.7635977,44.5713223],[23.7622409,44.5751352],[23.7624782,44.575958],[23.7634535,44.5765611],[23.7660561,44.5770909],[23.7671447,44.5783559],[23.76736,44.5787228],[23.7692132,44.5792728],[23.7696746,44.579312],[23.7703214,44.5796266],[23.7716043,44.580757],[23.7722749,44.5814536],[23.7732683,44.5819599],[23.7736929,44.5822323],[23.7742623,44.5824435],[23.7743303,44.5826151],[23.7742649,44.5826942],[23.7737485,44.5826145],[23.7732989,44.5827691],[23.7731761,44.5829216],[23.7732828,44.5831506],[23.7735198,44.58325],[23.7736915,44.5834227],[23.7737422,44.5836625],[23.7739545,44.5837958],[23.7747925,44.5841182],[23.7748593,44.5843525],[23.7747827,44.5845795],[23.7748424,44.5847738],[23.775329,44.5851265],[23.7754118,44.5853553],[23.7756056,44.5856137],[23.7757703,44.5857408],[23.7759936,44.5864837],[23.776203,44.5867594],[23.776244,44.5870788],[23.7766778,44.5872943],[23.7762556,44.5880359],[23.7762608,44.5881669],[23.7764919,44.5881694],[23.7766741,44.5882227],[23.7767736,44.5884174],[23.7765225,44.5886027],[23.7765996,44.5887288],[23.7761744,44.5888552],[23.7760685,44.5889623],[23.7761226,44.5890426],[23.7764089,44.5890742],[23.776567,44.5891386],[23.776169,44.5894874],[23.7760081,44.589554],[23.7758595,44.5897973],[23.7759126,44.5899232],[23.7765682,44.5902037],[23.7765227,44.590471],[23.7761704,44.5905469],[23.7758443,44.5905092],[23.7757074,44.590576],[23.7756881,44.5907353],[23.7758041,44.5909018],[23.7762801,44.5910095],[23.7765087,44.5911316],[23.7763172,44.5915168],[23.7757694,44.5914083],[23.7756167,44.5914693],[23.7757252,44.5916129],[23.7750398,44.5919814],[23.7747302,44.5919211],[23.7745808,44.5918283],[23.7743313,44.5919395],[23.7742486,44.592081],[23.7734984,44.5921184],[23.7732801,44.5922642],[23.7733406,44.5924186],[23.7736356,44.5924161],[23.7738491,44.5924982],[23.7735175,44.5927224],[23.7735876,44.5927972],[23.7741123,44.5928656],[23.7744667,44.5930688],[23.7744481,44.5931939],[23.7743115,44.5932437],[23.773851,44.593159],[23.7737385,44.5931976],[23.7736948,44.5933794],[23.7739871,44.5938781],[23.7737208,44.594029],[23.7740799,44.595138],[23.7737858,44.5954708],[23.7738458,44.5963999],[23.7730634,44.5964541],[23.7731116,44.5968078],[23.7732801,44.5971343],[23.7728722,44.5971925],[23.7722808,44.597636],[23.7720989,44.5983176],[23.7721302,44.5987166],[23.7713672,44.6001038],[23.7711391,44.6007051],[23.7705156,44.60153],[23.7703067,44.6019777],[23.769685,44.6027171],[23.7691188,44.6038444],[23.7693191,44.6041712],[23.768925,44.6043321],[23.7689862,44.6044524],[23.7692632,44.6045466],[23.7691017,44.6050176],[23.7689007,44.6050951],[23.7689097,44.6054199],[23.7690139,44.6057685],[23.7695099,44.6064403],[23.769542,44.6068052],[23.7695114,44.6071182],[23.7693469,44.6073556],[23.769253,44.6076451],[23.7693131,44.6081926],[23.7692638,44.6086306],[23.7692925,44.609155],[23.7690743,44.6100412],[23.76947,44.6101822],[23.7694333,44.6104039],[23.7693046,44.6104595],[23.7694619,44.610934],[23.7693611,44.6111721],[23.7693201,44.6115988],[23.7693742,44.6128013],[23.769137,44.6141999],[23.769277,44.6147426],[23.7693385,44.6155976],[23.7692971,44.6160415],[23.7694378,44.6169202],[23.7692283,44.6173964],[23.7700499,44.6181344],[23.7701761,44.6189503],[23.7705474,44.6194898],[23.7711507,44.6207438],[23.771464,44.6210093],[23.7712907,44.6216567],[23.7715666,44.6221837],[23.7716804,44.6228343],[23.7717144,44.623484],[23.7715428,44.6240518],[23.77123,44.6245041],[23.7708404,44.6255707],[23.771016,44.6263131],[23.7717503,44.6270388],[23.7723979,44.627342],[23.7735004,44.6281942],[23.7737325,44.6281597],[23.7744538,44.6281817],[23.7749239,44.6283947],[23.7751159,44.6285563],[23.776543,44.6287769],[23.7790188,44.6290087],[23.7798622,44.629109],[23.7804655,44.6292465],[23.7860797,44.6298442],[23.785898,44.6305913],[23.786322,44.6306767],[23.7866905,44.6306066],[23.7868229,44.6307562],[23.786756,44.6309035],[23.7863137,44.6310753],[23.7862541,44.6312513],[23.7865485,44.6312886],[23.7868128,44.6312345],[23.7869766,44.6314128],[23.786611,44.6317279],[23.7863077,44.631736],[23.7861858,44.6318429],[23.7863273,44.6319413],[23.7865021,44.6319773],[23.7866413,44.6321839],[23.7865825,44.6323257],[23.7858579,44.6322609],[23.7858947,44.6324094],[23.7862249,44.6330167],[23.786582,44.633106],[23.7868133,44.6331085],[23.7867293,44.633307],[23.7868134,44.6334787],[23.7871372,44.633636],[23.7873093,44.6337974],[23.7866818,44.6340469],[23.7868001,44.6344925],[23.7870581,44.6347402],[23.7870483,44.6352072],[23.7869122,44.6356101],[23.7870358,44.6357994],[23.7870718,44.6359821],[23.7877596,44.635904],[23.7879098,44.6359683],[23.788123,44.6364491],[23.7875368,44.6366307],[23.7873894,44.6368114],[23.787362,44.6369763],[23.7874871,44.6370973],[23.7882022,44.6373057],[23.7881665,44.6374141],[23.7875049,44.6374424],[23.7874041,44.6375124],[23.7875385,44.6375777],[23.7880344,44.6376304],[23.7882483,44.6377415],[23.7883051,44.6379533],[23.7882529,44.6380326],[23.7879305,44.6380446],[23.7878018,44.6381384],[23.7879694,44.6383964],[23.7881012,44.6383931],[23.7882537,44.6383095],[23.7883253,44.6383724],[23.7882767,44.6387133],[23.7880768,44.6388076],[23.7878577,44.6390999],[23.7879615,44.6392442],[23.7881013,44.6392161],[23.7881594,44.6392492],[23.7882837,44.6394855],[23.7885018,44.6397055],[23.7883496,44.6398127],[23.7879608,44.6396725],[23.787721,44.6396906],[23.7875785,44.6397719],[23.7876117,44.6398865],[23.7880647,44.6399292],[23.7881724,44.6400067],[23.7881451,44.6400839],[23.7879108,44.640118],[23.7878123,44.6402708],[23.7876494,44.6403353],[23.787971,44.6407594],[23.7879726,44.6408807],[23.787736,44.6412208],[23.787452,44.6412923],[23.7875082,44.6415727],[23.7871907,44.6417835],[23.7872117,44.6418861],[23.787376,44.641989],[23.7874235,44.6422125],[23.787336,44.6422388],[23.7870591,44.6421311],[23.7867022,44.6421237],[23.7866322,44.6421821],[23.7868054,44.6423763],[23.7868359,44.6426606],[23.7869824,44.6427829],[23.7867368,44.6432322],[23.7867553,44.6433768],[23.7868749,44.6434799],[23.7870947,44.643429],[23.7872065,44.6435485],[23.7877164,44.6436469],[23.7877852,44.6438026],[23.7877931,44.6442938],[23.7876128,44.6444362],[23.7874899,44.6444118],[23.7873425,44.6442877],[23.787048,44.6443485],[23.7868316,44.6444343],[23.7866723,44.6446048],[23.7864782,44.6446553],[23.786389,44.6447579],[23.7864487,44.6449153],[23.786678,44.6450403],[23.7867462,44.6449895],[23.7867343,44.644848],[23.7867914,44.6447705],[23.7870459,44.6449561],[23.7871169,44.6448923],[23.7871297,44.6447185],[23.7875286,44.6448157],[23.7874375,44.645091],[23.7878093,44.6451767],[23.78773,44.6453237],[23.7880279,44.6454168],[23.7882128,44.6456312],[23.7881661,44.6456934],[23.7878946,44.6457857],[23.7879168,44.6460282],[23.7877583,44.6462211],[23.7878553,44.6463562],[23.7881479,44.6465584],[23.7881752,44.6467014],[23.7878359,44.6469919],[23.7874689,44.6471632],[23.7873201,44.6473259],[23.7872488,44.6475479],[23.7874314,44.6477943],[23.7874109,44.6479044],[23.7868708,44.6483831],[23.7864077,44.6483673],[23.7863305,44.6484378],[23.7862749,44.648634],[23.78644,44.6489905],[23.7863395,44.6493074],[23.7865061,44.6494476],[23.7868432,44.6495485],[23.7869678,44.6495261],[23.7870162,44.6492433],[23.7871491,44.6491171],[23.7873681,44.649074],[23.7875363,44.6491364],[23.7873466,44.6495193],[23.7878934,44.6498712],[23.7876556,44.6502342],[23.7876522,44.6503942],[23.7877786,44.6504345],[23.7879769,44.6502204],[23.7880557,44.650219],[23.7881341,44.6505205],[23.788457,44.6507208],[23.7884095,44.6508198],[23.7882847,44.650853],[23.7880352,44.6507617],[23.7878201,44.6507615],[23.7875459,44.650698],[23.7873828,44.6509623],[23.7873958,44.6510663],[23.7875343,44.6511045],[23.7878415,44.6510408],[23.7880756,44.6511428],[23.7880848,44.6512813],[23.7878241,44.6515791],[23.7878247,44.6516959],[23.787891,44.6517096],[23.7880841,44.6516014],[23.788336,44.6517231],[23.7889261,44.6517467],[23.7890071,44.6517865],[23.7891432,44.6523698],[23.7893005,44.652525],[23.7893419,44.6527136],[23.7895254,44.6529167],[23.7895665,44.6534146],[23.78896,44.6538796],[23.7889665,44.6540008],[23.7891701,44.6541133],[23.789214,44.6541851],[23.7888857,44.6543871],[23.7888633,44.6544431],[23.7890728,44.6545621],[23.789128,44.6546752],[23.7888818,44.6548607],[23.7888838,44.6550554],[23.7886967,44.6553064],[23.7887649,44.6553764],[23.7891243,44.6552851],[23.7892633,44.6552974],[23.7893035,44.6554038],[23.7890533,44.6556347],[23.7890456,44.6557125],[23.7891175,44.6557522],[23.7894172,44.6557619],[23.7894822,44.6559832],[23.7895892,44.6560773],[23.7897937,44.6561487],[23.7898374,44.6562292],[23.7898003,44.6564105],[23.7896036,44.6566917],[23.789482,44.6567099],[23.7891449,44.6566068],[23.7890353,44.6566359],[23.7890069,44.6566896],[23.78906,44.6567573],[23.7893248,44.656838],[23.7890184,44.6571483],[23.7890017,44.657226],[23.7895396,44.6573382],[23.7895255,44.657418],[23.7892574,44.6577291],[23.7893613,44.6579227],[23.78922,44.6581255],[23.7892891,44.6582153]]]}},{"type":"Feature","properties":{"entity_id":"osm-r9685783","jurisdiction":"RO","display_name":"TĂLPAȘ","display_type":"commune","admin_level":8,"tier":"local","legal_registry":"SIRUTA","legal_id":"74956","legal_type":"commune","parent_catalog_id":"osm-r2366970","osm_relation_id":9685783,"legal_identity_status":"reconciled","geometry_source":"OpenStreetMap","geometry_precision":"master_coordinate_fidelity"},"geometry":{"type":"Polygon","coordinates":[[[23.7216991,44.729673],[23.7217684,44.7286007],[23.7216873,44.7284606],[23.7211998,44.728407],[23.7206047,44.7285848],[23.7197311,44.7286181],[23.7189564,44.7278845],[23.7186205,44.7277096],[23.7178386,44.7274488],[23.7176737,44.7273261],[23.7176116,44.7270438],[23.7175056,44.7269174],[23.7172737,44.7268097],[23.7170797,44.7268015],[23.7170102,44.7267575],[23.7168052,44.7264501],[23.7167755,44.7256493],[23.7161161,44.725152],[23.715983,44.724961],[23.7160827,44.7247324],[23.7159799,44.7242442],[23.716007,44.7240916],[23.7161041,44.7238784],[23.7164044,44.7236541],[23.716534,44.7232427],[23.7165402,44.7229529],[23.7163761,44.722373],[23.7165395,44.721443],[23.7163981,44.7204514],[23.7159143,44.7194206],[23.7155998,44.7190386],[23.7154247,44.7185653],[23.7148799,44.7180933],[23.7146362,44.7178654],[23.7146441,44.7174196],[23.7145065,44.7171829],[23.7144759,44.7169313],[23.7143064,44.7166868],[23.7139116,44.7165824],[23.7136619,44.7163414],[23.7135176,44.7163599],[23.7134697,44.7163292],[23.7134889,44.7157653],[23.7135901,44.7155363],[23.7130015,44.7153114],[23.7127902,44.7150802],[23.7126191,44.7149846],[23.7125246,44.7148225],[23.7125277,44.7145534],[23.7127172,44.7143245],[23.7128067,44.7140437],[23.7127725,44.7133276],[23.7129924,44.7128003],[23.7130159,44.7120774],[23.713078,44.7119056],[23.7130048,44.7113747],[23.7132164,44.7109269],[23.7133573,44.7108359],[23.7135274,44.710841],[23.7136405,44.7107944],[23.7136167,44.7106568],[23.7136884,44.7104804],[23.7140777,44.7103028],[23.7141551,44.7100483],[23.7142884,44.7098965],[23.7145919,44.7097467],[23.7147035,44.7095927],[23.7152238,44.7091643],[23.715421,44.708761],[23.7153935,44.7083871],[23.7150613,44.7080193],[23.7150464,44.7074964],[23.7151615,44.707156],[23.7150078,44.7066178],[23.7151239,44.7064339],[23.7151143,44.7062758],[23.7147208,44.7056422],[23.7148092,44.7053981],[23.7147603,44.7048763],[23.7151346,44.7042601],[23.7160167,44.7040205],[23.7178386,44.7037281],[23.7183831,44.7035643],[23.7187731,44.7036139],[23.7189707,44.7035606],[23.7200907,44.7026845],[23.7204157,44.7022274],[23.7208852,44.7019722],[23.7223381,44.7013429],[23.7216617,44.7005945],[23.721394,44.6991631],[23.7215236,44.6989486],[23.721642,44.6984735],[23.7214042,44.6970635],[23.7212539,44.6966882],[23.7212272,44.6959523],[23.7216991,44.6950936],[23.7217227,44.6948232],[23.7216561,44.6946345],[23.7213833,44.6946355],[23.7207987,44.6948005],[23.7207993,44.694849],[23.7206804,44.6948962],[23.7205279,44.694871],[23.7207406,44.6946233],[23.7203418,44.6941828],[23.7199808,44.6939078],[23.7198403,44.693711],[23.7190737,44.6934506],[23.7202457,44.6931414],[23.7204675,44.6930217],[23.7206304,44.6928796],[23.7209289,44.6923558],[23.7217593,44.6922314],[23.7219355,44.6917402],[23.7211124,44.6918642],[23.7209629,44.6917149],[23.7207415,44.6916349],[23.7202598,44.691327],[23.7204489,44.6913005],[23.7204591,44.6911629],[23.7202654,44.6911003],[23.7204565,44.6905137],[23.720492,44.6901708],[23.7205546,44.6902464],[23.7209133,44.690364],[23.721282,44.6901251],[23.7216842,44.6900622],[23.7221374,44.6898662],[23.722185,44.6896186],[23.7226371,44.6895066],[23.7227959,44.6893485],[23.723235,44.6892181],[23.7232614,44.6890286],[23.7239715,44.6889504],[23.7244169,44.6889962],[23.7251797,44.6884768],[23.7234908,44.6884573],[23.7220385,44.6886466],[23.7217829,44.6882633],[23.7217788,44.6880827],[23.7218497,44.6879535],[23.7230729,44.6878484],[23.7232857,44.6874575],[23.7233035,44.6872706],[23.7235844,44.6872447],[23.723895,44.687055],[23.7234285,44.6868514],[23.7235579,44.6867156],[23.7240212,44.6868841],[23.7244168,44.6869161],[23.7247199,44.6870063],[23.7248894,44.6868689],[23.7250684,44.6869501],[23.7252181,44.686965],[23.7253158,44.6869163],[23.7252786,44.6866765],[23.7250923,44.6864129],[23.7251048,44.6863317],[23.7256569,44.6861626],[23.72569,44.68572],[23.7260196,44.6854922],[23.7259262,44.6851216],[23.7257207,44.684895],[23.7257119,44.6847157],[23.7255524,44.6845831],[23.7259799,44.684405],[23.7258541,44.684221],[23.7255171,44.683348],[23.7252096,44.6829488],[23.7237551,44.6832209],[23.7232258,44.6827551],[23.7224846,44.6828162],[23.7223832,44.6826868],[23.7224735,44.6823784],[23.722665,44.6822504],[23.7227026,44.6820928],[23.7234329,44.6818756],[23.7235607,44.6817462],[23.7225897,44.6811829],[23.7213849,44.6815144],[23.7211341,44.6812251],[23.7210539,44.6809929],[23.7219931,44.680707],[23.7215904,44.6802402],[23.7213877,44.6798751],[23.7211662,44.6790507],[23.7206874,44.6785052],[23.7205973,44.6782501],[23.7205172,44.6779329],[23.7206607,44.6774076],[23.7204877,44.6763254],[23.719803,44.6749216],[23.719808,44.6747777],[23.719911,44.6746022],[23.7192515,44.6739732],[23.7188548,44.6731176],[23.7176341,44.6720732],[23.7174292,44.6714196],[23.71734,44.6709083],[23.7184036,44.6711882],[23.7188389,44.671289],[23.7190649,44.6713214],[23.7193077,44.6713395],[23.7194534,44.6713373],[23.7196287,44.6713122],[23.7198442,44.671256],[23.7208515,44.6709465],[23.7214592,44.670789],[23.7223191,44.6706237],[23.7238166,44.6703125],[23.7248719,44.6701553],[23.7255852,44.6700327],[23.7262414,44.6699102],[23.7264308,44.6698256],[23.7266462,44.6693013],[23.7267435,44.669045],[23.7271721,44.6681184],[23.7274927,44.6675137],[23.7275579,44.6673321],[23.727604,44.6669936],[23.7276822,44.6666494],[23.7278018,44.6664214],[23.7279662,44.6661905],[23.7281289,44.665994],[23.7284644,44.6654817],[23.7285822,44.6653412],[23.728763,44.6652248],[23.7298966,44.6648308],[23.7301653,44.6647091],[23.73053,44.6645051],[23.7308165,44.6643664],[23.7311591,44.6641871],[23.7312821,44.6640963],[23.7313801,44.6639758],[23.7314555,44.6638519],[23.7315627,44.663569],[23.7317905,44.6626578],[23.731803,44.6625748],[23.7318453,44.6620164],[23.7318705,44.6619141],[23.7319566,44.6617028],[23.7320005,44.6615665],[23.7320125,44.6614195],[23.7319494,44.6612173],[23.7317757,44.6609288],[23.7316653,44.6607194],[23.7315805,44.6605306],[23.7315499,44.6604032],[23.7315293,44.6600895],[23.7316515,44.6597697],[23.7323202,44.658457],[23.7326825,44.657432],[23.7329292,44.6569836],[23.7333878,44.656207],[23.7334694,44.6557427],[23.7333054,44.6551605],[23.7324463,44.652787],[23.732266,44.6519794],[23.7320802,44.6511939],[23.7319036,44.6497965],[23.7328055,44.6498653],[23.733672,44.6497822],[23.7375827,44.6497397],[23.7428832,44.6491916],[23.7439,44.6492571],[23.7439014,44.6490684],[23.7438081,44.6486748],[23.7438477,44.6483761],[23.743909,44.64815],[23.74401,44.6476965],[23.7441028,44.6470796],[23.744112,44.646693],[23.7440202,44.6455623],[23.7440477,44.6452654],[23.7439241,44.6440587],[23.749616,44.6439233],[23.7491813,44.64459],[23.7487877,44.6447938],[23.7482752,44.6448505],[23.7481425,44.6453362],[23.748599,44.6453359],[23.7541493,44.6452811],[23.7541843,44.6456856],[23.7541853,44.6458971],[23.7541794,44.6460568],[23.7561263,44.645957],[23.7568071,44.6459445],[23.7577059,44.6460539],[23.7577186,44.6457656],[23.7577702,44.6456257],[23.7578694,44.645527],[23.7583062,44.6453208],[23.7587704,44.6451348],[23.7590678,44.6450942],[23.7594092,44.6450939],[23.7597345,44.6451429],[23.7611308,44.6453357],[23.7627511,44.6459076],[23.7692236,44.6484491],[23.7690683,44.6493198],[23.7690066,44.6500195],[23.7690393,44.6506758],[23.7690449,44.6511427],[23.7691153,44.6514992],[23.7692423,44.6519078],[23.7694343,44.6519144],[23.7704045,44.652144],[23.770771,44.652241],[23.7710536,44.6523098],[23.7737439,44.6530994],[23.7821799,44.6561291],[23.7889763,44.6581298],[23.7892891,44.6582153],[23.7894015,44.6582524],[23.7896064,44.6583493],[23.7896601,44.658592],[23.7896364,44.6586871],[23.7895189,44.6588373],[23.7893709,44.658975],[23.7891992,44.6590732],[23.7888366,44.6591466],[23.788581,44.6592541],[23.7882393,44.6592742],[23.7880265,44.6593586],[23.7880116,44.6595151],[23.7881844,44.6597854],[23.7881754,44.6599991],[23.7880536,44.6601405],[23.787777,44.6602824],[23.7877295,44.660374],[23.7877999,44.6604845],[23.7880732,44.6606134],[23.7881492,44.6607772],[23.7880594,44.6609187],[23.787953,44.6609723],[23.7877712,44.6609423],[23.7874604,44.6608057],[23.7873698,44.6608251],[23.7872958,44.6609321],[23.7872985,44.6612868],[23.7875229,44.6613167],[23.787604,44.6614271],[23.7873594,44.6615803],[23.7873231,44.6617254],[23.7874095,44.6618587],[23.7876454,44.6619687],[23.7876837,44.6620983],[23.7872109,44.6624275],[23.7872013,44.662584],[23.7872935,44.6627783],[23.7870706,44.6629619],[23.7870553,44.6630535],[23.7872226,44.6633048],[23.7876462,44.6635173],[23.7878306,44.6638945],[23.7880137,44.6641037],[23.7881119,44.6643705],[23.788746,44.664899],[23.7890481,44.6653064],[23.7896843,44.6663427],[23.7911932,44.6692814],[23.7912452,44.6710058],[23.7914913,44.6718028],[23.7917403,44.6730233],[23.7916607,44.6738552],[23.7918084,44.6747325],[23.7917503,44.6752172],[23.7909592,44.6771419],[23.7907693,44.6778826],[23.7906184,44.6801645],[23.7906721,44.6804469],[23.7909819,44.6808274],[23.7889366,44.6803151],[23.7875022,44.6800605],[23.7868433,44.6798617],[23.7863479,44.6801049],[23.7858461,44.6805944],[23.7857243,44.6807854],[23.7857146,44.6809075],[23.7855045,44.6810759],[23.7854492,44.6811904],[23.7855382,44.6813238],[23.7859395,44.6813611],[23.7861548,44.6815743],[23.7861716,44.6816755],[23.7858934,44.6816531],[23.7854873,44.6816922],[23.7852035,44.6816031],[23.7850627,44.6817407],[23.784945,44.6821168],[23.785117,44.6822672],[23.7848984,44.6823286],[23.7847173,44.6824397],[23.7846198,44.6826459],[23.7846393,44.682747],[23.7848497,44.683027],[23.784848,44.683172],[23.7844288,44.6836383],[23.7843048,44.6838752],[23.784251,44.6842187],[23.7838805,44.684746],[23.7837184,44.6848876],[23.7834065,44.6850141],[23.7834055,44.6852659],[23.7832476,44.6856326],[23.783174,44.6862127],[23.7829736,44.6866099],[23.7829548,44.6869839],[23.782853,44.6872028],[23.7825348,44.6874576],[23.7824647,44.6877025],[23.7822166,44.6877258],[23.7820682,44.6879237],[23.781975,44.6879494],[23.7817355,44.6878734],[23.7815256,44.6879326],[23.781342,44.6883769],[23.7807288,44.6887338],[23.7807867,44.6888191],[23.7811295,44.688978],[23.7810949,44.6891234],[23.7808712,44.6892972],[23.7813169,44.6896593],[23.7825748,44.6902465],[23.7838198,44.6905916],[23.7843811,44.6911166],[23.7850082,44.691851],[23.7852337,44.6920244],[23.785449,44.6923562],[23.7854963,44.6928442],[23.7855817,44.6931029],[23.7855785,44.6934692],[23.7852877,44.693907],[23.7850261,44.6941918],[23.784768,44.6947818],[23.784739,44.6950721],[23.7845935,44.6954169],[23.784936,44.6968865],[23.7850056,44.6976795],[23.7852286,44.6981277],[23.7853249,44.6985312],[23.7852609,44.7010578],[23.785322,44.701828],[23.7851016,44.7027077],[23.7847368,44.7031843],[23.7844511,44.7038662],[23.7841461,44.7043956],[23.7829117,44.7055214],[23.7828779,44.7061018],[23.7826719,44.7068973],[23.7826121,44.7073787],[23.7823978,44.7078996],[23.7824437,44.7089772],[23.7822539,44.7097568],[23.7821426,44.7105301],[23.7810792,44.712461],[23.781006,44.7127662],[23.7810629,44.7130659],[23.781023,44.713183],[23.7805045,44.7139896],[23.7737435,44.7138812],[23.7702438,44.7140132],[23.7671919,44.7147868],[23.7632354,44.7155756],[23.761428,44.715628],[23.7596956,44.7155981],[23.7564017,44.7153149],[23.754659,44.7153782],[23.7527879,44.7155301],[23.7476046,44.7161467],[23.7478776,44.7165997],[23.7479938,44.7169308],[23.7459123,44.7173021],[23.7436555,44.7182541],[23.7371104,44.7208814],[23.7367777,44.7210671],[23.7359313,44.7213339],[23.734956,44.7215337],[23.7328895,44.7217097],[23.7252318,44.7272541],[23.7234662,44.7284649],[23.7216991,44.729673]]]}},{"type":"Feature","properties":{"entity_id":"osm-r9695099","jurisdiction":"RO","display_name":"RAST","display_type":"commune","admin_level":8,"tier":"local","legal_registry":"SIRUTA","legal_id":"73905","legal_type":"commune","parent_catalog_id":"osm-r2366970","osm_relation_id":9695099,"legal_identity_status":"reconciled","geometry_source":"OpenStreetMap","geometry_precision":"master_coordinate_fidelity"},"geometry":{"type":"Polygon","coordinates":[[[23.2593395,43.9563589],[23.2569358,43.9433515],[23.2557112,43.9372338],[23.2548731,43.9324888],[23.2548644,43.9319563],[23.2541343,43.9294144],[23.2527063,43.9235243],[23.2512398,43.9178415],[23.2499349,43.9128066],[23.2494931,43.9126746],[23.2494197,43.9124939],[23.2496857,43.9122511],[23.2496779,43.9121875],[23.2507753,43.911825],[23.2482246,43.9068222],[23.2476371,43.907025],[23.2446345,43.9086252],[23.2419058,43.903165],[23.2418323,43.9029805],[23.2415111,43.8993418],[23.2412058,43.8940704],[23.2359078,43.8945424],[23.2350783,43.8853035],[23.2404282,43.8847052],[23.2389138,43.8693793],[23.2389616,43.8684596],[23.245341,43.8388128],[23.2506108,43.8418244],[23.2559698,43.8438584],[23.2601589,43.8451456],[23.2642208,43.8459162],[23.2704972,43.8463405],[23.2870322,43.8464792],[23.2978524,43.8474523],[23.3060574,43.848417],[23.3160657,43.8498848],[23.3252889,43.8515776],[23.33606,43.8526843],[23.3409476,43.8531443],[23.3461618,43.8530283],[23.3509858,43.852799],[23.3404512,43.8800562],[23.334525,43.8975898],[23.3314418,43.8969939],[23.3302419,43.903324],[23.3251418,43.9013456],[23.325929,43.9085211],[23.3208229,43.9071874],[23.3188842,43.9067295],[23.3203475,43.9139989],[23.32173,43.9202748],[23.3265642,43.9430337],[23.3275583,43.9473194],[23.3161116,43.9486513],[23.314792,43.948858],[23.3117557,43.9493619],[23.3086658,43.9497327],[23.2959438,43.9514894],[23.2852376,43.9529588],[23.2834192,43.9533328],[23.2766096,43.954161],[23.2593395,43.9563589]]]}},{"type":"Feature","properties":{"entity_id":"osm-r9695100","jurisdiction":"RO","display_name":"NEGOI","display_type":"commune","admin_level":8,"tier":"local","legal_registry":"SIRUTA","legal_id":"73460","legal_type":"commune","parent_catalog_id":"osm-r2366970","osm_relation_id":9695100,"legal_identity_status":"reconciled","geometry_source":"OpenStreetMap","geometry_precision":"master_coordinate_fidelity"},"geometry":{"type":"Polygon","coordinates":[[[23.3275583,43.9473194],[23.3265642,43.9430337],[23.32173,43.9202748],[23.3203475,43.9139989],[23.3188842,43.9067295],[23.3208229,43.9071874],[23.325929,43.9085211],[23.3251418,43.9013456],[23.3302419,43.903324],[23.3314418,43.8969939],[23.334525,43.8975898],[23.3404512,43.8800562],[23.3509858,43.852799],[23.3533501,43.8528271],[23.3550775,43.852626],[23.3565366,43.852332],[23.3574878,43.8520328],[23.3655294,43.8500123],[23.3701622,43.8493687],[23.3751957,43.8490268],[23.3778916,43.8489905],[23.3824575,43.8492769],[23.390708,43.8502507],[23.3905115,43.8702439],[23.3902243,43.8762384],[23.3902821,43.8810249],[23.3900774,43.8852679],[23.3902155,43.8890943],[23.3900654,43.896614],[23.3907479,43.902958],[23.3908716,43.9052963],[23.3910901,43.9063806],[23.3916229,43.9124503],[23.3917304,43.9128127],[23.3919601,43.9146098],[23.3925631,43.9170142],[23.3927129,43.9187653],[23.3930248,43.9204203],[23.3934814,43.923515],[23.3950083,43.9317535],[23.3966514,43.941827],[23.3980868,43.9498327],[23.3940914,43.950203],[23.3921411,43.9503042],[23.3815746,43.9511586],[23.3814227,43.9496231],[23.380736,43.9456914],[23.3805,43.9442159],[23.3801584,43.9419118],[23.370633,43.9427517],[23.3640303,43.9433818],[23.3557773,43.9440944],[23.3549644,43.9442725],[23.347701,43.945036],[23.3413478,43.945711],[23.3309295,43.9469249],[23.3275583,43.9473194]]]}},{"type":"Feature","properties":{"entity_id":"osm-r9695101","jurisdiction":"RO","display_name":"CERĂT","display_type":"commune","admin_level":8,"tier":"local","legal_registry":"SIRUTA","legal_id":"71698","legal_type":"commune","parent_catalog_id":"osm-r2366970","osm_relation_id":9695101,"legal_identity_status":"reconciled","geometry_source":"OpenStreetMap","geometry_precision":"master_coordinate_fidelity"},"geometry":{"type":"Polygon","coordinates":[[[23.6152267,44.0666697],[23.616298,44.0666516],[23.6162588,44.054934],[23.6152444,44.0409788],[23.6150641,44.0384974],[23.615107,44.0384422],[23.6156078,44.0386091],[23.6161445,44.0389958],[23.6165678,44.0388988],[23.6167365,44.0385537],[23.616919,44.038457],[23.6172802,44.0383985],[23.6174021,44.0385212],[23.6173304,44.038812],[23.6174512,44.0390469],[23.6181253,44.0389685],[23.6185027,44.0387428],[23.6187446,44.0387257],[23.6188109,44.038748],[23.6188029,44.0388899],[23.6200177,44.0393064],[23.6206168,44.0390235],[23.6237267,44.0390617],[23.6237148,44.0369616],[23.6318963,44.0359245],[23.6392111,44.0341136],[23.6396311,44.0341778],[23.6447529,44.0369981],[23.645164,44.0367463],[23.6493363,44.039185],[23.648944,44.0395617],[23.6576031,44.0443889],[23.6690106,44.0505991],[23.6819286,44.0388436],[23.6947817,44.0368932],[23.695258,44.0391953],[23.7047816,44.0381917],[23.7054454,44.0406718],[23.7111119,44.0400686],[23.7142738,44.0552865],[23.7165934,44.0548185],[23.7182106,44.0531736],[23.7200681,44.0539536],[23.7206958,44.0544747],[23.7220943,44.055974],[23.7232317,44.0622209],[23.7238914,44.0632544],[23.7216284,44.0646544],[23.7205888,44.0654637],[23.7194702,44.0660067],[23.7182092,44.0669808],[23.7170992,44.0684234],[23.7164363,44.0698159],[23.7149541,44.070533],[23.7136758,44.0709884],[23.7109834,44.0737489],[23.710941,44.073892],[23.7014784,44.0689591],[23.6972803,44.0738202],[23.6962141,44.0733549],[23.6960891,44.0735087],[23.7000517,44.0805429],[23.6992075,44.0816619],[23.6844821,44.0880845],[23.6717354,44.0938972],[23.6690944,44.0951905],[23.6713239,44.1014326],[23.6638326,44.102944],[23.6646583,44.1051414],[23.6644194,44.1051863],[23.6652657,44.1074396],[23.6608389,44.108347],[23.6624349,44.1126866],[23.6562201,44.113868],[23.653321,44.1050334],[23.6539606,44.1049552],[23.6530118,44.1026993],[23.6582734,44.1016238],[23.6576117,44.0994695],[23.6580503,44.0993049],[23.6571317,44.0964737],[23.6558214,44.0963755],[23.6547763,44.0956548],[23.6547904,44.0956069],[23.6519803,44.0947941],[23.6437759,44.0936719],[23.6421897,44.0936528],[23.6426373,44.092683],[23.6388995,44.0893641],[23.6303877,44.0820124],[23.6241388,44.0758773],[23.6152267,44.0666697]]]}},{"type":"Feature","properties":{"entity_id":"osm-r9695102","jurisdiction":"RO","display_name":"LIPOVU","display_type":"commune","admin_level":8,"tier":"local","legal_registry":"SIRUTA","legal_id":"72953","legal_type":"commune","parent_catalog_id":"osm-r2366970","osm_relation_id":9695102,"legal_identity_status":"reconciled","geometry_source":"OpenStreetMap","geometry_precision":"master_coordinate_fidelity"},"geometry":{"type":"Polygon","coordinates":[[[23.5615439,44.0739466],[23.5615463,44.0737617],[23.5686777,44.0736952],[23.5773979,44.0735244],[23.5847326,44.0734794],[23.5849016,44.0673095],[23.6092951,44.0668281],[23.6152267,44.0666697],[23.6241388,44.0758773],[23.6303877,44.0820124],[23.6388995,44.0893641],[23.6426373,44.092683],[23.6421897,44.0936528],[23.6437759,44.0936719],[23.6519803,44.0947941],[23.6547904,44.0956069],[23.6547763,44.0956548],[23.6558214,44.0963755],[23.6571317,44.0964737],[23.6580503,44.0993049],[23.6576117,44.0994695],[23.6582734,44.1016238],[23.6530118,44.1026993],[23.6539606,44.1049552],[23.653321,44.1050334],[23.6562201,44.113868],[23.6624349,44.1126866],[23.6683939,44.111535],[23.6715784,44.1196225],[23.6715885,44.1196445],[23.6587452,44.1181975],[23.6617392,44.1254521],[23.6457004,44.1284992],[23.6507113,44.1373535],[23.6470574,44.1493041],[23.6463129,44.1521384],[23.6457889,44.1548311],[23.645567,44.1552575],[23.6417382,44.1531891],[23.6417082,44.1529598],[23.6408455,44.1528349],[23.640444,44.1526265],[23.6393219,44.1522568],[23.6383957,44.1518258],[23.6359974,44.1508809],[23.6345818,44.1502277],[23.6340905,44.1500818],[23.6322702,44.1493601],[23.6286159,44.147751],[23.6272141,44.1472632],[23.6267606,44.147016],[23.6248354,44.1462547],[23.6227032,44.1452873],[23.6219675,44.1450239],[23.6187866,44.1435857],[23.6163893,44.1426276],[23.6151257,44.1422813],[23.6146709,44.1420976],[23.6107279,44.1400392],[23.6108704,44.139329],[23.6107209,44.1392351],[23.610449,44.1388346],[23.6104047,44.1384477],[23.6015973,44.1339849],[23.5974274,44.1317289],[23.6008358,44.1296814],[23.5973418,44.1259162],[23.5955871,44.1244444],[23.5957759,44.1242805],[23.5966205,44.1237523],[23.5972581,44.1227112],[23.5982452,44.1215453],[23.5984302,44.1212359],[23.598153,44.1207075],[23.5976211,44.1191341],[23.597022,44.1189152],[23.5958303,44.1182164],[23.5961905,44.1175991],[23.5987915,44.1156917],[23.5996217,44.1142107],[23.5985952,44.1131693],[23.5971956,44.1115562],[23.5951065,44.1094271],[23.5926682,44.1070492],[23.5895287,44.1036746],[23.5881101,44.1020175],[23.5863443,44.1000688],[23.5822097,44.0957568],[23.5758792,44.0888113],[23.5742076,44.0871775],[23.5679271,44.0805488],[23.5664159,44.0790474],[23.5646244,44.079248],[23.5629244,44.0795566],[23.5621724,44.0795727],[23.5615763,44.0797654],[23.5615016,44.0766921],[23.5615398,44.07411],[23.5615439,44.0739466]]]}},{"type":"Feature","properties":{"entity_id":"osm-r9695103","jurisdiction":"RO","display_name":"SILIȘTEA CRUCII","display_type":"commune","admin_level":8,"tier":"local","legal_registry":"SIRUTA","legal_id":"74224","legal_type":"commune","parent_catalog_id":"osm-r2366970","osm_relation_id":9695103,"legal_identity_status":"reconciled","geometry_source":"OpenStreetMap","geometry_precision":"master_coordinate_fidelity"},"geometry":{"type":"Polygon","coordinates":[[[23.5399989,44.0741586],[23.5397608,44.0741598],[23.5344155,44.0742346],[23.5299695,44.0742213],[23.5275805,44.0742932],[23.5260158,44.0742727],[23.5241925,44.0743076],[23.524197,44.0741061],[23.5134311,44.0742956],[23.5125748,44.0742309],[23.5086357,44.0743019],[23.5079741,44.0742766],[23.5070513,44.0743277],[23.4709156,44.0747463],[23.4708433,44.0730669],[23.4708749,44.0710484],[23.4670027,44.0712056],[23.4671013,44.0690431],[23.4670918,44.066215],[23.4630969,44.0663265],[23.4623312,44.0662531],[23.4601007,44.0661495],[23.4572574,44.0661256],[23.4557074,44.0660213],[23.4545148,44.0659898],[23.4514901,44.0660991],[23.4507449,44.0661693],[23.4473754,44.0660764],[23.4477134,44.0525398],[23.4445426,44.054842],[23.4426066,44.056381],[23.4416935,44.0570154],[23.4406562,44.0573883],[23.4379967,44.0514697],[23.4378667,44.0511803],[23.4374958,44.0506503],[23.4370711,44.0500432],[23.4364402,44.0491416],[23.4359891,44.0494398],[23.4355978,44.0495319],[23.4327363,44.049492],[23.4275165,44.0495448],[23.4244348,44.0495016],[23.4170889,44.0495036],[23.4166825,44.0327044],[23.4310074,44.0326084],[23.4366252,44.0325179],[23.436614,44.0329343],[23.439545,44.0328808],[23.4420934,44.0328343],[23.4421585,44.0324872],[23.4455632,44.0324436],[23.4456435,44.0294232],[23.4539373,44.029594],[23.4542634,44.022603],[23.4604236,44.0263665],[23.4622308,44.027713],[23.464412,44.026809],[23.4649732,44.0266389],[23.4653833,44.0263993],[23.4662754,44.0260691],[23.4678007,44.0253963],[23.4760286,44.0222445],[23.4807266,44.0199494],[23.4833113,44.0220778],[23.4872996,44.0252479],[23.489368,44.0267845],[23.4915766,44.0285393],[23.4937418,44.0299843],[23.4951788,44.0310918],[23.4958377,44.0317993],[23.4969691,44.0317959],[23.4976747,44.0317903],[23.4976714,44.0319167],[23.506081,44.0318109],[23.509659,44.0318132],[23.5095403,44.03412],[23.5095076,44.0405595],[23.5095578,44.0562264],[23.540066,44.0557896],[23.5399677,44.0570823],[23.5399263,44.0592015],[23.5399382,44.0604177],[23.5399945,44.0605351],[23.5399495,44.0650866],[23.5399989,44.0741586]]]}},{"type":"Feature","properties":{"entity_id":"osm-r9695104","jurisdiction":"RO","display_name":"AFUMAȚI","display_type":"commune","admin_level":8,"tier":"local","legal_registry":"SIRUTA","legal_id":"70520","legal_type":"commune","parent_catalog_id":"osm-r2366970","osm_relation_id":9695104,"legal_identity_status":"reconciled","geometry_source":"OpenStreetMap","geometry_precision":"master_coordinate_fidelity"},"geometry":{"type":"Polygon","coordinates":[[[23.4023826,44.0572007],[23.4021703,44.0520982],[23.4019932,44.0470216],[23.4020999,44.0450327],[23.4020002,44.0419404],[23.3980627,44.0420336],[23.3978399,44.0329514],[23.4037039,44.0328932],[23.4034912,44.0282805],[23.4034143,44.0251622],[23.4033897,44.0225186],[23.403366,44.0216651],[23.4033062,44.0212573],[23.4031939,44.0184325],[23.4028097,44.0103907],[23.4027305,44.0083778],[23.4025871,44.0035979],[23.4023857,43.997762],[23.4022912,43.9941987],[23.4023582,43.9932038],[23.4023343,43.9924894],[23.4022912,43.989431],[23.4011526,43.9896792],[23.3935132,43.9914253],[23.3925084,43.9916619],[23.3918315,43.991806],[23.39047,43.992167],[23.3903347,43.9915852],[23.3903282,43.9915364],[23.3898296,43.9892485],[23.3889259,43.9859746],[23.3884588,43.9839437],[23.3873251,43.9792217],[23.3849613,43.9698943],[23.3842401,43.9668699],[23.3838836,43.965641],[23.3835763,43.963739],[23.3835282,43.9633627],[23.383434,43.9628134],[23.3833958,43.9624469],[23.383303,43.9617777],[23.3832118,43.961302],[23.383077,43.9604503],[23.3885061,43.9598921],[23.3993257,43.9588716],[23.4057552,43.9581899],[23.4153983,43.9572525],[23.4210447,43.9566451],[23.4244364,43.9563583],[23.4298564,43.9557863],[23.4300593,43.9566041],[23.4302273,43.9577071],[23.4308647,43.9590713],[23.4311984,43.9589915],[23.4313856,43.958884],[23.4329181,43.9583005],[23.4333921,43.9582195],[23.4346918,43.9582377],[23.4350988,43.958079],[23.4355717,43.957841],[23.4358135,43.9576459],[23.4358237,43.957263],[23.4359538,43.9571772],[23.4362433,43.9571074],[23.4369604,43.957062],[23.4374698,43.9569544],[23.4393409,43.9560341],[23.439622,43.9557229],[23.4399843,43.9549404],[23.4404188,43.9548095],[23.4410967,43.9552547],[23.4415564,43.9552611],[23.4417605,43.9551518],[23.4422033,43.9547098],[23.4424723,43.9545392],[23.4428838,43.954408],[23.4432875,43.9543596],[23.443745,43.9544448],[23.444252,43.9546179],[23.4444531,43.9546207],[23.4447662,43.9545171],[23.4452921,43.954229],[23.4460821,43.9543753],[23.4469377,43.9548981],[23.4475673,43.9557707],[23.4489751,43.9553193],[23.4486601,43.9538288],[23.44575,43.9434209],[23.4468211,43.9435712],[23.4506964,43.9439326],[23.4539384,43.9441604],[23.4677245,43.9454525],[23.4720858,43.9458177],[23.4725272,43.9484728],[23.4733378,43.9544691],[23.4737125,43.9581532],[23.4741714,43.9609047],[23.4747079,43.9636388],[23.4765556,43.9768402],[23.4769401,43.9788425],[23.4775942,43.9836495],[23.4778453,43.9850715],[23.4829413,43.9848923],[23.4975276,43.9842414],[23.4975567,43.9847135],[23.4974056,43.9905942],[23.4974244,43.9931325],[23.4973126,43.994496],[23.4973537,43.9945923],[23.507682,44.0099031],[23.5164937,44.0250038],[23.5150377,44.0254691],[23.507786,44.0281567],[23.503879,44.0293262],[23.4976747,44.0317903],[23.4969691,44.0317959],[23.4958377,44.0317993],[23.4951788,44.0310918],[23.4937418,44.0299843],[23.4915766,44.0285393],[23.489368,44.0267845],[23.4872996,44.0252479],[23.4833113,44.0220778],[23.4807266,44.0199494],[23.4760286,44.0222445],[23.4678007,44.0253963],[23.4662754,44.0260691],[23.4653833,44.0263993],[23.4649732,44.0266389],[23.464412,44.026809],[23.4622308,44.027713],[23.4604236,44.0263665],[23.4542634,44.022603],[23.4539373,44.029594],[23.4456435,44.0294232],[23.4455632,44.0324436],[23.4421585,44.0324872],[23.4420934,44.0328343],[23.439545,44.0328808],[23.436614,44.0329343],[23.4366252,44.0325179],[23.4310074,44.0326084],[23.4166825,44.0327044],[23.4170889,44.0495036],[23.4171572,44.0509106],[23.417174,44.0566743],[23.417008,44.0568757],[23.4167445,44.0570016],[23.4005749,44.0572314],[23.4023826,44.0572007]]]}},{"type":"Feature","properties":{"entity_id":"osm-r9695105","jurisdiction":"RO","display_name":"URZICUȚA","display_type":"commune","admin_level":8,"tier":"local","legal_registry":"SIRUTA","legal_id":"74554","legal_type":"commune","parent_catalog_id":"osm-r2366970","osm_relation_id":9695105,"legal_identity_status":"reconciled","geometry_source":"OpenStreetMap","geometry_precision":"master_coordinate_fidelity"},"geometry":{"type":"Polygon","coordinates":[[[23.4720858,43.9458177],[23.4889213,43.946931],[23.500425,43.9479671],[23.503982,43.9483437],[23.5063777,43.9486461],[23.5066627,43.9487532],[23.5082237,43.9490152],[23.50824,43.9491394],[23.5095761,43.9593256],[23.5099058,43.9619394],[23.5109133,43.9697439],[23.5226737,43.9726024],[23.5369547,43.9762324],[23.5371518,43.9763505],[23.5411517,43.9773852],[23.5417387,43.9775655],[23.5426012,43.977946],[23.5431915,43.9786481],[23.5451949,43.9808482],[23.5453256,43.9809846],[23.5451158,43.9809987],[23.5463849,43.9824116],[23.5484979,43.9847455],[23.5486162,43.9852363],[23.5487811,43.9854633],[23.549173,43.9854248],[23.5492458,43.9855216],[23.5494798,43.9858995],[23.5514988,43.9880759],[23.5678766,43.9924849],[23.5681251,43.9924983],[23.5695815,43.9940925],[23.5723207,43.997229],[23.5787895,43.9953406],[23.5830585,43.9940597],[23.588389,43.9925053],[23.5904849,43.99224],[23.5929862,43.9918906],[23.6007188,43.9909322],[23.6016247,43.9908733],[23.6018131,43.9909593],[23.6021633,43.9910988],[23.6024505,43.9912659],[23.6024804,43.9913687],[23.6023961,43.9914581],[23.6022512,43.991532],[23.6021666,43.9915152],[23.6019598,43.9914222],[23.6018479,43.991378],[23.6017617,43.9914095],[23.601473,43.9917888],[23.6013883,43.991856],[23.6013884,43.9919002],[23.6014983,43.9919922],[23.6017358,43.991984],[23.6019078,43.991987],[23.6021868,43.9920038],[23.6025888,43.9921331],[23.6027587,43.9923045],[23.6028492,43.992481],[23.6028612,43.9925594],[23.6027806,43.9925969],[23.6026692,43.9926161],[23.6024476,43.992517],[23.6022332,43.992377],[23.6020297,43.9925504],[23.6018034,43.9927834],[23.6016006,43.9930245],[23.6015125,43.9930792],[23.6013049,43.993031],[23.6011232,43.9929813],[23.6010238,43.9930062],[23.6009619,43.9931425],[23.6008869,43.9933378],[23.6007313,43.9934409],[23.600677,43.9935794],[23.6007243,43.9936578],[23.6008256,43.9937403],[23.6006705,43.9940358],[23.6003982,43.9941417],[23.6002044,43.9940593],[23.6000055,43.9941439],[23.5998699,43.9943208],[23.5997304,43.9947308],[23.5995541,43.9949503],[23.5990322,43.9952395],[23.5988657,43.9953516],[23.5987175,43.9953839],[23.598704,43.9955676],[23.5984299,43.9958768],[23.5982792,43.9959989],[23.5982176,43.9960968],[23.5982305,43.9963413],[23.5981263,43.9967006],[23.5978599,43.9969201],[23.5974882,43.9969314],[23.597511,43.9972058],[23.5976874,43.9973646],[23.5979275,43.9973225],[23.5981672,43.997084],[23.5984506,43.9971327],[23.5985146,43.9973048],[23.5984108,43.9974169],[23.5985072,43.9975247],[23.5986387,43.9975832],[23.5988388,43.9976637],[23.5989268,43.9978172],[23.5988555,43.9979815],[23.5988817,43.9981155],[23.5989949,43.9984382],[23.5989916,43.9985773],[23.5990176,43.998719],[23.5992196,43.9989066],[23.5992721,43.9990575],[23.599413,43.9990699],[23.5995425,43.9990485],[23.5996408,43.9991112],[23.599635,43.9992254],[23.5996651,43.99933],[23.5997893,43.9995275],[23.6000019,43.9996647],[23.6002955,43.9996216],[23.6004859,43.9995817],[23.6006805,43.9996747],[23.6007955,43.9997446],[23.6008457,43.9997832],[23.6008206,43.9998623],[23.6007504,43.9999464],[23.60067,44.000065],[23.6003861,44.0001993],[23.6002492,44.0001562],[23.6000212,44.000159],[23.5998313,44.0001286],[23.5995691,44.0001839],[23.5995038,44.000259],[23.5994043,44.0004595],[23.5993124,44.0006037],[23.5993009,44.0006967],[23.5994493,44.0008193],[23.5996324,44.0008998],[23.5998102,44.0010086],[23.5999703,44.0010249],[23.5995673,44.0013541],[23.5989724,44.001509],[23.5989672,44.0018806],[23.5994589,44.0021747],[23.5994015,44.0023746],[23.599083,44.0023354],[23.5988562,44.0022349],[23.5985891,44.0022963],[23.5984429,44.0024252],[23.598725,44.0026471],[23.5990046,44.0027938],[23.5988606,44.0031457],[23.5986424,44.0033445],[23.5986845,44.0035528],[23.5993589,44.0036641],[23.5997334,44.003819],[23.5996018,44.0040527],[23.5994351,44.0041714],[23.5986717,44.0041876],[23.5984626,44.0042461],[23.5982954,44.0043821],[23.598263,44.0044783],[23.5983029,44.0045242],[23.5986636,44.0045287],[23.5991098,44.0046131],[23.5993774,44.0047348],[23.5995795,44.0053246],[23.5996943,44.0054154],[23.6001284,44.0054208],[23.6003124,44.0055335],[23.6008449,44.0056267],[23.600928,44.0057349],[23.6007946,44.0060575],[23.6006427,44.0062266],[23.6004061,44.0063303],[23.5999768,44.0063097],[23.5997027,44.0062191],[23.5994649,44.0063505],[23.5992943,44.0063484],[23.5990732,44.006421],[23.5988461,44.006643],[23.5992067,44.0070383],[23.5992328,44.0070983],[23.5991077,44.0072431],[23.5995126,44.0075843],[23.5998685,44.00767],[23.6001176,44.0077944],[23.6001504,44.0078955],[23.6000546,44.0080782],[23.6001087,44.0081857],[23.5993552,44.0083691],[23.5993034,44.0086335],[23.6002188,44.0092826],[23.6002611,44.0095033],[23.6000964,44.0097771],[23.5999476,44.0102911],[23.5998255,44.0104373],[23.5991675,44.0103237],[23.5990351,44.0103566],[23.5987514,44.010607],[23.5984525,44.0109749],[23.5984932,44.0113666],[23.5986209,44.0115046],[23.5986591,44.0117288],[23.5988788,44.0121413],[23.5986375,44.0124638],[23.5986359,44.0125306],[23.5987308,44.0126045],[23.5985805,44.0128275],[23.5987065,44.0130119],[23.5985584,44.0131277],[23.5982944,44.0131556],[23.5982276,44.0134514],[23.5979257,44.013792],[23.5979182,44.014106],[23.5983871,44.015006],[23.59847,44.015269],[23.5988407,44.0156079],[23.6005705,44.0160605],[23.6013751,44.0163959],[23.601431,44.0166401],[23.6013775,44.0168574],[23.6009986,44.0172015],[23.6006603,44.0173716],[23.5999192,44.0175338],[23.599794,44.0177382],[23.599806,44.0178488],[23.6002108,44.0183821],[23.600666,44.0186119],[23.6010048,44.0188694],[23.6011802,44.0192671],[23.6011247,44.0193935],[23.6009041,44.0195735],[23.6008355,44.0197183],[23.6008679,44.0199127],[23.6009638,44.0200387],[23.6012353,44.0201825],[23.6012766,44.0203948],[23.6011994,44.0204996],[23.6010226,44.0205668],[23.6005257,44.0203697],[23.6003025,44.0203669],[23.600038,44.0203636],[23.5995547,44.0204642],[23.5994462,44.0205471],[23.5992926,44.020793],[23.5992904,44.0208847],[23.5996578,44.0208893],[23.5998491,44.0207925],[23.5999596,44.0206261],[23.6000246,44.0206269],[23.6003292,44.0210907],[23.6005264,44.0212065],[23.6004107,44.0212654],[23.6002839,44.0212638],[23.5999192,44.0211681],[23.59949,44.0213117],[23.5993244,44.0214546],[23.5993208,44.0216031],[23.5997342,44.0218168],[23.5995758,44.0220473],[23.5994286,44.0225786],[23.5994597,44.0226574],[23.5995892,44.0227747],[23.5999405,44.0228931],[23.6002086,44.0230664],[23.6003916,44.0232568],[23.6003535,44.0234147],[23.6000745,44.0239211],[23.599865,44.0240369],[23.599676,44.0241007],[23.5993369,44.024133],[23.5989952,44.0240734],[23.598796,44.0240948],[23.5983438,44.0250525],[23.5981769,44.025539],[23.5978845,44.0258022],[23.5979304,44.0259212],[23.5980213,44.0259853],[23.5982434,44.0260325],[23.5985392,44.0260029],[23.5987538,44.0258279],[23.5989572,44.0257989],[23.5994316,44.0259196],[23.5997603,44.0260569],[23.599865,44.0262255],[23.5998621,44.0263457],[23.5993374,44.0264698],[23.5991198,44.0267134],[23.5992002,44.0268851],[23.6001515,44.0270249],[23.6003191,44.0271413],[23.6003156,44.0272848],[23.600496,44.0275766],[23.6003935,44.027675],[23.600433,44.0277928],[23.6005833,44.0279344],[23.6016214,44.0284789],[23.6017763,44.0285039],[23.6021678,44.0287778],[23.6025887,44.0289033],[23.6025765,44.0294165],[23.6027866,44.029521],[23.6030563,44.0295053],[23.6032176,44.0294503],[23.6033901,44.0294823],[23.6041043,44.0299427],[23.6043519,44.0299668],[23.6047534,44.0296664],[23.6048919,44.0296368],[23.6054678,44.0297433],[23.6056213,44.0297004],[23.6059185,44.0293936],[23.6060753,44.0294188],[23.6064017,44.0297824],[23.6065406,44.030117],[23.604826,44.0303029],[23.6028757,44.0305143],[23.6012954,44.0305609],[23.5554413,44.0311119],[23.5554844,44.0389281],[23.5553442,44.0556055],[23.5540911,44.0555894],[23.5497915,44.0556788],[23.5433535,44.0557387],[23.540066,44.0557896],[23.5095578,44.0562264],[23.5095076,44.0405595],[23.5095403,44.03412],[23.509659,44.0318132],[23.506081,44.0318109],[23.4976714,44.0319167],[23.4976747,44.0317903],[23.503879,44.0293262],[23.507786,44.0281567],[23.5150377,44.0254691],[23.5164937,44.0250038],[23.507682,44.0099031],[23.4973537,43.9945923],[23.4973126,43.994496],[23.4974244,43.9931325],[23.4974056,43.9905942],[23.4975567,43.9847135],[23.4975276,43.9842414],[23.4829413,43.9848923],[23.4778453,43.9850715],[23.4775942,43.9836495],[23.4769401,43.9788425],[23.4765556,43.9768402],[23.4747079,43.9636388],[23.4741714,43.9609047],[23.4737125,43.9581532],[23.4733378,43.9544691],[23.4725272,43.9484728],[23.4720858,43.9458177]]]}},{"type":"Feature","properties":{"entity_id":"osm-r9695106","jurisdiction":"RO","display_name":"CATANE","display_type":"commune","admin_level":8,"tier":"local","legal_registry":"SIRUTA","legal_id":"74842","legal_type":"commune","parent_catalog_id":"osm-r2366970","osm_relation_id":9695106,"legal_identity_status":"reconciled","geometry_source":"OpenStreetMap","geometry_precision":"master_coordinate_fidelity"},"geometry":{"type":"Polygon","coordinates":[[[23.3815746,43.9511586],[23.3921411,43.9503042],[23.3940914,43.950203],[23.3980868,43.9498327],[23.3966514,43.941827],[23.3950083,43.9317535],[23.3934814,43.923515],[23.3930248,43.9204203],[23.3927129,43.9187653],[23.3925631,43.9170142],[23.3919601,43.9146098],[23.3917304,43.9128127],[23.3916229,43.9124503],[23.3910901,43.9063806],[23.3908716,43.9052963],[23.3907479,43.902958],[23.3900654,43.896614],[23.3902155,43.8890943],[23.3900774,43.8852679],[23.3902821,43.8810249],[23.3902243,43.8762384],[23.3905115,43.8702439],[23.390708,43.8502507],[23.3987604,43.8510916],[23.406165,43.8518564],[23.4167596,43.8527463],[23.4224438,43.8537787],[23.4272933,43.8540263],[23.4340951,43.8526722],[23.4343679,43.854559],[23.4339337,43.8559307],[23.4321022,43.8571315],[23.4303263,43.8578182],[23.4290492,43.8578458],[23.42869,43.857977],[23.4285435,43.8585889],[23.4285584,43.859535],[23.428707,43.8607704],[23.4299548,43.8647764],[23.4304759,43.8667527],[23.431092,43.8684921],[23.4319871,43.8734999],[23.4324196,43.875611],[23.4336061,43.8802755],[23.4339198,43.8811817],[23.4351668,43.884233],[23.4353321,43.8845151],[23.4356319,43.8846792],[23.4359969,43.8851344],[23.4363831,43.8858109],[23.4363094,43.8865757],[23.4361656,43.8868017],[23.4361958,43.8887982],[23.4363396,43.890006],[23.4368579,43.8920151],[23.4376249,43.8960072],[23.4391414,43.8997007],[23.4393782,43.9004763],[23.4404415,43.9032119],[23.4411003,43.9052146],[23.4437624,43.9120968],[23.4440556,43.9126802],[23.4445566,43.9153042],[23.4448142,43.916653],[23.4506489,43.9342166],[23.4536041,43.9427226],[23.4540179,43.9440413],[23.4539384,43.9441604],[23.4506964,43.9439326],[23.4468211,43.9435712],[23.44575,43.9434209],[23.4486601,43.9538288],[23.4489751,43.9553193],[23.4475673,43.9557707],[23.4469377,43.9548981],[23.4460821,43.9543753],[23.4452921,43.954229],[23.4447662,43.9545171],[23.4444531,43.9546207],[23.444252,43.9546179],[23.443745,43.9544448],[23.4432875,43.9543596],[23.4428838,43.954408],[23.4424723,43.9545392],[23.4422033,43.9547098],[23.4417605,43.9551518],[23.4415564,43.9552611],[23.4410967,43.9552547],[23.4404188,43.9548095],[23.4399843,43.9549404],[23.439622,43.9557229],[23.4393409,43.9560341],[23.4374698,43.9569544],[23.4369604,43.957062],[23.4362433,43.9571074],[23.4359538,43.9571772],[23.4358237,43.957263],[23.4358135,43.9576459],[23.4355717,43.957841],[23.4350988,43.958079],[23.4346918,43.9582377],[23.4333921,43.9582195],[23.4329181,43.9583005],[23.4313856,43.958884],[23.4311984,43.9589915],[23.4308647,43.9590713],[23.4302273,43.9577071],[23.4300593,43.9566041],[23.4298564,43.9557863],[23.4244364,43.9563583],[23.4210447,43.9566451],[23.4153983,43.9572525],[23.4057552,43.9581899],[23.3993257,43.9588716],[23.3885061,43.9598921],[23.383077,43.9604503],[23.3825395,43.9579312],[23.3820639,43.9546671],[23.381671,43.9520352],[23.3815746,43.9511586]]]}},{"type":"Feature","properties":{"entity_id":"osm-r9695107","jurisdiction":"RO","display_name":"BISTREȚ","display_type":"commune","admin_level":8,"tier":"local","legal_registry":"SIRUTA","legal_id":"70897","legal_type":"commune","parent_catalog_id":"osm-r2366970","osm_relation_id":9695107,"legal_identity_status":"reconciled","geometry_source":"OpenStreetMap","geometry_precision":"master_coordinate_fidelity"},"geometry":{"type":"Polygon","coordinates":[[[23.4720858,43.9458177],[23.4677245,43.9454525],[23.4539384,43.9441604],[23.4540179,43.9440413],[23.4536041,43.9427226],[23.4506489,43.9342166],[23.4448142,43.916653],[23.4445566,43.9153042],[23.4440556,43.9126802],[23.4437624,43.9120968],[23.4411003,43.9052146],[23.4404415,43.9032119],[23.4393782,43.9004763],[23.4391414,43.8997007],[23.4376249,43.8960072],[23.4368579,43.8920151],[23.4363396,43.890006],[23.4361958,43.8887982],[23.4361656,43.8868017],[23.4363094,43.8865757],[23.4363831,43.8858109],[23.4359969,43.8851344],[23.4356319,43.8846792],[23.4353321,43.8845151],[23.4351668,43.884233],[23.4339198,43.8811817],[23.4336061,43.8802755],[23.4324196,43.875611],[23.4319871,43.8734999],[23.431092,43.8684921],[23.4304759,43.8667527],[23.4299548,43.8647764],[23.428707,43.8607704],[23.4285584,43.859535],[23.4285435,43.8585889],[23.42869,43.857977],[23.4290492,43.8578458],[23.4303263,43.8578182],[23.4321022,43.8571315],[23.4339337,43.8559307],[23.4343679,43.854559],[23.4340951,43.8526722],[23.4452027,43.8499908],[23.4525002,43.8478326],[23.4664778,43.8431444],[23.4681277,43.8426758],[23.4776579,43.8400245],[23.4841988,43.8381283],[23.496515,43.839016],[23.507697,43.838437],[23.5112591,43.8377528],[23.5183162,43.8338873],[23.52812,43.826894],[23.541865,43.81785],[23.5469198,43.814959],[23.5491704,43.8174966],[23.5513513,43.8195111],[23.5520635,43.823393],[23.5561704,43.8292745],[23.5626192,43.8378391],[23.5686051,43.8477194],[23.5712778,43.8515508],[23.576554,43.8597194],[23.5748614,43.8600953],[23.5743511,43.8601699],[23.5715158,43.8619495],[23.5661551,43.8654927],[23.5609347,43.8685275],[23.5763964,43.8846057],[23.5754355,43.8851329],[23.5745443,43.885909],[23.5737014,43.8870725],[23.5732745,43.8881141],[23.5732757,43.8901923],[23.5735452,43.8913122],[23.5741118,43.8923006],[23.5750667,43.8931908],[23.5765708,43.8940706],[23.5746196,43.8949272],[23.5736145,43.8952535],[23.571215,43.8957523],[23.5770837,43.9219389],[23.5783771,43.9284461],[23.5605103,43.9269953],[23.5605439,43.9270385],[23.5482818,43.9259518],[23.5384366,43.9251687],[23.5295688,43.924554],[23.524677,43.9242149],[23.5244818,43.9241537],[23.5160314,43.9234876],[23.5134807,43.9286136],[23.5096398,43.939142],[23.5063777,43.9486461],[23.503982,43.9483437],[23.500425,43.9479671],[23.4889213,43.946931],[23.4720858,43.9458177]]]}},{"type":"Feature","properties":{"entity_id":"osm-r9695108","jurisdiction":"RO","display_name":"CÂRNA","display_type":"commune","admin_level":8,"tier":"local","legal_registry":"SIRUTA","legal_id":"74867","legal_type":"commune","parent_catalog_id":"osm-r2366970","osm_relation_id":9695108,"legal_identity_status":"reconciled","geometry_source":"OpenStreetMap","geometry_precision":"master_coordinate_fidelity"},"geometry":{"type":"Polygon","coordinates":[[[23.5469198,43.814959],[23.552591,43.812607],[23.565288,43.808733],[23.579181,43.80595],[23.592171,43.802727],[23.599426,43.798544],[23.60438,43.795509],[23.6072138,43.7927404],[23.6142969,43.7918068],[23.6253905,43.7910943],[23.6281616,43.7913736],[23.6392414,43.793286],[23.6432257,43.7940164],[23.6398337,43.8065421],[23.641736,43.8315651],[23.6419191,43.8345371],[23.6433898,43.8378748],[23.6559527,43.8354299],[23.6678348,43.8748245],[23.6595268,43.8762459],[23.6602794,43.8785722],[23.6550846,43.8794989],[23.6466146,43.8809188],[23.6470719,43.8826946],[23.6487857,43.8824458],[23.6543707,43.8823487],[23.6548447,43.8848089],[23.6551251,43.8862635],[23.6551336,43.8863079],[23.6593854,43.8873443],[23.6607943,43.8873359],[23.6634562,43.8881079],[23.6643154,43.8929396],[23.6649926,43.8967472],[23.6654858,43.899425],[23.657667,43.9001583],[23.6553299,43.9004355],[23.6542016,43.9005492],[23.6504344,43.9008328],[23.6503645,43.9008398],[23.6481221,43.9010652],[23.6467221,43.9011961],[23.6466508,43.9012047],[23.6448374,43.9014246],[23.6446229,43.9014506],[23.643071,43.9016419],[23.6429593,43.9016552],[23.6426959,43.9016864],[23.6407878,43.9019128],[23.6387322,43.9021349],[23.6345829,43.9025298],[23.6317413,43.902787],[23.6289233,43.9030915],[23.6277109,43.9032184],[23.6276839,43.9032236],[23.627548,43.9032354],[23.6268202,43.9033023],[23.6262908,43.903351],[23.6258897,43.9033921],[23.625043,43.903479],[23.6248866,43.903495],[23.6246028,43.9035156],[23.6241735,43.9035467],[23.6236194,43.9035868],[23.6226853,43.9037082],[23.621357,43.9038309],[23.6175722,43.9042232],[23.6164962,43.9043351],[23.6161153,43.9043786],[23.6154394,43.9044372],[23.6122991,43.9047724],[23.6093253,43.9050573],[23.607012,43.9052908],[23.6054897,43.905534],[23.6043459,43.9040587],[23.6021802,43.9013249],[23.5999337,43.901106],[23.5994778,43.9009897],[23.5988332,43.9009164],[23.5968642,43.9006649],[23.5941009,43.9003275],[23.5916032,43.8999688],[23.5888455,43.8996126],[23.5834066,43.8988661],[23.5813907,43.8986246],[23.58102,43.8979028],[23.5807299,43.8968604],[23.5806082,43.8960989],[23.5800237,43.8956354],[23.5791984,43.8949916],[23.5780941,43.8942936],[23.5765708,43.8940706],[23.5750667,43.8931908],[23.5741118,43.8923006],[23.5735452,43.8913122],[23.5732757,43.8901923],[23.5732745,43.8881141],[23.5737014,43.8870725],[23.5745443,43.885909],[23.5754355,43.8851329],[23.5763964,43.8846057],[23.5609347,43.8685275],[23.5661551,43.8654927],[23.5715158,43.8619495],[23.5743511,43.8601699],[23.5748614,43.8600953],[23.576554,43.8597194],[23.5712778,43.8515508],[23.5686051,43.8477194],[23.5626192,43.8378391],[23.5561704,43.8292745],[23.5520635,43.823393],[23.5513513,43.8195111],[23.5491704,43.8174966],[23.5469198,43.814959]]]}},{"type":"Feature","properties":{"entity_id":"osm-r9695109","jurisdiction":"RO","display_name":"GOICEA","display_type":"commune","admin_level":8,"tier":"local","legal_registry":"SIRUTA","legal_id":"72640","legal_type":"commune","parent_catalog_id":"osm-r2366970","osm_relation_id":9695109,"legal_identity_status":"reconciled","geometry_source":"OpenStreetMap","geometry_precision":"master_coordinate_fidelity"},"geometry":{"type":"Polygon","coordinates":[[[23.6654858,43.899425],[23.6659368,43.9017293],[23.6686805,43.9162726],[23.6710265,43.9291859],[23.6711632,43.9293567],[23.6854409,43.9286242],[23.6866407,43.935594],[23.6893936,43.9499299],[23.6630793,43.9524242],[23.6625231,43.9522114],[23.6610463,43.9512095],[23.659978,43.9505563],[23.6598105,43.9506583],[23.656669,43.9484719],[23.6541374,43.9505335],[23.651911,43.9508492],[23.6513984,43.9509504],[23.6513679,43.9508739],[23.6513622,43.9507866],[23.6436227,43.9516423],[23.6398231,43.9520764],[23.6362243,43.9524958],[23.6347299,43.9431452],[23.6235015,43.9444267],[23.6195426,43.9448936],[23.6129833,43.9455281],[23.6128262,43.9431745],[23.6117239,43.9431337],[23.6114146,43.9430947],[23.609495,43.9430316],[23.6084639,43.9429727],[23.6083195,43.9429161],[23.6082199,43.943071],[23.6079273,43.9430644],[23.6078384,43.9430572],[23.6072421,43.9430375],[23.6060165,43.943012],[23.5944225,43.9425967],[23.5941851,43.9511765],[23.5896168,43.9503157],[23.5764917,43.947866],[23.5748602,43.9529581],[23.5656976,43.9513198],[23.5617933,43.9504837],[23.5612132,43.9541296],[23.5610135,43.9555866],[23.5603507,43.9598676],[23.5602566,43.9602711],[23.5386807,43.9548764],[23.5372795,43.9545231],[23.5250612,43.9514656],[23.5236769,43.9511159],[23.520373,43.9502999],[23.5190723,43.9499949],[23.518443,43.9499421],[23.51343,43.9495437],[23.5104251,43.9492697],[23.5084091,43.9490302],[23.5082237,43.9490152],[23.5066627,43.9487532],[23.5063777,43.9486461],[23.5096398,43.939142],[23.5134807,43.9286136],[23.5160314,43.9234876],[23.5244818,43.9241537],[23.524677,43.9242149],[23.5295688,43.924554],[23.5384366,43.9251687],[23.5482818,43.9259518],[23.5605439,43.9270385],[23.5605103,43.9269953],[23.5783771,43.9284461],[23.5770837,43.9219389],[23.571215,43.8957523],[23.5736145,43.8952535],[23.5746196,43.8949272],[23.5765708,43.8940706],[23.5780941,43.8942936],[23.5791984,43.8949916],[23.5800237,43.8956354],[23.5806082,43.8960989],[23.5807299,43.8968604],[23.58102,43.8979028],[23.5813907,43.8986246],[23.5834066,43.8988661],[23.5888455,43.8996126],[23.5916032,43.8999688],[23.5941009,43.9003275],[23.5968642,43.9006649],[23.5988332,43.9009164],[23.5994778,43.9009897],[23.5999337,43.901106],[23.6021802,43.9013249],[23.6043459,43.9040587],[23.6054897,43.905534],[23.607012,43.9052908],[23.6093253,43.9050573],[23.6122991,43.9047724],[23.6154394,43.9044372],[23.6161153,43.9043786],[23.6164962,43.9043351],[23.6175722,43.9042232],[23.621357,43.9038309],[23.6226853,43.9037082],[23.6236194,43.9035868],[23.6241735,43.9035467],[23.6246028,43.9035156],[23.6248866,43.903495],[23.625043,43.903479],[23.6258897,43.9033921],[23.6262908,43.903351],[23.6268202,43.9033023],[23.627548,43.9032354],[23.6276839,43.9032236],[23.6277109,43.9032184],[23.6289233,43.9030915],[23.6317413,43.902787],[23.6345829,43.9025298],[23.6387322,43.9021349],[23.6407878,43.9019128],[23.6426959,43.9016864],[23.6429593,43.9016552],[23.643071,43.9016419],[23.6446229,43.9014506],[23.6448374,43.9014246],[23.6466508,43.9012047],[23.6467221,43.9011961],[23.6481221,43.9010652],[23.6503645,43.9008398],[23.6504344,43.9008328],[23.6542016,43.9005492],[23.6553299,43.9004355],[23.657667,43.9001583],[23.6654858,43.899425]]]}},{"type":"Feature","properties":{"entity_id":"osm-r9695110","jurisdiction":"RO","display_name":"BÂRCA","display_type":"commune","admin_level":8,"tier":"local","legal_registry":"SIRUTA","legal_id":"70940","legal_type":"commune","parent_catalog_id":"osm-r2366970","osm_relation_id":9695110,"legal_identity_status":"reconciled","geometry_source":"OpenStreetMap","geometry_precision":"master_coordinate_fidelity"},"geometry":{"type":"Polygon","coordinates":[[[23.7446331,43.9564806],[23.7455929,43.9617933],[23.7519037,43.9945575],[23.7340976,43.9968646],[23.7068928,43.9991695],[23.7056384,43.9928906],[23.6751076,43.9957348],[23.6522592,43.9980751],[23.6506864,43.9923936],[23.6224187,43.9956296],[23.6221285,43.9989309],[23.6141531,43.9996156],[23.5999703,44.0010249],[23.5998102,44.0010086],[23.5996324,44.0008998],[23.5994493,44.0008193],[23.5993009,44.0006967],[23.5993124,44.0006037],[23.5994043,44.0004595],[23.5995038,44.000259],[23.5995691,44.0001839],[23.5998313,44.0001286],[23.6000212,44.000159],[23.6002492,44.0001562],[23.6003861,44.0001993],[23.60067,44.000065],[23.6007504,43.9999464],[23.6008206,43.9998623],[23.6008457,43.9997832],[23.6007955,43.9997446],[23.6006805,43.9996747],[23.6004859,43.9995817],[23.6002955,43.9996216],[23.6000019,43.9996647],[23.5997893,43.9995275],[23.5996651,43.99933],[23.599635,43.9992254],[23.5996408,43.9991112],[23.5995425,43.9990485],[23.599413,43.9990699],[23.5992721,43.9990575],[23.5992196,43.9989066],[23.5990176,43.998719],[23.5989916,43.9985773],[23.5989949,43.9984382],[23.5988817,43.9981155],[23.5988555,43.9979815],[23.5989268,43.9978172],[23.5988388,43.9976637],[23.5986387,43.9975832],[23.5985072,43.9975247],[23.5984108,43.9974169],[23.5985146,43.9973048],[23.5984506,43.9971327],[23.5981672,43.997084],[23.5979275,43.9973225],[23.5976874,43.9973646],[23.597511,43.9972058],[23.5974882,43.9969314],[23.5978599,43.9969201],[23.5981263,43.9967006],[23.5982305,43.9963413],[23.5982176,43.9960968],[23.5982792,43.9959989],[23.5984299,43.9958768],[23.598704,43.9955676],[23.5987175,43.9953839],[23.5988657,43.9953516],[23.5990322,43.9952395],[23.5995541,43.9949503],[23.5997304,43.9947308],[23.5998699,43.9943208],[23.6000055,43.9941439],[23.6002044,43.9940593],[23.6003982,43.9941417],[23.6006705,43.9940358],[23.6008256,43.9937403],[23.6007243,43.9936578],[23.600677,43.9935794],[23.6007313,43.9934409],[23.6008869,43.9933378],[23.6009619,43.9931425],[23.6010238,43.9930062],[23.6011232,43.9929813],[23.6013049,43.993031],[23.6015125,43.9930792],[23.6016006,43.9930245],[23.6018034,43.9927834],[23.6020297,43.9925504],[23.6022332,43.992377],[23.6024476,43.992517],[23.6026692,43.9926161],[23.6027806,43.9925969],[23.6028612,43.9925594],[23.6028492,43.992481],[23.6027587,43.9923045],[23.6025888,43.9921331],[23.6021868,43.9920038],[23.6019078,43.991987],[23.6017358,43.991984],[23.6014983,43.9919922],[23.6013884,43.9919002],[23.6013883,43.991856],[23.601473,43.9917888],[23.6017617,43.9914095],[23.6018479,43.991378],[23.6019598,43.9914222],[23.6021666,43.9915152],[23.6022512,43.991532],[23.6023961,43.9914581],[23.6024804,43.9913687],[23.6024505,43.9912659],[23.6021633,43.9910988],[23.6018131,43.9909593],[23.6016247,43.9908733],[23.6007188,43.9909322],[23.5929862,43.9918906],[23.5904849,43.99224],[23.588389,43.9925053],[23.5830585,43.9940597],[23.5787895,43.9953406],[23.5723207,43.997229],[23.5695815,43.9940925],[23.5681251,43.9924983],[23.5678766,43.9924849],[23.5514988,43.9880759],[23.5494798,43.9858995],[23.5492458,43.9855216],[23.549173,43.9854248],[23.5487811,43.9854633],[23.5486162,43.9852363],[23.5484979,43.9847455],[23.5463849,43.9824116],[23.5451158,43.9809987],[23.5453256,43.9809846],[23.5451949,43.9808482],[23.5431915,43.9786481],[23.5426012,43.977946],[23.5417387,43.9775655],[23.5411517,43.9773852],[23.5371518,43.9763505],[23.5369547,43.9762324],[23.5226737,43.9726024],[23.5109133,43.9697439],[23.5099058,43.9619394],[23.5095761,43.9593256],[23.50824,43.9491394],[23.5082237,43.9490152],[23.5084091,43.9490302],[23.5104251,43.9492697],[23.51343,43.9495437],[23.518443,43.9499421],[23.5190723,43.9499949],[23.520373,43.9502999],[23.5236769,43.9511159],[23.5250612,43.9514656],[23.5372795,43.9545231],[23.5386807,43.9548764],[23.5602566,43.9602711],[23.5603507,43.9598676],[23.5610135,43.9555866],[23.5612132,43.9541296],[23.5617933,43.9504837],[23.5656976,43.9513198],[23.5748602,43.9529581],[23.5764917,43.947866],[23.5896168,43.9503157],[23.5941851,43.9511765],[23.5944225,43.9425967],[23.6060165,43.943012],[23.6072421,43.9430375],[23.6078384,43.9430572],[23.6079273,43.9430644],[23.6082199,43.943071],[23.6083195,43.9429161],[23.6084639,43.9429727],[23.609495,43.9430316],[23.6114146,43.9430947],[23.6117239,43.9431337],[23.6128262,43.9431745],[23.6129833,43.9455281],[23.6195426,43.9448936],[23.6235015,43.9444267],[23.6347299,43.9431452],[23.6362243,43.9524958],[23.6398231,43.9520764],[23.6436227,43.9516423],[23.6513622,43.9507866],[23.6513679,43.9508739],[23.6513984,43.9509504],[23.651911,43.9508492],[23.6541374,43.9505335],[23.656669,43.9484719],[23.6598105,43.9506583],[23.659978,43.9505563],[23.6610463,43.9512095],[23.6625231,43.9522114],[23.6630793,43.9524242],[23.6893936,43.9499299],[23.6974249,43.949144],[23.7168514,43.9473718],[23.7293238,43.946164],[23.7313008,43.95493],[23.7318366,43.9576705],[23.7446331,43.9564806]]]}},{"type":"Feature","properties":{"entity_id":"osm-r9695111","jurisdiction":"RO","display_name":"GIURGIȚA","display_type":"commune","admin_level":8,"tier":"local","legal_registry":"SIRUTA","legal_id":"72533","legal_type":"commune","parent_catalog_id":"osm-r2366970","osm_relation_id":9695111,"legal_identity_status":"reconciled","geometry_source":"OpenStreetMap","geometry_precision":"master_coordinate_fidelity"},"geometry":{"type":"Polygon","coordinates":[[[23.5399989,44.0741586],[23.5399495,44.0650866],[23.5399945,44.0605351],[23.5399382,44.0604177],[23.5399263,44.0592015],[23.5399677,44.0570823],[23.540066,44.0557896],[23.5433535,44.0557387],[23.5497915,44.0556788],[23.5540911,44.0555894],[23.5553442,44.0556055],[23.5554844,44.0389281],[23.5554413,44.0311119],[23.6012954,44.0305609],[23.6028757,44.0305143],[23.604826,44.0303029],[23.6065406,44.030117],[23.6064017,44.0297824],[23.6060753,44.0294188],[23.6059185,44.0293936],[23.6056213,44.0297004],[23.6054678,44.0297433],[23.6048919,44.0296368],[23.6047534,44.0296664],[23.6043519,44.0299668],[23.6041043,44.0299427],[23.6033901,44.0294823],[23.6032176,44.0294503],[23.6030563,44.0295053],[23.6027866,44.029521],[23.6025765,44.0294165],[23.6025887,44.0289033],[23.6021678,44.0287778],[23.6017763,44.0285039],[23.6016214,44.0284789],[23.6005833,44.0279344],[23.600433,44.0277928],[23.6003935,44.027675],[23.600496,44.0275766],[23.6003156,44.0272848],[23.6003191,44.0271413],[23.6001515,44.0270249],[23.5992002,44.0268851],[23.5991198,44.0267134],[23.5993374,44.0264698],[23.5998621,44.0263457],[23.599865,44.0262255],[23.5997603,44.0260569],[23.5994316,44.0259196],[23.5989572,44.0257989],[23.5987538,44.0258279],[23.5985392,44.0260029],[23.5982434,44.0260325],[23.5980213,44.0259853],[23.5979304,44.0259212],[23.5978845,44.0258022],[23.5981769,44.025539],[23.5983438,44.0250525],[23.598796,44.0240948],[23.5989952,44.0240734],[23.5993369,44.024133],[23.599676,44.0241007],[23.599865,44.0240369],[23.6000745,44.0239211],[23.6003535,44.0234147],[23.6003916,44.0232568],[23.6002086,44.0230664],[23.5999405,44.0228931],[23.5995892,44.0227747],[23.5994597,44.0226574],[23.5994286,44.0225786],[23.5995758,44.0220473],[23.5997342,44.0218168],[23.5993208,44.0216031],[23.5993244,44.0214546],[23.59949,44.0213117],[23.5999192,44.0211681],[23.6002839,44.0212638],[23.6004107,44.0212654],[23.6005264,44.0212065],[23.6003292,44.0210907],[23.6000246,44.0206269],[23.5999596,44.0206261],[23.5998491,44.0207925],[23.5996578,44.0208893],[23.5992904,44.0208847],[23.5992926,44.020793],[23.5994462,44.0205471],[23.5995547,44.0204642],[23.600038,44.0203636],[23.6003025,44.0203669],[23.6005257,44.0203697],[23.6010226,44.0205668],[23.6011994,44.0204996],[23.6012766,44.0203948],[23.6012353,44.0201825],[23.6009638,44.0200387],[23.6008679,44.0199127],[23.6008355,44.0197183],[23.6009041,44.0195735],[23.6011247,44.0193935],[23.6011802,44.0192671],[23.6010048,44.0188694],[23.600666,44.0186119],[23.6002108,44.0183821],[23.599806,44.0178488],[23.599794,44.0177382],[23.5999192,44.0175338],[23.6006603,44.0173716],[23.6009986,44.0172015],[23.6013775,44.0168574],[23.601431,44.0166401],[23.6013751,44.0163959],[23.6005705,44.0160605],[23.5988407,44.0156079],[23.59847,44.015269],[23.5983871,44.015006],[23.5979182,44.014106],[23.5979257,44.013792],[23.5982276,44.0134514],[23.5982944,44.0131556],[23.5985584,44.0131277],[23.5987065,44.0130119],[23.5985805,44.0128275],[23.5987308,44.0126045],[23.5986359,44.0125306],[23.5986375,44.0124638],[23.5988788,44.0121413],[23.5986591,44.0117288],[23.5986209,44.0115046],[23.5984932,44.0113666],[23.5984525,44.0109749],[23.5987514,44.010607],[23.5990351,44.0103566],[23.5991675,44.0103237],[23.5998255,44.0104373],[23.5999476,44.0102911],[23.6000964,44.0097771],[23.6002611,44.0095033],[23.6002188,44.0092826],[23.5993034,44.0086335],[23.5993552,44.0083691],[23.6001087,44.0081857],[23.6000546,44.0080782],[23.6001504,44.0078955],[23.6001176,44.0077944],[23.5998685,44.00767],[23.5995126,44.0075843],[23.5991077,44.0072431],[23.5992328,44.0070983],[23.5992067,44.0070383],[23.5988461,44.006643],[23.5990732,44.006421],[23.5992943,44.0063484],[23.5994649,44.0063505],[23.5997027,44.0062191],[23.5999768,44.0063097],[23.6004061,44.0063303],[23.6006427,44.0062266],[23.6007946,44.0060575],[23.600928,44.0057349],[23.6008449,44.0056267],[23.6003124,44.0055335],[23.6001284,44.0054208],[23.5996943,44.0054154],[23.5995795,44.0053246],[23.5993774,44.0047348],[23.5991098,44.0046131],[23.5986636,44.0045287],[23.5983029,44.0045242],[23.598263,44.0044783],[23.5982954,44.0043821],[23.5984626,44.0042461],[23.5986717,44.0041876],[23.5994351,44.0041714],[23.5996018,44.0040527],[23.5997334,44.003819],[23.5993589,44.0036641],[23.5986845,44.0035528],[23.5986424,44.0033445],[23.5988606,44.0031457],[23.5990046,44.0027938],[23.598725,44.0026471],[23.5984429,44.0024252],[23.5985891,44.0022963],[23.5988562,44.0022349],[23.599083,44.0023354],[23.5994015,44.0023746],[23.5994589,44.0021747],[23.5989672,44.0018806],[23.5989724,44.001509],[23.5995673,44.0013541],[23.5999703,44.0010249],[23.6141531,43.9996156],[23.6221285,43.9989309],[23.6224187,43.9956296],[23.6506864,43.9923936],[23.6522592,43.9980751],[23.6751076,43.9957348],[23.7056384,43.9928906],[23.7068928,43.9991695],[23.7340976,43.9968646],[23.7367304,44.0123305],[23.7376539,44.0211457],[23.7195111,44.0235536],[23.7224555,44.038833],[23.7111119,44.0400686],[23.7054454,44.0406718],[23.7047816,44.0381917],[23.695258,44.0391953],[23.6947817,44.0368932],[23.6819286,44.0388436],[23.6690106,44.0505991],[23.6576031,44.0443889],[23.648944,44.0395617],[23.6493363,44.039185],[23.645164,44.0367463],[23.6447529,44.0369981],[23.6396311,44.0341778],[23.6392111,44.0341136],[23.6318963,44.0359245],[23.6237148,44.0369616],[23.6237267,44.0390617],[23.6206168,44.0390235],[23.6200177,44.0393064],[23.6188029,44.0388899],[23.6188109,44.038748],[23.6187446,44.0387257],[23.6185027,44.0387428],[23.6181253,44.0389685],[23.6174512,44.0390469],[23.6173304,44.038812],[23.6174021,44.0385212],[23.6172802,44.0383985],[23.616919,44.038457],[23.6167365,44.0385537],[23.6165678,44.0388988],[23.6161445,44.0389958],[23.6156078,44.0386091],[23.615107,44.0384422],[23.6150641,44.0384974],[23.6152444,44.0409788],[23.6162588,44.054934],[23.616298,44.0666516],[23.6152267,44.0666697],[23.6092951,44.0668281],[23.5849016,44.0673095],[23.5847326,44.0734794],[23.5773979,44.0735244],[23.5686777,44.0736952],[23.5615463,44.0737617],[23.5615439,44.0739466],[23.5552157,44.0739878],[23.5520465,44.0740041],[23.5474742,44.0740825],[23.5454756,44.0741311],[23.5399989,44.0741586]]]}},{"type":"Feature","properties":{"entity_id":"osm-r9695112","jurisdiction":"RO","display_name":"MĂCEȘU DE SUS","display_type":"commune","admin_level":8,"tier":"local","legal_registry":"SIRUTA","legal_id":"73013","legal_type":"commune","parent_catalog_id":"osm-r2366970","osm_relation_id":9695112,"legal_identity_status":"reconciled","geometry_source":"OpenStreetMap","geometry_precision":"master_coordinate_fidelity"},"geometry":{"type":"Polygon","coordinates":[[[23.6659368,43.9017293],[23.6678102,43.9016239],[23.6767454,43.9010413],[23.6781447,43.9010026],[23.6810618,43.9008344],[23.6884361,43.9002659],[23.6886402,43.9002683],[23.6888103,43.9018392],[23.7042727,43.8954785],[23.7054473,43.8950622],[23.7107027,43.9022684],[23.7221116,43.9000873],[23.7226383,43.9009413],[23.7237974,43.9032026],[23.7256727,43.9030832],[23.7367866,43.9021167],[23.7368428,43.9029472],[23.7369959,43.9035606],[23.7377086,43.9079352],[23.7383278,43.9112021],[23.7394723,43.910971],[23.7409625,43.9108145],[23.7592803,43.9091332],[23.7602707,43.9158227],[23.7604919,43.9176628],[23.7616625,43.924975],[23.7635517,43.9375476],[23.763844,43.9396163],[23.763798,43.9396405],[23.7575018,43.9401872],[23.7589296,43.9486307],[23.7596633,43.9549123],[23.7519507,43.9556449],[23.7446331,43.9564806],[23.7318366,43.9576705],[23.7313008,43.95493],[23.7293238,43.946164],[23.7168514,43.9473718],[23.6974249,43.949144],[23.6893936,43.9499299],[23.6866407,43.935594],[23.6854409,43.9286242],[23.6711632,43.9293567],[23.6710265,43.9291859],[23.6686805,43.9162726],[23.6659368,43.9017293]]]}},{"type":"Feature","properties":{"entity_id":"osm-r9695113","jurisdiction":"RO","display_name":"VALEA STANCIULUI","display_type":"commune","admin_level":8,"tier":"local","legal_registry":"SIRUTA","legal_id":"74581","legal_type":"commune","parent_catalog_id":"osm-r2366970","osm_relation_id":9695113,"legal_identity_status":"reconciled","geometry_source":"OpenStreetMap","geometry_precision":"master_coordinate_fidelity"},"geometry":{"type":"Polygon","coordinates":[[[23.7635517,43.9375476],[23.7654542,43.9373612],[23.7691029,43.9370988],[23.7734902,43.9366214],[23.7832159,43.9357705],[23.7852286,43.9356485],[23.8048332,43.9341339],[23.8059318,43.9340861],[23.8105302,43.9336591],[23.8122615,43.9335386],[23.8158493,43.9332097],[23.8222093,43.9325033],[23.8248552,43.9322732],[23.8305837,43.9315796],[23.8323825,43.9315091],[23.8325451,43.9316099],[23.8331226,43.9343031],[23.8355901,43.9340759],[23.8369316,43.9338866],[23.8454295,43.9329532],[23.8540517,43.932049],[23.8522378,43.9228772],[23.8589918,43.9220561],[23.8627475,43.9214654],[23.8635666,43.9242017],[23.8647527,43.9269579],[23.8648189,43.9270666],[23.8663322,43.9267825],[23.8670992,43.9294673],[23.8671772,43.9295193],[23.8673926,43.9305132],[23.8675612,43.9306668],[23.875781,43.9299041],[23.8774687,43.929705],[23.8774843,43.9299275],[23.8776604,43.9303648],[23.8776984,43.9320846],[23.8779134,43.9330344],[23.8781277,43.933456],[23.8781977,43.9340572],[23.8803615,43.934091],[23.8810892,43.9340616],[23.8820568,43.9338696],[23.8826119,43.9340218],[23.885,43.9342717],[23.8857484,43.9344869],[23.8878304,43.9348253],[23.8904265,43.9350459],[23.8929811,43.9353322],[23.8958771,43.9354079],[23.8974984,43.935363],[23.8971175,43.937713],[23.898004,43.9378222],[23.8978263,43.9389662],[23.8995036,43.9391435],[23.899959,43.9391189],[23.9032818,43.9395656],[23.9047554,43.9396955],[23.9095128,43.9402433],[23.9098973,43.9402415],[23.9101074,43.940363],[23.9105589,43.9408102],[23.9108244,43.9411777],[23.9111283,43.9417929],[23.9111526,43.9422237],[23.9110014,43.9428589],[23.9106643,43.9434836],[23.9103976,43.943781],[23.9094435,43.9444198],[23.9090804,43.9446019],[23.907334,43.9452469],[23.9062585,43.9459618],[23.905775,43.9463994],[23.9055187,43.9468223],[23.9053095,43.9478163],[23.905325,43.9486061],[23.905529,43.9491851],[23.9060973,43.9500295],[23.9069823,43.9509482],[23.9093242,43.9527674],[23.9097528,43.9532694],[23.9098248,43.9535128],[23.9054128,43.9538081],[23.9068402,43.9580169],[23.9047551,43.9581977],[23.8969736,43.9590733],[23.8841393,43.960596],[23.8848216,43.9614334],[23.8854173,43.9624883],[23.8856238,43.9630079],[23.8858322,43.9640228],[23.8858226,43.9645263],[23.8900009,43.9640817],[23.8967772,43.9632109],[23.9003593,43.9623996],[23.9035233,43.9619357],[23.9044999,43.9617314],[23.9063491,43.9614622],[23.9071474,43.9612928],[23.9095057,43.9604787],[23.9122064,43.9599],[23.9148673,43.9591803],[23.9158505,43.9590737],[23.9154355,43.9595585],[23.9150422,43.9602452],[23.9149791,43.9609106],[23.9150264,43.9615526],[23.9153909,43.9624238],[23.9158732,43.9628745],[23.9170709,43.9635215],[23.9179551,43.9637378],[23.9180136,43.9642333],[23.9179356,43.9647947],[23.9183725,43.9663325],[23.9227302,43.9658184],[23.9233424,43.9661115],[23.9226506,43.9664653],[23.9220576,43.9669729],[23.9215484,43.9675179],[23.9212956,43.9679249],[23.9211826,43.968547],[23.9212387,43.9696352],[23.9216348,43.9701767],[23.9221331,43.9706825],[23.9229785,43.9711733],[23.9223642,43.9714546],[23.9200713,43.9719214],[23.9186775,43.9722562],[23.9220284,43.9768223],[23.9213844,43.9768772],[23.9195733,43.9768964],[23.9185445,43.9767093],[23.9178547,43.9764888],[23.9174806,43.9761308],[23.9159403,43.9756943],[23.915087,43.975625],[23.9127203,43.9750399],[23.9115616,43.9750165],[23.9099341,43.9751779],[23.9091269,43.9753594],[23.9084796,43.9755853],[23.9071761,43.9765197],[23.9066297,43.9782462],[23.9042513,43.978223],[23.904585,43.9797878],[23.9045894,43.9804539],[23.904739,43.9815063],[23.9049103,43.9818441],[23.9072789,43.9818855],[23.9073144,43.9822524],[23.907455,43.9824249],[23.9076722,43.9825798],[23.908281,43.982604],[23.9086334,43.9827663],[23.9092152,43.9828758],[23.9097273,43.9830947],[23.9101622,43.9829156],[23.9108671,43.9827819],[23.911764,43.9827845],[23.9123702,43.9829492],[23.9130771,43.9831638],[23.9134694,43.9834548],[23.9140174,43.9840223],[23.9142895,43.9844037],[23.9141308,43.9852026],[23.9138461,43.9854993],[23.9130935,43.9859197],[23.9130165,43.9877887],[23.9131246,43.9883457],[23.9160742,43.9885637],[23.916111,43.9905869],[23.9162075,43.9906384],[23.9156564,43.9916295],[23.914997,43.9922781],[23.9142616,43.9928614],[23.9133099,43.9932615],[23.9125112,43.9934565],[23.9119503,43.9937791],[23.9113525,43.9936609],[23.9095799,43.9935083],[23.9094278,43.9932811],[23.9094354,43.9928745],[23.908341,43.9924199],[23.9068921,43.9910485],[23.9057335,43.9902116],[23.9054729,43.9899518],[23.90424,43.9880756],[23.9029357,43.9863687],[23.9024658,43.9859481],[23.9011088,43.9850197],[23.9002369,43.9847804],[23.8989686,43.98451],[23.8970015,43.9841472],[23.896336,43.9839733],[23.8960681,43.9839706],[23.8948054,43.9836447],[23.8943879,43.98347],[23.893808,43.9833518],[23.8919072,43.9831497],[23.8900119,43.9830087],[23.8878031,43.9831797],[23.8921509,43.9853281],[23.8932895,43.9873208],[23.8932527,43.9892665],[23.8925398,43.9906748],[23.8904458,43.9925294],[23.8884168,43.9935354],[23.8852981,43.9952145],[23.8826217,43.9968806],[23.8806429,43.9985896],[23.8798283,44.0020388],[23.8797625,44.0054748],[23.8791046,44.0075495],[23.879089,44.0083615],[23.878846,44.0083983],[23.8751467,44.0088256],[23.8720877,44.009406],[23.866494,44.0105961],[23.8645086,44.0108204],[23.863333,44.0110743],[23.8629187,44.0088326],[23.8533693,44.0098394],[23.85101,44.010133],[23.8494499,44.0102515],[23.8480748,44.0104329],[23.8478325,44.010521],[23.8475435,44.0107249],[23.8471224,44.0108669],[23.8442786,44.0111803],[23.8317052,44.0123935],[23.7874344,44.0169268],[23.7786517,44.0177664],[23.7517315,44.0203899],[23.750389,44.0204283],[23.7376539,44.0211457],[23.7367304,44.0123305],[23.7340976,43.9968646],[23.7519037,43.9945575],[23.7455929,43.9617933],[23.7446331,43.9564806],[23.7519507,43.9556449],[23.7596633,43.9549123],[23.7589296,43.9486307],[23.7575018,43.9401872],[23.763798,43.9396405],[23.763844,43.9396163],[23.7635517,43.9375476]]]}},{"type":"Feature","properties":{"entity_id":"osm-r9695114","jurisdiction":"RO","display_name":"GÂNGIOVA","display_type":"commune","admin_level":8,"tier":"local","legal_registry":"SIRUTA","legal_id":"72579","legal_type":"commune","parent_catalog_id":"osm-r2366970","osm_relation_id":9695114,"legal_identity_status":"reconciled","geometry_source":"OpenStreetMap","geometry_precision":"master_coordinate_fidelity"},"geometry":{"type":"Polygon","coordinates":[[[23.8774687,43.929705],[23.875781,43.9299041],[23.8675612,43.9306668],[23.8673926,43.9305132],[23.8671772,43.9295193],[23.8670992,43.9294673],[23.8663322,43.9267825],[23.8648189,43.9270666],[23.8647527,43.9269579],[23.8635666,43.9242017],[23.8627475,43.9214654],[23.8589918,43.9220561],[23.8522378,43.9228772],[23.8540517,43.932049],[23.8454295,43.9329532],[23.8369316,43.9338866],[23.8355901,43.9340759],[23.8331226,43.9343031],[23.8325451,43.9316099],[23.8323825,43.9315091],[23.8305837,43.9315796],[23.8248552,43.9322732],[23.8222093,43.9325033],[23.8158493,43.9332097],[23.8122615,43.9335386],[23.8105302,43.9336591],[23.8059318,43.9340861],[23.8048332,43.9341339],[23.7852286,43.9356485],[23.7832159,43.9357705],[23.7734902,43.9366214],[23.7691029,43.9370988],[23.7654542,43.9373612],[23.7635517,43.9375476],[23.7616625,43.924975],[23.7604919,43.9176628],[23.7602707,43.9158227],[23.7592803,43.9091332],[23.7671501,43.9084203],[23.7943689,43.9062394],[23.812031,43.9048771],[23.8186992,43.9043076],[23.8190198,43.9042337],[23.8191752,43.9040685],[23.8192098,43.9039149],[23.8191845,43.9014297],[23.8193347,43.901112],[23.8197382,43.9009316],[23.8237272,43.9000073],[23.8233927,43.8983594],[23.8234159,43.8981697],[23.8229964,43.8968068],[23.8218698,43.8956675],[23.8216331,43.89529],[23.8186332,43.8926006],[23.8183543,43.8921643],[23.8171838,43.8859164],[23.8173113,43.8854983],[23.8172798,43.8850916],[23.817107,43.8847073],[23.8170808,43.884455],[23.8170088,43.8843242],[23.8168557,43.8842199],[23.8168103,43.8840819],[23.8163289,43.8818707],[23.8157944,43.8788797],[23.815675,43.8784932],[23.8182343,43.8781137],[23.8182978,43.8778603],[23.8177334,43.8746642],[23.8175791,43.8733718],[23.8161745,43.8655587],[23.8174346,43.8653019],[23.8204759,43.8647992],[23.8206592,43.8647305],[23.826996,43.8638976],[23.8300014,43.8634752],[23.830599,43.8633573],[23.831114,43.8632941],[23.8311243,43.8633463],[23.8312553,43.8633388],[23.835106,43.8628257],[23.8490069,43.8609015],[23.8566457,43.8600978],[23.856742,43.8600596],[23.8553391,43.8591691],[23.8568209,43.8586882],[23.8589578,43.8581182],[23.8611257,43.8574367],[23.8622585,43.8571608],[23.8642415,43.8567798],[23.8644274,43.8567845],[23.8664218,43.8562979],[23.8670347,43.8562394],[23.8689658,43.8558737],[23.8722326,43.8550956],[23.8732896,43.8548134],[23.8734977,43.8546908],[23.875503,43.8542451],[23.8760987,43.8541334],[23.8768868,43.854056],[23.8781138,43.8538314],[23.8786679,43.8535996],[23.8819881,43.8528758],[23.8866092,43.8515815],[23.8863263,43.8523404],[23.8863114,43.8529124],[23.8862497,43.8530456],[23.8855471,43.8538307],[23.8853585,43.8541782],[23.8843213,43.8551038],[23.8838341,43.855384],[23.8829055,43.8557962],[23.8828294,43.8559077],[23.8826708,43.8570049],[23.8825495,43.8571642],[23.8821125,43.8575325],[23.8815548,43.8582668],[23.8866058,43.8662399],[23.8875112,43.8664483],[23.8882454,43.8780848],[23.8889066,43.8866088],[23.8889057,43.888106],[23.8891115,43.8895458],[23.8891072,43.8904977],[23.8892026,43.8912522],[23.8892824,43.8928295],[23.889474,43.8942989],[23.8896202,43.8996151],[23.8903185,43.9091012],[23.8901868,43.9117176],[23.8903821,43.9130771],[23.8907217,43.9134454],[23.8911429,43.9140385],[23.8919564,43.9153603],[23.8924312,43.9162683],[23.8928803,43.9168525],[23.8930149,43.9175249],[23.8928994,43.9180782],[23.8920646,43.9191686],[23.8905091,43.92073],[23.8895247,43.9213196],[23.8888353,43.921525],[23.8880864,43.921637],[23.8856895,43.9217208],[23.8849321,43.9217924],[23.8827192,43.9221221],[23.8815936,43.9223766],[23.878874,43.9239262],[23.8782533,43.9245122],[23.8780772,43.9249306],[23.8779834,43.9256141],[23.8776485,43.926045],[23.8771059,43.9275051],[23.8773914,43.9284768],[23.8772498,43.9290984],[23.877376,43.9294801],[23.8774687,43.929705]]]}},{"type":"Feature","properties":{"entity_id":"osm-r9695115","jurisdiction":"RO","display_name":"SADOVA","display_type":"commune","admin_level":8,"tier":"local","legal_registry":"SIRUTA","legal_id":"73996","legal_type":"commune","parent_catalog_id":"osm-r2366970","osm_relation_id":9695115,"legal_identity_status":"reconciled","geometry_source":"OpenStreetMap","geometry_precision":"master_coordinate_fidelity"},"geometry":{"type":"Polygon","coordinates":[[[23.8853585,43.8541782],[23.8903887,43.8544765],[23.8928748,43.8546655],[23.8935845,43.8556788],[23.8950646,43.8575257],[23.903417,43.8571354],[23.9079845,43.856876],[23.9083264,43.8605712],[23.9090836,43.8602037],[23.9095274,43.8598784],[23.9177707,43.8594011],[23.9251559,43.8590702],[23.924856,43.8585564],[23.9249082,43.8584207],[23.9249847,43.858311],[23.9256817,43.8579237],[23.9258329,43.85767],[23.9259944,43.8575172],[23.9259917,43.8573798],[23.9258399,43.857],[23.9261004,43.8562264],[23.925972,43.8559915],[23.9257124,43.8557195],[23.925759,43.8552874],[23.925238,43.8550178],[23.9252486,43.8547851],[23.9251357,43.8544051],[23.9252843,43.8542103],[23.924539,43.8533453],[23.9236472,43.8528373],[23.9228254,43.8524506],[23.922521,43.8521356],[23.9230779,43.8516757],[23.92367,43.8509463],[23.9242862,43.8496029],[23.9247778,43.847337],[23.9248712,43.8465107],[23.9291511,43.8450147],[23.9312506,43.8442358],[23.9311419,43.8436859],[23.9335482,43.8431338],[23.939662,43.8415433],[23.942164,43.840946],[23.9404832,43.8371241],[23.9484786,43.8353501],[23.9531627,43.8341696],[23.9540335,43.8363396],[23.9557875,43.8360301],[23.9603342,43.8350437],[23.9618302,43.8347898],[23.9622956,43.8348109],[23.9627016,43.8349399],[23.9633868,43.8349212],[23.9632371,43.834389],[23.9622808,43.831945],[23.9591016,43.8226153],[23.9531616,43.8236722],[23.9529513,43.823054],[23.9502817,43.8175068],[23.9473787,43.8111007],[23.9465911,43.8094821],[23.9473691,43.8092992],[23.9512901,43.8083271],[23.9527842,43.8078481],[23.9537627,43.8077394],[23.9582766,43.8065982],[23.9606174,43.8062675],[23.9608788,43.8059503],[23.9616197,43.8057393],[23.9638396,43.8052988],[23.9677617,43.8044424],[23.9680867,43.8054646],[23.9716711,43.8049993],[23.9753891,43.8046064],[23.9764415,43.8045097],[23.9774512,43.8044829],[23.980231,43.812229],[23.9812995,43.8155786],[23.9843941,43.8247015],[23.9853051,43.8269666],[23.9891799,43.8352202],[23.9901417,43.8374709],[24.0176949,43.8307184],[24.0200165,43.8357101],[24.0176735,43.8362691],[24.013423,43.837385],[24.0138657,43.8384226],[24.017962,43.8470917],[24.0180579,43.8479645],[24.0223516,43.8572889],[24.0242246,43.8613891],[24.0261152,43.8651063],[24.0271489,43.8673412],[24.0341254,43.8656571],[24.0353292,43.868348],[24.0387596,43.8756753],[24.0433627,43.885907],[24.048183,43.8957436],[24.0423551,43.8971589],[24.033253,43.8992489],[23.9861993,43.9109555],[23.9912238,43.9207905],[23.9830902,43.9227721],[23.9815111,43.9232075],[23.9742092,43.9248561],[23.9701177,43.9258069],[23.9659663,43.9267636],[23.9647318,43.9270971],[23.9640194,43.9271859],[23.9576143,43.9285664],[23.9578475,43.9280149],[23.9578859,43.9273014],[23.9573425,43.9272915],[23.9568639,43.9279267],[23.956114,43.9280513],[23.9559803,43.9280322],[23.9559213,43.9279781],[23.9554252,43.9279118],[23.9551428,43.9279669],[23.9546548,43.9279178],[23.9542206,43.927566],[23.9539165,43.9274559],[23.9525841,43.927879],[23.9524563,43.9278429],[23.9519224,43.9279199],[23.951725,43.9280088],[23.9514213,43.9279103],[23.9509765,43.927932],[23.9508338,43.9278987],[23.9506245,43.9279469],[23.9505041,43.9280279],[23.9496311,43.9281589],[23.9478815,43.9286076],[23.9469879,43.9291145],[23.9466988,43.9291556],[23.94608,43.929447],[23.9457756,43.9295354],[23.9456012,43.9295401],[23.9454825,43.9296003],[23.9450118,43.9296182],[23.9449433,43.9296933],[23.9447023,43.9296968],[23.9443456,43.9298537],[23.944197,43.9298061],[23.9439617,43.9298222],[23.9436592,43.9297755],[23.9427412,43.9299418],[23.9423226,43.9298907],[23.9398889,43.9304544],[23.9393503,43.9305064],[23.939454,43.9322009],[23.9395579,43.9329586],[23.9378989,43.9330997],[23.9371408,43.9332143],[23.9362938,43.9332546],[23.9362167,43.933379],[23.9315921,43.9335492],[23.9281241,43.9337268],[23.9244962,43.9339518],[23.9214492,43.9342985],[23.9177542,43.9345058],[23.9010771,43.9352774],[23.8974984,43.935363],[23.8958771,43.9354079],[23.8929811,43.9353322],[23.8904265,43.9350459],[23.8878304,43.9348253],[23.8857484,43.9344869],[23.885,43.9342717],[23.8826119,43.9340218],[23.8820568,43.9338696],[23.8810892,43.9340616],[23.8803615,43.934091],[23.8781977,43.9340572],[23.8781277,43.933456],[23.8779134,43.9330344],[23.8776984,43.9320846],[23.8776604,43.9303648],[23.8774843,43.9299275],[23.8774687,43.929705],[23.877376,43.9294801],[23.8772498,43.9290984],[23.8773914,43.9284768],[23.8771059,43.9275051],[23.8776485,43.926045],[23.8779834,43.9256141],[23.8780772,43.9249306],[23.8782533,43.9245122],[23.878874,43.9239262],[23.8815936,43.9223766],[23.8827192,43.9221221],[23.8849321,43.9217924],[23.8856895,43.9217208],[23.8880864,43.921637],[23.8888353,43.921525],[23.8895247,43.9213196],[23.8905091,43.92073],[23.8920646,43.9191686],[23.8928994,43.9180782],[23.8930149,43.9175249],[23.8928803,43.9168525],[23.8924312,43.9162683],[23.8919564,43.9153603],[23.8911429,43.9140385],[23.8907217,43.9134454],[23.8903821,43.9130771],[23.8901868,43.9117176],[23.8903185,43.9091012],[23.8896202,43.8996151],[23.889474,43.8942989],[23.8892824,43.8928295],[23.8892026,43.8912522],[23.8891072,43.8904977],[23.8891115,43.8895458],[23.8889057,43.888106],[23.8889066,43.8866088],[23.8882454,43.8780848],[23.8875112,43.8664483],[23.8866058,43.8662399],[23.8815548,43.8582668],[23.8821125,43.8575325],[23.8825495,43.8571642],[23.8826708,43.8570049],[23.8828294,43.8559077],[23.8829055,43.8557962],[23.8838341,43.855384],[23.8843213,43.8551038],[23.8853585,43.8541782]]]}},{"type":"Feature","properties":{"entity_id":"osm-r9695116","jurisdiction":"RO","display_name":"MĂCEȘU DE JOS","display_type":"commune","admin_level":8,"tier":"local","legal_registry":"SIRUTA","legal_id":"72980","legal_type":"commune","parent_catalog_id":"osm-r2366970","osm_relation_id":9695116,"legal_identity_status":"reconciled","geometry_source":"OpenStreetMap","geometry_precision":"master_coordinate_fidelity"},"geometry":{"type":"Polygon","coordinates":[[[23.6640572,43.7993631],[23.666119,43.8029339],[23.66824,43.8057662],[23.6855167,43.8262048],[23.688008,43.8299601],[23.6911458,43.833478],[23.694001,43.83712],[23.6974014,43.8418689],[23.7075543,43.8517807],[23.7119608,43.8496888],[23.7133094,43.8531278],[23.7211437,43.8494639],[23.7212634,43.8542722],[23.7195621,43.855535],[23.7193777,43.8558166],[23.7160241,43.858227],[23.7171429,43.8595214],[23.717666,43.8602469],[23.7193876,43.8619284],[23.7204101,43.8632054],[23.717717,43.8641519],[23.7196287,43.867265],[23.7199392,43.8671414],[23.7208179,43.8687084],[23.7324719,43.8655496],[23.7348681,43.8692032],[23.741846,43.8670558],[23.7442551,43.8661595],[23.7457194,43.8705192],[23.7476334,43.8693316],[23.7504523,43.868392],[23.7519724,43.8678031],[23.7524512,43.8676482],[23.7529532,43.8675915],[23.7536803,43.8711684],[23.7552443,43.8710283],[23.7570503,43.8852418],[23.7624191,43.88479],[23.7629864,43.8883222],[23.7631139,43.8894651],[23.7636912,43.890335],[23.764422,43.8942077],[23.7657926,43.9007709],[23.7671501,43.9084203],[23.7592803,43.9091332],[23.7409625,43.9108145],[23.7394723,43.910971],[23.7383278,43.9112021],[23.7377086,43.9079352],[23.7369959,43.9035606],[23.7368428,43.9029472],[23.7367866,43.9021167],[23.7256727,43.9030832],[23.7237974,43.9032026],[23.7226383,43.9009413],[23.7221116,43.9000873],[23.7107027,43.9022684],[23.7054473,43.8950622],[23.7042727,43.8954785],[23.6888103,43.9018392],[23.6886402,43.9002683],[23.6884361,43.9002659],[23.6810618,43.9008344],[23.6781447,43.9010026],[23.6767454,43.9010413],[23.6678102,43.9016239],[23.6659368,43.9017293],[23.6654858,43.899425],[23.6649926,43.8967472],[23.6643154,43.8929396],[23.6634562,43.8881079],[23.6607943,43.8873359],[23.6593854,43.8873443],[23.6551336,43.8863079],[23.6551251,43.8862635],[23.6548447,43.8848089],[23.6543707,43.8823487],[23.6487857,43.8824458],[23.6470719,43.8826946],[23.6466146,43.8809188],[23.6550846,43.8794989],[23.6602794,43.8785722],[23.6595268,43.8762459],[23.6678348,43.8748245],[23.6559527,43.8354299],[23.6433898,43.8378748],[23.6419191,43.8345371],[23.641736,43.8315651],[23.6398337,43.8065421],[23.6432257,43.7940164],[23.65225,43.79646],[23.6640572,43.7993631]]]}},{"type":"Feature","properties":{"entity_id":"osm-r9695117","jurisdiction":"RO","display_name":"DOBREȘTI","display_type":"commune","admin_level":8,"tier":"local","legal_registry":"SIRUTA","legal_id":"72098","legal_type":"commune","parent_catalog_id":"osm-r2366970","osm_relation_id":9695117,"legal_identity_status":"reconciled","geometry_source":"OpenStreetMap","geometry_precision":"master_coordinate_fidelity"},"geometry":{"type":"Polygon","coordinates":[[[23.879089,44.0083615],[23.8791046,44.0075495],[23.8797625,44.0054748],[23.8798283,44.0020388],[23.8806429,43.9985896],[23.8826217,43.9968806],[23.8852981,43.9952145],[23.8884168,43.9935354],[23.8904458,43.9925294],[23.8925398,43.9906748],[23.8932527,43.9892665],[23.8932895,43.9873208],[23.8921509,43.9853281],[23.8878031,43.9831797],[23.8900119,43.9830087],[23.8919072,43.9831497],[23.893808,43.9833518],[23.8943879,43.98347],[23.8948054,43.9836447],[23.8960681,43.9839706],[23.896336,43.9839733],[23.8970015,43.9841472],[23.8989686,43.98451],[23.9002369,43.9847804],[23.9011088,43.9850197],[23.9024658,43.9859481],[23.9029357,43.9863687],[23.90424,43.9880756],[23.9054729,43.9899518],[23.9057335,43.9902116],[23.9068921,43.9910485],[23.908341,43.9924199],[23.9094354,43.9928745],[23.9094278,43.9932811],[23.9095799,43.9935083],[23.9113525,43.9936609],[23.9119503,43.9937791],[23.9125112,43.9934565],[23.9133099,43.9932615],[23.9142616,43.9928614],[23.914997,43.9922781],[23.9156564,43.9916295],[23.9162075,43.9906384],[23.916111,43.9905869],[23.9160742,43.9885637],[23.9131246,43.9883457],[23.9130165,43.9877887],[23.9130935,43.9859197],[23.9138461,43.9854993],[23.9141308,43.9852026],[23.9142895,43.9844037],[23.9140174,43.9840223],[23.9134694,43.9834548],[23.9130771,43.9831638],[23.9123702,43.9829492],[23.911764,43.9827845],[23.9108671,43.9827819],[23.9101622,43.9829156],[23.9097273,43.9830947],[23.9092152,43.9828758],[23.9086334,43.9827663],[23.908281,43.982604],[23.9076722,43.9825798],[23.907455,43.9824249],[23.9073144,43.9822524],[23.9072789,43.9818855],[23.9049103,43.9818441],[23.904739,43.9815063],[23.9045894,43.9804539],[23.904585,43.9797878],[23.9042513,43.978223],[23.9066297,43.9782462],[23.9071761,43.9765197],[23.9084796,43.9755853],[23.9091269,43.9753594],[23.9099341,43.9751779],[23.9115616,43.9750165],[23.9127203,43.9750399],[23.915087,43.975625],[23.9159403,43.9756943],[23.9174806,43.9761308],[23.9178547,43.9764888],[23.9185445,43.9767093],[23.9195733,43.9768964],[23.9213844,43.9768772],[23.9220284,43.9768223],[23.9186775,43.9722562],[23.9200713,43.9719214],[23.9223642,43.9714546],[23.9229785,43.9711733],[23.9221331,43.9706825],[23.9216348,43.9701767],[23.9212387,43.9696352],[23.9211826,43.968547],[23.9212956,43.9679249],[23.9215484,43.9675179],[23.9220576,43.9669729],[23.9226506,43.9664653],[23.9233424,43.9661115],[23.9227302,43.9658184],[23.9183725,43.9663325],[23.9179356,43.9647947],[23.9180136,43.9642333],[23.9179551,43.9637378],[23.9170709,43.9635215],[23.9158732,43.9628745],[23.9153909,43.9624238],[23.9150264,43.9615526],[23.9149791,43.9609106],[23.9150422,43.9602452],[23.9154355,43.9595585],[23.9158505,43.9590737],[23.9148673,43.9591803],[23.9122064,43.9599],[23.9095057,43.9604787],[23.9071474,43.9612928],[23.9063491,43.9614622],[23.9044999,43.9617314],[23.9035233,43.9619357],[23.9003593,43.9623996],[23.8967772,43.9632109],[23.8900009,43.9640817],[23.8858226,43.9645263],[23.8858322,43.9640228],[23.8856238,43.9630079],[23.8854173,43.9624883],[23.8848216,43.9614334],[23.8841393,43.960596],[23.8969736,43.9590733],[23.9047551,43.9581977],[23.9068402,43.9580169],[23.9054128,43.9538081],[23.9098248,43.9535128],[23.9097528,43.9532694],[23.9093242,43.9527674],[23.9069823,43.9509482],[23.9060973,43.9500295],[23.905529,43.9491851],[23.905325,43.9486061],[23.9053095,43.9478163],[23.9055187,43.9468223],[23.905775,43.9463994],[23.9062585,43.9459618],[23.907334,43.9452469],[23.9090804,43.9446019],[23.9094435,43.9444198],[23.9103976,43.943781],[23.9106643,43.9434836],[23.9110014,43.9428589],[23.9111526,43.9422237],[23.9111283,43.9417929],[23.9108244,43.9411777],[23.9105589,43.9408102],[23.9101074,43.940363],[23.9098973,43.9402415],[23.9095128,43.9402433],[23.9047554,43.9396955],[23.9032818,43.9395656],[23.899959,43.9391189],[23.8995036,43.9391435],[23.8978263,43.9389662],[23.898004,43.9378222],[23.8971175,43.937713],[23.8974984,43.935363],[23.9010771,43.9352774],[23.9177542,43.9345058],[23.9214492,43.9342985],[23.9244962,43.9339518],[23.9281241,43.9337268],[23.9315921,43.9335492],[23.9362167,43.933379],[23.9362938,43.9332546],[23.9371408,43.9332143],[23.9378989,43.9330997],[23.9395579,43.9329586],[23.939454,43.9322009],[23.9393503,43.9305064],[23.9398889,43.9304544],[23.9423226,43.9298907],[23.9427412,43.9299418],[23.9436592,43.9297755],[23.9439617,43.9298222],[23.944197,43.9298061],[23.9443456,43.9298537],[23.9447023,43.9296968],[23.9449433,43.9296933],[23.9450118,43.9296182],[23.9454825,43.9296003],[23.9456012,43.9295401],[23.9457756,43.9295354],[23.94608,43.929447],[23.9466988,43.9291556],[23.9469879,43.9291145],[23.9478815,43.9286076],[23.9496311,43.9281589],[23.9505041,43.9280279],[23.9506245,43.9279469],[23.9508338,43.9278987],[23.9509765,43.927932],[23.9514213,43.9279103],[23.951725,43.9280088],[23.9519224,43.9279199],[23.9524563,43.9278429],[23.9525841,43.927879],[23.9539165,43.9274559],[23.9542206,43.927566],[23.9546548,43.9279178],[23.9551428,43.9279669],[23.9554252,43.9279118],[23.9559213,43.9279781],[23.9559803,43.9280322],[23.956114,43.9280513],[23.9568639,43.9279267],[23.9573425,43.9272915],[23.9578859,43.9273014],[23.9578475,43.9280149],[23.9576143,43.9285664],[23.9640194,43.9271859],[23.9647318,43.9270971],[23.9659663,43.9267636],[23.9701177,43.9258069],[23.9713368,43.9286882],[23.9733441,43.9326845],[23.977007,43.9410095],[23.9702455,43.942665],[23.9776004,43.958405],[23.9815879,43.9667156],[23.981868,43.9674333],[23.9803789,43.967692],[23.9749295,43.9684714],[23.9773054,43.9737114],[23.9777888,43.9748854],[23.9778678,43.974976],[23.978373,43.9752748],[23.9787874,43.9756586],[23.9791748,43.9759242],[23.9792664,43.9765683],[23.979236,43.9768242],[23.9791678,43.9769298],[23.978889,43.9770203],[23.9796708,43.976915],[23.9802509,43.978738],[23.9804235,43.9791283],[23.9830934,43.9786855],[23.9844569,43.9785255],[23.9856488,43.978456],[23.9869673,43.9781683],[23.9892965,43.9830933],[23.9928586,43.9911672],[23.9934893,43.9923776],[23.9874873,43.9938919],[23.9850964,43.9945722],[23.9826858,43.9951925],[23.9728295,43.9975563],[23.9771265,44.007126],[23.9728238,44.0082234],[23.9708523,44.0086402],[23.970122,44.0089154],[23.9674879,44.0095879],[23.9661294,44.0099874],[23.9649079,44.0102483],[23.9639942,44.0105275],[23.9631536,44.0106512],[23.95934,44.0115331],[23.9580618,44.0117954],[23.9577465,44.0118137],[23.9574581,44.0119118],[23.9571155,44.0121684],[23.9562742,44.0123622],[23.9558677,44.0125454],[23.950007,44.0136655],[23.9497765,44.0130871],[23.949547,44.0129196],[23.9495316,44.0128417],[23.9421789,44.014681],[23.9414916,44.0149069],[23.9406823,44.0154023],[23.9382709,44.0161023],[23.936238,44.0169056],[23.935871,44.0169888],[23.9353638,44.0170292],[23.935374,44.0164717],[23.9337791,44.0167241],[23.9326937,44.0168329],[23.9227931,44.0171692],[23.9221484,44.0171475],[23.9190336,44.0168308],[23.9183408,44.0166627],[23.9176339,44.0165842],[23.915862,44.0162092],[23.9149707,44.0160633],[23.9147151,44.0158321],[23.914606,44.0155585],[23.9144936,44.015513],[23.9138034,44.0155787],[23.913478,44.0156829],[23.9131419,44.015668],[23.9122866,44.0157964],[23.9121328,44.015793],[23.9116129,44.0155087],[23.9112379,44.0154229],[23.9109387,44.0154405],[23.9107606,44.0155271],[23.910229,44.015639],[23.9097937,44.0155632],[23.9091786,44.015326],[23.9083896,44.0148797],[23.908234,44.0146304],[23.9078183,44.0126652],[23.9078274,44.0125091],[23.9080897,44.0121033],[23.9082486,44.0116513],[23.9078739,44.0116794],[23.9073686,44.0117916],[23.9064981,44.0118118],[23.9051328,44.0120811],[23.904967,44.0120763],[23.9043708,44.0117397],[23.9030894,44.0112641],[23.9026616,44.0110073],[23.9021219,44.0108789],[23.9015991,44.0108484],[23.9010356,44.0103746],[23.9006646,44.0101637],[23.899841,44.0098694],[23.8986644,44.0098219],[23.8978382,44.0099825],[23.8971785,44.009976],[23.8952884,44.0101983],[23.8952127,44.0097963],[23.8951952,44.009099],[23.8937175,44.0076223],[23.8931375,44.007286],[23.8923198,44.0069209],[23.8921191,44.0068793],[23.8919367,44.0068676],[23.8904174,44.0073509],[23.8886841,44.0074412],[23.8838389,44.0078908],[23.881749,44.0081436],[23.879089,44.0083615]]]}},{"type":"Feature","properties":{"entity_id":"osm-r9695118","jurisdiction":"RO","display_name":"ȚUGLUI","display_type":"commune","admin_level":8,"tier":"local","legal_registry":"SIRUTA","legal_id":"74509","legal_type":"commune","parent_catalog_id":"osm-r2366970","osm_relation_id":9695118,"legal_identity_status":"reconciled","geometry_source":"OpenStreetMap","geometry_precision":"master_coordinate_fidelity"},"geometry":{"type":"Polygon","coordinates":[[[23.7152592,44.2009525],[23.7181614,44.1998806],[23.7166962,44.1945166],[23.7162983,44.1927968],[23.7159916,44.1918966],[23.7151917,44.1888711],[23.7233729,44.1878337],[23.74152,44.1850977],[23.7446691,44.1847355],[23.7486617,44.188513],[23.7546972,44.1881491],[23.7563036,44.1880137],[23.7604836,44.1871757],[23.7610561,44.1870813],[23.7616475,44.1870729],[23.7650162,44.187516],[23.7651317,44.1878429],[23.7652934,44.1880003],[23.7675778,44.1879656],[23.7675509,44.1882609],[23.7688295,44.1883285],[23.7713732,44.1883164],[23.7766132,44.1888178],[23.7785138,44.1891348],[23.7802927,44.1897305],[23.7815067,44.1892672],[23.7848185,44.1883067],[23.7865924,44.187936],[23.7880852,44.1878228],[23.7892601,44.1879838],[23.7904217,44.1880704],[23.7914678,44.1880499],[23.7919417,44.1879279],[23.7923148,44.1876882],[23.7925679,44.1871828],[23.7952849,44.1867902],[23.7996434,44.1860702],[23.8000117,44.1860653],[23.8004877,44.1861544],[23.8053627,44.1851607],[23.8081327,44.1814506],[23.8088557,44.1806178],[23.808857,44.1802988],[23.8087395,44.1803621],[23.8084381,44.1803893],[23.8081243,44.1805075],[23.8080688,44.1806398],[23.8079246,44.1807218],[23.8075345,44.1806949],[23.8073,44.1805481],[23.8071295,44.1803407],[23.8064689,44.180121],[23.8048173,44.1798783],[23.8045884,44.1781102],[23.8055064,44.1779429],[23.8058662,44.17781],[23.8070775,44.1777158],[23.8075814,44.177715],[23.8079545,44.1777902],[23.808218,44.1776892],[23.8089751,44.177647],[23.8095596,44.1775109],[23.8099236,44.1773473],[23.8102128,44.1771453],[23.8105877,44.1770153],[23.8114407,44.1769215],[23.8124912,44.176938],[23.8130266,44.1768878],[23.8137249,44.1768929],[23.8141527,44.1767863],[23.8151624,44.1767141],[23.8162997,44.176762],[23.8164885,44.1765537],[23.8167985,44.1764582],[23.8192095,44.1765495],[23.8203376,44.1764928],[23.8198291,44.1766685],[23.8195655,44.1769324],[23.8194257,44.177221],[23.8200653,44.1773406],[23.8205874,44.1774967],[23.8238342,44.1786887],[23.8247844,44.1788203],[23.8263833,44.1786496],[23.8267245,44.1788925],[23.8272295,44.1792505],[23.8286665,44.180687],[23.8304608,44.1814184],[23.8348351,44.1826893],[23.8365555,44.1831218],[23.8388098,44.1835444],[23.8419789,44.1838081],[23.8447951,44.1844397],[23.8489548,44.1862099],[23.850366,44.1871213],[23.8516674,44.1889722],[23.8515755,44.1905463],[23.8508447,44.1921358],[23.8485372,44.1934987],[23.8456298,44.1941844],[23.8423309,44.1948444],[23.8392627,44.196027],[23.837217,44.1973285],[23.8354311,44.1991965],[23.8348523,44.2010287],[23.8349595,44.2031211],[23.8359044,44.2043374],[23.8374877,44.205319],[23.8399002,44.2058533],[23.8420242,44.2059021],[23.8444565,44.2054445],[23.8466912,44.2055479],[23.8483222,44.2060204],[23.8495017,44.2067028],[23.8506002,44.207706],[23.8504758,44.2091138],[23.8489905,44.210977],[23.8456439,44.2143814],[23.8422166,44.2167771],[23.8413742,44.2175819],[23.841062,44.2184465],[23.8408884,44.21956],[23.8408683,44.2205087],[23.8410365,44.2229122],[23.8410079,44.2242656],[23.8416366,44.2252933],[23.8427503,44.2258677],[23.8440856,44.2262343],[23.8450874,44.2267447],[23.845742,44.2271431],[23.8474937,44.2280167],[23.8481743,44.2286672],[23.8490859,44.2293427],[23.8499437,44.2298962],[23.8507504,44.2304986],[23.8511376,44.2317217],[23.8510552,44.233866],[23.8505383,44.2349488],[23.8494186,44.2358406],[23.8481612,44.2367354],[23.8468508,44.2371754],[23.8452461,44.2373289],[23.8435527,44.2375352],[23.8421635,44.2378529],[23.8409193,44.2381181],[23.8401364,44.2384124],[23.8391606,44.2380105],[23.8387899,44.2378403],[23.8380341,44.2375781],[23.8372241,44.2373572],[23.8366967,44.2371351],[23.8365334,44.2370861],[23.8363302,44.237075],[23.8361553,44.237053],[23.8359665,44.2369718],[23.8358095,44.2368276],[23.835616,44.2367107],[23.8344628,44.2363272],[23.8340561,44.2361135],[23.8316915,44.2346991],[23.8287857,44.2330475],[23.8273181,44.2321504],[23.8257597,44.231337],[23.8247667,44.2307048],[23.8229889,44.2295027],[23.8230171,44.2283066],[23.8236929,44.2269428],[23.8237995,44.22682],[23.8242752,44.2264654],[23.8244049,44.2262365],[23.8244334,44.2261975],[23.8244717,44.2261558],[23.8245344,44.22606],[23.8245677,44.2259687],[23.8246228,44.2258597],[23.8247562,44.2254903],[23.8249212,44.2250843],[23.8256018,44.2236266],[23.8245742,44.2232875],[23.8227032,44.2225858],[23.8215519,44.2221419],[23.8204431,44.2217014],[23.819715,44.2214164],[23.8174642,44.2205486],[23.8171906,44.220411],[23.8170809,44.2204895],[23.8169013,44.2205983],[23.8155377,44.2215011],[23.8138344,44.2212356],[23.8096748,44.2207244],[23.8082772,44.2205585],[23.8060258,44.2202917],[23.8050636,44.2201952],[23.8050502,44.2200859],[23.8050629,44.2199601],[23.8050865,44.2198961],[23.8051242,44.2198556],[23.8051189,44.2198256],[23.8051223,44.2197613],[23.8051763,44.2196696],[23.8053882,44.2194676],[23.8048548,44.2192724],[23.8065982,44.2153748],[23.8073248,44.213635],[23.8074989,44.2132431],[23.8074462,44.2131511],[23.8073148,44.2129608],[23.8072189,44.2127998],[23.8070782,44.2125793],[23.8077148,44.2125585],[23.8077918,44.2124714],[23.807327,44.2116578],[23.8007967,44.2111209],[23.7985949,44.2109108],[23.7961735,44.2106713],[23.7945327,44.2104921],[23.7939595,44.210423],[23.7931291,44.2103392],[23.79305,44.2105815],[23.7934812,44.2106264],[23.7934508,44.2107152],[23.7931712,44.2107086],[23.7930334,44.2110053],[23.792787,44.2109021],[23.7924898,44.2108151],[23.7922875,44.2107744],[23.7913021,44.2107008],[23.7911129,44.2105726],[23.790988,44.2105121],[23.7913347,44.2101731],[23.7902435,44.2100379],[23.7892783,44.2099366],[23.7891173,44.2099142],[23.7887049,44.2098651],[23.7885682,44.209845],[23.788137,44.2097964],[23.7877274,44.2097397],[23.7875262,44.20972],[23.787307,44.2097062],[23.7863987,44.2096265],[23.7862939,44.2096139],[23.7861937,44.2096064],[23.7859894,44.2095812],[23.7858918,44.2095742],[23.7857728,44.2095532],[23.7857435,44.2096051],[23.7853426,44.2095652],[23.7849288,44.2095155],[23.7847341,44.2095006],[23.7845225,44.2094747],[23.7841456,44.2094426],[23.7840205,44.2094249],[23.783807,44.209383],[23.7831411,44.209271],[23.7830007,44.2092415],[23.7829242,44.2092299],[23.7826524,44.2091709],[23.7824383,44.2091298],[23.7815943,44.2089943],[23.7812596,44.2089348],[23.7811484,44.2089236],[23.7810749,44.2089221],[23.7809659,44.2089352],[23.7811182,44.2093253],[23.7811417,44.2094424],[23.7811455,44.2095701],[23.7811363,44.2101059],[23.7810812,44.2106065],[23.781091,44.2109878],[23.7810672,44.2112162],[23.7809745,44.2112943],[23.7807997,44.2113961],[23.7804366,44.2115414],[23.780096,44.2117099],[23.7795696,44.2119297],[23.7798535,44.2119996],[23.7842214,44.2127433],[23.7859855,44.2129902],[23.7879682,44.2133092],[23.7888799,44.2134899],[23.7891338,44.2135559],[23.7891822,44.2137654],[23.7891348,44.2139295],[23.7891038,44.2141507],[23.7890038,44.2143016],[23.7889291,44.2145097],[23.7886997,44.2145325],[23.7884711,44.2145237],[23.7884515,44.2146185],[23.7883247,44.214788],[23.7883054,44.2148256],[23.7881424,44.2148015],[23.7871041,44.2146989],[23.7870977,44.2147761],[23.7874539,44.2148101],[23.7873958,44.2150047],[23.7872766,44.215055],[23.7872213,44.2150741],[23.7871933,44.2152423],[23.787081,44.2153317],[23.7866996,44.2154732],[23.7863468,44.2155074],[23.7859485,44.2156107],[23.7855257,44.2156252],[23.7850504,44.21562],[23.7846015,44.2156215],[23.7840813,44.2156602],[23.783563,44.2156103],[23.7832196,44.2156129],[23.7829481,44.2155467],[23.7828101,44.2154122],[23.7827952,44.2152854],[23.7828963,44.2150776],[23.7828102,44.2149881],[23.7822739,44.2149569],[23.7818422,44.2149713],[23.7816036,44.2150193],[23.7813984,44.21515],[23.7811945,44.2152175],[23.7806759,44.2151802],[23.7802455,44.2151375],[23.7799628,44.2151851],[23.7797502,44.2152525],[23.7792164,44.215101],[23.7789021,44.2149774],[23.7778223,44.214839],[23.7769275,44.21469],[23.7761371,44.2146054],[23.7755308,44.2145545],[23.7753266,44.2146346],[23.775079,44.2146889],[23.7748786,44.2145917],[23.7744845,44.2144988],[23.7740372,44.214418],[23.7739687,44.2143286],[23.7743501,44.2141935],[23.7744395,44.2141248],[23.7742824,44.2140598],[23.7744269,44.2138904],[23.7745362,44.2137144],[23.7747257,44.2134949],[23.7748342,44.2133568],[23.7751637,44.2131768],[23.7751301,44.2131004],[23.7749363,44.2131046],[23.7745199,44.2132331],[23.7742706,44.2133696],[23.7740826,44.2135195],[23.7738075,44.2136241],[23.7736835,44.2136608],[23.7736249,44.2135145],[23.7735457,44.2135137],[23.7733395,44.213695],[23.7731693,44.2138324],[23.77302,44.2138181],[23.7729153,44.2137727],[23.7728609,44.213848],[23.772603,44.2139718],[23.7723469,44.2140134],[23.7722069,44.2139738],[23.7721204,44.2139033],[23.7719886,44.2138892],[23.7718382,44.2139255],[23.7716703,44.2139553],[23.7713625,44.2139456],[23.7712387,44.2139696],[23.7712987,44.2140462],[23.7715622,44.2140744],[23.7719194,44.2142493],[23.7722509,44.2143922],[23.7721527,44.2144544],[23.7719939,44.2144717],[23.7717389,44.2144625],[23.7715184,44.2144791],[23.7713066,44.2145085],[23.7710351,44.2144422],[23.7707351,44.2144769],[23.7701353,44.2145336],[23.7697474,44.2145611],[23.7693414,44.2146136],[23.7689179,44.2146596],[23.7685727,44.2147508],[23.7680004,44.2147572],[23.7675536,44.2146573],[23.7672568,44.2145401],[23.7670934,44.2143547],[23.7669266,44.2143339],[23.7669448,44.2147203],[23.7666679,44.2149135],[23.7661628,44.2150726],[23.7657145,44.2150423],[23.765196,44.2149986],[23.7644741,44.2150034],[23.7639534,44.2150673],[23.7636234,44.2152726],[23.7633671,44.2153204],[23.7630834,44.2154122],[23.762696,44.2154206],[23.7625133,44.2153173],[23.7621791,44.215301],[23.761721,44.2153213],[23.7609747,44.2152308],[23.7599373,44.2151687],[23.7588986,44.2151699],[23.7584064,44.2151328],[23.7578383,44.2153544],[23.7570866,44.2155171],[23.7563642,44.2155471],[23.755751,44.2154073],[23.7551907,44.2152619],[23.7545087,44.2150454],[23.7539211,44.2149439],[23.7537647,44.2148472],[23.7538304,44.214658],[23.7537974,44.2145564],[23.7535294,44.2143255],[23.752893,44.2140399],[23.7521368,44.2135884],[23.7517685,44.2131158],[23.7512187,44.2128944],[23.7504699,44.2125126],[23.749676,44.2121809],[23.7491764,44.2120804],[23.7484765,44.2118827],[23.747847,44.2116858],[23.7469771,44.2116128],[23.7463349,44.2115993],[23.7457895,44.2115806],[23.7450949,44.2115475],[23.7444863,44.211604],[23.744098,44.2116503],[23.7439046,44.2116418],[23.7435075,44.211688],[23.7432315,44.2118306],[23.743024,44.2120688],[23.7427393,44.2122049],[23.7424473,44.2122776],[23.7423043,44.2123805],[23.7418146,44.2126345],[23.741577,44.212635],[23.7411913,44.2127637],[23.7409096,44.2129694],[23.7407282,44.2132175],[23.740441,44.2134707],[23.7402006,44.2135977],[23.7399935,44.2138138],[23.7397711,44.2139221],[23.7397546,44.2140642],[23.7397609,44.2141013],[23.7396166,44.2141931],[23.7393279,44.2143998],[23.7391195,44.214503],[23.7388631,44.2146407],[23.7390228,44.214733],[23.7392146,44.2148024],[23.7393583,44.2149177],[23.7395171,44.2152748],[23.7393408,44.2153781],[23.7390843,44.2155157],[23.7388598,44.215665],[23.7386513,44.2158142],[23.7385391,44.2158601],[23.7382348,44.2159516],[23.7378344,44.2160431],[23.7375301,44.2161346],[23.7373058,44.2162148],[23.7371775,44.2162951],[23.7370014,44.2163294],[23.7367292,44.2163634],[23.7365691,44.2163977],[23.7361692,44.216351],[23.7359133,44.2163045],[23.7353698,44.216131],[23.7350339,44.2160729],[23.7342663,44.2159219],[23.7339944,44.2158755],[23.7330507,44.2157357],[23.7325709,44.2156428],[23.7323791,44.215585],[23.7324747,44.2157117],[23.7325223,44.2158154],[23.732554,44.2159305],[23.7325693,44.2161262],[23.7325692,44.2163375],[23.732578,44.2164755],[23.7326951,44.216515],[23.7326879,44.2165737],[23.7326851,44.2167044],[23.7325876,44.2167649],[23.7323171,44.2169016],[23.7318116,44.2171976],[23.7314262,44.2173922],[23.7311867,44.2175031],[23.7309415,44.21761],[23.730832,44.2176044],[23.7302063,44.2171794],[23.7301196,44.2172588],[23.7299429,44.2173661],[23.7298329,44.2174902],[23.729804,44.2175653],[23.7297057,44.2176169],[23.7296706,44.2176849],[23.729602,44.2177397],[23.7295962,44.2178223],[23.7296476,44.21783],[23.7298228,44.2178833],[23.7299059,44.2179826],[23.7298915,44.2180052],[23.7296502,44.2180737],[23.7294833,44.2179526],[23.7293189,44.2178418],[23.7290764,44.2178437],[23.7290342,44.2179122],[23.7289524,44.2180639],[23.7287191,44.218064],[23.7284307,44.2180415],[23.7277991,44.2179748],[23.7276652,44.2180046],[23.7276249,44.2180925],[23.7276297,44.2182233],[23.7275218,44.2182387],[23.7273321,44.2182457],[23.7268797,44.2181313],[23.7262815,44.2176344],[23.7260306,44.2174974],[23.726016,44.2175011],[23.7259602,44.2175331],[23.7258726,44.2176129],[23.7259069,44.2176829],[23.7259491,44.217753],[23.725987,44.2179476],[23.7259257,44.2181096],[23.7258081,44.2181318],[23.7252294,44.218022],[23.7244121,44.2179977],[23.7240238,44.2179933],[23.7234807,44.2178281],[23.7231985,44.2176848],[23.7228208,44.2175651],[23.7224421,44.217361],[23.7224159,44.2173665],[23.7222839,44.2174396],[23.7224464,44.2176637],[23.7226355,44.2179451],[23.7226466,44.218027],[23.722633,44.2180608],[23.7224295,44.2180722],[23.7221625,44.2181243],[23.7219429,44.2181447],[23.7218693,44.2181072],[23.7217877,44.218143],[23.721665,44.2182073],[23.7212159,44.2182295],[23.7207196,44.2181917],[23.7201646,44.2181979],[23.7199708,44.2181874],[23.719876,44.2181442],[23.719788,44.2180342],[23.7196766,44.2177828],[23.7196146,44.217693],[23.7195631,44.2176935],[23.71953,44.217701],[23.7194682,44.2177278],[23.7194037,44.2177863],[23.7194051,44.2178124],[23.7194258,44.2178278],[23.7194304,44.2178787],[23.7194007,44.2179238],[23.7194149,44.2179762],[23.7194097,44.2180353],[23.7194343,44.2180493],[23.7194371,44.2180975],[23.7194259,44.2181689],[23.7193815,44.218189],[23.7193811,44.2182083],[23.7192793,44.2182277],[23.7192094,44.2182723],[23.7191041,44.218278],[23.7189465,44.2182754],[23.718485,44.218311],[23.7180615,44.2183551],[23.7178788,44.2183869],[23.7176456,44.2184169],[23.7173797,44.2184919],[23.7172315,44.2184985],[23.7171794,44.2185052],[23.7171307,44.2185165],[23.7170464,44.2185175],[23.7170172,44.2185106],[23.7169839,44.2184885],[23.7169199,44.2184186],[23.7168282,44.2183004],[23.7167548,44.2182251],[23.7166856,44.2181868],[23.7166368,44.2181547],[23.7165146,44.2180934],[23.7164096,44.2180566],[23.716333,44.2180412],[23.7161144,44.2180098],[23.7159965,44.2179986],[23.7158546,44.2179772],[23.7158768,44.2172613],[23.715908,44.2164897],[23.7159234,44.215718],[23.715943,44.214188],[23.7159825,44.2122892],[23.7159774,44.21191],[23.7160084,44.2111463],[23.715983,44.2107635],[23.7158891,44.2096317],[23.7158442,44.2088865],[23.7157664,44.2080058],[23.7157287,44.2075133],[23.7157006,44.2069495],[23.7155571,44.2050317],[23.7155406,44.2047568],[23.7154938,44.2042069],[23.7153348,44.2020242],[23.7153034,44.2015069],[23.7152592,44.2009525]]]}},{"type":"Feature","properties":{"entity_id":"osm-r9695119","jurisdiction":"RO","display_name":"BRATOVOEȘTI","display_type":"commune","admin_level":8,"tier":"local","legal_registry":"SIRUTA","legal_id":"71199","legal_type":"commune","parent_catalog_id":"osm-r2366970","osm_relation_id":9695119,"legal_identity_status":"reconciled","geometry_source":"OpenStreetMap","geometry_precision":"master_coordinate_fidelity"},"geometry":{"type":"Polygon","coordinates":[[[23.9524383,44.0868668],[23.9534386,44.0886989],[23.9532642,44.0887871],[23.95219,44.0891042],[23.9521715,44.0892372],[23.9532841,44.0912996],[23.9533446,44.0915236],[23.9537392,44.0921244],[23.9541657,44.0929232],[23.9545096,44.09363],[23.9545883,44.0940884],[23.9547987,44.0943143],[23.9552181,44.0954427],[23.9552839,44.0955088],[23.9554985,44.0954859],[23.9563863,44.0953049],[23.9576685,44.0949597],[23.958783,44.0946008],[23.9621559,44.1049358],[23.9627281,44.1064759],[23.9659752,44.1054332],[23.9699031,44.1042838],[23.9711556,44.1037746],[23.9725155,44.1033034],[23.9729335,44.1032818],[23.9731163,44.1083576],[23.9704306,44.1092057],[23.9698396,44.1094958],[23.9691991,44.1097372],[23.9655464,44.1101587],[23.9656415,44.1102665],[23.9659293,44.1104129],[23.9673062,44.1108733],[23.9675128,44.1109893],[23.9675916,44.1114151],[23.9674932,44.1117592],[23.9674773,44.1123862],[23.9677263,44.1130712],[23.9678558,44.1144864],[23.9681622,44.1150167],[23.9687657,44.1153449],[23.9690745,44.1156375],[23.9693875,44.1157448],[23.9654478,44.1174199],[23.9662491,44.1183564],[23.9656343,44.1186115],[23.9661483,44.1192309],[23.9654803,44.1195184],[23.9658285,44.1199607],[23.9642254,44.1206125],[23.965844,44.1224263],[23.9662135,44.1227604],[23.9666063,44.123399],[23.9674519,44.1241253],[23.9681791,44.1249268],[23.9692944,44.1271695],[23.9692916,44.1273233],[23.9697429,44.1287684],[23.9697683,44.1292888],[23.9702109,44.1305059],[23.9715316,44.1333946],[23.9719046,44.133728],[23.9720373,44.13407],[23.9720138,44.1343287],[23.9720774,44.1346609],[23.9729473,44.1372404],[23.9780557,44.1364231],[23.9782153,44.1363976],[23.9786776,44.1375055],[23.9792936,44.1381537],[23.9792801,44.1385686],[23.9796367,44.1394083],[23.9799166,44.1404493],[23.9782876,44.1408102],[23.9775351,44.141019],[23.9764757,44.1411489],[23.9759881,44.1411201],[23.9754769,44.1411344],[23.9750262,44.1412128],[23.9747535,44.1411913],[23.9745612,44.1416082],[23.9733465,44.1420475],[23.9732688,44.1419579],[23.97116,44.1425216],[23.9698264,44.1427992],[23.9708366,44.1461472],[23.9808237,44.144388],[23.982163,44.1504088],[23.9806994,44.1506139],[23.9792361,44.1508755],[23.9803047,44.1529528],[23.9804301,44.1531985],[23.9772989,44.1543244],[23.9765262,44.1545473],[23.9748157,44.1552301],[23.9734464,44.155702],[23.9726217,44.1559142],[23.9705844,44.1567127],[23.9695867,44.1569846],[23.9657664,44.1584826],[23.9648441,44.1589582],[23.9646181,44.1589598],[23.964225,44.1591225],[23.9635638,44.1593067],[23.9566136,44.161891],[23.9508179,44.1639748],[23.9493321,44.164392],[23.9488223,44.164742],[23.9482442,44.1648506],[23.9477896,44.1648479],[23.9478923,44.1655601],[23.9480171,44.1658601],[23.9482813,44.1657753],[23.9487122,44.1657897],[23.948944,44.1656929],[23.9491946,44.1654603],[23.9494658,44.1652996],[23.9497358,44.1657501],[23.949266,44.1661416],[23.948514,44.1664985],[23.9468951,44.1671127],[23.9446349,44.1676165],[23.9435763,44.1675857],[23.9429721,44.167796],[23.9427895,44.1678595],[23.9419799,44.1681413],[23.9419884,44.1663421],[23.9391453,44.1664655],[23.9358206,44.1667098],[23.9355282,44.164999],[23.9348479,44.16495],[23.9327495,44.1646151],[23.9314805,44.1642264],[23.9308718,44.1639464],[23.9290128,44.1651311],[23.9288488,44.1650944],[23.9237251,44.1633321],[23.9227638,44.163076],[23.9221424,44.1627021],[23.9211577,44.162446],[23.91983,44.1619677],[23.9194777,44.1618876],[23.9191963,44.1618849],[23.9189853,44.1617662],[23.9178312,44.1614698],[23.9154864,44.1606064],[23.9091966,44.1577734],[23.9069759,44.1566882],[23.9060201,44.1563087],[23.9056681,44.1562413],[23.9048056,44.1556927],[23.9044983,44.1553329],[23.9041958,44.1553616],[23.9027757,44.1557458],[23.9000641,44.1565884],[23.8989074,44.1570408],[23.8981637,44.1575391],[23.8972279,44.1578877],[23.8964329,44.1554285],[23.8951566,44.1528509],[23.8935351,44.1530457],[23.8900281,44.1539152],[23.8885724,44.1543422],[23.8868961,44.1533222],[23.8860632,44.1529139],[23.8848241,44.1521589],[23.8831552,44.1513395],[23.8827141,44.1510612],[23.8811255,44.1521897],[23.8789024,44.1508454],[23.8772245,44.1497169],[23.8757213,44.1488213],[23.8754604,44.1487285],[23.8750904,44.148505],[23.8742979,44.1478957],[23.8732506,44.1472479],[23.8708787,44.1458546],[23.869708,44.1450693],[23.8689209,44.1446809],[23.8698377,44.1444048],[23.8714228,44.1438017],[23.874773,44.1413732],[23.8740338,44.1409541],[23.8717914,44.139499],[23.8630276,44.1343591],[23.8617117,44.1334927],[23.8609629,44.1347588],[23.8602313,44.1357176],[23.8599126,44.1362661],[23.8594336,44.1367461],[23.8586113,44.1372821],[23.8576469,44.1378099],[23.8572744,44.13795],[23.8570633,44.1387609],[23.8559349,44.1382326],[23.8545303,44.1377551],[23.8536551,44.1376128],[23.8537653,44.1363028],[23.8542411,44.135217],[23.8551322,44.1341899],[23.8570439,44.1332551],[23.8595713,44.1318084],[23.8616492,44.1301117],[23.862771,44.1288961],[23.8631644,44.1281367],[23.8631849,44.1271807],[23.8629958,44.1262736],[23.8630154,44.1252686],[23.863634,44.1237783],[23.8640696,44.1233756],[23.8643726,44.1230954],[23.8653479,44.122584],[23.86598,44.1223472],[23.8667555,44.1221812],[23.8677702,44.122122],[23.8683968,44.122163],[23.8697375,44.122846],[23.8704676,44.1232966],[23.8715778,44.1244601],[23.8720791,44.1252806],[23.8723891,44.1270744],[23.8729359,44.1280904],[23.8734759,44.1281845],[23.8737693,44.1282938],[23.8754194,44.1282926],[23.8757922,44.128119],[23.8779724,44.1264142],[23.8788429,44.1258044],[23.8791409,44.1240472],[23.8793096,44.122146],[23.8799506,44.1197262],[23.8796286,44.1181088],[23.8760184,44.1117153],[23.8756855,44.1109873],[23.8755685,44.110563],[23.8757082,44.1097926],[23.8767835,44.1076751],[23.8777979,44.1061599],[23.8782144,44.1049934],[23.877909,44.1041142],[23.877805,44.1029911],[23.8771252,44.1017536],[23.8766435,44.1007125],[23.8766196,44.100499],[23.8771045,44.0991295],[23.8775344,44.0971508],[23.8771028,44.094843],[23.8762453,44.0934622],[23.8748419,44.0921739],[23.8750629,44.091294],[23.8763756,44.0902289],[23.8774295,44.0884751],[23.8780961,44.0856393],[23.877945,44.0828933],[23.8769699,44.0810145],[23.8758365,44.0768812],[23.8759462,44.0752726],[23.8772636,44.0721155],[23.8803406,44.0707876],[23.8838439,44.0706284],[23.887781,44.0712497],[23.8932323,44.071946],[23.8963456,44.0719766],[23.8980738,44.07124],[23.8986769,44.0714887],[23.8991079,44.0715405],[23.8993001,44.0716346],[23.8996937,44.0725722],[23.9014585,44.0740456],[23.9019447,44.0746986],[23.9024172,44.0755504],[23.9032258,44.076735],[23.9041253,44.0786484],[23.9045479,44.0788369],[23.9047391,44.0790259],[23.9049111,44.0789981],[23.9049292,44.0785832],[23.9052791,44.0786147],[23.9059499,44.0788458],[23.906102,44.0790392],[23.9065895,44.0793527],[23.9070285,44.0794833],[23.9074499,44.0796869],[23.907463,44.0800338],[23.9073913,44.0802012],[23.9091195,44.080492],[23.9100345,44.0803798],[23.9105812,44.0802413],[23.9114543,44.0802432],[23.9119104,44.0804265],[23.9123449,44.0807818],[23.9122324,44.0808999],[23.9122201,44.0810654],[23.9123292,44.0811327],[23.9147553,44.0820875],[23.9148716,44.082093],[23.9151615,44.0819257],[23.9156129,44.0819684],[23.916146,44.0821525],[23.9164287,44.0823112],[23.9162653,44.082445],[23.916409,44.0825513],[23.9166004,44.0825084],[23.9168595,44.0826451],[23.9174795,44.0828295],[23.9182545,44.0833798],[23.9192815,44.0833425],[23.9195345,44.0831339],[23.9197098,44.0831464],[23.9198608,44.0832728],[23.9201038,44.0832972],[23.920302,44.083213],[23.9203525,44.0831427],[23.9205346,44.0831647],[23.920721,44.0833385],[23.9210135,44.0834679],[23.9212728,44.0834957],[23.9214255,44.0835933],[23.9214373,44.0837149],[23.921301,44.0841719],[23.9211326,44.0844663],[23.9207317,44.0847023],[23.9203222,44.0850199],[23.919717,44.0856301],[23.9195915,44.0858478],[23.9215541,44.0872829],[23.9221171,44.0872775],[23.9205329,44.0880859],[23.9197437,44.0910695],[23.9224118,44.091427],[23.9258146,44.0917898],[23.9261449,44.0918926],[23.9263605,44.0920113],[23.9269791,44.0920855],[23.9278415,44.0919176],[23.9285088,44.0918813],[23.9319882,44.0913337],[23.9364586,44.0904279],[23.9377536,44.0902834],[23.9383255,44.0901741],[23.9396329,44.0901061],[23.9407647,44.0897109],[23.9414352,44.0895732],[23.9442005,44.0891587],[23.9444573,44.08917],[23.9450958,44.0890437],[23.9481754,44.0883805],[23.9510802,44.0872833],[23.9521228,44.0869867],[23.9524383,44.0868668]]]}},{"type":"Feature","properties":{"entity_id":"osm-r9695120","jurisdiction":"RO","display_name":"DRĂNIC","display_type":"commune","admin_level":8,"tier":"local","legal_registry":"SIRUTA","legal_id":"72221","legal_type":"commune","parent_catalog_id":"osm-r2366970","osm_relation_id":9695120,"legal_identity_status":"reconciled","geometry_source":"OpenStreetMap","geometry_precision":"master_coordinate_fidelity"},"geometry":{"type":"Polygon","coordinates":[[[23.8216772,44.1139416],[23.8246378,44.1136291],[23.823394,44.1065701],[23.8283032,44.1061038],[23.82785,44.1044307],[23.8294647,44.1005569],[23.8295811,44.1004917],[23.8344083,44.09942],[23.8357592,44.0988666],[23.8371568,44.0984976],[23.8427926,44.0973833],[23.8509931,44.0968121],[23.8513909,44.0967],[23.8580403,44.0974465],[23.8590838,44.0974458],[23.8598347,44.0976161],[23.8600609,44.0959056],[23.8667734,44.0962182],[23.8678677,44.0928575],[23.8692427,44.0919594],[23.8743387,44.0918714],[23.8745481,44.0909838],[23.8759012,44.0896558],[23.8755384,44.0883047],[23.8752189,44.0866037],[23.875079,44.0848831],[23.8732144,44.0849496],[23.8726502,44.0851591],[23.8696136,44.0853265],[23.8667708,44.0855455],[23.8635224,44.0858804],[23.8618143,44.0862608],[23.8607948,44.0861903],[23.8596195,44.086293],[23.8574681,44.0866676],[23.8546294,44.0869438],[23.8532135,44.0873089],[23.8526366,44.0872719],[23.8489798,44.0879021],[23.8443822,44.0899192],[23.8348441,44.0895333],[23.8316564,44.0892543],[23.8315494,44.0893024],[23.8308943,44.0930622],[23.8249412,44.0936452],[23.8243105,44.0888148],[23.8049256,44.0888789],[23.8041889,44.0753651],[23.7976674,44.0704947],[23.7847123,44.0829296],[23.7821849,44.069046],[23.7831735,44.0689803],[23.7773083,44.0412032],[23.7819723,44.0409822],[23.7786517,44.0177664],[23.7874344,44.0169268],[23.8317052,44.0123935],[23.8442786,44.0111803],[23.8471224,44.0108669],[23.8475435,44.0107249],[23.8478325,44.010521],[23.8480748,44.0104329],[23.8494499,44.0102515],[23.85101,44.010133],[23.8533693,44.0098394],[23.8629187,44.0088326],[23.863333,44.0110743],[23.8645086,44.0108204],[23.866494,44.0105961],[23.8720877,44.009406],[23.8751467,44.0088256],[23.878846,44.0083983],[23.879089,44.0083615],[23.881749,44.0081436],[23.8838389,44.0078908],[23.8886841,44.0074412],[23.8904174,44.0073509],[23.8919367,44.0068676],[23.8921191,44.0068793],[23.8923198,44.0069209],[23.8931375,44.007286],[23.8937175,44.0076223],[23.8951952,44.009099],[23.8952127,44.0097963],[23.8952884,44.0101983],[23.8952563,44.0101256],[23.8951704,44.0100667],[23.8949494,44.0100694],[23.89292,44.0102677],[23.8931314,44.0109753],[23.89307,44.0113319],[23.8929522,44.0118426],[23.8927105,44.01224],[23.8924645,44.0124614],[23.8918074,44.0127148],[23.8911702,44.0130246],[23.8900368,44.0132529],[23.8883905,44.0134785],[23.8884227,44.0141825],[23.8881711,44.0149208],[23.8876668,44.0155283],[23.8873905,44.0157182],[23.8870529,44.0161453],[23.8865101,44.0166563],[23.8864595,44.0167824],[23.8865051,44.0172119],[23.8863242,44.0177456],[23.8863351,44.0180845],[23.8861314,44.018959],[23.885961,44.0193958],[23.8855095,44.0200676],[23.884446,44.0206139],[23.884328,44.0209938],[23.8835144,44.0223509],[23.8834047,44.0226686],[23.8829497,44.0234297],[23.882711,44.0240691],[23.8826994,44.0243958],[23.8826292,44.0246057],[23.8822728,44.0254095],[23.8818305,44.0266605],[23.8812291,44.0280088],[23.8807321,44.0287781],[23.8802109,44.0293858],[23.8804404,44.0297092],[23.8793522,44.0297037],[23.8796297,44.030282],[23.8792657,44.0316204],[23.8781391,44.0330427],[23.8769595,44.0350134],[23.8761416,44.0379638],[23.8764487,44.0395834],[23.8773145,44.043136],[23.8780093,44.0443676],[23.8786442,44.045316],[23.8800047,44.0458949],[23.8817007,44.046006],[23.8839264,44.0457455],[23.8863507,44.0453456],[23.8895067,44.0442464],[23.8930508,44.0433393],[23.895339,44.0432206],[23.8988571,44.0436791],[23.9002565,44.0456711],[23.9005644,44.0466633],[23.9001308,44.048873],[23.8986799,44.0496124],[23.8968477,44.0497828],[23.8926868,44.0487527],[23.8901435,44.0485392],[23.8864406,44.0509048],[23.883231,44.0547825],[23.8820927,44.0564899],[23.8811252,44.0600131],[23.8821955,44.0615618],[23.8853075,44.0626742],[23.8877016,44.0629864],[23.893154,44.0635298],[23.8947059,44.0640989],[23.8975379,44.0648834],[23.8985026,44.0657518],[23.899021,44.0667505],[23.8992756,44.0681172],[23.8989493,44.0698895],[23.8984903,44.0706804],[23.8980738,44.07124],[23.8963456,44.0719766],[23.8932323,44.071946],[23.887781,44.0712497],[23.8838439,44.0706284],[23.8803406,44.0707876],[23.8772636,44.0721155],[23.8759462,44.0752726],[23.8758365,44.0768812],[23.8769699,44.0810145],[23.877945,44.0828933],[23.8780961,44.0856393],[23.8774295,44.0884751],[23.8763756,44.0902289],[23.8750629,44.091294],[23.8748419,44.0921739],[23.8762453,44.0934622],[23.8771028,44.094843],[23.8775344,44.0971508],[23.8771045,44.0991295],[23.8766196,44.100499],[23.8766435,44.1007125],[23.8771252,44.1017536],[23.877805,44.1029911],[23.877909,44.1041142],[23.8782144,44.1049934],[23.8777979,44.1061599],[23.8767835,44.1076751],[23.8757082,44.1097926],[23.8755685,44.110563],[23.8756855,44.1109873],[23.8760184,44.1117153],[23.8796286,44.1181088],[23.8799506,44.1197262],[23.8793096,44.122146],[23.8791409,44.1240472],[23.8788429,44.1258044],[23.8779724,44.1264142],[23.8757922,44.128119],[23.8754194,44.1282926],[23.8737693,44.1282938],[23.8734759,44.1281845],[23.8729359,44.1280904],[23.8723891,44.1270744],[23.8720791,44.1252806],[23.8715778,44.1244601],[23.8704676,44.1232966],[23.8697375,44.122846],[23.8683968,44.122163],[23.8677702,44.122122],[23.8667555,44.1221812],[23.86598,44.1223472],[23.8653479,44.122584],[23.8643726,44.1230954],[23.8640696,44.1233756],[23.8622914,44.1229453],[23.8604844,44.1226606],[23.8588388,44.1226168],[23.8579494,44.1226773],[23.8571232,44.1229264],[23.8564703,44.123212],[23.85608,44.1234029],[23.8556168,44.1238146],[23.8552752,44.1242398],[23.8348221,44.1243124],[23.8260299,44.124464],[23.8248284,44.1244617],[23.8247535,44.1242938],[23.8250258,44.1229149],[23.8208401,44.1228759],[23.8215462,44.1203698],[23.8227526,44.1205513],[23.8216772,44.1139416]]]}},{"type":"Feature","properties":{"entity_id":"osm-r9695121","jurisdiction":"RO","display_name":"TEASC","display_type":"commune","admin_level":8,"tier":"local","legal_registry":"SIRUTA","legal_id":"74322","legal_type":"commune","parent_catalog_id":"osm-r2366970","osm_relation_id":9695121,"legal_identity_status":"reconciled","geometry_source":"OpenStreetMap","geometry_precision":"master_coordinate_fidelity"},"geometry":{"type":"Polygon","coordinates":[[[23.8640696,44.1233756],[23.863634,44.1237783],[23.8630154,44.1252686],[23.8629958,44.1262736],[23.8631849,44.1271807],[23.8631644,44.1281367],[23.862771,44.1288961],[23.8616492,44.1301117],[23.8595713,44.1318084],[23.8570439,44.1332551],[23.8551322,44.1341899],[23.8542411,44.135217],[23.8537653,44.1363028],[23.8536551,44.1376128],[23.8545303,44.1377551],[23.8559349,44.1382326],[23.8570633,44.1387609],[23.8572744,44.13795],[23.8576469,44.1378099],[23.8586113,44.1372821],[23.8594336,44.1367461],[23.8599126,44.1362661],[23.8602313,44.1357176],[23.8609629,44.1347588],[23.8617117,44.1334927],[23.8630276,44.1343591],[23.8717914,44.139499],[23.8740338,44.1409541],[23.874773,44.1413732],[23.8714228,44.1438017],[23.8698377,44.1444048],[23.8689209,44.1446809],[23.869708,44.1450693],[23.8708787,44.1458546],[23.8732506,44.1472479],[23.8742979,44.1478957],[23.8750904,44.148505],[23.8754604,44.1487285],[23.8757213,44.1488213],[23.8772245,44.1497169],[23.8789024,44.1508454],[23.8811255,44.1521897],[23.8827141,44.1510612],[23.8831552,44.1513395],[23.8848241,44.1521589],[23.8860632,44.1529139],[23.8868961,44.1533222],[23.8885724,44.1543422],[23.8900281,44.1539152],[23.8935351,44.1530457],[23.8951566,44.1528509],[23.8964329,44.1554285],[23.8972279,44.1578877],[23.8981637,44.1575391],[23.8989074,44.1570408],[23.9000641,44.1565884],[23.9027757,44.1557458],[23.9041958,44.1553616],[23.9044983,44.1553329],[23.9048056,44.1556927],[23.9056681,44.1562413],[23.9060201,44.1563087],[23.9069759,44.1566882],[23.9091966,44.1577734],[23.9154864,44.1606064],[23.9178312,44.1614698],[23.9189853,44.1617662],[23.9191963,44.1618849],[23.9194777,44.1618876],[23.91983,44.1619677],[23.9211577,44.162446],[23.9221424,44.1627021],[23.9227638,44.163076],[23.9237251,44.1633321],[23.9288488,44.1650944],[23.9290128,44.1651311],[23.9308718,44.1639464],[23.9314805,44.1642264],[23.9327495,44.1646151],[23.9348479,44.16495],[23.9355282,44.164999],[23.9358206,44.1667098],[23.9391453,44.1664655],[23.9419884,44.1663421],[23.9419799,44.1681413],[23.9388407,44.169187],[23.9373496,44.1696221],[23.9364811,44.1700616],[23.9360386,44.1707472],[23.9347747,44.1709039],[23.9340061,44.1709349],[23.9330635,44.1712345],[23.9328661,44.1712326],[23.9326506,44.1713086],[23.9319184,44.1720192],[23.9315041,44.1722519],[23.9301699,44.1723367],[23.9286588,44.1725697],[23.9269381,44.1732575],[23.9229194,44.1747514],[23.9228626,44.1747976],[23.9230526,44.1749534],[23.9212481,44.1749891],[23.9213145,44.175779],[23.9159014,44.1775129],[23.9159834,44.1779493],[23.9167529,44.1778529],[23.9168796,44.1785931],[23.9157699,44.1786498],[23.9158339,44.1789286],[23.9163659,44.1792031],[23.9172994,44.1795728],[23.9176883,44.1803684],[23.9178508,44.1808317],[23.9191514,44.1866962],[23.9195917,44.1881404],[23.9199964,44.1891483],[23.9201235,44.1893107],[23.9201857,44.1898522],[23.9200666,44.1906862],[23.9202141,44.19111],[23.9187721,44.1918421],[23.9181223,44.1920545],[23.9160824,44.1923485],[23.914282,44.1926871],[23.9143411,44.192923],[23.9145435,44.1933203],[23.9154603,44.1932269],[23.9187259,44.1931386],[23.9189715,44.194658],[23.9200749,44.1951493],[23.9210944,44.1954273],[23.9211713,44.1967907],[23.9205371,44.1967553],[23.9190457,44.1968174],[23.9182941,44.1970163],[23.9179953,44.1972001],[23.9165558,44.1991399],[23.9160826,44.1994057],[23.9157387,44.1994816],[23.9154421,44.1996295],[23.9151473,44.1998466],[23.9147145,44.200421],[23.9145487,44.2009232],[23.9140308,44.2005536],[23.9134379,44.2004514],[23.9112881,44.2004426],[23.9105735,44.2004832],[23.9095115,44.2003754],[23.9089068,44.2004154],[23.9075129,44.2007529],[23.9071375,44.2007729],[23.9064161,44.2009091],[23.9068202,44.2044548],[23.8805415,44.2077108],[23.8807421,44.2081809],[23.8809543,44.2085035],[23.8812439,44.2095509],[23.8771972,44.2102133],[23.8766823,44.2105179],[23.871695,44.2113441],[23.8669309,44.2120695],[23.8640807,44.2124617],[23.8631983,44.2125406],[23.8624707,44.2127672],[23.856764,44.21365],[23.8456439,44.2143814],[23.8489905,44.210977],[23.8504758,44.2091138],[23.8506002,44.207706],[23.8495017,44.2067028],[23.8483222,44.2060204],[23.8466912,44.2055479],[23.8444565,44.2054445],[23.8420242,44.2059021],[23.8399002,44.2058533],[23.8374877,44.205319],[23.8359044,44.2043374],[23.8349595,44.2031211],[23.8348523,44.2010287],[23.8354311,44.1991965],[23.837217,44.1973285],[23.8392627,44.196027],[23.8423309,44.1948444],[23.8456298,44.1941844],[23.8485372,44.1934987],[23.8508447,44.1921358],[23.8515755,44.1905463],[23.8516674,44.1889722],[23.850366,44.1871213],[23.8489548,44.1862099],[23.8447951,44.1844397],[23.8419789,44.1838081],[23.8388098,44.1835444],[23.8365555,44.1831218],[23.8348351,44.1826893],[23.8304608,44.1814184],[23.8286665,44.180687],[23.8272295,44.1792505],[23.8267245,44.1788925],[23.8269262,44.1789081],[23.8266404,44.1783257],[23.8264024,44.1774332],[23.8262507,44.1765606],[23.8257218,44.1747619],[23.825376,44.1733049],[23.8254998,44.1720324],[23.8256689,44.1717027],[23.8266667,44.1701294],[23.8273441,44.1693957],[23.8280812,44.1684435],[23.8296772,44.1677627],[23.8306153,44.1674896],[23.8320199,44.1667514],[23.8331811,44.1658957],[23.8340698,44.1653756],[23.8350476,44.1642392],[23.8358346,44.1627044],[23.8362988,44.1611118],[23.8354869,44.1584916],[23.8347391,44.1569946],[23.8338711,44.1560563],[23.8334512,44.1554293],[23.83357,44.1545292],[23.8340086,44.1532939],[23.83427,44.1527677],[23.834621,44.152322],[23.8346615,44.1521785],[23.8350061,44.1520022],[23.838039,44.1518381],[23.8418074,44.1517695],[23.8456883,44.1515436],[23.8485383,44.1508703],[23.8514632,44.1492891],[23.8524892,44.1481447],[23.8455615,44.1451045],[23.8481797,44.1410267],[23.8468839,44.1406172],[23.8454211,44.138682],[23.8449681,44.1394182],[23.8445827,44.1397229],[23.8437396,44.1401317],[23.84248,44.1413774],[23.841979,44.1419586],[23.840584,44.1429255],[23.8361144,44.1411994],[23.8375428,44.1399297],[23.8387742,44.1385676],[23.8392401,44.1385911],[23.839632,44.1381838],[23.8356966,44.1380214],[23.8359963,44.1361959],[23.8286068,44.135908],[23.8302866,44.12783],[23.8262112,44.1275635],[23.8248284,44.1244617],[23.8260299,44.124464],[23.8348221,44.1243124],[23.8552752,44.1242398],[23.8556168,44.1238146],[23.85608,44.1234029],[23.8564703,44.123212],[23.8571232,44.1229264],[23.8579494,44.1226773],[23.8588388,44.1226168],[23.8604844,44.1226606],[23.8622914,44.1229453],[23.8640696,44.1233756]]]}},{"type":"Feature","properties":{"entity_id":"osm-r9695122","jurisdiction":"RO","display_name":"GHINDENI","display_type":"commune","admin_level":8,"tier":"local","legal_registry":"SIRUTA","legal_id":"74915","legal_type":"commune","parent_catalog_id":"osm-r2366970","osm_relation_id":9695122,"legal_identity_status":"reconciled","geometry_source":"OpenStreetMap","geometry_precision":"master_coordinate_fidelity"},"geometry":{"type":"Polygon","coordinates":[[[23.8440856,44.2262343],[23.8427503,44.2258677],[23.8416366,44.2252933],[23.8410079,44.2242656],[23.8410365,44.2229122],[23.8408683,44.2205087],[23.8408884,44.21956],[23.841062,44.2184465],[23.8413742,44.2175819],[23.8422166,44.2167771],[23.8456439,44.2143814],[23.856764,44.21365],[23.8624707,44.2127672],[23.8631983,44.2125406],[23.8640807,44.2124617],[23.8669309,44.2120695],[23.871695,44.2113441],[23.8766823,44.2105179],[23.8771972,44.2102133],[23.8812439,44.2095509],[23.8809543,44.2085035],[23.8807421,44.2081809],[23.8805415,44.2077108],[23.9068202,44.2044548],[23.9064161,44.2009091],[23.9071375,44.2007729],[23.9075129,44.2007529],[23.9089068,44.2004154],[23.9095115,44.2003754],[23.9105735,44.2004832],[23.9112881,44.2004426],[23.9134379,44.2004514],[23.9140308,44.2005536],[23.9145487,44.2009232],[23.9147145,44.200421],[23.9151473,44.1998466],[23.9154421,44.1996295],[23.9157387,44.1994816],[23.9160826,44.1994057],[23.9165558,44.1991399],[23.9179953,44.1972001],[23.9182941,44.1970163],[23.9190457,44.1968174],[23.9205371,44.1967553],[23.9211713,44.1967907],[23.9210944,44.1954273],[23.9200749,44.1951493],[23.9189715,44.194658],[23.9187259,44.1931386],[23.9154603,44.1932269],[23.9145435,44.1933203],[23.9143411,44.192923],[23.914282,44.1926871],[23.9160824,44.1923485],[23.9181223,44.1920545],[23.9187721,44.1918421],[23.9202141,44.19111],[23.9200666,44.1906862],[23.9201857,44.1898522],[23.9201235,44.1893107],[23.9199964,44.1891483],[23.9195917,44.1881404],[23.9191514,44.1866962],[23.9178508,44.1808317],[23.9176883,44.1803684],[23.9172994,44.1795728],[23.9163659,44.1792031],[23.9158339,44.1789286],[23.9157699,44.1786498],[23.9168796,44.1785931],[23.9167529,44.1778529],[23.9159834,44.1779493],[23.9159014,44.1775129],[23.9213145,44.175779],[23.9212481,44.1749891],[23.9230526,44.1749534],[23.9228626,44.1747976],[23.9229194,44.1747514],[23.9269381,44.1732575],[23.9286588,44.1725697],[23.9301699,44.1723367],[23.9315041,44.1722519],[23.9319184,44.1720192],[23.9326506,44.1713086],[23.9328661,44.1712326],[23.9330635,44.1712345],[23.9340061,44.1709349],[23.9347747,44.1709039],[23.9360386,44.1707472],[23.9364811,44.1700616],[23.9373496,44.1696221],[23.9388407,44.169187],[23.9419799,44.1681413],[23.9427895,44.1678595],[23.9445861,44.1708731],[23.946727,44.1728327],[23.9471338,44.1735629],[23.9482022,44.1757831],[23.9487742,44.1766835],[23.9504141,44.1796936],[23.9513891,44.1817491],[23.9517319,44.1823142],[23.951963,44.1823755],[23.9521113,44.1825017],[23.9522616,44.1830239],[23.9520319,44.1836607],[23.9521637,44.1842833],[23.9545265,44.1846417],[23.9559786,44.1847973],[23.9562916,44.1866104],[23.955898,44.1867896],[23.955783,44.187194],[23.9557769,44.1875324],[23.9555715,44.1877808],[23.9547846,44.1881401],[23.9558199,44.1904611],[23.956019,44.1912024],[23.9562351,44.1915907],[23.9564144,44.1921299],[23.9566856,44.1924938],[23.9579918,44.1952255],[23.9582316,44.1958384],[23.9640652,44.196078],[23.9652493,44.1989217],[23.9669966,44.2037667],[23.9631355,44.2049003],[23.9676237,44.2144912],[23.9671081,44.214771],[23.9667288,44.2149046],[23.9651581,44.2157279],[23.9542634,44.2219774],[23.949874,44.2242506],[23.9381126,44.2302289],[23.9376123,44.2297997],[23.9357634,44.2306955],[23.9357251,44.2305983],[23.9358661,44.2298296],[23.9361013,44.229228],[23.9363213,44.2288356],[23.936616,44.2285413],[23.9368148,44.2284517],[23.9374927,44.227416],[23.9384708,44.2267416],[23.9385353,44.2266501],[23.9384966,44.2263885],[23.9385546,44.2262549],[23.9388986,44.2259759],[23.9392423,44.2258698],[23.9393061,44.2257038],[23.9392226,44.2246577],[23.9391528,44.2244472],[23.9360342,44.2233803],[23.9324288,44.2233542],[23.9286455,44.2237675],[23.9285726,44.2239051],[23.9286246,44.2243947],[23.9282095,44.2248013],[23.927056,44.225207],[23.9267895,44.2253657],[23.926487,44.2256384],[23.9256776,44.2260324],[23.9251626,44.2258509],[23.9245064,44.2254761],[23.9243327,44.2251824],[23.9242188,44.2244062],[23.9240847,44.2241175],[23.9239149,44.2240312],[23.9229182,44.2239713],[23.9227056,44.2238712],[23.9226249,44.223772],[23.9225044,44.2234492],[23.9220058,44.2236694],[23.9216088,44.2237707],[23.9202626,44.2237363],[23.9183112,44.2238416],[23.9172088,44.2240861],[23.9163238,44.2243831],[23.9160897,44.2244171],[23.9122181,44.2245994],[23.9115231,44.2247137],[23.910826,44.2248894],[23.9093556,44.2248051],[23.9080722,44.2245836],[23.9073225,44.2243848],[23.9064905,44.2235314],[23.9063147,44.2234323],[23.9055712,44.2247014],[23.9049356,44.2247111],[23.9046302,44.2247354],[23.9044186,44.2247727],[23.9043476,44.224769],[23.9041293,44.2246892],[23.9039943,44.2247892],[23.9037582,44.2248271],[23.903123,44.2248991],[23.9022367,44.2249755],[23.9014369,44.225091],[23.8938038,44.2260718],[23.8914574,44.2263241],[23.8908835,44.2263679],[23.8906943,44.2263722],[23.889912,44.2265231],[23.8894431,44.2266036],[23.8860456,44.2269423],[23.8858856,44.2269789],[23.8854789,44.2270408],[23.8848003,44.2271902],[23.8842478,44.22732],[23.8836912,44.2273335],[23.8825367,44.2274459],[23.8805929,44.2276977],[23.8805376,44.2273949],[23.8799476,44.2250804],[23.8795671,44.223775],[23.8790718,44.2219556],[23.877774,44.2221248],[23.8763712,44.2222611],[23.8756933,44.222404],[23.8752844,44.222466],[23.874133,44.2226072],[23.8736744,44.2226093],[23.873256,44.2226452],[23.8724228,44.2227736],[23.8720132,44.2228329],[23.8704069,44.2230403],[23.8693259,44.2231631],[23.8690532,44.2232535],[23.8682909,44.2233813],[23.8678541,44.223432],[23.8675303,44.2234203],[23.8672533,44.2234302],[23.8646463,44.2237542],[23.8623428,44.2240121],[23.8606578,44.224167],[23.859489,44.2243003],[23.8572768,44.2245841],[23.8543182,44.224921],[23.8449519,44.2259554],[23.8440856,44.2262343]]]}},{"type":"Feature","properties":{"entity_id":"osm-r9695123","jurisdiction":"RO","display_name":"LEU","display_type":"commune","admin_level":8,"tier":"local","legal_registry":"SIRUTA","legal_id":"72926","legal_type":"commune","parent_catalog_id":"osm-r2366970","osm_relation_id":9695123,"legal_identity_status":"reconciled","geometry_source":"OpenStreetMap","geometry_precision":"master_coordinate_fidelity"},"geometry":{"type":"Polygon","coordinates":[[[24.0002968,44.2594094],[23.9975799,44.2558342],[23.9949603,44.2522142],[23.9895528,44.2452733],[23.987816,44.2427418],[23.9817144,44.2343639],[23.9786361,44.2300116],[23.9752427,44.2254448],[23.9671081,44.214771],[23.9676237,44.2144912],[23.9631355,44.2049003],[23.9669966,44.2037667],[23.9652493,44.1989217],[23.9640652,44.196078],[23.9582316,44.1958384],[23.9579918,44.1952255],[23.9566856,44.1924938],[23.9564144,44.1921299],[23.9562351,44.1915907],[23.956019,44.1912024],[23.9558199,44.1904611],[23.9547846,44.1881401],[23.9555715,44.1877808],[23.9557769,44.1875324],[23.955783,44.187194],[23.955898,44.1867896],[23.9562916,44.1866104],[23.9559786,44.1847973],[23.9545265,44.1846417],[23.9521637,44.1842833],[23.9520319,44.1836607],[23.9522616,44.1830239],[23.9521113,44.1825017],[23.951963,44.1823755],[23.9517319,44.1823142],[23.9513891,44.1817491],[23.9504141,44.1796936],[23.9487742,44.1766835],[23.9482022,44.1757831],[23.9471338,44.1735629],[23.946727,44.1728327],[23.9445861,44.1708731],[23.9427895,44.1678595],[23.9429721,44.167796],[23.9435763,44.1675857],[23.9446349,44.1676165],[23.9468951,44.1671127],[23.948514,44.1664985],[23.949266,44.1661416],[23.9497358,44.1657501],[23.9494658,44.1652996],[23.9491946,44.1654603],[23.948944,44.1656929],[23.9487122,44.1657897],[23.9482813,44.1657753],[23.9480171,44.1658601],[23.9478923,44.1655601],[23.9477896,44.1648479],[23.9482442,44.1648506],[23.9488223,44.164742],[23.9493321,44.164392],[23.9508179,44.1639748],[23.9566136,44.161891],[23.9635638,44.1593067],[23.964225,44.1591225],[23.9646181,44.1589598],[23.9648441,44.1589582],[23.9657664,44.1584826],[23.9695867,44.1569846],[23.9705844,44.1567127],[23.9726217,44.1559142],[23.9734464,44.155702],[23.9748157,44.1552301],[23.9765262,44.1545473],[23.9772989,44.1543244],[23.9804301,44.1531985],[23.9808866,44.1542839],[23.9832691,44.1592191],[23.9908955,44.1563076],[23.9943209,44.1613052],[23.9951142,44.162305],[23.9957776,44.1633644],[23.9966479,44.162964],[23.9975282,44.1627279],[24.0002251,44.161846],[24.0050193,44.1601699],[24.0056039,44.1598897],[24.006757,44.1594778],[24.0072225,44.1592466],[24.0082564,44.1588374],[24.0103874,44.1580562],[24.0103712,44.1590382],[24.010245,44.1602958],[24.01008,44.1606879],[24.0096255,44.1611956],[24.0103956,44.1615627],[24.0105802,44.1615611],[24.0108443,44.1615287],[24.0114618,44.1613506],[24.0123712,44.160896],[24.0130042,44.1607595],[24.0222782,44.157141],[24.0289551,44.1660409],[24.0292436,44.1665492],[24.0350285,44.1642602],[24.0479333,44.1595332],[24.0493361,44.1590595],[24.0505702,44.1607462],[24.050563,44.1609777],[24.0512612,44.1620769],[24.0526864,44.1641311],[24.0557493,44.168279],[24.057661,44.1710501],[24.0716512,44.16643],[24.0657915,44.1583369],[24.0644449,44.1562464],[24.0626703,44.1533155],[24.0643951,44.1527664],[24.0677497,44.1514912],[24.0706824,44.1504496],[24.0732446,44.1494498],[24.0779654,44.147864],[24.0892307,44.1439563],[24.0875404,44.1396553],[24.0870742,44.1384926],[24.0879143,44.138328],[24.0938948,44.1369788],[24.11183,44.1330687],[24.1127007,44.1329154],[24.1178915,44.1330236],[24.1208541,44.1292613],[24.1291226,44.1275247],[24.1321964,44.1278239],[24.1324127,44.1278119],[24.1336136,44.1272444],[24.1343039,44.127034],[24.1354026,44.1266127],[24.1355609,44.1269485],[24.138795,44.134673],[24.1392905,44.1358093],[24.139345,44.1357838],[24.143028,44.1483267],[24.1456656,44.1585654],[24.1440659,44.159166],[24.1423212,44.1598461],[24.1397559,44.1608885],[24.1390704,44.1611302],[24.1350109,44.1627336],[24.1006481,44.1759547],[24.093389,44.1788265],[24.0805236,44.1838005],[24.0795974,44.1842043],[24.0779153,44.1847932],[24.0755684,44.1857251],[24.0809297,44.1926524],[24.0843006,44.1973435],[24.0844663,44.1977077],[24.0827719,44.1982753],[24.0832436,44.1992542],[24.0839865,44.2013835],[24.0841605,44.2017433],[24.0844826,44.2017723],[24.0862096,44.2014567],[24.0871718,44.2013416],[24.0874922,44.2019731],[24.0877815,44.2023319],[24.0884409,44.2040287],[24.0889863,44.2051482],[24.0896639,44.2049449],[24.0901237,44.2048835],[24.0911908,44.2049579],[24.0920687,44.2066024],[24.0963787,44.213097],[24.0989995,44.2165923],[24.1012882,44.2194841],[24.102828,44.221261],[24.099656,44.222673],[24.0967715,44.2238129],[24.0937245,44.2249249],[24.0894794,44.2269128],[24.085323,44.2286099],[24.0843572,44.2290575],[24.0786075,44.231279],[24.0776402,44.2315828],[24.0743992,44.2328738],[24.0723297,44.2336208],[24.0706084,44.2343374],[24.0693464,44.2347727],[24.0600527,44.2385329],[24.0546663,44.2406368],[24.0550375,44.2410968],[24.0477133,44.2439316],[24.0363397,44.2484462],[24.0359371,44.2484912],[24.0353301,44.2487029],[24.0348968,44.2484865],[24.034331,44.2486256],[24.0342522,44.2487534],[24.0344544,44.2491517],[24.032748,44.249817],[24.0264022,44.2521587],[24.0248913,44.2499149],[24.022271,44.2508765],[24.0180955,44.2526215],[24.0164513,44.2532871],[24.0157937,44.2535241],[24.0141629,44.2540045],[24.0129196,44.2544694],[24.0107606,44.2552925],[24.0036064,44.2581918],[24.0002968,44.2594094]]]}},{"type":"Feature","properties":{"entity_id":"osm-r9695124","jurisdiction":"RO","display_name":"CASTRANOVA","display_type":"commune","admin_level":8,"tier":"local","legal_registry":"SIRUTA","legal_id":"71572","legal_type":"commune","parent_catalog_id":"osm-r2366970","osm_relation_id":9695124,"legal_identity_status":"reconciled","geometry_source":"OpenStreetMap","geometry_precision":"master_coordinate_fidelity"},"geometry":{"type":"Polygon","coordinates":[[[23.9524383,44.0868668],[23.9527644,44.0867393],[23.9530482,44.0866806],[23.9541693,44.0862464],[23.9572373,44.0855785],[23.9619744,44.0844282],[23.9641925,44.0838437],[23.9653828,44.0834763],[23.9678139,44.0825884],[23.9683812,44.0824437],[23.9695572,44.0822633],[23.9700101,44.0821544],[23.9732432,44.0810986],[23.9734449,44.0810009],[23.9737223,44.0808666],[23.9744899,44.0804765],[23.9756052,44.080217],[23.9769517,44.0800992],[23.978058,44.0799508],[23.9854781,44.0797703],[23.9908454,44.0793973],[23.9936107,44.0793624],[23.9957424,44.0790589],[23.9978193,44.0790039],[23.9991701,44.0791553],[24.0011961,44.0791216],[24.0016535,44.0791551],[24.0028995,44.0794393],[24.0042116,44.0793898],[24.0048313,44.0794619],[24.0054425,44.0795947],[24.006453,44.0801777],[24.0068421,44.0803076],[24.0216699,44.0828064],[24.0235914,44.0831748],[24.024859,44.0835368],[24.0256076,44.083982],[24.0261495,44.0844129],[24.0279645,44.085471],[24.0292253,44.0862059],[24.0295541,44.0864516],[24.0315316,44.0874308],[24.0341861,44.0890885],[24.0343942,44.0892844],[24.0353473,44.0906364],[24.0354715,44.0910632],[24.0358214,44.0914012],[24.0358681,44.0915593],[24.0362381,44.0919575],[24.0366367,44.0924975],[24.0377463,44.0943838],[24.0379979,44.0946288],[24.038017,44.0947484],[24.0382836,44.0951736],[24.0389383,44.096088],[24.0390527,44.0965487],[24.0398692,44.0974079],[24.0405843,44.098673],[24.0407864,44.0988763],[24.0409255,44.0989279],[24.0420363,44.1006457],[24.0421169,44.1009841],[24.0422706,44.1012335],[24.0426822,44.1017759],[24.0429538,44.1025227],[24.0436043,44.1024412],[24.0436326,44.1025546],[24.043679,44.1025467],[24.0494102,44.1013525],[24.0497982,44.1025455],[24.0536268,44.1130283],[24.0719336,44.1098024],[24.0722004,44.1103752],[24.0744049,44.1161469],[24.0773827,44.1231056],[24.0816066,44.1334229],[24.0819515,44.1343702],[24.0852908,44.1338286],[24.0870742,44.1384926],[24.0875404,44.1396553],[24.0892307,44.1439563],[24.0779654,44.147864],[24.0732446,44.1494498],[24.0706824,44.1504496],[24.0677497,44.1514912],[24.0643951,44.1527664],[24.0626703,44.1533155],[24.0644449,44.1562464],[24.0657915,44.1583369],[24.0716512,44.16643],[24.057661,44.1710501],[24.0557493,44.168279],[24.0526864,44.1641311],[24.0512612,44.1620769],[24.050563,44.1609777],[24.0505702,44.1607462],[24.0493361,44.1590595],[24.0479333,44.1595332],[24.0350285,44.1642602],[24.0292436,44.1665492],[24.0289551,44.1660409],[24.0222782,44.157141],[24.0130042,44.1607595],[24.0123712,44.160896],[24.0114618,44.1613506],[24.0108443,44.1615287],[24.0105802,44.1615611],[24.0103956,44.1615627],[24.0096255,44.1611956],[24.01008,44.1606879],[24.010245,44.1602958],[24.0103712,44.1590382],[24.0103874,44.1580562],[24.0082564,44.1588374],[24.0072225,44.1592466],[24.006757,44.1594778],[24.0056039,44.1598897],[24.0050193,44.1601699],[24.0002251,44.161846],[23.9975282,44.1627279],[23.9966479,44.162964],[23.9957776,44.1633644],[23.9951142,44.162305],[23.9943209,44.1613052],[23.9908955,44.1563076],[23.9832691,44.1592191],[23.9808866,44.1542839],[23.9804301,44.1531985],[23.9803047,44.1529528],[23.9792361,44.1508755],[23.9806994,44.1506139],[23.982163,44.1504088],[23.9808237,44.144388],[23.9708366,44.1461472],[23.9698264,44.1427992],[23.97116,44.1425216],[23.9732688,44.1419579],[23.9733465,44.1420475],[23.9745612,44.1416082],[23.9747535,44.1411913],[23.9750262,44.1412128],[23.9754769,44.1411344],[23.9759881,44.1411201],[23.9764757,44.1411489],[23.9775351,44.141019],[23.9782876,44.1408102],[23.9799166,44.1404493],[23.9796367,44.1394083],[23.9792801,44.1385686],[23.9792936,44.1381537],[23.9786776,44.1375055],[23.9782153,44.1363976],[23.9780557,44.1364231],[23.9729473,44.1372404],[23.9720774,44.1346609],[23.9720138,44.1343287],[23.9720373,44.13407],[23.9719046,44.133728],[23.9715316,44.1333946],[23.9702109,44.1305059],[23.9697683,44.1292888],[23.9697429,44.1287684],[23.9692916,44.1273233],[23.9692944,44.1271695],[23.9681791,44.1249268],[23.9674519,44.1241253],[23.9666063,44.123399],[23.9662135,44.1227604],[23.965844,44.1224263],[23.9642254,44.1206125],[23.9658285,44.1199607],[23.9654803,44.1195184],[23.9661483,44.1192309],[23.9656343,44.1186115],[23.9662491,44.1183564],[23.9654478,44.1174199],[23.9693875,44.1157448],[23.9690745,44.1156375],[23.9687657,44.1153449],[23.9681622,44.1150167],[23.9678558,44.1144864],[23.9677263,44.1130712],[23.9674773,44.1123862],[23.9674932,44.1117592],[23.9675916,44.1114151],[23.9675128,44.1109893],[23.9673062,44.1108733],[23.9659293,44.1104129],[23.9656415,44.1102665],[23.9655464,44.1101587],[23.9691991,44.1097372],[23.9698396,44.1094958],[23.9704306,44.1092057],[23.9731163,44.1083576],[23.9729335,44.1032818],[23.9725155,44.1033034],[23.9711556,44.1037746],[23.9699031,44.1042838],[23.9659752,44.1054332],[23.9627281,44.1064759],[23.9621559,44.1049358],[23.958783,44.0946008],[23.9576685,44.0949597],[23.9563863,44.0953049],[23.9554985,44.0954859],[23.9552839,44.0955088],[23.9552181,44.0954427],[23.9547987,44.0943143],[23.9545883,44.0940884],[23.9545096,44.09363],[23.9541657,44.0929232],[23.9537392,44.0921244],[23.9533446,44.0915236],[23.9532841,44.0912996],[23.9521715,44.0892372],[23.95219,44.0891042],[23.9532642,44.0887871],[23.9534386,44.0886989],[23.9524383,44.0868668]]]}},{"type":"Feature","properties":{"entity_id":"osm-r9695125","jurisdiction":"RO","display_name":"ROJIȘTE","display_type":"commune","admin_level":8,"tier":"local","legal_registry":"SIRUTA","legal_id":"74949","legal_type":"commune","parent_catalog_id":"osm-r2366970","osm_relation_id":9695125,"legal_identity_status":"reconciled","geometry_source":"OpenStreetMap","geometry_precision":"master_coordinate_fidelity"},"geometry":{"type":"MultiPolygon","coordinates":[[[[23.8804404,44.0297092],[23.8802109,44.0293858],[23.8807321,44.0287781],[23.8812291,44.0280088],[23.8818305,44.0266605],[23.8822728,44.0254095],[23.8826292,44.0246057],[23.8826994,44.0243958],[23.882711,44.0240691],[23.8829497,44.0234297],[23.8834047,44.0226686],[23.8835144,44.0223509],[23.884328,44.0209938],[23.884446,44.0206139],[23.8855095,44.0200676],[23.885961,44.0193958],[23.8861314,44.018959],[23.8863351,44.0180845],[23.8863242,44.0177456],[23.8865051,44.0172119],[23.8864595,44.0167824],[23.8865101,44.0166563],[23.8870529,44.0161453],[23.8873905,44.0157182],[23.8876668,44.0155283],[23.8881711,44.0149208],[23.8884227,44.0141825],[23.8883905,44.0134785],[23.8900368,44.0132529],[23.8911702,44.0130246],[23.8918074,44.0127148],[23.8924645,44.0124614],[23.8927105,44.01224],[23.8929522,44.0118426],[23.89307,44.0113319],[23.8931314,44.0109753],[23.89292,44.0102677],[23.8949494,44.0100694],[23.8951704,44.0100667],[23.8952563,44.0101256],[23.8952884,44.0101983],[23.8971785,44.009976],[23.8978382,44.0099825],[23.8986644,44.0098219],[23.899841,44.0098694],[23.9006646,44.0101637],[23.9010356,44.0103746],[23.9015991,44.0108484],[23.9021219,44.0108789],[23.9026616,44.0110073],[23.9030894,44.0112641],[23.9043708,44.0117397],[23.904967,44.0120763],[23.9051328,44.0120811],[23.9064981,44.0118118],[23.9073686,44.0117916],[23.9078739,44.0116794],[23.9082486,44.0116513],[23.9080897,44.0121033],[23.9078274,44.0125091],[23.9078183,44.0126652],[23.908234,44.0146304],[23.9083896,44.0148797],[23.9091786,44.015326],[23.9097937,44.0155632],[23.910229,44.015639],[23.9107606,44.0155271],[23.9109387,44.0154405],[23.9112379,44.0154229],[23.9116129,44.0155087],[23.9121328,44.015793],[23.9122866,44.0157964],[23.9131419,44.015668],[23.913478,44.0156829],[23.9138034,44.0155787],[23.9144936,44.015513],[23.914606,44.0155585],[23.9147151,44.0158321],[23.9149707,44.0160633],[23.915862,44.0162092],[23.9176339,44.0165842],[23.9183408,44.0166627],[23.9190336,44.0168308],[23.9221484,44.0171475],[23.9227931,44.0171692],[23.9326937,44.0168329],[23.9337791,44.0167241],[23.935374,44.0164717],[23.9353638,44.0170292],[23.935871,44.0169888],[23.936238,44.0169056],[23.9382709,44.0161023],[23.9406823,44.0154023],[23.9414916,44.0149069],[23.9421789,44.014681],[23.9495316,44.0128417],[23.949547,44.0129196],[23.9497765,44.0130871],[23.950007,44.0136655],[23.9558677,44.0125454],[23.9562742,44.0123622],[23.9571155,44.0121684],[23.9574581,44.0119118],[23.9577465,44.0118137],[23.9580618,44.0117954],[23.95934,44.0115331],[23.9631536,44.0106512],[23.9639942,44.0105275],[23.9667621,44.0170017],[23.967282,44.0180948],[23.9676697,44.0192002],[23.9681235,44.0202335],[23.9622783,44.0217268],[23.9542682,44.0236392],[23.9590884,44.0339952],[23.9491996,44.0364179],[23.9465438,44.037107],[23.9400331,44.038669],[23.9346033,44.0400724],[23.9345433,44.0362162],[23.9279726,44.0366125],[23.9224897,44.0368455],[23.9225412,44.0375177],[23.9223792,44.0393128],[23.9130161,44.0370676],[23.9103155,44.0364782],[23.9103394,44.0361653],[23.8989635,44.0339975],[23.8985577,44.0351752],[23.8980482,44.0372488],[23.8976234,44.0372502],[23.8954655,44.0336705],[23.8929175,44.0330725],[23.8804404,44.0297092]]],[[[23.970252,44.0752735],[23.9707884,44.0760774],[23.9710108,44.0765365],[23.9712238,44.0767203],[23.9715034,44.077126],[23.9718013,44.0777217],[23.9729391,44.0804386],[23.9732432,44.0810986],[23.9700101,44.0821544],[23.9695572,44.0822633],[23.9683812,44.0824437],[23.9678139,44.0825884],[23.9653828,44.0834763],[23.9641925,44.0838437],[23.9619744,44.0844282],[23.9572373,44.0855785],[23.9541693,44.0862464],[23.9530482,44.0866806],[23.9527644,44.0867393],[23.9524383,44.0868668],[23.9521228,44.0869867],[23.9510802,44.0872833],[23.9481754,44.0883805],[23.9450958,44.0890437],[23.9444573,44.08917],[23.9442005,44.0891587],[23.9414352,44.0895732],[23.9407647,44.0897109],[23.9396329,44.0901061],[23.9383255,44.0901741],[23.9377536,44.0902834],[23.9364586,44.0904279],[23.9319882,44.0913337],[23.9285088,44.0918813],[23.9278415,44.0919176],[23.9269791,44.0920855],[23.9263605,44.0920113],[23.9261449,44.0918926],[23.9258146,44.0917898],[23.9224118,44.091427],[23.9197437,44.0910695],[23.9205329,44.0880859],[23.9221171,44.0872775],[23.9215541,44.0872829],[23.9195915,44.0858478],[23.919717,44.0856301],[23.9203222,44.0850199],[23.9207317,44.0847023],[23.9211326,44.0844663],[23.921301,44.0841719],[23.9214373,44.0837149],[23.9214255,44.0835933],[23.9212728,44.0834957],[23.9210135,44.0834679],[23.920721,44.0833385],[23.9205346,44.0831647],[23.9203525,44.0831427],[23.920302,44.083213],[23.9201038,44.0832972],[23.9198608,44.0832728],[23.9197098,44.0831464],[23.9195345,44.0831339],[23.9192815,44.0833425],[23.9182545,44.0833798],[23.9174795,44.0828295],[23.9168595,44.0826451],[23.9166004,44.0825084],[23.916409,44.0825513],[23.9162653,44.082445],[23.9164287,44.0823112],[23.916146,44.0821525],[23.9156129,44.0819684],[23.9151615,44.0819257],[23.9148716,44.082093],[23.9147553,44.0820875],[23.9123292,44.0811327],[23.9122201,44.0810654],[23.9122324,44.0808999],[23.9123449,44.0807818],[23.9119104,44.0804265],[23.9114543,44.0802432],[23.9105812,44.0802413],[23.9100345,44.0803798],[23.9091195,44.080492],[23.9073913,44.0802012],[23.907463,44.0800338],[23.9074499,44.0796869],[23.9070285,44.0794833],[23.9065895,44.0793527],[23.906102,44.0790392],[23.9059499,44.0788458],[23.9052791,44.0786147],[23.9049292,44.0785832],[23.9049111,44.0789981],[23.9047391,44.0790259],[23.9045479,44.0788369],[23.9041253,44.0786484],[23.9032258,44.076735],[23.9024172,44.0755504],[23.9019447,44.0746986],[23.9014585,44.0740456],[23.8996937,44.0725722],[23.8993001,44.0716346],[23.8991079,44.0715405],[23.8986769,44.0714887],[23.8980738,44.07124],[23.8984903,44.0706804],[23.8989493,44.0698895],[23.8992756,44.0681172],[23.899021,44.0667505],[23.8985026,44.0657518],[23.8975379,44.0648834],[23.8979198,44.0623099],[23.8981921,44.0597755],[23.9012076,44.0592415],[23.9108816,44.0569206],[23.9130184,44.0563539],[23.9154797,44.0558387],[23.928139,44.0525025],[23.9323332,44.0514899],[23.9371764,44.0502193],[23.9370918,44.0498102],[23.9368885,44.0492875],[23.9363693,44.0483878],[23.9386199,44.0477478],[23.9409363,44.0469568],[23.9416649,44.0467904],[23.9443674,44.0527451],[23.9445129,44.0532118],[23.9456935,44.0519465],[23.9459794,44.0531402],[23.946432,44.0562729],[23.9467227,44.0569757],[23.946772,44.0573153],[23.9467977,44.0574924],[23.9467557,44.0578338],[23.946957,44.0585772],[23.9473706,44.0614562],[23.9473844,44.0615519],[23.9478416,44.0613095],[23.9499518,44.0607575],[23.9514144,44.0602335],[23.9548011,44.0591345],[23.9564722,44.0587346],[23.9574923,44.0583508],[23.9592254,44.0578693],[23.9614808,44.0627787],[23.9632958,44.0681157],[23.9642684,44.0704739],[23.9654001,44.072686],[23.967143,44.0760924],[23.9681544,44.0757992],[23.9698984,44.0753815],[23.970252,44.0752735]]]]}},{"type":"Feature","properties":{"entity_id":"osm-r9695126","jurisdiction":"RO","display_name":"APELE VII","display_type":"commune","admin_level":8,"tier":"local","legal_registry":"SIRUTA","legal_id":"70726","legal_type":"commune","parent_catalog_id":"osm-r2366970","osm_relation_id":9695126,"legal_identity_status":"reconciled","geometry_source":"OpenStreetMap","geometry_precision":"master_coordinate_fidelity"},"geometry":{"type":"Polygon","coordinates":[[[23.9732432,44.0810986],[23.9729391,44.0804386],[23.9718013,44.0777217],[23.9715034,44.077126],[23.9712238,44.0767203],[23.9710108,44.0765365],[23.9707884,44.0760774],[23.970252,44.0752735],[23.9700704,44.0748868],[23.9700723,44.0747757],[23.9701675,44.0746756],[23.973781,44.0740503],[23.9750477,44.073611],[23.9752229,44.0734762],[23.9769622,44.0694175],[23.9769664,44.0691762],[23.9768841,44.0689419],[23.9762359,44.0677293],[23.9774592,44.0675536],[23.9778177,44.0674323],[23.9780584,44.0672554],[23.9781776,44.0669664],[23.9783293,44.0667606],[23.9784936,44.0666549],[23.9789503,44.0665668],[23.9800232,44.0665076],[23.9813527,44.0663439],[23.9894536,44.065655],[23.9917074,44.0655117],[23.9920915,44.0654311],[23.9922929,44.065331],[23.9923776,44.0652418],[23.992425,44.0649063],[23.9925702,44.062837],[23.9928302,44.0614175],[23.9929523,44.0603955],[23.9930874,44.0585332],[23.994629,44.0590822],[23.9963403,44.0597905],[23.9986179,44.060594],[24.00313,44.0622947],[24.0052864,44.0631444],[24.0107513,44.065145],[24.0141972,44.0665316],[24.0136874,44.0600563],[24.0135485,44.0588835],[24.013453,44.0580765],[24.0133196,44.0555245],[24.0132172,44.054965],[24.0131573,44.0534303],[24.0130118,44.0520518],[24.0129847,44.0510869],[24.0129723,44.0506464],[24.0129065,44.0502041],[24.0128577,44.0498756],[24.012895,44.0496579],[24.0128638,44.0493165],[24.0127618,44.0481823],[24.0125263,44.0455975],[24.0123153,44.0433238],[24.0120119,44.0384345],[24.0118792,44.0375382],[24.0117735,44.0355347],[24.0116275,44.0347125],[24.011711,44.0343383],[24.0132927,44.0340545],[24.0141887,44.0339781],[24.0148131,44.0338593],[24.0158182,44.0335795],[24.016585,44.0334444],[24.0174949,44.0333929],[24.0183947,44.0334041],[24.0188453,44.033348],[24.0206454,44.0327413],[24.021501,44.032523],[24.022754,44.0319991],[24.0252591,44.0315069],[24.0258824,44.0313341],[24.0283105,44.0308663],[24.029587,44.0306698],[24.0338668,44.0296354],[24.0342017,44.0295005],[24.0345408,44.0294812],[24.0348877,44.0293598],[24.0375454,44.0290793],[24.0389457,44.0289808],[24.0402197,44.0287856],[24.0413063,44.0287591],[24.0430962,44.0284442],[24.0469474,44.027858],[24.047717,44.027851],[24.0486449,44.0279053],[24.0493337,44.0278027],[24.0498953,44.0276061],[24.0508615,44.0273625],[24.0534348,44.0271375],[24.0554481,44.0268672],[24.0571558,44.0267245],[24.0582544,44.0265909],[24.0591715,44.0264078],[24.0595834,44.0263208],[24.0607442,44.0303404],[24.0616053,44.0324983],[24.0619476,44.0331857],[24.0630066,44.0359311],[24.0635766,44.0371852],[24.0639945,44.0383908],[24.0652323,44.0414543],[24.0659708,44.0430568],[24.0681252,44.0469102],[24.0764226,44.0611222],[24.0781595,44.0605179],[24.0799784,44.0600582],[24.0811635,44.0596757],[24.0822551,44.0594051],[24.0841505,44.058853],[24.0859729,44.0608628],[24.0872449,44.0620021],[24.0891459,44.0638511],[24.0911985,44.0657079],[24.0937255,44.0649983],[24.0948232,44.0676951],[24.0959629,44.0698966],[24.0960291,44.0702534],[24.0961599,44.0705377],[24.0967267,44.0714003],[24.10013,44.0789179],[24.101333,44.0813808],[24.1025855,44.0841262],[24.1043502,44.0881247],[24.1087295,44.0987589],[24.1110302,44.1048701],[24.1114149,44.1056889],[24.112972,44.1094973],[24.1157826,44.116689],[24.1190217,44.1159933],[24.1205022,44.1157345],[24.1212527,44.1157885],[24.1214721,44.1157531],[24.1235551,44.1153352],[24.1239389,44.1153147],[24.1264326,44.1147155],[24.1277767,44.1144662],[24.1345264,44.1133922],[24.1364241,44.1182055],[24.1371526,44.1198638],[24.1383273,44.1226653],[24.1392333,44.1247154],[24.1400021,44.1264812],[24.1401527,44.126947],[24.1396026,44.1268025],[24.1387573,44.1266662],[24.1379592,44.1265865],[24.1374415,44.1265929],[24.1365688,44.1265759],[24.1354026,44.1266127],[24.1343039,44.127034],[24.1336136,44.1272444],[24.1324127,44.1278119],[24.1321964,44.1278239],[24.1291226,44.1275247],[24.1208541,44.1292613],[24.1178915,44.1330236],[24.1127007,44.1329154],[24.11183,44.1330687],[24.0938948,44.1369788],[24.0879143,44.138328],[24.0870742,44.1384926],[24.0852908,44.1338286],[24.0819515,44.1343702],[24.0816066,44.1334229],[24.0773827,44.1231056],[24.0744049,44.1161469],[24.0722004,44.1103752],[24.0719336,44.1098024],[24.0536268,44.1130283],[24.0497982,44.1025455],[24.0494102,44.1013525],[24.043679,44.1025467],[24.0436326,44.1025546],[24.0436043,44.1024412],[24.0429538,44.1025227],[24.0426822,44.1017759],[24.0422706,44.1012335],[24.0421169,44.1009841],[24.0420363,44.1006457],[24.0409255,44.0989279],[24.0407864,44.0988763],[24.0405843,44.098673],[24.0398692,44.0974079],[24.0390527,44.0965487],[24.0389383,44.096088],[24.0382836,44.0951736],[24.038017,44.0947484],[24.0379979,44.0946288],[24.0377463,44.0943838],[24.0366367,44.0924975],[24.0362381,44.0919575],[24.0358681,44.0915593],[24.0358214,44.0914012],[24.0354715,44.0910632],[24.0353473,44.0906364],[24.0343942,44.0892844],[24.0341861,44.0890885],[24.0315316,44.0874308],[24.0295541,44.0864516],[24.0292253,44.0862059],[24.0279645,44.085471],[24.0261495,44.0844129],[24.0256076,44.083982],[24.024859,44.0835368],[24.0235914,44.0831748],[24.0216699,44.0828064],[24.0068421,44.0803076],[24.006453,44.0801777],[24.0054425,44.0795947],[24.0048313,44.0794619],[24.0042116,44.0793898],[24.0028995,44.0794393],[24.0016535,44.0791551],[24.0011961,44.0791216],[23.9991701,44.0791553],[23.9978193,44.0790039],[23.9957424,44.0790589],[23.9936107,44.0793624],[23.9908454,44.0793973],[23.9854781,44.0797703],[23.978058,44.0799508],[23.9769517,44.0800992],[23.9756052,44.080217],[23.9744899,44.0804765],[23.9737223,44.0808666],[23.9734449,44.0810009],[23.9732432,44.0810986]]]}},{"type":"Feature","properties":{"entity_id":"osm-r9695127","jurisdiction":"RO","display_name":"MÂRȘANI","display_type":"commune","admin_level":8,"tier":"local","legal_registry":"SIRUTA","legal_id":"73317","legal_type":"commune","parent_catalog_id":"osm-r2366970","osm_relation_id":9695127,"legal_identity_status":"reconciled","geometry_source":"OpenStreetMap","geometry_precision":"master_coordinate_fidelity"},"geometry":{"type":"Polygon","coordinates":[[[24.0595834,44.0263208],[24.0591715,44.0264078],[24.0582544,44.0265909],[24.0571558,44.0267245],[24.0554481,44.0268672],[24.0534348,44.0271375],[24.0508615,44.0273625],[24.0498953,44.0276061],[24.0493337,44.0278027],[24.0486449,44.0279053],[24.047717,44.027851],[24.0469474,44.027858],[24.0430962,44.0284442],[24.0413063,44.0287591],[24.0402197,44.0287856],[24.0389457,44.0289808],[24.0375454,44.0290793],[24.0348877,44.0293598],[24.0345408,44.0294812],[24.0342017,44.0295005],[24.0338668,44.0296354],[24.029587,44.0306698],[24.0283105,44.0308663],[24.0258824,44.0313341],[24.0252591,44.0315069],[24.022754,44.0319991],[24.021501,44.032523],[24.0206454,44.0327413],[24.0188453,44.033348],[24.0183947,44.0334041],[24.0174949,44.0333929],[24.016585,44.0334444],[24.0158182,44.0335795],[24.0148131,44.0338593],[24.0141887,44.0339781],[24.0132927,44.0340545],[24.011711,44.0343383],[24.0116275,44.0347125],[24.0117735,44.0355347],[24.0118792,44.0375382],[24.0120119,44.0384345],[24.0123153,44.0433238],[24.0125263,44.0455975],[24.0127618,44.0481823],[24.0128638,44.0493165],[24.012895,44.0496579],[24.0128577,44.0498756],[24.0129065,44.0502041],[24.0129723,44.0506464],[24.0129847,44.0510869],[24.0130118,44.0520518],[24.0131573,44.0534303],[24.0132172,44.054965],[24.0133196,44.0555245],[24.013453,44.0580765],[24.0135485,44.0588835],[24.0136874,44.0600563],[24.0141972,44.0665316],[24.0107513,44.065145],[24.0052864,44.0631444],[24.00313,44.0622947],[23.9986179,44.060594],[23.9963403,44.0597905],[23.994629,44.0590822],[23.9930874,44.0585332],[23.9929523,44.0603955],[23.9928302,44.0614175],[23.9925702,44.062837],[23.992425,44.0649063],[23.9923776,44.0652418],[23.9922929,44.065331],[23.9920915,44.0654311],[23.9917074,44.0655117],[23.9894536,44.065655],[23.9813527,44.0663439],[23.9800232,44.0665076],[23.9789503,44.0665668],[23.9784936,44.0666549],[23.9783293,44.0667606],[23.9781776,44.0669664],[23.9780584,44.0672554],[23.9778177,44.0674323],[23.9774592,44.0675536],[23.9762359,44.0677293],[23.9768841,44.0689419],[23.9769664,44.0691762],[23.9769622,44.0694175],[23.9752229,44.0734762],[23.9750477,44.073611],[23.973781,44.0740503],[23.9701675,44.0746756],[23.9700723,44.0747757],[23.9700704,44.0748868],[23.970252,44.0752735],[23.9698984,44.0753815],[23.9681544,44.0757992],[23.967143,44.0760924],[23.9654001,44.072686],[23.9642684,44.0704739],[23.9632958,44.0681157],[23.9614808,44.0627787],[23.9592254,44.0578693],[23.9574923,44.0583508],[23.9564722,44.0587346],[23.9548011,44.0591345],[23.9514144,44.0602335],[23.9499518,44.0607575],[23.9478416,44.0613095],[23.9473844,44.0615519],[23.9473706,44.0614562],[23.946957,44.0585772],[23.9467557,44.0578338],[23.9467977,44.0574924],[23.946772,44.0573153],[23.9467227,44.0569757],[23.946432,44.0562729],[23.9459794,44.0531402],[23.9456935,44.0519465],[23.9445129,44.0532118],[23.9443674,44.0527451],[23.9416649,44.0467904],[23.9409363,44.0469568],[23.9386199,44.0477478],[23.9363693,44.0483878],[23.9368885,44.0492875],[23.9370918,44.0498102],[23.9371764,44.0502193],[23.9323332,44.0514899],[23.928139,44.0525025],[23.9154797,44.0558387],[23.9130184,44.0563539],[23.9108816,44.0569206],[23.9012076,44.0592415],[23.8981921,44.0597755],[23.8979198,44.0623099],[23.8975379,44.0648834],[23.8947059,44.0640989],[23.893154,44.0635298],[23.8877016,44.0629864],[23.8853075,44.0626742],[23.8821955,44.0615618],[23.8811252,44.0600131],[23.8820927,44.0564899],[23.883231,44.0547825],[23.8864406,44.0509048],[23.8901435,44.0485392],[23.8926868,44.0487527],[23.8968477,44.0497828],[23.8986799,44.0496124],[23.9001308,44.048873],[23.9005644,44.0466633],[23.9002565,44.0456711],[23.8988571,44.0436791],[23.895339,44.0432206],[23.8930508,44.0433393],[23.8895067,44.0442464],[23.8863507,44.0453456],[23.8839264,44.0457455],[23.8817007,44.046006],[23.8800047,44.0458949],[23.8786442,44.045316],[23.8780093,44.0443676],[23.8773145,44.043136],[23.8764487,44.0395834],[23.8761416,44.0379638],[23.8769595,44.0350134],[23.8781391,44.0330427],[23.8792657,44.0316204],[23.8796297,44.030282],[23.8793522,44.0297037],[23.8804404,44.0297092],[23.8929175,44.0330725],[23.8954655,44.0336705],[23.8976234,44.0372502],[23.8980482,44.0372488],[23.8985577,44.0351752],[23.8989635,44.0339975],[23.9103394,44.0361653],[23.9103155,44.0364782],[23.9130161,44.0370676],[23.9223792,44.0393128],[23.9225412,44.0375177],[23.9224897,44.0368455],[23.9279726,44.0366125],[23.9345433,44.0362162],[23.9346033,44.0400724],[23.9400331,44.038669],[23.9465438,44.037107],[23.9491996,44.0364179],[23.9590884,44.0339952],[23.9542682,44.0236392],[23.9622783,44.0217268],[23.9681235,44.0202335],[23.9676697,44.0192002],[23.967282,44.0180948],[23.9667621,44.0170017],[23.9639942,44.0105275],[23.9649079,44.0102483],[23.9661294,44.0099874],[23.9674879,44.0095879],[23.970122,44.0089154],[23.9708523,44.0086402],[23.9728238,44.0082234],[23.9771265,44.007126],[23.9728295,43.9975563],[23.9826858,43.9951925],[23.9850964,43.9945722],[23.9874873,43.9938919],[23.9934893,43.9923776],[23.9958045,43.9917581],[24.0183916,43.9862115],[24.0239827,43.984883],[24.0276753,43.9840457],[24.0282747,43.983959],[24.0301346,43.9879994],[24.0310799,43.990274],[24.0317934,43.9918075],[24.0322559,43.9930773],[24.0324332,43.9939009],[24.036973,43.9927405],[24.0459818,43.990584],[24.0596029,43.9871941],[24.0740418,43.983648],[24.0741047,43.9838042],[24.0764409,43.9886624],[24.0769715,43.9897255],[24.0786067,43.9932547],[24.0792425,43.9946532],[24.0761835,43.9953224],[24.0661439,43.9975821],[24.0667513,43.9992087],[24.0671845,44.0002267],[24.0674659,44.0010312],[24.0679705,44.0021672],[24.0685961,44.0040942],[24.0617205,44.0047998],[24.0617955,44.0048884],[24.0618124,44.004963],[24.0618131,44.005089],[24.0618376,44.0052089],[24.0620824,44.0060552],[24.0623074,44.0068974],[24.0623309,44.0070704],[24.0623312,44.0071779],[24.0622866,44.0072239],[24.0622938,44.0072791],[24.0622423,44.0077137],[24.0619385,44.0077828],[24.0620505,44.0079227],[24.0621894,44.0081614],[24.062296,44.0082627],[24.062411,44.0083802],[24.0624492,44.0084582],[24.0624852,44.0085528],[24.0625629,44.00902],[24.0626055,44.0093872],[24.062706,44.0100395],[24.0628542,44.010796],[24.0629427,44.0113955],[24.0630188,44.011825],[24.0630142,44.0119386],[24.0629798,44.0120886],[24.062897,44.0123313],[24.062538,44.0127454],[24.0625301,44.0128816],[24.0625449,44.0130305],[24.0625192,44.0132037],[24.0624141,44.0133351],[24.0622969,44.0135148],[24.0602511,44.0157359],[24.0592196,44.0169906],[24.0590317,44.0173018],[24.0587904,44.0175637],[24.0581407,44.0183029],[24.0576926,44.0189007],[24.057347,44.0193267],[24.0570779,44.0197209],[24.0567899,44.0202383],[24.0566838,44.0204534],[24.0566517,44.0205828],[24.0566849,44.0206448],[24.0567622,44.0207407],[24.057351,44.0214041],[24.0581534,44.0222747],[24.0590288,44.023275],[24.0593043,44.0236343],[24.0599218,44.0246801],[24.0602757,44.0253179],[24.0606508,44.0259535],[24.0606697,44.0260446],[24.0606362,44.026103],[24.0605747,44.0261319],[24.0601597,44.0262099],[24.0597767,44.0262875],[24.0595834,44.0263208]]]}},{"type":"Feature","properties":{"entity_id":"osm-r9695128","jurisdiction":"RO","display_name":"CELARU","display_type":"commune","admin_level":8,"tier":"local","legal_registry":"SIRUTA","legal_id":"71634","legal_type":"commune","parent_catalog_id":"osm-r2366970","osm_relation_id":9695128,"legal_identity_status":"reconciled","geometry_source":"OpenStreetMap","geometry_precision":"master_coordinate_fidelity"},"geometry":{"type":"Polygon","coordinates":[[[24.0740418,43.983648],[24.0938834,43.9788177],[24.0984892,43.9888479],[24.097294,43.9889757],[24.0982622,43.9948826],[24.0993724,44.0003773],[24.0998406,44.0033512],[24.1054222,44.0023355],[24.1241732,43.9991049],[24.1332237,43.9974772],[24.1431303,43.9967116],[24.1452842,43.9964495],[24.1478479,43.9962783],[24.150859,43.9960458],[24.151148,43.9975443],[24.1513457,43.9982225],[24.1511612,43.9982442],[24.1518649,43.9999486],[24.1490025,44.0008068],[24.1395347,44.0021201],[24.1405198,44.005369],[24.1410416,44.0073158],[24.1481234,44.0060015],[24.1526032,44.0053306],[24.1544905,44.0049936],[24.155148,44.0049693],[24.1593129,44.0034198],[24.1619084,44.00346],[24.1624583,44.0033341],[24.1637402,44.0031981],[24.1652202,44.0031663],[24.1662884,44.0029112],[24.1680411,44.0029256],[24.1688637,44.0029787],[24.1615008,44.0101363],[24.1609429,44.0107623],[24.1641347,44.010376],[24.1742612,44.0090138],[24.1753923,44.0127627],[24.176378,44.0171684],[24.1782994,44.0241227],[24.1794009,44.029145],[24.1796492,44.0301028],[24.1798122,44.0305137],[24.18002,44.0316262],[24.1806692,44.0339489],[24.1808441,44.0349548],[24.1812549,44.0362568],[24.1814868,44.0373996],[24.1821162,44.0395928],[24.182549,44.0415034],[24.1844885,44.0490028],[24.1746173,44.0502384],[24.1760086,44.0553389],[24.1772282,44.0600806],[24.1775844,44.0636119],[24.1796133,44.0684727],[24.1812549,44.0686094],[24.1816938,44.0698386],[24.1822916,44.0713061],[24.1798813,44.0716922],[24.1842116,44.0824704],[24.1850616,44.0847178],[24.1826256,44.0851998],[24.1844022,44.089419],[24.1818801,44.0898941],[24.1624908,44.0929255],[24.1593827,44.0933509],[24.1443456,44.0961852],[24.1503828,44.1111658],[24.1526597,44.1166678],[24.1476853,44.1177766],[24.146167,44.1180525],[24.1423301,44.1188866],[24.1371526,44.1198638],[24.1364241,44.1182055],[24.1345264,44.1133922],[24.1277767,44.1144662],[24.1264326,44.1147155],[24.1239389,44.1153147],[24.1235551,44.1153352],[24.1214721,44.1157531],[24.1212527,44.1157885],[24.1205022,44.1157345],[24.1190217,44.1159933],[24.1157826,44.116689],[24.112972,44.1094973],[24.1114149,44.1056889],[24.1110302,44.1048701],[24.1087295,44.0987589],[24.1043502,44.0881247],[24.1025855,44.0841262],[24.101333,44.0813808],[24.10013,44.0789179],[24.0967267,44.0714003],[24.0961599,44.0705377],[24.0960291,44.0702534],[24.0959629,44.0698966],[24.0948232,44.0676951],[24.0937255,44.0649983],[24.0911985,44.0657079],[24.0891459,44.0638511],[24.0872449,44.0620021],[24.0859729,44.0608628],[24.0841505,44.058853],[24.0822551,44.0594051],[24.0811635,44.0596757],[24.0799784,44.0600582],[24.0781595,44.0605179],[24.0764226,44.0611222],[24.0681252,44.0469102],[24.0659708,44.0430568],[24.0652323,44.0414543],[24.0639945,44.0383908],[24.0635766,44.0371852],[24.0630066,44.0359311],[24.0619476,44.0331857],[24.0616053,44.0324983],[24.0607442,44.0303404],[24.0595834,44.0263208],[24.0597767,44.0262875],[24.0601597,44.0262099],[24.0605747,44.0261319],[24.0606362,44.026103],[24.0606697,44.0260446],[24.0606508,44.0259535],[24.0602757,44.0253179],[24.0599218,44.0246801],[24.0593043,44.0236343],[24.0590288,44.023275],[24.0581534,44.0222747],[24.057351,44.0214041],[24.0567622,44.0207407],[24.0566849,44.0206448],[24.0566517,44.0205828],[24.0566838,44.0204534],[24.0567899,44.0202383],[24.0570779,44.0197209],[24.057347,44.0193267],[24.0576926,44.0189007],[24.0581407,44.0183029],[24.0587904,44.0175637],[24.0590317,44.0173018],[24.0592196,44.0169906],[24.0602511,44.0157359],[24.0622969,44.0135148],[24.0624141,44.0133351],[24.0625192,44.0132037],[24.0625449,44.0130305],[24.0625301,44.0128816],[24.062538,44.0127454],[24.062897,44.0123313],[24.0629798,44.0120886],[24.0630142,44.0119386],[24.0630188,44.011825],[24.0629427,44.0113955],[24.0628542,44.010796],[24.062706,44.0100395],[24.0626055,44.0093872],[24.0625629,44.00902],[24.0624852,44.0085528],[24.0624492,44.0084582],[24.062411,44.0083802],[24.062296,44.0082627],[24.0621894,44.0081614],[24.0620505,44.0079227],[24.0619385,44.0077828],[24.0622423,44.0077137],[24.0622938,44.0072791],[24.0622866,44.0072239],[24.0623312,44.0071779],[24.0623309,44.0070704],[24.0623074,44.0068974],[24.0620824,44.0060552],[24.0618376,44.0052089],[24.0618131,44.005089],[24.0618124,44.004963],[24.0617955,44.0048884],[24.0617205,44.0047998],[24.0685961,44.0040942],[24.0679705,44.0021672],[24.0674659,44.0010312],[24.0671845,44.0002267],[24.0667513,43.9992087],[24.0661439,43.9975821],[24.0761835,43.9953224],[24.0792425,43.9946532],[24.0786067,43.9932547],[24.0769715,43.9897255],[24.0764409,43.9886624],[24.0741047,43.9838042],[24.0740418,43.983648]]]}},{"type":"Feature","properties":{"entity_id":"osm-r9695129","jurisdiction":"RO","display_name":"AMĂRĂȘTII DE JOS","display_type":"commune","admin_level":8,"tier":"local","legal_registry":"SIRUTA","legal_id":"70637","legal_type":"commune","parent_catalog_id":"osm-r2366970","osm_relation_id":9695129,"legal_identity_status":"reconciled","geometry_source":"OpenStreetMap","geometry_precision":"master_coordinate_fidelity"},"geometry":{"type":"Polygon","coordinates":[[[24.2573398,43.9750222],[24.251174,43.9763925],[24.2449343,43.9779292],[24.2296222,43.9818606],[24.2255154,43.9828738],[24.2238868,43.9797743],[24.2216092,43.9751261],[24.2096814,43.9780565],[24.2077249,43.9741691],[24.2064615,43.9715177],[24.2058255,43.9703331],[24.2046012,43.967498],[24.2025589,43.9632894],[24.2005043,43.9587512],[24.2003339,43.9585087],[24.1888634,43.9613801],[24.1870632,43.9618019],[24.186516,43.9618097],[24.186379,43.9617465],[24.1780041,43.9638664],[24.1743416,43.9647501],[24.1736255,43.9645789],[24.173409,43.9644752],[24.173276,43.9642999],[24.1725421,43.9628038],[24.1716934,43.9628959],[24.1677253,43.9635202],[24.1660698,43.9638969],[24.1648778,43.9640984],[24.1631016,43.9644799],[24.158311,43.9648682],[24.1431036,43.9669971],[24.1429838,43.9667624],[24.1429024,43.9666952],[24.1427086,43.9667114],[24.1415703,43.9642394],[24.1407865,43.9625226],[24.1405937,43.962262],[24.1406702,43.9619396],[24.1400874,43.9606187],[24.1394864,43.9593381],[24.1389364,43.9581819],[24.1382232,43.9566455],[24.1378448,43.955858],[24.1374518,43.9550129],[24.1371429,43.9543626],[24.1368666,43.9537638],[24.1364099,43.9528091],[24.1359871,43.9519099],[24.1356297,43.951138],[24.1339687,43.9476308],[24.1335544,43.9467106],[24.1351315,43.9463636],[24.1377818,43.9457127],[24.1398089,43.9452284],[24.1393362,43.9433026],[24.1394321,43.9432809],[24.1386631,43.9398157],[24.1401061,43.9394973],[24.1432028,43.9388223],[24.1458813,43.9382574],[24.1496192,43.9372723],[24.1508409,43.9368284],[24.1520607,43.9365119],[24.1542041,43.9360324],[24.1556827,43.9357453],[24.1572853,43.9353687],[24.1582721,43.9350606],[24.1563908,43.9307482],[24.1563381,43.9306086],[24.1538274,43.9250793],[24.1580141,43.9241208],[24.1594345,43.9237684],[24.15938,43.9236537],[24.1591901,43.9235146],[24.158267,43.9208331],[24.1575564,43.9186298],[24.1558342,43.9137542],[24.1536197,43.9143169],[24.149681,43.9152519],[24.1493716,43.9152638],[24.1477399,43.9118957],[24.1459115,43.907878],[24.139958,43.8953569],[24.1399515,43.8953422],[24.1489011,43.893147],[24.1488912,43.8931071],[24.1476164,43.8894319],[24.1471397,43.8880977],[24.1471322,43.8880751],[24.1471456,43.8880382],[24.1470995,43.8879055],[24.1470642,43.8878824],[24.1470523,43.8878511],[24.1452952,43.8828034],[24.1447121,43.8811439],[24.1442659,43.8812251],[24.1388256,43.8822787],[24.1387189,43.8822939],[24.1385202,43.8818033],[24.1380998,43.8807002],[24.1379271,43.8800166],[24.1332695,43.8808124],[24.133197,43.880582],[24.131606,43.8808806],[24.1309269,43.8809913],[24.1284775,43.8814779],[24.1275734,43.8816895],[24.126814,43.8818618],[24.1263096,43.8820101],[24.124069,43.8771508],[24.1268062,43.8764826],[24.1285064,43.8760407],[24.13418,43.874679],[24.1388184,43.8735296],[24.1419608,43.872791],[24.1439466,43.8784589],[24.1454444,43.8827135],[24.1472176,43.8878056],[24.1472168,43.8878846],[24.1472633,43.8880174],[24.1473088,43.8880672],[24.1477852,43.8894008],[24.1485658,43.8916536],[24.1490703,43.8930937],[24.1490746,43.8931245],[24.1500463,43.8959322],[24.15035,43.8967161],[24.150525,43.8972022],[24.1517278,43.9007057],[24.1526014,43.9031934],[24.1526049,43.9032818],[24.15264,43.903379],[24.1583147,43.9019807],[24.1584046,43.9020191],[24.1585203,43.9019995],[24.1586099,43.9019643],[24.1586521,43.9018975],[24.1858117,43.8952078],[24.1858743,43.8952594],[24.1861089,43.8952166],[24.1861134,43.8951335],[24.2126565,43.8885877],[24.2127783,43.888628],[24.2132127,43.8886329],[24.2134688,43.8885852],[24.2136358,43.8885063],[24.2135714,43.8883552],[24.213424,43.8880665],[24.2133473,43.8878915],[24.2123395,43.88576],[24.211169,43.8832332],[24.20886,43.8783578],[24.2107019,43.8778829],[24.2145361,43.8769656],[24.2220163,43.8751657],[24.2260706,43.8741495],[24.2294954,43.8733162],[24.2342824,43.8832582],[24.2267482,43.8851524],[24.2324281,43.8948618],[24.2318726,43.8949964],[24.2461067,43.9250979],[24.2482777,43.9302731],[24.2437266,43.9311025],[24.242782,43.9313115],[24.2421606,43.9313447],[24.2400434,43.9317766],[24.2419812,43.9365538],[24.2419695,43.9366946],[24.2418694,43.9367472],[24.2400691,43.9372541],[24.2291379,43.9400226],[24.2233188,43.9412623],[24.2266202,43.9487712],[24.2267824,43.9488366],[24.2299636,43.9561587],[24.2324439,43.9613925],[24.238929,43.9601073],[24.2390898,43.9601415],[24.2399965,43.959828],[24.2511833,43.9571974],[24.2515851,43.957217],[24.2516534,43.9572571],[24.2518837,43.9576078],[24.2526875,43.9592787],[24.2527593,43.9593345],[24.2539422,43.9617008],[24.2541795,43.9620609],[24.2556448,43.9650338],[24.2563406,43.9663603],[24.2586276,43.9707546],[24.260333,43.9742344],[24.2573398,43.9750222]]]}},{"type":"Feature","properties":{"entity_id":"osm-r9695130","jurisdiction":"RO","display_name":"AMĂRĂȘTII DE SUS","display_type":"commune","admin_level":8,"tier":"local","legal_registry":"SIRUTA","legal_id":"70673","legal_type":"commune","parent_catalog_id":"osm-r2366970","osm_relation_id":9695130,"legal_identity_status":"reconciled","geometry_source":"OpenStreetMap","geometry_precision":"master_coordinate_fidelity"},"geometry":{"type":"Polygon","coordinates":[[[24.2573398,43.9750222],[24.2625238,43.9873284],[24.2591313,43.9881491],[24.2615166,43.9933966],[24.2637868,43.9982395],[24.2639004,43.9987193],[24.2600703,43.9991099],[24.2598398,43.9992402],[24.2597923,43.999742],[24.2597253,43.9997941],[24.2580999,44.0000055],[24.2444478,44.0013231],[24.2333718,44.002221],[24.2273171,44.0028379],[24.2130022,44.0041514],[24.2128373,44.0041572],[24.2122732,44.0040313],[24.2119315,44.0040438],[24.2115697,44.0045243],[24.206162,44.002403],[24.2031491,44.0028076],[24.1899817,44.0043377],[24.1882073,44.0046254],[24.1786356,44.0056884],[24.1735631,44.0063057],[24.1742612,44.0090138],[24.1641347,44.010376],[24.1609429,44.0107623],[24.1615008,44.0101363],[24.1688637,44.0029787],[24.1680411,44.0029256],[24.1662884,44.0029112],[24.1652202,44.0031663],[24.1637402,44.0031981],[24.1624583,44.0033341],[24.1619084,44.00346],[24.1593129,44.0034198],[24.155148,44.0049693],[24.1544905,44.0049936],[24.1526032,44.0053306],[24.1481234,44.0060015],[24.1410416,44.0073158],[24.1405198,44.005369],[24.1395347,44.0021201],[24.1490025,44.0008068],[24.1518649,43.9999486],[24.1511612,43.9982442],[24.1513457,43.9982225],[24.151148,43.9975443],[24.150859,43.9960458],[24.1478479,43.9962783],[24.1452842,43.9964495],[24.1455063,43.9962733],[24.1455413,43.9961546],[24.1451961,43.9944581],[24.1435071,43.9846438],[24.1428338,43.979521],[24.1423352,43.9762047],[24.142912,43.9761214],[24.1429273,43.9761678],[24.1438441,43.9760178],[24.1433088,43.9731896],[24.1449283,43.9729509],[24.1443021,43.9724977],[24.1437221,43.9701596],[24.1438855,43.9701458],[24.1431036,43.9669971],[24.158311,43.9648682],[24.1631016,43.9644799],[24.1648778,43.9640984],[24.1660698,43.9638969],[24.1677253,43.9635202],[24.1716934,43.9628959],[24.1725421,43.9628038],[24.173276,43.9642999],[24.173409,43.9644752],[24.1736255,43.9645789],[24.1743416,43.9647501],[24.1780041,43.9638664],[24.186379,43.9617465],[24.186516,43.9618097],[24.1870632,43.9618019],[24.1888634,43.9613801],[24.2003339,43.9585087],[24.2005043,43.9587512],[24.2025589,43.9632894],[24.2046012,43.967498],[24.2058255,43.9703331],[24.2064615,43.9715177],[24.2077249,43.9741691],[24.2096814,43.9780565],[24.2216092,43.9751261],[24.2238868,43.9797743],[24.2255154,43.9828738],[24.2296222,43.9818606],[24.2449343,43.9779292],[24.251174,43.9763925],[24.2573398,43.9750222]]]}},{"type":"Feature","properties":{"entity_id":"osm-r9695131","jurisdiction":"RO","display_name":"DOBROTEȘTI","display_type":"commune","admin_level":8,"tier":"local","legal_registry":"SIRUTA","legal_id":"74883","legal_type":"commune","parent_catalog_id":"osm-r2366970","osm_relation_id":9695131,"legal_identity_status":"reconciled","geometry_source":"OpenStreetMap","geometry_precision":"master_coordinate_fidelity"},"geometry":{"type":"Polygon","coordinates":[[[24.0938834,43.9788177],[24.0951637,43.9784983],[24.1014802,43.9769141],[24.0964889,43.9663912],[24.0944948,43.962039],[24.0955681,43.9617076],[24.1012038,43.9604039],[24.0989015,43.9552473],[24.1054888,43.9535477],[24.1030844,43.9481686],[24.1004902,43.9426856],[24.0987232,43.9384654],[24.0953297,43.9310309],[24.0938917,43.9279542],[24.0918706,43.9238685],[24.0993095,43.9220305],[24.0989929,43.9214817],[24.1019709,43.9208091],[24.1025559,43.9207952],[24.1031525,43.9208667],[24.1034259,43.9209355],[24.1041057,43.9212254],[24.1046708,43.9213564],[24.1062823,43.9213002],[24.1064694,43.9212437],[24.1059651,43.9203482],[24.115314,43.9181288],[24.1194207,43.9171025],[24.1216794,43.9217746],[24.1239984,43.9213306],[24.1251255,43.9210024],[24.1377172,43.9180343],[24.1397704,43.9174939],[24.1493716,43.9152638],[24.149681,43.9152519],[24.1536197,43.9143169],[24.1558342,43.9137542],[24.1575564,43.9186298],[24.158267,43.9208331],[24.1591901,43.9235146],[24.15938,43.9236537],[24.1594345,43.9237684],[24.1580141,43.9241208],[24.1538274,43.9250793],[24.1563381,43.9306086],[24.1563908,43.9307482],[24.1582721,43.9350606],[24.1572853,43.9353687],[24.1556827,43.9357453],[24.1542041,43.9360324],[24.1520607,43.9365119],[24.1508409,43.9368284],[24.1496192,43.9372723],[24.1458813,43.9382574],[24.1432028,43.9388223],[24.1401061,43.9394973],[24.1386631,43.9398157],[24.1394321,43.9432809],[24.1393362,43.9433026],[24.1398089,43.9452284],[24.1377818,43.9457127],[24.1351315,43.9463636],[24.1335544,43.9467106],[24.1339687,43.9476308],[24.1356297,43.951138],[24.1359871,43.9519099],[24.1364099,43.9528091],[24.1368666,43.9537638],[24.1371429,43.9543626],[24.1374518,43.9550129],[24.1378448,43.955858],[24.1382232,43.9566455],[24.1389364,43.9581819],[24.1394864,43.9593381],[24.1400874,43.9606187],[24.1406702,43.9619396],[24.1405937,43.962262],[24.1407865,43.9625226],[24.1415703,43.9642394],[24.1427086,43.9667114],[24.1429024,43.9666952],[24.1429838,43.9667624],[24.1431036,43.9669971],[24.1438855,43.9701458],[24.1437221,43.9701596],[24.1443021,43.9724977],[24.1449283,43.9729509],[24.1433088,43.9731896],[24.1438441,43.9760178],[24.1429273,43.9761678],[24.142912,43.9761214],[24.1423352,43.9762047],[24.1428338,43.979521],[24.1435071,43.9846438],[24.1451961,43.9944581],[24.1455413,43.9961546],[24.1455063,43.9962733],[24.1452842,43.9964495],[24.1431303,43.9967116],[24.1332237,43.9974772],[24.1241732,43.9991049],[24.1054222,44.0023355],[24.0998406,44.0033512],[24.0993724,44.0003773],[24.0982622,43.9948826],[24.097294,43.9889757],[24.0984892,43.9888479],[24.0938834,43.9788177]]]}},{"type":"Feature","properties":{"entity_id":"osm-r9695132","jurisdiction":"RO","display_name":"DANEȚI","display_type":"commune","admin_level":8,"tier":"local","legal_registry":"SIRUTA","legal_id":"71956","legal_type":"commune","parent_catalog_id":"osm-r2366970","osm_relation_id":9695132,"legal_identity_status":"reconciled","geometry_source":"OpenStreetMap","geometry_precision":"master_coordinate_fidelity"},"geometry":{"type":"Polygon","coordinates":[[[24.139958,43.8953569],[24.1459115,43.907878],[24.1477399,43.9118957],[24.1493716,43.9152638],[24.1397704,43.9174939],[24.1377172,43.9180343],[24.1251255,43.9210024],[24.1239984,43.9213306],[24.1216794,43.9217746],[24.1194207,43.9171025],[24.115314,43.9181288],[24.1059651,43.9203482],[24.1064694,43.9212437],[24.1062823,43.9213002],[24.1046708,43.9213564],[24.1041057,43.9212254],[24.1034259,43.9209355],[24.1031525,43.9208667],[24.1025559,43.9207952],[24.1019709,43.9208091],[24.0989929,43.9214817],[24.0993095,43.9220305],[24.0918706,43.9238685],[24.0938917,43.9279542],[24.0953297,43.9310309],[24.0987232,43.9384654],[24.1004902,43.9426856],[24.1030844,43.9481686],[24.1054888,43.9535477],[24.0989015,43.9552473],[24.1012038,43.9604039],[24.0955681,43.9617076],[24.0944948,43.962039],[24.0964889,43.9663912],[24.1014802,43.9769141],[24.0951637,43.9784983],[24.0938834,43.9788177],[24.0740418,43.983648],[24.0596029,43.9871941],[24.0459818,43.990584],[24.036973,43.9927405],[24.0324332,43.9939009],[24.0322559,43.9930773],[24.0317934,43.9918075],[24.0310799,43.990274],[24.0301346,43.9879994],[24.0282747,43.983959],[24.0276753,43.9840457],[24.0239827,43.984883],[24.0183916,43.9862115],[23.9958045,43.9917581],[23.9934893,43.9923776],[23.9928586,43.9911672],[23.9892965,43.9830933],[23.9869673,43.9781683],[23.9856488,43.978456],[23.9844569,43.9785255],[23.9830934,43.9786855],[23.9804235,43.9791283],[23.9802509,43.978738],[23.9796708,43.976915],[23.978889,43.9770203],[23.9791678,43.9769298],[23.979236,43.9768242],[23.9792664,43.9765683],[23.9791748,43.9759242],[23.9787874,43.9756586],[23.978373,43.9752748],[23.9778678,43.974976],[23.9777888,43.9748854],[23.9773054,43.9737114],[23.9749295,43.9684714],[23.9803789,43.967692],[23.981868,43.9674333],[23.9815879,43.9667156],[23.9776004,43.958405],[23.9702455,43.942665],[23.977007,43.9410095],[23.9733441,43.9326845],[23.9713368,43.9286882],[23.9701177,43.9258069],[23.9742092,43.9248561],[23.9815111,43.9232075],[23.9830902,43.9227721],[23.9912238,43.9207905],[23.9861993,43.9109555],[24.033253,43.8992489],[24.0423551,43.8971589],[24.048183,43.8957436],[24.0618209,43.8924137],[24.0965375,43.8841093],[24.1057915,43.90384],[24.1128897,43.9020509],[24.119553,43.9002552],[24.126785,43.8985347],[24.1305312,43.8975723],[24.139958,43.8953569]]]}},{"type":"Feature","properties":{"entity_id":"osm-r9695133","jurisdiction":"RO","display_name":"DIOȘTI","display_type":"commune","admin_level":8,"tier":"local","legal_registry":"SIRUTA","legal_id":"72052","legal_type":"commune","parent_catalog_id":"osm-r2366970","osm_relation_id":9695133,"legal_identity_status":"reconciled","geometry_source":"OpenStreetMap","geometry_precision":"master_coordinate_fidelity"},"geometry":{"type":"Polygon","coordinates":[[[24.2272916,44.1094042],[24.2273223,44.1096942],[24.2208302,44.1099802],[24.2211668,44.1176006],[24.2231402,44.1175425],[24.2237345,44.1197297],[24.223695,44.1204383],[24.2197509,44.1207658],[24.219474,44.1199575],[24.2175289,44.1199356],[24.2183185,44.1217402],[24.2153718,44.1219329],[24.216085,44.1250805],[24.2162686,44.1262106],[24.2164135,44.1274215],[24.216614,44.1303755],[24.2171166,44.1346703],[24.2203358,44.1345266],[24.2209733,44.1368135],[24.2217025,44.1400251],[24.2222777,44.1430206],[24.2234044,44.1481151],[24.2270841,44.1622213],[24.2292935,44.1695372],[24.2293771,44.1699694],[24.2198854,44.1709206],[24.2188249,44.1710269],[24.2149716,44.171385],[24.2088734,44.1695277],[24.1985951,44.1715572],[24.1802112,44.1736531],[24.1728914,44.174438],[24.1684998,44.1645615],[24.1663519,44.1646707],[24.1624239,44.1642341],[24.1625022,44.1650512],[24.1599703,44.1652307],[24.1599267,44.1650717],[24.1600255,44.1645609],[24.1602196,44.1641426],[24.1601318,44.1641392],[24.1594543,44.1643702],[24.158597,44.1644294],[24.1571554,44.1642462],[24.1565412,44.1642639],[24.1541281,44.1647294],[24.1487107,44.1656269],[24.1475701,44.1658952],[24.1470728,44.1661346],[24.1447064,44.1596663],[24.1446275,44.1594881],[24.1444417,44.1595612],[24.1443556,44.1595443],[24.1440659,44.159166],[24.1456656,44.1585654],[24.143028,44.1483267],[24.139345,44.1357838],[24.1392905,44.1358093],[24.138795,44.134673],[24.1355609,44.1269485],[24.1354026,44.1266127],[24.1365688,44.1265759],[24.1374415,44.1265929],[24.1379592,44.1265865],[24.1387573,44.1266662],[24.1396026,44.1268025],[24.1401527,44.126947],[24.1400021,44.1264812],[24.1392333,44.1247154],[24.1383273,44.1226653],[24.1371526,44.1198638],[24.1423301,44.1188866],[24.146167,44.1180525],[24.1476853,44.1177766],[24.1526597,44.1166678],[24.1503828,44.1111658],[24.1443456,44.0961852],[24.1593827,44.0933509],[24.1624908,44.0929255],[24.1818801,44.0898941],[24.1844022,44.089419],[24.1826256,44.0851998],[24.1850616,44.0847178],[24.1842116,44.0824704],[24.1798813,44.0716922],[24.1822916,44.0713061],[24.1816938,44.0698386],[24.1812549,44.0686094],[24.1863071,44.069104],[24.1871762,44.0691387],[24.1934616,44.0688208],[24.1981614,44.0698912],[24.2039767,44.0713281],[24.2046689,44.0712504],[24.207224,44.0708123],[24.2101295,44.0703733],[24.2226315,44.0692777],[24.222835,44.0742979],[24.2233675,44.0842193],[24.2235187,44.0843252],[24.2259885,44.0839939],[24.2260836,44.0847818],[24.2265818,44.0920796],[24.2269683,44.1023012],[24.2272916,44.1094042]]]}},{"type":"Feature","properties":{"entity_id":"osm-r9695134","jurisdiction":"RO","display_name":"TESLUI","display_type":"commune","admin_level":8,"tier":"local","legal_registry":"SIRUTA","legal_id":"74411","legal_type":"commune","parent_catalog_id":"osm-r2366970","osm_relation_id":9695134,"legal_identity_status":"reconciled","geometry_source":"OpenStreetMap","geometry_precision":"master_coordinate_fidelity"},"geometry":{"type":"Polygon","coordinates":[[[24.102828,44.221261],[24.1012882,44.2194841],[24.0989995,44.2165923],[24.0963787,44.213097],[24.0920687,44.2066024],[24.0911908,44.2049579],[24.0901237,44.2048835],[24.0896639,44.2049449],[24.0889863,44.2051482],[24.0884409,44.2040287],[24.0877815,44.2023319],[24.0874922,44.2019731],[24.0871718,44.2013416],[24.0862096,44.2014567],[24.0844826,44.2017723],[24.0841605,44.2017433],[24.0839865,44.2013835],[24.0832436,44.1992542],[24.0827719,44.1982753],[24.0844663,44.1977077],[24.0843006,44.1973435],[24.0809297,44.1926524],[24.0755684,44.1857251],[24.0779153,44.1847932],[24.0795974,44.1842043],[24.0805236,44.1838005],[24.093389,44.1788265],[24.1006481,44.1759547],[24.1350109,44.1627336],[24.1390704,44.1611302],[24.1397559,44.1608885],[24.1423212,44.1598461],[24.1440659,44.159166],[24.1443556,44.1595443],[24.1444417,44.1595612],[24.1446275,44.1594881],[24.1447064,44.1596663],[24.1470728,44.1661346],[24.1475701,44.1658952],[24.1487107,44.1656269],[24.1541281,44.1647294],[24.1565412,44.1642639],[24.1571554,44.1642462],[24.158597,44.1644294],[24.1594543,44.1643702],[24.1601318,44.1641392],[24.1602196,44.1641426],[24.1600255,44.1645609],[24.1599267,44.1650717],[24.1599703,44.1652307],[24.1625022,44.1650512],[24.1624239,44.1642341],[24.1663519,44.1646707],[24.1684998,44.1645615],[24.1728914,44.174438],[24.1802112,44.1736531],[24.1985951,44.1715572],[24.2088734,44.1695277],[24.2149716,44.171385],[24.2188249,44.1710269],[24.2200717,44.1759032],[24.2206776,44.179519],[24.2164104,44.1802078],[24.218462,44.1860865],[24.2199008,44.1905105],[24.2204,44.1918421],[24.2201315,44.1919191],[24.2210081,44.1943442],[24.2232421,44.1998037],[24.2282482,44.211377],[24.2291075,44.2135465],[24.2295796,44.2147101],[24.2295202,44.2147254],[24.2295523,44.2148002],[24.2257575,44.2158171],[24.2214595,44.2167744],[24.2224294,44.2190735],[24.2246125,44.2246417],[24.2255109,44.2266164],[24.2259947,44.227845],[24.2259558,44.2280108],[24.226911,44.2299284],[24.2172958,44.2321208],[24.2075275,44.2342775],[24.1979333,44.2362802],[24.1974712,44.236288],[24.1966415,44.2367268],[24.1936022,44.2373863],[24.192157,44.2375992],[24.1885908,44.2384619],[24.1841764,44.2394515],[24.1839866,44.2395894],[24.1838165,44.2396358],[24.1832324,44.2396942],[24.1704736,44.2424616],[24.1646742,44.243632],[24.1602801,44.2445968],[24.1599289,44.244584],[24.1510401,44.2465419],[24.1504968,44.2467054],[24.1454911,44.2477804],[24.1453032,44.2478729],[24.1433668,44.2482604],[24.1416138,44.2486729],[24.1413948,44.2488361],[24.1386898,44.2483663],[24.1384475,44.247797],[24.1429797,44.2464693],[24.1443449,44.2460096],[24.145592,44.2457117],[24.1436647,44.2432064],[24.1410914,44.2406531],[24.139776,44.2390567],[24.1394182,44.2385217],[24.1363769,44.2347164],[24.1352199,44.2333458],[24.1316613,44.2288109],[24.1320859,44.2291441],[24.1323988,44.2293147],[24.1327338,44.2294698],[24.1329673,44.229495],[24.1332667,44.2294778],[24.134478,44.2289397],[24.1348799,44.2286715],[24.1352424,44.2283236],[24.1358031,44.2280025],[24.1368521,44.2272594],[24.1377465,44.2263822],[24.1384975,44.2254229],[24.1392955,44.2247732],[24.1378248,44.2228141],[24.1371052,44.2219635],[24.1308091,44.2136441],[24.129153,44.2110411],[24.1199891,44.2146516],[24.1132429,44.2172088],[24.1051219,44.2204004],[24.102828,44.221261]]]}},{"type":"Feature","properties":{"entity_id":"osm-r9695237","jurisdiction":"RO","display_name":"VÂRTOP","display_type":"commune","admin_level":8,"tier":"local","legal_registry":"SIRUTA","legal_id":"74732","legal_type":"commune","parent_catalog_id":"osm-r2366970","osm_relation_id":9695237,"legal_identity_status":"reconciled","geometry_source":"OpenStreetMap","geometry_precision":"master_coordinate_fidelity"},"geometry":{"type":"Polygon","coordinates":[[[23.3925764,44.2171767],[23.3912684,44.2180954],[23.3902828,44.2186069],[23.387986,44.2201509],[23.3876124,44.2203592],[23.3866221,44.2206977],[23.385361,44.2212798],[23.3847773,44.2215801],[23.3827523,44.2228362],[23.3822377,44.2230255],[23.3817492,44.2232932],[23.381377,44.2236202],[23.3807353,44.2243177],[23.3797325,44.2256628],[23.3793205,44.2259956],[23.3786559,44.2264243],[23.3783444,44.2267111],[23.3787406,44.2269362],[23.3785039,44.2270605],[23.3778911,44.2272321],[23.3777241,44.2273203],[23.3771288,44.2279175],[23.3767165,44.2284624],[23.3763221,44.2288406],[23.3751633,44.2295912],[23.373933,44.2300058],[23.3734016,44.2302728],[23.3691036,44.2316991],[23.3682848,44.2320937],[23.3675902,44.2323317],[23.36703,44.232701],[23.3646803,44.2338049],[23.3628142,44.2345446],[23.3589931,44.235459],[23.3560404,44.2363069],[23.3549139,44.2365365],[23.3541818,44.2367733],[23.3530368,44.2370569],[23.3514897,44.2375749],[23.3501714,44.2378457],[23.3490953,44.2380086],[23.3474882,44.2383567],[23.3415765,44.2398383],[23.3386963,44.2406408],[23.3366618,44.2411026],[23.3356175,44.2414795],[23.3346675,44.2417598],[23.3343092,44.2413481],[23.3333844,44.2405518],[23.3320244,44.2387932],[23.3315197,44.2385247],[23.3310614,44.238178],[23.3293562,44.2365305],[23.3283593,44.2356922],[23.3278491,44.235095],[23.3277772,44.2345604],[23.3279485,44.2340558],[23.3279226,44.233789],[23.3276071,44.2328759],[23.3272786,44.2324877],[23.3272422,44.2315593],[23.3264949,44.2315199],[23.3264861,44.2307094],[23.3256115,44.2306732],[23.3232981,44.2253384],[23.3217257,44.2212784],[23.3211051,44.2199005],[23.3198073,44.217548],[23.3155663,44.2112466],[23.3153536,44.2108567],[23.3133137,44.2080691],[23.3122664,44.206428],[23.308016,44.2001193],[23.3163545,44.1983336],[23.3219249,44.1961129],[23.3228141,44.195845],[23.3256349,44.1951925],[23.3282006,44.1945066],[23.3293304,44.1942957],[23.3303291,44.1939883],[23.3337981,44.1927467],[23.3338915,44.1923992],[23.3353696,44.1888127],[23.3356349,44.1873512],[23.3358588,44.1864752],[23.3364363,44.1854877],[23.3368753,44.1842887],[23.3370411,44.1835667],[23.3410216,44.1834135],[23.3446043,44.1832001],[23.3475725,44.1824998],[23.3525384,44.180996],[23.3530892,44.1808903],[23.3531255,44.1807992],[23.3528645,44.1805787],[23.3526972,44.1800298],[23.3520075,44.1765574],[23.351372,44.1741527],[23.3506507,44.1724758],[23.3493414,44.1690063],[23.3505872,44.1689426],[23.3514942,44.169171],[23.3585703,44.171112],[23.3620911,44.1721266],[23.3639768,44.1725716],[23.3660768,44.1731975],[23.3696903,44.1741785],[23.3782831,44.1768249],[23.368637,44.1934174],[23.3730632,44.1946696],[23.4141176,44.2058209],[23.4142839,44.2058938],[23.4146236,44.2061984],[23.4147956,44.2065756],[23.4152655,44.207903],[23.4154412,44.2082039],[23.4156001,44.2082537],[23.4119938,44.2089251],[23.4105149,44.2093858],[23.4101411,44.2097806],[23.4101745,44.2111444],[23.409577,44.2121296],[23.4093754,44.2122624],[23.4091414,44.212371],[23.4088101,44.2124138],[23.4064444,44.2125396],[23.4052936,44.2127234],[23.4038867,44.2131341],[23.4017061,44.2139001],[23.4012144,44.2139474],[23.400194,44.2141906],[23.3987104,44.2146408],[23.3983712,44.2148022],[23.3979631,44.2148947],[23.3974296,44.2150906],[23.3965549,44.215519],[23.3939563,44.2165603],[23.3925764,44.2171767]]]}},{"type":"Feature","properties":{"entity_id":"osm-r9695238","jurisdiction":"RO","display_name":"CARAULA","display_type":"commune","admin_level":8,"tier":"local","legal_registry":"SIRUTA","legal_id":"71518","legal_type":"commune","parent_catalog_id":"osm-r2366970","osm_relation_id":9695238,"legal_identity_status":"reconciled","geometry_source":"OpenStreetMap","geometry_precision":"master_coordinate_fidelity"},"geometry":{"type":"Polygon","coordinates":[[[23.3163545,44.1983336],[23.308016,44.2001193],[23.3037527,44.2011831],[23.2995383,44.202326],[23.2939474,44.2037236],[23.2935293,44.2038927],[23.2890109,44.2035853],[23.2716214,44.2077762],[23.2701022,44.2080831],[23.2618387,44.2099809],[23.2587372,44.2108137],[23.2543009,44.2118334],[23.2533105,44.2108262],[23.2516349,44.2086053],[23.2505353,44.2085881],[23.2503143,44.208488],[23.2497755,44.2080285],[23.2495289,44.207953],[23.2489044,44.207861],[23.2478139,44.2073785],[23.2466552,44.2070095],[23.245911,44.2069263],[23.245815,44.2066419],[23.2430509,44.2065235],[23.2430003,44.2063867],[23.2410413,44.2059801],[23.2406913,44.2058672],[23.2405608,44.2060692],[23.2404893,44.2069489],[23.2404329,44.2071701],[23.2403506,44.2072583],[23.2402247,44.2073064],[23.2399705,44.2073168],[23.2393049,44.207267],[23.2387115,44.2073006],[23.2385055,44.2073823],[23.2384946,44.2072221],[23.2379104,44.2063509],[23.2377986,44.2063085],[23.237526,44.2059789],[23.237195,44.2058924],[23.2371071,44.2058097],[23.2360186,44.203487],[23.2270548,44.2047244],[23.2254314,44.1951182],[23.2218189,44.1958826],[23.2183161,44.1965672],[23.2182174,44.196468],[23.2179165,44.195959],[23.2170529,44.1916755],[23.2159709,44.1838263],[23.2156916,44.1803522],[23.2167853,44.1808508],[23.2174191,44.1798444],[23.2228033,44.172022],[23.2124877,44.1685527],[23.2167516,44.1670926],[23.2199632,44.1660696],[23.2263437,44.1680652],[23.22641,44.1676809],[23.2264407,44.1629969],[23.2263791,44.157481],[23.2265276,44.1464548],[23.2265224,44.1404567],[23.2265869,44.1388988],[23.2314698,44.1388525],[23.2335445,44.1388968],[23.2366026,44.1388869],[23.2374378,44.1389406],[23.246853,44.1389257],[23.2545002,44.1388823],[23.2584374,44.1455932],[23.2675979,44.1690404],[23.2715799,44.1679547],[23.2729949,44.1676386],[23.2823461,44.1658892],[23.2855609,44.1750085],[23.2865176,44.1771148],[23.2867059,44.1773397],[23.2878876,44.1782136],[23.2886636,44.1786689],[23.2895873,44.1791098],[23.2926826,44.1815436],[23.2944099,44.1827931],[23.297324,44.1845776],[23.3029375,44.1884973],[23.306617,44.1909563],[23.3074975,44.1916068],[23.3163545,44.1983336]]]}},{"type":"Feature","properties":{"entity_id":"osm-r9695239","jurisdiction":"RO","display_name":"CALOPĂR","display_type":"commune","admin_level":8,"tier":"local","legal_registry":"SIRUTA","legal_id":"71457","legal_type":"commune","parent_catalog_id":"osm-r2366970","osm_relation_id":9695239,"legal_identity_status":"reconciled","geometry_source":"OpenStreetMap","geometry_precision":"master_coordinate_fidelity"},"geometry":{"type":"Polygon","coordinates":[[[23.6429475,44.1826023],[23.6454106,44.1808241],[23.6450244,44.1793776],[23.6435223,44.1777771],[23.6422778,44.176546],[23.6411191,44.1755303],[23.6395741,44.1749147],[23.6389304,44.173468],[23.6374713,44.1677734],[23.6454343,44.1554627],[23.645567,44.1552575],[23.6476842,44.1551382],[23.6535342,44.1561927],[23.6551453,44.1558152],[23.6587108,44.1554009],[23.6631071,44.1554527],[23.663615,44.1552918],[23.665468,44.1540615],[23.6699383,44.1541323],[23.6712367,44.1535788],[23.6737764,44.1527033],[23.674419,44.1527099],[23.6746779,44.1529471],[23.6780056,44.1521081],[23.6782797,44.1530444],[23.6791985,44.1530806],[23.681071,44.1526594],[23.6813592,44.1531162],[23.6818621,44.1530957],[23.6842622,44.1526726],[23.6851936,44.152421],[23.6878492,44.1519788],[23.6879513,44.1517988],[23.6877356,44.1513894],[23.6874094,44.1510622],[23.6878773,44.1509553],[23.6884544,44.1511222],[23.6894289,44.1507692],[23.6907995,44.1500336],[23.6946544,44.1489488],[23.6987708,44.1485084],[23.6996707,44.1482972],[23.6994469,44.1481135],[23.7032438,44.1476843],[23.7035649,44.1477213],[23.7034678,44.1475806],[23.7114379,44.1462667],[23.712674,44.1457923],[23.7331848,44.1417349],[23.7318104,44.1373773],[23.7318771,44.1372716],[23.7384933,44.135984],[23.7386486,44.1369412],[23.741132,44.1457979],[23.7777243,44.138736],[23.7753765,44.1184981],[23.8216772,44.1139416],[23.8227526,44.1205513],[23.8215462,44.1203698],[23.8208401,44.1228759],[23.8250258,44.1229149],[23.8247535,44.1242938],[23.8248284,44.1244617],[23.8262112,44.1275635],[23.8302866,44.12783],[23.8286068,44.135908],[23.8359963,44.1361959],[23.8356966,44.1380214],[23.839632,44.1381838],[23.8392401,44.1385911],[23.8387742,44.1385676],[23.8375428,44.1399297],[23.8361144,44.1411994],[23.840584,44.1429255],[23.841979,44.1419586],[23.84248,44.1413774],[23.8437396,44.1401317],[23.8445827,44.1397229],[23.8449681,44.1394182],[23.8454211,44.138682],[23.8468839,44.1406172],[23.8481797,44.1410267],[23.8455615,44.1451045],[23.8524892,44.1481447],[23.8514632,44.1492891],[23.8485383,44.1508703],[23.8456883,44.1515436],[23.8418074,44.1517695],[23.838039,44.1518381],[23.8350061,44.1520022],[23.8346615,44.1521785],[23.834621,44.152322],[23.83427,44.1527677],[23.8340086,44.1532939],[23.83357,44.1545292],[23.8334512,44.1554293],[23.8338711,44.1560563],[23.8347391,44.1569946],[23.8354869,44.1584916],[23.8362988,44.1611118],[23.8358346,44.1627044],[23.8350476,44.1642392],[23.8340698,44.1653756],[23.8331811,44.1658957],[23.8320199,44.1667514],[23.8306153,44.1674896],[23.8296772,44.1677627],[23.8280812,44.1684435],[23.8273441,44.1693957],[23.8266667,44.1701294],[23.8256689,44.1717027],[23.8254998,44.1720324],[23.825376,44.1733049],[23.8257218,44.1747619],[23.8262507,44.1765606],[23.8264024,44.1774332],[23.8266404,44.1783257],[23.8269262,44.1789081],[23.8267245,44.1788925],[23.8263833,44.1786496],[23.8247844,44.1788203],[23.8238342,44.1786887],[23.8205874,44.1774967],[23.8200653,44.1773406],[23.8194257,44.177221],[23.8195655,44.1769324],[23.8198291,44.1766685],[23.8203376,44.1764928],[23.8192095,44.1765495],[23.8167985,44.1764582],[23.8164885,44.1765537],[23.8162997,44.176762],[23.8151624,44.1767141],[23.8141527,44.1767863],[23.8137249,44.1768929],[23.8130266,44.1768878],[23.8124912,44.176938],[23.8114407,44.1769215],[23.8105877,44.1770153],[23.8102128,44.1771453],[23.8099236,44.1773473],[23.8095596,44.1775109],[23.8089751,44.177647],[23.808218,44.1776892],[23.8079545,44.1777902],[23.8075814,44.177715],[23.8070775,44.1777158],[23.8058662,44.17781],[23.8055064,44.1779429],[23.8045884,44.1781102],[23.8048173,44.1798783],[23.8064689,44.180121],[23.8071295,44.1803407],[23.8073,44.1805481],[23.8075345,44.1806949],[23.8079246,44.1807218],[23.8080688,44.1806398],[23.8081243,44.1805075],[23.8084381,44.1803893],[23.8087395,44.1803621],[23.808857,44.1802988],[23.8088557,44.1806178],[23.8081327,44.1814506],[23.8053627,44.1851607],[23.8004877,44.1861544],[23.8000117,44.1860653],[23.7996434,44.1860702],[23.7952849,44.1867902],[23.7925679,44.1871828],[23.7923148,44.1876882],[23.7919417,44.1879279],[23.7914678,44.1880499],[23.7904217,44.1880704],[23.7892601,44.1879838],[23.7880852,44.1878228],[23.7865924,44.187936],[23.7848185,44.1883067],[23.7815067,44.1892672],[23.7802927,44.1897305],[23.7785138,44.1891348],[23.7766132,44.1888178],[23.7713732,44.1883164],[23.7688295,44.1883285],[23.7675509,44.1882609],[23.7675778,44.1879656],[23.7652934,44.1880003],[23.7651317,44.1878429],[23.7650162,44.187516],[23.7616475,44.1870729],[23.7610561,44.1870813],[23.7604836,44.1871757],[23.7563036,44.1880137],[23.7546972,44.1881491],[23.7486617,44.188513],[23.7446691,44.1847355],[23.74152,44.1850977],[23.7233729,44.1878337],[23.7151917,44.1888711],[23.7159916,44.1918966],[23.7162983,44.1927968],[23.7166962,44.1945166],[23.7181614,44.1998806],[23.7152592,44.2009525],[23.7141238,44.2014292],[23.7134148,44.2016553],[23.7108397,44.2026894],[23.7058246,44.2046071],[23.7045721,44.2051245],[23.7025296,44.205943],[23.7014654,44.2063042],[23.7008554,44.2064238],[23.69824,44.206881],[23.6976125,44.2070004],[23.6958815,44.2072652],[23.6953511,44.2073667],[23.6929472,44.2078073],[23.6908972,44.2081633],[23.6889441,44.208514],[23.6877243,44.2087404],[23.6871256,44.2088382],[23.6865526,44.2088907],[23.6864118,44.2088316],[23.6863593,44.2086851],[23.6864392,44.2085746],[23.6867093,44.2084072],[23.6883654,44.2077176],[23.688877,44.2074996],[23.6890678,44.2074123],[23.6889892,44.2073596],[23.6890215,44.2073068],[23.6890837,44.2072277],[23.68907,44.2071449],[23.6891644,44.2070999],[23.6892244,44.206941],[23.6889151,44.2067507],[23.6885164,44.2063802],[23.6885265,44.2062253],[23.688008,44.2062507],[23.6875459,44.2061666],[23.687173,44.2060471],[23.686924,44.2058907],[23.6867574,44.2057234],[23.686658,44.205675],[23.6864615,44.2056001],[23.686102,44.205508],[23.6857954,44.2055062],[23.6856302,44.205533],[23.6855166,44.2055927],[23.685363,44.2055496],[23.6851309,44.2054483],[23.684764,44.205453],[23.6842544,44.2054295],[23.6839616,44.2054718],[23.6837521,44.2055822],[23.6835411,44.2057353],[23.6832584,44.2058329],[23.6829976,44.2059471],[23.682766,44.2059648],[23.6821395,44.2060508],[23.6816604,44.2061926],[23.6812558,44.2063373],[23.6810516,44.2063351],[23.6797817,44.2062806],[23.6792576,44.2063252],[23.6789815,44.206388],[23.6786731,44.2064458],[23.6785619,44.206499],[23.6781741,44.2065304],[23.6776386,44.206568],[23.6767433,44.2066524],[23.6764814,44.2066872],[23.6762327,44.2067742],[23.6756573,44.2071191],[23.67538,44.2072273],[23.6747053,44.2073492],[23.674452,44.2074445],[23.6743353,44.2075205],[23.6741985,44.2076699],[23.6738902,44.2077695],[23.6738058,44.2078311],[23.6736895,44.2079379],[23.6734584,44.2081359],[23.6730988,44.2083262],[23.6729518,44.208435],[23.6721767,44.2088371],[23.6717297,44.2090857],[23.6713085,44.2092934],[23.670679,44.2094659],[23.6700543,44.2098092],[23.6696413,44.2100944],[23.6695535,44.210542],[23.6694918,44.2107078],[23.6692506,44.2109615],[23.6690064,44.211133],[23.6687377,44.2112552],[23.6685741,44.2112863],[23.6679542,44.2115439],[23.6564724,44.2034731],[23.6559561,44.2029501],[23.6429475,44.1826023]]]}},{"type":"Feature","properties":{"entity_id":"osm-r9695240","jurisdiction":"RO","display_name":"RADOVAN","display_type":"commune","admin_level":8,"tier":"local","legal_registry":"SIRUTA","legal_id":"73852","legal_type":"commune","parent_catalog_id":"osm-r2366970","osm_relation_id":9695240,"legal_identity_status":"reconciled","geometry_source":"OpenStreetMap","geometry_precision":"master_coordinate_fidelity"},"geometry":{"type":"Polygon","coordinates":[[[23.6429475,44.1826023],[23.6427896,44.1826445],[23.6422526,44.1818325],[23.6420787,44.1817233],[23.6409518,44.1816964],[23.6405817,44.181725],[23.6403387,44.1816037],[23.639572,44.1820994],[23.6389673,44.1823709],[23.6385831,44.1826148],[23.6378413,44.1829085],[23.6369774,44.1828776],[23.6367822,44.1829096],[23.6364955,44.1828217],[23.6351081,44.1827373],[23.6345983,44.1825654],[23.6345272,44.1825032],[23.6345256,44.182379],[23.6344027,44.1824538],[23.6334072,44.1826292],[23.6295308,44.184266],[23.6295692,44.1840053],[23.6297863,44.1837776],[23.6286669,44.1821708],[23.6282746,44.1814733],[23.6281904,44.1811608],[23.6282064,44.1807837],[23.6280656,44.1801931],[23.6275347,44.1791478],[23.6270829,44.1786786],[23.626727,44.1784759],[23.6260599,44.178207],[23.6258759,44.1779404],[23.6246559,44.1768557],[23.6242801,44.1767554],[23.6237672,44.176532],[23.6232413,44.1764078],[23.6220249,44.1758557],[23.6217065,44.1756281],[23.6214499,44.1752082],[23.6211723,44.1749859],[23.6198184,44.1744334],[23.6193341,44.1741309],[23.6187764,44.1738894],[23.6178438,44.1733692],[23.6171894,44.173109],[23.6171879,44.1730668],[23.6137291,44.1733068],[23.6140064,44.1741338],[23.6133064,44.1742786],[23.6111826,44.1749483],[23.6102073,44.1752038],[23.6100885,44.1752467],[23.6101267,44.1755072],[23.6041675,44.1767841],[23.6030971,44.1770554],[23.6031393,44.1778403],[23.6030046,44.1784761],[23.6031277,44.178611],[23.6037173,44.1786803],[23.60412,44.1790588],[23.6043309,44.1794865],[23.604081,44.1798865],[23.6040923,44.1800647],[23.6046711,44.1804801],[23.6055311,44.1809102],[23.6057058,44.1809768],[23.6062541,44.1809749],[23.6064349,44.1810554],[23.6064393,44.1812304],[23.6058684,44.1813717],[23.6057735,44.1814749],[23.6057941,44.1815682],[23.605919,44.1816342],[23.6065049,44.1817249],[23.6065891,44.1818001],[23.6066375,44.1823699],[23.6069646,44.1825183],[23.6073154,44.1829444],[23.6073479,44.1830342],[23.6072595,44.1833757],[23.6073279,44.1835201],[23.6074753,44.1836001],[23.6076581,44.1836277],[23.6080006,44.1834932],[23.6084288,44.1834957],[23.6085406,44.1835799],[23.6084764,44.1837408],[23.6082351,44.1839195],[23.6073934,44.1839225],[23.6072811,44.1839682],[23.6072843,44.184022],[23.6075173,44.1842022],[23.6076578,44.1844343],[23.6079989,44.1845995],[23.6080526,44.1846885],[23.6080561,44.1851765],[23.6079905,44.1852872],[23.6077983,44.1853834],[23.6070232,44.1854692],[23.6068162,44.1856176],[23.6068189,44.1860299],[23.6073958,44.1863212],[23.607477,44.1863938],[23.6074806,44.1865369],[23.6071954,44.1866777],[23.607198,44.1868889],[23.6072841,44.187127],[23.6071702,44.1872006],[23.6069658,44.1876808],[23.6067937,44.1877846],[23.6065215,44.1877042],[23.6064059,44.1877212],[23.6062185,44.188204],[23.6059715,44.1883183],[23.605963,44.1884445],[23.6060848,44.1887852],[23.606202,44.1888604],[23.6063931,44.1889831],[23.606772,44.1889658],[23.6069189,44.1888856],[23.607293,44.1884056],[23.607506,44.1882455],[23.6078961,44.1881826],[23.6080496,44.1882204],[23.6082124,44.1884048],[23.6082359,44.1885682],[23.6081632,44.1886592],[23.6077669,44.1888798],[23.6077245,44.1889906],[23.6077945,44.1891859],[23.608065,44.1893133],[23.6082698,44.189491],[23.6081621,44.1898379],[23.6083046,44.1901022],[23.6084384,44.1901768],[23.6087635,44.1902069],[23.609089,44.1901322],[23.6094996,44.1898666],[23.6096787,44.1898725],[23.6101213,44.1901339],[23.6107003,44.1903683],[23.6108164,44.1904725],[23.6107958,44.190657],[23.6108937,44.190775],[23.6111214,44.1908805],[23.6115142,44.1909255],[23.6116248,44.1910517],[23.6116479,44.1912547],[23.6115718,44.1913565],[23.6114226,44.1913612],[23.6111279,44.1912204],[23.6109495,44.1912643],[23.6109188,44.1913469],[23.6110933,44.1920264],[23.6109827,44.192161],[23.6105326,44.1924938],[23.6105587,44.1926046],[23.6108641,44.1928905],[23.6107657,44.1932803],[23.6107886,44.1934022],[23.6112441,44.1938369],[23.6114054,44.194074],[23.6113196,44.1944933],[23.6115063,44.1948005],[23.6114946,44.1949423],[23.611329,44.1950591],[23.6108597,44.1950485],[23.6107048,44.1952897],[23.6105735,44.1953706],[23.6106904,44.1954943],[23.6106867,44.1955634],[23.6106063,44.1956916],[23.6103598,44.1958244],[23.6102609,44.196243],[23.6084285,44.1983093],[23.6082976,44.1983619],[23.6072771,44.1993143],[23.6047032,44.2006904],[23.6041975,44.2009088],[23.6035978,44.2012603],[23.6032846,44.201159],[23.6032705,44.2009315],[23.6031158,44.2010869],[23.6029355,44.2011345],[23.6023888,44.2011531],[23.6020187,44.2010371],[23.6012536,44.2013652],[23.6003655,44.2015784],[23.5985821,44.1972683],[23.5859217,44.2050475],[23.5852445,44.2046051],[23.585218,44.2046351],[23.5851197,44.2046005],[23.5845013,44.2042511],[23.5827921,44.2031076],[23.5819417,44.2026381],[23.579932,44.2013307],[23.5790062,44.2007843],[23.5785977,44.200454],[23.5780609,44.2001132],[23.5773671,44.1997413],[23.5756257,44.1984288],[23.5738591,44.197248],[23.5719379,44.1961918],[23.5709121,44.1957575],[23.5688568,44.1947698],[23.5660221,44.1955705],[23.5677404,44.1967492],[23.5687639,44.1973441],[23.5725437,44.1998634],[23.5743318,44.2009768],[23.5743487,44.2010616],[23.5737254,44.201442],[23.5748768,44.2023782],[23.5749671,44.2025042],[23.5719944,44.2050874],[23.5717921,44.2051712],[23.5692456,44.2056092],[23.563004,44.2065088],[23.5589114,44.2095477],[23.5573808,44.2106192],[23.5552011,44.2088043],[23.5551044,44.2087241],[23.554824,44.2084609],[23.552969,44.208768],[23.5528842,44.208851],[23.552801,44.2090153],[23.5531556,44.2097778],[23.5532276,44.2101073],[23.5528497,44.2111763],[23.5525566,44.2117416],[23.5488259,44.2126159],[23.5451591,44.2129178],[23.5441348,44.2131283],[23.5418652,44.2137593],[23.5403904,44.2142292],[23.5398411,44.2143252],[23.5378559,44.2149607],[23.5370887,44.2151348],[23.5358691,44.2155316],[23.5308016,44.2169613],[23.5301214,44.2172159],[23.5296613,44.2160392],[23.529095,44.2143205],[23.5284877,44.2121707],[23.5279,44.2104525],[23.5262856,44.2051876],[23.5387468,44.2019512],[23.5390512,44.2019139],[23.5393088,44.2017732],[23.5402019,44.2015602],[23.5410273,44.2013038],[23.54228,44.2010508],[23.5455422,44.2002246],[23.5449013,44.1995311],[23.5442873,44.1990081],[23.5429713,44.1982712],[23.5423226,44.1978217],[23.5421832,44.1976127],[23.5416994,44.1973446],[23.5413282,44.1970162],[23.54059,44.1967657],[23.5394564,44.1962395],[23.538828,44.1960181],[23.5388023,44.196053],[23.5381312,44.1958943],[23.5366046,44.1952254],[23.5360983,44.1949574],[23.5357252,44.1945905],[23.5354912,44.1944362],[23.535306,44.1939894],[23.5353595,44.1934623],[23.5352544,44.1927307],[23.5350239,44.1917685],[23.5346916,44.189436],[23.5346953,44.1891074],[23.533995,44.1877112],[23.5336157,44.18662],[23.5334141,44.1856289],[23.5333359,44.1848031],[23.533018,44.1837545],[23.5328679,44.1828071],[23.532398,44.1808076],[23.5316664,44.1808307],[23.5242271,44.1816743],[23.5239186,44.1816532],[23.5221991,44.1812335],[23.5209815,44.1808698],[23.5204785,44.1803411],[23.519351,44.1785968],[23.5230274,44.1776905],[23.523348,44.1775299],[23.5235053,44.1773758],[23.5242401,44.1760025],[23.5237277,44.1751957],[23.5180645,44.1767576],[23.5180207,44.176763],[23.5178712,44.1764075],[23.5177556,44.1763435],[23.5163948,44.1765724],[23.5163045,44.1762392],[23.5161048,44.1759769],[23.5159549,44.1754718],[23.515695,44.1751028],[23.5155782,44.1749981],[23.5144116,44.174423],[23.5132505,44.1735499],[23.5132895,44.1732132],[23.5136384,44.1726393],[23.5140843,44.1721819],[23.5154726,44.171901],[23.5151406,44.1709347],[23.5150236,44.1701383],[23.5144517,44.1701562],[23.5141676,44.1700891],[23.5140325,44.1699594],[23.5139331,44.1695146],[23.5134858,44.1694661],[23.5130607,44.1692851],[23.5127418,44.1692423],[23.5124392,44.1692068],[23.5119659,44.1692232],[23.5099636,44.169482],[23.5096316,44.1694318],[23.5094636,44.169245],[23.5092927,44.1687822],[23.5092566,44.168504],[23.5093693,44.1680385],[23.5095448,44.1677169],[23.5096899,44.1676279],[23.5115396,44.1672025],[23.5131246,44.1670723],[23.5194894,44.1663418],[23.5200424,44.1663417],[23.5202453,44.1672873],[23.5210336,44.1688121],[23.5211416,44.1688187],[23.5234347,44.1682238],[23.5245579,44.1679885],[23.524634,44.1680066],[23.525423,44.1687274],[23.5261414,44.169527],[23.5276969,44.1710514],[23.5284456,44.1715534],[23.5316179,44.1732312],[23.53307,44.1741135],[23.535659,44.1738151],[23.5364161,44.1736924],[23.5394594,44.1727899],[23.5413802,44.1721516],[23.5420549,44.1718204],[23.5435655,44.1709357],[23.545108,44.1699124],[23.5455544,44.1696823],[23.5509977,44.1675591],[23.5514612,44.1591065],[23.5517642,44.1584875],[23.5531962,44.1549397],[23.5533704,44.1543454],[23.553491,44.1541652],[23.5540651,44.1538156],[23.5619371,44.1496881],[23.5629973,44.149071],[23.5658231,44.1475687],[23.5658262,44.1474417],[23.5623296,44.1474089],[23.5623084,44.1472809],[23.5638069,44.1446175],[23.5641063,44.1441288],[23.5701585,44.1466172],[23.5725334,44.1445298],[23.5808205,44.1376474],[23.5819164,44.1386024],[23.5838867,44.1395079],[23.5859405,44.1381025],[23.5913835,44.1346829],[23.591218,44.134584],[23.5927559,44.1338149],[23.592941,44.1340935],[23.5935115,44.1338871],[23.5935361,44.1340117],[23.5969551,44.1319954],[23.5974274,44.1317289],[23.6015973,44.1339849],[23.6104047,44.1384477],[23.610449,44.1388346],[23.6107209,44.1392351],[23.6108704,44.139329],[23.6107279,44.1400392],[23.6146709,44.1420976],[23.6151257,44.1422813],[23.6163893,44.1426276],[23.6187866,44.1435857],[23.6219675,44.1450239],[23.6227032,44.1452873],[23.6248354,44.1462547],[23.6267606,44.147016],[23.6272141,44.1472632],[23.6286159,44.147751],[23.6322702,44.1493601],[23.6340905,44.1500818],[23.6345818,44.1502277],[23.6359974,44.1508809],[23.6383957,44.1518258],[23.6393219,44.1522568],[23.640444,44.1526265],[23.6408455,44.1528349],[23.6417082,44.1529598],[23.6417382,44.1531891],[23.645567,44.1552575],[23.6454343,44.1554627],[23.6374713,44.1677734],[23.6389304,44.173468],[23.6395741,44.1749147],[23.6411191,44.1755303],[23.6422778,44.176546],[23.6435223,44.1777771],[23.6450244,44.1793776],[23.6454106,44.1808241],[23.6429475,44.1826023]]]}},{"type":"Feature","properties":{"entity_id":"osm-r9695241","jurisdiction":"RO","display_name":"PERIȘOR","display_type":"commune","admin_level":8,"tier":"local","legal_registry":"SIRUTA","legal_id":"73594","legal_type":"commune","parent_catalog_id":"osm-r2366970","osm_relation_id":9695241,"legal_identity_status":"reconciled","geometry_source":"OpenStreetMap","geometry_precision":"master_coordinate_fidelity"},"geometry":{"type":"Polygon","coordinates":[[[23.5262856,44.2051876],[23.5240918,44.2057467],[23.5222642,44.2061415],[23.5195361,44.2068554],[23.5160002,44.2076699],[23.5138366,44.2082549],[23.5102021,44.2091504],[23.5090482,44.2093195],[23.500285,44.2090408],[23.4987039,44.2047871],[23.4919023,44.2062691],[23.4908463,44.2026548],[23.4910421,44.2020574],[23.4907476,44.2012426],[23.4906665,44.2000252],[23.4907155,44.1990042],[23.4900568,44.1983304],[23.489119,44.1971178],[23.4882195,44.1961651],[23.4873048,44.1949365],[23.486105,44.1925365],[23.4869487,44.1921586],[23.4885394,44.1916611],[23.4880201,44.190827],[23.489532,44.1898905],[23.4866063,44.1871267],[23.4866631,44.1866734],[23.4914121,44.1849615],[23.4906598,44.1844243],[23.4900886,44.1838572],[23.4827066,44.1778629],[23.4825282,44.1777875],[23.4822694,44.1777759],[23.4813589,44.1781285],[23.4785925,44.1792182],[23.4734121,44.1814735],[23.4715817,44.1800603],[23.470268,44.1791369],[23.4698311,44.1787217],[23.4695751,44.1781301],[23.4688568,44.1758103],[23.4683761,44.1756819],[23.4679577,44.1757411],[23.4612997,44.1778556],[23.4604737,44.176749],[23.4600768,44.1768091],[23.4568906,44.1779979],[23.4534885,44.1788269],[23.4524965,44.1788456],[23.4517745,44.1785733],[23.4526108,44.1767298],[23.4560761,44.1699538],[23.4565818,44.1688184],[23.4496054,44.1671197],[23.4534436,44.1594241],[23.4421923,44.1563094],[23.439511,44.1556338],[23.4405504,44.1533219],[23.4417713,44.1503827],[23.4435592,44.1464418],[23.4441006,44.1454147],[23.4380314,44.1437466],[23.4371489,44.1434705],[23.4391096,44.1392902],[23.4416687,44.1340862],[23.4415695,44.1328655],[23.4415858,44.1306088],[23.4454688,44.1306176],[23.4449726,44.1174883],[23.451482,44.1173987],[23.4732008,44.1172004],[23.4772881,44.117101],[23.478238,44.1161226],[23.4798958,44.1143794],[23.4813569,44.1127575],[23.4841159,44.1099914],[23.4857283,44.108325],[23.4886187,44.1054521],[23.4907968,44.1051717],[23.4943318,44.1047855],[23.495582,44.1046473],[23.495913,44.1051474],[23.4962564,44.1051675],[23.4965425,44.1057444],[23.4982392,44.105798],[23.4998268,44.1059122],[23.5000552,44.1070613],[23.5007054,44.1076895],[23.5015211,44.1077314],[23.5042118,44.1075814],[23.5059336,44.1074959],[23.5069881,44.107448],[23.5094523,44.1069076],[23.5097719,44.1070203],[23.5118512,44.1080856],[23.5138462,44.1090877],[23.5142633,44.1095889],[23.5158947,44.1122124],[23.5169697,44.1138993],[23.5192146,44.1177699],[23.5192806,44.1178558],[23.5201115,44.1176723],[23.5206568,44.1175781],[23.5214367,44.117441],[23.5230728,44.1171082],[23.5251091,44.1167321],[23.525899,44.1165704],[23.527347,44.1163324],[23.5278379,44.1162687],[23.5278848,44.1162858],[23.5279788,44.1163374],[23.5280374,44.1163929],[23.5291113,44.1176409],[23.530324,44.119009],[23.5323024,44.1212356],[23.5330504,44.122101],[23.5334145,44.1225222],[23.5365975,44.1259792],[23.5384369,44.1280452],[23.5390461,44.1288256],[23.5392887,44.1287345],[23.539864,44.1285228],[23.5404703,44.1280736],[23.5413165,44.1276157],[23.541929,44.1273946],[23.5425459,44.1273453],[23.5428054,44.1273486],[23.5431726,44.1273881],[23.5439315,44.127398],[23.5443041,44.1274028],[23.5443183,44.1274461],[23.5443145,44.1276004],[23.5451832,44.1296669],[23.5457345,44.1307802],[23.5458536,44.1307817],[23.546403,44.1307888],[23.5471765,44.1308303],[23.5472811,44.1308606],[23.5473784,44.1309173],[23.5474831,44.1310103],[23.5475261,44.1311402],[23.5475883,44.1314386],[23.5476654,44.131896],[23.5477181,44.1324384],[23.5477778,44.1325571],[23.5478358,44.132632],[23.5485072,44.1328654],[23.5509338,44.1335281],[23.5514589,44.1336649],[23.5523896,44.1339308],[23.5560111,44.1349378],[23.5591846,44.13587],[23.5607689,44.1363338],[23.5614309,44.1364956],[23.5628034,44.1368864],[23.5649587,44.1375311],[23.565586,44.1376513],[23.5662635,44.1378814],[23.5668189,44.1380761],[23.5670388,44.1381813],[23.5672062,44.138282],[23.567204,44.1383742],[23.567202,44.1384539],[23.5671992,44.1385699],[23.5671657,44.1386726],[23.5671244,44.1388195],[23.5662182,44.1405231],[23.5654269,44.1418593],[23.56495,44.1426645],[23.5646158,44.1433105],[23.5642563,44.1438921],[23.5641381,44.144058],[23.5641063,44.1441288],[23.5638069,44.1446175],[23.5623084,44.1472809],[23.5623296,44.1474089],[23.5658262,44.1474417],[23.5658231,44.1475687],[23.5629973,44.149071],[23.5619371,44.1496881],[23.5540651,44.1538156],[23.553491,44.1541652],[23.5533704,44.1543454],[23.5531962,44.1549397],[23.5517642,44.1584875],[23.5514612,44.1591065],[23.5509977,44.1675591],[23.5455544,44.1696823],[23.545108,44.1699124],[23.5435655,44.1709357],[23.5420549,44.1718204],[23.5413802,44.1721516],[23.5394594,44.1727899],[23.5364161,44.1736924],[23.535659,44.1738151],[23.53307,44.1741135],[23.5316179,44.1732312],[23.5284456,44.1715534],[23.5276969,44.1710514],[23.5261414,44.169527],[23.525423,44.1687274],[23.524634,44.1680066],[23.5245579,44.1679885],[23.5234347,44.1682238],[23.5211416,44.1688187],[23.5210336,44.1688121],[23.5202453,44.1672873],[23.5200424,44.1663417],[23.5194894,44.1663418],[23.5131246,44.1670723],[23.5115396,44.1672025],[23.5096899,44.1676279],[23.5095448,44.1677169],[23.5093693,44.1680385],[23.5092566,44.168504],[23.5092927,44.1687822],[23.5094636,44.169245],[23.5096316,44.1694318],[23.5099636,44.169482],[23.5119659,44.1692232],[23.5124392,44.1692068],[23.5127418,44.1692423],[23.5130607,44.1692851],[23.5134858,44.1694661],[23.5139331,44.1695146],[23.5140325,44.1699594],[23.5141676,44.1700891],[23.5144517,44.1701562],[23.5150236,44.1701383],[23.5151406,44.1709347],[23.5154726,44.171901],[23.5140843,44.1721819],[23.5136384,44.1726393],[23.5132895,44.1732132],[23.5132505,44.1735499],[23.5144116,44.174423],[23.5155782,44.1749981],[23.515695,44.1751028],[23.5159549,44.1754718],[23.5161048,44.1759769],[23.5163045,44.1762392],[23.5163948,44.1765724],[23.5177556,44.1763435],[23.5178712,44.1764075],[23.5180207,44.176763],[23.5180645,44.1767576],[23.5237277,44.1751957],[23.5242401,44.1760025],[23.5235053,44.1773758],[23.523348,44.1775299],[23.5230274,44.1776905],[23.519351,44.1785968],[23.5204785,44.1803411],[23.5209815,44.1808698],[23.5221991,44.1812335],[23.5239186,44.1816532],[23.5242271,44.1816743],[23.5316664,44.1808307],[23.532398,44.1808076],[23.5328679,44.1828071],[23.533018,44.1837545],[23.5333359,44.1848031],[23.5334141,44.1856289],[23.5336157,44.18662],[23.533995,44.1877112],[23.5346953,44.1891074],[23.5346916,44.189436],[23.5350239,44.1917685],[23.5352544,44.1927307],[23.5353595,44.1934623],[23.535306,44.1939894],[23.5354912,44.1944362],[23.5357252,44.1945905],[23.5360983,44.1949574],[23.5366046,44.1952254],[23.5381312,44.1958943],[23.5388023,44.196053],[23.538828,44.1960181],[23.5394564,44.1962395],[23.54059,44.1967657],[23.5413282,44.1970162],[23.5416994,44.1973446],[23.5421832,44.1976127],[23.5423226,44.1978217],[23.5429713,44.1982712],[23.5442873,44.1990081],[23.5449013,44.1995311],[23.5455422,44.2002246],[23.54228,44.2010508],[23.5410273,44.2013038],[23.5402019,44.2015602],[23.5393088,44.2017732],[23.5390512,44.2019139],[23.5387468,44.2019512],[23.5262856,44.2051876]]]}},{"type":"Feature","properties":{"entity_id":"osm-r9695242","jurisdiction":"RO","display_name":"GIUBEGA","display_type":"commune","admin_level":8,"tier":"local","legal_registry":"SIRUTA","legal_id":"72506","legal_type":"commune","parent_catalog_id":"osm-r2366970","osm_relation_id":9695242,"legal_identity_status":"reconciled","geometry_source":"OpenStreetMap","geometry_precision":"master_coordinate_fidelity"},"geometry":{"type":"Polygon","coordinates":[[[23.4449726,44.1174883],[23.4454688,44.1306176],[23.4415858,44.1306088],[23.4415695,44.1328655],[23.4416687,44.1340862],[23.4391096,44.1392902],[23.4371489,44.1434705],[23.4380314,44.1437466],[23.4441006,44.1454147],[23.4435592,44.1464418],[23.4417713,44.1503827],[23.4405504,44.1533219],[23.439511,44.1556338],[23.4421923,44.1563094],[23.4534436,44.1594241],[23.4496054,44.1671197],[23.4565818,44.1688184],[23.4560761,44.1699538],[23.4526108,44.1767298],[23.4517745,44.1785733],[23.4510686,44.178307],[23.4429214,44.1762484],[23.4383662,44.1847802],[23.4340349,44.193315],[23.4236858,44.1902949],[23.4147956,44.2065756],[23.4146236,44.2061984],[23.4142839,44.2058938],[23.4141176,44.2058209],[23.3730632,44.1946696],[23.368637,44.1934174],[23.3782831,44.1768249],[23.3850089,44.1646058],[23.386299,44.1621882],[23.3864928,44.1616108],[23.3747256,44.1584799],[23.3616451,44.1551627],[23.3591151,44.1540401],[23.3572063,44.1528731],[23.3571596,44.15274],[23.3611874,44.1441643],[23.3642864,44.1381788],[23.3647643,44.1371425],[23.3592746,44.135782],[23.3579183,44.135408],[23.3563155,44.1350574],[23.3561586,44.1350126],[23.355976,44.1348134],[23.355834,44.134441],[23.3584591,44.1341328],[23.3609396,44.1287305],[23.3631062,44.124226],[23.365644,44.1191199],[23.3676582,44.1148847],[23.3689975,44.1121809],[23.3716605,44.1132737],[23.373492,44.113979],[23.3767474,44.1153039],[23.3790721,44.1162159],[23.386675,44.1191882],[23.3911722,44.1209985],[23.3918717,44.1212352],[23.3927803,44.121444],[23.3929036,44.1213874],[23.3931583,44.1211236],[23.3956683,44.1183165],[23.3993442,44.1195305],[23.4041221,44.1140742],[23.4047135,44.1153642],[23.4058572,44.1175817],[23.409626,44.1163537],[23.40947,44.1133613],[23.4160414,44.1144633],[23.4218555,44.1153111],[23.4256847,44.1159789],[23.4327242,44.1170964],[23.4353509,44.1175447],[23.4357907,44.1176572],[23.4402499,44.1175554],[23.440292,44.1173053],[23.4449743,44.1172578],[23.4449726,44.1174883]]]}},{"type":"Feature","properties":{"entity_id":"osm-r9695243","jurisdiction":"RO","display_name":"IZVOARE","display_type":"commune","admin_level":8,"tier":"local","legal_registry":"SIRUTA","legal_id":"72882","legal_type":"commune","parent_catalog_id":"osm-r2366970","osm_relation_id":9695243,"legal_identity_status":"reconciled","geometry_source":"OpenStreetMap","geometry_precision":"master_coordinate_fidelity"},"geometry":{"type":"Polygon","coordinates":[[[23.3163545,44.1983336],[23.3074975,44.1916068],[23.306617,44.1909563],[23.3029375,44.1884973],[23.297324,44.1845776],[23.2944099,44.1827931],[23.2926826,44.1815436],[23.2895873,44.1791098],[23.2886636,44.1786689],[23.2878876,44.1782136],[23.2867059,44.1773397],[23.2865176,44.1771148],[23.2855609,44.1750085],[23.2823461,44.1658892],[23.2729949,44.1676386],[23.2715799,44.1679547],[23.2675979,44.1690404],[23.2584374,44.1455932],[23.2545002,44.1388823],[23.2566572,44.1388176],[23.259198,44.1386136],[23.2595596,44.1386308],[23.2617047,44.1384728],[23.2636964,44.1382481],[23.2635096,44.1348329],[23.2634893,44.1320034],[23.2711056,44.13191],[23.2710876,44.1304558],[23.2711355,44.1303319],[23.2710782,44.1288708],[23.2711356,44.1269362],[23.270976,44.1230947],[23.2709609,44.1147819],[23.2709163,44.1142452],[23.2751056,44.1141468],[23.2775813,44.1141335],[23.280331,44.1139887],[23.2861061,44.1139168],[23.2861312,44.115542],[23.2864208,44.1215695],[23.2883887,44.1229912],[23.2937365,44.126433],[23.2957755,44.1257749],[23.2967882,44.12524],[23.2971616,44.124948],[23.3013983,44.1282607],[23.3014855,44.1282766],[23.3015791,44.1285353],[23.3064059,44.1326325],[23.30885,44.1310789],[23.3105167,44.1300843],[23.314404,44.1275762],[23.318531,44.1249997],[23.3186754,44.1250676],[23.3192044,44.125136],[23.3373291,44.129514],[23.3553218,44.1339302],[23.355677,44.1340371],[23.355834,44.134441],[23.355976,44.1348134],[23.3561586,44.1350126],[23.3563155,44.1350574],[23.3579183,44.135408],[23.3592746,44.135782],[23.3647643,44.1371425],[23.3642864,44.1381788],[23.3611874,44.1441643],[23.3571596,44.15274],[23.3572063,44.1528731],[23.3591151,44.1540401],[23.3616451,44.1551627],[23.3747256,44.1584799],[23.3864928,44.1616108],[23.386299,44.1621882],[23.3850089,44.1646058],[23.3782831,44.1768249],[23.3696903,44.1741785],[23.3660768,44.1731975],[23.3639768,44.1725716],[23.3620911,44.1721266],[23.3585703,44.171112],[23.3514942,44.169171],[23.3505872,44.1689426],[23.3493414,44.1690063],[23.3506507,44.1724758],[23.351372,44.1741527],[23.3520075,44.1765574],[23.3526972,44.1800298],[23.3528645,44.1805787],[23.3531255,44.1807992],[23.3530892,44.1808903],[23.3525384,44.180996],[23.3475725,44.1824998],[23.3446043,44.1832001],[23.3410216,44.1834135],[23.3370411,44.1835667],[23.3368753,44.1842887],[23.3364363,44.1854877],[23.3358588,44.1864752],[23.3356349,44.1873512],[23.3353696,44.1888127],[23.3338915,44.1923992],[23.3337981,44.1927467],[23.3303291,44.1939883],[23.3293304,44.1942957],[23.3282006,44.1945066],[23.3256349,44.1951925],[23.3228141,44.195845],[23.3219249,44.1961129],[23.3163545,44.1983336]]]}},{"type":"Feature","properties":{"entity_id":"osm-r9695244","jurisdiction":"RO","display_name":"GALICIUICA","display_type":"commune","admin_level":8,"tier":"local","legal_registry":"SIRUTA","legal_id":"74891","legal_type":"commune","parent_catalog_id":"osm-r2366970","osm_relation_id":9695244,"legal_identity_status":"reconciled","geometry_source":"OpenStreetMap","geometry_precision":"master_coordinate_fidelity"},"geometry":{"type":"Polygon","coordinates":[[[23.440292,44.1173053],[23.4402499,44.1175554],[23.4357907,44.1176572],[23.4353509,44.1175447],[23.4327242,44.1170964],[23.4256847,44.1159789],[23.4218555,44.1153111],[23.4160414,44.1144633],[23.40947,44.1133613],[23.409626,44.1163537],[23.4058572,44.1175817],[23.4047135,44.1153642],[23.4041221,44.1140742],[23.3993442,44.1195305],[23.3956683,44.1183165],[23.3931583,44.1211236],[23.3929036,44.1213874],[23.3927803,44.121444],[23.3918717,44.1212352],[23.3911722,44.1209985],[23.386675,44.1191882],[23.3904117,44.1145995],[23.3933421,44.1111218],[23.3927832,44.1110409],[23.391238,44.111355],[23.3884438,44.1118194],[23.3878208,44.1118384],[23.3867813,44.1114452],[23.3708738,44.1048329],[23.3685375,44.0992927],[23.3677737,44.0976764],[23.3655398,44.0923652],[23.3649741,44.091199],[23.3642853,44.0894005],[23.3688895,44.0886239],[23.3786595,44.086871],[23.3761412,44.0811601],[23.3645418,44.0820543],[23.363665,44.0772913],[23.3725609,44.0727444],[23.3735024,44.0724659],[23.3755095,44.0718347],[23.3761527,44.0717382],[23.3767621,44.0715738],[23.3782334,44.0712844],[23.3815879,44.0705047],[23.382129,44.0703789],[23.3875718,44.0690033],[23.3879232,44.0688416],[23.3889617,44.067374],[23.3933594,44.0656829],[23.3998252,44.0642732],[23.4027081,44.0637648],[23.4028423,44.0652307],[23.4028199,44.065589],[23.4026595,44.0657456],[23.4025527,44.0662843],[23.4025242,44.0695496],[23.4024817,44.0696549],[23.402552,44.070032],[23.402682,44.0702554],[23.4027466,44.0705349],[23.4026956,44.0721865],[23.4069578,44.072218],[23.4149157,44.0721595],[23.4235373,44.0722389],[23.425177,44.0721378],[23.4249755,44.0748869],[23.4252802,44.0797026],[23.4254922,44.0847982],[23.4258614,44.0902683],[23.4260253,44.0918788],[23.4260371,44.0934903],[23.4266077,44.0935212],[23.4334541,44.0932982],[23.4414739,44.0931713],[23.4410282,44.0934683],[23.4395784,44.0941116],[23.4398407,44.1041066],[23.4398314,44.1062145],[23.440292,44.1173053]]]}},{"type":"Feature","properties":{"entity_id":"osm-r9695245","jurisdiction":"RO","display_name":"ÎNTORSURA","display_type":"commune","admin_level":8,"tier":"local","legal_registry":"SIRUTA","legal_id":"74923","legal_type":"commune","parent_catalog_id":"osm-r2366970","osm_relation_id":9695245,"legal_identity_status":"reconciled","geometry_source":"OpenStreetMap","geometry_precision":"master_coordinate_fidelity"},"geometry":{"type":"Polygon","coordinates":[[[23.5214367,44.117441],[23.5220291,44.1089126],[23.5270896,44.1101982],[23.5317227,44.1102589],[23.5315998,44.1064166],[23.5316813,44.0932998],[23.531644,44.0919736],[23.5242085,44.0920312],[23.524138,44.0902248],[23.5240956,44.0855826],[23.5241541,44.0832651],[23.5241925,44.0743076],[23.5260158,44.0742727],[23.5275805,44.0742932],[23.5299695,44.0742213],[23.5344155,44.0742346],[23.5397608,44.0741598],[23.5399989,44.0741586],[23.5454756,44.0741311],[23.5474742,44.0740825],[23.5520465,44.0740041],[23.5552157,44.0739878],[23.5615439,44.0739466],[23.5615398,44.07411],[23.5615016,44.0766921],[23.5615763,44.0797654],[23.5621724,44.0795727],[23.5629244,44.0795566],[23.5646244,44.079248],[23.5664159,44.0790474],[23.5679271,44.0805488],[23.5742076,44.0871775],[23.5758792,44.0888113],[23.5822097,44.0957568],[23.5863443,44.1000688],[23.5881101,44.1020175],[23.5895287,44.1036746],[23.5926682,44.1070492],[23.5951065,44.1094271],[23.5971956,44.1115562],[23.5985952,44.1131693],[23.5996217,44.1142107],[23.5987915,44.1156917],[23.5961905,44.1175991],[23.5958303,44.1182164],[23.597022,44.1189152],[23.5976211,44.1191341],[23.598153,44.1207075],[23.5984302,44.1212359],[23.5982452,44.1215453],[23.5972581,44.1227112],[23.5966205,44.1237523],[23.5957759,44.1242805],[23.5955871,44.1244444],[23.5973418,44.1259162],[23.6008358,44.1296814],[23.5974274,44.1317289],[23.5969551,44.1319954],[23.5935361,44.1340117],[23.5935115,44.1338871],[23.592941,44.1340935],[23.5927559,44.1338149],[23.591218,44.134584],[23.5913835,44.1346829],[23.5859405,44.1381025],[23.5838867,44.1395079],[23.5819164,44.1386024],[23.5808205,44.1376474],[23.5725334,44.1445298],[23.5701585,44.1466172],[23.5641063,44.1441288],[23.5641381,44.144058],[23.5642563,44.1438921],[23.5646158,44.1433105],[23.56495,44.1426645],[23.5654269,44.1418593],[23.5662182,44.1405231],[23.5671244,44.1388195],[23.5671657,44.1386726],[23.5671992,44.1385699],[23.567202,44.1384539],[23.567204,44.1383742],[23.5672062,44.138282],[23.5670388,44.1381813],[23.5668189,44.1380761],[23.5662635,44.1378814],[23.565586,44.1376513],[23.5649587,44.1375311],[23.5628034,44.1368864],[23.5614309,44.1364956],[23.5607689,44.1363338],[23.5591846,44.13587],[23.5560111,44.1349378],[23.5523896,44.1339308],[23.5514589,44.1336649],[23.5509338,44.1335281],[23.5485072,44.1328654],[23.5478358,44.132632],[23.5477778,44.1325571],[23.5477181,44.1324384],[23.5476654,44.131896],[23.5475883,44.1314386],[23.5475261,44.1311402],[23.5474831,44.1310103],[23.5473784,44.1309173],[23.5472811,44.1308606],[23.5471765,44.1308303],[23.546403,44.1307888],[23.5458536,44.1307817],[23.5457345,44.1307802],[23.5451832,44.1296669],[23.5443145,44.1276004],[23.5443183,44.1274461],[23.5443041,44.1274028],[23.5439315,44.127398],[23.5431726,44.1273881],[23.5428054,44.1273486],[23.5425459,44.1273453],[23.541929,44.1273946],[23.5413165,44.1276157],[23.5404703,44.1280736],[23.539864,44.1285228],[23.5392887,44.1287345],[23.5390461,44.1288256],[23.5384369,44.1280452],[23.5365975,44.1259792],[23.5334145,44.1225222],[23.5330504,44.122101],[23.5323024,44.1212356],[23.530324,44.119009],[23.5291113,44.1176409],[23.5280374,44.1163929],[23.5279788,44.1163374],[23.5278848,44.1162858],[23.5278379,44.1162687],[23.527347,44.1163324],[23.525899,44.1165704],[23.5251091,44.1167321],[23.5230728,44.1171082],[23.5214367,44.117441]]]}},{"type":"Feature","properties":{"entity_id":"osm-r9695246","jurisdiction":"RO","display_name":"CIOROIAȘI","display_type":"commune","admin_level":8,"tier":"local","legal_registry":"SIRUTA","legal_id":"71812","legal_type":"commune","parent_catalog_id":"osm-r2366970","osm_relation_id":9695246,"legal_identity_status":"reconciled","geometry_source":"OpenStreetMap","geometry_precision":"master_coordinate_fidelity"},"geometry":{"type":"Polygon","coordinates":[[[23.5214367,44.117441],[23.5206568,44.1175781],[23.5201115,44.1176723],[23.5192806,44.1178558],[23.5192146,44.1177699],[23.5169697,44.1138993],[23.5158947,44.1122124],[23.5142633,44.1095889],[23.5138462,44.1090877],[23.5118512,44.1080856],[23.5097719,44.1070203],[23.5094523,44.1069076],[23.5069881,44.107448],[23.5059336,44.1074959],[23.5042118,44.1075814],[23.5015211,44.1077314],[23.5007054,44.1076895],[23.5000552,44.1070613],[23.4998268,44.1059122],[23.4982392,44.105798],[23.4965425,44.1057444],[23.4962564,44.1051675],[23.495913,44.1051474],[23.495582,44.1046473],[23.4943318,44.1047855],[23.4907968,44.1051717],[23.4886187,44.1054521],[23.4857283,44.108325],[23.4841159,44.1099914],[23.4813569,44.1127575],[23.4798958,44.1143794],[23.478238,44.1161226],[23.4772881,44.117101],[23.4732008,44.1172004],[23.451482,44.1173987],[23.4449726,44.1174883],[23.4449743,44.1172578],[23.440292,44.1173053],[23.4398314,44.1062145],[23.4398407,44.1041066],[23.4395784,44.0941116],[23.4410282,44.0934683],[23.4414739,44.0931713],[23.4334541,44.0932982],[23.4266077,44.0935212],[23.4260371,44.0934903],[23.4260253,44.0918788],[23.4258614,44.0902683],[23.4254922,44.0847982],[23.4252802,44.0797026],[23.4249755,44.0748869],[23.425177,44.0721378],[23.4235373,44.0722389],[23.4149157,44.0721595],[23.4069578,44.072218],[23.4026956,44.0721865],[23.4027466,44.0705349],[23.402682,44.0702554],[23.402552,44.070032],[23.4024817,44.0696549],[23.4025242,44.0695496],[23.4025527,44.0662843],[23.4026595,44.0657456],[23.4028199,44.065589],[23.4028423,44.0652307],[23.4027081,44.0637648],[23.3998252,44.0642732],[23.3933594,44.0656829],[23.3889617,44.067374],[23.3879232,44.0688416],[23.3875718,44.0690033],[23.382129,44.0703789],[23.3815879,44.0705047],[23.3782334,44.0712844],[23.3767621,44.0715738],[23.3761527,44.0717382],[23.3755095,44.0718347],[23.3735024,44.0724659],[23.3725609,44.0727444],[23.3721743,44.0718831],[23.3696824,44.065929],[23.368963,44.0640102],[23.3686716,44.0631885],[23.3685939,44.0627747],[23.3682328,44.0620377],[23.3657803,44.0579301],[23.3664061,44.057797],[23.3705474,44.0577353],[23.3718778,44.057689],[23.3795811,44.0575348],[23.3921399,44.057367],[23.4023826,44.0572007],[23.4005749,44.0572314],[23.4167445,44.0570016],[23.417008,44.0568757],[23.417174,44.0566743],[23.4171572,44.0509106],[23.4170889,44.0495036],[23.4244348,44.0495016],[23.4275165,44.0495448],[23.4327363,44.049492],[23.4355978,44.0495319],[23.4359891,44.0494398],[23.4364402,44.0491416],[23.4370711,44.0500432],[23.4374958,44.0506503],[23.4378667,44.0511803],[23.4379967,44.0514697],[23.4406562,44.0573883],[23.4416935,44.0570154],[23.4426066,44.056381],[23.4445426,44.054842],[23.4477134,44.0525398],[23.4473754,44.0660764],[23.4507449,44.0661693],[23.4514901,44.0660991],[23.4545148,44.0659898],[23.4557074,44.0660213],[23.4572574,44.0661256],[23.4601007,44.0661495],[23.4623312,44.0662531],[23.4630969,44.0663265],[23.4670918,44.066215],[23.4671013,44.0690431],[23.4670027,44.0712056],[23.4708749,44.0710484],[23.4708433,44.0730669],[23.4709156,44.0747463],[23.5070513,44.0743277],[23.5079741,44.0742766],[23.5086357,44.0743019],[23.5125748,44.0742309],[23.5134311,44.0742956],[23.524197,44.0741061],[23.5241925,44.0743076],[23.5241541,44.0832651],[23.5240956,44.0855826],[23.524138,44.0902248],[23.5242085,44.0920312],[23.531644,44.0919736],[23.5316813,44.0932998],[23.5315998,44.1064166],[23.5317227,44.1102589],[23.5270896,44.1101982],[23.5220291,44.1089126],[23.5214367,44.117441]]]}},{"type":"Feature","properties":{"entity_id":"osm-r9695247","jurisdiction":"RO","display_name":"GALICEA MARE","display_type":"commune","admin_level":8,"tier":"local","legal_registry":"SIRUTA","legal_id":"72383","legal_type":"commune","parent_catalog_id":"osm-r2366970","osm_relation_id":9695247,"legal_identity_status":"reconciled","geometry_source":"OpenStreetMap","geometry_precision":"master_coordinate_fidelity"},"geometry":{"type":"Polygon","coordinates":[[[23.2709163,44.1142452],[23.270476,44.1002606],[23.270246,44.0911067],[23.2702575,44.0896867],[23.2556208,44.0846181],[23.2597091,44.0833397],[23.2588135,44.0818035],[23.2582301,44.0810316],[23.2578091,44.0802966],[23.2558113,44.0774297],[23.254811,44.0759021],[23.2547649,44.075726],[23.2664419,44.0754082],[23.2850886,44.0748994],[23.2923198,44.0747299],[23.2923842,44.0740516],[23.2921696,44.0658496],[23.291998,44.0587414],[23.2997013,44.0587877],[23.3013321,44.0587568],[23.3225966,44.0584484],[23.3365441,44.0582788],[23.3569933,44.0578625],[23.3651744,44.0581755],[23.3657803,44.0579301],[23.3682328,44.0620377],[23.3685939,44.0627747],[23.3686716,44.0631885],[23.368963,44.0640102],[23.3696824,44.065929],[23.3721743,44.0718831],[23.3725609,44.0727444],[23.363665,44.0772913],[23.3645418,44.0820543],[23.3761412,44.0811601],[23.3786595,44.086871],[23.3688895,44.0886239],[23.3642853,44.0894005],[23.3649741,44.091199],[23.3655398,44.0923652],[23.3677737,44.0976764],[23.3685375,44.0992927],[23.3708738,44.1048329],[23.3867813,44.1114452],[23.3878208,44.1118384],[23.3884438,44.1118194],[23.391238,44.111355],[23.3927832,44.1110409],[23.3933421,44.1111218],[23.3904117,44.1145995],[23.386675,44.1191882],[23.3790721,44.1162159],[23.3767474,44.1153039],[23.373492,44.113979],[23.3716605,44.1132737],[23.3689975,44.1121809],[23.3676582,44.1148847],[23.365644,44.1191199],[23.3631062,44.124226],[23.3609396,44.1287305],[23.3584591,44.1341328],[23.355834,44.134441],[23.355677,44.1340371],[23.3553218,44.1339302],[23.3373291,44.129514],[23.3192044,44.125136],[23.3186754,44.1250676],[23.318531,44.1249997],[23.314404,44.1275762],[23.3105167,44.1300843],[23.30885,44.1310789],[23.3064059,44.1326325],[23.3015791,44.1285353],[23.3014855,44.1282766],[23.3013983,44.1282607],[23.2971616,44.124948],[23.2967882,44.12524],[23.2957755,44.1257749],[23.2937365,44.126433],[23.2883887,44.1229912],[23.2864208,44.1215695],[23.2861312,44.115542],[23.2861061,44.1139168],[23.280331,44.1139887],[23.2775813,44.1141335],[23.2751056,44.1141468],[23.2709163,44.1142452]]]}},{"type":"Feature","properties":{"entity_id":"osm-r9695248","jurisdiction":"RO","display_name":"MOȚĂȚEI","display_type":"commune","admin_level":8,"tier":"local","legal_registry":"SIRUTA","legal_id":"73335","legal_type":"commune","parent_catalog_id":"osm-r2366970","osm_relation_id":9695248,"legal_identity_status":"reconciled","geometry_source":"OpenStreetMap","geometry_precision":"master_coordinate_fidelity"},"geometry":{"type":"Polygon","coordinates":[[[23.1937329,43.9716947],[23.1974555,43.9706051],[23.1979719,43.9705156],[23.2018713,43.9702185],[23.2077497,43.9696694],[23.2116553,43.9693867],[23.2153448,43.9690233],[23.2185913,43.9737931],[23.2218314,43.9787962],[23.2291055,43.9898508],[23.2368732,44.0019529],[23.2440615,44.0123243],[23.2412077,44.0131576],[23.2305647,44.0164136],[23.218205,44.0200553],[23.2226468,44.0269984],[23.2275391,44.0345115],[23.2305003,44.0345115],[23.2303286,44.0394169],[23.2322813,44.0417306],[23.2355428,44.0469285],[23.2380963,44.0461573],[23.2380963,44.0475917],[23.2385898,44.0589881],[23.2424951,44.0589573],[23.2472802,44.0645853],[23.2547649,44.075726],[23.254811,44.0759021],[23.2558113,44.0774297],[23.2578091,44.0802966],[23.2582301,44.0810316],[23.2588135,44.0818035],[23.2597091,44.0833397],[23.2556208,44.0846181],[23.2702575,44.0896867],[23.270246,44.0911067],[23.270476,44.1002606],[23.2709163,44.1142452],[23.2709609,44.1147819],[23.270976,44.1230947],[23.2711356,44.1269362],[23.2710782,44.1288708],[23.2711355,44.1303319],[23.2710876,44.1304558],[23.2711056,44.13191],[23.2634893,44.1320034],[23.2635096,44.1348329],[23.2636964,44.1382481],[23.2617047,44.1384728],[23.2595596,44.1386308],[23.259198,44.1386136],[23.2566572,44.1388176],[23.2545002,44.1388823],[23.246853,44.1389257],[23.2374378,44.1389406],[23.2366026,44.1388869],[23.2335445,44.1388968],[23.2314698,44.1388525],[23.2265869,44.1388988],[23.2256509,44.1388994],[23.2255062,44.1388419],[23.2254486,44.1387358],[23.225669,44.1331095],[23.2253305,44.1275482],[23.2253182,44.1262554],[23.2253065,44.1262551],[23.2174686,44.1263342],[23.2173377,44.1262747],[23.2167716,44.1262657],[23.2022622,44.1263296],[23.1945339,44.1264965],[23.194652,44.1314197],[23.1946855,44.1358825],[23.1946785,44.1368119],[23.1946263,44.1369607],[23.1869568,44.1370016],[23.1794379,44.137099],[23.1775576,44.1371798],[23.1773078,44.1372799],[23.1771573,44.1374469],[23.1766402,44.1371644],[23.176399,44.1364678],[23.1754579,44.1365833],[23.1747442,44.1362499],[23.1742653,44.1361156],[23.1721529,44.1358671],[23.1715872,44.1356713],[23.1708094,44.1351181],[23.1691185,44.1341369],[23.1679581,44.133719],[23.1683727,44.1361561],[23.1682991,44.1361562],[23.1687335,44.1387869],[23.1683636,44.1387794],[23.1681482,44.1388469],[23.1670485,44.1389521],[23.1659181,44.1389481],[23.1657634,44.139005],[23.165447,44.1389593],[23.1646958,44.1389766],[23.1639493,44.1389906],[23.1594041,44.1390784],[23.1572125,44.1391685],[23.1562355,44.13908],[23.1494164,44.1391895],[23.1335983,44.1396257],[23.1230633,44.1397387],[23.1189067,44.1396712],[23.1180254,44.1246069],[23.1176334,44.1154933],[23.1321271,44.1153523],[23.1321392,44.1126767],[23.1320421,44.1110908],[23.1319581,44.1072852],[23.1317775,44.1041439],[23.1317507,44.1015246],[23.1315683,44.0963384],[23.1329012,44.0963385],[23.1358388,44.0963188],[23.1388479,44.0963167],[23.1428183,44.0963074],[23.1479796,44.0962798],[23.1505053,44.0962807],[23.1506428,44.0924809],[23.1508478,44.0864748],[23.1546697,44.0864766],[23.154891,44.0784152],[23.1547985,44.0761963],[23.1547577,44.0748278],[23.1548118,44.0743102],[23.1548238,44.0741349],[23.1548222,44.073887],[23.1547572,44.0729988],[23.154742,44.0727315],[23.1547338,44.0725082],[23.154744,44.0723409],[23.1547448,44.0721594],[23.154609,44.0696434],[23.1546115,44.0692107],[23.1547126,44.0672744],[23.1547098,44.0667282],[23.1565593,44.0666626],[23.1587318,44.0666543],[23.1598755,44.0666227],[23.1611499,44.0665995],[23.1625077,44.06659],[23.1624538,44.0638009],[23.1623833,44.0609845],[23.1623496,44.0605963],[23.1623328,44.0602132],[23.1623187,44.0597135],[23.1674894,44.059702],[23.1684938,44.0596826],[23.1699707,44.0580283],[23.1699725,44.0579687],[23.1697764,44.0518444],[23.1697336,44.0514144],[23.1697176,44.0506039],[23.1697048,44.0503017],[23.1697082,44.0500461],[23.1717032,44.0507632],[23.1722633,44.050958],[23.172747,44.0511379],[23.1732393,44.05131],[23.1741453,44.051637],[23.1751613,44.0519964],[23.1761659,44.0523595],[23.176397,44.0519964],[23.1764213,44.0517368],[23.1764369,44.0514794],[23.1764307,44.0510784],[23.176369,44.0498952],[23.1763052,44.048175],[23.1762794,44.0461141],[23.1761998,44.0430364],[23.1760921,44.0423915],[23.1760645,44.0419364],[23.1760584,44.0406623],[23.1759684,44.0395361],[23.1758351,44.0365433],[23.1758399,44.035426],[23.1759086,44.0352723],[23.1805448,44.035403],[23.18056,44.0349548],[23.1805581,44.034738],[23.1806033,44.0342077],[23.1809446,44.0343474],[23.1818246,44.0346447],[23.1828897,44.034882],[23.1835846,44.0349625],[23.184263,44.0350175],[23.1847157,44.0350374],[23.1849086,44.0350028],[23.1849511,44.0347582],[23.184998,44.034652],[23.1851273,44.0345756],[23.1854267,44.0344583],[23.1855673,44.0342043],[23.1865339,44.0340501],[23.1875117,44.0339987],[23.1890057,44.0339956],[23.1899805,44.0339976],[23.1897102,44.0333885],[23.1888414,44.0317738],[23.1872746,44.0289933],[23.1868481,44.028224],[23.1864358,44.0276496],[23.1862712,44.0273388],[23.1860754,44.0269079],[23.1858355,44.0264889],[23.1853523,44.0254873],[23.1849616,44.0248772],[23.1845981,44.0242297],[23.1842414,44.0236453],[23.1840584,44.0233656],[23.1839895,44.0232882],[23.1837419,44.0231806],[23.183429,44.0224373],[23.1828662,44.0213086],[23.1824788,44.0205418],[23.1823349,44.0202681],[23.1832408,44.019991],[23.1877539,44.0186533],[23.1874212,44.0180969],[23.1866319,44.0169223],[23.1857149,44.0153128],[23.1846819,44.0138807],[23.1793648,44.0058449],[23.1780545,44.0037508],[23.1779832,44.0036088],[23.1781425,44.0035536],[23.1780359,44.0033659],[23.1761633,44.0007141],[23.1732306,43.996313],[23.1667867,43.9864581],[23.1633196,43.9811888],[23.1799824,43.9761842],[23.1933979,43.9723066],[23.1935788,43.9722131],[23.1937333,43.9720121],[23.1937821,43.9717677],[23.1937329,43.9716947]]]}},{"type":"Feature","properties":{"entity_id":"osm-r9695249","jurisdiction":"RO","display_name":"SEACA DE CÂMP","display_type":"commune","admin_level":8,"tier":"local","legal_registry":"SIRUTA","legal_id":"74108","legal_type":"commune","parent_catalog_id":"osm-r2366970","osm_relation_id":9695249,"legal_identity_status":"reconciled","geometry_source":"OpenStreetMap","geometry_precision":"master_coordinate_fidelity"},"geometry":{"type":"Polygon","coordinates":[[[23.1905485,43.9137788],[23.1984665,43.9127695],[23.2012391,43.9124908],[23.2026256,43.912223],[23.2033089,43.913746],[23.2046181,43.917121],[23.2094922,43.9164163],[23.2096015,43.9168788],[23.2110965,43.9166374],[23.2113369,43.9171559],[23.2130392,43.9167919],[23.2152036,43.9161066],[23.2205053,43.9147061],[23.2208482,43.914644],[23.2212557,43.9146335],[23.2229,43.9139724],[23.2279684,43.9140984],[23.2279906,43.9160595],[23.227921,43.9167681],[23.2278971,43.918531],[23.2276306,43.9211308],[23.229209,43.9209894],[23.2300283,43.9211895],[23.2302947,43.9211959],[23.2334405,43.9210227],[23.2397008,43.9210098],[23.2434837,43.9198371],[23.2436734,43.9198037],[23.2437056,43.919986],[23.2473513,43.9188817],[23.2506289,43.9179743],[23.2512398,43.9178415],[23.2527063,43.9235243],[23.2541343,43.9294144],[23.2548644,43.9319563],[23.2548731,43.9324888],[23.2557112,43.9372338],[23.2569358,43.9433515],[23.2593395,43.9563589],[23.2607365,43.9640149],[23.2603416,43.9644981],[23.2494225,43.9659335],[23.2478232,43.9661608],[23.2417615,43.9669141],[23.2414258,43.9668572],[23.2411888,43.9666014],[23.2409716,43.9664309],[23.2405373,43.966374],[23.2390366,43.9665588],[23.2288482,43.967582],[23.2153448,43.9690233],[23.2116553,43.9693867],[23.2077497,43.9696694],[23.2018713,43.9702185],[23.1979719,43.9705156],[23.1974555,43.9706051],[23.1937329,43.9716947],[23.1925871,43.9699968],[23.180162,43.9507011],[23.1774268,43.9466882],[23.176819,43.9460568],[23.1753478,43.9439399],[23.1785178,43.943418],[23.1764873,43.9328602],[23.1753825,43.9330455],[23.1742834,43.9331368],[23.1746368,43.933856],[23.1731122,43.934236],[23.1692638,43.9261425],[23.1669431,43.9208803],[23.1661232,43.9210367],[23.1654746,43.9210201],[23.1652669,43.9203344],[23.1650062,43.9200046],[23.1650601,43.9198147],[23.1654449,43.9196797],[23.1657832,43.919493],[23.166252,43.9193756],[23.1653167,43.9172412],[23.1669026,43.9169088],[23.166531,43.916099],[23.167576,43.9156951],[23.1689695,43.9154616],[23.1701306,43.915526],[23.1706667,43.9156775],[23.1711436,43.9163709],[23.1713873,43.9164855],[23.1716465,43.9165033],[23.1719926,43.9164357],[23.1725864,43.9162116],[23.1734327,43.9160547],[23.1745587,43.9157764],[23.1754842,43.9154505],[23.1763208,43.9154445],[23.1774007,43.9153644],[23.1785991,43.9151962],[23.1800823,43.9152306],[23.1812169,43.9150053],[23.1822096,43.9148945],[23.1828983,43.9148293],[23.1849445,43.9146357],[23.1859576,43.914584],[23.1871448,43.9144042],[23.1873969,43.9142846],[23.1891657,43.9140007],[23.1905485,43.9137788]]]}},{"type":"Feature","properties":{"entity_id":"osm-r9695250","jurisdiction":"RO","display_name":"GHIDICI","display_type":"commune","admin_level":8,"tier":"local","legal_registry":"SIRUTA","legal_id":"74907","legal_type":"commune","parent_catalog_id":"osm-r2366970","osm_relation_id":9695250,"legal_identity_status":"reconciled","geometry_source":"OpenStreetMap","geometry_precision":"master_coordinate_fidelity"},"geometry":{"type":"Polygon","coordinates":[[[23.1902074,43.8256106],[23.1979866,43.8280415],[23.2173836,43.8333659],[23.2205379,43.8339154],[23.2281798,43.835689],[23.2353759,43.8360591],[23.2384228,43.8360901],[23.2404613,43.8362139],[23.2414377,43.8364112],[23.2421565,43.8366937],[23.245341,43.8388128],[23.2389616,43.8684596],[23.2389138,43.8693793],[23.2404282,43.8847052],[23.2350783,43.8853035],[23.2359078,43.8945424],[23.2412058,43.8940704],[23.2415111,43.8993418],[23.2418323,43.9029805],[23.2419058,43.903165],[23.2446345,43.9086252],[23.2476371,43.907025],[23.2482246,43.9068222],[23.2507753,43.911825],[23.2496779,43.9121875],[23.2496857,43.9122511],[23.2494197,43.9124939],[23.2494931,43.9126746],[23.2499349,43.9128066],[23.2512398,43.9178415],[23.2506289,43.9179743],[23.2473513,43.9188817],[23.2437056,43.919986],[23.2436734,43.9198037],[23.2434837,43.9198371],[23.2397008,43.9210098],[23.2334405,43.9210227],[23.2302947,43.9211959],[23.2300283,43.9211895],[23.229209,43.9209894],[23.2276306,43.9211308],[23.2278971,43.918531],[23.227921,43.9167681],[23.2279906,43.9160595],[23.2279684,43.9140984],[23.2229,43.9139724],[23.2212557,43.9146335],[23.2208482,43.914644],[23.2205053,43.9147061],[23.2152036,43.9161066],[23.2130392,43.9167919],[23.2113369,43.9171559],[23.2110965,43.9166374],[23.2096015,43.9168788],[23.2094922,43.9164163],[23.2046181,43.917121],[23.2033089,43.913746],[23.2026256,43.912223],[23.2012391,43.9124908],[23.1984665,43.9127695],[23.1905485,43.9137788],[23.1901999,43.9132519],[23.1883877,43.9110853],[23.188071,43.910129],[23.1879336,43.9100523],[23.1875804,43.9100546],[23.1873901,43.910008],[23.1871976,43.9098735],[23.1868525,43.9095194],[23.1868138,43.9092104],[23.1866663,43.9090632],[23.1862122,43.9088057],[23.1855783,43.9083263],[23.1844541,43.9071697],[23.1832473,43.9057061],[23.1829782,43.9054786],[23.1816105,43.9035485],[23.1808813,43.9029507],[23.1805956,43.9026417],[23.1776567,43.8992304],[23.1761314,43.8973218],[23.1748777,43.8956143],[23.1735296,43.8940739],[23.1732234,43.8935209],[23.1727662,43.8928815],[23.1727179,43.8926637],[23.1728003,43.8923771],[23.1723324,43.8916652],[23.1722602,43.8916242],[23.1716541,43.8918092],[23.1715934,43.8917905],[23.1712295,43.8911985],[23.1710798,43.8908058],[23.1710074,43.8904089],[23.1710701,43.8892307],[23.1710339,43.8887315],[23.1711275,43.8884962],[23.1722416,43.8876015],[23.1723378,43.8874212],[23.1724848,43.8873044],[23.1740575,43.8866689],[23.17425,43.8865189],[23.1742493,43.885801],[23.1743204,43.8853681],[23.1742603,43.8850749],[23.1742707,43.8847151],[23.1743888,43.8844671],[23.1746223,43.8842106],[23.1748727,43.8840786],[23.1804684,43.8824879],[23.183015,43.8816737],[23.1829456,43.8790248],[23.1830038,43.8771446],[23.1836432,43.8714417],[23.1828321,43.8689865],[23.1818077,43.8655479],[23.1814621,43.8641499],[23.1792788,43.8652103],[23.1788451,43.8654861],[23.1784533,43.865635],[23.1781807,43.865816],[23.1780554,43.8659768],[23.1777025,43.8649472],[23.1774556,43.8637632],[23.177334,43.8628589],[23.1774948,43.8623193],[23.1788952,43.86188],[23.1800022,43.8614176],[23.1819757,43.8607602],[23.1880741,43.8589931],[23.1873642,43.8577845],[23.1873277,43.8567961],[23.1865014,43.8555935],[23.1854603,43.8546136],[23.1848411,43.8536404],[23.1842616,43.8524331],[23.1833461,43.851151],[23.1830107,43.8507501],[23.1823989,43.8507162],[23.1820067,43.850542],[23.1818696,43.8501563],[23.1817576,43.8494953],[23.1817427,43.8472774],[23.181768,43.8464588],[23.1818652,43.84587],[23.181697,43.845353],[23.181868,43.84487],[23.1822893,43.8441274],[23.1824789,43.8431504],[23.1830347,43.8416691],[23.1850067,43.8356048],[23.1869989,43.8304085],[23.1875372,43.8295608],[23.1878971,43.829119],[23.1902074,43.8256106]]]}},{"type":"Feature","properties":{"entity_id":"osm-r9695251","jurisdiction":"RO","display_name":"PISCU VECHI","display_type":"commune","admin_level":8,"tier":"local","legal_registry":"SIRUTA","legal_id":"73665","legal_type":"commune","parent_catalog_id":"osm-r2366970","osm_relation_id":9695251,"legal_identity_status":"reconciled","geometry_source":"OpenStreetMap","geometry_precision":"master_coordinate_fidelity"},"geometry":{"type":"Polygon","coordinates":[[[23.1483237,43.8086709],[23.153642,43.811082],[23.1664485,43.8177382],[23.1773914,43.8219951],[23.186373,43.824467],[23.1902074,43.8256106],[23.1878971,43.829119],[23.1875372,43.8295608],[23.1869989,43.8304085],[23.1850067,43.8356048],[23.1830347,43.8416691],[23.1824789,43.8431504],[23.1822893,43.8441274],[23.181868,43.84487],[23.181697,43.845353],[23.1818652,43.84587],[23.181768,43.8464588],[23.1817427,43.8472774],[23.1817576,43.8494953],[23.1818696,43.8501563],[23.1820067,43.850542],[23.1823989,43.8507162],[23.1830107,43.8507501],[23.1833461,43.851151],[23.1842616,43.8524331],[23.1848411,43.8536404],[23.1854603,43.8546136],[23.1865014,43.8555935],[23.1873277,43.8567961],[23.1873642,43.8577845],[23.1880741,43.8589931],[23.1819757,43.8607602],[23.1800022,43.8614176],[23.1788952,43.86188],[23.1774948,43.8623193],[23.177334,43.8628589],[23.1774556,43.8637632],[23.1777025,43.8649472],[23.1780554,43.8659768],[23.1781807,43.865816],[23.1784533,43.865635],[23.1788451,43.8654861],[23.1792788,43.8652103],[23.1814621,43.8641499],[23.1818077,43.8655479],[23.1828321,43.8689865],[23.1836432,43.8714417],[23.1830038,43.8771446],[23.1829456,43.8790248],[23.183015,43.8816737],[23.1804684,43.8824879],[23.1748727,43.8840786],[23.1746223,43.8842106],[23.1743888,43.8844671],[23.1742707,43.8847151],[23.1742603,43.8850749],[23.1743204,43.8853681],[23.1742493,43.885801],[23.17425,43.8865189],[23.1740575,43.8866689],[23.1724848,43.8873044],[23.1723378,43.8874212],[23.1722416,43.8876015],[23.1711275,43.8884962],[23.1710339,43.8887315],[23.1710701,43.8892307],[23.1710074,43.8904089],[23.1710798,43.8908058],[23.1712295,43.8911985],[23.1715934,43.8917905],[23.1716541,43.8918092],[23.1722602,43.8916242],[23.1723324,43.8916652],[23.1728003,43.8923771],[23.1727179,43.8926637],[23.1727662,43.8928815],[23.1732234,43.8935209],[23.1735296,43.8940739],[23.1748777,43.8956143],[23.1761314,43.8973218],[23.1776567,43.8992304],[23.1805956,43.9026417],[23.1808813,43.9029507],[23.1816105,43.9035485],[23.1829782,43.9054786],[23.1832473,43.9057061],[23.1844541,43.9071697],[23.1855783,43.9083263],[23.1862122,43.9088057],[23.1866663,43.9090632],[23.1868138,43.9092104],[23.1868525,43.9095194],[23.1871976,43.9098735],[23.1873901,43.910008],[23.1875804,43.9100546],[23.1879336,43.9100523],[23.188071,43.910129],[23.1883877,43.9110853],[23.1901999,43.9132519],[23.1905485,43.9137788],[23.1891657,43.9140007],[23.1873969,43.9142846],[23.1871448,43.9144042],[23.1859576,43.914584],[23.1849445,43.9146357],[23.1828983,43.9148293],[23.1822096,43.9148945],[23.1812169,43.9150053],[23.1800823,43.9152306],[23.1785991,43.9151962],[23.1774007,43.9153644],[23.1763208,43.9154445],[23.1754842,43.9154505],[23.1745587,43.9157764],[23.1734327,43.9160547],[23.1725864,43.9162116],[23.1719926,43.9164357],[23.1716465,43.9165033],[23.1713873,43.9164855],[23.1711436,43.9163709],[23.1706667,43.9156775],[23.1701306,43.915526],[23.1689695,43.9154616],[23.167576,43.9156951],[23.166531,43.916099],[23.1669026,43.9169088],[23.1653167,43.9172412],[23.166252,43.9193756],[23.1657832,43.919493],[23.1654449,43.9196797],[23.1650601,43.9198147],[23.1650062,43.9200046],[23.1652669,43.9203344],[23.1654746,43.9210201],[23.1661232,43.9210367],[23.1669431,43.9208803],[23.1692638,43.9261425],[23.1731122,43.934236],[23.1746368,43.933856],[23.1742834,43.9331368],[23.1753825,43.9330455],[23.1764873,43.9328602],[23.1785178,43.943418],[23.1753478,43.9439399],[23.176819,43.9460568],[23.1774268,43.9466882],[23.180162,43.9507011],[23.1925871,43.9699968],[23.1937329,43.9716947],[23.1937821,43.9717677],[23.1937333,43.9720121],[23.1935788,43.9722131],[23.1933979,43.9723066],[23.1799824,43.9761842],[23.1785512,43.9738604],[23.1732043,43.9656445],[23.1705749,43.9614731],[23.1694474,43.9598223],[23.1657196,43.9538762],[23.1594974,43.9442278],[23.1553067,43.9375012],[23.151585,43.9307379],[23.1500455,43.9278202],[23.1499523,43.9277497],[23.1495458,43.9276991],[23.1493235,43.9275887],[23.1491762,43.9273905],[23.1483512,43.9257814],[23.1484104,43.9255927],[23.1483419,43.9254517],[23.1481137,43.925182],[23.1427277,43.9141941],[23.1397394,43.9075877],[23.1368034,43.9081825],[23.1345103,43.9085631],[23.1332552,43.9056561],[23.1321354,43.9033428],[23.130052,43.8994725],[23.1298656,43.8994803],[23.1294176,43.8696944],[23.1289932,43.8676622],[23.1279492,43.8678114],[23.127336,43.8678388],[23.1268882,43.8678419],[23.1240135,43.8676586],[23.1234296,43.8677526],[23.122612,43.8677996],[23.1206937,43.8653692],[23.1189089,43.8633201],[23.1181692,43.8621517],[23.1190325,43.8615383],[23.1196341,43.8613206],[23.117791,43.8581273],[23.1183511,43.8578187],[23.1191528,43.8576074],[23.1194416,43.8574338],[23.1206359,43.8572223],[23.1204011,43.8569052],[23.1291221,43.8524392],[23.1313237,43.8516414],[23.1320924,43.8514068],[23.1313487,43.8509101],[23.1303584,43.849217],[23.1299159,43.8484603],[23.1296471,43.8481185],[23.1367663,43.8465562],[23.1371846,43.8465299],[23.1377936,43.8466714],[23.1381951,43.8466964],[23.1388729,43.8466256],[23.1400302,43.8462994],[23.1405788,43.8459854],[23.1407718,43.8457772],[23.14132,43.8455162],[23.1399918,43.8439738],[23.1378723,43.841123],[23.1365395,43.8395174],[23.14485,43.8370878],[23.1444338,43.8370719],[23.1441125,43.8367839],[23.1436432,43.8367441],[23.1435454,43.8366581],[23.1435226,43.8363608],[23.1434065,43.8360424],[23.1432981,43.8359342],[23.1433373,43.8357037],[23.1435984,43.8355646],[23.1437107,43.8353446],[23.1440859,43.8352953],[23.1441212,43.8350879],[23.1436862,43.8349073],[23.1406312,43.8356321],[23.1390228,43.8360618],[23.1369667,43.8366896],[23.1360634,43.8370428],[23.1348003,43.8372847],[23.1315693,43.8381121],[23.1302484,43.8385831],[23.1298346,43.8386661],[23.1285869,43.8391206],[23.1260618,43.8398885],[23.1258806,43.8397513],[23.1252256,43.8388881],[23.1248718,43.8380381],[23.124789,43.837626],[23.1247749,43.8368173],[23.1245679,43.8350807],[23.1243782,43.834652],[23.1241762,43.8344423],[23.1240057,43.8339649],[23.1237543,43.8336307],[23.1238861,43.8332705],[23.1237501,43.8328081],[23.1237422,43.8324916],[23.1237883,43.83231],[23.1237697,43.8310473],[23.1238577,43.8303166],[23.1241648,43.8297854],[23.1247529,43.8292077],[23.1250035,43.8288638],[23.1259135,43.8281411],[23.1260104,43.8280026],[23.1260351,43.8276348],[23.1257939,43.8273731],[23.1257613,43.8272024],[23.1258999,43.8266571],[23.1267047,43.825969],[23.1279966,43.8252013],[23.1284301,43.8248904],[23.1273956,43.8248189],[23.1276231,43.8022565],[23.1305069,43.8024858],[23.1333769,43.8028536],[23.1351578,43.8032369],[23.1364667,43.8036008],[23.139224,43.8045687],[23.1411472,43.805331],[23.1483237,43.8086709]]]}},{"type":"Feature","properties":{"entity_id":"osm-r9695252","jurisdiction":"RO","display_name":"POIANA MARE","display_type":"commune","admin_level":8,"tier":"local","legal_registry":"SIRUTA","legal_id":"73736","legal_type":"commune","parent_catalog_id":"osm-r2366970","osm_relation_id":9695252,"legal_identity_status":"reconciled","geometry_source":"OpenStreetMap","geometry_precision":"master_coordinate_fidelity"},"geometry":{"type":"Polygon","coordinates":[[[23.0579534,43.7970931],[23.0606907,43.7970452],[23.0712052,43.7980284],[23.0786322,43.798831],[23.0839944,43.8011791],[23.0936728,43.8012911],[23.1065322,43.8014567],[23.1207058,43.801847],[23.1258452,43.8021605],[23.1276231,43.8022565],[23.1273956,43.8248189],[23.1284301,43.8248904],[23.1279966,43.8252013],[23.1267047,43.825969],[23.1258999,43.8266571],[23.1257613,43.8272024],[23.1257939,43.8273731],[23.1260351,43.8276348],[23.1260104,43.8280026],[23.1259135,43.8281411],[23.1250035,43.8288638],[23.1247529,43.8292077],[23.1241648,43.8297854],[23.1238577,43.8303166],[23.1237697,43.8310473],[23.1237883,43.83231],[23.1237422,43.8324916],[23.1237501,43.8328081],[23.1238861,43.8332705],[23.1237543,43.8336307],[23.1240057,43.8339649],[23.1241762,43.8344423],[23.1243782,43.834652],[23.1245679,43.8350807],[23.1247749,43.8368173],[23.124789,43.837626],[23.1248718,43.8380381],[23.1252256,43.8388881],[23.1258806,43.8397513],[23.1260618,43.8398885],[23.1285869,43.8391206],[23.1298346,43.8386661],[23.1302484,43.8385831],[23.1315693,43.8381121],[23.1348003,43.8372847],[23.1360634,43.8370428],[23.1369667,43.8366896],[23.1390228,43.8360618],[23.1406312,43.8356321],[23.1436862,43.8349073],[23.1441212,43.8350879],[23.1440859,43.8352953],[23.1437107,43.8353446],[23.1435984,43.8355646],[23.1433373,43.8357037],[23.1432981,43.8359342],[23.1434065,43.8360424],[23.1435226,43.8363608],[23.1435454,43.8366581],[23.1436432,43.8367441],[23.1441125,43.8367839],[23.1444338,43.8370719],[23.14485,43.8370878],[23.1365395,43.8395174],[23.1378723,43.841123],[23.1399918,43.8439738],[23.14132,43.8455162],[23.1407718,43.8457772],[23.1405788,43.8459854],[23.1400302,43.8462994],[23.1388729,43.8466256],[23.1381951,43.8466964],[23.1377936,43.8466714],[23.1371846,43.8465299],[23.1367663,43.8465562],[23.1296471,43.8481185],[23.1299159,43.8484603],[23.1303584,43.849217],[23.1313487,43.8509101],[23.1320924,43.8514068],[23.1313237,43.8516414],[23.1291221,43.8524392],[23.1204011,43.8569052],[23.1206359,43.8572223],[23.1194416,43.8574338],[23.1191528,43.8576074],[23.1183511,43.8578187],[23.117791,43.8581273],[23.1196341,43.8613206],[23.1190325,43.8615383],[23.1181692,43.8621517],[23.1189089,43.8633201],[23.1206937,43.8653692],[23.122612,43.8677996],[23.1234296,43.8677526],[23.1240135,43.8676586],[23.1268882,43.8678419],[23.127336,43.8678388],[23.1279492,43.8678114],[23.1289932,43.8676622],[23.1294176,43.8696944],[23.1298656,43.8994803],[23.130052,43.8994725],[23.1321354,43.9033428],[23.1332552,43.9056561],[23.1345103,43.9085631],[23.1368034,43.9081825],[23.1397394,43.9075877],[23.1427277,43.9141941],[23.1481137,43.925182],[23.1483419,43.9254517],[23.1484104,43.9255927],[23.1483512,43.9257814],[23.1491762,43.9273905],[23.1493235,43.9275887],[23.1495458,43.9276991],[23.1499523,43.9277497],[23.1500455,43.9278202],[23.151585,43.9307379],[23.1553067,43.9375012],[23.1594974,43.9442278],[23.1657196,43.9538762],[23.1694474,43.9598223],[23.1705749,43.9614731],[23.1732043,43.9656445],[23.1785512,43.9738604],[23.1799824,43.9761842],[23.1633196,43.9811888],[23.1603469,43.982032],[23.1602674,43.9820066],[23.1556774,43.977876],[23.1543527,43.9768501],[23.1524285,43.9750807],[23.1519147,43.97464],[23.1513239,43.9741112],[23.1489589,43.9719425],[23.1482539,43.9722599],[23.1464529,43.9731957],[23.1454149,43.9736758],[23.1349174,43.9789956],[23.1347286,43.9790456],[23.1344221,43.9792239],[23.1336089,43.9795677],[23.1294216,43.9817283],[23.1258207,43.9833692],[23.1245282,43.9840654],[23.103504,43.9940304],[23.1016336,43.991949],[23.0933667,43.9831186],[23.0931503,43.9827719],[23.0929647,43.9823243],[23.0928672,43.9823765],[23.0917774,43.9802114],[23.0856147,43.9818324],[23.0783765,43.9838173],[23.0745828,43.9879365],[23.0726087,43.9897891],[23.064312,43.9861159],[23.0640337,43.9864602],[23.062596,43.9858889],[23.0629288,43.9854982],[23.0562118,43.9828071],[23.0558717,43.9833665],[23.0471797,43.9800673],[23.04722,43.9795172],[23.0460854,43.9790443],[23.0457457,43.978401],[23.0439484,43.9776521],[23.0411055,43.9764804],[23.0396417,43.9760724],[23.0383654,43.9758679],[23.0366552,43.9756359],[23.0313241,43.9680558],[23.0278909,43.9634768],[23.0151439,43.9451196],[23.0129279,43.946167],[23.0055493,43.9280697],[22.9963705,43.9061756],[22.9987293,43.9052943],[23.005692,43.902905],[23.0092121,43.9016221],[23.0346547,43.8926208],[23.034912,43.8925573],[23.0356782,43.8925484],[23.0395672,43.8912847],[23.0400455,43.8911615],[23.0404901,43.8911282],[23.0415115,43.8908777],[23.0417168,43.8908866],[23.0501016,43.8886298],[23.0649297,43.8847362],[23.0611753,43.8777163],[23.0614006,43.8706782],[23.0653543,43.8641474],[23.0611434,43.8547339],[23.06081,43.8538076],[23.0608694,43.8537522],[23.0612514,43.853628],[23.0641655,43.85301],[23.0662504,43.8524371],[23.0666486,43.8522299],[23.0677613,43.851921],[23.068251,43.8518207],[23.0693367,43.851831],[23.0696931,43.8517667],[23.0752913,43.8503693],[23.0778633,43.8497705],[23.082117,43.8489758],[23.0830761,43.8489263],[23.0841665,43.848667],[23.0854746,43.8485221],[23.0859239,43.8483994],[23.0847219,43.8458074],[23.0839046,43.8437413],[23.083825,43.8434026],[23.0838405,43.8426089],[23.0830903,43.8382811],[23.0831311,43.8378856],[23.0833201,43.8375575],[23.0832371,43.8367732],[23.0719474,43.8392706],[23.0695868,43.8398599],[23.0688245,43.8401488],[23.0677045,43.8370506],[23.0664337,43.8327054],[23.0646566,43.8260112],[23.0630292,43.8228194],[23.0599539,43.8107935],[23.0579534,43.7970931]]]}},{"type":"Feature","properties":{"entity_id":"osm-r9695253","jurisdiction":"RO","display_name":"DESA","display_type":"commune","admin_level":8,"tier":"local","legal_registry":"SIRUTA","legal_id":"72034","legal_type":"commune","parent_catalog_id":"osm-r2366970","osm_relation_id":9695253,"legal_identity_status":"reconciled","geometry_source":"OpenStreetMap","geometry_precision":"master_coordinate_fidelity"},"geometry":{"type":"Polygon","coordinates":[[[23.0579534,43.7970931],[23.0599539,43.8107935],[23.0630292,43.8228194],[23.0646566,43.8260112],[23.0664337,43.8327054],[23.0677045,43.8370506],[23.0688245,43.8401488],[23.0695868,43.8398599],[23.0719474,43.8392706],[23.0832371,43.8367732],[23.0833201,43.8375575],[23.0831311,43.8378856],[23.0830903,43.8382811],[23.0838405,43.8426089],[23.083825,43.8434026],[23.0839046,43.8437413],[23.0847219,43.8458074],[23.0859239,43.8483994],[23.0854746,43.8485221],[23.0841665,43.848667],[23.0830761,43.8489263],[23.082117,43.8489758],[23.0778633,43.8497705],[23.0752913,43.8503693],[23.0696931,43.8517667],[23.0693367,43.851831],[23.068251,43.8518207],[23.0677613,43.851921],[23.0666486,43.8522299],[23.0662504,43.8524371],[23.0641655,43.85301],[23.0612514,43.853628],[23.0608694,43.8537522],[23.06081,43.8538076],[23.0611434,43.8547339],[23.0653543,43.8641474],[23.0614006,43.8706782],[23.0611753,43.8777163],[23.0649297,43.8847362],[23.0501016,43.8886298],[23.0417168,43.8908866],[23.0415115,43.8908777],[23.0404901,43.8911282],[23.0400455,43.8911615],[23.0395672,43.8912847],[23.0356782,43.8925484],[23.034912,43.8925573],[23.0346547,43.8926208],[23.0092121,43.9016221],[23.005692,43.902905],[22.9987293,43.9052943],[22.9963705,43.9061756],[22.996018,43.905687],[22.9953492,43.9047259],[22.9975336,43.904089],[22.9961499,43.9018143],[22.9971975,43.9014741],[22.9981303,43.9011967],[22.999573,43.9007566],[23.0007288,43.9001818],[23.0004332,43.8992758],[22.9987971,43.8960644],[22.9986545,43.8957928],[22.9967924,43.8963116],[22.9954674,43.8965403],[22.9946346,43.8967426],[22.9936851,43.8970295],[22.9931196,43.8972468],[22.9929924,43.8970459],[22.9923611,43.8961137],[22.9914102,43.8946479],[22.9904416,43.8931357],[22.9902874,43.8928478],[22.9915151,43.8924702],[22.9910154,43.8916907],[22.9908168,43.8913718],[22.9901357,43.8897694],[22.9896799,43.8887458],[22.9896797,43.888586],[22.9895964,43.888378],[22.9895021,43.8882257],[22.9887297,43.8871081],[22.9869976,43.8845223],[22.9866045,43.8837503],[22.9863569,43.8831682],[22.986074,43.882866],[22.9855718,43.8817861],[22.9854012,43.8815802],[22.9851791,43.8812417],[22.9849112,43.8806049],[22.9846537,43.8800697],[22.9844011,43.8797223],[22.9840318,43.879005],[22.9838455,43.878536],[22.9837243,43.8781984],[22.98312,43.8768246],[22.9811169,43.8732056],[22.9775955,43.867346],[22.976184,43.8651036],[22.9737414,43.8606917],[22.9709897,43.8564063],[22.9697192,43.8539927],[22.9680892,43.8501881],[22.9634553,43.8413367],[22.9631648,43.8403388],[22.963627,43.8398258],[22.9636801,43.839679],[22.963672,43.8395659],[22.9636763,43.8394443],[22.9636321,43.8393305],[22.9636358,43.8392263],[22.9636619,43.839166],[22.9637126,43.8390887],[22.9637153,43.8390105],[22.9636811,43.8389577],[22.9636706,43.8389141],[22.9636361,43.83887],[22.9635071,43.8387808],[22.9635098,43.8387026],[22.9635737,43.8385908],[22.963682,43.8385841],[22.9638645,43.8385179],[22.9641307,43.8384619],[22.9641805,43.8384107],[22.9641839,43.8383151],[22.9641394,43.83821],[22.9640719,43.8380785],[22.9640617,43.8380261],[22.9640594,43.837748],[22.964109,43.8376583],[22.9641262,43.8374218],[22.9643061,43.8372146],[22.9643395,43.8370376],[22.9642582,43.8367598],[22.9640346,43.836394],[22.9638244,43.8361665],[22.9637291,43.8360333],[22.9637019,43.8357697],[22.9637025,43.8349672],[22.9636853,43.8344144],[22.9636215,43.8341567],[22.9634293,43.8339361],[22.9632445,43.8337618],[22.9631145,43.8335818],[22.9631104,43.833437],[22.9630048,43.8333364],[22.9628371,43.8331953],[22.9625761,43.8331247],[22.962379,43.8330422],[22.9622292,43.8329079],[22.9621126,43.8326032],[22.9620023,43.8323776],[22.9618695,43.8322765],[22.9617651,43.8321431],[22.9616273,43.8319847],[22.9615162,43.8318809],[22.961206,43.8316159],[22.9610454,43.8312969],[22.9609182,43.8309164],[22.9610001,43.8305792],[22.961634,43.8302972],[22.9616931,43.8299427],[22.9614698,43.8296338],[22.9610546,43.8294583],[22.9609,43.8293151],[22.9606035,43.8290167],[22.9602112,43.8287152],[22.9600207,43.8284869],[22.9599949,43.8283672],[22.959988,43.8282176],[22.9600986,43.8282384],[22.9603846,43.8282362],[22.9605525,43.8282503],[22.9608027,43.8282512],[22.9610191,43.8281923],[22.9614945,43.8280274],[22.9618336,43.8279634],[22.9620742,43.8279456],[22.9626868,43.8277979],[22.9630047,43.8277556],[22.9632455,43.8277305],[22.9636194,43.8276259],[22.9638126,43.8275237],[22.9640056,43.82731],[22.9641101,43.8271461],[22.963044,43.8250837],[22.9629678,43.8250638],[22.9627454,43.8250413],[22.962319,43.8250151],[22.9618583,43.8250574],[22.9612432,43.8251386],[22.960466,43.8251152],[22.9598364,43.8250059],[22.9593219,43.8249458],[22.9586996,43.8250498],[22.9580242,43.8252175],[22.9574766,43.8253737],[22.9577757,43.8249682],[22.9578643,43.8248672],[22.9579249,43.8247553],[22.958138,43.8245436],[22.9583225,43.8243366],[22.9584824,43.8242266],[22.9585795,43.8240846],[22.9583223,43.8237309],[22.9582256,43.8234519],[22.9580253,43.8232943],[22.9579632,43.8230417],[22.9580295,43.822971],[22.9583047,43.8228066],[22.9586836,43.8227211],[22.9591501,43.8225654],[22.9588634,43.8220211],[22.9569626,43.8146648],[22.9625428,43.8132315],[22.975901,43.8105142],[22.9818602,43.8092835],[22.992089,43.8069397],[22.9974841,43.8063807],[23.0057299,43.8055934],[23.0151646,43.8055486],[23.0244393,43.8050184],[23.0334836,43.8040889],[23.0389768,43.8015976],[23.040983,43.8008148],[23.0466135,43.798746],[23.0579534,43.7970931]]]}},{"type":"Feature","properties":{"entity_id":"osm-r9695254","jurisdiction":"RO","display_name":"CIUPERCENII NOI","display_type":"commune","admin_level":8,"tier":"local","legal_registry":"SIRUTA","legal_id":"71858","legal_type":"commune","parent_catalog_id":"osm-r2366970","osm_relation_id":9695254,"legal_identity_status":"reconciled","geometry_source":"OpenStreetMap","geometry_precision":"master_coordinate_fidelity"},"geometry":{"type":"Polygon","coordinates":[[[22.9963705,43.9061756],[23.0055493,43.9280697],[23.0129279,43.946167],[23.0038986,43.9508961],[22.9909227,43.9577822],[22.9845713,43.9611851],[22.9796976,43.9638343],[22.9739332,43.9579758],[22.9727241,43.9566319],[22.9737424,43.9560954],[22.9747889,43.9555792],[22.974558,43.9554565],[22.9741508,43.9551889],[22.9738061,43.9550068],[22.9735788,43.9549486],[22.9732961,43.9548691],[22.9729973,43.9548468],[22.9726606,43.9547055],[22.9718426,43.9541363],[22.9716069,43.9539156],[22.9714531,43.9537641],[22.9711715,43.9537861],[22.970908,43.9538286],[22.9691483,43.9543715],[22.9673104,43.9521335],[22.9609338,43.9548962],[22.9561625,43.9568249],[22.9560039,43.9560643],[22.9558776,43.9552754],[22.9558435,43.9548542],[22.9551304,43.9505494],[22.9544941,43.9505991],[22.9512472,43.9507973],[22.9490739,43.9508291],[22.9406952,43.9532482],[22.9401032,43.9518514],[22.9382711,43.9489917],[22.9382558,43.9485789],[22.9385785,43.9482061],[22.9384557,43.9479254],[22.9382272,43.9475972],[22.9380952,43.9472286],[22.9376236,43.9467762],[22.9373206,43.9462423],[22.9367635,43.9454502],[22.9356753,43.9442328],[22.9344459,43.942842],[22.9282124,43.9337407],[22.9140851,43.9121374],[22.9151781,43.9116436],[22.9168487,43.9109179],[22.9165657,43.9104925],[22.9158511,43.9096468],[22.9143595,43.9077341],[22.9135716,43.906925],[22.9127716,43.9059394],[22.9120995,43.9050545],[22.9118467,43.9046941],[22.9117802,43.9047176],[22.911676,43.9047631],[22.9114882,43.9047513],[22.9113577,43.9046541],[22.9111057,43.9043649],[22.9104669,43.9038818],[22.9092741,43.9025286],[22.9089685,43.9022392],[22.9073909,43.9002392],[22.9062157,43.8986982],[22.9065091,43.8985573],[22.904466,43.8965361],[22.9036791,43.8957712],[22.9033662,43.8955195],[22.9005562,43.8967922],[22.8966972,43.8984811],[22.8960815,43.8987545],[22.8957048,43.8982695],[22.8954814,43.8978683],[22.8954817,43.8976658],[22.8955263,43.8974608],[22.8956446,43.8970662],[22.8956558,43.8969383],[22.8955296,43.8965641],[22.8950385,43.8955085],[22.8947005,43.8944016],[22.8946017,43.8942065],[22.8942975,43.8937557],[22.8941453,43.8935863],[22.8938124,43.8934096],[22.8932379,43.8932242],[22.8927653,43.8930214],[22.8925293,43.8927282],[22.8925153,43.8924981],[22.8923946,43.8919937],[22.8919803,43.8915751],[22.8917568,43.8914705],[22.8914922,43.8914564],[22.8912583,43.8912876],[22.8913562,43.8910247],[22.8916138,43.8908835],[22.8917329,43.8907305],[22.8916465,43.8904948],[22.8916447,43.8902585],[22.891686,43.889991],[22.891684,43.8895362],[22.8916622,43.8894268],[22.8917907,43.8892432],[22.8919508,43.8891127],[22.8924838,43.8888782],[22.8930721,43.8886789],[22.8932763,43.8885852],[22.8935312,43.888383],[22.8937322,43.8880283],[22.8938005,43.8879631],[22.8940901,43.887794],[22.8942953,43.8877128],[22.8947751,43.8875455],[22.8950113,43.8874125],[22.8952466,43.8871981],[22.8954133,43.8869969],[22.8956391,43.8868157],[22.895805,43.8867125],[22.8960636,43.8864686],[22.8962388,43.8863359],[22.8965294,43.886184],[22.8970956,43.885977],[22.8976521,43.8857642],[22.8982636,43.8856552],[22.8988616,43.8855154],[22.8993678,43.8852379],[22.899862,43.885017],[22.9000952,43.8849292],[22.9003639,43.8847446],[22.9005378,43.8845267],[22.9006369,43.8844326],[22.9007523,43.8843773],[22.9009473,43.8843153],[22.9010355,43.8842958],[22.9013282,43.884302],[22.9015856,43.8843444],[22.9019669,43.8843795],[22.9025592,43.8843202],[22.903496,43.8841586],[22.9040549,43.8840455],[22.9043584,43.8838718],[22.9048723,43.8836048],[22.9055291,43.8832405],[22.9057884,43.8830205],[22.9058985,43.8828965],[22.9062568,43.8827058],[22.9063503,43.8825972],[22.9063386,43.8822763],[22.9064115,43.8821374],[22.906749,43.8819477],[22.9069873,43.8818325],[22.9075594,43.8817003],[22.9079586,43.8816802],[22.9086268,43.8817264],[22.9092576,43.8817535],[22.9094475,43.881747],[22.9098961,43.8816671],[22.910075,43.88162],[22.9104755,43.8814457],[22.9106622,43.8813684],[22.9110694,43.881242],[22.9112571,43.881206],[22.9114747,43.8811237],[22.9116446,43.8810129],[22.9124645,43.8804364],[22.9129204,43.8801963],[22.9131613,43.8800528],[22.913781,43.8797977],[22.9141446,43.8797239],[22.9151709,43.8797486],[22.9161351,43.8797776],[22.9171953,43.8796921],[22.9179231,43.879689],[22.9182468,43.879645],[22.9184459,43.8796377],[22.9205562,43.8801856],[22.9208254,43.8799949],[22.9210266,43.87977],[22.9211626,43.8795651],[22.921192,43.8793963],[22.9212429,43.8793078],[22.9215213,43.8792052],[22.921802,43.8791281],[22.9223999,43.8789927],[22.9229117,43.8788002],[22.9233287,43.8785665],[22.913025,43.86628],[22.9117969,43.8668475],[22.9112134,43.8670705],[22.9101367,43.8674667],[22.909216,43.8678339],[22.9057792,43.86935],[22.9041487,43.8700426],[22.9036305,43.8702456],[22.9032569,43.8703161],[22.9030152,43.8703892],[22.90283,43.8706094],[22.9026401,43.8707311],[22.9009793,43.8714082],[22.8947793,43.8638163],[22.8947566,43.8637513],[22.8945914,43.8637597],[22.8943308,43.8637548],[22.8940618,43.8636882],[22.8937294,43.8636647],[22.893253,43.8636685],[22.892773,43.8636382],[22.8924395,43.8635821],[22.8919715,43.8635245],[22.8917578,43.863524],[22.8911229,43.8636534],[22.8910309,43.8636543],[22.8905334,43.8636116],[22.8901438,43.8635667],[22.8898603,43.8638086],[22.889689,43.8638657],[22.8895259,43.8639078],[22.8891495,43.863946],[22.8887347,43.8640153],[22.8880542,43.8641566],[22.8877404,43.8643143],[22.8870855,43.8646233],[22.8866873,43.8647851],[22.8858212,43.8649431],[22.8854738,43.8650312],[22.8855253,43.8651317],[22.8856811,43.8651994],[22.886005,43.8651906],[22.8863129,43.8651336],[22.8865922,43.8651133],[22.8868483,43.865246],[22.8868466,43.8654155],[22.8866484,43.8656388],[22.8863721,43.8660079],[22.8861407,43.8662346],[22.8859233,43.866316],[22.8857038,43.866334],[22.8853679,43.8663024],[22.8848087,43.8661525],[22.8846138,43.866095],[22.8844564,43.8660889],[22.8842631,43.8661105],[22.8840331,43.8661758],[22.8835805,43.8663583],[22.8831271,43.86647],[22.8813305,43.8668908],[22.8807175,43.8670677],[22.8803309,43.8671329],[22.8801424,43.8671771],[22.8791759,43.8672515],[22.8788039,43.8673028],[22.8778793,43.8675859],[22.8773297,43.8677672],[22.8771334,43.8677844],[22.87644,43.8679233],[22.8762645,43.8679671],[22.8761664,43.8680753],[22.8763576,43.8681995],[22.8764769,43.8683066],[22.8763428,43.8684225],[22.8762143,43.8684838],[22.875981,43.8685143],[22.8756758,43.8685347],[22.8753965,43.8686027],[22.8752521,43.8686775],[22.8753915,43.8689342],[22.8757045,43.8691913],[22.8755877,43.8693479],[22.8754366,43.869409],[22.8754346,43.8696025],[22.8755281,43.8699335],[22.8751432,43.8705245],[22.8743606,43.8710264],[22.8735462,43.8715685],[22.8729747,43.8721978],[22.8726689,43.8722047],[22.8724448,43.8722841],[22.8725345,43.8724459],[22.8726252,43.8725785],[22.8725759,43.8726904],[22.872427,43.8727748],[22.8722596,43.8728153],[22.8721026,43.8728451],[22.8720255,43.8728909],[22.8719287,43.8729254],[22.8719574,43.8731027],[22.8719795,43.8731868],[22.8719623,43.8732447],[22.8717132,43.8732466],[22.8716454,43.8732795],[22.8715841,43.8733575],[22.8716172,43.8734532],[22.87176,43.8735404],[22.8718186,43.8736122],[22.8718078,43.8737455],[22.871751,43.8738349],[22.871756,43.8738608],[22.8718564,43.8740479],[22.8718544,43.8741639],[22.8718301,43.8742661],[22.8718671,43.8743362],[22.8721004,43.8744288],[22.8723298,43.8744947],[22.8724408,43.874631],[22.8724439,43.8747596],[22.8722517,43.8751585],[22.8719686,43.8755053],[22.8718491,43.8756036],[22.8716154,43.8756551],[22.8713605,43.8756503],[22.8711302,43.8756067],[22.8708499,43.8754788],[22.8706612,43.8754547],[22.8704015,43.8752989],[22.8702251,43.8751996],[22.8699868,43.8752362],[22.8697727,43.8753898],[22.8693914,43.8754511],[22.869295,43.8753614],[22.8692045,43.8753515],[22.8687718,43.8753925],[22.8681144,43.8753718],[22.8677416,43.8753236],[22.8674223,43.8753668],[22.8672155,43.8754367],[22.8668049,43.8754946],[22.8666713,43.8755532],[22.8665345,43.8755382],[22.8663321,43.8755368],[22.8662316,43.8755622],[22.8661302,43.8756124],[22.8660096,43.8756275],[22.8658,43.8755391],[22.865676,43.8755491],[22.8655596,43.875542],[22.8653481,43.8755056],[22.8648186,43.875446],[22.8644419,43.8754923],[22.8642265,43.8754799],[22.8640188,43.8754102],[22.8638551,43.8753783],[22.8635131,43.8754088],[22.8632286,43.8754198],[22.8628591,43.8754251],[22.8621444,43.8753909],[22.8616633,43.8754104],[22.8612264,43.8753939],[22.8606049,43.8754519],[22.8599001,43.8756151],[22.8589506,43.8757625],[22.8577855,43.8759686],[22.8566824,43.8760237],[22.8562739,43.876067],[22.8544215,43.876355],[22.8541178,43.8763527],[22.8537774,43.8764063],[22.8516136,43.8766914],[22.8457262,43.8771886],[22.8414337,43.8774033],[22.8415296,43.8756482],[22.8417289,43.873347],[22.8423573,43.8692134],[22.8431296,43.8656224],[22.8443107,43.8617428],[22.8458655,43.8584592],[22.8478152,43.8554646],[22.8516685,43.8509866],[22.8550831,43.8473666],[22.8583015,43.8447053],[22.8631307,43.8413415],[22.8689139,43.8378966],[22.8767871,43.8344907],[22.8792836,43.8335275],[22.8805351,43.8331236],[22.9032226,43.8282407],[22.9160143,43.8257602],[22.9280773,43.8235151],[22.9403543,43.820734],[22.9431822,43.8198592],[22.9569626,43.8146648],[22.9588634,43.8220211],[22.9591501,43.8225654],[22.9586836,43.8227211],[22.9583047,43.8228066],[22.9580295,43.822971],[22.9579632,43.8230417],[22.9580253,43.8232943],[22.9582256,43.8234519],[22.9583223,43.8237309],[22.9585795,43.8240846],[22.9584824,43.8242266],[22.9583225,43.8243366],[22.958138,43.8245436],[22.9579249,43.8247553],[22.9578643,43.8248672],[22.9577757,43.8249682],[22.9574766,43.8253737],[22.9580242,43.8252175],[22.9586996,43.8250498],[22.9593219,43.8249458],[22.9598364,43.8250059],[22.960466,43.8251152],[22.9612432,43.8251386],[22.9618583,43.8250574],[22.962319,43.8250151],[22.9627454,43.8250413],[22.9629678,43.8250638],[22.963044,43.8250837],[22.9641101,43.8271461],[22.9640056,43.82731],[22.9638126,43.8275237],[22.9636194,43.8276259],[22.9632455,43.8277305],[22.9630047,43.8277556],[22.9626868,43.8277979],[22.9620742,43.8279456],[22.9618336,43.8279634],[22.9614945,43.8280274],[22.9610191,43.8281923],[22.9608027,43.8282512],[22.9605525,43.8282503],[22.9603846,43.8282362],[22.9600986,43.8282384],[22.959988,43.8282176],[22.9599949,43.8283672],[22.9600207,43.8284869],[22.9602112,43.8287152],[22.9606035,43.8290167],[22.9609,43.8293151],[22.9610546,43.8294583],[22.9614698,43.8296338],[22.9616931,43.8299427],[22.961634,43.8302972],[22.9610001,43.8305792],[22.9609182,43.8309164],[22.9610454,43.8312969],[22.961206,43.8316159],[22.9615162,43.8318809],[22.9616273,43.8319847],[22.9617651,43.8321431],[22.9618695,43.8322765],[22.9620023,43.8323776],[22.9621126,43.8326032],[22.9622292,43.8329079],[22.962379,43.8330422],[22.9625761,43.8331247],[22.9628371,43.8331953],[22.9630048,43.8333364],[22.9631104,43.833437],[22.9631145,43.8335818],[22.9632445,43.8337618],[22.9634293,43.8339361],[22.9636215,43.8341567],[22.9636853,43.8344144],[22.9637025,43.8349672],[22.9637019,43.8357697],[22.9637291,43.8360333],[22.9638244,43.8361665],[22.9640346,43.836394],[22.9642582,43.8367598],[22.9643395,43.8370376],[22.9643061,43.8372146],[22.9641262,43.8374218],[22.964109,43.8376583],[22.9640594,43.837748],[22.9640617,43.8380261],[22.9640719,43.8380785],[22.9641394,43.83821],[22.9641839,43.8383151],[22.9641805,43.8384107],[22.9641307,43.8384619],[22.9638645,43.8385179],[22.963682,43.8385841],[22.9635737,43.8385908],[22.9635098,43.8387026],[22.9635071,43.8387808],[22.9636361,43.83887],[22.9636706,43.8389141],[22.9636811,43.8389577],[22.9637153,43.8390105],[22.9637126,43.8390887],[22.9636619,43.839166],[22.9636358,43.8392263],[22.9636321,43.8393305],[22.9636763,43.8394443],[22.963672,43.8395659],[22.9636801,43.839679],[22.963627,43.8398258],[22.9631648,43.8403388],[22.9634553,43.8413367],[22.9680892,43.8501881],[22.9697192,43.8539927],[22.9709897,43.8564063],[22.9737414,43.8606917],[22.976184,43.8651036],[22.9775955,43.867346],[22.9811169,43.8732056],[22.98312,43.8768246],[22.9837243,43.8781984],[22.9838455,43.878536],[22.9840318,43.879005],[22.9844011,43.8797223],[22.9846537,43.8800697],[22.9849112,43.8806049],[22.9851791,43.8812417],[22.9854012,43.8815802],[22.9855718,43.8817861],[22.986074,43.882866],[22.9863569,43.8831682],[22.9866045,43.8837503],[22.9869976,43.8845223],[22.9887297,43.8871081],[22.9895021,43.8882257],[22.9895964,43.888378],[22.9896797,43.888586],[22.9896799,43.8887458],[22.9901357,43.8897694],[22.9908168,43.8913718],[22.9910154,43.8916907],[22.9915151,43.8924702],[22.9902874,43.8928478],[22.9904416,43.8931357],[22.9914102,43.8946479],[22.9923611,43.8961137],[22.9929924,43.8970459],[22.9931196,43.8972468],[22.9936851,43.8970295],[22.9946346,43.8967426],[22.9954674,43.8965403],[22.9967924,43.8963116],[22.9986545,43.8957928],[22.9987971,43.8960644],[23.0004332,43.8992758],[23.0007288,43.9001818],[22.999573,43.9007566],[22.9981303,43.9011967],[22.9971975,43.9014741],[22.9961499,43.9018143],[22.9975336,43.904089],[22.9953492,43.9047259],[22.996018,43.905687],[22.9963705,43.9061756]]]}},{"type":"Feature","properties":{"entity_id":"osm-r9695255","jurisdiction":"RO","display_name":"MAGLAVIT","display_type":"commune","admin_level":8,"tier":"local","legal_registry":"SIRUTA","legal_id":"73031","legal_type":"commune","parent_catalog_id":"osm-r2366970","osm_relation_id":9695255,"legal_identity_status":"reconciled","geometry_source":"OpenStreetMap","geometry_precision":"master_coordinate_fidelity"},"geometry":{"type":"Polygon","coordinates":[[[23.0379725,44.0456274],[23.0345506,44.0413671],[23.0324336,44.038362],[23.0303494,44.0354346],[23.0509667,44.0281022],[23.0518612,44.0269135],[23.0609628,44.0156554],[23.0629764,44.0160915],[23.0632132,44.0161201],[23.0652647,44.0172052],[23.0665107,44.0163229],[23.0678172,44.0168492],[23.0681582,44.0163109],[23.068869,44.0152466],[23.0693573,44.0145381],[23.0694025,44.0144654],[23.0746866,44.0149078],[23.0797457,44.0153119],[23.0798006,44.0136407],[23.0797981,44.0126993],[23.079626,44.0104032],[23.0795389,44.0097983],[23.07952,44.0089483],[23.0794394,44.0073297],[23.0793223,44.0060049],[23.0807247,44.0056668],[23.0829009,44.0051827],[23.0843375,44.0048162],[23.0862654,44.0043566],[23.0884693,44.0038439],[23.0901607,44.0034575],[23.0913743,44.0031595],[23.0942251,44.0024935],[23.0971901,44.00181],[23.0987672,44.0014361],[23.099246,44.0013138],[23.0998616,44.000687],[23.1000162,44.0004579],[23.1002042,44.0002294],[23.1005425,44.0001096],[23.1009239,44.0001015],[23.1012365,44.0001551],[23.101439,43.999893],[23.1018485,43.9994317],[23.10189,43.9992674],[23.1018665,43.9991581],[23.1018268,43.999069],[23.1017551,43.9989794],[23.0995654,43.9980702],[23.0840398,43.9914656],[23.084963,43.9905274],[23.0862965,43.989152],[23.0909007,43.9843919],[23.0911577,43.9841127],[23.08686,43.9823299],[23.0856147,43.9818324],[23.0917774,43.9802114],[23.0928672,43.9823765],[23.0929647,43.9823243],[23.0931503,43.9827719],[23.0933667,43.9831186],[23.1016336,43.991949],[23.103504,43.9940304],[23.1245282,43.9840654],[23.1258207,43.9833692],[23.1294216,43.9817283],[23.1336089,43.9795677],[23.1344221,43.9792239],[23.1347286,43.9790456],[23.1349174,43.9789956],[23.1454149,43.9736758],[23.1464529,43.9731957],[23.1482539,43.9722599],[23.1489589,43.9719425],[23.1513239,43.9741112],[23.1519147,43.97464],[23.1524285,43.9750807],[23.1543527,43.9768501],[23.1556774,43.977876],[23.1602674,43.9820066],[23.1603469,43.982032],[23.1633196,43.9811888],[23.1667867,43.9864581],[23.1732306,43.996313],[23.1761633,44.0007141],[23.1780359,44.0033659],[23.1781425,44.0035536],[23.1779832,44.0036088],[23.1780545,44.0037508],[23.1793648,44.0058449],[23.1846819,44.0138807],[23.1857149,44.0153128],[23.1866319,44.0169223],[23.1874212,44.0180969],[23.1877539,44.0186533],[23.1832408,44.019991],[23.1823349,44.0202681],[23.1824788,44.0205418],[23.1828662,44.0213086],[23.183429,44.0224373],[23.1837419,44.0231806],[23.1839895,44.0232882],[23.1840584,44.0233656],[23.1842414,44.0236453],[23.1845981,44.0242297],[23.1849616,44.0248772],[23.1853523,44.0254873],[23.1858355,44.0264889],[23.1860754,44.0269079],[23.1862712,44.0273388],[23.1864358,44.0276496],[23.1868481,44.028224],[23.1872746,44.0289933],[23.1888414,44.0317738],[23.1897102,44.0333885],[23.1899805,44.0339976],[23.1890057,44.0339956],[23.1875117,44.0339987],[23.1865339,44.0340501],[23.1855673,44.0342043],[23.1854267,44.0344583],[23.1851273,44.0345756],[23.184998,44.034652],[23.1849511,44.0347582],[23.1849086,44.0350028],[23.1847157,44.0350374],[23.184263,44.0350175],[23.1835846,44.0349625],[23.1828897,44.034882],[23.1818246,44.0346447],[23.1809446,44.0343474],[23.1806033,44.0342077],[23.1805581,44.034738],[23.18056,44.0349548],[23.1805448,44.035403],[23.1759086,44.0352723],[23.1758399,44.035426],[23.1758351,44.0365433],[23.1759684,44.0395361],[23.1760584,44.0406623],[23.1760645,44.0419364],[23.1760921,44.0423915],[23.1761998,44.0430364],[23.1762794,44.0461141],[23.1763052,44.048175],[23.176369,44.0498952],[23.1764307,44.0510784],[23.1764369,44.0514794],[23.1764213,44.0517368],[23.176397,44.0519964],[23.1761659,44.0523595],[23.1751613,44.0519964],[23.1741453,44.051637],[23.1732393,44.05131],[23.172747,44.0511379],[23.1722633,44.050958],[23.1717032,44.0507632],[23.1697082,44.0500461],[23.1697048,44.0503017],[23.1697176,44.0506039],[23.1697336,44.0514144],[23.1697764,44.0518444],[23.1699725,44.0579687],[23.1699707,44.0580283],[23.1684938,44.0596826],[23.1674894,44.059702],[23.1623187,44.0597135],[23.1623328,44.0602132],[23.1623496,44.0605963],[23.1623833,44.0609845],[23.1624538,44.0638009],[23.1625077,44.06659],[23.1611499,44.0665995],[23.1598755,44.0666227],[23.1587318,44.0666543],[23.1565593,44.0666626],[23.1547098,44.0667282],[23.1547126,44.0672744],[23.1546115,44.0692107],[23.154609,44.0696434],[23.1547448,44.0721594],[23.154744,44.0723409],[23.1547338,44.0725082],[23.154742,44.0727315],[23.1547572,44.0729988],[23.1548222,44.073887],[23.1548238,44.0741349],[23.1548118,44.0743102],[23.1547577,44.0748278],[23.1547985,44.0761963],[23.154891,44.0784152],[23.1546697,44.0864766],[23.1508478,44.0864748],[23.1506428,44.0924809],[23.1505053,44.0962807],[23.1479796,44.0962798],[23.1428183,44.0963074],[23.1388479,44.0963167],[23.1358388,44.0963188],[23.1329012,44.0963385],[23.1315683,44.0963384],[23.1087464,44.0962809],[23.1083481,44.0921758],[23.1078805,44.0848529],[23.1078472,44.0832615],[23.1076013,44.0787039],[23.0948136,44.0787883],[23.0892427,44.0788931],[23.0875842,44.0788997],[23.0871185,44.0788569],[23.0900841,44.0751432],[23.0863544,44.0749046],[23.085447,44.0747233],[23.0825586,44.0739373],[23.0789225,44.0727452],[23.0783329,44.0726732],[23.0776357,44.0724794],[23.0637425,44.0683738],[23.0620764,44.0678046],[23.0561315,44.0659798],[23.0484795,44.0640762],[23.047744,44.0614112],[23.0458323,44.0572042],[23.0434232,44.0533921],[23.038267,44.045994],[23.0379725,44.0456274]]]}},{"type":"Feature","properties":{"entity_id":"osm-r9695256","jurisdiction":"RO","display_name":"CETATE","display_type":"commune","admin_level":8,"tier":"local","legal_registry":"SIRUTA","legal_id":"71787","legal_type":"commune","parent_catalog_id":"osm-r2366970","osm_relation_id":9695256,"legal_identity_status":"reconciled","geometry_source":"OpenStreetMap","geometry_precision":"master_coordinate_fidelity"},"geometry":{"type":"Polygon","coordinates":[[[23.0567791,44.157206],[23.0511129,44.157266],[23.0356755,44.1576195],[23.034859,44.1575604],[23.0300853,44.1576786],[23.0251009,44.1577389],[23.0244626,44.1577229],[23.024029,44.1576524],[23.0235138,44.1577518],[23.0206118,44.1578275],[23.020167,44.1577887],[23.0153839,44.1579049],[23.0149493,44.1578526],[23.0104351,44.1578912],[23.0060052,44.1579997],[23.005309,44.1580499],[23.0053742,44.1576323],[23.0051117,44.1516697],[23.0050426,44.147759],[23.0048223,44.1438618],[23.0047809,44.141174],[23.0046827,44.1397949],[23.004616,44.1396506],[23.0039159,44.1395401],[23.0037135,44.139456],[23.0031359,44.1390391],[23.0008524,44.1370587],[23.0007308,44.1369405],[23.0007075,44.1367737],[23.0005814,44.1367351],[23.0008048,44.1365602],[23.0008848,44.1364089],[23.0008349,44.1360775],[23.000637,44.1358007],[23.0001213,44.1356725],[22.9995793,44.1356988],[22.9991741,44.1355447],[22.9989046,44.1353431],[22.99852,44.1349372],[22.997458,44.134139],[22.9954099,44.1323994],[22.9943164,44.1315416],[22.990327,44.1293327],[22.9894933,44.1289306],[22.9891468,44.1285885],[22.9885777,44.1283877],[22.9831829,44.1241411],[22.9800123,44.120468],[22.9787046,44.1191376],[22.977156,44.1172373],[22.976521,44.116535],[22.9735316,44.1116596],[22.9722431,44.109419],[22.9722387,44.1091107],[22.9717537,44.1087323],[22.9712306,44.1080198],[22.9705087,44.1069336],[22.9695561,44.105345],[22.9672244,44.0967889],[22.9722518,44.0977562],[22.9752767,44.0980415],[22.9789352,44.0981417],[22.9850788,44.0978187],[22.9892778,44.0974251],[22.9931732,44.0967647],[22.9973352,44.0958995],[23.001236,44.0949057],[23.0032056,44.0943784],[23.00737,44.0932634],[23.0132192,44.0915854],[23.0195879,44.0894913],[23.0228484,44.0882478],[23.0252023,44.0871606],[23.0309524,44.084049],[23.036497,44.0807772],[23.0388451,44.0791615],[23.0407522,44.0777606],[23.0435348,44.0755119],[23.0454111,44.0734809],[23.0471744,44.0706174],[23.0480758,44.0676423],[23.0484795,44.0640762],[23.0561315,44.0659798],[23.0620764,44.0678046],[23.0637425,44.0683738],[23.0776357,44.0724794],[23.0783329,44.0726732],[23.0789225,44.0727452],[23.0825586,44.0739373],[23.085447,44.0747233],[23.0863544,44.0749046],[23.0900841,44.0751432],[23.0871185,44.0788569],[23.0875842,44.0788997],[23.0892427,44.0788931],[23.0948136,44.0787883],[23.1076013,44.0787039],[23.1078472,44.0832615],[23.1078805,44.0848529],[23.1083481,44.0921758],[23.1087464,44.0962809],[23.1315683,44.0963384],[23.1317507,44.1015246],[23.1317775,44.1041439],[23.1319581,44.1072852],[23.1320421,44.1110908],[23.1321392,44.1126767],[23.1321271,44.1153523],[23.1176334,44.1154933],[23.1180254,44.1246069],[23.1189067,44.1396712],[23.1107641,44.1396856],[23.1108151,44.141356],[23.111658,44.1506751],[23.1098744,44.1501682],[23.0995608,44.147076],[23.0982184,44.1466675],[23.0972427,44.1462253],[23.084556,44.1514995],[23.084455,44.1516693],[23.0844549,44.1518904],[23.0855285,44.156794],[23.0654948,44.1570293],[23.0567791,44.157206]]]}},{"type":"Feature","properties":{"entity_id":"osm-r9697777","jurisdiction":"RO","display_name":"BRĂDEȘTI","display_type":"commune","admin_level":8,"tier":"local","legal_registry":"SIRUTA","legal_id":"71055","legal_type":"commune","parent_catalog_id":"osm-r2366970","osm_relation_id":9697777,"legal_identity_status":"reconciled","geometry_source":"OpenStreetMap","geometry_precision":"master_coordinate_fidelity"},"geometry":{"type":"Polygon","coordinates":[[[23.6289753,44.4569137],[23.629595,44.4570558],[23.6303301,44.4573457],[23.6343169,44.4604585],[23.637157,44.4627953],[23.640236,44.465071],[23.6414157,44.466145],[23.6432302,44.4673706],[23.6459739,44.4693974],[23.6485004,44.4711811],[23.6524601,44.4687282],[23.653332,44.469266],[23.6534507,44.4691766],[23.6536383,44.4694302],[23.6540164,44.4695398],[23.655781,44.4705554],[23.6606199,44.4731035],[23.6625082,44.4740397],[23.6662237,44.4760596],[23.6656356,44.4764629],[23.6664804,44.4770381],[23.6669449,44.4772765],[23.667154,44.4774762],[23.6668061,44.4781443],[23.6666236,44.4782121],[23.6674453,44.478727],[23.6679557,44.4789456],[23.6686,44.4793422],[23.6685654,44.4795458],[23.6683339,44.4796135],[23.6686145,44.4797384],[23.6694971,44.4803525],[23.669384,44.4804506],[23.6683184,44.4809495],[23.6688524,44.4813024],[23.6692082,44.4812864],[23.6696625,44.4813651],[23.6710663,44.4814548],[23.6716519,44.4816895],[23.6719634,44.4814559],[23.6722127,44.4815213],[23.6726309,44.4815465],[23.6730776,44.4815205],[23.673215,44.4817079],[23.6734294,44.4817759],[23.673521,44.4816818],[23.673464,44.4815017],[23.6738097,44.4812639],[23.6747571,44.4812578],[23.6749481,44.4812039],[23.6747541,44.4809482],[23.6750711,44.4808162],[23.6754211,44.4807704],[23.6757241,44.4808707],[23.6758186,44.4807469],[23.6759771,44.4806761],[23.6771875,44.4812736],[23.6775895,44.4813384],[23.6781144,44.4813505],[23.6785009,44.4814233],[23.6793452,44.481755],[23.6799139,44.4819047],[23.6808324,44.4823642],[23.6814273,44.4826741],[23.6820357,44.4831764],[23.6826126,44.4835329],[23.6845132,44.4850544],[23.687389,44.4872343],[23.688672,44.4882318],[23.6881933,44.4885708],[23.6868976,44.489811],[23.6859285,44.4904912],[23.6839016,44.4915869],[23.6822927,44.4918095],[23.6819139,44.4919192],[23.6808983,44.4927078],[23.6793012,44.4937655],[23.6789378,44.4939043],[23.6776878,44.494218],[23.6771228,44.4944704],[23.6757387,44.4952199],[23.6751544,44.4956177],[23.6744208,44.4962257],[23.6740572,44.4964477],[23.6724323,44.4972064],[23.6717317,44.4979034],[23.6713836,44.4984227],[23.6743488,44.4991331],[23.6740418,44.4997259],[23.6741214,44.4998872],[23.6743528,44.499914],[23.674051,44.5001435],[23.6738126,44.5002045],[23.6738118,44.5002364],[23.6741356,44.5003459],[23.6741717,44.5005646],[23.674069,44.5006773],[23.6736471,44.5008995],[23.6729027,44.501151],[23.6724069,44.50098],[23.6720291,44.5009683],[23.6721531,44.5010494],[23.6720852,44.5011446],[23.6709741,44.5014087],[23.670039,44.5015651],[23.6696432,44.5019272],[23.6711321,44.5023656],[23.6712387,44.5141461],[23.6676992,44.5140818],[23.6676532,44.5141227],[23.6688806,44.514494],[23.6695305,44.5146402],[23.6698611,44.5148283],[23.6700896,44.5151451],[23.6701642,44.5153445],[23.6701428,44.5157068],[23.6700288,44.5160719],[23.6699738,44.5165826],[23.6700621,44.5170129],[23.6697995,44.517574],[23.6697633,44.5177744],[23.6697669,44.5179735],[23.6699506,44.5183755],[23.6699565,44.5186851],[23.6697208,44.5190729],[23.6690946,44.5198065],[23.6687603,44.5200604],[23.6682314,44.5203283],[23.6681083,44.5204538],[23.6679474,44.5216324],[23.6678426,44.5219183],[23.6675684,44.5223566],[23.6672161,44.5226717],[23.6664604,44.5231158],[23.6658022,44.5235926],[23.6652099,44.5238829],[23.6647658,44.5242096],[23.6646216,44.5243881],[23.6644346,44.524807],[23.6641444,44.5251382],[23.6640155,44.5256798],[23.6634736,44.526021],[23.6621536,44.5263994],[23.6616578,44.526643],[23.6609414,44.5268403],[23.6596519,44.5269754],[23.6589492,44.5271479],[23.6583247,44.527093],[23.6558287,44.5264984],[23.655417,44.5264596],[23.6552348,44.5265135],[23.6549397,44.5269201],[23.6547962,44.5270439],[23.6546507,44.5270949],[23.6544846,44.527275],[23.65362,44.5284118],[23.6534647,44.5287597],[23.6533411,44.529347],[23.653121,44.5294703],[23.6535905,44.5296785],[23.6542853,44.5298608],[23.6547232,44.5300491],[23.6553654,44.5302314],[23.6575771,44.531018],[23.6580759,44.5312201],[23.6580964,44.5312678],[23.6575403,44.531908],[23.6570111,44.5323267],[23.6563142,44.5326108],[23.6558763,44.5325855],[23.655883,44.5326257],[23.6560603,44.532677],[23.6559505,44.5328749],[23.6562059,44.5329637],[23.6562123,44.5330203],[23.6557428,44.5331423],[23.6535915,44.5335254],[23.6522136,44.5338483],[23.6517973,44.5339845],[23.6509181,44.5344624],[23.6502406,44.5349829],[23.6493865,44.5358061],[23.6491463,44.5361919],[23.648803,44.5370341],[23.6481371,44.537239],[23.6479391,44.5374366],[23.6479494,44.5378594],[23.6481694,44.5382139],[23.6482016,44.5384184],[23.648078,44.5393118],[23.6480734,44.5397185],[23.6481475,44.5400413],[23.6480776,44.5413476],[23.648126,44.5418113],[23.6484437,44.5423259],[23.6486251,44.5431473],[23.6489755,44.5441978],[23.6491584,44.5445402],[23.6492164,44.5448695],[23.6491877,44.5453862],[23.6493074,44.5457014],[23.6495382,44.5470012],[23.6495321,44.5473598],[23.6496764,44.5479551],[23.6496903,44.5481749],[23.6496217,44.5482859],[23.6490433,44.5487686],[23.6481628,44.5490861],[23.6474212,44.5492055],[23.6463534,44.5495012],[23.6455064,44.5499607],[23.6453511,44.5500891],[23.6452481,44.5501057],[23.6447467,44.5499652],[23.6436599,44.5499868],[23.6407393,44.5496999],[23.6395131,44.5497687],[23.6389718,44.5497362],[23.6375964,44.5494596],[23.6363108,44.5493905],[23.6347591,44.5490221],[23.6345056,44.5489127],[23.6333728,44.5488386],[23.6326783,44.548674],[23.631571,44.548623],[23.6309287,44.5486808],[23.6289961,44.5484566],[23.6286069,44.5484636],[23.6283072,44.5483783],[23.628075,44.5482326],[23.6280225,44.5482878],[23.6278822,44.548225],[23.6274096,44.548158],[23.6264738,44.5481185],[23.6261601,44.5480129],[23.6257222,44.5477841],[23.62461,44.5474718],[23.6234728,44.5473081],[23.6216346,44.5473733],[23.6198517,44.5470807],[23.6197333,44.5470073],[23.6185512,44.5467277],[23.6185726,44.5466941],[23.6181676,44.5466019],[23.61769,44.5464013],[23.6166938,44.5459123],[23.6167347,44.5456963],[23.6166353,44.545689],[23.6160087,44.5452644],[23.6154594,44.5449871],[23.6145316,44.5444139],[23.6138999,44.5441985],[23.6136338,44.5440126],[23.612951,44.5438619],[23.6120486,44.5433356],[23.6118684,44.5433328],[23.6117414,44.543423],[23.6112312,44.5432847],[23.6110786,44.5433946],[23.6110102,44.5433957],[23.6107257,44.5432619],[23.6105472,44.5432329],[23.6104902,44.5432657],[23.6106505,44.5433586],[23.6106526,44.5434151],[23.6104333,44.5433948],[23.6102136,44.5435113],[23.6097414,44.5433013],[23.6093981,44.5432324],[23.6095425,44.543465],[23.6097698,44.5441975],[23.6101543,44.5450757],[23.610055,44.5456452],[23.6097168,44.5464137],[23.6098467,44.5477007],[23.6095169,44.5484189],[23.6094931,44.548614],[23.6095244,44.5490605],[23.6097717,44.5501976],[23.6102134,44.5513679],[23.6085575,44.5514856],[23.6081681,44.5516059],[23.6069258,44.5518282],[23.6062133,44.5521342],[23.606051,44.5523761],[23.6052414,44.5527472],[23.6050963,44.5528503],[23.604858,44.5530345],[23.6045488,44.5531311],[23.6040893,44.5529074],[23.6024681,44.5523584],[23.6025388,44.5522982],[23.6014826,44.5518012],[23.6011508,44.5515239],[23.6008813,44.5514496],[23.6000555,44.5510503],[23.5998445,44.5508726],[23.599982,44.5505452],[23.600357,44.5500426],[23.6004162,44.5496636],[23.6005668,44.5492804],[23.6006802,44.5492081],[23.6011294,44.5492274],[23.6012083,44.5491874],[23.6014836,44.5488433],[23.6016105,44.5488314],[23.6018051,44.5486155],[23.6013747,44.5483826],[23.6010136,44.5482988],[23.600713,44.5481466],[23.5996214,44.5477858],[23.5995992,44.5475961],[23.5994986,44.5475122],[23.5995611,44.5471795],[23.5998276,44.547032],[23.5999625,44.546879],[23.5998795,44.5463019],[23.5999464,44.5461265],[23.6002627,44.5458799],[23.6006153,44.5454133],[23.6008374,44.5453386],[23.6008574,44.5451399],[23.6010171,44.544975],[23.6010308,44.5448466],[23.6008614,44.5444366],[23.600955,44.5443241],[23.6012455,44.5441759],[23.6010763,44.5438745],[23.6011288,44.5437685],[23.6010969,44.5436947],[23.6015703,44.5434223],[23.6017093,44.5434175],[23.6018115,44.5433037],[23.6018278,44.5431942],[23.6019022,44.543152],[23.6017661,44.5427333],[23.601614,44.5426121],[23.6015817,44.5424604],[23.6013694,44.542492],[23.6011978,44.5424506],[23.6009881,44.5425128],[23.6006834,44.5427675],[23.6005,44.5428322],[23.6001654,44.5427876],[23.5996989,44.5428273],[23.5982966,44.5426771],[23.5974548,44.5424805],[23.5971437,44.5423498],[23.5964035,44.5424183],[23.5959355,44.5422945],[23.5939559,44.5421244],[23.5937527,44.5425789],[23.5928375,44.5435491],[23.5922843,44.5443161],[23.5921291,44.5444205],[23.5918344,44.5452768],[23.5918068,44.5456986],[23.5915222,44.5470299],[23.5913185,44.5475318],[23.5909958,44.5480007],[23.5895599,44.549286],[23.5883444,44.5508782],[23.5883626,44.5517303],[23.587454,44.5508562],[23.5873303,44.5508993],[23.5870111,44.5515443],[23.5869074,44.5520045],[23.5866824,44.5524385],[23.5859499,44.5530801],[23.5852263,44.5541232],[23.5844163,44.5550195],[23.584246,44.5553021],[23.5839646,44.5560723],[23.5833721,44.5565453],[23.582923,44.5570508],[23.5828953,44.558093],[23.5824294,44.5588543],[23.5821647,44.5590539],[23.5818947,44.5591524],[23.5817261,44.5591452],[23.5815423,44.5590275],[23.5814215,44.5590183],[23.5812499,44.5591048],[23.5811384,44.5592279],[23.5791181,44.5586886],[23.5781736,44.5585734],[23.578354,44.5580713],[23.5785788,44.5576823],[23.5784253,44.5572095],[23.5784123,44.5567494],[23.578655,44.5556708],[23.5788697,44.5552372],[23.5789042,44.5550287],[23.5790847,44.5548859],[23.5793003,44.5546071],[23.579811,44.5529516],[23.5799913,44.5526386],[23.5799476,44.5523429],[23.5802491,44.551698],[23.5802222,44.5512036],[23.5804242,44.5506387],[23.5806815,44.5502037],[23.5807499,44.5497514],[23.5807433,44.5490326],[23.5805588,44.5486421],[23.5806635,44.5485256],[23.5805764,44.5482839],[23.5806756,44.5480273],[23.5804412,44.5479633],[23.5803776,44.5478943],[23.5800974,44.5461837],[23.5796142,44.5458587],[23.579503,44.545579],[23.5795083,44.5451944],[23.5793658,44.5445446],[23.5789185,44.5437902],[23.5788335,44.5435494],[23.578861,44.5430075],[23.5788999,44.5429673],[23.5792402,44.5429161],[23.5793284,44.5428339],[23.5794179,44.5422359],[23.5794615,44.5413472],[23.5795891,44.5408548],[23.5795639,44.5406968],[23.5793152,44.5402578],[23.5792957,44.5399908],[23.5794641,44.539786],[23.5796632,44.5397267],[23.5798092,44.5394816],[23.580086,44.5392053],[23.5801402,44.5391197],[23.5801417,44.5388088],[23.5804699,44.5386176],[23.5804815,44.538383],[23.5805735,44.5382325],[23.58058,44.537937],[23.5808634,44.5377016],[23.5807971,44.5375115],[23.5807873,44.5370514],[23.5809795,44.53697],[23.5811899,44.536785],[23.5816872,44.5364996],[23.5818679,44.5365021],[23.5820228,44.5363451],[23.5821549,44.5363338],[23.5821661,44.5361486],[23.5823015,44.5360645],[23.5820499,44.5358298],[23.5810472,44.5358632],[23.5794488,44.5360139],[23.5793627,44.5356724],[23.5788277,44.5356637],[23.5784691,44.5355396],[23.5784208,44.5355091],[23.5784684,44.5353856],[23.575504,44.5339266],[23.5760498,44.5334605],[23.5759621,44.5331864],[23.5758365,44.5331186],[23.5750318,44.5329544],[23.5749129,44.532984],[23.5749022,44.5330762],[23.573795,44.5328561],[23.5726172,44.5321547],[23.5721675,44.5316218],[23.5696534,44.5300655],[23.5698538,44.530121],[23.5696355,44.529867],[23.5693739,44.5298113],[23.5680721,44.5291902],[23.567794,44.5288684],[23.5669984,44.5284078],[23.5663924,44.5279343],[23.5663516,44.5278878],[23.5676552,44.5270398],[23.5690777,44.526267],[23.5699505,44.5257176],[23.5708153,44.5253414],[23.5706298,44.5251287],[23.5707089,44.5248546],[23.5709571,44.5243937],[23.5700609,44.5242623],[23.5628188,44.5193212],[23.5612862,44.5181493],[23.5600855,44.5173582],[23.5594967,44.5168638],[23.5575797,44.5186525],[23.5569184,44.5174417],[23.55447,44.5188663],[23.5516444,44.5163685],[23.5488428,44.514299],[23.5492164,44.5135815],[23.5492293,44.513271],[23.5491174,44.5125724],[23.5485982,44.5111755],[23.5484654,44.510935],[23.5478302,44.5103336],[23.5474801,44.5099118],[23.5468153,44.5094047],[23.5461759,44.5092971],[23.5461572,44.5090583],[23.546267,44.5086642],[23.5466538,44.5080461],[23.5476117,44.5070541],[23.5481471,44.506209],[23.5489138,44.5052385],[23.5487148,44.5048888],[23.548818,44.5045884],[23.5489223,44.5044784],[23.54774,44.5037195],[23.5486993,44.5034061],[23.5493227,44.5030796],[23.5501798,44.5025162],[23.5536392,44.5011579],[23.5544911,44.5005381],[23.5552095,44.5001237],[23.555673,44.499927],[23.5562601,44.4998124],[23.5575382,44.4997322],[23.5593188,44.4997095],[23.560408,44.4997425],[23.5610723,44.4998588],[23.5621967,44.4999241],[23.5639527,44.5002454],[23.5645193,44.5003975],[23.5656184,44.5008548],[23.5667476,44.5015485],[23.5678226,44.5021076],[23.568386,44.5023151],[23.5708269,44.5028945],[23.571588,44.5029113],[23.5721253,44.5027637],[23.5735638,44.5020653],[23.5745953,44.5013507],[23.5753054,44.5009445],[23.5758962,44.5003533],[23.5766579,44.4999182],[23.5766976,44.4996827],[23.5768881,44.4994574],[23.57766,44.4988623],[23.5794297,44.4979286],[23.5807139,44.4975779],[23.5812491,44.4975166],[23.5818257,44.4973795],[23.5826184,44.4973872],[23.5841385,44.4976192],[23.5846724,44.4977689],[23.5858372,44.4979639],[23.5870598,44.4983004],[23.5881881,44.498473],[23.5886944,44.4985003],[23.5893177,44.4984392],[23.5898652,44.4982935],[23.5917254,44.4969729],[23.5922314,44.4965075],[23.592823,44.4961519],[23.5933274,44.4956325],[23.593718,44.4953858],[23.5997112,44.4882928],[23.601885,44.4861085],[23.6026413,44.4850734],[23.6033457,44.4836615],[23.6036832,44.4822153],[23.603533,44.4813266],[23.6026099,44.4802602],[23.6015244,44.4796997],[23.5995188,44.478919],[23.5990953,44.4786096],[23.5986895,44.4780779],[23.5983315,44.4774202],[23.598127,44.4767993],[23.5980451,44.4761018],[23.598037,44.475658],[23.5991138,44.4741645],[23.6001258,44.4733285],[23.601117,44.4727896],[23.6017835,44.4725058],[23.6049436,44.4716365],[23.6064293,44.4714298],[23.6091136,44.4708632],[23.6105117,44.4701197],[23.6111529,44.4699115],[23.6121475,44.4694138],[23.6134898,44.4688946],[23.6163422,44.4685229],[23.6173574,44.4683606],[23.618137,44.4681536],[23.6215571,44.4656391],[23.622321,44.464885],[23.6227789,44.4645496],[23.6229868,44.4643091],[23.6233682,44.4636594],[23.6260389,44.4608902],[23.6281156,44.4589792],[23.6289753,44.4569137]]]}},{"type":"Feature","properties":{"entity_id":"osm-r9697778","jurisdiction":"RO","display_name":"GOIEȘTI","display_type":"commune","admin_level":8,"tier":"local","legal_registry":"SIRUTA","legal_id":"72677","legal_type":"commune","parent_catalog_id":"osm-r2366970","osm_relation_id":9697778,"legal_identity_status":"reconciled","geometry_source":"OpenStreetMap","geometry_precision":"master_coordinate_fidelity"},"geometry":{"type":"Polygon","coordinates":[[[23.8491079,44.4670606],[23.849273,44.4671779],[23.85086,44.4677282],[23.8510577,44.4678637],[23.8511055,44.4679737],[23.8511368,44.4682105],[23.8509639,44.4689689],[23.8505058,44.4698954],[23.8505486,44.4702754],[23.8506467,44.4704303],[23.8500695,44.4704565],[23.8492963,44.4709716],[23.8489703,44.4711347],[23.8473632,44.4712605],[23.8466328,44.4713979],[23.8456631,44.4718914],[23.8450883,44.4722814],[23.8434087,44.4730478],[23.8429884,44.4733228],[23.8425167,44.47337],[23.8430646,44.4738057],[23.842964,44.4740829],[23.8423663,44.474537],[23.8403585,44.4758863],[23.8394818,44.4765568],[23.8394651,44.4766191],[23.8398451,44.4772446],[23.8404448,44.4780773],[23.8391802,44.4788529],[23.8390756,44.4789559],[23.839109,44.4789718],[23.8388474,44.4794194],[23.8381268,44.4802881],[23.8380083,44.4805356],[23.8379387,44.480915],[23.8379749,44.4817984],[23.8380349,44.4820553],[23.8346808,44.4804481],[23.8323584,44.4793975],[23.8327042,44.4806205],[23.8327928,44.4813477],[23.832773,44.4819831],[23.8397781,44.4844017],[23.8451843,44.4864813],[23.8453769,44.4865833],[23.8454803,44.4867407],[23.8449223,44.4875244],[23.8448635,44.487568],[23.8445442,44.4875504],[23.8442441,44.4876475],[23.8437373,44.4879809],[23.8426895,44.4883484],[23.8422297,44.4884412],[23.8420865,44.4886343],[23.8420139,44.4886569],[23.8405889,44.4887411],[23.8406676,44.4886061],[23.8403794,44.4885859],[23.8395938,44.4887416],[23.8390987,44.4887677],[23.838499,44.4889174],[23.8380845,44.4889681],[23.8378114,44.4890917],[23.8371794,44.4895619],[23.8368062,44.489702],[23.83623,44.4901513],[23.8357888,44.4903092],[23.8358159,44.4905544],[23.8354315,44.4908104],[23.8351686,44.4911053],[23.8348025,44.4914009],[23.8346354,44.4916123],[23.8344607,44.492137],[23.8341039,44.492544],[23.8338914,44.4926925],[23.8325069,44.4933318],[23.8318186,44.4939478],[23.8317521,44.4943114],[23.8313784,44.4953557],[23.831333,44.4958882],[23.8311994,44.4961118],[23.8309188,44.4963459],[23.8308781,44.4965119],[23.8300892,44.4969295],[23.8299939,44.4970702],[23.829852,44.4971456],[23.8296031,44.4975434],[23.8292078,44.4978525],[23.8285536,44.4981739],[23.8278334,44.4986325],[23.8273082,44.4993341],[23.8272098,44.4995744],[23.8264226,44.4991515],[23.8263987,44.4991924],[23.8247622,44.4984964],[23.8228897,44.4975871],[23.8205807,44.4966143],[23.8181018,44.4954545],[23.817708,44.4952254],[23.8145927,44.4938826],[23.813841,44.4934927],[23.8137991,44.4935412],[23.8133516,44.4944089],[23.8129969,44.4949471],[23.8122034,44.495738],[23.8117686,44.496364],[23.8109787,44.4971944],[23.8113386,44.4974428],[23.8134687,44.4985689],[23.8128326,44.4996866],[23.8124197,44.5002147],[23.811906,44.5013294],[23.8111971,44.5025107],[23.8133944,44.5041469],[23.814522,44.505056],[23.8166889,44.506596],[23.8160551,44.5070343],[23.8157409,44.5073426],[23.8151295,44.5082908],[23.8146449,44.5092429],[23.8129938,44.5112539],[23.8112269,44.5132548],[23.8109776,44.5138688],[23.8109461,44.5142754],[23.810829,44.5146215],[23.8106822,44.515521],[23.8093958,44.5177958],[23.8079471,44.5206089],[23.807582,44.5211692],[23.8063797,44.5234406],[23.8056297,44.5247322],[23.8054026,44.5249711],[23.804684,44.525524],[23.8042765,44.5259827],[23.8031479,44.5270225],[23.8021907,44.5277824],[23.8012241,44.5286615],[23.7980136,44.5313908],[23.7966857,44.5324064],[23.7962745,44.5320851],[23.7958645,44.5317687],[23.7947771,44.5314126],[23.7917042,44.5302414],[23.7851461,44.5284889],[23.7775741,44.5262491],[23.7729695,44.5305563],[23.7719775,44.5304101],[23.7713278,44.5301506],[23.7699775,44.5294603],[23.7680127,44.5282412],[23.7673803,44.5279717],[23.7667144,44.5272297],[23.7663943,44.527014],[23.766151,44.5267637],[23.766038,44.5264503],[23.7660178,44.5261137],[23.7658557,44.525848],[23.765351,44.5255021],[23.764672,44.5246639],[23.7643647,44.5244655],[23.7642158,44.5241408],[23.7641917,44.5238119],[23.7640466,44.5236794],[23.763839,44.5236285],[23.7627926,44.5235774],[23.7623125,44.5221292],[23.7619181,44.5216153],[23.7508048,44.5177107],[23.7484319,44.5169563],[23.7464671,44.5163546],[23.7420992,44.5153587],[23.737381,44.5135797],[23.7358113,44.5128436],[23.7344612,44.5137224],[23.7334493,44.5140728],[23.7327375,44.514085],[23.7310306,44.5138168],[23.7250101,44.5137571],[23.7227076,44.5137923],[23.7225464,44.5137584],[23.7222593,44.5138077],[23.7117206,44.513978],[23.7100009,44.5138941],[23.7062518,44.5138863],[23.6828477,44.5141358],[23.6809288,44.514053],[23.6803405,44.5141178],[23.6712387,44.5141461],[23.6711321,44.5023656],[23.6696432,44.5019272],[23.670039,44.5015651],[23.6709741,44.5014087],[23.6720852,44.5011446],[23.6721531,44.5010494],[23.6720291,44.5009683],[23.6724069,44.50098],[23.6729027,44.501151],[23.6736471,44.5008995],[23.674069,44.5006773],[23.6741717,44.5005646],[23.6741356,44.5003459],[23.6738118,44.5002364],[23.6738126,44.5002045],[23.674051,44.5001435],[23.6743528,44.499914],[23.6741214,44.4998872],[23.6740418,44.4997259],[23.6743488,44.4991331],[23.6713836,44.4984227],[23.6717317,44.4979034],[23.6724323,44.4972064],[23.6740572,44.4964477],[23.6744208,44.4962257],[23.6751544,44.4956177],[23.6757387,44.4952199],[23.6771228,44.4944704],[23.6776878,44.494218],[23.6789378,44.4939043],[23.6793012,44.4937655],[23.6808983,44.4927078],[23.6819139,44.4919192],[23.6822927,44.4918095],[23.6839016,44.4915869],[23.6859285,44.4904912],[23.6868976,44.489811],[23.6881933,44.4885708],[23.688672,44.4882318],[23.6893761,44.487623],[23.6899863,44.4869606],[23.6903255,44.4866857],[23.6907721,44.4863612],[23.6916765,44.4858443],[23.6918767,44.4857604],[23.6927955,44.4855479],[23.6933131,44.4855285],[23.693925,44.4854089],[23.6941565,44.4851985],[23.6942615,44.4849411],[23.6946352,44.4843926],[23.695491,44.483515],[23.6958718,44.4832811],[23.6962427,44.4828543],[23.6967652,44.4816787],[23.6978092,44.4799918],[23.697973,44.4796387],[23.6985703,44.4789102],[23.69977,44.4769107],[23.7004856,44.4759604],[23.7021196,44.4747976],[23.7025428,44.4745641],[23.7027373,44.4744192],[23.7029709,44.4741075],[23.7031645,44.4740032],[23.7040796,44.4739428],[23.7045223,44.4737856],[23.7049702,44.4737096],[23.7051502,44.4735798],[23.708012,44.4710363],[23.7087028,44.4702328],[23.709229,44.4698229],[23.7093549,44.4689419],[23.7094359,44.4688059],[23.7096364,44.4687068],[23.7106897,44.4684754],[23.7108833,44.4683711],[23.7117781,44.4676257],[23.7116314,44.4675378],[23.711684,44.467082],[23.7117379,44.4668899],[23.7118693,44.4667139],[23.711981,44.4661522],[23.7121075,44.4658798],[23.7121947,44.4651454],[23.7121703,44.4643337],[23.7117498,44.4635023],[23.7115984,44.4629883],[23.7114317,44.4628444],[23.7111609,44.4622834],[23.7111502,44.4618117],[23.7114256,44.4608969],[23.7124422,44.4594479],[23.7124968,44.4592203],[23.7135026,44.4582581],[23.7135267,44.4581265],[23.7138043,44.4577442],[23.7152027,44.4560004],[23.7154849,44.4554102],[23.715528,44.455115],[23.7160854,44.4539286],[23.7176367,44.4525744],[23.7179877,44.4520712],[23.7186813,44.4514452],[23.71949,44.4504198],[23.7198669,44.4500234],[23.7205239,44.4490565],[23.7208803,44.4483461],[23.7214225,44.4476395],[23.721534,44.4472543],[23.7220413,44.447309],[23.7232232,44.4475418],[23.7237784,44.4475719],[23.7314713,44.4490153],[23.7340834,44.4494122],[23.7341371,44.4493059],[23.7354083,44.4483245],[23.7366258,44.4472677],[23.7372859,44.4468067],[23.7381307,44.4459952],[23.738305,44.4457802],[23.7366854,44.445289],[23.737037,44.4445579],[23.7373985,44.4441696],[23.733996,44.4433715],[23.7338082,44.4422314],[23.7320344,44.441419],[23.7335017,44.4381378],[23.7328931,44.4378064],[23.7321757,44.4376005],[23.7293312,44.4375532],[23.7291332,44.4378654],[23.7286694,44.4377131],[23.7283373,44.4383281],[23.7282141,44.4384245],[23.7277692,44.4384836],[23.7276249,44.4386058],[23.7274602,44.4390497],[23.7273758,44.4391069],[23.7272963,44.4391142],[23.7268062,44.4388477],[23.72586,44.4384609],[23.7259877,44.4383191],[23.7274155,44.4377598],[23.7280921,44.4372502],[23.7285994,44.4367132],[23.7290104,44.436368],[23.7293844,44.4357788],[23.7300531,44.4353046],[23.7304368,44.4349133],[23.7325358,44.4337705],[23.73301,44.4334512],[23.7336669,44.4331898],[23.7341329,44.4329161],[23.7345112,44.4328355],[23.7375795,44.4342097],[23.7382826,44.4345058],[23.7395231,44.4350579],[23.7451698,44.4377517],[23.7493796,44.439648],[23.7498648,44.4398541],[23.7502314,44.4399275],[23.753305,44.4402574],[23.7538427,44.43942],[23.7541662,44.4393537],[23.7546545,44.4391012],[23.7550817,44.4387378],[23.7552794,44.4384242],[23.7555565,44.4382501],[23.7559251,44.4381268],[23.7561639,44.4379735],[23.7562687,44.4378104],[23.7564521,44.4377536],[23.7572237,44.437751],[23.7586315,44.4378569],[23.7591134,44.437775],[23.7597778,44.4380263],[23.7594678,44.4389902],[23.7594452,44.4394714],[23.7593357,44.4399764],[23.7593983,44.4412735],[23.759513,44.4416969],[23.7594905,44.44239],[23.7594239,44.4424871],[23.7589194,44.4426744],[23.7585575,44.4427491],[23.7577046,44.4428218],[23.7576396,44.4427164],[23.7579917,44.4425872],[23.7583854,44.442206],[23.7585458,44.4420167],[23.758614,44.4416869],[23.7590949,44.4412294],[23.7588789,44.4411378],[23.7586535,44.4411185],[23.7583952,44.4411798],[23.7582062,44.4411025],[23.7580047,44.4394121],[23.758035,44.4392455],[23.7581885,44.4390365],[23.7582173,44.4389437],[23.7581643,44.4389213],[23.7574992,44.4389358],[23.756609,44.4392325],[23.7561769,44.4394303],[23.7553095,44.4400266],[23.755123,44.4401723],[23.7551373,44.440219],[23.75528,44.4403327],[23.7556967,44.4404961],[23.755714,44.4405811],[23.7546576,44.4414817],[23.7538382,44.4420761],[23.7535928,44.4419392],[23.7535182,44.4420315],[23.753446,44.442017],[23.753464,44.4418886],[23.7534108,44.441877],[23.7531893,44.442047],[23.7529588,44.4421074],[23.7527306,44.4422362],[23.7522011,44.4418116],[23.7522069,44.4417214],[23.7522925,44.4416512],[23.7522368,44.441574],[23.7515868,44.4413293],[23.7512351,44.4413254],[23.7501531,44.4411165],[23.7482207,44.4459032],[23.7495892,44.4461369],[23.7501185,44.4463288],[23.7523843,44.4469028],[23.7528873,44.445607],[23.752474,44.445346],[23.7515742,44.444898],[23.7517939,44.4445446],[23.7525455,44.4447973],[23.7525857,44.4449885],[23.7534843,44.4453164],[23.7539578,44.445601],[23.7553864,44.4461984],[23.7556406,44.4461357],[23.7557662,44.446024],[23.7559812,44.4455613],[23.7561909,44.4452736],[23.7561635,44.4451478],[23.7566942,44.4452424],[23.7568598,44.4458982],[23.7573249,44.4463367],[23.757736,44.4466272],[23.7580477,44.4467375],[23.7582475,44.4469082],[23.7584993,44.4473253],[23.7585709,44.4475446],[23.7585405,44.4477765],[23.7581838,44.4482725],[23.7592479,44.4484052],[23.760502,44.4487975],[23.7619722,44.4491621],[23.7632366,44.4487298],[23.7637006,44.4487588],[23.7643285,44.4489644],[23.7647222,44.4491664],[23.7650608,44.4495221],[23.7651402,44.4497081],[23.7654624,44.4499972],[23.7656676,44.4501137],[23.7666407,44.4504637],[23.7766538,44.452817],[23.771206,44.4615796],[23.7684569,44.4606934],[23.7683629,44.4608478],[23.769053,44.4610776],[23.7689587,44.4612573],[23.7677382,44.4608743],[23.7675382,44.4611836],[23.7690885,44.461679],[23.7689443,44.4619638],[23.7682844,44.4617693],[23.7681122,44.4620591],[23.7688568,44.4622994],[23.7687296,44.4625344],[23.7668426,44.4619659],[23.7667573,44.4621352],[23.7686122,44.4626907],[23.7681622,44.4634533],[23.7697352,44.4639428],[23.7696679,44.4640634],[23.7741106,44.4654299],[23.7782338,44.4665225],[23.7864666,44.4690249],[23.787067,44.4686689],[23.7878279,44.4678381],[23.7884194,44.4669449],[23.7889394,44.4659373],[23.7938789,44.4670467],[23.7986135,44.4681653],[23.8015111,44.4687717],[23.8083081,44.4704761],[23.8121714,44.4712324],[23.8152555,44.4719716],[23.8177549,44.4724907],[23.8190678,44.4726451],[23.8202357,44.4683513],[23.8198133,44.4681593],[23.8199435,44.4671975],[23.8201565,44.4670287],[23.8206357,44.4669227],[23.8219715,44.4660598],[23.8222852,44.46593],[23.8223919,44.4656534],[23.8226997,44.4651519],[23.8228982,44.4650139],[23.8235041,44.464792],[23.8237826,44.4646341],[23.8240122,44.4643926],[23.8247597,44.4632466],[23.8250541,44.4626045],[23.825337,44.462237],[23.8257801,44.4618557],[23.8258148,44.4618974],[23.8260566,44.4618024],[23.8263829,44.4617767],[23.8265682,44.4616922],[23.8266751,44.4614601],[23.8272385,44.4607689],[23.8288549,44.4591107],[23.8299769,44.4580382],[23.8307092,44.458226],[23.8359114,44.4593034],[23.8426993,44.4618305],[23.8433855,44.4621243],[23.8450629,44.4629846],[23.8453382,44.4630781],[23.8456148,44.4630687],[23.8491079,44.4670606]]]}},{"type":"Feature","properties":{"entity_id":"osm-r9697779","jurisdiction":"RO","display_name":"ALMĂJ","display_type":"commune","admin_level":8,"tier":"local","legal_registry":"SIRUTA","legal_id":"70566","legal_type":"commune","parent_catalog_id":"osm-r2366970","osm_relation_id":9697779,"legal_identity_status":"reconciled","geometry_source":"OpenStreetMap","geometry_precision":"master_coordinate_fidelity"},"geometry":{"type":"Polygon","coordinates":[[[23.7375795,44.4342097],[23.7345112,44.4328355],[23.7341329,44.4329161],[23.7336669,44.4331898],[23.73301,44.4334512],[23.7325358,44.4337705],[23.7304368,44.4349133],[23.7300531,44.4353046],[23.7293844,44.4357788],[23.7290104,44.436368],[23.7285994,44.4367132],[23.7280921,44.4372502],[23.7274155,44.4377598],[23.7259877,44.4383191],[23.72586,44.4384609],[23.7268062,44.4388477],[23.7272963,44.4391142],[23.7273758,44.4391069],[23.7274602,44.4390497],[23.7276249,44.4386058],[23.7277692,44.4384836],[23.7282141,44.4384245],[23.7283373,44.4383281],[23.7286694,44.4377131],[23.7291332,44.4378654],[23.7293312,44.4375532],[23.7321757,44.4376005],[23.7328931,44.4378064],[23.7335017,44.4381378],[23.7320344,44.441419],[23.7338082,44.4422314],[23.733996,44.4433715],[23.7373985,44.4441696],[23.737037,44.4445579],[23.7366854,44.445289],[23.738305,44.4457802],[23.7381307,44.4459952],[23.7372859,44.4468067],[23.7366258,44.4472677],[23.7354083,44.4483245],[23.7341371,44.4493059],[23.7340834,44.4494122],[23.7314713,44.4490153],[23.7237784,44.4475719],[23.7232232,44.4475418],[23.7220413,44.447309],[23.721534,44.4472543],[23.7214225,44.4476395],[23.7208803,44.4483461],[23.7205239,44.4490565],[23.7198669,44.4500234],[23.71949,44.4504198],[23.7186813,44.4514452],[23.7179877,44.4520712],[23.7176367,44.4525744],[23.7160854,44.4539286],[23.715528,44.455115],[23.7154849,44.4554102],[23.7152027,44.4560004],[23.7138043,44.4577442],[23.7135267,44.4581265],[23.7135026,44.4582581],[23.7124968,44.4592203],[23.7124422,44.4594479],[23.7114256,44.4608969],[23.7111502,44.4618117],[23.7111609,44.4622834],[23.7114317,44.4628444],[23.7115984,44.4629883],[23.7117498,44.4635023],[23.7121703,44.4643337],[23.7121947,44.4651454],[23.7121075,44.4658798],[23.711981,44.4661522],[23.7118693,44.4667139],[23.7117379,44.4668899],[23.711684,44.467082],[23.7116314,44.4675378],[23.7117781,44.4676257],[23.7108833,44.4683711],[23.7106897,44.4684754],[23.7096364,44.4687068],[23.7094359,44.4688059],[23.7093549,44.4689419],[23.709229,44.4698229],[23.7087028,44.4702328],[23.708012,44.4710363],[23.7051502,44.4735798],[23.7049702,44.4737096],[23.7045223,44.4737856],[23.7040796,44.4739428],[23.7031645,44.4740032],[23.7029709,44.4741075],[23.7027373,44.4744192],[23.7025428,44.4745641],[23.7021196,44.4747976],[23.7004856,44.4759604],[23.69977,44.4769107],[23.6985703,44.4789102],[23.697973,44.4796387],[23.6978092,44.4799918],[23.6967652,44.4816787],[23.6962427,44.4828543],[23.6958718,44.4832811],[23.695491,44.483515],[23.6946352,44.4843926],[23.6942615,44.4849411],[23.6941565,44.4851985],[23.693925,44.4854089],[23.6933131,44.4855285],[23.6927955,44.4855479],[23.6918767,44.4857604],[23.6916765,44.4858443],[23.6907721,44.4863612],[23.6903255,44.4866857],[23.6899863,44.4869606],[23.6893761,44.487623],[23.688672,44.4882318],[23.687389,44.4872343],[23.6845132,44.4850544],[23.6826126,44.4835329],[23.6820357,44.4831764],[23.6814273,44.4826741],[23.6808324,44.4823642],[23.6813389,44.481534],[23.6820805,44.4805202],[23.6830689,44.4802239],[23.6838509,44.4801026],[23.6843438,44.4800865],[23.6849544,44.4799373],[23.6851278,44.4797391],[23.6855196,44.4794528],[23.6858067,44.4791275],[23.6854916,44.4790596],[23.6851796,44.4788595],[23.6831987,44.4780179],[23.6834356,44.4774733],[23.6838198,44.4770422],[23.6839195,44.4767753],[23.6841082,44.4767105],[23.6843894,44.476697],[23.6845441,44.4765816],[23.684534,44.4765144],[23.6835526,44.476211],[23.6819355,44.4755097],[23.682076,44.4752071],[23.6813731,44.4747613],[23.6823903,44.473978],[23.6835342,44.4733265],[23.6843149,44.4730889],[23.6848927,44.4746733],[23.6871263,44.4744102],[23.6874715,44.4740679],[23.6879014,44.4734478],[23.6892844,44.4722556],[23.6884662,44.4720356],[23.6878314,44.471509],[23.6860607,44.4709412],[23.685614,44.4706646],[23.6838401,44.469885],[23.6859848,44.4679416],[23.6869473,44.4669991],[23.6895841,44.4649966],[23.6940013,44.4671778],[23.6941451,44.4668934],[23.6942389,44.4661843],[23.6942882,44.4661333],[23.6946537,44.4661002],[23.6949517,44.4658625],[23.6947025,44.464986],[23.69475,44.4648915],[23.6950921,44.4647495],[23.6951542,44.4646324],[23.6951331,44.4645535],[23.6948168,44.4643829],[23.694559,44.4640557],[23.69463,44.4639485],[23.6949172,44.4637881],[23.6950485,44.4636423],[23.6948625,44.4633157],[23.6948289,44.4630227],[23.6954998,44.4627109],[23.695624,44.4625342],[23.6957137,44.4622325],[23.6956599,44.4620478],[23.6955185,44.4618829],[23.6955225,44.4614389],[23.6954203,44.4611503],[23.6952016,44.4610221],[23.6950911,44.460827],[23.6948031,44.460575],[23.6948055,44.4604694],[23.6948544,44.460281],[23.6950071,44.4600523],[23.6959693,44.4592437],[23.6961173,44.4590419],[23.6961684,44.4588626],[23.6961065,44.4583779],[23.6959074,44.45802],[23.6958431,44.4579384],[23.6953652,44.4577732],[23.695247,44.4574889],[23.6953005,44.4571889],[23.6952656,44.4570067],[23.6953897,44.4567004],[23.6953836,44.4563927],[23.6955186,44.4561798],[23.6956445,44.4555541],[23.6952796,44.4551323],[23.6951898,44.4549223],[23.69529,44.4543083],[23.6952139,44.4538571],[23.6952956,44.4536961],[23.6936941,44.4524669],[23.6909431,44.449954],[23.6908051,44.4497993],[23.6904071,44.4486808],[23.6930851,44.4485432],[23.6941447,44.44839],[23.6937868,44.4474678],[23.6936471,44.4472937],[23.6925781,44.4462803],[23.6913552,44.4450147],[23.690711,44.4444621],[23.6899601,44.4435573],[23.6889949,44.4425965],[23.688576,44.4424638],[23.6890313,44.4415897],[23.6895291,44.4409118],[23.6904476,44.44006],[23.6909638,44.4394268],[23.6873901,44.4376005],[23.6859113,44.4369303],[23.6849,44.4378966],[23.6820617,44.4365393],[23.6817614,44.4362877],[23.6810033,44.4359846],[23.6803669,44.4356529],[23.6798192,44.4354545],[23.6791779,44.4350863],[23.6781202,44.4346017],[23.6775772,44.4342832],[23.6731301,44.4322834],[23.6726805,44.431975],[23.6634259,44.426843],[23.6645792,44.4266802],[23.6656062,44.426147],[23.6659968,44.4251013],[23.6662286,44.4236094],[23.6662754,44.4228021],[23.6661925,44.4215084],[23.6663176,44.4197527],[23.6664509,44.4188656],[23.666724,44.4180205],[23.6674202,44.4171602],[23.6684216,44.4165055],[23.6699898,44.4157161],[23.6714959,44.4151683],[23.6731345,44.4149857],[23.6783085,44.4154706],[23.6801092,44.4155926],[23.6810449,44.415341],[23.6817007,44.4137733],[23.6819639,44.4121201],[23.6815773,44.4105402],[23.6806301,44.4088325],[23.6799347,44.4072085],[23.6801522,44.4063223],[23.6808707,44.4057046],[23.6830488,44.4053261],[23.6883045,44.4046602],[23.6917728,44.4045389],[23.6923949,44.4044351],[23.6935933,44.4038991],[23.696478,44.4018848],[23.6978054,44.4031402],[23.6983366,44.4039324],[23.6988991,44.4043096],[23.700224,44.4056041],[23.7018356,44.4068733],[23.7026663,44.4078068],[23.703369,44.4082876],[23.7045119,44.4087626],[23.7053247,44.4090036],[23.705911,44.4093322],[23.7077329,44.4105711],[23.7080589,44.4107364],[23.7096157,44.4117499],[23.7106193,44.411956],[23.7112957,44.410459],[23.7172273,44.4120144],[23.7244714,44.4141061],[23.7258888,44.4143438],[23.7261706,44.4144354],[23.7270807,44.414908],[23.7279795,44.4151443],[23.7289436,44.4151778],[23.7321422,44.416323],[23.733094,44.4165656],[23.7344173,44.4170059],[23.7366912,44.4175166],[23.7464926,44.420268],[23.7479622,44.4207227],[23.7454552,44.4234923],[23.7451562,44.4240301],[23.7443351,44.4252126],[23.7443412,44.4252789],[23.7443927,44.4253188],[23.7453491,44.4254383],[23.7479248,44.4256953],[23.749998,44.4257069],[23.7500289,44.4258582],[23.749947,44.4260449],[23.7498866,44.4262167],[23.7497986,44.4263628],[23.7496175,44.4265535],[23.7494875,44.4266737],[23.749317,44.4270319],[23.7491326,44.4273747],[23.7488193,44.4277922],[23.7485639,44.4281444],[23.7482492,44.4286227],[23.7480132,44.4290613],[23.7478916,44.4292506],[23.7472585,44.4302728],[23.7469839,44.4305241],[23.7462442,44.4316693],[23.7453605,44.4329983],[23.7443655,44.434425],[23.743803,44.4339503],[23.7431484,44.4335059],[23.7422656,44.4329517],[23.741348,44.4326986],[23.7402999,44.4325385],[23.7399934,44.4324566],[23.7394958,44.4322923],[23.7391637,44.4321521],[23.7384786,44.4330331],[23.737751,44.4339805],[23.7375795,44.4342097]]]}},{"type":"Feature","properties":{"entity_id":"osm-r9697780","jurisdiction":"RO","display_name":"COȚOFENII DIN FAȚĂ","display_type":"commune","admin_level":8,"tier":"local","legal_registry":"SIRUTA","legal_id":"74875","legal_type":"commune","parent_catalog_id":"osm-r2366970","osm_relation_id":9697780,"legal_identity_status":"reconciled","geometry_source":"OpenStreetMap","geometry_precision":"master_coordinate_fidelity"},"geometry":{"type":"Polygon","coordinates":[[[23.6634259,44.426843],[23.6726805,44.431975],[23.6731301,44.4322834],[23.6775772,44.4342832],[23.6781202,44.4346017],[23.6791779,44.4350863],[23.6798192,44.4354545],[23.6803669,44.4356529],[23.6810033,44.4359846],[23.6817614,44.4362877],[23.6820617,44.4365393],[23.6849,44.4378966],[23.6859113,44.4369303],[23.6873901,44.4376005],[23.6909638,44.4394268],[23.6904476,44.44006],[23.6895291,44.4409118],[23.6890313,44.4415897],[23.688576,44.4424638],[23.6889949,44.4425965],[23.6899601,44.4435573],[23.690711,44.4444621],[23.6913552,44.4450147],[23.6925781,44.4462803],[23.6936471,44.4472937],[23.6937868,44.4474678],[23.6941447,44.44839],[23.6930851,44.4485432],[23.6904071,44.4486808],[23.6908051,44.4497993],[23.6909431,44.449954],[23.6936941,44.4524669],[23.6952956,44.4536961],[23.6952139,44.4538571],[23.69529,44.4543083],[23.6951898,44.4549223],[23.6952796,44.4551323],[23.6956445,44.4555541],[23.6955186,44.4561798],[23.6953836,44.4563927],[23.6953897,44.4567004],[23.6952656,44.4570067],[23.6953005,44.4571889],[23.695247,44.4574889],[23.6953652,44.4577732],[23.6958431,44.4579384],[23.6959074,44.45802],[23.6961065,44.4583779],[23.6961684,44.4588626],[23.6961173,44.4590419],[23.6959693,44.4592437],[23.6950071,44.4600523],[23.6948544,44.460281],[23.6948055,44.4604694],[23.6948031,44.460575],[23.6950911,44.460827],[23.6952016,44.4610221],[23.6954203,44.4611503],[23.6955225,44.4614389],[23.6955185,44.4618829],[23.6956599,44.4620478],[23.6957137,44.4622325],[23.695624,44.4625342],[23.6954998,44.4627109],[23.6948289,44.4630227],[23.6948625,44.4633157],[23.6950485,44.4636423],[23.6949172,44.4637881],[23.69463,44.4639485],[23.694559,44.4640557],[23.6948168,44.4643829],[23.6951331,44.4645535],[23.6951542,44.4646324],[23.6950921,44.4647495],[23.69475,44.4648915],[23.6947025,44.464986],[23.6949517,44.4658625],[23.6946537,44.4661002],[23.6942882,44.4661333],[23.6942389,44.4661843],[23.6941451,44.4668934],[23.6940013,44.4671778],[23.6895841,44.4649966],[23.6869473,44.4669991],[23.6859848,44.4679416],[23.6838401,44.469885],[23.685614,44.4706646],[23.6860607,44.4709412],[23.6878314,44.471509],[23.6884662,44.4720356],[23.6892844,44.4722556],[23.6879014,44.4734478],[23.6874715,44.4740679],[23.6871263,44.4744102],[23.6848927,44.4746733],[23.6843149,44.4730889],[23.6835342,44.4733265],[23.6823903,44.473978],[23.6813731,44.4747613],[23.682076,44.4752071],[23.6819355,44.4755097],[23.6835526,44.476211],[23.684534,44.4765144],[23.6845441,44.4765816],[23.6843894,44.476697],[23.6841082,44.4767105],[23.6839195,44.4767753],[23.6838198,44.4770422],[23.6834356,44.4774733],[23.6831987,44.4780179],[23.6851796,44.4788595],[23.6854916,44.4790596],[23.6858067,44.4791275],[23.6855196,44.4794528],[23.6851278,44.4797391],[23.6849544,44.4799373],[23.6843438,44.4800865],[23.6838509,44.4801026],[23.6830689,44.4802239],[23.6820805,44.4805202],[23.6813389,44.481534],[23.6808324,44.4823642],[23.6799139,44.4819047],[23.6793452,44.481755],[23.6785009,44.4814233],[23.6781144,44.4813505],[23.6775895,44.4813384],[23.6771875,44.4812736],[23.6759771,44.4806761],[23.6758186,44.4807469],[23.6757241,44.4808707],[23.6754211,44.4807704],[23.6750711,44.4808162],[23.6747541,44.4809482],[23.6749481,44.4812039],[23.6747571,44.4812578],[23.6738097,44.4812639],[23.673464,44.4815017],[23.673521,44.4816818],[23.6734294,44.4817759],[23.673215,44.4817079],[23.6730776,44.4815205],[23.6726309,44.4815465],[23.6722127,44.4815213],[23.6719634,44.4814559],[23.6716519,44.4816895],[23.6710663,44.4814548],[23.6696625,44.4813651],[23.6692082,44.4812864],[23.6688524,44.4813024],[23.6683184,44.4809495],[23.669384,44.4804506],[23.6694971,44.4803525],[23.6686145,44.4797384],[23.6683339,44.4796135],[23.6685654,44.4795458],[23.6686,44.4793422],[23.6679557,44.4789456],[23.6674453,44.478727],[23.6666236,44.4782121],[23.6668061,44.4781443],[23.667154,44.4774762],[23.6669449,44.4772765],[23.6664804,44.4770381],[23.6656356,44.4764629],[23.6662237,44.4760596],[23.6625082,44.4740397],[23.6606199,44.4731035],[23.655781,44.4705554],[23.6540164,44.4695398],[23.6536383,44.4694302],[23.6534507,44.4691766],[23.653332,44.469266],[23.6524601,44.4687282],[23.6485004,44.4711811],[23.6459739,44.4693974],[23.6432302,44.4673706],[23.6414157,44.466145],[23.640236,44.465071],[23.637157,44.4627953],[23.6343169,44.4604585],[23.6303301,44.4573457],[23.629595,44.4570558],[23.6289753,44.4569137],[23.6288996,44.4567064],[23.6277451,44.4555791],[23.6258986,44.4547997],[23.6245334,44.4546939],[23.6222413,44.4543543],[23.617996,44.4551038],[23.6135897,44.4547825],[23.6126639,44.454504],[23.6115321,44.4537442],[23.6110725,44.4528201],[23.6111567,44.4509343],[23.6115188,44.4491242],[23.6122445,44.4475787],[23.6126954,44.4464128],[23.6134836,44.4452915],[23.6149802,44.4440172],[23.6160061,44.4435653],[23.6181742,44.4425012],[23.6214649,44.4416528],[23.6237564,44.4413172],[23.6261822,44.441266],[23.6282488,44.4409074],[23.6292448,44.4405156],[23.630161,44.4399208],[23.6314422,44.439391],[23.6328605,44.4390245],[23.6342333,44.4381928],[23.6360012,44.4373457],[23.6366225,44.436101],[23.6371078,44.4346526],[23.6384016,44.4335776],[23.6390457,44.4331612],[23.6398478,44.4329957],[23.6409245,44.4329313],[23.6418162,44.4330727],[23.642649,44.4333176],[23.6436,44.4337326],[23.6483463,44.4294457],[23.6462643,44.4278589],[23.6457134,44.4271014],[23.645439,44.4255833],[23.6454458,44.4240888],[23.6461566,44.4226229],[23.6472209,44.4217065],[23.6487579,44.4210585],[23.6510983,44.4210057],[23.6544388,44.4227826],[23.6558095,44.4232231],[23.6571098,44.4242687],[23.6578124,44.4255697],[23.6588052,44.4265106],[23.6599441,44.4272311],[23.6611801,44.4274074],[23.6629957,44.4269038],[23.6634259,44.426843]]]}},{"type":"Feature","properties":{"entity_id":"osm-r9697781","jurisdiction":"RO","display_name":"SCĂEȘTI","display_type":"commune","admin_level":8,"tier":"local","legal_registry":"SIRUTA","legal_id":"74073","legal_type":"commune","parent_catalog_id":"osm-r2366970","osm_relation_id":9697781,"legal_identity_status":"reconciled","geometry_source":"OpenStreetMap","geometry_precision":"master_coordinate_fidelity"},"geometry":{"type":"Polygon","coordinates":[[[23.4728202,44.4614645],[23.4724465,44.4612605],[23.4724279,44.4611418],[23.4725257,44.4609193],[23.4728999,44.4604461],[23.4729037,44.4603013],[23.4728224,44.4601291],[23.4726003,44.4599505],[23.4722904,44.4598498],[23.470589,44.4595107],[23.4698409,44.4592061],[23.4849528,44.4586052],[23.4861926,44.4586118],[23.4866755,44.4585465],[23.4870729,44.4584334],[23.4872301,44.4597799],[23.486699,44.4598937],[23.4868989,44.4605204],[23.4871462,44.4610384],[23.4874086,44.4619896],[23.4905796,44.4613074],[23.4934247,44.4608347],[23.4933305,44.4580153],[23.4934715,44.4579353],[23.4937969,44.4579864],[23.4940095,44.4579776],[23.4942075,44.4579042],[23.4943783,44.4579299],[23.4944052,44.4587781],[23.4952947,44.4588134],[23.4951122,44.4563435],[23.4978137,44.4565976],[23.4984189,44.4566107],[23.4990483,44.4565126],[23.4998833,44.4561935],[23.5003768,44.4560887],[23.5008722,44.4559195],[23.5019157,44.4558648],[23.5027272,44.4559827],[23.502755,44.4560646],[23.5045184,44.4563264],[23.5060853,44.4566114],[23.5089379,44.4570464],[23.5101515,44.4571861],[23.5106336,44.4571326],[23.512752,44.4566322],[23.5135375,44.4560899],[23.5142365,44.4557583],[23.5146393,44.4556017],[23.5151005,44.4554884],[23.5165915,44.4549352],[23.5168297,44.454738],[23.5183519,44.454168],[23.519202,44.453745],[23.51948,44.4535093],[23.5196427,44.4535282],[23.5197388,44.4534181],[23.5212871,44.4527371],[23.5218784,44.4524053],[23.5247046,44.4512791],[23.5276413,44.4503852],[23.5285323,44.4501853],[23.529746,44.4498171],[23.5322281,44.4493791],[23.5329674,44.4491828],[23.5343655,44.4489004],[23.5346712,44.4487931],[23.5360677,44.4485733],[23.5364941,44.4486122],[23.5371037,44.4484698],[23.5381831,44.4481889],[23.5389384,44.4478202],[23.5397544,44.4475079],[23.5401834,44.4474411],[23.5404858,44.4474673],[23.5410964,44.4472859],[23.541689,44.4472046],[23.5428568,44.4467248],[23.5429855,44.4465837],[23.5432059,44.446506],[23.5433246,44.4463354],[23.544947,44.4452942],[23.5486949,44.4432933],[23.5493688,44.4429003],[23.5495398,44.4427294],[23.5466456,44.4398578],[23.5621665,44.4317626],[23.5655023,44.4332004],[23.5684424,44.434662],[23.5703067,44.4353739],[23.5715049,44.436039],[23.5728835,44.4367112],[23.5769233,44.4385754],[23.5774798,44.4386527],[23.5779084,44.4389393],[23.5783629,44.4391692],[23.5788915,44.4392656],[23.5800158,44.4397104],[23.5858611,44.4421968],[23.5910588,44.4445847],[23.5911382,44.444654],[23.5911045,44.4450797],[23.5922127,44.4453036],[23.5920679,44.4454788],[23.5964263,44.4473164],[23.6017144,44.4496948],[23.6056128,44.4515345],[23.6080059,44.4525894],[23.6100506,44.4535511],[23.6107573,44.4538402],[23.6108784,44.4537743],[23.6117125,44.4545181],[23.6118254,44.4546698],[23.611878,44.4549388],[23.6119562,44.4549967],[23.6125574,44.4550145],[23.6134438,44.4555486],[23.6140576,44.4558362],[23.6150331,44.4561327],[23.6154224,44.4561915],[23.6156358,44.4561814],[23.6162483,44.4563733],[23.6214746,44.4587372],[23.6218633,44.4588567],[23.6230962,44.459424],[23.6236444,44.4595793],[23.6239828,44.4598299],[23.6243851,44.4599699],[23.6245476,44.460212],[23.6248468,44.4603204],[23.6260389,44.4608902],[23.6233682,44.4636594],[23.6229868,44.4643091],[23.6227789,44.4645496],[23.622321,44.464885],[23.6215571,44.4656391],[23.618137,44.4681536],[23.6173574,44.4683606],[23.6163422,44.4685229],[23.6134898,44.4688946],[23.6121475,44.4694138],[23.6111529,44.4699115],[23.6105117,44.4701197],[23.6091136,44.4708632],[23.6064293,44.4714298],[23.6049436,44.4716365],[23.6017835,44.4725058],[23.601117,44.4727896],[23.6001258,44.4733285],[23.5991138,44.4741645],[23.598037,44.475658],[23.5980451,44.4761018],[23.5975377,44.4760876],[23.5965915,44.4764851],[23.5963112,44.476543],[23.5953377,44.4768763],[23.5946499,44.4769291],[23.5942647,44.4768936],[23.5933495,44.4770357],[23.5928852,44.4771604],[23.5928071,44.4772823],[23.592575,44.4774188],[23.5918938,44.4776405],[23.5915892,44.4778133],[23.5912549,44.4778859],[23.5910305,44.4778524],[23.5908935,44.4777509],[23.5899533,44.4780385],[23.5893033,44.478299],[23.5888229,44.4786461],[23.5888009,44.4791064],[23.5887014,44.479228],[23.5885501,44.4792721],[23.5874688,44.479252],[23.5870226,44.479345],[23.586337,44.4794032],[23.5853414,44.4794241],[23.5841906,44.4787974],[23.5831356,44.4780717],[23.5808118,44.4770962],[23.5780442,44.4758368],[23.5771809,44.4755365],[23.57535,44.4747564],[23.5734769,44.4740392],[23.5734556,44.4740311],[23.5728985,44.4739239],[23.5720107,44.4739906],[23.5690883,44.4745992],[23.5686015,44.4747934],[23.5670078,44.4744837],[23.5639739,44.4733208],[23.5635434,44.473126],[23.563378,44.4729013],[23.5631315,44.4728091],[23.5626342,44.4728027],[23.5624918,44.4729011],[23.5620539,44.4730069],[23.5613267,44.472864],[23.5610969,44.4727275],[23.5604616,44.4720181],[23.5599619,44.4738208],[23.5582079,44.4734695],[23.5574879,44.4743284],[23.5555028,44.4735793],[23.5550821,44.473546],[23.5528079,44.474298],[23.5521074,44.4746645],[23.5516446,44.474826],[23.5511475,44.4749076],[23.5503349,44.4749527],[23.5487027,44.4754508],[23.5471808,44.4756672],[23.5461431,44.4759431],[23.5450729,44.4760773],[23.5438866,44.4764685],[23.5430074,44.4768541],[23.5418136,44.4772916],[23.5409814,44.4774928],[23.5408161,44.4775871],[23.5406827,44.477785],[23.5403615,44.4778373],[23.5389391,44.478527],[23.5379644,44.4788096],[23.5376219,44.4790552],[23.5356196,44.4797631],[23.5353754,44.479884],[23.5349468,44.4801785],[23.5345489,44.480574],[23.5343131,44.4808946],[23.5332249,44.4818579],[23.532838,44.482313],[23.5325237,44.4824632],[23.531696,44.4826302],[23.5312003,44.4828009],[23.5308121,44.483028],[23.5307328,44.4831991],[23.5208879,44.4854019],[23.5173365,44.486302],[23.5168789,44.4865329],[23.5166871,44.486717],[23.5163501,44.4867081],[23.515862,44.4868499],[23.5146418,44.4868008],[23.5134395,44.487124],[23.5110001,44.4876601],[23.5105613,44.4877903],[23.5086623,44.4881454],[23.5054312,44.4888289],[23.5040395,44.4892002],[23.497069,44.4906405],[23.4961695,44.4907377],[23.4953941,44.4898633],[23.4926927,44.4863051],[23.4923072,44.4865062],[23.4918777,44.486187],[23.4912823,44.4864842],[23.4904909,44.4867871],[23.4892865,44.4870184],[23.4889837,44.4867009],[23.4886812,44.4868123],[23.4883287,44.4875169],[23.4875735,44.4877542],[23.4873488,44.4879739],[23.4875098,44.4888669],[23.4876193,44.4890828],[23.4864929,44.4894141],[23.4859972,44.489424],[23.4848836,44.4892688],[23.4840955,44.4894396],[23.4819311,44.4902436],[23.4814839,44.4901633],[23.481443,44.4899648],[23.4809564,44.4900655],[23.4806154,44.4903248],[23.4799434,44.490442],[23.4785182,44.4870998],[23.4762712,44.4829199],[23.475756,44.4830016],[23.475458,44.4822252],[23.4774333,44.4817962],[23.4772284,44.4814413],[23.4769656,44.4811672],[23.4767055,44.4804488],[23.4763747,44.4800256],[23.4755705,44.4794608],[23.4758366,44.4792097],[23.4754917,44.4788934],[23.4764966,44.4780795],[23.4761941,44.4778976],[23.4752483,44.4770497],[23.4751215,44.4768631],[23.4750079,44.4761578],[23.4752229,44.4759292],[23.4759436,44.4756601],[23.4762251,44.4756229],[23.4769699,44.4761478],[23.4774473,44.4764035],[23.4778266,44.4765482],[23.4783205,44.4770247],[23.4787693,44.4772371],[23.478588,44.4774847],[23.4790619,44.4777349],[23.4808718,44.4788749],[23.4816001,44.4787896],[23.4816914,44.4783473],[23.4842067,44.4781597],[23.484063,44.4779099],[23.4835874,44.4774415],[23.4833958,44.4771398],[23.4831655,44.4766194],[23.4831015,44.476215],[23.4824722,44.475126],[23.4824578,44.4742068],[23.4823755,44.4739417],[23.4813656,44.472995],[23.4816583,44.4729104],[23.4823715,44.4728139],[23.4816582,44.4719978],[23.4834754,44.4715137],[23.4824265,44.470239],[23.482191,44.4700523],[23.4811639,44.4688486],[23.4790641,44.4672523],[23.4774099,44.465859],[23.4759579,44.4646043],[23.475404,44.464011],[23.4750096,44.4638229],[23.4746454,44.4634853],[23.4746235,44.4633209],[23.4744596,44.4633281],[23.4742374,44.4630673],[23.4742495,44.4628566],[23.474356,44.4627925],[23.4741873,44.4627911],[23.4738001,44.4613977],[23.4736563,44.4614428],[23.4728202,44.4614645]]]}},{"type":"Feature","properties":{"entity_id":"osm-r9697782","jurisdiction":"RO","display_name":"COȚOFENII DIN DOS","display_type":"commune","admin_level":8,"tier":"local","legal_registry":"SIRUTA","legal_id":"71910","legal_type":"commune","parent_catalog_id":"osm-r2366970","osm_relation_id":9697782,"legal_identity_status":"reconciled","geometry_source":"OpenStreetMap","geometry_precision":"master_coordinate_fidelity"},"geometry":{"type":"Polygon","coordinates":[[[23.6260389,44.4608902],[23.6248468,44.4603204],[23.6245476,44.460212],[23.6243851,44.4599699],[23.6239828,44.4598299],[23.6236444,44.4595793],[23.6230962,44.459424],[23.6218633,44.4588567],[23.6214746,44.4587372],[23.6162483,44.4563733],[23.6156358,44.4561814],[23.6154224,44.4561915],[23.6150331,44.4561327],[23.6140576,44.4558362],[23.6134438,44.4555486],[23.6125574,44.4550145],[23.6119562,44.4549967],[23.611878,44.4549388],[23.6118254,44.4546698],[23.6117125,44.4545181],[23.6108784,44.4537743],[23.6107573,44.4538402],[23.6100506,44.4535511],[23.6080059,44.4525894],[23.6056128,44.4515345],[23.6017144,44.4496948],[23.5964263,44.4473164],[23.5920679,44.4454788],[23.5922127,44.4453036],[23.5911045,44.4450797],[23.5911382,44.444654],[23.5910588,44.4445847],[23.5858611,44.4421968],[23.5800158,44.4397104],[23.5788915,44.4392656],[23.5783629,44.4391692],[23.5779084,44.4389393],[23.5774798,44.4386527],[23.5769233,44.4385754],[23.5728835,44.4367112],[23.5715049,44.436039],[23.5703067,44.4353739],[23.5684424,44.434662],[23.5655023,44.4332004],[23.5621665,44.4317626],[23.5759658,44.4168236],[23.5769313,44.4175919],[23.5773422,44.4179824],[23.5783168,44.4185917],[23.5784864,44.4183961],[23.5792544,44.4178302],[23.5801138,44.4172848],[23.5803966,44.4170109],[23.580592,44.4169366],[23.5815655,44.4162568],[23.5834867,44.4152465],[23.5842645,44.4147811],[23.5868502,44.4128334],[23.5879258,44.4118365],[23.5890003,44.411205],[23.5899746,44.4104408],[23.5902511,44.4102046],[23.5906381,44.4096843],[23.5911012,44.4093076],[23.5917855,44.4090022],[23.5922013,44.4089332],[23.5943628,44.4074817],[23.5972243,44.4050686],[23.5982548,44.4042766],[23.5995574,44.4034251],[23.6007349,44.4028061],[23.6026056,44.4015051],[23.6049746,44.4003357],[23.6059623,44.3996572],[23.6071419,44.3989469],[23.6081313,44.3981942],[23.6083208,44.3979283],[23.6086454,44.3970133],[23.6096216,44.3961463],[23.6101404,44.3960899],[23.6107052,44.3954462],[23.6113156,44.3948943],[23.6121184,44.3939509],[23.6125075,44.3933278],[23.6133059,44.392236],[23.6141852,44.3904202],[23.6145569,44.3898597],[23.6150195,44.3894886],[23.6170422,44.3881264],[23.6174795,44.3874811],[23.6180357,44.3868543],[23.6185023,44.3866488],[23.6197697,44.3859109],[23.6209952,44.3849213],[23.6213242,44.3844743],[23.6215022,44.3840199],[23.6215499,44.3836894],[23.6214036,44.3831453],[23.6220583,44.3823942],[23.6234358,44.3817032],[23.6239532,44.381367],[23.624504,44.3809628],[23.6253996,44.3801175],[23.6264676,44.3797195],[23.6278878,44.3789035],[23.6283887,44.3789267],[23.6291189,44.3791577],[23.6309951,44.3794254],[23.6317856,44.3794922],[23.6338501,44.3798209],[23.6369638,44.3802266],[23.6390874,44.3805845],[23.6413126,44.380647],[23.6429596,44.3805133],[23.6448569,44.3805397],[23.6484812,44.3808475],[23.6492502,44.3809818],[23.6494439,44.3807912],[23.6504418,44.380721],[23.6507435,44.3806031],[23.6515182,44.3804909],[23.6516044,44.3804241],[23.6516193,44.3802135],[23.6517,44.3801716],[23.6520622,44.3802331],[23.6526645,44.380251],[23.6532956,44.3801049],[23.654559,44.37997],[23.6548157,44.3798551],[23.65587,44.3799284],[23.656115,44.3798921],[23.656637,44.3797197],[23.6568161,44.3797289],[23.6576274,44.3799744],[23.6577965,44.3799871],[23.6582126,44.3798706],[23.6588864,44.3798143],[23.6590724,44.3797415],[23.6599199,44.3797123],[23.6604546,44.3796401],[23.6612265,44.3796492],[23.6626048,44.3794977],[23.6628685,44.3795115],[23.6636115,44.3796918],[23.6656309,44.3798229],[23.6657447,44.379642],[23.6658453,44.3796004],[23.6660739,44.3796245],[23.6661199,44.3795715],[23.6673683,44.379872],[23.6675655,44.3799601],[23.6690612,44.3801207],[23.669461,44.3802826],[23.6700026,44.3803264],[23.6744902,44.3815728],[23.6759992,44.379823],[23.6766406,44.3791958],[23.6767471,44.3792498],[23.6768141,44.379288],[23.6768862,44.3792654],[23.6769324,44.3792564],[23.6769697,44.3792785],[23.6770516,44.3793637],[23.6771158,44.379418],[23.6771702,44.3794523],[23.6772275,44.3794959],[23.6772495,44.3795196],[23.6772725,44.3795859],[23.6773041,44.3797244],[23.6773191,44.3797664],[23.6773411,44.379815],[23.6774184,44.3799544],[23.6774677,44.3801074],[23.6774862,44.3802235],[23.6775394,44.3804503],[23.6775595,44.3804965],[23.677637,44.3806246],[23.6778506,44.3807962],[23.677944,44.3808769],[23.678117,44.3810132],[23.6782163,44.3810759],[23.6784034,44.3812063],[23.6784839,44.381252],[23.6786188,44.381317],[23.6790173,44.3814705],[23.679097,44.3815054],[23.6796644,44.381692],[23.6799968,44.3818137],[23.6800651,44.3818442],[23.6801361,44.3818776],[23.6802518,44.3819408],[23.680458,44.3820725],[23.6807784,44.3822879],[23.6809379,44.3824019],[23.6810501,44.3825007],[23.6811938,44.3826605],[23.6812997,44.3827938],[23.6814962,44.383065],[23.6817436,44.3834796],[23.6818547,44.3837228],[23.6818786,44.3838547],[23.6818773,44.3839578],[23.6818642,44.3840513],[23.6818457,44.3841278],[23.6818254,44.3842906],[23.6818079,44.3843714],[23.681733,44.3846015],[23.6817246,44.3846583],[23.6817235,44.384833],[23.6817184,44.3848888],[23.6817065,44.3849369],[23.6816828,44.384997],[23.6815544,44.3851447],[23.6815046,44.3852269],[23.6814684,44.3853183],[23.6814516,44.3854562],[23.6814129,44.3856572],[23.6813707,44.3858027],[23.6813771,44.3859354],[23.6814077,44.3860929],[23.6815342,44.3864395],[23.6817583,44.38672],[23.6831261,44.3876846],[23.6830577,44.3878096],[23.6830425,44.3879607],[23.6829498,44.3882566],[23.6828153,44.3883334],[23.6826672,44.3884858],[23.6826057,44.3886139],[23.6825975,44.3888015],[23.6827209,44.38892],[23.6828218,44.3891584],[23.6828619,44.3894724],[23.6829036,44.3897186],[23.6832912,44.3898248],[23.6837357,44.3897183],[23.6843281,44.3894728],[23.685934,44.3889474],[23.6862994,44.3888691],[23.6867607,44.3888409],[23.6869076,44.388871],[23.6869206,44.3889331],[23.6871006,44.3889326],[23.6873254,44.388863],[23.6889297,44.3895132],[23.6908396,44.3903235],[23.6929381,44.3912862],[23.6935435,44.3916359],[23.6937313,44.3916136],[23.6938604,44.391548],[23.6940554,44.3915869],[23.6940523,44.3917211],[23.6940915,44.3918741],[23.6946567,44.3921004],[23.696326,44.392628],[23.697228,44.3928976],[23.6978058,44.393062],[23.6979555,44.3931118],[23.6980529,44.3931595],[23.6981538,44.3932387],[23.6982743,44.3932867],[23.6984246,44.3933095],[23.6987176,44.3933069],[23.6989474,44.3933175],[23.6957603,44.3988145],[23.6954642,44.3993753],[23.6951675,44.3999228],[23.6947919,44.4005204],[23.6945184,44.4009962],[23.6944248,44.4011907],[23.6942585,44.4014107],[23.6936223,44.4020827],[23.6937271,44.4021484],[23.6937819,44.4022544],[23.6926823,44.4031788],[23.6930855,44.4034178],[23.6930202,44.4035359],[23.6935933,44.4038991],[23.6923949,44.4044351],[23.6917728,44.4045389],[23.6883045,44.4046602],[23.6830488,44.4053261],[23.6808707,44.4057046],[23.6801522,44.4063223],[23.6799347,44.4072085],[23.6806301,44.4088325],[23.6815773,44.4105402],[23.6819639,44.4121201],[23.6817007,44.4137733],[23.6810449,44.415341],[23.6801092,44.4155926],[23.6783085,44.4154706],[23.6731345,44.4149857],[23.6714959,44.4151683],[23.6699898,44.4157161],[23.6684216,44.4165055],[23.6674202,44.4171602],[23.666724,44.4180205],[23.6664509,44.4188656],[23.6663176,44.4197527],[23.6661925,44.4215084],[23.6662754,44.4228021],[23.6662286,44.4236094],[23.6659968,44.4251013],[23.6656062,44.426147],[23.6645792,44.4266802],[23.6634259,44.426843],[23.6629957,44.4269038],[23.6611801,44.4274074],[23.6599441,44.4272311],[23.6588052,44.4265106],[23.6578124,44.4255697],[23.6571098,44.4242687],[23.6558095,44.4232231],[23.6544388,44.4227826],[23.6510983,44.4210057],[23.6487579,44.4210585],[23.6472209,44.4217065],[23.6461566,44.4226229],[23.6454458,44.4240888],[23.645439,44.4255833],[23.6457134,44.4271014],[23.6462643,44.4278589],[23.6483463,44.4294457],[23.6436,44.4337326],[23.642649,44.4333176],[23.6418162,44.4330727],[23.6409245,44.4329313],[23.6398478,44.4329957],[23.6390457,44.4331612],[23.6384016,44.4335776],[23.6371078,44.4346526],[23.6366225,44.436101],[23.6360012,44.4373457],[23.6342333,44.4381928],[23.6328605,44.4390245],[23.6314422,44.439391],[23.630161,44.4399208],[23.6292448,44.4405156],[23.6282488,44.4409074],[23.6261822,44.441266],[23.6237564,44.4413172],[23.6214649,44.4416528],[23.6181742,44.4425012],[23.6160061,44.4435653],[23.6149802,44.4440172],[23.6134836,44.4452915],[23.6126954,44.4464128],[23.6122445,44.4475787],[23.6115188,44.4491242],[23.6111567,44.4509343],[23.6110725,44.4528201],[23.6115321,44.4537442],[23.6126639,44.454504],[23.6135897,44.4547825],[23.617996,44.4551038],[23.6222413,44.4543543],[23.6245334,44.4546939],[23.6258986,44.4547997],[23.6277451,44.4555791],[23.6288996,44.4567064],[23.6289753,44.4569137],[23.6281156,44.4589792],[23.6260389,44.4608902]]]}},{"type":"Feature","properties":{"entity_id":"osm-r9697783","jurisdiction":"RO","display_name":"PREDEȘTI","display_type":"commune","admin_level":8,"tier":"local","legal_registry":"SIRUTA","legal_id":"73772","legal_type":"commune","parent_catalog_id":"osm-r2366970","osm_relation_id":9697783,"legal_identity_status":"reconciled","geometry_source":"OpenStreetMap","geometry_precision":"master_coordinate_fidelity"},"geometry":{"type":"Polygon","coordinates":[[[23.6291189,44.3791577],[23.6283887,44.3789267],[23.6278878,44.3789035],[23.6264676,44.3797195],[23.6253996,44.3801175],[23.624504,44.3809628],[23.6239532,44.381367],[23.6234358,44.3817032],[23.6220583,44.3823942],[23.6214036,44.3831453],[23.6215499,44.3836894],[23.6215022,44.3840199],[23.6213242,44.3844743],[23.6209952,44.3849213],[23.6197697,44.3859109],[23.6185023,44.3866488],[23.6180357,44.3868543],[23.6174795,44.3874811],[23.6170422,44.3881264],[23.6150195,44.3894886],[23.6145569,44.3898597],[23.6141852,44.3904202],[23.6133059,44.392236],[23.6125075,44.3933278],[23.6121184,44.3939509],[23.6113156,44.3948943],[23.6107052,44.3954462],[23.6101404,44.3960899],[23.6096216,44.3961463],[23.6086454,44.3970133],[23.6083208,44.3979283],[23.6081313,44.3981942],[23.6071419,44.3989469],[23.6059623,44.3996572],[23.6049746,44.4003357],[23.6026056,44.4015051],[23.6007349,44.4028061],[23.5995574,44.4034251],[23.5982548,44.4042766],[23.5972243,44.4050686],[23.5943628,44.4074817],[23.5922013,44.4089332],[23.5917855,44.4090022],[23.5911012,44.4093076],[23.5906381,44.4096843],[23.5902511,44.4102046],[23.5899746,44.4104408],[23.5890003,44.411205],[23.5879258,44.4118365],[23.5868502,44.4128334],[23.5842645,44.4147811],[23.5834867,44.4152465],[23.5815655,44.4162568],[23.580592,44.4169366],[23.5803966,44.4170109],[23.5801138,44.4172848],[23.5792544,44.4178302],[23.5784864,44.4183961],[23.5783168,44.4185917],[23.5773422,44.4179824],[23.5769313,44.4175919],[23.5759658,44.4168236],[23.5755226,44.4165211],[23.5753021,44.4162348],[23.5749208,44.4160457],[23.5745643,44.4156584],[23.574252,44.4154843],[23.5738258,44.4151089],[23.5731485,44.4157466],[23.5724104,44.4166346],[23.5708339,44.4188116],[23.568028,44.4212648],[23.5638003,44.4250734],[23.56305,44.4255606],[23.5623909,44.4258814],[23.5610901,44.4247081],[23.5602497,44.4238155],[23.5599919,44.423468],[23.5582133,44.4214903],[23.5555341,44.4182865],[23.5529648,44.4153656],[23.5521503,44.4138602],[23.5517112,44.4132666],[23.5515202,44.4127128],[23.5518447,44.4127546],[23.5546106,44.412785],[23.5550199,44.4128566],[23.5553086,44.4128234],[23.5555065,44.4127154],[23.5569115,44.4124314],[23.5572175,44.4121111],[23.5577447,44.4119926],[23.5593945,44.411778],[23.5600978,44.4116028],[23.5604605,44.4114822],[23.560848,44.4111924],[23.5612495,44.4111681],[23.5613339,44.4110808],[23.5620999,44.4108622],[23.5630488,44.4107269],[23.5639588,44.4107345],[23.5631875,44.4096973],[23.5631541,44.4094887],[23.5626962,44.4089967],[23.5612023,44.4069738],[23.5595985,44.4050217],[23.5587089,44.4038275],[23.5584637,44.4033584],[23.5580503,44.4023199],[23.5560645,44.3981966],[23.5546877,44.3958234],[23.5545867,44.3955458],[23.5550668,44.3946311],[23.5557293,44.39382],[23.5559081,44.3936528],[23.5573585,44.3926603],[23.5589897,44.3909001],[23.5591764,44.3905818],[23.5592921,44.3905154],[23.559875,44.3903147],[23.5646865,44.3895694],[23.5661651,44.3892935],[23.5665562,44.3892653],[23.5685107,44.3889586],[23.5684455,44.387024],[23.5684719,44.3834661],[23.5674435,44.3824167],[23.5668354,44.3817047],[23.5653148,44.3802803],[23.5658858,44.380037],[23.5662367,44.3799715],[23.5662591,44.3798981],[23.5664054,44.3797968],[23.5665417,44.3798943],[23.566705,44.3799332],[23.5667285,44.3798157],[23.5668554,44.3798762],[23.566985,44.3798263],[23.5672975,44.3796535],[23.567356,44.3795732],[23.567346,44.379352],[23.5672505,44.3792698],[23.5673084,44.3792116],[23.5673913,44.3791832],[23.5677082,44.3792461],[23.5677629,44.3793168],[23.5678712,44.3792998],[23.568087,44.3790889],[23.5682318,44.3790502],[23.5686306,44.3791252],[23.5688733,44.3788631],[23.5689351,44.3786502],[23.5689135,44.3784842],[23.568819,44.3783578],[23.5695847,44.3781318],[23.5698462,44.3779435],[23.5697239,44.3776952],[23.5699525,44.3775913],[23.5702049,44.3775613],[23.5703094,44.377489],[23.5702953,44.3772273],[23.5701609,44.3770561],[23.5699976,44.3765973],[23.5700217,44.3764503],[23.5699673,44.3763685],[23.5700916,44.3759965],[23.5700082,44.3758804],[23.5697056,44.3759056],[23.5695191,44.375828],[23.5695689,44.375737],[23.5736932,44.3753266],[23.5794964,44.3749654],[23.5771995,44.3702804],[23.5832252,44.3717907],[23.5848977,44.3721647],[23.5842283,44.3691786],[23.5833886,44.365906],[23.5827991,44.3638705],[23.5820763,44.3606454],[23.5831596,44.3606861],[23.5815581,44.3589771],[23.5802747,44.3579122],[23.5790819,44.3567846],[23.5785129,44.352849],[23.578316,44.3529959],[23.5775201,44.353306],[23.5765074,44.3533572],[23.5724428,44.3527896],[23.5708137,44.3526491],[23.5712419,44.349919],[23.5780358,44.350522],[23.578304,44.3505754],[23.578077,44.3488684],[23.5779424,44.346301],[23.5757413,44.3459081],[23.5750813,44.3447095],[23.5740434,44.3431119],[23.5736182,44.3422804],[23.5727972,44.3409539],[23.5725995,44.3405663],[23.5726436,44.3401683],[23.572305,44.3395651],[23.5719476,44.3391697],[23.5712836,44.3372735],[23.5710772,44.3370142],[23.5708475,44.3364491],[23.5706841,44.3362111],[23.5684524,44.3365645],[23.5648845,44.3367493],[23.5635861,44.336882],[23.5617128,44.3371843],[23.5600431,44.3373589],[23.5595708,44.3373552],[23.5577642,44.3340844],[23.5586728,44.3338113],[23.5593251,44.3337263],[23.5603151,44.3336885],[23.5608675,44.3347722],[23.5621808,44.3346087],[23.5624787,44.3354462],[23.5634823,44.3353341],[23.5641935,44.3351016],[23.5659285,44.3344113],[23.5665469,44.3343722],[23.5675462,44.3341863],[23.5696845,44.3337082],[23.5699351,44.3335998],[23.5697879,44.3329934],[23.5696008,44.3315887],[23.5687766,44.3231128],[23.5691146,44.3231841],[23.5712275,44.323176],[23.57755,44.3228202],[23.5823609,44.3227065],[23.588018,44.3229023],[23.5881151,44.3229583],[23.588876,44.3230592],[23.5981081,44.3233685],[23.6034284,44.3234858],[23.6037424,44.3267258],[23.6035928,44.3280993],[23.604094,44.3280876],[23.6041119,44.3286754],[23.6043337,44.3286607],[23.6043424,44.3309375],[23.6052896,44.3309036],[23.6117627,44.3302472],[23.6129254,44.3301759],[23.6158745,44.3298925],[23.6158668,44.3325771],[23.6172007,44.3326372],[23.617383,44.3329991],[23.6183144,44.3329591],[23.6183579,44.3331366],[23.6186032,44.3331853],[23.6193589,44.3331774],[23.6201246,44.3330841],[23.6195788,44.333631],[23.6194323,44.3347709],[23.6193378,44.3350665],[23.6198505,44.335244],[23.621401,44.3355941],[23.6220237,44.33583],[23.6264238,44.337756],[23.6282235,44.3386683],[23.6294209,44.3391567],[23.6304096,44.3393913],[23.6310845,44.3411233],[23.6324328,44.3439823],[23.6313139,44.3435349],[23.6310447,44.3434802],[23.6305271,44.3435082],[23.630533,44.3435939],[23.6306745,44.3436641],[23.6312369,44.3437623],[23.6312399,44.3439735],[23.6313952,44.3441352],[23.6313966,44.3444092],[23.6311794,44.3468724],[23.6309272,44.3481194],[23.6304872,44.3495725],[23.6333815,44.3509747],[23.6334788,44.3510643],[23.6333763,44.3522075],[23.6334094,44.3524905],[23.6336863,44.352725],[23.6344063,44.353062],[23.6354214,44.3533654],[23.6355423,44.3534696],[23.6367049,44.3537576],[23.637853,44.3541625],[23.6383443,44.3544139],[23.638677,44.3546434],[23.6395057,44.3549245],[23.6397923,44.3550878],[23.640282,44.3559185],[23.6404231,44.3563455],[23.640406,44.3563966],[23.6396692,44.3566168],[23.6410058,44.3575283],[23.6410345,44.3578683],[23.6407581,44.3581735],[23.6426476,44.3603644],[23.6454065,44.3655754],[23.6457961,44.366265],[23.6459058,44.3665176],[23.6447535,44.3667862],[23.6430896,44.3669888],[23.6414762,44.367075],[23.6406942,44.3671683],[23.6392312,44.3674588],[23.6384418,44.3675489],[23.6388638,44.3684927],[23.6400134,44.3684843],[23.6400095,44.3691659],[23.640101,44.3697396],[23.6400837,44.3709285],[23.6394601,44.3712632],[23.6380373,44.3718682],[23.635259,44.3735983],[23.633016,44.3748954],[23.6300331,44.3781927],[23.629603,44.3785414],[23.6291189,44.3791577]]]}},{"type":"Feature","properties":{"entity_id":"osm-r9697784","jurisdiction":"RO","display_name":"CERNĂTEȘTI","display_type":"commune","admin_level":8,"tier":"local","legal_registry":"SIRUTA","legal_id":"71723","legal_type":"commune","parent_catalog_id":"osm-r2366970","osm_relation_id":9697784,"legal_identity_status":"reconciled","geometry_source":"OpenStreetMap","geometry_precision":"master_coordinate_fidelity"},"geometry":{"type":"Polygon","coordinates":[[[23.3479254,44.4362828],[23.34831,44.4362214],[23.3499201,44.4362816],[23.3514685,44.4361245],[23.3526189,44.4359006],[23.3531421,44.4358991],[23.3539605,44.4361335],[23.3548969,44.4365555],[23.3554695,44.4367589],[23.355835,44.4367673],[23.3563506,44.4367322],[23.3574663,44.4365352],[23.3589499,44.4364105],[23.3596364,44.4361981],[23.3598319,44.4362009],[23.3599583,44.4362424],[23.360096,44.4364851],[23.3608713,44.4365939],[23.3611351,44.4367379],[23.3616407,44.4369068],[23.3620356,44.4369278],[23.3636356,44.4367469],[23.3642488,44.4367222],[23.3647644,44.4368364],[23.3654171,44.436916],[23.3662246,44.4369368],[23.3666822,44.4369983],[23.3670282,44.4370947],[23.367236,44.4372684],[23.3678893,44.4373266],[23.3696538,44.4377971],[23.3703103,44.4380443],[23.371862,44.4385238],[23.3723618,44.438598],[23.3730753,44.4386327],[23.3739153,44.4384072],[23.3739939,44.4383352],[23.3742918,44.4383273],[23.3749763,44.4384895],[23.3769081,44.4384565],[23.378453,44.4388749],[23.3793363,44.4389242],[23.3796997,44.4390086],[23.3800004,44.439208],[23.3809777,44.4392403],[23.3818816,44.4394666],[23.381989,44.4395778],[23.382166,44.4396352],[23.3825407,44.4396223],[23.3830449,44.4395382],[23.386562,44.4387903],[23.3884908,44.4385619],[23.3888766,44.4384516],[23.3895944,44.4383339],[23.3916814,44.4385344],[23.3925735,44.4385715],[23.393358,44.4385035],[23.3951797,44.4384564],[23.3964115,44.4382058],[23.3970339,44.4381537],[23.3977908,44.438006],[23.3988868,44.4378997],[23.4002753,44.4378281],[23.4009488,44.437929],[23.4019365,44.438199],[23.4037675,44.4384292],[23.4046452,44.4383746],[23.4051642,44.4382174],[23.4059413,44.4381065],[23.4073761,44.4382061],[23.4080086,44.4384039],[23.4088027,44.4384517],[23.4105631,44.4381567],[23.411145,44.4378754],[23.4127149,44.4369255],[23.4130105,44.4368504],[23.4136275,44.4368378],[23.4135476,44.4366508],[23.4142511,44.4351889],[23.4156185,44.4334042],[23.4164181,44.4333474],[23.4174401,44.4335337],[23.4196217,44.4335901],[23.4208274,44.4336873],[23.4211128,44.4336702],[23.4214087,44.4335824],[23.4226401,44.4334946],[23.4236206,44.4335389],[23.4246726,44.4335155],[23.4263537,44.4332329],[23.4272345,44.4332358],[23.4274918,44.4332017],[23.427861,44.4330102],[23.4288408,44.4328496],[23.429382,44.4328088],[23.4298309,44.4326893],[23.4329989,44.4323853],[23.4350481,44.4321036],[23.4352007,44.431951],[23.4352192,44.4317675],[23.4356019,44.4315987],[23.4369234,44.4311626],[23.4389604,44.4307363],[23.4401486,44.4305647],[23.4413368,44.4302322],[23.4423246,44.4301298],[23.4422919,44.4283427],[23.4464095,44.4279747],[23.4464678,44.4283315],[23.4468351,44.4288302],[23.4470467,44.4290165],[23.4474897,44.4297385],[23.4489887,44.4295882],[23.4505442,44.4295139],[23.451583,44.4293966],[23.4513483,44.4300514],[23.4512475,44.4306961],[23.4515025,44.4311542],[23.4520937,44.4315332],[23.4525231,44.4317186],[23.453271,44.4318604],[23.4551384,44.4319937],[23.4552206,44.4320427],[23.4551525,44.4321291],[23.4550435,44.4329037],[23.4554283,44.4327739],[23.4556577,44.4327511],[23.4561411,44.4325336],[23.4565604,44.4326859],[23.4571046,44.432748],[23.4574067,44.4327061],[23.4579473,44.432452],[23.4588915,44.4323267],[23.4594143,44.4321384],[23.4599134,44.4320878],[23.4602895,44.4319808],[23.4611519,44.4319087],[23.4628485,44.4316642],[23.4640347,44.4316266],[23.4647564,44.431446],[23.4654641,44.4313899],[23.4672461,44.4315263],[23.4680887,44.43165],[23.4693726,44.4316674],[23.4706306,44.4314826],[23.4714507,44.4312694],[23.4718885,44.4312977],[23.4730543,44.4310443],[23.4751389,44.4303995],[23.4768467,44.4300187],[23.4762963,44.4316531],[23.4759497,44.4316934],[23.4764484,44.4318426],[23.4770021,44.4318876],[23.4789695,44.4319292],[23.4798751,44.4321289],[23.4802093,44.4321634],[23.4811627,44.4321387],[23.4818251,44.4320352],[23.483623,44.4319452],[23.4848178,44.4316662],[23.4860896,44.4312234],[23.48831,44.4306457],[23.4891887,44.4305263],[23.4909613,44.4303939],[23.4917858,44.4303702],[23.4935767,44.4304636],[23.4943412,44.4305434],[23.4963601,44.4308914],[23.5021046,44.431315],[23.50578,44.4313724],[23.5070164,44.431354],[23.507939,44.4312882],[23.5086585,44.4311068],[23.5088299,44.4310194],[23.5091429,44.4310545],[23.5094724,44.4308728],[23.5094235,44.4306706],[23.5092016,44.4304583],[23.5091194,44.4302867],[23.5092459,44.4300015],[23.5098709,44.4275909],[23.5099738,44.4269565],[23.5101452,44.4242463],[23.5100787,44.4224796],[23.5122971,44.4221773],[23.5178268,44.4217212],[23.5182882,44.4217086],[23.5170818,44.4217886],[23.5197064,44.4216527],[23.5217443,44.4216475],[23.5216286,44.419376],[23.5229398,44.4195899],[23.5233461,44.4195888],[23.5237961,44.419525],[23.5242667,44.4192764],[23.5301039,44.4200562],[23.5321266,44.4203885],[23.5334987,44.4205603],[23.5354976,44.4209172],[23.5354039,44.4202072],[23.5366658,44.420094],[23.5368098,44.4214095],[23.5368907,44.4214506],[23.537586,44.4214997],[23.537584,44.4218732],[23.5378082,44.4218684],[23.5384874,44.4219653],[23.5397454,44.4219149],[23.5415746,44.4220908],[23.5433903,44.4220983],[23.5444906,44.4219729],[23.5484306,44.4208796],[23.5495644,44.4205253],[23.5500583,44.4203052],[23.5490786,44.419002],[23.5470356,44.4160064],[23.5464052,44.4147765],[23.5452918,44.413705],[23.5439222,44.4125301],[23.5442657,44.4125011],[23.5447641,44.4122025],[23.545088,44.4119387],[23.5456264,44.411773],[23.5459522,44.4118918],[23.5467812,44.4120101],[23.5471556,44.4122384],[23.5473205,44.4122349],[23.5476956,44.4120797],[23.5479112,44.412352],[23.5480388,44.4124216],[23.5483665,44.412462],[23.5486515,44.4127561],[23.5492392,44.4128888],[23.5499318,44.4128959],[23.5508301,44.4126813],[23.5515202,44.4127128],[23.5517112,44.4132666],[23.5521503,44.4138602],[23.5529648,44.4153656],[23.5555341,44.4182865],[23.5582133,44.4214903],[23.5599919,44.423468],[23.5602497,44.4238155],[23.5610901,44.4247081],[23.5623909,44.4258814],[23.56305,44.4255606],[23.5638003,44.4250734],[23.568028,44.4212648],[23.5708339,44.4188116],[23.5724104,44.4166346],[23.5731485,44.4157466],[23.5738258,44.4151089],[23.574252,44.4154843],[23.5745643,44.4156584],[23.5749208,44.4160457],[23.5753021,44.4162348],[23.5755226,44.4165211],[23.5759658,44.4168236],[23.5621665,44.4317626],[23.5466456,44.4398578],[23.5495398,44.4427294],[23.5493688,44.4429003],[23.5486949,44.4432933],[23.544947,44.4452942],[23.5433246,44.4463354],[23.5432059,44.446506],[23.5429855,44.4465837],[23.5428568,44.4467248],[23.541689,44.4472046],[23.5410964,44.4472859],[23.5404858,44.4474673],[23.5401834,44.4474411],[23.5397544,44.4475079],[23.5389384,44.4478202],[23.5381831,44.4481889],[23.5371037,44.4484698],[23.5364941,44.4486122],[23.5360677,44.4485733],[23.5346712,44.4487931],[23.5343655,44.4489004],[23.5329674,44.4491828],[23.5322281,44.4493791],[23.529746,44.4498171],[23.5285323,44.4501853],[23.5276413,44.4503852],[23.5247046,44.4512791],[23.5218784,44.4524053],[23.5212871,44.4527371],[23.5197388,44.4534181],[23.5196427,44.4535282],[23.51948,44.4535093],[23.519202,44.453745],[23.5183519,44.454168],[23.5168297,44.454738],[23.5165915,44.4549352],[23.5151005,44.4554884],[23.5146393,44.4556017],[23.5142365,44.4557583],[23.5135375,44.4560899],[23.512752,44.4566322],[23.5106336,44.4571326],[23.5101515,44.4571861],[23.5089379,44.4570464],[23.5060853,44.4566114],[23.5045184,44.4563264],[23.502755,44.4560646],[23.5027272,44.4559827],[23.5019157,44.4558648],[23.5008722,44.4559195],[23.5003768,44.4560887],[23.4998833,44.4561935],[23.4990483,44.4565126],[23.4984189,44.4566107],[23.4978137,44.4565976],[23.4951122,44.4563435],[23.4952947,44.4588134],[23.4944052,44.4587781],[23.4943783,44.4579299],[23.4942075,44.4579042],[23.4940095,44.4579776],[23.4937969,44.4579864],[23.4934715,44.4579353],[23.4933305,44.4580153],[23.4934247,44.4608347],[23.4905796,44.4613074],[23.4874086,44.4619896],[23.4871462,44.4610384],[23.4868989,44.4605204],[23.486699,44.4598937],[23.4872301,44.4597799],[23.4870729,44.4584334],[23.4866755,44.4585465],[23.4861926,44.4586118],[23.4849528,44.4586052],[23.4698409,44.4592061],[23.470589,44.4595107],[23.4722904,44.4598498],[23.4726003,44.4599505],[23.4728224,44.4601291],[23.4729037,44.4603013],[23.4728999,44.4604461],[23.4725257,44.4609193],[23.4724279,44.4611418],[23.4724465,44.4612605],[23.4728202,44.4614645],[23.4708411,44.4619404],[23.4698388,44.4622266],[23.4682082,44.4625167],[23.463981,44.4627339],[23.4611426,44.4630099],[23.4594259,44.4629743],[23.4580156,44.4630614],[23.4565921,44.4632772],[23.4549622,44.4637294],[23.4540451,44.463878],[23.4522408,44.4640939],[23.4500576,44.464283],[23.4473047,44.4647297],[23.4460449,44.4649923],[23.4452758,44.4652474],[23.4450294,44.4652867],[23.4425776,44.4661701],[23.4415185,44.4664747],[23.4393989,44.4669056],[23.4378892,44.4670887],[23.4371192,44.4672751],[23.4347725,44.4676338],[23.429946,44.4685704],[23.4271312,44.4690355],[23.4260055,44.4690556],[23.4237751,44.4689583],[23.4219471,44.468985],[23.4203485,44.4689498],[23.4164634,44.4690711],[23.4143392,44.4692168],[23.4135559,44.4693609],[23.4121101,44.4694743],[23.411479,44.4694821],[23.4107216,44.4694129],[23.4092107,44.4694167],[23.4073556,44.4693319],[23.4057815,44.4693223],[23.4027576,44.4693884],[23.4016739,44.4695026],[23.3985669,44.470284],[23.3865712,44.4728054],[23.3849672,44.4730777],[23.3830716,44.4735205],[23.3816119,44.4737877],[23.3734391,44.4756285],[23.371905,44.4758352],[23.3698464,44.476365],[23.3633136,44.4776881],[23.3625715,44.4739781],[23.3615387,44.4706424],[23.3611784,44.4692482],[23.360886,44.4675799],[23.3605402,44.4666094],[23.3599621,44.4643593],[23.3597544,44.4616816],[23.359964,44.4598932],[23.360067,44.4586762],[23.3600437,44.4582799],[23.3582507,44.4553173],[23.3573617,44.4549909],[23.3548793,44.4544103],[23.3536353,44.4540127],[23.352609,44.4532553],[23.3518082,44.4522621],[23.3515705,44.4521183],[23.3509139,44.4519835],[23.3508716,44.4519375],[23.3508613,44.4518806],[23.3512787,44.4517078],[23.3513224,44.4515637],[23.3508368,44.4500753],[23.350078,44.4480866],[23.349621,44.4452958],[23.3495264,44.4438565],[23.3492311,44.4421035],[23.3493046,44.4419479],[23.3489283,44.4394018],[23.3483143,44.4375204],[23.3479254,44.4362828]]]}},{"type":"Feature","properties":{"entity_id":"osm-r9697785","jurisdiction":"RO","display_name":"SOPOT","display_type":"commune","admin_level":8,"tier":"local","legal_registry":"SIRUTA","legal_id":"74242","legal_type":"commune","parent_catalog_id":"osm-r2366970","osm_relation_id":9697785,"legal_identity_status":"reconciled","geometry_source":"OpenStreetMap","geometry_precision":"master_coordinate_fidelity"},"geometry":{"type":"Polygon","coordinates":[[[23.4986049,44.3741131],[23.4985635,44.3743972],[23.5007043,44.3746364],[23.5007124,44.374328],[23.5023237,44.3742888],[23.5040274,44.3743259],[23.5043088,44.3743658],[23.5046317,44.3735819],[23.5053071,44.3739886],[23.5067398,44.3745427],[23.5069808,44.3745719],[23.5074487,44.3742314],[23.5077762,44.3741838],[23.5081127,44.3742576],[23.5084093,44.3744695],[23.5084286,44.3746605],[23.5088457,44.3744146],[23.5204336,44.3735093],[23.520598,44.3703661],[23.5247101,44.3706887],[23.5268661,44.3709596],[23.5286301,44.371442],[23.5304883,44.372021],[23.5394204,44.3673862],[23.5402496,44.3670537],[23.540991,44.3665811],[23.5414308,44.3666681],[23.5417923,44.3659352],[23.5413523,44.3653824],[23.5406714,44.364834],[23.5400013,44.3640973],[23.5394244,44.3636175],[23.5393754,44.3635237],[23.5397551,44.3635589],[23.5402457,44.3635089],[23.5411485,44.3629226],[23.5422144,44.362334],[23.542666,44.3621492],[23.5435891,44.3619531],[23.5448119,44.3616093],[23.5452867,44.3615851],[23.5464989,44.3619041],[23.5476258,44.362495],[23.5496156,44.36324],[23.5507212,44.36372],[23.5509765,44.3638967],[23.5513095,44.3639855],[23.5516253,44.3641629],[23.5520019,44.3644429],[23.5522751,44.3647497],[23.5539796,44.366284],[23.5544817,44.3669838],[23.5551895,44.3676658],[23.5555877,44.368447],[23.5555975,44.3685638],[23.5560698,44.3684856],[23.5567904,44.3684443],[23.5577726,44.3682042],[23.5583472,44.3681683],[23.5589887,44.3680682],[23.559697,44.3681169],[23.5612091,44.3680171],[23.5614112,44.3732535],[23.562749,44.372833],[23.5632171,44.3764537],[23.5648517,44.3765712],[23.5653997,44.3763904],[23.5658173,44.3763958],[23.5666296,44.3763122],[23.5673146,44.3761687],[23.5678364,44.3761342],[23.5692603,44.3758257],[23.5694732,44.3758166],[23.5695191,44.375828],[23.5697056,44.3759056],[23.5700082,44.3758804],[23.5700916,44.3759965],[23.5699673,44.3763685],[23.5700217,44.3764503],[23.5699976,44.3765973],[23.5701609,44.3770561],[23.5702953,44.3772273],[23.5703094,44.377489],[23.5702049,44.3775613],[23.5699525,44.3775913],[23.5697239,44.3776952],[23.5698462,44.3779435],[23.5695847,44.3781318],[23.568819,44.3783578],[23.5689135,44.3784842],[23.5689351,44.3786502],[23.5688733,44.3788631],[23.5686306,44.3791252],[23.5682318,44.3790502],[23.568087,44.3790889],[23.5678712,44.3792998],[23.5677629,44.3793168],[23.5677082,44.3792461],[23.5673913,44.3791832],[23.5673084,44.3792116],[23.5672505,44.3792698],[23.567346,44.379352],[23.567356,44.3795732],[23.5672975,44.3796535],[23.566985,44.3798263],[23.5668554,44.3798762],[23.5667285,44.3798157],[23.566705,44.3799332],[23.5665417,44.3798943],[23.5664054,44.3797968],[23.5662591,44.3798981],[23.5662367,44.3799715],[23.5658858,44.380037],[23.5653148,44.3802803],[23.5668354,44.3817047],[23.5674435,44.3824167],[23.5684719,44.3834661],[23.5684455,44.387024],[23.5685107,44.3889586],[23.5665562,44.3892653],[23.5661651,44.3892935],[23.5646865,44.3895694],[23.559875,44.3903147],[23.5592921,44.3905154],[23.5591764,44.3905818],[23.5589897,44.3909001],[23.5573585,44.3926603],[23.5559081,44.3936528],[23.5557293,44.39382],[23.5550668,44.3946311],[23.5545867,44.3955458],[23.5546877,44.3958234],[23.5560645,44.3981966],[23.5580503,44.4023199],[23.5584637,44.4033584],[23.5587089,44.4038275],[23.5595985,44.4050217],[23.5612023,44.4069738],[23.5626962,44.4089967],[23.5631541,44.4094887],[23.5631875,44.4096973],[23.5639588,44.4107345],[23.5630488,44.4107269],[23.5620999,44.4108622],[23.5613339,44.4110808],[23.5612495,44.4111681],[23.560848,44.4111924],[23.5604605,44.4114822],[23.5600978,44.4116028],[23.5593945,44.411778],[23.5577447,44.4119926],[23.5572175,44.4121111],[23.5569115,44.4124314],[23.5555065,44.4127154],[23.5553086,44.4128234],[23.5550199,44.4128566],[23.5546106,44.412785],[23.5518447,44.4127546],[23.5515202,44.4127128],[23.5508301,44.4126813],[23.5499318,44.4128959],[23.5492392,44.4128888],[23.5486515,44.4127561],[23.5483665,44.412462],[23.5480388,44.4124216],[23.5479112,44.412352],[23.5476956,44.4120797],[23.5473205,44.4122349],[23.5471556,44.4122384],[23.5467812,44.4120101],[23.5459522,44.4118918],[23.5456264,44.411773],[23.545088,44.4119387],[23.5447641,44.4122025],[23.5442657,44.4125011],[23.5439222,44.4125301],[23.5452918,44.413705],[23.5464052,44.4147765],[23.5470356,44.4160064],[23.5490786,44.419002],[23.5500583,44.4203052],[23.5495644,44.4205253],[23.5484306,44.4208796],[23.5444906,44.4219729],[23.5433903,44.4220983],[23.5415746,44.4220908],[23.5397454,44.4219149],[23.5384874,44.4219653],[23.5378082,44.4218684],[23.537584,44.4218732],[23.537586,44.4214997],[23.5368907,44.4214506],[23.5368098,44.4214095],[23.5366658,44.420094],[23.5354039,44.4202072],[23.5354976,44.4209172],[23.5334987,44.4205603],[23.5321266,44.4203885],[23.5301039,44.4200562],[23.5242667,44.4192764],[23.5237961,44.419525],[23.5233461,44.4195888],[23.5229398,44.4195899],[23.5216286,44.419376],[23.5217443,44.4216475],[23.5197064,44.4216527],[23.5170818,44.4217886],[23.5182882,44.4217086],[23.5178268,44.4217212],[23.5122971,44.4221773],[23.5100787,44.4224796],[23.5101452,44.4242463],[23.5099738,44.4269565],[23.5098709,44.4275909],[23.5092459,44.4300015],[23.5091194,44.4302867],[23.5092016,44.4304583],[23.5094235,44.4306706],[23.5094724,44.4308728],[23.5091429,44.4310545],[23.5088299,44.4310194],[23.5086585,44.4311068],[23.507939,44.4312882],[23.5070164,44.431354],[23.50578,44.4313724],[23.5021046,44.431315],[23.4963601,44.4308914],[23.4943412,44.4305434],[23.4935767,44.4304636],[23.4917858,44.4303702],[23.4909613,44.4303939],[23.4891887,44.4305263],[23.48831,44.4306457],[23.4860896,44.4312234],[23.4848178,44.4316662],[23.483623,44.4319452],[23.4818251,44.4320352],[23.4811627,44.4321387],[23.4802093,44.4321634],[23.4798751,44.4321289],[23.4789695,44.4319292],[23.4770021,44.4318876],[23.4764484,44.4318426],[23.4759497,44.4316934],[23.4762963,44.4316531],[23.4768467,44.4300187],[23.4751389,44.4303995],[23.4730543,44.4310443],[23.4718885,44.4312977],[23.4714507,44.4312694],[23.4706306,44.4314826],[23.4693726,44.4316674],[23.4680887,44.43165],[23.4672461,44.4315263],[23.4654641,44.4313899],[23.4647564,44.431446],[23.4640347,44.4316266],[23.4628485,44.4316642],[23.4611519,44.4319087],[23.4602895,44.4319808],[23.4599134,44.4320878],[23.4594143,44.4321384],[23.4588915,44.4323267],[23.4579473,44.432452],[23.4574067,44.4327061],[23.4571046,44.432748],[23.4565604,44.4326859],[23.4561411,44.4325336],[23.4556577,44.4327511],[23.4554283,44.4327739],[23.4550435,44.4329037],[23.4551525,44.4321291],[23.4552206,44.4320427],[23.4551384,44.4319937],[23.453271,44.4318604],[23.4525231,44.4317186],[23.4520937,44.4315332],[23.4515025,44.4311542],[23.4512475,44.4306961],[23.4513483,44.4300514],[23.451583,44.4293966],[23.4505442,44.4295139],[23.4489887,44.4295882],[23.4474897,44.4297385],[23.4470467,44.4290165],[23.4468351,44.4288302],[23.4464678,44.4283315],[23.4464095,44.4279747],[23.4422919,44.4283427],[23.4422841,44.42739],[23.438082,44.4270874],[23.4367121,44.4271111],[23.4354331,44.4272335],[23.4328605,44.42699],[23.4328245,44.4232552],[23.4312274,44.4233234],[23.430587,44.4231072],[23.4304483,44.4232028],[23.4297323,44.423266],[23.4290886,44.4231717],[23.4284131,44.4229916],[23.4275733,44.422602],[23.4270676,44.4224365],[23.4270153,44.4223376],[23.4266873,44.4221062],[23.4264425,44.4220524],[23.4259677,44.4220458],[23.4257415,44.4219544],[23.4255499,44.4216261],[23.4261114,44.4213262],[23.4268817,44.4211419],[23.4268027,44.4209214],[23.4267037,44.4208103],[23.4257047,44.4212717],[23.4255977,44.4214531],[23.4249123,44.4213277],[23.4247873,44.4212345],[23.4247736,44.4211124],[23.4248633,44.4209431],[23.4249793,44.4207436],[23.4253488,44.4206025],[23.4257413,44.4205531],[23.4260195,44.4206423],[23.4260519,44.4203868],[23.4263724,44.4201719],[23.4263162,44.4200492],[23.4266517,44.4199076],[23.4270274,44.419852],[23.4270209,44.4197787],[23.426794,44.419678],[23.4268515,44.4194412],[23.4269735,44.4193332],[23.427196,44.4192814],[23.4273006,44.4191854],[23.4272951,44.4190756],[23.4268791,44.4187407],[23.426882,44.4186311],[23.4255534,44.4190208],[23.4251967,44.4190036],[23.4246018,44.4193061],[23.4239417,44.4191872],[23.4233079,44.4187334],[23.422761,44.4185186],[23.4223682,44.4185801],[23.421972,44.4187635],[23.4216242,44.4187342],[23.4216433,44.4186553],[23.4219558,44.418422],[23.4225582,44.4181622],[23.423003,44.4180649],[23.4229546,44.4179667],[23.4221573,44.4182054],[23.4218008,44.4181821],[23.4217773,44.4177978],[23.4215516,44.4176545],[23.421446,44.4174763],[23.4215001,44.4170504],[23.421481,44.4155692],[23.4205074,44.4157262],[23.4198394,44.4158997],[23.417295,44.4169061],[23.4162999,44.4172273],[23.4156674,44.4173464],[23.4152841,44.4173714],[23.4143504,44.4173095],[23.4128038,44.4169647],[23.4123148,44.4168116],[23.4116712,44.4167172],[23.4100844,44.4165972],[23.4086302,44.4159855],[23.4078443,44.4158099],[23.4069078,44.4158515],[23.4046732,44.4161001],[23.4000488,44.4161161],[23.3988291,44.4159614],[23.3982929,44.4157597],[23.397951,44.4157028],[23.3959444,44.4155771],[23.393346,44.4151826],[23.3876804,44.4144819],[23.3891369,44.4098769],[23.3896581,44.4066828],[23.3900508,44.4067591],[23.3901388,44.4069792],[23.3913774,44.4072145],[23.3914067,44.406981],[23.391755,44.4070131],[23.3917597,44.4071166],[23.3916116,44.4072559],[23.391771,44.4075302],[23.3923624,44.4078324],[23.392742,44.4078323],[23.3931585,44.4077661],[23.3932223,44.4078156],[23.3934581,44.4078138],[23.3935102,44.4079098],[23.3935725,44.40792],[23.3934547,44.4080322],[23.3935052,44.4080909],[23.3938096,44.4080168],[23.3938055,44.4077907],[23.3940746,44.407675],[23.3941056,44.4075932],[23.3942827,44.4075042],[23.3941483,44.4076518],[23.3941134,44.4081575],[23.3942046,44.4081588],[23.3942676,44.4082344],[23.3943028,44.4084702],[23.3945455,44.4085189],[23.3961088,44.4080014],[23.3969501,44.4075554],[23.3979452,44.4073263],[23.3982185,44.4071942],[23.398239,44.4068152],[23.3987032,44.406643],[23.3988168,44.4065404],[23.3989746,44.402574],[23.3988833,44.4015525],[23.3994759,44.4013604],[23.4011477,44.4010571],[23.401998,44.4010307],[23.4034156,44.4008649],[23.4039527,44.4008469],[23.4046132,44.4008948],[23.405991,44.4005488],[23.4081159,44.4003545],[23.4081019,44.3988697],[23.4092951,44.39843],[23.409855,44.3972759],[23.4215061,44.3986261],[23.4226002,44.3988402],[23.4237077,44.3988942],[23.424403,44.3989744],[23.4276903,44.3994371],[23.432141,44.4002045],[23.4344144,44.4004669],[23.4391514,44.4005711],[23.4439362,44.4005604],[23.4439522,44.4006312],[23.443451,44.4016437],[23.4472718,44.4012348],[23.4510234,44.4007351],[23.4522325,44.4006684],[23.4527008,44.4005466],[23.4562713,44.4001275],[23.4572323,44.399974],[23.4582633,44.3998791],[23.458767,44.3997706],[23.4616605,44.3995858],[23.4649144,44.3992968],[23.4653376,44.3991871],[23.4656232,44.3992103],[23.4668866,44.3991185],[23.4683714,44.3991066],[23.4700018,44.3990006],[23.4714762,44.3990462],[23.4739305,44.3988936],[23.4748041,44.3990016],[23.4819787,44.3989062],[23.4854986,44.3990433],[23.4884343,44.3990892],[23.4884846,44.3982462],[23.4882119,44.3956933],[23.4879319,44.3915785],[23.4876284,44.3886283],[23.4869126,44.3846931],[23.4862002,44.3825121],[23.486314,44.38187],[23.4864783,44.3814947],[23.4865961,44.3809737],[23.4866859,44.3803014],[23.4869407,44.3799006],[23.487021,44.3793018],[23.4871076,44.3790272],[23.4872337,44.3788496],[23.4873543,44.377654],[23.4875618,44.37724],[23.487941,44.3757256],[23.4881862,44.3752352],[23.4904946,44.3744711],[23.4915231,44.3743647],[23.4923404,44.3742154],[23.4924623,44.3744565],[23.4954422,44.3743638],[23.4954638,44.3745029],[23.4969057,44.374207],[23.4969421,44.3742557],[23.4973927,44.3741302],[23.4973222,44.3740052],[23.4976012,44.3739378],[23.4974131,44.3737061],[23.4979348,44.3739279],[23.4986049,44.3741131]]]}},{"type":"Feature","properties":{"entity_id":"osm-r9697786","jurisdiction":"RO","display_name":"PLEȘOI","display_type":"commune","admin_level":8,"tier":"local","legal_registry":"SIRUTA","legal_id":"74931","legal_type":"commune","parent_catalog_id":"osm-r2366970","osm_relation_id":9697786,"legal_identity_status":"reconciled","geometry_source":"OpenStreetMap","geometry_precision":"master_coordinate_fidelity"},"geometry":{"type":"Polygon","coordinates":[[[23.5695191,44.375828],[23.5694732,44.3758166],[23.5692603,44.3758257],[23.5678364,44.3761342],[23.5673146,44.3761687],[23.5666296,44.3763122],[23.5658173,44.3763958],[23.5653997,44.3763904],[23.5648517,44.3765712],[23.5632171,44.3764537],[23.562749,44.372833],[23.5614112,44.3732535],[23.5612091,44.3680171],[23.559697,44.3681169],[23.5589887,44.3680682],[23.5583472,44.3681683],[23.5577726,44.3682042],[23.5567904,44.3684443],[23.5560698,44.3684856],[23.5555975,44.3685638],[23.5555877,44.368447],[23.5551895,44.3676658],[23.5544817,44.3669838],[23.5539796,44.366284],[23.5522751,44.3647497],[23.5520019,44.3644429],[23.5516253,44.3641629],[23.5513095,44.3639855],[23.5509765,44.3638967],[23.5507212,44.36372],[23.5496156,44.36324],[23.5476258,44.362495],[23.5464989,44.3619041],[23.5452867,44.3615851],[23.5448119,44.3616093],[23.5435891,44.3619531],[23.542666,44.3621492],[23.5422144,44.362334],[23.5411485,44.3629226],[23.5402457,44.3635089],[23.5397551,44.3635589],[23.5393754,44.3635237],[23.5394244,44.3636175],[23.5400013,44.3640973],[23.5406714,44.364834],[23.5413523,44.3653824],[23.5417923,44.3659352],[23.5414308,44.3666681],[23.540991,44.3665811],[23.5402496,44.3670537],[23.5394204,44.3673862],[23.5304883,44.372021],[23.5286301,44.371442],[23.5268661,44.3709596],[23.5247101,44.3706887],[23.520598,44.3703661],[23.5204336,44.3735093],[23.5088457,44.3744146],[23.5084286,44.3746605],[23.5084093,44.3744695],[23.5081127,44.3742576],[23.5077762,44.3741838],[23.5074487,44.3742314],[23.5069808,44.3745719],[23.5067398,44.3745427],[23.5053071,44.3739886],[23.5046317,44.3735819],[23.5043088,44.3743658],[23.5040274,44.3743259],[23.5023237,44.3742888],[23.5007124,44.374328],[23.5007043,44.3746364],[23.4985635,44.3743972],[23.4986049,44.3741131],[23.4986661,44.3739921],[23.4988507,44.3739401],[23.4989162,44.3738256],[23.4990083,44.3724029],[23.4981749,44.3721147],[23.4974555,44.3718971],[23.4953299,44.371392],[23.4913782,44.3704811],[23.4906083,44.3703495],[23.4880145,44.3701933],[23.4864616,44.3699731],[23.4852011,44.3700336],[23.4850435,44.367696],[23.4846018,44.3675263],[23.4844897,44.3672691],[23.4845967,44.3671534],[23.4847764,44.3671025],[23.4848506,44.366892],[23.4849181,44.3661562],[23.4849606,44.3649954],[23.4848278,44.3640662],[23.4848997,44.3631658],[23.4844535,44.3631338],[23.4846875,44.3611175],[23.4849584,44.3595351],[23.484904,44.3579222],[23.484904,44.3533027],[23.4850435,44.3527191],[23.4862332,44.3528585],[23.4868997,44.3530408],[23.4874842,44.3532797],[23.4884181,44.3535041],[23.4919223,44.3540132],[23.4926992,44.3540814],[23.493841,44.3543081],[23.4955491,44.3547926],[23.4958598,44.3547968],[23.4965897,44.3549021],[23.4970069,44.3550828],[23.4969455,44.354453],[23.4969518,44.3533401],[23.4966563,44.3533185],[23.4963624,44.353232],[23.496282,44.3531601],[23.4962224,44.3528391],[23.4961408,44.3527253],[23.4960625,44.3515542],[23.4958719,44.3509883],[23.4952899,44.3459536],[23.4950655,44.3457599],[23.4949869,44.3450655],[23.4950413,44.3443642],[23.4950041,44.343939],[23.494794,44.3431909],[23.4948207,44.3426278],[23.4947618,44.342107],[23.4944233,44.3411803],[23.494144,44.3401168],[23.4939489,44.3387654],[23.4928982,44.3358085],[23.4940899,44.3335697],[23.4928212,44.3331367],[23.4921374,44.3329628],[23.4910815,44.332706],[23.490143,44.3325764],[23.4892795,44.3323481],[23.4883491,44.3323703],[23.4863739,44.3321748],[23.4837897,44.332179],[23.4833963,44.332217],[23.4828117,44.3321788],[23.4815301,44.3278151],[23.482777,44.3234574],[23.4810649,44.3187598],[23.4844428,44.3183457],[23.4927165,44.3176549],[23.5034204,44.3168738],[23.5020774,44.3115216],[23.5026141,44.3114242],[23.5038101,44.3121199],[23.5065617,44.3127492],[23.5086242,44.312794],[23.5095847,44.3122663],[23.510658,44.3120713],[23.511364,44.3119935],[23.5132248,44.3123318],[23.5138563,44.3123227],[23.5146406,44.3120367],[23.5161718,44.3119698],[23.517625,44.312111],[23.5190623,44.3119207],[23.5203858,44.3114325],[23.5213345,44.3113579],[23.5225728,44.3113567],[23.5230132,44.311223],[23.5230025,44.3116412],[23.5235223,44.3122059],[23.5242883,44.3126343],[23.5252123,44.3135355],[23.5267643,44.3145669],[23.5287258,44.3157256],[23.5297832,44.3161578],[23.5300603,44.3167193],[23.5300921,44.3173821],[23.5306535,44.3182262],[23.5312453,44.3188267],[23.5314836,44.3199629],[23.5317533,44.3217794],[23.5325112,44.3234976],[23.5326379,44.3242489],[23.5322892,44.324593],[23.5322088,44.3248883],[23.532253,44.3250632],[23.5326856,44.3252431],[23.5328789,44.3252805],[23.5367665,44.3242329],[23.5376691,44.3240703],[23.5428738,44.3218192],[23.5444712,44.3220317],[23.5451804,44.3218316],[23.5487002,44.3218771],[23.5506092,44.3222503],[23.5533471,44.3224947],[23.5550447,44.3225862],[23.5610288,44.3231509],[23.5620336,44.3227802],[23.5633536,44.3224309],[23.5678825,44.3229244],[23.5687766,44.3231128],[23.5696008,44.3315887],[23.5697879,44.3329934],[23.5699351,44.3335998],[23.5696845,44.3337082],[23.5675462,44.3341863],[23.5665469,44.3343722],[23.5659285,44.3344113],[23.5641935,44.3351016],[23.5634823,44.3353341],[23.5624787,44.3354462],[23.5621808,44.3346087],[23.5608675,44.3347722],[23.5603151,44.3336885],[23.5593251,44.3337263],[23.5586728,44.3338113],[23.5577642,44.3340844],[23.5595708,44.3373552],[23.5600431,44.3373589],[23.5617128,44.3371843],[23.5635861,44.336882],[23.5648845,44.3367493],[23.5684524,44.3365645],[23.5706841,44.3362111],[23.5708475,44.3364491],[23.5710772,44.3370142],[23.5712836,44.3372735],[23.5719476,44.3391697],[23.572305,44.3395651],[23.5726436,44.3401683],[23.5725995,44.3405663],[23.5727972,44.3409539],[23.5736182,44.3422804],[23.5740434,44.3431119],[23.5750813,44.3447095],[23.5757413,44.3459081],[23.5779424,44.346301],[23.578077,44.3488684],[23.578304,44.3505754],[23.5780358,44.350522],[23.5712419,44.349919],[23.5708137,44.3526491],[23.5724428,44.3527896],[23.5765074,44.3533572],[23.5775201,44.353306],[23.578316,44.3529959],[23.5785129,44.352849],[23.5790819,44.3567846],[23.5802747,44.3579122],[23.5815581,44.3589771],[23.5831596,44.3606861],[23.5820763,44.3606454],[23.5827991,44.3638705],[23.5833886,44.365906],[23.5842283,44.3691786],[23.5848977,44.3721647],[23.5832252,44.3717907],[23.5771995,44.3702804],[23.5794964,44.3749654],[23.5736932,44.3753266],[23.5695689,44.375737],[23.5695191,44.375828]]]}},{"type":"Feature","properties":{"entity_id":"osm-r9697787","jurisdiction":"RO","display_name":"BRABOVA","display_type":"commune","admin_level":8,"tier":"local","legal_registry":"SIRUTA","legal_id":"70986","legal_type":"commune","parent_catalog_id":"osm-r2366970","osm_relation_id":9697787,"legal_identity_status":"reconciled","geometry_source":"OpenStreetMap","geometry_precision":"master_coordinate_fidelity"},"geometry":{"type":"Polygon","coordinates":[[[23.3899926,44.3265951],[23.3922541,44.3263989],[23.4048812,44.3253587],[23.4100882,44.3248646],[23.4108107,44.3248657],[23.4148881,44.3245534],[23.4150877,44.3245875],[23.4157508,44.3245718],[23.4159885,44.3244876],[23.4164435,44.3244252],[23.4178316,44.3243572],[23.418523,44.3242605],[23.4314418,44.3233296],[23.4360184,44.322854],[23.4406252,44.3225593],[23.4469627,44.3220372],[23.4517364,44.3217662],[23.4560244,44.3214186],[23.4601122,44.3209383],[23.4744714,44.3199998],[23.4749391,44.319936],[23.4751448,44.3198309],[23.4752908,44.3197089],[23.4753022,44.3195634],[23.475216,44.3194112],[23.4810649,44.3187598],[23.482777,44.3234574],[23.4815301,44.3278151],[23.4828117,44.3321788],[23.4833963,44.332217],[23.4837897,44.332179],[23.4863739,44.3321748],[23.4883491,44.3323703],[23.4892795,44.3323481],[23.490143,44.3325764],[23.4910815,44.332706],[23.4921374,44.3329628],[23.4928212,44.3331367],[23.4940899,44.3335697],[23.4928982,44.3358085],[23.4939489,44.3387654],[23.494144,44.3401168],[23.4944233,44.3411803],[23.4947618,44.342107],[23.4948207,44.3426278],[23.494794,44.3431909],[23.4950041,44.343939],[23.4950413,44.3443642],[23.4949869,44.3450655],[23.4950655,44.3457599],[23.4952899,44.3459536],[23.4958719,44.3509883],[23.4960625,44.3515542],[23.4961408,44.3527253],[23.4962224,44.3528391],[23.496282,44.3531601],[23.4963624,44.353232],[23.4966563,44.3533185],[23.4969518,44.3533401],[23.4969455,44.354453],[23.4970069,44.3550828],[23.4965897,44.3549021],[23.4958598,44.3547968],[23.4955491,44.3547926],[23.493841,44.3543081],[23.4926992,44.3540814],[23.4919223,44.3540132],[23.4884181,44.3535041],[23.4874842,44.3532797],[23.4868997,44.3530408],[23.4862332,44.3528585],[23.4850435,44.3527191],[23.484904,44.3533027],[23.484904,44.3579222],[23.4849584,44.3595351],[23.4846875,44.3611175],[23.4844535,44.3631338],[23.4848997,44.3631658],[23.4848278,44.3640662],[23.4849606,44.3649954],[23.4849181,44.3661562],[23.4848506,44.366892],[23.4847764,44.3671025],[23.4845967,44.3671534],[23.4844897,44.3672691],[23.4846018,44.3675263],[23.4850435,44.367696],[23.4852011,44.3700336],[23.4864616,44.3699731],[23.4880145,44.3701933],[23.4906083,44.3703495],[23.4913782,44.3704811],[23.4953299,44.371392],[23.4974555,44.3718971],[23.4981749,44.3721147],[23.4990083,44.3724029],[23.4989162,44.3738256],[23.4988507,44.3739401],[23.4986661,44.3739921],[23.4986049,44.3741131],[23.4979348,44.3739279],[23.4974131,44.3737061],[23.4976012,44.3739378],[23.4973222,44.3740052],[23.4973927,44.3741302],[23.4969421,44.3742557],[23.4969057,44.374207],[23.4954638,44.3745029],[23.4954422,44.3743638],[23.4924623,44.3744565],[23.4923404,44.3742154],[23.4915231,44.3743647],[23.4904946,44.3744711],[23.4881862,44.3752352],[23.487941,44.3757256],[23.4875618,44.37724],[23.4873543,44.377654],[23.4872337,44.3788496],[23.4871076,44.3790272],[23.487021,44.3793018],[23.4869407,44.3799006],[23.4866859,44.3803014],[23.4865961,44.3809737],[23.4864783,44.3814947],[23.486314,44.38187],[23.4862002,44.3825121],[23.4869126,44.3846931],[23.4876284,44.3886283],[23.4879319,44.3915785],[23.4882119,44.3956933],[23.4884846,44.3982462],[23.4884343,44.3990892],[23.4854986,44.3990433],[23.4819787,44.3989062],[23.4748041,44.3990016],[23.4739305,44.3988936],[23.4714762,44.3990462],[23.4700018,44.3990006],[23.4683714,44.3991066],[23.4668866,44.3991185],[23.4656232,44.3992103],[23.4653376,44.3991871],[23.4649144,44.3992968],[23.4616605,44.3995858],[23.458767,44.3997706],[23.4582633,44.3998791],[23.4572323,44.399974],[23.4562713,44.4001275],[23.4527008,44.4005466],[23.4522325,44.4006684],[23.4510234,44.4007351],[23.4472718,44.4012348],[23.443451,44.4016437],[23.4439522,44.4006312],[23.4439362,44.4005604],[23.4391514,44.4005711],[23.4344144,44.4004669],[23.432141,44.4002045],[23.4276903,44.3994371],[23.424403,44.3989744],[23.4237077,44.3988942],[23.4226002,44.3988402],[23.4215061,44.3986261],[23.409855,44.3972759],[23.4092951,44.39843],[23.4081019,44.3988697],[23.4081159,44.4003545],[23.405991,44.4005488],[23.4046132,44.4008948],[23.4039527,44.4008469],[23.4034156,44.4008649],[23.401998,44.4010307],[23.4011477,44.4010571],[23.3994759,44.4013604],[23.3988833,44.4015525],[23.3986381,44.3983208],[23.3978598,44.3982977],[23.393627,44.3983818],[23.3839952,44.3991278],[23.3821167,44.3992918],[23.3794176,44.399617],[23.3791229,44.3951413],[23.3800543,44.3949719],[23.3799725,44.3938936],[23.3814599,44.3935782],[23.3813563,44.3912556],[23.3799692,44.3913149],[23.3797698,44.3874997],[23.3853905,44.3869862],[23.3839576,44.3824897],[23.3817821,44.373492],[23.3800923,44.367518],[23.3795973,44.3653051],[23.3783975,44.3652874],[23.3782989,44.3642125],[23.3783236,44.3631464],[23.3788077,44.362697],[23.3786138,44.3625541],[23.3786422,44.3623253],[23.3785513,44.3614493],[23.3788337,44.3610247],[23.3789573,44.3605483],[23.3790954,44.3603408],[23.3794334,44.3600809],[23.3794687,44.3600023],[23.3797036,44.3593242],[23.3799432,44.3582486],[23.3801285,44.3579056],[23.3801711,44.3560355],[23.3800215,44.3544591],[23.3724298,44.3549269],[23.3615672,44.3557752],[23.3584432,44.3559599],[23.3577891,44.3560562],[23.3556433,44.3562528],[23.3552303,44.3553167],[23.3547481,44.3544464],[23.3541686,44.3524834],[23.3540925,44.3516581],[23.3538684,44.350513],[23.3533453,44.3490504],[23.353106,44.3486647],[23.3528658,44.3480857],[23.3526034,44.3469354],[23.3520543,44.345035],[23.3508399,44.3419416],[23.3501026,44.3403469],[23.3500562,44.339499],[23.3498881,44.3390914],[23.3496323,44.3381622],[23.3492416,44.3376914],[23.3438779,44.338991],[23.342376,44.3334297],[23.3459809,44.3322632],[23.3486846,44.3315879],[23.3514741,44.3313116],[23.3532539,44.3307754],[23.3533332,44.3307695],[23.3566963,44.330663],[23.358039,44.3306793],[23.3591145,44.3306408],[23.3595893,44.330685],[23.3603225,44.3305874],[23.3608492,44.3306255],[23.3622787,44.3305685],[23.3630594,44.3306273],[23.3690398,44.3304537],[23.3698095,44.3304006],[23.3708698,44.3304024],[23.3731257,44.3302828],[23.3734501,44.3303112],[23.3748468,44.3300811],[23.3756105,44.3299027],[23.3777089,44.3293512],[23.3803652,44.3287332],[23.3809414,44.3285182],[23.3818193,44.3282975],[23.3843894,44.3277256],[23.3877865,44.3268982],[23.3893113,44.3266291],[23.3899926,44.3265951]]]}},{"type":"Feature","properties":{"entity_id":"osm-r9697788","jurisdiction":"RO","display_name":"SEACA DE PĂDURE","display_type":"commune","admin_level":8,"tier":"local","legal_registry":"SIRUTA","legal_id":"74135","legal_type":"commune","parent_catalog_id":"osm-r2366970","osm_relation_id":9697788,"legal_identity_status":"reconciled","geometry_source":"OpenStreetMap","geometry_precision":"master_coordinate_fidelity"},"geometry":{"type":"Polygon","coordinates":[[[23.2173975,44.3865157],[23.2173779,44.3860334],[23.2175314,44.3854695],[23.2179116,44.381696],[23.2182223,44.379535],[23.2180469,44.3773614],[23.2181832,44.3756537],[23.2181405,44.3755293],[23.2185124,44.3753122],[23.2189647,44.375152],[23.2191089,44.3748893],[23.2199911,44.3743524],[23.2207898,44.3736817],[23.222837,44.3728913],[23.2234536,44.3725561],[23.2237926,44.3722826],[23.2247404,44.3718234],[23.225008,44.3716603],[23.2253427,44.371305],[23.2263623,44.3706437],[23.2262936,44.3703748],[23.2269374,44.3697942],[23.227937,44.3694239],[23.2283059,44.3692092],[23.2285489,44.3688034],[23.2287119,44.367782],[23.2294115,44.3678765],[23.2295284,44.367761],[23.2297316,44.367701],[23.229932,44.3677312],[23.2301413,44.3676057],[23.2303546,44.3675826],[23.2303558,44.3675416],[23.2302335,44.3675309],[23.2296118,44.3676735],[23.2292513,44.3676972],[23.2289284,44.3675602],[23.2289,44.367419],[23.2291059,44.3667485],[23.2294438,44.3664702],[23.2295953,44.3665435],[23.2295481,44.366653],[23.2300446,44.3665742],[23.230797,44.3660268],[23.2311778,44.366143],[23.2315211,44.366046],[23.2318344,44.365854],[23.2318707,44.3657443],[23.2320619,44.3655977],[23.2324735,44.3654229],[23.2326092,44.3652912],[23.2327202,44.3652535],[23.2327933,44.3650184],[23.2326623,44.3649927],[23.2325247,44.3648251],[23.2327912,44.3647269],[23.232931,44.3645538],[23.233075,44.3645108],[23.2332382,44.3643814],[23.2331318,44.3642675],[23.2331948,44.3641819],[23.2331448,44.3641122],[23.2332219,44.3640149],[23.2333405,44.3639971],[23.2336531,44.3638267],[23.2337165,44.3637273],[23.2338508,44.3637353],[23.2340098,44.3638303],[23.2342066,44.3636779],[23.234177,44.3634805],[23.2339002,44.3632871],[23.2337555,44.3628103],[23.2336803,44.3627539],[23.2337379,44.3626682],[23.233516,44.3625623],[23.2335904,44.3622839],[23.2333786,44.3620285],[23.2335356,44.3619207],[23.2334618,44.3618211],[23.233288,44.3617593],[23.2332314,44.3614551],[23.2333832,44.3613354],[23.2333611,44.3611618],[23.2332441,44.3610378],[23.2332376,44.360892],[23.2330756,44.3608028],[23.2329886,44.3605967],[23.2330363,44.3604714],[23.2332081,44.360419],[23.2334212,44.3602726],[23.2335453,44.3603415],[23.23371,44.360163],[23.2337928,44.3599673],[23.2335993,44.3598304],[23.2337834,44.3597348],[23.233774,44.3596835],[23.23335,44.3595469],[23.2334333,44.3593355],[23.233195,44.3592294],[23.233165,44.3591304],[23.2332659,44.3588839],[23.2333439,44.3588457],[23.2335704,44.3589793],[23.2337059,44.3588554],[23.2336084,44.3588144],[23.2335484,44.3586205],[23.2339008,44.3584055],[23.2339575,44.357985],[23.2338915,44.3578107],[23.2339536,44.3577526],[23.2345306,44.357734],[23.2348349,44.3580145],[23.2351322,44.3579876],[23.2351832,44.3579333],[23.2350822,44.3578254],[23.2351283,44.3577552],[23.2352829,44.3577261],[23.2357082,44.3578194],[23.2359572,44.3579336],[23.2365158,44.3580358],[23.2367812,44.3580962],[23.2375684,44.358203],[23.2379529,44.3583745],[23.2389843,44.3591192],[23.2401033,44.3593257],[23.241494,44.3599894],[23.2416228,44.3599048],[23.2418827,44.3600231],[23.2420968,44.3600225],[23.2421911,44.3599924],[23.2421458,44.3598578],[23.24229,44.3598089],[23.2424658,44.3598037],[23.2427865,44.3599072],[23.2431156,44.3599163],[23.2433974,44.3598577],[23.2437589,44.359883],[23.2439145,44.3598224],[23.2439609,44.3595593],[23.2442476,44.3595165],[23.2442563,44.3594103],[23.2444392,44.3593541],[23.2455356,44.3594026],[23.2456804,44.3595152],[23.2459766,44.3595237],[23.2461561,44.3593966],[23.246402,44.3594358],[23.246563,44.3593753],[23.2466439,44.3594239],[23.2466679,44.3597196],[23.2467221,44.3597401],[23.2468698,44.359577],[23.2472714,44.359729],[23.2474231,44.3596132],[23.2479489,44.3594717],[23.2482227,44.3594957],[23.2484158,44.3594633],[23.2486114,44.3595293],[23.2490357,44.3594768],[23.2495518,44.359473],[23.2493017,44.359032],[23.2492999,44.3589099],[23.2494218,44.3588724],[23.2495183,44.3587675],[23.2496602,44.3587934],[23.2497623,44.3588659],[23.2498848,44.3588087],[23.2498617,44.3584854],[23.2499447,44.358463],[23.2500255,44.3585116],[23.2500818,44.3584652],[23.2500082,44.3583577],[23.250012,44.3582317],[23.2501187,44.3581546],[23.250469,44.3581876],[23.2505359,44.3581532],[23.2503431,44.3576304],[23.2510454,44.3565504],[23.2511524,44.3562803],[23.2513161,44.3561292],[23.2514627,44.3556392],[23.2488158,44.3551294],[23.2483712,44.3545869],[23.248361,44.3541968],[23.2484643,44.3538676],[23.2488432,44.3534993],[23.2487951,44.3532741],[23.2489045,44.3531025],[23.2493555,44.3528929],[23.2498486,44.3527391],[23.2502118,44.3527093],[23.2502246,44.3526504],[23.2503352,44.3526207],[23.2505363,44.3526868],[23.2506092,44.3528179],[23.250821,44.3527109],[23.2508339,44.3526481],[23.2504569,44.352591],[23.2504328,44.3524804],[23.251028,44.3522179],[23.251495,44.3522055],[23.2515966,44.3522937],[23.2517916,44.3521982],[23.2522671,44.3520835],[23.252546,44.3521154],[23.2529102,44.3522353],[23.2533383,44.3522341],[23.2535874,44.352167],[23.2539379,44.3521922],[23.2544383,44.3521605],[23.2545551,44.3521112],[23.2549491,44.3521488],[23.2551431,44.3520888],[23.2552688,44.3521065],[23.2554667,44.3522789],[23.2556474,44.3522935],[23.2561489,44.3522264],[23.2563618,44.3522652],[23.2566369,44.3522419],[23.257162,44.35212],[23.2574184,44.3521713],[23.2578114,44.3520631],[23.2584455,44.3517854],[23.259479,44.3515494],[23.2596767,44.3515446],[23.2596853,44.3514423],[23.2603878,44.3512602],[23.2610503,44.3513137],[23.2625561,44.3510692],[23.2629978,44.3511666],[23.2637437,44.3510008],[23.2639614,44.3508782],[23.2644254,44.3507829],[23.2655204,44.3501382],[23.2658576,44.3500606],[23.2660772,44.3500562],[23.266382,44.3499585],[23.2670965,44.3499261],[23.2672351,44.349881],[23.2675411,44.3499251],[23.268085,44.3499098],[23.2682869,44.3499484],[23.2684695,44.3500812],[23.2686152,44.349981],[23.2695148,44.3499988],[23.2701705,44.3500994],[23.2703156,44.350019],[23.2707686,44.3501047],[23.2717942,44.3501283],[23.2721158,44.3502041],[23.2766057,44.3503832],[23.2775398,44.3503463],[23.2783988,44.3502531],[23.2788255,44.350303],[23.2790785,44.3502832],[23.2792616,44.3502191],[23.2805219,44.3501045],[23.2822474,44.3500324],[23.2844639,44.3498772],[23.2860292,44.3494717],[23.2865682,44.3494327],[23.2870781,44.3492672],[23.2872912,44.349298],[23.2873865,44.3492325],[23.2876731,44.3491896],[23.2881559,44.3490118],[23.2902621,44.3486855],[23.2908325,44.348513],[23.2916436,44.3483678],[23.2920812,44.3482327],[23.2926095,44.3481855],[23.2929533,44.3480647],[23.2962083,44.3474918],[23.2973367,44.3471939],[23.2978142,44.3470081],[23.2981272,44.347001],[23.2984679,44.3468014],[23.2989661,44.3466553],[23.2993013,44.3466407],[23.2996396,44.3467088],[23.2997354,44.3466236],[23.300653,44.3464012],[23.3018421,44.3462774],[23.3029594,44.3459792],[23.3051936,44.3455875],[23.3073847,44.3449786],[23.3087757,44.344519],[23.3090119,44.3445108],[23.3090746,44.344429],[23.3092073,44.3443955],[23.3095701,44.3443774],[23.3097924,44.3442823],[23.3107469,44.3441075],[23.310972,44.3441031],[23.3110463,44.3441908],[23.3115499,44.3440487],[23.3116306,44.343916],[23.311802,44.3438713],[23.3125138,44.3437402],[23.312937,44.343719],[23.3134566,44.343589],[23.3152766,44.3432815],[23.3196742,44.342276],[23.3200317,44.3422459],[23.3201185,44.3422827],[23.3202541,44.3421469],[23.320706,44.3420827],[23.321307,44.3421744],[23.3212029,44.3419799],[23.3217184,44.3418024],[23.3219161,44.3417975],[23.321973,44.3417275],[23.3227326,44.3416482],[23.3228935,44.3415876],[23.3237973,44.3414554],[23.324152,44.3413346],[23.326608,44.3408513],[23.3272442,44.3406757],[23.3308259,44.3401657],[23.3312789,44.3400622],[23.3313077,44.3400153],[23.3315323,44.3400265],[23.3320116,44.3399628],[23.3318964,44.339736],[23.3396174,44.3394734],[23.3438779,44.338991],[23.3492416,44.3376914],[23.3496323,44.3381622],[23.3498881,44.3390914],[23.3500562,44.339499],[23.3501026,44.3403469],[23.3508399,44.3419416],[23.3520543,44.345035],[23.3526034,44.3469354],[23.3528658,44.3480857],[23.353106,44.3486647],[23.3533453,44.3490504],[23.3538684,44.350513],[23.3540925,44.3516581],[23.3541686,44.3524834],[23.3547481,44.3544464],[23.3552303,44.3553167],[23.3556433,44.3562528],[23.3577891,44.3560562],[23.3584432,44.3559599],[23.3615672,44.3557752],[23.3724298,44.3549269],[23.3800215,44.3544591],[23.3801711,44.3560355],[23.3801285,44.3579056],[23.3799432,44.3582486],[23.3797036,44.3593242],[23.3794687,44.3600023],[23.3794334,44.3600809],[23.3790954,44.3603408],[23.3789573,44.3605483],[23.3788337,44.3610247],[23.3785513,44.3614493],[23.3786422,44.3623253],[23.3786138,44.3625541],[23.3788077,44.362697],[23.3783236,44.3631464],[23.3782989,44.3642125],[23.3783975,44.3652874],[23.3795973,44.3653051],[23.3800923,44.367518],[23.3817821,44.373492],[23.3839576,44.3824897],[23.3853905,44.3869862],[23.3797698,44.3874997],[23.3766618,44.3876658],[23.3703255,44.388181],[23.364812,44.3885274],[23.3640978,44.388692],[23.3631639,44.3887958],[23.3618409,44.3890298],[23.3609201,44.3891223],[23.3606762,44.3892338],[23.3558937,44.3903244],[23.3547284,44.3904316],[23.3534778,44.3904893],[23.3528575,44.3905148],[23.3524991,44.3904727],[23.3521189,44.3905178],[23.3519462,44.3906096],[23.3513418,44.3906376],[23.3512111,44.3906058],[23.3500048,44.3906871],[23.3497074,44.3906459],[23.3484822,44.3906678],[23.3483245,44.3906356],[23.3472851,44.3906957],[23.3461453,44.3906909],[23.3447322,44.390406],[23.3441028,44.3903362],[23.3417317,44.3902528],[23.3403286,44.3901074],[23.3397923,44.3900028],[23.339612,44.3900186],[23.3396009,44.3900691],[23.3393284,44.3900581],[23.3368828,44.3898033],[23.3362569,44.3897987],[23.335762,44.3897039],[23.3322008,44.3896166],[23.3310019,44.3896633],[23.3304454,44.3895906],[23.3287584,44.3896415],[23.3254789,44.3895859],[23.322376,44.3897492],[23.3184647,44.3901075],[23.3142994,44.3903721],[23.314258,44.3932008],[23.3104487,44.3935284],[23.3067879,44.3937671],[23.3063716,44.3935846],[23.3062596,44.3930122],[23.3051162,44.3924662],[23.3038134,44.3916128],[23.3020536,44.3917206],[23.3015511,44.3920823],[23.3013923,44.3923065],[23.3015352,44.393022],[23.3019193,44.3931034],[23.3023058,44.394301],[23.3000261,44.3944368],[23.2990261,44.3945896],[23.2974333,44.3944102],[23.2961111,44.3944527],[23.295492,44.394525],[23.2950856,44.394663],[23.2947136,44.3948789],[23.2881756,44.3956112],[23.2809554,44.3963185],[23.274281,44.3968707],[23.2729423,44.3969387],[23.2701955,44.3972491],[23.2692143,44.3972619],[23.2680831,44.3973477],[23.261996,44.3979651],[23.261895,44.3969672],[23.2608575,44.3970973],[23.260741,44.3961305],[23.2604471,44.3951503],[23.2587914,44.3951247],[23.2581577,44.3951549],[23.2561186,44.3953635],[23.253529,44.3957568],[23.2533064,44.3957334],[23.2525488,44.3958617],[23.2483604,44.3969308],[23.2460402,44.3973349],[23.2443997,44.3921839],[23.2428621,44.3885045],[23.2488874,44.3856218],[23.2486022,44.3846432],[23.2482366,44.3839606],[23.2480303,44.3832259],[23.2474469,44.3833045],[23.2472449,44.3834109],[23.2472061,44.3836843],[23.2462695,44.3838122],[23.2452112,44.3810056],[23.2448176,44.3796667],[23.2418223,44.3800832],[23.2335245,44.3814216],[23.2229421,44.3831965],[23.2192119,44.3847777],[23.2180906,44.385175],[23.2175783,44.3863377],[23.2173975,44.3865157]]]}},{"type":"Feature","properties":{"entity_id":"osm-r9697789","jurisdiction":"RO","display_name":"CARPEN","display_type":"commune","admin_level":8,"tier":"local","legal_registry":"SIRUTA","legal_id":"71536","legal_type":"commune","parent_catalog_id":"osm-r2366970","osm_relation_id":9697789,"legal_identity_status":"reconciled","geometry_source":"OpenStreetMap","geometry_precision":"master_coordinate_fidelity"},"geometry":{"type":"Polygon","coordinates":[[[23.3438779,44.338991],[23.3396174,44.3394734],[23.3318964,44.339736],[23.3320116,44.3399628],[23.3315323,44.3400265],[23.3313077,44.3400153],[23.3312789,44.3400622],[23.3308259,44.3401657],[23.3272442,44.3406757],[23.326608,44.3408513],[23.324152,44.3413346],[23.3237973,44.3414554],[23.3228935,44.3415876],[23.3227326,44.3416482],[23.321973,44.3417275],[23.3219161,44.3417975],[23.3217184,44.3418024],[23.3212029,44.3419799],[23.321307,44.3421744],[23.320706,44.3420827],[23.3202541,44.3421469],[23.3201185,44.3422827],[23.3200317,44.3422459],[23.3196742,44.342276],[23.3152766,44.3432815],[23.3134566,44.343589],[23.312937,44.343719],[23.3125138,44.3437402],[23.311802,44.3438713],[23.3116306,44.343916],[23.3115499,44.3440487],[23.3110463,44.3441908],[23.310972,44.3441031],[23.3107469,44.3441075],[23.3097924,44.3442823],[23.3095701,44.3443774],[23.3092073,44.3443955],[23.3090746,44.344429],[23.3090119,44.3445108],[23.3087757,44.344519],[23.3073847,44.3449786],[23.3051936,44.3455875],[23.3029594,44.3459792],[23.3018421,44.3462774],[23.300653,44.3464012],[23.2997354,44.3466236],[23.2996396,44.3467088],[23.2993013,44.3466407],[23.2989661,44.3466553],[23.2984679,44.3468014],[23.2981272,44.347001],[23.2978142,44.3470081],[23.2973367,44.3471939],[23.2962083,44.3474918],[23.2929533,44.3480647],[23.2926095,44.3481855],[23.2920812,44.3482327],[23.2916436,44.3483678],[23.2908325,44.348513],[23.2902621,44.3486855],[23.2881559,44.3490118],[23.2876731,44.3491896],[23.2873865,44.3492325],[23.2872912,44.349298],[23.2870781,44.3492672],[23.2865682,44.3494327],[23.2860292,44.3494717],[23.2844639,44.3498772],[23.2822474,44.3500324],[23.2805219,44.3501045],[23.2792616,44.3502191],[23.2790785,44.3502832],[23.2788255,44.350303],[23.2783988,44.3502531],[23.2775398,44.3503463],[23.2766057,44.3503832],[23.2721158,44.3502041],[23.2717942,44.3501283],[23.2707686,44.3501047],[23.2703156,44.350019],[23.2701705,44.3500994],[23.2695148,44.3499988],[23.2686152,44.349981],[23.2684695,44.3500812],[23.2682869,44.3499484],[23.268085,44.3499098],[23.2675411,44.3499251],[23.2672351,44.349881],[23.2670965,44.3499261],[23.266382,44.3499585],[23.2660772,44.3500562],[23.2658576,44.3500606],[23.2655204,44.3501382],[23.2644254,44.3507829],[23.2639614,44.3508782],[23.2637437,44.3510008],[23.2629978,44.3511666],[23.2625561,44.3510692],[23.2610503,44.3513137],[23.2603878,44.3512602],[23.2596853,44.3514423],[23.2596767,44.3515446],[23.259479,44.3515494],[23.2584455,44.3517854],[23.2578114,44.3520631],[23.2574184,44.3521713],[23.257162,44.35212],[23.2566369,44.3522419],[23.2563618,44.3522652],[23.2561489,44.3522264],[23.2556474,44.3522935],[23.2554667,44.3522789],[23.2552688,44.3521065],[23.2551431,44.3520888],[23.2549491,44.3521488],[23.2545551,44.3521112],[23.2544383,44.3521605],[23.2539379,44.3521922],[23.2535874,44.352167],[23.2533383,44.3522341],[23.2529102,44.3522353],[23.252546,44.3521154],[23.2522671,44.3520835],[23.2517916,44.3521982],[23.2515966,44.3522937],[23.251495,44.3522055],[23.251028,44.3522179],[23.2504328,44.3524804],[23.2504569,44.352591],[23.2508339,44.3526481],[23.250821,44.3527109],[23.2506092,44.3528179],[23.2505363,44.3526868],[23.2503352,44.3526207],[23.2502246,44.3526504],[23.2502118,44.3527093],[23.2498486,44.3527391],[23.2493555,44.3528929],[23.2489045,44.3531025],[23.2487951,44.3532741],[23.2488432,44.3534993],[23.2484643,44.3538676],[23.248361,44.3541968],[23.2483712,44.3545869],[23.2488158,44.3551294],[23.2514627,44.3556392],[23.2513161,44.3561292],[23.2511524,44.3562803],[23.2510454,44.3565504],[23.2503431,44.3576304],[23.2505359,44.3581532],[23.250469,44.3581876],[23.2501187,44.3581546],[23.250012,44.3582317],[23.2500082,44.3583577],[23.2500818,44.3584652],[23.2500255,44.3585116],[23.2499447,44.358463],[23.2498617,44.3584854],[23.2498848,44.3588087],[23.2497623,44.3588659],[23.2496602,44.3587934],[23.2495183,44.3587675],[23.2494218,44.3588724],[23.2492999,44.3589099],[23.2493017,44.359032],[23.2495518,44.359473],[23.2490357,44.3594768],[23.2486114,44.3595293],[23.2484158,44.3594633],[23.2482227,44.3594957],[23.2479489,44.3594717],[23.2474231,44.3596132],[23.2472714,44.359729],[23.2468698,44.359577],[23.2467221,44.3597401],[23.2466679,44.3597196],[23.2466439,44.3594239],[23.246563,44.3593753],[23.246402,44.3594358],[23.2461561,44.3593966],[23.2459766,44.3595237],[23.2456804,44.3595152],[23.2455356,44.3594026],[23.2444392,44.3593541],[23.2442563,44.3594103],[23.2442476,44.3595165],[23.2439609,44.3595593],[23.2439145,44.3598224],[23.2437589,44.359883],[23.2433974,44.3598577],[23.2431156,44.3599163],[23.2427865,44.3599072],[23.2424658,44.3598037],[23.24229,44.3598089],[23.2421458,44.3598578],[23.2421911,44.3599924],[23.2420968,44.3600225],[23.2418827,44.3600231],[23.2416228,44.3599048],[23.241494,44.3599894],[23.2401033,44.3593257],[23.2389843,44.3591192],[23.2379529,44.3583745],[23.2375684,44.358203],[23.2367812,44.3580962],[23.2365158,44.3580358],[23.2359572,44.3579336],[23.2357082,44.3578194],[23.2352829,44.3577261],[23.2351283,44.3577552],[23.2350822,44.3578254],[23.2351832,44.3579333],[23.2351322,44.3579876],[23.2348349,44.3580145],[23.2345306,44.357734],[23.2339536,44.3577526],[23.2338915,44.3578107],[23.2339575,44.357985],[23.2339008,44.3584055],[23.2335484,44.3586205],[23.2336084,44.3588144],[23.2337059,44.3588554],[23.2335704,44.3589793],[23.2333439,44.3588457],[23.2332659,44.3588839],[23.233165,44.3591304],[23.233195,44.3592294],[23.2334333,44.3593355],[23.23335,44.3595469],[23.233774,44.3596835],[23.2337834,44.3597348],[23.2335993,44.3598304],[23.2337928,44.3599673],[23.23371,44.360163],[23.2335453,44.3603415],[23.2334212,44.3602726],[23.2332081,44.360419],[23.2330363,44.3604714],[23.2329886,44.3605967],[23.2330756,44.3608028],[23.2332376,44.360892],[23.2332441,44.3610378],[23.2333611,44.3611618],[23.2333832,44.3613354],[23.2332314,44.3614551],[23.233288,44.3617593],[23.2334618,44.3618211],[23.2335356,44.3619207],[23.2333786,44.3620285],[23.2335904,44.3622839],[23.233516,44.3625623],[23.2337379,44.3626682],[23.2336803,44.3627539],[23.2337555,44.3628103],[23.2339002,44.3632871],[23.234177,44.3634805],[23.2342066,44.3636779],[23.2340098,44.3638303],[23.2338508,44.3637353],[23.2337165,44.3637273],[23.2336531,44.3638267],[23.2333405,44.3639971],[23.2332219,44.3640149],[23.2331448,44.3641122],[23.2331948,44.3641819],[23.2331318,44.3642675],[23.2332382,44.3643814],[23.233075,44.3645108],[23.232931,44.3645538],[23.2327912,44.3647269],[23.2325247,44.3648251],[23.2326623,44.3649927],[23.2327933,44.3650184],[23.2327202,44.3652535],[23.2326092,44.3652912],[23.2324735,44.3654229],[23.2320619,44.3655977],[23.2318707,44.3657443],[23.2318344,44.365854],[23.2315211,44.366046],[23.2311778,44.366143],[23.230797,44.3660268],[23.2300446,44.3665742],[23.2295481,44.366653],[23.2295953,44.3665435],[23.2294438,44.3664702],[23.2291059,44.3667485],[23.2289,44.367419],[23.2289284,44.3675602],[23.2292513,44.3676972],[23.2296118,44.3676735],[23.2302335,44.3675309],[23.2303558,44.3675416],[23.2303546,44.3675826],[23.2301413,44.3676057],[23.229932,44.3677312],[23.2297316,44.367701],[23.2295284,44.367761],[23.2294115,44.3678765],[23.2287119,44.367782],[23.2285489,44.3688034],[23.2283059,44.3692092],[23.227937,44.3694239],[23.2269374,44.3697942],[23.2262936,44.3703748],[23.2263623,44.3706437],[23.2253427,44.371305],[23.225008,44.3716603],[23.2247404,44.3718234],[23.2237926,44.3722826],[23.2234536,44.3725561],[23.222837,44.3728913],[23.2207898,44.3736817],[23.2199911,44.3743524],[23.2191089,44.3748893],[23.2189647,44.375152],[23.2185124,44.3753122],[23.2181405,44.3755293],[23.2181832,44.3756537],[23.2173354,44.3747755],[23.2171068,44.374629],[23.2165384,44.3745356],[23.2161125,44.3744236],[23.2159296,44.3743323],[23.2156759,44.3739632],[23.2154772,44.3734587],[23.2152054,44.3732411],[23.2145856,44.3729388],[23.2137859,44.3724165],[23.2128381,44.3719228],[23.2110518,44.3707214],[23.2098929,44.3701314],[23.2086183,44.3693958],[23.2076358,44.3683541],[23.2070973,44.3676086],[23.2064358,44.368055],[23.2054622,44.3685944],[23.2025234,44.3700622],[23.198858,44.3721098],[23.1977351,44.3726298],[23.1975724,44.372584],[23.1969676,44.3720266],[23.196776,44.3719686],[23.1966579,44.3719954],[23.1958032,44.3725148],[23.1924767,44.3693738],[23.1924953,44.3692591],[23.193524,44.3686926],[23.193265,44.3684246],[23.193238,44.3683107],[23.193837,44.3677878],[23.1939282,44.3675931],[23.1938489,44.367459],[23.1934519,44.3671244],[23.1921014,44.3666377],[23.1914875,44.3661939],[23.1900629,44.3668848],[23.1888695,44.3673818],[23.1883164,44.3666615],[23.188296,44.3664925],[23.1883823,44.3663144],[23.1886357,44.3660509],[23.1885009,44.3657174],[23.1885418,44.3656006],[23.1887844,44.3654656],[23.1888158,44.3654046],[23.1885864,44.3652431],[23.188597,44.3651351],[23.1887879,44.3649792],[23.1892122,44.3648944],[23.1892182,44.3647031],[23.1892866,44.3646373],[23.1899565,44.3648719],[23.1902639,44.3651239],[23.190376,44.3650922],[23.1905286,44.3649094],[23.1905372,44.3646342],[23.1900667,44.3643256],[23.1904788,44.3640579],[23.1903756,44.3640209],[23.1899602,44.3640319],[23.1897529,44.3638992],[23.1891578,44.3631188],[23.1891662,44.3628514],[23.1892351,44.362711],[23.1890737,44.3621423],[23.1893682,44.3610278],[23.1901046,44.358866],[23.1905076,44.3579951],[23.1908325,44.3575414],[23.1909649,44.3571223],[23.1912436,44.3565598],[23.1913986,44.3565842],[23.1916137,44.3558809],[23.1922874,44.3544794],[23.1932843,44.3526574],[23.1918656,44.3504783],[23.1910297,44.3493036],[23.1904835,44.3489929],[23.1895709,44.3487122],[23.1892036,44.348545],[23.1891134,44.3483201],[23.1896569,44.3472838],[23.1885667,44.3456867],[23.188099,44.3450896],[23.1868084,44.3428721],[23.1862446,44.3420069],[23.1859216,44.3416214],[23.1856297,44.3413866],[23.18487,44.341007],[23.185029,44.3405212],[23.1849873,44.3401953],[23.184775,44.3396972],[23.1823912,44.3355605],[23.1814803,44.333889],[23.1812199,44.3332193],[23.1807579,44.3323284],[23.1805769,44.3320996],[23.180315,44.3314873],[23.1798836,44.3308042],[23.1791054,44.3293147],[23.1781175,44.3290748],[23.1780425,44.3290038],[23.1780804,44.3288914],[23.1784581,44.3286657],[23.1785484,44.3285531],[23.1778027,44.3270583],[23.1767299,44.3251895],[23.1761721,44.3244359],[23.1743086,44.3219112],[23.1739822,44.3216499],[23.1738929,44.3213492],[23.1720193,44.3186564],[23.1744179,44.3175689],[23.1761366,44.3166437],[23.1785188,44.315548],[23.1802662,44.314576],[23.1809673,44.3144337],[23.1811125,44.3143533],[23.1811381,44.3140623],[23.1810276,44.3135603],[23.1811369,44.3129045],[23.182154,44.312417],[23.1826434,44.3120762],[23.1825892,44.3119899],[23.1826529,44.311582],[23.1827431,44.3115047],[23.1831303,44.3114006],[23.1831862,44.3111928],[23.1835582,44.3110491],[23.1836819,44.3109527],[23.18393,44.3102123],[23.1837534,44.3100716],[23.1837178,44.3098072],[23.1840317,44.3092412],[23.1840711,44.3088559],[23.18398,44.3086142],[23.1836532,44.3081914],[23.1836989,44.3081331],[23.1860549,44.3069817],[23.1890751,44.3056244],[23.194155,44.3054709],[23.1986493,44.3055711],[23.1991836,44.3055356],[23.2028674,44.305634],[23.2034674,44.3056135],[23.2046127,44.3057963],[23.2052476,44.3059815],[23.2056054,44.3061418],[23.2058472,44.3061383],[23.2064429,44.3063116],[23.2074855,44.3064892],[23.2079617,44.3060873],[23.2083303,44.3058869],[23.209746,44.3054628],[23.2108372,44.3051978],[23.2121374,44.305449],[23.2127238,44.3057516],[23.2130698,44.3058775],[23.2150745,44.3057886],[23.216026,44.3056714],[23.2179206,44.3052224],[23.2189527,44.3050639],[23.2204418,44.3045701],[23.2213849,44.3043595],[23.2216373,44.3043556],[23.2220245,44.3042467],[23.2240107,44.3041453],[23.2257204,44.303891],[23.2268302,44.3033321],[23.2280961,44.3026129],[23.2304301,44.301492],[23.2314435,44.3008301],[23.2317563,44.3004658],[23.2320752,44.3002225],[23.2344102,44.2994194],[23.2356022,44.2987958],[23.2363406,44.2985154],[23.2365346,44.2984044],[23.2371274,44.2993503],[23.2373577,44.299654],[23.2377296,44.2999891],[23.2381438,44.3006103],[23.2386694,44.3012515],[23.2398828,44.3025693],[23.2406196,44.303137],[23.2407761,44.3033553],[23.2408851,44.3036241],[23.2409378,44.3047409],[23.2407453,44.3053782],[23.2405588,44.305646],[23.2405465,44.3060519],[23.2406144,44.306503],[23.2408146,44.3069562],[23.2410473,44.3071794],[23.241265,44.3072267],[23.2420848,44.3075798],[23.2430638,44.3078951],[23.243968,44.3084909],[23.24438,44.3085157],[23.2461372,44.3093828],[23.2469231,44.3096804],[23.2482473,44.3100413],[23.2486441,44.3102304],[23.2494845,44.3107484],[23.2500532,44.3109822],[23.2503523,44.3110353],[23.2506686,44.3110229],[23.2512281,44.3112256],[23.2514866,44.3114418],[23.251875,44.3120808],[23.2521369,44.3125203],[23.2523588,44.3131055],[23.252722,44.3133965],[23.2529128,44.3136592],[23.2531461,44.3138678],[23.253639,44.3142523],[23.2548,44.3149581],[23.2556818,44.3152901],[23.2562195,44.3155436],[23.257175,44.3161365],[23.2573063,44.3163471],[23.2573217,44.316512],[23.2571622,44.317073],[23.2571696,44.3175048],[23.2569877,44.3179593],[23.2565675,44.3187139],[23.2562515,44.3204103],[23.2562968,44.3204293],[23.2579639,44.3197344],[23.2594438,44.3189889],[23.2613561,44.3179318],[23.2624721,44.3172538],[23.2677652,44.3144157],[23.2742128,44.3107791],[23.2772739,44.30911],[23.2792548,44.3081232],[23.2797088,44.3078311],[23.2799555,44.3077884],[23.2800907,44.3075294],[23.2803147,44.3073966],[23.2803572,44.3071738],[23.2804147,44.3071393],[23.2806181,44.307161],[23.2807556,44.3073409],[23.2808391,44.3073522],[23.2810302,44.3071377],[23.2812347,44.3071002],[23.2815283,44.3069554],[23.2822117,44.3068823],[23.2823043,44.3069403],[23.2825739,44.3066924],[23.2828424,44.3067422],[23.2828476,44.3065674],[23.2833489,44.3065931],[23.2833836,44.3064718],[23.2834757,44.3064303],[23.2835986,44.3066071],[23.2836807,44.3066109],[23.2838928,44.3064032],[23.284086,44.3063667],[23.2842323,44.3064556],[23.2843159,44.306291],[23.2844964,44.3063611],[23.2847104,44.3062665],[23.2848515,44.3060901],[23.2850138,44.3059888],[23.285182,44.3060382],[23.2853819,44.3059503],[23.2858837,44.3059551],[23.2862532,44.3058119],[23.2862928,44.3056134],[23.2863873,44.3055506],[23.2867868,44.3055905],[23.287296,44.3053758],[23.2876425,44.3051621],[23.2879604,44.3052098],[23.288139,44.3050814],[23.2882262,44.3051471],[23.2883551,44.3051515],[23.2885934,44.3050225],[23.2888558,44.3050753],[23.288976,44.3049345],[23.2893242,44.3049811],[23.2895179,44.3048408],[23.2897068,44.3048055],[23.2898723,44.3048273],[23.2899352,44.3047484],[23.2898867,44.3046601],[23.2900949,44.3046443],[23.2901929,44.304578],[23.29034,44.3046384],[23.2904339,44.3045354],[23.290632,44.304599],[23.2908627,44.3046128],[23.2909352,44.3045595],[23.2909146,44.3044349],[23.2910161,44.3043983],[23.2913632,44.3044859],[23.2915551,44.304465],[23.2915979,44.3044427],[23.2915648,44.3043504],[23.2918285,44.3042165],[23.2921656,44.3042983],[23.2922243,44.3041277],[23.2925287,44.3039751],[23.2927648,44.3040394],[23.2930287,44.303857],[23.293525,44.3038196],[23.2937872,44.3036499],[23.2939618,44.3037245],[23.2940041,44.3036729],[23.2939178,44.3036352],[23.2939137,44.3035371],[23.2941346,44.3035338],[23.2942739,44.303636],[23.2943928,44.3036502],[23.2944634,44.3036139],[23.2944005,44.3034982],[23.2944654,44.3034158],[23.2949461,44.3034348],[23.2951811,44.3033185],[23.2951165,44.3031195],[23.2953342,44.3031721],[23.2954255,44.3031553],[23.2955365,44.3029522],[23.2957539,44.3029699],[23.2959236,44.3028007],[23.2960296,44.3028116],[23.2960386,44.3029477],[23.2961295,44.3029872],[23.2962464,44.3028949],[23.2963835,44.3025967],[23.2965932,44.3024802],[23.2976356,44.3024057],[23.2977357,44.3023523],[23.2982701,44.3031391],[23.2998811,44.305159],[23.3008873,44.3065281],[23.3039708,44.3055299],[23.3086759,44.3042668],[23.311765,44.3083623],[23.3112627,44.3085294],[23.3108858,44.3084963],[23.3098849,44.309108],[23.309307,44.3093266],[23.3094168,44.3098333],[23.309399,44.3100787],[23.3091201,44.3105753],[23.3094586,44.3111383],[23.3101864,44.3132943],[23.310707,44.3150647],[23.3130526,44.3146028],[23.3134341,44.3146268],[23.3135685,44.314735],[23.3161756,44.3199823],[23.3164351,44.3208735],[23.317341,44.3228482],[23.3185661,44.326035],[23.3185431,44.326653],[23.3186413,44.3269581],[23.3189008,44.3273242],[23.3188395,44.3275063],[23.3189687,44.3279692],[23.3190548,44.3279888],[23.3191162,44.328158],[23.3190411,44.3282849],[23.3190978,44.3284395],[23.3190147,44.3284931],[23.3190381,44.3285666],[23.319184,44.328631],[23.3192627,44.328731],[23.3194711,44.3291036],[23.3196059,44.329552],[23.3197704,44.3298545],[23.3200987,44.3299582],[23.3201151,44.3300975],[23.3199043,44.330687],[23.3204959,44.3306776],[23.320821,44.3305397],[23.3216234,44.3304676],[23.3226159,44.3301641],[23.3234056,44.3300039],[23.3241828,44.329741],[23.3250455,44.3293459],[23.3261803,44.3289695],[23.3270423,44.3282451],[23.3287296,44.3275311],[23.3293825,44.3273395],[23.3302154,44.3273556],[23.3310241,44.3275926],[23.3316542,44.3276605],[23.3323143,44.3278367],[23.333225,44.327982],[23.3346875,44.3279067],[23.3354867,44.3277648],[23.3364453,44.3276637],[23.3370489,44.3275007],[23.3373076,44.3273673],[23.3374906,44.3272054],[23.337813,44.3266284],[23.3380287,44.3263938],[23.3387326,44.3261096],[23.3389496,44.3260945],[23.3395245,44.3261341],[23.3402777,44.3262623],[23.3419246,44.3262418],[23.3428343,44.3263304],[23.3433838,44.3261852],[23.3437121,44.3261571],[23.3462127,44.3261492],[23.346306,44.3264503],[23.3464827,44.3264833],[23.3470355,44.3264548],[23.3471329,44.3267606],[23.3476725,44.3266619],[23.3482092,44.3266452],[23.3482796,44.3267428],[23.3488027,44.3268787],[23.3511447,44.3273755],[23.3511899,44.3278687],[23.351056,44.3280266],[23.351032,44.3281978],[23.3511293,44.328942],[23.3516238,44.3288657],[23.3519152,44.3287679],[23.3518851,44.3285727],[23.3528614,44.328322],[23.3531185,44.3290307],[23.3531971,44.3295346],[23.3529357,44.3296322],[23.3532539,44.3307754],[23.3514741,44.3313116],[23.3486846,44.3315879],[23.3459809,44.3322632],[23.342376,44.3334297],[23.3438779,44.338991]]]}},{"type":"Feature","properties":{"entity_id":"osm-r9697790","jurisdiction":"RO","display_name":"VELA","display_type":"commune","admin_level":8,"tier":"local","legal_registry":"SIRUTA","legal_id":"74616","legal_type":"commune","parent_catalog_id":"osm-r2366970","osm_relation_id":9697790,"legal_identity_status":"reconciled","geometry_source":"OpenStreetMap","geometry_precision":"master_coordinate_fidelity"},"geometry":{"type":"Polygon","coordinates":[[[23.3899926,44.3265951],[23.3893113,44.3266291],[23.3877865,44.3268982],[23.3843894,44.3277256],[23.3818193,44.3282975],[23.3809414,44.3285182],[23.3803652,44.3287332],[23.3777089,44.3293512],[23.3756105,44.3299027],[23.3748468,44.3300811],[23.3734501,44.3303112],[23.3731257,44.3302828],[23.3708698,44.3304024],[23.3698095,44.3304006],[23.3690398,44.3304537],[23.3630594,44.3306273],[23.3622787,44.3305685],[23.3608492,44.3306255],[23.3603225,44.3305874],[23.3595893,44.330685],[23.3591145,44.3306408],[23.358039,44.3306793],[23.3566963,44.330663],[23.3533332,44.3307695],[23.3532539,44.3307754],[23.3529357,44.3296322],[23.3531971,44.3295346],[23.3531185,44.3290307],[23.3528614,44.328322],[23.3518851,44.3285727],[23.3519152,44.3287679],[23.3516238,44.3288657],[23.3511293,44.328942],[23.351032,44.3281978],[23.351056,44.3280266],[23.3511899,44.3278687],[23.3511447,44.3273755],[23.3488027,44.3268787],[23.3482796,44.3267428],[23.3482092,44.3266452],[23.3476725,44.3266619],[23.3471329,44.3267606],[23.3470355,44.3264548],[23.3464827,44.3264833],[23.346306,44.3264503],[23.3462127,44.3261492],[23.3437121,44.3261571],[23.3433838,44.3261852],[23.3428343,44.3263304],[23.3419246,44.3262418],[23.3402777,44.3262623],[23.3395245,44.3261341],[23.3389496,44.3260945],[23.3387326,44.3261096],[23.3380287,44.3263938],[23.337813,44.3266284],[23.3374906,44.3272054],[23.3373076,44.3273673],[23.3370489,44.3275007],[23.3364453,44.3276637],[23.3354867,44.3277648],[23.3346875,44.3279067],[23.333225,44.327982],[23.3323143,44.3278367],[23.3316542,44.3276605],[23.3310241,44.3275926],[23.3302154,44.3273556],[23.3293825,44.3273395],[23.3287296,44.3275311],[23.3270423,44.3282451],[23.3261803,44.3289695],[23.3250455,44.3293459],[23.3241828,44.329741],[23.3234056,44.3300039],[23.3226159,44.3301641],[23.3216234,44.3304676],[23.320821,44.3305397],[23.3204959,44.3306776],[23.3199043,44.330687],[23.3201151,44.3300975],[23.3200987,44.3299582],[23.3197704,44.3298545],[23.3196059,44.329552],[23.3194711,44.3291036],[23.3192627,44.328731],[23.319184,44.328631],[23.3190381,44.3285666],[23.3190147,44.3284931],[23.3190978,44.3284395],[23.3190411,44.3282849],[23.3191162,44.328158],[23.3190548,44.3279888],[23.3189687,44.3279692],[23.3188395,44.3275063],[23.3189008,44.3273242],[23.3186413,44.3269581],[23.3185431,44.326653],[23.3185661,44.326035],[23.317341,44.3228482],[23.3164351,44.3208735],[23.3161756,44.3199823],[23.3135685,44.314735],[23.3134341,44.3146268],[23.3130526,44.3146028],[23.310707,44.3150647],[23.3101864,44.3132943],[23.3094586,44.3111383],[23.3091201,44.3105753],[23.309399,44.3100787],[23.3094168,44.3098333],[23.309307,44.3093266],[23.3098849,44.309108],[23.3108858,44.3084963],[23.3112627,44.3085294],[23.311765,44.3083623],[23.3086759,44.3042668],[23.3115641,44.3034157],[23.3152236,44.3021424],[23.3127949,44.298833],[23.3123504,44.2980684],[23.3120817,44.2975766],[23.3104798,44.2938271],[23.3098866,44.2931517],[23.3081429,44.2915719],[23.3070656,44.2906916],[23.3067977,44.2904011],[23.3054888,44.2887391],[23.3030748,44.2855106],[23.3030247,44.2853139],[23.3037227,44.2848163],[23.3038548,44.2847701],[23.3039622,44.2846535],[23.3050536,44.2844529],[23.3052221,44.2844877],[23.3053374,44.2846362],[23.3055412,44.2846536],[23.3056493,44.2845371],[23.3056293,44.2843685],[23.3058608,44.2841214],[23.3060879,44.2840245],[23.30633,44.2840998],[23.3065795,44.2840892],[23.3068719,44.2839755],[23.3070795,44.2836957],[23.3070811,44.2834702],[23.306899,44.2833887],[23.3067505,44.2831823],[23.306816,44.28299],[23.3072328,44.2827098],[23.306873,44.2822317],[23.3068298,44.2820019],[23.3070136,44.2816824],[23.3071655,44.2816024],[23.3075643,44.2815976],[23.3076953,44.2813812],[23.3080133,44.2812428],[23.3080764,44.2811291],[23.3078254,44.2810215],[23.3077782,44.2809313],[23.3078605,44.280843],[23.3085033,44.2806772],[23.3090941,44.2807577],[23.3095129,44.2809216],[23.3096796,44.2808453],[23.3098409,44.280615],[23.309992,44.28056],[23.3102206,44.2805813],[23.3105365,44.2806899],[23.3109484,44.2805779],[23.311147,44.2804341],[23.3117515,44.2805578],[23.3119712,44.2805432],[23.3120797,44.2804123],[23.3120506,44.2802114],[23.3122048,44.2800526],[23.3130659,44.2799187],[23.313882,44.2794475],[23.3140556,44.2794788],[23.3142643,44.2796717],[23.3142803,44.279808],[23.3146044,44.2798021],[23.3148209,44.2797266],[23.314918,44.2798175],[23.3148695,44.280114],[23.3149235,44.2801399],[23.3156649,44.2800113],[23.3159775,44.2804027],[23.316113,44.2803725],[23.3161564,44.2802514],[23.3161219,44.2798929],[23.3161902,44.2797721],[23.3164526,44.2796615],[23.3164646,44.2794182],[23.3196902,44.2780092],[23.3209423,44.2773672],[23.3225316,44.2768718],[23.3230936,44.2767387],[23.3233913,44.2766107],[23.3235665,44.2765864],[23.3239791,44.276623],[23.3245911,44.2763976],[23.3248427,44.2764873],[23.3249605,44.2764622],[23.325298,44.2762542],[23.3257571,44.2761464],[23.3260788,44.2761369],[23.3264137,44.2760166],[23.326704,44.2760603],[23.3275216,44.2758773],[23.3280214,44.2756556],[23.328083,44.2753342],[23.3281629,44.2752423],[23.3282658,44.2752152],[23.3283575,44.2752327],[23.3284876,44.2753886],[23.3286767,44.2754827],[23.3289681,44.2754888],[23.3294009,44.2753431],[23.3303712,44.2751355],[23.3307894,44.2751507],[23.3310174,44.2751093],[23.3313793,44.2751755],[23.3315541,44.2750761],[23.3316236,44.2749106],[23.3318247,44.274765],[23.3318573,44.2744952],[23.331978,44.2742857],[23.3322531,44.2741645],[23.3328356,44.2740102],[23.3330202,44.274004],[23.3335866,44.2738029],[23.3336712,44.27372],[23.3336985,44.2734644],[23.3337679,44.2733902],[23.333985,44.2732852],[23.3344381,44.2728994],[23.334492,44.2727871],[23.3343426,44.2710324],[23.3340736,44.2699111],[23.3339574,44.2688681],[23.3362894,44.2685282],[23.3376336,44.2599304],[23.3393486,44.2498115],[23.3391595,44.2491458],[23.3388486,44.2484215],[23.3377367,44.2463351],[23.3353485,44.242571],[23.3347489,44.24186],[23.3346675,44.2417598],[23.3356175,44.2414795],[23.3366618,44.2411026],[23.3386963,44.2406408],[23.3415765,44.2398383],[23.3474882,44.2383567],[23.3490953,44.2380086],[23.3501714,44.2378457],[23.3514897,44.2375749],[23.3530368,44.2370569],[23.3541818,44.2367733],[23.3549139,44.2365365],[23.3560404,44.2363069],[23.3589931,44.235459],[23.3628142,44.2345446],[23.3646803,44.2338049],[23.36703,44.232701],[23.3675902,44.2323317],[23.3682848,44.2320937],[23.3691036,44.2316991],[23.3734016,44.2302728],[23.373933,44.2300058],[23.3751633,44.2295912],[23.3763221,44.2288406],[23.3767165,44.2284624],[23.3771288,44.2279175],[23.3777241,44.2273203],[23.3778911,44.2272321],[23.3785039,44.2270605],[23.3787406,44.2269362],[23.3783444,44.2267111],[23.3786559,44.2264243],[23.3793205,44.2259956],[23.3797325,44.2256628],[23.3807353,44.2243177],[23.381377,44.2236202],[23.3817492,44.2232932],[23.3822377,44.2230255],[23.3827523,44.2228362],[23.3847773,44.2215801],[23.385361,44.2212798],[23.3866221,44.2206977],[23.3876124,44.2203592],[23.387986,44.2201509],[23.3902828,44.2186069],[23.3912684,44.2180954],[23.3925764,44.2171767],[23.3928321,44.2176279],[23.3951348,44.2248521],[23.3974153,44.2315416],[23.3989741,44.2364347],[23.3996991,44.2391511],[23.3997902,44.2399439],[23.3997317,44.2400175],[23.3994847,44.2401019],[23.3992394,44.2401255],[23.3987797,44.2400716],[23.3984868,44.2401148],[23.3983213,44.2403154],[23.4002362,44.241858],[23.4006578,44.24227],[23.4045655,44.2466417],[23.4052281,44.2471923],[23.402625,44.2480754],[23.4031874,44.2487765],[23.4041898,44.2502466],[23.4044344,44.2505235],[23.4046793,44.2504885],[23.4049386,44.2502947],[23.4054039,44.2502806],[23.4057663,44.2503344],[23.4062825,44.2502369],[23.4067572,44.250264],[23.4070152,44.2503584],[23.4075777,44.2503504],[23.4077066,44.2503687],[23.4078108,44.2504405],[23.4078768,44.2507426],[23.4076251,44.2509801],[23.4073986,44.2511103],[23.4073691,44.2512046],[23.4076504,44.2526594],[23.40727,44.2527024],[23.4073858,44.2536313],[23.408316,44.253351],[23.4090943,44.2586173],[23.4098329,44.2621689],[23.4098435,44.2646869],[23.4101089,44.2647883],[23.4105708,44.2647598],[23.4110006,44.2646706],[23.4115282,44.2647836],[23.4119452,44.2647978],[23.4121902,44.2647031],[23.4123982,44.2644382],[23.4126402,44.2643723],[23.4128194,44.2643771],[23.4132718,44.2646143],[23.4135037,44.2645813],[23.4136843,44.2644532],[23.4138667,44.2644174],[23.413989,44.2644544],[23.4140688,44.2645534],[23.4140705,44.2648059],[23.4141625,44.2650351],[23.4140975,44.265156],[23.413657,44.2654522],[23.4135938,44.2655597],[23.4136226,44.2656065],[23.4137449,44.2656713],[23.4142967,44.2656869],[23.4146078,44.2655851],[23.4150199,44.2655678],[23.4151005,44.2656637],[23.4150802,44.2662506],[23.4151792,44.2663278],[23.415417,44.2663638],[23.416191,44.2662794],[23.4169478,44.2661113],[23.4173256,44.2659335],[23.4175229,44.2659041],[23.4181926,44.2658813],[23.4183469,44.2659811],[23.4188296,44.2660296],[23.4190437,44.2659088],[23.4193006,44.2658797],[23.4197069,44.2657046],[23.4201545,44.2657536],[23.4203223,44.2658319],[23.4204068,44.2659951],[23.4203942,44.2660895],[23.4204647,44.2661317],[23.4209711,44.2659709],[23.4212723,44.2659455],[23.4215846,44.2657477],[23.421632,44.2656667],[23.4215629,44.2655156],[23.4216205,44.2654543],[23.4222127,44.2653276],[23.422767,44.2653272],[23.4228243,44.2652775],[23.4226575,44.2649241],[23.422224,44.2647022],[23.4222402,44.2646318],[23.4226766,44.2645648],[23.4227987,44.2645575],[23.4233075,44.2648335],[23.4234512,44.264826],[23.4238344,44.2646843],[23.424079,44.2646818],[23.4244953,44.2648525],[23.4251678,44.2650147],[23.4252698,44.2651132],[23.4252688,44.2652824],[23.4253707,44.265333],[23.4256781,44.2653438],[23.4259769,44.2652975],[23.4261197,44.2651872],[23.4262375,44.2649839],[23.4263902,44.2649099],[23.4269777,44.2652884],[23.427204,44.2652782],[23.4277466,44.2651397],[23.4280246,44.2649925],[23.4281289,44.2647822],[23.4281519,44.2643324],[23.428249,44.2642536],[23.4284555,44.2642727],[23.4287334,44.2644292],[23.4288634,44.2644375],[23.4289332,44.2643452],[23.428851,44.2641125],[23.4288669,44.2639932],[23.4290942,44.2638405],[23.4292982,44.2636477],[23.4294112,44.2634345],[23.4296142,44.2632913],[23.4298674,44.2633555],[23.4299704,44.2636031],[23.4305012,44.2635271],[23.4305176,44.2636191],[23.4306274,44.2636458],[23.4309504,44.2635066],[23.4311349,44.2635004],[23.4311927,44.2638262],[23.431427,44.2639719],[23.4317674,44.2640545],[23.4328864,44.2638711],[23.4333785,44.2636635],[23.433623,44.2636349],[23.4340633,44.2634783],[23.4342922,44.2632135],[23.4344928,44.2631765],[23.4345834,44.2632213],[23.4346233,44.2633293],[23.4346728,44.2637251],[23.4350364,44.2637203],[23.435167,44.2639004],[23.4353414,44.2639836],[23.4354095,44.2640702],[23.4354652,44.2643273],[23.4356135,44.2643177],[23.436224,44.26405],[23.436749,44.2640177],[23.4370829,44.2639303],[23.4372969,44.2638293],[23.4373761,44.2636918],[23.4375833,44.2638027],[23.4379685,44.2633913],[23.4383504,44.2631396],[23.4389574,44.2631046],[23.4394756,44.2633268],[23.4396977,44.2633393],[23.4401066,44.2631506],[23.4403888,44.2631029],[23.4405979,44.2629659],[23.4408068,44.2630332],[23.4409074,44.2631923],[23.440988,44.2632234],[23.4414801,44.2630687],[23.4414926,44.2629804],[23.4413665,44.26282],[23.4414088,44.2627298],[23.4414868,44.2626972],[23.4419712,44.2625726],[23.4424164,44.2626977],[23.4428113,44.2625577],[23.4429809,44.262186],[23.4429881,44.2619164],[23.4432916,44.2617123],[23.4432067,44.2614856],[23.4432472,44.2613816],[23.4434078,44.2613443],[23.4436429,44.2614102],[23.4437153,44.2613894],[23.4440139,44.2611458],[23.4442918,44.2612009],[23.4443829,44.2609199],[23.4444905,44.2608348],[23.4448968,44.260643],[23.4455999,44.260496],[23.4459079,44.2601905],[23.4458637,44.2599231],[23.4459824,44.259883],[23.4462072,44.2599479],[23.4463367,44.259871],[23.446355,44.2597987],[23.4462102,44.2596675],[23.4462567,44.2595739],[23.4466769,44.2594063],[23.4468031,44.2592873],[23.447039,44.2592421],[23.4471999,44.2591314],[23.4474795,44.2590405],[23.4474965,44.2589878],[23.4472922,44.2588289],[23.4474287,44.2586967],[23.4504064,44.2612931],[23.4511137,44.2619632],[23.4505776,44.2623718],[23.4507243,44.2631128],[23.4510131,44.2639363],[23.4517682,44.2657254],[23.4520995,44.2661504],[23.4527364,44.2680092],[23.4528259,44.2685216],[23.4535328,44.2703856],[23.4538965,44.2715211],[23.4545874,44.2732136],[23.4574522,44.2808672],[23.4613984,44.2904331],[23.4623596,44.2927013],[23.4622392,44.2927767],[23.4619889,44.2926839],[23.4617581,44.2927689],[23.4614964,44.2927092],[23.4613597,44.2928234],[23.4611827,44.292805],[23.4611057,44.29284],[23.460985,44.2929288],[23.4609844,44.2930428],[23.4607388,44.2930787],[23.4606474,44.2931322],[23.4607629,44.2933615],[23.4607103,44.2933893],[23.4604784,44.2933352],[23.4603507,44.2933538],[23.4604124,44.2935021],[23.4603656,44.2936149],[23.4602992,44.2936446],[23.4598764,44.2936117],[23.4599038,44.2938282],[23.4598614,44.2938413],[23.459559,44.2937258],[23.4592584,44.2934497],[23.4591029,44.293417],[23.4589707,44.2934545],[23.4589749,44.2936326],[23.4589218,44.2936772],[23.4586908,44.2935894],[23.4583929,44.2935507],[23.4582343,44.2935721],[23.4582006,44.2936234],[23.4582821,44.2937557],[23.4582101,44.2938135],[23.4579172,44.2937973],[23.4575564,44.2936585],[23.4574097,44.2936828],[23.4573102,44.293792],[23.4572021,44.2937483],[23.4570327,44.2937576],[23.4567995,44.2940724],[23.4562961,44.2941975],[23.4561874,44.2944147],[23.4561003,44.2944124],[23.4559849,44.2942864],[23.4557656,44.2943162],[23.4556877,44.2944003],[23.4557866,44.2945133],[23.4556807,44.2945466],[23.4556057,44.2945214],[23.4554934,44.2943596],[23.455507,44.2942836],[23.4553683,44.2942828],[23.4551615,44.2943569],[23.4550193,44.2944911],[23.4549702,44.2947563],[23.454672,44.2949449],[23.4544831,44.294859],[23.4543005,44.2948512],[23.4542687,44.2947848],[23.4543228,44.2946852],[23.4541737,44.2946043],[23.4539834,44.2945708],[23.4537976,44.2946855],[23.4537686,44.2949423],[23.4534004,44.2948456],[23.453141,44.2948817],[23.453001,44.2948515],[23.4527286,44.2946263],[23.4526272,44.2946498],[23.4525909,44.2947866],[23.4525244,44.2948015],[23.4516548,44.2947899],[23.4515387,44.2948491],[23.4515171,44.2949114],[23.4516376,44.2951593],[23.4515674,44.2952715],[23.4514901,44.2952949],[23.451161,44.2952259],[23.4509091,44.2953356],[23.4506906,44.2952175],[23.4504395,44.295256],[23.4502777,44.2951379],[23.4501545,44.2951083],[23.4500773,44.2951307],[23.4499737,44.2953121],[23.4499674,44.2954671],[23.4500351,44.2956083],[23.4499918,44.2957356],[23.4498408,44.2958798],[23.4495663,44.2959699],[23.4494243,44.2958997],[23.449448,44.2958367],[23.4496413,44.2957183],[23.4496465,44.2955637],[23.449527,44.2954753],[23.449377,44.2955068],[23.4492596,44.2954584],[23.448794,44.2955448],[23.4486589,44.2956071],[23.4482749,44.2955101],[23.4478015,44.2955338],[23.4475822,44.2956827],[23.4473847,44.2956808],[23.4470088,44.2955941],[23.4470062,44.2954179],[23.4469147,44.2953381],[23.4468061,44.2953482],[23.4466622,44.2954735],[23.446364,44.2954807],[23.4456774,44.2952774],[23.445465,44.2953991],[23.4452557,44.2952829],[23.4451266,44.2952645],[23.444954,44.2953562],[23.4447757,44.2953776],[23.4444787,44.2952127],[23.444313,44.29522],[23.4440569,44.2950936],[23.4438725,44.2951352],[23.4436509,44.2950022],[23.4432054,44.295168],[23.4426501,44.2950535],[23.4425427,44.295147],[23.4420933,44.2950965],[23.4411538,44.2954435],[23.4408804,44.2954802],[23.4402939,44.2956644],[23.4396449,44.2959979],[23.4393712,44.2960689],[23.4388362,44.296086],[23.4386389,44.2960309],[23.4383149,44.2961549],[23.4381193,44.2960284],[23.4378912,44.2961091],[23.4376333,44.2960397],[23.4375312,44.2960545],[23.4373253,44.296183],[23.4367015,44.2962214],[23.4361473,44.2962067],[23.4358596,44.2961204],[23.4353808,44.2960971],[23.4350801,44.296178],[23.4337167,44.2963832],[23.4321478,44.2965779],[23.4304692,44.2966492],[23.4289764,44.2968178],[23.4284273,44.2969183],[23.4276364,44.2969073],[23.4266498,44.2971641],[23.4261779,44.2971981],[23.42487,44.297491],[23.4233498,44.2979703],[23.4216897,44.2987453],[23.4204235,44.2995799],[23.419113,44.2999674],[23.4174468,44.3002687],[23.4154834,44.300417],[23.4145003,44.3005384],[23.4135114,44.3008762],[23.4128629,44.3011648],[23.4119888,44.3014365],[23.4101371,44.3023169],[23.4074341,44.3033205],[23.404717,44.3041479],[23.4038225,44.3044735],[23.4023558,44.305048],[23.3989046,44.3065279],[23.3968306,44.307256],[23.3904908,44.3089244],[23.3866683,44.3096747],[23.3839828,44.3101478],[23.3863205,44.3151449],[23.3875039,44.3182515],[23.388162,44.3205104],[23.3883226,44.3213448],[23.3892224,44.3238947],[23.3893856,44.3246345],[23.3897052,44.3255117],[23.3899926,44.3265951]]]}},{"type":"Feature","properties":{"entity_id":"osm-r9697791","jurisdiction":"RO","display_name":"ORODEL","display_type":"commune","admin_level":8,"tier":"local","legal_registry":"SIRUTA","legal_id":"73503","legal_type":"commune","parent_catalog_id":"osm-r2366970","osm_relation_id":9697791,"legal_identity_status":"reconciled","geometry_source":"OpenStreetMap","geometry_precision":"master_coordinate_fidelity"},"geometry":{"type":"Polygon","coordinates":[[[23.3346675,44.2417598],[23.3347489,44.24186],[23.3353485,44.242571],[23.3377367,44.2463351],[23.3388486,44.2484215],[23.3391595,44.2491458],[23.3393486,44.2498115],[23.3376336,44.2599304],[23.3362894,44.2685282],[23.3339574,44.2688681],[23.3340736,44.2699111],[23.3343426,44.2710324],[23.334492,44.2727871],[23.3344381,44.2728994],[23.333985,44.2732852],[23.3337679,44.2733902],[23.3336985,44.2734644],[23.3336712,44.27372],[23.3335866,44.2738029],[23.3330202,44.274004],[23.3328356,44.2740102],[23.3322531,44.2741645],[23.331978,44.2742857],[23.3318573,44.2744952],[23.3318247,44.274765],[23.3316236,44.2749106],[23.3315541,44.2750761],[23.3313793,44.2751755],[23.3310174,44.2751093],[23.3307894,44.2751507],[23.3303712,44.2751355],[23.3294009,44.2753431],[23.3289681,44.2754888],[23.3286767,44.2754827],[23.3284876,44.2753886],[23.3283575,44.2752327],[23.3282658,44.2752152],[23.3281629,44.2752423],[23.328083,44.2753342],[23.3280214,44.2756556],[23.3275216,44.2758773],[23.326704,44.2760603],[23.3264137,44.2760166],[23.3260788,44.2761369],[23.3257571,44.2761464],[23.325298,44.2762542],[23.3249605,44.2764622],[23.3248427,44.2764873],[23.3245911,44.2763976],[23.3239791,44.276623],[23.3235665,44.2765864],[23.3233913,44.2766107],[23.3230936,44.2767387],[23.3225316,44.2768718],[23.3209423,44.2773672],[23.3196902,44.2780092],[23.3164646,44.2794182],[23.3164526,44.2796615],[23.3161902,44.2797721],[23.3161219,44.2798929],[23.3161564,44.2802514],[23.316113,44.2803725],[23.3159775,44.2804027],[23.3156649,44.2800113],[23.3149235,44.2801399],[23.3148695,44.280114],[23.314918,44.2798175],[23.3148209,44.2797266],[23.3146044,44.2798021],[23.3142803,44.279808],[23.3142643,44.2796717],[23.3140556,44.2794788],[23.313882,44.2794475],[23.3130659,44.2799187],[23.3122048,44.2800526],[23.3120506,44.2802114],[23.3120797,44.2804123],[23.3119712,44.2805432],[23.3117515,44.2805578],[23.311147,44.2804341],[23.3109484,44.2805779],[23.3105365,44.2806899],[23.3102206,44.2805813],[23.309992,44.28056],[23.3098409,44.280615],[23.3096796,44.2808453],[23.3095129,44.2809216],[23.3090941,44.2807577],[23.3085033,44.2806772],[23.3078605,44.280843],[23.3077782,44.2809313],[23.3078254,44.2810215],[23.3080764,44.2811291],[23.3080133,44.2812428],[23.3076953,44.2813812],[23.3075643,44.2815976],[23.3071655,44.2816024],[23.3070136,44.2816824],[23.3068298,44.2820019],[23.306873,44.2822317],[23.3072328,44.2827098],[23.306816,44.28299],[23.3067505,44.2831823],[23.306899,44.2833887],[23.3070811,44.2834702],[23.3070795,44.2836957],[23.3068719,44.2839755],[23.3065795,44.2840892],[23.30633,44.2840998],[23.3060879,44.2840245],[23.3058608,44.2841214],[23.3056293,44.2843685],[23.3056493,44.2845371],[23.3055412,44.2846536],[23.3053374,44.2846362],[23.3052221,44.2844877],[23.3050536,44.2844529],[23.3039622,44.2846535],[23.3038548,44.2847701],[23.3037227,44.2848163],[23.3030247,44.2853139],[23.3030748,44.2855106],[23.3054888,44.2887391],[23.3067977,44.2904011],[23.3070656,44.2906916],[23.3081429,44.2915719],[23.3098866,44.2931517],[23.3104798,44.2938271],[23.3120817,44.2975766],[23.3123504,44.2980684],[23.3127949,44.298833],[23.3152236,44.3021424],[23.3115641,44.3034157],[23.3086759,44.3042668],[23.3039708,44.3055299],[23.3008873,44.3065281],[23.2998811,44.305159],[23.2982701,44.3031391],[23.2977357,44.3023523],[23.2976356,44.3024057],[23.2965932,44.3024802],[23.2963835,44.3025967],[23.2962464,44.3028949],[23.2961295,44.3029872],[23.2960386,44.3029477],[23.2960296,44.3028116],[23.2959236,44.3028007],[23.2957539,44.3029699],[23.2955365,44.3029522],[23.2954255,44.3031553],[23.2953342,44.3031721],[23.2951165,44.3031195],[23.2951811,44.3033185],[23.2949461,44.3034348],[23.2944654,44.3034158],[23.2944005,44.3034982],[23.2944634,44.3036139],[23.2943928,44.3036502],[23.2942739,44.303636],[23.2941346,44.3035338],[23.2939137,44.3035371],[23.2939178,44.3036352],[23.2940041,44.3036729],[23.2939618,44.3037245],[23.2937872,44.3036499],[23.293525,44.3038196],[23.2930287,44.303857],[23.2927648,44.3040394],[23.2925287,44.3039751],[23.2922243,44.3041277],[23.2921656,44.3042983],[23.2918285,44.3042165],[23.2915648,44.3043504],[23.2915979,44.3044427],[23.2915551,44.304465],[23.2913632,44.3044859],[23.2910161,44.3043983],[23.2909146,44.3044349],[23.2909352,44.3045595],[23.2908627,44.3046128],[23.290632,44.304599],[23.2904339,44.3045354],[23.29034,44.3046384],[23.2901929,44.304578],[23.2900949,44.3046443],[23.2898867,44.3046601],[23.2899352,44.3047484],[23.2898723,44.3048273],[23.2897068,44.3048055],[23.2895179,44.3048408],[23.2893242,44.3049811],[23.288976,44.3049345],[23.2888558,44.3050753],[23.2885934,44.3050225],[23.2883551,44.3051515],[23.2882262,44.3051471],[23.288139,44.3050814],[23.2879604,44.3052098],[23.2876425,44.3051621],[23.287296,44.3053758],[23.2867868,44.3055905],[23.2863873,44.3055506],[23.2862928,44.3056134],[23.2862532,44.3058119],[23.2858837,44.3059551],[23.2853819,44.3059503],[23.285182,44.3060382],[23.2850138,44.3059888],[23.2848515,44.3060901],[23.2847104,44.3062665],[23.2844964,44.3063611],[23.2843159,44.306291],[23.2842323,44.3064556],[23.284086,44.3063667],[23.2838928,44.3064032],[23.2836807,44.3066109],[23.2835986,44.3066071],[23.2834757,44.3064303],[23.2833836,44.3064718],[23.2833489,44.3065931],[23.2828476,44.3065674],[23.2828424,44.3067422],[23.2825739,44.3066924],[23.2823043,44.3069403],[23.2822117,44.3068823],[23.2815283,44.3069554],[23.2812347,44.3071002],[23.2810302,44.3071377],[23.2808391,44.3073522],[23.2807556,44.3073409],[23.2806181,44.307161],[23.2804147,44.3071393],[23.2803572,44.3071738],[23.2803147,44.3073966],[23.2800907,44.3075294],[23.2799555,44.3077884],[23.2797088,44.3078311],[23.2792548,44.3081232],[23.2772739,44.30911],[23.2742128,44.3107791],[23.2677652,44.3144157],[23.2624721,44.3172538],[23.2613561,44.3179318],[23.2594438,44.3189889],[23.2579639,44.3197344],[23.2562968,44.3204293],[23.2562515,44.3204103],[23.2565675,44.3187139],[23.2569877,44.3179593],[23.2571696,44.3175048],[23.2571622,44.317073],[23.2573217,44.316512],[23.2573063,44.3163471],[23.257175,44.3161365],[23.2562195,44.3155436],[23.2556818,44.3152901],[23.2548,44.3149581],[23.253639,44.3142523],[23.2531461,44.3138678],[23.2529128,44.3136592],[23.252722,44.3133965],[23.2523588,44.3131055],[23.2521369,44.3125203],[23.251875,44.3120808],[23.2514866,44.3114418],[23.2512281,44.3112256],[23.2506686,44.3110229],[23.2503523,44.3110353],[23.2500532,44.3109822],[23.2494845,44.3107484],[23.2486441,44.3102304],[23.2482473,44.3100413],[23.2469231,44.3096804],[23.2461372,44.3093828],[23.24438,44.3085157],[23.243968,44.3084909],[23.2430638,44.3078951],[23.2420848,44.3075798],[23.241265,44.3072267],[23.2410473,44.3071794],[23.2408146,44.3069562],[23.2406144,44.306503],[23.2405465,44.3060519],[23.2405588,44.305646],[23.2407453,44.3053782],[23.2409378,44.3047409],[23.2408851,44.3036241],[23.2407761,44.3033553],[23.2406196,44.303137],[23.2398828,44.3025693],[23.2386694,44.3012515],[23.2381438,44.3006103],[23.2377296,44.2999891],[23.2373577,44.299654],[23.2371274,44.2993503],[23.2365346,44.2984044],[23.2364857,44.2982905],[23.2359614,44.2971214],[23.2356724,44.2966398],[23.2356403,44.2964312],[23.2353658,44.2960547],[23.2351143,44.2955727],[23.2349071,44.294867],[23.2349242,44.2946393],[23.2348701,44.2945449],[23.2342542,44.293664],[23.2340517,44.2934956],[23.2331634,44.2930237],[23.2321861,44.2922644],[23.2320603,44.2921177],[23.2318045,44.2916874],[23.2314908,44.2908119],[23.2306089,44.289544],[23.2304283,44.2889133],[23.2300361,44.2879319],[23.2297689,44.2874668],[23.228524,44.2862319],[23.2273287,44.2842597],[23.2270545,44.2839048],[23.2265795,44.2834799],[23.2261337,44.2831775],[23.2255366,44.2826246],[23.2244058,44.2812362],[23.2237938,44.2806358],[23.2233112,44.2802816],[23.2224878,44.2792446],[23.2221571,44.2785857],[23.221863,44.2781635],[23.2215104,44.2778626],[23.2212468,44.2775197],[23.2205853,44.2769264],[23.219193,44.2758528],[23.2189321,44.2756006],[23.2183218,44.2745867],[23.2169538,44.2727258],[23.216573,44.2719163],[23.2161758,44.2712878],[23.2156844,44.2701536],[23.2158475,44.2698411],[23.2151912,44.2676528],[23.2151407,44.2671558],[23.2147284,44.2657708],[23.2145144,44.264708],[23.2145732,44.2640434],[23.2145223,44.2626681],[23.2147739,44.2605454],[23.2150123,44.2595646],[23.2150057,44.2583515],[23.2151346,44.2577234],[23.2153993,44.2569557],[23.2156824,44.2566609],[23.2158729,44.2561677],[23.2160285,44.2553825],[23.2160758,44.2546969],[23.2171899,44.2544455],[23.2176524,44.2541819],[23.2178121,44.2540177],[23.2180776,44.2538691],[23.2193013,44.253275],[23.2198014,44.2520636],[23.2203616,44.2510644],[23.2204371,44.2508177],[23.2211581,44.2501418],[23.2219863,44.2494664],[23.2259009,44.2479949],[23.2265423,44.2476606],[23.2257995,44.2472776],[23.2247276,44.2468084],[23.2233297,44.2458432],[23.2221205,44.2449328],[23.2214745,44.2442611],[23.2201553,44.2426492],[23.2200791,44.2419509],[23.2198723,44.241705],[23.219586,44.2415659],[23.2191468,44.2415282],[23.2170845,44.2415926],[23.2168025,44.241552],[23.2162487,44.2413171],[23.2153779,44.2408109],[23.215633,44.2401795],[23.2160765,44.2393755],[23.2167141,44.2374012],[23.2197673,44.2293127],[23.2202425,44.2274618],[23.2210578,44.2252138],[23.2219844,44.2222803],[23.222021,44.2220084],[23.2223881,44.2210993],[23.2227106,44.2197991],[23.2230534,44.2193125],[23.223243,44.2188437],[23.2233876,44.2181958],[23.2234136,44.2175419],[23.223705,44.2170582],[23.2240481,44.2163025],[23.2244039,44.2147566],[23.2242338,44.2144654],[23.224262,44.2143125],[23.2253589,44.2137175],[23.2267388,44.2126814],[23.2283408,44.2118731],[23.2320279,44.2101744],[23.2344492,44.2091063],[23.234989,44.2089328],[23.2354714,44.2086849],[23.2360565,44.2084599],[23.2366351,44.2078548],[23.2361977,44.2072756],[23.2361449,44.2071527],[23.2362373,44.2070891],[23.2376251,44.2079323],[23.2378659,44.2078222],[23.2385055,44.2073823],[23.2387115,44.2073006],[23.2393049,44.207267],[23.2399705,44.2073168],[23.2402247,44.2073064],[23.2403506,44.2072583],[23.2404329,44.2071701],[23.2404893,44.2069489],[23.2405608,44.2060692],[23.2406913,44.2058672],[23.2410413,44.2059801],[23.2430003,44.2063867],[23.2430509,44.2065235],[23.245815,44.2066419],[23.245911,44.2069263],[23.2466552,44.2070095],[23.2478139,44.2073785],[23.2489044,44.207861],[23.2495289,44.207953],[23.2497755,44.2080285],[23.2503143,44.208488],[23.2505353,44.2085881],[23.2516349,44.2086053],[23.2533105,44.2108262],[23.2543009,44.2118334],[23.2587372,44.2108137],[23.2618387,44.2099809],[23.2701022,44.2080831],[23.2716214,44.2077762],[23.2890109,44.2035853],[23.2935293,44.2038927],[23.2939474,44.2037236],[23.2995383,44.202326],[23.3037527,44.2011831],[23.308016,44.2001193],[23.3122664,44.206428],[23.3133137,44.2080691],[23.3153536,44.2108567],[23.3155663,44.2112466],[23.3198073,44.217548],[23.3211051,44.2199005],[23.3217257,44.2212784],[23.3232981,44.2253384],[23.3256115,44.2306732],[23.3264861,44.2307094],[23.3264949,44.2315199],[23.3272422,44.2315593],[23.3272786,44.2324877],[23.3276071,44.2328759],[23.3279226,44.233789],[23.3279485,44.2340558],[23.3277772,44.2345604],[23.3278491,44.235095],[23.3283593,44.2356922],[23.3293562,44.2365305],[23.3310614,44.238178],[23.3315197,44.2385247],[23.3320244,44.2387932],[23.3333844,44.2405518],[23.3343092,44.2413481],[23.3346675,44.2417598]]]}},{"type":"Feature","properties":{"entity_id":"osm-r9697792","jurisdiction":"RO","display_name":"TERPEZIȚA","display_type":"commune","admin_level":8,"tier":"local","legal_registry":"SIRUTA","legal_id":"74359","legal_type":"commune","parent_catalog_id":"osm-r2366970","osm_relation_id":9697792,"legal_identity_status":"reconciled","geometry_source":"OpenStreetMap","geometry_precision":"master_coordinate_fidelity"},"geometry":{"type":"Polygon","coordinates":[[[23.5687766,44.3231128],[23.5678825,44.3229244],[23.5633536,44.3224309],[23.5620336,44.3227802],[23.5610288,44.3231509],[23.5550447,44.3225862],[23.5533471,44.3224947],[23.5506092,44.3222503],[23.5487002,44.3218771],[23.5451804,44.3218316],[23.5444712,44.3220317],[23.5428738,44.3218192],[23.5376691,44.3240703],[23.5367665,44.3242329],[23.5328789,44.3252805],[23.5326856,44.3252431],[23.532253,44.3250632],[23.5322088,44.3248883],[23.5322892,44.324593],[23.5326379,44.3242489],[23.5325112,44.3234976],[23.5317533,44.3217794],[23.5314836,44.3199629],[23.5312453,44.3188267],[23.5306535,44.3182262],[23.5300921,44.3173821],[23.5300603,44.3167193],[23.5297832,44.3161578],[23.5287258,44.3157256],[23.5267643,44.3145669],[23.5252123,44.3135355],[23.5242883,44.3126343],[23.5235223,44.3122059],[23.5230025,44.3116412],[23.5230132,44.311223],[23.5225728,44.3113567],[23.5213345,44.3113579],[23.5203858,44.3114325],[23.5190623,44.3119207],[23.517625,44.312111],[23.5161718,44.3119698],[23.5146406,44.3120367],[23.5138563,44.3123227],[23.5132248,44.3123318],[23.511364,44.3119935],[23.510658,44.3120713],[23.5095847,44.3122663],[23.5086242,44.312794],[23.5065617,44.3127492],[23.5038101,44.3121199],[23.5026141,44.3114242],[23.5020774,44.3115216],[23.5034204,44.3168738],[23.4927165,44.3176549],[23.4844428,44.3183457],[23.4810649,44.3187598],[23.475216,44.3194112],[23.4753022,44.3195634],[23.4752908,44.3197089],[23.4751448,44.3198309],[23.4749391,44.319936],[23.4744714,44.3199998],[23.4601122,44.3209383],[23.4560244,44.3214186],[23.4517364,44.3217662],[23.4469627,44.3220372],[23.4406252,44.3225593],[23.4360184,44.322854],[23.4314418,44.3233296],[23.418523,44.3242605],[23.4178316,44.3243572],[23.4164435,44.3244252],[23.4159885,44.3244876],[23.4157508,44.3245718],[23.4150877,44.3245875],[23.4148881,44.3245534],[23.4108107,44.3248657],[23.4100882,44.3248646],[23.4048812,44.3253587],[23.3922541,44.3263989],[23.3899926,44.3265951],[23.3897052,44.3255117],[23.3893856,44.3246345],[23.3892224,44.3238947],[23.3883226,44.3213448],[23.388162,44.3205104],[23.3875039,44.3182515],[23.3863205,44.3151449],[23.3839828,44.3101478],[23.3866683,44.3096747],[23.3904908,44.3089244],[23.3968306,44.307256],[23.3989046,44.3065279],[23.4023558,44.305048],[23.4038225,44.3044735],[23.404717,44.3041479],[23.4074341,44.3033205],[23.4101371,44.3023169],[23.4119888,44.3014365],[23.4128629,44.3011648],[23.4135114,44.3008762],[23.4145003,44.3005384],[23.4154834,44.300417],[23.4174468,44.3002687],[23.419113,44.2999674],[23.4204235,44.2995799],[23.4216897,44.2987453],[23.4233498,44.2979703],[23.42487,44.297491],[23.4261779,44.2971981],[23.4266498,44.2971641],[23.4276364,44.2969073],[23.4284273,44.2969183],[23.4289764,44.2968178],[23.4304692,44.2966492],[23.4321478,44.2965779],[23.4337167,44.2963832],[23.4350801,44.296178],[23.4353808,44.2960971],[23.4358596,44.2961204],[23.4361473,44.2962067],[23.4367015,44.2962214],[23.4373253,44.296183],[23.4375312,44.2960545],[23.4376333,44.2960397],[23.4378912,44.2961091],[23.4381193,44.2960284],[23.4383149,44.2961549],[23.4386389,44.2960309],[23.4388362,44.296086],[23.4393712,44.2960689],[23.4396449,44.2959979],[23.4402939,44.2956644],[23.4408804,44.2954802],[23.4411538,44.2954435],[23.4420933,44.2950965],[23.4425427,44.295147],[23.4426501,44.2950535],[23.4432054,44.295168],[23.4436509,44.2950022],[23.4438725,44.2951352],[23.4440569,44.2950936],[23.444313,44.29522],[23.4444787,44.2952127],[23.4447757,44.2953776],[23.444954,44.2953562],[23.4451266,44.2952645],[23.4452557,44.2952829],[23.445465,44.2953991],[23.4456774,44.2952774],[23.446364,44.2954807],[23.4466622,44.2954735],[23.4468061,44.2953482],[23.4469147,44.2953381],[23.4470062,44.2954179],[23.4470088,44.2955941],[23.4473847,44.2956808],[23.4475822,44.2956827],[23.4478015,44.2955338],[23.4482749,44.2955101],[23.4486589,44.2956071],[23.448794,44.2955448],[23.4492596,44.2954584],[23.449377,44.2955068],[23.449527,44.2954753],[23.4496465,44.2955637],[23.4496413,44.2957183],[23.449448,44.2958367],[23.4494243,44.2958997],[23.4495663,44.2959699],[23.4498408,44.2958798],[23.4499918,44.2957356],[23.4500351,44.2956083],[23.4499674,44.2954671],[23.4499737,44.2953121],[23.4500773,44.2951307],[23.4501545,44.2951083],[23.4502777,44.2951379],[23.4504395,44.295256],[23.4506906,44.2952175],[23.4509091,44.2953356],[23.451161,44.2952259],[23.4514901,44.2952949],[23.4515674,44.2952715],[23.4516376,44.2951593],[23.4515171,44.2949114],[23.4515387,44.2948491],[23.4516548,44.2947899],[23.4525244,44.2948015],[23.4525909,44.2947866],[23.4526272,44.2946498],[23.4527286,44.2946263],[23.453001,44.2948515],[23.453141,44.2948817],[23.4534004,44.2948456],[23.4537686,44.2949423],[23.4537976,44.2946855],[23.4539834,44.2945708],[23.4541737,44.2946043],[23.4543228,44.2946852],[23.4542687,44.2947848],[23.4543005,44.2948512],[23.4544831,44.294859],[23.454672,44.2949449],[23.4549702,44.2947563],[23.4550193,44.2944911],[23.4551615,44.2943569],[23.4553683,44.2942828],[23.455507,44.2942836],[23.4554934,44.2943596],[23.4556057,44.2945214],[23.4556807,44.2945466],[23.4557866,44.2945133],[23.4556877,44.2944003],[23.4557656,44.2943162],[23.4559849,44.2942864],[23.4561003,44.2944124],[23.4561874,44.2944147],[23.4562961,44.2941975],[23.4567995,44.2940724],[23.4570327,44.2937576],[23.4572021,44.2937483],[23.4573102,44.293792],[23.4574097,44.2936828],[23.4575564,44.2936585],[23.4579172,44.2937973],[23.4582101,44.2938135],[23.4582821,44.2937557],[23.4582006,44.2936234],[23.4582343,44.2935721],[23.4583929,44.2935507],[23.4586908,44.2935894],[23.4589218,44.2936772],[23.4589749,44.2936326],[23.4589707,44.2934545],[23.4591029,44.293417],[23.4592584,44.2934497],[23.459559,44.2937258],[23.4598614,44.2938413],[23.4599038,44.2938282],[23.4598764,44.2936117],[23.4602992,44.2936446],[23.4603656,44.2936149],[23.4604124,44.2935021],[23.4603507,44.2933538],[23.4604784,44.2933352],[23.4607103,44.2933893],[23.4607629,44.2933615],[23.4606474,44.2931322],[23.4607388,44.2930787],[23.4609844,44.2930428],[23.460985,44.2929288],[23.4611057,44.29284],[23.4611827,44.292805],[23.4613597,44.2928234],[23.4614964,44.2927092],[23.4617581,44.2927689],[23.4619889,44.2926839],[23.4622392,44.2927767],[23.4623596,44.2927013],[23.4624178,44.2926353],[23.4629775,44.2927237],[23.4630218,44.2925207],[23.4631396,44.2924136],[23.4632472,44.2923866],[23.4644337,44.2924554],[23.4648826,44.292087],[23.4647875,44.2919267],[23.4649391,44.2918211],[23.4649952,44.2916796],[23.4648282,44.291565],[23.4644323,44.2914672],[23.4643549,44.2913784],[23.4642105,44.2909964],[23.4638653,44.2905397],[23.463898,44.2902337],[23.4635602,44.2899702],[23.4632028,44.2895764],[23.463241,44.2894463],[23.4634603,44.2893436],[23.4636874,44.2893096],[23.4639598,44.2894215],[23.464125,44.2894361],[23.4641571,44.2893374],[23.464084,44.2891586],[23.4641022,44.2890227],[23.4641601,44.2889813],[23.4647231,44.2891523],[23.4649381,44.2891397],[23.4650218,44.2891141],[23.4651563,44.2886881],[23.4653414,44.2887084],[23.4656098,44.2888689],[23.4658645,44.2889093],[23.466046,44.2887708],[23.4664425,44.2886612],[23.4665454,44.2888901],[23.4667365,44.2889204],[23.4668442,44.2888519],[23.4669784,44.2885504],[23.467062,44.2885247],[23.4673027,44.2886108],[23.4673502,44.2887325],[23.4675969,44.2887871],[23.4679736,44.2886303],[23.4683857,44.288658],[23.4685873,44.2884424],[23.4687487,44.2883811],[23.469069,44.2884902],[23.4693762,44.2882303],[23.4695413,44.2882863],[23.4697166,44.2882622],[23.4699102,44.2880608],[23.4702984,44.2880899],[23.4704337,44.2881373],[23.4710459,44.2877248],[23.4712667,44.2878051],[23.4713444,44.2877695],[23.4714085,44.2876137],[23.4715262,44.2875066],[23.4717791,44.2874883],[23.4718053,44.2873797],[23.4720323,44.2873456],[23.472168,44.2872271],[23.4725645,44.2871175],[23.4726937,44.2871963],[23.4727892,44.2871907],[23.4728795,44.2869263],[23.473031,44.2868621],[23.4729537,44.2866904],[23.4731012,44.2866334],[23.4732903,44.2866465],[23.4737885,44.2864583],[23.474079,44.2861925],[23.4741298,44.2860755],[23.4743611,44.2859514],[23.474614,44.2859331],[23.4748214,44.2857689],[23.4749149,44.2857876],[23.4750023,44.2858793],[23.4753068,44.285934],[23.4755796,44.2859214],[23.4760544,44.2854859],[23.4761719,44.2854617],[23.4765318,44.2856652],[23.4766635,44.2855538],[23.4767696,44.2853023],[23.4769947,44.2852511],[23.4771855,44.2853643],[23.4772791,44.2853415],[23.4778255,44.2849847],[23.4780584,44.2849606],[23.478983,44.28463],[23.4793041,44.2843658],[23.4794222,44.2840928],[23.4795817,44.2839729],[23.4796453,44.2840244],[23.4799023,44.2839575],[23.480062,44.2837546],[23.4804168,44.2835749],[23.4806994,44.2836067],[23.4810122,44.2835227],[23.4811259,44.2834227],[23.481327,44.2833729],[23.4815698,44.2834347],[23.4817486,44.2835693],[23.4819459,44.2834852],[23.482056,44.2832264],[23.4821955,44.2831837],[23.482488,44.2832184],[23.4827565,44.2833374],[23.4833976,44.2833067],[23.4838004,44.2834808],[23.4849746,44.2831219],[23.4852146,44.282759],[23.486026,44.2823516],[23.4864127,44.2824091],[23.4868766,44.282302],[23.4870303,44.2819903],[23.4877919,44.2820964],[23.4883375,44.2821124],[23.4884164,44.2818782],[23.488759,44.2817694],[23.4892634,44.281968],[23.4902287,44.2812401],[23.4905544,44.2813142],[23.4910797,44.281173],[23.4911481,44.2808776],[23.4914321,44.2804719],[23.4917177,44.2799202],[23.4917115,44.2798217],[23.4909851,44.2793905],[23.4896089,44.2780155],[23.4893526,44.2778253],[23.4787234,44.2704924],[23.4788349,44.2704579],[23.4789755,44.2703275],[23.4791429,44.2702818],[23.4795445,44.2702587],[23.480405,44.2701041],[23.4822993,44.2697127],[23.4848987,44.2690117],[23.4872977,44.2679887],[23.4891255,44.2673808],[23.4895427,44.2673382],[23.4902312,44.2674082],[23.4910964,44.2674727],[23.4917595,44.2674249],[23.4926906,44.2674286],[23.4929212,44.2673681],[23.4933049,44.2671709],[23.4934061,44.2671537],[23.4935225,44.2671974],[23.4939802,44.2677974],[23.494002,44.2679572],[23.4938969,44.2682446],[23.4936018,44.2684114],[23.4932434,44.268708],[23.4927309,44.2689262],[23.4923644,44.2690222],[23.4922884,44.2691357],[23.4923608,44.2692263],[23.4925706,44.2691374],[23.4931226,44.2691337],[23.4936401,44.2688516],[23.4940144,44.2687197],[23.4941633,44.2685444],[23.4944538,44.2683362],[23.4944641,44.2682289],[23.4943139,44.267982],[23.4945187,44.2678532],[23.4945297,44.2677945],[23.4943677,44.2676037],[23.4940588,44.2673876],[23.4939223,44.2670711],[23.4943636,44.2670042],[23.4965788,44.2663456],[23.4978048,44.2666268],[23.4979995,44.2666094],[23.4981371,44.2666531],[23.4981915,44.2665901],[23.4981297,44.2665115],[23.4978217,44.2663739],[23.4977114,44.2662697],[23.4974815,44.265843],[23.4975332,44.2657533],[23.4980681,44.2654989],[23.4985163,44.2653463],[23.500809,44.2647859],[23.5157202,44.2614308],[23.5168258,44.2609207],[23.517062,44.2608736],[23.5319882,44.2548204],[23.5347656,44.2537473],[23.536686,44.2531374],[23.5389944,44.2525714],[23.5409728,44.2521652],[23.5425745,44.2557684],[23.5380835,44.2739054],[23.5390458,44.2742317],[23.5395936,44.2746398],[23.542752,44.2744715],[23.5456409,44.2744043],[23.5478936,44.2745554],[23.5502208,44.2746377],[23.5505103,44.2747187],[23.5506665,44.2746489],[23.550817,44.2744505],[23.5509602,44.2741169],[23.5513283,44.2739168],[23.5512929,44.2736543],[23.5513313,44.2735762],[23.5517407,44.2732746],[23.5516414,44.2729947],[23.5516369,44.2728574],[23.5516876,44.2728394],[23.5529248,44.2728814],[23.5544468,44.2730908],[23.5555235,44.2731471],[23.5559509,44.2732416],[23.556589,44.2732727],[23.5565829,44.2737502],[23.5568864,44.2743405],[23.5571471,44.2751776],[23.5572713,44.276461],[23.557681,44.2777134],[23.5578063,44.2784816],[23.5604017,44.2786162],[23.5606172,44.2798898],[23.5610257,44.2816674],[23.5616105,44.2874862],[23.5629034,44.2874124],[23.5667498,44.2869552],[23.5718271,44.286574],[23.5746514,44.2863872],[23.5864703,44.2857997],[23.586109,44.2885698],[23.5850713,44.2929707],[23.5849835,44.2945616],[23.5850136,44.2951428],[23.5851474,44.2958274],[23.5859977,44.298926],[23.5859207,44.2993029],[23.5861781,44.2996442],[23.5864825,44.299934],[23.5866754,44.3007833],[23.5870793,44.301875],[23.5870411,44.3034354],[23.5872207,44.3077786],[23.5875469,44.3119047],[23.5880785,44.3125963],[23.5881461,44.3128256],[23.5881506,44.3132742],[23.5884714,44.3135024],[23.5885894,44.3136735],[23.5884827,44.315258],[23.588292,44.316116],[23.5880792,44.3224579],[23.588018,44.3229023],[23.5823609,44.3227065],[23.57755,44.3228202],[23.5712275,44.323176],[23.5691146,44.3231841],[23.5687766,44.3231128]]]}},{"type":"Feature","properties":{"entity_id":"osm-r9697793","jurisdiction":"RO","display_name":"VÂRVORU DE JOS","display_type":"commune","admin_level":8,"tier":"local","legal_registry":"SIRUTA","legal_id":"74750","legal_type":"commune","parent_catalog_id":"osm-r2366970","osm_relation_id":9697793,"legal_identity_status":"reconciled","geometry_source":"OpenStreetMap","geometry_precision":"master_coordinate_fidelity"},"geometry":{"type":"Polygon","coordinates":[[[23.5262856,44.2051876],[23.5279,44.2104525],[23.5284877,44.2121707],[23.529095,44.2143205],[23.5296613,44.2160392],[23.5301214,44.2172159],[23.5308016,44.2169613],[23.5358691,44.2155316],[23.5370887,44.2151348],[23.5378559,44.2149607],[23.5398411,44.2143252],[23.5403904,44.2142292],[23.5418652,44.2137593],[23.5441348,44.2131283],[23.5451591,44.2129178],[23.5488259,44.2126159],[23.5525566,44.2117416],[23.5528497,44.2111763],[23.5532276,44.2101073],[23.5531556,44.2097778],[23.552801,44.2090153],[23.5528842,44.208851],[23.552969,44.208768],[23.554824,44.2084609],[23.5551044,44.2087241],[23.5552011,44.2088043],[23.5573808,44.2106192],[23.5589114,44.2095477],[23.563004,44.2065088],[23.5692456,44.2056092],[23.5717921,44.2051712],[23.5719944,44.2050874],[23.5749671,44.2025042],[23.5748768,44.2023782],[23.5737254,44.201442],[23.5743487,44.2010616],[23.5743318,44.2009768],[23.5725437,44.1998634],[23.5687639,44.1973441],[23.5677404,44.1967492],[23.5660221,44.1955705],[23.5688568,44.1947698],[23.5709121,44.1957575],[23.5719379,44.1961918],[23.5738591,44.197248],[23.5756257,44.1984288],[23.5773671,44.1997413],[23.5780609,44.2001132],[23.5785977,44.200454],[23.5790062,44.2007843],[23.579932,44.2013307],[23.5819417,44.2026381],[23.5827921,44.2031076],[23.5845013,44.2042511],[23.5851197,44.2046005],[23.585218,44.2046351],[23.5852445,44.2046051],[23.5859217,44.2050475],[23.5985821,44.1972683],[23.6003655,44.2015784],[23.6012536,44.2013652],[23.6020187,44.2010371],[23.6023888,44.2011531],[23.6029355,44.2011345],[23.6031158,44.2010869],[23.6032705,44.2009315],[23.6032846,44.201159],[23.6035978,44.2012603],[23.6041975,44.2009088],[23.6047032,44.2006904],[23.6072771,44.1993143],[23.6082976,44.1983619],[23.6084285,44.1983093],[23.6102609,44.196243],[23.6103598,44.1958244],[23.6106063,44.1956916],[23.6106867,44.1955634],[23.6106904,44.1954943],[23.6105735,44.1953706],[23.6107048,44.1952897],[23.6108597,44.1950485],[23.611329,44.1950591],[23.6114946,44.1949423],[23.6115063,44.1948005],[23.6113196,44.1944933],[23.6114054,44.194074],[23.6112441,44.1938369],[23.6107886,44.1934022],[23.6107657,44.1932803],[23.6108641,44.1928905],[23.6105587,44.1926046],[23.6105326,44.1924938],[23.6109827,44.192161],[23.6110933,44.1920264],[23.6109188,44.1913469],[23.6109495,44.1912643],[23.6111279,44.1912204],[23.6114226,44.1913612],[23.6115718,44.1913565],[23.6116479,44.1912547],[23.6116248,44.1910517],[23.6115142,44.1909255],[23.6111214,44.1908805],[23.6108937,44.190775],[23.6107958,44.190657],[23.6108164,44.1904725],[23.6107003,44.1903683],[23.6101213,44.1901339],[23.6096787,44.1898725],[23.6094996,44.1898666],[23.609089,44.1901322],[23.6087635,44.1902069],[23.6084384,44.1901768],[23.6083046,44.1901022],[23.6081621,44.1898379],[23.6082698,44.189491],[23.608065,44.1893133],[23.6077945,44.1891859],[23.6077245,44.1889906],[23.6077669,44.1888798],[23.6081632,44.1886592],[23.6082359,44.1885682],[23.6082124,44.1884048],[23.6080496,44.1882204],[23.6078961,44.1881826],[23.607506,44.1882455],[23.607293,44.1884056],[23.6069189,44.1888856],[23.606772,44.1889658],[23.6063931,44.1889831],[23.606202,44.1888604],[23.6060848,44.1887852],[23.605963,44.1884445],[23.6059715,44.1883183],[23.6062185,44.188204],[23.6064059,44.1877212],[23.6065215,44.1877042],[23.6067937,44.1877846],[23.6069658,44.1876808],[23.6071702,44.1872006],[23.6072841,44.187127],[23.607198,44.1868889],[23.6071954,44.1866777],[23.6074806,44.1865369],[23.607477,44.1863938],[23.6073958,44.1863212],[23.6068189,44.1860299],[23.6068162,44.1856176],[23.6070232,44.1854692],[23.6077983,44.1853834],[23.6079905,44.1852872],[23.6080561,44.1851765],[23.6080526,44.1846885],[23.6079989,44.1845995],[23.6076578,44.1844343],[23.6075173,44.1842022],[23.6072843,44.184022],[23.6072811,44.1839682],[23.6073934,44.1839225],[23.6082351,44.1839195],[23.6084764,44.1837408],[23.6085406,44.1835799],[23.6084288,44.1834957],[23.6080006,44.1834932],[23.6076581,44.1836277],[23.6074753,44.1836001],[23.6073279,44.1835201],[23.6072595,44.1833757],[23.6073479,44.1830342],[23.6073154,44.1829444],[23.6069646,44.1825183],[23.6066375,44.1823699],[23.6065891,44.1818001],[23.6065049,44.1817249],[23.605919,44.1816342],[23.6057941,44.1815682],[23.6057735,44.1814749],[23.6058684,44.1813717],[23.6064393,44.1812304],[23.6064349,44.1810554],[23.6062541,44.1809749],[23.6057058,44.1809768],[23.6055311,44.1809102],[23.6046711,44.1804801],[23.6040923,44.1800647],[23.604081,44.1798865],[23.6043309,44.1794865],[23.60412,44.1790588],[23.6037173,44.1786803],[23.6031277,44.178611],[23.6030046,44.1784761],[23.6031393,44.1778403],[23.6030971,44.1770554],[23.6041675,44.1767841],[23.6101267,44.1755072],[23.6100885,44.1752467],[23.6102073,44.1752038],[23.6111826,44.1749483],[23.6133064,44.1742786],[23.6140064,44.1741338],[23.6137291,44.1733068],[23.6171879,44.1730668],[23.6171894,44.173109],[23.6178438,44.1733692],[23.6187764,44.1738894],[23.6193341,44.1741309],[23.6198184,44.1744334],[23.6211723,44.1749859],[23.6214499,44.1752082],[23.6217065,44.1756281],[23.6220249,44.1758557],[23.6232413,44.1764078],[23.6237672,44.176532],[23.6242801,44.1767554],[23.6246559,44.1768557],[23.6258759,44.1779404],[23.6260599,44.178207],[23.626727,44.1784759],[23.6270829,44.1786786],[23.6275347,44.1791478],[23.6280656,44.1801931],[23.6282064,44.1807837],[23.6281904,44.1811608],[23.6282746,44.1814733],[23.6286669,44.1821708],[23.6297863,44.1837776],[23.6295692,44.1840053],[23.6295308,44.184266],[23.6334072,44.1826292],[23.6344027,44.1824538],[23.6345256,44.182379],[23.6345272,44.1825032],[23.6345983,44.1825654],[23.6351081,44.1827373],[23.6364955,44.1828217],[23.6367822,44.1829096],[23.6369774,44.1828776],[23.6378413,44.1829085],[23.6385831,44.1826148],[23.6389673,44.1823709],[23.639572,44.1820994],[23.6403387,44.1816037],[23.6405817,44.181725],[23.6409518,44.1816964],[23.6420787,44.1817233],[23.6422526,44.1818325],[23.6427896,44.1826445],[23.6429475,44.1826023],[23.6559561,44.2029501],[23.6564724,44.2034731],[23.6679542,44.2115439],[23.6680769,44.2116591],[23.6686381,44.2120689],[23.6698815,44.2129153],[23.6709813,44.2137255],[23.6730444,44.2151845],[23.6730693,44.2152054],[23.673099,44.2152529],[23.6730629,44.2153727],[23.6730592,44.215451],[23.6730631,44.2155386],[23.6730977,44.215691],[23.673144,44.2157898],[23.6732108,44.216008],[23.6733502,44.2164076],[23.6733948,44.2166035],[23.6734892,44.2169363],[23.6735822,44.217219],[23.6736338,44.2174128],[23.6736587,44.2176021],[23.6736779,44.2176476],[23.6736824,44.2177985],[23.6737023,44.2179899],[23.6738466,44.2185863],[23.673879,44.2187501],[23.673897,44.2189407],[23.6738854,44.2190132],[23.6738424,44.2190992],[23.673779,44.219144],[23.6737369,44.2191655],[23.6736612,44.2191867],[23.6735867,44.2191965],[23.6734941,44.2191951],[23.6732496,44.2191502],[23.6730531,44.2191076],[23.6729334,44.219102],[23.6726275,44.2190766],[23.6723343,44.21906],[23.6720807,44.2190579],[23.6719471,44.219066],[23.6718587,44.2190778],[23.6717456,44.2191045],[23.6716868,44.21914],[23.6716464,44.2191829],[23.6716358,44.2192208],[23.6716288,44.2192919],[23.6716389,44.2193593],[23.6717161,44.2197016],[23.6717297,44.2198027],[23.6717961,44.2200256],[23.6718346,44.2201881],[23.6718537,44.2202481],[23.6718488,44.220327],[23.6718368,44.2203769],[23.6718515,44.2204279],[23.6718993,44.220538],[23.6720236,44.2208674],[23.6720355,44.2209135],[23.6721384,44.2211809],[23.6723617,44.2218697],[23.672575,44.2225702],[23.6728131,44.2232771],[23.6729581,44.2237636],[23.6730053,44.224003],[23.6732817,44.2252154],[23.6733417,44.2254605],[23.6734487,44.2259504],[23.6735897,44.226685],[23.6736395,44.226905],[23.6736961,44.2271103],[23.6738443,44.2275991],[23.6740241,44.2280353],[23.6741949,44.2282723],[23.6742536,44.2283848],[23.6743204,44.2285431],[23.6743573,44.2286132],[23.6744252,44.2286779],[23.6745003,44.2287139],[23.6747286,44.2287583],[23.6748071,44.2287849],[23.6748404,44.2288025],[23.6748666,44.2288395],[23.6748676,44.2289105],[23.6748312,44.2289729],[23.6747342,44.2289999],[23.674681,44.2290536],[23.6745242,44.2291901],[23.6744923,44.2292366],[23.6744113,44.2293344],[23.6743806,44.2293801],[23.6741723,44.2296416],[23.6741016,44.2297344],[23.6740716,44.2297814],[23.674003,44.2298607],[23.6739525,44.2299274],[23.6739208,44.2299828],[23.6739002,44.2300382],[23.6738966,44.2300607],[23.6738996,44.2301317],[23.673913,44.230245],[23.6738863,44.2303033],[23.6737341,44.230465],[23.6737135,44.2305044],[23.6736771,44.2305542],[23.6736186,44.2306529],[23.6735747,44.2307072],[23.6735484,44.2307295],[23.6734526,44.2307963],[23.6733428,44.2308624],[23.6732827,44.2309038],[23.6732035,44.2309743],[23.6731748,44.2310124],[23.6731547,44.2310292],[23.6730879,44.2311474],[23.673021,44.2312896],[23.6729421,44.2314359],[23.6728066,44.2317532],[23.672752,44.2319181],[23.672745,44.2319567],[23.6726929,44.2321125],[23.6726518,44.2322617],[23.6725587,44.232492],[23.6724717,44.2327568],[23.6723558,44.2330758],[23.6722365,44.2334431],[23.6721579,44.2336304],[23.672015,44.233948],[23.6720057,44.234014],[23.6719908,44.2340609],[23.6719877,44.2341491],[23.6719274,44.2343308],[23.671888,44.2344279],[23.671799,44.2347263],[23.6717058,44.2349086],[23.6716328,44.234995],[23.6715279,44.2350906],[23.6714995,44.2351368],[23.6714875,44.235193],[23.6714599,44.2352815],[23.671426,44.2353511],[23.6713835,44.2353964],[23.6713553,44.235416],[23.671259,44.235436],[23.6712484,44.2355086],[23.6712901,44.2360025],[23.6688023,44.238064],[23.66271,44.2418382],[23.6582469,44.2450989],[23.6577676,44.2456652],[23.6575912,44.246176],[23.6573386,44.2476129],[23.6563479,44.2489424],[23.6563576,44.2497118],[23.6556948,44.2508671],[23.6549475,44.2528742],[23.6549165,44.256234],[23.6566931,44.260237],[23.6571341,44.2606969],[23.6575512,44.2609825],[23.657905,44.261445],[23.6581624,44.262475],[23.658073,44.2632462],[23.6576769,44.2645422],[23.6572903,44.2652107],[23.6565926,44.2658723],[23.6568696,44.2659663],[23.6564951,44.2688691],[23.6556391,44.2688955],[23.6552979,44.2689587],[23.6510305,44.2700617],[23.6500552,44.2702351],[23.6492415,44.2703797],[23.6486187,44.2704319],[23.6470315,44.2703415],[23.6463832,44.2703337],[23.6462043,44.2703764],[23.6482431,44.2722853],[23.6502561,44.2739738],[23.6536174,44.2769882],[23.6558281,44.2784864],[23.6592144,44.2806006],[23.660096,44.2811982],[23.6598726,44.2812921],[23.6577263,44.2814293],[23.6547247,44.2816041],[23.6529063,44.2816282],[23.6517839,44.2817384],[23.6471316,44.282023],[23.6463088,44.2821086],[23.6383547,44.2825427],[23.6340117,44.2828533],[23.6310697,44.2829379],[23.6227744,44.2834952],[23.6218391,44.2835078],[23.6158145,44.2839272],[23.6144054,44.2839789],[23.6141692,44.2839983],[23.6141605,44.2840586],[23.6140354,44.2841252],[23.6138244,44.2841783],[23.6130402,44.2842438],[23.6121076,44.2842158],[23.6112919,44.2842608],[23.6112311,44.2841059],[23.6110285,44.2841434],[23.6110005,44.2842291],[23.6084876,44.2843206],[23.6071333,44.2844449],[23.6059354,44.284498],[23.6062634,44.2845866],[23.6064084,44.2847187],[23.6066805,44.2851111],[23.6067969,44.2854177],[23.6067247,44.2855438],[23.6064386,44.2857736],[23.6064202,44.2860557],[23.6063446,44.2862167],[23.6060415,44.2863627],[23.6057826,44.2864085],[23.6051926,44.2866904],[23.6046144,44.2868149],[23.6044542,44.2869545],[23.6043143,44.2872216],[23.6039933,44.28749],[23.6037889,44.287581],[23.6034934,44.2876199],[23.6033387,44.2876852],[23.6028887,44.2876745],[23.6021542,44.2878442],[23.6018523,44.2878473],[23.6015865,44.28782],[23.6007515,44.2875208],[23.6002914,44.2875322],[23.599814,44.2876638],[23.5994502,44.2878553],[23.5990604,44.2879878],[23.5986392,44.288025],[23.5984627,44.2879945],[23.5975339,44.2881102],[23.595988,44.2880408],[23.5949785,44.2881127],[23.5942602,44.2883097],[23.5926108,44.2889323],[23.5913759,44.2892349],[23.5902283,44.2891448],[23.5886114,44.288698],[23.5878118,44.2886416],[23.5872323,44.2885694],[23.58695,44.2884917],[23.586109,44.2885698],[23.5864703,44.2857997],[23.5746514,44.2863872],[23.5718271,44.286574],[23.5667498,44.2869552],[23.5629034,44.2874124],[23.5616105,44.2874862],[23.5610257,44.2816674],[23.5606172,44.2798898],[23.5604017,44.2786162],[23.5578063,44.2784816],[23.557681,44.2777134],[23.5572713,44.276461],[23.5571471,44.2751776],[23.5568864,44.2743405],[23.5565829,44.2737502],[23.556589,44.2732727],[23.5559509,44.2732416],[23.5555235,44.2731471],[23.5544468,44.2730908],[23.5529248,44.2728814],[23.5516876,44.2728394],[23.5516369,44.2728574],[23.5516414,44.2729947],[23.5517407,44.2732746],[23.5513313,44.2735762],[23.5512929,44.2736543],[23.5513283,44.2739168],[23.5509602,44.2741169],[23.550817,44.2744505],[23.5506665,44.2746489],[23.5505103,44.2747187],[23.5502208,44.2746377],[23.5478936,44.2745554],[23.5456409,44.2744043],[23.542752,44.2744715],[23.5395936,44.2746398],[23.5390458,44.2742317],[23.5380835,44.2739054],[23.5425745,44.2557684],[23.5409728,44.2521652],[23.5389944,44.2525714],[23.536686,44.2531374],[23.5347656,44.2537473],[23.5319882,44.2548204],[23.517062,44.2608736],[23.5168258,44.2609207],[23.5157202,44.2614308],[23.500809,44.2647859],[23.4985163,44.2653463],[23.4980681,44.2654989],[23.4975332,44.2657533],[23.4974815,44.265843],[23.4977114,44.2662697],[23.4978217,44.2663739],[23.4981297,44.2665115],[23.4981915,44.2665901],[23.4981371,44.2666531],[23.4979995,44.2666094],[23.4978048,44.2666268],[23.4965788,44.2663456],[23.4943636,44.2670042],[23.4939223,44.2670711],[23.4940588,44.2673876],[23.4943677,44.2676037],[23.4945297,44.2677945],[23.4945187,44.2678532],[23.4943139,44.267982],[23.4944641,44.2682289],[23.4944538,44.2683362],[23.4941633,44.2685444],[23.4940144,44.2687197],[23.4936401,44.2688516],[23.4931226,44.2691337],[23.4925706,44.2691374],[23.4923608,44.2692263],[23.4922884,44.2691357],[23.4923644,44.2690222],[23.4927309,44.2689262],[23.4932434,44.268708],[23.4936018,44.2684114],[23.4938969,44.2682446],[23.494002,44.2679572],[23.4939802,44.2677974],[23.4935225,44.2671974],[23.4934061,44.2671537],[23.4933049,44.2671709],[23.4929212,44.2673681],[23.4926906,44.2674286],[23.4917595,44.2674249],[23.4910964,44.2674727],[23.4902312,44.2674082],[23.4909164,44.2671461],[23.4916061,44.2671013],[23.4928175,44.2668893],[23.493114,44.266805],[23.4934134,44.2666447],[23.4935008,44.2664522],[23.4931415,44.2643432],[23.493058,44.2643125],[23.4882244,44.2646736],[23.4881646,44.2646404],[23.4880194,44.2642735],[23.4877169,44.2630886],[23.4873826,44.2622993],[23.4884072,44.2619676],[23.4893756,44.2617412],[23.490253,44.2616738],[23.4909911,44.2613301],[23.4913392,44.2612856],[23.4922333,44.2612866],[23.4930799,44.2611692],[23.4943941,44.2608933],[23.4953291,44.2605401],[23.495628,44.260377],[23.4960481,44.2603678],[23.4965824,44.2601369],[23.49715,44.2599631],[23.497465,44.2597494],[23.4980219,44.2591394],[23.4983612,44.258969],[23.4990463,44.2589238],[23.4996447,44.2590368],[23.4999527,44.258843],[23.5004581,44.2588564],[23.5006673,44.2586049],[23.501013,44.2584606],[23.5012742,44.2584495],[23.5017435,44.2585547],[23.5022372,44.2583101],[23.502734,44.2582969],[23.5032892,44.2581276],[23.5038367,44.2580513],[23.5046768,44.2575727],[23.5051115,44.257565],[23.5052239,44.2571837],[23.5057016,44.2569322],[23.5059785,44.256697],[23.5058777,44.2564811],[23.5059375,44.2564016],[23.5061179,44.2563265],[23.5066293,44.2563005],[23.506747,44.256203],[23.5070942,44.2555899],[23.5074678,44.2554831],[23.5079224,44.2551712],[23.5082309,44.2550201],[23.5084318,44.255082],[23.5085778,44.2549926],[23.5086478,44.2547531],[23.5088819,44.2545702],[23.5086294,44.2541539],[23.5086945,44.2537989],[23.5088483,44.253725],[23.50927,44.2536416],[23.5092946,44.2534196],[23.5095846,44.253406],[23.5100044,44.2532442],[23.5102744,44.2532018],[23.5102939,44.2530516],[23.5103582,44.2529998],[23.5111272,44.2529213],[23.511159,44.2528371],[23.5108608,44.2527759],[23.510857,44.2527263],[23.5111292,44.2524528],[23.5113174,44.2524231],[23.511373,44.2520404],[23.5121352,44.2514607],[23.5126188,44.2512664],[23.5128027,44.2511157],[23.5132751,44.250866],[23.5133163,44.2507545],[23.5132418,44.2505369],[23.5132807,44.2504649],[23.513569,44.250271],[23.5137245,44.2502491],[23.5141106,44.2499802],[23.5142379,44.2498713],[23.5143138,44.2496753],[23.5146838,44.2495192],[23.5148877,44.2493811],[23.5149461,44.2492476],[23.5149327,44.249043],[23.5150349,44.2489412],[23.5148485,44.2487811],[23.5146784,44.2487937],[23.5145167,44.248615],[23.5142389,44.2477883],[23.5140443,44.2476803],[23.5132807,44.2475446],[23.5133166,44.247464],[23.513926,44.2474517],[23.5148346,44.2476543],[23.5150972,44.247751],[23.5153345,44.2477339],[23.5157625,44.2472218],[23.5157715,44.2465974],[23.5156044,44.2459937],[23.5146671,44.2440372],[23.5139391,44.2423275],[23.512576,44.2397062],[23.5114154,44.2372411],[23.5109837,44.2365992],[23.509905,44.2341865],[23.5097703,44.2339835],[23.5095049,44.232503],[23.5093762,44.2300342],[23.5092135,44.2287167],[23.5092393,44.2278235],[23.5089971,44.2260021],[23.5087168,44.2223243],[23.5087099,44.221258],[23.5093217,44.2159689],[23.509609,44.2137541],[23.5097744,44.2129244],[23.5102021,44.2091504],[23.5138366,44.2082549],[23.5160002,44.2076699],[23.5195361,44.2068554],[23.5222642,44.2061415],[23.5240918,44.2057467],[23.5262856,44.2051876]]]}},{"type":"Feature","properties":{"entity_id":"osm-r9697794","jurisdiction":"RO","display_name":"SĂLCUȚA","display_type":"commune","admin_level":8,"tier":"local","legal_registry":"SIRUTA","legal_id":"74028","legal_type":"commune","parent_catalog_id":"osm-r2366970","osm_relation_id":9697794,"legal_identity_status":"reconciled","geometry_source":"OpenStreetMap","geometry_precision":"master_coordinate_fidelity"},"geometry":{"type":"Polygon","coordinates":[[[23.4147956,44.2065756],[23.4236858,44.1902949],[23.4340349,44.193315],[23.4383662,44.1847802],[23.4429214,44.1762484],[23.4510686,44.178307],[23.4517745,44.1785733],[23.4524965,44.1788456],[23.4534885,44.1788269],[23.4568906,44.1779979],[23.4600768,44.1768091],[23.4604737,44.176749],[23.4612997,44.1778556],[23.4679577,44.1757411],[23.4683761,44.1756819],[23.4688568,44.1758103],[23.4695751,44.1781301],[23.4698311,44.1787217],[23.470268,44.1791369],[23.4715817,44.1800603],[23.4734121,44.1814735],[23.4785925,44.1792182],[23.4813589,44.1781285],[23.4822694,44.1777759],[23.4825282,44.1777875],[23.4827066,44.1778629],[23.4900886,44.1838572],[23.4906598,44.1844243],[23.4914121,44.1849615],[23.4866631,44.1866734],[23.4866063,44.1871267],[23.489532,44.1898905],[23.4880201,44.190827],[23.4885394,44.1916611],[23.4869487,44.1921586],[23.486105,44.1925365],[23.4873048,44.1949365],[23.4882195,44.1961651],[23.489119,44.1971178],[23.4900568,44.1983304],[23.4907155,44.1990042],[23.4906665,44.2000252],[23.4907476,44.2012426],[23.4910421,44.2020574],[23.4908463,44.2026548],[23.4919023,44.2062691],[23.4987039,44.2047871],[23.500285,44.2090408],[23.5090482,44.2093195],[23.5102021,44.2091504],[23.5097744,44.2129244],[23.509609,44.2137541],[23.5093217,44.2159689],[23.5087099,44.221258],[23.5087168,44.2223243],[23.5089971,44.2260021],[23.5092393,44.2278235],[23.5092135,44.2287167],[23.5093762,44.2300342],[23.5095049,44.232503],[23.5097703,44.2339835],[23.509905,44.2341865],[23.5109837,44.2365992],[23.5114154,44.2372411],[23.512576,44.2397062],[23.5139391,44.2423275],[23.5146671,44.2440372],[23.5156044,44.2459937],[23.5157715,44.2465974],[23.5157625,44.2472218],[23.5153345,44.2477339],[23.5150972,44.247751],[23.5148346,44.2476543],[23.513926,44.2474517],[23.5133166,44.247464],[23.5132807,44.2475446],[23.5140443,44.2476803],[23.5142389,44.2477883],[23.5145167,44.248615],[23.5146784,44.2487937],[23.5148485,44.2487811],[23.5150349,44.2489412],[23.5149327,44.249043],[23.5149461,44.2492476],[23.5148877,44.2493811],[23.5146838,44.2495192],[23.5143138,44.2496753],[23.5142379,44.2498713],[23.5141106,44.2499802],[23.5137245,44.2502491],[23.513569,44.250271],[23.5132807,44.2504649],[23.5132418,44.2505369],[23.5133163,44.2507545],[23.5132751,44.250866],[23.5128027,44.2511157],[23.5126188,44.2512664],[23.5121352,44.2514607],[23.511373,44.2520404],[23.5113174,44.2524231],[23.5111292,44.2524528],[23.510857,44.2527263],[23.5108608,44.2527759],[23.511159,44.2528371],[23.5111272,44.2529213],[23.5103582,44.2529998],[23.5102939,44.2530516],[23.5102744,44.2532018],[23.5100044,44.2532442],[23.5095846,44.253406],[23.5092946,44.2534196],[23.50927,44.2536416],[23.5088483,44.253725],[23.5086945,44.2537989],[23.5086294,44.2541539],[23.5088819,44.2545702],[23.5086478,44.2547531],[23.5085778,44.2549926],[23.5084318,44.255082],[23.5082309,44.2550201],[23.5079224,44.2551712],[23.5074678,44.2554831],[23.5070942,44.2555899],[23.506747,44.256203],[23.5066293,44.2563005],[23.5061179,44.2563265],[23.5059375,44.2564016],[23.5058777,44.2564811],[23.5059785,44.256697],[23.5057016,44.2569322],[23.5052239,44.2571837],[23.5051115,44.257565],[23.5046768,44.2575727],[23.5038367,44.2580513],[23.5032892,44.2581276],[23.502734,44.2582969],[23.5022372,44.2583101],[23.5017435,44.2585547],[23.5012742,44.2584495],[23.501013,44.2584606],[23.5006673,44.2586049],[23.5004581,44.2588564],[23.4999527,44.258843],[23.4996447,44.2590368],[23.4990463,44.2589238],[23.4983612,44.258969],[23.4980219,44.2591394],[23.497465,44.2597494],[23.49715,44.2599631],[23.4965824,44.2601369],[23.4960481,44.2603678],[23.495628,44.260377],[23.4953291,44.2605401],[23.4943941,44.2608933],[23.4930799,44.2611692],[23.4922333,44.2612866],[23.4913392,44.2612856],[23.4909911,44.2613301],[23.490253,44.2616738],[23.4893756,44.2617412],[23.4884072,44.2619676],[23.4873826,44.2622993],[23.4877169,44.2630886],[23.4880194,44.2642735],[23.4881646,44.2646404],[23.4882244,44.2646736],[23.493058,44.2643125],[23.4931415,44.2643432],[23.4935008,44.2664522],[23.4934134,44.2666447],[23.493114,44.266805],[23.4928175,44.2668893],[23.4916061,44.2671013],[23.4909164,44.2671461],[23.4902312,44.2674082],[23.4895427,44.2673382],[23.4891255,44.2673808],[23.4872977,44.2679887],[23.4848987,44.2690117],[23.4822993,44.2697127],[23.480405,44.2701041],[23.4795445,44.2702587],[23.4791429,44.2702818],[23.4789755,44.2703275],[23.4788349,44.2704579],[23.4787234,44.2704924],[23.4893526,44.2778253],[23.4896089,44.2780155],[23.4909851,44.2793905],[23.4917115,44.2798217],[23.4917177,44.2799202],[23.4914321,44.2804719],[23.4911481,44.2808776],[23.4910797,44.281173],[23.4905544,44.2813142],[23.4902287,44.2812401],[23.4892634,44.281968],[23.488759,44.2817694],[23.4884164,44.2818782],[23.4883375,44.2821124],[23.4877919,44.2820964],[23.4870303,44.2819903],[23.4868766,44.282302],[23.4864127,44.2824091],[23.486026,44.2823516],[23.4852146,44.282759],[23.4849746,44.2831219],[23.4838004,44.2834808],[23.4833976,44.2833067],[23.4827565,44.2833374],[23.482488,44.2832184],[23.4821955,44.2831837],[23.482056,44.2832264],[23.4819459,44.2834852],[23.4817486,44.2835693],[23.4815698,44.2834347],[23.481327,44.2833729],[23.4811259,44.2834227],[23.4810122,44.2835227],[23.4806994,44.2836067],[23.4804168,44.2835749],[23.480062,44.2837546],[23.4799023,44.2839575],[23.4796453,44.2840244],[23.4795817,44.2839729],[23.4794222,44.2840928],[23.4793041,44.2843658],[23.478983,44.28463],[23.4780584,44.2849606],[23.4778255,44.2849847],[23.4772791,44.2853415],[23.4771855,44.2853643],[23.4769947,44.2852511],[23.4767696,44.2853023],[23.4766635,44.2855538],[23.4765318,44.2856652],[23.4761719,44.2854617],[23.4760544,44.2854859],[23.4755796,44.2859214],[23.4753068,44.285934],[23.4750023,44.2858793],[23.4749149,44.2857876],[23.4748214,44.2857689],[23.474614,44.2859331],[23.4743611,44.2859514],[23.4741298,44.2860755],[23.474079,44.2861925],[23.4737885,44.2864583],[23.4732903,44.2866465],[23.4731012,44.2866334],[23.4729537,44.2866904],[23.473031,44.2868621],[23.4728795,44.2869263],[23.4727892,44.2871907],[23.4726937,44.2871963],[23.4725645,44.2871175],[23.472168,44.2872271],[23.4720323,44.2873456],[23.4718053,44.2873797],[23.4717791,44.2874883],[23.4715262,44.2875066],[23.4714085,44.2876137],[23.4713444,44.2877695],[23.4712667,44.2878051],[23.4710459,44.2877248],[23.4704337,44.2881373],[23.4702984,44.2880899],[23.4699102,44.2880608],[23.4697166,44.2882622],[23.4695413,44.2882863],[23.4693762,44.2882303],[23.469069,44.2884902],[23.4687487,44.2883811],[23.4685873,44.2884424],[23.4683857,44.288658],[23.4679736,44.2886303],[23.4675969,44.2887871],[23.4673502,44.2887325],[23.4673027,44.2886108],[23.467062,44.2885247],[23.4669784,44.2885504],[23.4668442,44.2888519],[23.4667365,44.2889204],[23.4665454,44.2888901],[23.4664425,44.2886612],[23.466046,44.2887708],[23.4658645,44.2889093],[23.4656098,44.2888689],[23.4653414,44.2887084],[23.4651563,44.2886881],[23.4650218,44.2891141],[23.4649381,44.2891397],[23.4647231,44.2891523],[23.4641601,44.2889813],[23.4641022,44.2890227],[23.464084,44.2891586],[23.4641571,44.2893374],[23.464125,44.2894361],[23.4639598,44.2894215],[23.4636874,44.2893096],[23.4634603,44.2893436],[23.463241,44.2894463],[23.4632028,44.2895764],[23.4635602,44.2899702],[23.463898,44.2902337],[23.4638653,44.2905397],[23.4642105,44.2909964],[23.4643549,44.2913784],[23.4644323,44.2914672],[23.4648282,44.291565],[23.4649952,44.2916796],[23.4649391,44.2918211],[23.4647875,44.2919267],[23.4648826,44.292087],[23.4644337,44.2924554],[23.4632472,44.2923866],[23.4631396,44.2924136],[23.4630218,44.2925207],[23.4629775,44.2927237],[23.4624178,44.2926353],[23.4623596,44.2927013],[23.4613984,44.2904331],[23.4574522,44.2808672],[23.4545874,44.2732136],[23.4538965,44.2715211],[23.4535328,44.2703856],[23.4528259,44.2685216],[23.4527364,44.2680092],[23.4520995,44.2661504],[23.4517682,44.2657254],[23.4510131,44.2639363],[23.4507243,44.2631128],[23.4505776,44.2623718],[23.4511137,44.2619632],[23.4504064,44.2612931],[23.4474287,44.2586967],[23.4472922,44.2588289],[23.4474965,44.2589878],[23.4474795,44.2590405],[23.4471999,44.2591314],[23.447039,44.2592421],[23.4468031,44.2592873],[23.4466769,44.2594063],[23.4462567,44.2595739],[23.4462102,44.2596675],[23.446355,44.2597987],[23.4463367,44.259871],[23.4462072,44.2599479],[23.4459824,44.259883],[23.4458637,44.2599231],[23.4459079,44.2601905],[23.4455999,44.260496],[23.4448968,44.260643],[23.4444905,44.2608348],[23.4443829,44.2609199],[23.4442918,44.2612009],[23.4440139,44.2611458],[23.4437153,44.2613894],[23.4436429,44.2614102],[23.4434078,44.2613443],[23.4432472,44.2613816],[23.4432067,44.2614856],[23.4432916,44.2617123],[23.4429881,44.2619164],[23.4429809,44.262186],[23.4428113,44.2625577],[23.4424164,44.2626977],[23.4419712,44.2625726],[23.4414868,44.2626972],[23.4414088,44.2627298],[23.4413665,44.26282],[23.4414926,44.2629804],[23.4414801,44.2630687],[23.440988,44.2632234],[23.4409074,44.2631923],[23.4408068,44.2630332],[23.4405979,44.2629659],[23.4403888,44.2631029],[23.4401066,44.2631506],[23.4396977,44.2633393],[23.4394756,44.2633268],[23.4389574,44.2631046],[23.4383504,44.2631396],[23.4379685,44.2633913],[23.4375833,44.2638027],[23.4373761,44.2636918],[23.4372969,44.2638293],[23.4370829,44.2639303],[23.436749,44.2640177],[23.436224,44.26405],[23.4356135,44.2643177],[23.4354652,44.2643273],[23.4354095,44.2640702],[23.4353414,44.2639836],[23.435167,44.2639004],[23.4350364,44.2637203],[23.4346728,44.2637251],[23.4346233,44.2633293],[23.4345834,44.2632213],[23.4344928,44.2631765],[23.4342922,44.2632135],[23.4340633,44.2634783],[23.433623,44.2636349],[23.4333785,44.2636635],[23.4328864,44.2638711],[23.4317674,44.2640545],[23.431427,44.2639719],[23.4311927,44.2638262],[23.4311349,44.2635004],[23.4309504,44.2635066],[23.4306274,44.2636458],[23.4305176,44.2636191],[23.4305012,44.2635271],[23.4299704,44.2636031],[23.4298674,44.2633555],[23.4296142,44.2632913],[23.4294112,44.2634345],[23.4292982,44.2636477],[23.4290942,44.2638405],[23.4288669,44.2639932],[23.428851,44.2641125],[23.4289332,44.2643452],[23.4288634,44.2644375],[23.4287334,44.2644292],[23.4284555,44.2642727],[23.428249,44.2642536],[23.4281519,44.2643324],[23.4281289,44.2647822],[23.4280246,44.2649925],[23.4277466,44.2651397],[23.427204,44.2652782],[23.4269777,44.2652884],[23.4263902,44.2649099],[23.4262375,44.2649839],[23.4261197,44.2651872],[23.4259769,44.2652975],[23.4256781,44.2653438],[23.4253707,44.265333],[23.4252688,44.2652824],[23.4252698,44.2651132],[23.4251678,44.2650147],[23.4244953,44.2648525],[23.424079,44.2646818],[23.4238344,44.2646843],[23.4234512,44.264826],[23.4233075,44.2648335],[23.4227987,44.2645575],[23.4226766,44.2645648],[23.4222402,44.2646318],[23.422224,44.2647022],[23.4226575,44.2649241],[23.4228243,44.2652775],[23.422767,44.2653272],[23.4222127,44.2653276],[23.4216205,44.2654543],[23.4215629,44.2655156],[23.421632,44.2656667],[23.4215846,44.2657477],[23.4212723,44.2659455],[23.4209711,44.2659709],[23.4204647,44.2661317],[23.4203942,44.2660895],[23.4204068,44.2659951],[23.4203223,44.2658319],[23.4201545,44.2657536],[23.4197069,44.2657046],[23.4193006,44.2658797],[23.4190437,44.2659088],[23.4188296,44.2660296],[23.4183469,44.2659811],[23.4181926,44.2658813],[23.4175229,44.2659041],[23.4173256,44.2659335],[23.4169478,44.2661113],[23.416191,44.2662794],[23.415417,44.2663638],[23.4151792,44.2663278],[23.4150802,44.2662506],[23.4151005,44.2656637],[23.4150199,44.2655678],[23.4146078,44.2655851],[23.4142967,44.2656869],[23.4137449,44.2656713],[23.4136226,44.2656065],[23.4135938,44.2655597],[23.413657,44.2654522],[23.4140975,44.265156],[23.4141625,44.2650351],[23.4140705,44.2648059],[23.4140688,44.2645534],[23.413989,44.2644544],[23.4138667,44.2644174],[23.4136843,44.2644532],[23.4135037,44.2645813],[23.4132718,44.2646143],[23.4128194,44.2643771],[23.4126402,44.2643723],[23.4123982,44.2644382],[23.4121902,44.2647031],[23.4119452,44.2647978],[23.4115282,44.2647836],[23.4110006,44.2646706],[23.4105708,44.2647598],[23.4101089,44.2647883],[23.4098435,44.2646869],[23.4098329,44.2621689],[23.4090943,44.2586173],[23.408316,44.253351],[23.4073858,44.2536313],[23.40727,44.2527024],[23.4076504,44.2526594],[23.4073691,44.2512046],[23.4073986,44.2511103],[23.4076251,44.2509801],[23.4078768,44.2507426],[23.4078108,44.2504405],[23.4077066,44.2503687],[23.4075777,44.2503504],[23.4070152,44.2503584],[23.4067572,44.250264],[23.4062825,44.2502369],[23.4057663,44.2503344],[23.4054039,44.2502806],[23.4049386,44.2502947],[23.4046793,44.2504885],[23.4044344,44.2505235],[23.4041898,44.2502466],[23.4031874,44.2487765],[23.402625,44.2480754],[23.4052281,44.2471923],[23.4045655,44.2466417],[23.4006578,44.24227],[23.4002362,44.241858],[23.3983213,44.2403154],[23.3984868,44.2401148],[23.3987797,44.2400716],[23.3992394,44.2401255],[23.3994847,44.2401019],[23.3997317,44.2400175],[23.3997902,44.2399439],[23.3996991,44.2391511],[23.3989741,44.2364347],[23.3974153,44.2315416],[23.3951348,44.2248521],[23.3928321,44.2176279],[23.3925764,44.2171767],[23.3939563,44.2165603],[23.3965549,44.215519],[23.3974296,44.2150906],[23.3979631,44.2148947],[23.3983712,44.2148022],[23.3987104,44.2146408],[23.400194,44.2141906],[23.4012144,44.2139474],[23.4017061,44.2139001],[23.4038867,44.2131341],[23.4052936,44.2127234],[23.4064444,44.2125396],[23.4088101,44.2124138],[23.4091414,44.212371],[23.4093754,44.2122624],[23.409577,44.2121296],[23.4101745,44.2111444],[23.4101411,44.2097806],[23.4105149,44.2093858],[23.4119938,44.2089251],[23.4156001,44.2082537],[23.4154412,44.2082039],[23.4152655,44.207903],[23.4147956,44.2065756]]]}}]}