{"type":"FeatureCollection","metadata":{"schema_version":1,"contract":"actual-public-geometry-chunk-v1","mode":"ACTUAL","jurisdiction":"MD","tier":"local","root_entity_id":"osm-r58993","feature_count":31,"geometry_source":"OpenStreetMap","geometry_precision":"master_coordinate_fidelity"},"features":[{"type":"Feature","properties":{"entity_id":"osm-r19082830","jurisdiction":"MD","display_name":"Chiștelnița","display_type":"independent_village","admin_level":8,"tier":"local","legal_registry":"CUATM","legal_id":"8921","legal_type":"independent_village","parent_catalog_id":"osm-r58993","osm_relation_id":19082830,"legal_identity_status":"reconciled","geometry_source":"OpenStreetMap","geometry_precision":"master_coordinate_fidelity"},"geometry":{"type":"Polygon","coordinates":[[[28.6464223,47.6074393],[28.6490419,47.6065275],[28.6460015,47.5978899],[28.6449674,47.5958989],[28.6420376,47.5898984],[28.641339,47.5885451],[28.6410788,47.5881886],[28.6331289,47.5855947],[28.632533,47.5853032],[28.6306676,47.5847608],[28.6283138,47.5840141],[28.6262289,47.5834893],[28.6233256,47.5827003],[28.6182029,47.5815377],[28.6117316,47.5793197],[28.6134192,47.5758563],[28.617203,47.5681483],[28.6137808,47.5674531],[28.6117976,47.5669877],[28.6069987,47.5658777],[28.6011859,47.5646134],[28.5930864,47.5628105],[28.5972052,47.5542289],[28.6000747,47.5548104],[28.6064655,47.5560726],[28.6094456,47.5567153],[28.6092433,47.5571681],[28.6101464,47.5570214],[28.6143316,47.5579172],[28.6187311,47.54858],[28.6197909,47.5487714],[28.6232615,47.5414905],[28.6241772,47.5391691],[28.6346889,47.5414662],[28.6389999,47.542547],[28.6398434,47.5414826],[28.6455273,47.5346462],[28.649797,47.5361548],[28.6502242,47.5363425],[28.6549792,47.5385883],[28.657387,47.5396024],[28.6630406,47.541481],[28.6639469,47.5419074],[28.6649674,47.5425901],[28.6653653,47.5427663],[28.6656168,47.5428808],[28.6657723,47.5429308],[28.6661679,47.5430579],[28.6662908,47.5430973],[28.6665274,47.5432058],[28.666874,47.5433646],[28.6672558,47.5435395],[28.6679514,47.5438581],[28.6683,47.5440179],[28.6686489,47.5441777],[28.6689983,47.5443377],[28.6693503,47.544499],[28.6696645,47.5445719],[28.6698462,47.5446417],[28.670174,47.5447678],[28.6705046,47.5448948],[28.6706387,47.5449463],[28.6711835,47.5451328],[28.6715252,47.5452497],[28.6718669,47.5453666],[28.6722088,47.5454837],[28.672551,47.5456007],[28.6728932,47.5457178],[28.6732359,47.5458351],[28.6735787,47.5459524],[28.6739216,47.5460698],[28.6740119,47.5460939],[28.6743885,47.5462204],[28.6747567,47.5463441],[28.6751247,47.5464678],[28.6754925,47.5465914],[28.6758603,47.546715],[28.676228,47.5468385],[28.6763746,47.5468878],[28.6765816,47.5469841],[28.6767917,47.5470781],[28.6769363,47.5471448],[28.6770059,47.5471719],[28.6773119,47.5472862],[28.677696,47.5474186],[28.6777307,47.5474306],[28.6779712,47.5475136],[28.6782918,47.5476242],[28.6786131,47.5477351],[28.6787744,47.5477907],[28.6790968,47.547902],[28.6794201,47.5480135],[28.6797925,47.5481419],[28.6801713,47.5482726],[28.6807164,47.5484662],[28.6813784,47.548685],[28.6825091,47.5490843],[28.6847476,47.5498812],[28.6861324,47.5503662],[28.6871028,47.5507328],[28.6872679,47.5507826],[28.6883607,47.5511585],[28.6895708,47.5515702],[28.690224,47.5518174],[28.6920785,47.5524761],[28.6931156,47.5528479],[28.6940353,47.5531662],[28.6952807,47.5536166],[28.6965915,47.5540679],[28.697571,47.5543923],[28.6977159,47.5544433],[28.6985525,47.5547399],[28.69947,47.5550548],[28.7016701,47.5558289],[28.7029252,47.5562572],[28.7038332,47.5565827],[28.705027,47.5569934],[28.7049052,47.5570818],[28.702826,47.5579721],[28.7020049,47.5583358],[28.7019696,47.5583514],[28.6997043,47.5593547],[28.6996457,47.5593806],[28.6983504,47.559977],[28.6980794,47.5600888],[28.6952369,47.5613695],[28.6947983,47.5615634],[28.6947632,47.5615789],[28.6912967,47.5631104],[28.6911798,47.5631621],[28.6905058,47.5635156],[28.689488,47.5639768],[28.6887246,47.5643267],[28.6884068,47.5645137],[28.68826,47.5646354],[28.6881701,47.564708],[28.6881634,47.5648453],[28.6882262,47.5650423],[28.6886564,47.5658933],[28.6888172,47.5662317],[28.6896643,47.5677633],[28.6897539,47.5679997],[28.6901361,47.5687767],[28.6901373,47.5689942],[28.6900259,47.5691978],[28.6900105,47.5694934],[28.6902611,47.5701339],[28.6902824,47.5717671],[28.6904861,47.5731513],[28.6904802,47.5745412],[28.6905362,47.5764531],[28.6905663,47.5767828],[28.6906389,47.5771388],[28.6906929,47.5788677],[28.6908401,47.580936],[28.6912239,47.5839034],[28.6913678,47.5860394],[28.6913566,47.5863712],[28.6915798,47.5907455],[28.6915724,47.5911996],[28.6916535,47.5921268],[28.6922058,47.5966131],[28.6923961,47.5972214],[28.6923975,47.5973475],[28.6924656,47.597612],[28.6924003,47.5979444],[28.6923689,47.5983915],[28.6925758,47.6002599],[28.692794,47.6020017],[28.6931073,47.6050437],[28.6931676,47.6062573],[28.6932007,47.6068105],[28.6931373,47.6081778],[28.6931161,47.6084288],[28.6931192,47.6093427],[28.6931135,47.6098532],[28.6930792,47.6100421],[28.693146,47.6109215],[28.6932724,47.6112337],[28.6933049,47.6121651],[28.6933932,47.6124648],[28.6935381,47.6127775],[28.693685,47.6131619],[28.6936885,47.6134607],[28.6944419,47.6154628],[28.6946806,47.6161098],[28.6948244,47.6165373],[28.6953562,47.6180631],[28.6964437,47.6217358],[28.6959745,47.6221865],[28.6966222,47.6243489],[28.6968502,47.6249315],[28.6970629,47.6257073],[28.6972486,47.6264464],[28.6974479,47.6271192],[28.6977027,47.6278619],[28.6976944,47.6280506],[28.6976328,47.628256],[28.6973235,47.6284391],[28.6969802,47.6286139],[28.6898599,47.6298564],[28.6876108,47.6302575],[28.6856621,47.6247952],[28.6850144,47.6228944],[28.6842869,47.6212648],[28.6830751,47.6188484],[28.6724872,47.6200663],[28.6678708,47.6205546],[28.6615048,47.6212217],[28.6607599,47.6213404],[28.6600476,47.6213313],[28.6593718,47.6210976],[28.6581872,47.6210187],[28.6520706,47.6225795],[28.6516443,47.6227861],[28.6508891,47.6199277],[28.6495551,47.615879],[28.6484786,47.6128397],[28.6464223,47.6074393]]]}},{"type":"Feature","properties":{"entity_id":"osm-r19082831","jurisdiction":"MD","display_name":"Cîșla","display_type":"independent_village","admin_level":8,"tier":"local","legal_registry":"CUATM","legal_id":"8925","legal_type":"independent_village","parent_catalog_id":"osm-r58993","osm_relation_id":19082831,"legal_identity_status":"reconciled","geometry_source":"OpenStreetMap","geometry_precision":"master_coordinate_fidelity"},"geometry":{"type":"Polygon","coordinates":[[[28.2359988,47.4558592],[28.2368656,47.4561039],[28.237966,47.4562519],[28.2407083,47.4564644],[28.241468,47.4565013],[28.2422838,47.4565172],[28.243744,47.4566206],[28.2467668,47.4566797],[28.2478643,47.4568581],[28.250497,47.4564346],[28.250803,47.4562979],[28.2511372,47.4560185],[28.2511198,47.4561852],[28.2511068,47.4568042],[28.2509221,47.458738],[28.2507517,47.4595298],[28.2507037,47.459988],[28.2507273,47.4604203],[28.2507267,47.4606512],[28.2506448,47.4611726],[28.2501882,47.4637321],[28.2500562,47.4642556],[28.2499069,47.4658352],[28.2498153,47.4668161],[28.2497464,47.467513],[28.2496651,47.4684289],[28.2495867,47.4688666],[28.2494924,47.4703492],[28.2493426,47.4723515],[28.2491893,47.4738026],[28.2491259,47.4743589],[28.24912,47.4746328],[28.2490961,47.4749031],[28.2490879,47.4751018],[28.2490689,47.4754055],[28.2488906,47.4756756],[28.2485725,47.4762543],[28.248097,47.4769566],[28.2477375,47.477619],[28.2475205,47.4779083],[28.2471696,47.4783009],[28.2466042,47.4792038],[28.2462307,47.4798491],[28.245561,47.4808546],[28.2451686,47.4814898],[28.2450562,47.4816253],[28.2448619,47.4819299],[28.2446849,47.4822083],[28.2449164,47.4835371],[28.2450799,47.4836736],[28.2451869,47.4837449],[28.2463138,47.4843398],[28.2483842,47.4854894],[28.2451871,47.4916597],[28.243489,47.4945817],[28.2417419,47.4976824],[28.2414003,47.4981717],[28.2411629,47.4985559],[28.2402553,47.5000467],[28.2387464,47.5026128],[28.2381472,47.5034596],[28.2356817,47.5064739],[28.2356131,47.5065189],[28.2342186,47.5085983],[28.2330618,47.5103521],[28.2312768,47.5130709],[28.2297799,47.5136282],[28.2293624,47.5137292],[28.2273352,47.514303],[28.2268767,47.5143618],[28.2255899,47.5145307],[28.2246566,47.5146121],[28.2239763,47.5146314],[28.2227108,47.5149418],[28.2225111,47.515099],[28.2221694,47.5152161],[28.2211027,47.5155192],[28.2210768,47.5155591],[28.2112135,47.5169181],[28.2102381,47.5170841],[28.2063253,47.517663],[28.204485,47.5179028],[28.2027099,47.5181933],[28.2009248,47.5186075],[28.1976347,47.5195333],[28.1959685,47.5199764],[28.1937513,47.5205881],[28.1931155,47.5207687],[28.1925908,47.5209431],[28.1918961,47.5211327],[28.1910156,47.5213879],[28.1904082,47.5215594],[28.1901357,47.5216415],[28.1905413,47.5210715],[28.1913186,47.5207857],[28.1927954,47.5197365],[28.1940124,47.5191152],[28.1946414,47.5188856],[28.1971083,47.5161058],[28.1977491,47.5164672],[28.1979394,47.5162759],[28.1984856,47.5154643],[28.1995901,47.5136494],[28.2000625,47.5129182],[28.2026978,47.5086797],[28.2036666,47.5071113],[28.2089916,47.5085428],[28.2092762,47.5080757],[28.21036,47.5063392],[28.212533,47.5029469],[28.2126221,47.5028211],[28.2137914,47.5010839],[28.2138231,47.5010609],[28.2145462,47.5000358],[28.2146638,47.499804],[28.2170857,47.4963099],[28.2181375,47.4948761],[28.2182844,47.4943065],[28.2182992,47.4942383],[28.2173219,47.4938751],[28.2173436,47.4938436],[28.2175254,47.4936095],[28.2176038,47.4935107],[28.2177038,47.4933923],[28.217861,47.4931928],[28.2175656,47.4930897],[28.2174311,47.4932217],[28.2173733,47.4931973],[28.2172226,47.4933095],[28.2165735,47.493632],[28.2164106,47.4935881],[28.2163571,47.4935725],[28.2164421,47.4934591],[28.217142,47.4926227],[28.2180704,47.4915184],[28.2183898,47.4912158],[28.2190556,47.4914568],[28.2202759,47.4918986],[28.220479,47.4916836],[28.2205313,47.4916813],[28.2206705,47.4914813],[28.2206978,47.4913404],[28.2206467,47.4909925],[28.2205962,47.4908813],[28.2205216,47.4907767],[28.220428,47.4907112],[28.2211422,47.4897141],[28.2213002,47.4894939],[28.2214564,47.489275],[28.2215477,47.4891467],[28.2216731,47.488957],[28.2218845,47.4886703],[28.2219152,47.4886264],[28.2220665,47.4884141],[28.2222401,47.4881713],[28.2222662,47.4881352],[28.2212934,47.4878235],[28.2204382,47.4873223],[28.2217348,47.4852989],[28.2221283,47.4846517],[28.2222637,47.4842316],[28.2226014,47.4838921],[28.2236027,47.4833234],[28.2238812,47.4830289],[28.2233786,47.482825],[28.2239035,47.4821011],[28.2266547,47.4796366],[28.2282447,47.4779125],[28.2293746,47.4780851],[28.2313056,47.4787244],[28.2312929,47.4798072],[28.2327661,47.4798714],[28.2339763,47.4779163],[28.2350368,47.4762493],[28.2352046,47.4744835],[28.2356081,47.4661479],[28.2356746,47.46334],[28.2358675,47.4619594],[28.2360004,47.4581632],[28.2359988,47.4558592]]]}},{"type":"Feature","properties":{"entity_id":"osm-r19082832","jurisdiction":"MD","display_name":"Bogzești","display_type":"independent_village","admin_level":8,"tier":"local","legal_registry":"CUATM","legal_id":"8914","legal_type":"independent_village","parent_catalog_id":"osm-r58993","osm_relation_id":19082832,"legal_identity_status":"reconciled","geometry_source":"OpenStreetMap","geometry_precision":"master_coordinate_fidelity"},"geometry":{"type":"Polygon","coordinates":[[[28.4570284,47.3948887],[28.4579193,47.3966824],[28.4584136,47.3981381],[28.4594488,47.4012352],[28.4610204,47.405976],[28.4561922,47.4092588],[28.4533217,47.4111757],[28.4522077,47.4118262],[28.4507717,47.4126895],[28.4493619,47.413662],[28.4486416,47.4142961],[28.4456412,47.416263],[28.4457089,47.4164791],[28.4460963,47.4177643],[28.4465306,47.419112],[28.4471463,47.4211691],[28.4473508,47.4221989],[28.4478137,47.4235061],[28.4482183,47.4237316],[28.4498433,47.4243228],[28.4506274,47.4249591],[28.4522998,47.4239816],[28.4544173,47.4228474],[28.4550265,47.4232561],[28.4555347,47.4234903],[28.4557802,47.423838],[28.4560223,47.4240555],[28.4563754,47.424011],[28.4569743,47.423773],[28.4570806,47.4238819],[28.4582321,47.4266338],[28.4588552,47.4289513],[28.4601179,47.4330958],[28.4588825,47.4340102],[28.4562421,47.4361482],[28.4549121,47.4372294],[28.4511254,47.4398028],[28.4488319,47.4413559],[28.4451765,47.4438287],[28.44472,47.4434918],[28.4442493,47.4430425],[28.4433951,47.442283],[28.4423224,47.4413742],[28.4409893,47.4401077],[28.4403662,47.4394439],[28.439484,47.4382334],[28.4392432,47.4377439],[28.4387869,47.4377996],[28.4374195,47.4380269],[28.437275,47.4375877],[28.4373219,47.4371261],[28.4374584,47.4367035],[28.4374837,47.4365428],[28.4374178,47.436283],[28.436666,47.4340973],[28.4361461,47.4328609],[28.4359304,47.4323019],[28.4356439,47.4321487],[28.4334939,47.4327291],[28.432178,47.4328757],[28.4304074,47.4329737],[28.4303725,47.4328861],[28.4295466,47.4328985],[28.429166,47.4330514],[28.428973,47.4333907],[28.4287565,47.4335435],[28.4280771,47.4336867],[28.4276429,47.4328878],[28.42559,47.432572],[28.4260596,47.4324295],[28.4259756,47.4323078],[28.4248614,47.4306509],[28.4246788,47.4306055],[28.4241621,47.430503],[28.4236307,47.4305985],[28.4231741,47.4308431],[28.4222336,47.4303573],[28.4202268,47.4288414],[28.419825,47.4277961],[28.4186569,47.4267265],[28.4163813,47.4247775],[28.4155114,47.4240996],[28.4143084,47.422853],[28.419345,47.4210218],[28.4152543,47.4180796],[28.414542,47.4174543],[28.4144842,47.4164591],[28.4144388,47.4159776],[28.4137817,47.4156889],[28.4137083,47.41542],[28.4149762,47.4147657],[28.4152961,47.414328],[28.4158656,47.4121025],[28.4204772,47.4115471],[28.421229,47.4079604],[28.4236492,47.4087365],[28.4261112,47.4067708],[28.4281137,47.4056557],[28.4287643,47.4054213],[28.4303693,47.4060824],[28.4354256,47.4080768],[28.4359051,47.4080526],[28.4362098,47.4079086],[28.4367337,47.4075754],[28.4377429,47.4070315],[28.4388367,47.4063015],[28.4433102,47.4042394],[28.4504129,47.3996571],[28.4511108,47.3991241],[28.453535,47.3969015],[28.4544746,47.3967581],[28.4546633,47.3966623],[28.4548058,47.3963902],[28.4551555,47.3961897],[28.4555837,47.395867],[28.4558153,47.3958359],[28.4559633,47.39575],[28.4558746,47.3955276],[28.4559796,47.3953771],[28.4564658,47.3951655],[28.4570284,47.3948887]]]}},{"type":"Feature","properties":{"entity_id":"osm-r19082833","jurisdiction":"MD","display_name":"Telenești","display_type":"town","admin_level":8,"tier":"local","legal_registry":"CUATM","legal_id":"8901","legal_type":"town","parent_catalog_id":"osm-r58993","osm_relation_id":19082833,"legal_identity_status":"reconciled","geometry_source":"OpenStreetMap","geometry_precision":"master_coordinate_fidelity"},"geometry":{"type":"Polygon","coordinates":[[[28.3015911,47.5681637],[28.3018787,47.5666683],[28.3026403,47.5632713],[28.3031595,47.5612774],[28.3033644,47.5605312],[28.3037232,47.5578551],[28.3041515,47.5549761],[28.3043345,47.5539088],[28.3050727,47.5511962],[28.3058686,47.5480926],[28.306208,47.5465093],[28.3068836,47.5434851],[28.3072828,47.5421169],[28.3075158,47.5414684],[28.3075652,47.5410208],[28.3080437,47.5391156],[28.3091239,47.533543],[28.309552,47.5294746],[28.3097736,47.5278737],[28.3100137,47.5259984],[28.3105352,47.5225316],[28.3109767,47.5203288],[28.3112451,47.5183114],[28.3118644,47.5132961],[28.3141154,47.5133527],[28.3143283,47.5116458],[28.3145056,47.5089482],[28.3151413,47.508663],[28.3149432,47.5073663],[28.3160906,47.5071653],[28.3169847,47.5070274],[28.317428,47.5070297],[28.3181723,47.5071037],[28.3187169,47.5071725],[28.3205658,47.507106],[28.3211289,47.5070244],[28.323216,47.5067373],[28.325017,47.5065287],[28.3249438,47.5062592],[28.3301261,47.505692],[28.3297929,47.5047535],[28.3297219,47.5045667],[28.3278973,47.49979],[28.3270891,47.4979896],[28.3267272,47.4969886],[28.3262052,47.4961605],[28.3260301,47.4950088],[28.3255866,47.4942137],[28.325273,47.4935131],[28.3238484,47.4904747],[28.3236277,47.4897763],[28.3234563,47.4887781],[28.3231315,47.4881422],[28.3225955,47.4875086],[28.321563,47.4866253],[28.3177353,47.4834189],[28.3154241,47.4814439],[28.3145135,47.4806047],[28.3132197,47.4795138],[28.3126254,47.4802109],[28.3124811,47.4804887],[28.3123074,47.4820509],[28.3121644,47.4823799],[28.309757,47.4830172],[28.3078923,47.4856607],[28.3062237,47.4850003],[28.3057245,47.4852039],[28.3049088,47.4856854],[28.3043554,47.4861819],[28.3037273,47.4870141],[28.3024528,47.4868784],[28.3012966,47.4822038],[28.3001338,47.481796],[28.3004445,47.4817486],[28.3006684,47.4816986],[28.3009417,47.4816375],[28.30105,47.4815873],[28.3019619,47.4813305],[28.3023544,47.4812336],[28.3031172,47.4810025],[28.3046083,47.4806425],[28.3060712,47.4802943],[28.3077329,47.4798952],[28.3093372,47.479501],[28.3103417,47.4792579],[28.3109398,47.4791055],[28.3114987,47.4789527],[28.312537,47.4786984],[28.3148066,47.4776767],[28.3157035,47.477206],[28.316711,47.4766669],[28.3176856,47.4761934],[28.3187266,47.4758434],[28.3189975,47.4756498],[28.3197937,47.4754316],[28.3207865,47.4754682],[28.3267524,47.4743947],[28.3278563,47.473966],[28.3286241,47.4738705],[28.3315317,47.4729995],[28.3326088,47.4731458],[28.3358612,47.4730226],[28.3368741,47.4728137],[28.3380817,47.4726893],[28.3395681,47.4728706],[28.3401966,47.4728082],[28.3412488,47.4724166],[28.3434069,47.4719965],[28.3470899,47.4718839],[28.3500515,47.4744939],[28.3526565,47.4741402],[28.3606314,47.4762181],[28.3635107,47.4765652],[28.3649491,47.4771836],[28.3739081,47.4765722],[28.38714,47.4761253],[28.3886231,47.4889695],[28.3879998,47.4889645],[28.387798,47.4894694],[28.3837368,47.4899564],[28.3828846,47.4877607],[28.3834983,47.4874918],[28.383392,47.4870955],[28.3823715,47.4870591],[28.3817573,47.4867883],[28.3815314,47.4863192],[28.380062,47.486508],[28.3817202,47.4902913],[28.3829773,47.4920211],[28.3830282,47.4931164],[28.3832145,47.4941852],[28.3831431,47.4950146],[28.383229,47.4953098],[28.3836855,47.495713],[28.3841266,47.4980778],[28.38455,47.5007514],[28.3843641,47.50229],[28.3835025,47.5094869],[28.3841834,47.5097411],[28.3851253,47.5099125],[28.3857159,47.5101169],[28.3860551,47.5102254],[28.3870746,47.5103179],[28.3878972,47.5103443],[28.3879003,47.5105764],[28.387841,47.510797],[28.3877518,47.5110402],[28.3877691,47.5111068],[28.3878173,47.5111925],[28.3877139,47.5112128],[28.3876772,47.511297],[28.3876739,47.5114753],[28.3875571,47.5115445],[28.3875026,47.511729],[28.3867902,47.5117735],[28.3861611,47.5117993],[28.3856357,47.5116754],[28.3840513,47.5112275],[28.3835443,47.5110808],[28.3835153,47.5111258],[28.3830952,47.5121126],[28.3845232,47.5130619],[28.3858692,47.5132095],[28.3850448,47.517987],[28.3842561,47.5193573],[28.3838076,47.5205504],[28.3831145,47.5204301],[28.3815841,47.5209001],[28.3814972,47.5209446],[28.3803067,47.5207506],[28.3798876,47.5213279],[28.3792142,47.5220625],[28.3788994,47.5226087],[28.3790145,47.5228751],[28.3795724,47.5230522],[28.3796704,47.5231547],[28.3798795,47.5233721],[28.37983,47.5237401],[28.3793781,47.5240423],[28.3792616,47.5242423],[28.3771222,47.5330653],[28.3724802,47.5401473],[28.3698702,47.5395569],[28.3694509,47.5395972],[28.3687062,47.5401202],[28.3684719,47.5404652],[28.3670634,47.5415825],[28.3644192,47.543683],[28.3633026,47.5445628],[28.3626835,47.5450073],[28.3623661,47.5451327],[28.3622576,47.5453801],[28.362072,47.5455264],[28.3614447,47.5459984],[28.3612414,47.5466715],[28.3606595,47.5479618],[28.3605368,47.5482732],[28.3604103,47.5486964],[28.3603117,47.5490003],[28.3601954,47.5495883],[28.3599775,47.5504298],[28.3599409,47.5506948],[28.359967,47.5509498],[28.3600294,47.5511664],[28.3601422,47.5513764],[28.3602874,47.5515489],[28.3605291,47.5517618],[28.3609163,47.5520417],[28.3614446,47.5523689],[28.3617384,47.5525635],[28.3621391,47.5528289],[28.362255,47.5529086],[28.362583,47.5531603],[28.3627751,47.5534471],[28.362694,47.5537698],[28.3623589,47.5541588],[28.3618223,47.5547084],[28.3614699,47.5551751],[28.3606501,47.5559792],[28.3598103,47.5567929],[28.3591874,47.5573277],[28.3589458,47.5575954],[28.358915,47.557962],[28.357545,47.5581586],[28.3545497,47.5585979],[28.3540523,47.5586888],[28.3539429,47.5587194],[28.3527833,47.5589048],[28.3523136,47.5590914],[28.3520686,47.5591132],[28.3519134,47.5590767],[28.3492122,47.5595987],[28.3480593,47.5597585],[28.3473901,47.5597389],[28.3465507,47.5595724],[28.3461234,47.5595566],[28.345615,47.5596728],[28.3451958,47.5598574],[28.3448079,47.5601661],[28.344554,47.5604847],[28.3420505,47.5609592],[28.3397304,47.5612993],[28.3389342,47.561279],[28.3383022,47.5615561],[28.3362702,47.5619667],[28.3359719,47.5620357],[28.3350971,47.5621967],[28.3344127,47.5623075],[28.333879,47.5624099],[28.3329273,47.5625719],[28.3328875,47.5625793],[28.3300585,47.5631265],[28.3233205,47.5643683],[28.3109547,47.5666646],[28.3015911,47.5681637]]]}},{"type":"Feature","properties":{"entity_id":"osm-r19082834","jurisdiction":"MD","display_name":"Ciulucani","display_type":"independent_village","admin_level":8,"tier":"local","legal_registry":"CUATM","legal_id":"8924","legal_type":"independent_village","parent_catalog_id":"osm-r58993","osm_relation_id":19082834,"legal_identity_status":"reconciled","geometry_source":"OpenStreetMap","geometry_precision":"master_coordinate_fidelity"},"geometry":{"type":"Polygon","coordinates":[[[28.2811678,47.5697922],[28.2811555,47.5697017],[28.2806544,47.5644282],[28.2832175,47.5574112],[28.2840305,47.5567773],[28.2843327,47.5557297],[28.2875072,47.5438744],[28.288209,47.5414633],[28.2883986,47.540635],[28.2886981,47.5395999],[28.2893841,47.5374541],[28.2898892,47.5356081],[28.290372,47.5341525],[28.2908427,47.5321757],[28.2911548,47.5307823],[28.2915733,47.5285721],[28.2920248,47.5265673],[28.2926463,47.5239965],[28.2927951,47.5229879],[28.2931334,47.5204665],[28.2933366,47.5191026],[28.2935337,47.5174764],[28.2936935,47.5167194],[28.2955324,47.5078518],[28.2955391,47.5065687],[28.2952572,47.5065124],[28.2939171,47.5065596],[28.2937624,47.504964],[28.2942814,47.5047327],[28.2942051,47.5038604],[28.2943727,47.5027255],[28.2945363,47.5021002],[28.2947399,47.5016043],[28.294914,47.5010624],[28.2949656,47.5009304],[28.295052,47.5006087],[28.2951965,47.5000139],[28.2963494,47.499994],[28.2963809,47.4998357],[28.296451,47.4988553],[28.2966032,47.4976373],[28.296729,47.4966258],[28.2968169,47.4956148],[28.2970588,47.4939487],[28.2971435,47.4930624],[28.2972321,47.4918279],[28.297355,47.4909497],[28.2973259,47.4895661],[28.2973907,47.4891356],[28.2974995,47.4886959],[28.2975482,47.4876338],[28.2978414,47.4837795],[28.2978584,47.4829627],[28.2979504,47.4816101],[28.2924553,47.4809055],[28.2909968,47.4805642],[28.2899039,47.4802405],[28.2877161,47.479513],[28.2825199,47.4778771],[28.2808309,47.4773336],[28.2807399,47.4770701],[28.2807944,47.4767256],[28.2809528,47.4762425],[28.2808897,47.475841],[28.2806029,47.4753601],[28.2799017,47.4749726],[28.2790802,47.4743318],[28.2780036,47.4737961],[28.2777152,47.4736768],[28.2782447,47.4731485],[28.2790188,47.4727601],[28.2793603,47.4722523],[28.2795963,47.4718187],[28.2797672,47.4713567],[28.2799462,47.4712159],[28.2804453,47.4709985],[28.2812227,47.4707415],[28.2816583,47.4705613],[28.2823872,47.4700857],[28.2831204,47.4693617],[28.2836124,47.4687256],[28.2840197,47.4671386],[28.2841846,47.4668665],[28.2847181,47.4667364],[28.2857446,47.4665714],[28.2863205,47.4664189],[28.2869436,47.4664338],[28.2874168,47.4664649],[28.2881425,47.4657347],[28.2892137,47.4646309],[28.2890331,47.4634897],[28.2890034,47.4614089],[28.2890879,47.4614378],[28.2898274,47.4614534],[28.2905408,47.4614137],[28.2906889,47.4614053],[28.2913653,47.4614904],[28.2915608,47.4615302],[28.2917144,47.4615384],[28.2918978,47.4615394],[28.2921543,47.4615255],[28.2924176,47.4614993],[28.2925605,47.4614658],[28.2926938,47.4614643],[28.293473,47.4616643],[28.2949379,47.4619721],[28.2956859,47.4622868],[28.2963827,47.46242],[28.2983257,47.4627916],[28.2991177,47.4629923],[28.2994948,47.4631526],[28.2995748,47.4646878],[28.2995769,47.4647286],[28.2995902,47.4649835],[28.2995971,47.4651189],[28.2997178,47.4655866],[28.2998361,47.4678106],[28.2998539,47.4701112],[28.2999393,47.4717999],[28.2999744,47.4732298],[28.3000488,47.4742099],[28.2999535,47.4742765],[28.2999541,47.4743797],[28.2999599,47.4753897],[28.3000212,47.4768207],[28.2999924,47.4784532],[28.3000273,47.4789815],[28.3001321,47.481751],[28.3001338,47.481796],[28.3012966,47.4822038],[28.3024528,47.4868784],[28.3037273,47.4870141],[28.3043554,47.4861819],[28.3049088,47.4856854],[28.3057245,47.4852039],[28.3062237,47.4850003],[28.3078923,47.4856607],[28.309757,47.4830172],[28.3121644,47.4823799],[28.3123074,47.4820509],[28.3124811,47.4804887],[28.3126254,47.4802109],[28.3132197,47.4795138],[28.3145135,47.4806047],[28.3154241,47.4814439],[28.3177353,47.4834189],[28.321563,47.4866253],[28.3225955,47.4875086],[28.3231315,47.4881422],[28.3234563,47.4887781],[28.3236277,47.4897763],[28.3238484,47.4904747],[28.325273,47.4935131],[28.3255866,47.4942137],[28.3260301,47.4950088],[28.3262052,47.4961605],[28.3267272,47.4969886],[28.3270891,47.4979896],[28.3278973,47.49979],[28.3297219,47.5045667],[28.3297929,47.5047535],[28.3301261,47.505692],[28.3249438,47.5062592],[28.325017,47.5065287],[28.323216,47.5067373],[28.3211289,47.5070244],[28.3205658,47.507106],[28.3187169,47.5071725],[28.3181723,47.5071037],[28.317428,47.5070297],[28.3169847,47.5070274],[28.3160906,47.5071653],[28.3149432,47.5073663],[28.3151413,47.508663],[28.3145056,47.5089482],[28.3143283,47.5116458],[28.3141154,47.5133527],[28.3118644,47.5132961],[28.3112451,47.5183114],[28.3109767,47.5203288],[28.3105352,47.5225316],[28.3100137,47.5259984],[28.3097736,47.5278737],[28.309552,47.5294746],[28.3091239,47.533543],[28.3080437,47.5391156],[28.3075652,47.5410208],[28.3075158,47.5414684],[28.3072828,47.5421169],[28.3068836,47.5434851],[28.306208,47.5465093],[28.3058686,47.5480926],[28.3050727,47.5511962],[28.3043345,47.5539088],[28.3041515,47.5549761],[28.3037232,47.5578551],[28.3033644,47.5605312],[28.3031595,47.5612774],[28.3026403,47.5632713],[28.3018787,47.5666683],[28.3015911,47.5681637],[28.2979477,47.568871],[28.2977015,47.5688964],[28.2950173,47.5692973],[28.2947696,47.5693041],[28.2943535,47.5693763],[28.2927771,47.5695727],[28.2900224,47.5696557],[28.289709,47.5696159],[28.2863276,47.5696534],[28.2852606,47.5693838],[28.2850969,47.5693312],[28.2844297,47.5695272],[28.2832381,47.5697768],[28.2817486,47.5697551],[28.2811678,47.5697922]]]}},{"type":"Feature","properties":{"entity_id":"osm-r19082835","jurisdiction":"MD","display_name":"Leușeni","display_type":"independent_village","admin_level":8,"tier":"local","legal_registry":"CUATM","legal_id":"8934","legal_type":"independent_village","parent_catalog_id":"osm-r58993","osm_relation_id":19082835,"legal_identity_status":"reconciled","geometry_source":"OpenStreetMap","geometry_precision":"master_coordinate_fidelity"},"geometry":{"type":"Polygon","coordinates":[[[28.4122338,47.4695074],[28.4525054,47.4745339],[28.4524776,47.4762811],[28.4527137,47.4762635],[28.4532524,47.4762458],[28.4534577,47.4762631],[28.4541588,47.4762454],[28.4543592,47.4762557],[28.4543637,47.4747336],[28.4542853,47.4737613],[28.454267,47.4737461],[28.4538645,47.4728952],[28.4537809,47.4728543],[28.4538823,47.4728446],[28.4578847,47.4724866],[28.4579243,47.4724836],[28.4579487,47.4723741],[28.4579973,47.4722753],[28.4581199,47.4721797],[28.4581974,47.4721439],[28.458371,47.4720805],[28.4587438,47.4718874],[28.4589446,47.4717749],[28.4591047,47.4717074],[28.4592625,47.4716457],[28.4594973,47.4715647],[28.4598306,47.4714606],[28.460201,47.4713713],[28.4604686,47.4713282],[28.4608647,47.4712521],[28.461211,47.4712035],[28.4614586,47.4711621],[28.4627724,47.4710202],[28.4630019,47.4710111],[28.463694,47.470948],[28.4640178,47.4709123],[28.4640569,47.470937],[28.464345,47.4711236],[28.4644512,47.4711902],[28.4649025,47.4712679],[28.4651071,47.4712521],[28.4655859,47.4711669],[28.465953,47.471127],[28.4663469,47.4711323],[28.4675893,47.4710916],[28.469167,47.470953],[28.4702446,47.4708257],[28.4706571,47.4707219],[28.472136,47.4705701],[28.4725478,47.4705482],[28.4727839,47.4705609],[28.4730093,47.470573],[28.4740033,47.4706718],[28.4751405,47.470827],[28.4757514,47.4712177],[28.4758986,47.4711971],[28.4770166,47.4711093],[28.4772711,47.4717201],[28.4782742,47.4739323],[28.4785027,47.4745067],[28.478778,47.4750342],[28.4790359,47.4756157],[28.4791316,47.4756864],[28.4791702,47.4757868],[28.4796441,47.4770134],[28.4799584,47.4778678],[28.4800772,47.4779005],[28.4800912,47.4779297],[28.4807868,47.479378],[28.4809081,47.4796304],[28.4816173,47.4811068],[28.481621,47.4811146],[28.4818113,47.4815109],[28.4818144,47.4815173],[28.4818708,47.4816346],[28.4823719,47.4824052],[28.4829557,47.4822991],[28.4830025,47.482404],[28.4830218,47.4824471],[28.4830276,47.4824601],[28.4828512,47.4829075],[28.4828853,47.4830988],[28.4830603,47.4834637],[28.4836816,47.484364],[28.4846182,47.4855804],[28.4846625,47.4856379],[28.4852879,47.4862644],[28.4854687,47.4864455],[28.4863164,47.4875827],[28.4865099,47.487947],[28.4864231,47.4883254],[28.486707,47.4889355],[28.4873323,47.4896309],[28.4873699,47.4896877],[28.4874064,47.4897429],[28.487883,47.4904627],[28.4887628,47.4918462],[28.4894013,47.4928379],[28.4894823,47.4930268],[28.4881996,47.4947597],[28.4877479,47.4953715],[28.4868217,47.4966261],[28.4853698,47.4988558],[28.4844426,47.5000382],[28.4841836,47.5003623],[28.4839352,47.5007402],[28.4838803,47.5008581],[28.4838698,47.5009081],[28.4835106,47.5013915],[28.483111,47.5018725],[28.4823608,47.5027154],[28.4820327,47.5030641],[28.4818419,47.5032259],[28.4816016,47.5034036],[28.4813898,47.5035333],[28.4811335,47.5036659],[28.4808028,47.503826],[28.4804609,47.5039763],[28.4800769,47.5041211],[28.4795907,47.5042746],[28.4791615,47.5044002],[28.4786279,47.504527],[28.4778896,47.5046819],[28.4768328,47.5048706],[28.4761937,47.5049674],[28.475372,47.5050322],[28.4745116,47.5050375],[28.4739267,47.5049962],[28.4731733,47.5049408],[28.4727114,47.5048816],[28.4721564,47.5047796],[28.4714946,47.5046526],[28.4707905,47.5044904],[28.4697854,47.5042204],[28.4679828,47.5037839],[28.4672592,47.5036463],[28.4665778,47.5035824],[28.4659843,47.5035827],[28.4654645,47.5035997],[28.4638141,47.5037529],[28.462789,47.5037995],[28.4626994,47.5038034],[28.4621035,47.5038086],[28.4619543,47.5039462],[28.4598616,47.5042309],[28.4577259,47.5046595],[28.4560312,47.5050702],[28.4540878,47.5054938],[28.4536995,47.5055784],[28.4524938,47.5058174],[28.4495589,47.5064083],[28.448202,47.506687],[28.4466636,47.5069865],[28.4457878,47.5072028],[28.4444799,47.5076989],[28.4444003,47.5077514],[28.4430175,47.5083225],[28.4418948,47.5087446],[28.4417926,47.508783],[28.4417418,47.5088078],[28.4412909,47.5089727],[28.4405267,47.5091858],[28.4404767,47.5092019],[28.4395923,47.5094201],[28.439215,47.5095298],[28.4391603,47.509554],[28.438653,47.5097139],[28.4378714,47.5099248],[28.4364906,47.510271],[28.4365789,47.5104877],[28.4365653,47.5118408],[28.4365664,47.5121915],[28.4366237,47.5125911],[28.4366716,47.5129257],[28.4368624,47.5134402],[28.4371832,47.5143612],[28.436768,47.5143656],[28.4364112,47.513143],[28.4359355,47.5128316],[28.4356151,47.5124508],[28.4353553,47.5112029],[28.4351497,47.510774],[28.4341045,47.5105509],[28.432644,47.5105979],[28.4323785,47.5106783],[28.4322099,47.5107294],[28.4320982,47.5108561],[28.431905,47.5110831],[28.4315014,47.511534],[28.4313592,47.5116954],[28.431222,47.5118513],[28.4310376,47.5120714],[28.4309915,47.5122749],[28.4309688,47.5123998],[28.4308778,47.512858],[28.4306022,47.5131206],[28.43021,47.5131181],[28.4293321,47.5128022],[28.4287877,47.5126097],[28.4285537,47.5124363],[28.428483,47.5124233],[28.4281262,47.5123575],[28.4276178,47.5124744],[28.4273102,47.5125452],[28.427099,47.5126891],[28.4270369,47.5127314],[28.4267028,47.5131889],[28.4261714,47.5132539],[28.4256023,47.5131704],[28.4252322,47.5126419],[28.4261654,47.5123885],[28.426684,47.5121197],[28.427257,47.5117849],[28.427732,47.511446],[28.4281058,47.5109948],[28.4286298,47.5106525],[28.4289079,47.510594],[28.4290537,47.5105632],[28.4289632,47.5096486],[28.428683,47.5090588],[28.4275466,47.5080042],[28.4266064,47.5068081],[28.4264673,47.5066369],[28.4262644,47.506501],[28.4260239,47.5063175],[28.425732,47.5061073],[28.424597,47.5056261],[28.424103,47.505318],[28.4229764,47.5048539],[28.4229222,47.5048347],[28.4218537,47.5043519],[28.4214612,47.5042387],[28.4211658,47.5040952],[28.4206859,47.5038696],[28.4199974,47.5034253],[28.4198753,47.5033604],[28.4197812,47.5032942],[28.419544,47.5031058],[28.4194075,47.502985],[28.4193372,47.5029301],[28.4192615,47.5028627],[28.4192024,47.5028013],[28.4187555,47.5024011],[28.4181937,47.5019637],[28.4179434,47.5018409],[28.4176923,47.5016195],[28.4173907,47.5013919],[28.4171712,47.5012109],[28.4167139,47.5008851],[28.4163686,47.5006208],[28.4162616,47.5005453],[28.4161397,47.5004707],[28.415926,47.5003236],[28.4158377,47.500256],[28.4156092,47.5000437],[28.4155176,47.4999631],[28.4154171,47.4998961],[28.4153267,47.4998444],[28.4150275,47.499706],[28.4149058,47.4996286],[28.414823,47.4995389],[28.4143359,47.4988863],[28.4141734,47.4987169],[28.4140311,47.4985388],[28.4133327,47.4978244],[28.4131416,47.4976723],[28.4130653,47.4976053],[28.4129798,47.4975014],[28.4129034,47.497391],[28.4128629,47.4972992],[28.4127511,47.497071],[28.412546,47.4969474],[28.4126894,47.4965896],[28.4128334,47.4960504],[28.4130244,47.495791],[28.4130898,47.495733],[28.4131576,47.4956727],[28.4132835,47.4955609],[28.4135173,47.4953994],[28.4137264,47.4952809],[28.4139889,47.4951058],[28.4147419,47.4946034],[28.4151193,47.494402],[28.415662,47.4941124],[28.4161986,47.493854],[28.41646,47.4937281],[28.4165398,47.493689],[28.4168627,47.4935305],[28.4173077,47.4933122],[28.4174501,47.493215],[28.4176023,47.4931425],[28.4182176,47.4928495],[28.4183359,47.4928408],[28.4182798,47.4925516],[28.4182223,47.4924857],[28.4180737,47.4923643],[28.4176603,47.4921697],[28.4173629,47.4920024],[28.4165641,47.4913791],[28.4165296,47.4913469],[28.4164499,47.4911803],[28.4164087,47.4908919],[28.4163967,47.4903025],[28.4164642,47.4900989],[28.4164786,47.4900833],[28.4166511,47.4899623],[28.4171557,47.4897341],[28.4174036,47.4895895],[28.4178479,47.4891273],[28.4179447,47.4890608],[28.4180929,47.4889243],[28.4182829,47.4885917],[28.4183504,47.4885156],[28.4183922,47.4884092],[28.4178844,47.4881147],[28.417126,47.4875087],[28.4164635,47.4869948],[28.4164177,47.4869674],[28.4163557,47.4869137],[28.4155054,47.4864573],[28.4154032,47.4864226],[28.4151645,47.4862971],[28.4150154,47.4862298],[28.4148722,47.4861571],[28.4147359,47.4860828],[28.4145832,47.4859909],[28.4142293,47.4858047],[28.4141264,47.4857439],[28.4140145,47.4856833],[28.4139165,47.4856242],[28.4138446,47.4855706],[28.4138103,47.4855186],[28.4138317,47.4854889],[28.4139916,47.4853474],[28.4141257,47.4852484],[28.4142855,47.485095],[28.4142912,47.4850183],[28.4142816,47.4849936],[28.4142424,47.4849652],[28.413945,47.4847807],[28.4136653,47.4845568],[28.4135371,47.4843828],[28.4133671,47.4841985],[28.4133277,47.484166],[28.4007254,47.4847068],[28.3999626,47.4757186],[28.3992354,47.4680659],[28.4122338,47.4695074]]]}},{"type":"Feature","properties":{"entity_id":"osm-r19082836","jurisdiction":"MD","display_name":"Nucăreni","display_type":"independent_village","admin_level":8,"tier":"local","legal_registry":"CUATM","legal_id":"8940","legal_type":"independent_village","parent_catalog_id":"osm-r58993","osm_relation_id":19082836,"legal_identity_status":"reconciled","geometry_source":"OpenStreetMap","geometry_precision":"master_coordinate_fidelity"},"geometry":{"type":"Polygon","coordinates":[[[28.5565001,47.5876416],[28.5600849,47.5836709],[28.5609213,47.5827704],[28.5631199,47.5804032],[28.564435,47.5781188],[28.5646251,47.5778581],[28.5647094,47.5777798],[28.565797,47.578288],[28.5658529,47.578315],[28.5706304,47.5807553],[28.5744342,47.5823627],[28.5760973,47.5831668],[28.5778236,47.5839885],[28.5798698,47.5848329],[28.5839548,47.5860904],[28.5874243,47.5873085],[28.5909956,47.5891886],[28.5998898,47.594683],[28.6029898,47.5968147],[28.6112234,47.6029842],[28.6130527,47.6045724],[28.6153685,47.6070397],[28.6198129,47.6114806],[28.6232129,47.6154611],[28.6250878,47.6177929],[28.6232572,47.6186175],[28.6178486,47.6212102],[28.6128449,47.6235001],[28.6097986,47.6248111],[28.603661,47.6275255],[28.6012222,47.6287133],[28.6004963,47.6291832],[28.6000673,47.6298673],[28.5982949,47.6349167],[28.5976301,47.6363351],[28.5973138,47.6368364],[28.5923242,47.6300431],[28.5908551,47.6314283],[28.582592,47.6248966],[28.579893,47.6228174],[28.577415,47.6208492],[28.5729048,47.6171582],[28.5688237,47.6138252],[28.5603399,47.607071],[28.5603706,47.6039294],[28.5599478,47.6035755],[28.5594615,47.6032628],[28.5589889,47.6026983],[28.5588569,47.602386],[28.5583009,47.6021248],[28.5575625,47.6014986],[28.5581139,47.6011947],[28.5589449,47.6003997],[28.557927,47.5944111],[28.5576441,47.5943292],[28.5559188,47.5957925],[28.5556761,47.5957724],[28.5540901,47.5945575],[28.552891,47.5936741],[28.552785,47.5932348],[28.5524466,47.5929494],[28.5517967,47.5926033],[28.5513197,47.5923814],[28.5513396,47.5922008],[28.5516486,47.5919208],[28.5540973,47.5898348],[28.5565001,47.5876416]]]}},{"type":"Feature","properties":{"entity_id":"osm-r19082837","jurisdiction":"MD","display_name":"Tîrșiței","display_type":"commune","admin_level":8,"tier":"local","legal_registry":"CUATM","legal_id":"8955","legal_type":"commune","parent_catalog_id":"osm-r58993","osm_relation_id":19082837,"legal_identity_status":"reconciled","geometry_source":"OpenStreetMap","geometry_precision":"master_coordinate_fidelity"},"geometry":{"type":"Polygon","coordinates":[[[28.5294337,47.6940472],[28.5329493,47.6907707],[28.5391146,47.685543],[28.5393325,47.6853588],[28.5407908,47.6840463],[28.5444998,47.6810913],[28.5445328,47.6810644],[28.5446414,47.6811312],[28.5463222,47.6796848],[28.5492831,47.6771407],[28.5453883,47.6747324],[28.5441706,47.6739517],[28.5437389,47.6736851],[28.5437752,47.6736409],[28.5423334,47.6727088],[28.5415718,47.6722162],[28.5397789,47.6710584],[28.5355176,47.6682684],[28.5350131,47.6679174],[28.5350059,47.6679093],[28.5359349,47.6664543],[28.5390335,47.6616278],[28.5410338,47.6584468],[28.543398,47.654687],[28.5441211,47.6535422],[28.5455009,47.6514558],[28.5493966,47.6532367],[28.5505672,47.6538108],[28.5526804,47.6547989],[28.5545091,47.6556025],[28.5570655,47.6568356],[28.5609043,47.6585157],[28.5720909,47.6634688],[28.5751248,47.6619269],[28.5743323,47.6612542],[28.5741243,47.661419],[28.5739,47.6610443],[28.5724445,47.6599805],[28.5712909,47.6592547],[28.5709177,47.6587428],[28.5706638,47.6583319],[28.5701251,47.6581458],[28.5697502,47.6580833],[28.5695305,47.6578481],[28.5703855,47.656973],[28.5705483,47.6565482],[28.5706786,47.6562511],[28.5709291,47.6559793],[28.5711983,47.6556669],[28.5718779,47.6547553],[28.5728208,47.6533832],[28.5739018,47.6518341],[28.5754343,47.6492045],[28.5802492,47.6511093],[28.5848181,47.6528691],[28.587309,47.653646],[28.5905725,47.6550309],[28.5910891,47.6553835],[28.5913124,47.6557222],[28.5915758,47.6577303],[28.5916823,47.6583433],[28.5927531,47.6606708],[28.5933111,47.6619157],[28.5936754,47.662491],[28.594379,47.6637476],[28.5948991,47.6647858],[28.5951444,47.665478],[28.5955663,47.6664349],[28.5957278,47.6669116],[28.5972608,47.6700358],[28.5972228,47.6703135],[28.5987307,47.6734424],[28.5997777,47.6749362],[28.6004259,47.6759939],[28.6013672,47.6773944],[28.6027414,47.679506],[28.603996,47.6816124],[28.6054291,47.6841076],[28.6059403,47.6850657],[28.6062011,47.6856229],[28.6073209,47.6875843],[28.6081957,47.6890804],[28.6130404,47.6975719],[28.6142231,47.6995972],[28.6143952,47.6998399],[28.614568,47.700023],[28.615471,47.700725],[28.6162742,47.7013691],[28.6176747,47.702414],[28.6187118,47.7032757],[28.6170163,47.7040279],[28.6168855,47.7040846],[28.6161337,47.7044107],[28.616015,47.7044622],[28.6141949,47.7052518],[28.6134414,47.7055786],[28.612863,47.7058294],[28.6128271,47.705845],[28.6127652,47.7058503],[28.6113615,47.7064733],[28.6104601,47.7068733],[28.6096474,47.7072631],[28.6089345,47.707605],[28.6086242,47.7077652],[28.6077599,47.7081643],[28.6072056,47.7084202],[28.6071614,47.7084406],[28.6050438,47.7094187],[28.6046741,47.7095974],[28.6046689,47.7095998],[28.6045268,47.7096685],[28.6029167,47.7104467],[28.6017084,47.7109954],[28.5965996,47.7128985],[28.5960066,47.7131542],[28.594829,47.7135797],[28.5943127,47.7137662],[28.5937964,47.7139527],[28.5932801,47.7141392],[28.5927639,47.7143258],[28.5921634,47.7145426],[28.5922509,47.7146398],[28.5925639,47.7150072],[28.5926078,47.7150554],[28.5929753,47.7154584],[28.5933425,47.7158612],[28.5936303,47.7161768],[28.5937316,47.7162552],[28.5936502,47.716273],[28.5924461,47.7166859],[28.5919602,47.7168525],[28.5915843,47.7169814],[28.5912207,47.7171061],[28.5908572,47.7172307],[28.5904935,47.7173554],[28.5901299,47.7174801],[28.5897663,47.7176047],[28.5894026,47.7177295],[28.589296,47.7177937],[28.5888877,47.7179337],[28.5884795,47.7180737],[28.5880712,47.7182136],[28.5879609,47.7182515],[28.5878256,47.7183616],[28.5874138,47.7184891],[28.5869746,47.7186252],[28.5865355,47.7187613],[28.5860963,47.7188973],[28.585975,47.7189349],[28.585796,47.7189905],[28.5856259,47.7190319],[28.5852662,47.7191196],[28.5849035,47.7192081],[28.5845295,47.7192993],[28.5830596,47.7196827],[28.5812654,47.7200666],[28.5802524,47.7203315],[28.5791714,47.7207349],[28.5767968,47.7215999],[28.5744159,47.7225913],[28.5713032,47.7238032],[28.5711483,47.7238788],[28.5686787,47.7248668],[28.56079,47.7279365],[28.5603124,47.7280721],[28.5574156,47.7285149],[28.5570155,47.7284535],[28.5568805,47.7282672],[28.5556485,47.7270132],[28.5542717,47.7256788],[28.5526501,47.7241701],[28.5489194,47.7208865],[28.5475697,47.7195467],[28.547394,47.7193668],[28.545138,47.7168745],[28.5449981,47.7167017],[28.5442336,47.7158945],[28.5436014,47.7152678],[28.5420157,47.7134496],[28.5395939,47.7104688],[28.5387549,47.7090062],[28.5361503,47.7047292],[28.5335995,47.7005981],[28.5329317,47.6995512],[28.5327103,47.6992041],[28.53223,47.6984347],[28.5316846,47.6975856],[28.5305976,47.6958696],[28.5302695,47.6953725],[28.5294337,47.6940472]]]}},{"type":"Feature","properties":{"entity_id":"osm-r19082838","jurisdiction":"MD","display_name":"Negureni","display_type":"commune","admin_level":8,"tier":"local","legal_registry":"CUATM","legal_id":"8937","legal_type":"commune","parent_catalog_id":"osm-r58993","osm_relation_id":19082838,"legal_identity_status":"reconciled","geometry_source":"OpenStreetMap","geometry_precision":"master_coordinate_fidelity"},"geometry":{"type":"Polygon","coordinates":[[[28.5455009,47.6514558],[28.5392087,47.6486487],[28.5421758,47.6450836],[28.5479624,47.6383121],[28.544944,47.6366234],[28.5432535,47.6355964],[28.5389701,47.6329658],[28.5349173,47.6305362],[28.5259521,47.6250094],[28.5230596,47.6232174],[28.5193745,47.6209176],[28.5141049,47.6176413],[28.510547,47.6155835],[28.5070603,47.6136582],[28.5068804,47.6135416],[28.5066526,47.6134229],[28.5060276,47.6130807],[28.5037867,47.6118809],[28.5004506,47.6100863],[28.4993662,47.6095077],[28.4988001,47.6092111],[28.497032,47.6082476],[28.4966271,47.6080626],[28.4964094,47.6079774],[28.4960045,47.607766],[28.4953687,47.6074164],[28.4947547,47.6070992],[28.4943584,47.606873],[28.4941581,47.6067672],[28.493875,47.6065909],[28.4932349,47.6062178],[28.4931565,47.6061855],[28.4928345,47.6061622],[28.4924995,47.6060919],[28.492086,47.6059598],[28.4916939,47.6056601],[28.4914324,47.6053661],[28.4914061,47.6052484],[28.4907878,47.6049076],[28.4904996,47.60429],[28.4903512,47.6040195],[28.4902768,47.6037165],[28.4892633,47.6037997],[28.489169,47.6033026],[28.4888644,47.6030153],[28.4903407,47.6027685],[28.4920553,47.6026097],[28.4935334,47.6024312],[28.4951781,47.6021821],[28.4963503,47.6019163],[28.4980792,47.6015925],[28.4995003,47.6012463],[28.5001623,47.6009879],[28.5013239,47.6004421],[28.5021666,47.6000448],[28.5033728,47.5994476],[28.5049204,47.5986782],[28.505759,47.5981365],[28.5061658,47.5978347],[28.5062201,47.5973032],[28.5061647,47.5965587],[28.5063857,47.5958026],[28.5067243,47.5955329],[28.5072914,47.595186],[28.5079039,47.594815],[28.5090201,47.5943009],[28.509578,47.59404],[28.5103917,47.5938498],[28.5110308,47.5936034],[28.5113019,47.5933969],[28.5116812,47.5929393],[28.5118756,47.5924685],[28.5120195,47.5918422],[28.5119172,47.5914846],[28.5116516,47.5910666],[28.5113669,47.5907894],[28.5108969,47.5904834],[28.5104168,47.5898185],[28.510075,47.5891518],[28.5097085,47.588423],[28.5091788,47.5876339],[28.5088815,47.5869081],[28.5088386,47.5866121],[28.5089344,47.586326],[28.5094215,47.5860113],[28.5099846,47.5859337],[28.5109757,47.5859051],[28.5114417,47.585657],[28.5115509,47.5850313],[28.5112878,47.5844742],[28.5109641,47.5839518],[28.5104095,47.5829976],[28.5100631,47.582381],[28.5099271,47.5819776],[28.5097493,47.5815607],[28.5094855,47.5810332],[28.5092895,47.5807005],[28.5091593,47.5804926],[28.5087384,47.5802468],[28.5084838,47.5800267],[28.5083961,47.5798602],[28.5083234,47.5794978],[28.5083077,47.5789669],[28.508397,47.5784905],[28.5083933,47.5783647],[28.5083871,47.5781552],[28.5083927,47.5779148],[28.5084367,47.5777352],[28.5085096,47.5775742],[28.5085137,47.5773046],[28.5084764,47.5769799],[28.5085049,47.5765462],[28.508538,47.5762662],[28.5086613,47.5761673],[28.5089249,47.5760652],[28.5092365,47.5760043],[28.5094703,47.5755355],[28.509538,47.5751203],[28.5095339,47.5749806],[28.5093797,47.5746613],[28.509352,47.5744241],[28.5094685,47.5741709],[28.5098232,47.5737828],[28.5100241,47.5733805],[28.5101994,47.5730222],[28.5102928,47.572678],[28.5100332,47.5722902],[28.5096438,47.5717086],[28.5095925,47.5713738],[28.5097504,47.5711201],[28.5099927,47.5709211],[28.5101977,47.570719],[28.5102947,47.5705257],[28.5103998,47.5702017],[28.510623,47.5698641],[28.5108408,47.5695397],[28.5112742,47.5691279],[28.5116865,47.5687733],[28.5119651,47.5683874],[28.5120386,47.5680975],[28.5117757,47.567598],[28.5115612,47.5673354],[28.5115128,47.5670984],[28.511171,47.5667258],[28.5110168,47.5664064],[28.5111286,47.5660467],[28.5116008,47.5658813],[28.5122989,47.5657179],[28.5127667,47.5654599],[28.5131494,47.5651191],[28.5140971,47.5643094],[28.5145426,47.5639958],[28.5147413,47.5637275],[28.5150649,47.5634854],[28.5155588,47.5634087],[28.5158076,47.5634332],[28.5156459,47.5619477],[28.5278877,47.5598339],[28.5294015,47.564295],[28.5350664,47.5656892],[28.5387294,47.5680558],[28.5388487,47.5684734],[28.5320619,47.5742837],[28.5295207,47.5763689],[28.5267513,47.5786354],[28.5268912,47.578857],[28.5347819,47.5830787],[28.5394273,47.5856165],[28.5411795,47.5865165],[28.5421039,47.5869703],[28.5422521,47.5868873],[28.5426136,47.587066],[28.5470198,47.5894289],[28.5492143,47.5906046],[28.5516486,47.5919208],[28.5513396,47.5922008],[28.5513197,47.5923814],[28.5517967,47.5926033],[28.5524466,47.5929494],[28.552785,47.5932348],[28.552891,47.5936741],[28.5540901,47.5945575],[28.5556761,47.5957724],[28.5559188,47.5957925],[28.5576441,47.5943292],[28.557927,47.5944111],[28.5589449,47.6003997],[28.5581139,47.6011947],[28.5575625,47.6014986],[28.5583009,47.6021248],[28.5588569,47.602386],[28.5589889,47.6026983],[28.5594615,47.6032628],[28.5599478,47.6035755],[28.5603706,47.6039294],[28.5603399,47.607071],[28.5688237,47.6138252],[28.5729048,47.6171582],[28.577415,47.6208492],[28.579893,47.6228174],[28.582592,47.6248966],[28.5908551,47.6314283],[28.5923242,47.6300431],[28.5973138,47.6368364],[28.5966578,47.6381709],[28.596411,47.6381328],[28.5950455,47.6400442],[28.5938196,47.6425076],[28.5934394,47.6442485],[28.5934485,47.6445411],[28.5937244,47.6454366],[28.5937335,47.6457292],[28.5929257,47.6486698],[28.5927012,47.6494447],[28.592237,47.6504757],[28.5919464,47.6515518],[28.5916114,47.6528359],[28.591189,47.6543543],[28.5910891,47.6553835],[28.5905725,47.6550309],[28.587309,47.653646],[28.5848181,47.6528691],[28.5802492,47.6511093],[28.5754343,47.6492045],[28.5739018,47.6518341],[28.5728208,47.6533832],[28.5718779,47.6547553],[28.5711983,47.6556669],[28.5709291,47.6559793],[28.5706786,47.6562511],[28.5705483,47.6565482],[28.5703855,47.656973],[28.5695305,47.6578481],[28.5697502,47.6580833],[28.5701251,47.6581458],[28.5706638,47.6583319],[28.5709177,47.6587428],[28.5712909,47.6592547],[28.5724445,47.6599805],[28.5739,47.6610443],[28.5741243,47.661419],[28.5743323,47.6612542],[28.5751248,47.6619269],[28.5720909,47.6634688],[28.5609043,47.6585157],[28.5570655,47.6568356],[28.5545091,47.6556025],[28.5526804,47.6547989],[28.5505672,47.6538108],[28.5493966,47.6532367],[28.5455009,47.6514558]]]}},{"type":"Feature","properties":{"entity_id":"osm-r19082839","jurisdiction":"MD","display_name":"Văsieni","display_type":"independent_village","admin_level":8,"tier":"local","legal_registry":"CUATM","legal_id":"8958","legal_type":"independent_village","parent_catalog_id":"osm-r58993","osm_relation_id":19082839,"legal_identity_status":"reconciled","geometry_source":"OpenStreetMap","geometry_precision":"master_coordinate_fidelity"},"geometry":{"type":"Polygon","coordinates":[[[28.4601179,47.4330958],[28.4625248,47.4313219],[28.4633553,47.4307472],[28.4637391,47.4306369],[28.4642902,47.4306962],[28.467275,47.4286467],[28.4677053,47.4287468],[28.4681666,47.4290809],[28.4691872,47.4285966],[28.4714235,47.4287331],[28.471414,47.4291167],[28.4751018,47.4292069],[28.4808234,47.4294582],[28.4820119,47.4292129],[28.483242,47.4293069],[28.4832971,47.4299455],[28.4832731,47.4299574],[28.482714,47.4302051],[28.4821392,47.4305578],[28.4804568,47.4318494],[28.4801492,47.4319536],[28.4798844,47.432132],[28.4795733,47.4324596],[28.4792848,47.4327701],[28.4791746,47.4330609],[28.4789265,47.4335095],[28.478869,47.4336621],[28.4788193,47.4340338],[28.4787329,47.4350569],[28.4787344,47.435608],[28.4786344,47.435726],[28.4761838,47.4357789],[28.4759906,47.4360194],[28.4758289,47.4362957],[28.4756412,47.4368261],[28.4755471,47.4371818],[28.4752892,47.4378469],[28.4751092,47.4385341],[28.4749844,47.4390952],[28.4747762,47.4393681],[28.4745825,47.4394537],[28.4743114,47.4395065],[28.4739655,47.4395315],[28.4731454,47.4395158],[28.4723234,47.4393918],[28.4712076,47.4393601],[28.4710193,47.4395137],[28.4706424,47.4399915],[28.4706244,47.4400211],[28.4706062,47.440051],[28.4705879,47.4400812],[28.4705694,47.4401116],[28.4705507,47.4401423],[28.4705318,47.4401734],[28.4705127,47.4402047],[28.4703797,47.4404604],[28.470065,47.4409815],[28.469972,47.4412301],[28.4699611,47.4412697],[28.46995,47.4413097],[28.4699382,47.441353],[28.469926,47.441397],[28.4699138,47.4414416],[28.4699013,47.4414869],[28.4697925,47.4420081],[28.4697912,47.4421449],[28.4699112,47.4424709],[28.4699908,47.4428417],[28.4700371,47.4432831],[28.470034,47.4438125],[28.4700167,47.4442324],[28.4700476,47.444509],[28.4703694,47.4449795],[28.4726412,47.4465928],[28.4730874,47.4466837],[28.4736067,47.4466267],[28.4738352,47.4466015],[28.4739602,47.4465878],[28.4741342,47.4465687],[28.4742578,47.4465551],[28.4743933,47.4465403],[28.4745282,47.4465254],[28.474632,47.446514],[28.4747657,47.4464993],[28.4748989,47.4464847],[28.4750735,47.4464656],[28.4751635,47.4464557],[28.475253,47.4464458],[28.4753662,47.4464334],[28.4754849,47.4464204],[28.4755735,47.4464106],[28.4756092,47.4464067],[28.4756634,47.4464085],[28.475785,47.4464125],[28.4759071,47.4464165],[28.4760363,47.4464207],[28.4761686,47.4464251],[28.4762531,47.4464279],[28.4763122,47.4464358],[28.4764703,47.4464568],[28.4766734,47.4464838],[28.4769466,47.4465201],[28.4772446,47.4465598],[28.4775304,47.4465978],[28.47779,47.4466323],[28.4780295,47.4466641],[28.4780897,47.4466722],[28.4783005,47.4467002],[28.4783077,47.4467004],[28.4784858,47.446703],[28.4786366,47.4467052],[28.47877,47.4467071],[28.4788939,47.446709],[28.4790106,47.4467107],[28.4791216,47.4467123],[28.4792273,47.4467139],[28.4792544,47.4467143],[28.4793545,47.4467158],[28.4794509,47.4467171],[28.4795437,47.4467184],[28.4796337,47.4467198],[28.4797208,47.4467211],[28.4798053,47.4467224],[28.4798876,47.4467235],[28.4799095,47.4467239],[28.4799687,47.4467303],[28.4800483,47.4467389],[28.4801262,47.4467474],[28.4802036,47.4467558],[28.4802815,47.4467644],[28.4803598,47.4467729],[28.4804386,47.4467814],[28.4805178,47.44679],[28.4805976,47.4467987],[28.4806777,47.4468074],[28.4807584,47.4468161],[28.4808396,47.446825],[28.4809214,47.4468339],[28.4810037,47.4468428],[28.4810865,47.4468518],[28.4811698,47.4468609],[28.4812545,47.44687],[28.4813419,47.4468796],[28.481432,47.4468894],[28.4815255,47.4468995],[28.4816224,47.44691],[28.4817232,47.446921],[28.4818274,47.4469323],[28.4819333,47.4469437],[28.4820406,47.4469554],[28.4821494,47.4469672],[28.4822598,47.4469792],[28.4823717,47.4469914],[28.4824315,47.4469979],[28.482554,47.4470112],[28.482668,47.4470236],[28.4827396,47.4470314],[28.4829858,47.4470581],[28.4830287,47.4470628],[28.4832459,47.4470864],[28.4832929,47.4470915],[28.4834108,47.4471043],[28.4835327,47.4471307],[28.4835606,47.4471244],[28.4836103,47.4471131],[28.4836599,47.4471017],[28.4837125,47.4470897],[28.4837256,47.4470864],[28.4841065,47.4467699],[28.4844418,47.4466239],[28.4850737,47.4464845],[28.4863675,47.446122],[28.4882862,47.4457334],[28.4882959,47.4457852],[28.4885796,47.447056],[28.4887815,47.4482775],[28.4887347,47.4483515],[28.4888925,47.449413],[28.489202,47.4517688],[28.489525,47.4542266],[28.4894248,47.4543224],[28.4895042,47.4552513],[28.4895316,47.4557242],[28.4895587,47.4561308],[28.4896679,47.4567582],[28.4898809,47.4581385],[28.4905058,47.4608932],[28.4906148,47.4611048],[28.4910854,47.4639003],[28.4912861,47.4649695],[28.4912692,47.4654388],[28.4914228,47.4658875],[28.4918065,47.4664492],[28.4917459,47.4664673],[28.4905403,47.4668283],[28.4904771,47.4668459],[28.4892613,47.4672098],[28.4879795,47.4675827],[28.4879231,47.4675978],[28.4867054,47.4679575],[28.486645,47.4679774],[28.4854343,47.4683401],[28.4853704,47.4683644],[28.4841576,47.4687227],[28.4840954,47.4687409],[28.4825423,47.4692131],[28.4819454,47.4693934],[28.4811518,47.4696167],[28.4802928,47.4698711],[28.4787576,47.4704637],[28.4770166,47.4711093],[28.4758986,47.4711971],[28.4757514,47.4712177],[28.4751405,47.470827],[28.4740033,47.4706718],[28.4730093,47.470573],[28.4727839,47.4705609],[28.4725478,47.4705482],[28.472136,47.4705701],[28.4706571,47.4707219],[28.4702446,47.4708257],[28.469167,47.470953],[28.4675893,47.4710916],[28.4663469,47.4711323],[28.465953,47.471127],[28.4655859,47.4711669],[28.4651071,47.4712521],[28.4649025,47.4712679],[28.4644512,47.4711902],[28.464345,47.4711236],[28.4640569,47.470937],[28.4640178,47.4709123],[28.463694,47.470948],[28.4630019,47.4710111],[28.4627724,47.4710202],[28.4614586,47.4711621],[28.461211,47.4712035],[28.4608647,47.4712521],[28.4604686,47.4713282],[28.460201,47.4713713],[28.4598306,47.4714606],[28.4594973,47.4715647],[28.4592625,47.4716457],[28.4591047,47.4717074],[28.4589446,47.4717749],[28.4587438,47.4718874],[28.458371,47.4720805],[28.4581974,47.4721439],[28.4581199,47.4721797],[28.4579973,47.4722753],[28.4579487,47.4723741],[28.4579243,47.4724836],[28.4578847,47.4724866],[28.4538823,47.4728446],[28.4537809,47.4728543],[28.4538645,47.4728952],[28.454267,47.4737461],[28.4542853,47.4737613],[28.4543637,47.4747336],[28.4543592,47.4762557],[28.4541588,47.4762454],[28.4534577,47.4762631],[28.4532524,47.4762458],[28.4527137,47.4762635],[28.4524776,47.4762811],[28.4525054,47.4745339],[28.4122338,47.4695074],[28.4116227,47.460077],[28.4139737,47.4602699],[28.4156905,47.4605445],[28.4182111,47.4609569],[28.4197243,47.4610984],[28.4223259,47.4611403],[28.4244337,47.4610773],[28.4272514,47.4610425],[28.4307428,47.4610362],[28.4310189,47.4604909],[28.431747,47.4597669],[28.4325551,47.4581344],[28.4326939,47.4571127],[28.4325065,47.456339],[28.4321149,47.4552186],[28.4318091,47.4539226],[28.431505,47.4505361],[28.4315226,47.449667],[28.4327038,47.447747],[28.4359943,47.4469081],[28.4410337,47.4455589],[28.44472,47.4434918],[28.4451765,47.4438287],[28.4488319,47.4413559],[28.4511254,47.4398028],[28.4549121,47.4372294],[28.4562421,47.4361482],[28.4588825,47.4340102],[28.4601179,47.4330958]]]}},{"type":"Feature","properties":{"entity_id":"osm-r19082840","jurisdiction":"MD","display_name":"Zgărdești","display_type":"commune","admin_level":8,"tier":"local","legal_registry":"CUATM","legal_id":"8960","legal_type":"commune","parent_catalog_id":"osm-r58993","osm_relation_id":19082840,"legal_identity_status":"reconciled","geometry_source":"OpenStreetMap","geometry_precision":"master_coordinate_fidelity"},"geometry":{"type":"Polygon","coordinates":[[[28.2225442,47.5705632],[28.220951,47.5711337],[28.2202093,47.5715953],[28.2189521,47.571939],[28.2184477,47.5721839],[28.2178997,47.571864],[28.216542,47.5707273],[28.2151146,47.5687217],[28.2185243,47.5636493],[28.2181595,47.5623176],[28.2180865,47.56217],[28.2180055,47.5620063],[28.2144658,47.5548504],[28.214155,47.5543738],[28.2130727,47.5535293],[28.2123345,47.5520055],[28.2117906,47.5510597],[28.211108,47.5503766],[28.2108528,47.5498287],[28.211097,47.5487816],[28.2109253,47.5483713],[28.2105655,47.5483712],[28.2076113,47.5497884],[28.1986365,47.553685],[28.1963289,47.5542549],[28.1956373,47.5531163],[28.1930814,47.5542137],[28.1907977,47.5551084],[28.1880572,47.555822],[28.1867206,47.5561767],[28.1853195,47.5567025],[28.1792416,47.5596262],[28.1790475,47.5579783],[28.1768886,47.5578402],[28.1765549,47.5597116],[28.1708184,47.5609669],[28.1683834,47.5613859],[28.1689247,47.5645935],[28.1683527,47.564803],[28.1605601,47.5677046],[28.1586124,47.568441],[28.1574614,47.5688373],[28.1569305,47.5690011],[28.156312,47.5692011],[28.1560153,47.5693352],[28.1559429,47.5693671],[28.1547581,47.5698276],[28.1540069,47.5700906],[28.1533574,47.5703501],[28.1526799,47.5706459],[28.1524119,47.5707233],[28.1521237,47.5707383],[28.1518973,47.570707],[28.1511465,47.5698654],[28.1502207,47.5682362],[28.1495498,47.5670658],[28.1480428,47.5625892],[28.147251,47.5603666],[28.1470301,47.559123],[28.1465249,47.5542261],[28.1459887,47.5499026],[28.1457434,47.547002],[28.1454422,47.543933],[28.1448105,47.5415163],[28.1435233,47.5377608],[28.1417711,47.5340158],[28.1426028,47.5338692],[28.146281,47.5328978],[28.1507849,47.5317514],[28.1523124,47.5312677],[28.1568379,47.5300289],[28.1592223,47.5295639],[28.1620487,47.5287123],[28.1643574,47.528269],[28.1676876,47.5274144],[28.1693431,47.5268145],[28.1697019,47.5268145],[28.1747533,47.5256547],[28.1766991,47.5250879],[28.1785047,47.5246033],[28.1859331,47.5226231],[28.1901357,47.5216415],[28.1904082,47.5215594],[28.1910156,47.5213879],[28.1918961,47.5211327],[28.1925908,47.5209431],[28.1931155,47.5207687],[28.1937513,47.5205881],[28.1959685,47.5199764],[28.1976347,47.5195333],[28.2009248,47.5186075],[28.2027099,47.5181933],[28.204485,47.5179028],[28.2063253,47.517663],[28.2102381,47.5170841],[28.2112135,47.5169181],[28.2210768,47.5155591],[28.2211027,47.5155192],[28.2221694,47.5152161],[28.2225111,47.515099],[28.2227108,47.5149418],[28.2239763,47.5146314],[28.2246566,47.5146121],[28.2255899,47.5145307],[28.2268767,47.5143618],[28.2273352,47.514303],[28.2293624,47.5137292],[28.2297799,47.5136282],[28.2312768,47.5130709],[28.230656,47.5138316],[28.2301308,47.5143536],[28.2300183,47.5145647],[28.2300692,47.5149273],[28.2300731,47.5154323],[28.2296943,47.5161002],[28.2296518,47.5167702],[28.2294924,47.5171294],[28.2287092,47.5177563],[28.2280468,47.5192047],[28.225593,47.5206155],[28.2252898,47.5209365],[28.2250878,47.5230041],[28.2249916,47.5242364],[28.2245948,47.524513],[28.2228481,47.5249346],[28.2226254,47.5251129],[28.2224566,47.5254324],[28.2219085,47.5273417],[28.2227282,47.5290041],[28.2264177,47.5279148],[28.2298185,47.529813],[28.2296323,47.5302403],[28.2289958,47.5312461],[28.2288608,47.5315709],[28.2293485,47.5326097],[28.2294219,47.5329393],[28.2288748,47.534561],[28.2278918,47.5354586],[28.227831,47.535592],[28.2291671,47.539307],[28.2302709,47.5414682],[28.2312185,47.5431915],[28.233237,47.542151],[28.2343313,47.5427231],[28.2373173,47.5444524],[28.2357359,47.5465306],[28.2348388,47.5484921],[28.234134,47.549731],[28.2337288,47.5504468],[28.2332322,47.5520039],[28.2321604,47.5555186],[28.2321384,47.555922],[28.232088,47.5583712],[28.2279011,47.5587968],[28.2276697,47.5588871],[28.226626,47.5620449],[28.2267442,47.562748],[28.2273576,47.5632154],[28.2275187,47.5638523],[28.2276186,47.564999],[28.2276834,47.565452],[28.2280389,47.5667789],[28.2280057,47.5676337],[28.227648,47.5682492],[28.2273371,47.5685943],[28.2278456,47.5704507],[28.2225442,47.5705632]]]}},{"type":"Feature","properties":{"entity_id":"osm-r19082841","jurisdiction":"MD","display_name":"Budăi","display_type":"independent_village","admin_level":8,"tier":"local","legal_registry":"CUATM","legal_id":"8917","legal_type":"independent_village","parent_catalog_id":"osm-r58993","osm_relation_id":19082841,"legal_identity_status":"reconciled","geometry_source":"OpenStreetMap","geometry_precision":"master_coordinate_fidelity"},"geometry":{"type":"MultiPolygon","coordinates":[[[[28.3637316,47.4220159],[28.3645126,47.4242868],[28.3630172,47.42472],[28.3627518,47.4244132],[28.3623721,47.4234247],[28.3622333,47.4228927],[28.3622334,47.4224001],[28.3637316,47.4220159]]],[[[28.349426,47.4153162],[28.3583604,47.4097409],[28.3613748,47.4164419],[28.363315,47.4207893],[28.3561266,47.4225177],[28.355822,47.4249598],[28.356133,47.4250123],[28.3562348,47.4256266],[28.3566402,47.4257834],[28.3567702,47.4261604],[28.3495646,47.4263056],[28.3501546,47.4300312],[28.3503518,47.4318128],[28.3505005,47.432973],[28.3510704,47.4337368],[28.3525562,47.4353496],[28.3531552,47.4359091],[28.3543654,47.4369259],[28.3573239,47.4397928],[28.3593225,47.4415716],[28.3602403,47.4404843],[28.3605924,47.4402696],[28.3610244,47.4400081],[28.3616325,47.4389426],[28.3617679,47.4384048],[28.3620873,47.4379475],[28.3626496,47.4373275],[28.3629249,47.4369874],[28.3635939,47.4365514],[28.3638354,47.4363485],[28.3643324,47.4356207],[28.3662957,47.4342121],[28.3668746,47.4340626],[28.3683853,47.4336427],[28.3692984,47.4335407],[28.370206,47.4333729],[28.3708323,47.4331654],[28.3712434,47.4329689],[28.3723919,47.448417],[28.373471,47.4483808],[28.3806611,47.4481995],[28.3811999,47.4487892],[28.3820951,47.4490319],[28.3824913,47.4496317],[28.3816495,47.4500157],[28.377741,47.4512377],[28.3750769,47.4522801],[28.376768,47.4560997],[28.3772747,47.4569323],[28.3777913,47.4577713],[28.3718051,47.4581428],[28.3732113,47.4668761],[28.3992354,47.4680659],[28.3999626,47.4757186],[28.38714,47.4761253],[28.3739081,47.4765722],[28.3649491,47.4771836],[28.3635107,47.4765652],[28.3606314,47.4762181],[28.3526565,47.4741402],[28.3500515,47.4744939],[28.3470899,47.4718839],[28.3434069,47.4719965],[28.3412488,47.4724166],[28.3401966,47.4728082],[28.3395681,47.4728706],[28.3380817,47.4726893],[28.3368741,47.4728137],[28.3358612,47.4730226],[28.3326088,47.4731458],[28.3315317,47.4729995],[28.3286241,47.4738705],[28.3278563,47.473966],[28.3267524,47.4743947],[28.3207865,47.4754682],[28.3197937,47.4754316],[28.3189975,47.4756498],[28.3186524,47.4736051],[28.318646,47.4735682],[28.3185207,47.4730179],[28.3182108,47.4717367],[28.3181466,47.4714095],[28.3181313,47.4712045],[28.3176528,47.4672556],[28.3178564,47.4670116],[28.3177015,47.4667977],[28.3176172,47.4665502],[28.3175811,47.466164],[28.3175715,47.4651356],[28.3176499,47.4648148],[28.3198294,47.4641305],[28.3202816,47.4639551],[28.3215171,47.4635187],[28.32297,47.4630054],[28.322367,47.4594159],[28.3223274,47.4592339],[28.3220945,47.4581646],[28.3219323,47.4578126],[28.320544,47.4547993],[28.3204726,47.4546442],[28.3203707,47.454423],[28.3200072,47.4541435],[28.3192361,47.4528597],[28.3183141,47.4511271],[28.3172598,47.4490778],[28.3173582,47.4489513],[28.3173274,47.4489036],[28.3163793,47.4475153],[28.3163321,47.4474463],[28.3159092,47.4466984],[28.3159262,47.4465754],[28.3161841,47.4462033],[28.3169268,47.4452028],[28.3170806,47.4449593],[28.3171597,47.4447623],[28.3172075,47.4445556],[28.3174199,47.4440669],[28.3176569,47.443528],[28.3178492,47.4430368],[28.3180189,47.4427018],[28.318434,47.4414493],[28.318552,47.4410939],[28.3186165,47.440824],[28.3186836,47.4405832],[28.3188174,47.4398364],[28.3188998,47.4392903],[28.3188788,47.4390458],[28.3188882,47.4386345],[28.3188697,47.438201],[28.3189424,47.4378447],[28.3190428,47.437529],[28.3192226,47.4370638],[28.3192942,47.4368303],[28.3193538,47.4365717],[28.3193805,47.4364561],[28.3194321,47.4359658],[28.3194683,47.4357493],[28.3195435,47.435493],[28.3196914,47.4351589],[28.3200489,47.434457],[28.3202205,47.4341967],[28.3205795,47.4337801],[28.3209158,47.4333951],[28.3212802,47.4329244],[28.3216231,47.4325374],[28.3216886,47.4324509],[28.3217562,47.4323285],[28.3218144,47.4323501],[28.321933,47.4322029],[28.3221849,47.4319468],[28.3226046,47.4314406],[28.3228554,47.4312152],[28.3231006,47.4310126],[28.3233232,47.4308181],[28.3235562,47.4305701],[28.3240193,47.4301171],[28.3242798,47.4299535],[28.3245955,47.4297828],[28.3249805,47.4295958],[28.325294,47.4294528],[28.3261019,47.4291085],[28.3272432,47.4287123],[28.3276121,47.4285777],[28.3280569,47.4283981],[28.3283727,47.4282869],[28.3287613,47.42817],[28.3290335,47.4281099],[28.3295312,47.4281002],[28.3300057,47.4281057],[28.3303625,47.4280181],[28.3309222,47.4277605],[28.3313652,47.427534],[28.3315836,47.4273819],[28.3316428,47.4272932],[28.3318059,47.4271702],[28.3319894,47.4270393],[28.3322034,47.4268629],[28.3328109,47.4264043],[28.3331452,47.4261772],[28.333474,47.4259822],[28.3337451,47.4258482],[28.3339651,47.4257653],[28.3342248,47.4256487],[28.3343542,47.4255864],[28.3347012,47.4253639],[28.3349706,47.4251814],[28.3351601,47.4250379],[28.3353264,47.4248977],[28.3381015,47.4231095],[28.3384691,47.4229548],[28.3389489,47.4226214],[28.3391627,47.4224239],[28.3394192,47.4222523],[28.3395984,47.4221324],[28.3397523,47.4220293],[28.3398895,47.4219375],[28.3399758,47.4218797],[28.3401346,47.4218256],[28.3392404,47.4208468],[28.3389618,47.4205114],[28.3388621,47.4205194],[28.3376724,47.4193187],[28.3393957,47.4185574],[28.340896,47.4179552],[28.3424153,47.4179518],[28.342946,47.4172713],[28.3432397,47.4167975],[28.349426,47.4153162]]]]}},{"type":"Feature","properties":{"entity_id":"osm-r19082842","jurisdiction":"MD","display_name":"Căzănești","display_type":"commune","admin_level":8,"tier":"local","legal_registry":"CUATM","legal_id":"8918","legal_type":"commune","parent_catalog_id":"osm-r58993","osm_relation_id":19082842,"legal_identity_status":"reconciled","geometry_source":"OpenStreetMap","geometry_precision":"master_coordinate_fidelity"},"geometry":{"type":"Polygon","coordinates":[[[28.394623,47.6414669],[28.3946353,47.6413242],[28.3945615,47.6410837],[28.394178,47.6407182],[28.3938174,47.6403736],[28.393837,47.6401582],[28.3938436,47.6398751],[28.3939677,47.6391267],[28.3940421,47.6390043],[28.3941044,47.639011],[28.3941446,47.6389095],[28.3942081,47.6387498],[28.39422,47.6387034],[28.3942752,47.6384897],[28.3943305,47.6382752],[28.3943319,47.6382195],[28.3943695,47.6379795],[28.3944057,47.6377488],[28.3944236,47.6376342],[28.3944299,47.6375944],[28.3944603,47.6374068],[28.3944969,47.6371813],[28.3945269,47.6369968],[28.394536,47.6369585],[28.3945877,47.6367406],[28.3946394,47.6365227],[28.3946928,47.6362979],[28.3947542,47.6360399],[28.394818,47.6357712],[28.3948223,47.635753],[28.3948826,47.6355093],[28.394946,47.6352528],[28.3950107,47.6349918],[28.3949427,47.6349231],[28.3950079,47.6345858],[28.3953096,47.6336273],[28.3953875,47.6333802],[28.3954197,47.6332779],[28.3954644,47.633133],[28.3955406,47.6328857],[28.3956169,47.6326381],[28.3956933,47.6323905],[28.3957698,47.6321426],[28.3958462,47.6318945],[28.3958845,47.6317703],[28.3959611,47.6315219],[28.3960378,47.6312733],[28.3960758,47.6311503],[28.3961093,47.6310257],[28.3961754,47.6307802],[28.3962412,47.6305357],[28.3963067,47.6302924],[28.396372,47.63005],[28.3964371,47.6298085],[28.3964656,47.6297025],[28.3965053,47.6295672],[28.3965763,47.6293256],[28.3966118,47.6292048],[28.3966473,47.6290842],[28.3966642,47.6290265],[28.3967246,47.6288414],[28.3968044,47.6285973],[28.3968844,47.6283526],[28.3969647,47.628107],[28.3971357,47.6275169],[28.3974347,47.6265274],[28.397552,47.6261457],[28.3975915,47.6258743],[28.3980811,47.6248434],[28.3984731,47.6240365],[28.3985528,47.6238494],[28.3986702,47.6236548],[28.3989979,47.6229542],[28.4005727,47.6197277],[28.4014116,47.618134],[28.4016849,47.6175983],[28.4018942,47.6171505],[28.40199,47.6170005],[28.4025564,47.6158746],[28.4037208,47.613609],[28.404555,47.6119322],[28.4055989,47.6098694],[28.4066906,47.6077116],[28.4073789,47.6077752],[28.408697,47.6081265],[28.4104381,47.6086209],[28.4121116,47.608998],[28.4150176,47.6101549],[28.4173495,47.6111162],[28.4225915,47.6127575],[28.425227,47.6135695],[28.4287181,47.6146995],[28.4316017,47.6156712],[28.4326572,47.6160466],[28.4326762,47.6160254],[28.4332568,47.6153784],[28.4337723,47.6147109],[28.4339342,47.6145267],[28.4342102,47.6142295],[28.4344598,47.6141434],[28.434606,47.614152],[28.4351662,47.6142609],[28.4356603,47.6143947],[28.4361092,47.614569],[28.4364411,47.6147012],[28.4364704,47.614737],[28.4365209,47.6147584],[28.4365483,47.6147402],[28.4365834,47.6147401],[28.4368812,47.6148534],[28.4370966,47.6149513],[28.4370356,47.6150306],[28.4374788,47.6151939],[28.4375824,47.6152398],[28.4370258,47.6160142],[28.4361781,47.6172248],[28.4379325,47.6178283],[28.4419844,47.6191553],[28.4442383,47.6151543],[28.4456928,47.6126146],[28.4463407,47.6114736],[28.4466409,47.6108253],[28.4470382,47.6095019],[28.4472157,47.6085914],[28.4471449,47.6077212],[28.4559005,47.6071646],[28.4563371,47.6072861],[28.459217,47.6074942],[28.4607196,47.6075144],[28.4612937,47.6073802],[28.4611081,47.6069333],[28.4609509,47.6064665],[28.4609923,47.6058702],[28.461178,47.6052721],[28.4614376,47.6047317],[28.4620049,47.6043534],[28.4623637,47.6042708],[28.4629703,47.6042729],[28.4640417,47.6043669],[28.4646478,47.6043495],[28.4651041,47.6041387],[28.4656232,47.6035852],[28.4659894,47.6027211],[28.4663481,47.6021111],[28.4667538,47.6016372],[28.4670933,47.601379],[28.4677488,47.6010582],[28.4684807,47.6008927],[28.4694591,47.6007631],[28.4709464,47.6007541],[28.4716131,47.6008433],[28.4724147,47.6011066],[28.4733791,47.6015144],[28.4741949,47.6018046],[28.4749133,47.6019367],[28.4757346,47.6020901],[28.4766367,47.6023326],[28.4773223,47.6025778],[28.4781955,47.6028206],[28.4786458,47.6029126],[28.4791153,47.6029833],[28.4802379,47.6030388],[28.4820354,47.6032053],[28.4836418,47.6033959],[28.485165,47.6036402],[28.4856366,47.6036741],[28.4862797,47.6036168],[28.487295,47.6033955],[28.4879253,47.6032909],[28.4888644,47.6030153],[28.489169,47.6033026],[28.4892633,47.6037997],[28.4902768,47.6037165],[28.4903512,47.6040195],[28.4904996,47.60429],[28.4907878,47.6049076],[28.4914061,47.6052484],[28.4914324,47.6053661],[28.4916939,47.6056601],[28.492086,47.6059598],[28.4924995,47.6060919],[28.4928345,47.6061622],[28.4931565,47.6061855],[28.4932349,47.6062178],[28.493875,47.6065909],[28.4941581,47.6067672],[28.4943584,47.606873],[28.4947547,47.6070992],[28.4953687,47.6074164],[28.4960045,47.607766],[28.4964094,47.6079774],[28.4966271,47.6080626],[28.497032,47.6082476],[28.4988001,47.6092111],[28.4993662,47.6095077],[28.5004506,47.6100863],[28.5037867,47.6118809],[28.5060276,47.6130807],[28.5066526,47.6134229],[28.5068804,47.6135416],[28.5070603,47.6136582],[28.510547,47.6155835],[28.5141049,47.6176413],[28.5193745,47.6209176],[28.5230596,47.6232174],[28.5259521,47.6250094],[28.5349173,47.6305362],[28.5389701,47.6329658],[28.5432535,47.6355964],[28.544944,47.6366234],[28.5479624,47.6383121],[28.5421758,47.6450836],[28.5392087,47.6486487],[28.5455009,47.6514558],[28.5441211,47.6535422],[28.543398,47.654687],[28.5410338,47.6584468],[28.5390335,47.6616278],[28.5359349,47.6664543],[28.5350059,47.6679093],[28.5341794,47.6674026],[28.5314092,47.6659987],[28.5277208,47.6645571],[28.5259183,47.6637294],[28.5242643,47.6631228],[28.5232605,47.6627934],[28.5214442,47.6620128],[28.5190038,47.661023],[28.5202054,47.6586931],[28.521061,47.6570638],[28.5138116,47.6546522],[28.5120043,47.6540689],[28.5104199,47.65354],[28.5092013,47.653131],[28.5037845,47.6513561],[28.5009469,47.6504732],[28.4974418,47.6493626],[28.4950025,47.6485736],[28.4929678,47.6479502],[28.4902682,47.6470762],[28.4889545,47.6466648],[28.4881553,47.6463887],[28.4881552,47.6462676],[28.4875644,47.6460697],[28.4875635,47.6461092],[28.4796452,47.6437556],[28.4792343,47.6436586],[28.4781283,47.643226],[28.4759188,47.6428434],[28.4758942,47.6424953],[28.4757267,47.6404945],[28.4755504,47.6388487],[28.4753264,47.6378697],[28.4750512,47.636955],[28.474828,47.6358271],[28.4689799,47.6359386],[28.4655836,47.6359763],[28.4631077,47.635934],[28.4628932,47.635852],[28.4606866,47.6358135],[28.4587578,47.6358382],[28.4561617,47.63595],[28.4551194,47.6359564],[28.4526086,47.6359521],[28.4510367,47.6360194],[28.4510488,47.6358045],[28.4499523,47.6357286],[28.4489371,47.6361765],[28.4486079,47.6367784],[28.4484596,47.6369434],[28.4484569,47.6375207],[28.4481142,47.6378195],[28.4474186,47.6380685],[28.4461535,47.6380771],[28.443171,47.6377557],[28.4418323,47.6379467],[28.4400879,47.6383758],[28.4401063,47.6384605],[28.4401556,47.6392715],[28.4401027,47.6404519],[28.439961,47.6407647],[28.4391684,47.6416097],[28.4385456,47.6434025],[28.4385429,47.6435751],[28.4386283,47.6437617],[28.4390499,47.6443517],[28.4393607,47.6454576],[28.439389,47.6458126],[28.4393413,47.6459474],[28.4391386,47.646111],[28.4358972,47.6468882],[28.4311365,47.6479864],[28.4228198,47.6499162],[28.4214046,47.650422],[28.4168464,47.6511921],[28.4163846,47.6513322],[28.4141254,47.6521003],[28.4132678,47.6522484],[28.4120424,47.6522529],[28.410797,47.651281],[28.4100225,47.6506379],[28.4096645,47.6503235],[28.4115453,47.6475588],[28.4119635,47.6468942],[28.4123289,47.6463499],[28.4125594,47.6460063],[28.4130314,47.6453582],[28.4131522,47.6451753],[28.4134457,47.6447312],[28.4139091,47.6438504],[28.4141416,47.643365],[28.4145924,47.6426268],[28.4129727,47.6417726],[28.4117083,47.6407499],[28.4116159,47.6402685],[28.4093386,47.6392519],[28.4090221,47.639749],[28.4076272,47.6422649],[28.4066627,47.6420009],[28.4059187,47.6418948],[28.4044604,47.6417133],[28.4037769,47.6415857],[28.4026631,47.641281],[28.4013576,47.6412293],[28.4008063,47.6410313],[28.3996793,47.6405267],[28.399357,47.6404804],[28.3978017,47.640485],[28.396413,47.64087],[28.3956708,47.6415834],[28.394623,47.6414669]]]}},{"type":"Feature","properties":{"entity_id":"osm-r19082843","jurisdiction":"MD","display_name":"Suhuluceni","display_type":"commune","admin_level":8,"tier":"local","legal_registry":"CUATM","legal_id":"8953","legal_type":"commune","parent_catalog_id":"osm-r58993","osm_relation_id":19082843,"legal_identity_status":"reconciled","geometry_source":"OpenStreetMap","geometry_precision":"master_coordinate_fidelity"},"geometry":{"type":"Polygon","coordinates":[[[28.4832971,47.4299455],[28.4835267,47.4298319],[28.4838384,47.4296508],[28.4842064,47.4295687],[28.4844979,47.4295924],[28.4851374,47.4296575],[28.4856437,47.429664],[28.4859351,47.4296297],[28.4862693,47.4296106],[28.4866876,47.429618],[28.4879465,47.4296511],[28.4888194,47.429708],[28.490315,47.4298531],[28.4905875,47.4298705],[28.4910897,47.4299227],[28.4915513,47.4299706],[28.4919808,47.4300152],[28.4923842,47.4300571],[28.4927717,47.4300973],[28.4931531,47.4301369],[28.4935286,47.4301758],[28.4938985,47.4302142],[28.493935,47.430218],[28.4940198,47.4302268],[28.4942893,47.4302626],[28.4946278,47.4303078],[28.4949533,47.4303511],[28.4952671,47.4303929],[28.4955704,47.4304332],[28.4958544,47.4304711],[28.4959218,47.43048],[28.4961153,47.4305058],[28.4963624,47.4305386],[28.4964859,47.4305551],[28.4967335,47.430588],[28.4969269,47.4306137],[28.4970809,47.4306343],[28.4972522,47.4306572],[28.4976704,47.4307129],[28.4980897,47.4307687],[28.4981786,47.4307806],[28.4984281,47.4308181],[28.4987203,47.430862],[28.4990475,47.4309111],[28.4993805,47.4309612],[28.4997052,47.43101],[28.4998307,47.4310289],[28.5004867,47.4310784],[28.5006488,47.4310939],[28.5010706,47.431134],[28.5014441,47.4311697],[28.5020619,47.4312287],[28.5020884,47.431231],[28.5025788,47.4312744],[28.5030077,47.4313124],[28.503394,47.4313465],[28.5037483,47.4313778],[28.5040823,47.4314073],[28.5041306,47.4314116],[28.5044056,47.4314264],[28.5062208,47.4315478],[28.5066764,47.4315486],[28.5066968,47.4315488],[28.5072946,47.4315519],[28.5075177,47.4315531],[28.5094171,47.431568],[28.5096291,47.4315725],[28.5105842,47.4315926],[28.5127122,47.4317539],[28.5135151,47.4317996],[28.5139323,47.431836],[28.5143764,47.4318749],[28.5148496,47.4319131],[28.5149276,47.4319194],[28.5157321,47.4319845],[28.5165294,47.4320598],[28.5172447,47.4321353],[28.5177475,47.4321827],[28.5188187,47.4322763],[28.5190507,47.4322966],[28.5201494,47.4323545],[28.5217558,47.4324168],[28.5218375,47.4324195],[28.5228974,47.4324412],[28.5232095,47.4324408],[28.5245204,47.4324384],[28.524862,47.4325278],[28.5249698,47.432574],[28.5251399,47.4326466],[28.5256062,47.432846],[28.5261509,47.4330903],[28.5266251,47.4332986],[28.527206,47.4335205],[28.5273995,47.4335754],[28.5286464,47.4339018],[28.5304383,47.4343668],[28.5317081,47.4346859],[28.5328635,47.434971],[28.5342653,47.4353087],[28.5351075,47.4354748],[28.5355988,47.4354878],[28.5361755,47.4354778],[28.5366755,47.4354448],[28.5376414,47.4353379],[28.5388096,47.4352146],[28.5394238,47.4351354],[28.5400329,47.4350494],[28.5410981,47.4348604],[28.5415542,47.4347813],[28.5418227,47.4347335],[28.5431763,47.4344991],[28.5432256,47.4344866],[28.544448,47.4348476],[28.5448224,47.4350053],[28.5456205,47.4356914],[28.5461798,47.4360202],[28.5467641,47.4365669],[28.5472739,47.4370728],[28.5473649,47.4371631],[28.5476577,47.4374556],[28.5477597,47.4375574],[28.5479662,47.4377667],[28.5481083,47.4379166],[28.5486493,47.4384876],[28.5487297,47.4385723],[28.5488411,47.4386898],[28.5494109,47.4392924],[28.5496054,47.439498],[28.5499015,47.4398451],[28.5503006,47.4403125],[28.5503176,47.4403615],[28.5507356,47.4407433],[28.5511045,47.44108],[28.5514381,47.4413845],[28.551745,47.4416647],[28.551965,47.4418655],[28.5521005,47.4419893],[28.5523641,47.4422304],[28.5524389,47.4422987],[28.5525996,47.4424613],[28.5528452,47.44271],[28.5529794,47.4428458],[28.5531053,47.4429731],[28.5529839,47.4430156],[28.5540621,47.4440933],[28.5547684,47.4440953],[28.5549459,47.4441408],[28.5552049,47.4442073],[28.5554051,47.4443143],[28.5556475,47.4444438],[28.5557588,47.4445163],[28.5560763,47.4447233],[28.5563851,47.4449247],[28.5566858,47.4451207],[28.5569374,47.4452847],[28.555824,47.4458577],[28.5559571,47.4459907],[28.5544195,47.4467619],[28.5538417,47.4469481],[28.5501225,47.4485876],[28.5498174,47.449428],[28.5467108,47.4505913],[28.5463119,47.4509736],[28.5472427,47.4512862],[28.5456187,47.4528222],[28.5445528,47.4539971],[28.5426444,47.455417],[28.541517,47.4570644],[28.5415754,47.4573841],[28.5379877,47.4602223],[28.5368306,47.4607305],[28.5366393,47.4608274],[28.5364786,47.4609374],[28.5364059,47.4609872],[28.5362386,47.4611137],[28.5361182,47.4612047],[28.5357733,47.4614656],[28.5357172,47.4615071],[28.535493,47.4616731],[28.53535,47.4617789],[28.5352278,47.4618675],[28.534895,47.4621086],[28.5348034,47.462175],[28.534569,47.4623379],[28.5344297,47.4624346],[28.5343011,47.4625239],[28.5342461,47.4625621],[28.5341912,47.4626003],[28.5340544,47.4626953],[28.5339636,47.4627584],[28.5336583,47.4629704],[28.5335778,47.4630263],[28.5333044,47.4632162],[28.5329993,47.4634281],[28.5329823,47.4634399],[28.532716,47.4636249],[28.5326816,47.4636488],[28.5326389,47.4636784],[28.5326007,47.463705],[28.5305512,47.4652009],[28.5303284,47.4653605],[28.5301433,47.465493],[28.5300509,47.4655589],[28.5300048,47.4655919],[28.5298574,47.465697],[28.5298206,47.4657233],[28.5297509,47.465773],[28.5295884,47.4659001],[28.5294743,47.4659893],[28.5293599,47.4660787],[28.5292759,47.4661444],[28.5290827,47.466305],[28.5288736,47.4664788],[28.528823,47.4665209],[28.5287574,47.4665991],[28.5286598,47.4667155],[28.528514,47.4668608],[28.528196,47.4671351],[28.5279591,47.4673395],[28.5279147,47.4673993],[28.5276513,47.467665],[28.5275428,47.4677621],[28.5270151,47.4682335],[28.5268205,47.4684136],[28.5267601,47.4684751],[28.5266411,47.4685959],[28.5259886,47.4695501],[28.525977,47.469567],[28.5256946,47.4694435],[28.5255746,47.4694142],[28.5243982,47.4684117],[28.4994764,47.4766637],[28.4996954,47.4774232],[28.4988212,47.477432],[28.4989168,47.4776029],[28.4992549,47.4781902],[28.499518,47.4786474],[28.4998045,47.4791876],[28.4997543,47.4791994],[28.4989037,47.4793998],[28.4989384,47.4797053],[28.4989722,47.4798011],[28.497991,47.4799578],[28.4980103,47.4800244],[28.4980373,47.4801023],[28.4980643,47.4801801],[28.4980915,47.480258],[28.4981185,47.480336],[28.4981457,47.4804141],[28.4981729,47.4804921],[28.4982001,47.4805703],[28.4982273,47.4806485],[28.4982545,47.4807267],[28.4982818,47.4808049],[28.4983091,47.4808832],[28.4983362,47.4809616],[28.4983595,47.4810284],[28.4983637,47.48104],[28.4983917,47.4811182],[28.4984197,47.4811965],[28.4984477,47.4812748],[28.4984757,47.4813532],[28.4985037,47.4814315],[28.4985318,47.4815099],[28.4985598,47.4815884],[28.4985879,47.4816668],[28.4986286,47.4817801],[28.4988007,47.4820827],[28.4988667,47.4822313],[28.4989218,47.4823279],[28.4990991,47.4826387],[28.4988051,47.4828705],[28.4986999,47.4829535],[28.498293,47.4832743],[28.4980259,47.4834848],[28.497947,47.4835481],[28.4976416,47.483793],[28.4972708,47.4840903],[28.4972397,47.4841152],[28.496926,47.4843685],[28.4966207,47.4846149],[28.4963182,47.4848585],[28.4961042,47.485021],[28.4960908,47.4850312],[28.496059,47.4850553],[28.4959772,47.4850863],[28.4959527,47.485106],[28.4958995,47.4851489],[28.4958797,47.4851648],[28.4957921,47.4852353],[28.4956566,47.4853443],[28.4955557,47.4854255],[28.495579,47.4854504],[28.4954373,47.4855595],[28.495409,47.4855363],[28.4951523,47.4857497],[28.4947765,47.4860857],[28.4944742,47.4863783],[28.4936232,47.4873495],[28.4928786,47.4882192],[28.4924478,47.4887286],[28.4918948,47.4893756],[28.4916205,47.4897676],[28.4910861,47.4905759],[28.4905484,47.491373],[28.4901167,47.4920093],[28.4895706,47.4927936],[28.4894823,47.4930268],[28.4894013,47.4928379],[28.4887628,47.4918462],[28.487883,47.4904627],[28.4874064,47.4897429],[28.4873699,47.4896877],[28.4873323,47.4896309],[28.486707,47.4889355],[28.4864231,47.4883254],[28.4865099,47.487947],[28.4863164,47.4875827],[28.4854687,47.4864455],[28.4852879,47.4862644],[28.4846625,47.4856379],[28.4846182,47.4855804],[28.4836816,47.484364],[28.4830603,47.4834637],[28.4828853,47.4830988],[28.4828512,47.4829075],[28.4830276,47.4824601],[28.4830218,47.4824471],[28.4830025,47.482404],[28.4829557,47.4822991],[28.4823719,47.4824052],[28.4818708,47.4816346],[28.4818144,47.4815173],[28.4818113,47.4815109],[28.481621,47.4811146],[28.4816173,47.4811068],[28.4809081,47.4796304],[28.4807868,47.479378],[28.4800912,47.4779297],[28.4800772,47.4779005],[28.4799584,47.4778678],[28.4796441,47.4770134],[28.4791702,47.4757868],[28.4791316,47.4756864],[28.4790359,47.4756157],[28.478778,47.4750342],[28.4785027,47.4745067],[28.4782742,47.4739323],[28.4772711,47.4717201],[28.4770166,47.4711093],[28.4787576,47.4704637],[28.4802928,47.4698711],[28.4811518,47.4696167],[28.4819454,47.4693934],[28.4825423,47.4692131],[28.4840954,47.4687409],[28.4841576,47.4687227],[28.4853704,47.4683644],[28.4854343,47.4683401],[28.486645,47.4679774],[28.4867054,47.4679575],[28.4879231,47.4675978],[28.4879795,47.4675827],[28.4892613,47.4672098],[28.4904771,47.4668459],[28.4905403,47.4668283],[28.4917459,47.4664673],[28.4918065,47.4664492],[28.4914228,47.4658875],[28.4912692,47.4654388],[28.4912861,47.4649695],[28.4910854,47.4639003],[28.4906148,47.4611048],[28.4905058,47.4608932],[28.4898809,47.4581385],[28.4896679,47.4567582],[28.4895587,47.4561308],[28.4895316,47.4557242],[28.4895042,47.4552513],[28.4894248,47.4543224],[28.489525,47.4542266],[28.489202,47.4517688],[28.4888925,47.449413],[28.4887347,47.4483515],[28.4887815,47.4482775],[28.4885796,47.447056],[28.4882959,47.4457852],[28.4882862,47.4457334],[28.4863675,47.446122],[28.4850737,47.4464845],[28.4844418,47.4466239],[28.4841065,47.4467699],[28.4837256,47.4470864],[28.4837125,47.4470897],[28.4836599,47.4471017],[28.4836103,47.4471131],[28.4835606,47.4471244],[28.4835327,47.4471307],[28.4834108,47.4471043],[28.4832929,47.4470915],[28.4832459,47.4470864],[28.4830287,47.4470628],[28.4829858,47.4470581],[28.4827396,47.4470314],[28.482668,47.4470236],[28.482554,47.4470112],[28.4824315,47.4469979],[28.4823717,47.4469914],[28.4822598,47.4469792],[28.4821494,47.4469672],[28.4820406,47.4469554],[28.4819333,47.4469437],[28.4818274,47.4469323],[28.4817232,47.446921],[28.4816224,47.44691],[28.4815255,47.4468995],[28.481432,47.4468894],[28.4813419,47.4468796],[28.4812545,47.44687],[28.4811698,47.4468609],[28.4810865,47.4468518],[28.4810037,47.4468428],[28.4809214,47.4468339],[28.4808396,47.446825],[28.4807584,47.4468161],[28.4806777,47.4468074],[28.4805976,47.4467987],[28.4805178,47.44679],[28.4804386,47.4467814],[28.4803598,47.4467729],[28.4802815,47.4467644],[28.4802036,47.4467558],[28.4801262,47.4467474],[28.4800483,47.4467389],[28.4799687,47.4467303],[28.4799095,47.4467239],[28.4798876,47.4467235],[28.4798053,47.4467224],[28.4797208,47.4467211],[28.4796337,47.4467198],[28.4795437,47.4467184],[28.4794509,47.4467171],[28.4793545,47.4467158],[28.4792544,47.4467143],[28.4792273,47.4467139],[28.4791216,47.4467123],[28.4790106,47.4467107],[28.4788939,47.446709],[28.47877,47.4467071],[28.4786366,47.4467052],[28.4784858,47.446703],[28.4783077,47.4467004],[28.4783005,47.4467002],[28.4780897,47.4466722],[28.4780295,47.4466641],[28.47779,47.4466323],[28.4775304,47.4465978],[28.4772446,47.4465598],[28.4769466,47.4465201],[28.4766734,47.4464838],[28.4764703,47.4464568],[28.4763122,47.4464358],[28.4762531,47.4464279],[28.4761686,47.4464251],[28.4760363,47.4464207],[28.4759071,47.4464165],[28.475785,47.4464125],[28.4756634,47.4464085],[28.4756092,47.4464067],[28.4755735,47.4464106],[28.4754849,47.4464204],[28.4753662,47.4464334],[28.475253,47.4464458],[28.4751635,47.4464557],[28.4750735,47.4464656],[28.4748989,47.4464847],[28.4747657,47.4464993],[28.474632,47.446514],[28.4745282,47.4465254],[28.4743933,47.4465403],[28.4742578,47.4465551],[28.4741342,47.4465687],[28.4739602,47.4465878],[28.4738352,47.4466015],[28.4736067,47.4466267],[28.4730874,47.4466837],[28.4726412,47.4465928],[28.4703694,47.4449795],[28.4700476,47.444509],[28.4700167,47.4442324],[28.470034,47.4438125],[28.4700371,47.4432831],[28.4699908,47.4428417],[28.4699112,47.4424709],[28.4697912,47.4421449],[28.4697925,47.4420081],[28.4699013,47.4414869],[28.4699138,47.4414416],[28.469926,47.441397],[28.4699382,47.441353],[28.46995,47.4413097],[28.4699611,47.4412697],[28.469972,47.4412301],[28.470065,47.4409815],[28.4703797,47.4404604],[28.4705127,47.4402047],[28.4705318,47.4401734],[28.4705507,47.4401423],[28.4705694,47.4401116],[28.4705879,47.4400812],[28.4706062,47.440051],[28.4706244,47.4400211],[28.4706424,47.4399915],[28.4710193,47.4395137],[28.4712076,47.4393601],[28.4723234,47.4393918],[28.4731454,47.4395158],[28.4739655,47.4395315],[28.4743114,47.4395065],[28.4745825,47.4394537],[28.4747762,47.4393681],[28.4749844,47.4390952],[28.4751092,47.4385341],[28.4752892,47.4378469],[28.4755471,47.4371818],[28.4756412,47.4368261],[28.4758289,47.4362957],[28.4759906,47.4360194],[28.4761838,47.4357789],[28.4786344,47.435726],[28.4787344,47.435608],[28.4787329,47.4350569],[28.4788193,47.4340338],[28.478869,47.4336621],[28.4789265,47.4335095],[28.4791746,47.4330609],[28.4792848,47.4327701],[28.4795733,47.4324596],[28.4798844,47.432132],[28.4801492,47.4319536],[28.4804568,47.4318494],[28.4821392,47.4305578],[28.482714,47.4302051],[28.4832731,47.4299574],[28.4832971,47.4299455]]]}},{"type":"Feature","properties":{"entity_id":"osm-r19082844","jurisdiction":"MD","display_name":"Chițcanii Vechi","display_type":"commune","admin_level":8,"tier":"local","legal_registry":"CUATM","legal_id":"8922","legal_type":"commune","parent_catalog_id":"osm-r58993","osm_relation_id":19082844,"legal_identity_status":"reconciled","geometry_source":"OpenStreetMap","geometry_precision":"master_coordinate_fidelity"},"geometry":{"type":"Polygon","coordinates":[[[28.5278497,47.5597218],[28.5278877,47.5598339],[28.5156459,47.5619477],[28.5158076,47.5634332],[28.5155588,47.5634087],[28.5150649,47.5634854],[28.5147413,47.5637275],[28.5145426,47.5639958],[28.5140971,47.5643094],[28.5131494,47.5651191],[28.5127667,47.5654599],[28.5122989,47.5657179],[28.5116008,47.5658813],[28.5111286,47.5660467],[28.5110168,47.5664064],[28.511171,47.5667258],[28.5115128,47.5670984],[28.5115612,47.5673354],[28.5117757,47.567598],[28.5120386,47.5680975],[28.5119651,47.5683874],[28.5116865,47.5687733],[28.5112742,47.5691279],[28.5108408,47.5695397],[28.510623,47.5698641],[28.5103998,47.5702017],[28.5102947,47.5705257],[28.5101977,47.570719],[28.5099927,47.5709211],[28.5097504,47.5711201],[28.5095925,47.5713738],[28.5096438,47.5717086],[28.5100332,47.5722902],[28.5102928,47.572678],[28.5101994,47.5730222],[28.5100241,47.5733805],[28.5098232,47.5737828],[28.5094685,47.5741709],[28.509352,47.5744241],[28.5093797,47.5746613],[28.5095339,47.5749806],[28.509538,47.5751203],[28.5094703,47.5755355],[28.5092365,47.5760043],[28.5089249,47.5760652],[28.5086613,47.5761673],[28.508538,47.5762662],[28.5085049,47.5765462],[28.5084764,47.5769799],[28.5085137,47.5773046],[28.5085096,47.5775742],[28.5084367,47.5777352],[28.5083927,47.5779148],[28.5083871,47.5781552],[28.5083933,47.5783647],[28.508397,47.5784905],[28.5083077,47.5789669],[28.5083234,47.5794978],[28.5083961,47.5798602],[28.5084838,47.5800267],[28.5087384,47.5802468],[28.5091593,47.5804926],[28.5092895,47.5807005],[28.5094855,47.5810332],[28.5097493,47.5815607],[28.5099271,47.5819776],[28.5100631,47.582381],[28.5104095,47.5829976],[28.5109641,47.5839518],[28.5112878,47.5844742],[28.5115509,47.5850313],[28.5114417,47.585657],[28.5109757,47.5859051],[28.5099846,47.5859337],[28.5094215,47.5860113],[28.5089344,47.586326],[28.5088386,47.5866121],[28.5088815,47.5869081],[28.5091788,47.5876339],[28.5097085,47.588423],[28.510075,47.5891518],[28.5104168,47.5898185],[28.5108969,47.5904834],[28.5113669,47.5907894],[28.5116516,47.5910666],[28.5119172,47.5914846],[28.5120195,47.5918422],[28.5118756,47.5924685],[28.5116812,47.5929393],[28.5113019,47.5933969],[28.5110308,47.5936034],[28.5103917,47.5938498],[28.509578,47.59404],[28.5090201,47.5943009],[28.5079039,47.594815],[28.5072914,47.595186],[28.5067243,47.5955329],[28.5063857,47.5958026],[28.5061647,47.5965587],[28.5062201,47.5973032],[28.5061658,47.5978347],[28.505759,47.5981365],[28.5049204,47.5986782],[28.5033728,47.5994476],[28.5021666,47.6000448],[28.5013239,47.6004421],[28.5001623,47.6009879],[28.4995003,47.6012463],[28.4980792,47.6015925],[28.4963503,47.6019163],[28.4951781,47.6021821],[28.4935334,47.6024312],[28.4920553,47.6026097],[28.4903407,47.6027685],[28.4888644,47.6030153],[28.4879253,47.6032909],[28.487295,47.6033955],[28.4862797,47.6036168],[28.4856366,47.6036741],[28.485165,47.6036402],[28.4836418,47.6033959],[28.4820354,47.6032053],[28.4802379,47.6030388],[28.4791153,47.6029833],[28.4786458,47.6029126],[28.4781955,47.6028206],[28.4773223,47.6025778],[28.4766367,47.6023326],[28.4757346,47.6020901],[28.4749133,47.6019367],[28.4741949,47.6018046],[28.4733791,47.6015144],[28.4724147,47.6011066],[28.4716131,47.6008433],[28.4709464,47.6007541],[28.4694591,47.6007631],[28.4684807,47.6008927],[28.4677488,47.6010582],[28.4670933,47.601379],[28.4667538,47.6016372],[28.4663481,47.6021111],[28.4659894,47.6027211],[28.4656232,47.6035852],[28.4651041,47.6041387],[28.4646478,47.6043495],[28.4640417,47.6043669],[28.4629703,47.6042729],[28.4623637,47.6042708],[28.4620049,47.6043534],[28.4614376,47.6047317],[28.461178,47.6052721],[28.4609923,47.6058702],[28.4609509,47.6064665],[28.4611081,47.6069333],[28.4612937,47.6073802],[28.4607196,47.6075144],[28.459217,47.6074942],[28.4563371,47.6072861],[28.4559005,47.6071646],[28.4471449,47.6077212],[28.4472157,47.6085914],[28.4470382,47.6095019],[28.4466409,47.6108253],[28.4463407,47.6114736],[28.4456928,47.6126146],[28.4442383,47.6151543],[28.4419844,47.6191553],[28.4379325,47.6178283],[28.4361781,47.6172248],[28.4370258,47.6160142],[28.4375824,47.6152398],[28.4374788,47.6151939],[28.4370356,47.6150306],[28.4370966,47.6149513],[28.4368812,47.6148534],[28.4365834,47.6147401],[28.4365483,47.6147402],[28.4365209,47.6147584],[28.4364704,47.614737],[28.4364411,47.6147012],[28.4361092,47.614569],[28.4356603,47.6143947],[28.4351662,47.6142609],[28.434606,47.614152],[28.4344598,47.6141434],[28.4342102,47.6142295],[28.4339342,47.6145267],[28.4337723,47.6147109],[28.4332568,47.6153784],[28.4326762,47.6160254],[28.4326572,47.6160466],[28.4316017,47.6156712],[28.4287181,47.6146995],[28.425227,47.6135695],[28.4225915,47.6127575],[28.4299987,47.6050421],[28.4310258,47.6043538],[28.432089,47.6037957],[28.4327111,47.6035809],[28.4333931,47.6032128],[28.4343138,47.6027436],[28.4360088,47.602308],[28.4368612,47.6023312],[28.4372698,47.6020075],[28.4374724,47.6017737],[28.4397912,47.5984457],[28.4402267,47.5980173],[28.4425906,47.5947588],[28.4462087,47.5899474],[28.4482574,47.586831],[28.4498832,47.5830824],[28.4550422,47.5721829],[28.4555882,47.570864],[28.456803,47.568188],[28.4598633,47.5657716],[28.4612058,47.5645675],[28.4630888,47.5627713],[28.4654902,47.5607259],[28.4672581,47.5593181],[28.4708499,47.5567137],[28.4763973,47.5533645],[28.4798207,47.5514933],[28.4837904,47.5490405],[28.4858038,47.5480319],[28.4905138,47.5457962],[28.4973045,47.5421459],[28.4984319,47.5433963],[28.4989498,47.544057],[28.4999416,47.5450548],[28.5022598,47.5476095],[28.5091169,47.5533692],[28.516163,47.5539779],[28.5295583,47.5549555],[28.5279096,47.5596387],[28.5278497,47.5597218]]]}},{"type":"Feature","properties":{"entity_id":"osm-r19082845","jurisdiction":"MD","display_name":"Coropceni","display_type":"independent_village","admin_level":8,"tier":"local","legal_registry":"CUATM","legal_id":"8927","legal_type":"independent_village","parent_catalog_id":"osm-r58993","osm_relation_id":19082845,"legal_identity_status":"reconciled","geometry_source":"OpenStreetMap","geometry_precision":"master_coordinate_fidelity"},"geometry":{"type":"Polygon","coordinates":[[[28.5136472,47.5016625],[28.5124413,47.5008059],[28.5096509,47.5013736],[28.5093357,47.5010753],[28.5093489,47.5009728],[28.5097812,47.5002566],[28.5094351,47.4997542],[28.5094269,47.4995901],[28.5097794,47.4993501],[28.509223,47.4981885],[28.5088603,47.4980829],[28.5085695,47.4979345],[28.5077559,47.497199],[28.5073375,47.4969152],[28.5063252,47.4959905],[28.5090446,47.4942893],[28.5090442,47.4930239],[28.5079685,47.4929301],[28.5061487,47.4927577],[28.498368,47.491124],[28.4974628,47.4909036],[28.4954627,47.4904565],[28.4943198,47.4903602],[28.4916205,47.4897676],[28.4918948,47.4893756],[28.4924478,47.4887286],[28.4928786,47.4882192],[28.4936232,47.4873495],[28.4944742,47.4863783],[28.4947765,47.4860857],[28.4951523,47.4857497],[28.495409,47.4855363],[28.4954373,47.4855595],[28.495579,47.4854504],[28.4955557,47.4854255],[28.4956566,47.4853443],[28.4957921,47.4852353],[28.4958797,47.4851648],[28.4958995,47.4851489],[28.4959527,47.485106],[28.4959772,47.4850863],[28.496059,47.4850553],[28.4960908,47.4850312],[28.4961042,47.485021],[28.4963182,47.4848585],[28.4966207,47.4846149],[28.496926,47.4843685],[28.4972397,47.4841152],[28.4972708,47.4840903],[28.4976416,47.483793],[28.497947,47.4835481],[28.4980259,47.4834848],[28.498293,47.4832743],[28.4986999,47.4829535],[28.4988051,47.4828705],[28.4990991,47.4826387],[28.4989218,47.4823279],[28.4988667,47.4822313],[28.4988007,47.4820827],[28.4986286,47.4817801],[28.4985879,47.4816668],[28.4985598,47.4815884],[28.4985318,47.4815099],[28.4985037,47.4814315],[28.4984757,47.4813532],[28.4984477,47.4812748],[28.4984197,47.4811965],[28.4983917,47.4811182],[28.4983637,47.48104],[28.4983595,47.4810284],[28.4983362,47.4809616],[28.4983091,47.4808832],[28.4982818,47.4808049],[28.4982545,47.4807267],[28.4982273,47.4806485],[28.4982001,47.4805703],[28.4981729,47.4804921],[28.4981457,47.4804141],[28.4981185,47.480336],[28.4980915,47.480258],[28.4980643,47.4801801],[28.4980373,47.4801023],[28.4980103,47.4800244],[28.497991,47.4799578],[28.4989722,47.4798011],[28.4989384,47.4797053],[28.4989037,47.4793998],[28.4997543,47.4791994],[28.4998045,47.4791876],[28.499518,47.4786474],[28.4992549,47.4781902],[28.4989168,47.4776029],[28.4988212,47.477432],[28.4996954,47.4774232],[28.4994764,47.4766637],[28.5243982,47.4684117],[28.5255746,47.4694142],[28.5256946,47.4694435],[28.525977,47.469567],[28.5259886,47.4695501],[28.5266411,47.4685959],[28.5267601,47.4684751],[28.5268205,47.4684136],[28.5270151,47.4682335],[28.5275428,47.4677621],[28.5276513,47.467665],[28.5279147,47.4673993],[28.5279591,47.4673395],[28.528196,47.4671351],[28.528514,47.4668608],[28.5286598,47.4667155],[28.5287574,47.4665991],[28.528823,47.4665209],[28.5288736,47.4664788],[28.5290827,47.466305],[28.5292759,47.4661444],[28.5293599,47.4660787],[28.5294743,47.4659893],[28.5295884,47.4659001],[28.5297509,47.465773],[28.5298206,47.4657233],[28.5298574,47.465697],[28.5300048,47.4655919],[28.5300509,47.4655589],[28.5301433,47.465493],[28.5303284,47.4653605],[28.5305512,47.4652009],[28.5326007,47.463705],[28.5326389,47.4636784],[28.5326816,47.4636488],[28.532716,47.4636249],[28.5329823,47.4634399],[28.5329993,47.4634281],[28.5333044,47.4632162],[28.5335778,47.4630263],[28.5336583,47.4629704],[28.5339636,47.4627584],[28.5340544,47.4626953],[28.5341912,47.4626003],[28.5342461,47.4625621],[28.5343011,47.4625239],[28.5344297,47.4624346],[28.534569,47.4623379],[28.5348034,47.462175],[28.534895,47.4621086],[28.5352278,47.4618675],[28.53535,47.4617789],[28.535493,47.4616731],[28.5357172,47.4615071],[28.5357733,47.4614656],[28.5361182,47.4612047],[28.5362386,47.4611137],[28.5364059,47.4609872],[28.5364786,47.4609374],[28.5366393,47.4608274],[28.5368306,47.4607305],[28.5379877,47.4602223],[28.5415754,47.4573841],[28.5417121,47.458132],[28.5417621,47.4588021],[28.5432443,47.4605002],[28.5435425,47.4609982],[28.5445711,47.4629547],[28.5449501,47.4637984],[28.5463465,47.4681288],[28.5477018,47.4724902],[28.5507098,47.4769806],[28.5499971,47.4783329],[28.5495999,47.4790915],[28.5495585,47.4791704],[28.5493624,47.4795075],[28.552812,47.4809049],[28.5529072,47.4809669],[28.5530839,47.4810819],[28.5535518,47.4811952],[28.5555385,47.4816764],[28.558299,47.4825205],[28.55839,47.4828974],[28.5583631,47.4830557],[28.557916,47.4840356],[28.5576843,47.484589],[28.5571514,47.4857244],[28.5566274,47.4870241],[28.5561878,47.4880625],[28.5559627,47.4887395],[28.5557462,47.4891447],[28.5555655,47.4895519],[28.5553654,47.4901462],[28.555342,47.4902843],[28.5553749,47.4903702],[28.5553941,47.4904104],[28.5554096,47.4904426],[28.5553499,47.4907053],[28.5552816,47.4910058],[28.5550646,47.4915793],[28.5547023,47.4920271],[28.5546743,47.4920469],[28.5541017,47.4931379],[28.5537533,47.4937233],[28.5537123,47.4938389],[28.5536612,47.4939833],[28.5535949,47.4941708],[28.5535315,47.4943437],[28.5523466,47.4965129],[28.5516049,47.4970177],[28.5496307,47.4998009],[28.5489266,47.5005278],[28.5449278,47.5038799],[28.5438125,47.5023178],[28.542465,47.5007334],[28.5410395,47.5009709],[28.5405487,47.5010396],[28.5400115,47.50119],[28.5391844,47.5013224],[28.5387903,47.5014152],[28.5381342,47.5016981],[28.5372053,47.5017862],[28.5369072,47.5021459],[28.5369386,47.5016224],[28.5368677,47.5012853],[28.5360896,47.500451],[28.5353662,47.499764],[28.5339307,47.4986949],[28.5315645,47.4965975],[28.5320704,47.4960716],[28.5340659,47.4942357],[28.5346465,47.4934683],[28.5350043,47.4929377],[28.5354241,47.492562],[28.536014,47.4920263],[28.5355602,47.4918757],[28.5352183,47.4921346],[28.5350265,47.4921596],[28.5346207,47.491911],[28.5342214,47.4921874],[28.5339854,47.4922087],[28.5332184,47.4915748],[28.5329815,47.4915851],[28.5325161,47.4919265],[28.5319908,47.4924737],[28.5297463,47.494481],[28.530013,47.4947433],[28.5300075,47.4949421],[28.5294785,47.4954195],[28.5286361,47.495933],[28.5277277,47.4964557],[28.5267549,47.4973522],[28.5264235,47.4977624],[28.5271751,47.4981768],[28.5271246,47.4984112],[28.5262296,47.4988873],[28.5254531,47.4991135],[28.5248167,47.4990562],[28.5242518,47.4984303],[28.5239567,47.4983149],[28.5236921,47.4983454],[28.522799,47.4988587],[28.5209119,47.4995066],[28.5208461,47.4996388],[28.5211794,47.5000641],[28.521343,47.5000562],[28.5218549,47.4998569],[28.5220425,47.4998655],[28.5221218,47.4998911],[28.5221532,47.4999296],[28.5221826,47.5000183],[28.5219696,47.500182],[28.5218567,47.5002362],[28.5217396,47.500593],[28.5212273,47.5005537],[28.5199096,47.5004825],[28.5197062,47.5005185],[28.5193927,47.5006301],[28.5191056,47.5008498],[28.5183982,47.5010186],[28.5176658,47.5010877],[28.5168331,47.5015026],[28.5165186,47.5015252],[28.5161891,47.5014311],[28.5160761,47.501316],[28.5160592,47.5012088],[28.5165981,47.500886],[28.5163484,47.5005115],[28.5166355,47.5003916],[28.5168567,47.5001959],[28.5170327,47.5000127],[28.5170531,47.4997403],[28.5181253,47.4990034],[28.5176141,47.4985009],[28.5164234,47.4990879],[28.5157462,47.4988992],[28.5146215,47.4997426],[28.514164,47.5005192],[28.5136472,47.5016625]]]}},{"type":"Feature","properties":{"entity_id":"osm-r19082846","jurisdiction":"MD","display_name":"Sărătenii Vechi","display_type":"commune","admin_level":8,"tier":"local","legal_registry":"CUATM","legal_id":"8950","legal_type":"commune","parent_catalog_id":"osm-r58993","osm_relation_id":19082846,"legal_identity_status":"reconciled","geometry_source":"OpenStreetMap","geometry_precision":"master_coordinate_fidelity"},"geometry":{"type":"Polygon","coordinates":[[[28.5714478,47.5581366],[28.5707959,47.5592996],[28.570722,47.5595034],[28.5707297,47.5597603],[28.5707068,47.5601078],[28.5694977,47.5606305],[28.5691436,47.5609713],[28.5631426,47.5600101],[28.5609481,47.5596475],[28.5609481,47.5596502],[28.5569104,47.5590087],[28.5566157,47.5591151],[28.5535719,47.5680235],[28.5530007,47.5695133],[28.5503292,47.5695891],[28.5503628,47.5698564],[28.5485725,47.5700478],[28.5470998,47.570121],[28.5454465,47.5703148],[28.5458828,47.5697418],[28.5450442,47.5698482],[28.5445326,47.5698975],[28.5433609,47.5698233],[28.5428247,47.5696686],[28.5419418,47.5691888],[28.5402311,47.5668383],[28.5400413,47.5663359],[28.5390958,47.5645427],[28.5375705,47.5636775],[28.5368772,47.5628776],[28.5369806,47.562635],[28.5378393,47.5602247],[28.5396479,47.5550307],[28.5414895,47.5496047],[28.5424583,47.5468355],[28.5434977,47.5438644],[28.5442555,47.5416556],[28.5418559,47.54148],[28.5335188,47.5408251],[28.5327607,47.534765],[28.5313695,47.5348011],[28.5313183,47.53451],[28.5305041,47.5304298],[28.5298966,47.5274086],[28.5291829,47.5240622],[28.5287127,47.5218774],[28.5279881,47.5183705],[28.5274651,47.5159026],[28.5270258,47.513529],[28.5265403,47.5129887],[28.5245416,47.5109101],[28.523642,47.5098772],[28.5234569,47.5094839],[28.5231952,47.5093111],[28.5228294,47.5089793],[28.5231384,47.508597],[28.5231383,47.508148],[28.521852,47.508156],[28.5215336,47.5077015],[28.5213812,47.5074765],[28.5209237,47.5072688],[28.5205157,47.5069325],[28.5199603,47.5065441],[28.5198866,47.5062932],[28.5187006,47.5052116],[28.5175193,47.5042375],[28.5162962,47.5033095],[28.5158121,47.5030911],[28.5155951,47.502932],[28.5151404,47.5028121],[28.5136472,47.5016625],[28.514164,47.5005192],[28.5146215,47.4997426],[28.5157462,47.4988992],[28.5164234,47.4990879],[28.5176141,47.4985009],[28.5181253,47.4990034],[28.5170531,47.4997403],[28.5170327,47.5000127],[28.5168567,47.5001959],[28.5166355,47.5003916],[28.5163484,47.5005115],[28.5165981,47.500886],[28.5160592,47.5012088],[28.5160761,47.501316],[28.5161891,47.5014311],[28.5165186,47.5015252],[28.5168331,47.5015026],[28.5176658,47.5010877],[28.5183982,47.5010186],[28.5191056,47.5008498],[28.5193927,47.5006301],[28.5197062,47.5005185],[28.5199096,47.5004825],[28.5212273,47.5005537],[28.5217396,47.500593],[28.5218567,47.5002362],[28.5219696,47.500182],[28.5221826,47.5000183],[28.5221532,47.4999296],[28.5221218,47.4998911],[28.5220425,47.4998655],[28.5218549,47.4998569],[28.521343,47.5000562],[28.5211794,47.5000641],[28.5208461,47.4996388],[28.5209119,47.4995066],[28.522799,47.4988587],[28.5236921,47.4983454],[28.5239567,47.4983149],[28.5242518,47.4984303],[28.5248167,47.4990562],[28.5254531,47.4991135],[28.5262296,47.4988873],[28.5271246,47.4984112],[28.5271751,47.4981768],[28.5264235,47.4977624],[28.5267549,47.4973522],[28.5277277,47.4964557],[28.5286361,47.495933],[28.5294785,47.4954195],[28.5300075,47.4949421],[28.530013,47.4947433],[28.5297463,47.494481],[28.5319908,47.4924737],[28.5325161,47.4919265],[28.5329815,47.4915851],[28.5332184,47.4915748],[28.5339854,47.4922087],[28.5342214,47.4921874],[28.5346207,47.491911],[28.5350265,47.4921596],[28.5352183,47.4921346],[28.5355602,47.4918757],[28.536014,47.4920263],[28.5354241,47.492562],[28.5350043,47.4929377],[28.5346465,47.4934683],[28.5340659,47.4942357],[28.5320704,47.4960716],[28.5315645,47.4965975],[28.5339307,47.4986949],[28.5353662,47.499764],[28.5360896,47.500451],[28.5368677,47.5012853],[28.5369386,47.5016224],[28.5369072,47.5021459],[28.5372053,47.5017862],[28.5381342,47.5016981],[28.5387903,47.5014152],[28.5391844,47.5013224],[28.5400115,47.50119],[28.5405487,47.5010396],[28.5410395,47.5009709],[28.542465,47.5007334],[28.5438125,47.5023178],[28.5449278,47.5038799],[28.5489266,47.5005278],[28.5496307,47.4998009],[28.5516049,47.4970177],[28.5523466,47.4965129],[28.5535315,47.4943437],[28.556481,47.4954712],[28.5575059,47.4958704],[28.5580175,47.4960949],[28.5598372,47.4968431],[28.5599375,47.4966338],[28.5600613,47.4966951],[28.5609484,47.4971134],[28.5663105,47.4997284],[28.5675407,47.5003632],[28.5685716,47.4997703],[28.5694294,47.4993968],[28.570214,47.4997583],[28.5753376,47.5031705],[28.5786512,47.5053536],[28.5812427,47.5069732],[28.5869884,47.5099119],[28.5911117,47.5120221],[28.5916291,47.5123091],[28.5969636,47.5150359],[28.6012582,47.5172307],[28.5982552,47.5197807],[28.5957321,47.5218849],[28.5988745,47.523697],[28.6004033,47.5245865],[28.602869,47.5259931],[28.6065113,47.5281083],[28.6073549,47.5270229],[28.6082982,47.5257305],[28.6095708,47.5248036],[28.6105834,47.5253222],[28.6109361,47.5250209],[28.6128819,47.5229852],[28.6142341,47.5235238],[28.6235663,47.5270103],[28.6263383,47.5281234],[28.6345618,47.5309814],[28.6401378,47.5328502],[28.6417593,47.533312],[28.6455273,47.5346462],[28.6398434,47.5414826],[28.6389999,47.542547],[28.6346889,47.5414662],[28.6241772,47.5391691],[28.6232615,47.5414905],[28.6197909,47.5487714],[28.6187311,47.54858],[28.6103985,47.5467258],[28.6064468,47.5458424],[28.6012023,47.5448303],[28.6007065,47.5445475],[28.5977927,47.543927],[28.5921233,47.5427863],[28.5861485,47.5415176],[28.5832995,47.5408821],[28.5786084,47.539908],[28.5780548,47.5399119],[28.5788265,47.5379297],[28.5726154,47.538723],[28.5669965,47.5394364],[28.5667759,47.5392356],[28.5650075,47.5403935],[28.5649554,47.5405762],[28.5636464,47.5415859],[28.5609954,47.5436919],[28.5607956,47.5438076],[28.5617295,47.5446055],[28.562312,47.5450314],[28.5628934,47.5455573],[28.5635244,47.5461623],[28.5640924,47.5467138],[28.5650459,47.5479567],[28.5657913,47.5486689],[28.5661396,47.5491275],[28.5665801,47.5499641],[28.5667597,47.5503302],[28.5672986,47.5518187],[28.5677011,47.5523561],[28.5682706,47.5527926],[28.5689334,47.5531204],[28.5697197,47.553446],[28.5719175,47.5543763],[28.5724711,47.5544264],[28.5726688,47.5545284],[28.5727585,47.5552181],[28.5727467,47.555787],[28.5725918,47.5563003],[28.5724915,47.5564199],[28.5723388,47.5565316],[28.5714478,47.5581366]]]}},{"type":"Feature","properties":{"entity_id":"osm-r19082847","jurisdiction":"MD","display_name":"Pistruieni","display_type":"commune","admin_level":8,"tier":"local","legal_registry":"CUATM","legal_id":"8942","legal_type":"commune","parent_catalog_id":"osm-r58993","osm_relation_id":19082847,"legal_identity_status":"reconciled","geometry_source":"OpenStreetMap","geometry_precision":"master_coordinate_fidelity"},"geometry":{"type":"Polygon","coordinates":[[[28.3996413,47.6780968],[28.4079005,47.6785599],[28.4168915,47.6789594],[28.4199508,47.6759654],[28.422628,47.6760833],[28.425184,47.6761938],[28.4286037,47.6763348],[28.4306381,47.6764439],[28.4351661,47.6768373],[28.4379971,47.6770834],[28.4409213,47.6772476],[28.4422978,47.6773128],[28.4440434,47.6773677],[28.4454069,47.6773862],[28.4519291,47.6774419],[28.4547406,47.6774845],[28.4582923,47.6775339],[28.4603464,47.6775581],[28.4629139,47.6776147],[28.4683329,47.6777753],[28.4711445,47.6778453],[28.4730037,47.6778865],[28.4769235,47.6779702],[28.4783679,47.6780072],[28.4794988,47.6770018],[28.4797366,47.6767424],[28.4799674,47.6764352],[28.4838283,47.6742702],[28.4845978,47.6745154],[28.4844566,47.6746965],[28.4849727,47.6753042],[28.4856674,47.6766426],[28.4866115,47.6782234],[28.4873307,47.6798951],[28.4881308,47.6810999],[28.4892014,47.6824772],[28.4897,47.6832917],[28.4904786,47.6841725],[28.4907971,47.6843301],[28.491191,47.684283],[28.4923658,47.6852029],[28.493734,47.6864823],[28.4941984,47.6871265],[28.4942508,47.6873662],[28.4946759,47.6878029],[28.4949783,47.6879337],[28.4962249,47.6884886],[28.4970224,47.6892865],[28.4973617,47.6897885],[28.4975886,47.6907121],[28.4973122,47.6911099],[28.4967848,47.6915577],[28.4948319,47.6926556],[28.4900632,47.6956062],[28.4889866,47.6964957],[28.4879276,47.6976717],[28.4874618,47.6988005],[28.4871342,47.7002046],[28.4875691,47.7008117],[28.4877042,47.7012852],[28.4870216,47.7022943],[28.4870653,47.7025252],[28.4877718,47.7028433],[28.4879982,47.7036061],[28.4879572,47.7049802],[28.4873733,47.7054104],[28.4867974,47.7055043],[28.4858941,47.7066334],[28.4857824,47.7071714],[28.4858274,47.7081858],[28.4852217,47.7086277],[28.4845765,47.7088233],[28.4840744,47.7088829],[28.4826837,47.7087026],[28.481137,47.7083997],[28.4803309,47.7080816],[28.4791609,47.7076615],[28.4770512,47.7073618],[28.4756785,47.7069348],[28.4745726,47.7065595],[28.4734676,47.7061246],[28.4719687,47.7058888],[28.4707755,47.7058643],[28.4706444,47.7038765],[28.4710809,47.70191],[28.463527,47.7005046],[28.4553562,47.6991679],[28.4442163,47.6979216],[28.4387844,47.6998978],[28.4383805,47.6997891],[28.43806,47.6996738],[28.4375374,47.699798],[28.4374156,47.7003619],[28.4358983,47.7007271],[28.4342662,47.7011009],[28.4336359,47.7013423],[28.4320471,47.701656],[28.4314315,47.7021535],[28.4305969,47.7023227],[28.4293997,47.7027865],[28.4167099,47.702085],[28.41129,47.7016566],[28.4037849,47.7008222],[28.3962641,47.7001196],[28.3925186,47.699329],[28.3953523,47.6928674],[28.3960107,47.6909304],[28.3965223,47.6891285],[28.3967983,47.6880444],[28.3970672,47.6869608],[28.3973619,47.6858496],[28.397573,47.6850471],[28.3979855,47.6835182],[28.3986732,47.6812841],[28.3996413,47.6780968]]]}},{"type":"Feature","properties":{"entity_id":"osm-r19082848","jurisdiction":"MD","display_name":"Ghiliceni","display_type":"commune","admin_level":8,"tier":"local","legal_registry":"CUATM","legal_id":"8929","legal_type":"commune","parent_catalog_id":"osm-r58993","osm_relation_id":19082848,"legal_identity_status":"reconciled","geometry_source":"OpenStreetMap","geometry_precision":"master_coordinate_fidelity"},"geometry":{"type":"Polygon","coordinates":[[[28.1532735,47.4564537],[28.1568685,47.4552317],[28.1591969,47.4541831],[28.1618944,47.4532702],[28.1632674,47.4525465],[28.1645721,47.4521386],[28.1653299,47.4516143],[28.1668117,47.4514066],[28.1677076,47.4510973],[28.1745655,47.4493736],[28.1769231,47.4484456],[28.177774,47.4474848],[28.1786531,47.4461817],[28.1792718,47.4455854],[28.1811884,47.4416481],[28.181542,47.4409971],[28.1819003,47.4407872],[28.1846036,47.4399197],[28.1852872,47.4391908],[28.1862017,47.4392789],[28.1894122,47.4397951],[28.1911227,47.4400053],[28.1919784,47.4402681],[28.1915292,47.4411311],[28.1910807,47.4423943],[28.1907816,47.444595],[28.1908686,47.4453206],[28.1912684,47.4459139],[28.192793,47.445946],[28.1942349,47.4461546],[28.1961992,47.4464267],[28.1980644,47.4463803],[28.2034143,47.446533],[28.2083567,47.4395339],[28.2106843,47.436141],[28.2116779,47.4362355],[28.2310199,47.4359111],[28.2326401,47.4358838],[28.2412614,47.4342711],[28.243574,47.4345595],[28.2429149,47.4395868],[28.2427114,47.4396665],[28.2418799,47.4397155],[28.2373807,47.4477681],[28.2369555,47.4490178],[28.2365687,47.4508429],[28.2367088,47.4512333],[28.2366432,47.4515205],[28.2365155,47.4524353],[28.2363263,47.4533304],[28.236244,47.4538781],[28.2359988,47.4558592],[28.2360004,47.4581632],[28.2358675,47.4619594],[28.2356746,47.46334],[28.2356081,47.4661479],[28.2352046,47.4744835],[28.2350368,47.4762493],[28.2339763,47.4779163],[28.2327661,47.4798714],[28.2312929,47.4798072],[28.2313056,47.4787244],[28.2293746,47.4780851],[28.2282447,47.4779125],[28.2266547,47.4796366],[28.2239035,47.4821011],[28.2233786,47.482825],[28.2238812,47.4830289],[28.2236027,47.4833234],[28.2226014,47.4838921],[28.2222637,47.4842316],[28.2221283,47.4846517],[28.2217348,47.4852989],[28.2204382,47.4873223],[28.2212934,47.4878235],[28.2222662,47.4881352],[28.2222401,47.4881713],[28.2220665,47.4884141],[28.2219152,47.4886264],[28.2218845,47.4886703],[28.2216731,47.488957],[28.2215477,47.4891467],[28.2214564,47.489275],[28.2213002,47.4894939],[28.2211422,47.4897141],[28.220428,47.4907112],[28.2205216,47.4907767],[28.2205962,47.4908813],[28.2206467,47.4909925],[28.2206978,47.4913404],[28.2206705,47.4914813],[28.2205313,47.4916813],[28.220479,47.4916836],[28.2202759,47.4918986],[28.2190556,47.4914568],[28.2183898,47.4912158],[28.2180704,47.4915184],[28.217142,47.4926227],[28.2164421,47.4934591],[28.2163571,47.4935725],[28.2164106,47.4935881],[28.2165735,47.493632],[28.2172226,47.4933095],[28.2173733,47.4931973],[28.2174311,47.4932217],[28.2175656,47.4930897],[28.217861,47.4931928],[28.2177038,47.4933923],[28.2176038,47.4935107],[28.2175254,47.4936095],[28.2173436,47.4938436],[28.2173219,47.4938751],[28.2182992,47.4942383],[28.2182844,47.4943065],[28.2181375,47.4948761],[28.2170857,47.4963099],[28.2146638,47.499804],[28.2145462,47.5000358],[28.2138231,47.5010609],[28.2137914,47.5010839],[28.2126221,47.5028211],[28.212533,47.5029469],[28.21036,47.5063392],[28.2092762,47.5080757],[28.2089916,47.5085428],[28.2036666,47.5071113],[28.2026978,47.5086797],[28.2000625,47.5129182],[28.1995901,47.5136494],[28.1984856,47.5154643],[28.1979394,47.5162759],[28.1977491,47.5164672],[28.1971083,47.5161058],[28.1946414,47.5188856],[28.1940124,47.5191152],[28.1927954,47.5197365],[28.1913186,47.5207857],[28.1905413,47.5210715],[28.1901357,47.5216415],[28.1859331,47.5226231],[28.1785047,47.5246033],[28.1766991,47.5250879],[28.1747533,47.5256547],[28.1697019,47.5268145],[28.1693431,47.5268145],[28.1676876,47.5274144],[28.1643574,47.528269],[28.1620487,47.5287123],[28.1592223,47.5295639],[28.1568379,47.5300289],[28.1523124,47.5312677],[28.1507849,47.5317514],[28.1514462,47.5252437],[28.1520364,47.5189872],[28.152443,47.5141403],[28.152965,47.5078208],[28.153221,47.5050975],[28.1534097,47.5023176],[28.1536056,47.4998169],[28.1538665,47.4959115],[28.1547573,47.488282],[28.1545951,47.4847535],[28.1542931,47.4801259],[28.1541906,47.4759709],[28.1541574,47.4711485],[28.1539404,47.4670611],[28.1536621,47.4634374],[28.1534753,47.4581055],[28.1532735,47.4564537]]]}},{"type":"Feature","properties":{"entity_id":"osm-r19082849","jurisdiction":"MD","display_name":"Bănești","display_type":"commune","admin_level":8,"tier":"local","legal_registry":"CUATM","legal_id":"8912","legal_type":"commune","parent_catalog_id":"osm-r58993","osm_relation_id":19082849,"legal_identity_status":"reconciled","geometry_source":"OpenStreetMap","geometry_precision":"master_coordinate_fidelity"},"geometry":{"type":"Polygon","coordinates":[[[28.4095082,47.550015],[28.4108328,47.5499431],[28.4116486,47.5497938],[28.4119027,47.5495719],[28.4121839,47.5493241],[28.4125725,47.5492521],[28.4127852,47.5493016],[28.4131219,47.5495535],[28.4135684,47.5495641],[28.4147695,47.5492307],[28.4153615,47.5492488],[28.416086,47.5496938],[28.417395,47.5496785],[28.417819,47.5497299],[28.4187733,47.549855],[28.4197348,47.5497513],[28.4213856,47.5497429],[28.4218206,47.5496893],[28.4223438,47.5492918],[28.4228045,47.5492176],[28.4237156,47.5496638],[28.4237754,47.5500753],[28.423548,47.5504752],[28.4232736,47.5508341],[28.4230253,47.5511209],[28.4230845,47.5513979],[28.4242328,47.551609],[28.4245663,47.5517374],[28.4251897,47.5520098],[28.4259049,47.5519978],[28.4256117,47.5560771],[28.4258509,47.5615861],[28.425471,47.564351],[28.4252653,47.5661584],[28.424983,47.5689335],[28.4240221,47.5749476],[28.4235714,47.5758928],[28.4229093,47.5766026],[28.4218801,47.5779894],[28.4219615,47.5781217],[28.4218953,47.578865],[28.4215909,47.5793739],[28.4210423,47.5801267],[28.4182418,47.5867899],[28.4282102,47.5900818],[28.4255496,47.5938616],[28.4293173,47.5965792],[28.4317611,47.5980723],[28.4344692,47.5997907],[28.4359428,47.6009724],[28.4368791,47.6018984],[28.4372698,47.6020075],[28.4368612,47.6023312],[28.4360088,47.602308],[28.4343138,47.6027436],[28.4333931,47.6032128],[28.4327111,47.6035809],[28.432089,47.6037957],[28.4310258,47.6043538],[28.4299987,47.6050421],[28.4225915,47.6127575],[28.4173495,47.6111162],[28.4150176,47.6101549],[28.4121116,47.608998],[28.4104381,47.6086209],[28.408697,47.6081265],[28.4073789,47.6077752],[28.4066906,47.6077116],[28.4065885,47.6075715],[28.406355,47.6074786],[28.4057949,47.6075235],[28.4050667,47.6076209],[28.4046372,47.6076553],[28.4042875,47.6076658],[28.403754,47.6076329],[28.4034397,47.6076164],[28.4031918,47.607615],[28.403039,47.6076135],[28.4029062,47.6076225],[28.4024668,47.6076939],[28.4020983,47.6077598],[28.4009735,47.6081255],[28.4008215,47.6081851],[28.4006645,47.6082466],[28.4005022,47.6083102],[28.400334,47.6083762],[28.4001592,47.6084447],[28.4001348,47.6084543],[28.3999684,47.6085126],[28.3997667,47.6085831],[28.3995538,47.6086576],[28.3993276,47.6087367],[28.3991358,47.6088038],[28.3990871,47.6088223],[28.3988355,47.6089179],[28.3985655,47.6090206],[28.3982664,47.6091342],[28.3975213,47.6094174],[28.3958906,47.610037],[28.3957239,47.6100493],[28.3955757,47.6100638],[28.3951289,47.6102915],[28.3950812,47.6103086],[28.3948614,47.6103872],[28.3944333,47.6105406],[28.3942247,47.6106153],[28.3940195,47.6106887],[28.3938174,47.610761],[28.3936185,47.6108323],[28.3934225,47.6109025],[28.3932293,47.6109716],[28.3930386,47.6110398],[28.3928508,47.6111071],[28.3926653,47.6111734],[28.3925734,47.6112063],[28.3923914,47.6112714],[28.3922117,47.6113357],[28.3920342,47.6113993],[28.3918589,47.611462],[28.3916855,47.6115241],[28.3915141,47.6115854],[28.3914995,47.6115907],[28.3914481,47.6116092],[28.3913104,47.6116584],[28.3909763,47.611945],[28.3900482,47.6135803],[28.3895806,47.6143012],[28.3887952,47.6157653],[28.3879004,47.6173011],[28.3877465,47.6175537],[28.3876468,47.6176435],[28.3875162,47.6177385],[28.38735,47.6177395],[28.3873361,47.6177385],[28.3872036,47.6177297],[28.3870719,47.617721],[28.3870194,47.6177175],[28.3868887,47.6177088],[28.3867588,47.6177001],[28.3866297,47.6176915],[28.3865013,47.6176829],[28.3863738,47.6176743],[28.3862469,47.6176659],[28.3861209,47.6176574],[28.3859956,47.617649],[28.3858709,47.6176407],[28.3857471,47.6176324],[28.3855013,47.617616],[28.3853793,47.6176078],[28.3852581,47.6175997],[28.3852074,47.6175963],[28.3851311,47.6176029],[28.3850008,47.617614],[28.3848719,47.6176251],[28.3847441,47.617636],[28.3846176,47.6176469],[28.3845697,47.617651],[28.3815917,47.6180635],[28.3815305,47.6180675],[28.3814445,47.6180973],[28.3799023,47.6181986],[28.378199,47.6183523],[28.376806,47.6184427],[28.3729954,47.6186899],[28.3724997,47.6186946],[28.3718278,47.6187774],[28.3718493,47.6186488],[28.3718659,47.6185507],[28.3718987,47.6183543],[28.3719317,47.6181579],[28.3719481,47.6180598],[28.3719646,47.6179616],[28.3719811,47.6178635],[28.3719976,47.6177654],[28.3720142,47.6176673],[28.3720307,47.6175693],[28.3720471,47.6174712],[28.3720635,47.6173733],[28.37208,47.6172752],[28.3720964,47.6171772],[28.3721128,47.6170793],[28.3721253,47.6170049],[28.3721606,47.6168823],[28.3721891,47.6167832],[28.3722177,47.6166841],[28.3722194,47.6166777],[28.3722373,47.6165852],[28.3722564,47.6164864],[28.3722755,47.6163875],[28.3723137,47.6161896],[28.3723329,47.6160905],[28.372352,47.6159914],[28.3723712,47.6158923],[28.3723903,47.6157933],[28.3724095,47.6156941],[28.3724227,47.6156259],[28.3724271,47.615595],[28.3724431,47.6154799],[28.3724785,47.6152246],[28.3725469,47.6147326],[28.3725709,47.6145596],[28.372463,47.6145993],[28.3724822,47.6144777],[28.3724928,47.6127231],[28.3720495,47.6093208],[28.3720194,47.6090351],[28.3717782,47.6067616],[28.371496,47.6040849],[28.3710945,47.6013882],[28.3708125,47.5987169],[28.3707133,47.5982419],[28.370403,47.5963197],[28.3699157,47.5939769],[28.3687451,47.5909143],[28.3683566,47.5900517],[28.3680757,47.5894988],[28.3679072,47.5890995],[28.3677142,47.5883574],[28.3672846,47.5871824],[28.3668323,47.5860572],[28.3663877,47.5844467],[28.3661299,47.5831904],[28.3654788,47.5804906],[28.3652672,47.5797797],[28.3651894,47.5795182],[28.3647489,47.5780385],[28.3635114,47.5741653],[28.3627098,47.5720007],[28.3619504,47.569949],[28.3611126,47.5677367],[28.3609669,47.5673525],[28.3607712,47.5668351],[28.3604628,47.5659344],[28.3603242,47.5656197],[28.3599233,47.5646218],[28.3590523,47.5622277],[28.3588101,47.5614863],[28.3585567,47.5610203],[28.3582071,47.5600377],[28.3579999,47.5595511],[28.357545,47.5581586],[28.358915,47.557962],[28.3593286,47.5578765],[28.3632837,47.5571811],[28.3665231,47.5567077],[28.3677325,47.5565056],[28.3689449,47.5564233],[28.3694433,47.5562293],[28.3723836,47.5558276],[28.3755692,47.555286],[28.3788487,47.5545224],[28.3829181,47.5535471],[28.3867524,47.5525919],[28.4007318,47.5507585],[28.4026291,47.5505986],[28.4095082,47.550015]]]}},{"type":"Feature","properties":{"entity_id":"osm-r19082850","jurisdiction":"MD","display_name":"Mîndrești","display_type":"commune","admin_level":8,"tier":"local","legal_registry":"CUATM","legal_id":"8935","legal_type":"commune","parent_catalog_id":"osm-r58993","osm_relation_id":19082850,"legal_identity_status":"reconciled","geometry_source":"OpenStreetMap","geometry_precision":"master_coordinate_fidelity"},"geometry":{"type":"Polygon","coordinates":[[[28.2890034,47.4614089],[28.2890331,47.4634897],[28.2892137,47.4646309],[28.2881425,47.4657347],[28.2874168,47.4664649],[28.2869436,47.4664338],[28.2863205,47.4664189],[28.2857446,47.4665714],[28.2847181,47.4667364],[28.2841846,47.4668665],[28.2840197,47.4671386],[28.2836124,47.4687256],[28.2831204,47.4693617],[28.2823872,47.4700857],[28.2816583,47.4705613],[28.2812227,47.4707415],[28.2804453,47.4709985],[28.2799462,47.4712159],[28.2797672,47.4713567],[28.2795963,47.4718187],[28.2793603,47.4722523],[28.2790188,47.4727601],[28.2782447,47.4731485],[28.2777152,47.4736768],[28.2780036,47.4737961],[28.2790802,47.4743318],[28.2799017,47.4749726],[28.2806029,47.4753601],[28.2808897,47.475841],[28.2809528,47.4762425],[28.2807944,47.4767256],[28.2807399,47.4770701],[28.2808309,47.4773336],[28.2825199,47.4778771],[28.2877161,47.479513],[28.2899039,47.4802405],[28.2909968,47.4805642],[28.2924553,47.4809055],[28.2979504,47.4816101],[28.2978584,47.4829627],[28.2978414,47.4837795],[28.2975482,47.4876338],[28.2974995,47.4886959],[28.2973907,47.4891356],[28.2973259,47.4895661],[28.297355,47.4909497],[28.2972321,47.4918279],[28.2971435,47.4930624],[28.2970588,47.4939487],[28.2968169,47.4956148],[28.296729,47.4966258],[28.2966032,47.4976373],[28.296451,47.4988553],[28.2963809,47.4998357],[28.2963494,47.499994],[28.2951965,47.5000139],[28.295052,47.5006087],[28.2949656,47.5009304],[28.294914,47.5010624],[28.2947399,47.5016043],[28.2945363,47.5021002],[28.2943727,47.5027255],[28.2942051,47.5038604],[28.2942814,47.5047327],[28.2937624,47.504964],[28.2939171,47.5065596],[28.2952572,47.5065124],[28.2955391,47.5065687],[28.2955324,47.5078518],[28.2936935,47.5167194],[28.2935337,47.5174764],[28.2933366,47.5191026],[28.2931334,47.5204665],[28.2927951,47.5229879],[28.2926463,47.5239965],[28.2920248,47.5265673],[28.2915733,47.5285721],[28.2911548,47.5307823],[28.2908427,47.5321757],[28.290372,47.5341525],[28.2898892,47.5356081],[28.2893841,47.5374541],[28.2886981,47.5395999],[28.2883986,47.540635],[28.288209,47.5414633],[28.2875072,47.5438744],[28.2843327,47.5557297],[28.2840305,47.5567773],[28.2832175,47.5574112],[28.2806544,47.5644282],[28.2811555,47.5697017],[28.2811678,47.5697922],[28.2808661,47.5697606],[28.2807168,47.569759],[28.271505,47.5698941],[28.2640612,47.5698588],[28.2608394,47.5699492],[28.2578079,47.5699898],[28.2541109,47.5700104],[28.2485198,47.5702005],[28.2479162,47.5694066],[28.2467521,47.5690775],[28.2463321,47.5687403],[28.2433868,47.5683944],[28.2421241,47.5683901],[28.2407845,47.5685036],[28.2392159,47.5702592],[28.2331163,47.5703296],[28.2278456,47.5704507],[28.2273371,47.5685943],[28.227648,47.5682492],[28.2280057,47.5676337],[28.2280389,47.5667789],[28.2276834,47.565452],[28.2276186,47.564999],[28.2275187,47.5638523],[28.2273576,47.5632154],[28.2267442,47.562748],[28.226626,47.5620449],[28.2276697,47.5588871],[28.2279011,47.5587968],[28.232088,47.5583712],[28.2321384,47.555922],[28.2321604,47.5555186],[28.2332322,47.5520039],[28.2337288,47.5504468],[28.234134,47.549731],[28.2348388,47.5484921],[28.2357359,47.5465306],[28.2373173,47.5444524],[28.2343313,47.5427231],[28.233237,47.542151],[28.2312185,47.5431915],[28.2302709,47.5414682],[28.2291671,47.539307],[28.227831,47.535592],[28.2278918,47.5354586],[28.2288748,47.534561],[28.2294219,47.5329393],[28.2293485,47.5326097],[28.2288608,47.5315709],[28.2289958,47.5312461],[28.2296323,47.5302403],[28.2298185,47.529813],[28.2264177,47.5279148],[28.2227282,47.5290041],[28.2219085,47.5273417],[28.2224566,47.5254324],[28.2226254,47.5251129],[28.2228481,47.5249346],[28.2245948,47.524513],[28.2249916,47.5242364],[28.2250878,47.5230041],[28.2252898,47.5209365],[28.225593,47.5206155],[28.2280468,47.5192047],[28.2287092,47.5177563],[28.2294924,47.5171294],[28.2296518,47.5167702],[28.2296943,47.5161002],[28.2300731,47.5154323],[28.2300692,47.5149273],[28.2300183,47.5145647],[28.2301308,47.5143536],[28.230656,47.5138316],[28.2312768,47.5130709],[28.2330618,47.5103521],[28.2342186,47.5085983],[28.2356131,47.5065189],[28.2356817,47.5064739],[28.2381472,47.5034596],[28.2387464,47.5026128],[28.2402553,47.5000467],[28.2411629,47.4985559],[28.2414003,47.4981717],[28.2417419,47.4976824],[28.243489,47.4945817],[28.2451871,47.4916597],[28.2483842,47.4854894],[28.2463138,47.4843398],[28.2451869,47.4837449],[28.2450799,47.4836736],[28.2449164,47.4835371],[28.2446849,47.4822083],[28.2448619,47.4819299],[28.2450562,47.4816253],[28.2451686,47.4814898],[28.245561,47.4808546],[28.2462307,47.4798491],[28.2466042,47.4792038],[28.2471696,47.4783009],[28.2475205,47.4779083],[28.2477375,47.477619],[28.248097,47.4769566],[28.2485725,47.4762543],[28.2488906,47.4756756],[28.2490689,47.4754055],[28.2490879,47.4751018],[28.2490961,47.4749031],[28.24912,47.4746328],[28.2491259,47.4743589],[28.2491893,47.4738026],[28.2493426,47.4723515],[28.2494924,47.4703492],[28.2495867,47.4688666],[28.2496651,47.4684289],[28.2497464,47.467513],[28.2498153,47.4668161],[28.2499069,47.4658352],[28.2500562,47.4642556],[28.2501882,47.4637321],[28.2506448,47.4611726],[28.2507267,47.4606512],[28.2507273,47.4604203],[28.2507037,47.459988],[28.2507517,47.4595298],[28.2509221,47.458738],[28.2511068,47.4568042],[28.2511198,47.4561852],[28.2511372,47.4560185],[28.2512032,47.4557797],[28.251311,47.4556146],[28.2514564,47.4554571],[28.2514939,47.455354],[28.2515085,47.45524],[28.2527457,47.4547036],[28.2531805,47.4545311],[28.2565867,47.4531091],[28.2608486,47.4511993],[28.2621025,47.4506079],[28.2622195,47.4505468],[28.2622994,47.4505054],[28.2637032,47.4498838],[28.2639937,47.4497477],[28.2649409,47.4493367],[28.2661711,47.4487672],[28.2673311,47.4482667],[28.2684567,47.4477709],[28.2695435,47.4472629],[28.2697347,47.4473827],[28.270602,47.4479259],[28.2707194,47.4479531],[28.2716539,47.4483297],[28.2719175,47.448443],[28.2786567,47.4513384],[28.2793443,47.4516413],[28.2805122,47.4521516],[28.2821376,47.4528536],[28.282505,47.4530324],[28.282886,47.4532137],[28.2829909,47.4532901],[28.2832193,47.4534566],[28.2838622,47.4537722],[28.2870315,47.4556804],[28.2908265,47.4578346],[28.2907873,47.4578713],[28.2905669,47.4580478],[28.2901883,47.458295],[28.2900765,47.4584],[28.2899552,47.4585281],[28.2898942,47.4586106],[28.2897165,47.4588927],[28.2895365,47.459117],[28.2892907,47.459431],[28.2891257,47.4596416],[28.2889672,47.4598603],[28.2887506,47.4601917],[28.2886734,47.4603263],[28.2886046,47.4604261],[28.2884193,47.4606472],[28.2880302,47.4610126],[28.2886249,47.4612553],[28.2887172,47.4613112],[28.2890034,47.4614089]]]}},{"type":"Feature","properties":{"entity_id":"osm-r19082851","jurisdiction":"MD","display_name":"Ordășei","display_type":"independent_village","admin_level":8,"tier":"local","legal_registry":"CUATM","legal_id":"8941","legal_type":"independent_village","parent_catalog_id":"osm-r58993","osm_relation_id":19082851,"legal_identity_status":"reconciled","geometry_source":"OpenStreetMap","geometry_precision":"master_coordinate_fidelity"},"geometry":{"type":"Polygon","coordinates":[[[28.5369882,47.7365068],[28.537168,47.7364268],[28.5369868,47.7362501],[28.5297649,47.7292078],[28.5272414,47.72675],[28.5270368,47.7268453],[28.5266351,47.7270525],[28.5252872,47.7277207],[28.5230894,47.7288533],[28.5213603,47.7296844],[28.5187796,47.7308217],[28.5161331,47.7320487],[28.5159526,47.7322029],[28.514752,47.7327503],[28.5145508,47.7328423],[28.5130515,47.7335776],[28.512958,47.7336588],[28.5106426,47.734725],[28.5102066,47.7348946],[28.50892,47.7355907],[28.5084412,47.7358686],[28.5051112,47.7376515],[28.4984105,47.7322734],[28.4945212,47.7291201],[28.4895257,47.7253354],[28.4885305,47.7244156],[28.4803474,47.7179087],[28.4705866,47.7101507],[28.4669436,47.7072106],[28.4662873,47.7065076],[28.4681436,47.706192],[28.4697961,47.7058612],[28.4702828,47.7058225],[28.4707755,47.7058643],[28.4719687,47.7058888],[28.4734676,47.7061246],[28.4745726,47.7065595],[28.4756785,47.7069348],[28.4770512,47.7073618],[28.4791609,47.7076615],[28.4803309,47.7080816],[28.481137,47.7083997],[28.4826837,47.7087026],[28.4840744,47.7088829],[28.4845765,47.7088233],[28.4852217,47.7086277],[28.4858274,47.7081858],[28.4857824,47.7071714],[28.4858941,47.7066334],[28.4867974,47.7055043],[28.4873733,47.7054104],[28.4879572,47.7049802],[28.4879982,47.7036061],[28.4877718,47.7028433],[28.4870653,47.7025252],[28.4870216,47.7022943],[28.4877042,47.7012852],[28.4875691,47.7008117],[28.4871342,47.7002046],[28.4874618,47.6988005],[28.4879276,47.6976717],[28.4889866,47.6964957],[28.4900632,47.6956062],[28.4948319,47.6926556],[28.4967848,47.6915577],[28.4973122,47.6911099],[28.4975886,47.6907121],[28.4973617,47.6897885],[28.4970224,47.6892865],[28.4962249,47.6884886],[28.4949783,47.6879337],[28.4946759,47.6878029],[28.4942508,47.6873662],[28.4941984,47.6871265],[28.493734,47.6864823],[28.4923658,47.6852029],[28.491191,47.684283],[28.4907971,47.6843301],[28.4904786,47.6841725],[28.4897,47.6832917],[28.4892014,47.6824772],[28.4881308,47.6810999],[28.4873307,47.6798951],[28.4866115,47.6782234],[28.4856674,47.6766426],[28.4849727,47.6753042],[28.4844566,47.6746965],[28.4845978,47.6745154],[28.4875929,47.6753751],[28.4882054,47.673922],[28.4926892,47.6754706],[28.4926001,47.6740718],[28.4931028,47.674069],[28.4950876,47.6759596],[28.4955099,47.6764376],[28.4961955,47.6766725],[28.4976044,47.6784819],[28.4986508,47.6773662],[28.5072964,47.6802242],[28.5077462,47.6804934],[28.5083092,47.6806136],[28.5123983,47.6827147],[28.5128846,47.6828012],[28.5136778,47.6834036],[28.5142899,47.6836822],[28.514826,47.6839013],[28.5151925,47.6840693],[28.5166967,47.6847811],[28.5177503,47.6852779],[28.5182099,47.6854971],[28.518256,47.6855295],[28.5196261,47.6864943],[28.5214076,47.6877487],[28.5264284,47.6912802],[28.5276262,47.6920977],[28.5283195,47.692728],[28.5287792,47.6932626],[28.5293267,47.6938992],[28.5294337,47.6940472],[28.5302695,47.6953725],[28.5305976,47.6958696],[28.5316846,47.6975856],[28.53223,47.6984347],[28.5327103,47.6992041],[28.5329317,47.6995512],[28.5335995,47.7005981],[28.5361503,47.7047292],[28.5387549,47.7090062],[28.5395939,47.7104688],[28.5420157,47.7134496],[28.5436014,47.7152678],[28.5442336,47.7158945],[28.5449981,47.7167017],[28.545138,47.7168745],[28.547394,47.7193668],[28.5475697,47.7195467],[28.5489194,47.7208865],[28.5526501,47.7241701],[28.5542717,47.7256788],[28.5556485,47.7270132],[28.5568805,47.7282672],[28.5570155,47.7284535],[28.5550541,47.7294005],[28.5539631,47.7298866],[28.5532086,47.7302226],[28.5520773,47.7307266],[28.5509188,47.7312427],[28.5495744,47.7318415],[28.5459323,47.7338424],[28.539827,47.7373044],[28.5386528,47.7379599],[28.538435,47.7379286],[28.5369882,47.7365068]]]}},{"type":"Feature","properties":{"entity_id":"osm-r19082852","jurisdiction":"MD","display_name":"Ratuș","display_type":"commune","admin_level":8,"tier":"local","legal_registry":"CUATM","legal_id":"8945","legal_type":"commune","parent_catalog_id":"osm-r58993","osm_relation_id":19082852,"legal_identity_status":"reconciled","geometry_source":"OpenStreetMap","geometry_precision":"master_coordinate_fidelity"},"geometry":{"type":"Polygon","coordinates":[[[28.4916205,47.4897676],[28.4943198,47.4903602],[28.4954627,47.4904565],[28.4974628,47.4909036],[28.498368,47.491124],[28.5061487,47.4927577],[28.5079685,47.4929301],[28.5090442,47.4930239],[28.5090446,47.4942893],[28.5063252,47.4959905],[28.5073375,47.4969152],[28.5077559,47.497199],[28.5085695,47.4979345],[28.5088603,47.4980829],[28.509223,47.4981885],[28.5097794,47.4993501],[28.5094269,47.4995901],[28.5094351,47.4997542],[28.5097812,47.5002566],[28.5093489,47.5009728],[28.5093357,47.5010753],[28.5096509,47.5013736],[28.5124413,47.5008059],[28.5136472,47.5016625],[28.5151404,47.5028121],[28.5155951,47.502932],[28.5158121,47.5030911],[28.5162962,47.5033095],[28.5175193,47.5042375],[28.5187006,47.5052116],[28.5198866,47.5062932],[28.5199603,47.5065441],[28.5205157,47.5069325],[28.5209237,47.5072688],[28.5213812,47.5074765],[28.5215336,47.5077015],[28.521852,47.508156],[28.5231383,47.508148],[28.5231384,47.508597],[28.5228294,47.5089793],[28.5231952,47.5093111],[28.5234569,47.5094839],[28.523642,47.5098772],[28.5245416,47.5109101],[28.5265403,47.5129887],[28.5270258,47.513529],[28.5274651,47.5159026],[28.5279881,47.5183705],[28.5287127,47.5218774],[28.5291829,47.5240622],[28.5298966,47.5274086],[28.5305041,47.5304298],[28.5313183,47.53451],[28.5313695,47.5348011],[28.5327607,47.534765],[28.5335188,47.5408251],[28.5418559,47.54148],[28.5442555,47.5416556],[28.5434977,47.5438644],[28.5424583,47.5468355],[28.5414895,47.5496047],[28.5396479,47.5550307],[28.5378393,47.5602247],[28.5369806,47.562635],[28.5368772,47.5628776],[28.535442,47.5623052],[28.5343814,47.5618052],[28.5338281,47.561408],[28.5335166,47.5611154],[28.5330635,47.5608856],[28.5320379,47.5606373],[28.5308142,47.5602873],[28.528566,47.5598156],[28.528053,47.5597484],[28.5278497,47.5597218],[28.5279096,47.5596387],[28.5295583,47.5549555],[28.516163,47.5539779],[28.5091169,47.5533692],[28.5022598,47.5476095],[28.4999416,47.5450548],[28.4989498,47.544057],[28.4984319,47.5433963],[28.4973045,47.5421459],[28.4998111,47.5406383],[28.5002205,47.5401965],[28.5001066,47.5399143],[28.4990038,47.5393174],[28.4984292,47.5390954],[28.4978326,47.5384152],[28.498216,47.5377717],[28.4946218,47.5342207],[28.4995977,47.5274062],[28.4950496,47.5285142],[28.4903542,47.5295972],[28.4892775,47.5298626],[28.4889604,47.5298386],[28.4824235,47.5247221],[28.4784116,47.5216157],[28.4781056,47.5215982],[28.4742734,47.521388],[28.4742099,47.5208283],[28.4739594,47.5187116],[28.4748812,47.5185673],[28.474872,47.5185289],[28.4753025,47.5184789],[28.4757566,47.5184065],[28.4759036,47.5183843],[28.4758103,47.51745],[28.4760365,47.516731],[28.4763085,47.5161694],[28.476032,47.5160259],[28.4759511,47.5157723],[28.4750355,47.5105695],[28.4746466,47.5095913],[28.4749161,47.5087873],[28.4743966,47.5073008],[28.4741782,47.5063041],[28.4745116,47.5050375],[28.475372,47.5050322],[28.4761937,47.5049674],[28.4768328,47.5048706],[28.4778896,47.5046819],[28.4786279,47.504527],[28.4791615,47.5044002],[28.4795907,47.5042746],[28.4800769,47.5041211],[28.4804609,47.5039763],[28.4808028,47.503826],[28.4811335,47.5036659],[28.4813898,47.5035333],[28.4816016,47.5034036],[28.4818419,47.5032259],[28.4820327,47.5030641],[28.4823608,47.5027154],[28.483111,47.5018725],[28.4835106,47.5013915],[28.4838698,47.5009081],[28.4838803,47.5008581],[28.4839352,47.5007402],[28.4841836,47.5003623],[28.4844426,47.5000382],[28.4853698,47.4988558],[28.4868217,47.4966261],[28.4877479,47.4953715],[28.4881996,47.4947597],[28.4894823,47.4930268],[28.4895706,47.4927936],[28.4901167,47.4920093],[28.4905484,47.491373],[28.4910861,47.4905759],[28.4916205,47.4897676]]]}},{"type":"Feature","properties":{"entity_id":"osm-r19082853","jurisdiction":"MD","display_name":"Brînzenii Noi","display_type":"commune","admin_level":8,"tier":"local","legal_registry":"CUATM","legal_id":"8915","legal_type":"commune","parent_catalog_id":"osm-r58993","osm_relation_id":19082853,"legal_identity_status":"reconciled","geometry_source":"OpenStreetMap","geometry_precision":"master_coordinate_fidelity"},"geometry":{"type":"Polygon","coordinates":[[[28.3996413,47.6780968],[28.3998152,47.678007],[28.3998785,47.6777159],[28.3999414,47.6774267],[28.4000039,47.6771393],[28.4000544,47.6769071],[28.4000701,47.6768539],[28.400154,47.6765698],[28.400238,47.6762852],[28.4003222,47.676],[28.4004065,47.6757141],[28.4004911,47.6754276],[28.4005758,47.6751405],[28.4007193,47.674654],[28.400744,47.6745641],[28.4008233,47.6742751],[28.4009027,47.6739862],[28.4009821,47.6736972],[28.4010614,47.6734082],[28.4011408,47.6731193],[28.4012201,47.6728303],[28.4012995,47.6725413],[28.4013019,47.6725324],[28.4030539,47.6661915],[28.4036244,47.6641451],[28.4040528,47.6625286],[28.4041066,47.6622736],[28.4043306,47.661546],[28.4043635,47.6614261],[28.4044306,47.66111],[28.4044983,47.6607904],[28.4045856,47.6604694],[28.404673,47.6601475],[28.4047607,47.6598247],[28.4048486,47.6595009],[28.4048783,47.6593915],[28.4049389,47.6591759],[28.4050307,47.6588495],[28.4051228,47.6585218],[28.4052134,47.6581993],[28.4052148,47.6581929],[28.4052847,47.6578653],[28.4053291,47.6576572],[28.4053579,47.6575383],[28.405437,47.6572112],[28.4055162,47.656884],[28.4055954,47.6565568],[28.4056838,47.6561911],[28.4055044,47.6560289],[28.4055498,47.6558144],[28.4055947,47.655602],[28.4056391,47.6553919],[28.4056833,47.6551833],[28.4057273,47.6549755],[28.4057739,47.6547555],[28.4058327,47.6544778],[28.4059362,47.6539888],[28.4055883,47.6538782],[28.4054267,47.6538902],[28.4050887,47.6539621],[28.4049004,47.6540106],[28.4046547,47.654095],[28.4040138,47.6542449],[28.4039677,47.6542539],[28.4035741,47.6543303],[28.4031736,47.6544432],[28.4027144,47.6545727],[28.4013532,47.6550334],[28.3993318,47.65558],[28.399141,47.6554374],[28.3976523,47.6547482],[28.3958394,47.6544092],[28.3942721,47.6544413],[28.393951,47.6544447],[28.3937904,47.6544465],[28.3945194,47.6524777],[28.3937963,47.6524385],[28.3918683,47.6524052],[28.3916705,47.6524065],[28.3910072,47.6522743],[28.3908891,47.6517395],[28.3910089,47.6512874],[28.391244,47.6500776],[28.391408,47.6494218],[28.3915677,47.6486942],[28.3918337,47.6476761],[28.3924753,47.647201],[28.3931698,47.6465662],[28.393878,47.6455495],[28.3940891,47.6445603],[28.3944182,47.6431564],[28.394623,47.6414669],[28.3956708,47.6415834],[28.396413,47.64087],[28.3978017,47.640485],[28.399357,47.6404804],[28.3996793,47.6405267],[28.4008063,47.6410313],[28.4013576,47.6412293],[28.4026631,47.641281],[28.4037769,47.6415857],[28.4044604,47.6417133],[28.4059187,47.6418948],[28.4066627,47.6420009],[28.4076272,47.6422649],[28.4090221,47.639749],[28.4093386,47.6392519],[28.4116159,47.6402685],[28.4117083,47.6407499],[28.4129727,47.6417726],[28.4145924,47.6426268],[28.4141416,47.643365],[28.4139091,47.6438504],[28.4134457,47.6447312],[28.4131522,47.6451753],[28.4130314,47.6453582],[28.4125594,47.6460063],[28.4123289,47.6463499],[28.4119635,47.6468942],[28.4115453,47.6475588],[28.4096645,47.6503235],[28.4100225,47.6506379],[28.410797,47.651281],[28.4120424,47.6522529],[28.4132678,47.6522484],[28.4141254,47.6521003],[28.4163846,47.6513322],[28.4168464,47.6511921],[28.4214046,47.650422],[28.4228198,47.6499162],[28.4311365,47.6479864],[28.4358972,47.6468882],[28.4391386,47.646111],[28.4393413,47.6459474],[28.439389,47.6458126],[28.4393607,47.6454576],[28.4390499,47.6443517],[28.4386283,47.6437617],[28.4385429,47.6435751],[28.4385456,47.6434025],[28.4391684,47.6416097],[28.439961,47.6407647],[28.4401027,47.6404519],[28.4401556,47.6392715],[28.4401063,47.6384605],[28.4400879,47.6383758],[28.4418323,47.6379467],[28.443171,47.6377557],[28.4461535,47.6380771],[28.4474186,47.6380685],[28.4481142,47.6378195],[28.4484569,47.6375207],[28.4484596,47.6369434],[28.4486079,47.6367784],[28.4489371,47.6361765],[28.4499523,47.6357286],[28.4510488,47.6358045],[28.4510367,47.6360194],[28.4526086,47.6359521],[28.4551194,47.6359564],[28.4561617,47.63595],[28.4587578,47.6358382],[28.4606866,47.6358135],[28.4628932,47.635852],[28.4631077,47.635934],[28.4655836,47.6359763],[28.4689799,47.6359386],[28.474828,47.6358271],[28.4750512,47.636955],[28.4753264,47.6378697],[28.4755504,47.6388487],[28.4757267,47.6404945],[28.4758942,47.6424953],[28.4759188,47.6428434],[28.4781283,47.643226],[28.4792343,47.6436586],[28.4796452,47.6437556],[28.4875635,47.6461092],[28.4875644,47.6460697],[28.4881552,47.6462676],[28.4881553,47.6463887],[28.4889545,47.6466648],[28.4902682,47.6470762],[28.4929678,47.6479502],[28.4950025,47.6485736],[28.4974418,47.6493626],[28.5009469,47.6504732],[28.5037845,47.6513561],[28.5092013,47.653131],[28.5104199,47.65354],[28.5120043,47.6540689],[28.5138116,47.6546522],[28.521061,47.6570638],[28.5202054,47.6586931],[28.5190038,47.661023],[28.5214442,47.6620128],[28.5232605,47.6627934],[28.5242643,47.6631228],[28.5259183,47.6637294],[28.5277208,47.6645571],[28.5314092,47.6659987],[28.5341794,47.6674026],[28.5350059,47.6679093],[28.5350131,47.6679174],[28.5355176,47.6682684],[28.5397789,47.6710584],[28.5415718,47.6722162],[28.5423334,47.6727088],[28.5437752,47.6736409],[28.5437389,47.6736851],[28.5441706,47.6739517],[28.5453883,47.6747324],[28.5492831,47.6771407],[28.5463222,47.6796848],[28.5446414,47.6811312],[28.5445328,47.6810644],[28.5444998,47.6810913],[28.5407908,47.6840463],[28.5393325,47.6853588],[28.5391146,47.685543],[28.5329493,47.6907707],[28.5294337,47.6940472],[28.5293267,47.6938992],[28.5287792,47.6932626],[28.5283195,47.692728],[28.5276262,47.6920977],[28.5264284,47.6912802],[28.5214076,47.6877487],[28.5196261,47.6864943],[28.518256,47.6855295],[28.5182099,47.6854971],[28.5177503,47.6852779],[28.5166967,47.6847811],[28.5151925,47.6840693],[28.514826,47.6839013],[28.5142899,47.6836822],[28.5136778,47.6834036],[28.5128846,47.6828012],[28.5123983,47.6827147],[28.5083092,47.6806136],[28.5077462,47.6804934],[28.5072964,47.6802242],[28.4986508,47.6773662],[28.4976044,47.6784819],[28.4961955,47.6766725],[28.4955099,47.6764376],[28.4950876,47.6759596],[28.4931028,47.674069],[28.4926001,47.6740718],[28.4926892,47.6754706],[28.4882054,47.673922],[28.4875929,47.6753751],[28.4845978,47.6745154],[28.4838283,47.6742702],[28.4799674,47.6764352],[28.4797366,47.6767424],[28.4794988,47.6770018],[28.4783679,47.6780072],[28.4769235,47.6779702],[28.4730037,47.6778865],[28.4711445,47.6778453],[28.4683329,47.6777753],[28.4629139,47.6776147],[28.4603464,47.6775581],[28.4582923,47.6775339],[28.4547406,47.6774845],[28.4519291,47.6774419],[28.4454069,47.6773862],[28.4440434,47.6773677],[28.4422978,47.6773128],[28.4409213,47.6772476],[28.4379971,47.6770834],[28.4351661,47.6768373],[28.4306381,47.6764439],[28.4286037,47.6763348],[28.425184,47.6761938],[28.422628,47.6760833],[28.4199508,47.6759654],[28.4168915,47.6789594],[28.4079005,47.6785599],[28.3996413,47.6780968]]]}},{"type":"Feature","properties":{"entity_id":"osm-r19082854","jurisdiction":"MD","display_name":"Inești","display_type":"independent_village","admin_level":8,"tier":"local","legal_registry":"CUATM","legal_id":"8933","legal_type":"independent_village","parent_catalog_id":"osm-r58993","osm_relation_id":19082854,"legal_identity_status":"reconciled","geometry_source":"OpenStreetMap","geometry_precision":"master_coordinate_fidelity"},"geometry":{"type":"Polygon","coordinates":[[[28.358915,47.557962],[28.3589458,47.5575954],[28.3591874,47.5573277],[28.3598103,47.5567929],[28.3606501,47.5559792],[28.3614699,47.5551751],[28.3618223,47.5547084],[28.3623589,47.5541588],[28.362694,47.5537698],[28.3627751,47.5534471],[28.362583,47.5531603],[28.362255,47.5529086],[28.3621391,47.5528289],[28.3617384,47.5525635],[28.3614446,47.5523689],[28.3609163,47.5520417],[28.3605291,47.5517618],[28.3602874,47.5515489],[28.3601422,47.5513764],[28.3600294,47.5511664],[28.359967,47.5509498],[28.3599409,47.5506948],[28.3599775,47.5504298],[28.3601954,47.5495883],[28.3603117,47.5490003],[28.3604103,47.5486964],[28.3605368,47.5482732],[28.3606595,47.5479618],[28.3612414,47.5466715],[28.3614447,47.5459984],[28.362072,47.5455264],[28.3622576,47.5453801],[28.3623661,47.5451327],[28.3626835,47.5450073],[28.3633026,47.5445628],[28.3644192,47.543683],[28.3670634,47.5415825],[28.3684719,47.5404652],[28.3687062,47.5401202],[28.3694509,47.5395972],[28.3698702,47.5395569],[28.3724802,47.5401473],[28.3771222,47.5330653],[28.3792616,47.5242423],[28.3793781,47.5240423],[28.37983,47.5237401],[28.3798795,47.5233721],[28.3796704,47.5231547],[28.3795724,47.5230522],[28.3790145,47.5228751],[28.3788994,47.5226087],[28.3792142,47.5220625],[28.3798876,47.5213279],[28.3803067,47.5207506],[28.3814972,47.5209446],[28.3815841,47.5209001],[28.3831145,47.5204301],[28.3838076,47.5205504],[28.3842561,47.5193573],[28.3850448,47.517987],[28.3858692,47.5132095],[28.3845232,47.5130619],[28.3830952,47.5121126],[28.3835153,47.5111258],[28.3835443,47.5110808],[28.3840513,47.5112275],[28.3856357,47.5116754],[28.3861611,47.5117993],[28.3867902,47.5117735],[28.3875026,47.511729],[28.3875571,47.5115445],[28.3876739,47.5114753],[28.3876772,47.511297],[28.3877139,47.5112128],[28.3878173,47.5111925],[28.3877691,47.5111068],[28.3877518,47.5110402],[28.387841,47.510797],[28.3879003,47.5105764],[28.3878972,47.5103443],[28.3870746,47.5103179],[28.3860551,47.5102254],[28.3857159,47.5101169],[28.3851253,47.5099125],[28.3841834,47.5097411],[28.3835025,47.5094869],[28.3843641,47.50229],[28.38455,47.5007514],[28.3841266,47.4980778],[28.3836855,47.495713],[28.383229,47.4953098],[28.3831431,47.4950146],[28.3832145,47.4941852],[28.3830282,47.4931164],[28.3829773,47.4920211],[28.3817202,47.4902913],[28.380062,47.486508],[28.3815314,47.4863192],[28.3817573,47.4867883],[28.3823715,47.4870591],[28.383392,47.4870955],[28.3834983,47.4874918],[28.3828846,47.4877607],[28.3837368,47.4899564],[28.387798,47.4894694],[28.3879998,47.4889645],[28.3886231,47.4889695],[28.38714,47.4761253],[28.3999626,47.4757186],[28.4007254,47.4847068],[28.4133277,47.484166],[28.4133671,47.4841985],[28.4135371,47.4843828],[28.4136653,47.4845568],[28.413945,47.4847807],[28.4142424,47.4849652],[28.4142816,47.4849936],[28.4142912,47.4850183],[28.4142855,47.485095],[28.4141257,47.4852484],[28.4139916,47.4853474],[28.4138317,47.4854889],[28.4138103,47.4855186],[28.4138446,47.4855706],[28.4139165,47.4856242],[28.4140145,47.4856833],[28.4141264,47.4857439],[28.4142293,47.4858047],[28.4145832,47.4859909],[28.4147359,47.4860828],[28.4148722,47.4861571],[28.4150154,47.4862298],[28.4151645,47.4862971],[28.4154032,47.4864226],[28.4155054,47.4864573],[28.4163557,47.4869137],[28.4164177,47.4869674],[28.4164635,47.4869948],[28.417126,47.4875087],[28.4178844,47.4881147],[28.4183922,47.4884092],[28.4183504,47.4885156],[28.4182829,47.4885917],[28.4180929,47.4889243],[28.4179447,47.4890608],[28.4178479,47.4891273],[28.4174036,47.4895895],[28.4171557,47.4897341],[28.4166511,47.4899623],[28.4164786,47.4900833],[28.4164642,47.4900989],[28.4163967,47.4903025],[28.4164087,47.4908919],[28.4164499,47.4911803],[28.4165296,47.4913469],[28.4165641,47.4913791],[28.4173629,47.4920024],[28.4176603,47.4921697],[28.4180737,47.4923643],[28.4182223,47.4924857],[28.4182798,47.4925516],[28.4183359,47.4928408],[28.4182176,47.4928495],[28.4176023,47.4931425],[28.4174501,47.493215],[28.4173077,47.4933122],[28.4168627,47.4935305],[28.4165398,47.493689],[28.41646,47.4937281],[28.4161986,47.493854],[28.415662,47.4941124],[28.4151193,47.494402],[28.4147419,47.4946034],[28.4139889,47.4951058],[28.4137264,47.4952809],[28.4135173,47.4953994],[28.4132835,47.4955609],[28.4131576,47.4956727],[28.4130898,47.495733],[28.4130244,47.495791],[28.4128334,47.4960504],[28.4126894,47.4965896],[28.412546,47.4969474],[28.4127511,47.497071],[28.4128629,47.4972992],[28.4129034,47.497391],[28.4129798,47.4975014],[28.4130653,47.4976053],[28.4131416,47.4976723],[28.4133327,47.4978244],[28.4140311,47.4985388],[28.4141734,47.4987169],[28.4143359,47.4988863],[28.414823,47.4995389],[28.4149058,47.4996286],[28.4150275,47.499706],[28.4153267,47.4998444],[28.4154171,47.4998961],[28.4155176,47.4999631],[28.4156092,47.5000437],[28.4158377,47.500256],[28.415926,47.5003236],[28.4161397,47.5004707],[28.4162616,47.5005453],[28.4163686,47.5006208],[28.4167139,47.5008851],[28.4171712,47.5012109],[28.4173907,47.5013919],[28.4176923,47.5016195],[28.4179434,47.5018409],[28.4181937,47.5019637],[28.4187555,47.5024011],[28.4192024,47.5028013],[28.4192615,47.5028627],[28.4193372,47.5029301],[28.4194075,47.502985],[28.419544,47.5031058],[28.4197812,47.5032942],[28.4198753,47.5033604],[28.4199974,47.5034253],[28.4206859,47.5038696],[28.4211658,47.5040952],[28.4214612,47.5042387],[28.4218537,47.5043519],[28.4229222,47.5048347],[28.4229764,47.5048539],[28.424103,47.505318],[28.424597,47.5056261],[28.425732,47.5061073],[28.4260239,47.5063175],[28.4262644,47.506501],[28.4264673,47.5066369],[28.4266064,47.5068081],[28.4275466,47.5080042],[28.428683,47.5090588],[28.4289632,47.5096486],[28.4290537,47.5105632],[28.4289079,47.510594],[28.4286298,47.5106525],[28.4281058,47.5109948],[28.427732,47.511446],[28.427257,47.5117849],[28.426684,47.5121197],[28.4261654,47.5123885],[28.4252322,47.5126419],[28.4256023,47.5131704],[28.4261714,47.5132539],[28.4267028,47.5131889],[28.4270369,47.5127314],[28.427099,47.5126891],[28.4273102,47.5125452],[28.4276178,47.5124744],[28.4281262,47.5123575],[28.428483,47.5124233],[28.4285537,47.5124363],[28.4287877,47.5126097],[28.4293321,47.5128022],[28.43021,47.5131181],[28.4306022,47.5131206],[28.4308778,47.512858],[28.4309688,47.5123998],[28.4309915,47.5122749],[28.4310376,47.5120714],[28.431222,47.5118513],[28.4313592,47.5116954],[28.4315014,47.511534],[28.431905,47.5110831],[28.4320982,47.5108561],[28.4322099,47.5107294],[28.4323785,47.5106783],[28.432644,47.5105979],[28.4341045,47.5105509],[28.4351497,47.510774],[28.4353553,47.5112029],[28.4356151,47.5124508],[28.4359355,47.5128316],[28.4364112,47.513143],[28.436768,47.5143656],[28.4371832,47.5143612],[28.4368624,47.5134402],[28.4366716,47.5129257],[28.4366237,47.5125911],[28.4365664,47.5121915],[28.4365653,47.5118408],[28.4365789,47.5104877],[28.4364906,47.510271],[28.4378714,47.5099248],[28.438653,47.5097139],[28.4391603,47.509554],[28.439215,47.5095298],[28.4395923,47.5094201],[28.4404767,47.5092019],[28.4405267,47.5091858],[28.4412909,47.5089727],[28.4417418,47.5088078],[28.4417926,47.508783],[28.4418948,47.5087446],[28.4431453,47.5102172],[28.4439948,47.5110787],[28.4442193,47.5115166],[28.4442531,47.5122896],[28.4434602,47.5124854],[28.4445154,47.5130978],[28.44456,47.5158873],[28.4444169,47.5164766],[28.4445057,47.5184077],[28.4448867,47.5225891],[28.4411106,47.5225942],[28.4369158,47.5226681],[28.4309672,47.5227582],[28.4308977,47.5302369],[28.4308128,47.5314216],[28.4307745,47.5350331],[28.4303922,47.5359157],[28.4292447,47.5380271],[28.4274173,47.5414682],[28.4264544,47.5434413],[28.4202591,47.5434013],[28.4144723,47.5433286],[28.4125369,47.5432052],[28.4095082,47.550015],[28.4026291,47.5505986],[28.4007318,47.5507585],[28.3867524,47.5525919],[28.3829181,47.5535471],[28.3788487,47.5545224],[28.3755692,47.555286],[28.3723836,47.5558276],[28.3694433,47.5562293],[28.3689449,47.5564233],[28.3677325,47.5565056],[28.3665231,47.5567077],[28.3632837,47.5571811],[28.3593286,47.5578765],[28.358915,47.557962]]]}},{"type":"Feature","properties":{"entity_id":"osm-r19082855","jurisdiction":"MD","display_name":"Hirișeni","display_type":"independent_village","admin_level":8,"tier":"local","legal_registry":"CUATM","legal_id":"8932","legal_type":"independent_village","parent_catalog_id":"osm-r58993","osm_relation_id":19082855,"legal_identity_status":"reconciled","geometry_source":"OpenStreetMap","geometry_precision":"master_coordinate_fidelity"},"geometry":{"type":"Polygon","coordinates":[[[28.3283129,47.4135659],[28.328397,47.4135243],[28.3287755,47.413278],[28.3290877,47.4130796],[28.3293786,47.4128678],[28.3295667,47.41275],[28.3302868,47.4122026],[28.33065,47.4119559],[28.331278,47.4114814],[28.3313273,47.4115115],[28.3313699,47.4116026],[28.3314308,47.4116786],[28.3315764,47.4118827],[28.3317699,47.4121032],[28.3319945,47.4123879],[28.3324421,47.4128857],[28.3325782,47.4130832],[28.3327497,47.4132693],[28.332898,47.413476],[28.3330164,47.4136327],[28.3333325,47.4139977],[28.3335648,47.41426],[28.3337168,47.414444],[28.3338764,47.414678],[28.3339737,47.4148542],[28.3345952,47.4156187],[28.3347895,47.4158692],[28.3353268,47.4165399],[28.336083,47.417388],[28.3370712,47.4185851],[28.3372807,47.4188552],[28.3376724,47.4193187],[28.3388621,47.4205194],[28.3389618,47.4205114],[28.3392404,47.4208468],[28.3401346,47.4218256],[28.3399758,47.4218797],[28.3398895,47.4219375],[28.3397523,47.4220293],[28.3395984,47.4221324],[28.3394192,47.4222523],[28.3391627,47.4224239],[28.3389489,47.4226214],[28.3384691,47.4229548],[28.3381015,47.4231095],[28.3353264,47.4248977],[28.3351601,47.4250379],[28.3349706,47.4251814],[28.3347012,47.4253639],[28.3343542,47.4255864],[28.3342248,47.4256487],[28.3339651,47.4257653],[28.3337451,47.4258482],[28.333474,47.4259822],[28.3331452,47.4261772],[28.3328109,47.4264043],[28.3322034,47.4268629],[28.3319894,47.4270393],[28.3318059,47.4271702],[28.3316428,47.4272932],[28.3315836,47.4273819],[28.3313652,47.427534],[28.3309222,47.4277605],[28.3303625,47.4280181],[28.3300057,47.4281057],[28.3295312,47.4281002],[28.3290335,47.4281099],[28.3287613,47.42817],[28.3283727,47.4282869],[28.3280569,47.4283981],[28.3276121,47.4285777],[28.3272432,47.4287123],[28.3261019,47.4291085],[28.325294,47.4294528],[28.3249805,47.4295958],[28.3245955,47.4297828],[28.3242798,47.4299535],[28.3240193,47.4301171],[28.3235562,47.4305701],[28.3233232,47.4308181],[28.3231006,47.4310126],[28.3228554,47.4312152],[28.3226046,47.4314406],[28.3221849,47.4319468],[28.321933,47.4322029],[28.3218144,47.4323501],[28.3217562,47.4323285],[28.3216886,47.4324509],[28.3216231,47.4325374],[28.3212802,47.4329244],[28.3209158,47.4333951],[28.3205795,47.4337801],[28.3202205,47.4341967],[28.3200489,47.434457],[28.3196914,47.4351589],[28.3195435,47.435493],[28.3194683,47.4357493],[28.3194321,47.4359658],[28.3193805,47.4364561],[28.3193538,47.4365717],[28.3192942,47.4368303],[28.3192226,47.4370638],[28.3190428,47.437529],[28.3189424,47.4378447],[28.3188697,47.438201],[28.3188882,47.4386345],[28.3188788,47.4390458],[28.3188998,47.4392903],[28.3188174,47.4398364],[28.3186836,47.4405832],[28.3186165,47.440824],[28.318552,47.4410939],[28.318434,47.4414493],[28.3180189,47.4427018],[28.3178492,47.4430368],[28.3176569,47.443528],[28.3174199,47.4440669],[28.3172075,47.4445556],[28.3171597,47.4447623],[28.3170806,47.4449593],[28.3169268,47.4452028],[28.3161841,47.4462033],[28.3159262,47.4465754],[28.3159092,47.4466984],[28.3163321,47.4474463],[28.3163793,47.4475153],[28.3173274,47.4489036],[28.3173582,47.4489513],[28.3172598,47.4490778],[28.3183141,47.4511271],[28.3192361,47.4528597],[28.3200072,47.4541435],[28.3203707,47.454423],[28.3204726,47.4546442],[28.320544,47.4547993],[28.3219323,47.4578126],[28.3220945,47.4581646],[28.3223274,47.4592339],[28.322367,47.4594159],[28.32297,47.4630054],[28.3215171,47.4635187],[28.3202816,47.4639551],[28.3198294,47.4641305],[28.3176499,47.4648148],[28.3175715,47.4651356],[28.3175811,47.466164],[28.3176172,47.4665502],[28.3177015,47.4667977],[28.3178564,47.4670116],[28.3176528,47.4672556],[28.3181313,47.4712045],[28.3181466,47.4714095],[28.3182108,47.4717367],[28.3185207,47.4730179],[28.318646,47.4735682],[28.3186524,47.4736051],[28.3189975,47.4756498],[28.3187266,47.4758434],[28.3176856,47.4761934],[28.316711,47.4766669],[28.3157035,47.477206],[28.3148066,47.4776767],[28.312537,47.4786984],[28.3114987,47.4789527],[28.3109398,47.4791055],[28.3103417,47.4792579],[28.3093372,47.479501],[28.3077329,47.4798952],[28.3060712,47.4802943],[28.3046083,47.4806425],[28.3031172,47.4810025],[28.3023544,47.4812336],[28.3019619,47.4813305],[28.30105,47.4815873],[28.3009417,47.4816375],[28.3006684,47.4816986],[28.3004445,47.4817486],[28.3001338,47.481796],[28.3001321,47.481751],[28.3000273,47.4789815],[28.2999924,47.4784532],[28.3000212,47.4768207],[28.2999599,47.4753897],[28.2999541,47.4743797],[28.2999535,47.4742765],[28.3000488,47.4742099],[28.2999744,47.4732298],[28.2999393,47.4717999],[28.2998539,47.4701112],[28.2998361,47.4678106],[28.2997178,47.4655866],[28.2995971,47.4651189],[28.2995902,47.4649835],[28.2995769,47.4647286],[28.2995748,47.4646878],[28.2994948,47.4631526],[28.2991177,47.4629923],[28.2983257,47.4627916],[28.2963827,47.46242],[28.2956859,47.4622868],[28.2949379,47.4619721],[28.293473,47.4616643],[28.2926938,47.4614643],[28.2925605,47.4614658],[28.2924176,47.4614993],[28.2921543,47.4615255],[28.2918978,47.4615394],[28.2917144,47.4615384],[28.2915608,47.4615302],[28.2913653,47.4614904],[28.2906889,47.4614053],[28.2905408,47.4614137],[28.2898274,47.4614534],[28.2890879,47.4614378],[28.2890034,47.4614089],[28.2887172,47.4613112],[28.2886249,47.4612553],[28.2880302,47.4610126],[28.2884193,47.4606472],[28.2886046,47.4604261],[28.2886734,47.4603263],[28.2887506,47.4601917],[28.2889672,47.4598603],[28.2891257,47.4596416],[28.2892907,47.459431],[28.2895365,47.459117],[28.2897165,47.4588927],[28.2898942,47.4586106],[28.2899552,47.4585281],[28.2900765,47.4584],[28.2901883,47.458295],[28.2905669,47.4580478],[28.2907873,47.4578713],[28.2908265,47.4578346],[28.2870315,47.4556804],[28.2838622,47.4537722],[28.2832193,47.4534566],[28.2829909,47.4532901],[28.282886,47.4532137],[28.282505,47.4530324],[28.2821376,47.4528536],[28.2805122,47.4521516],[28.2793443,47.4516413],[28.2786567,47.4513384],[28.2719175,47.448443],[28.2716539,47.4483297],[28.2707194,47.4479531],[28.270602,47.4479259],[28.2697347,47.4473827],[28.2695435,47.4472629],[28.2684567,47.4477709],[28.2673311,47.4482667],[28.2661711,47.4487672],[28.2649409,47.4493367],[28.2639937,47.4497477],[28.2637032,47.4498838],[28.2622994,47.4505054],[28.2622195,47.4505468],[28.2621025,47.4506079],[28.2608486,47.4511993],[28.2565867,47.4531091],[28.2531805,47.4545311],[28.2527457,47.4547036],[28.2515085,47.45524],[28.2514939,47.455354],[28.2514564,47.4554571],[28.251311,47.4556146],[28.2512032,47.4557797],[28.2511372,47.4560185],[28.250803,47.4562979],[28.250497,47.4564346],[28.2478643,47.4568581],[28.2467668,47.4566797],[28.243744,47.4566206],[28.2422838,47.4565172],[28.241468,47.4565013],[28.2407083,47.4564644],[28.237966,47.4562519],[28.2368656,47.4561039],[28.2359988,47.4558592],[28.236244,47.4538781],[28.2363263,47.4533304],[28.2365155,47.4524353],[28.2366432,47.4515205],[28.2367088,47.4512333],[28.2365687,47.4508429],[28.2369555,47.4490178],[28.2373807,47.4477681],[28.2418799,47.4397155],[28.2427114,47.4396665],[28.2429149,47.4395868],[28.2435563,47.4392907],[28.2437381,47.4391947],[28.2438891,47.4391013],[28.2445163,47.4386101],[28.2448976,47.4384112],[28.2456727,47.4379033],[28.2462447,47.4374496],[28.2463336,47.4373725],[28.2464708,47.4372502],[28.2465872,47.4371608],[28.2469778,47.4369214],[28.2474187,47.4365103],[28.2475024,47.4364737],[28.2476034,47.4364063],[28.2478238,47.4362696],[28.2479403,47.4361645],[28.2480535,47.4360821],[28.2482743,47.4359101],[28.2483786,47.4358224],[28.2484848,47.4357405],[28.2486185,47.4356631],[28.2486824,47.4356285],[28.2492585,47.4352086],[28.2498602,47.4350143],[28.2509701,47.4346056],[28.2520182,47.4342478],[28.253143,47.4339161],[28.2532637,47.4338854],[28.2534394,47.433841],[28.2537928,47.4337521],[28.2551416,47.4334574],[28.2584146,47.4327245],[28.2587624,47.4326449],[28.2592622,47.4325484],[28.2596825,47.4324504],[28.2609094,47.4322305],[28.2615253,47.4321374],[28.2621392,47.4320991],[28.2628017,47.4319705],[28.2642999,47.4317509],[28.2653644,47.4316306],[28.2656335,47.4315862],[28.2671094,47.4313934],[28.2689045,47.4311852],[28.2701761,47.4310129],[28.2702933,47.430997],[28.2718054,47.4307993],[28.2720844,47.4306542],[28.2723506,47.4304881],[28.2728154,47.430217],[28.2733968,47.429891],[28.2737827,47.4296888],[28.2744177,47.4293612],[28.2750412,47.4290298],[28.2756156,47.4287263],[28.2765098,47.4282435],[28.2769175,47.4280272],[28.2777587,47.4275515],[28.2780261,47.4274003],[28.2782298,47.4272477],[28.2784724,47.4268873],[28.2785984,47.4266429],[28.2788821,47.4262902],[28.2791592,47.4258739],[28.2791847,47.4258334],[28.2794194,47.4255551],[28.2796914,47.4252883],[28.2804509,47.4247455],[28.2810758,47.424436],[28.2815704,47.4242697],[28.283432,47.424278],[28.2847172,47.4243075],[28.2851202,47.4243079],[28.2851876,47.4243074],[28.2857805,47.4243028],[28.2859976,47.4243076],[28.2863275,47.4243006],[28.2866477,47.424306],[28.2870327,47.4243317],[28.2872318,47.4243516],[28.2875444,47.4243911],[28.2879403,47.4244347],[28.2880707,47.4244376],[28.2881992,47.4244351],[28.2883606,47.4244177],[28.2885304,47.4243792],[28.2886095,47.4243648],[28.2886975,47.4243623],[28.2891371,47.4244037],[28.2893269,47.4244301],[28.2896536,47.4245016],[28.2898256,47.4245245],[28.2899983,47.4245304],[28.2903446,47.424561],[28.2913695,47.4246205],[28.2916357,47.4246208],[28.2920728,47.4246191],[28.2922983,47.4246132],[28.2924601,47.4246043],[28.2929102,47.4246211],[28.2933486,47.4246147],[28.294008,47.4246187],[28.2942667,47.4246141],[28.2956693,47.4245811],[28.2961545,47.4245627],[28.2964006,47.4245463],[28.2966104,47.424539],[28.2967948,47.4245263],[28.2982533,47.4243982],[28.2988862,47.4243399],[28.2991013,47.4243086],[28.2996379,47.424267],[28.299979,47.4242697],[28.3003313,47.4242602],[28.3006788,47.4242754],[28.3007517,47.4242787],[28.3010487,47.4242249],[28.3012969,47.4241445],[28.3020684,47.4238729],[28.3025244,47.4237043],[28.3025579,47.4236752],[28.3026364,47.4236073],[28.3028363,47.4234344],[28.3032978,47.4231358],[28.3039976,47.422754],[28.3040389,47.4227314],[28.3050516,47.4221788],[28.305433,47.42199],[28.3057733,47.4218172],[28.3059386,47.4217081],[28.3060506,47.4216275],[28.3062101,47.4215],[28.3063155,47.4214565],[28.3065288,47.4214162],[28.3067764,47.4213799],[28.3071486,47.4212913],[28.3075769,47.4211798],[28.3078781,47.4210693],[28.3082268,47.420978],[28.3084148,47.4209291],[28.3084939,47.4209084],[28.309187,47.4205541],[28.3101572,47.4197723],[28.3108009,47.4191761],[28.3115519,47.4188137],[28.3123281,47.4186325],[28.3125848,47.4185974],[28.3133645,47.4184847],[28.3136568,47.4184938],[28.3146247,47.418681],[28.3147911,47.4187054],[28.3168589,47.4189934],[28.3173832,47.4190524],[28.3178,47.4190991],[28.3179945,47.4190861],[28.3180513,47.4190768],[28.3183503,47.4190171],[28.3190503,47.4188845],[28.3219576,47.4183852],[28.3223043,47.418312],[28.3224385,47.4182837],[28.3224933,47.4182472],[28.3226384,47.4181564],[28.3227891,47.4180803],[28.322972,47.4180113],[28.3231038,47.4179927],[28.3233962,47.4179728],[28.3235366,47.4179456],[28.3236889,47.4178749],[28.3241424,47.4176409],[28.3243168,47.417526],[28.3245151,47.4173762],[28.3246129,47.4172859],[28.3246903,47.4171702],[28.3247821,47.4170892],[28.3248991,47.4170089],[28.3250068,47.4169067],[28.3249378,47.4168943],[28.3250187,47.4167777],[28.3252372,47.4166078],[28.3253791,47.4165254],[28.3254976,47.4164314],[28.3257855,47.4161772],[28.3259286,47.4160317],[28.3260452,47.4158931],[28.326461,47.4153543],[28.3265359,47.4152279],[28.3266321,47.4150928],[28.3269426,47.4147032],[28.3269997,47.4146371],[28.3270747,47.4146061],[28.3271337,47.4146013],[28.3272473,47.4144796],[28.3274463,47.4143167],[28.3276446,47.4141854],[28.3277636,47.414071],[28.3278563,47.4139433],[28.3279548,47.4138291],[28.3280949,47.4137268],[28.3282672,47.4135885],[28.3283129,47.4135659]]]}},{"type":"Feature","properties":{"entity_id":"osm-r19082856","jurisdiction":"MD","display_name":"Scorțeni","display_type":"independent_village","admin_level":8,"tier":"local","legal_registry":"CUATM","legal_id":"8952","legal_type":"independent_village","parent_catalog_id":"osm-r58993","osm_relation_id":19082856,"legal_identity_status":"reconciled","geometry_source":"OpenStreetMap","geometry_precision":"master_coordinate_fidelity"},"geometry":{"type":"Polygon","coordinates":[[[28.7039814,47.6512954],[28.698656,47.6518467],[28.6985332,47.6518991],[28.6934151,47.6523452],[28.6922418,47.6524139],[28.6904227,47.6525994],[28.6870537,47.6529912],[28.6857222,47.6531775],[28.6685789,47.6548317],[28.6642272,47.654407],[28.6645737,47.6537202],[28.6648838,47.6531147],[28.6650906,47.6524679],[28.6650943,47.6520299],[28.6650234,47.6516416],[28.6650452,47.6511328],[28.6652795,47.6505256],[28.6658292,47.6495453],[28.665841,47.6492448],[28.6658042,47.648692],[28.6658632,47.6484503],[28.6656391,47.648467],[28.6617879,47.6499368],[28.6614846,47.6499378],[28.6612364,47.650003],[28.6607707,47.6503686],[28.65854,47.6519709],[28.6569527,47.6528102],[28.6556343,47.6536725],[28.6532962,47.6551158],[28.6521746,47.6557832],[28.6511253,47.6548089],[28.6494755,47.6533639],[28.646794,47.6512838],[28.6446846,47.6519207],[28.6403624,47.6531691],[28.6343798,47.6550358],[28.6308198,47.6560391],[28.6305414,47.656179],[28.6273901,47.657268],[28.6235337,47.6585756],[28.6222765,47.6588992],[28.6201384,47.6593639],[28.6191328,47.6595439],[28.6156138,47.660275],[28.6095837,47.6613488],[28.6079358,47.6617589],[28.6055806,47.6625295],[28.604087,47.663114],[28.6037677,47.6632496],[28.6026671,47.663488],[28.6016065,47.6637947],[28.5998032,47.6641875],[28.5984942,47.6644849],[28.5972867,47.6648258],[28.5956999,47.6652932],[28.5952522,47.665445],[28.5951444,47.665478],[28.5948991,47.6647858],[28.594379,47.6637476],[28.5936754,47.662491],[28.5933111,47.6619157],[28.5927531,47.6606708],[28.5916823,47.6583433],[28.5915758,47.6577303],[28.5913124,47.6557222],[28.5910891,47.6553835],[28.591189,47.6543543],[28.5916114,47.6528359],[28.5919464,47.6515518],[28.592237,47.6504757],[28.5927012,47.6494447],[28.5929257,47.6486698],[28.5937335,47.6457292],[28.5937244,47.6454366],[28.5934485,47.6445411],[28.5934394,47.6442485],[28.5938196,47.6425076],[28.5950455,47.6400442],[28.596411,47.6381328],[28.5966578,47.6381709],[28.5973138,47.6368364],[28.5976301,47.6363351],[28.5982949,47.6349167],[28.6000673,47.6298673],[28.6004963,47.6291832],[28.6012222,47.6287133],[28.603661,47.6275255],[28.6097986,47.6248111],[28.6128449,47.6235001],[28.6178486,47.6212102],[28.6232572,47.6186175],[28.6250878,47.6177929],[28.6280414,47.6161148],[28.6315436,47.6142744],[28.6407456,47.6094841],[28.6464223,47.6074393],[28.6484786,47.6128397],[28.6495551,47.615879],[28.6508891,47.6199277],[28.6516443,47.6227861],[28.6520706,47.6225795],[28.6581872,47.6210187],[28.6593718,47.6210976],[28.6600476,47.6213313],[28.6607599,47.6213404],[28.6615048,47.6212217],[28.6678708,47.6205546],[28.6724872,47.6200663],[28.6830751,47.6188484],[28.6842869,47.6212648],[28.6850144,47.6228944],[28.6856621,47.6247952],[28.6876108,47.6302575],[28.68852,47.6320912],[28.6909147,47.6348999],[28.6920463,47.6363902],[28.6933533,47.6381136],[28.694182,47.6390559],[28.6958084,47.640934],[28.6967537,47.6424308],[28.6973644,47.6433768],[28.69776,47.6438752],[28.6999078,47.6464034],[28.7022984,47.6492477],[28.7038298,47.651058],[28.7039814,47.6512954]]]}},{"type":"Feature","properties":{"entity_id":"osm-r19082857","jurisdiction":"MD","display_name":"Verejeni","display_type":"independent_village","admin_level":8,"tier":"local","legal_registry":"CUATM","legal_id":"8959","legal_type":"independent_village","parent_catalog_id":"osm-r58993","osm_relation_id":19082857,"legal_identity_status":"reconciled","geometry_source":"OpenStreetMap","geometry_precision":"master_coordinate_fidelity"},"geometry":{"type":"Polygon","coordinates":[[[28.4418948,47.5087446],[28.4430175,47.5083225],[28.4444003,47.5077514],[28.4444799,47.5076989],[28.4457878,47.5072028],[28.4466636,47.5069865],[28.448202,47.506687],[28.4495589,47.5064083],[28.4524938,47.5058174],[28.4536995,47.5055784],[28.4540878,47.5054938],[28.4560312,47.5050702],[28.4577259,47.5046595],[28.4598616,47.5042309],[28.4619543,47.5039462],[28.4621035,47.5038086],[28.4626994,47.5038034],[28.462789,47.5037995],[28.4638141,47.5037529],[28.4654645,47.5035997],[28.4659843,47.5035827],[28.4665778,47.5035824],[28.4672592,47.5036463],[28.4679828,47.5037839],[28.4697854,47.5042204],[28.4707905,47.5044904],[28.4714946,47.5046526],[28.4721564,47.5047796],[28.4727114,47.5048816],[28.4731733,47.5049408],[28.4739267,47.5049962],[28.4745116,47.5050375],[28.4741782,47.5063041],[28.4743966,47.5073008],[28.4749161,47.5087873],[28.4746466,47.5095913],[28.4750355,47.5105695],[28.4759511,47.5157723],[28.476032,47.5160259],[28.4763085,47.5161694],[28.4760365,47.516731],[28.4758103,47.51745],[28.4759036,47.5183843],[28.4757566,47.5184065],[28.4753025,47.5184789],[28.474872,47.5185289],[28.4748812,47.5185673],[28.4739594,47.5187116],[28.4742099,47.5208283],[28.4742734,47.521388],[28.4781056,47.5215982],[28.4784116,47.5216157],[28.4824235,47.5247221],[28.4889604,47.5298386],[28.4892775,47.5298626],[28.4903542,47.5295972],[28.4950496,47.5285142],[28.4995977,47.5274062],[28.4946218,47.5342207],[28.498216,47.5377717],[28.4978326,47.5384152],[28.4984292,47.5390954],[28.4990038,47.5393174],[28.5001066,47.5399143],[28.5002205,47.5401965],[28.4998111,47.5406383],[28.4973045,47.5421459],[28.4905138,47.5457962],[28.4858038,47.5480319],[28.4837904,47.5490405],[28.4798207,47.5514933],[28.4763973,47.5533645],[28.4708499,47.5567137],[28.4672581,47.5593181],[28.4654902,47.5607259],[28.4630888,47.5627713],[28.4612058,47.5645675],[28.4598633,47.5657716],[28.456803,47.568188],[28.4555882,47.570864],[28.4550422,47.5721829],[28.4498832,47.5830824],[28.4482574,47.586831],[28.4462087,47.5899474],[28.4425906,47.5947588],[28.4402267,47.5980173],[28.4397912,47.5984457],[28.4374724,47.6017737],[28.4372698,47.6020075],[28.4368791,47.6018984],[28.4359428,47.6009724],[28.4344692,47.5997907],[28.4317611,47.5980723],[28.4293173,47.5965792],[28.4255496,47.5938616],[28.4282102,47.5900818],[28.4182418,47.5867899],[28.4210423,47.5801267],[28.4215909,47.5793739],[28.4218953,47.578865],[28.4219615,47.5781217],[28.4218801,47.5779894],[28.4229093,47.5766026],[28.4235714,47.5758928],[28.4240221,47.5749476],[28.424983,47.5689335],[28.4252653,47.5661584],[28.425471,47.564351],[28.4258509,47.5615861],[28.4256117,47.5560771],[28.4259049,47.5519978],[28.4251897,47.5520098],[28.4245663,47.5517374],[28.4242328,47.551609],[28.4230845,47.5513979],[28.4230253,47.5511209],[28.4232736,47.5508341],[28.423548,47.5504752],[28.4237754,47.5500753],[28.4237156,47.5496638],[28.4228045,47.5492176],[28.4223438,47.5492918],[28.4218206,47.5496893],[28.4213856,47.5497429],[28.4197348,47.5497513],[28.4187733,47.549855],[28.417819,47.5497299],[28.417395,47.5496785],[28.416086,47.5496938],[28.4153615,47.5492488],[28.4147695,47.5492307],[28.4135684,47.5495641],[28.4131219,47.5495535],[28.4127852,47.5493016],[28.4125725,47.5492521],[28.4121839,47.5493241],[28.4119027,47.5495719],[28.4116486,47.5497938],[28.4108328,47.5499431],[28.4095082,47.550015],[28.4125369,47.5432052],[28.4144723,47.5433286],[28.4202591,47.5434013],[28.4264544,47.5434413],[28.4274173,47.5414682],[28.4292447,47.5380271],[28.4303922,47.5359157],[28.4307745,47.5350331],[28.4308128,47.5314216],[28.4308977,47.5302369],[28.4309672,47.5227582],[28.4369158,47.5226681],[28.4411106,47.5225942],[28.4448867,47.5225891],[28.4445057,47.5184077],[28.4444169,47.5164766],[28.44456,47.5158873],[28.4445154,47.5130978],[28.4434602,47.5124854],[28.4442531,47.5122896],[28.4442193,47.5115166],[28.4439948,47.5110787],[28.4431453,47.5102172],[28.4418948,47.5087446]]]}},{"type":"Feature","properties":{"entity_id":"osm-r19082858","jurisdiction":"MD","display_name":"Codrul Nou","display_type":"independent_village","admin_level":8,"tier":"local","legal_registry":"CUATM","legal_id":"8926","legal_type":"independent_village","parent_catalog_id":"osm-r58993","osm_relation_id":19082858,"legal_identity_status":"reconciled","geometry_source":"OpenStreetMap","geometry_precision":"master_coordinate_fidelity"},"geometry":{"type":"MultiPolygon","coordinates":[[[[28.5930864,47.5628105],[28.5900912,47.5620992],[28.5839594,47.560648],[28.575503,47.558903],[28.5714478,47.5581366],[28.5723388,47.5565316],[28.5724915,47.5564199],[28.5725918,47.5563003],[28.5727467,47.555787],[28.5727585,47.5552181],[28.5726688,47.5545284],[28.5724711,47.5544264],[28.5719175,47.5543763],[28.5697197,47.553446],[28.5689334,47.5531204],[28.5682706,47.5527926],[28.5677011,47.5523561],[28.5672986,47.5518187],[28.5667597,47.5503302],[28.5665801,47.5499641],[28.5661396,47.5491275],[28.5657913,47.5486689],[28.5650459,47.5479567],[28.5640924,47.5467138],[28.5635244,47.5461623],[28.5628934,47.5455573],[28.562312,47.5450314],[28.5617295,47.5446055],[28.5607956,47.5438076],[28.5609954,47.5436919],[28.5636464,47.5415859],[28.5649554,47.5405762],[28.5650075,47.5403935],[28.5667759,47.5392356],[28.5669965,47.5394364],[28.5726154,47.538723],[28.5788265,47.5379297],[28.5780548,47.5399119],[28.5786084,47.539908],[28.5832995,47.5408821],[28.5861485,47.5415176],[28.5921233,47.5427863],[28.5977927,47.543927],[28.6007065,47.5445475],[28.6012023,47.5448303],[28.6064468,47.5458424],[28.6103985,47.5467258],[28.6187311,47.54858],[28.6143316,47.5579172],[28.6101464,47.5570214],[28.6092433,47.5571681],[28.6094456,47.5567153],[28.6064655,47.5560726],[28.6000747,47.5548104],[28.5972052,47.5542289],[28.5930864,47.5628105]]],[[[28.5394273,47.5856165],[28.5423192,47.5831053],[28.547368,47.5789422],[28.5492476,47.5801462],[28.5477674,47.5831498],[28.5476655,47.58342],[28.5481643,47.5831352],[28.548754,47.5828241],[28.548888,47.5831637],[28.5490121,47.5836627],[28.5565001,47.5876416],[28.5540973,47.5898348],[28.5516486,47.5919208],[28.5492143,47.5906046],[28.5470198,47.5894289],[28.5426136,47.587066],[28.5422521,47.5868873],[28.5421039,47.5869703],[28.5411795,47.5865165],[28.5394273,47.5856165]]]]}},{"type":"Feature","properties":{"entity_id":"osm-r19082859","jurisdiction":"MD","display_name":"Crăsnășeni","display_type":"independent_village","admin_level":8,"tier":"local","legal_registry":"CUATM","legal_id":"8928","legal_type":"independent_village","parent_catalog_id":"osm-r58993","osm_relation_id":19082859,"legal_identity_status":"reconciled","geometry_source":"OpenStreetMap","geometry_precision":"master_coordinate_fidelity"},"geometry":{"type":"Polygon","coordinates":[[[28.4122338,47.4695074],[28.3992354,47.4680659],[28.3732113,47.4668761],[28.3718051,47.4581428],[28.3777913,47.4577713],[28.3772747,47.4569323],[28.376768,47.4560997],[28.3750769,47.4522801],[28.377741,47.4512377],[28.3816495,47.4500157],[28.3824913,47.4496317],[28.3820951,47.4490319],[28.3811999,47.4487892],[28.3806611,47.4481995],[28.373471,47.4483808],[28.3723919,47.448417],[28.3712434,47.4329689],[28.3708323,47.4331654],[28.370206,47.4333729],[28.3692984,47.4335407],[28.3683853,47.4336427],[28.3668746,47.4340626],[28.3662957,47.4342121],[28.3643324,47.4356207],[28.3638354,47.4363485],[28.3635939,47.4365514],[28.3629249,47.4369874],[28.3626496,47.4373275],[28.3620873,47.4379475],[28.3617679,47.4384048],[28.3616325,47.4389426],[28.3610244,47.4400081],[28.3605924,47.4402696],[28.3602403,47.4404843],[28.3593225,47.4415716],[28.3573239,47.4397928],[28.3543654,47.4369259],[28.3531552,47.4359091],[28.3525562,47.4353496],[28.3510704,47.4337368],[28.3505005,47.432973],[28.3503518,47.4318128],[28.3501546,47.4300312],[28.3495646,47.4263056],[28.3567702,47.4261604],[28.3566402,47.4257834],[28.3562348,47.4256266],[28.356133,47.4250123],[28.355822,47.4249598],[28.3561266,47.4225177],[28.363315,47.4207893],[28.3637316,47.4220159],[28.3622334,47.4224001],[28.3622333,47.4228927],[28.3623721,47.4234247],[28.3627518,47.4244132],[28.3630172,47.42472],[28.3645126,47.4242868],[28.3646633,47.4247582],[28.3648994,47.4257583],[28.3651606,47.4261194],[28.3654076,47.4273579],[28.3734638,47.4262464],[28.3781798,47.4254386],[28.3778776,47.4237216],[28.3823861,47.4231118],[28.3821619,47.4221574],[28.381821,47.421473],[28.3871486,47.4203819],[28.3878114,47.4223565],[28.388508,47.4217584],[28.3890338,47.4213071],[28.38979,47.4209923],[28.391144,47.4205711],[28.3936072,47.4200015],[28.3956598,47.4199406],[28.3976732,47.4198201],[28.4007797,47.4195655],[28.4030056,47.4193382],[28.4031081,47.4176243],[28.4036313,47.4159312],[28.4044887,47.4141157],[28.4095058,47.41441],[28.4121819,47.4147902],[28.4123996,47.4144497],[28.4128095,47.4118779],[28.4158656,47.4121025],[28.4152961,47.414328],[28.4149762,47.4147657],[28.4137083,47.41542],[28.4137817,47.4156889],[28.4144388,47.4159776],[28.4144842,47.4164591],[28.414542,47.4174543],[28.4152543,47.4180796],[28.419345,47.4210218],[28.4143084,47.422853],[28.4155114,47.4240996],[28.4163813,47.4247775],[28.4186569,47.4267265],[28.419825,47.4277961],[28.4202268,47.4288414],[28.4222336,47.4303573],[28.4231741,47.4308431],[28.4236307,47.4305985],[28.4241621,47.430503],[28.4246788,47.4306055],[28.4248614,47.4306509],[28.4259756,47.4323078],[28.4260596,47.4324295],[28.42559,47.432572],[28.4276429,47.4328878],[28.4280771,47.4336867],[28.4287565,47.4335435],[28.428973,47.4333907],[28.429166,47.4330514],[28.4295466,47.4328985],[28.4303725,47.4328861],[28.4304074,47.4329737],[28.432178,47.4328757],[28.4334939,47.4327291],[28.4356439,47.4321487],[28.4359304,47.4323019],[28.4361461,47.4328609],[28.436666,47.4340973],[28.4374178,47.436283],[28.4374837,47.4365428],[28.4374584,47.4367035],[28.4373219,47.4371261],[28.437275,47.4375877],[28.4374195,47.4380269],[28.4387869,47.4377996],[28.4392432,47.4377439],[28.439484,47.4382334],[28.4403662,47.4394439],[28.4409893,47.4401077],[28.4423224,47.4413742],[28.4433951,47.442283],[28.4442493,47.4430425],[28.44472,47.4434918],[28.4410337,47.4455589],[28.4359943,47.4469081],[28.4327038,47.447747],[28.4315226,47.449667],[28.431505,47.4505361],[28.4318091,47.4539226],[28.4321149,47.4552186],[28.4325065,47.456339],[28.4326939,47.4571127],[28.4325551,47.4581344],[28.431747,47.4597669],[28.4310189,47.4604909],[28.4307428,47.4610362],[28.4272514,47.4610425],[28.4244337,47.4610773],[28.4223259,47.4611403],[28.4197243,47.4610984],[28.4182111,47.4609569],[28.4156905,47.4605445],[28.4139737,47.4602699],[28.4116227,47.460077],[28.4122338,47.4695074]]]}},{"type":"Feature","properties":{"entity_id":"osm-r19082860","jurisdiction":"MD","display_name":"Țînțăreni","display_type":"independent_village","admin_level":8,"tier":"local","legal_registry":"CUATM","legal_id":"8957","legal_type":"independent_village","parent_catalog_id":"osm-r58993","osm_relation_id":19082860,"legal_identity_status":"reconciled","geometry_source":"OpenStreetMap","geometry_precision":"master_coordinate_fidelity"},"geometry":{"type":"Polygon","coordinates":[[[28.5278877,47.5598339],[28.5278497,47.5597218],[28.528053,47.5597484],[28.528566,47.5598156],[28.5308142,47.5602873],[28.5320379,47.5606373],[28.5330635,47.5608856],[28.5335166,47.5611154],[28.5338281,47.561408],[28.5343814,47.5618052],[28.535442,47.5623052],[28.5368772,47.5628776],[28.5375705,47.5636775],[28.5390958,47.5645427],[28.5400413,47.5663359],[28.5402311,47.5668383],[28.5419418,47.5691888],[28.5428247,47.5696686],[28.5433609,47.5698233],[28.5445326,47.5698975],[28.5450442,47.5698482],[28.5458828,47.5697418],[28.5454465,47.5703148],[28.5470998,47.570121],[28.5485725,47.5700478],[28.5503628,47.5698564],[28.5503292,47.5695891],[28.5530007,47.5695133],[28.5535719,47.5680235],[28.5566157,47.5591151],[28.5569104,47.5590087],[28.5609481,47.5596502],[28.5609481,47.5596475],[28.5631426,47.5600101],[28.5691436,47.5609713],[28.5694977,47.5606305],[28.5707068,47.5601078],[28.5707297,47.5597603],[28.570722,47.5595034],[28.5707959,47.5592996],[28.5714478,47.5581366],[28.575503,47.558903],[28.5839594,47.560648],[28.5900912,47.5620992],[28.5930864,47.5628105],[28.6011859,47.5646134],[28.6069987,47.5658777],[28.6117976,47.5669877],[28.6137808,47.5674531],[28.617203,47.5681483],[28.6134192,47.5758563],[28.6117316,47.5793197],[28.6182029,47.5815377],[28.6233256,47.5827003],[28.6262289,47.5834893],[28.6283138,47.5840141],[28.6306676,47.5847608],[28.632533,47.5853032],[28.6331289,47.5855947],[28.6410788,47.5881886],[28.641339,47.5885451],[28.6420376,47.5898984],[28.6449674,47.5958989],[28.6460015,47.5978899],[28.6490419,47.6065275],[28.6464223,47.6074393],[28.6407456,47.6094841],[28.6315436,47.6142744],[28.6280414,47.6161148],[28.6250878,47.6177929],[28.6232129,47.6154611],[28.6198129,47.6114806],[28.6153685,47.6070397],[28.6130527,47.6045724],[28.6112234,47.6029842],[28.6029898,47.5968147],[28.5998898,47.594683],[28.5909956,47.5891886],[28.5874243,47.5873085],[28.5839548,47.5860904],[28.5798698,47.5848329],[28.5778236,47.5839885],[28.5760973,47.5831668],[28.5744342,47.5823627],[28.5706304,47.5807553],[28.5658529,47.578315],[28.565797,47.578288],[28.5647094,47.5777798],[28.5646251,47.5778581],[28.564435,47.5781188],[28.5631199,47.5804032],[28.5609213,47.5827704],[28.5600849,47.5836709],[28.5565001,47.5876416],[28.5490121,47.5836627],[28.548888,47.5831637],[28.548754,47.5828241],[28.5481643,47.5831352],[28.5476655,47.58342],[28.5477674,47.5831498],[28.5492476,47.5801462],[28.547368,47.5789422],[28.5423192,47.5831053],[28.5394273,47.5856165],[28.5347819,47.5830787],[28.5268912,47.578857],[28.5267513,47.5786354],[28.5295207,47.5763689],[28.5320619,47.5742837],[28.5388487,47.5684734],[28.5387294,47.5680558],[28.5350664,47.5656892],[28.5294015,47.564295],[28.5278877,47.5598339]]]}}]}