{"type":"FeatureCollection","metadata":{"schema_version":1,"contract":"actual-public-geometry-chunk-v1","mode":"ACTUAL","jurisdiction":"MD","tier":"local","root_entity_id":"osm-r1693907","feature_count":28,"geometry_source":"OpenStreetMap","geometry_precision":"master_coordinate_fidelity"},"features":[{"type":"Feature","properties":{"entity_id":"osm-r19068233","jurisdiction":"MD","display_name":"Ochiul Alb","display_type":"independent_village","admin_level":8,"tier":"local","legal_registry":"CUATM","legal_id":"3626","legal_type":"independent_village","parent_catalog_id":"osm-r1693907","osm_relation_id":19068233,"legal_identity_status":"reconciled","geometry_source":"OpenStreetMap","canonical_geometry_role":null,"geometry_scope":null,"geometry_precision":"master_coordinate_fidelity"},"geometry":{"type":"Polygon","coordinates":[[[27.6762213,48.0536952],[27.6750489,48.0531296],[27.6707175,48.0508323],[27.6657589,48.0481365],[27.6595205,48.0448338],[27.6508187,48.0400883],[27.650234,48.0313222],[27.6497658,48.0285474],[27.6495797,48.0253878],[27.6494729,48.0253964],[27.6494621,48.0253138],[27.6494216,48.0251888],[27.6493242,48.0243165],[27.6440264,48.0214569],[27.6403864,48.019616],[27.6414614,48.0157467],[27.6453822,48.0136216],[27.6355347,48.0080521],[27.6339255,48.0072796],[27.6327537,48.0065394],[27.6246583,48.0008396],[27.6247075,48.0007706],[27.6238597,48.0002128],[27.625045,47.9990306],[27.6253442,47.9987517],[27.6259974,47.998558],[27.6265499,47.9981893],[27.6267052,47.9977745],[27.6266549,47.997374],[27.626625,47.9973307],[27.6303554,47.9933712],[27.6344728,47.9893938],[27.6464919,47.9773204],[27.6477764,47.9758886],[27.6511605,47.9724667],[27.6530906,47.9732846],[27.6552829,47.9740927],[27.6569031,47.9724546],[27.6612779,47.9740971],[27.6693096,47.9769457],[27.669751,47.9780586],[27.671915,47.9796215],[27.6735993,47.9808371],[27.6816551,47.9853811],[27.6885721,47.9893954],[27.6908998,47.9906351],[27.691662,47.9911743],[27.69139,47.9914095],[27.6913098,47.9914982],[27.6905286,47.9923609],[27.6907125,47.9924407],[27.6895418,47.993602],[27.6908799,47.994188],[27.6911534,47.9942997],[27.6947764,47.9957554],[27.6990419,47.9974508],[27.7018754,47.9985399],[27.7088954,48.001339],[27.7106601,48.0020479],[27.7151264,48.0046276],[27.7191719,48.0068551],[27.7236,48.0094597],[27.7280754,48.0119746],[27.7263661,48.0137959],[27.7221431,48.0185685],[27.717631,48.0234942],[27.715429,48.0259054],[27.7149063,48.026769],[27.7147801,48.0277367],[27.7148513,48.0278473],[27.7150989,48.0279082],[27.7153126,48.0280059],[27.715732,48.028368],[27.7160471,48.0284819],[27.7165588,48.0285619],[27.7169318,48.0285905],[27.7173891,48.0285006],[27.7176882,48.0285151],[27.7179008,48.0285797],[27.7180975,48.0287552],[27.7181452,48.028889],[27.7180832,48.0290738],[27.7175689,48.0294079],[27.7174663,48.0295303],[27.7174166,48.0296664],[27.7175004,48.0298111],[27.7181349,48.0300555],[27.7183429,48.0302497],[27.7184217,48.0305591],[27.7185149,48.0307564],[27.7184768,48.0311109],[27.7185533,48.03121],[27.7186742,48.0312356],[27.7188073,48.0311694],[27.7190376,48.030893],[27.7192642,48.0307794],[27.7195067,48.0307847],[27.7198214,48.0308811],[27.7200883,48.0310269],[27.7202608,48.0311653],[27.720717,48.0316055],[27.7208032,48.0317892],[27.7207856,48.0319089],[27.7206899,48.0320039],[27.7204721,48.0321068],[27.7201594,48.0321362],[27.7194793,48.0322612],[27.7186679,48.0328693],[27.7183718,48.032965],[27.7180415,48.033002],[27.717813,48.0329247],[27.7173543,48.0328927],[27.7165201,48.0333564],[27.716208,48.0334471],[27.7159211,48.0334486],[27.7155354,48.0332846],[27.7152785,48.033209],[27.7150799,48.0332331],[27.7148303,48.0336496],[27.7146381,48.0337927],[27.7144836,48.0338278],[27.7142993,48.0338165],[27.7141666,48.0336325],[27.7139175,48.0335745],[27.7135295,48.0338061],[27.7132579,48.0339048],[27.7127462,48.0342574],[27.7126255,48.0342654],[27.7124554,48.0341689],[27.7122715,48.034123],[27.711876,48.0342047],[27.7118015,48.0340133],[27.7113839,48.033848],[27.7111278,48.0339878],[27.7111061,48.0345245],[27.7109374,48.0346424],[27.7106833,48.0347451],[27.7104449,48.0347544],[27.7102129,48.0347219],[27.7097791,48.0345692],[27.7094834,48.0345158],[27.7092254,48.0345839],[27.7090552,48.0347066],[27.7089799,48.0351217],[27.708758,48.0355301],[27.7086187,48.0358981],[27.7083409,48.0359157],[27.7081095,48.0356809],[27.707895,48.0355858],[27.707678,48.0356255],[27.7070719,48.0356449],[27.7070306,48.0357469],[27.7070013,48.0359812],[27.7066369,48.0359636],[27.7060781,48.0361895],[27.7059901,48.0362503],[27.7059432,48.0363926],[27.7059757,48.0365107],[27.7061805,48.036735],[27.7063017,48.0367947],[27.7065763,48.0367973],[27.7065262,48.0370063],[27.7065251,48.0373088],[27.7064866,48.037523],[27.7063881,48.037668],[27.7059788,48.0379557],[27.7057481,48.0380459],[27.7048412,48.0380672],[27.7045421,48.0382125],[27.7043687,48.0382531],[27.704304,48.0383085],[27.7042297,48.0384847],[27.7039764,48.0388476],[27.7038212,48.0389343],[27.7037403,48.0390052],[27.7037093,48.0391492],[27.7037767,48.0393806],[27.7040775,48.0396455],[27.70412,48.0397227],[27.7041367,48.0399986],[27.7041872,48.0401324],[27.7042921,48.0402178],[27.7045998,48.0403463],[27.704932,48.0407147],[27.7051844,48.0409084],[27.7052183,48.0410324],[27.7052285,48.0412487],[27.7048973,48.0419919],[27.7048771,48.0421482],[27.7049619,48.0424342],[27.7049611,48.0428122],[27.7052145,48.0432045],[27.7054481,48.0433396],[27.7057806,48.0434118],[27.7060109,48.0435218],[27.7061312,48.0436534],[27.7061815,48.0437421],[27.7061768,48.0439321],[27.7063727,48.0441661],[27.7061395,48.0442195],[27.7058686,48.0442315],[27.7056673,48.0442162],[27.7054392,48.0441642],[27.7051394,48.0439831],[27.7050365,48.0436346],[27.7047572,48.0435491],[27.7045505,48.043581],[27.7044373,48.0436767],[27.7043924,48.0438319],[27.7043827,48.0440641],[27.7041034,48.0443798],[27.7040052,48.044577],[27.7039671,48.0447132],[27.7037484,48.0450438],[27.7033339,48.0453866],[27.703122,48.045473],[27.7028976,48.0455213],[27.7026916,48.0454947],[27.7019615,48.0451132],[27.7017446,48.0450313],[27.7014437,48.0450443],[27.7012469,48.0450862],[27.701109,48.0452362],[27.7009778,48.0454446],[27.7009884,48.0461775],[27.7010451,48.0466037],[27.701264,48.0470618],[27.7012441,48.0471453],[27.7008673,48.0472866],[27.7000908,48.0475599],[27.6994694,48.0477301],[27.6991469,48.0479366],[27.6988162,48.0480798],[27.6978216,48.0479876],[27.6977413,48.0477814],[27.6973519,48.0473759],[27.6972962,48.0471967],[27.696449,48.0468638],[27.6953849,48.0471362],[27.695489,48.0475063],[27.6945492,48.0478107],[27.6936064,48.0483312],[27.6923154,48.0488461],[27.6907363,48.0487631],[27.6891055,48.0494118],[27.6881929,48.0499987],[27.6866734,48.0504947],[27.682628,48.0515106],[27.6823178,48.051528],[27.6792233,48.052041],[27.6788577,48.0529066],[27.6762213,48.0536952]]]}},{"type":"Feature","properties":{"entity_id":"osm-r19068234","jurisdiction":"MD","display_name":"Mîndîc","display_type":"independent_village","admin_level":8,"tier":"local","legal_registry":"CUATM","legal_id":"3427","legal_type":"independent_village","parent_catalog_id":"osm-r1693907","osm_relation_id":19068234,"legal_identity_status":"reconciled","geometry_source":"OpenStreetMap","canonical_geometry_role":null,"geometry_scope":null,"geometry_precision":"master_coordinate_fidelity"},"geometry":{"type":"Polygon","coordinates":[[[27.7201433,48.1736339],[27.7202856,48.1721469],[27.7206135,48.1663924],[27.7206182,48.166299],[27.7206297,48.1660678],[27.7209267,48.1626314],[27.7208801,48.1611579],[27.7207882,48.1605087],[27.719127,48.156791],[27.7179831,48.1541812],[27.7167484,48.1514855],[27.7141677,48.1477023],[27.7121207,48.1447984],[27.7169251,48.1440307],[27.7255204,48.1429138],[27.736147,48.1413512],[27.7381606,48.1411113],[27.7388111,48.14045],[27.7401826,48.1396461],[27.7411932,48.1384295],[27.7412485,48.1349583],[27.7413467,48.1311267],[27.7491076,48.1302571],[27.7535151,48.1299142],[27.7583594,48.129533],[27.7611669,48.1293644],[27.762353,48.1293367],[27.7649564,48.1293844],[27.7654677,48.1294],[27.7661897,48.1294226],[27.7772018,48.1300041],[27.7805085,48.1301304],[27.7817297,48.1300874],[27.7831002,48.130013],[27.7873645,48.1298008],[27.7894575,48.1297176],[27.7922656,48.1299091],[27.7982302,48.1304551],[27.7988244,48.1300792],[27.7991353,48.1302311],[27.7994989,48.1299571],[27.8002828,48.1300719],[27.8015815,48.1302781],[27.8034887,48.1305842],[27.8098119,48.1316283],[27.8132329,48.132078],[27.8170542,48.1325779],[27.822062,48.1329327],[27.8229386,48.133152],[27.8271754,48.1333203],[27.8332951,48.1337428],[27.8424008,48.1343146],[27.8428954,48.1342431],[27.8466225,48.1283054],[27.8482084,48.1261539],[27.8536077,48.1173417],[27.8552293,48.1147987],[27.8559575,48.1136938],[27.8615202,48.1156222],[27.8701055,48.1187148],[27.8705265,48.1190024],[27.8710771,48.1224819],[27.8714535,48.1240343],[27.8718387,48.125309],[27.8722021,48.1261003],[27.8733651,48.1287439],[27.8738004,48.1295],[27.8745756,48.1308115],[27.8818361,48.1426286],[27.8769232,48.1415153],[27.8701913,48.1400559],[27.8668758,48.1393015],[27.862527,48.1472683],[27.8616734,48.1489925],[27.8612185,48.1497553],[27.8609412,48.1504375],[27.8658561,48.1505136],[27.8652483,48.15587],[27.8639125,48.1558321],[27.8640179,48.1562892],[27.8645313,48.1567367],[27.865005,48.1571283],[27.8659519,48.1576728],[27.8665769,48.1578862],[27.8688728,48.1579348],[27.8687939,48.1580778],[27.8659861,48.1588969],[27.8666509,48.1609161],[27.8665923,48.1616466],[27.8662421,48.1624361],[27.8621972,48.1623208],[27.8609124,48.1623114],[27.860271,48.1623738],[27.859885,48.1650316],[27.8598604,48.165263],[27.8586718,48.1652106],[27.8582325,48.1651876],[27.8550152,48.1650174],[27.8509815,48.1648128],[27.8475613,48.1646483],[27.845438,48.1645313],[27.844752,48.1645024],[27.8440227,48.1645032],[27.8430121,48.1644489],[27.8411283,48.1643308],[27.8396075,48.1641874],[27.839405,48.1641626],[27.8389009,48.1640958],[27.838968,48.1638967],[27.839876,48.1613818],[27.829972,48.1615634],[27.8295888,48.1618051],[27.8291222,48.1617648],[27.8148803,48.1615971],[27.8111267,48.1615029],[27.8055863,48.1614438],[27.8047927,48.1655956],[27.8045008,48.1669919],[27.803616,48.1702288],[27.8029325,48.1731566],[27.8025826,48.1752199],[27.8005365,48.175249],[27.7926194,48.1753207],[27.7846237,48.1748751],[27.780264,48.1737842],[27.7777513,48.1729236],[27.774447,48.1718117],[27.7651937,48.1716364],[27.7607145,48.1716006],[27.757111,48.1715233],[27.7538842,48.17116],[27.7488854,48.1712172],[27.7460335,48.1713202],[27.7445583,48.1712847],[27.7438428,48.1712793],[27.7421167,48.1714338],[27.739183,48.1717035],[27.733383,48.1722619],[27.7328652,48.1722707],[27.7273349,48.1728197],[27.7201433,48.1736339]]]}},{"type":"Feature","properties":{"entity_id":"osm-r19068235","jurisdiction":"MD","display_name":"Moara de Piatră","display_type":"independent_village","admin_level":8,"tier":"local","legal_registry":"CUATM","legal_id":"3624","legal_type":"independent_village","parent_catalog_id":"osm-r1693907","osm_relation_id":19068235,"legal_identity_status":"reconciled","geometry_source":"OpenStreetMap","canonical_geometry_role":null,"geometry_scope":null,"geometry_precision":"master_coordinate_fidelity"},"geometry":{"type":"Polygon","coordinates":[[[28.0232858,47.9057305],[28.0319954,47.9117119],[28.0333366,47.9125757],[28.0352898,47.9136942],[28.0378005,47.9150659],[28.0589087,47.9264553],[28.0542621,47.9309787],[28.0518571,47.9333803],[28.0481589,47.9317295],[28.045925,47.9306087],[28.0425695,47.9289044],[28.0389629,47.92711],[28.0344638,47.9249835],[28.0269955,47.921477],[28.0250839,47.9205143],[28.0216636,47.9189482],[28.0182678,47.9173012],[28.0161909,47.9164795],[28.0150285,47.9159753],[28.0123244,47.9146909],[28.0057759,47.911446],[28.0009656,47.9090961],[27.9984252,47.9075851],[27.9979559,47.9073299],[27.9968534,47.9067977],[27.9959141,47.9062468],[27.9911534,47.9037405],[27.9861764,47.9011436],[27.9837127,47.9000063],[27.9795067,47.8981345],[27.9745965,47.8962973],[27.9724133,47.8954225],[27.9708123,47.8945456],[27.9667323,47.8929258],[27.9587719,47.8897477],[27.9563817,47.8888108],[27.9535503,47.887722],[27.9474724,47.8853862],[27.9422689,47.8833599],[27.9386844,47.8819483],[27.9358248,47.8809137],[27.9347123,47.8804881],[27.931444,47.8792163],[27.9294177,47.8783915],[27.9256451,47.8769118],[27.9230371,47.8758744],[27.9202155,47.8747408],[27.9158739,47.872716],[27.9142968,47.8719823],[27.9165258,47.8691538],[27.917373,47.8680207],[27.9189869,47.8658549],[27.9205653,47.8637024],[27.923194,47.8601823],[27.9245378,47.8583959],[27.9259073,47.8567206],[27.9261124,47.8564614],[27.9380664,47.8618883],[27.9386994,47.8621909],[27.9400094,47.8627781],[27.9431294,47.8642324],[27.9453887,47.8620946],[27.9474293,47.8600947],[27.9489831,47.8585428],[27.9498454,47.8576422],[27.950544,47.856902],[27.9520277,47.8553979],[27.9539443,47.8534049],[27.9563106,47.850893],[27.9573609,47.8512986],[27.9612012,47.8530069],[27.9642562,47.854376],[27.9658008,47.8551408],[27.9667377,47.8556183],[27.966839,47.8558388],[27.967014,47.8562198],[27.9662975,47.8566639],[27.9663438,47.856776],[27.9669894,47.8570908],[27.9674929,47.8567841],[27.9679526,47.8565722],[27.9680851,47.856527],[27.9687531,47.8565161],[27.9688153,47.8565151],[27.9769421,47.8601552],[27.9782874,47.8607238],[27.9803466,47.8616475],[27.9816283,47.8622868],[27.9867005,47.8646027],[27.99003,47.8661389],[27.9924303,47.8670685],[27.9955715,47.8688852],[27.9969464,47.8697246],[28.0007593,47.8720518],[28.0049325,47.8745058],[28.0077972,47.8762159],[28.015229,47.8806194],[28.0161827,47.8809827],[28.0160014,47.8823733],[28.0162241,47.8831772],[28.0171287,47.8844229],[28.0180022,47.8853679],[28.0195037,47.8869924],[28.0198794,47.8873529],[28.0204409,47.8880703],[28.0208848,47.8888802],[28.0211423,47.8898551],[28.0211406,47.8905369],[28.0211657,47.8907712],[28.0211509,47.8912517],[28.0209664,47.8916243],[28.0205978,47.8918875],[28.020203,47.8920826],[28.019015,47.8930908],[28.0178963,47.8938789],[28.0167889,47.8946441],[28.0120207,47.8977894],[28.0147731,47.8997382],[28.0153985,47.9002334],[28.0232858,47.9057305]]]}},{"type":"Feature","properties":{"entity_id":"osm-r19068236","jurisdiction":"MD","display_name":"Maramonovca","display_type":"independent_village","admin_level":8,"tier":"local","legal_registry":"CUATM","legal_id":"3426","legal_type":"independent_village","parent_catalog_id":"osm-r1693907","osm_relation_id":19068236,"legal_identity_status":"reconciled","geometry_source":"OpenStreetMap","canonical_geometry_role":null,"geometry_scope":null,"geometry_precision":"master_coordinate_fidelity"},"geometry":{"type":"Polygon","coordinates":[[[27.884188,48.2030615],[27.8835633,48.2071249],[27.8694782,48.2180379],[27.8671693,48.2199999],[27.8666286,48.2230363],[27.8659402,48.225798],[27.8651011,48.2288437],[27.8635516,48.2284792],[27.8633719,48.2283002],[27.8622847,48.2280791],[27.8595121,48.2326419],[27.8564053,48.2379035],[27.8547397,48.2406919],[27.8464419,48.2393161],[27.8307124,48.2383089],[27.8293289,48.2381867],[27.8186537,48.2375373],[27.805466,48.2353695],[27.7945819,48.2307787],[27.786673,48.2274783],[27.7862534,48.2277266],[27.7761449,48.2246264],[27.7664009,48.2216596],[27.7657914,48.2190358],[27.7660902,48.2187593],[27.7627067,48.2159383],[27.7621345,48.2153855],[27.7613172,48.2145256],[27.7600996,48.2131999],[27.759337,48.2122939],[27.7579644,48.2106649],[27.7573869,48.2099487],[27.7553521,48.2077552],[27.7532863,48.2052975],[27.7508387,48.2061712],[27.7419046,48.2084985],[27.735126,48.2103588],[27.7266674,48.2134571],[27.7231132,48.2149905],[27.7207575,48.2165567],[27.7196942,48.2170283],[27.7156881,48.2172574],[27.7130335,48.2165041],[27.7097474,48.2146386],[27.7101754,48.211836],[27.7109156,48.2106868],[27.713829,48.2065113],[27.7150407,48.2053368],[27.7189595,48.203477],[27.7193444,48.2034187],[27.7213918,48.2035724],[27.7240229,48.2040519],[27.7263578,48.2045139],[27.7278503,48.204853],[27.7293448,48.2051087],[27.7299316,48.205147],[27.7348151,48.2040563],[27.7375839,48.2034122],[27.7371868,48.2026238],[27.7412859,48.1998461],[27.7388332,48.1964896],[27.737694,48.1947871],[27.7380478,48.1946841],[27.7346057,48.1901958],[27.7339288,48.1895786],[27.7327071,48.1879737],[27.7324895,48.1879494],[27.7315773,48.1866095],[27.7289424,48.1834294],[27.7311571,48.1826494],[27.7307319,48.1816849],[27.7300598,48.1783415],[27.7307481,48.1777957],[27.7310908,48.1767294],[27.731769,48.1757486],[27.7321532,48.1748004],[27.7330221,48.1733],[27.733383,48.1722619],[27.739183,48.1717035],[27.7421167,48.1714338],[27.7438428,48.1712793],[27.7445583,48.1712847],[27.7460335,48.1713202],[27.7488854,48.1712172],[27.7538842,48.17116],[27.757111,48.1715233],[27.7607145,48.1716006],[27.7651937,48.1716364],[27.774447,48.1718117],[27.7777513,48.1729236],[27.780264,48.1737842],[27.7846237,48.1748751],[27.7926194,48.1753207],[27.8005365,48.175249],[27.8025826,48.1752199],[27.8029325,48.1731566],[27.803616,48.1702288],[27.8045008,48.1669919],[27.8047927,48.1655956],[27.8055863,48.1614438],[27.8111267,48.1615029],[27.8148803,48.1615971],[27.8291222,48.1617648],[27.8295888,48.1618051],[27.829972,48.1615634],[27.839876,48.1613818],[27.838968,48.1638967],[27.8389009,48.1640958],[27.839405,48.1641626],[27.8396075,48.1641874],[27.8411283,48.1643308],[27.8430121,48.1644489],[27.8440227,48.1645032],[27.844752,48.1645024],[27.845438,48.1645313],[27.8475613,48.1646483],[27.8509815,48.1648128],[27.8550152,48.1650174],[27.8582325,48.1651876],[27.856964,48.1667363],[27.8532201,48.1683905],[27.8505379,48.1699305],[27.8495542,48.1711778],[27.8483711,48.1719204],[27.8460609,48.1737576],[27.8442655,48.1740914],[27.8461033,48.1753656],[27.8472392,48.1766399],[27.8483464,48.1775648],[27.8471777,48.180491],[27.8465225,48.1829893],[27.8453534,48.1869289],[27.8445212,48.1897612],[27.8443407,48.1904255],[27.8387744,48.1895565],[27.8360763,48.1887773],[27.8356923,48.190572],[27.8344691,48.1955669],[27.8342119,48.1965694],[27.8339604,48.1974244],[27.8335938,48.1987625],[27.8334361,48.1989129],[27.8333057,48.1993011],[27.8331164,48.199705],[27.8332466,48.2000219],[27.8330923,48.2008427],[27.8331544,48.2009699],[27.8320989,48.2051163],[27.8395911,48.2049294],[27.8536323,48.2056582],[27.8555583,48.2057623],[27.8613662,48.2061365],[27.8613258,48.2100896],[27.8629898,48.2099917],[27.8642787,48.20983],[27.8658855,48.2094308],[27.8709617,48.208746],[27.8753313,48.2062455],[27.876682,48.205881],[27.8806999,48.2055569],[27.881271,48.2053172],[27.884188,48.2030615]]]}},{"type":"Feature","properties":{"entity_id":"osm-r19068237","jurisdiction":"MD","display_name":"Miciurin","display_type":"independent_village","admin_level":8,"tier":"local","legal_registry":"CUATM","legal_id":"3623","legal_type":"independent_village","parent_catalog_id":"osm-r1693907","osm_relation_id":19068237,"legal_identity_status":"reconciled","geometry_source":"OpenStreetMap","canonical_geometry_role":null,"geometry_scope":null,"geometry_precision":"master_coordinate_fidelity"},"geometry":{"type":"Polygon","coordinates":[[[27.8401185,47.9988036],[27.8401093,47.9992339],[27.8400034,47.9997983],[27.8398973,48.000356],[27.8395359,48.0012971],[27.8392603,48.0018405],[27.8388333,48.0025293],[27.8383591,48.0031618],[27.8380573,48.0035197],[27.8376782,48.0033622],[27.8375415,48.0034924],[27.8359571,48.0049062],[27.8346965,48.0061615],[27.8334637,48.0074354],[27.8326198,48.0089907],[27.8316248,48.0109771],[27.8311305,48.0122069],[27.8310157,48.0126575],[27.8309432,48.0133024],[27.8309327,48.0140255],[27.8311883,48.0153255],[27.8312438,48.0160144],[27.8312429,48.0162137],[27.8312243,48.0166223],[27.8310688,48.0173474],[27.8309856,48.0175262],[27.8307749,48.0181908],[27.8303535,48.0194921],[27.8293361,48.0192429],[27.8237406,48.0177793],[27.8233611,48.0174799],[27.8234978,48.0171748],[27.8237931,48.0165154],[27.8237558,48.0162468],[27.8229124,48.014924],[27.8225846,48.0150322],[27.8219869,48.014098],[27.8218335,48.0138628],[27.821419,48.0132212],[27.8210391,48.0125603],[27.8206361,48.0119916],[27.82049,48.0116693],[27.8203887,48.0112289],[27.8177284,48.0125482],[27.8175426,48.0127486],[27.810091,48.0102214],[27.8083128,48.0107448],[27.805347,48.0096044],[27.8051565,48.0090441],[27.804927,48.008968],[27.8042997,48.0091129],[27.8034651,48.0090715],[27.8017825,48.0083041],[27.8013361,48.0076565],[27.8018692,48.007109],[27.7964588,48.0048501],[27.7904258,48.0026061],[27.7861312,48.0011919],[27.7837709,48.000367],[27.7786136,47.9987238],[27.7692853,47.9956722],[27.7601804,47.9926841],[27.75648,47.9914098],[27.7540087,47.9907245],[27.745052,47.9879024],[27.7450421,47.9877899],[27.7452586,47.986871],[27.7453452,47.9866996],[27.7454267,47.9866375],[27.7456002,47.9866085],[27.7458246,47.9867194],[27.7459426,47.9866607],[27.7459549,47.9865694],[27.7458796,47.986363],[27.7456784,47.9860736],[27.7455884,47.9858323],[27.7456345,47.985669],[27.745862,47.9853602],[27.7463307,47.9848002],[27.7466111,47.9844197],[27.7469595,47.9840775],[27.7472687,47.9838663],[27.7476849,47.9837503],[27.7481054,47.9837514],[27.7481872,47.9836696],[27.7481936,47.9835619],[27.7480136,47.9834245],[27.7480034,47.983205],[27.7481551,47.9828963],[27.7483578,47.9827843],[27.7487285,47.9826739],[27.749048,47.9823299],[27.7495222,47.9820168],[27.7498144,47.9818999],[27.750124,47.9818258],[27.7504482,47.9815715],[27.7506822,47.9813123],[27.7506133,47.9810579],[27.7507484,47.9806952],[27.7509589,47.980533],[27.7514159,47.9803263],[27.7517259,47.9799891],[27.7522243,47.9796476],[27.7522374,47.9795179],[27.7521011,47.9793457],[27.7520323,47.9791378],[27.7520547,47.9784981],[27.7519263,47.9783845],[27.7519347,47.9782887],[27.7520039,47.9781806],[27.7521532,47.9777727],[27.7521561,47.9775403],[27.7520937,47.9772298],[27.752068,47.9768626],[27.7519882,47.9767253],[27.7519432,47.9765752],[27.7520821,47.9761144],[27.7523085,47.9757949],[27.7526043,47.975249],[27.7531711,47.9748469],[27.7538246,47.9745127],[27.754194,47.9742152],[27.7546134,47.9740631],[27.7549632,47.9738897],[27.7551165,47.9737415],[27.755358,47.9736348],[27.7555426,47.9735158],[27.7556015,47.9734202],[27.7559394,47.9731538],[27.756516,47.972606],[27.7565667,47.9724771],[27.7564788,47.9723572],[27.7565865,47.9722453],[27.7567904,47.972119],[27.7570975,47.9720094],[27.7575207,47.9719609],[27.7584615,47.9716969],[27.7589043,47.9713548],[27.7592557,47.9708301],[27.7621058,47.9715689],[27.7641546,47.9721922],[27.7669167,47.9697627],[27.769078,47.9678233],[27.7718823,47.9683982],[27.7795706,47.9701253],[27.7884381,47.9723141],[27.7899285,47.9726569],[27.790703,47.9727753],[27.7951674,47.9738095],[27.7971308,47.9712853],[27.7971718,47.9709821],[27.7976141,47.9702788],[27.7982063,47.9701188],[27.8025853,47.9703086],[27.803878,47.9700874],[27.8058004,47.9700834],[27.8070793,47.9696842],[27.8091266,47.9707486],[27.8096128,47.971237],[27.814041,47.9732413],[27.8179608,47.9749487],[27.8244807,47.9777103],[27.8259481,47.9783606],[27.8270315,47.9788941],[27.8270439,47.9790016],[27.8274236,47.9791132],[27.8275439,47.9807654],[27.8279769,47.9807407],[27.8280991,47.9834],[27.8277597,47.983405],[27.8278801,47.9852484],[27.8280499,47.9874268],[27.8287149,47.9884952],[27.8294871,47.9896641],[27.8301414,47.9894847],[27.8304968,47.9897598],[27.8309516,47.990126],[27.8321655,47.990947],[27.8334864,47.991614],[27.8347025,47.9921531],[27.834207,47.9925127],[27.8351839,47.9930254],[27.8359945,47.9935069],[27.8366762,47.9940006],[27.8373852,47.9946965],[27.8377393,47.9951228],[27.8380766,47.9961087],[27.8387221,47.9960744],[27.8386135,47.9970198],[27.8385812,47.998534],[27.8395621,47.9985883],[27.8395491,47.9986988],[27.8401185,47.9988036]]]}},{"type":"Feature","properties":{"entity_id":"osm-r19068238","jurisdiction":"MD","display_name":"Țarigrad","display_type":"independent_village","admin_level":8,"tier":"local","legal_registry":"CUATM","legal_id":"3641","legal_type":"independent_village","parent_catalog_id":"osm-r1693907","osm_relation_id":19068238,"legal_identity_status":"reconciled","geometry_source":"OpenStreetMap","canonical_geometry_role":null,"geometry_scope":null,"geometry_precision":"master_coordinate_fidelity"},"geometry":{"type":"Polygon","coordinates":[[[27.7493278,48.0616644],[27.7490193,48.0616442],[27.7479795,48.0612962],[27.7457293,48.0606795],[27.7409072,48.0595696],[27.734478,48.0580268],[27.722955,48.0548665],[27.7224968,48.0546333],[27.7167758,48.0526172],[27.7045381,48.0486845],[27.7008673,48.0472866],[27.7012441,48.0471453],[27.701264,48.0470618],[27.7010451,48.0466037],[27.7009884,48.0461775],[27.7009778,48.0454446],[27.701109,48.0452362],[27.7012469,48.0450862],[27.7014437,48.0450443],[27.7017446,48.0450313],[27.7019615,48.0451132],[27.7026916,48.0454947],[27.7028976,48.0455213],[27.703122,48.045473],[27.7033339,48.0453866],[27.7037484,48.0450438],[27.7039671,48.0447132],[27.7040052,48.044577],[27.7041034,48.0443798],[27.7043827,48.0440641],[27.7043924,48.0438319],[27.7044373,48.0436767],[27.7045505,48.043581],[27.7047572,48.0435491],[27.7050365,48.0436346],[27.7051394,48.0439831],[27.7054392,48.0441642],[27.7056673,48.0442162],[27.7058686,48.0442315],[27.7061395,48.0442195],[27.7063727,48.0441661],[27.7061768,48.0439321],[27.7061815,48.0437421],[27.7061312,48.0436534],[27.7060109,48.0435218],[27.7057806,48.0434118],[27.7054481,48.0433396],[27.7052145,48.0432045],[27.7049611,48.0428122],[27.7049619,48.0424342],[27.7048771,48.0421482],[27.7048973,48.0419919],[27.7052285,48.0412487],[27.7052183,48.0410324],[27.7051844,48.0409084],[27.704932,48.0407147],[27.7045998,48.0403463],[27.7042921,48.0402178],[27.7041872,48.0401324],[27.7041367,48.0399986],[27.70412,48.0397227],[27.7040775,48.0396455],[27.7037767,48.0393806],[27.7037093,48.0391492],[27.7037403,48.0390052],[27.7038212,48.0389343],[27.7039764,48.0388476],[27.7042297,48.0384847],[27.704304,48.0383085],[27.7043687,48.0382531],[27.7045421,48.0382125],[27.7048412,48.0380672],[27.7057481,48.0380459],[27.7059788,48.0379557],[27.7063881,48.037668],[27.7064866,48.037523],[27.7065251,48.0373088],[27.7065262,48.0370063],[27.7065763,48.0367973],[27.7063017,48.0367947],[27.7061805,48.036735],[27.7059757,48.0365107],[27.7059432,48.0363926],[27.7059901,48.0362503],[27.7060781,48.0361895],[27.7066369,48.0359636],[27.7070013,48.0359812],[27.7070306,48.0357469],[27.7070719,48.0356449],[27.707678,48.0356255],[27.707895,48.0355858],[27.7081095,48.0356809],[27.7083409,48.0359157],[27.7086187,48.0358981],[27.708758,48.0355301],[27.7089799,48.0351217],[27.7090552,48.0347066],[27.7092254,48.0345839],[27.7094834,48.0345158],[27.7097791,48.0345692],[27.7102129,48.0347219],[27.7104449,48.0347544],[27.7106833,48.0347451],[27.7109374,48.0346424],[27.7111061,48.0345245],[27.7111278,48.0339878],[27.7113839,48.033848],[27.7118015,48.0340133],[27.711876,48.0342047],[27.7122715,48.034123],[27.7124554,48.0341689],[27.7126255,48.0342654],[27.7127462,48.0342574],[27.7132579,48.0339048],[27.7135295,48.0338061],[27.7139175,48.0335745],[27.7141666,48.0336325],[27.7142993,48.0338165],[27.7144836,48.0338278],[27.7146381,48.0337927],[27.7148303,48.0336496],[27.7150799,48.0332331],[27.7152785,48.033209],[27.7155354,48.0332846],[27.7159211,48.0334486],[27.716208,48.0334471],[27.7165201,48.0333564],[27.7173543,48.0328927],[27.717813,48.0329247],[27.7180415,48.033002],[27.7183718,48.032965],[27.7186679,48.0328693],[27.7194793,48.0322612],[27.7201594,48.0321362],[27.7204721,48.0321068],[27.7206899,48.0320039],[27.7207856,48.0319089],[27.7208032,48.0317892],[27.720717,48.0316055],[27.7202608,48.0311653],[27.7200883,48.0310269],[27.7198214,48.0308811],[27.7195067,48.0307847],[27.7192642,48.0307794],[27.7190376,48.030893],[27.7188073,48.0311694],[27.7186742,48.0312356],[27.7185533,48.03121],[27.7184768,48.0311109],[27.7185149,48.0307564],[27.7184217,48.0305591],[27.7183429,48.0302497],[27.7181349,48.0300555],[27.7175004,48.0298111],[27.7174166,48.0296664],[27.7174663,48.0295303],[27.7175689,48.0294079],[27.7180832,48.0290738],[27.7181452,48.028889],[27.7180975,48.0287552],[27.7179008,48.0285797],[27.7176882,48.0285151],[27.7173891,48.0285006],[27.7169318,48.0285905],[27.7165588,48.0285619],[27.7160471,48.0284819],[27.715732,48.028368],[27.7153126,48.0280059],[27.7150989,48.0279082],[27.7148513,48.0278473],[27.7147801,48.0277367],[27.7149063,48.026769],[27.715429,48.0259054],[27.717631,48.0234942],[27.7221431,48.0185685],[27.7263661,48.0137959],[27.7280754,48.0119746],[27.7314376,48.0083884],[27.7370009,48.0022497],[27.7405768,47.998211],[27.7412585,47.9978271],[27.7413581,47.9976245],[27.7412796,47.9971858],[27.741861,47.9969719],[27.7423173,47.9969479],[27.7424977,47.9970615],[27.7426038,47.9970509],[27.7427089,47.9963417],[27.7424124,47.9961605],[27.7413294,47.9957964],[27.7410281,47.995729],[27.7409465,47.995674],[27.7411773,47.9951173],[27.7414558,47.9950241],[27.7420916,47.9946626],[27.7424947,47.9945138],[27.7426055,47.9943658],[27.7429271,47.9942117],[27.7432087,47.9941879],[27.743393,47.9942189],[27.7435315,47.994279],[27.7439161,47.9945628],[27.7440034,47.9946747],[27.7441131,47.9952354],[27.7441797,47.9953338],[27.7444299,47.9954033],[27.7447474,47.9954025],[27.7449181,47.995369],[27.7452116,47.9951497],[27.7453021,47.9949536],[27.7453698,47.9946753],[27.7453426,47.9945487],[27.7450319,47.9943557],[27.7449152,47.9942247],[27.7449367,47.9940106],[27.7451793,47.9934797],[27.7454118,47.9931256],[27.7456191,47.9927065],[27.7458122,47.9926088],[27.7464382,47.9926259],[27.7475422,47.9923803],[27.7482633,47.9919496],[27.7488531,47.991749],[27.7490175,47.9916381],[27.749067,47.9915459],[27.7490807,47.991436],[27.7487556,47.991097],[27.7481661,47.9907014],[27.7477206,47.990505],[27.747273,47.9901721],[27.7466913,47.9898368],[27.7464322,47.9897326],[27.7458366,47.9897084],[27.7453536,47.9896243],[27.7451934,47.9895159],[27.7451313,47.9892966],[27.7451439,47.9890991],[27.7452826,47.9888553],[27.7450697,47.9881088],[27.745052,47.9879024],[27.7540087,47.9907245],[27.75648,47.9914098],[27.7601804,47.9926841],[27.7692853,47.9956722],[27.7786136,47.9987238],[27.7837709,48.000367],[27.7861312,48.0011919],[27.7904258,48.0026061],[27.7964588,48.0048501],[27.8018692,48.007109],[27.8013361,48.0076565],[27.8017825,48.0083041],[27.8034651,48.0090715],[27.8042997,48.0091129],[27.804927,48.008968],[27.8051565,48.0090441],[27.805347,48.0096044],[27.8083128,48.0107448],[27.810091,48.0102214],[27.8175426,48.0127486],[27.8177284,48.0125482],[27.818921,48.0135551],[27.8175942,48.0157841],[27.8161191,48.0163208],[27.8116646,48.0152396],[27.808382,48.015375],[27.8082035,48.0156774],[27.8081702,48.0161298],[27.8026273,48.022422],[27.8016877,48.0235347],[27.7979964,48.0276157],[27.7966194,48.0270649],[27.7957891,48.0266341],[27.793779,48.0263575],[27.7923238,48.0287851],[27.7921216,48.0290534],[27.7925021,48.0292962],[27.7932874,48.0297313],[27.7935008,48.0298451],[27.7936898,48.0299458],[27.7942667,48.0302533],[27.796265,48.0314707],[27.7959245,48.0317446],[27.7955857,48.0320251],[27.7949356,48.0326058],[27.7938527,48.0335191],[27.7927205,48.034564],[27.791558,48.0356813],[27.7922096,48.0360084],[27.7926294,48.0355979],[27.7933902,48.0359039],[27.7946407,48.0363467],[27.7949214,48.0364804],[27.7951516,48.0370079],[27.7951318,48.0370118],[27.7946026,48.03716],[27.7943599,48.0372349],[27.7941563,48.0373014],[27.7938727,48.0373854],[27.7935249,48.0374853],[27.7934094,48.0375196],[27.7924205,48.0377884],[27.7921162,48.0378693],[27.7918551,48.0379407],[27.7914676,48.0380285],[27.7910424,48.0381154],[27.7909137,48.0381373],[27.7906105,48.0382149],[27.790314,48.0382868],[27.7899485,48.0383792],[27.7896647,48.0384614],[27.789393,48.0385694],[27.7887584,48.0388483],[27.7884197,48.0390205],[27.7879888,48.039243],[27.7875348,48.0394814],[27.7874372,48.0395331],[27.7870282,48.0397628],[27.7867008,48.0399389],[27.7863375,48.0401607],[27.7856448,48.0406532],[27.7855119,48.0407614],[27.7851697,48.0409658],[27.7849238,48.0411397],[27.7847685,48.0412771],[27.7844,48.0415689],[27.7838731,48.0419827],[27.7836461,48.0421471],[27.7830941,48.0425164],[27.7829145,48.0426318],[27.783129,48.0428367],[27.7833317,48.0430072],[27.7833331,48.0430374],[27.7832696,48.0430962],[27.7854935,48.0442618],[27.78562,48.0441389],[27.7867476,48.0448629],[27.786011,48.0460641],[27.7853462,48.0468065],[27.7846093,48.0474318],[27.783813,48.0479101],[27.7836078,48.0480333],[27.7819278,48.0488552],[27.7817575,48.0486859],[27.781607,48.0487571],[27.7800477,48.049444],[27.7786915,48.05],[27.7775537,48.0504806],[27.7771978,48.0507088],[27.7774801,48.0508321],[27.7766155,48.051426],[27.7758822,48.0521009],[27.7753768,48.0528113],[27.77521,48.0531411],[27.774929,48.054199],[27.7747458,48.0543666],[27.7745002,48.0544882],[27.7744463,48.0547184],[27.7745208,48.0552342],[27.7749756,48.0565723],[27.7751986,48.057075],[27.7755683,48.05757],[27.7759997,48.0580762],[27.7766153,48.0586571],[27.77696,48.0589655],[27.7778777,48.0596877],[27.778261,48.0602383],[27.7784348,48.0605061],[27.778781,48.0611624],[27.7788737,48.0617149],[27.7788197,48.0624474],[27.778633,48.0631992],[27.7784266,48.0638619],[27.7781195,48.0643948],[27.7772826,48.0654271],[27.7761229,48.0667008],[27.7752171,48.0674422],[27.7748349,48.0678032],[27.7746809,48.0680488],[27.7745435,48.0682466],[27.7723158,48.0691118],[27.7695302,48.0702208],[27.7680531,48.0708312],[27.7678333,48.0709458],[27.7673428,48.0712015],[27.766747,48.0715409],[27.7665724,48.0716677],[27.7646418,48.0709155],[27.7606526,48.0693482],[27.7600753,48.0690564],[27.7569481,48.0670826],[27.7528454,48.0645973],[27.7516032,48.0638624],[27.7495073,48.0624569],[27.7503092,48.0615246],[27.7500037,48.0613858],[27.7493278,48.0616644]]]}},{"type":"Feature","properties":{"entity_id":"osm-r19068239","jurisdiction":"MD","display_name":"Cotova","display_type":"commune","admin_level":8,"tier":"local","legal_registry":"CUATM","legal_id":"3615","legal_type":"commune","parent_catalog_id":"osm-r1693907","osm_relation_id":19068239,"legal_identity_status":"reconciled","geometry_source":"OpenStreetMap","canonical_geometry_role":null,"geometry_scope":null,"geometry_precision":"master_coordinate_fidelity"},"geometry":{"type":"Polygon","coordinates":[[[27.9109226,48.1855868],[27.9126508,48.1839238],[27.9132898,48.1826071],[27.9151373,48.1815721],[27.9137529,48.1806407],[27.913498,48.1804706],[27.9112599,48.1789671],[27.9112033,48.1789295],[27.910327,48.1785316],[27.9024091,48.1732847],[27.8968521,48.169606],[27.8905895,48.1675871],[27.8898318,48.167379],[27.8882182,48.1670389],[27.8884012,48.1667189],[27.8888407,48.1657839],[27.8887811,48.1644571],[27.8874362,48.1519289],[27.8834924,48.1455053],[27.8837246,48.144194],[27.8832732,48.1430252],[27.8818361,48.1426286],[27.8745756,48.1308115],[27.8738004,48.1295],[27.87423,48.1296543],[27.8754446,48.1299392],[27.876816,48.1301917],[27.8774618,48.1301761],[27.877951,48.1301831],[27.8787649,48.1304772],[27.8794486,48.1306654],[27.8815394,48.1311511],[27.8845723,48.1318682],[27.889836,48.1331075],[27.8941867,48.1341338],[27.8977626,48.1349645],[27.9016971,48.1358851],[27.9045192,48.1365411],[27.9094769,48.1377023],[27.9076674,48.141359],[27.9050301,48.1469571],[27.9272092,48.1520633],[27.9277824,48.1511006],[27.9290126,48.1490008],[27.9300255,48.1473394],[27.9302302,48.1470379],[27.9304014,48.1469701],[27.9304475,48.1469491],[27.9305854,48.1467477],[27.9309662,48.1460761],[27.9317573,48.1448918],[27.9334071,48.1424352],[27.9323042,48.1420024],[27.9309476,48.1415181],[27.9315294,48.1398321],[27.9320361,48.1383747],[27.9325242,48.1370464],[27.9331224,48.1354196],[27.9333233,48.1346742],[27.9336002,48.1337347],[27.9338482,48.1330987],[27.9351544,48.129449],[27.9356742,48.1279791],[27.9358742,48.1272831],[27.9407873,48.1210605],[27.9453214,48.1155909],[27.9497311,48.1114853],[27.9521828,48.1129088],[27.9556852,48.1147453],[27.9701146,48.1221034],[27.9733624,48.1238787],[27.9804557,48.1275814],[27.9846807,48.1297324],[27.9847695,48.1297786],[27.9829946,48.1319507],[27.9810895,48.1319207],[27.9812502,48.1331501],[27.9813005,48.1333479],[27.9812832,48.1335168],[27.9811472,48.1336559],[27.9819811,48.1340456],[27.9869882,48.1365342],[27.9904693,48.1383404],[27.9911188,48.1386512],[27.9983736,48.1423206],[28.010403,48.1484359],[28.025332,48.1560132],[28.0295158,48.1581384],[28.0300169,48.1584717],[28.0297217,48.1585278],[28.0276136,48.1590805],[28.0230044,48.1604119],[28.0179868,48.1619128],[28.0142686,48.1631379],[28.0071946,48.165176],[28.006737,48.1654586],[28.001926,48.1712253],[27.9999206,48.1734767],[27.9965941,48.1773604],[27.995481,48.1787652],[27.9927876,48.1825382],[27.9921349,48.1848634],[27.9915669,48.1851974],[27.9910658,48.1848765],[27.9889778,48.182722],[27.9848952,48.1791279],[27.9828465,48.1768099],[27.9817004,48.1758175],[27.9809216,48.1747979],[27.9802068,48.1741576],[27.9790845,48.1729299],[27.9787171,48.1730717],[27.976358,48.1746124],[27.9614218,48.1844201],[27.959974,48.1855415],[27.9576764,48.1871945],[27.946894,48.1943548],[27.9413609,48.1980847],[27.9402396,48.198967],[27.9367178,48.2015925],[27.9357252,48.2010659],[27.932566,48.1991622],[27.9270517,48.1958888],[27.9257315,48.1952069],[27.9251056,48.1948908],[27.9163989,48.1892849],[27.9109226,48.1855868]]]}},{"type":"Feature","properties":{"entity_id":"osm-r19068240","jurisdiction":"MD","display_name":"Dominteni","display_type":"independent_village","admin_level":8,"tier":"local","legal_registry":"CUATM","legal_id":"3617","legal_type":"independent_village","parent_catalog_id":"osm-r1693907","osm_relation_id":19068240,"legal_identity_status":"reconciled","geometry_source":"OpenStreetMap","canonical_geometry_role":null,"geometry_scope":null,"geometry_precision":"master_coordinate_fidelity"},"geometry":{"type":"Polygon","coordinates":[[[27.8945159,47.9172061],[27.8970662,47.9185575],[27.9003547,47.9202096],[27.9045386,47.9222506],[27.9079507,47.9238333],[27.9112575,47.9255803],[27.916543,47.9282672],[27.9200274,47.9299883],[27.9282668,47.9338031],[27.9314825,47.9353704],[27.937271,47.9383282],[27.9398831,47.9396911],[27.9429884,47.9416858],[27.9417627,47.942709],[27.9409741,47.9437041],[27.9404624,47.9449058],[27.9401136,47.9472304],[27.9407705,47.9472694],[27.9417946,47.9474729],[27.9433344,47.9479002],[27.9452882,47.9483207],[27.9454307,47.9485412],[27.9454268,47.948624],[27.9454874,47.9487041],[27.9455647,47.9487195],[27.9457871,47.9487849],[27.9461719,47.9489069],[27.9463347,47.9489532],[27.9463879,47.9489729],[27.9466956,47.9490764],[27.9468473,47.9491338],[27.9472894,47.9492993],[27.9473229,47.949319],[27.9473548,47.9493525],[27.9473761,47.9493593],[27.9474674,47.9493816],[27.948028,47.9495508],[27.9482622,47.9495898],[27.9485315,47.9500099],[27.9496561,47.950379],[27.9499244,47.9504189],[27.950176,47.9503952],[27.9504515,47.9504021],[27.9505377,47.950408],[27.9507085,47.9504486],[27.9507816,47.9504717],[27.9511782,47.9506018],[27.9515329,47.9507261],[27.9516724,47.9507803],[27.9519006,47.9508544],[27.9522681,47.9509847],[27.9534905,47.9513534],[27.9543367,47.9516219],[27.9549444,47.9518285],[27.9561287,47.952238],[27.9562104,47.9521238],[27.9574888,47.9525793],[27.9591136,47.9531412],[27.9590863,47.9531847],[27.9595263,47.9533129],[27.967126,47.9558613],[27.9767964,47.9590255],[27.9821237,47.9607767],[27.9821798,47.9609022],[27.9815832,47.9639035],[27.9815368,47.9645547],[27.9811929,47.9661962],[27.9810968,47.9664886],[27.9809044,47.9674239],[27.9807365,47.968297],[27.9804701,47.9697246],[27.9804416,47.9698697],[27.9801187,47.9715076],[27.9799766,47.9721133],[27.9798071,47.9728959],[27.9794932,47.9749139],[27.9789016,47.9789763],[27.9784745,47.9822932],[27.9722568,47.9810457],[27.9699714,47.9806762],[27.9650884,47.9803376],[27.9615826,47.9800195],[27.9576325,47.9797145],[27.9551877,47.979628],[27.9532234,47.9794195],[27.9529382,47.979396],[27.9435158,47.9783688],[27.9379731,47.9777967],[27.9324691,47.9750338],[27.9282142,47.9728136],[27.922724,47.9702007],[27.9208043,47.9717519],[27.9157729,47.9757878],[27.9146629,47.9768377],[27.9139161,47.9774601],[27.9120345,47.9788836],[27.9107442,47.9797941],[27.9092565,47.9809381],[27.9080024,47.9817425],[27.9069828,47.9826533],[27.9052958,47.9839651],[27.9024663,47.986306],[27.9014598,47.9874317],[27.9002493,47.9881199],[27.8962692,47.9913191],[27.8889568,47.987261],[27.8817031,47.9831337],[27.8787694,47.9815438],[27.8761612,47.9798118],[27.8867574,47.9731699],[27.8936378,47.9688897],[27.8941429,47.9683691],[27.896032,47.9674],[27.8979057,47.9662367],[27.90732,47.9606266],[27.9115032,47.9581191],[27.9144602,47.9564369],[27.9160826,47.9555214],[27.9243224,47.950567],[27.9126895,47.9433104],[27.905037,47.9386388],[27.8872254,47.9274882],[27.8841386,47.9256283],[27.8872233,47.9231503],[27.8909243,47.9200814],[27.8923943,47.9188658],[27.8934684,47.9180258],[27.8945159,47.9172061]]]}},{"type":"Feature","properties":{"entity_id":"osm-r19068241","jurisdiction":"MD","display_name":"Petreni","display_type":"commune","admin_level":8,"tier":"local","legal_registry":"CUATM","legal_id":"3631","legal_type":"commune","parent_catalog_id":"osm-r1693907","osm_relation_id":19068241,"legal_identity_status":"reconciled","geometry_source":"OpenStreetMap","canonical_geometry_role":null,"geometry_scope":null,"geometry_precision":"master_coordinate_fidelity"},"geometry":{"type":"Polygon","coordinates":[[[28.0234813,47.992529],[28.0159539,47.9923221],[28.0112089,47.9921019],[28.0107697,47.9889023],[27.9967422,47.9859942],[27.9880961,47.9842708],[27.9784745,47.9822932],[27.9789016,47.9789763],[27.9794932,47.9749139],[27.9798071,47.9728959],[27.9799766,47.9721133],[27.9801187,47.9715076],[27.9804416,47.9698697],[27.9804701,47.9697246],[27.9807365,47.968297],[27.9809044,47.9674239],[27.9810968,47.9664886],[27.9811929,47.9661962],[27.9815368,47.9645547],[27.9815832,47.9639035],[27.9821798,47.9609022],[27.9821237,47.9607767],[27.9767964,47.9590255],[27.967126,47.9558613],[27.9595263,47.9533129],[27.9590863,47.9531847],[27.9591136,47.9531412],[27.9574888,47.9525793],[27.9562104,47.9521238],[27.9561287,47.952238],[27.9549444,47.9518285],[27.9543367,47.9516219],[27.9534905,47.9513534],[27.9522681,47.9509847],[27.9519006,47.9508544],[27.9516724,47.9507803],[27.9515329,47.9507261],[27.9511782,47.9506018],[27.9507816,47.9504717],[27.9507085,47.9504486],[27.9505377,47.950408],[27.9504515,47.9504021],[27.950176,47.9503952],[27.9499244,47.9504189],[27.9496561,47.950379],[27.9485315,47.9500099],[27.9482622,47.9495898],[27.948028,47.9495508],[27.9474674,47.9493816],[27.9473761,47.9493593],[27.9473548,47.9493525],[27.9473229,47.949319],[27.9472894,47.9492993],[27.9468473,47.9491338],[27.9466956,47.9490764],[27.9463879,47.9489729],[27.9463347,47.9489532],[27.9461719,47.9489069],[27.9457871,47.9487849],[27.9455647,47.9487195],[27.9454874,47.9487041],[27.9454268,47.948624],[27.9454307,47.9485412],[27.9452882,47.9483207],[27.9433344,47.9479002],[27.9417946,47.9474729],[27.9407705,47.9472694],[27.9401136,47.9472304],[27.9404624,47.9449058],[27.9409741,47.9437041],[27.9417627,47.942709],[27.9429884,47.9416858],[27.9398831,47.9396911],[27.937271,47.9383282],[27.9314825,47.9353704],[27.9282668,47.9338031],[27.9200274,47.9299883],[27.916543,47.9282672],[27.9112575,47.9255803],[27.9079507,47.9238333],[27.9045386,47.9222506],[27.9003547,47.9202096],[27.8970662,47.9185575],[27.8945159,47.9172061],[27.8936855,47.9167777],[27.8938513,47.9164318],[27.8948331,47.9154273],[27.8926193,47.9142674],[27.9036246,47.9051566],[27.9182781,47.9115447],[27.921052,47.912815],[27.9240905,47.9142113],[27.9289164,47.9164337],[27.93393,47.9186228],[27.9479208,47.9249059],[27.949501,47.925612],[27.9558784,47.9284085],[27.9574292,47.928922],[27.9658858,47.932762],[27.9695639,47.9344988],[27.9698882,47.93463],[27.974419,47.9367901],[27.9848474,47.9414863],[27.9903145,47.9439038],[27.9927893,47.9449633],[27.9951728,47.9460142],[27.9955584,47.9462256],[28.0052235,47.9505512],[28.016536,47.9554815],[28.0230159,47.9583761],[28.0265434,47.9599059],[28.0263596,47.9603368],[28.0266636,47.9654889],[28.0264552,47.968118],[28.0260872,47.9711201],[28.0257068,47.9716661],[28.0259706,47.9725572],[28.0253423,47.9783359],[28.0251874,47.9798358],[28.024664,47.9846908],[28.0242884,47.9863554],[28.0234813,47.992529]]]}},{"type":"Feature","properties":{"entity_id":"osm-r19068242","jurisdiction":"MD","display_name":"Palanca","display_type":"commune","admin_level":8,"tier":"local","legal_registry":"CUATM","legal_id":"3627","legal_type":"commune","parent_catalog_id":"osm-r1693907","osm_relation_id":19068242,"legal_identity_status":"reconciled","geometry_source":"OpenStreetMap","canonical_geometry_role":null,"geometry_scope":null,"geometry_precision":"master_coordinate_fidelity"},"geometry":{"type":"Polygon","coordinates":[[[27.9159078,48.0981245],[27.9182825,48.0995007],[27.9201673,48.1006271],[27.9205986,48.1008215],[27.9213008,48.1011236],[27.9226684,48.1017175],[27.9238677,48.1022447],[27.9250765,48.1027075],[27.9257222,48.1029196],[27.9287979,48.1041368],[27.9310345,48.104921],[27.9331543,48.105654],[27.9339683,48.1059378],[27.9390127,48.1077512],[27.9497311,48.1114853],[27.9453214,48.1155909],[27.9407873,48.1210605],[27.9358742,48.1272831],[27.9356742,48.1279791],[27.9351544,48.129449],[27.9338482,48.1330987],[27.9336002,48.1337347],[27.9333233,48.1346742],[27.9331224,48.1354196],[27.9325242,48.1370464],[27.9320361,48.1383747],[27.9315294,48.1398321],[27.9309476,48.1415181],[27.9323042,48.1420024],[27.9334071,48.1424352],[27.9317573,48.1448918],[27.9309662,48.1460761],[27.9305854,48.1467477],[27.9304475,48.1469491],[27.9304014,48.1469701],[27.9302302,48.1470379],[27.9300255,48.1473394],[27.9290126,48.1490008],[27.9277824,48.1511006],[27.9272092,48.1520633],[27.9050301,48.1469571],[27.9076674,48.141359],[27.9094769,48.1377023],[27.9045192,48.1365411],[27.9016971,48.1358851],[27.8977626,48.1349645],[27.8941867,48.1341338],[27.889836,48.1331075],[27.8845723,48.1318682],[27.8815394,48.1311511],[27.8794486,48.1306654],[27.8787649,48.1304772],[27.877951,48.1301831],[27.8774618,48.1301761],[27.876816,48.1301917],[27.8754446,48.1299392],[27.87423,48.1296543],[27.8738004,48.1295],[27.8733651,48.1287439],[27.8722021,48.1261003],[27.8718387,48.125309],[27.8714535,48.1240343],[27.8710771,48.1224819],[27.8856372,48.125827],[27.8860518,48.1249109],[27.8869381,48.1231491],[27.8875698,48.1219338],[27.8884231,48.1202756],[27.8891421,48.1188732],[27.8895939,48.1179527],[27.8899765,48.1171056],[27.8902543,48.1169955],[27.8907576,48.1160857],[27.891851,48.1140938],[27.892325,48.1131687],[27.892514,48.1128195],[27.8927191,48.1124258],[27.8926956,48.1122322],[27.8927559,48.1122445],[27.8939184,48.1124824],[27.8948536,48.1126839],[27.8955977,48.1128332],[27.89754,48.1133066],[27.8987547,48.1135815],[27.8991745,48.1136716],[27.8995452,48.1136719],[27.9065955,48.1153419],[27.9067027,48.1149965],[27.90735,48.1137367],[27.9089634,48.1107408],[27.9095368,48.109708],[27.9099555,48.1088811],[27.9109639,48.1069721],[27.9118924,48.1054833],[27.9122805,48.1044479],[27.9129891,48.1031146],[27.9141115,48.101108],[27.9144935,48.1005037],[27.9151539,48.0992886],[27.9158289,48.0980787],[27.9159078,48.0981245]]]}},{"type":"Feature","properties":{"entity_id":"osm-r19068243","jurisdiction":"MD","display_name":"Popeștii de Sus","display_type":"independent_village","admin_level":8,"tier":"local","legal_registry":"CUATM","legal_id":"3634","legal_type":"independent_village","parent_catalog_id":"osm-r1693907","osm_relation_id":19068243,"legal_identity_status":"reconciled","geometry_source":"OpenStreetMap","canonical_geometry_role":null,"geometry_scope":null,"geometry_precision":"master_coordinate_fidelity"},"geometry":{"type":"Polygon","coordinates":[[[27.9781563,48.0533556],[27.9820844,48.0454699],[27.9837745,48.0421839],[27.9840486,48.0417448],[27.9878199,48.0344065],[27.9887777,48.0323385],[27.9895278,48.0304747],[27.9896621,48.0302607],[27.9995663,48.0322071],[28.0041822,48.0330608],[27.9989022,48.0483286],[27.9989711,48.0486004],[27.9978507,48.0517928],[27.996743,48.0547885],[27.9949103,48.0597871],[27.993658,48.0594002],[27.9928075,48.0597041],[27.9908243,48.0585294],[27.9907209,48.0579876],[27.9893931,48.0578001],[27.9865023,48.064288],[27.9921802,48.0672328],[27.9941346,48.0689783],[27.9946095,48.0691917],[27.9962107,48.0695628],[27.99691,48.0696716],[27.9972147,48.0697865],[27.9974609,48.0699665],[27.9979702,48.0710173],[27.9987581,48.0722257],[27.9993595,48.0728875],[27.9997718,48.0732398],[28.0031709,48.075492],[28.0042227,48.0759402],[28.0117205,48.077186],[28.0140826,48.0776031],[28.0141383,48.0776326],[28.0158565,48.077892],[28.0165775,48.0779417],[28.0173066,48.0780998],[28.0179471,48.0782131],[28.0204178,48.0786501],[28.0222509,48.0788668],[28.0272501,48.0797388],[28.0274079,48.0797565],[28.0306063,48.0803605],[28.0318705,48.0805608],[28.0327453,48.0806993],[28.039144,48.0817055],[28.039525,48.081794],[28.0394817,48.0818506],[28.0411402,48.0821348],[28.0438274,48.0825786],[28.0479473,48.0832558],[28.0538568,48.0842495],[28.0565546,48.0846168],[28.0616944,48.0853506],[28.0642037,48.085794],[28.0651537,48.0859214],[28.0658423,48.0859305],[28.0667446,48.0858436],[28.07175,48.0842523],[28.0761522,48.0829285],[28.0805863,48.0823925],[28.0811877,48.0895362],[28.0820862,48.0910521],[28.0809213,48.0917335],[28.080398,48.0928968],[28.0794055,48.0934775],[28.080575,48.0963563],[28.0826009,48.099954],[28.0827536,48.1002239],[28.0822144,48.100503],[28.0828356,48.1007822],[28.0823433,48.1054902],[28.0822878,48.1080594],[28.0821133,48.1124041],[28.0820682,48.1141874],[28.0815607,48.1161249],[28.0676753,48.1177095],[28.0667367,48.117737],[28.0615271,48.1174835],[28.060726,48.1186791],[28.0589144,48.1182585],[28.0584996,48.118272],[28.0535857,48.1168626],[28.0506949,48.1160847],[28.0411545,48.1133059],[28.0363293,48.1118009],[28.032684,48.1107009],[28.0302169,48.1100877],[28.0298542,48.1095771],[28.0298494,48.109003],[28.0295231,48.1079945],[28.0286365,48.1072216],[28.0279191,48.1075656],[28.026621,48.1078575],[28.0258132,48.1072129],[28.0254879,48.1072104],[28.0251098,48.1074006],[28.0235518,48.107544],[28.0234224,48.1075604],[28.0231973,48.10754],[28.0226171,48.1074074],[28.0223508,48.1074258],[28.0215384,48.1072704],[28.0204469,48.1072152],[28.0198111,48.1069024],[28.0192976,48.106791],[28.0193975,48.1063748],[28.0137715,48.1058926],[28.0118457,48.1056997],[28.0106934,48.1055909],[28.0079196,48.1053],[28.0029563,48.1047355],[28.0021022,48.1046014],[27.9984433,48.1037378],[27.9930502,48.1025371],[27.9905924,48.1019053],[27.9820107,48.0999627],[27.9792569,48.100423],[27.9741473,48.1000916],[27.9725228,48.0993308],[27.9685809,48.0972893],[27.9671043,48.0965817],[27.9646651,48.0960039],[27.9626371,48.0955578],[27.9617565,48.0917809],[27.961391,48.0896895],[27.9610188,48.0893377],[27.96075,48.0883959],[27.9609214,48.0874446],[27.9619067,48.0859498],[27.9625991,48.0851589],[27.9628801,48.084716],[27.9638248,48.0828855],[27.964093,48.0821934],[27.9643167,48.0792702],[27.9645294,48.0776302],[27.9645603,48.0768723],[27.9641276,48.0743719],[27.9638893,48.0727743],[27.9641764,48.0715913],[27.9664974,48.0677346],[27.9673045,48.0661597],[27.9677456,48.0648577],[27.9681216,48.0643661],[27.969374,48.0630492],[27.9719493,48.0614429],[27.975439,48.0583353],[27.9769024,48.0560694],[27.9772904,48.0550133],[27.9781563,48.0533556]]]}},{"type":"Feature","properties":{"entity_id":"osm-r19068244","jurisdiction":"MD","display_name":"Nicoreni","display_type":"independent_village","admin_level":8,"tier":"local","legal_registry":"CUATM","legal_id":"3625","legal_type":"independent_village","parent_catalog_id":"osm-r1693907","osm_relation_id":19068244,"legal_identity_status":"reconciled","geometry_source":"OpenStreetMap","canonical_geometry_role":null,"geometry_scope":null,"geometry_precision":"master_coordinate_fidelity"},"geometry":{"type":"Polygon","coordinates":[[[27.769078,47.9678233],[27.7669167,47.9697627],[27.7641546,47.9721922],[27.7621058,47.9715689],[27.7592557,47.9708301],[27.7589043,47.9713548],[27.7584615,47.9716969],[27.7575207,47.9719609],[27.7570975,47.9720094],[27.7567904,47.972119],[27.7565865,47.9722453],[27.7564788,47.9723572],[27.7565667,47.9724771],[27.756516,47.972606],[27.7559394,47.9731538],[27.7556015,47.9734202],[27.7555426,47.9735158],[27.755358,47.9736348],[27.7551165,47.9737415],[27.7549632,47.9738897],[27.7546134,47.9740631],[27.754194,47.9742152],[27.7538246,47.9745127],[27.7531711,47.9748469],[27.7526043,47.975249],[27.7523085,47.9757949],[27.7520821,47.9761144],[27.7519432,47.9765752],[27.7519882,47.9767253],[27.752068,47.9768626],[27.7520937,47.9772298],[27.7521561,47.9775403],[27.7521532,47.9777727],[27.7520039,47.9781806],[27.7519347,47.9782887],[27.7519263,47.9783845],[27.7520547,47.9784981],[27.7520323,47.9791378],[27.7521011,47.9793457],[27.7522374,47.9795179],[27.7522243,47.9796476],[27.7517259,47.9799891],[27.7514159,47.9803263],[27.7509589,47.980533],[27.7507484,47.9806952],[27.7506133,47.9810579],[27.7506822,47.9813123],[27.7504482,47.9815715],[27.750124,47.9818258],[27.7498144,47.9818999],[27.7495222,47.9820168],[27.749048,47.9823299],[27.7487285,47.9826739],[27.7483578,47.9827843],[27.7481551,47.9828963],[27.7480034,47.983205],[27.7480136,47.9834245],[27.7481936,47.9835619],[27.7481872,47.9836696],[27.7481054,47.9837514],[27.7476849,47.9837503],[27.7472687,47.9838663],[27.7469595,47.9840775],[27.7466111,47.9844197],[27.7463307,47.9848002],[27.745862,47.9853602],[27.7456345,47.985669],[27.7455884,47.9858323],[27.7456784,47.9860736],[27.7458796,47.986363],[27.7459549,47.9865694],[27.7459426,47.9866607],[27.7458246,47.9867194],[27.7456002,47.9866085],[27.7454267,47.9866375],[27.7453452,47.9866996],[27.7452586,47.986871],[27.7450421,47.9877899],[27.745052,47.9879024],[27.7450697,47.9881088],[27.7452826,47.9888553],[27.7451439,47.9890991],[27.7451313,47.9892966],[27.7451934,47.9895159],[27.7453536,47.9896243],[27.7458366,47.9897084],[27.7464322,47.9897326],[27.7466913,47.9898368],[27.747273,47.9901721],[27.7477206,47.990505],[27.7481661,47.9907014],[27.7487556,47.991097],[27.7490807,47.991436],[27.749067,47.9915459],[27.7490175,47.9916381],[27.7488531,47.991749],[27.7482633,47.9919496],[27.7475422,47.9923803],[27.7464382,47.9926259],[27.7458122,47.9926088],[27.7456191,47.9927065],[27.7454118,47.9931256],[27.7451793,47.9934797],[27.7449367,47.9940106],[27.7449152,47.9942247],[27.7450319,47.9943557],[27.7453426,47.9945487],[27.7453698,47.9946753],[27.7453021,47.9949536],[27.7452116,47.9951497],[27.7449181,47.995369],[27.7447474,47.9954025],[27.7444299,47.9954033],[27.7441797,47.9953338],[27.7441131,47.9952354],[27.7440034,47.9946747],[27.7439161,47.9945628],[27.7435315,47.994279],[27.743393,47.9942189],[27.7432087,47.9941879],[27.7429271,47.9942117],[27.7426055,47.9943658],[27.7424947,47.9945138],[27.7420916,47.9946626],[27.7414558,47.9950241],[27.7411773,47.9951173],[27.7409465,47.995674],[27.7410281,47.995729],[27.7413294,47.9957964],[27.7424124,47.9961605],[27.7427089,47.9963417],[27.7426038,47.9970509],[27.7424977,47.9970615],[27.7423173,47.9969479],[27.741861,47.9969719],[27.7412796,47.9971858],[27.7413581,47.9976245],[27.7412585,47.9978271],[27.7405768,47.998211],[27.7370009,48.0022497],[27.7314376,48.0083884],[27.7280754,48.0119746],[27.7236,48.0094597],[27.7191719,48.0068551],[27.7151264,48.0046276],[27.7106601,48.0020479],[27.7088954,48.001339],[27.7018754,47.9985399],[27.6990419,47.9974508],[27.6947764,47.9957554],[27.6911534,47.9942997],[27.6908799,47.994188],[27.6895418,47.993602],[27.6907125,47.9924407],[27.6905286,47.9923609],[27.6913098,47.9914982],[27.69139,47.9914095],[27.691662,47.9911743],[27.6908998,47.9906351],[27.6885721,47.9893954],[27.6816551,47.9853811],[27.6735993,47.9808371],[27.671915,47.9796215],[27.669751,47.9780586],[27.6693096,47.9769457],[27.6612779,47.9740971],[27.6569031,47.9724546],[27.6552829,47.9740927],[27.6530906,47.9732846],[27.6511605,47.9724667],[27.651065,47.9722281],[27.6491967,47.9713588],[27.6479025,47.9706539],[27.6406543,47.9677304],[27.6378991,47.9667812],[27.637537,47.9668287],[27.6342789,47.965786],[27.6349154,47.9651905],[27.6342962,47.965123],[27.6329403,47.9649957],[27.632185,47.9649115],[27.6311897,47.9647286],[27.6302557,47.9645439],[27.6296851,47.9644062],[27.6290965,47.9642485],[27.6279383,47.963893],[27.6268977,47.9634861],[27.6239121,47.9623829],[27.6241406,47.9621484],[27.6271173,47.9591629],[27.6314573,47.9546957],[27.6315509,47.9547875],[27.6320293,47.9545406],[27.633572,47.9533764],[27.6336691,47.952966],[27.6374477,47.9485744],[27.6428541,47.9423502],[27.6471262,47.9444635],[27.649885,47.9466768],[27.6503739,47.9458316],[27.6511041,47.9449782],[27.6529563,47.9438966],[27.6541031,47.9430391],[27.6532876,47.9426437],[27.6541482,47.9419205],[27.6541871,47.9417104],[27.6541562,47.9406907],[27.6544297,47.9390695],[27.6551253,47.9389801],[27.6573514,47.938149],[27.6589706,47.9388363],[27.6673762,47.9404389],[27.6682575,47.9399497],[27.6684856,47.9396101],[27.6689321,47.9383011],[27.669461,47.9377974],[27.6696766,47.9372851],[27.6702635,47.9372393],[27.6719965,47.9379425],[27.6771322,47.9398685],[27.6800479,47.941068],[27.6862145,47.9393884],[27.6961381,47.9370275],[27.698545,47.9371931],[27.7053206,47.9375775],[27.7068615,47.937413],[27.7092529,47.9369842],[27.7130975,47.9364671],[27.7137507,47.9363091],[27.7206003,47.9353195],[27.7301175,47.9337849],[27.7307055,47.9340784],[27.7331285,47.9333939],[27.7347992,47.9325728],[27.7401831,47.9314728],[27.7402553,47.9318011],[27.7406701,47.9320837],[27.7405855,47.9322382],[27.7405452,47.9326053],[27.7406059,47.9329397],[27.7406511,47.9330678],[27.7408775,47.9333394],[27.7409205,47.9335338],[27.7410695,47.9338276],[27.7411812,47.934113],[27.7413403,47.934259],[27.7414254,47.9343898],[27.7417095,47.934582],[27.7419494,47.9347176],[27.7421419,47.9348987],[27.7424343,47.9351396],[27.742771,47.9355246],[27.7428118,47.9356609],[27.7429099,47.9357677],[27.7430529,47.9358017],[27.7436843,47.9357519],[27.7440241,47.935659],[27.7442574,47.9355486],[27.7444901,47.9353576],[27.7447926,47.9352414],[27.7454981,47.9350646],[27.7464728,47.9348805],[27.7476409,47.9347325],[27.7478253,47.9346875],[27.7480023,47.9347127],[27.7481023,47.9347813],[27.7481125,47.9348833],[27.7480258,47.9350799],[27.7481937,47.9353035],[27.7483037,47.935553],[27.7484431,47.9357048],[27.7486307,47.9357979],[27.7488205,47.9358339],[27.7499677,47.9358888],[27.7508422,47.9359889],[27.7510683,47.9361161],[27.7518817,47.936377],[27.7524413,47.9364093],[27.7529194,47.9364791],[27.7531002,47.936837],[27.7532355,47.9368922],[27.7533885,47.9371527],[27.7533443,47.9372597],[27.7532626,47.9373377],[27.7531611,47.9373826],[27.7529604,47.9374105],[27.7528338,47.9373943],[27.7525856,47.9372971],[27.7524318,47.9372652],[27.7523278,47.9372849],[27.7522283,47.9373582],[27.752126,47.9375787],[27.7521594,47.937669],[27.7523851,47.9378958],[27.7527345,47.938017],[27.7529691,47.9381777],[27.7530605,47.9382813],[27.7530719,47.9384087],[27.7530267,47.9385485],[27.7528148,47.9386978],[27.7526445,47.9389193],[27.7525924,47.9390327],[27.7525467,47.93933],[27.7524906,47.9394211],[27.7523252,47.9395689],[27.7521581,47.9396253],[27.7520078,47.939608],[27.7517732,47.9395065],[27.7513861,47.9392116],[27.7511326,47.9391168],[27.7507606,47.9390596],[27.7503806,47.93908],[27.7498978,47.9391502],[27.7496437,47.9392236],[27.7495207,47.9393396],[27.7495379,47.9394671],[27.7499006,47.9398562],[27.7502454,47.9401664],[27.7503767,47.9403125],[27.7504186,47.9404396],[27.7503051,47.9407713],[27.7501304,47.9408609],[27.7498884,47.9408798],[27.7495148,47.941015],[27.7491981,47.9412557],[27.7490971,47.9414349],[27.7490686,47.9416338],[27.7487075,47.9419767],[27.7485349,47.9421872],[27.7483167,47.9426211],[27.7482104,47.9430143],[27.7481589,47.9434283],[27.7482451,47.943595],[27.7485019,47.9438872],[27.7486434,47.9439123],[27.7486708,47.9440394],[27.7484841,47.9443847],[27.7486151,47.9448423],[27.7485788,47.9451362],[27.748495,47.9452427],[27.7484902,47.9453353],[27.7486559,47.9454563],[27.7490229,47.9453884],[27.7497124,47.9453998],[27.7500682,47.9454731],[27.7502219,47.9455634],[27.750495,47.9458294],[27.7506246,47.9458841],[27.7509914,47.945946],[27.7516381,47.9463114],[27.7524084,47.9466361],[27.7524078,47.9470319],[27.7523777,47.9472437],[27.7523007,47.9473764],[27.7519854,47.9477061],[27.7519774,47.9478449],[27.7520818,47.9479147],[27.7525566,47.947868],[27.752859,47.9479844],[27.7531419,47.9481644],[27.7532223,47.9485966],[27.7531705,47.9486547],[27.7528754,47.948758],[27.7524616,47.9492137],[27.7523667,47.9493969],[27.7523374,47.9496554],[27.7523774,47.9499269],[27.7524178,47.9500575],[27.7527719,47.9506716],[27.7527863,47.9507976],[27.7526521,47.9511157],[27.7526781,47.9513488],[27.7528142,47.951579],[27.7529518,47.952146],[27.7529971,47.952528],[27.7579576,47.9537138],[27.7706331,47.9566683],[27.7702625,47.9576221],[27.7691952,47.9595948],[27.7664447,47.9648768],[27.7654875,47.9670067],[27.769078,47.9678233]]]}},{"type":"Feature","properties":{"entity_id":"osm-r19068245","jurisdiction":"MD","display_name":"Chetrosu","display_type":"independent_village","admin_level":8,"tier":"local","legal_registry":"CUATM","legal_id":"3614","legal_type":"independent_village","parent_catalog_id":"osm-r1693907","osm_relation_id":19068245,"legal_identity_status":"reconciled","geometry_source":"OpenStreetMap","canonical_geometry_role":null,"geometry_scope":null,"geometry_precision":"master_coordinate_fidelity"},"geometry":{"type":"Polygon","coordinates":[[[27.8401185,47.9988036],[27.8418135,47.9997798],[27.8471727,48.0026924],[27.8506154,48.0046072],[27.8567515,48.0081466],[27.8607913,48.0104178],[27.8661975,48.0133425],[27.8790292,48.0205158],[27.884639,48.0236882],[27.8887984,48.0259975],[27.8920609,48.0277443],[27.8941375,48.0289592],[27.8967742,48.0303366],[27.9004151,48.0325557],[27.900116,48.033194],[27.89956,48.0335364],[27.8992583,48.0341008],[27.8982901,48.0376459],[27.9009685,48.0415582],[27.9002955,48.0425626],[27.8977238,48.0449325],[27.9088302,48.0461712],[27.909153,48.0461877],[27.914352,48.0467419],[27.9146105,48.0467324],[27.9150059,48.0467777],[27.9149529,48.0468557],[27.9243132,48.0477729],[27.9325057,48.0486569],[27.9499886,48.0504172],[27.9583225,48.051292],[27.9663116,48.0521868],[27.9781563,48.0533556],[27.9772904,48.0550133],[27.9769024,48.0560694],[27.975439,48.0583353],[27.9719493,48.0614429],[27.969374,48.0630492],[27.9681216,48.0643661],[27.9677456,48.0648577],[27.9673045,48.0661597],[27.9664974,48.0677346],[27.9641764,48.0715913],[27.9638893,48.0727743],[27.9641276,48.0743719],[27.9645603,48.0768723],[27.9645294,48.0776302],[27.9643167,48.0792702],[27.964093,48.0821934],[27.9638248,48.0828855],[27.9628801,48.084716],[27.9625991,48.0851589],[27.9619067,48.0859498],[27.9609214,48.0874446],[27.96075,48.0883959],[27.9610188,48.0893377],[27.961391,48.0896895],[27.9617565,48.0917809],[27.9626371,48.0955578],[27.9582205,48.0953021],[27.9452912,48.0944996],[27.9382245,48.0940826],[27.9342308,48.0939505],[27.9260916,48.0934975],[27.9167579,48.0929375],[27.9159078,48.0981245],[27.9158289,48.0980787],[27.9151539,48.0992886],[27.9144935,48.1005037],[27.9141115,48.101108],[27.9129891,48.1031146],[27.9122805,48.1044479],[27.9118924,48.1054833],[27.9109639,48.1069721],[27.9099555,48.1088811],[27.9095368,48.109708],[27.9089634,48.1107408],[27.90735,48.1137367],[27.9067027,48.1149965],[27.9065955,48.1153419],[27.8995452,48.1136719],[27.8991745,48.1136716],[27.8987547,48.1135815],[27.89754,48.1133066],[27.8955977,48.1128332],[27.8948536,48.1126839],[27.8939184,48.1124824],[27.8927559,48.1122445],[27.8927579,48.1122257],[27.8927032,48.1120636],[27.890356,48.1093804],[27.8844007,48.1010565],[27.8835489,48.0997544],[27.8805854,48.0959854],[27.8785665,48.0929264],[27.877476,48.0919594],[27.8788342,48.0905764],[27.8794153,48.0899832],[27.879599,48.0897151],[27.8793338,48.0896235],[27.8790235,48.0895168],[27.8786102,48.0893772],[27.8781122,48.0891954],[27.8785164,48.0890523],[27.878416,48.0889409],[27.8785261,48.088902],[27.8782114,48.0886815],[27.8779148,48.0883308],[27.8766132,48.0864932],[27.8782899,48.0856018],[27.8800653,48.0844091],[27.8796604,48.0839778],[27.8800328,48.0836247],[27.8792838,48.0823907],[27.876406,48.0798487],[27.875743,48.0793462],[27.8746206,48.0783534],[27.8727264,48.0767569],[27.8720301,48.0761578],[27.8702719,48.0745396],[27.8689871,48.0736671],[27.8594667,48.0671061],[27.8578953,48.0661814],[27.8572217,48.0654852],[27.8546288,48.0636534],[27.8526751,48.0623865],[27.8431515,48.0558258],[27.8432667,48.0551661],[27.8422621,48.0541501],[27.8439184,48.0534105],[27.8473427,48.0517027],[27.8486516,48.0504839],[27.8467008,48.0493232],[27.846596,48.0459172],[27.8464981,48.0450449],[27.8430574,48.0451485],[27.839269,48.0456117],[27.838315,48.0453378],[27.8336023,48.0454446],[27.8329338,48.0453523],[27.8323935,48.0456946],[27.8333657,48.0464464],[27.8314364,48.0474077],[27.8313902,48.0471564],[27.8309886,48.0453304],[27.8306732,48.0442006],[27.8308914,48.0436635],[27.8301401,48.0436211],[27.8302461,48.0435311],[27.8322592,48.0423581],[27.8356422,48.0402013],[27.8351296,48.0399752],[27.8356185,48.0394853],[27.8362848,48.0396004],[27.836589,48.0392551],[27.8374297,48.0384855],[27.8382505,48.0378549],[27.8387715,48.0373916],[27.8395364,48.036712],[27.8400526,48.0362331],[27.8406008,48.0357781],[27.8411131,48.0352811],[27.8415571,48.0348614],[27.8425363,48.0339669],[27.8430762,48.0334416],[27.8439884,48.0325797],[27.8446394,48.0320127],[27.8459372,48.0308196],[27.8464859,48.0302452],[27.8468585,48.0297514],[27.8470415,48.0294411],[27.8472147,48.029083],[27.8473153,48.028873],[27.8474158,48.0285419],[27.8474931,48.0281386],[27.8475027,48.0279254],[27.8473846,48.0270524],[27.8473023,48.0267022],[27.8472177,48.0264037],[27.8471325,48.0261409],[27.8470531,48.0259442],[27.8466366,48.0253278],[27.8465512,48.0251904],[27.8463058,48.024905],[27.8461245,48.0247579],[27.8465942,48.0245862],[27.8457957,48.0239101],[27.8454303,48.0236864],[27.8449425,48.023404],[27.8444579,48.0231664],[27.8432928,48.0227441],[27.8407404,48.0217141],[27.8399679,48.0213769],[27.8390618,48.0208892],[27.8389419,48.0207837],[27.8395401,48.0203659],[27.8404906,48.0195994],[27.8432436,48.017395],[27.8482563,48.0134166],[27.8410963,48.0103415],[27.8402309,48.0110741],[27.8395996,48.0116712],[27.8390551,48.0122898],[27.8379898,48.0136942],[27.8367945,48.0152744],[27.8352203,48.0172716],[27.8339969,48.0189071],[27.8339313,48.0188843],[27.8336522,48.0188298],[27.8324655,48.01829],[27.8314525,48.0177126],[27.8309856,48.0175262],[27.8310688,48.0173474],[27.8312243,48.0166223],[27.8312429,48.0162137],[27.8312438,48.0160144],[27.8311883,48.0153255],[27.8309327,48.0140255],[27.8309432,48.0133024],[27.8310157,48.0126575],[27.8311305,48.0122069],[27.8316248,48.0109771],[27.8326198,48.0089907],[27.8334637,48.0074354],[27.8346965,48.0061615],[27.8359571,48.0049062],[27.8375415,48.0034924],[27.8376782,48.0033622],[27.8380573,48.0035197],[27.8383591,48.0031618],[27.8388333,48.0025293],[27.8392603,48.0018405],[27.8395359,48.0012971],[27.8398973,48.000356],[27.8400034,47.9997983],[27.8401093,47.9992339],[27.8401185,47.9988036]]]}},{"type":"Feature","properties":{"entity_id":"osm-r19068246","jurisdiction":"MD","display_name":"Baroncea","display_type":"commune","admin_level":8,"tier":"local","legal_registry":"CUATM","legal_id":"3612","legal_type":"commune","parent_catalog_id":"osm-r1693907","osm_relation_id":19068246,"legal_identity_status":"reconciled","geometry_source":"OpenStreetMap","canonical_geometry_role":null,"geometry_scope":null,"geometry_precision":"master_coordinate_fidelity"},"geometry":{"type":"Polygon","coordinates":[[[27.8274236,47.9791132],[27.8297586,47.9791254],[27.8303537,47.9791415],[27.8397168,47.9834094],[27.8499524,47.9878755],[27.8569349,47.9910465],[27.8649532,47.986838],[27.8662991,47.9877396],[27.8682102,47.9887639],[27.8880153,47.9997295],[27.8920855,48.0021976],[27.8968791,48.0048391],[27.9010065,48.0071674],[27.9057202,48.0098113],[27.9118448,48.0132346],[27.9118556,48.0158535],[27.9118041,48.0163609],[27.9118758,48.0179335],[27.9120147,48.0186636],[27.9119177,48.0219902],[27.9128649,48.0225663],[27.9114792,48.0237843],[27.9117098,48.0239934],[27.9119471,48.0241758],[27.9136706,48.0251071],[27.9148322,48.0257695],[27.9169269,48.0269586],[27.9177832,48.0274428],[27.9201987,48.0288599],[27.921662,48.0279444],[27.9239287,48.028479],[27.9314276,48.028709],[27.9318599,48.0287439],[27.9379728,48.0291725],[27.9404066,48.0292888],[27.9451747,48.0296652],[27.9654086,48.0308968],[27.9699678,48.0312119],[27.9887777,48.0323385],[27.9878199,48.0344065],[27.9840486,48.0417448],[27.9837745,48.0421839],[27.9820844,48.0454699],[27.9781563,48.0533556],[27.9663116,48.0521868],[27.9583225,48.051292],[27.9499886,48.0504172],[27.9325057,48.0486569],[27.9243132,48.0477729],[27.9149529,48.0468557],[27.9150059,48.0467777],[27.9146105,48.0467324],[27.914352,48.0467419],[27.909153,48.0461877],[27.9088302,48.0461712],[27.8977238,48.0449325],[27.9002955,48.0425626],[27.9009685,48.0415582],[27.8982901,48.0376459],[27.8992583,48.0341008],[27.89956,48.0335364],[27.900116,48.033194],[27.9004151,48.0325557],[27.8967742,48.0303366],[27.8941375,48.0289592],[27.8920609,48.0277443],[27.8887984,48.0259975],[27.884639,48.0236882],[27.8790292,48.0205158],[27.8661975,48.0133425],[27.8607913,48.0104178],[27.8567515,48.0081466],[27.8506154,48.0046072],[27.8471727,48.0026924],[27.8418135,47.9997798],[27.8401185,47.9988036],[27.8395491,47.9986988],[27.8395621,47.9985883],[27.8385812,47.998534],[27.8386135,47.9970198],[27.8387221,47.9960744],[27.8380766,47.9961087],[27.8377393,47.9951228],[27.8373852,47.9946965],[27.8366762,47.9940006],[27.8359945,47.9935069],[27.8351839,47.9930254],[27.834207,47.9925127],[27.8347025,47.9921531],[27.8334864,47.991614],[27.8321655,47.990947],[27.8309516,47.990126],[27.8304968,47.9897598],[27.8301414,47.9894847],[27.8294871,47.9896641],[27.8287149,47.9884952],[27.8280499,47.9874268],[27.8278801,47.9852484],[27.8277597,47.983405],[27.8280991,47.9834],[27.8279769,47.9807407],[27.8275439,47.9807654],[27.8274236,47.9791132]]]}},{"type":"Feature","properties":{"entity_id":"osm-r19068247","jurisdiction":"MD","display_name":"Șalvirii Vechi","display_type":"commune","admin_level":8,"tier":"local","legal_registry":"CUATM","legal_id":"3636","legal_type":"commune","parent_catalog_id":"osm-r1693907","osm_relation_id":19068247,"legal_identity_status":"reconciled","geometry_source":"OpenStreetMap","canonical_geometry_role":null,"geometry_scope":null,"geometry_precision":"master_coordinate_fidelity"},"geometry":{"type":"Polygon","coordinates":[[[27.9109226,48.1855868],[27.9102192,48.1860582],[27.9074225,48.1872497],[27.9034966,48.1880274],[27.9012024,48.1893501],[27.8960946,48.1925195],[27.8949246,48.1935508],[27.8943659,48.1940277],[27.8894749,48.1975533],[27.8890069,48.1979183],[27.8886087,48.1983049],[27.8879967,48.1987594],[27.8871539,48.1992062],[27.8853288,48.2002837],[27.8844872,48.2011908],[27.8842256,48.2013878],[27.884188,48.2030615],[27.881271,48.2053172],[27.8806999,48.2055569],[27.876682,48.205881],[27.8753313,48.2062455],[27.8709617,48.208746],[27.8658855,48.2094308],[27.8642787,48.20983],[27.8629898,48.2099917],[27.8613258,48.2100896],[27.8613662,48.2061365],[27.8555583,48.2057623],[27.8536323,48.2056582],[27.8395911,48.2049294],[27.8320989,48.2051163],[27.8331544,48.2009699],[27.8330923,48.2008427],[27.8332466,48.2000219],[27.8331164,48.199705],[27.8333057,48.1993011],[27.8334361,48.1989129],[27.8335938,48.1987625],[27.8339604,48.1974244],[27.8342119,48.1965694],[27.8344691,48.1955669],[27.8356923,48.190572],[27.8360763,48.1887773],[27.8387744,48.1895565],[27.8443407,48.1904255],[27.8445212,48.1897612],[27.8453534,48.1869289],[27.8465225,48.1829893],[27.8471777,48.180491],[27.8483464,48.1775648],[27.8472392,48.1766399],[27.8461033,48.1753656],[27.8442655,48.1740914],[27.8460609,48.1737576],[27.8483711,48.1719204],[27.8495542,48.1711778],[27.8505379,48.1699305],[27.8532201,48.1683905],[27.856964,48.1667363],[27.8582325,48.1651876],[27.8586718,48.1652106],[27.8598604,48.165263],[27.859885,48.1650316],[27.860271,48.1623738],[27.8609124,48.1623114],[27.8621972,48.1623208],[27.8662421,48.1624361],[27.8665923,48.1616466],[27.8666509,48.1609161],[27.8659861,48.1588969],[27.8687939,48.1580778],[27.8688728,48.1579348],[27.8665769,48.1578862],[27.8659519,48.1576728],[27.865005,48.1571283],[27.8645313,48.1567367],[27.8640179,48.1562892],[27.8639125,48.1558321],[27.8652483,48.15587],[27.8658561,48.1505136],[27.8609412,48.1504375],[27.8612185,48.1497553],[27.8616734,48.1489925],[27.862527,48.1472683],[27.8668758,48.1393015],[27.8701913,48.1400559],[27.8769232,48.1415153],[27.8818361,48.1426286],[27.8832732,48.1430252],[27.8837246,48.144194],[27.8834924,48.1455053],[27.8874362,48.1519289],[27.8887811,48.1644571],[27.8888407,48.1657839],[27.8884012,48.1667189],[27.8882182,48.1670389],[27.8898318,48.167379],[27.8905895,48.1675871],[27.8968521,48.169606],[27.9024091,48.1732847],[27.910327,48.1785316],[27.9112033,48.1789295],[27.9112599,48.1789671],[27.913498,48.1804706],[27.9137529,48.1806407],[27.9151373,48.1815721],[27.9132898,48.1826071],[27.9126508,48.1839238],[27.9109226,48.1855868]]]}},{"type":"Feature","properties":{"entity_id":"osm-r19068248","jurisdiction":"MD","display_name":"Popeștii de Jos","display_type":"independent_village","admin_level":8,"tier":"local","legal_registry":"CUATM","legal_id":"3633","legal_type":"independent_village","parent_catalog_id":"osm-r1693907","osm_relation_id":19068248,"legal_identity_status":"reconciled","geometry_source":"OpenStreetMap","canonical_geometry_role":null,"geometry_scope":null,"geometry_precision":"master_coordinate_fidelity"},"geometry":{"type":"Polygon","coordinates":[[[28.0905645,48.060646],[28.0889734,48.0659456],[28.0864002,48.0740271],[28.0857406,48.0755944],[28.085555,48.0764231],[28.0851604,48.077595],[28.0848165,48.0781963],[28.084565,48.0785216],[28.0805863,48.0823925],[28.0761522,48.0829285],[28.07175,48.0842523],[28.0667446,48.0858436],[28.0658423,48.0859305],[28.0651537,48.0859214],[28.0642037,48.085794],[28.0616944,48.0853506],[28.0565546,48.0846168],[28.0538568,48.0842495],[28.0479473,48.0832558],[28.0438274,48.0825786],[28.0411402,48.0821348],[28.0394817,48.0818506],[28.039525,48.081794],[28.039144,48.0817055],[28.0327453,48.0806993],[28.0318705,48.0805608],[28.0306063,48.0803605],[28.0274079,48.0797565],[28.0272501,48.0797388],[28.0222509,48.0788668],[28.0204178,48.0786501],[28.0179471,48.0782131],[28.0173066,48.0780998],[28.0165775,48.0779417],[28.0158565,48.077892],[28.0141383,48.0776326],[28.0140826,48.0776031],[28.0117205,48.077186],[28.0042227,48.0759402],[28.0031709,48.075492],[27.9997718,48.0732398],[27.9993595,48.0728875],[27.9987581,48.0722257],[27.9979702,48.0710173],[27.9974609,48.0699665],[27.9972147,48.0697865],[27.99691,48.0696716],[27.9962107,48.0695628],[27.9946095,48.0691917],[27.9941346,48.0689783],[27.9921802,48.0672328],[27.9865023,48.064288],[27.9893931,48.0578001],[27.9907209,48.0579876],[27.9908243,48.0585294],[27.9928075,48.0597041],[27.993658,48.0594002],[27.9949103,48.0597871],[27.996743,48.0547885],[27.9978507,48.0517928],[27.9989711,48.0486004],[27.9989022,48.0483286],[28.0041822,48.0330608],[28.0153895,48.0351696],[28.0193862,48.0360217],[28.0241045,48.0368445],[28.0263342,48.0373448],[28.0246631,48.0404886],[28.0222302,48.0455427],[28.0207385,48.0487265],[28.0307297,48.0506124],[28.0327821,48.0510693],[28.0404943,48.0524834],[28.0469747,48.0535412],[28.0518195,48.0543309],[28.0542939,48.0546997],[28.0589287,48.0554542],[28.0679074,48.0569816],[28.0742206,48.0579651],[28.0747153,48.0580479],[28.0905645,48.060646]]]}},{"type":"Feature","properties":{"entity_id":"osm-r19068249","jurisdiction":"MD","display_name":"Hăsnășenii Noi","display_type":"commune","admin_level":8,"tier":"local","legal_registry":"CUATM","legal_id":"3621","legal_type":"commune","parent_catalog_id":"osm-r1693907","osm_relation_id":19068249,"legal_identity_status":"reconciled","geometry_source":"OpenStreetMap","canonical_geometry_role":null,"geometry_scope":null,"geometry_precision":"master_coordinate_fidelity"},"geometry":{"type":"Polygon","coordinates":[[[27.9060469,47.8207607],[27.9058984,47.8236274],[27.9064829,47.8253492],[27.9133004,47.8434516],[27.9164788,47.8515582],[27.9166789,47.8518245],[27.9261124,47.8564614],[27.9259073,47.8567206],[27.9245378,47.8583959],[27.923194,47.8601823],[27.9205653,47.8637024],[27.9189869,47.8658549],[27.917373,47.8680207],[27.9165258,47.8691538],[27.9142968,47.8719823],[27.9158739,47.872716],[27.9202155,47.8747408],[27.9230371,47.8758744],[27.9256451,47.8769118],[27.9294177,47.8783915],[27.931444,47.8792163],[27.9347123,47.8804881],[27.9358248,47.8809137],[27.9386844,47.8819483],[27.9422689,47.8833599],[27.9474724,47.8853862],[27.9535503,47.887722],[27.9563817,47.8888108],[27.956175,47.8890261],[27.9544908,47.8907801],[27.9532035,47.8921827],[27.9499432,47.8953002],[27.9380599,47.907231],[27.9359022,47.9093362],[27.9307096,47.9145758],[27.9289164,47.9164337],[27.9240905,47.9142113],[27.921052,47.912815],[27.9182781,47.9115447],[27.9190875,47.9108363],[27.9216936,47.9080221],[27.9220118,47.9076612],[27.9249116,47.9041865],[27.924777,47.9038337],[27.9054148,47.895392],[27.9013831,47.8935334],[27.9030126,47.8918748],[27.91025,47.8845119],[27.9151517,47.8797552],[27.9097046,47.8773178],[27.9019193,47.8739916],[27.8979186,47.8722762],[27.8964272,47.8734667],[27.8945158,47.87524],[27.8925756,47.8769247],[27.8915306,47.8779581],[27.8820347,47.8738359],[27.8755562,47.8712098],[27.8695494,47.8688239],[27.8707632,47.8678561],[27.8744272,47.8647259],[27.8754139,47.8639843],[27.8773232,47.8626988],[27.8781104,47.8620451],[27.8785455,47.8616209],[27.8795388,47.8606525],[27.8800121,47.8601233],[27.8801956,47.8598445],[27.8802555,47.8597631],[27.8806716,47.8591034],[27.8808049,47.8588822],[27.8809098,47.8585388],[27.8811012,47.8568099],[27.8811472,47.855885],[27.881171,47.8552974],[27.8811715,47.8551979],[27.8813996,47.8550863],[27.8826647,47.8552482],[27.8840622,47.8553693],[27.8857743,47.855535],[27.8871298,47.8556673],[27.8881144,47.8404011],[27.8931145,47.8409395],[27.8983175,47.8414126],[27.8997533,47.8415278],[27.9007852,47.8235279],[27.90093,47.8201542],[27.9047383,47.8205226],[27.9060885,47.820627],[27.9060469,47.8207607]]]}},{"type":"Feature","properties":{"entity_id":"osm-r19068250","jurisdiction":"MD","display_name":"Sofia","display_type":"independent_village","admin_level":8,"tier":"local","legal_registry":"CUATM","legal_id":"3635","legal_type":"independent_village","parent_catalog_id":"osm-r1693907","osm_relation_id":19068250,"legal_identity_status":"reconciled","geometry_source":"OpenStreetMap","canonical_geometry_role":null,"geometry_scope":null,"geometry_precision":"master_coordinate_fidelity"},"geometry":{"type":"Polygon","coordinates":[[[27.9182781,47.9115447],[27.9036246,47.9051566],[27.8926193,47.9142674],[27.8948331,47.9154273],[27.8938513,47.9164318],[27.8936855,47.9167777],[27.8945159,47.9172061],[27.8934684,47.9180258],[27.8923943,47.9188658],[27.8909243,47.9200814],[27.8872233,47.9231503],[27.8841386,47.9256283],[27.8872254,47.9274882],[27.905037,47.9386388],[27.9126895,47.9433104],[27.9243224,47.950567],[27.9160826,47.9555214],[27.9144602,47.9564369],[27.9115032,47.9581191],[27.90732,47.9606266],[27.8979057,47.9662367],[27.896032,47.9674],[27.8941429,47.9683691],[27.8936378,47.9688897],[27.8867574,47.9731699],[27.8761612,47.9798118],[27.8710437,47.9830767],[27.8665222,47.9859675],[27.8649532,47.986838],[27.8569349,47.9910465],[27.8499524,47.9878755],[27.8397168,47.9834094],[27.8303537,47.9791415],[27.8297586,47.9791254],[27.8274236,47.9791132],[27.8270439,47.9790016],[27.8270315,47.9788941],[27.8259481,47.9783606],[27.8244807,47.9777103],[27.8179608,47.9749487],[27.814041,47.9732413],[27.8096128,47.971237],[27.8091266,47.9707486],[27.8070793,47.9696842],[27.8058004,47.9700834],[27.803878,47.9700874],[27.8025853,47.9703086],[27.7982063,47.9701188],[27.7976141,47.9702788],[27.7971718,47.9709821],[27.7971308,47.9712853],[27.7951674,47.9738095],[27.790703,47.9727753],[27.7899285,47.9726569],[27.7884381,47.9723141],[27.7975327,47.9640958],[27.7999867,47.9619764],[27.8062541,47.9565724],[27.8092772,47.9538971],[27.8125159,47.9509878],[27.8184921,47.9456102],[27.8214238,47.9430313],[27.8254978,47.9394074],[27.8260678,47.9388727],[27.8267774,47.938161],[27.8292845,47.9354066],[27.8292389,47.9353515],[27.8294997,47.935065],[27.8310204,47.9336533],[27.8345276,47.9304015],[27.8355145,47.9293839],[27.8411407,47.9243852],[27.8442719,47.9215931],[27.8481355,47.9180271],[27.8551388,47.9115784],[27.8600503,47.9070851],[27.8614292,47.9058033],[27.8649545,47.9027105],[27.868034,47.8999723],[27.8702779,47.8980672],[27.873367,47.8950948],[27.8760931,47.892533],[27.8797374,47.8890154],[27.8833267,47.8855028],[27.8842658,47.8847298],[27.8868178,47.8824006],[27.8887172,47.880565],[27.8915306,47.8779581],[27.8925756,47.8769247],[27.8945158,47.87524],[27.8964272,47.8734667],[27.8979186,47.8722762],[27.9019193,47.8739916],[27.9097046,47.8773178],[27.9151517,47.8797552],[27.91025,47.8845119],[27.9030126,47.8918748],[27.9013831,47.8935334],[27.9054148,47.895392],[27.924777,47.9038337],[27.9249116,47.9041865],[27.9220118,47.9076612],[27.9216936,47.9080221],[27.9190875,47.9108363],[27.9182781,47.9115447]]]}},{"type":"Feature","properties":{"entity_id":"osm-r19068251","jurisdiction":"MD","display_name":"Pervomaiscoe","display_type":"commune","admin_level":8,"tier":"local","legal_registry":"CUATM","legal_id":"3630","legal_type":"commune","parent_catalog_id":"osm-r1693907","osm_relation_id":19068251,"legal_identity_status":"reconciled","geometry_source":"OpenStreetMap","canonical_geometry_role":null,"geometry_scope":null,"geometry_precision":"master_coordinate_fidelity"},"geometry":{"type":"Polygon","coordinates":[[[27.7665724,48.0716677],[27.7661347,48.0719823],[27.766818,48.0721262],[27.7665954,48.0726132],[27.7660558,48.0734533],[27.7652274,48.074617],[27.7650571,48.0756886],[27.765122,48.0760904],[27.7653686,48.0767025],[27.7645819,48.0778955],[27.7669549,48.0788643],[27.7671478,48.0786598],[27.7733891,48.0810092],[27.7758774,48.0820204],[27.7728669,48.0856056],[27.7706709,48.0880615],[27.7670483,48.0918203],[27.7633218,48.0904215],[27.7620468,48.0900723],[27.7595194,48.092841],[27.7548364,48.097942],[27.7525239,48.1005365],[27.7493647,48.0992889],[27.7485362,48.1010714],[27.7472216,48.1031146],[27.7464696,48.1049538],[27.7428021,48.1129434],[27.7425895,48.1132366],[27.7382967,48.1118165],[27.7336565,48.1101448],[27.7293854,48.1083263],[27.728336,48.1078639],[27.7281491,48.10808],[27.7122572,48.1011159],[27.7088767,48.0995806],[27.7086231,48.0994652],[27.7070625,48.0988038],[27.707412,48.0977878],[27.7076603,48.0968024],[27.7079226,48.0942621],[27.708749,48.0827912],[27.7088685,48.0806657],[27.7097995,48.0806361],[27.7114506,48.0806436],[27.7133183,48.0806946],[27.714864,48.0806955],[27.7150109,48.0807444],[27.7151607,48.0778371],[27.7185871,48.0779625],[27.7189489,48.0779757],[27.7189893,48.0774721],[27.7190619,48.0765104],[27.7190546,48.0763537],[27.7189761,48.0762553],[27.7189961,48.0756809],[27.7190364,48.0755785],[27.7191017,48.0750415],[27.7191154,48.0746579],[27.7202108,48.0733759],[27.7204394,48.07224],[27.7211695,48.0711537],[27.7217657,48.0706968],[27.7223935,48.0709183],[27.7226243,48.0708358],[27.7240522,48.0680171],[27.7244472,48.0664302],[27.7241689,48.0652814],[27.7241428,48.0639945],[27.723957,48.0628779],[27.7241544,48.0617007],[27.724869,48.0610589],[27.7251689,48.0603168],[27.7257426,48.0603096],[27.7277695,48.0606356],[27.7289887,48.060806],[27.729418,48.0608516],[27.7297926,48.060836],[27.7302365,48.0607851],[27.7305758,48.0606949],[27.7307586,48.0606361],[27.7310197,48.0605371],[27.7311739,48.0604608],[27.7315869,48.0602031],[27.7330395,48.0605322],[27.7333391,48.0604048],[27.7337785,48.0597526],[27.7342809,48.0598483],[27.7343565,48.060752],[27.7345967,48.0608933],[27.7348347,48.0609162],[27.7356196,48.0608097],[27.7375577,48.0613354],[27.740515,48.0617234],[27.7401066,48.0626357],[27.7361994,48.0714136],[27.7363751,48.0714465],[27.7369501,48.0717241],[27.7360356,48.0730662],[27.7379465,48.0732946],[27.7413015,48.0737943],[27.7439248,48.0742144],[27.7468339,48.0674495],[27.7474695,48.066038],[27.7469957,48.0654021],[27.7465231,48.0645947],[27.7461412,48.0642076],[27.7456193,48.0638255],[27.7451238,48.0635563],[27.7456486,48.0632829],[27.7472063,48.0625907],[27.7484734,48.0620659],[27.7493278,48.0616644],[27.7500037,48.0613858],[27.7503092,48.0615246],[27.7495073,48.0624569],[27.7516032,48.0638624],[27.7528454,48.0645973],[27.7569481,48.0670826],[27.7600753,48.0690564],[27.7606526,48.0693482],[27.7646418,48.0709155],[27.7665724,48.0716677]]]}},{"type":"Feature","properties":{"entity_id":"osm-r19068252","jurisdiction":"MD","display_name":"Șuri","display_type":"commune","admin_level":8,"tier":"local","legal_registry":"CUATM","legal_id":"3639","legal_type":"commune","parent_catalog_id":"osm-r1693907","osm_relation_id":19068252,"legal_identity_status":"reconciled","geometry_source":"OpenStreetMap","canonical_geometry_role":null,"geometry_scope":null,"geometry_precision":"master_coordinate_fidelity"},"geometry":{"type":"Polygon","coordinates":[[[27.8301401,48.0436211],[27.8308914,48.0436635],[27.8306732,48.0442006],[27.8309886,48.0453304],[27.8313902,48.0471564],[27.8314364,48.0474077],[27.8333657,48.0464464],[27.8323935,48.0456946],[27.8329338,48.0453523],[27.8336023,48.0454446],[27.838315,48.0453378],[27.839269,48.0456117],[27.8430574,48.0451485],[27.8464981,48.0450449],[27.846596,48.0459172],[27.8467008,48.0493232],[27.8486516,48.0504839],[27.8473427,48.0517027],[27.8439184,48.0534105],[27.8422621,48.0541501],[27.8432667,48.0551661],[27.8431515,48.0558258],[27.8526751,48.0623865],[27.8546288,48.0636534],[27.8572217,48.0654852],[27.8578953,48.0661814],[27.8594667,48.0671061],[27.8689871,48.0736671],[27.8702719,48.0745396],[27.8720301,48.0761578],[27.8727264,48.0767569],[27.8746206,48.0783534],[27.875743,48.0793462],[27.876406,48.0798487],[27.8792838,48.0823907],[27.8800328,48.0836247],[27.8796604,48.0839778],[27.8800653,48.0844091],[27.8782899,48.0856018],[27.8766132,48.0864932],[27.8779148,48.0883308],[27.8782114,48.0886815],[27.8785261,48.088902],[27.878416,48.0889409],[27.8785164,48.0890523],[27.8781122,48.0891954],[27.8786102,48.0893772],[27.8790235,48.0895168],[27.8793338,48.0896235],[27.879599,48.0897151],[27.8794153,48.0899832],[27.8788342,48.0905764],[27.877476,48.0919594],[27.8785665,48.0929264],[27.8805854,48.0959854],[27.8835489,48.0997544],[27.8844007,48.1010565],[27.890356,48.1093804],[27.8927032,48.1120636],[27.8927579,48.1122257],[27.8927559,48.1122445],[27.8926956,48.1122322],[27.8927191,48.1124258],[27.892514,48.1128195],[27.892325,48.1131687],[27.891851,48.1140938],[27.8907576,48.1160857],[27.8902543,48.1169955],[27.8899765,48.1171056],[27.8895939,48.1179527],[27.8891421,48.1188732],[27.8884231,48.1202756],[27.8875698,48.1219338],[27.8869381,48.1231491],[27.8860518,48.1249109],[27.8856372,48.125827],[27.8710771,48.1224819],[27.8705265,48.1190024],[27.8701055,48.1187148],[27.8615202,48.1156222],[27.8559575,48.1136938],[27.8552293,48.1147987],[27.8475831,48.1123654],[27.8463627,48.1139585],[27.8450706,48.1157624],[27.8433017,48.1155498],[27.8371557,48.1136282],[27.8344367,48.1131543],[27.8321558,48.1120789],[27.8310268,48.1109777],[27.8297829,48.1100964],[27.8301332,48.1092399],[27.8330011,48.1069026],[27.8320588,48.1044179],[27.8312712,48.1041794],[27.8311072,48.1036569],[27.8305072,48.1005519],[27.8303247,48.1003073],[27.8299168,48.0999923],[27.8274261,48.0989668],[27.8266448,48.098632],[27.8266168,48.0987607],[27.8262062,48.0986489],[27.8234468,48.0975312],[27.8216066,48.0967169],[27.8196574,48.0959337],[27.8182486,48.0954715],[27.8123599,48.0933107],[27.8089901,48.0919999],[27.8061107,48.0909798],[27.7962532,48.0871274],[27.7899405,48.0847228],[27.7805866,48.0810717],[27.7776844,48.0799344],[27.7758774,48.0820204],[27.7733891,48.0810092],[27.7671478,48.0786598],[27.7669549,48.0788643],[27.7645819,48.0778955],[27.7653686,48.0767025],[27.765122,48.0760904],[27.7650571,48.0756886],[27.7652274,48.074617],[27.7660558,48.0734533],[27.7665954,48.0726132],[27.766818,48.0721262],[27.7661347,48.0719823],[27.7665724,48.0716677],[27.766747,48.0715409],[27.7673428,48.0712015],[27.7678333,48.0709458],[27.7680531,48.0708312],[27.7695302,48.0702208],[27.7723158,48.0691118],[27.7745435,48.0682466],[27.7746809,48.0680488],[27.7748349,48.0678032],[27.7752171,48.0674422],[27.7761229,48.0667008],[27.7772826,48.0654271],[27.7781195,48.0643948],[27.7784266,48.0638619],[27.778633,48.0631992],[27.7788197,48.0624474],[27.7788737,48.0617149],[27.778781,48.0611624],[27.7784348,48.0605061],[27.778261,48.0602383],[27.7778777,48.0596877],[27.77696,48.0589655],[27.7766153,48.0586571],[27.7759997,48.0580762],[27.7755683,48.05757],[27.7751986,48.057075],[27.7749756,48.0565723],[27.7745208,48.0552342],[27.7744463,48.0547184],[27.7745002,48.0544882],[27.7747458,48.0543666],[27.774929,48.054199],[27.77521,48.0531411],[27.7753768,48.0528113],[27.7758822,48.0521009],[27.7766155,48.051426],[27.7774801,48.0508321],[27.7771978,48.0507088],[27.7775537,48.0504806],[27.7786915,48.05],[27.7800477,48.049444],[27.781607,48.0487571],[27.7817575,48.0486859],[27.7819278,48.0488552],[27.7836078,48.0480333],[27.783813,48.0479101],[27.7843773,48.0481841],[27.7847099,48.0481859],[27.7859875,48.0486495],[27.7874084,48.0477118],[27.787543,48.0476068],[27.7894814,48.0450338],[27.7911865,48.0433993],[27.7915721,48.0431159],[27.7929753,48.0440625],[27.794839,48.0430365],[27.7953449,48.0436913],[27.7957794,48.0445255],[27.7963643,48.0457693],[27.7967579,48.0463866],[27.796995,48.0462374],[27.7971359,48.0461902],[27.7976643,48.0467874],[27.7978997,48.0471213],[27.7980733,48.047214],[27.7970865,48.0476729],[27.7984004,48.0479485],[27.8060919,48.0495629],[27.8062679,48.0489238],[27.8063716,48.0487905],[27.8064448,48.0487929],[27.8065895,48.0487705],[27.8091326,48.0487299],[27.8099376,48.0487308],[27.8106145,48.0488615],[27.8112733,48.0490175],[27.8136453,48.0496311],[27.8141047,48.0496559],[27.814354,48.0496659],[27.8148166,48.0496565],[27.8164133,48.049582],[27.8167138,48.0495605],[27.8182524,48.0495703],[27.8196448,48.0495782],[27.8209772,48.0493321],[27.8215016,48.0491134],[27.8212286,48.0486439],[27.8211658,48.048536],[27.8212129,48.0483178],[27.8213027,48.0479025],[27.8218754,48.0470499],[27.8219335,48.0463679],[27.8221331,48.046177],[27.8221298,48.0460491],[27.8216911,48.0455233],[27.8212009,48.0448451],[27.8212541,48.0448127],[27.8223242,48.0446645],[27.823433,48.0444434],[27.8250501,48.0440389],[27.8266733,48.0460213],[27.8275132,48.0454668],[27.8301401,48.0436211]]]}},{"type":"Feature","properties":{"entity_id":"osm-r19068253","jurisdiction":"MD","display_name":"Pelinia","display_type":"commune","admin_level":8,"tier":"local","legal_registry":"CUATM","legal_id":"7135","legal_type":"commune","parent_catalog_id":"osm-r1693907","osm_relation_id":19068253,"legal_identity_status":"reconciled","geometry_source":"OpenStreetMap","canonical_geometry_role":null,"geometry_scope":null,"geometry_precision":"master_coordinate_fidelity"},"geometry":{"type":"Polygon","coordinates":[[[27.878854,47.8595156],[27.8802555,47.8597631],[27.8801956,47.8598445],[27.8800121,47.8601233],[27.8795388,47.8606525],[27.8785455,47.8616209],[27.8781104,47.8620451],[27.8773232,47.8626988],[27.8754139,47.8639843],[27.8744272,47.8647259],[27.8707632,47.8678561],[27.8695494,47.8688239],[27.8755562,47.8712098],[27.8820347,47.8738359],[27.8915306,47.8779581],[27.8887172,47.880565],[27.8868178,47.8824006],[27.8842658,47.8847298],[27.8833267,47.8855028],[27.8797374,47.8890154],[27.8760931,47.892533],[27.873367,47.8950948],[27.8702779,47.8980672],[27.868034,47.8999723],[27.8649545,47.9027105],[27.8614292,47.9058033],[27.8600503,47.9070851],[27.8551388,47.9115784],[27.8481355,47.9180271],[27.8442719,47.9215931],[27.8411407,47.9243852],[27.8355145,47.9293839],[27.8345276,47.9304015],[27.8310204,47.9336533],[27.8294997,47.935065],[27.8292389,47.9353515],[27.8292845,47.9354066],[27.8267774,47.938161],[27.8260678,47.9388727],[27.8254978,47.9394074],[27.8214238,47.9430313],[27.8184921,47.9456102],[27.8125159,47.9509878],[27.8092772,47.9538971],[27.8062541,47.9565724],[27.7999867,47.9619764],[27.7975327,47.9640958],[27.7884381,47.9723141],[27.7795706,47.9701253],[27.7718823,47.9683982],[27.769078,47.9678233],[27.7654875,47.9670067],[27.7664447,47.9648768],[27.7691952,47.9595948],[27.7702625,47.9576221],[27.7706331,47.9566683],[27.7579576,47.9537138],[27.7529971,47.952528],[27.7529518,47.952146],[27.7528142,47.951579],[27.7526781,47.9513488],[27.7526521,47.9511157],[27.7527863,47.9507976],[27.7527719,47.9506716],[27.7524178,47.9500575],[27.7523774,47.9499269],[27.7523374,47.9496554],[27.7523667,47.9493969],[27.7524616,47.9492137],[27.7528754,47.948758],[27.7531705,47.9486547],[27.7532223,47.9485966],[27.7531419,47.9481644],[27.752859,47.9479844],[27.7525566,47.947868],[27.7520818,47.9479147],[27.7519774,47.9478449],[27.7519854,47.9477061],[27.7523007,47.9473764],[27.7523777,47.9472437],[27.7524078,47.9470319],[27.7524084,47.9466361],[27.7516381,47.9463114],[27.7509914,47.945946],[27.7506246,47.9458841],[27.750495,47.9458294],[27.7502219,47.9455634],[27.7500682,47.9454731],[27.7497124,47.9453998],[27.7490229,47.9453884],[27.7486559,47.9454563],[27.7484902,47.9453353],[27.748495,47.9452427],[27.7485788,47.9451362],[27.7486151,47.9448423],[27.7484841,47.9443847],[27.7486708,47.9440394],[27.7486434,47.9439123],[27.7485019,47.9438872],[27.7482451,47.943595],[27.7481589,47.9434283],[27.7482104,47.9430143],[27.7483167,47.9426211],[27.7485349,47.9421872],[27.7487075,47.9419767],[27.7490686,47.9416338],[27.7490971,47.9414349],[27.7491981,47.9412557],[27.7495148,47.941015],[27.7498884,47.9408798],[27.7501304,47.9408609],[27.7503051,47.9407713],[27.7504186,47.9404396],[27.7503767,47.9403125],[27.7502454,47.9401664],[27.7499006,47.9398562],[27.7495379,47.9394671],[27.7495207,47.9393396],[27.7496437,47.9392236],[27.7498978,47.9391502],[27.7503806,47.93908],[27.7507606,47.9390596],[27.7511326,47.9391168],[27.7513861,47.9392116],[27.7517732,47.9395065],[27.7520078,47.939608],[27.7521581,47.9396253],[27.7523252,47.9395689],[27.7524906,47.9394211],[27.7525467,47.93933],[27.7525924,47.9390327],[27.7526445,47.9389193],[27.7528148,47.9386978],[27.7530267,47.9385485],[27.7530719,47.9384087],[27.7530605,47.9382813],[27.7529691,47.9381777],[27.7527345,47.938017],[27.7523851,47.9378958],[27.7521594,47.937669],[27.752126,47.9375787],[27.7522283,47.9373582],[27.7523278,47.9372849],[27.7524318,47.9372652],[27.7525856,47.9372971],[27.7528338,47.9373943],[27.7529604,47.9374105],[27.7531611,47.9373826],[27.7532626,47.9373377],[27.7533443,47.9372597],[27.7533885,47.9371527],[27.7532355,47.9368922],[27.7531002,47.936837],[27.7529194,47.9364791],[27.7524413,47.9364093],[27.7518817,47.936377],[27.7510683,47.9361161],[27.7508422,47.9359889],[27.7499677,47.9358888],[27.7488205,47.9358339],[27.7486307,47.9357979],[27.7484431,47.9357048],[27.7483037,47.935553],[27.7481937,47.9353035],[27.7480258,47.9350799],[27.7481125,47.9348833],[27.7481023,47.9347813],[27.7480023,47.9347127],[27.7478253,47.9346875],[27.7476409,47.9347325],[27.7464728,47.9348805],[27.7454981,47.9350646],[27.7447926,47.9352414],[27.7444901,47.9353576],[27.7442574,47.9355486],[27.7440241,47.935659],[27.7436843,47.9357519],[27.7430529,47.9358017],[27.7429099,47.9357677],[27.7428118,47.9356609],[27.742771,47.9355246],[27.7424343,47.9351396],[27.7421419,47.9348987],[27.7419494,47.9347176],[27.7417095,47.934582],[27.7414254,47.9343898],[27.7413403,47.934259],[27.7411812,47.934113],[27.7410695,47.9338276],[27.7409205,47.9335338],[27.7408775,47.9333394],[27.7406511,47.9330678],[27.7406059,47.9329397],[27.7405452,47.9326053],[27.7405855,47.9322382],[27.7406701,47.9320837],[27.7411137,47.9316267],[27.7415089,47.9315441],[27.741759,47.9315838],[27.7422935,47.9313665],[27.7425829,47.9313342],[27.7429354,47.931371],[27.7431521,47.9313365],[27.7435273,47.9310666],[27.743655,47.9308634],[27.7439967,47.9305962],[27.7440933,47.9305904],[27.7444316,47.9308948],[27.7446601,47.9309635],[27.7449839,47.931202],[27.7451367,47.9312838],[27.7454181,47.9312707],[27.7459103,47.9310819],[27.746093,47.9309351],[27.7462852,47.9308524],[27.7466136,47.9308741],[27.7469922,47.9307914],[27.7474807,47.9309997],[27.7476476,47.9310289],[27.7478799,47.931027],[27.7483531,47.9308582],[27.7486181,47.930685],[27.7486697,47.9306063],[27.7486826,47.9300418],[27.7485737,47.9298113],[27.748638,47.9297063],[27.7488923,47.9296228],[27.7491588,47.9294858],[27.7494962,47.9292471],[27.7496051,47.9290978],[27.7496542,47.9289202],[27.7497363,47.9288506],[27.7498275,47.9288177],[27.7499564,47.9288255],[27.7500696,47.9288698],[27.750302,47.9290067],[27.7507728,47.9291802],[27.7510173,47.9291944],[27.7513061,47.9291029],[27.7514141,47.9290226],[27.7514641,47.9288495],[27.7514059,47.9284612],[27.751488,47.9281601],[27.7514992,47.9279512],[27.7514342,47.9277196],[27.7513399,47.9275479],[27.7512076,47.9273468],[27.7510094,47.9272281],[27.7506813,47.9271061],[27.7503977,47.9270891],[27.7498624,47.9269435],[27.7495481,47.926943],[27.7492372,47.9270053],[27.749039,47.927116],[27.7487985,47.9271608],[27.7473754,47.9271072],[27.7471994,47.9268175],[27.7469752,47.9267096],[27.7465999,47.9264608],[27.7461961,47.926278],[27.7461174,47.9260772],[27.7461648,47.9259551],[27.7461766,47.9256251],[27.7466918,47.9251614],[27.7469946,47.9247861],[27.7473092,47.9246238],[27.7478302,47.9243005],[27.7484357,47.9240213],[27.7487288,47.9238085],[27.7490361,47.9235321],[27.7490596,47.9234115],[27.7488735,47.9231709],[27.7486357,47.9230777],[27.7482771,47.9230248],[27.7471989,47.9231688],[27.7464075,47.9234316],[27.7461456,47.9235761],[27.7460618,47.9237073],[27.7459123,47.9238114],[27.7456796,47.9237767],[27.7455282,47.9238118],[27.7452815,47.9239548],[27.7451015,47.9240059],[27.7443639,47.9240017],[27.7439117,47.923942],[27.7431057,47.9239356],[27.7426908,47.9239957],[27.7425074,47.9239966],[27.7421403,47.923928],[27.7409917,47.9234057],[27.7406799,47.9232109],[27.7404697,47.9223808],[27.740445,47.9219921],[27.7405883,47.9216172],[27.7408966,47.9213014],[27.7409185,47.921157],[27.7407049,47.9208618],[27.7406424,47.9206694],[27.740334,47.9204242],[27.7402507,47.9202901],[27.7403714,47.9200416],[27.7403565,47.9197086],[27.740488,47.9193593],[27.7405981,47.9192674],[27.7406199,47.9188209],[27.7405652,47.9185492],[27.7405855,47.9183754],[27.7409673,47.9177307],[27.7413248,47.9172703],[27.7413043,47.916926],[27.7414294,47.9166254],[27.7414631,47.9159269],[27.7415402,47.9157256],[27.7417088,47.9155442],[27.7417673,47.9149225],[27.7416756,47.9143131],[27.7415267,47.9140078],[27.7412675,47.9136493],[27.7400816,47.9126983],[27.7398636,47.9124135],[27.7398197,47.9122604],[27.7398654,47.9121232],[27.7400272,47.9120214],[27.7400273,47.9116383],[27.7397851,47.9112223],[27.7397803,47.9109256],[27.7394851,47.9099541],[27.7396073,47.90958],[27.7401754,47.9090756],[27.7406092,47.908616],[27.7413298,47.9079888],[27.7418503,47.9072413],[27.7422771,47.9067315],[27.742699,47.906451],[27.7432438,47.9062019],[27.7439391,47.9059823],[27.7442814,47.9059527],[27.744899,47.906136],[27.7450774,47.90612],[27.7453657,47.9059817],[27.7464352,47.9051001],[27.7468855,47.9047633],[27.747703,47.9043925],[27.7483447,47.9042562],[27.7487654,47.9042165],[27.749094,47.9043718],[27.7491934,47.9043689],[27.7497036,47.9039736],[27.750267,47.9034488],[27.7504558,47.9034027],[27.7516453,47.9037578],[27.7519531,47.9038938],[27.752078,47.9039825],[27.7521159,47.9040829],[27.7521175,47.904493],[27.7522003,47.9046672],[27.7523883,47.9048388],[27.7526865,47.9049785],[27.7531118,47.9050336],[27.7533925,47.9049684],[27.7537083,47.904764],[27.7543688,47.9041871],[27.7548469,47.903841],[27.7551261,47.9037386],[27.7558398,47.9035717],[27.7561143,47.9033896],[27.7559698,47.9031765],[27.7558491,47.9024334],[27.7556545,47.9020354],[27.7557138,47.9017203],[27.7558119,47.9012744],[27.755695,47.9010027],[27.7554626,47.9007204],[27.7546656,47.9001743],[27.7542302,47.9002054],[27.7539154,47.9000948],[27.7538474,47.9000366],[27.7538379,47.8999556],[27.7541354,47.8996837],[27.7542181,47.8995679],[27.7541855,47.8994971],[27.7528398,47.8990364],[27.7525986,47.8989226],[27.752507,47.8988072],[27.7524857,47.8986762],[27.7524996,47.8983243],[27.7524024,47.8981587],[27.7521941,47.8979359],[27.7520942,47.8972918],[27.7521166,47.8971044],[27.7518588,47.8965609],[27.7518374,47.8962852],[27.7516672,47.8960775],[27.7516603,47.8960177],[27.7518109,47.8958843],[27.7518692,47.8958076],[27.7518335,47.8956057],[27.7519023,47.8953327],[27.7516511,47.894991],[27.7516445,47.8947967],[27.7518491,47.8944655],[27.7520478,47.8943104],[27.7527533,47.8941002],[27.7528962,47.8941305],[27.7531509,47.8943432],[27.7533623,47.8943887],[27.7534868,47.8943663],[27.7536495,47.8942593],[27.7539869,47.8941232],[27.7544338,47.8940468],[27.7546704,47.8939138],[27.7553972,47.8940624],[27.7563073,47.8941368],[27.7568265,47.8942367],[27.7575618,47.8943198],[27.7578081,47.8943238],[27.7584201,47.894033],[27.7586654,47.8938835],[27.7589319,47.893648],[27.7592169,47.8935397],[27.7595629,47.8934357],[27.7600436,47.8933311],[27.7602815,47.893319],[27.7605566,47.8933924],[27.7609679,47.8935726],[27.761295,47.8937646],[27.7615467,47.8938783],[27.7618076,47.893935],[27.762061,47.8939127],[27.7625893,47.8935794],[27.7625581,47.8934777],[27.7627337,47.89333],[27.7628871,47.8932808],[27.7629754,47.8931299],[27.7629869,47.8929323],[27.7631318,47.8927582],[27.7632395,47.8925392],[27.7637996,47.8919536],[27.7640658,47.8917393],[27.7643189,47.8914234],[27.7645157,47.8912646],[27.7646432,47.8912216],[27.7647976,47.8913227],[27.76488,47.8913058],[27.764965,47.8909864],[27.7651822,47.8909549],[27.7654035,47.8908148],[27.7653921,47.8907312],[27.765255,47.8905429],[27.7652846,47.890467],[27.7657897,47.8901588],[27.7661979,47.8896514],[27.7667079,47.8892502],[27.7669458,47.8889272],[27.767322,47.8886197],[27.7679189,47.8884534],[27.7684328,47.8883564],[27.7690073,47.8883114],[27.7691904,47.8883259],[27.7699043,47.888516],[27.7702462,47.8885873],[27.7706068,47.8886162],[27.7712891,47.8885753],[27.7717388,47.888502],[27.7728084,47.8885705],[27.7731277,47.8886172],[27.7735313,47.8888008],[27.7740252,47.8887007],[27.7747026,47.888436],[27.7754244,47.8884386],[27.776164,47.888083],[27.7769153,47.8880142],[27.7779169,47.8877845],[27.778704,47.8872737],[27.7789707,47.8871772],[27.7803577,47.8872072],[27.7822364,47.8861177],[27.78309,47.8854778],[27.7840395,47.8849611],[27.7847324,47.8845059],[27.7856944,47.8840538],[27.7870576,47.8832659],[27.7873803,47.8830281],[27.7875636,47.8829494],[27.7878714,47.8829167],[27.7880042,47.8828278],[27.7881126,47.8827048],[27.7881623,47.8823804],[27.7886983,47.8820997],[27.7893794,47.881664],[27.7903977,47.8812959],[27.7909179,47.880896],[27.7911807,47.8806315],[27.7913785,47.8803724],[27.791625,47.879874],[27.7920142,47.8795691],[27.7926639,47.879366],[27.7931002,47.8792874],[27.7936955,47.8789977],[27.7938831,47.8787906],[27.7940124,47.8785125],[27.7939858,47.8780063],[27.7938976,47.877713],[27.7939879,47.8774976],[27.7941841,47.8773741],[27.7944371,47.8772881],[27.7952119,47.8771585],[27.7963693,47.8767224],[27.7986872,47.8758997],[27.7995425,47.8754931],[27.7995978,47.8752516],[27.7999911,47.8749209],[27.8000662,47.8746166],[27.7999687,47.8742937],[27.7998102,47.8739717],[27.799704,47.8738241],[27.7991852,47.8734459],[27.7983398,47.8729251],[27.7977989,47.8726474],[27.7970253,47.8721809],[27.7967328,47.8719674],[27.7965749,47.8717566],[27.7964582,47.8713722],[27.7964762,47.8710486],[27.7976669,47.8677267],[27.7979008,47.866979],[27.7982311,47.8663115],[27.798407,47.8654643],[27.7986932,47.8648213],[27.8003256,47.8633026],[27.8017359,47.8618366],[27.8020804,47.8614238],[27.802672,47.8609355],[27.8037032,47.8603985],[27.8040775,47.860298],[27.8045904,47.8602637],[27.8057718,47.859933],[27.8063359,47.8595958],[27.8076858,47.8586359],[27.8086781,47.8577489],[27.8098605,47.8567828],[27.810549,47.8562473],[27.8109527,47.8558524],[27.8112079,47.8553933],[27.8115528,47.8546988],[27.8124097,47.8518343],[27.8139633,47.8464629],[27.8145575,47.8443376],[27.8148295,47.843612],[27.8151109,47.8431419],[27.8156136,47.8425974],[27.8166785,47.8417698],[27.8171468,47.8415058],[27.8177532,47.8412435],[27.8184432,47.8410332],[27.8198742,47.8407809],[27.8210679,47.8406771],[27.8301399,47.8403779],[27.8306633,47.8402564],[27.8305237,47.8408954],[27.8338958,47.8424322],[27.8455696,47.8475709],[27.8511595,47.8500691],[27.8513171,47.8501782],[27.8560937,47.8522005],[27.8589491,47.8534375],[27.8671371,47.8571052],[27.8715115,47.8579646],[27.8766822,47.8590746],[27.8783295,47.859405],[27.878854,47.8595156]]]}},{"type":"Feature","properties":{"entity_id":"osm-r19068254","jurisdiction":"MD","display_name":"Antoneuca","display_type":"independent_village","admin_level":8,"tier":"local","legal_registry":"CUATM","legal_id":"3610","legal_type":"independent_village","parent_catalog_id":"osm-r1693907","osm_relation_id":19068254,"legal_identity_status":"reconciled","geometry_source":"OpenStreetMap","canonical_geometry_role":null,"geometry_scope":null,"geometry_precision":"master_coordinate_fidelity"},"geometry":{"type":"Polygon","coordinates":[[[27.7079226,48.0942621],[27.7024566,48.0919007],[27.6977094,48.0898014],[27.6932235,48.0878749],[27.6795018,48.0818858],[27.674834,48.0798037],[27.6756041,48.0795325],[27.6762968,48.0799264],[27.6768443,48.0799225],[27.6772656,48.0797416],[27.6773412,48.0794695],[27.6779141,48.0787454],[27.6777536,48.0783226],[27.6777358,48.0780955],[27.6778799,48.0779731],[27.6781322,48.0779077],[27.6785132,48.0779126],[27.6794328,48.0776361],[27.6802859,48.0779021],[27.6805732,48.0777659],[27.6805508,48.0776501],[27.6812222,48.0772465],[27.6807397,48.0767161],[27.6802009,48.076686],[27.6799074,48.0764295],[27.6800025,48.0763152],[27.6803208,48.0763938],[27.6809729,48.0757252],[27.6809204,48.0750174],[27.6796126,48.074441],[27.6793637,48.0741074],[27.6798977,48.0724285],[27.6805297,48.0720313],[27.6817069,48.0715647],[27.6823633,48.0713269],[27.6829685,48.071213],[27.6833265,48.0710346],[27.6841859,48.0709389],[27.6848826,48.0713537],[27.6851987,48.0714398],[27.6860489,48.0713634],[27.6865767,48.0710409],[27.6874369,48.0708859],[27.6877463,48.071076],[27.6882408,48.0710407],[27.6879795,48.070379],[27.6875936,48.0700782],[27.6879093,48.0698118],[27.6884957,48.069829],[27.6891782,48.0696995],[27.6904885,48.0698243],[27.6905679,48.0693507],[27.6907909,48.0690175],[27.6910731,48.0689112],[27.6920042,48.0690273],[27.6921435,48.0688846],[27.6921008,48.068257],[27.6917993,48.0682735],[27.6907427,48.0675327],[27.6902462,48.0674074],[27.6897854,48.0668817],[27.6888077,48.0673399],[27.6883441,48.0671245],[27.6880746,48.0668781],[27.6881565,48.0658399],[27.6876641,48.0645812],[27.6876691,48.0642388],[27.6878328,48.0637181],[27.6881544,48.0632252],[27.6888671,48.0621985],[27.6903433,48.0610993],[27.6904132,48.0605525],[27.6913986,48.0609683],[27.6920232,48.0606809],[27.6923447,48.0607461],[27.6930606,48.0605083],[27.6932022,48.060115],[27.6934592,48.0598532],[27.6941427,48.0596856],[27.6946249,48.0593934],[27.6956559,48.0594675],[27.6960409,48.0596002],[27.6962035,48.0595425],[27.6961119,48.0591061],[27.6962854,48.0585974],[27.6960635,48.0584255],[27.6963762,48.0579367],[27.6954636,48.057478],[27.6941727,48.0572079],[27.6940733,48.0570777],[27.6941146,48.0569027],[27.6944715,48.0565483],[27.6946482,48.056217],[27.6947712,48.0560552],[27.6947623,48.0558077],[27.6946751,48.0556522],[27.6949509,48.0553243],[27.6956498,48.0550144],[27.6963379,48.0550191],[27.6965639,48.0548428],[27.6964218,48.0538276],[27.696214,48.0536175],[27.6962568,48.0534414],[27.6969174,48.0531852],[27.6972832,48.0527977],[27.6970799,48.051659],[27.6972866,48.0510202],[27.6978144,48.0504343],[27.696806,48.0496646],[27.6969092,48.0493378],[27.697231,48.0491794],[27.6975127,48.0491681],[27.6982596,48.0486247],[27.6988162,48.0480798],[27.6991469,48.0479366],[27.6994694,48.0477301],[27.7000908,48.0475599],[27.7008673,48.0472866],[27.7045381,48.0486845],[27.7167758,48.0526172],[27.7224968,48.0546333],[27.722955,48.0548665],[27.734478,48.0580268],[27.7409072,48.0595696],[27.7457293,48.0606795],[27.7479795,48.0612962],[27.7490193,48.0616442],[27.7493278,48.0616644],[27.7484734,48.0620659],[27.7472063,48.0625907],[27.7456486,48.0632829],[27.7451238,48.0635563],[27.7456193,48.0638255],[27.7461412,48.0642076],[27.7465231,48.0645947],[27.7469957,48.0654021],[27.7474695,48.066038],[27.7468339,48.0674495],[27.7439248,48.0742144],[27.7413015,48.0737943],[27.7379465,48.0732946],[27.7360356,48.0730662],[27.7369501,48.0717241],[27.7363751,48.0714465],[27.7361994,48.0714136],[27.7401066,48.0626357],[27.740515,48.0617234],[27.7375577,48.0613354],[27.7356196,48.0608097],[27.7348347,48.0609162],[27.7345967,48.0608933],[27.7343565,48.060752],[27.7342809,48.0598483],[27.7337785,48.0597526],[27.7333391,48.0604048],[27.7330395,48.0605322],[27.7315869,48.0602031],[27.7311739,48.0604608],[27.7310197,48.0605371],[27.7307586,48.0606361],[27.7305758,48.0606949],[27.7302365,48.0607851],[27.7297926,48.060836],[27.729418,48.0608516],[27.7289887,48.060806],[27.7277695,48.0606356],[27.7257426,48.0603096],[27.7251689,48.0603168],[27.724869,48.0610589],[27.7241544,48.0617007],[27.723957,48.0628779],[27.7241428,48.0639945],[27.7241689,48.0652814],[27.7244472,48.0664302],[27.7240522,48.0680171],[27.7226243,48.0708358],[27.7223935,48.0709183],[27.7217657,48.0706968],[27.7211695,48.0711537],[27.7204394,48.07224],[27.7202108,48.0733759],[27.7191154,48.0746579],[27.7191017,48.0750415],[27.7190364,48.0755785],[27.7189961,48.0756809],[27.7189761,48.0762553],[27.7190546,48.0763537],[27.7190619,48.0765104],[27.7189893,48.0774721],[27.7189489,48.0779757],[27.7185871,48.0779625],[27.7151607,48.0778371],[27.7150109,48.0807444],[27.714864,48.0806955],[27.7133183,48.0806946],[27.7114506,48.0806436],[27.7097995,48.0806361],[27.7088685,48.0806657],[27.708749,48.0827912],[27.7079226,48.0942621]]]}},{"type":"Feature","properties":{"entity_id":"osm-r19068255","jurisdiction":"MD","display_name":"Drochia","display_type":"town","admin_level":8,"tier":"local","legal_registry":"CUATM","legal_id":"3601","legal_type":"town","parent_catalog_id":"osm-r1693907","osm_relation_id":19068255,"legal_identity_status":"reconciled","geometry_source":"OpenStreetMap","canonical_geometry_role":null,"geometry_scope":null,"geometry_precision":"master_coordinate_fidelity"},"geometry":{"type":"Polygon","coordinates":[[[27.8177284,48.0125482],[27.8203887,48.0112289],[27.82049,48.0116693],[27.8206361,48.0119916],[27.8210391,48.0125603],[27.821419,48.0132212],[27.8218335,48.0138628],[27.8219869,48.014098],[27.8225846,48.0150322],[27.8229124,48.014924],[27.8237558,48.0162468],[27.8237931,48.0165154],[27.8234978,48.0171748],[27.8233611,48.0174799],[27.8237406,48.0177793],[27.8293361,48.0192429],[27.8303535,48.0194921],[27.8307749,48.0181908],[27.8309856,48.0175262],[27.8314525,48.0177126],[27.8324655,48.01829],[27.8336522,48.0188298],[27.8339313,48.0188843],[27.8339969,48.0189071],[27.8352203,48.0172716],[27.8367945,48.0152744],[27.8379898,48.0136942],[27.8390551,48.0122898],[27.8395996,48.0116712],[27.8402309,48.0110741],[27.8410963,48.0103415],[27.8482563,48.0134166],[27.8432436,48.017395],[27.8404906,48.0195994],[27.8395401,48.0203659],[27.8389419,48.0207837],[27.8390618,48.0208892],[27.8399679,48.0213769],[27.8407404,48.0217141],[27.8432928,48.0227441],[27.8444579,48.0231664],[27.8449425,48.023404],[27.8454303,48.0236864],[27.8457957,48.0239101],[27.8465942,48.0245862],[27.8461245,48.0247579],[27.8463058,48.024905],[27.8465512,48.0251904],[27.8466366,48.0253278],[27.8470531,48.0259442],[27.8471325,48.0261409],[27.8472177,48.0264037],[27.8473023,48.0267022],[27.8473846,48.0270524],[27.8475027,48.0279254],[27.8474931,48.0281386],[27.8474158,48.0285419],[27.8473153,48.028873],[27.8472147,48.029083],[27.8470415,48.0294411],[27.8468585,48.0297514],[27.8464859,48.0302452],[27.8459372,48.0308196],[27.8446394,48.0320127],[27.8439884,48.0325797],[27.8430762,48.0334416],[27.8425363,48.0339669],[27.8415571,48.0348614],[27.8411131,48.0352811],[27.8406008,48.0357781],[27.8400526,48.0362331],[27.8395364,48.036712],[27.8387715,48.0373916],[27.8382505,48.0378549],[27.8374297,48.0384855],[27.836589,48.0392551],[27.8362848,48.0396004],[27.8356185,48.0394853],[27.8351296,48.0399752],[27.8356422,48.0402013],[27.8322592,48.0423581],[27.8302461,48.0435311],[27.8301401,48.0436211],[27.8275132,48.0454668],[27.8266733,48.0460213],[27.8250501,48.0440389],[27.823433,48.0444434],[27.8223242,48.0446645],[27.8212541,48.0448127],[27.8212009,48.0448451],[27.8216911,48.0455233],[27.8221298,48.0460491],[27.8221331,48.046177],[27.8219335,48.0463679],[27.8218754,48.0470499],[27.8213027,48.0479025],[27.8212129,48.0483178],[27.8211658,48.048536],[27.8212286,48.0486439],[27.8215016,48.0491134],[27.8209772,48.0493321],[27.8196448,48.0495782],[27.8182524,48.0495703],[27.8167138,48.0495605],[27.8164133,48.049582],[27.8148166,48.0496565],[27.814354,48.0496659],[27.8141047,48.0496559],[27.8136453,48.0496311],[27.8112733,48.0490175],[27.8106145,48.0488615],[27.8099376,48.0487308],[27.8091326,48.0487299],[27.8065895,48.0487705],[27.8064448,48.0487929],[27.8063716,48.0487905],[27.8062679,48.0489238],[27.8060919,48.0495629],[27.7984004,48.0479485],[27.7970865,48.0476729],[27.7980733,48.047214],[27.7978997,48.0471213],[27.7976643,48.0467874],[27.7971359,48.0461902],[27.796995,48.0462374],[27.7967579,48.0463866],[27.7963643,48.0457693],[27.7957794,48.0445255],[27.7953449,48.0436913],[27.794839,48.0430365],[27.7929753,48.0440625],[27.7915721,48.0431159],[27.7911865,48.0433993],[27.7894814,48.0450338],[27.787543,48.0476068],[27.7874084,48.0477118],[27.7859875,48.0486495],[27.7847099,48.0481859],[27.7843773,48.0481841],[27.783813,48.0479101],[27.7846093,48.0474318],[27.7853462,48.0468065],[27.786011,48.0460641],[27.7867476,48.0448629],[27.78562,48.0441389],[27.7854935,48.0442618],[27.7832696,48.0430962],[27.7833331,48.0430374],[27.7833317,48.0430072],[27.783129,48.0428367],[27.7829145,48.0426318],[27.7830941,48.0425164],[27.7836461,48.0421471],[27.7838731,48.0419827],[27.7844,48.0415689],[27.7847685,48.0412771],[27.7849238,48.0411397],[27.7851697,48.0409658],[27.7855119,48.0407614],[27.7856448,48.0406532],[27.7863375,48.0401607],[27.7867008,48.0399389],[27.7870282,48.0397628],[27.7874372,48.0395331],[27.7875348,48.0394814],[27.7879888,48.039243],[27.7884197,48.0390205],[27.7887584,48.0388483],[27.789393,48.0385694],[27.7896647,48.0384614],[27.7899485,48.0383792],[27.790314,48.0382868],[27.7906105,48.0382149],[27.7909137,48.0381373],[27.7910424,48.0381154],[27.7914676,48.0380285],[27.7918551,48.0379407],[27.7921162,48.0378693],[27.7924205,48.0377884],[27.7934094,48.0375196],[27.7935249,48.0374853],[27.7938727,48.0373854],[27.7941563,48.0373014],[27.7943599,48.0372349],[27.7946026,48.03716],[27.7951318,48.0370118],[27.7951516,48.0370079],[27.7949214,48.0364804],[27.7946407,48.0363467],[27.7933902,48.0359039],[27.7926294,48.0355979],[27.7922096,48.0360084],[27.791558,48.0356813],[27.7927205,48.034564],[27.7938527,48.0335191],[27.7949356,48.0326058],[27.7955857,48.0320251],[27.7959245,48.0317446],[27.796265,48.0314707],[27.7942667,48.0302533],[27.7936898,48.0299458],[27.7935008,48.0298451],[27.7932874,48.0297313],[27.7925021,48.0292962],[27.7921216,48.0290534],[27.7923238,48.0287851],[27.793779,48.0263575],[27.7957891,48.0266341],[27.7966194,48.0270649],[27.7979964,48.0276157],[27.8016877,48.0235347],[27.8026273,48.022422],[27.8081702,48.0161298],[27.8082035,48.0156774],[27.808382,48.015375],[27.8116646,48.0152396],[27.8161191,48.0163208],[27.8175942,48.0157841],[27.818921,48.0135551],[27.8177284,48.0125482]]]}},{"type":"Feature","properties":{"entity_id":"osm-r19068256","jurisdiction":"MD","display_name":"Zgurița","display_type":"independent_village","admin_level":8,"tier":"local","legal_registry":"CUATM","legal_id":"3642","legal_type":"independent_village","parent_catalog_id":"osm-r1693907","osm_relation_id":19068256,"legal_identity_status":"reconciled","geometry_source":"OpenStreetMap","canonical_geometry_role":null,"geometry_scope":null,"geometry_precision":"master_coordinate_fidelity"},"geometry":{"type":"Polygon","coordinates":[[[28.0300169,48.1584717],[28.0295158,48.1581384],[28.025332,48.1560132],[28.010403,48.1484359],[27.9983736,48.1423206],[27.9911188,48.1386512],[27.9904693,48.1383404],[27.9869882,48.1365342],[27.9819811,48.1340456],[27.9811472,48.1336559],[27.9812832,48.1335168],[27.9813005,48.1333479],[27.9812502,48.1331501],[27.9810895,48.1319207],[27.9829946,48.1319507],[27.9847695,48.1297786],[27.9846807,48.1297324],[27.9804557,48.1275814],[27.9733624,48.1238787],[27.9701146,48.1221034],[27.9556852,48.1147453],[27.9521828,48.1129088],[27.9497311,48.1114853],[27.9390127,48.1077512],[27.9339683,48.1059378],[27.9331543,48.105654],[27.9310345,48.104921],[27.9287979,48.1041368],[27.9257222,48.1029196],[27.9250765,48.1027075],[27.9238677,48.1022447],[27.9226684,48.1017175],[27.9213008,48.1011236],[27.9205986,48.1008215],[27.9201673,48.1006271],[27.9182825,48.0995007],[27.9159078,48.0981245],[27.9167579,48.0929375],[27.9260916,48.0934975],[27.9342308,48.0939505],[27.9382245,48.0940826],[27.9452912,48.0944996],[27.9582205,48.0953021],[27.9626371,48.0955578],[27.9646651,48.0960039],[27.9671043,48.0965817],[27.9685809,48.0972893],[27.9725228,48.0993308],[27.9741473,48.1000916],[27.9792569,48.100423],[27.9820107,48.0999627],[27.9905924,48.1019053],[27.9930502,48.1025371],[27.9984433,48.1037378],[28.0021022,48.1046014],[28.0029563,48.1047355],[28.0079196,48.1053],[28.0106934,48.1055909],[28.0118457,48.1056997],[28.0137715,48.1058926],[28.0193975,48.1063748],[28.0192976,48.106791],[28.0198111,48.1069024],[28.0204469,48.1072152],[28.0215384,48.1072704],[28.0223508,48.1074258],[28.0226171,48.1074074],[28.0231973,48.10754],[28.0234224,48.1075604],[28.0235518,48.107544],[28.0251098,48.1074006],[28.0254879,48.1072104],[28.0258132,48.1072129],[28.026621,48.1078575],[28.0279191,48.1075656],[28.0286365,48.1072216],[28.0295231,48.1079945],[28.0298494,48.109003],[28.0298542,48.1095771],[28.0302169,48.1100877],[28.032684,48.1107009],[28.0363293,48.1118009],[28.0411545,48.1133059],[28.0506949,48.1160847],[28.0535857,48.1168626],[28.0584996,48.118272],[28.0589144,48.1182585],[28.060726,48.1186791],[28.0570558,48.1234238],[28.0526588,48.1288927],[28.0515769,48.1306456],[28.0487904,48.1356532],[28.047855,48.1379104],[28.0466407,48.140965],[28.0457269,48.1430602],[28.0440718,48.1465967],[28.0439637,48.146688],[28.0438185,48.1469908],[28.0411437,48.1534353],[28.0404608,48.1550671],[28.0398873,48.1566565],[28.0344509,48.1576574],[28.0300169,48.1584717]]]}},{"type":"Feature","properties":{"entity_id":"osm-r19068257","jurisdiction":"MD","display_name":"Fîntînița","display_type":"commune","admin_level":8,"tier":"local","legal_registry":"CUATM","legal_id":"3420","legal_type":"commune","parent_catalog_id":"osm-r1693907","osm_relation_id":19068257,"legal_identity_status":"reconciled","geometry_source":"OpenStreetMap","canonical_geometry_role":null,"geometry_scope":null,"geometry_precision":"master_coordinate_fidelity"},"geometry":{"type":"Polygon","coordinates":[[[27.7425895,48.1132366],[27.7423848,48.1135826],[27.7413375,48.1159056],[27.7397265,48.1190922],[27.7391746,48.1197534],[27.7379436,48.122395],[27.7369086,48.1251319],[27.7335896,48.1322431],[27.7413467,48.1311267],[27.7412485,48.1349583],[27.7411932,48.1384295],[27.7401826,48.1396461],[27.7388111,48.14045],[27.7381606,48.1411113],[27.736147,48.1413512],[27.7255204,48.1429138],[27.7169251,48.1440307],[27.7121207,48.1447984],[27.7091409,48.1404229],[27.708841,48.1399917],[27.6988976,48.1443174],[27.6982367,48.1439238],[27.6909868,48.1393786],[27.6901636,48.1388618],[27.6887711,48.1381597],[27.6862236,48.1363664],[27.6823978,48.1341022],[27.6798752,48.1325923],[27.6790484,48.1319695],[27.6786041,48.1316638],[27.6774249,48.1309429],[27.6731473,48.128278],[27.6728034,48.1280637],[27.6720668,48.1276253],[27.6710798,48.1270379],[27.6690304,48.1257926],[27.6663103,48.12414],[27.6660947,48.1240124],[27.6655937,48.1237085],[27.6648806,48.1233261],[27.6642301,48.1230646],[27.6643078,48.1229478],[27.6640824,48.1214505],[27.6640034,48.1185517],[27.6639426,48.1184267],[27.6638701,48.1182899],[27.6636322,48.1179501],[27.6621604,48.1162682],[27.661143,48.1149912],[27.6605592,48.1143699],[27.6577488,48.1112805],[27.6558489,48.1089562],[27.6524185,48.1057125],[27.6519651,48.1051963],[27.6433103,48.0974644],[27.643272,48.0971313],[27.6427798,48.0966314],[27.6427303,48.0961082],[27.6428771,48.0958873],[27.6430349,48.0957208],[27.644171,48.0951651],[27.6446388,48.0951083],[27.6450486,48.0946561],[27.6446486,48.0943801],[27.6445693,48.0941803],[27.644909,48.0937751],[27.6450928,48.0932396],[27.6456043,48.0927724],[27.6461891,48.0924503],[27.6474678,48.0925284],[27.6479194,48.0926721],[27.6484266,48.0929617],[27.6485972,48.093395],[27.6488025,48.0934068],[27.649113,48.0931631],[27.6494954,48.0932188],[27.6499111,48.0928938],[27.6514168,48.0924369],[27.6519934,48.0923959],[27.652084,48.0926073],[27.6522169,48.0925943],[27.6522981,48.09237],[27.6529977,48.092158],[27.6530287,48.0918572],[27.6535757,48.0914958],[27.6541722,48.0908521],[27.6544617,48.0907982],[27.6545266,48.0906278],[27.6541984,48.090481],[27.6555582,48.0896255],[27.6567252,48.089043],[27.6571643,48.0884595],[27.6575965,48.088488],[27.6580566,48.0881463],[27.6581006,48.0880491],[27.6580281,48.0879182],[27.6579847,48.0876632],[27.6576618,48.0875042],[27.6579292,48.0873596],[27.6580725,48.0869841],[27.6583298,48.0868149],[27.6588209,48.0868512],[27.6602342,48.0866024],[27.6607671,48.086666],[27.6621524,48.0865818],[27.6626185,48.0864835],[27.6629746,48.086155],[27.6630242,48.084848],[27.6632476,48.0845026],[27.6636876,48.0842893],[27.664206,48.0842217],[27.6647435,48.0842075],[27.6653231,48.0842874],[27.6657369,48.0844854],[27.6663014,48.0844768],[27.6666765,48.0848113],[27.6669389,48.0848836],[27.6674988,48.0848762],[27.6679734,48.0844182],[27.6678191,48.084199],[27.6682737,48.084059],[27.6692061,48.0835186],[27.6698276,48.0828716],[27.6702586,48.0830583],[27.6705801,48.0828119],[27.670581,48.0825592],[27.670098,48.0825073],[27.6702762,48.0820449],[27.6706103,48.0820557],[27.6710206,48.0818213],[27.6715128,48.0818487],[27.6718691,48.0817675],[27.6725464,48.0813256],[27.6729227,48.0813473],[27.6733332,48.0811907],[27.6735568,48.0807631],[27.673804,48.0805664],[27.6738571,48.0804085],[27.6741067,48.0802872],[27.6742476,48.0800102],[27.674834,48.0798037],[27.6795018,48.0818858],[27.6932235,48.0878749],[27.6977094,48.0898014],[27.7024566,48.0919007],[27.7079226,48.0942621],[27.7076603,48.0968024],[27.707412,48.0977878],[27.7070625,48.0988038],[27.7086231,48.0994652],[27.7088767,48.0995806],[27.7122572,48.1011159],[27.7281491,48.10808],[27.728336,48.1078639],[27.7293854,48.1083263],[27.7336565,48.1101448],[27.7382967,48.1118165],[27.7425895,48.1132366]]]}},{"type":"Feature","properties":{"entity_id":"osm-r19068258","jurisdiction":"MD","display_name":"Hăsnășenii Mari","display_type":"independent_village","admin_level":8,"tier":"local","legal_registry":"CUATM","legal_id":"3620","legal_type":"independent_village","parent_catalog_id":"osm-r1693907","osm_relation_id":19068258,"legal_identity_status":"reconciled","geometry_source":"OpenStreetMap","canonical_geometry_role":null,"geometry_scope":null,"geometry_precision":"master_coordinate_fidelity"},"geometry":{"type":"Polygon","coordinates":[[[28.0317546,47.9532986],[28.0299948,47.955467],[28.027902,47.9581412],[28.0265434,47.9599059],[28.0230159,47.9583761],[28.016536,47.9554815],[28.0052235,47.9505512],[27.9955584,47.9462256],[27.9951728,47.9460142],[27.9927893,47.9449633],[27.9903145,47.9439038],[27.9848474,47.9414863],[27.974419,47.9367901],[27.9698882,47.93463],[27.9695639,47.9344988],[27.9658858,47.932762],[27.9574292,47.928922],[27.9558784,47.9284085],[27.949501,47.925612],[27.9479208,47.9249059],[27.93393,47.9186228],[27.9289164,47.9164337],[27.9307096,47.9145758],[27.9359022,47.9093362],[27.9380599,47.907231],[27.9499432,47.8953002],[27.9532035,47.8921827],[27.9544908,47.8907801],[27.956175,47.8890261],[27.9563817,47.8888108],[27.9587719,47.8897477],[27.9667323,47.8929258],[27.9708123,47.8945456],[27.9724133,47.8954225],[27.9745965,47.8962973],[27.9795067,47.8981345],[27.9837127,47.9000063],[27.9861764,47.9011436],[27.9911534,47.9037405],[27.9959141,47.9062468],[27.9968534,47.9067977],[27.9979559,47.9073299],[27.9984252,47.9075851],[28.0009656,47.9090961],[28.0057759,47.911446],[28.0123244,47.9146909],[28.0150285,47.9159753],[28.0161909,47.9164795],[28.0182678,47.9173012],[28.0216636,47.9189482],[28.0250839,47.9205143],[28.0269955,47.921477],[28.0344638,47.9249835],[28.0389629,47.92711],[28.0425695,47.9289044],[28.045925,47.9306087],[28.0481589,47.9317295],[28.0518571,47.9333803],[28.0494414,47.9357706],[28.0450435,47.9400518],[28.0419848,47.943183],[28.0382903,47.9469028],[28.0336392,47.9514109],[28.0321131,47.9528365],[28.0317546,47.9532986]]]}},{"type":"Feature","properties":{"entity_id":"osm-r19068259","jurisdiction":"MD","display_name":"Gribova","display_type":"independent_village","admin_level":8,"tier":"local","legal_registry":"CUATM","legal_id":"3619","legal_type":"independent_village","parent_catalog_id":"osm-r1693907","osm_relation_id":19068259,"legal_identity_status":"reconciled","geometry_source":"OpenStreetMap","canonical_geometry_role":null,"geometry_scope":null,"geometry_precision":"master_coordinate_fidelity"},"geometry":{"type":"Polygon","coordinates":[[[27.9896621,48.0302607],[27.9895278,48.0304747],[27.9887777,48.0323385],[27.9699678,48.0312119],[27.9654086,48.0308968],[27.9451747,48.0296652],[27.9404066,48.0292888],[27.9379728,48.0291725],[27.9318599,48.0287439],[27.9314276,48.028709],[27.9239287,48.028479],[27.921662,48.0279444],[27.9201987,48.0288599],[27.9177832,48.0274428],[27.9169269,48.0269586],[27.9148322,48.0257695],[27.9136706,48.0251071],[27.9119471,48.0241758],[27.9117098,48.0239934],[27.9114792,48.0237843],[27.9128649,48.0225663],[27.9119177,48.0219902],[27.9120147,48.0186636],[27.9118758,48.0179335],[27.9118041,48.0163609],[27.9118556,48.0158535],[27.9118448,48.0132346],[27.9057202,48.0098113],[27.9010065,48.0071674],[27.8968791,48.0048391],[27.8920855,48.0021976],[27.8880153,47.9997295],[27.8682102,47.9887639],[27.8662991,47.9877396],[27.8649532,47.986838],[27.8665222,47.9859675],[27.8710437,47.9830767],[27.8761612,47.9798118],[27.8787694,47.9815438],[27.8817031,47.9831337],[27.8889568,47.987261],[27.8962692,47.9913191],[27.9002493,47.9881199],[27.9014598,47.9874317],[27.9024663,47.986306],[27.9052958,47.9839651],[27.9069828,47.9826533],[27.9080024,47.9817425],[27.9092565,47.9809381],[27.9107442,47.9797941],[27.9120345,47.9788836],[27.9139161,47.9774601],[27.9146629,47.9768377],[27.9157729,47.9757878],[27.9208043,47.9717519],[27.922724,47.9702007],[27.9282142,47.9728136],[27.9324691,47.9750338],[27.9379731,47.9777967],[27.9435158,47.9783688],[27.9529382,47.979396],[27.9532234,47.9794195],[27.9551877,47.979628],[27.9576325,47.9797145],[27.9615826,47.9800195],[27.9650884,47.9803376],[27.9699714,47.9806762],[27.9722568,47.9810457],[27.9784745,47.9822932],[27.9880961,47.9842708],[27.9967422,47.9859942],[28.0107697,47.9889023],[28.0112089,47.9921019],[28.0115426,47.9943169],[28.0117376,47.9947582],[28.0123165,47.9990679],[28.0126511,47.9995384],[28.0132062,47.9999976],[28.0133948,48.0004686],[28.0142046,48.0010106],[28.0144297,48.0012693],[28.0145861,48.0017758],[28.0154506,48.0031983],[28.0119046,48.0071377],[28.010052,48.0087081],[28.0096375,48.0093256],[28.0094883,48.0098785],[28.0098122,48.0119007],[28.009764,48.0121746],[28.0070932,48.0169255],[27.9964701,48.0162699],[27.9962459,48.0173773],[27.9952473,48.0195762],[27.9939393,48.0219582],[27.993225,48.0229024],[27.9921781,48.0254732],[27.9912176,48.0276867],[27.9906516,48.0287399],[27.9899092,48.0299322],[27.9896621,48.0302607]]]}},{"type":"Feature","properties":{"entity_id":"osm-r19068260","jurisdiction":"MD","display_name":"Drochia","display_type":"independent_village","admin_level":8,"tier":"local","legal_registry":"CUATM","legal_id":"3618","legal_type":"independent_village","parent_catalog_id":"osm-r1693907","osm_relation_id":19068260,"legal_identity_status":"reconciled","geometry_source":"OpenStreetMap","canonical_geometry_role":null,"geometry_scope":null,"geometry_precision":"master_coordinate_fidelity"},"geometry":{"type":"Polygon","coordinates":[[[27.7425895,48.1132366],[27.7428021,48.1129434],[27.7464696,48.1049538],[27.7472216,48.1031146],[27.7485362,48.1010714],[27.7493647,48.0992889],[27.7525239,48.1005365],[27.7548364,48.097942],[27.7595194,48.092841],[27.7620468,48.0900723],[27.7633218,48.0904215],[27.7670483,48.0918203],[27.7706709,48.0880615],[27.7728669,48.0856056],[27.7758774,48.0820204],[27.7776844,48.0799344],[27.7805866,48.0810717],[27.7899405,48.0847228],[27.7962532,48.0871274],[27.8061107,48.0909798],[27.8089901,48.0919999],[27.8123599,48.0933107],[27.8182486,48.0954715],[27.8196574,48.0959337],[27.8216066,48.0967169],[27.8234468,48.0975312],[27.8262062,48.0986489],[27.8266168,48.0987607],[27.8266448,48.098632],[27.8274261,48.0989668],[27.8299168,48.0999923],[27.8303247,48.1003073],[27.8305072,48.1005519],[27.8311072,48.1036569],[27.8312712,48.1041794],[27.8320588,48.1044179],[27.8330011,48.1069026],[27.8301332,48.1092399],[27.8297829,48.1100964],[27.8310268,48.1109777],[27.8321558,48.1120789],[27.8344367,48.1131543],[27.8371557,48.1136282],[27.8433017,48.1155498],[27.8450706,48.1157624],[27.8463627,48.1139585],[27.8475831,48.1123654],[27.8552293,48.1147987],[27.8536077,48.1173417],[27.8482084,48.1261539],[27.8466225,48.1283054],[27.8428954,48.1342431],[27.8424008,48.1343146],[27.8332951,48.1337428],[27.8271754,48.1333203],[27.8229386,48.133152],[27.822062,48.1329327],[27.8170542,48.1325779],[27.8132329,48.132078],[27.8098119,48.1316283],[27.8034887,48.1305842],[27.8015815,48.1302781],[27.8002828,48.1300719],[27.7994989,48.1299571],[27.7991353,48.1302311],[27.7988244,48.1300792],[27.7982302,48.1304551],[27.7922656,48.1299091],[27.7894575,48.1297176],[27.7873645,48.1298008],[27.7831002,48.130013],[27.7817297,48.1300874],[27.7805085,48.1301304],[27.7772018,48.1300041],[27.7661897,48.1294226],[27.7654677,48.1294],[27.7649564,48.1293844],[27.762353,48.1293367],[27.7611669,48.1293644],[27.7583594,48.129533],[27.7535151,48.1299142],[27.7491076,48.1302571],[27.7413467,48.1311267],[27.7335896,48.1322431],[27.7369086,48.1251319],[27.7379436,48.122395],[27.7391746,48.1197534],[27.7397265,48.1190922],[27.7413375,48.1159056],[27.7423848,48.1135826],[27.7425895,48.1132366]]]}}]}