{"type":"FeatureCollection","metadata":{"schema_version":1,"contract":"actual-public-geometry-chunk-v1","mode":"ACTUAL","jurisdiction":"MD","tier":"local","root_entity_id":"osm-r59000","feature_count":32,"geometry_source":"OpenStreetMap","geometry_precision":"master_coordinate_fidelity"},"features":[{"type":"Feature","properties":{"entity_id":"osm-r19038951","jurisdiction":"MD","display_name":"Hancăuți","display_type":"independent_village","admin_level":8,"tier":"local","legal_registry":"CUATM","legal_id":"4131","legal_type":"independent_village","parent_catalog_id":"osm-r59000","osm_relation_id":19038951,"legal_identity_status":"reconciled","geometry_source":"OpenStreetMap","canonical_geometry_role":null,"geometry_scope":null,"geometry_precision":"master_coordinate_fidelity"},"geometry":{"type":"Polygon","coordinates":[[[27.1933583,48.0661157],[27.190936,48.0654967],[27.1896632,48.0650284],[27.1858995,48.0636236],[27.1849092,48.0632548],[27.1830735,48.0625626],[27.1789426,48.0610029],[27.1743089,48.0591532],[27.1718468,48.0581568],[27.1705738,48.057624],[27.1683316,48.0567358],[27.1650039,48.0554577],[27.1628652,48.0546691],[27.1595055,48.0534688],[27.157774,48.0528578],[27.1553513,48.0519781],[27.1530514,48.051172],[27.1516043,48.0506779],[27.1492141,48.0498371],[27.1472502,48.0490659],[27.1473915,48.0489067],[27.14765,48.0487725],[27.1481862,48.0486252],[27.1486643,48.048569],[27.1492853,48.0483122],[27.149421,48.0482039],[27.1493758,48.0481086],[27.1491562,48.0480046],[27.148884,48.0479324],[27.1482122,48.047586],[27.1481098,48.0469995],[27.1485751,48.0461158],[27.1498801,48.0451888],[27.1503453,48.0447383],[27.1506296,48.0443484],[27.1507847,48.0441318],[27.1508622,48.043742],[27.1508752,48.0433781],[27.1506814,48.0430575],[27.1502552,48.0423643],[27.1495447,48.0420177],[27.1487179,48.0416104],[27.1480134,48.0413352],[27.1524447,48.0405124],[27.1552416,48.0399774],[27.1592076,48.0389377],[27.163703,48.0377418],[27.167746,48.0360433],[27.1695027,48.0353847],[27.171763,48.0346653],[27.1757931,48.0342315],[27.1782343,48.0339624],[27.1787898,48.0339363],[27.181244,48.0339185],[27.1858425,48.0338481],[27.1896144,48.0327765],[27.1927924,48.031885],[27.1920314,48.0299552],[27.1942404,48.0292627],[27.1960219,48.0311743],[27.2016654,48.0342245],[27.1994042,48.0361819],[27.1967936,48.0388365],[27.1988731,48.0397638],[27.2018698,48.0411157],[27.2034069,48.0418609],[27.2042853,48.0423288],[27.2053446,48.0428747],[27.2142198,48.0470725],[27.2193879,48.0497931],[27.2254609,48.0524967],[27.2275291,48.0544089],[27.2239949,48.0580497],[27.2273387,48.0592051],[27.2232674,48.0675418],[27.2223626,48.0672385],[27.2199456,48.06632],[27.2146854,48.0641968],[27.1971762,48.0571322],[27.1957013,48.0599483],[27.1948733,48.0614386],[27.1940323,48.0630849],[27.193812,48.0639201],[27.1936046,48.064922],[27.1933583,48.0661157]]]}},{"type":"Feature","properties":{"entity_id":"osm-r19038952","jurisdiction":"MD","display_name":"Șofrîncani","display_type":"independent_village","admin_level":8,"tier":"local","legal_registry":"CUATM","legal_id":"4145","legal_type":"independent_village","parent_catalog_id":"osm-r59000","osm_relation_id":19038952,"legal_identity_status":"reconciled","geometry_source":"OpenStreetMap","canonical_geometry_role":null,"geometry_scope":null,"geometry_precision":"master_coordinate_fidelity"},"geometry":{"type":"Polygon","coordinates":[[[27.3940733,48.0275817],[27.3953179,48.0267783],[27.396638,48.0257745],[27.3977553,48.0249111],[27.3989663,48.0239616],[27.3996263,48.0234565],[27.4002585,48.0229446],[27.4008705,48.0224917],[27.4019558,48.0217977],[27.4031672,48.0210699],[27.4046988,48.0201541],[27.4050476,48.0198886],[27.4053619,48.0196126],[27.4064042,48.0188074],[27.4074873,48.0179271],[27.4100316,48.0159456],[27.4109922,48.0151688],[27.4124052,48.0140487],[27.4134879,48.0130323],[27.4154687,48.0140238],[27.4193216,48.0159285],[27.4208629,48.0166955],[27.4259054,48.0192809],[27.4295563,48.0211816],[27.4307678,48.0217995],[27.4340333,48.0234887],[27.4359365,48.024409],[27.4377768,48.02528],[27.4390431,48.0258846],[27.4427364,48.0277002],[27.4448784,48.0288501],[27.4458134,48.0293005],[27.4470627,48.0299222],[27.4472317,48.0299887],[27.4475356,48.0301228],[27.4481426,48.030437],[27.4490268,48.0309011],[27.450164,48.0314678],[27.4501891,48.0315203],[27.4501936,48.0315588],[27.4501873,48.031618],[27.4499175,48.0319007],[27.4494845,48.0323494],[27.4492345,48.0326631],[27.4469128,48.0348266],[27.4488264,48.0358375],[27.4499841,48.036448],[27.4518022,48.0373502],[27.453081,48.0377672],[27.4559991,48.0386919],[27.4583527,48.0394491],[27.4603288,48.0400375],[27.4622208,48.0407099],[27.4665462,48.0422167],[27.4698519,48.0434036],[27.4741847,48.0448684],[27.4776063,48.0459812],[27.4813195,48.0472426],[27.4867282,48.0490523],[27.4860366,48.0498045],[27.4842132,48.0516363],[27.4822458,48.0539122],[27.4793847,48.0572452],[27.4762722,48.0608878],[27.4728178,48.0649612],[27.4634993,48.0639243],[27.4486084,48.0624111],[27.4476029,48.06503],[27.4469793,48.0666928],[27.4464661,48.0685577],[27.4462147,48.069177],[27.4458829,48.0697627],[27.441645,48.0695598],[27.435941,48.0693024],[27.4342221,48.0691797],[27.4254957,48.0687579],[27.4229091,48.0684945],[27.4216798,48.0683033],[27.4200163,48.0679949],[27.4187466,48.0677907],[27.4167997,48.0673771],[27.4156606,48.0671717],[27.4141176,48.0668622],[27.4136234,48.0667589],[27.4134301,48.0666395],[27.4132272,48.0665404],[27.4129541,48.0664486],[27.4123383,48.0662925],[27.411531,48.0661044],[27.4105814,48.0658369],[27.4085627,48.0653431],[27.4073176,48.0651822],[27.4057269,48.0649792],[27.4047675,48.0648912],[27.4045449,48.0648124],[27.3993144,48.0648901],[27.3980748,48.0651626],[27.3944799,48.0651793],[27.3923761,48.0652394],[27.3898049,48.0654132],[27.3883582,48.0653849],[27.3866622,48.0654975],[27.3851878,48.0655322],[27.3843551,48.0655727],[27.3829029,48.0657662],[27.3781611,48.0661818],[27.3767171,48.0662877],[27.3760463,48.0663873],[27.3750831,48.0664356],[27.3746014,48.066453],[27.3738796,48.0665126],[27.3734592,48.0665833],[27.3721248,48.0666517],[27.3713544,48.0667982],[27.3706451,48.0669914],[27.3701497,48.067177],[27.3565196,48.0557152],[27.3589515,48.0547383],[27.3619284,48.0534277],[27.3640322,48.0516262],[27.3654167,48.050535],[27.3662466,48.0498374],[27.3671338,48.0489896],[27.3680329,48.0482433],[27.3700563,48.0464531],[27.3709163,48.0457676],[27.3714002,48.0453538],[27.3717558,48.0450553],[27.3721015,48.0447636],[27.3722476,48.0445339],[27.3724227,48.0443662],[27.3729117,48.0440986],[27.3731976,48.0438275],[27.3734167,48.0437384],[27.3737267,48.0435872],[27.3752708,48.0423031],[27.3762112,48.0415285],[27.3810712,48.0375262],[27.3813283,48.0373021],[27.3817639,48.0369487],[27.3819023,48.0368265],[27.3820265,48.036462],[27.3822322,48.0361642],[27.3826266,48.0357505],[27.3829944,48.0355457],[27.383421,48.035253],[27.3842209,48.0350786],[27.384924,48.034846],[27.3882284,48.0323415],[27.3893478,48.0314913],[27.3923514,48.0293475],[27.3938676,48.0282384],[27.3940601,48.0277656],[27.3940733,48.0275817]]]}},{"type":"Feature","properties":{"entity_id":"osm-r19038953","jurisdiction":"MD","display_name":"Ruseni","display_type":"commune","admin_level":8,"tier":"local","legal_registry":"CUATM","legal_id":"4142","legal_type":"commune","parent_catalog_id":"osm-r59000","osm_relation_id":19038953,"legal_identity_status":"reconciled","geometry_source":"OpenStreetMap","canonical_geometry_role":null,"geometry_scope":null,"geometry_precision":"master_coordinate_fidelity"},"geometry":{"type":"Polygon","coordinates":[[[27.3397771,48.202262],[27.3433163,48.201018],[27.3416985,48.1999998],[27.3408926,48.1987644],[27.3400889,48.1976531],[27.3407407,48.1961897],[27.3405141,48.1943933],[27.3404226,48.1942482],[27.3404344,48.1940051],[27.3399404,48.1930425],[27.3398305,48.1927734],[27.3398519,48.1926166],[27.3400064,48.1922319],[27.3402891,48.1917922],[27.3408333,48.1910803],[27.341046,48.190787],[27.3412359,48.1905748],[27.341353,48.1903524],[27.3414697,48.1901085],[27.3414414,48.1898873],[27.341356,48.1896288],[27.3414025,48.1895258],[27.3419733,48.1893861],[27.3422868,48.1893079],[27.342793,48.1891688],[27.3432992,48.1890296],[27.3441495,48.1887256],[27.3446384,48.1885218],[27.3449308,48.1886166],[27.345495,48.1888745],[27.3463933,48.1890913],[27.3468498,48.1892707],[27.3473094,48.1895864],[27.3479419,48.1901715],[27.3483628,48.1905147],[27.3495181,48.1913186],[27.3503797,48.1916765],[27.3504942,48.1919161],[27.3505536,48.1923229],[27.3507437,48.1927979],[27.3508853,48.1930957],[27.351051,48.1932979],[27.351539,48.1937618],[27.3523993,48.194383],[27.3529054,48.1947731],[27.3532,48.1949396],[27.3534389,48.1948943],[27.3538001,48.1948046],[27.3539738,48.1947339],[27.3545269,48.1945007],[27.3548233,48.1944235],[27.3553289,48.1944247],[27.3558806,48.1944841],[27.3564648,48.1945442],[27.3571524,48.1945818],[27.3576195,48.1946169],[27.3581833,48.1946209],[27.3590519,48.1946396],[27.3596553,48.1950332],[27.3601008,48.1952938],[27.3603686,48.1954085],[27.361295,48.1950498],[27.3626271,48.1945621],[27.3637983,48.1941277],[27.3654906,48.1934982],[27.3662693,48.1932187],[27.3668027,48.1929846],[27.3734066,48.1906494],[27.3865229,48.1859186],[27.386569,48.1859615],[27.3817487,48.1908399],[27.3806456,48.1914743],[27.3781058,48.1921804],[27.3763882,48.1924955],[27.375227,48.192772],[27.3733902,48.1929497],[27.370283,48.1937712],[27.3668777,48.1953077],[27.3634019,48.19655],[27.3641442,48.1967431],[27.3648234,48.1970234],[27.3672732,48.1984326],[27.3683463,48.1989259],[27.3698698,48.2000572],[27.371551,48.1991764],[27.3722753,48.199101],[27.3733973,48.1988055],[27.3742,48.1987031],[27.3746606,48.1991551],[27.375188,48.1989437],[27.3753974,48.1990546],[27.3771191,48.1982379],[27.3773264,48.1975273],[27.378189,48.1972183],[27.3781542,48.1967344],[27.3783978,48.1965942],[27.3783815,48.1964128],[27.3782368,48.1962927],[27.3778473,48.1962524],[27.3773618,48.1962515],[27.3770431,48.1955059],[27.3748618,48.1959801],[27.3744439,48.1950925],[27.373381,48.1951605],[27.3711699,48.1954218],[27.3700796,48.1953271],[27.368776,48.1956067],[27.3693426,48.1967978],[27.3697961,48.1967939],[27.3701323,48.1981343],[27.3685258,48.1988497],[27.3647492,48.1964898],[27.3655228,48.1962753],[27.367994,48.1953706],[27.3697564,48.1946799],[27.3710459,48.1943397],[27.373356,48.1938349],[27.3764658,48.1930807],[27.3774244,48.193065],[27.3786239,48.1927903],[27.3792842,48.1927315],[27.3798298,48.1928054],[27.3807281,48.1930323],[27.3808489,48.1939653],[27.3799573,48.1941058],[27.3794339,48.1945334],[27.3801899,48.195479],[27.3798826,48.1963892],[27.3794287,48.1970757],[27.3782969,48.1989604],[27.3772249,48.2005765],[27.3742466,48.2035555],[27.3751632,48.2040677],[27.3754785,48.2035898],[27.3759681,48.2031076],[27.3761104,48.2027032],[27.3763717,48.2025149],[27.3766962,48.2021369],[27.3770184,48.2020394],[27.3770943,48.2019351],[27.3771875,48.2017161],[27.3774378,48.2015867],[27.3774817,48.2015064],[27.3775233,48.2013029],[27.3776814,48.2010899],[27.3781576,48.2005503],[27.3782517,48.2003853],[27.3783479,48.2001064],[27.3784891,48.1998993],[27.3786176,48.1998422],[27.3789206,48.1997578],[27.3789711,48.199684],[27.3789823,48.1995844],[27.3789526,48.1993814],[27.3789742,48.1991435],[27.379056,48.1990132],[27.3791703,48.198887],[27.3794255,48.1986689],[27.3795714,48.1984949],[27.3796403,48.198369],[27.379696,48.1982259],[27.3797321,48.1980744],[27.3797733,48.1978449],[27.3798838,48.1975112],[27.3804881,48.1969015],[27.3807425,48.1966402],[27.3810723,48.1962486],[27.3813571,48.1958834],[27.3813997,48.1957317],[27.3814297,48.1952473],[27.3815067,48.1948533],[27.3815229,48.1946802],[27.3813331,48.1945778],[27.3812868,48.1941718],[27.3813147,48.1939251],[27.3813379,48.1937779],[27.3812965,48.1936442],[27.3811424,48.1933686],[27.381134,48.1932606],[27.3812103,48.1931822],[27.3812343,48.1930783],[27.3812058,48.1929358],[27.381164,48.1927805],[27.3810819,48.1925433],[27.3810665,48.1924093],[27.3810909,48.192327],[27.38118,48.1922399],[27.381276,48.1921743],[27.381572,48.1920641],[27.3817454,48.1919807],[27.3818218,48.1919066],[27.3820996,48.1915111],[27.3825405,48.1911793],[27.3827993,48.1908056],[27.3828417,48.1906453],[27.382827,48.1905546],[27.3827795,48.1904339],[27.3827698,48.190261],[27.3828267,48.1901828],[27.3828841,48.1901348],[27.3830246,48.1900257],[27.3831577,48.1899786],[27.3833661,48.1899237],[27.3834689,48.1898754],[27.3835257,48.1897928],[27.3835694,48.189706],[27.383775,48.1896137],[27.3838513,48.1895354],[27.3838824,48.1894659],[27.3838609,48.1893537],[27.3838649,48.1892196],[27.3839332,48.1890592],[27.3841353,48.1887723],[27.3842695,48.1886719],[27.3846557,48.188535],[27.3850471,48.1883332],[27.3850974,48.1882507],[27.3851349,48.188177],[27.3851414,48.1880032],[27.3851513,48.1876623],[27.3852908,48.187497],[27.385579,48.1873176],[27.3857211,48.1871609],[27.3858444,48.1870248],[27.3859556,48.1870122],[27.3860126,48.1869383],[27.3859973,48.186813],[27.3860744,48.1867778],[27.3861705,48.1867209],[27.3862385,48.1865432],[27.3863149,48.1864734],[27.3866774,48.1861076],[27.3867839,48.1859122],[27.3869846,48.1859064],[27.3886831,48.1852713],[27.3909029,48.184455],[27.3933345,48.1835376],[27.3968857,48.1822227],[27.3993437,48.1813397],[27.401216,48.1806684],[27.4020848,48.1803636],[27.4044667,48.1795804],[27.4065451,48.178847],[27.4179003,48.1748003],[27.4206721,48.1738644],[27.4214167,48.1747792],[27.4233302,48.1772801],[27.4241279,48.1783462],[27.4247873,48.1782806],[27.4255564,48.1781882],[27.4265197,48.1780943],[27.4278199,48.1780064],[27.4300053,48.1778036],[27.4306906,48.1777378],[27.4310125,48.1776358],[27.4321697,48.1775231],[27.433023,48.1774343],[27.4333854,48.1774185],[27.4336451,48.1774511],[27.4341756,48.1774167],[27.4348939,48.1773851],[27.4354049,48.1773466],[27.4360053,48.1772472],[27.4374991,48.1771221],[27.4383716,48.1770195],[27.4390958,48.1769571],[27.4395678,48.1769142],[27.4401758,48.1768658],[27.441183,48.1767732],[27.4413756,48.1776373],[27.4416185,48.1790035],[27.4419296,48.1792127],[27.4421063,48.1795003],[27.4424954,48.1802383],[27.4426356,48.1805817],[27.4426337,48.1811105],[27.4425944,48.1813116],[27.4425009,48.1815147],[27.4422839,48.1819059],[27.4421122,48.182136],[27.4418348,48.1824341],[27.4408864,48.183329],[27.4403157,48.1839599],[27.4397003,48.1846678],[27.4385485,48.1860021],[27.4376504,48.187193],[27.4372115,48.1878348],[27.4367178,48.1884179],[27.4365747,48.1885637],[27.4358863,48.1891478],[27.4353762,48.189575],[27.4347682,48.1896301],[27.4324373,48.1898632],[27.4287002,48.1902617],[27.4277861,48.1903662],[27.4263944,48.1904945],[27.4251408,48.1913637],[27.4246553,48.1916701],[27.4241457,48.1921342],[27.4239973,48.1922697],[27.4223711,48.1930347],[27.4212233,48.193816],[27.4212217,48.1939974],[27.4211207,48.1942401],[27.4209953,48.1945299],[27.4209351,48.1948024],[27.4209476,48.19493],[27.4209912,48.1951043],[27.4211021,48.1953756],[27.4213756,48.1957228],[27.4218541,48.1962553],[27.4221007,48.1965085],[27.4221885,48.1966369],[27.4222309,48.1967508],[27.4222563,48.1970227],[27.4222381,48.1973856],[27.4222776,48.197607],[27.4223903,48.1979756],[27.4225027,48.1983207],[27.4226592,48.1986051],[27.4228748,48.1988251],[27.422968,48.1989587],[27.4229807,48.1990964],[27.423003,48.199207],[27.4230863,48.1993542],[27.4230741,48.1995054],[27.4229733,48.1997615],[27.422986,48.1998958],[27.4230239,48.2000366],[27.423103,48.2002207],[27.4233324,48.2006321],[27.4235541,48.2009025],[27.4237644,48.2011058],[27.4238873,48.2012157],[27.4241644,48.201489],[27.424296,48.2016494],[27.4243762,48.2017661],[27.4245055,48.2019465],[27.4246851,48.2021232],[27.4248231,48.202233],[27.4249449,48.2023874],[27.4251072,48.2026036],[27.4251753,48.2027408],[27.4252047,48.2029623],[27.4252198,48.2032242],[27.4251972,48.2034422],[27.4250856,48.2039134],[27.4251002,48.2040749],[27.4251626,48.2041752],[27.4253991,48.204432],[27.4256553,48.2046652],[27.4258402,48.2048519],[27.4260008,48.2050891],[27.4260385,48.2052165],[27.4259865,48.2053915],[27.4259021,48.205492],[27.4257837,48.2056139],[27.4254477,48.2059392],[27.4253061,48.2061425],[27.4252391,48.206321],[27.42519,48.2063886],[27.4250516,48.2065207],[27.4248974,48.2066291],[27.4246531,48.2067421],[27.4244933,48.2068105],[27.4244236,48.2068547],[27.4243972,48.2070497],[27.4242759,48.2072925],[27.4240277,48.2077378],[27.4238143,48.2081627],[27.4236705,48.20854],[27.4235865,48.2088832],[27.4235199,48.2090853],[27.4234317,48.2092136],[27.4233185,48.2093028],[27.4231439,48.2094342],[27.422855,48.2095976],[27.4227513,48.2097059],[27.4226977,48.209797],[27.4226411,48.2099956],[27.422649,48.2104087],[27.4226767,48.2108049],[27.4227332,48.2113856],[27.4227027,48.2116344],[27.4226246,48.2117626],[27.4225175,48.2119549],[27.422436,48.2121671],[27.4222829,48.2123228],[27.4220122,48.2126507],[27.4218215,48.2129478],[27.4216956,48.2132074],[27.4216284,48.2133792],[27.4215202,48.2137764],[27.4214677,48.2141933],[27.4214454,48.2146033],[27.4214461,48.2149022],[27.4215033,48.2149959],[27.4216004,48.2150724],[27.4217536,48.2151854],[27.4218316,48.2153091],[27.4218949,48.2154597],[27.4219794,48.215664],[27.4220273,48.2158014],[27.4220801,48.2159286],[27.4220921,48.2160293],[27.4220783,48.2160966],[27.4220161,48.2162683],[27.4219476,48.216373],[27.4219493,48.2164874],[27.4219865,48.2165946],[27.4220483,48.2166681],[27.4220943,48.2167081],[27.4221708,48.2167579],[27.4223178,48.2168106],[27.4224541,48.2168297],[27.4226809,48.2168414],[27.4229229,48.2168564],[27.4230898,48.2168954],[27.4232116,48.2169449],[27.4234713,48.2171076],[27.4236606,48.2172675],[27.4238808,48.2174708],[27.4241171,48.2177244],[27.4243428,48.2179512],[27.4245317,48.2180943],[27.4248733,48.2183236],[27.4254291,48.2187024],[27.4258271,48.2189851],[27.4262861,48.2193008],[27.426587,48.2195102],[27.4267246,48.2195966],[27.4269143,48.2197799],[27.4270034,48.2198695],[27.4271144,48.2199834],[27.4274151,48.2201828],[27.4275025,48.2202762],[27.4275749,48.2203798],[27.4276069,48.2204804],[27.4275938,48.2205914],[27.4275861,48.2209037],[27.427465,48.2206305],[27.4263836,48.2210634],[27.4263251,48.2209898],[27.4233677,48.2222663],[27.4232014,48.2223536],[27.4224045,48.2227043],[27.4224604,48.2226145],[27.4198573,48.2238068],[27.4186502,48.224354],[27.4172898,48.2249557],[27.4162224,48.225377],[27.4145495,48.226125],[27.4115269,48.2274771],[27.408177,48.2289614],[27.3962253,48.2343758],[27.3922553,48.236236],[27.3881753,48.2381001],[27.38611,48.2391168],[27.3847265,48.239615],[27.3804264,48.2415248],[27.3801386,48.2416012],[27.3721772,48.2451467],[27.3685896,48.2467562],[27.3633499,48.2492109],[27.3627516,48.2496257],[27.3626577,48.2495004],[27.3620678,48.2487046],[27.3608691,48.2470814],[27.3598401,48.2455653],[27.3596799,48.2453282],[27.358475,48.2436345],[27.3578022,48.2426572],[27.3569793,48.241461],[27.3568825,48.2414013],[27.3566628,48.241235],[27.3564676,48.241123],[27.3562006,48.2410269],[27.355822,48.240986],[27.355247,48.2409533],[27.3541534,48.2409379],[27.3529889,48.2408995],[27.352666,48.240875],[27.3523222,48.2408104],[27.3521096,48.2407532],[27.3518844,48.2405567],[27.3516282,48.2403235],[27.3512619,48.2398494],[27.350776,48.2391679],[27.3505859,48.2389644],[27.3503607,48.2387646],[27.3501547,48.2385209],[27.3496735,48.2378047],[27.3490292,48.2370096],[27.3486544,48.2366194],[27.347629,48.2353508],[27.346414,48.2338989],[27.345719,48.2330678],[27.3445706,48.2316758],[27.34351,48.2304261],[27.343021,48.2298132],[27.3421723,48.2288287],[27.3428362,48.2282127],[27.3432778,48.22784],[27.3433617,48.2274633],[27.3435539,48.2266626],[27.3437769,48.2258987],[27.3440002,48.2252496],[27.3443211,48.224229],[27.3444743,48.2237846],[27.3452566,48.2217344],[27.3455514,48.220939],[27.3457483,48.2204103],[27.3464295,48.2182329],[27.346701,48.2173712],[27.3468987,48.2166041],[27.3469564,48.216453],[27.3469884,48.2162777],[27.3469979,48.2159713],[27.3469488,48.215763],[27.3468617,48.21543],[27.3468069,48.2149662],[27.3465922,48.2142289],[27.3451766,48.2125086],[27.3425778,48.2091773],[27.3404963,48.2065788],[27.3397771,48.202262]]]}},{"type":"Feature","properties":{"entity_id":"osm-r19038954","jurisdiction":"MD","display_name":"Stolniceni","display_type":"independent_village","admin_level":8,"tier":"local","legal_registry":"CUATM","legal_id":"4144","legal_type":"independent_village","parent_catalog_id":"osm-r59000","osm_relation_id":19038954,"legal_identity_status":"reconciled","geometry_source":"OpenStreetMap","canonical_geometry_role":null,"geometry_scope":null,"geometry_precision":"master_coordinate_fidelity"},"geometry":{"type":"Polygon","coordinates":[[[27.3092578,48.0446274],[27.3083393,48.0438083],[27.3071651,48.042762],[27.3056173,48.0414027],[27.3038332,48.0398118],[27.3017893,48.0381361],[27.3003999,48.0369529],[27.2997862,48.0365682],[27.298834,48.0360303],[27.3004604,48.0345516],[27.3025005,48.0325733],[27.3039938,48.0311069],[27.3056327,48.0295031],[27.3069799,48.0281677],[27.3093845,48.0258831],[27.3097743,48.0254948],[27.3103634,48.0252985],[27.3108967,48.0251146],[27.3114851,48.0248934],[27.3119443,48.024698],[27.3123474,48.0244719],[27.3126873,48.0243269],[27.3133392,48.0240433],[27.3134944,48.0239243],[27.3137321,48.0237614],[27.313923,48.023574],[27.3140226,48.0234493],[27.3141021,48.0232441],[27.3150602,48.0240127],[27.3164961,48.0250944],[27.3200724,48.0227683],[27.3208584,48.0222232],[27.3221115,48.0214143],[27.3230535,48.0208061],[27.324171,48.0201718],[27.3251513,48.0196314],[27.3266804,48.0187399],[27.3276972,48.0181745],[27.3283197,48.0178104],[27.3285755,48.0176287],[27.3288877,48.0174962],[27.3293228,48.0175056],[27.3296808,48.0175452],[27.3296131,48.0177051],[27.3295153,48.0178435],[27.3294086,48.0180107],[27.3293689,48.018187],[27.3293543,48.0184304],[27.329401,48.0186318],[27.3295107,48.0188807],[27.3296859,48.0193148],[27.3297778,48.0196311],[27.3298868,48.0201009],[27.3299924,48.0203883],[27.3300738,48.0205423],[27.3303278,48.0209589],[27.3304961,48.0211795],[27.330739,48.0214018],[27.3309795,48.0214961],[27.3312768,48.0215579],[27.3317366,48.021625],[27.3325779,48.0216572],[27.3329603,48.0216736],[27.3331042,48.0217045],[27.3332677,48.0217674],[27.3333572,48.0217826],[27.3334952,48.0217592],[27.333657,48.021726],[27.3338207,48.0217056],[27.3341391,48.0217066],[27.3344459,48.0217621],[27.3346424,48.0217991],[27.3348857,48.0217845],[27.3352017,48.0218207],[27.3354099,48.021886],[27.3356098,48.021933],[27.3357175,48.0219926],[27.3366183,48.0210959],[27.3373898,48.0203101],[27.3383374,48.0193878],[27.3403453,48.0174463],[27.3425041,48.0154077],[27.3443877,48.0134734],[27.3458505,48.0120287],[27.3470137,48.0109063],[27.3480647,48.0097923],[27.350445,48.0110287],[27.3514877,48.0115337],[27.3522492,48.0108813],[27.353157,48.009991],[27.3538045,48.0092496],[27.3540632,48.008928],[27.3546736,48.0083794],[27.3549642,48.0080892],[27.3553025,48.0077566],[27.3562234,48.0069492],[27.3576893,48.0056575],[27.3590698,48.0044048],[27.3613265,48.0023859],[27.3632963,48.0006139],[27.3637916,48.0010519],[27.3651407,48.002207],[27.3659576,48.0029883],[27.3674519,48.0042382],[27.3688002,48.005342],[27.3696774,48.0062764],[27.3708723,48.0073429],[27.3716805,48.0081689],[27.3728551,48.0091429],[27.3735189,48.0096336],[27.3755837,48.0114193],[27.3764283,48.0120366],[27.377409,48.0129715],[27.3790471,48.0143845],[27.3803658,48.0155133],[27.3855447,48.0200316],[27.388581,48.0227007],[27.3907638,48.0246199],[27.3931609,48.0268096],[27.3940733,48.0275817],[27.3940601,48.0277656],[27.3938676,48.0282384],[27.3923514,48.0293475],[27.3893478,48.0314913],[27.3882284,48.0323415],[27.384924,48.034846],[27.3842209,48.0350786],[27.383421,48.035253],[27.3829944,48.0355457],[27.3826266,48.0357505],[27.3822322,48.0361642],[27.3820265,48.036462],[27.3819023,48.0368265],[27.3817639,48.0369487],[27.3813283,48.0373021],[27.3810712,48.0375262],[27.3762112,48.0415285],[27.3752708,48.0423031],[27.3737267,48.0435872],[27.3734167,48.0437384],[27.3731976,48.0438275],[27.3729117,48.0440986],[27.3724227,48.0443662],[27.3722476,48.0445339],[27.3721015,48.0447636],[27.3717558,48.0450553],[27.3714002,48.0453538],[27.3709163,48.0457676],[27.3700563,48.0464531],[27.3680329,48.0482433],[27.3671338,48.0489896],[27.3662466,48.0498374],[27.3654167,48.050535],[27.3640322,48.0516262],[27.3619284,48.0534277],[27.3589515,48.0547383],[27.3565196,48.0557152],[27.3562009,48.0558518],[27.3552244,48.0562415],[27.353545,48.056777],[27.3512742,48.057599],[27.3498385,48.0581329],[27.3492405,48.0583654],[27.3485664,48.0588268],[27.3484103,48.0580018],[27.3481446,48.056694],[27.3475571,48.0542937],[27.3465388,48.0498144],[27.3463149,48.0491224],[27.3457574,48.0467056],[27.3406352,48.0486622],[27.3392987,48.0491727],[27.3390721,48.0491475],[27.3387558,48.0491295],[27.3385444,48.0490974],[27.3383519,48.0490046],[27.3382093,48.0488913],[27.3380044,48.0486709],[27.3379505,48.0484762],[27.3380142,48.0483628],[27.3381482,48.0483135],[27.3383536,48.0482528],[27.3384781,48.0482371],[27.3386978,48.048175],[27.3387969,48.0481071],[27.3388256,48.0480329],[27.3388043,48.0479658],[27.3386806,48.0477919],[27.3386574,48.0476239],[27.3386233,48.0474157],[27.3385191,48.047208],[27.3383843,48.0469804],[27.3370387,48.0471744],[27.3364488,48.0472594],[27.3358892,48.04722],[27.3358615,48.0469205],[27.3351818,48.0473259],[27.3342079,48.0428205],[27.3360507,48.0420918],[27.3362511,48.0418717],[27.3360496,48.0418328],[27.3355747,48.0418631],[27.3354581,48.0418706],[27.3347778,48.0419898],[27.3342381,48.0421146],[27.3337018,48.042421],[27.3335233,48.0425366],[27.3334751,48.0426429],[27.3334056,48.0426854],[27.3330897,48.0427027],[27.3326821,48.0429141],[27.332489,48.0430567],[27.3322298,48.0431493],[27.3318195,48.0432194],[27.3316696,48.0432507],[27.3313303,48.0433574],[27.3311408,48.0434259],[27.3309514,48.0434945],[27.3293032,48.0423059],[27.3289053,48.0425003],[27.3278036,48.0428981],[27.3270064,48.0432164],[27.3263454,48.0427504],[27.3255377,48.0421274],[27.323617,48.0406715],[27.3208475,48.0385257],[27.3198581,48.0390302],[27.3176414,48.0402089],[27.3145797,48.0418339],[27.3125318,48.042924],[27.3111546,48.0436395],[27.3092578,48.0446274]]]}},{"type":"Feature","properties":{"entity_id":"osm-r19038955","jurisdiction":"MD","display_name":"Fetești","display_type":"independent_village","admin_level":8,"tier":"local","legal_registry":"CUATM","legal_id":"4127","legal_type":"independent_village","parent_catalog_id":"osm-r59000","osm_relation_id":19038955,"legal_identity_status":"reconciled","geometry_source":"OpenStreetMap","canonical_geometry_role":null,"geometry_scope":null,"geometry_precision":"master_coordinate_fidelity"},"geometry":{"type":"Polygon","coordinates":[[[27.0426243,48.1582408],[27.0426531,48.1581332],[27.0427075,48.1580624],[27.0427818,48.157968],[27.0428407,48.1578568],[27.0429152,48.1577859],[27.0429999,48.1577216],[27.0433293,48.1575217],[27.0434241,48.1574641],[27.0434535,48.1574002],[27.0434725,48.1573161],[27.0434912,48.1572052],[27.0435246,48.1570707],[27.0435733,48.1569462],[27.0436624,48.1568315],[27.0437315,48.1567304],[27.0437853,48.156616],[27.0438292,48.1565083],[27.043868,48.1563939],[27.0438966,48.1562762],[27.0439152,48.1561552],[27.0439688,48.1560206],[27.0440526,48.1558925],[27.0441216,48.1557814],[27.044186,48.1557038],[27.0443553,48.1555752],[27.0444742,48.1554336],[27.0445476,48.1552787],[27.0446068,48.1551843],[27.044675,48.1550127],[27.0447734,48.1548443],[27.0448619,48.1546893],[27.0449204,48.1545446],[27.0449634,48.1543748],[27.0449817,48.1542303],[27.0450057,48.1541429],[27.0450325,48.1538808],[27.0450754,48.1536993],[27.0450938,48.1535648],[27.0500268,48.1515799],[27.0538339,48.1496648],[27.0559241,48.1487599],[27.0584493,48.1476661],[27.059804,48.1470591],[27.0609088,48.1465764],[27.0623356,48.1460204],[27.0630861,48.1456967],[27.0641563,48.1451861],[27.0653417,48.1446378],[27.0662412,48.1441584],[27.0682757,48.1426926],[27.0689345,48.1422648],[27.0699477,48.1416263],[27.0714897,48.140628],[27.0726373,48.1398709],[27.0735556,48.1392935],[27.0737759,48.1392149],[27.074362,48.1390267],[27.0747818,48.1388158],[27.0755002,48.1383404],[27.0757192,48.1381472],[27.0761081,48.1378723],[27.0763278,48.1377398],[27.0769373,48.1374133],[27.077501,48.1370432],[27.0781029,48.1364909],[27.0783373,48.1363347],[27.0786267,48.1361513],[27.0787906,48.135982],[27.079059,48.1357177],[27.0792718,48.1354336],[27.0794251,48.1352205],[27.0795431,48.1349907],[27.0797056,48.1347034],[27.0801161,48.1341384],[27.0806599,48.1337886],[27.0811838,48.1334524],[27.0814774,48.1332015],[27.0816524,48.1331198],[27.0820234,48.1325473],[27.082325,48.1318202],[27.0823892,48.1316534],[27.0822484,48.1314716],[27.0820171,48.1313369],[27.0846764,48.1303442],[27.0856516,48.130176],[27.0875215,48.1298262],[27.0895121,48.1294157],[27.0922498,48.1288468],[27.0968462,48.1278696],[27.0968785,48.1281504],[27.0972539,48.1314408],[27.0967354,48.1322427],[27.0971378,48.1332018],[27.0974998,48.1332468],[27.09807,48.1333867],[27.1013017,48.1338359],[27.1029186,48.1341523],[27.1054293,48.1346617],[27.1085639,48.1354005],[27.1103848,48.1365433],[27.1162313,48.1370816],[27.1172279,48.1393588],[27.1196674,48.140976],[27.1228497,48.1424993],[27.1274286,48.1421177],[27.1296964,48.1426263],[27.1308365,48.1428189],[27.1316222,48.14308],[27.1431157,48.1428756],[27.1424277,48.144402],[27.1418339,48.14575],[27.1412615,48.1471868],[27.1408572,48.1485282],[27.1403664,48.1500318],[27.1397949,48.1518242],[27.1391084,48.1545952],[27.1393104,48.1557497],[27.1413929,48.1603006],[27.1424388,48.1626111],[27.1425945,48.1630574],[27.142524,48.1640438],[27.1423901,48.1653998],[27.1423128,48.1661977],[27.1421907,48.1672518],[27.1420674,48.1685053],[27.1418987,48.1702494],[27.1417555,48.1717993],[27.1414507,48.1744737],[27.1428442,48.1742631],[27.1454696,48.1738455],[27.1453773,48.1744415],[27.1452931,48.1747572],[27.1451852,48.1751825],[27.1449103,48.176687],[27.144791,48.1773072],[27.1443562,48.1784031],[27.144076,48.1790619],[27.1437648,48.1798071],[27.1435482,48.1804062],[27.1433467,48.1809353],[27.1432582,48.1814691],[27.1430942,48.182849],[27.1429935,48.1831189],[27.1430009,48.1835876],[27.1428821,48.1847572],[27.1427158,48.1854799],[27.1425711,48.1860302],[27.1419253,48.1865456],[27.1407818,48.1873448],[27.1380589,48.1869005],[27.133284,48.1861004],[27.1306182,48.187485],[27.1309843,48.1883762],[27.1313886,48.1891362],[27.1284869,48.1902534],[27.1257852,48.1912957],[27.1233713,48.1913629],[27.1203224,48.1914596],[27.1190111,48.1912383],[27.1185779,48.1912137],[27.1153721,48.1908278],[27.1148675,48.190723],[27.1132908,48.190201],[27.1120573,48.1897577],[27.1109417,48.1895071],[27.1097003,48.1880687],[27.1088015,48.1872999],[27.1077195,48.1866697],[27.107375,48.1870083],[27.1069049,48.1875517],[27.1064062,48.1880857],[27.1061665,48.1882625],[27.1058849,48.1885107],[27.1051759,48.189302],[27.104774,48.1896078],[27.1038896,48.1900251],[27.1036263,48.1900732],[27.1023667,48.1905928],[27.1017725,48.1908806],[27.101505,48.1911192],[27.1012789,48.191258],[27.1004349,48.1908874],[27.1000397,48.1906788],[27.0978661,48.1896905],[27.0977019,48.1896439],[27.0975293,48.189493],[27.0973009,48.1894324],[27.0970515,48.1894052],[27.0969088,48.189368],[27.0966507,48.1892663],[27.096477,48.1889621],[27.0964916,48.1883974],[27.096632,48.1882354],[27.0969143,48.1880441],[27.0970426,48.1880625],[27.097606,48.1881735],[27.0980913,48.1882944],[27.0985408,48.1884012],[27.0986488,48.1885051],[27.0987366,48.1887086],[27.0987915,48.1891354],[27.0988159,48.1893915],[27.0988041,48.1895909],[27.0987281,48.1897811],[27.0987149,48.1898665],[27.0987793,48.1898994],[27.0988928,48.1898656],[27.0993519,48.1895881],[27.099798,48.1894055],[27.0999746,48.1892955],[27.1003139,48.1891134],[27.1005761,48.1890267],[27.1007533,48.1889688],[27.100838,48.1889115],[27.1008793,48.1887926],[27.1009489,48.1886641],[27.1010835,48.188616],[27.101317,48.1885104],[27.10165,48.1883948],[27.1018905,48.1882797],[27.1020103,48.1881795],[27.1020938,48.1880461],[27.1020705,48.187866],[27.1020475,48.1877285],[27.1021747,48.1876519],[27.10447,48.1868288],[27.1072898,48.1852686],[27.1083026,48.1848885],[27.1086499,48.184787],[27.1092468,48.1847222],[27.1097814,48.1848049],[27.1098162,48.184743],[27.1097297,48.1846486],[27.1087085,48.1843407],[27.1086503,48.1842366],[27.1085709,48.1841421],[27.1083081,48.1841719],[27.1073383,48.1845755],[27.106594,48.1848024],[27.106034,48.1849714],[27.1054301,48.1850409],[27.1050813,48.1850261],[27.1042684,48.1848737],[27.1038261,48.1847763],[27.1028269,48.1847574],[27.1009212,48.1844719],[27.1003459,48.1835015],[27.1009384,48.1827869],[27.0991142,48.1831805],[27.0956544,48.183386],[27.0933095,48.1833979],[27.0917842,48.1832283],[27.090797,48.1831527],[27.0901159,48.183132],[27.0887567,48.1830851],[27.086712,48.1829544],[27.0852425,48.1829416],[27.0851817,48.1828273],[27.0849646,48.1824194],[27.0820701,48.177594],[27.0812851,48.1767252],[27.0804457,48.1755009],[27.0799512,48.1745113],[27.077395,48.1710583],[27.0743864,48.1693665],[27.0705079,48.1675903],[27.0674182,48.166291],[27.0643979,48.1652532],[27.0610028,48.1639811],[27.0593837,48.1631507],[27.0514995,48.1602109],[27.0473627,48.1586258],[27.0431532,48.158278],[27.0426243,48.1582408]]]}},{"type":"Feature","properties":{"entity_id":"osm-r19038956","jurisdiction":"MD","display_name":"Zăbriceni","display_type":"commune","admin_level":8,"tier":"local","legal_registry":"CUATM","legal_id":"4152","legal_type":"commune","parent_catalog_id":"osm-r59000","osm_relation_id":19038956,"legal_identity_status":"reconciled","geometry_source":"OpenStreetMap","canonical_geometry_role":null,"geometry_scope":null,"geometry_precision":"master_coordinate_fidelity"},"geometry":{"type":"Polygon","coordinates":[[[27.2275291,48.0544089],[27.2305243,48.0581909],[27.2312158,48.0589924],[27.2320818,48.0600062],[27.234415,48.0627616],[27.2350226,48.0635025],[27.2377236,48.0622499],[27.239998,48.0611879],[27.2405472,48.0608932],[27.2409413,48.0607198],[27.2412773,48.0605204],[27.2415486,48.0603427],[27.2420202,48.059944],[27.2424854,48.0596579],[27.2437258,48.0589254],[27.2446561,48.0584399],[27.2460145,48.0577542],[27.2461162,48.0577029],[27.246956,48.0573128],[27.2478411,48.0569529],[27.2483451,48.0567882],[27.2488038,48.05671],[27.2494146,48.0565996],[27.250066,48.0565219],[27.2504923,48.0565106],[27.2518331,48.0567099],[27.2523711,48.0568146],[27.2529401,48.056837],[27.2535986,48.0568025],[27.2545204,48.0566669],[27.2549593,48.0566338],[27.2553987,48.0566353],[27.2557808,48.0566848],[27.2561894,48.0567775],[27.2567565,48.0570811],[27.2573642,48.057497],[27.2582181,48.0583486],[27.2584809,48.0586107],[27.2584769,48.0587622],[27.2593083,48.0602109],[27.259344,48.0604184],[27.2595422,48.0602873],[27.2635322,48.0573148],[27.2647959,48.0563589],[27.2657795,48.0556602],[27.2679127,48.0541491],[27.2679694,48.0540622],[27.2681273,48.0526634],[27.2682994,48.0509572],[27.2684099,48.0498227],[27.2685862,48.047955],[27.2688094,48.0457923],[27.2689991,48.0439583],[27.2691481,48.0420079],[27.2692604,48.0401787],[27.269348,48.0388209],[27.2694368,48.0375365],[27.269504,48.0365074],[27.2695172,48.0361312],[27.2694838,48.0356689],[27.2694375,48.0352068],[27.2693059,48.0346587],[27.2689858,48.0332518],[27.2687038,48.0318057],[27.2684913,48.030653],[27.2684157,48.0303769],[27.2694623,48.0296047],[27.2704511,48.0288546],[27.2710113,48.028358],[27.2716484,48.0278263],[27.2723499,48.0272856],[27.2728958,48.0268082],[27.2734764,48.0262708],[27.2739913,48.0257745],[27.2741688,48.0255701],[27.2748356,48.0248826],[27.275141,48.0245626],[27.2753633,48.024382],[27.2756765,48.0241853],[27.2762202,48.0238704],[27.2768991,48.0235286],[27.277296,48.0233184],[27.2778204,48.0230036],[27.2781722,48.0228023],[27.2785632,48.0225325],[27.2819606,48.0243097],[27.2830272,48.0250024],[27.2849518,48.0260795],[27.287036,48.0272855],[27.288018,48.0278859],[27.2893364,48.0286821],[27.290916,48.029588],[27.2929778,48.0307021],[27.2966717,48.0327693],[27.2997417,48.0342098],[27.3004604,48.0345516],[27.298834,48.0360303],[27.2997862,48.0365682],[27.3003999,48.0369529],[27.3017893,48.0381361],[27.3038332,48.0398118],[27.3056173,48.0414027],[27.3071651,48.042762],[27.3083393,48.0438083],[27.3092578,48.0446274],[27.3085598,48.0449911],[27.3039564,48.04744],[27.3014076,48.0487677],[27.2994678,48.0498185],[27.2974381,48.0509011],[27.2992215,48.052421],[27.3009522,48.0538721],[27.3025983,48.0552847],[27.3045851,48.0569677],[27.3050558,48.0572847],[27.3106065,48.0617563],[27.3108758,48.0620055],[27.3113905,48.0626074],[27.3135093,48.0643309],[27.3156092,48.0660761],[27.3177674,48.0678165],[27.3183315,48.0682709],[27.3203464,48.0699388],[27.3210869,48.0704914],[27.3221749,48.071314],[27.3248874,48.0732969],[27.3262707,48.0743465],[27.3279344,48.0755282],[27.3299126,48.0769325],[27.3303239,48.0771502],[27.3325628,48.0786607],[27.333003,48.0790424],[27.3344437,48.0800353],[27.3359965,48.0811442],[27.3372089,48.0820176],[27.3382371,48.0827238],[27.339239,48.0834041],[27.3406412,48.0844016],[27.3411467,48.084813],[27.3425225,48.0857761],[27.3430654,48.0861095],[27.3461332,48.0883315],[27.3468496,48.088949],[27.3477998,48.0896167],[27.3491627,48.0905711],[27.3501072,48.0912777],[27.3503962,48.0915136],[27.3516883,48.0924675],[27.3527306,48.0932029],[27.3538786,48.0940584],[27.354101,48.0941907],[27.3551191,48.0950084],[27.3555732,48.0954198],[27.3564672,48.0961778],[27.3571447,48.096769],[27.3575999,48.0972323],[27.3557485,48.0984824],[27.3552705,48.0988491],[27.3544291,48.0994908],[27.3530715,48.1005297],[27.3523435,48.101015],[27.3517309,48.1014475],[27.3512001,48.1017584],[27.350303,48.1021973],[27.3475089,48.1035496],[27.3460344,48.1042349],[27.345567,48.1044891],[27.3439923,48.1053524],[27.3426599,48.1060323],[27.3399122,48.1074661],[27.3369851,48.1089963],[27.3351338,48.1099566],[27.3326092,48.1112373],[27.3304045,48.1123319],[27.3287631,48.1131134],[27.3271863,48.1138943],[27.3255456,48.1147167],[27.324206,48.1136505],[27.3235762,48.1131755],[27.3220687,48.112117],[27.3202154,48.1109243],[27.3191943,48.1098996],[27.3187856,48.1094877],[27.3178522,48.1086821],[27.3172478,48.1081765],[27.3165145,48.1076979],[27.3159506,48.1072871],[27.3156348,48.1069956],[27.3141659,48.1059086],[27.3114119,48.1038716],[27.3108596,48.1033913],[27.3078185,48.1011056],[27.3069786,48.1004202],[27.3065594,48.1001207],[27.3047394,48.0987072],[27.3031114,48.0974747],[27.3009479,48.0957876],[27.2998875,48.0950518],[27.2976182,48.0932184],[27.2959407,48.0919425],[27.2952848,48.0914308],[27.2935809,48.0900919],[27.2933857,48.090024],[27.2930063,48.0897669],[27.2928879,48.0896465],[27.2871754,48.0852444],[27.2863107,48.084575],[27.2825923,48.0856814],[27.2808193,48.0863595],[27.279872,48.086937],[27.2796284,48.0870597],[27.2791671,48.0873137],[27.279014,48.0874359],[27.2788067,48.0874113],[27.2784428,48.0873012],[27.2779134,48.0873479],[27.2776689,48.0874187],[27.2773215,48.0875249],[27.2769669,48.0871983],[27.2764174,48.0868124],[27.2754597,48.0859878],[27.2734249,48.0841488],[27.2728083,48.0836162],[27.2726622,48.0833835],[27.2710485,48.0819745],[27.2696715,48.0808064],[27.2678974,48.0790695],[27.2659776,48.0771172],[27.2617778,48.0788146],[27.2587978,48.0800107],[27.2556388,48.0813376],[27.2548171,48.0816891],[27.254329,48.0818912],[27.2541372,48.0820223],[27.2537447,48.0825354],[27.2534805,48.0829871],[27.2533057,48.083369],[27.2532708,48.0836116],[27.2504555,48.0886233],[27.2503896,48.0885458],[27.2502987,48.0885204],[27.2502233,48.0886593],[27.2501469,48.0887291],[27.249992,48.0887474],[27.2497182,48.0886106],[27.2492623,48.0884057],[27.2483554,48.0882663],[27.2474114,48.0883099],[27.2468295,48.0883273],[27.2488544,48.0939993],[27.2484054,48.0942182],[27.2432908,48.0962837],[27.24214,48.0967693],[27.2417651,48.0969687],[27.2396835,48.0981997],[27.2358175,48.1004969],[27.2324296,48.1024733],[27.2319641,48.1027247],[27.2303863,48.100684],[27.2288659,48.0985912],[27.2267374,48.0953675],[27.2241629,48.0914722],[27.2219452,48.087018],[27.221626,48.0871],[27.2215086,48.0866707],[27.2213923,48.0861204],[27.2212566,48.0855008],[27.2212178,48.0851628],[27.2211596,48.0848725],[27.221095,48.0847079],[27.220291,48.0845592],[27.2193172,48.0844046],[27.2171386,48.0839973],[27.2164404,48.0838716],[27.2158874,48.0837131],[27.2155289,48.0835856],[27.2151281,48.0833863],[27.2148308,48.0832043],[27.2147274,48.0830266],[27.2146499,48.0826453],[27.2145077,48.0822944],[27.2144043,48.0821644],[27.2140747,48.0819824],[27.2134218,48.081757],[27.2128982,48.0815793],[27.2121934,48.081403],[27.2120317,48.0813468],[27.2119739,48.0812717],[27.2119739,48.0812023],[27.2121226,48.0809987],[27.2123748,48.0806131],[27.2126788,48.0801885],[27.2128534,48.0799588],[27.2129698,48.0798072],[27.2130215,48.0796772],[27.2130733,48.0795819],[27.2132414,48.0794216],[27.2096541,48.0781648],[27.2085747,48.0778051],[27.2067655,48.0771841],[27.2068167,48.077038],[27.207069,48.076674],[27.2073535,48.0764401],[27.2078513,48.0760242],[27.2082328,48.0757253],[27.2086013,48.075435],[27.2093319,48.0748458],[27.209597,48.0746292],[27.2100755,48.0742392],[27.2106509,48.0737627],[27.2109741,48.0734941],[27.2102389,48.0732117],[27.2088027,48.0726316],[27.2057007,48.0714484],[27.2035293,48.0706076],[27.2020172,48.0700138],[27.2003371,48.0693852],[27.1987023,48.0687697],[27.1970223,48.0680934],[27.1962922,48.0677597],[27.1947157,48.0670401],[27.1942957,48.066845],[27.1938952,48.0665633],[27.1933583,48.0661157],[27.1936046,48.064922],[27.193812,48.0639201],[27.1940323,48.0630849],[27.1948733,48.0614386],[27.1957013,48.0599483],[27.1971762,48.0571322],[27.2146854,48.0641968],[27.2199456,48.06632],[27.2223626,48.0672385],[27.2232674,48.0675418],[27.2273387,48.0592051],[27.2239949,48.0580497],[27.2275291,48.0544089]]]}},{"type":"Feature","properties":{"entity_id":"osm-r19038957","jurisdiction":"MD","display_name":"Trinca","display_type":"independent_village","admin_level":8,"tier":"local","legal_registry":"CUATM","legal_id":"4148","legal_type":"independent_village","parent_catalog_id":"osm-r59000","osm_relation_id":19038957,"legal_identity_status":"reconciled","geometry_source":"OpenStreetMap","canonical_geometry_role":null,"geometry_scope":null,"geometry_precision":"master_coordinate_fidelity"},"geometry":{"type":"Polygon","coordinates":[[[27.093467,48.2598283],[27.0924235,48.2584466],[27.0913251,48.2562249],[27.0895738,48.2539957],[27.0873171,48.2530535],[27.0854894,48.2514571],[27.0835199,48.24909],[27.0834639,48.2488846],[27.0832386,48.2485113],[27.0830516,48.2482722],[27.0823208,48.2475023],[27.0816456,48.2467964],[27.0810605,48.246192],[27.0799491,48.2450538],[27.0781883,48.2431604],[27.0771352,48.2420284],[27.0756985,48.2403964],[27.0746322,48.2392422],[27.0739291,48.2385256],[27.0727608,48.2375188],[27.0730867,48.2374022],[27.0760157,48.2343995],[27.0787054,48.2316455],[27.0809065,48.2301239],[27.0823683,48.2291173],[27.0829421,48.228536],[27.0854581,48.2261014],[27.0866826,48.2248696],[27.087414,48.2240894],[27.0876049,48.2237566],[27.0879656,48.2227841],[27.0882061,48.2219429],[27.0885963,48.2205523],[27.0888488,48.2195905],[27.0892915,48.2182402],[27.0902611,48.2158061],[27.0904616,48.2150913],[27.0905328,48.2145919],[27.0902173,48.2137173],[27.0895553,48.2122885],[27.089302,48.2102616],[27.0892868,48.2095636],[27.0893423,48.209301],[27.089278,48.2085024],[27.089183,48.204217],[27.0891289,48.2012781],[27.0890058,48.2009261],[27.0889981,48.2002012],[27.0889492,48.1991168],[27.0889465,48.1985578],[27.0890286,48.1978694],[27.0890155,48.1972749],[27.0890573,48.1968796],[27.0890092,48.1964896],[27.0888901,48.1946743],[27.0889259,48.1936335],[27.0889455,48.191112],[27.0890213,48.1901664],[27.0891612,48.1886037],[27.0891453,48.188311],[27.0888968,48.1868276],[27.088896,48.1867003],[27.0890993,48.1861715],[27.0894331,48.1854696],[27.0906321,48.1833245],[27.0905332,48.1832296],[27.090797,48.1831527],[27.0917842,48.1832283],[27.0933095,48.1833979],[27.0956544,48.183386],[27.0991142,48.1831805],[27.1009384,48.1827869],[27.1003459,48.1835015],[27.1009212,48.1844719],[27.1028269,48.1847574],[27.1038261,48.1847763],[27.1042684,48.1848737],[27.1050813,48.1850261],[27.1054301,48.1850409],[27.106034,48.1849714],[27.106594,48.1848024],[27.1073383,48.1845755],[27.1083081,48.1841719],[27.1085709,48.1841421],[27.1086503,48.1842366],[27.1087085,48.1843407],[27.1097297,48.1846486],[27.1098162,48.184743],[27.1097814,48.1848049],[27.1092468,48.1847222],[27.1086499,48.184787],[27.1083026,48.1848885],[27.1072898,48.1852686],[27.10447,48.1868288],[27.1021747,48.1876519],[27.1020475,48.1877285],[27.1020705,48.187866],[27.1020938,48.1880461],[27.1020103,48.1881795],[27.1018905,48.1882797],[27.10165,48.1883948],[27.101317,48.1885104],[27.1010835,48.188616],[27.1009489,48.1886641],[27.1008793,48.1887926],[27.100838,48.1889115],[27.1007533,48.1889688],[27.1005761,48.1890267],[27.1003139,48.1891134],[27.0999746,48.1892955],[27.099798,48.1894055],[27.0993519,48.1895881],[27.0988928,48.1898656],[27.0987793,48.1898994],[27.0987149,48.1898665],[27.0987281,48.1897811],[27.0988041,48.1895909],[27.0988159,48.1893915],[27.0987915,48.1891354],[27.0987366,48.1887086],[27.0986488,48.1885051],[27.0985408,48.1884012],[27.0980913,48.1882944],[27.097606,48.1881735],[27.0970426,48.1880625],[27.0969143,48.1880441],[27.096632,48.1882354],[27.0964916,48.1883974],[27.096477,48.1889621],[27.0966507,48.1892663],[27.0969088,48.189368],[27.0970515,48.1894052],[27.0973009,48.1894324],[27.0975293,48.189493],[27.0977019,48.1896439],[27.0978661,48.1896905],[27.1000397,48.1906788],[27.1004349,48.1908874],[27.1012789,48.191258],[27.101505,48.1911192],[27.1017725,48.1908806],[27.1023667,48.1905928],[27.1036263,48.1900732],[27.1038896,48.1900251],[27.104774,48.1896078],[27.1051759,48.189302],[27.1058849,48.1885107],[27.1061665,48.1882625],[27.1064062,48.1880857],[27.1069049,48.1875517],[27.107375,48.1870083],[27.1077195,48.1866697],[27.1088015,48.1872999],[27.1097003,48.1880687],[27.1109417,48.1895071],[27.1120573,48.1897577],[27.1132908,48.190201],[27.1148675,48.190723],[27.1153721,48.1908278],[27.1185779,48.1912137],[27.1190111,48.1912383],[27.1203224,48.1914596],[27.1233713,48.1913629],[27.1257852,48.1912957],[27.1284869,48.1902534],[27.1313886,48.1891362],[27.1309843,48.1883762],[27.1306182,48.187485],[27.133284,48.1861004],[27.1380589,48.1869005],[27.1381338,48.1878268],[27.1381326,48.1883909],[27.1381391,48.1886577],[27.1382419,48.1889477],[27.1385016,48.1894634],[27.138981,48.1905083],[27.1392418,48.1910911],[27.1397737,48.1922701],[27.1402837,48.1933417],[27.1407933,48.1943798],[27.1410642,48.1949693],[27.1415004,48.1958197],[27.1417578,48.1961809],[27.1423435,48.1974317],[27.1427511,48.198383],[27.1432723,48.199515],[27.1437323,48.2005936],[27.1440245,48.2012501],[27.1447659,48.2029316],[27.144992,48.2032258],[27.1452571,48.2040705],[27.1455711,48.2049771],[27.1459541,48.2061282],[27.1460941,48.206705],[27.1465844,48.2079329],[27.1468841,48.208272],[27.1471209,48.2085997],[27.1473726,48.2092363],[27.1478702,48.2101333],[27.148273,48.210769],[27.1486644,48.2113242],[27.1490752,48.2119751],[27.149275,48.2123617],[27.1495045,48.2128641],[27.1496898,48.2131182],[27.1498821,48.2133271],[27.15012,48.2135724],[27.1505809,48.2140601],[27.1511038,48.2146481],[27.1513617,48.2150294],[27.1518461,48.2157251],[27.1522696,48.2163942],[27.1524373,48.2169769],[27.1527466,48.2174987],[27.1530117,48.2177388],[27.1534893,48.2180515],[27.1540871,48.2183099],[27.1543103,48.2184294],[27.1545058,48.2187304],[27.1546293,48.2189243],[27.1549354,48.2192179],[27.1550176,48.2193315],[27.1552538,48.2196658],[27.1554087,48.2199468],[27.1555745,48.2202881],[27.1556403,48.2206771],[27.1558079,48.2211526],[27.1558398,48.2212733],[27.1563372,48.221559],[27.1566224,48.2217856],[27.1568973,48.2220055],[27.1572213,48.2221245],[27.1577576,48.2223094],[27.1579299,48.2223822],[27.158276,48.2226487],[27.1584991,48.2227615],[27.1588447,48.2229877],[27.1590898,48.2232347],[27.1594379,48.2236421],[27.1595915,48.2238224],[27.1599873,48.2240417],[27.1601403,48.2241817],[27.1600995,48.2243563],[27.1601963,48.2245908],[27.1604745,48.2250389],[27.1608021,48.2254196],[27.1608849,48.2255802],[27.1608874,48.2257681],[27.1609867,48.2260259],[27.1610991,48.2261394],[27.1611172,48.2261781],[27.1612143,48.2263672],[27.1612349,48.2274407],[27.1606231,48.2290072],[27.160313,48.2292537],[27.1597511,48.2294678],[27.1570008,48.2303156],[27.1511339,48.2322481],[27.1532793,48.234692],[27.1549239,48.2347246],[27.1551026,48.23803],[27.1547468,48.2383754],[27.1546386,48.2391826],[27.1538255,48.2395435],[27.1535163,48.2437646],[27.1474971,48.2435319],[27.1473787,48.2453575],[27.1473611,48.2467964],[27.1485366,48.2507166],[27.1491449,48.2527364],[27.149668,48.2548947],[27.1504129,48.2572453],[27.1475015,48.2587364],[27.1456148,48.2596578],[27.1453272,48.2589707],[27.1449436,48.2581179],[27.1447041,48.2575487],[27.1439453,48.2558612],[27.1431987,48.2559745],[27.141087,48.2562947],[27.1396651,48.2565161],[27.1371553,48.2569048],[27.1353993,48.2571897],[27.135235,48.2566213],[27.1351082,48.256195],[27.1348574,48.2555464],[27.1345547,48.2547463],[27.1344066,48.2543248],[27.133668,48.2523505],[27.1333083,48.2514239],[27.1331222,48.2509444],[27.132953,48.250496],[27.1326793,48.2497703],[27.1320705,48.2480934],[27.1317491,48.2473012],[27.131637,48.2470119],[27.1313716,48.2463104],[27.1326119,48.2461234],[27.1328299,48.2460759],[27.1326279,48.245344],[27.131939,48.2438865],[27.1315412,48.2439646],[27.1305488,48.2441025],[27.1304747,48.2441128],[27.1299289,48.2426925],[27.129222,48.2409314],[27.1298087,48.241137],[27.1308951,48.2414252],[27.1309907,48.2421932],[27.1316267,48.2428919],[27.132587,48.243335],[27.1325927,48.2437619],[27.1336173,48.2436804],[27.1350773,48.2442013],[27.1357864,48.244501],[27.1358233,48.2445957],[27.1357171,48.2446438],[27.1355674,48.2446375],[27.1355932,48.2455011],[27.1395716,48.244722],[27.138946,48.24293],[27.1387274,48.242467],[27.1385586,48.2419987],[27.1383192,48.2413215],[27.1380061,48.2405111],[27.137748,48.2397736],[27.1374932,48.2390709],[27.1372503,48.2382333],[27.1371231,48.2377575],[27.1369669,48.2373825],[27.1367081,48.2368604],[27.1361671,48.2355747],[27.1360834,48.2353402],[27.1298403,48.2405629],[27.1284695,48.2401476],[27.1271521,48.2399534],[27.1263353,48.2399008],[27.1245936,48.2399343],[27.1250007,48.2416495],[27.1245175,48.2417376],[27.1234513,48.2419047],[27.1223488,48.2420798],[27.1213034,48.2422601],[27.1207205,48.2423814],[27.1194196,48.2426484],[27.1187443,48.2427938],[27.1187279,48.2425608],[27.1187188,48.2423467],[27.1188886,48.2422223],[27.119292,48.2419495],[27.1196105,48.2417341],[27.1199221,48.2415377],[27.1201622,48.2413132],[27.1203037,48.2404467],[27.1203447,48.2402609],[27.1203257,48.2397484],[27.1202508,48.239349],[27.1201058,48.2390736],[27.1195793,48.2391329],[27.119253,48.2392769],[27.1163989,48.2400492],[27.1155826,48.2400256],[27.1148168,48.2400253],[27.1139507,48.2400624],[27.1134474,48.240125],[27.1128845,48.2402619],[27.1064986,48.240501],[27.1064515,48.2408621],[27.1063573,48.2415852],[27.1061668,48.242811],[27.1060094,48.2443597],[27.1043997,48.244642],[27.1034175,48.2448078],[27.1014819,48.2451347],[27.1009631,48.2558992],[27.0974938,48.2565349],[27.0952607,48.2569812],[27.0949914,48.2571536],[27.0950243,48.2576482],[27.0949174,48.2581346],[27.0948432,48.2584823],[27.0947823,48.2587491],[27.0946777,48.25894],[27.0942751,48.2592371],[27.0938808,48.2596342],[27.0936617,48.2597829],[27.093467,48.2598283]]]}},{"type":"Feature","properties":{"entity_id":"osm-r19038958","jurisdiction":"MD","display_name":"Terebna","display_type":"independent_village","admin_level":8,"tier":"local","legal_registry":"CUATM","legal_id":"4146","legal_type":"independent_village","parent_catalog_id":"osm-r59000","osm_relation_id":19038958,"legal_identity_status":"reconciled","geometry_source":"OpenStreetMap","canonical_geometry_role":null,"geometry_scope":null,"geometry_precision":"master_coordinate_fidelity"},"geometry":{"type":"Polygon","coordinates":[[[27.2031742,48.0068335],[27.2085175,48.0066149],[27.2082441,48.0057023],[27.2190532,48.003292],[27.2191801,48.0037618],[27.2238938,48.0037313],[27.2232389,48.004233],[27.2233504,48.0050256],[27.2242362,48.0052485],[27.225319,48.0052145],[27.2261397,48.0050882],[27.2270403,48.0049344],[27.2278204,48.0047815],[27.2286992,48.0045068],[27.2302529,48.0037302],[27.2307463,48.0031623],[27.2373599,48.006924],[27.2434405,48.0072342],[27.2483944,48.00953],[27.2508047,48.0109401],[27.2527806,48.0120588],[27.2548904,48.013183],[27.2580286,48.0099519],[27.2607695,48.0108844],[27.2631475,48.011689],[27.2638007,48.0119148],[27.2637696,48.0121045],[27.2623749,48.0139855],[27.2660701,48.0158749],[27.2668246,48.0161734],[27.2671136,48.0163077],[27.2676926,48.016626],[27.2682617,48.0169071],[27.2692417,48.0174147],[27.2709972,48.0183754],[27.2721923,48.0190116],[27.2731536,48.0195068],[27.2746759,48.0203452],[27.2764692,48.0213366],[27.2774412,48.0219061],[27.2780951,48.0222733],[27.2785632,48.0225325],[27.2781722,48.0228023],[27.2778204,48.0230036],[27.277296,48.0233184],[27.2768991,48.0235286],[27.2762202,48.0238704],[27.2756765,48.0241853],[27.2753633,48.024382],[27.275141,48.0245626],[27.2748356,48.0248826],[27.2741688,48.0255701],[27.2739913,48.0257745],[27.2734764,48.0262708],[27.2728958,48.0268082],[27.2723499,48.0272856],[27.2716484,48.0278263],[27.2710113,48.028358],[27.2704511,48.0288546],[27.2694623,48.0296047],[27.2684157,48.0303769],[27.2684913,48.030653],[27.2687038,48.0318057],[27.2689858,48.0332518],[27.2693059,48.0346587],[27.2694375,48.0352068],[27.2694838,48.0356689],[27.2695172,48.0361312],[27.269504,48.0365074],[27.2694368,48.0375365],[27.269348,48.0388209],[27.2692604,48.0401787],[27.2691481,48.0420079],[27.2689991,48.0439583],[27.2688094,48.0457923],[27.2685862,48.047955],[27.2684099,48.0498227],[27.2682994,48.0509572],[27.2681273,48.0526634],[27.2679694,48.0540622],[27.2679127,48.0541491],[27.2657795,48.0556602],[27.2647959,48.0563589],[27.2635322,48.0573148],[27.2595422,48.0602873],[27.259344,48.0604184],[27.2593083,48.0602109],[27.2584769,48.0587622],[27.2584809,48.0586107],[27.2582181,48.0583486],[27.2573642,48.057497],[27.2567565,48.0570811],[27.2561894,48.0567775],[27.2557808,48.0566848],[27.2553987,48.0566353],[27.2549593,48.0566338],[27.2545204,48.0566669],[27.2535986,48.0568025],[27.2529401,48.056837],[27.2523711,48.0568146],[27.2518331,48.0567099],[27.2504923,48.0565106],[27.250066,48.0565219],[27.2494146,48.0565996],[27.2488038,48.05671],[27.2483451,48.0567882],[27.2478411,48.0569529],[27.246956,48.0573128],[27.2461162,48.0577029],[27.2460145,48.0577542],[27.2446561,48.0584399],[27.2437258,48.0589254],[27.2424854,48.0596579],[27.2420202,48.059944],[27.2415486,48.0603427],[27.2412773,48.0605204],[27.2409413,48.0607198],[27.2405472,48.0608932],[27.239998,48.0611879],[27.2377236,48.0622499],[27.2350226,48.0635025],[27.234415,48.0627616],[27.2320818,48.0600062],[27.2312158,48.0589924],[27.2305243,48.0581909],[27.2275291,48.0544089],[27.2254609,48.0524967],[27.2193879,48.0497931],[27.2142198,48.0470725],[27.2053446,48.0428747],[27.2042853,48.0423288],[27.2034069,48.0418609],[27.2018698,48.0411157],[27.1988731,48.0397638],[27.1967936,48.0388365],[27.1994042,48.0361819],[27.2016654,48.0342245],[27.1960219,48.0311743],[27.2018418,48.0268566],[27.2011122,48.026406],[27.1997951,48.0255266],[27.2085335,48.0193598],[27.2063966,48.0181079],[27.2058738,48.0172632],[27.2067003,48.0167738],[27.2036425,48.0081194],[27.2031742,48.0068335]]]}},{"type":"Feature","properties":{"entity_id":"osm-r19038959","jurisdiction":"MD","display_name":"Rotunda","display_type":"commune","admin_level":8,"tier":"local","legal_registry":"CUATM","legal_id":"4140","legal_type":"commune","parent_catalog_id":"osm-r59000","osm_relation_id":19038959,"legal_identity_status":"reconciled","geometry_source":"OpenStreetMap","canonical_geometry_role":null,"geometry_scope":null,"geometry_precision":"master_coordinate_fidelity"},"geometry":{"type":"Polygon","coordinates":[[[27.2760931,48.2385779],[27.2771846,48.2369961],[27.2792844,48.238445],[27.2822312,48.2405122],[27.2850086,48.2385067],[27.2850756,48.2382982],[27.2850028,48.2381644],[27.2847784,48.2380305],[27.2845248,48.237906],[27.2842596,48.2377131],[27.2841772,48.2376063],[27.2841522,48.2373179],[27.2843773,48.2369271],[27.2843749,48.2367862],[27.2843719,48.236605],[27.2843396,48.2364844],[27.2842168,48.2363711],[27.2840113,48.2361376],[27.2839387,48.2360106],[27.2838865,48.2359036],[27.2837328,48.2357503],[27.2834758,48.23545],[27.2833506,48.2351958],[27.2833788,48.2350748],[27.2836323,48.2345697],[27.283671,48.2344755],[27.283616,48.2342007],[27.2835993,48.2338116],[27.2834135,48.2335444],[27.2833091,48.2333303],[27.283132,48.2329825],[27.2831489,48.2327945],[27.2831981,48.2327203],[27.2831254,48.2325933],[27.2830932,48.2324794],[27.2830906,48.2323251],[27.2831754,48.2319755],[27.2834759,48.2318728],[27.2836368,48.2318516],[27.2839473,48.2317488],[27.2841271,48.2316536],[27.2844161,48.2314704],[27.2850703,48.2309972],[27.2853917,48.2307791],[27.2857607,48.2305551],[27.286129,48.2302909],[27.2867235,48.2297029],[27.2871584,48.22921],[27.2876806,48.2285218],[27.2879464,48.2281509],[27.2881434,48.2278878],[27.2886585,48.2273742],[27.2944746,48.2240454],[27.2995099,48.221044],[27.3062008,48.2171313],[27.3073276,48.2164791],[27.3091915,48.2153185],[27.309571,48.2151213],[27.3095752,48.2141417],[27.310918,48.2134294],[27.3127755,48.2125361],[27.3130924,48.2124025],[27.3141798,48.2117621],[27.3153312,48.2110941],[27.3162727,48.2104332],[27.3173025,48.2097391],[27.3189131,48.208549],[27.3206525,48.2073363],[27.3197935,48.2067275],[27.3196694,48.2065665],[27.319635,48.206448],[27.320594,48.2058679],[27.3227436,48.2045708],[27.3243987,48.2036233],[27.3254289,48.202967],[27.3252475,48.2027633],[27.3244289,48.2021542],[27.3233465,48.2012449],[27.3232966,48.2011643],[27.3233176,48.2009859],[27.3234813,48.2007585],[27.3259861,48.1992494],[27.3273509,48.1984532],[27.3285893,48.1977033],[27.3290518,48.1973756],[27.3294513,48.1971348],[27.3300137,48.1969736],[27.3305067,48.1969966],[27.3315449,48.197242],[27.3322827,48.197398],[27.3338738,48.1978495],[27.3357145,48.1982612],[27.3397771,48.202262],[27.3404963,48.2065788],[27.3425778,48.2091773],[27.3451766,48.2125086],[27.3465922,48.2142289],[27.3468069,48.2149662],[27.3468617,48.21543],[27.3469488,48.215763],[27.3469979,48.2159713],[27.3469884,48.2162777],[27.3469564,48.216453],[27.3468987,48.2166041],[27.346701,48.2173712],[27.3464295,48.2182329],[27.3457483,48.2204103],[27.3455514,48.220939],[27.3452566,48.2217344],[27.3444743,48.2237846],[27.3443211,48.224229],[27.3440002,48.2252496],[27.3437769,48.2258987],[27.3435539,48.2266626],[27.3433617,48.2274633],[27.3432778,48.22784],[27.3428362,48.2282127],[27.3421723,48.2288287],[27.343021,48.2298132],[27.34351,48.2304261],[27.3445706,48.2316758],[27.345719,48.2330678],[27.346414,48.2338989],[27.347629,48.2353508],[27.3486544,48.2366194],[27.3490292,48.2370096],[27.3496735,48.2378047],[27.3459774,48.2391974],[27.3456476,48.2393443],[27.3452439,48.239589],[27.3446446,48.2398855],[27.3440657,48.240192],[27.3429642,48.2408583],[27.3426952,48.2411453],[27.341228,48.2419351],[27.3404465,48.2423492],[27.340113,48.2425766],[27.3397339,48.242791],[27.3383326,48.2436004],[27.3375058,48.2441403],[27.3366412,48.244655],[27.3363322,48.2448453],[27.3361179,48.2452632],[27.3357651,48.2459865],[27.3355918,48.2462812],[27.3353703,48.2467416],[27.3352534,48.2469675],[27.3351803,48.2471057],[27.3351259,48.2472853],[27.3349178,48.2474816],[27.3347593,48.2476372],[27.334459,48.2477536],[27.3341449,48.2478218],[27.3336734,48.2479393],[27.3328351,48.24812],[27.3316057,48.2484143],[27.331145,48.2485788],[27.3296245,48.2492211],[27.3284989,48.2496825],[27.3258482,48.2508198],[27.3245929,48.2513627],[27.3235422,48.2517933],[27.3219614,48.2524561],[27.3210851,48.252778],[27.3198835,48.2532231],[27.3182117,48.2538763],[27.3177827,48.2541279],[27.3175542,48.2540287],[27.3173885,48.2540668],[27.3171934,48.2541488],[27.3169588,48.2542781],[27.3166435,48.2544046],[27.3161819,48.2545186],[27.3158908,48.2545879],[27.3156592,48.2545996],[27.3155328,48.2545803],[27.3151896,48.2545458],[27.3150384,48.2545469],[27.3149686,48.254591],[27.3148846,48.2546856],[27.3148054,48.2547701],[27.3146858,48.2548449],[27.3144709,48.2549505],[27.3143655,48.2549747],[27.3137715,48.2550125],[27.3133185,48.2550493],[27.3132031,48.2550769],[27.3130983,48.2551348],[27.3130189,48.2552058],[27.3130155,48.2552999],[27.3129271,48.2554348],[27.3127646,48.2555266],[27.3120255,48.2557569],[27.3118411,48.2558723],[27.3117418,48.2559603],[27.3115928,48.256089],[27.3114383,48.2561841],[27.311113,48.2563207],[27.3108771,48.2563765],[27.3107714,48.2563873],[27.310636,48.2564252],[27.3104005,48.2565007],[27.3104014,48.2565543],[27.3103422,48.2566252],[27.3102521,48.2566628],[27.3100972,48.2567377],[27.3097754,48.2567802],[27.3096851,48.2568044],[27.3095899,48.2568352],[27.3094751,48.2569032],[27.3094153,48.2569405],[27.3090789,48.2570167],[27.3088532,48.2570787],[27.308632,48.2571071],[27.3084865,48.2571484],[27.3083412,48.2571947],[27.3018887,48.2573943],[27.2993021,48.2579123],[27.2981829,48.258175],[27.2955892,48.2585928],[27.2932857,48.2588877],[27.2922622,48.2591701],[27.2910064,48.2594273],[27.2901926,48.2595941],[27.2889665,48.2598209],[27.2873137,48.260148],[27.2855902,48.2604722],[27.2849214,48.2605708],[27.2838457,48.2607462],[27.2827446,48.260915],[27.2823127,48.2610119],[27.2815807,48.2612486],[27.2801491,48.2618626],[27.2791978,48.2622585],[27.2789017,48.2623344],[27.2786448,48.2623462],[27.2784973,48.2622617],[27.2782433,48.2621376],[27.2779499,48.2620773],[27.277221,48.2618797],[27.2746022,48.2610758],[27.2734624,48.2607112],[27.2718864,48.2601819],[27.270747,48.2598441],[27.2701138,48.2596438],[27.2693839,48.2593871],[27.2687096,48.2591367],[27.2670855,48.2622299],[27.2665763,48.2631763],[27.2660544,48.2640009],[27.2659545,48.2640644],[27.2605488,48.2613419],[27.2633616,48.2581253],[27.2643596,48.2568695],[27.2650742,48.2557564],[27.2667904,48.2528499],[27.2672799,48.2520378],[27.2677844,48.2511104],[27.2679949,48.2509004],[27.2693393,48.2487531],[27.2704497,48.2469869],[27.2713474,48.245727],[27.2730177,48.2431337],[27.2739313,48.2417414],[27.2747346,48.2404876],[27.2760931,48.2385779]]]}},{"type":"Feature","properties":{"entity_id":"osm-r19038960","jurisdiction":"MD","display_name":"Hlinaia","display_type":"independent_village","admin_level":8,"tier":"local","legal_registry":"CUATM","legal_id":"4135","legal_type":"independent_village","parent_catalog_id":"osm-r59000","osm_relation_id":19038960,"legal_identity_status":"reconciled","geometry_source":"OpenStreetMap","canonical_geometry_role":null,"geometry_scope":null,"geometry_precision":"master_coordinate_fidelity"},"geometry":{"type":"Polygon","coordinates":[[[27.2243452,48.1881172],[27.2243808,48.1880766],[27.2244522,48.1879953],[27.2244947,48.1878793],[27.2245132,48.1877795],[27.2244834,48.1876827],[27.2244735,48.1875724],[27.2245127,48.1875048],[27.2246165,48.1874314],[27.2247486,48.1873605],[27.2249727,48.1874884],[27.2253286,48.1875292],[27.2259679,48.1876141],[27.2276535,48.1874984],[27.2296866,48.1866694],[27.2324331,48.1855314],[27.2327024,48.1854624],[27.2331062,48.1852228],[27.233338,48.1850839],[27.2346374,48.1855389],[27.2363427,48.1861285],[27.2381899,48.186755],[27.2402035,48.1874288],[27.2420466,48.1880444],[27.2436875,48.1886317],[27.2392104,48.1937214],[27.2383449,48.1945996],[27.2374874,48.1954831],[27.2367967,48.1961932],[27.2368961,48.1963434],[27.2496649,48.1993335],[27.2507396,48.1977658],[27.2512926,48.1969549],[27.2521861,48.1956951],[27.2533631,48.1939653],[27.2546837,48.1921269],[27.2558788,48.1904297],[27.2567776,48.1891102],[27.2571647,48.1885533],[27.2587775,48.1863039],[27.2598917,48.1847197],[27.2620844,48.1855502],[27.2668856,48.187456],[27.2680221,48.186286],[27.2716419,48.1822955],[27.272774,48.1824117],[27.2737015,48.1828684],[27.2757933,48.1834302],[27.2774008,48.183484],[27.2798175,48.1836508],[27.282253,48.1850175],[27.2828916,48.1881401],[27.2823096,48.1891208],[27.2827384,48.1896884],[27.2821343,48.1903006],[27.2799165,48.1925329],[27.29047,48.1974575],[27.2944537,48.1992207],[27.2980088,48.200827],[27.3016858,48.2024646],[27.304834,48.2038528],[27.3023992,48.205635],[27.3005305,48.2069611],[27.2998199,48.2074773],[27.2990707,48.2081067],[27.298458,48.2096878],[27.30211,48.2112395],[27.3023201,48.2112435],[27.3030716,48.2107593],[27.3059088,48.2093726],[27.3093702,48.207637],[27.3108607,48.2098762],[27.3112123,48.2102357],[27.3116351,48.210848],[27.3127755,48.2125361],[27.310918,48.2134294],[27.3095752,48.2141417],[27.309571,48.2151213],[27.3091915,48.2153185],[27.3073276,48.2164791],[27.3062008,48.2171313],[27.2995099,48.221044],[27.2944746,48.2240454],[27.2886585,48.2273742],[27.2881434,48.2278878],[27.2879464,48.2281509],[27.2876806,48.2285218],[27.2871584,48.22921],[27.2867235,48.2297029],[27.286129,48.2302909],[27.2857607,48.2305551],[27.2853917,48.2307791],[27.2850703,48.2309972],[27.2844161,48.2314704],[27.2841271,48.2316536],[27.2839473,48.2317488],[27.2836368,48.2318516],[27.2834759,48.2318728],[27.2831754,48.2319755],[27.2830906,48.2323251],[27.2830932,48.2324794],[27.2831254,48.2325933],[27.2831981,48.2327203],[27.2831489,48.2327945],[27.283132,48.2329825],[27.2833091,48.2333303],[27.2834135,48.2335444],[27.2835993,48.2338116],[27.283616,48.2342007],[27.283671,48.2344755],[27.2836323,48.2345697],[27.2833788,48.2350748],[27.2833506,48.2351958],[27.2834758,48.23545],[27.2837328,48.2357503],[27.2838865,48.2359036],[27.2839387,48.2360106],[27.2840113,48.2361376],[27.2842168,48.2363711],[27.2843396,48.2364844],[27.2843719,48.236605],[27.2843749,48.2367862],[27.2843773,48.2369271],[27.2841522,48.2373179],[27.2841772,48.2376063],[27.2842596,48.2377131],[27.2845248,48.237906],[27.2847784,48.2380305],[27.2850028,48.2381644],[27.2850756,48.2382982],[27.2850086,48.2385067],[27.2822312,48.2405122],[27.2792844,48.238445],[27.2771846,48.2369961],[27.2760931,48.2385779],[27.2760626,48.2385648],[27.2760966,48.2385175],[27.2740922,48.2376479],[27.2712927,48.236457],[27.2664917,48.2343969],[27.2654068,48.2339813],[27.2640887,48.2334733],[27.2606011,48.2327515],[27.2587211,48.2323814],[27.2568007,48.2319981],[27.2546477,48.2315626],[27.2540418,48.2314726],[27.253162,48.2312703],[27.2517362,48.2309441],[27.2504324,48.2306842],[27.2483607,48.2302804],[27.2467817,48.2299483],[27.2451771,48.2296351],[27.2420234,48.2289627],[27.2411735,48.2287858],[27.2394158,48.2284211],[27.2369196,48.2279124],[27.2354437,48.2275856],[27.2344751,48.2287659],[27.2333168,48.2300547],[27.231927,48.2316129],[27.2312674,48.2323421],[27.2301559,48.2334159],[27.2286574,48.2348677],[27.2263447,48.2370894],[27.2253317,48.238035],[27.2228793,48.2403649],[27.2211991,48.2418244],[27.2206795,48.2412299],[27.2205739,48.241192],[27.2200417,48.2406095],[27.2170747,48.2376936],[27.2158055,48.2364055],[27.213114,48.2336825],[27.2108948,48.2315272],[27.2080624,48.2287848],[27.2061834,48.2271108],[27.2059161,48.2267566],[27.2059207,48.2263941],[27.2062634,48.2257478],[27.2065789,48.2252963],[27.2075052,48.2239487],[27.208726,48.2221027],[27.2092679,48.2211707],[27.2096777,48.2204841],[27.2103292,48.2195256],[27.2104729,48.2191372],[27.2123551,48.2164551],[27.2139252,48.213907],[27.2155116,48.2117483],[27.216394,48.2102722],[27.2172091,48.2089979],[27.2183117,48.2074532],[27.2196788,48.2054998],[27.2219878,48.2019934],[27.2244855,48.1983581],[27.2258217,48.1963485],[27.2261854,48.1957662],[27.2264912,48.1953815],[27.2269427,48.1946802],[27.22732,48.1943622],[27.2275611,48.1943322],[27.2273759,48.1940849],[27.2271923,48.1939433],[27.2267866,48.1937545],[27.2266025,48.1936239],[27.2265983,48.1933688],[27.2266164,48.1932478],[27.2266039,48.1931001],[27.2266924,48.192972],[27.2267413,48.1928844],[27.2267388,48.1926871],[27.2264339,48.1925111],[27.2261751,48.1923818],[27.2259459,48.1922187],[27.2258944,48.1921452],[27.2257874,48.1920686],[27.2259563,48.1919332],[27.2258488,48.1918198],[27.2257112,48.1917199],[27.2255289,48.1916506],[27.2255181,48.191607],[27.2256065,48.1914688],[27.2256453,48.1913846],[27.2256285,48.1912772],[27.225565,48.1911324],[27.2255187,48.1910295],[27.2254011,48.1909589],[27.225296,48.1909536],[27.2251193,48.1909674],[27.2250778,48.1908871],[27.2250666,48.19082],[27.2251216,48.1907533],[27.2252063,48.190699],[27.2254355,48.1906028],[27.2255048,48.190489],[27.2255127,48.1904008],[27.2254395,48.1902334],[27.2253068,48.1900806],[27.2251793,48.1899773],[27.2250112,48.1898508],[27.2249683,48.1896933],[27.2249508,48.1895456],[27.2248632,48.1894648],[27.2248014,48.1893779],[27.2247705,48.189295],[27.2246932,48.1891846],[27.2246845,48.1890026],[27.2246631,48.1889288],[27.2246227,48.1888728],[27.2245603,48.188749],[27.2244988,48.1886822],[27.2243766,48.1885957],[27.2243305,48.188549],[27.224314,48.1884651],[27.224403,48.1883672],[27.2244671,48.1882862],[27.2244759,48.1882089],[27.2243452,48.1881172]]]}},{"type":"Feature","properties":{"entity_id":"osm-r19038961","jurisdiction":"MD","display_name":"Bleșteni","display_type":"commune","admin_level":8,"tier":"local","legal_registry":"CUATM","legal_id":"4112","legal_type":"commune","parent_catalog_id":"osm-r59000","osm_relation_id":19038961,"legal_identity_status":"reconciled","geometry_source":"OpenStreetMap","canonical_geometry_role":null,"geometry_scope":null,"geometry_precision":"master_coordinate_fidelity"},"geometry":{"type":"Polygon","coordinates":[[[27.1676902,48.1049653],[27.1690935,48.1044844],[27.1697144,48.1043631],[27.1701823,48.1042121],[27.1705574,48.1040042],[27.1716437,48.1034151],[27.1731634,48.1029558],[27.1735448,48.1025877],[27.173784,48.1022889],[27.1741073,48.1020247],[27.174521,48.1016479],[27.1752516,48.1010458],[27.1758852,48.1005824],[27.1768681,48.1004003],[27.1772625,48.1003136],[27.1776634,48.1000753],[27.1779479,48.0999237],[27.1783229,48.099876],[27.1785493,48.099863],[27.1793771,48.0999277],[27.1799979,48.0998929],[27.1810196,48.0998493],[27.1818861,48.0997495],[27.1826103,48.099641],[27.1829271,48.0994894],[27.1829593,48.0991213],[27.1829396,48.0986753],[27.1823058,48.0983897],[27.181853,48.0982297],[27.1813291,48.098009],[27.1809863,48.0978835],[27.1804107,48.0976542],[27.1798222,48.0975894],[27.1792854,48.097477],[27.1789556,48.0973774],[27.1787098,48.0972952],[27.1784317,48.0971784],[27.1781471,48.0970529],[27.1779272,48.0968971],[27.177662,48.0967586],[27.1775585,48.0967326],[27.1793751,48.0955328],[27.17997,48.0956279],[27.1805973,48.0957489],[27.1810241,48.0958398],[27.1812764,48.095896],[27.1817614,48.096069],[27.1824017,48.0963286],[27.1828868,48.0965147],[27.1835918,48.0968133],[27.1837665,48.0969301],[27.184064,48.0970989],[27.1843874,48.0972114],[27.1847237,48.0972676],[27.1849953,48.0972761],[27.1855384,48.0972283],[27.1858747,48.0971546],[27.1866058,48.0969597],[27.1876146,48.0968386],[27.1880802,48.0967998],[27.1884488,48.0968648],[27.1889919,48.0969777],[27.1897872,48.0970992],[27.1902334,48.0971166],[27.1906861,48.0971037],[27.1910612,48.0970518],[27.1912868,48.0969025],[27.1919927,48.0962114],[27.1926072,48.0955443],[27.1932669,48.0950938],[27.1936098,48.0947645],[27.1938879,48.0944353],[27.1947287,48.0938678],[27.1958153,48.0931054],[27.1961645,48.0927935],[27.1964491,48.0924945],[27.1967402,48.0922389],[27.1970765,48.0918967],[27.1973547,48.0914591],[27.1976458,48.0911732],[27.1977623,48.0909739],[27.197937,48.0908136],[27.1981763,48.090597],[27.1987647,48.0904758],[27.1989975,48.0904195],[27.1993274,48.0902679],[27.1995473,48.090125],[27.1998966,48.0897784],[27.2003041,48.0895012],[27.2010478,48.089211],[27.2018625,48.0890378],[27.2022181,48.0889859],[27.2024186,48.0888776],[27.2028649,48.0886133],[27.2057355,48.0885704],[27.2081602,48.0882414],[27.2090719,48.0880855],[27.2101775,48.0880422],[27.2112701,48.088181],[27.2121558,48.088389],[27.213591,48.088792],[27.2149228,48.0891734],[27.2153366,48.0891821],[27.2162612,48.0891388],[27.2169084,48.0889721],[27.2172893,48.0888702],[27.2179618,48.0883329],[27.2179624,48.0882009],[27.21877,48.0878519],[27.2200638,48.0875033],[27.2210595,48.0872433],[27.2214345,48.0871566],[27.221626,48.0871],[27.2219452,48.087018],[27.2241629,48.0914722],[27.2267374,48.0953675],[27.2288659,48.0985912],[27.2303863,48.100684],[27.2319641,48.1027247],[27.2327351,48.1038079],[27.234832,48.1070792],[27.2358288,48.1087126],[27.2377767,48.1108356],[27.241194,48.1145051],[27.2418538,48.1144704],[27.2439752,48.1138979],[27.2480756,48.1127942],[27.2483811,48.1128555],[27.2511997,48.1135372],[27.2560592,48.1147932],[27.2593192,48.1155497],[27.2615151,48.1161056],[27.2653228,48.1171089],[27.2697665,48.1182202],[27.2722742,48.118843],[27.2701749,48.1209563],[27.2682144,48.1228742],[27.2667756,48.1242703],[27.2636327,48.1274617],[27.2607818,48.1303357],[27.2598389,48.131223],[27.2594282,48.1314331],[27.2589908,48.1315914],[27.2588934,48.1319549],[27.2586664,48.1323192],[27.2580576,48.1330662],[27.2575233,48.1335876],[27.252889,48.1384407],[27.2485015,48.1362423],[27.245646,48.1389396],[27.2441309,48.1404963],[27.2434047,48.1412096],[27.2431213,48.1412978],[27.2428746,48.1412474],[27.242692,48.1411621],[27.2419343,48.1407345],[27.2399993,48.1427518],[27.2388515,48.1438221],[27.2370532,48.1455014],[27.2358391,48.1464769],[27.2351116,48.1471297],[27.2293101,48.1527057],[27.2238601,48.1511217],[27.2182152,48.1494695],[27.2178881,48.1492467],[27.2174092,48.1492581],[27.2167079,48.1491153],[27.2157843,48.1488355],[27.2098425,48.1470483],[27.2018037,48.1447156],[27.2002428,48.1442319],[27.1979418,48.1435967],[27.1935993,48.1423508],[27.1868386,48.1403921],[27.1859156,48.1401294],[27.1825346,48.1391059],[27.1781781,48.1377594],[27.1748651,48.1368858],[27.1710177,48.1358514],[27.1706258,48.1356118],[27.1679928,48.1343186],[27.1680635,48.134202],[27.1680825,48.1341184],[27.168024,48.1339841],[27.1679094,48.133869],[27.1675554,48.1336774],[27.167101,48.1335289],[27.1663486,48.1334603],[27.1651591,48.1335456],[27.1645375,48.1335236],[27.1637733,48.1334852],[27.1633697,48.1333235],[27.1631337,48.1331175],[27.1633953,48.1327193],[27.1639905,48.1320178],[27.1641976,48.1318013],[27.1642493,48.1316281],[27.1642493,48.1315242],[27.1641457,48.1310912],[27.1641845,48.1309093],[27.164301,48.1307361],[27.1644303,48.1303897],[27.1646154,48.1299825],[27.1649721,48.1295998],[27.1658705,48.1290926],[27.1669018,48.1287266],[27.1677244,48.128441],[27.168351,48.1281202],[27.1687392,48.1278604],[27.1691273,48.1274273],[27.1695542,48.1267171],[27.1698646,48.1262494],[27.1702397,48.1255739],[27.170563,48.1248204],[27.1707958,48.1242835],[27.1708862,48.123556],[27.1708471,48.1225861],[27.1706917,48.1220146],[27.1706527,48.1214777],[27.1706914,48.1211573],[27.170756,48.1208195],[27.1709241,48.1204471],[27.1714286,48.1198581],[27.171752,48.1197109],[27.1722437,48.1196848],[27.1726836,48.1197453],[27.1729942,48.1198145],[27.1733047,48.1198578],[27.1737446,48.119875],[27.1741716,48.1198056],[27.1746114,48.1196064],[27.1748831,48.1193638],[27.1751417,48.1190433],[27.1754392,48.1188354],[27.1754391,48.118593],[27.175025,48.1181687],[27.1743649,48.1177012],[27.174119,48.1174675],[27.1740413,48.1170258],[27.1740961,48.1166414],[27.1739245,48.1161512],[27.1737303,48.1156923],[27.1732514,48.1150515],[27.1726691,48.114584],[27.1719962,48.1142031],[27.1714528,48.1139521],[27.1712199,48.1137876],[27.170974,48.1135365],[27.1707798,48.1131988],[27.1705598,48.1128698],[27.170081,48.112255],[27.1700162,48.1119952],[27.1698739,48.1118653],[27.1695893,48.1117528],[27.169434,48.1116489],[27.1693951,48.1114151],[27.1693548,48.1110344],[27.1690455,48.1101162],[27.1688902,48.1097785],[27.1688772,48.1095706],[27.1689936,48.1092329],[27.1693644,48.1087273],[27.1693426,48.1083755],[27.1691485,48.1080464],[27.169032,48.1075788],[27.1690319,48.1072497],[27.169368,48.1065656],[27.1694068,48.1063058],[27.1692903,48.1060027],[27.1690315,48.105691],[27.1685763,48.1052812],[27.1682206,48.1051168],[27.1676902,48.1049653]]]}},{"type":"Feature","properties":{"entity_id":"osm-r19038962","jurisdiction":"MD","display_name":"Chetroșica Nouă","display_type":"independent_village","admin_level":8,"tier":"local","legal_registry":"CUATM","legal_id":"4122","legal_type":"independent_village","parent_catalog_id":"osm-r59000","osm_relation_id":19038962,"legal_identity_status":"reconciled","geometry_source":"OpenStreetMap","canonical_geometry_role":null,"geometry_scope":null,"geometry_precision":"master_coordinate_fidelity"},"geometry":{"type":"Polygon","coordinates":[[[27.5189519,48.117663],[27.5072585,48.1192594],[27.5038995,48.1204981],[27.5014774,48.1214545],[27.4993657,48.1222267],[27.4984146,48.1226091],[27.4953581,48.1238134],[27.4926372,48.1248749],[27.4904439,48.1257047],[27.4889233,48.1263016],[27.4885115,48.1263197],[27.487529,48.126352],[27.4864412,48.126405],[27.4846291,48.1265347],[27.4813025,48.1267591],[27.4794017,48.1268949],[27.4788053,48.1269164],[27.478257,48.1269214],[27.4779557,48.1267783],[27.4776891,48.1267537],[27.4769352,48.126971],[27.476573,48.1270066],[27.4721651,48.1272079],[27.4706577,48.1272537],[27.4694011,48.1273351],[27.4663231,48.127492],[27.4632808,48.1276452],[27.4617157,48.1276894],[27.4600425,48.1278384],[27.4581678,48.1279372],[27.4580608,48.1279906],[27.4562616,48.1280838],[27.4550331,48.1281379],[27.454503,48.1281686],[27.4542545,48.12837],[27.4541201,48.1284448],[27.4540359,48.1284456],[27.4538854,48.1283559],[27.4538822,48.1281913],[27.4525115,48.1282553],[27.4474882,48.128507],[27.4474848,48.1283294],[27.4473154,48.1282659],[27.4470246,48.1282901],[27.4468521,48.1284085],[27.4467074,48.128622],[27.4448854,48.1287765],[27.4429457,48.1288669],[27.4413096,48.1289244],[27.4413284,48.1291176],[27.4387253,48.1294925],[27.4374998,48.1297066],[27.4359445,48.1299323],[27.4350025,48.1300745],[27.4345451,48.1301825],[27.431558,48.1306542],[27.4288867,48.1310625],[27.4265646,48.1314592],[27.4256682,48.1316185],[27.421435,48.1322521],[27.4205707,48.1324067],[27.4173171,48.1331262],[27.4167761,48.1332519],[27.415126,48.1336994],[27.4149621,48.1330915],[27.4148299,48.1325022],[27.4147838,48.1321993],[27.4146301,48.1313231],[27.4144605,48.1300355],[27.4142026,48.1283423],[27.4141378,48.1278987],[27.4140674,48.1271627],[27.4123616,48.1167126],[27.4122029,48.1155711],[27.4119636,48.1135745],[27.4118558,48.1125626],[27.4190782,48.1122927],[27.4277706,48.1120781],[27.4282219,48.1120636],[27.4351838,48.1110054],[27.4391949,48.1103708],[27.44688,48.1091651],[27.4511324,48.1085017],[27.4542586,48.1079777],[27.4556502,48.1078089],[27.4571783,48.1076119],[27.4602578,48.1071799],[27.4602301,48.106165],[27.4602125,48.1052527],[27.4601103,48.1041359],[27.4600963,48.1034071],[27.4622971,48.1034039],[27.4647162,48.1034445],[27.468868,48.1034375],[27.4742863,48.1034757],[27.4765279,48.1034988],[27.4777848,48.1034606],[27.4831845,48.1033743],[27.4862061,48.1032984],[27.4875268,48.1028168],[27.4917783,48.1013474],[27.4933334,48.1005017],[27.4948332,48.099716],[27.4954931,48.0994608],[27.4959639,48.0994195],[27.4966084,48.0993974],[27.4968578,48.0993735],[27.4974775,48.0993247],[27.497976,48.0992607],[27.4981703,48.0993022],[27.5016186,48.0976819],[27.503423,48.0969128],[27.5041501,48.0966245],[27.5056675,48.0967116],[27.5111171,48.0970824],[27.5200305,48.0976939],[27.5212523,48.0978367],[27.5206203,48.0993078],[27.5201309,48.1011583],[27.5199438,48.1023652],[27.5198634,48.1034148],[27.5193853,48.1073751],[27.5194182,48.1101697],[27.5205445,48.1146529],[27.5196138,48.1162036],[27.5189519,48.117663]]]}},{"type":"Feature","properties":{"entity_id":"osm-r19038963","jurisdiction":"MD","display_name":"Brătușeni","display_type":"commune","admin_level":8,"tier":"local","legal_registry":"CUATM","legal_id":"4114","legal_type":"commune","parent_catalog_id":"osm-r59000","osm_relation_id":19038963,"legal_identity_status":"reconciled","geometry_source":"OpenStreetMap","canonical_geometry_role":null,"geometry_scope":null,"geometry_precision":"master_coordinate_fidelity"},"geometry":{"type":"Polygon","coordinates":[[[27.5216094,48.0930188],[27.5212523,48.0978367],[27.5200305,48.0976939],[27.5111171,48.0970824],[27.5056675,48.0967116],[27.5041501,48.0966245],[27.503423,48.0969128],[27.5016186,48.0976819],[27.4981703,48.0993022],[27.497976,48.0992607],[27.4974775,48.0993247],[27.4968578,48.0993735],[27.4966084,48.0993974],[27.4959639,48.0994195],[27.4954931,48.0994608],[27.4948332,48.099716],[27.4933334,48.1005017],[27.4917783,48.1013474],[27.4875268,48.1028168],[27.4862061,48.1032984],[27.4831845,48.1033743],[27.4777848,48.1034606],[27.4765279,48.1034988],[27.4742863,48.1034757],[27.468868,48.1034375],[27.4647162,48.1034445],[27.4622971,48.1034039],[27.4600963,48.1034071],[27.4601103,48.1041359],[27.4602125,48.1052527],[27.4602301,48.106165],[27.4602578,48.1071799],[27.4571783,48.1076119],[27.4556502,48.1078089],[27.4542586,48.1079777],[27.4511324,48.1085017],[27.44688,48.1091651],[27.4391949,48.1103708],[27.4351838,48.1110054],[27.4282219,48.1120636],[27.4277706,48.1120781],[27.4190782,48.1122927],[27.4118558,48.1125626],[27.4104481,48.1126126],[27.4095949,48.1126734],[27.408917,48.112704],[27.4080557,48.1128729],[27.4065616,48.1132092],[27.4065163,48.1128738],[27.4064934,48.1127265],[27.4064457,48.1125304],[27.4063391,48.1120357],[27.4062903,48.1118598],[27.4061914,48.1113306],[27.4061474,48.1111284],[27.4060157,48.1105472],[27.405202,48.1115821],[27.4047482,48.1120414],[27.4043162,48.1123182],[27.403713,48.1125829],[27.403273,48.1127045],[27.4023523,48.112921],[27.3985229,48.1129341],[27.398445,48.1127997],[27.3983258,48.1126048],[27.3981558,48.1123833],[27.3980512,48.1121613],[27.3979525,48.1119899],[27.3977931,48.1117987],[27.3977317,48.1117351],[27.3973601,48.1114848],[27.3970645,48.1112642],[27.3967937,48.1110267],[27.3965184,48.1108128],[27.396269,48.1106425],[27.396106,48.1105256],[27.3959678,48.1103917],[27.3958752,48.1102742],[27.3957603,48.1100422],[27.3956615,48.1095258],[27.3956421,48.1093612],[27.395641,48.1090337],[27.3956713,48.10823],[27.3955566,48.1082237],[27.3953501,48.1082528],[27.3952739,48.1082095],[27.3952374,48.1081389],[27.3952602,48.1080104],[27.3952967,48.1078109],[27.3953543,48.1076687],[27.3954324,48.1075432],[27.3955054,48.1074143],[27.395539,48.1072835],[27.3955651,48.10711],[27.3957138,48.1069598],[27.3957515,48.1068251],[27.3957286,48.1066776],[27.3956037,48.1064818],[27.3954608,48.1063682],[27.3952791,48.1062915],[27.3951568,48.1061985],[27.3949922,48.1059983],[27.394673,48.1056147],[27.3944787,48.1054113],[27.394407,48.1050901],[27.3943282,48.1048886],[27.394177,48.1046125],[27.3939098,48.1042939],[27.3935265,48.1039412],[27.3934693,48.1038449],[27.3933004,48.1036743],[27.3929329,48.1033682],[27.3927996,48.103229],[27.3926437,48.1029466],[27.39248,48.1027941],[27.3922976,48.102715],[27.3920354,48.1026633],[27.3916736,48.1026661],[27.3913131,48.1027361],[27.3906135,48.1029431],[27.3902788,48.1030459],[27.3900633,48.103078],[27.3898319,48.1030595],[27.3896353,48.1030273],[27.3893989,48.1030122],[27.3891328,48.1030278],[27.3889727,48.1030628],[27.3887493,48.1032096],[27.3885523,48.1034272],[27.3884018,48.103712],[27.3884002,48.1041711],[27.3883406,48.1044821],[27.3828884,48.1036479],[27.3824752,48.1035921],[27.3823992,48.1038021],[27.3823027,48.1040458],[27.3822492,48.1041441],[27.382145,48.1042158],[27.381985,48.1042609],[27.3817045,48.1043103],[27.3812588,48.1043947],[27.3809326,48.1044141],[27.3807771,48.1044288],[27.380591,48.1044235],[27.3804041,48.1043675],[27.3802216,48.1042811],[27.3800292,48.1041982],[27.3798813,48.1040742],[27.379758,48.1039336],[27.3795534,48.103736],[27.3794003,48.1036055],[27.3792317,48.1034548],[27.3790879,48.1032871],[27.3790255,48.1031695],[27.3789326,48.1030351],[27.3788487,48.1028434],[27.3787866,48.1027459],[27.3786281,48.1026063],[27.3784606,48.102502],[27.378232,48.1023653],[27.3778708,48.102125],[27.3776665,48.1019443],[27.3776038,48.1018097],[27.3775454,48.101638],[27.3774919,48.1014595],[27.377407,48.1012137],[27.3773593,48.101079],[27.3772868,48.100958],[27.377113,48.1007973],[27.3768529,48.1005832],[27.3765677,48.1003727],[27.3762726,48.1002065],[27.3761312,48.100133],[27.3759631,48.1000093],[27.375855,48.0998684],[27.3757931,48.0997777],[27.3757235,48.0995419],[27.3755922,48.0992289],[27.3755274,48.0990302],[27.3754196,48.0988555],[27.3753208,48.0987228],[27.3752241,48.0986038],[27.3751817,48.098486],[27.3751554,48.0983899],[27.3751226,48.0982704],[27.3750595,48.0981156],[27.3749198,48.0978972],[27.3747664,48.0977465],[27.3746038,48.0976498],[27.3744217,48.0975803],[27.3742913,48.0975914],[27.3741418,48.09766],[27.3739422,48.0977392],[27.3737756,48.0977541],[27.3736205,48.0977315],[27.3733772,48.0976118],[27.3721324,48.0971658],[27.3717024,48.0970148],[27.3714083,48.096876],[27.3711027,48.0966635],[27.3709323,48.0964991],[27.3708321,48.0964441],[27.3706207,48.0964222],[27.3704449,48.0964236],[27.3701439,48.0964494],[27.3698284,48.0965022],[27.3695933,48.0965544],[27.3691416,48.0965781],[27.3686315,48.096441],[27.3681714,48.0962902],[27.3676157,48.0961367],[27.3670656,48.0960066],[27.3663141,48.095858],[27.3659615,48.0958137],[27.3654537,48.0957942],[27.3649862,48.095781],[27.3646893,48.0957531],[27.3644526,48.0956626],[27.3643186,48.0955511],[27.3642759,48.0954239],[27.3643041,48.0953196],[27.3643574,48.0952185],[27.3645242,48.0950157],[27.3647756,48.094762],[27.3648537,48.0946472],[27.3649357,48.094472],[27.364931,48.0942269],[27.3649078,48.0940693],[27.3648541,48.0938884],[27.3647852,48.0937043],[27.3647491,48.093597],[27.3647944,48.0934571],[27.3648542,48.0933781],[27.3650514,48.0932268],[27.3652057,48.0931101],[27.365343,48.0929345],[27.3654547,48.0927389],[27.3655685,48.0926507],[27.3657825,48.092545],[27.3659499,48.0924644],[27.3660314,48.0924255],[27.3662553,48.092313],[27.366366,48.0923256],[27.3664634,48.0924255],[27.3665708,48.0925221],[27.3666866,48.0925346],[27.3668168,48.0925134],[27.3669865,48.0924551],[27.3671555,48.0923664],[27.3672095,48.0922989],[27.3672268,48.0921577],[27.3672786,48.091976],[27.3673105,48.0918079],[27.3673036,48.0917106],[27.367133,48.0914635],[27.3669192,48.0910585],[27.3668712,48.0909178],[27.3667791,48.0905692],[27.3665755,48.0899091],[27.3665034,48.0895537],[27.3665003,48.089134],[27.3665199,48.088845],[27.3666314,48.088636],[27.3669507,48.0882644],[27.3669983,48.0881263],[27.3670228,48.087834],[27.3670664,48.0874912],[27.3670314,48.0872362],[27.3669682,48.0870332],[27.367017,48.0867527],[27.3671388,48.0865571],[27.3672815,48.0864016],[27.3674706,48.0863096],[27.3677764,48.0862772],[27.3679814,48.0862287],[27.3681646,48.0860897],[27.3682914,48.0857739],[27.3682883,48.0855993],[27.3683312,48.0853531],[27.3684117,48.0851007],[27.368372,48.0848625],[27.3682712,48.0845845],[27.3681364,48.0843672],[27.3681118,48.0841323],[27.3685644,48.0836422],[27.3687602,48.0833755],[27.3687715,48.0831806],[27.3686276,48.0830138],[27.3683474,48.0828076],[27.3683591,48.0826329],[27.3687581,48.082227],[27.3690791,48.0819427],[27.3691165,48.0818014],[27.3690726,48.0816069],[27.3689113,48.0813159],[27.3687841,48.0809743],[27.3686518,48.0808846],[27.3683241,48.0808197],[27.3678775,48.0808397],[27.3675421,48.0808992],[27.3668776,48.0810819],[27.3665974,48.0811376],[27.3664617,48.0811285],[27.3663124,48.0809415],[27.3661851,48.0808484],[27.3660979,48.080755],[27.3660656,48.0806444],[27.3660039,48.0805676],[27.3657866,48.0804987],[27.3655977,48.0803388],[27.3655795,48.0801778],[27.3656435,48.0801101],[27.3657974,48.0800184],[27.3658763,48.0799439],[27.365814,48.0798369],[27.3653981,48.079625],[27.3647104,48.0793847],[27.3643107,48.0792297],[27.3641293,48.0792008],[27.364025,48.079262],[27.3640769,48.0793489],[27.3642759,48.0795087],[27.3642826,48.0795993],[27.3641576,48.0796271],[27.3639594,48.0795042],[27.3637597,48.0793042],[27.3635148,48.0791078],[27.3633473,48.0790549],[27.3630723,48.0790807],[27.3628332,48.0791831],[27.3626907,48.0793453],[27.3626143,48.0795507],[27.3625412,48.0799307],[27.3624048,48.0801499],[27.3623113,48.0802513],[27.3622838,48.0803892],[27.3622689,48.0811818],[27.362361,48.0812719],[27.3626349,48.0814143],[27.3628493,48.0815941],[27.3629663,48.0816672],[27.3630045,48.0818281],[27.3629282,48.0820402],[27.3628291,48.0821114],[27.3626942,48.082146],[27.362488,48.082134],[27.3621594,48.0820221],[27.3620036,48.0820165],[27.361839,48.0820781],[27.3616656,48.0822003],[27.3615355,48.0822247],[27.3614093,48.082192],[27.3612208,48.0820523],[27.3611151,48.082043],[27.3609604,48.0820944],[27.3607915,48.082193],[27.3606267,48.0822412],[27.3605118,48.0822722],[27.3603361,48.0822768],[27.360182,48.0823652],[27.3601151,48.0825403],[27.3600636,48.0827388],[27.3599726,48.0829712],[27.3597421,48.0832582],[27.3595644,48.0834207],[27.3593897,48.083479],[27.359139,48.0835009],[27.358769,48.0835908],[27.3585102,48.0837169],[27.3583572,48.0838557],[27.3582414,48.0841084],[27.3580493,48.0843045],[27.3577919,48.0845011],[27.3574522,48.0846008],[27.3571012,48.0846302],[27.3569417,48.0846951],[27.3567212,48.0849855],[27.3564337,48.0851856],[27.3561974,48.0852688],[27.3559283,48.0852865],[27.3557245,48.085441],[27.3555227,48.0856151],[27.3553884,48.0856866],[27.3551783,48.0857317],[27.35498,48.0858674],[27.3547645,48.0858958],[27.3544892,48.0859481],[27.3542753,48.0860537],[27.3539856,48.0861431],[27.3535479,48.0863711],[27.3532036,48.0864877],[27.3527482,48.0865816],[27.3522472,48.0866455],[27.3516394,48.0866464],[27.3511705,48.0865523],[27.351009,48.0865132],[27.350843,48.0865009],[27.3507067,48.0864649],[27.3504879,48.0863187],[27.3503299,48.0861955],[27.350259,48.0861658],[27.3500881,48.0861603],[27.3499655,48.0860537],[27.3499693,48.0859865],[27.350058,48.0858986],[27.3500769,48.0858346],[27.349878,48.0856748],[27.3496936,48.0854881],[27.3494791,48.0852981],[27.3494266,48.085181],[27.3493777,48.0849865],[27.3492994,48.0848293],[27.3491851,48.0846286],[27.3490352,48.0844046],[27.3489371,48.0842609],[27.3489126,48.0840294],[27.3490898,48.0838401],[27.3491788,48.0837622],[27.3492164,48.0836277],[27.349188,48.0834566],[27.3491193,48.0832757],[27.3489612,48.0831459],[27.3487738,48.0830632],[27.3486572,48.0830103],[27.3486057,48.0829435],[27.3486843,48.0825836],[27.3485901,48.0823828],[27.3483797,48.0821459],[27.3481805,48.0819693],[27.3479284,48.0819173],[27.3475114,48.0819101],[27.3471938,48.0818485],[27.3469024,48.0817978],[27.3467689,48.0816903],[27.3465702,48.0815406],[27.3459695,48.0813802],[27.345671,48.0812647],[27.3455535,48.0811615],[27.3454297,48.0807224],[27.3453774,48.0803433],[27.345342,48.0800682],[27.34542,48.0796714],[27.3454512,48.0794663],[27.3453584,48.079336],[27.345251,48.079236],[27.3452477,48.0790614],[27.3453327,48.078772],[27.3454816,48.0786803],[27.3467016,48.0773286],[27.3485355,48.0752473],[27.3507971,48.074381],[27.3536407,48.0732849],[27.3561743,48.0723696],[27.3593349,48.0711585],[27.3599719,48.0708585],[27.3607349,48.070582],[27.3618061,48.0701437],[27.3634371,48.0695688],[27.3643802,48.0692599],[27.3648399,48.0691391],[27.3658712,48.0687187],[27.3663743,48.0685102],[27.3669667,48.0682407],[27.368028,48.0678134],[27.3682423,48.0677313],[27.3691111,48.0674766],[27.3697154,48.0673077],[27.3701497,48.067177],[27.3706451,48.0669914],[27.3713544,48.0667982],[27.3721248,48.0666517],[27.3734592,48.0665833],[27.3738796,48.0665126],[27.3746014,48.066453],[27.3750831,48.0664356],[27.3760463,48.0663873],[27.3767171,48.0662877],[27.3781611,48.0661818],[27.3829029,48.0657662],[27.3843551,48.0655727],[27.3851878,48.0655322],[27.3866622,48.0654975],[27.3883582,48.0653849],[27.3898049,48.0654132],[27.3923761,48.0652394],[27.3944799,48.0651793],[27.3980748,48.0651626],[27.3993144,48.0648901],[27.4045449,48.0648124],[27.4047675,48.0648912],[27.4057269,48.0649792],[27.4073176,48.0651822],[27.4085627,48.0653431],[27.4105814,48.0658369],[27.411531,48.0661044],[27.4123383,48.0662925],[27.4129541,48.0664486],[27.4132272,48.0665404],[27.4134301,48.0666395],[27.4136234,48.0667589],[27.4141176,48.0668622],[27.4156606,48.0671717],[27.4167997,48.0673771],[27.4187466,48.0677907],[27.4200163,48.0679949],[27.4216798,48.0683033],[27.4229091,48.0684945],[27.4254957,48.0687579],[27.4342221,48.0691797],[27.435941,48.0693024],[27.441645,48.0695598],[27.4458829,48.0697627],[27.4462147,48.069177],[27.4464661,48.0685577],[27.4469793,48.0666928],[27.4476029,48.06503],[27.4486084,48.0624111],[27.4634993,48.0639243],[27.4728178,48.0649612],[27.4762722,48.0608878],[27.4793847,48.0572452],[27.4822458,48.0539122],[27.4842132,48.0516363],[27.4860366,48.0498045],[27.4867282,48.0490523],[27.4873684,48.0482921],[27.4888393,48.046546],[27.490378,48.0470646],[27.4944214,48.0484373],[27.4983933,48.0497377],[27.4989705,48.0500849],[27.5050117,48.0521886],[27.5086095,48.0534207],[27.5089173,48.0535904],[27.5125559,48.0549003],[27.5139306,48.0553633],[27.5207966,48.0576834],[27.5214025,48.0579339],[27.52405,48.0588188],[27.5240995,48.0589465],[27.5240665,48.0596057],[27.5238918,48.0620497],[27.5238011,48.0636717],[27.523598,48.0658806],[27.5235501,48.0665714],[27.5235165,48.0668279],[27.5233224,48.0694655],[27.5231716,48.0715693],[27.5230455,48.0733643],[27.5230152,48.0745203],[27.5228588,48.0759861],[27.5227759,48.0776081],[27.5225551,48.0804656],[27.5224524,48.0818943],[27.5220899,48.0865521],[27.5219872,48.0883469],[27.5219055,48.0896603],[27.5217967,48.0914762],[27.521724,48.0927271],[27.5216094,48.0930188]]]}},{"type":"Feature","properties":{"entity_id":"osm-r19038964","jurisdiction":"MD","display_name":"Gașpar","display_type":"independent_village","admin_level":8,"tier":"local","legal_registry":"CUATM","legal_id":"4128","legal_type":"independent_village","parent_catalog_id":"osm-r59000","osm_relation_id":19038964,"legal_identity_status":"reconciled","geometry_source":"OpenStreetMap","canonical_geometry_role":null,"geometry_scope":null,"geometry_precision":"master_coordinate_fidelity"},"geometry":{"type":"Polygon","coordinates":[[[27.5171868,48.1695394],[27.5158341,48.170296],[27.511239,48.1731122],[27.5090371,48.1744652],[27.5084408,48.174811],[27.5066819,48.1758442],[27.5060461,48.1762554],[27.5043687,48.1773254],[27.5035071,48.1778721],[27.5028608,48.1782766],[27.5026543,48.1784564],[27.4982515,48.177855],[27.4934573,48.177132],[27.4847716,48.1757388],[27.4781186,48.1747556],[27.4716613,48.1740207],[27.4645546,48.1747539],[27.4565107,48.1755104],[27.4566829,48.1753747],[27.4568443,48.1753474],[27.456966,48.1752814],[27.4571659,48.1752321],[27.4573773,48.1751178],[27.4575187,48.1750603],[27.4577298,48.1749287],[27.457995,48.1749091],[27.4582777,48.1747941],[27.458464,48.1747228],[27.4586559,48.1745959],[27.4588151,48.1744562],[27.4590426,48.1742248],[27.4592161,48.1740941],[27.4594095,48.1740449],[27.4598623,48.1740153],[27.4601177,48.1738273],[27.4604892,48.1736123],[27.4609173,48.1733105],[27.461397,48.1729996],[27.4616011,48.1728336],[27.4620912,48.1723929],[27.4620995,48.1714848],[27.4621163,48.1693487],[27.4622444,48.1659406],[27.4623629,48.1623725],[27.462454,48.1600628],[27.4625489,48.1586136],[27.4625835,48.1577313],[27.462562,48.1566246],[27.4626272,48.1529791],[27.4627292,48.1489009],[27.4628697,48.1458039],[27.4629174,48.1445929],[27.4626761,48.1444998],[27.4627225,48.1442226],[27.4627938,48.1438935],[27.4627591,48.1437727],[27.4627855,48.1424667],[27.4627969,48.1420558],[27.4629644,48.1420155],[27.4630835,48.1358186],[27.4631482,48.1341534],[27.4631993,48.1331196],[27.4632491,48.1316873],[27.4632808,48.1276452],[27.4663231,48.127492],[27.4694011,48.1273351],[27.4706577,48.1272537],[27.4721651,48.1272079],[27.476573,48.1270066],[27.4769352,48.126971],[27.4776891,48.1267537],[27.4779557,48.1267783],[27.478257,48.1269214],[27.4788053,48.1269164],[27.4794017,48.1268949],[27.4813025,48.1267591],[27.4846291,48.1265347],[27.4864412,48.126405],[27.487529,48.126352],[27.4885115,48.1263197],[27.4889233,48.1263016],[27.4904439,48.1257047],[27.4926372,48.1248749],[27.4953581,48.1238134],[27.4984146,48.1226091],[27.4993657,48.1222267],[27.5014774,48.1214545],[27.5038995,48.1204981],[27.5072585,48.1192594],[27.5189519,48.117663],[27.5188877,48.1188086],[27.5190833,48.1213959],[27.5193501,48.123554],[27.5195304,48.1253149],[27.5179857,48.1302976],[27.5178975,48.1302777],[27.5168465,48.1331531],[27.5156753,48.1369522],[27.5147562,48.1400629],[27.5138289,48.1419323],[27.5131669,48.1433722],[27.5113904,48.1470687],[27.5096555,48.1508149],[27.5091183,48.152015],[27.5083039,48.1535713],[27.5081681,48.1538909],[27.5080356,48.1548281],[27.5079229,48.1553919],[27.5075999,48.1564692],[27.5074503,48.1572668],[27.5071392,48.1585305],[27.5071761,48.1586364],[27.507581,48.1588313],[27.5076862,48.158858],[27.5078199,48.1588507],[27.5089061,48.1584677],[27.5091527,48.1584089],[27.5093541,48.1584306],[27.5094906,48.1584953],[27.509656,48.1586241],[27.5106933,48.160119],[27.511754,48.1616],[27.5122609,48.1624021],[27.5140743,48.1650461],[27.5146727,48.1660131],[27.5160338,48.1678875],[27.5171219,48.1694423],[27.5171868,48.1695394]]]}},{"type":"Feature","properties":{"entity_id":"osm-r19038965","jurisdiction":"MD","display_name":"Cupcini","display_type":"town","admin_level":8,"tier":"local","legal_registry":"CUATM","legal_id":"4102","legal_type":"town","parent_catalog_id":"osm-r59000","osm_relation_id":19038965,"legal_identity_status":"reconciled","geometry_source":"OpenStreetMap","canonical_geometry_role":null,"geometry_scope":null,"geometry_precision":"master_coordinate_fidelity"},"geometry":{"type":"Polygon","coordinates":[[[27.3466527,48.1574555],[27.3464837,48.1571789],[27.3461584,48.1570412],[27.3462363,48.1569523],[27.3463861,48.1567572],[27.3464571,48.1566067],[27.3465107,48.1565085],[27.346508,48.1563631],[27.3463754,48.1561702],[27.3462837,48.1560094],[27.3463426,48.1556464],[27.3463563,48.1555618],[27.3464436,48.1554857],[27.346651,48.1553495],[27.3464611,48.1551139],[27.3451597,48.1536643],[27.3449441,48.1533034],[27.3446398,48.1525858],[27.3447826,48.15245],[27.3447796,48.1522885],[27.3449613,48.1520716],[27.3450541,48.1518501],[27.3450363,48.151317],[27.3448617,48.1505912],[27.3441301,48.1494066],[27.3439322,48.1491535],[27.3459361,48.1480031],[27.3481469,48.1466827],[27.3487729,48.1460585],[27.3482648,48.1460678],[27.3480058,48.1460202],[27.3476805,48.1458824],[27.3468504,48.1454897],[27.3464106,48.1452665],[27.3462101,48.1453296],[27.3457774,48.1454891],[27.3451536,48.1457955],[27.3445306,48.1461396],[27.3442826,48.1462546],[27.3440428,48.1463768],[27.3438975,48.1463761],[27.343631,48.1463619],[27.3433182,48.1464613],[27.3432396,48.146575],[27.3431946,48.1467618],[27.3430848,48.1469355],[27.3427746,48.1471818],[27.3424708,48.1473403],[27.342119,48.1475153],[27.3419107,48.1475977],[27.3416298,48.1476753],[27.3413016,48.1478232],[27.3409265,48.1480441],[27.3405118,48.1483067],[27.3400785,48.1484399],[27.3396749,48.1484324],[27.3394659,48.1484835],[27.3390576,48.148659],[27.3386175,48.1488515],[27.3382796,48.1489082],[27.3380925,48.1488279],[27.3378971,48.1487325],[27.3375771,48.1484387],[27.3373223,48.1481767],[27.336946,48.1478941],[27.3346245,48.1457843],[27.3334274,48.1447054],[27.3318766,48.1432575],[27.330884,48.1423387],[27.3306871,48.142157],[27.3303828,48.1423194],[27.3290158,48.1429829],[27.3285228,48.1424803],[27.3281222,48.1421871],[27.3277949,48.1419257],[27.3275141,48.1415616],[27.3271542,48.1413303],[27.3268758,48.1411057],[27.3267648,48.1407108],[27.326682,48.140593],[27.3262152,48.1402578],[27.3260114,48.1400809],[27.3258707,48.1399366],[27.3258197,48.1397966],[27.3257366,48.1395983],[27.3259103,48.1393869],[27.326043,48.1391382],[27.3261895,48.1388216],[27.3262828,48.1385655],[27.326264,48.1384148],[27.3261549,48.1381786],[27.3258185,48.137858],[27.32521,48.1372109],[27.3243056,48.136331],[27.3228714,48.1349825],[27.3209359,48.1331819],[27.3197965,48.132183],[27.3192802,48.1317398],[27.3186223,48.1310551],[27.3178242,48.1302046],[27.3178441,48.1299728],[27.3180559,48.1296481],[27.318452,48.1292281],[27.3178664,48.128952],[27.318172,48.1285161],[27.3183977,48.1280728],[27.3184526,48.1275499],[27.3184208,48.1271408],[27.3182785,48.1268618],[27.3179672,48.1266001],[27.3173329,48.1263139],[27.3166427,48.1260604],[27.3157719,48.1265084],[27.3135994,48.1276554],[27.3130105,48.1271007],[27.3126471,48.1267413],[27.3121149,48.1263088],[27.3117549,48.126026],[27.3109754,48.1252991],[27.3105813,48.1248924],[27.3092725,48.1236742],[27.3082611,48.1227333],[27.3065877,48.1211188],[27.3054807,48.1200712],[27.3048084,48.1194404],[27.3044805,48.1191358],[27.3041298,48.1189507],[27.3060287,48.1180348],[27.309981,48.1161672],[27.3109244,48.1157373],[27.3113672,48.1155482],[27.3132069,48.1146316],[27.3156687,48.1134209],[27.3165084,48.1129999],[27.3172894,48.1125577],[27.3179368,48.1122332],[27.3186161,48.1118629],[27.3202154,48.1109243],[27.3220687,48.112117],[27.3235762,48.1131755],[27.324206,48.1136505],[27.3255456,48.1147167],[27.3271863,48.1138943],[27.3287631,48.1131134],[27.3304045,48.1123319],[27.3326092,48.1112373],[27.3351338,48.1099566],[27.3369851,48.1089963],[27.3399122,48.1074661],[27.3426599,48.1060323],[27.3439923,48.1053524],[27.345567,48.1044891],[27.3460344,48.1042349],[27.3475089,48.1035496],[27.350303,48.1021973],[27.3512001,48.1017584],[27.3517309,48.1014475],[27.3523435,48.101015],[27.3530715,48.1005297],[27.3544291,48.0994908],[27.3552705,48.0988491],[27.3557485,48.0984824],[27.3575999,48.0972323],[27.3571447,48.096769],[27.3564672,48.0961778],[27.3555732,48.0954198],[27.3551191,48.0950084],[27.354101,48.0941907],[27.3538786,48.0940584],[27.3527306,48.0932029],[27.3516883,48.0924675],[27.3503962,48.0915136],[27.3501072,48.0912777],[27.3491627,48.0905711],[27.3477998,48.0896167],[27.3468496,48.088949],[27.3461332,48.0883315],[27.3430654,48.0861095],[27.3425225,48.0857761],[27.3411467,48.084813],[27.3406412,48.0844016],[27.339239,48.0834041],[27.3382371,48.0827238],[27.3372089,48.0820176],[27.3359965,48.0811442],[27.3344437,48.0800353],[27.333003,48.0790424],[27.3325628,48.0786607],[27.3303239,48.0771502],[27.3299126,48.0769325],[27.3279344,48.0755282],[27.3262707,48.0743465],[27.3248874,48.0732969],[27.3221749,48.071314],[27.3210869,48.0704914],[27.3203464,48.0699388],[27.3183315,48.0682709],[27.3177674,48.0678165],[27.3156092,48.0660761],[27.3135093,48.0643309],[27.3113905,48.0626074],[27.3108758,48.0620055],[27.3106065,48.0617563],[27.3050558,48.0572847],[27.3045851,48.0569677],[27.3025983,48.0552847],[27.3009522,48.0538721],[27.2992215,48.052421],[27.2974381,48.0509011],[27.2994678,48.0498185],[27.3014076,48.0487677],[27.3039564,48.04744],[27.3085598,48.0449911],[27.3092578,48.0446274],[27.3111546,48.0436395],[27.3125318,48.042924],[27.3145797,48.0418339],[27.3176414,48.0402089],[27.3198581,48.0390302],[27.3208475,48.0385257],[27.323617,48.0406715],[27.3255377,48.0421274],[27.3263454,48.0427504],[27.3270064,48.0432164],[27.3278036,48.0428981],[27.3289053,48.0425003],[27.3293032,48.0423059],[27.3309514,48.0434945],[27.3311408,48.0434259],[27.3313303,48.0433574],[27.3316696,48.0432507],[27.3318195,48.0432194],[27.3322298,48.0431493],[27.332489,48.0430567],[27.3326821,48.0429141],[27.3330897,48.0427027],[27.3334056,48.0426854],[27.3334751,48.0426429],[27.3335233,48.0425366],[27.3337018,48.042421],[27.3342381,48.0421146],[27.3347778,48.0419898],[27.3354581,48.0418706],[27.3355747,48.0418631],[27.3360496,48.0418328],[27.3362511,48.0418717],[27.3360507,48.0420918],[27.3342079,48.0428205],[27.3351818,48.0473259],[27.3358615,48.0469205],[27.3358892,48.04722],[27.3364488,48.0472594],[27.3370387,48.0471744],[27.3383843,48.0469804],[27.3385191,48.047208],[27.3386233,48.0474157],[27.3386574,48.0476239],[27.3386806,48.0477919],[27.3388043,48.0479658],[27.3388256,48.0480329],[27.3387969,48.0481071],[27.3386978,48.048175],[27.3384781,48.0482371],[27.3383536,48.0482528],[27.3381482,48.0483135],[27.3380142,48.0483628],[27.3379505,48.0484762],[27.3380044,48.0486709],[27.3382093,48.0488913],[27.3383519,48.0490046],[27.3385444,48.0490974],[27.3387558,48.0491295],[27.3390721,48.0491475],[27.3392987,48.0491727],[27.3406352,48.0486622],[27.3457574,48.0467056],[27.3463149,48.0491224],[27.3465388,48.0498144],[27.3475571,48.0542937],[27.3481446,48.056694],[27.3484103,48.0580018],[27.3485664,48.0588268],[27.3492405,48.0583654],[27.3498385,48.0581329],[27.3512742,48.057599],[27.353545,48.056777],[27.3552244,48.0562415],[27.3562009,48.0558518],[27.3565196,48.0557152],[27.3701497,48.067177],[27.3697154,48.0673077],[27.3691111,48.0674766],[27.3682423,48.0677313],[27.368028,48.0678134],[27.3669667,48.0682407],[27.3663743,48.0685102],[27.3658712,48.0687187],[27.3648399,48.0691391],[27.3643802,48.0692599],[27.3634371,48.0695688],[27.3618061,48.0701437],[27.3607349,48.070582],[27.3599719,48.0708585],[27.3593349,48.0711585],[27.3561743,48.0723696],[27.3536407,48.0732849],[27.3507971,48.074381],[27.3485355,48.0752473],[27.3467016,48.0773286],[27.3454816,48.0786803],[27.3453327,48.078772],[27.3452477,48.0790614],[27.345251,48.079236],[27.3453584,48.079336],[27.3454512,48.0794663],[27.34542,48.0796714],[27.345342,48.0800682],[27.3453774,48.0803433],[27.3454297,48.0807224],[27.3455535,48.0811615],[27.345671,48.0812647],[27.3459695,48.0813802],[27.3465702,48.0815406],[27.3467689,48.0816903],[27.3469024,48.0817978],[27.3471938,48.0818485],[27.3475114,48.0819101],[27.3479284,48.0819173],[27.3481805,48.0819693],[27.3483797,48.0821459],[27.3485901,48.0823828],[27.3486843,48.0825836],[27.3486057,48.0829435],[27.3486572,48.0830103],[27.3487738,48.0830632],[27.3489612,48.0831459],[27.3491193,48.0832757],[27.349188,48.0834566],[27.3492164,48.0836277],[27.3491788,48.0837622],[27.3490898,48.0838401],[27.3489126,48.0840294],[27.3489371,48.0842609],[27.3490352,48.0844046],[27.3491851,48.0846286],[27.3492994,48.0848293],[27.3493777,48.0849865],[27.3494266,48.085181],[27.3494791,48.0852981],[27.3496936,48.0854881],[27.349878,48.0856748],[27.3500769,48.0858346],[27.350058,48.0858986],[27.3499693,48.0859865],[27.3499655,48.0860537],[27.3500881,48.0861603],[27.350259,48.0861658],[27.3503299,48.0861955],[27.3504879,48.0863187],[27.3507067,48.0864649],[27.350843,48.0865009],[27.351009,48.0865132],[27.3511705,48.0865523],[27.3516394,48.0866464],[27.3522472,48.0866455],[27.3527482,48.0865816],[27.3532036,48.0864877],[27.3535479,48.0863711],[27.3539856,48.0861431],[27.3542753,48.0860537],[27.3544892,48.0859481],[27.3547645,48.0858958],[27.35498,48.0858674],[27.3551783,48.0857317],[27.3553884,48.0856866],[27.3555227,48.0856151],[27.3557245,48.085441],[27.3559283,48.0852865],[27.3561974,48.0852688],[27.3564337,48.0851856],[27.3567212,48.0849855],[27.3569417,48.0846951],[27.3571012,48.0846302],[27.3574522,48.0846008],[27.3577919,48.0845011],[27.3580493,48.0843045],[27.3582414,48.0841084],[27.3583572,48.0838557],[27.3585102,48.0837169],[27.358769,48.0835908],[27.359139,48.0835009],[27.3593897,48.083479],[27.3595644,48.0834207],[27.3597421,48.0832582],[27.3599726,48.0829712],[27.3600636,48.0827388],[27.3601151,48.0825403],[27.360182,48.0823652],[27.3603361,48.0822768],[27.3605118,48.0822722],[27.3606267,48.0822412],[27.3607915,48.082193],[27.3609604,48.0820944],[27.3611151,48.082043],[27.3612208,48.0820523],[27.3614093,48.082192],[27.3615355,48.0822247],[27.3616656,48.0822003],[27.361839,48.0820781],[27.3620036,48.0820165],[27.3621594,48.0820221],[27.362488,48.082134],[27.3626942,48.082146],[27.3628291,48.0821114],[27.3629282,48.0820402],[27.3630045,48.0818281],[27.3629663,48.0816672],[27.3628493,48.0815941],[27.3626349,48.0814143],[27.362361,48.0812719],[27.3622689,48.0811818],[27.3622838,48.0803892],[27.3623113,48.0802513],[27.3624048,48.0801499],[27.3625412,48.0799307],[27.3626143,48.0795507],[27.3626907,48.0793453],[27.3628332,48.0791831],[27.3630723,48.0790807],[27.3633473,48.0790549],[27.3635148,48.0791078],[27.3637597,48.0793042],[27.3639594,48.0795042],[27.3641576,48.0796271],[27.3642826,48.0795993],[27.3642759,48.0795087],[27.3640769,48.0793489],[27.364025,48.079262],[27.3641293,48.0792008],[27.3643107,48.0792297],[27.3647104,48.0793847],[27.3653981,48.079625],[27.365814,48.0798369],[27.3658763,48.0799439],[27.3657974,48.0800184],[27.3656435,48.0801101],[27.3655795,48.0801778],[27.3655977,48.0803388],[27.3657866,48.0804987],[27.3660039,48.0805676],[27.3660656,48.0806444],[27.3660979,48.080755],[27.3661851,48.0808484],[27.3663124,48.0809415],[27.3664617,48.0811285],[27.3665974,48.0811376],[27.3668776,48.0810819],[27.3675421,48.0808992],[27.3678775,48.0808397],[27.3683241,48.0808197],[27.3686518,48.0808846],[27.3687841,48.0809743],[27.3689113,48.0813159],[27.3690726,48.0816069],[27.3691165,48.0818014],[27.3690791,48.0819427],[27.3687581,48.082227],[27.3683591,48.0826329],[27.3683474,48.0828076],[27.3686276,48.0830138],[27.3687715,48.0831806],[27.3687602,48.0833755],[27.3685644,48.0836422],[27.3681118,48.0841323],[27.3681364,48.0843672],[27.3682712,48.0845845],[27.368372,48.0848625],[27.3684117,48.0851007],[27.3683312,48.0853531],[27.3682883,48.0855993],[27.3682914,48.0857739],[27.3681646,48.0860897],[27.3679814,48.0862287],[27.3677764,48.0862772],[27.3674706,48.0863096],[27.3672815,48.0864016],[27.3671388,48.0865571],[27.367017,48.0867527],[27.3669682,48.0870332],[27.3670314,48.0872362],[27.3670664,48.0874912],[27.3670228,48.087834],[27.3669983,48.0881263],[27.3669507,48.0882644],[27.3666314,48.088636],[27.3665199,48.088845],[27.3665003,48.089134],[27.3665034,48.0895537],[27.3665755,48.0899091],[27.3667791,48.0905692],[27.3668712,48.0909178],[27.3669192,48.0910585],[27.367133,48.0914635],[27.3673036,48.0917106],[27.3673105,48.0918079],[27.3672786,48.091976],[27.3672268,48.0921577],[27.3672095,48.0922989],[27.3671555,48.0923664],[27.3669865,48.0924551],[27.3668168,48.0925134],[27.3666866,48.0925346],[27.3665708,48.0925221],[27.3664634,48.0924255],[27.366366,48.0923256],[27.3662553,48.092313],[27.3660314,48.0924255],[27.3659499,48.0924644],[27.3657825,48.092545],[27.3655685,48.0926507],[27.3654547,48.0927389],[27.365343,48.0929345],[27.3652057,48.0931101],[27.3650514,48.0932268],[27.3648542,48.0933781],[27.3647944,48.0934571],[27.3647491,48.093597],[27.3647852,48.0937043],[27.3648541,48.0938884],[27.3649078,48.0940693],[27.364931,48.0942269],[27.3649357,48.094472],[27.3648537,48.0946472],[27.3647756,48.094762],[27.3645242,48.0950157],[27.3643574,48.0952185],[27.3643041,48.0953196],[27.3642759,48.0954239],[27.3643186,48.0955511],[27.3644526,48.0956626],[27.3646893,48.0957531],[27.3649862,48.095781],[27.3654537,48.0957942],[27.3659615,48.0958137],[27.3663141,48.095858],[27.3670656,48.0960066],[27.3676157,48.0961367],[27.3681714,48.0962902],[27.3686315,48.096441],[27.3691416,48.0965781],[27.3695933,48.0965544],[27.3698284,48.0965022],[27.3701439,48.0964494],[27.3704449,48.0964236],[27.3706207,48.0964222],[27.3708321,48.0964441],[27.3709323,48.0964991],[27.3711027,48.0966635],[27.3714083,48.096876],[27.3717024,48.0970148],[27.3721324,48.0971658],[27.3733772,48.0976118],[27.3736205,48.0977315],[27.3737756,48.0977541],[27.3739422,48.0977392],[27.3741418,48.09766],[27.3742913,48.0975914],[27.3744217,48.0975803],[27.3746038,48.0976498],[27.3747664,48.0977465],[27.3749198,48.0978972],[27.3750595,48.0981156],[27.3751226,48.0982704],[27.3751554,48.0983899],[27.3751817,48.098486],[27.3752241,48.0986038],[27.3753208,48.0987228],[27.3754196,48.0988555],[27.3755274,48.0990302],[27.3755922,48.0992289],[27.3757235,48.0995419],[27.3757931,48.0997777],[27.375855,48.0998684],[27.3759631,48.1000093],[27.3761312,48.100133],[27.3762726,48.1002065],[27.3765677,48.1003727],[27.3768529,48.1005832],[27.377113,48.1007973],[27.3772868,48.100958],[27.3773593,48.101079],[27.377407,48.1012137],[27.3774919,48.1014595],[27.3775454,48.101638],[27.3776038,48.1018097],[27.3776665,48.1019443],[27.3778708,48.102125],[27.378232,48.1023653],[27.3784606,48.102502],[27.3786281,48.1026063],[27.3787866,48.1027459],[27.3788487,48.1028434],[27.3789326,48.1030351],[27.3790255,48.1031695],[27.3790879,48.1032871],[27.3792317,48.1034548],[27.3794003,48.1036055],[27.3795534,48.103736],[27.379758,48.1039336],[27.3798813,48.1040742],[27.3800292,48.1041982],[27.3802216,48.1042811],[27.3804041,48.1043675],[27.380591,48.1044235],[27.3807771,48.1044288],[27.3809326,48.1044141],[27.3812588,48.1043947],[27.3817045,48.1043103],[27.381985,48.1042609],[27.382145,48.1042158],[27.3822492,48.1041441],[27.3823027,48.1040458],[27.3823992,48.1038021],[27.3824752,48.1035921],[27.3828884,48.1036479],[27.3883406,48.1044821],[27.3884002,48.1041711],[27.3884018,48.103712],[27.3885523,48.1034272],[27.3887493,48.1032096],[27.3889727,48.1030628],[27.3891328,48.1030278],[27.3893989,48.1030122],[27.3896353,48.1030273],[27.3898319,48.1030595],[27.3900633,48.103078],[27.3902788,48.1030459],[27.3906135,48.1029431],[27.3913131,48.1027361],[27.3916736,48.1026661],[27.3920354,48.1026633],[27.3922976,48.102715],[27.39248,48.1027941],[27.3926437,48.1029466],[27.3927996,48.103229],[27.3929329,48.1033682],[27.3933004,48.1036743],[27.3934693,48.1038449],[27.3935265,48.1039412],[27.3939098,48.1042939],[27.394177,48.1046125],[27.3943282,48.1048886],[27.394407,48.1050901],[27.3944787,48.1054113],[27.394673,48.1056147],[27.3949922,48.1059983],[27.3951568,48.1061985],[27.3952791,48.1062915],[27.3954608,48.1063682],[27.3956037,48.1064818],[27.3957286,48.1066776],[27.3957515,48.1068251],[27.3957138,48.1069598],[27.3955651,48.10711],[27.395539,48.1072835],[27.3955054,48.1074143],[27.3954324,48.1075432],[27.3953543,48.1076687],[27.3952967,48.1078109],[27.3952602,48.1080104],[27.3952374,48.1081389],[27.3952739,48.1082095],[27.3953501,48.1082528],[27.3955566,48.1082237],[27.3956713,48.10823],[27.395641,48.1090337],[27.3956421,48.1093612],[27.3956615,48.1095258],[27.3957603,48.1100422],[27.3958752,48.1102742],[27.3959678,48.1103917],[27.396106,48.1105256],[27.396269,48.1106425],[27.3965184,48.1108128],[27.3967937,48.1110267],[27.3970645,48.1112642],[27.3973601,48.1114848],[27.3977317,48.1117351],[27.3977931,48.1117987],[27.3979525,48.1119899],[27.3980512,48.1121613],[27.3981558,48.1123833],[27.3983258,48.1126048],[27.398445,48.1127997],[27.3985229,48.1129341],[27.4023523,48.112921],[27.403273,48.1127045],[27.403713,48.1125829],[27.4043162,48.1123182],[27.4047482,48.1120414],[27.405202,48.1115821],[27.4060157,48.1105472],[27.4061474,48.1111284],[27.4061914,48.1113306],[27.4062903,48.1118598],[27.4063391,48.1120357],[27.4064457,48.1125304],[27.4064934,48.1127265],[27.4065163,48.1128738],[27.4065616,48.1132092],[27.4080557,48.1128729],[27.408917,48.112704],[27.4095949,48.1126734],[27.4104481,48.1126126],[27.4118558,48.1125626],[27.4119636,48.1135745],[27.4122029,48.1155711],[27.4123616,48.1167126],[27.4140674,48.1271627],[27.4141378,48.1278987],[27.4142026,48.1283423],[27.4144605,48.1300355],[27.4146301,48.1313231],[27.4147838,48.1321993],[27.4148299,48.1325022],[27.4149621,48.1330915],[27.415126,48.1336994],[27.4128014,48.1343299],[27.4120846,48.1345237],[27.4119425,48.1345379],[27.4119048,48.1345944],[27.4117782,48.1347295],[27.411678,48.1348904],[27.4113612,48.1352173],[27.4112396,48.1352832],[27.4110656,48.1353193],[27.4107556,48.1353521],[27.4101337,48.1353227],[27.4096338,48.1352491],[27.4094283,48.1352608],[27.409035,48.1353968],[27.4088156,48.1354289],[27.4078074,48.1354979],[27.407498,48.1355567],[27.4073682,48.1355404],[27.4072493,48.1354247],[27.4069139,48.1351637],[27.4067247,48.1350918],[27.4064517,48.1350335],[27.4061463,48.1349755],[27.4057461,48.1350264],[27.4052298,48.1350956],[27.4047475,48.1352466],[27.4039638,48.1355342],[27.4036558,48.1356622],[27.4035295,48.1358146],[27.4035281,48.1360611],[27.4035062,48.1362515],[27.4034847,48.1364235],[27.4033972,48.1366156],[27.4030265,48.1368479],[27.4034011,48.1377529],[27.4010433,48.1389183],[27.3981005,48.1412006],[27.395463,48.1394963],[27.3933839,48.139107],[27.3929006,48.1398461],[27.3925507,48.1401473],[27.3921996,48.140388],[27.3918547,48.1406157],[27.3915347,48.1407913],[27.3914413,48.1409737],[27.3914109,48.141069],[27.3913933,48.1414757],[27.391325,48.1416189],[27.3910654,48.1419064],[27.390722,48.1422033],[27.3904289,48.1424349],[27.390218,48.1425663],[27.3898359,48.1428033],[27.3896748,48.1429124],[27.3895421,48.1429472],[27.3894318,48.1430571],[27.3893432,48.1431572],[27.3892876,48.1432874],[27.3895009,48.1434105],[27.3897735,48.1438586],[27.3899329,48.1440799],[27.3897642,48.1441641],[27.3895097,48.1442231],[27.3891925,48.1442464],[27.3888137,48.1442909],[27.3884756,48.1444283],[27.3882616,48.1445749],[27.3880797,48.1447783],[27.3879038,48.1448884],[27.3875435,48.1450829],[27.3874183,48.1451626],[27.3873535,48.1452656],[27.3873244,48.145359],[27.3873573,48.1454519],[27.3874447,48.1455599],[27.3876878,48.1457028],[27.3878058,48.1457899],[27.3878224,48.1458415],[27.3877389,48.1459302],[27.3867898,48.1453582],[27.3865246,48.145131],[27.3858107,48.1448379],[27.3864931,48.1434848],[27.3856681,48.1432305],[27.3864376,48.1409541],[27.3871796,48.1387647],[27.3857006,48.1377992],[27.3830155,48.1352742],[27.3828776,48.1354958],[27.3827348,48.1357997],[27.3825632,48.1359524],[27.3821041,48.1366177],[27.3819578,48.13674],[27.3810776,48.1373828],[27.3803998,48.1377948],[27.3801376,48.1379526],[27.3796759,48.1381639],[27.379246,48.1383489],[27.3789118,48.1384684],[27.3781908,48.1386645],[27.3773153,48.1388964],[27.3767936,48.1390261],[27.3754264,48.1392706],[27.3749813,48.1393477],[27.3743057,48.1395477],[27.3739093,48.1397887],[27.3733867,48.1402036],[27.3732006,48.1402872],[27.3729045,48.140376],[27.3725389,48.1405517],[27.3722194,48.1407746],[27.3716388,48.1412243],[27.3712643,48.1416162],[27.3710486,48.1420352],[27.3707914,48.1422854],[27.3695742,48.1433105],[27.3689806,48.1437603],[27.368764,48.1439478],[27.3684716,48.1442354],[27.3641722,48.1413739],[27.3620502,48.1428252],[27.3590814,48.1450479],[27.3590374,48.1451217],[27.3594842,48.1454769],[27.3598517,48.1457463],[27.3602672,48.1461665],[27.3606175,48.146557],[27.3605499,48.146752],[27.3599401,48.1480791],[27.3587684,48.1491297],[27.3587797,48.1493932],[27.3588922,48.1495263],[27.3596013,48.1500609],[27.3582425,48.1508018],[27.357408,48.1511886],[27.35674,48.1514746],[27.3559293,48.1518947],[27.3557016,48.1520358],[27.3551427,48.1522735],[27.3546115,48.1526061],[27.3541823,48.1528514],[27.3541892,48.1532273],[27.3544614,48.1535968],[27.3548205,48.1541126],[27.3537458,48.154821],[27.3515018,48.155668],[27.3509296,48.1555342],[27.3504228,48.1554344],[27.3502231,48.1554878],[27.3499707,48.1554983],[27.3498014,48.1554435],[27.3495466,48.1553158],[27.3494732,48.1551997],[27.3491889,48.1552278],[27.3489139,48.1554157],[27.3482343,48.1557796],[27.3480273,48.1557899],[27.3477807,48.1557615],[27.3481788,48.1566443],[27.3466527,48.1574555]]]}},{"type":"Feature","properties":{"entity_id":"osm-r19038966","jurisdiction":"MD","display_name":"Lopatnic","display_type":"independent_village","admin_level":8,"tier":"local","legal_registry":"CUATM","legal_id":"4137","legal_type":"independent_village","parent_catalog_id":"osm-r59000","osm_relation_id":19038966,"legal_identity_status":"reconciled","geometry_source":"OpenStreetMap","canonical_geometry_role":null,"geometry_scope":null,"geometry_precision":"master_coordinate_fidelity"},"geometry":{"type":"Polygon","coordinates":[[[27.0426243,48.1582408],[27.0421869,48.158233],[27.0354954,48.1572958],[27.0354417,48.1571924],[27.0397815,48.1553173],[27.0391084,48.1545408],[27.0381884,48.153518],[27.036628,48.1514244],[27.0356794,48.1500647],[27.034608,48.1484621],[27.0312432,48.1436196],[27.0307475,48.1428982],[27.0301001,48.1419878],[27.0346688,48.1402461],[27.0321509,48.1380171],[27.0311081,48.13702],[27.0308222,48.1367895],[27.0294856,48.1361287],[27.0295608,48.1356722],[27.0294449,48.1348493],[27.0277189,48.1320688],[27.0255019,48.1302128],[27.023441,48.1281027],[27.0226478,48.126274],[27.0227406,48.125347],[27.0237322,48.1245347],[27.0258627,48.1236798],[27.0273632,48.1233668],[27.0289206,48.1237163],[27.0299859,48.1243347],[27.0312595,48.1258921],[27.032847,48.1275718],[27.0344336,48.1289394],[27.0361388,48.1297027],[27.0374582,48.1298931],[27.0387415,48.1296836],[27.039158,48.129443],[27.0399065,48.1290105],[27.0398203,48.1280355],[27.0393491,48.127162],[27.03832,48.1255202],[27.0373896,48.1236734],[27.0357074,48.1213432],[27.0346214,48.1192416],[27.0337142,48.11703],[27.033838,48.115091],[27.0343307,48.1141776],[27.0366637,48.1116328],[27.038607,48.1086588],[27.0398367,48.107058],[27.0429276,48.1074072],[27.0457533,48.1077253],[27.0477389,48.1079443],[27.0491638,48.1079683],[27.0597926,48.1087142],[27.0931659,48.11131],[27.0931007,48.1133148],[27.0930567,48.1146731],[27.0929764,48.1159071],[27.0927879,48.1198522],[27.0926354,48.1228576],[27.0925309,48.1241051],[27.0924186,48.1267244],[27.0923504,48.1281853],[27.0922498,48.1288468],[27.0895121,48.1294157],[27.0875215,48.1298262],[27.0856516,48.130176],[27.0846764,48.1303442],[27.0820171,48.1313369],[27.0822484,48.1314716],[27.0823892,48.1316534],[27.082325,48.1318202],[27.0820234,48.1325473],[27.0816524,48.1331198],[27.0814774,48.1332015],[27.0811838,48.1334524],[27.0806599,48.1337886],[27.0801161,48.1341384],[27.0797056,48.1347034],[27.0795431,48.1349907],[27.0794251,48.1352205],[27.0792718,48.1354336],[27.079059,48.1357177],[27.0787906,48.135982],[27.0786267,48.1361513],[27.0783373,48.1363347],[27.0781029,48.1364909],[27.077501,48.1370432],[27.0769373,48.1374133],[27.0763278,48.1377398],[27.0761081,48.1378723],[27.0757192,48.1381472],[27.0755002,48.1383404],[27.0747818,48.1388158],[27.074362,48.1390267],[27.0737759,48.1392149],[27.0735556,48.1392935],[27.0726373,48.1398709],[27.0714897,48.140628],[27.0699477,48.1416263],[27.0689345,48.1422648],[27.0682757,48.1426926],[27.0662412,48.1441584],[27.0653417,48.1446378],[27.0641563,48.1451861],[27.0630861,48.1456967],[27.0623356,48.1460204],[27.0609088,48.1465764],[27.059804,48.1470591],[27.0584493,48.1476661],[27.0559241,48.1487599],[27.0538339,48.1496648],[27.0500268,48.1515799],[27.0450938,48.1535648],[27.0450754,48.1536993],[27.0450325,48.1538808],[27.0450057,48.1541429],[27.0449817,48.1542303],[27.0449634,48.1543748],[27.0449204,48.1545446],[27.0448619,48.1546893],[27.0447734,48.1548443],[27.044675,48.1550127],[27.0446068,48.1551843],[27.0445476,48.1552787],[27.0444742,48.1554336],[27.0443553,48.1555752],[27.044186,48.1557038],[27.0441216,48.1557814],[27.0440526,48.1558925],[27.0439688,48.1560206],[27.0439152,48.1561552],[27.0438966,48.1562762],[27.043868,48.1563939],[27.0438292,48.1565083],[27.0437853,48.156616],[27.0437315,48.1567304],[27.0436624,48.1568315],[27.0435733,48.1569462],[27.0435246,48.1570707],[27.0434912,48.1572052],[27.0434725,48.1573161],[27.0434535,48.1574002],[27.0434241,48.1574641],[27.0433293,48.1575217],[27.0429999,48.1577216],[27.0429152,48.1577859],[27.0428407,48.1578568],[27.0427818,48.157968],[27.0427075,48.1580624],[27.0426531,48.1581332],[27.0426243,48.1582408]]]}},{"type":"Feature","properties":{"entity_id":"osm-r19038967","jurisdiction":"MD","display_name":"Viișoara","display_type":"independent_village","admin_level":8,"tier":"local","legal_registry":"CUATM","legal_id":"4151","legal_type":"independent_village","parent_catalog_id":"osm-r59000","osm_relation_id":19038967,"legal_identity_status":"reconciled","geometry_source":"OpenStreetMap","canonical_geometry_role":null,"geometry_scope":null,"geometry_precision":"master_coordinate_fidelity"},"geometry":{"type":"Polygon","coordinates":[[[27.044626,48.069663],[27.0459592,48.0701267],[27.0486611,48.0711331],[27.0505833,48.0718321],[27.0523495,48.0724541],[27.0556349,48.0735782],[27.0608557,48.0753922],[27.0614871,48.0755987],[27.0645763,48.0766478],[27.0664376,48.0772893],[27.0672777,48.0776534],[27.0715693,48.0791357],[27.0740513,48.0800024],[27.077865,48.0813285],[27.0810453,48.0824378],[27.0853835,48.0839294],[27.0881822,48.0848901],[27.0901546,48.0855757],[27.0935871,48.086755],[27.0950159,48.0872748],[27.0984104,48.0884312],[27.1002079,48.0890506],[27.1008416,48.0892411],[27.1022512,48.0897305],[27.1081878,48.0835685],[27.1112011,48.0794509],[27.1212525,48.0828419],[27.1212505,48.0830552],[27.1211781,48.0833521],[27.1210093,48.0839027],[27.1208083,48.0846369],[27.1206556,48.0851389],[27.1207121,48.0852954],[27.1207762,48.0853873],[27.1210426,48.0855383],[27.121228,48.0856678],[27.1213651,48.0858135],[27.1216149,48.085916],[27.1217791,48.0860418],[27.1218891,48.0862128],[27.1220343,48.0864989],[27.1221313,48.086812],[27.122212,48.0870926],[27.1223009,48.0874435],[27.1223333,48.0877349],[27.1223416,48.0880102],[27.1221403,48.0883125],[27.1219551,48.0884421],[27.1217698,48.0885285],[27.1211171,48.0885718],[27.1204967,48.0886691],[27.1200052,48.0887825],[27.1194654,48.0889391],[27.1186597,48.0891066],[27.1181843,48.0892254],[27.1175236,48.0894198],[27.1172014,48.0895548],[27.1170242,48.089706],[27.1169276,48.0899705],[27.1164289,48.091501],[27.1165016,48.09169],[27.1167919,48.09196],[27.1169048,48.0921652],[27.1169775,48.092338],[27.1165182,48.0924461],[27.1147703,48.0941485],[27.1142173,48.0956334],[27.113266,48.0961094],[27.1124706,48.0962427],[27.1097717,48.0960193],[27.1088343,48.0961645],[27.1062603,48.0954925],[27.1035607,48.0946519],[27.0982118,48.1015094],[27.0940363,48.100132],[27.0931659,48.11131],[27.0597926,48.1087142],[27.0491638,48.1079683],[27.0477389,48.1079443],[27.0457533,48.1077253],[27.0429276,48.1074072],[27.0398367,48.107058],[27.0401518,48.1066478],[27.0407409,48.1052716],[27.0405822,48.103406],[27.0401792,48.1022473],[27.0387462,48.0996547],[27.0365226,48.0975823],[27.0319847,48.0947186],[27.0294274,48.0934456],[27.0275465,48.0925341],[27.0267358,48.0919711],[27.0257208,48.0908912],[27.0253376,48.0895317],[27.0263481,48.0879828],[27.0270638,48.0873545],[27.0305123,48.0859346],[27.0336514,48.0845796],[27.0367445,48.0835486],[27.0409809,48.0822688],[27.0424643,48.0811375],[27.0426197,48.0803595],[27.0428936,48.0789884],[27.0431922,48.0747073],[27.0435248,48.0719901],[27.043999,48.07035],[27.044626,48.069663]]]}},{"type":"Feature","properties":{"entity_id":"osm-r19038968","jurisdiction":"MD","display_name":"Hincăuți","display_type":"commune","admin_level":8,"tier":"local","legal_registry":"CUATM","legal_id":"4132","legal_type":"commune","parent_catalog_id":"osm-r59000","osm_relation_id":19038968,"legal_identity_status":"reconciled","geometry_source":"OpenStreetMap","canonical_geometry_role":null,"geometry_scope":null,"geometry_precision":"master_coordinate_fidelity"},"geometry":{"type":"Polygon","coordinates":[[[27.2659545,48.2640644],[27.2660544,48.2640009],[27.2665763,48.2631763],[27.2670855,48.2622299],[27.2687096,48.2591367],[27.2693839,48.2593871],[27.2701138,48.2596438],[27.270747,48.2598441],[27.2718864,48.2601819],[27.2734624,48.2607112],[27.2746022,48.2610758],[27.277221,48.2618797],[27.2779499,48.2620773],[27.2782433,48.2621376],[27.2784973,48.2622617],[27.2786448,48.2623462],[27.2789017,48.2623344],[27.2791978,48.2622585],[27.2801491,48.2618626],[27.2815807,48.2612486],[27.2823127,48.2610119],[27.2827446,48.260915],[27.2838457,48.2607462],[27.2849214,48.2605708],[27.2855902,48.2604722],[27.2873137,48.260148],[27.2889665,48.2598209],[27.2901926,48.2595941],[27.2910064,48.2594273],[27.2922622,48.2591701],[27.2932857,48.2588877],[27.2955892,48.2585928],[27.2981829,48.258175],[27.2993021,48.2579123],[27.3018887,48.2573943],[27.3083412,48.2571947],[27.3084865,48.2571484],[27.308632,48.2571071],[27.3088532,48.2570787],[27.3090789,48.2570167],[27.3094153,48.2569405],[27.3094751,48.2569032],[27.3095899,48.2568352],[27.3096851,48.2568044],[27.3097754,48.2567802],[27.3100972,48.2567377],[27.3102521,48.2566628],[27.3103422,48.2566252],[27.3104014,48.2565543],[27.3104005,48.2565007],[27.310636,48.2564252],[27.3107714,48.2563873],[27.3108771,48.2563765],[27.311113,48.2563207],[27.3114383,48.2561841],[27.3115928,48.256089],[27.3117418,48.2559603],[27.3118411,48.2558723],[27.3120255,48.2557569],[27.3127646,48.2555266],[27.3129271,48.2554348],[27.3130155,48.2552999],[27.3130189,48.2552058],[27.3130983,48.2551348],[27.3132031,48.2550769],[27.3133185,48.2550493],[27.3137715,48.2550125],[27.3143655,48.2549747],[27.3144709,48.2549505],[27.3146858,48.2548449],[27.3148054,48.2547701],[27.3148846,48.2546856],[27.3149686,48.254591],[27.3150384,48.2545469],[27.3151896,48.2545458],[27.3155328,48.2545803],[27.3156592,48.2545996],[27.3158908,48.2545879],[27.3161819,48.2545186],[27.3166435,48.2544046],[27.3169588,48.2542781],[27.3171934,48.2541488],[27.3173885,48.2540668],[27.3175542,48.2540287],[27.3177827,48.2541279],[27.3182117,48.2538763],[27.3198835,48.2532231],[27.3210851,48.252778],[27.3219614,48.2524561],[27.3235422,48.2517933],[27.3245929,48.2513627],[27.3258482,48.2508198],[27.3284989,48.2496825],[27.3296245,48.2492211],[27.331145,48.2485788],[27.3316057,48.2484143],[27.3328351,48.24812],[27.3336734,48.2479393],[27.3341449,48.2478218],[27.334459,48.2477536],[27.3347593,48.2476372],[27.3349178,48.2474816],[27.3351259,48.2472853],[27.3351803,48.2471057],[27.3352534,48.2469675],[27.3353703,48.2467416],[27.3355918,48.2462812],[27.3357651,48.2459865],[27.3361179,48.2452632],[27.3363322,48.2448453],[27.3366412,48.244655],[27.3375058,48.2441403],[27.3383326,48.2436004],[27.3397339,48.242791],[27.340113,48.2425766],[27.3404465,48.2423492],[27.341228,48.2419351],[27.3426952,48.2411453],[27.3429642,48.2408583],[27.3440657,48.240192],[27.3446446,48.2398855],[27.3452439,48.239589],[27.3456476,48.2393443],[27.3459774,48.2391974],[27.3496735,48.2378047],[27.3501547,48.2385209],[27.3503607,48.2387646],[27.3505859,48.2389644],[27.350776,48.2391679],[27.3512619,48.2398494],[27.3516282,48.2403235],[27.3518844,48.2405567],[27.3521096,48.2407532],[27.3523222,48.2408104],[27.352666,48.240875],[27.3529889,48.2408995],[27.3541534,48.2409379],[27.355247,48.2409533],[27.355822,48.240986],[27.3562006,48.2410269],[27.3564676,48.241123],[27.3566628,48.241235],[27.3568825,48.2414013],[27.3569793,48.241461],[27.3578022,48.2426572],[27.358475,48.2436345],[27.3596799,48.2453282],[27.3598401,48.2455653],[27.3608691,48.2470814],[27.3620678,48.2487046],[27.3626577,48.2495004],[27.3627516,48.2496257],[27.3633499,48.2492109],[27.3633482,48.2502832],[27.363415,48.2504254],[27.3631026,48.250998],[27.3629772,48.2523746],[27.3633625,48.2576565],[27.3586925,48.2577926],[27.3584091,48.2580162],[27.3593912,48.2689711],[27.3595407,48.2716402],[27.3596346,48.2716398],[27.3596227,48.2718698],[27.3595481,48.2752733],[27.358933,48.2834141],[27.3655476,48.2833964],[27.3658732,48.288715],[27.3659382,48.289274],[27.3662091,48.2944218],[27.363286,48.2942022],[27.3583324,48.29392],[27.3572561,48.2938277],[27.3545559,48.2935286],[27.3526323,48.2932842],[27.352198,48.2931543],[27.3496888,48.2927721],[27.3485167,48.2926567],[27.3476932,48.2925968],[27.3464931,48.2924805],[27.3451154,48.2922673],[27.3381322,48.2915991],[27.3282168,48.2906483],[27.327561,48.2906355],[27.3270345,48.290596],[27.3245771,48.2903752],[27.3216712,48.2901143],[27.3192206,48.2899064],[27.3156256,48.2895852],[27.3152937,48.2895313],[27.3135126,48.2893792],[27.3109311,48.2890986],[27.3078157,48.2887453],[27.3039668,48.2884414],[27.29832,48.2880101],[27.2948365,48.2877455],[27.2889471,48.2927931],[27.2772934,48.2914043],[27.2733452,48.2909109],[27.2698848,48.2905118],[27.258217,48.289066],[27.2590415,48.2857953],[27.2592275,48.2847135],[27.2592239,48.2840562],[27.2586153,48.2814413],[27.2581258,48.2798138],[27.2570813,48.2746449],[27.2571707,48.2740029],[27.2587574,48.273778],[27.2587484,48.2734972],[27.2610424,48.2715771],[27.2637403,48.2693595],[27.2685663,48.2653901],[27.2659545,48.2640644]]]}},{"type":"Feature","properties":{"entity_id":"osm-r19038969","jurisdiction":"MD","display_name":"Cuconeștii Noi","display_type":"commune","admin_level":8,"tier":"local","legal_registry":"CUATM","legal_id":"4125","legal_type":"commune","parent_catalog_id":"osm-r59000","osm_relation_id":19038969,"legal_identity_status":"reconciled","geometry_source":"OpenStreetMap","canonical_geometry_role":null,"geometry_scope":null,"geometry_precision":"master_coordinate_fidelity"},"geometry":{"type":"Polygon","coordinates":[[[27.1858993,47.940589],[27.186945,47.9414063],[27.188076,47.94066],[27.1885294,47.9409383],[27.1889044,47.9411018],[27.1891633,47.9411766],[27.1893922,47.9411747],[27.1896775,47.9411275],[27.1899626,47.9410675],[27.1906257,47.9408185],[27.1912804,47.9406273],[27.1916764,47.9403805],[27.1918646,47.940238],[27.1947681,47.9417061],[27.1996556,47.9439599],[27.2028288,47.9453844],[27.2037235,47.9457871],[27.2070624,47.9473229],[27.2087565,47.948129],[27.2120764,47.949652],[27.2138379,47.9504831],[27.216513,47.9516974],[27.2204193,47.9534267],[27.2236912,47.9548986],[27.2254522,47.9556846],[27.2241834,47.9572015],[27.2277022,47.9590941],[27.2295914,47.9600841],[27.2315684,47.961171],[27.2341232,47.9625269],[27.2359732,47.9634927],[27.2329014,47.9665402],[27.2289112,47.9699455],[27.225771,47.9726224],[27.2232149,47.9747834],[27.2296081,47.9780224],[27.2243417,47.9822623],[27.227113,47.983819],[27.2318215,47.9866495],[27.232793,47.9871552],[27.2336679,47.9875848],[27.2346309,47.9881674],[27.2355854,47.988814],[27.2364827,47.9894674],[27.2369738,47.989765],[27.237926,47.9902516],[27.238696,47.9906818],[27.2394356,47.9909906],[27.2396955,47.9911329],[27.2404764,47.991659],[27.241835,47.9925142],[27.2432948,47.9933838],[27.2450131,47.9943878],[27.2467273,47.9953941],[27.2483937,47.996388],[27.2498663,47.9971913],[27.2503869,47.9974824],[27.2488396,47.9996267],[27.2484232,48.0004365],[27.2462706,48.0034466],[27.2434405,48.0072342],[27.2373599,48.006924],[27.2307463,48.0031623],[27.2302529,48.0037302],[27.2286992,48.0045068],[27.2278204,48.0047815],[27.2270403,48.0049344],[27.2261397,48.0050882],[27.225319,48.0052145],[27.2242362,48.0052485],[27.2233504,48.0050256],[27.2232389,48.004233],[27.2238938,48.0037313],[27.2191801,48.0037618],[27.2190532,48.003292],[27.2082441,48.0057023],[27.2085175,48.0066149],[27.2031742,48.0068335],[27.2000441,47.9976065],[27.1989616,47.9948961],[27.1987442,47.9903024],[27.1930217,47.9899574],[27.188139,47.9896588],[27.1859203,47.989759],[27.1841916,47.9898077],[27.1739453,47.9889734],[27.1735633,47.9903353],[27.1723381,47.9904124],[27.1634755,47.9907842],[27.1628265,47.9900762],[27.1598392,47.9883312],[27.1577485,47.9859361],[27.1559231,47.9823607],[27.1545099,47.9741368],[27.1532264,47.9717178],[27.1513309,47.9702859],[27.1498856,47.9697998],[27.1470955,47.9691886],[27.1453631,47.9685539],[27.1440696,47.9678023],[27.1433738,47.9667255],[27.1435139,47.9656726],[27.1439867,47.9646058],[27.1468458,47.9617913],[27.1496776,47.9599062],[27.1606911,47.9565451],[27.1685433,47.954597],[27.1724787,47.9524782],[27.1753307,47.949959],[27.1767887,47.9468029],[27.1771734,47.9439033],[27.1858993,47.940589]]]}},{"type":"Feature","properties":{"entity_id":"osm-r19038970","jurisdiction":"MD","display_name":"Bădragii Noi","display_type":"independent_village","admin_level":8,"tier":"local","legal_registry":"CUATM","legal_id":"4117","legal_type":"independent_village","parent_catalog_id":"osm-r59000","osm_relation_id":19038970,"legal_identity_status":"reconciled","geometry_source":"OpenStreetMap","canonical_geometry_role":null,"geometry_scope":null,"geometry_precision":"master_coordinate_fidelity"},"geometry":{"type":"Polygon","coordinates":[[[27.044626,48.069663],[27.045253,48.068976],[27.0476741,48.0672374],[27.0522887,48.0653248],[27.0570572,48.0635699],[27.0612544,48.0619205],[27.0655587,48.0597626],[27.0688494,48.0580856],[27.0702172,48.0573773],[27.073798,48.0556432],[27.0749186,48.0549958],[27.076148,48.0542855],[27.079035,48.0526331],[27.0806929,48.0514359],[27.0824297,48.0499421],[27.0830591,48.0492145],[27.0835111,48.0483814],[27.0838016,48.0476939],[27.0839542,48.0469274],[27.0839832,48.0454206],[27.0836485,48.0436262],[27.0833252,48.0420363],[27.0825604,48.0394981],[27.0824091,48.0379382],[27.0827431,48.0360005],[27.0834445,48.0351374],[27.0844387,48.0357813],[27.0886096,48.0386692],[27.0903405,48.039723],[27.0898099,48.0402699],[27.0902033,48.0405698],[27.0907847,48.0411848],[27.0911831,48.0413898],[27.0914673,48.041485],[27.0919195,48.041641],[27.0923975,48.0419008],[27.0933793,48.0405666],[27.0943482,48.0391805],[27.0945937,48.0389985],[27.0947229,48.0389379],[27.0956788,48.0390158],[27.097552,48.0392062],[27.0978749,48.0393968],[27.0997353,48.0407481],[27.1022419,48.042645],[27.106002,48.045564],[27.108677,48.0475994],[27.1114944,48.0497734],[27.114713,48.0523719],[27.1165487,48.0538138],[27.1183983,48.0566719],[27.1198211,48.0587072],[27.1221499,48.0626219],[27.1226998,48.0634403],[27.1189021,48.0687224],[27.1164869,48.0720921],[27.1173014,48.0723172],[27.1186073,48.0727328],[27.1207148,48.0734167],[27.1228741,48.0741006],[27.1234824,48.0743418],[27.1267652,48.0753481],[27.1286005,48.0759986],[27.1280962,48.0761979],[27.1276789,48.0762832],[27.1272686,48.0765097],[27.1270616,48.0767436],[27.1269739,48.0770278],[27.1269027,48.0772616],[27.1266437,48.0780193],[27.1265465,48.0784393],[27.1262747,48.0789589],[27.1261841,48.079171],[27.1260677,48.0792619],[27.1255405,48.0794843],[27.1252948,48.0796532],[27.1250813,48.0798438],[27.1249325,48.0800475],[27.1248807,48.0802078],[27.1249451,48.0804158],[27.1250549,48.0806152],[27.1251259,48.0807409],[27.125281,48.0808579],[27.1254425,48.0809447],[27.1256106,48.0809534],[27.1257851,48.0809404],[27.1260179,48.0808798],[27.1262442,48.0807845],[27.12649,48.0805809],[27.1266647,48.0804249],[27.1268845,48.0802907],[27.1270721,48.0802127],[27.1272919,48.0801564],[27.1275311,48.0801088],[27.1276475,48.0800352],[27.1277122,48.0799355],[27.1277899,48.0798099],[27.1279257,48.0796799],[27.1281197,48.0796366],[27.1283007,48.0796496],[27.128501,48.0796974],[27.1286238,48.0797147],[27.1288242,48.0796844],[27.1290699,48.0796455],[27.1293091,48.0796499],[27.1295159,48.0797106],[27.129684,48.0797366],[27.1298326,48.0797324],[27.1299361,48.0796977],[27.1300331,48.0796371],[27.1301172,48.0795201],[27.1301884,48.0794334],[27.1302853,48.0794118],[27.1303792,48.0794359],[27.1305051,48.0795158],[27.1306149,48.0795635],[27.1306925,48.0795852],[27.1308024,48.0795766],[27.1310545,48.0794986],[27.1313002,48.079451],[27.1314295,48.079451],[27.1315492,48.0795097],[27.1316074,48.0795703],[27.1316138,48.0797002],[27.1316231,48.0799538],[27.1316424,48.0801401],[27.1317005,48.0802181],[27.1318621,48.0803048],[27.1320495,48.0803829],[27.1321141,48.0804782],[27.1321334,48.0806646],[27.1321721,48.0807469],[27.1323272,48.0808596],[27.1324693,48.0809463],[27.1326114,48.0811241],[27.132592,48.0812324],[27.1325532,48.0812801],[27.1323398,48.0814187],[27.1319388,48.0816136],[27.1316608,48.0817696],[27.1314409,48.0818605],[27.1311888,48.0819125],[27.1308202,48.0819904],[27.130497,48.082038],[27.1302707,48.0820899],[27.1297209,48.0824798],[27.1294687,48.0826748],[27.1291906,48.0828437],[27.1289449,48.0829477],[27.1286539,48.0829779],[27.1280528,48.0828998],[27.1277554,48.0828781],[27.1274968,48.0828867],[27.1270313,48.0829819],[27.1267403,48.0830511],[27.1264171,48.0830814],[27.1260292,48.0831116],[27.1258029,48.0831549],[27.1253825,48.0833541],[27.1250721,48.0834797],[27.1247359,48.0835446],[27.1244838,48.0835446],[27.1243287,48.0834752],[27.1240896,48.0832888],[27.1238441,48.083137],[27.1234886,48.0830112],[27.1233052,48.0829115],[27.1224924,48.0824449],[27.1220009,48.0822198],[27.121807,48.0822112],[27.1216894,48.0822703],[27.1214128,48.0824321],[27.1213418,48.0825318],[27.1212707,48.082666],[27.1212525,48.0828419],[27.1112011,48.0794509],[27.1081878,48.0835685],[27.1022512,48.0897305],[27.1008416,48.0892411],[27.1002079,48.0890506],[27.0984104,48.0884312],[27.0950159,48.0872748],[27.0935871,48.086755],[27.0901546,48.0855757],[27.0881822,48.0848901],[27.0853835,48.0839294],[27.0810453,48.0824378],[27.077865,48.0813285],[27.0740513,48.0800024],[27.0715693,48.0791357],[27.0672777,48.0776534],[27.0664376,48.0772893],[27.0645763,48.0766478],[27.0614871,48.0755987],[27.0608557,48.0753922],[27.0556349,48.0735782],[27.0523495,48.0724541],[27.0505833,48.0718321],[27.0486611,48.0711331],[27.0459592,48.0701267],[27.044626,48.069663]]]}},{"type":"Feature","properties":{"entity_id":"osm-r19038971","jurisdiction":"MD","display_name":"Constantinovca","display_type":"commune","admin_level":8,"tier":"local","legal_registry":"CUATM","legal_id":"4149","legal_type":"commune","parent_catalog_id":"osm-r59000","osm_relation_id":19038971,"legal_identity_status":"reconciled","geometry_source":"OpenStreetMap","canonical_geometry_role":null,"geometry_scope":null,"geometry_precision":"master_coordinate_fidelity"},"geometry":{"type":"Polygon","coordinates":[[[27.1456148,48.2596578],[27.1437399,48.2606159],[27.1421723,48.2623325],[27.1414227,48.2629652],[27.1409919,48.263134],[27.1395007,48.2633541],[27.1350569,48.2635787],[27.1325037,48.2637482],[27.1300432,48.2639097],[27.1292328,48.2639655],[27.129036,48.2639552],[27.1245587,48.2643727],[27.1196179,48.2648121],[27.113579,48.2653907],[27.1120579,48.2655636],[27.1112791,48.2656849],[27.1102906,48.2658287],[27.1045348,48.2664673],[27.1040047,48.2665394],[27.1006449,48.2674612],[27.1005193,48.2674487],[27.1004351,48.2674206],[27.1003067,48.2673171],[27.0998312,48.2668004],[27.0974988,48.2642119],[27.096203,48.2627665],[27.0952795,48.2617787],[27.093467,48.2598283],[27.0936617,48.2597829],[27.0938808,48.2596342],[27.0942751,48.2592371],[27.0946777,48.25894],[27.0947823,48.2587491],[27.0948432,48.2584823],[27.0949174,48.2581346],[27.0950243,48.2576482],[27.0949914,48.2571536],[27.0952607,48.2569812],[27.0974938,48.2565349],[27.1009631,48.2558992],[27.1014819,48.2451347],[27.1034175,48.2448078],[27.1043997,48.244642],[27.1060094,48.2443597],[27.1061668,48.242811],[27.1063573,48.2415852],[27.1064515,48.2408621],[27.1064986,48.240501],[27.1128845,48.2402619],[27.1134474,48.240125],[27.1139507,48.2400624],[27.1148168,48.2400253],[27.1155826,48.2400256],[27.1163989,48.2400492],[27.119253,48.2392769],[27.1195793,48.2391329],[27.1201058,48.2390736],[27.1202508,48.239349],[27.1203257,48.2397484],[27.1203447,48.2402609],[27.1203037,48.2404467],[27.1201622,48.2413132],[27.1199221,48.2415377],[27.1196105,48.2417341],[27.119292,48.2419495],[27.1188886,48.2422223],[27.1187188,48.2423467],[27.1187279,48.2425608],[27.1187443,48.2427938],[27.1194196,48.2426484],[27.1207205,48.2423814],[27.1213034,48.2422601],[27.1223488,48.2420798],[27.1234513,48.2419047],[27.1245175,48.2417376],[27.1250007,48.2416495],[27.1245936,48.2399343],[27.1263353,48.2399008],[27.1271521,48.2399534],[27.1284695,48.2401476],[27.1298403,48.2405629],[27.1360834,48.2353402],[27.1361671,48.2355747],[27.1367081,48.2368604],[27.1369669,48.2373825],[27.1371231,48.2377575],[27.1372503,48.2382333],[27.1374932,48.2390709],[27.137748,48.2397736],[27.1380061,48.2405111],[27.1383192,48.2413215],[27.1385586,48.2419987],[27.1387274,48.242467],[27.138946,48.24293],[27.1395716,48.244722],[27.1355932,48.2455011],[27.1355674,48.2446375],[27.1357171,48.2446438],[27.1358233,48.2445957],[27.1357864,48.244501],[27.1350773,48.2442013],[27.1336173,48.2436804],[27.1325927,48.2437619],[27.132587,48.243335],[27.1316267,48.2428919],[27.1309907,48.2421932],[27.1308951,48.2414252],[27.1298087,48.241137],[27.129222,48.2409314],[27.1299289,48.2426925],[27.1304747,48.2441128],[27.1305488,48.2441025],[27.1315412,48.2439646],[27.131939,48.2438865],[27.1326279,48.245344],[27.1328299,48.2460759],[27.1326119,48.2461234],[27.1313716,48.2463104],[27.131637,48.2470119],[27.1317491,48.2473012],[27.1320705,48.2480934],[27.1326793,48.2497703],[27.132953,48.250496],[27.1331222,48.2509444],[27.1333083,48.2514239],[27.133668,48.2523505],[27.1344066,48.2543248],[27.1345547,48.2547463],[27.1348574,48.2555464],[27.1351082,48.256195],[27.135235,48.2566213],[27.1353993,48.2571897],[27.1371553,48.2569048],[27.1396651,48.2565161],[27.141087,48.2562947],[27.1431987,48.2559745],[27.1439453,48.2558612],[27.1447041,48.2575487],[27.1449436,48.2581179],[27.1453272,48.2589707],[27.1456148,48.2596578]]]}},{"type":"Feature","properties":{"entity_id":"osm-r19038972","jurisdiction":"MD","display_name":"Edineț","display_type":"level_1_municipality","admin_level":8,"tier":"local","legal_registry":"CUATM","legal_id":"4101","legal_type":"level_1_municipality","parent_catalog_id":"osm-r59000","osm_relation_id":19038972,"legal_identity_status":"reconciled","geometry_source":"OpenStreetMap","canonical_geometry_role":null,"geometry_scope":null,"geometry_precision":"master_coordinate_fidelity"},"geometry":{"type":"Polygon","coordinates":[[[27.2244507,48.1786067],[27.224432,48.1785146],[27.2245861,48.1784927],[27.2247303,48.1784272],[27.2247369,48.1783356],[27.2245564,48.1781589],[27.2245311,48.1780945],[27.2246105,48.1780132],[27.224899,48.1778874],[27.2251961,48.1777886],[27.225332,48.1777069],[27.2253302,48.1775992],[27.2252565,48.1775351],[27.2249404,48.1774563],[27.2249072,48.1774013],[27.2248972,48.1772842],[27.2248238,48.1772402],[27.2247005,48.1772415],[27.2245421,48.1772904],[27.224429,48.1772831],[27.2244234,48.1771888],[27.2245195,48.1771425],[27.2247758,48.1770196],[27.2249311,48.1768921],[27.2249739,48.1767921],[27.2249219,48.1765743],[27.2250016,48.1765146],[27.2251824,48.1764622],[27.2253273,48.1764344],[27.2254071,48.1763827],[27.2254867,48.1763122],[27.225493,48.1762017],[27.2254746,48.1760672],[27.2254281,48.1759409],[27.2253696,48.17582],[27.2252754,48.1757318],[27.2251819,48.175692],[27.2249431,48.1756504],[27.224761,48.1756219],[27.2245696,48.1755208],[27.2245525,48.1754616],[27.2245753,48.1753726],[27.2246993,48.1753072],[27.2248194,48.1752472],[27.2248828,48.1751767],[27.2248574,48.1751015],[27.2248121,48.1750506],[27.2246992,48.1750567],[27.2245941,48.1750439],[27.2244766,48.175015],[27.2243831,48.1749779],[27.2243379,48.1749297],[27.2243237,48.1748005],[27.2243257,48.1746869],[27.2242326,48.1741568],[27.2242101,48.1740088],[27.2241966,48.1739254],[27.2242229,48.1738013],[27.2239005,48.1736204],[27.2238259,48.1736887],[27.223726,48.1735901],[27.223737,48.1735278],[27.2232053,48.1732552],[27.2230577,48.1731663],[27.222936,48.1730709],[27.2217471,48.1725257],[27.2216915,48.1724669],[27.2215403,48.172088],[27.2214735,48.1718405],[27.221391,48.1716368],[27.2213015,48.1713991],[27.2212519,48.1713565],[27.2211405,48.1710872],[27.221008,48.1708359],[27.2207409,48.1705331],[27.2204991,48.1703002],[27.2201842,48.1700354],[27.2199685,48.1699236],[27.219824,48.1697143],[27.219746,48.1696286],[27.2196641,48.1695537],[27.2193707,48.1693722],[27.2192235,48.1692492],[27.2191519,48.1690638],[27.2191068,48.1687597],[27.2190332,48.1684396],[27.2189785,48.1683025],[27.2188073,48.1681904],[27.2185677,48.1680948],[27.2184294,48.1680256],[27.2184044,48.1679746],[27.2184158,48.1679314],[27.2184836,48.1678825],[27.2187286,48.167803],[27.2188734,48.1677752],[27.2190259,48.1677231],[27.2191539,48.1676496],[27.2192372,48.1675576],[27.2193233,48.1673847],[27.2192618,48.1670512],[27.2191686,48.1667876],[27.2191427,48.1664268],[27.2191864,48.1661249],[27.2192729,48.1659816],[27.2193746,48.1657736],[27.219393,48.1656631],[27.2190048,48.1653556],[27.218695,48.1650723],[27.2186452,48.1648109],[27.2199853,48.1648354],[27.2200528,48.164509],[27.2200386,48.1643771],[27.2199591,48.1641971],[27.2199483,48.1640221],[27.2199657,48.1638792],[27.2200715,48.1634584],[27.2201532,48.1631967],[27.220131,48.1630729],[27.220046,48.1630546],[27.2198926,48.1630474],[27.2197751,48.1630211],[27.2196934,48.162957],[27.2196639,48.1628764],[27.2196947,48.1627819],[27.2197256,48.1626928],[27.2197315,48.1622995],[27.219579,48.1618371],[27.2194897,48.1615442],[27.2194532,48.1612967],[27.2207722,48.1615096],[27.2214607,48.1616698],[27.2235527,48.1622297],[27.2277337,48.163359],[27.2305906,48.164123],[27.2324911,48.1646234],[27.2352835,48.1653742],[27.2383999,48.1661984],[27.2404546,48.1667435],[27.2427811,48.1673704],[27.2448683,48.167926],[27.2461086,48.1682578],[27.2463547,48.1682563],[27.2464592,48.168226],[27.2465711,48.1681633],[27.247036,48.1677134],[27.246961,48.1675711],[27.2468341,48.1674587],[27.2468126,48.1673753],[27.2469351,48.1672157],[27.2470365,48.1670023],[27.2470293,48.1668057],[27.2469488,48.1665691],[27.2468026,48.1662656],[27.2466233,48.1659139],[27.2464211,48.1656377],[27.2459886,48.1650963],[27.2457619,48.1648013],[27.2456544,48.1646458],[27.2457419,48.1645617],[27.2457936,48.1645183],[27.2458366,48.1644346],[27.2458237,48.1641383],[27.2458021,48.1640496],[27.2457917,48.1639042],[27.2458265,48.1638097],[27.2457886,48.163713],[27.245249,48.1632853],[27.2451104,48.1631973],[27.2449914,48.1630768],[27.2449202,48.1629183],[27.244856,48.1626898],[27.2446333,48.1623921],[27.2446262,48.1622036],[27.2446475,48.162023],[27.2446701,48.1619286],[27.2447533,48.1618338],[27.2449801,48.1616358],[27.2450154,48.1615709],[27.2450408,48.1613984],[27.2450704,48.1612312],[27.2451173,48.1611393],[27.245268,48.1609741],[27.2453106,48.1608688],[27.2453318,48.1606801],[27.2451494,48.1604753],[27.2451341,48.1604335],[27.2451811,48.1603444],[27.245237,48.160309],[27.2453373,48.1602761],[27.2454617,48.1602295],[27.2456113,48.1601275],[27.2457162,48.1600044],[27.2457663,48.1598559],[27.2457561,48.159724],[27.2456906,48.1594173],[27.2457494,48.1593146],[27.245872,48.159163],[27.2460317,48.159057],[27.2462111,48.1589239],[27.2462741,48.1588292],[27.2462647,48.1587431],[27.2460801,48.1583106],[27.245951,48.1580663],[27.245859,48.1578621],[27.2458567,48.1577221],[27.2458791,48.1576115],[27.2412538,48.1562661],[27.2380961,48.1553506],[27.2373783,48.1551179],[27.2335315,48.1539937],[27.2312132,48.1533289],[27.2301027,48.1530043],[27.2293101,48.1527057],[27.2351116,48.1471297],[27.2358391,48.1464769],[27.2370532,48.1455014],[27.2388515,48.1438221],[27.2399993,48.1427518],[27.2419343,48.1407345],[27.242692,48.1411621],[27.2428746,48.1412474],[27.2431213,48.1412978],[27.2434047,48.1412096],[27.2441309,48.1404963],[27.245646,48.1389396],[27.2485015,48.1362423],[27.252889,48.1384407],[27.2575233,48.1335876],[27.2580576,48.1330662],[27.2586664,48.1323192],[27.2588934,48.1319549],[27.2589908,48.1315914],[27.2594282,48.1314331],[27.2598389,48.131223],[27.2607818,48.1303357],[27.2636327,48.1274617],[27.2667756,48.1242703],[27.2682144,48.1228742],[27.2701749,48.1209563],[27.2722742,48.118843],[27.2748414,48.1195046],[27.2764824,48.1199196],[27.277106,48.120071],[27.2774975,48.1202671],[27.2780672,48.1199048],[27.2784189,48.1196605],[27.2797015,48.1189997],[27.2815291,48.1180457],[27.2857196,48.116065],[27.2883064,48.1148812],[27.2885251,48.1148106],[27.2894492,48.1143811],[27.2912391,48.1135136],[27.292535,48.1128871],[27.2946793,48.1119481],[27.2951449,48.1123121],[27.297112,48.1138366],[27.3000802,48.1160065],[27.3041298,48.1189507],[27.3044805,48.1191358],[27.3048084,48.1194404],[27.3054807,48.1200712],[27.3065877,48.1211188],[27.3082611,48.1227333],[27.3092725,48.1236742],[27.3105813,48.1248924],[27.3109754,48.1252991],[27.3117549,48.126026],[27.3121149,48.1263088],[27.3126471,48.1267413],[27.3130105,48.1271007],[27.3135994,48.1276554],[27.3157719,48.1265084],[27.3166427,48.1260604],[27.3173329,48.1263139],[27.3179672,48.1266001],[27.3182785,48.1268618],[27.3184208,48.1271408],[27.3184526,48.1275499],[27.3183977,48.1280728],[27.318172,48.1285161],[27.3178664,48.128952],[27.318452,48.1292281],[27.3180559,48.1296481],[27.3178441,48.1299728],[27.3178242,48.1302046],[27.3186223,48.1310551],[27.3192802,48.1317398],[27.3197965,48.132183],[27.3209359,48.1331819],[27.3228714,48.1349825],[27.3243056,48.136331],[27.32521,48.1372109],[27.3258185,48.137858],[27.3261549,48.1381786],[27.326264,48.1384148],[27.3262828,48.1385655],[27.3261895,48.1388216],[27.326043,48.1391382],[27.3259103,48.1393869],[27.3257366,48.1395983],[27.3258197,48.1397966],[27.3258707,48.1399366],[27.3260114,48.1400809],[27.3262152,48.1402578],[27.326682,48.140593],[27.3267648,48.1407108],[27.3268758,48.1411057],[27.3271542,48.1413303],[27.3275141,48.1415616],[27.3277949,48.1419257],[27.3281222,48.1421871],[27.3285228,48.1424803],[27.3290158,48.1429829],[27.3303828,48.1423194],[27.3306871,48.142157],[27.330884,48.1423387],[27.3318766,48.1432575],[27.3334274,48.1447054],[27.3346245,48.1457843],[27.336946,48.1478941],[27.3373223,48.1481767],[27.3375771,48.1484387],[27.3378971,48.1487325],[27.3380925,48.1488279],[27.3382796,48.1489082],[27.3386175,48.1488515],[27.3390576,48.148659],[27.3394659,48.1484835],[27.3396749,48.1484324],[27.3400785,48.1484399],[27.3405118,48.1483067],[27.3409265,48.1480441],[27.3413016,48.1478232],[27.3416298,48.1476753],[27.3419107,48.1475977],[27.342119,48.1475153],[27.3424708,48.1473403],[27.3427746,48.1471818],[27.3430848,48.1469355],[27.3431946,48.1467618],[27.3432396,48.146575],[27.3433182,48.1464613],[27.343631,48.1463619],[27.3438975,48.1463761],[27.3440428,48.1463768],[27.3442826,48.1462546],[27.3445306,48.1461396],[27.3451536,48.1457955],[27.3457774,48.1454891],[27.3462101,48.1453296],[27.3464106,48.1452665],[27.3468504,48.1454897],[27.3476805,48.1458824],[27.3480058,48.1460202],[27.3482648,48.1460678],[27.3487729,48.1460585],[27.3481469,48.1466827],[27.3459361,48.1480031],[27.3439322,48.1491535],[27.3441301,48.1494066],[27.3448617,48.1505912],[27.3450363,48.151317],[27.3450541,48.1518501],[27.3449613,48.1520716],[27.3447796,48.1522885],[27.3447826,48.15245],[27.3446398,48.1525858],[27.3449441,48.1533034],[27.3451597,48.1536643],[27.3464611,48.1551139],[27.346651,48.1553495],[27.3464436,48.1554857],[27.3463563,48.1555618],[27.3463426,48.1556464],[27.3462837,48.1560094],[27.3463754,48.1561702],[27.346508,48.1563631],[27.3465107,48.1565085],[27.3464571,48.1566067],[27.3463861,48.1567572],[27.3462363,48.1569523],[27.3461584,48.1570412],[27.3464837,48.1571789],[27.3466527,48.1574555],[27.3471091,48.1583379],[27.3474506,48.1593118],[27.3478084,48.1604672],[27.3479762,48.1611487],[27.3483753,48.1631464],[27.3485629,48.1641122],[27.34888,48.1656056],[27.3490712,48.166503],[27.3492141,48.1672322],[27.3494642,48.1685137],[27.349706,48.1696958],[27.3499118,48.1706795],[27.350136,48.1719612],[27.350323,48.1729796],[27.3504168,48.1731517],[27.3508029,48.1747826],[27.3524461,48.1821707],[27.3517024,48.1825928],[27.3496663,48.1838921],[27.3481935,48.1848228],[27.3464913,48.1859721],[27.3461977,48.1862084],[27.3451071,48.186798],[27.3436746,48.187815],[27.3437228,48.1879083],[27.3446384,48.1885218],[27.3441495,48.1887256],[27.3432992,48.1890296],[27.342793,48.1891688],[27.3422868,48.1893079],[27.3419733,48.1893861],[27.3414025,48.1895258],[27.341356,48.1896288],[27.3414414,48.1898873],[27.3414697,48.1901085],[27.341353,48.1903524],[27.3412359,48.1905748],[27.341046,48.190787],[27.3408333,48.1910803],[27.3402891,48.1917922],[27.3400064,48.1922319],[27.3398519,48.1926166],[27.3398305,48.1927734],[27.3399404,48.1930425],[27.3404344,48.1940051],[27.3404226,48.1942482],[27.3405141,48.1943933],[27.3407407,48.1961897],[27.3400889,48.1976531],[27.3408926,48.1987644],[27.3416985,48.1999998],[27.3433163,48.201018],[27.3397771,48.202262],[27.3357145,48.1982612],[27.3338738,48.1978495],[27.3322827,48.197398],[27.3315449,48.197242],[27.3305067,48.1969966],[27.3300137,48.1969736],[27.3294513,48.1971348],[27.3290518,48.1973756],[27.3285893,48.1977033],[27.3273509,48.1984532],[27.3259861,48.1992494],[27.3234813,48.2007585],[27.3233176,48.2009859],[27.3232966,48.2011643],[27.3233465,48.2012449],[27.3244289,48.2021542],[27.3252475,48.2027633],[27.3254289,48.202967],[27.3243987,48.2036233],[27.3227436,48.2045708],[27.320594,48.2058679],[27.319635,48.206448],[27.3196694,48.2065665],[27.3197935,48.2067275],[27.3206525,48.2073363],[27.3189131,48.208549],[27.3173025,48.2097391],[27.3162727,48.2104332],[27.3153312,48.2110941],[27.3141798,48.2117621],[27.3130924,48.2124025],[27.3127755,48.2125361],[27.3116351,48.210848],[27.3112123,48.2102357],[27.3108607,48.2098762],[27.3093702,48.207637],[27.3059088,48.2093726],[27.3030716,48.2107593],[27.3023201,48.2112435],[27.30211,48.2112395],[27.298458,48.2096878],[27.2990707,48.2081067],[27.2998199,48.2074773],[27.3005305,48.2069611],[27.3023992,48.205635],[27.304834,48.2038528],[27.3016858,48.2024646],[27.2980088,48.200827],[27.2944537,48.1992207],[27.29047,48.1974575],[27.2799165,48.1925329],[27.2821343,48.1903006],[27.2827384,48.1896884],[27.2823096,48.1891208],[27.2828916,48.1881401],[27.282253,48.1850175],[27.2798175,48.1836508],[27.2774008,48.183484],[27.2757933,48.1834302],[27.2737015,48.1828684],[27.272774,48.1824117],[27.2716419,48.1822955],[27.2680221,48.186286],[27.2668856,48.187456],[27.2620844,48.1855502],[27.2598917,48.1847197],[27.2587775,48.1863039],[27.2571647,48.1885533],[27.2567776,48.1891102],[27.2558788,48.1904297],[27.2546837,48.1921269],[27.2533631,48.1939653],[27.2521861,48.1956951],[27.2512926,48.1969549],[27.2507396,48.1977658],[27.2496649,48.1993335],[27.2368961,48.1963434],[27.2367967,48.1961932],[27.2374874,48.1954831],[27.2383449,48.1945996],[27.2392104,48.1937214],[27.2436875,48.1886317],[27.2420466,48.1880444],[27.2402035,48.1874288],[27.2381899,48.186755],[27.2363427,48.1861285],[27.2346374,48.1855389],[27.233338,48.1850839],[27.2331062,48.1852228],[27.2327024,48.1854624],[27.2324331,48.1855314],[27.2296866,48.1866694],[27.2276535,48.1874984],[27.2259679,48.1876141],[27.2253286,48.1875292],[27.2249727,48.1874884],[27.2247486,48.1873605],[27.2246165,48.1874314],[27.2245127,48.1875048],[27.2244735,48.1875724],[27.2244834,48.1876827],[27.2245132,48.1877795],[27.2244947,48.1878793],[27.2244522,48.1879953],[27.2243808,48.1880766],[27.2243452,48.1881172],[27.2241861,48.1880186],[27.2240708,48.1878819],[27.2240031,48.1876911],[27.2240117,48.1874756],[27.2241003,48.1872165],[27.2241021,48.1870791],[27.2239372,48.1866277],[27.2236568,48.1860181],[27.2235561,48.185542],[27.2235655,48.1851272],[27.2236201,48.1847659],[27.2236768,48.1840391],[27.2237096,48.1838207],[27.2236903,48.1836296],[27.2236995,48.1834518],[27.223765,48.1832601],[27.223878,48.1830116],[27.2239443,48.1828685],[27.223999,48.1827631],[27.2240135,48.1826607],[27.2255418,48.1825621],[27.2255443,48.1824678],[27.2255427,48.1823709],[27.2255167,48.182266],[27.225479,48.1821801],[27.225425,48.1820888],[27.225339,48.182014],[27.2251683,48.1819423],[27.2250626,48.1818945],[27.2249726,48.1818197],[27.2248941,48.1817097],[27.2248325,48.1816455],[27.224641,48.1815417],[27.2245591,48.1814668],[27.2244717,48.1813534],[27.2243538,48.181258],[27.2243199,48.1811586],[27.2242938,48.1810456],[27.2243408,48.1809591],[27.2244484,48.1808696],[27.2247016,48.1808033],[27.2247856,48.1807584],[27.2248325,48.1806665],[27.2247543,48.1805741],[27.2245891,48.1805913],[27.2245041,48.1805783],[27.2244019,48.1804968],[27.2243764,48.1804216],[27.2244306,48.1802812],[27.2243392,48.1801202],[27.2244425,48.180049],[27.2245618,48.1799087],[27.2244877,48.179823],[27.2244457,48.1797209],[27.2245239,48.1795696],[27.2246903,48.1793746],[27.224673,48.1793047],[27.2245735,48.1791755],[27.2245798,48.1790359],[27.2244979,48.1789664],[27.2244237,48.1788753],[27.2244866,48.1787672],[27.2244693,48.1786973],[27.2244507,48.1786067]]]}},{"type":"Feature","properties":{"entity_id":"osm-r19038973","jurisdiction":"MD","display_name":"Cepeleuți","display_type":"commune","admin_level":8,"tier":"local","legal_registry":"CUATM","legal_id":"6216","legal_type":"commune","parent_catalog_id":"osm-r59000","osm_relation_id":19038973,"legal_identity_status":"reconciled","geometry_source":"OpenStreetMap","canonical_geometry_role":null,"geometry_scope":null,"geometry_precision":"master_coordinate_fidelity"},"geometry":{"type":"Polygon","coordinates":[[[27.2697418,48.3219022],[27.270549,48.3155014],[27.2701371,48.3133132],[27.2698195,48.3105756],[27.2699929,48.3102774],[27.270611,48.3096713],[27.2725898,48.3074154],[27.2738383,48.3058217],[27.2745972,48.3050494],[27.277961,48.3011974],[27.2792065,48.2974072],[27.2787493,48.2949188],[27.2780768,48.2922711],[27.2772934,48.2914043],[27.2889471,48.2927931],[27.2948365,48.2877455],[27.29832,48.2880101],[27.3039668,48.2884414],[27.3078157,48.2887453],[27.3109311,48.2890986],[27.3135126,48.2893792],[27.3152937,48.2895313],[27.3156256,48.2895852],[27.3192206,48.2899064],[27.3216712,48.2901143],[27.3245771,48.2903752],[27.3270345,48.290596],[27.327561,48.2906355],[27.3282168,48.2906483],[27.3381322,48.2915991],[27.3451154,48.2922673],[27.3464931,48.2924805],[27.3476932,48.2925968],[27.3485167,48.2926567],[27.3496888,48.2927721],[27.352198,48.2931543],[27.3526323,48.2932842],[27.3545184,48.2984217],[27.3461325,48.3008611],[27.3505989,48.3084262],[27.3552023,48.3075816],[27.3599142,48.3055839],[27.3606181,48.3049012],[27.3607944,48.302818],[27.3604847,48.3019384],[27.3607734,48.3009201],[27.3612599,48.3007929],[27.3651709,48.3011811],[27.3717009,48.3015603],[27.3722419,48.3017003],[27.3712324,48.3040609],[27.3720675,48.3056447],[27.3727303,48.3206263],[27.3733916,48.3210685],[27.3738219,48.3210646],[27.3740044,48.3209362],[27.374675,48.3216681],[27.3748442,48.3227029],[27.3747795,48.3227743],[27.3729441,48.3233876],[27.3728933,48.3235958],[27.3740219,48.324943],[27.3736652,48.3251248],[27.3710347,48.3259767],[27.3708684,48.3261109],[27.3708095,48.326262],[27.3709196,48.3269322],[27.3696985,48.3281339],[27.3699841,48.3284145],[27.3715244,48.3294015],[27.3735701,48.3301606],[27.3746447,48.3306454],[27.3759568,48.3315507],[27.3734092,48.3330398],[27.3689982,48.3357463],[27.3672926,48.3327662],[27.3661161,48.3313711],[27.3635305,48.3324497],[27.3611928,48.3334619],[27.3611959,48.3337285],[27.3614314,48.3343134],[27.3624653,48.3362651],[27.3624845,48.3365816],[27.3621154,48.3366657],[27.3601462,48.3371138],[27.3582473,48.3374708],[27.3545405,48.3378788],[27.3516479,48.3379647],[27.3511195,48.3380865],[27.3497137,48.3386479],[27.3482099,48.3393871],[27.3477552,48.3397608],[27.3465445,48.3404096],[27.3430205,48.3409813],[27.3424741,48.3412536],[27.3385706,48.342604],[27.3369584,48.3427807],[27.3339287,48.3439447],[27.3301596,48.3447678],[27.3286269,48.3453878],[27.3236915,48.3490443],[27.3234212,48.3491286],[27.3201812,48.3475232],[27.3188198,48.3468467],[27.3163236,48.3455525],[27.31608,48.3457631],[27.3140469,48.3449295],[27.3142107,48.3447932],[27.3113453,48.3435555],[27.3049592,48.3409412],[27.2998601,48.3387377],[27.2974377,48.3378309],[27.295882,48.3371552],[27.2913892,48.3352646],[27.2863392,48.3331237],[27.2838574,48.3320348],[27.2837345,48.3320211],[27.2836543,48.3319875],[27.2833959,48.3318556],[27.2833108,48.3319041],[27.2815173,48.3308807],[27.2804002,48.3299664],[27.2798533,48.3295522],[27.2782364,48.3283573],[27.275672,48.326433],[27.2749371,48.3258838],[27.2727745,48.3242348],[27.2715924,48.3233313],[27.2697418,48.3219022]]]}},{"type":"Feature","properties":{"entity_id":"osm-r19038974","jurisdiction":"MD","display_name":"Tîrnova","display_type":"independent_village","admin_level":8,"tier":"local","legal_registry":"CUATM","legal_id":"4147","legal_type":"independent_village","parent_catalog_id":"osm-r59000","osm_relation_id":19038974,"legal_identity_status":"reconciled","geometry_source":"OpenStreetMap","canonical_geometry_role":null,"geometry_scope":null,"geometry_precision":"master_coordinate_fidelity"},"geometry":{"type":"Polygon","coordinates":[[[27.1611172,48.2261781],[27.1610991,48.2261394],[27.1609867,48.2260259],[27.1608874,48.2257681],[27.1608849,48.2255802],[27.1608021,48.2254196],[27.1604745,48.2250389],[27.1601963,48.2245908],[27.1600995,48.2243563],[27.1601403,48.2241817],[27.1599873,48.2240417],[27.1595915,48.2238224],[27.1594379,48.2236421],[27.1590898,48.2232347],[27.1588447,48.2229877],[27.1584991,48.2227615],[27.158276,48.2226487],[27.1579299,48.2223822],[27.1577576,48.2223094],[27.1572213,48.2221245],[27.1568973,48.2220055],[27.1566224,48.2217856],[27.1563372,48.221559],[27.1558398,48.2212733],[27.1558079,48.2211526],[27.1556403,48.2206771],[27.1555745,48.2202881],[27.1554087,48.2199468],[27.1552538,48.2196658],[27.1550176,48.2193315],[27.1549354,48.2192179],[27.1546293,48.2189243],[27.1545058,48.2187304],[27.1543103,48.2184294],[27.1540871,48.2183099],[27.1534893,48.2180515],[27.1530117,48.2177388],[27.1527466,48.2174987],[27.1524373,48.2169769],[27.1522696,48.2163942],[27.1518461,48.2157251],[27.1513617,48.2150294],[27.1511038,48.2146481],[27.1505809,48.2140601],[27.15012,48.2135724],[27.1498821,48.2133271],[27.1496898,48.2131182],[27.1495045,48.2128641],[27.149275,48.2123617],[27.1490752,48.2119751],[27.1486644,48.2113242],[27.148273,48.210769],[27.1478702,48.2101333],[27.1473726,48.2092363],[27.1471209,48.2085997],[27.1468841,48.208272],[27.1465844,48.2079329],[27.1460941,48.206705],[27.1459541,48.2061282],[27.1455711,48.2049771],[27.1452571,48.2040705],[27.144992,48.2032258],[27.1447659,48.2029316],[27.1440245,48.2012501],[27.1437323,48.2005936],[27.1432723,48.199515],[27.1427511,48.198383],[27.1423435,48.1974317],[27.1417578,48.1961809],[27.1415004,48.1958197],[27.1410642,48.1949693],[27.1407933,48.1943798],[27.1402837,48.1933417],[27.1397737,48.1922701],[27.1392418,48.1910911],[27.138981,48.1905083],[27.1385016,48.1894634],[27.1382419,48.1889477],[27.1381391,48.1886577],[27.1381326,48.1883909],[27.1381338,48.1878268],[27.1380589,48.1869005],[27.1407818,48.1873448],[27.1585022,48.1851399],[27.1690188,48.1839532],[27.1736592,48.1833497],[27.1842641,48.1821718],[27.185975,48.1821239],[27.1865075,48.1821046],[27.1871607,48.1820576],[27.1888373,48.1818913],[27.1900144,48.1817926],[27.1909018,48.181755],[27.1921518,48.1816666],[27.1935003,48.18155],[27.1958535,48.1813095],[27.1974711,48.1811011],[27.1995907,48.1808781],[27.2021619,48.18062],[27.2054674,48.1803465],[27.208112,48.1801363],[27.2106673,48.179905],[27.2148666,48.179491],[27.2165358,48.1793729],[27.2176987,48.1794033],[27.2189956,48.1792282],[27.220833,48.1790335],[27.2241767,48.1786354],[27.2244507,48.1786067],[27.2244693,48.1786973],[27.2244866,48.1787672],[27.2244237,48.1788753],[27.2244979,48.1789664],[27.2245798,48.1790359],[27.2245735,48.1791755],[27.224673,48.1793047],[27.2246903,48.1793746],[27.2245239,48.1795696],[27.2244457,48.1797209],[27.2244877,48.179823],[27.2245618,48.1799087],[27.2244425,48.180049],[27.2243392,48.1801202],[27.2244306,48.1802812],[27.2243764,48.1804216],[27.2244019,48.1804968],[27.2245041,48.1805783],[27.2245891,48.1805913],[27.2247543,48.1805741],[27.2248325,48.1806665],[27.2247856,48.1807584],[27.2247016,48.1808033],[27.2244484,48.1808696],[27.2243408,48.1809591],[27.2242938,48.1810456],[27.2243199,48.1811586],[27.2243538,48.181258],[27.2244717,48.1813534],[27.2245591,48.1814668],[27.224641,48.1815417],[27.2248325,48.1816455],[27.2248941,48.1817097],[27.2249726,48.1818197],[27.2250626,48.1818945],[27.2251683,48.1819423],[27.225339,48.182014],[27.225425,48.1820888],[27.225479,48.1821801],[27.2255167,48.182266],[27.2255427,48.1823709],[27.2255443,48.1824678],[27.2255418,48.1825621],[27.2240135,48.1826607],[27.223999,48.1827631],[27.2239443,48.1828685],[27.223878,48.1830116],[27.223765,48.1832601],[27.2236995,48.1834518],[27.2236903,48.1836296],[27.2237096,48.1838207],[27.2236768,48.1840391],[27.2236201,48.1847659],[27.2235655,48.1851272],[27.2235561,48.185542],[27.2236568,48.1860181],[27.2239372,48.1866277],[27.2241021,48.1870791],[27.2241003,48.1872165],[27.2240117,48.1874756],[27.2240031,48.1876911],[27.2240708,48.1878819],[27.2241861,48.1880186],[27.2243452,48.1881172],[27.2244759,48.1882089],[27.2244671,48.1882862],[27.224403,48.1883672],[27.224314,48.1884651],[27.2243305,48.188549],[27.2243766,48.1885957],[27.2244988,48.1886822],[27.2245603,48.188749],[27.2246227,48.1888728],[27.2246631,48.1889288],[27.2246845,48.1890026],[27.2246932,48.1891846],[27.2247705,48.189295],[27.2248014,48.1893779],[27.2248632,48.1894648],[27.2249508,48.1895456],[27.2249683,48.1896933],[27.2250112,48.1898508],[27.2251793,48.1899773],[27.2253068,48.1900806],[27.2254395,48.1902334],[27.2255127,48.1904008],[27.2255048,48.190489],[27.2254355,48.1906028],[27.2252063,48.190699],[27.2251216,48.1907533],[27.2250666,48.19082],[27.2250778,48.1908871],[27.2251193,48.1909674],[27.225296,48.1909536],[27.2254011,48.1909589],[27.2255187,48.1910295],[27.225565,48.1911324],[27.2256285,48.1912772],[27.2256453,48.1913846],[27.2256065,48.1914688],[27.2255181,48.191607],[27.2255289,48.1916506],[27.2257112,48.1917199],[27.2258488,48.1918198],[27.2259563,48.1919332],[27.2257874,48.1920686],[27.2258944,48.1921452],[27.2259459,48.1922187],[27.2261751,48.1923818],[27.2264339,48.1925111],[27.2267388,48.1926871],[27.2267413,48.1928844],[27.2266924,48.192972],[27.2266039,48.1931001],[27.2266164,48.1932478],[27.2265983,48.1933688],[27.2266025,48.1936239],[27.2267866,48.1937545],[27.2271923,48.1939433],[27.2273759,48.1940849],[27.2275611,48.1943322],[27.22732,48.1943622],[27.2269427,48.1946802],[27.2264912,48.1953815],[27.2261854,48.1957662],[27.2258217,48.1963485],[27.2244855,48.1983581],[27.2219878,48.2019934],[27.2196788,48.2054998],[27.2183117,48.2074532],[27.2172091,48.2089979],[27.216394,48.2102722],[27.2155116,48.2117483],[27.2139252,48.213907],[27.2123551,48.2164551],[27.2104729,48.2191372],[27.2103292,48.2195256],[27.2096777,48.2204841],[27.2092679,48.2211707],[27.2064573,48.221141],[27.1997256,48.221084],[27.1954957,48.221101],[27.1933306,48.2211265],[27.191099,48.2212479],[27.1859573,48.2217713],[27.1839262,48.2219851],[27.1830625,48.2221648],[27.1748238,48.2229183],[27.1735966,48.2230329],[27.1705052,48.2238162],[27.1683161,48.2243521],[27.1655211,48.2251205],[27.161256,48.2261032],[27.1611172,48.2261781]]]}},{"type":"Feature","properties":{"entity_id":"osm-r19038975","jurisdiction":"MD","display_name":"Gordinești","display_type":"independent_village","admin_level":8,"tier":"local","legal_registry":"CUATM","legal_id":"4130","legal_type":"independent_village","parent_catalog_id":"osm-r59000","osm_relation_id":19038975,"legal_identity_status":"reconciled","geometry_source":"OpenStreetMap","canonical_geometry_role":null,"geometry_scope":null,"geometry_precision":"master_coordinate_fidelity"},"geometry":{"type":"Polygon","coordinates":[[[27.2244507,48.1786067],[27.2241767,48.1786354],[27.220833,48.1790335],[27.2189956,48.1792282],[27.2176987,48.1794033],[27.2165358,48.1793729],[27.2148666,48.179491],[27.2106673,48.179905],[27.208112,48.1801363],[27.2054674,48.1803465],[27.2021619,48.18062],[27.1995907,48.1808781],[27.1974711,48.1811011],[27.1958535,48.1813095],[27.1935003,48.18155],[27.1921518,48.1816666],[27.1909018,48.181755],[27.1900144,48.1817926],[27.1888373,48.1818913],[27.1871607,48.1820576],[27.1865075,48.1821046],[27.185975,48.1821239],[27.1842641,48.1821718],[27.1736592,48.1833497],[27.1690188,48.1839532],[27.1585022,48.1851399],[27.1407818,48.1873448],[27.1419253,48.1865456],[27.1425711,48.1860302],[27.1427158,48.1854799],[27.1428821,48.1847572],[27.1430009,48.1835876],[27.1429935,48.1831189],[27.1430942,48.182849],[27.1432582,48.1814691],[27.1433467,48.1809353],[27.1435482,48.1804062],[27.1437648,48.1798071],[27.144076,48.1790619],[27.1443562,48.1784031],[27.144791,48.1773072],[27.1449103,48.176687],[27.1451852,48.1751825],[27.1452931,48.1747572],[27.1453773,48.1744415],[27.1454696,48.1738455],[27.1428442,48.1742631],[27.1414507,48.1744737],[27.1417555,48.1717993],[27.1418987,48.1702494],[27.1420674,48.1685053],[27.1421907,48.1672518],[27.1423128,48.1661977],[27.1423901,48.1653998],[27.142524,48.1640438],[27.1425945,48.1630574],[27.1424388,48.1626111],[27.1413929,48.1603006],[27.1393104,48.1557497],[27.1391084,48.1545952],[27.1397949,48.1518242],[27.1403664,48.1500318],[27.1408572,48.1485282],[27.1412615,48.1471868],[27.1418339,48.14575],[27.1424277,48.144402],[27.1431157,48.1428756],[27.1435352,48.141755],[27.1443093,48.1397728],[27.1449282,48.1387749],[27.1453646,48.1385486],[27.1464199,48.138173],[27.1473837,48.1378868],[27.1478536,48.1377492],[27.1481442,48.1376102],[27.151317,48.1382315],[27.1548555,48.1388802],[27.155705,48.13905],[27.156194,48.1391143],[27.1567839,48.1400131],[27.1573242,48.1396803],[27.158036,48.1393088],[27.1588658,48.1389669],[27.1597566,48.1386487],[27.1602984,48.1384675],[27.1611255,48.1382171],[27.1625686,48.1378901],[27.1637783,48.1375942],[27.1648186,48.1373047],[27.165075,48.1371899],[27.1652831,48.137027],[27.1655918,48.1366856],[27.1659248,48.1362928],[27.1662659,48.1359054],[27.1665394,48.1355803],[27.1668653,48.1352604],[27.1672441,48.1349697],[27.1676789,48.1346463],[27.1678819,48.1344618],[27.1679928,48.1343186],[27.1706258,48.1356118],[27.1710177,48.1358514],[27.1748651,48.1368858],[27.1781781,48.1377594],[27.1825346,48.1391059],[27.1859156,48.1401294],[27.1868386,48.1403921],[27.1935993,48.1423508],[27.1979418,48.1435967],[27.2002428,48.1442319],[27.2018037,48.1447156],[27.2098425,48.1470483],[27.2157843,48.1488355],[27.2167079,48.1491153],[27.2174092,48.1492581],[27.2178881,48.1492467],[27.2182152,48.1494695],[27.2238601,48.1511217],[27.2293101,48.1527057],[27.2301027,48.1530043],[27.2312132,48.1533289],[27.2335315,48.1539937],[27.2373783,48.1551179],[27.2380961,48.1553506],[27.2412538,48.1562661],[27.2458791,48.1576115],[27.2458567,48.1577221],[27.245859,48.1578621],[27.245951,48.1580663],[27.2460801,48.1583106],[27.2462647,48.1587431],[27.2462741,48.1588292],[27.2462111,48.1589239],[27.2460317,48.159057],[27.245872,48.159163],[27.2457494,48.1593146],[27.2456906,48.1594173],[27.2457561,48.159724],[27.2457663,48.1598559],[27.2457162,48.1600044],[27.2456113,48.1601275],[27.2454617,48.1602295],[27.2453373,48.1602761],[27.245237,48.160309],[27.2451811,48.1603444],[27.2451341,48.1604335],[27.2451494,48.1604753],[27.2453318,48.1606801],[27.2453106,48.1608688],[27.245268,48.1609741],[27.2451173,48.1611393],[27.2450704,48.1612312],[27.2450408,48.1613984],[27.2450154,48.1615709],[27.2449801,48.1616358],[27.2447533,48.1618338],[27.2446701,48.1619286],[27.2446475,48.162023],[27.2446262,48.1622036],[27.2446333,48.1623921],[27.244856,48.1626898],[27.2449202,48.1629183],[27.2449914,48.1630768],[27.2451104,48.1631973],[27.245249,48.1632853],[27.2457886,48.163713],[27.2458265,48.1638097],[27.2457917,48.1639042],[27.2458021,48.1640496],[27.2458237,48.1641383],[27.2458366,48.1644346],[27.2457936,48.1645183],[27.2457419,48.1645617],[27.2456544,48.1646458],[27.2457619,48.1648013],[27.2459886,48.1650963],[27.2464211,48.1656377],[27.2466233,48.1659139],[27.2468026,48.1662656],[27.2469488,48.1665691],[27.2470293,48.1668057],[27.2470365,48.1670023],[27.2469351,48.1672157],[27.2468126,48.1673753],[27.2468341,48.1674587],[27.246961,48.1675711],[27.247036,48.1677134],[27.2465711,48.1681633],[27.2464592,48.168226],[27.2463547,48.1682563],[27.2461086,48.1682578],[27.2448683,48.167926],[27.2427811,48.1673704],[27.2404546,48.1667435],[27.2383999,48.1661984],[27.2352835,48.1653742],[27.2324911,48.1646234],[27.2305906,48.164123],[27.2277337,48.163359],[27.2235527,48.1622297],[27.2214607,48.1616698],[27.2207722,48.1615096],[27.2194532,48.1612967],[27.2194897,48.1615442],[27.219579,48.1618371],[27.2197315,48.1622995],[27.2197256,48.1626928],[27.2196947,48.1627819],[27.2196639,48.1628764],[27.2196934,48.162957],[27.2197751,48.1630211],[27.2198926,48.1630474],[27.220046,48.1630546],[27.220131,48.1630729],[27.2201532,48.1631967],[27.2200715,48.1634584],[27.2199657,48.1638792],[27.2199483,48.1640221],[27.2199591,48.1641971],[27.2200386,48.1643771],[27.2200528,48.164509],[27.2199853,48.1648354],[27.2186452,48.1648109],[27.218695,48.1650723],[27.2190048,48.1653556],[27.219393,48.1656631],[27.2193746,48.1657736],[27.2192729,48.1659816],[27.2191864,48.1661249],[27.2191427,48.1664268],[27.2191686,48.1667876],[27.2192618,48.1670512],[27.2193233,48.1673847],[27.2192372,48.1675576],[27.2191539,48.1676496],[27.2190259,48.1677231],[27.2188734,48.1677752],[27.2187286,48.167803],[27.2184836,48.1678825],[27.2184158,48.1679314],[27.2184044,48.1679746],[27.2184294,48.1680256],[27.2185677,48.1680948],[27.2188073,48.1681904],[27.2189785,48.1683025],[27.2190332,48.1684396],[27.2191068,48.1687597],[27.2191519,48.1690638],[27.2192235,48.1692492],[27.2193707,48.1693722],[27.2196641,48.1695537],[27.219746,48.1696286],[27.219824,48.1697143],[27.2199685,48.1699236],[27.2201842,48.1700354],[27.2204991,48.1703002],[27.2207409,48.1705331],[27.221008,48.1708359],[27.2211405,48.1710872],[27.2212519,48.1713565],[27.2213015,48.1713991],[27.221391,48.1716368],[27.2214735,48.1718405],[27.2215403,48.172088],[27.2216915,48.1724669],[27.2217471,48.1725257],[27.222936,48.1730709],[27.2230577,48.1731663],[27.2232053,48.1732552],[27.223737,48.1735278],[27.223726,48.1735901],[27.2238259,48.1736887],[27.2239005,48.1736204],[27.2242229,48.1738013],[27.2241966,48.1739254],[27.2242101,48.1740088],[27.2242326,48.1741568],[27.2243257,48.1746869],[27.2243237,48.1748005],[27.2243379,48.1749297],[27.2243831,48.1749779],[27.2244766,48.175015],[27.2245941,48.1750439],[27.2246992,48.1750567],[27.2248121,48.1750506],[27.2248574,48.1751015],[27.2248828,48.1751767],[27.2248194,48.1752472],[27.2246993,48.1753072],[27.2245753,48.1753726],[27.2245525,48.1754616],[27.2245696,48.1755208],[27.224761,48.1756219],[27.2249431,48.1756504],[27.2251819,48.175692],[27.2252754,48.1757318],[27.2253696,48.17582],[27.2254281,48.1759409],[27.2254746,48.1760672],[27.225493,48.1762017],[27.2254867,48.1763122],[27.2254071,48.1763827],[27.2253273,48.1764344],[27.2251824,48.1764622],[27.2250016,48.1765146],[27.2249219,48.1765743],[27.2249739,48.1767921],[27.2249311,48.1768921],[27.2247758,48.1770196],[27.2245195,48.1771425],[27.2244234,48.1771888],[27.224429,48.1772831],[27.2245421,48.1772904],[27.2247005,48.1772415],[27.2248238,48.1772402],[27.2248972,48.1772842],[27.2249072,48.1774013],[27.2249404,48.1774563],[27.2252565,48.1775351],[27.2253302,48.1775992],[27.225332,48.1777069],[27.2251961,48.1777886],[27.224899,48.1778874],[27.2246105,48.1780132],[27.2245311,48.1780945],[27.2245564,48.1781589],[27.2247369,48.1783356],[27.2247303,48.1784272],[27.2245861,48.1784927],[27.224432,48.1785146],[27.2244507,48.1786067]]]}},{"type":"Feature","properties":{"entity_id":"osm-r19038976","jurisdiction":"MD","display_name":"Burlănești","display_type":"commune","admin_level":8,"tier":"local","legal_registry":"CUATM","legal_id":"4120","legal_type":"commune","parent_catalog_id":"osm-r59000","osm_relation_id":19038976,"legal_identity_status":"reconciled","geometry_source":"OpenStreetMap","canonical_geometry_role":null,"geometry_scope":null,"geometry_precision":"master_coordinate_fidelity"},"geometry":{"type":"Polygon","coordinates":[[[27.0922498,48.1288468],[27.0923504,48.1281853],[27.0924186,48.1267244],[27.0925309,48.1241051],[27.0926354,48.1228576],[27.0927879,48.1198522],[27.0929764,48.1159071],[27.0930567,48.1146731],[27.0931007,48.1133148],[27.0931659,48.11131],[27.0940363,48.100132],[27.0982118,48.1015094],[27.1035607,48.0946519],[27.1062603,48.0954925],[27.1088343,48.0961645],[27.1097717,48.0960193],[27.1124706,48.0962427],[27.113266,48.0961094],[27.1142173,48.0956334],[27.1147703,48.0941485],[27.1165182,48.0924461],[27.1169775,48.092338],[27.1169048,48.0921652],[27.1167919,48.09196],[27.1165016,48.09169],[27.1164289,48.091501],[27.1169276,48.0899705],[27.1170242,48.089706],[27.1172014,48.0895548],[27.1175236,48.0894198],[27.1181843,48.0892254],[27.1186597,48.0891066],[27.1194654,48.0889391],[27.1200052,48.0887825],[27.1204967,48.0886691],[27.1211171,48.0885718],[27.1217698,48.0885285],[27.1219551,48.0884421],[27.1221403,48.0883125],[27.1223416,48.0880102],[27.1223333,48.0877349],[27.1223009,48.0874435],[27.122212,48.0870926],[27.1221313,48.086812],[27.1220343,48.0864989],[27.1218891,48.0862128],[27.1217791,48.0860418],[27.1216149,48.085916],[27.1213651,48.0858135],[27.121228,48.0856678],[27.1210426,48.0855383],[27.1207762,48.0853873],[27.1207121,48.0852954],[27.1206556,48.0851389],[27.1208083,48.0846369],[27.1210093,48.0839027],[27.1211781,48.0833521],[27.1212505,48.0830552],[27.1212525,48.0828419],[27.1240573,48.0839998],[27.1245678,48.0842123],[27.125505,48.0845809],[27.1269268,48.085201],[27.1306431,48.0868053],[27.1335624,48.0880486],[27.13534,48.0887806],[27.1376543,48.0897291],[27.1389104,48.0902522],[27.141716,48.091388],[27.1433646,48.0920549],[27.1452008,48.0927651],[27.1461771,48.0931937],[27.1481426,48.0940208],[27.1498172,48.0947006],[27.1514451,48.0924922],[27.1522081,48.0914789],[27.1523975,48.09118],[27.1538763,48.0918339],[27.1549967,48.092306],[27.1557403,48.0926134],[27.1581779,48.0926522],[27.158359,48.092795],[27.1586305,48.0929119],[27.1589197,48.0929767],[27.1593159,48.0930504],[27.1597621,48.0931283],[27.1602388,48.0931411],[27.1605039,48.0931628],[27.1607255,48.0932062],[27.1608918,48.0932623],[27.1613057,48.0934311],[27.1617278,48.0935828],[27.1619652,48.0936476],[27.1622368,48.0937558],[27.1624373,48.093864],[27.162599,48.0940458],[27.1626507,48.0941931],[27.1626507,48.0943533],[27.1626184,48.0944962],[27.1625344,48.0946694],[27.1624439,48.0948339],[27.1623792,48.0949552],[27.162334,48.0951847],[27.1623082,48.0954055],[27.1622694,48.095609],[27.1621595,48.0957995],[27.1620043,48.0960637],[27.1618556,48.0963235],[27.161778,48.0965617],[27.1617328,48.0967955],[27.1617781,48.0971852],[27.1617976,48.0975619],[27.1617523,48.0977827],[27.1616036,48.0980165],[27.161332,48.0982461],[27.1610928,48.0984972],[27.1609505,48.0987787],[27.1608148,48.0990601],[27.1607631,48.0993503],[27.1608425,48.0996578],[27.1610107,48.0999825],[27.1611964,48.1002119],[27.1613793,48.1004675],[27.1616122,48.1007056],[27.1618432,48.1008743],[27.1624012,48.1011601],[27.1628521,48.1013851],[27.1632983,48.1015886],[27.1639986,48.1018744],[27.1648505,48.1021989],[27.1654585,48.1024023],[27.1656654,48.1024802],[27.166047,48.102662],[27.1665451,48.1028481],[27.1669396,48.1029477],[27.1673747,48.1030473],[27.1676334,48.1031036],[27.167858,48.103151],[27.1680585,48.1032333],[27.1682008,48.1033242],[27.1682525,48.1034324],[27.168235,48.1035798],[27.1681315,48.1036794],[27.1679163,48.1038352],[27.1676641,48.1040041],[27.167569,48.1041125],[27.1675108,48.1042164],[27.167472,48.1043333],[27.1674508,48.1044804],[27.1674832,48.1046882],[27.1675803,48.1048657],[27.1676902,48.1049653],[27.1682206,48.1051168],[27.1685763,48.1052812],[27.1690315,48.105691],[27.1692903,48.1060027],[27.1694068,48.1063058],[27.169368,48.1065656],[27.1690319,48.1072497],[27.169032,48.1075788],[27.1691485,48.1080464],[27.1693426,48.1083755],[27.1693644,48.1087273],[27.1689936,48.1092329],[27.1688772,48.1095706],[27.1688902,48.1097785],[27.1690455,48.1101162],[27.1693548,48.1110344],[27.1693951,48.1114151],[27.169434,48.1116489],[27.1695893,48.1117528],[27.1698739,48.1118653],[27.1700162,48.1119952],[27.170081,48.112255],[27.1705598,48.1128698],[27.1707798,48.1131988],[27.170974,48.1135365],[27.1712199,48.1137876],[27.1714528,48.1139521],[27.1719962,48.1142031],[27.1726691,48.114584],[27.1732514,48.1150515],[27.1737303,48.1156923],[27.1739245,48.1161512],[27.1740961,48.1166414],[27.1740413,48.1170258],[27.174119,48.1174675],[27.1743649,48.1177012],[27.175025,48.1181687],[27.1754391,48.118593],[27.1754392,48.1188354],[27.1751417,48.1190433],[27.1748831,48.1193638],[27.1746114,48.1196064],[27.1741716,48.1198056],[27.1737446,48.119875],[27.1733047,48.1198578],[27.1729942,48.1198145],[27.1726836,48.1197453],[27.1722437,48.1196848],[27.171752,48.1197109],[27.1714286,48.1198581],[27.1709241,48.1204471],[27.170756,48.1208195],[27.1706914,48.1211573],[27.1706527,48.1214777],[27.1706917,48.1220146],[27.1708471,48.1225861],[27.1708862,48.123556],[27.1707958,48.1242835],[27.170563,48.1248204],[27.1702397,48.1255739],[27.1698646,48.1262494],[27.1695542,48.1267171],[27.1691273,48.1274273],[27.1687392,48.1278604],[27.168351,48.1281202],[27.1677244,48.128441],[27.1669018,48.1287266],[27.1658705,48.1290926],[27.1649721,48.1295998],[27.1646154,48.1299825],[27.1644303,48.1303897],[27.164301,48.1307361],[27.1641845,48.1309093],[27.1641457,48.1310912],[27.1642493,48.1315242],[27.1642493,48.1316281],[27.1641976,48.1318013],[27.1639905,48.1320178],[27.1633953,48.1327193],[27.1631337,48.1331175],[27.1633697,48.1333235],[27.1637733,48.1334852],[27.1645375,48.1335236],[27.1651591,48.1335456],[27.1663486,48.1334603],[27.167101,48.1335289],[27.1675554,48.1336774],[27.1679094,48.133869],[27.168024,48.1339841],[27.1680825,48.1341184],[27.1680635,48.134202],[27.1679928,48.1343186],[27.1678819,48.1344618],[27.1676789,48.1346463],[27.1672441,48.1349697],[27.1668653,48.1352604],[27.1665394,48.1355803],[27.1662659,48.1359054],[27.1659248,48.1362928],[27.1655918,48.1366856],[27.1652831,48.137027],[27.165075,48.1371899],[27.1648186,48.1373047],[27.1637783,48.1375942],[27.1625686,48.1378901],[27.1611255,48.1382171],[27.1602984,48.1384675],[27.1597566,48.1386487],[27.1588658,48.1389669],[27.158036,48.1393088],[27.1573242,48.1396803],[27.1567839,48.1400131],[27.156194,48.1391143],[27.155705,48.13905],[27.1548555,48.1388802],[27.151317,48.1382315],[27.1481442,48.1376102],[27.1478536,48.1377492],[27.1473837,48.1378868],[27.1464199,48.138173],[27.1453646,48.1385486],[27.1449282,48.1387749],[27.1443093,48.1397728],[27.1435352,48.141755],[27.1431157,48.1428756],[27.1316222,48.14308],[27.1308365,48.1428189],[27.1296964,48.1426263],[27.1274286,48.1421177],[27.1228497,48.1424993],[27.1196674,48.140976],[27.1172279,48.1393588],[27.1162313,48.1370816],[27.1103848,48.1365433],[27.1085639,48.1354005],[27.1054293,48.1346617],[27.1029186,48.1341523],[27.1013017,48.1338359],[27.09807,48.1333867],[27.0974998,48.1332468],[27.0971378,48.1332018],[27.0967354,48.1322427],[27.0972539,48.1314408],[27.0968785,48.1281504],[27.0968462,48.1278696],[27.0922498,48.1288468]]]}},{"type":"Feature","properties":{"entity_id":"osm-r19038977","jurisdiction":"MD","display_name":"Brînzeni","display_type":"independent_village","admin_level":8,"tier":"local","legal_registry":"CUATM","legal_id":"4116","legal_type":"independent_village","parent_catalog_id":"osm-r59000","osm_relation_id":19038977,"legal_identity_status":"reconciled","geometry_source":"OpenStreetMap","canonical_geometry_role":null,"geometry_scope":null,"geometry_precision":"master_coordinate_fidelity"},"geometry":{"type":"Polygon","coordinates":[[[27.1226998,48.0634403],[27.1240118,48.0653919],[27.1401144,48.0554569],[27.1412196,48.0561657],[27.1422673,48.053895],[27.1406653,48.0530887],[27.1411436,48.0526468],[27.1408856,48.051676],[27.1408081,48.051572],[27.1411119,48.051247],[27.1402658,48.0507572],[27.1393417,48.0512121],[27.1390123,48.050887],[27.13951,48.0505447],[27.1399042,48.0502761],[27.1401368,48.0501548],[27.1403372,48.0498038],[27.141546,48.0482079],[27.1437337,48.0490207],[27.1437042,48.0488883],[27.1436916,48.0487981],[27.1437548,48.0487051],[27.1439445,48.0482119],[27.1443113,48.0477328],[27.1445345,48.047538],[27.1447118,48.0473833],[27.1447422,48.0473531],[27.1448846,48.0472114],[27.145146,48.0470479],[27.1460946,48.0464391],[27.1462463,48.0463743],[27.1463011,48.0462165],[27.1464571,48.0459967],[27.1466468,48.0457515],[27.1466721,48.0456134],[27.1468492,48.0455316],[27.1467691,48.0454161],[27.1467101,48.0452582],[27.1467269,48.0449256],[27.1466342,48.0448242],[27.1466005,48.0446297],[27.1464993,48.044455],[27.1465667,48.044314],[27.1464192,48.0442379],[27.1463054,48.0440604],[27.1461662,48.0437813],[27.1459807,48.0435558],[27.1459049,48.0430485],[27.1458543,48.042451],[27.1456393,48.0422339],[27.1457362,48.0419859],[27.1456308,48.0418731],[27.1456688,48.0413799],[27.1454706,48.040523],[27.145576,48.0399649],[27.1456538,48.0398232],[27.1459195,48.0398805],[27.1473357,48.0408219],[27.1480134,48.0413352],[27.1487179,48.0416104],[27.1495447,48.0420177],[27.1502552,48.0423643],[27.1506814,48.0430575],[27.1508752,48.0433781],[27.1508622,48.043742],[27.1507847,48.0441318],[27.1506296,48.0443484],[27.1503453,48.0447383],[27.1498801,48.0451888],[27.1485751,48.0461158],[27.1481098,48.0469995],[27.1482122,48.047586],[27.148884,48.0479324],[27.1491562,48.0480046],[27.1493758,48.0481086],[27.149421,48.0482039],[27.1492853,48.0483122],[27.1486643,48.048569],[27.1481862,48.0486252],[27.14765,48.0487725],[27.1473915,48.0489067],[27.1472502,48.0490659],[27.1492141,48.0498371],[27.1516043,48.0506779],[27.1530514,48.051172],[27.1553513,48.0519781],[27.157774,48.0528578],[27.1595055,48.0534688],[27.1628652,48.0546691],[27.1650039,48.0554577],[27.1683316,48.0567358],[27.1705738,48.057624],[27.1718468,48.0581568],[27.1743089,48.0591532],[27.1789426,48.0610029],[27.1830735,48.0625626],[27.1849092,48.0632548],[27.1858995,48.0636236],[27.1896632,48.0650284],[27.190936,48.0654967],[27.1933583,48.0661157],[27.1938952,48.0665633],[27.1942957,48.066845],[27.1947157,48.0670401],[27.1962922,48.0677597],[27.1970223,48.0680934],[27.1987023,48.0687697],[27.2003371,48.0693852],[27.2020172,48.0700138],[27.2035293,48.0706076],[27.2057007,48.0714484],[27.2088027,48.0726316],[27.2102389,48.0732117],[27.2109741,48.0734941],[27.2106509,48.0737627],[27.2100755,48.0742392],[27.209597,48.0746292],[27.2093319,48.0748458],[27.2086013,48.075435],[27.2082328,48.0757253],[27.2078513,48.0760242],[27.2073535,48.0764401],[27.207069,48.076674],[27.2068167,48.077038],[27.2067655,48.0771841],[27.2085747,48.0778051],[27.2096541,48.0781648],[27.2132414,48.0794216],[27.2130733,48.0795819],[27.2130215,48.0796772],[27.2129698,48.0798072],[27.2128534,48.0799588],[27.2126788,48.0801885],[27.2123748,48.0806131],[27.2121226,48.0809987],[27.2119739,48.0812023],[27.2119739,48.0812717],[27.2120317,48.0813468],[27.2121934,48.081403],[27.2128982,48.0815793],[27.2134218,48.081757],[27.2140747,48.0819824],[27.2144043,48.0821644],[27.2145077,48.0822944],[27.2146499,48.0826453],[27.2147274,48.0830266],[27.2148308,48.0832043],[27.2151281,48.0833863],[27.2155289,48.0835856],[27.2158874,48.0837131],[27.2164404,48.0838716],[27.2171386,48.0839973],[27.2193172,48.0844046],[27.220291,48.0845592],[27.221095,48.0847079],[27.2211596,48.0848725],[27.2212178,48.0851628],[27.2212566,48.0855008],[27.2213923,48.0861204],[27.2215086,48.0866707],[27.221626,48.0871],[27.2214345,48.0871566],[27.2210595,48.0872433],[27.2200638,48.0875033],[27.21877,48.0878519],[27.2179624,48.0882009],[27.2179618,48.0883329],[27.2172893,48.0888702],[27.2169084,48.0889721],[27.2162612,48.0891388],[27.2153366,48.0891821],[27.2149228,48.0891734],[27.213591,48.088792],[27.2121558,48.088389],[27.2112701,48.088181],[27.2101775,48.0880422],[27.2090719,48.0880855],[27.2081602,48.0882414],[27.2057355,48.0885704],[27.2028649,48.0886133],[27.2024186,48.0888776],[27.2022181,48.0889859],[27.2018625,48.0890378],[27.2010478,48.089211],[27.2003041,48.0895012],[27.1998966,48.0897784],[27.1995473,48.090125],[27.1993274,48.0902679],[27.1989975,48.0904195],[27.1987647,48.0904758],[27.1981763,48.090597],[27.197937,48.0908136],[27.1977623,48.0909739],[27.1976458,48.0911732],[27.1973547,48.0914591],[27.1970765,48.0918967],[27.1967402,48.0922389],[27.1964491,48.0924945],[27.1961645,48.0927935],[27.1958153,48.0931054],[27.1947287,48.0938678],[27.1938879,48.0944353],[27.1936098,48.0947645],[27.1932669,48.0950938],[27.1926072,48.0955443],[27.1919927,48.0962114],[27.1912868,48.0969025],[27.1910612,48.0970518],[27.1906861,48.0971037],[27.1902334,48.0971166],[27.1897872,48.0970992],[27.1889919,48.0969777],[27.1884488,48.0968648],[27.1880802,48.0967998],[27.1876146,48.0968386],[27.1866058,48.0969597],[27.1858747,48.0971546],[27.1855384,48.0972283],[27.1849953,48.0972761],[27.1847237,48.0972676],[27.1843874,48.0972114],[27.184064,48.0970989],[27.1837665,48.0969301],[27.1835918,48.0968133],[27.1828868,48.0965147],[27.1824017,48.0963286],[27.1817614,48.096069],[27.1812764,48.095896],[27.1810241,48.0958398],[27.1805973,48.0957489],[27.17997,48.0956279],[27.1793751,48.0955328],[27.1775585,48.0967326],[27.177662,48.0967586],[27.1779272,48.0968971],[27.1781471,48.0970529],[27.1784317,48.0971784],[27.1787098,48.0972952],[27.1789556,48.0973774],[27.1792854,48.097477],[27.1798222,48.0975894],[27.1804107,48.0976542],[27.1809863,48.0978835],[27.1813291,48.098009],[27.181853,48.0982297],[27.1823058,48.0983897],[27.1829396,48.0986753],[27.1829593,48.0991213],[27.1829271,48.0994894],[27.1826103,48.099641],[27.1818861,48.0997495],[27.1810196,48.0998493],[27.1799979,48.0998929],[27.1793771,48.0999277],[27.1785493,48.099863],[27.1783229,48.099876],[27.1779479,48.0999237],[27.1776634,48.1000753],[27.1772625,48.1003136],[27.1768681,48.1004003],[27.1758852,48.1005824],[27.1752516,48.1010458],[27.174521,48.1016479],[27.1741073,48.1020247],[27.173784,48.1022889],[27.1735448,48.1025877],[27.1731634,48.1029558],[27.1716437,48.1034151],[27.1705574,48.1040042],[27.1701823,48.1042121],[27.1697144,48.1043631],[27.1690935,48.1044844],[27.1676902,48.1049653],[27.1675803,48.1048657],[27.1674832,48.1046882],[27.1674508,48.1044804],[27.167472,48.1043333],[27.1675108,48.1042164],[27.167569,48.1041125],[27.1676641,48.1040041],[27.1679163,48.1038352],[27.1681315,48.1036794],[27.168235,48.1035798],[27.1682525,48.1034324],[27.1682008,48.1033242],[27.1680585,48.1032333],[27.167858,48.103151],[27.1676334,48.1031036],[27.1673747,48.1030473],[27.1669396,48.1029477],[27.1665451,48.1028481],[27.166047,48.102662],[27.1656654,48.1024802],[27.1654585,48.1024023],[27.1648505,48.1021989],[27.1639986,48.1018744],[27.1632983,48.1015886],[27.1628521,48.1013851],[27.1624012,48.1011601],[27.1618432,48.1008743],[27.1616122,48.1007056],[27.1613793,48.1004675],[27.1611964,48.1002119],[27.1610107,48.0999825],[27.1608425,48.0996578],[27.1607631,48.0993503],[27.1608148,48.0990601],[27.1609505,48.0987787],[27.1610928,48.0984972],[27.161332,48.0982461],[27.1616036,48.0980165],[27.1617523,48.0977827],[27.1617976,48.0975619],[27.1617781,48.0971852],[27.1617328,48.0967955],[27.161778,48.0965617],[27.1618556,48.0963235],[27.1620043,48.0960637],[27.1621595,48.0957995],[27.1622694,48.095609],[27.1623082,48.0954055],[27.162334,48.0951847],[27.1623792,48.0949552],[27.1624439,48.0948339],[27.1625344,48.0946694],[27.1626184,48.0944962],[27.1626507,48.0943533],[27.1626507,48.0941931],[27.162599,48.0940458],[27.1624373,48.093864],[27.1622368,48.0937558],[27.1619652,48.0936476],[27.1617278,48.0935828],[27.1613057,48.0934311],[27.1608918,48.0932623],[27.1607255,48.0932062],[27.1605039,48.0931628],[27.1602388,48.0931411],[27.1597621,48.0931283],[27.1593159,48.0930504],[27.1589197,48.0929767],[27.1586305,48.0929119],[27.158359,48.092795],[27.1581779,48.0926522],[27.1557403,48.0926134],[27.1549967,48.092306],[27.1538763,48.0918339],[27.1523975,48.09118],[27.1522081,48.0914789],[27.1514451,48.0924922],[27.1498172,48.0947006],[27.1481426,48.0940208],[27.1461771,48.0931937],[27.1452008,48.0927651],[27.1433646,48.0920549],[27.141716,48.091388],[27.1389104,48.0902522],[27.1376543,48.0897291],[27.13534,48.0887806],[27.1335624,48.0880486],[27.1306431,48.0868053],[27.1269268,48.085201],[27.125505,48.0845809],[27.1245678,48.0842123],[27.1240573,48.0839998],[27.1212525,48.0828419],[27.1212707,48.082666],[27.1213418,48.0825318],[27.1214128,48.0824321],[27.1216894,48.0822703],[27.121807,48.0822112],[27.1220009,48.0822198],[27.1224924,48.0824449],[27.1233052,48.0829115],[27.1234886,48.0830112],[27.1238441,48.083137],[27.1240896,48.0832888],[27.1243287,48.0834752],[27.1244838,48.0835446],[27.1247359,48.0835446],[27.1250721,48.0834797],[27.1253825,48.0833541],[27.1258029,48.0831549],[27.1260292,48.0831116],[27.1264171,48.0830814],[27.1267403,48.0830511],[27.1270313,48.0829819],[27.1274968,48.0828867],[27.1277554,48.0828781],[27.1280528,48.0828998],[27.1286539,48.0829779],[27.1289449,48.0829477],[27.1291906,48.0828437],[27.1294687,48.0826748],[27.1297209,48.0824798],[27.1302707,48.0820899],[27.130497,48.082038],[27.1308202,48.0819904],[27.1311888,48.0819125],[27.1314409,48.0818605],[27.1316608,48.0817696],[27.1319388,48.0816136],[27.1323398,48.0814187],[27.1325532,48.0812801],[27.132592,48.0812324],[27.1326114,48.0811241],[27.1324693,48.0809463],[27.1323272,48.0808596],[27.1321721,48.0807469],[27.1321334,48.0806646],[27.1321141,48.0804782],[27.1320495,48.0803829],[27.1318621,48.0803048],[27.1317005,48.0802181],[27.1316424,48.0801401],[27.1316231,48.0799538],[27.1316138,48.0797002],[27.1316074,48.0795703],[27.1315492,48.0795097],[27.1314295,48.079451],[27.1313002,48.079451],[27.1310545,48.0794986],[27.1308024,48.0795766],[27.1306925,48.0795852],[27.1306149,48.0795635],[27.1305051,48.0795158],[27.1303792,48.0794359],[27.1302853,48.0794118],[27.1301884,48.0794334],[27.1301172,48.0795201],[27.1300331,48.0796371],[27.1299361,48.0796977],[27.1298326,48.0797324],[27.129684,48.0797366],[27.1295159,48.0797106],[27.1293091,48.0796499],[27.1290699,48.0796455],[27.1288242,48.0796844],[27.1286238,48.0797147],[27.128501,48.0796974],[27.1283007,48.0796496],[27.1281197,48.0796366],[27.1279257,48.0796799],[27.1277899,48.0798099],[27.1277122,48.0799355],[27.1276475,48.0800352],[27.1275311,48.0801088],[27.1272919,48.0801564],[27.1270721,48.0802127],[27.1268845,48.0802907],[27.1266647,48.0804249],[27.12649,48.0805809],[27.1262442,48.0807845],[27.1260179,48.0808798],[27.1257851,48.0809404],[27.1256106,48.0809534],[27.1254425,48.0809447],[27.125281,48.0808579],[27.1251259,48.0807409],[27.1250549,48.0806152],[27.1249451,48.0804158],[27.1248807,48.0802078],[27.1249325,48.0800475],[27.1250813,48.0798438],[27.1252948,48.0796532],[27.1255405,48.0794843],[27.1260677,48.0792619],[27.1261841,48.079171],[27.1262747,48.0789589],[27.1265465,48.0784393],[27.1266437,48.0780193],[27.1269027,48.0772616],[27.1269739,48.0770278],[27.1270616,48.0767436],[27.1272686,48.0765097],[27.1276789,48.0762832],[27.1280962,48.0761979],[27.1286005,48.0759986],[27.1267652,48.0753481],[27.1234824,48.0743418],[27.1228741,48.0741006],[27.1207148,48.0734167],[27.1186073,48.0727328],[27.1173014,48.0723172],[27.1164869,48.0720921],[27.1189021,48.0687224],[27.1226998,48.0634403]]]}},{"type":"Feature","properties":{"entity_id":"osm-r19038978","jurisdiction":"MD","display_name":"Goleni","display_type":"independent_village","admin_level":8,"tier":"local","legal_registry":"CUATM","legal_id":"4129","legal_type":"independent_village","parent_catalog_id":"osm-r59000","osm_relation_id":19038978,"legal_identity_status":"reconciled","geometry_source":"OpenStreetMap","canonical_geometry_role":null,"geometry_scope":null,"geometry_precision":"master_coordinate_fidelity"},"geometry":{"type":"Polygon","coordinates":[[[27.4898332,48.2151263],[27.4601496,48.21816],[27.4486178,48.2192924],[27.442074,48.2196615],[27.4413197,48.2197603],[27.4399473,48.2198231],[27.4368831,48.2200087],[27.4329218,48.2202979],[27.4300256,48.2206006],[27.4275861,48.2209037],[27.4275938,48.2205914],[27.4276069,48.2204804],[27.4275749,48.2203798],[27.4275025,48.2202762],[27.4274151,48.2201828],[27.4271144,48.2199834],[27.4270034,48.2198695],[27.4269143,48.2197799],[27.4267246,48.2195966],[27.426587,48.2195102],[27.4262861,48.2193008],[27.4258271,48.2189851],[27.4254291,48.2187024],[27.4248733,48.2183236],[27.4245317,48.2180943],[27.4243428,48.2179512],[27.4241171,48.2177244],[27.4238808,48.2174708],[27.4236606,48.2172675],[27.4234713,48.2171076],[27.4232116,48.2169449],[27.4230898,48.2168954],[27.4229229,48.2168564],[27.4226809,48.2168414],[27.4224541,48.2168297],[27.4223178,48.2168106],[27.4221708,48.2167579],[27.4220943,48.2167081],[27.4220483,48.2166681],[27.4219865,48.2165946],[27.4219493,48.2164874],[27.4219476,48.216373],[27.4220161,48.2162683],[27.4220783,48.2160966],[27.4220921,48.2160293],[27.4220801,48.2159286],[27.4220273,48.2158014],[27.4219794,48.215664],[27.4218949,48.2154597],[27.4218316,48.2153091],[27.4217536,48.2151854],[27.4216004,48.2150724],[27.4215033,48.2149959],[27.4214461,48.2149022],[27.4214454,48.2146033],[27.4214677,48.2141933],[27.4215202,48.2137764],[27.4216284,48.2133792],[27.4216956,48.2132074],[27.4218215,48.2129478],[27.4220122,48.2126507],[27.4222829,48.2123228],[27.422436,48.2121671],[27.4225175,48.2119549],[27.4226246,48.2117626],[27.4227027,48.2116344],[27.4227332,48.2113856],[27.4226767,48.2108049],[27.422649,48.2104087],[27.4226411,48.2099956],[27.4226977,48.209797],[27.4227513,48.2097059],[27.422855,48.2095976],[27.4231439,48.2094342],[27.4233185,48.2093028],[27.4234317,48.2092136],[27.4235199,48.2090853],[27.4235865,48.2088832],[27.4236705,48.20854],[27.4238143,48.2081627],[27.4240277,48.2077378],[27.4242759,48.2072925],[27.4243972,48.2070497],[27.4244236,48.2068547],[27.4244933,48.2068105],[27.4246531,48.2067421],[27.4248974,48.2066291],[27.4250516,48.2065207],[27.42519,48.2063886],[27.4252391,48.206321],[27.4253061,48.2061425],[27.4254477,48.2059392],[27.4257837,48.2056139],[27.4259021,48.205492],[27.4259865,48.2053915],[27.4260385,48.2052165],[27.4260008,48.2050891],[27.4258402,48.2048519],[27.4256553,48.2046652],[27.4253991,48.204432],[27.4251626,48.2041752],[27.4251002,48.2040749],[27.4250856,48.2039134],[27.4251972,48.2034422],[27.4252198,48.2032242],[27.4252047,48.2029623],[27.4251753,48.2027408],[27.4251072,48.2026036],[27.4249449,48.2023874],[27.4248231,48.202233],[27.4246851,48.2021232],[27.4245055,48.2019465],[27.4243762,48.2017661],[27.424296,48.2016494],[27.4241644,48.201489],[27.4238873,48.2012157],[27.4237644,48.2011058],[27.4235541,48.2009025],[27.4233324,48.2006321],[27.423103,48.2002207],[27.4230239,48.2000366],[27.422986,48.1998958],[27.4229733,48.1997615],[27.4230741,48.1995054],[27.4230863,48.1993542],[27.423003,48.199207],[27.4229807,48.1990964],[27.422968,48.1989587],[27.4228748,48.1988251],[27.4226592,48.1986051],[27.4225027,48.1983207],[27.4223903,48.1979756],[27.4222776,48.197607],[27.4222381,48.1973856],[27.4222563,48.1970227],[27.4222309,48.1967508],[27.4221885,48.1966369],[27.4221007,48.1965085],[27.4218541,48.1962553],[27.4213756,48.1957228],[27.4211021,48.1953756],[27.4209912,48.1951043],[27.4209476,48.19493],[27.4209351,48.1948024],[27.4209953,48.1945299],[27.4211207,48.1942401],[27.4212217,48.1939974],[27.4212233,48.193816],[27.4223711,48.1930347],[27.4239973,48.1922697],[27.4241457,48.1921342],[27.4246553,48.1916701],[27.4251408,48.1913637],[27.4263944,48.1904945],[27.4277861,48.1903662],[27.4287002,48.1902617],[27.4324373,48.1898632],[27.4347682,48.1896301],[27.4353762,48.189575],[27.4358863,48.1891478],[27.4365747,48.1885637],[27.4367178,48.1884179],[27.4372115,48.1878348],[27.4376504,48.187193],[27.4385485,48.1860021],[27.4397003,48.1846678],[27.4403157,48.1839599],[27.4408864,48.183329],[27.4418348,48.1824341],[27.4421122,48.182136],[27.4422839,48.1819059],[27.4425009,48.1815147],[27.4425944,48.1813116],[27.4426337,48.1811105],[27.4426356,48.1805817],[27.4424954,48.1802383],[27.4421063,48.1795003],[27.4419296,48.1792127],[27.4416185,48.1790035],[27.4413756,48.1776373],[27.441183,48.1767732],[27.4421873,48.1767189],[27.4429062,48.1767128],[27.4457061,48.1764683],[27.4528632,48.1758593],[27.4565107,48.1755104],[27.4645546,48.1747539],[27.4716613,48.1740207],[27.4781186,48.1747556],[27.4847716,48.1757388],[27.4934573,48.177132],[27.4982515,48.177855],[27.5026543,48.1784564],[27.5028608,48.1782766],[27.5035071,48.1778721],[27.5043687,48.1773254],[27.5060461,48.1762554],[27.5066819,48.1758442],[27.5084408,48.174811],[27.5090371,48.1744652],[27.511239,48.1731122],[27.5158341,48.170296],[27.5171868,48.1695394],[27.5216104,48.1687436],[27.5243299,48.168248],[27.525567,48.1679278],[27.5265531,48.1676129],[27.5307331,48.1655325],[27.5324316,48.1649033],[27.5337234,48.1645478],[27.5367073,48.1638729],[27.5417634,48.1625569],[27.5401634,48.165241],[27.539425,48.1667132],[27.5381453,48.1686947],[27.5362745,48.1698781],[27.5345656,48.170923],[27.5326544,48.171968],[27.5332218,48.1724531],[27.5353077,48.1739974],[27.5359614,48.1745528],[27.5367836,48.1754723],[27.5377398,48.1759093],[27.5403935,48.1780897],[27.5378555,48.1795394],[27.5412379,48.1822232],[27.5387274,48.184183],[27.5377271,48.1849853],[27.5297556,48.1913842],[27.525336,48.189276],[27.5213235,48.1916104],[27.5186496,48.1934011],[27.5171182,48.1955153],[27.5148274,48.1966252],[27.5126778,48.1966047],[27.5110371,48.1965308],[27.5103819,48.1965567],[27.5095014,48.1967642],[27.5089799,48.1969554],[27.5086422,48.1971441],[27.5082364,48.1975069],[27.5077281,48.1980711],[27.5058801,48.1999363],[27.496962,48.196711],[27.4968471,48.1966694],[27.4958569,48.1980739],[27.4948031,48.1997222],[27.4939905,48.2011598],[27.4930664,48.2029239],[27.4926338,48.2036118],[27.49235,48.2042],[27.4923927,48.2045074],[27.492277,48.2049465],[27.4919879,48.2054153],[27.4918225,48.2055644],[27.4915961,48.2056534],[27.4905388,48.2057847],[27.4872076,48.2061313],[27.4871133,48.2062123],[27.4868946,48.2063523],[27.4868667,48.2064364],[27.486962,48.206704],[27.4879087,48.2082718],[27.4883401,48.2089256],[27.4886638,48.2094438],[27.4899435,48.2115444],[27.4913063,48.2148974],[27.4903664,48.2150513],[27.4898332,48.2151263]]]}},{"type":"Feature","properties":{"entity_id":"osm-r19038979","jurisdiction":"MD","display_name":"Bădragii Vechi","display_type":"independent_village","admin_level":8,"tier":"local","legal_registry":"CUATM","legal_id":"4118","legal_type":"independent_village","parent_catalog_id":"osm-r59000","osm_relation_id":19038979,"legal_identity_status":"reconciled","geometry_source":"OpenStreetMap","canonical_geometry_role":null,"geometry_scope":null,"geometry_precision":"master_coordinate_fidelity"},"geometry":{"type":"Polygon","coordinates":[[[27.1226998,48.0634403],[27.1221499,48.0626219],[27.1198211,48.0587072],[27.1183983,48.0566719],[27.1165487,48.0538138],[27.114713,48.0523719],[27.1114944,48.0497734],[27.108677,48.0475994],[27.106002,48.045564],[27.1022419,48.042645],[27.0997353,48.0407481],[27.0978749,48.0393968],[27.097552,48.0392062],[27.0956788,48.0390158],[27.0947229,48.0389379],[27.0945937,48.0389985],[27.0943482,48.0391805],[27.0933793,48.0405666],[27.0923975,48.0419008],[27.0919195,48.041641],[27.0914673,48.041485],[27.0911831,48.0413898],[27.0907847,48.0411848],[27.0902033,48.0405698],[27.0898099,48.0402699],[27.0903405,48.039723],[27.0886096,48.0386692],[27.0844387,48.0357813],[27.0834445,48.0351374],[27.0839445,48.034522],[27.0878524,48.033143],[27.0924094,48.0325893],[27.0958052,48.03304],[27.0989353,48.0333253],[27.1008918,48.0336347],[27.1047971,48.033454],[27.105926,48.032936],[27.1068244,48.032288],[27.1077647,48.031302],[27.1083921,48.0304099],[27.1081099,48.0290393],[27.1061267,48.0275684],[27.1038417,48.0263933],[27.1012983,48.0248928],[27.0993409,48.024607],[27.0952929,48.0239301],[27.0921421,48.0221838],[27.0908618,48.0198152],[27.0899563,48.0169826],[27.0894543,48.0140235],[27.0892942,48.0115303],[27.0892408,48.0088635],[27.090555,48.007531],[27.0920934,48.0064484],[27.0942955,48.005637],[27.0965724,48.0052006],[27.0985292,48.0053415],[27.1005234,48.0057074],[27.1028331,48.0070634],[27.1039999,48.0080694],[27.1054698,48.009466],[27.1098302,48.0115818],[27.1141886,48.0136911],[27.1170343,48.0137528],[27.1180037,48.0146772],[27.1229336,48.0192843],[27.1234179,48.0196348],[27.1253536,48.0218447],[27.1268313,48.0235129],[27.1271733,48.0239202],[27.1281608,48.0248259],[27.1294775,48.0259612],[27.1311493,48.0273911],[27.1322789,48.0284008],[27.1330536,48.0290551],[27.1340025,48.0298827],[27.1349128,48.0306713],[27.1365913,48.0321142],[27.137366,48.0328248],[27.1393611,48.0345406],[27.1414855,48.0363474],[27.1424863,48.0372356],[27.1447336,48.039155],[27.1451557,48.0395219],[27.1456538,48.0398232],[27.145576,48.0399649],[27.1454706,48.040523],[27.1456688,48.0413799],[27.1456308,48.0418731],[27.1457362,48.0419859],[27.1456393,48.0422339],[27.1458543,48.042451],[27.1459049,48.0430485],[27.1459807,48.0435558],[27.1461662,48.0437813],[27.1463054,48.0440604],[27.1464192,48.0442379],[27.1465667,48.044314],[27.1464993,48.044455],[27.1466005,48.0446297],[27.1466342,48.0448242],[27.1467269,48.0449256],[27.1467101,48.0452582],[27.1467691,48.0454161],[27.1468492,48.0455316],[27.1466721,48.0456134],[27.1466468,48.0457515],[27.1464571,48.0459967],[27.1463011,48.0462165],[27.1462463,48.0463743],[27.1460946,48.0464391],[27.145146,48.0470479],[27.1448846,48.0472114],[27.1447422,48.0473531],[27.1447118,48.0473833],[27.1445345,48.047538],[27.1443113,48.0477328],[27.1439445,48.0482119],[27.1437548,48.0487051],[27.1436916,48.0487981],[27.1437042,48.0488883],[27.1437337,48.0490207],[27.141546,48.0482079],[27.1403372,48.0498038],[27.1401368,48.0501548],[27.1399042,48.0502761],[27.13951,48.0505447],[27.1390123,48.050887],[27.1393417,48.0512121],[27.1402658,48.0507572],[27.1411119,48.051247],[27.1408081,48.051572],[27.1408856,48.051676],[27.1411436,48.0526468],[27.1406653,48.0530887],[27.1422673,48.053895],[27.1412196,48.0561657],[27.1401144,48.0554569],[27.1240118,48.0653919],[27.1226998,48.0634403]]]}},{"type":"Feature","properties":{"entity_id":"osm-r19038980","jurisdiction":"MD","display_name":"Parcova","display_type":"commune","admin_level":8,"tier":"local","legal_registry":"CUATM","legal_id":"4138","legal_type":"commune","parent_catalog_id":"osm-r59000","osm_relation_id":19038980,"legal_identity_status":"reconciled","geometry_source":"OpenStreetMap","canonical_geometry_role":null,"geometry_scope":null,"geometry_precision":"master_coordinate_fidelity"},"geometry":{"type":"Polygon","coordinates":[[[27.415126,48.1336994],[27.4167761,48.1332519],[27.4173171,48.1331262],[27.4205707,48.1324067],[27.421435,48.1322521],[27.4256682,48.1316185],[27.4265646,48.1314592],[27.4288867,48.1310625],[27.431558,48.1306542],[27.4345451,48.1301825],[27.4350025,48.1300745],[27.4359445,48.1299323],[27.4374998,48.1297066],[27.4387253,48.1294925],[27.4413284,48.1291176],[27.4413096,48.1289244],[27.4429457,48.1288669],[27.4448854,48.1287765],[27.4467074,48.128622],[27.4468521,48.1284085],[27.4470246,48.1282901],[27.4473154,48.1282659],[27.4474848,48.1283294],[27.4474882,48.128507],[27.4525115,48.1282553],[27.4538822,48.1281913],[27.4538854,48.1283559],[27.4540359,48.1284456],[27.4541201,48.1284448],[27.4542545,48.12837],[27.454503,48.1281686],[27.4550331,48.1281379],[27.4562616,48.1280838],[27.4580608,48.1279906],[27.4581678,48.1279372],[27.4600425,48.1278384],[27.4617157,48.1276894],[27.4632808,48.1276452],[27.4632491,48.1316873],[27.4631993,48.1331196],[27.4631482,48.1341534],[27.4630835,48.1358186],[27.4629644,48.1420155],[27.4627969,48.1420558],[27.4627855,48.1424667],[27.4627591,48.1437727],[27.4627938,48.1438935],[27.4627225,48.1442226],[27.4626761,48.1444998],[27.4629174,48.1445929],[27.4628697,48.1458039],[27.4627292,48.1489009],[27.4626272,48.1529791],[27.462562,48.1566246],[27.4625835,48.1577313],[27.4625489,48.1586136],[27.462454,48.1600628],[27.4623629,48.1623725],[27.4622444,48.1659406],[27.4621163,48.1693487],[27.4620995,48.1714848],[27.4620912,48.1723929],[27.4616011,48.1728336],[27.461397,48.1729996],[27.4609173,48.1733105],[27.4604892,48.1736123],[27.4601177,48.1738273],[27.4598623,48.1740153],[27.4594095,48.1740449],[27.4592161,48.1740941],[27.4590426,48.1742248],[27.4588151,48.1744562],[27.4586559,48.1745959],[27.458464,48.1747228],[27.4582777,48.1747941],[27.457995,48.1749091],[27.4577298,48.1749287],[27.4575187,48.1750603],[27.4573773,48.1751178],[27.4571659,48.1752321],[27.456966,48.1752814],[27.4568443,48.1753474],[27.4566829,48.1753747],[27.4565107,48.1755104],[27.4528632,48.1758593],[27.4457061,48.1764683],[27.4429062,48.1767128],[27.4421873,48.1767189],[27.441183,48.1767732],[27.4401758,48.1768658],[27.4395678,48.1769142],[27.4390958,48.1769571],[27.4383716,48.1770195],[27.4374991,48.1771221],[27.4360053,48.1772472],[27.4354049,48.1773466],[27.4348939,48.1773851],[27.4341756,48.1774167],[27.4336451,48.1774511],[27.4333854,48.1774185],[27.433023,48.1774343],[27.4321697,48.1775231],[27.4310125,48.1776358],[27.4306906,48.1777378],[27.4300053,48.1778036],[27.4278199,48.1780064],[27.4265197,48.1780943],[27.4255564,48.1781882],[27.4247873,48.1782806],[27.4241279,48.1783462],[27.4233302,48.1772801],[27.4214167,48.1747792],[27.4206721,48.1738644],[27.4179003,48.1748003],[27.4065451,48.178847],[27.4044667,48.1795804],[27.4020848,48.1803636],[27.401216,48.1806684],[27.3993437,48.1813397],[27.3968857,48.1822227],[27.3933345,48.1835376],[27.3909029,48.184455],[27.3886831,48.1852713],[27.3869846,48.1859064],[27.3867839,48.1859122],[27.3866774,48.1861076],[27.3863149,48.1864734],[27.3862385,48.1865432],[27.3861705,48.1867209],[27.3860744,48.1867778],[27.3859973,48.186813],[27.3860126,48.1869383],[27.3859556,48.1870122],[27.3858444,48.1870248],[27.3857211,48.1871609],[27.385579,48.1873176],[27.3852908,48.187497],[27.3851513,48.1876623],[27.3851414,48.1880032],[27.3851349,48.188177],[27.3850974,48.1882507],[27.3850471,48.1883332],[27.3846557,48.188535],[27.3842695,48.1886719],[27.3841353,48.1887723],[27.3839332,48.1890592],[27.3838649,48.1892196],[27.3838609,48.1893537],[27.3838824,48.1894659],[27.3838513,48.1895354],[27.383775,48.1896137],[27.3835694,48.189706],[27.3835257,48.1897928],[27.3834689,48.1898754],[27.3833661,48.1899237],[27.3831577,48.1899786],[27.3830246,48.1900257],[27.3828841,48.1901348],[27.3828267,48.1901828],[27.3827698,48.190261],[27.3827795,48.1904339],[27.382827,48.1905546],[27.3828417,48.1906453],[27.3827993,48.1908056],[27.3825405,48.1911793],[27.3820996,48.1915111],[27.3818218,48.1919066],[27.3817454,48.1919807],[27.381572,48.1920641],[27.381276,48.1921743],[27.38118,48.1922399],[27.3810909,48.192327],[27.3810665,48.1924093],[27.3810819,48.1925433],[27.381164,48.1927805],[27.3812058,48.1929358],[27.3812343,48.1930783],[27.3812103,48.1931822],[27.381134,48.1932606],[27.3811424,48.1933686],[27.3812965,48.1936442],[27.3813379,48.1937779],[27.3813147,48.1939251],[27.3812868,48.1941718],[27.3813331,48.1945778],[27.3815229,48.1946802],[27.3815067,48.1948533],[27.3814297,48.1952473],[27.3813997,48.1957317],[27.3813571,48.1958834],[27.3810723,48.1962486],[27.3807425,48.1966402],[27.3804881,48.1969015],[27.3798838,48.1975112],[27.3797733,48.1978449],[27.3797321,48.1980744],[27.379696,48.1982259],[27.3796403,48.198369],[27.3795714,48.1984949],[27.3794255,48.1986689],[27.3791703,48.198887],[27.379056,48.1990132],[27.3789742,48.1991435],[27.3789526,48.1993814],[27.3789823,48.1995844],[27.3789711,48.199684],[27.3789206,48.1997578],[27.3786176,48.1998422],[27.3784891,48.1998993],[27.3783479,48.2001064],[27.3782517,48.2003853],[27.3781576,48.2005503],[27.3776814,48.2010899],[27.3775233,48.2013029],[27.3774817,48.2015064],[27.3774378,48.2015867],[27.3771875,48.2017161],[27.3770943,48.2019351],[27.3770184,48.2020394],[27.3766962,48.2021369],[27.3763717,48.2025149],[27.3761104,48.2027032],[27.3759681,48.2031076],[27.3754785,48.2035898],[27.3751632,48.2040677],[27.3742466,48.2035555],[27.3772249,48.2005765],[27.3782969,48.1989604],[27.3794287,48.1970757],[27.3798826,48.1963892],[27.3801899,48.195479],[27.3794339,48.1945334],[27.3799573,48.1941058],[27.3808489,48.1939653],[27.3807281,48.1930323],[27.3798298,48.1928054],[27.3792842,48.1927315],[27.3786239,48.1927903],[27.3774244,48.193065],[27.3764658,48.1930807],[27.373356,48.1938349],[27.3710459,48.1943397],[27.3697564,48.1946799],[27.367994,48.1953706],[27.3655228,48.1962753],[27.3647492,48.1964898],[27.3685258,48.1988497],[27.3701323,48.1981343],[27.3697961,48.1967939],[27.3693426,48.1967978],[27.368776,48.1956067],[27.3700796,48.1953271],[27.3711699,48.1954218],[27.373381,48.1951605],[27.3744439,48.1950925],[27.3748618,48.1959801],[27.3770431,48.1955059],[27.3773618,48.1962515],[27.3778473,48.1962524],[27.3782368,48.1962927],[27.3783815,48.1964128],[27.3783978,48.1965942],[27.3781542,48.1967344],[27.378189,48.1972183],[27.3773264,48.1975273],[27.3771191,48.1982379],[27.3753974,48.1990546],[27.375188,48.1989437],[27.3746606,48.1991551],[27.3742,48.1987031],[27.3733973,48.1988055],[27.3722753,48.199101],[27.371551,48.1991764],[27.3698698,48.2000572],[27.3683463,48.1989259],[27.3672732,48.1984326],[27.3648234,48.1970234],[27.3641442,48.1967431],[27.3634019,48.19655],[27.3668777,48.1953077],[27.370283,48.1937712],[27.3733902,48.1929497],[27.375227,48.192772],[27.3763882,48.1924955],[27.3781058,48.1921804],[27.3806456,48.1914743],[27.3817487,48.1908399],[27.386569,48.1859615],[27.3865229,48.1859186],[27.3734066,48.1906494],[27.3668027,48.1929846],[27.3662693,48.1932187],[27.3654906,48.1934982],[27.3637983,48.1941277],[27.3626271,48.1945621],[27.361295,48.1950498],[27.3603686,48.1954085],[27.3601008,48.1952938],[27.3596553,48.1950332],[27.3590519,48.1946396],[27.3581833,48.1946209],[27.3576195,48.1946169],[27.3571524,48.1945818],[27.3564648,48.1945442],[27.3558806,48.1944841],[27.3553289,48.1944247],[27.3548233,48.1944235],[27.3545269,48.1945007],[27.3539738,48.1947339],[27.3538001,48.1948046],[27.3534389,48.1948943],[27.3532,48.1949396],[27.3529054,48.1947731],[27.3523993,48.194383],[27.351539,48.1937618],[27.351051,48.1932979],[27.3508853,48.1930957],[27.3507437,48.1927979],[27.3505536,48.1923229],[27.3504942,48.1919161],[27.3503797,48.1916765],[27.3495181,48.1913186],[27.3483628,48.1905147],[27.3479419,48.1901715],[27.3473094,48.1895864],[27.3468498,48.1892707],[27.3463933,48.1890913],[27.345495,48.1888745],[27.3449308,48.1886166],[27.3446384,48.1885218],[27.3437228,48.1879083],[27.3436746,48.187815],[27.3451071,48.186798],[27.3461977,48.1862084],[27.3464913,48.1859721],[27.3481935,48.1848228],[27.3496663,48.1838921],[27.3517024,48.1825928],[27.3524461,48.1821707],[27.3508029,48.1747826],[27.3504168,48.1731517],[27.350323,48.1729796],[27.350136,48.1719612],[27.3499118,48.1706795],[27.349706,48.1696958],[27.3494642,48.1685137],[27.3492141,48.1672322],[27.3490712,48.166503],[27.34888,48.1656056],[27.3485629,48.1641122],[27.3483753,48.1631464],[27.3479762,48.1611487],[27.3478084,48.1604672],[27.3474506,48.1593118],[27.3471091,48.1583379],[27.3466527,48.1574555],[27.3481788,48.1566443],[27.3477807,48.1557615],[27.3480273,48.1557899],[27.3482343,48.1557796],[27.3489139,48.1554157],[27.3491889,48.1552278],[27.3494732,48.1551997],[27.3495466,48.1553158],[27.3498014,48.1554435],[27.3499707,48.1554983],[27.3502231,48.1554878],[27.3504228,48.1554344],[27.3509296,48.1555342],[27.3515018,48.155668],[27.3537458,48.154821],[27.3548205,48.1541126],[27.3544614,48.1535968],[27.3541892,48.1532273],[27.3541823,48.1528514],[27.3546115,48.1526061],[27.3551427,48.1522735],[27.3557016,48.1520358],[27.3559293,48.1518947],[27.35674,48.1514746],[27.357408,48.1511886],[27.3582425,48.1508018],[27.3596013,48.1500609],[27.3588922,48.1495263],[27.3587797,48.1493932],[27.3587684,48.1491297],[27.3599401,48.1480791],[27.3605499,48.146752],[27.3606175,48.146557],[27.3602672,48.1461665],[27.3598517,48.1457463],[27.3594842,48.1454769],[27.3590374,48.1451217],[27.3590814,48.1450479],[27.3620502,48.1428252],[27.3641722,48.1413739],[27.3684716,48.1442354],[27.368764,48.1439478],[27.3689806,48.1437603],[27.3695742,48.1433105],[27.3707914,48.1422854],[27.3710486,48.1420352],[27.3712643,48.1416162],[27.3716388,48.1412243],[27.3722194,48.1407746],[27.3725389,48.1405517],[27.3729045,48.140376],[27.3732006,48.1402872],[27.3733867,48.1402036],[27.3739093,48.1397887],[27.3743057,48.1395477],[27.3749813,48.1393477],[27.3754264,48.1392706],[27.3767936,48.1390261],[27.3773153,48.1388964],[27.3781908,48.1386645],[27.3789118,48.1384684],[27.379246,48.1383489],[27.3796759,48.1381639],[27.3801376,48.1379526],[27.3803998,48.1377948],[27.3810776,48.1373828],[27.3819578,48.13674],[27.3821041,48.1366177],[27.3825632,48.1359524],[27.3827348,48.1357997],[27.3828776,48.1354958],[27.3830155,48.1352742],[27.3857006,48.1377992],[27.3871796,48.1387647],[27.3864376,48.1409541],[27.3856681,48.1432305],[27.3864931,48.1434848],[27.3858107,48.1448379],[27.3865246,48.145131],[27.3867898,48.1453582],[27.3877389,48.1459302],[27.3878224,48.1458415],[27.3878058,48.1457899],[27.3876878,48.1457028],[27.3874447,48.1455599],[27.3873573,48.1454519],[27.3873244,48.145359],[27.3873535,48.1452656],[27.3874183,48.1451626],[27.3875435,48.1450829],[27.3879038,48.1448884],[27.3880797,48.1447783],[27.3882616,48.1445749],[27.3884756,48.1444283],[27.3888137,48.1442909],[27.3891925,48.1442464],[27.3895097,48.1442231],[27.3897642,48.1441641],[27.3899329,48.1440799],[27.3897735,48.1438586],[27.3895009,48.1434105],[27.3892876,48.1432874],[27.3893432,48.1431572],[27.3894318,48.1430571],[27.3895421,48.1429472],[27.3896748,48.1429124],[27.3898359,48.1428033],[27.390218,48.1425663],[27.3904289,48.1424349],[27.390722,48.1422033],[27.3910654,48.1419064],[27.391325,48.1416189],[27.3913933,48.1414757],[27.3914109,48.141069],[27.3914413,48.1409737],[27.3915347,48.1407913],[27.3918547,48.1406157],[27.3921996,48.140388],[27.3925507,48.1401473],[27.3929006,48.1398461],[27.3933839,48.139107],[27.395463,48.1394963],[27.3981005,48.1412006],[27.4010433,48.1389183],[27.4034011,48.1377529],[27.4030265,48.1368479],[27.4033972,48.1366156],[27.4034847,48.1364235],[27.4035062,48.1362515],[27.4035281,48.1360611],[27.4035295,48.1358146],[27.4036558,48.1356622],[27.4039638,48.1355342],[27.4047475,48.1352466],[27.4052298,48.1350956],[27.4057461,48.1350264],[27.4061463,48.1349755],[27.4064517,48.1350335],[27.4067247,48.1350918],[27.4069139,48.1351637],[27.4072493,48.1354247],[27.4073682,48.1355404],[27.407498,48.1355567],[27.4078074,48.1354979],[27.4088156,48.1354289],[27.409035,48.1353968],[27.4094283,48.1352608],[27.4096338,48.1352491],[27.4101337,48.1353227],[27.4107556,48.1353521],[27.4110656,48.1353193],[27.4112396,48.1352832],[27.4113612,48.1352173],[27.411678,48.1348904],[27.4117782,48.1347295],[27.4119048,48.1345944],[27.4119425,48.1345379],[27.4120846,48.1345237],[27.4128014,48.1343299],[27.415126,48.1336994]]]}},{"type":"Feature","properties":{"entity_id":"osm-r19038981","jurisdiction":"MD","display_name":"Alexeevca","display_type":"independent_village","admin_level":8,"tier":"local","legal_registry":"CUATM","legal_id":"4153","legal_type":"independent_village","parent_catalog_id":"osm-r59000","osm_relation_id":19038981,"legal_identity_status":"reconciled","geometry_source":"OpenStreetMap","canonical_geometry_role":null,"geometry_scope":null,"geometry_precision":"master_coordinate_fidelity"},"geometry":{"type":"Polygon","coordinates":[[[27.2319641,48.1027247],[27.2324296,48.1024733],[27.2358175,48.1004969],[27.2396835,48.0981997],[27.2417651,48.0969687],[27.24214,48.0967693],[27.2432908,48.0962837],[27.2484054,48.0942182],[27.2488544,48.0939993],[27.2468295,48.0883273],[27.2474114,48.0883099],[27.2483554,48.0882663],[27.2492623,48.0884057],[27.2497182,48.0886106],[27.249992,48.0887474],[27.2501469,48.0887291],[27.2502233,48.0886593],[27.2502987,48.0885204],[27.2503896,48.0885458],[27.2504555,48.0886233],[27.2532708,48.0836116],[27.2533057,48.083369],[27.2534805,48.0829871],[27.2537447,48.0825354],[27.2541372,48.0820223],[27.254329,48.0818912],[27.2548171,48.0816891],[27.2556388,48.0813376],[27.2587978,48.0800107],[27.2617778,48.0788146],[27.2659776,48.0771172],[27.2678974,48.0790695],[27.2696715,48.0808064],[27.2710485,48.0819745],[27.2726622,48.0833835],[27.2728083,48.0836162],[27.2734249,48.0841488],[27.2754597,48.0859878],[27.2764174,48.0868124],[27.2769669,48.0871983],[27.2773215,48.0875249],[27.2776689,48.0874187],[27.2779134,48.0873479],[27.2784428,48.0873012],[27.2788067,48.0874113],[27.279014,48.0874359],[27.2791671,48.0873137],[27.2796284,48.0870597],[27.279872,48.086937],[27.2808193,48.0863595],[27.2825923,48.0856814],[27.2863107,48.084575],[27.2871754,48.0852444],[27.2928879,48.0896465],[27.2930063,48.0897669],[27.2933857,48.090024],[27.2935809,48.0900919],[27.2952848,48.0914308],[27.2959407,48.0919425],[27.2976182,48.0932184],[27.2998875,48.0950518],[27.3009479,48.0957876],[27.3031114,48.0974747],[27.3047394,48.0987072],[27.3065594,48.1001207],[27.3069786,48.1004202],[27.3078185,48.1011056],[27.3108596,48.1033913],[27.3114119,48.1038716],[27.3141659,48.1059086],[27.3156348,48.1069956],[27.3159506,48.1072871],[27.3165145,48.1076979],[27.3172478,48.1081765],[27.3178522,48.1086821],[27.3187856,48.1094877],[27.3191943,48.1098996],[27.3202154,48.1109243],[27.3186161,48.1118629],[27.3179368,48.1122332],[27.3172894,48.1125577],[27.3165084,48.1129999],[27.3156687,48.1134209],[27.3132069,48.1146316],[27.3113672,48.1155482],[27.3109244,48.1157373],[27.309981,48.1161672],[27.3060287,48.1180348],[27.3041298,48.1189507],[27.3000802,48.1160065],[27.297112,48.1138366],[27.2951449,48.1123121],[27.2946793,48.1119481],[27.292535,48.1128871],[27.2912391,48.1135136],[27.2894492,48.1143811],[27.2885251,48.1148106],[27.2883064,48.1148812],[27.2857196,48.116065],[27.2815291,48.1180457],[27.2797015,48.1189997],[27.2784189,48.1196605],[27.2780672,48.1199048],[27.2774975,48.1202671],[27.277106,48.120071],[27.2764824,48.1199196],[27.2748414,48.1195046],[27.2722742,48.118843],[27.2697665,48.1182202],[27.2653228,48.1171089],[27.2615151,48.1161056],[27.2593192,48.1155497],[27.2560592,48.1147932],[27.2511997,48.1135372],[27.2483811,48.1128555],[27.2480756,48.1127942],[27.2439752,48.1138979],[27.2418538,48.1144704],[27.241194,48.1145051],[27.2377767,48.1108356],[27.2358288,48.1087126],[27.234832,48.1070792],[27.2327351,48.1038079],[27.2319641,48.1027247]]]}},{"type":"Feature","properties":{"entity_id":"osm-r19038982","jurisdiction":"MD","display_name":"Corpaci","display_type":"independent_village","admin_level":8,"tier":"local","legal_registry":"CUATM","legal_id":"4124","legal_type":"independent_village","parent_catalog_id":"osm-r59000","osm_relation_id":19038982,"legal_identity_status":"reconciled","geometry_source":"OpenStreetMap","canonical_geometry_role":null,"geometry_scope":null,"geometry_precision":"master_coordinate_fidelity"},"geometry":{"type":"Polygon","coordinates":[[[27.1960219,48.0311743],[27.1942404,48.0292627],[27.1920314,48.0299552],[27.1927924,48.031885],[27.1896144,48.0327765],[27.1858425,48.0338481],[27.181244,48.0339185],[27.1787898,48.0339363],[27.1782343,48.0339624],[27.1757931,48.0342315],[27.171763,48.0346653],[27.1695027,48.0353847],[27.167746,48.0360433],[27.163703,48.0377418],[27.1592076,48.0389377],[27.1552416,48.0399774],[27.1524447,48.0405124],[27.1480134,48.0413352],[27.1473357,48.0408219],[27.1459195,48.0398805],[27.1456538,48.0398232],[27.1451557,48.0395219],[27.1447336,48.039155],[27.1424863,48.0372356],[27.1414855,48.0363474],[27.1393611,48.0345406],[27.137366,48.0328248],[27.1365913,48.0321142],[27.1349128,48.0306713],[27.1340025,48.0298827],[27.1330536,48.0290551],[27.1322789,48.0284008],[27.1311493,48.0273911],[27.1294775,48.0259612],[27.1281608,48.0248259],[27.1271733,48.0239202],[27.1268313,48.0235129],[27.1253536,48.0218447],[27.1234179,48.0196348],[27.1229336,48.0192843],[27.1180037,48.0146772],[27.1170343,48.0137528],[27.1195366,48.0138071],[27.1213428,48.013771],[27.1237704,48.013823],[27.1262177,48.0134505],[27.1274319,48.0125149],[27.1282907,48.0116503],[27.1277013,48.0106447],[27.1253917,48.0076969],[27.1234936,48.0056857],[27.1223786,48.0046163],[27.1187421,48.0019284],[27.1172805,47.9993395],[27.1192659,47.9958026],[27.1233361,47.9929632],[27.1292612,47.9918425],[27.1416914,47.9917296],[27.1568538,47.9955912],[27.1614654,47.9962179],[27.1632003,47.9958446],[27.1645825,47.99394],[27.1645077,47.9919103],[27.1634755,47.9907842],[27.1723381,47.9904124],[27.1735633,47.9903353],[27.1739453,47.9889734],[27.1841916,47.9898077],[27.1859203,47.989759],[27.188139,47.9896588],[27.1930217,47.9899574],[27.1987442,47.9903024],[27.1989616,47.9948961],[27.2000441,47.9976065],[27.2031742,48.0068335],[27.2036425,48.0081194],[27.2067003,48.0167738],[27.2058738,48.0172632],[27.2063966,48.0181079],[27.2085335,48.0193598],[27.1997951,48.0255266],[27.2011122,48.026406],[27.2018418,48.0268566],[27.1960219,48.0311743]]]}}]}